[2025-01-30 00:10:15,936][__main__][INFO] - In total, there are 47339 possible subgroups
[2025-01-30 00:10:15,961][__main__][INFO] - [0], []
[2025-01-30 00:10:15,981][__main__][INFO] - [1], []
[2025-01-30 00:10:15,998][__main__][INFO] - [2], []
[2025-01-30 00:10:16,017][__main__][INFO] - [3], []
[2025-01-30 00:10:16,034][__main__][INFO] - [4], []
[2025-01-30 00:10:16,051][__main__][INFO] - [5], []
[2025-01-30 00:10:16,068][__main__][INFO] - [6], []
[2025-01-30 00:10:16,085][__main__][INFO] - [7], []
[2025-01-30 00:10:16,100][__main__][INFO] - [8], []
[2025-01-30 00:10:16,115][__main__][INFO] - [9], []
[2025-01-30 00:10:16,130][__main__][INFO] - [10], []
[2025-01-30 00:10:16,153][__main__][INFO] - [], [10]
[2025-01-30 00:10:16,175][__main__][INFO] - [11], []
[2025-01-30 00:10:16,191][__main__][INFO] - [], [11]
[2025-01-30 00:10:16,210][__main__][INFO] - [12], []
[2025-01-30 00:10:16,231][__main__][INFO] - [13], []
[2025-01-30 00:10:16,247][__main__][INFO] - [14], []
[2025-01-30 00:10:16,263][__main__][INFO] - [15], []
[2025-01-30 00:10:16,280][__main__][INFO] - [16], []
[2025-01-30 00:10:16,296][__main__][INFO] - [17], []
[2025-01-30 00:10:16,312][__main__][INFO] - [18], []
[2025-01-30 00:10:16,328][__main__][INFO] - [19], []
[2025-01-30 00:10:16,356][__main__][INFO] - [21], []
[2025-01-30 00:10:16,377][__main__][INFO] - [22], []
[2025-01-30 00:10:16,394][__main__][INFO] - [23], []
[2025-01-30 00:10:16,411][__main__][INFO] - [24], []
[2025-01-30 00:10:16,427][__main__][INFO] - [25], []
[2025-01-30 00:10:16,443][__main__][INFO] - [26], []
[2025-01-30 00:10:16,458][__main__][INFO] - [27], []
[2025-01-30 00:10:16,474][__main__][INFO] - [28], []
[2025-01-30 00:10:16,490][__main__][INFO] - [29], []
[2025-01-30 00:10:16,506][__main__][INFO] - [30], []
[2025-01-30 00:10:16,522][__main__][INFO] - [31], []
[2025-01-30 00:10:16,538][__main__][INFO] - [32], []
[2025-01-30 00:10:16,554][__main__][INFO] - [33], []
[2025-01-30 00:10:16,570][__main__][INFO] - [34], []
[2025-01-30 00:10:16,586][__main__][INFO] - [35], []
[2025-01-30 00:10:16,633][__main__][INFO] - [0, 10], []
[2025-01-30 00:10:16,650][__main__][INFO] - [0], [10]
[2025-01-30 00:10:16,667][__main__][INFO] - [0, 11], []
[2025-01-30 00:10:16,683][__main__][INFO] - [0], [11]
[2025-01-30 00:10:16,701][__main__][INFO] - [0, 12], []
[2025-01-30 00:10:16,718][__main__][INFO] - [0, 13], []
[2025-01-30 00:10:16,735][__main__][INFO] - [0, 14], []
[2025-01-30 00:10:16,751][__main__][INFO] - [0, 15], []
[2025-01-30 00:10:16,767][__main__][INFO] - [0, 16], []
[2025-01-30 00:10:16,783][__main__][INFO] - [0, 17], []
[2025-01-30 00:10:16,799][__main__][INFO] - [0, 18], []
[2025-01-30 00:10:16,815][__main__][INFO] - [0, 19], []
[2025-01-30 00:10:16,843][__main__][INFO] - [0, 21], []
[2025-01-30 00:10:16,861][__main__][INFO] - [0, 22], []
[2025-01-30 00:10:16,877][__main__][INFO] - [0, 23], []
[2025-01-30 00:10:16,893][__main__][INFO] - [0, 24], []
[2025-01-30 00:10:16,910][__main__][INFO] - [0, 25], []
[2025-01-30 00:10:16,926][__main__][INFO] - [0, 26], []
[2025-01-30 00:10:16,943][__main__][INFO] - [0, 27], []
[2025-01-30 00:10:16,959][__main__][INFO] - [0, 28], []
[2025-01-30 00:10:16,976][__main__][INFO] - [0, 29], []
[2025-01-30 00:10:16,992][__main__][INFO] - [0, 30], []
[2025-01-30 00:10:17,008][__main__][INFO] - [0, 31], []
[2025-01-30 00:10:17,023][__main__][INFO] - [0, 32], []
[2025-01-30 00:10:17,039][__main__][INFO] - [0, 33], []
[2025-01-30 00:10:17,055][__main__][INFO] - [0, 34], []
[2025-01-30 00:10:17,071][__main__][INFO] - [0, 35], []
[2025-01-30 00:10:17,100][__main__][INFO] - [1, 10], []
[2025-01-30 00:10:17,118][__main__][INFO] - [1], [10]
[2025-01-30 00:10:17,135][__main__][INFO] - [1, 11], []
[2025-01-30 00:10:17,151][__main__][INFO] - [1], [11]
[2025-01-30 00:10:17,169][__main__][INFO] - [1, 12], []
[2025-01-30 00:10:17,187][__main__][INFO] - [1, 13], []
[2025-01-30 00:10:17,203][__main__][INFO] - [1, 14], []
[2025-01-30 00:10:17,220][__main__][INFO] - [1, 15], []
[2025-01-30 00:10:17,237][__main__][INFO] - [1, 16], []
[2025-01-30 00:10:17,253][__main__][INFO] - [1, 17], []
[2025-01-30 00:10:17,270][__main__][INFO] - [1, 18], []
[2025-01-30 00:10:17,286][__main__][INFO] - [1, 19], []
[2025-01-30 00:10:17,314][__main__][INFO] - [1, 21], []
[2025-01-30 00:10:17,333][__main__][INFO] - [1, 22], []
[2025-01-30 00:10:17,349][__main__][INFO] - [1, 23], []
[2025-01-30 00:10:17,366][__main__][INFO] - [1, 24], []
[2025-01-30 00:10:17,382][__main__][INFO] - [1, 25], []
[2025-01-30 00:10:17,399][__main__][INFO] - [1, 26], []
[2025-01-30 00:10:17,415][__main__][INFO] - [1, 27], []
[2025-01-30 00:10:17,431][__main__][INFO] - [1, 28], []
[2025-01-30 00:10:17,448][__main__][INFO] - [1, 29], []
[2025-01-30 00:10:17,464][__main__][INFO] - [1, 30], []
[2025-01-30 00:10:17,480][__main__][INFO] - [1, 31], []
[2025-01-30 00:10:17,496][__main__][INFO] - [1, 32], []
[2025-01-30 00:10:17,512][__main__][INFO] - [1, 33], []
[2025-01-30 00:10:17,528][__main__][INFO] - [1, 34], []
[2025-01-30 00:10:17,544][__main__][INFO] - [1, 35], []
[2025-01-30 00:10:17,573][__main__][INFO] - [2, 10], []
[2025-01-30 00:10:17,591][__main__][INFO] - [2], [10]
[2025-01-30 00:10:17,608][__main__][INFO] - [2, 11], []
[2025-01-30 00:10:17,625][__main__][INFO] - [2], [11]
[2025-01-30 00:10:17,643][__main__][INFO] - [2, 12], []
[2025-01-30 00:10:17,661][__main__][INFO] - [2, 13], []
[2025-01-30 00:10:17,677][__main__][INFO] - [2, 14], []
[2025-01-30 00:10:17,693][__main__][INFO] - [2, 15], []
[2025-01-30 00:10:17,710][__main__][INFO] - [2, 16], []
[2025-01-30 00:10:17,726][__main__][INFO] - [2, 17], []
[2025-01-30 00:10:17,743][__main__][INFO] - [2, 18], []
[2025-01-30 00:10:17,759][__main__][INFO] - [2, 19], []
[2025-01-30 00:10:17,788][__main__][INFO] - [2, 21], []
[2025-01-30 00:10:17,806][__main__][INFO] - [2, 22], []
[2025-01-30 00:10:17,823][__main__][INFO] - [2, 23], []
[2025-01-30 00:10:17,839][__main__][INFO] - [2, 24], []
[2025-01-30 00:10:17,855][__main__][INFO] - [2, 25], []
[2025-01-30 00:10:17,871][__main__][INFO] - [2, 26], []
[2025-01-30 00:10:17,887][__main__][INFO] - [2, 27], []
[2025-01-30 00:10:17,904][__main__][INFO] - [2, 28], []
[2025-01-30 00:10:17,920][__main__][INFO] - [2, 29], []
[2025-01-30 00:10:17,936][__main__][INFO] - [2, 30], []
[2025-01-30 00:10:17,953][__main__][INFO] - [2, 31], []
[2025-01-30 00:10:17,969][__main__][INFO] - [2, 32], []
[2025-01-30 00:10:17,985][__main__][INFO] - [2, 33], []
[2025-01-30 00:10:18,001][__main__][INFO] - [2, 34], []
[2025-01-30 00:10:18,016][__main__][INFO] - [2, 35], []
[2025-01-30 00:10:18,046][__main__][INFO] - [3, 10], []
[2025-01-30 00:10:18,064][__main__][INFO] - [3], [10]
[2025-01-30 00:10:18,081][__main__][INFO] - [3, 11], []
[2025-01-30 00:10:18,097][__main__][INFO] - [3], [11]
[2025-01-30 00:10:18,115][__main__][INFO] - [3, 12], []
[2025-01-30 00:10:18,133][__main__][INFO] - [3, 13], []
[2025-01-30 00:10:18,149][__main__][INFO] - [3, 14], []
[2025-01-30 00:10:18,165][__main__][INFO] - [3, 15], []
[2025-01-30 00:10:18,182][__main__][INFO] - [3, 16], []
[2025-01-30 00:10:18,198][__main__][INFO] - [3, 17], []
[2025-01-30 00:10:18,215][__main__][INFO] - [3, 18], []
[2025-01-30 00:10:18,231][__main__][INFO] - [3, 19], []
[2025-01-30 00:10:18,260][__main__][INFO] - [3, 21], []
[2025-01-30 00:10:18,277][__main__][INFO] - [3, 22], []
[2025-01-30 00:10:18,294][__main__][INFO] - [3, 23], []
[2025-01-30 00:10:18,310][__main__][INFO] - [3, 24], []
[2025-01-30 00:10:18,326][__main__][INFO] - [3, 25], []
[2025-01-30 00:10:18,343][__main__][INFO] - [3, 26], []
[2025-01-30 00:10:18,359][__main__][INFO] - [3, 27], []
[2025-01-30 00:10:18,375][__main__][INFO] - [3, 28], []
[2025-01-30 00:10:18,391][__main__][INFO] - [3, 29], []
[2025-01-30 00:10:18,407][__main__][INFO] - [3, 30], []
[2025-01-30 00:10:18,423][__main__][INFO] - [3, 31], []
[2025-01-30 00:10:18,439][__main__][INFO] - [3, 32], []
[2025-01-30 00:10:18,455][__main__][INFO] - [3, 33], []
[2025-01-30 00:10:18,471][__main__][INFO] - [3, 34], []
[2025-01-30 00:10:18,487][__main__][INFO] - [3, 35], []
[2025-01-30 00:10:18,517][__main__][INFO] - [4, 10], []
[2025-01-30 00:10:18,534][__main__][INFO] - [4], [10]
[2025-01-30 00:10:18,551][__main__][INFO] - [4, 11], []
[2025-01-30 00:10:18,568][__main__][INFO] - [4], [11]
[2025-01-30 00:10:18,586][__main__][INFO] - [4, 12], []
[2025-01-30 00:10:18,604][__main__][INFO] - [4, 13], []
[2025-01-30 00:10:18,621][__main__][INFO] - [4, 14], []
[2025-01-30 00:10:18,637][__main__][INFO] - [4, 15], []
[2025-01-30 00:10:18,654][__main__][INFO] - [4, 16], []
[2025-01-30 00:10:18,670][__main__][INFO] - [4, 17], []
[2025-01-30 00:10:18,687][__main__][INFO] - [4, 18], []
[2025-01-30 00:10:18,703][__main__][INFO] - [4, 19], []
[2025-01-30 00:10:18,732][__main__][INFO] - [4, 21], []
[2025-01-30 00:10:18,750][__main__][INFO] - [4, 22], []
[2025-01-30 00:10:18,766][__main__][INFO] - [4, 23], []
[2025-01-30 00:10:18,783][__main__][INFO] - [4, 24], []
[2025-01-30 00:10:18,799][__main__][INFO] - [4, 25], []
[2025-01-30 00:10:18,815][__main__][INFO] - [4, 26], []
[2025-01-30 00:10:18,832][__main__][INFO] - [4, 27], []
[2025-01-30 00:10:18,848][__main__][INFO] - [4, 28], []
[2025-01-30 00:10:18,864][__main__][INFO] - [4, 29], []
[2025-01-30 00:10:18,880][__main__][INFO] - [4, 30], []
[2025-01-30 00:10:18,896][__main__][INFO] - [4, 31], []
[2025-01-30 00:10:18,913][__main__][INFO] - [4, 32], []
[2025-01-30 00:10:18,929][__main__][INFO] - [4, 33], []
[2025-01-30 00:10:18,945][__main__][INFO] - [4, 34], []
[2025-01-30 00:10:18,961][__main__][INFO] - [4, 35], []
[2025-01-30 00:10:18,991][__main__][INFO] - [5, 10], []
[2025-01-30 00:10:19,009][__main__][INFO] - [5], [10]
[2025-01-30 00:10:19,026][__main__][INFO] - [5, 11], []
[2025-01-30 00:10:19,043][__main__][INFO] - [5], [11]
[2025-01-30 00:10:19,060][__main__][INFO] - [5, 12], []
[2025-01-30 00:10:19,078][__main__][INFO] - [5, 13], []
[2025-01-30 00:10:19,094][__main__][INFO] - [5, 14], []
[2025-01-30 00:10:19,110][__main__][INFO] - [5, 15], []
[2025-01-30 00:10:19,127][__main__][INFO] - [5, 16], []
[2025-01-30 00:10:19,143][__main__][INFO] - [5, 17], []
[2025-01-30 00:10:19,159][__main__][INFO] - [5, 18], []
[2025-01-30 00:10:19,175][__main__][INFO] - [5, 19], []
[2025-01-30 00:10:19,204][__main__][INFO] - [5, 21], []
[2025-01-30 00:10:19,222][__main__][INFO] - [5, 22], []
[2025-01-30 00:10:19,240][__main__][INFO] - [5, 23], []
[2025-01-30 00:10:19,258][__main__][INFO] - [5, 24], []
[2025-01-30 00:10:19,275][__main__][INFO] - [5, 25], []
[2025-01-30 00:10:19,292][__main__][INFO] - [5, 26], []
[2025-01-30 00:10:19,308][__main__][INFO] - [5, 27], []
[2025-01-30 00:10:19,323][__main__][INFO] - [5, 28], []
[2025-01-30 00:10:19,339][__main__][INFO] - [5, 29], []
[2025-01-30 00:10:19,356][__main__][INFO] - [5, 30], []
[2025-01-30 00:10:19,372][__main__][INFO] - [5, 31], []
[2025-01-30 00:10:19,388][__main__][INFO] - [5, 32], []
[2025-01-30 00:10:19,404][__main__][INFO] - [5, 33], []
[2025-01-30 00:10:19,420][__main__][INFO] - [5, 34], []
[2025-01-30 00:10:19,435][__main__][INFO] - [5, 35], []
[2025-01-30 00:10:19,464][__main__][INFO] - [6, 10], []
[2025-01-30 00:10:19,480][__main__][INFO] - [6], [10]
[2025-01-30 00:10:19,497][__main__][INFO] - [6, 11], []
[2025-01-30 00:10:19,513][__main__][INFO] - [6], [11]
[2025-01-30 00:10:19,529][__main__][INFO] - [6, 12], []
[2025-01-30 00:10:19,546][__main__][INFO] - [6, 13], []
[2025-01-30 00:10:19,561][__main__][INFO] - [6, 14], []
[2025-01-30 00:10:19,577][__main__][INFO] - [6, 15], []
[2025-01-30 00:10:19,593][__main__][INFO] - [6, 16], []
[2025-01-30 00:10:19,609][__main__][INFO] - [6, 17], []
[2025-01-30 00:10:19,624][__main__][INFO] - [6, 18], []
[2025-01-30 00:10:19,640][__main__][INFO] - [6, 19], []
[2025-01-30 00:10:19,667][__main__][INFO] - [6, 21], []
[2025-01-30 00:10:19,684][__main__][INFO] - [6, 22], []
[2025-01-30 00:10:19,700][__main__][INFO] - [6, 23], []
[2025-01-30 00:10:19,716][__main__][INFO] - [6, 24], []
[2025-01-30 00:10:19,733][__main__][INFO] - [6, 25], []
[2025-01-30 00:10:19,749][__main__][INFO] - [6, 26], []
[2025-01-30 00:10:19,765][__main__][INFO] - [6, 27], []
[2025-01-30 00:10:19,781][__main__][INFO] - [6, 28], []
[2025-01-30 00:10:19,797][__main__][INFO] - [6, 29], []
[2025-01-30 00:10:19,813][__main__][INFO] - [6, 30], []
[2025-01-30 00:10:19,829][__main__][INFO] - [6, 31], []
[2025-01-30 00:10:19,845][__main__][INFO] - [6, 32], []
[2025-01-30 00:10:19,861][__main__][INFO] - [6, 33], []
[2025-01-30 00:10:19,877][__main__][INFO] - [6, 34], []
[2025-01-30 00:10:19,894][__main__][INFO] - [6, 35], []
[2025-01-30 00:10:19,923][__main__][INFO] - [7, 10], []
[2025-01-30 00:10:19,939][__main__][INFO] - [7], [10]
[2025-01-30 00:10:19,955][__main__][INFO] - [7, 11], []
[2025-01-30 00:10:19,971][__main__][INFO] - [7], [11]
[2025-01-30 00:10:19,987][__main__][INFO] - [7, 12], []
[2025-01-30 00:10:20,004][__main__][INFO] - [7, 13], []
[2025-01-30 00:10:20,020][__main__][INFO] - [7, 14], []
[2025-01-30 00:10:20,036][__main__][INFO] - [7, 15], []
[2025-01-30 00:10:20,051][__main__][INFO] - [7, 16], []
[2025-01-30 00:10:20,067][__main__][INFO] - [7, 17], []
[2025-01-30 00:10:20,122][__main__][INFO] - [7, 21], []
[2025-01-30 00:10:20,139][__main__][INFO] - [7, 22], []
[2025-01-30 00:10:20,155][__main__][INFO] - [7, 23], []
[2025-01-30 00:10:20,171][__main__][INFO] - [7, 24], []
[2025-01-30 00:10:20,187][__main__][INFO] - [7, 25], []
[2025-01-30 00:10:20,202][__main__][INFO] - [7, 26], []
[2025-01-30 00:10:20,217][__main__][INFO] - [7, 27], []
[2025-01-30 00:10:20,233][__main__][INFO] - [7, 28], []
[2025-01-30 00:10:20,249][__main__][INFO] - [7, 29], []
[2025-01-30 00:10:20,265][__main__][INFO] - [7, 30], []
[2025-01-30 00:10:20,282][__main__][INFO] - [7, 31], []
[2025-01-30 00:10:20,297][__main__][INFO] - [7, 32], []
[2025-01-30 00:10:20,313][__main__][INFO] - [7, 33], []
[2025-01-30 00:10:20,329][__main__][INFO] - [7, 34], []
[2025-01-30 00:10:20,346][__main__][INFO] - [7, 35], []
[2025-01-30 00:10:20,374][__main__][INFO] - [8, 10], []
[2025-01-30 00:10:20,390][__main__][INFO] - [8], [10]
[2025-01-30 00:10:20,406][__main__][INFO] - [8, 11], []
[2025-01-30 00:10:20,422][__main__][INFO] - [8], [11]
[2025-01-30 00:10:20,439][__main__][INFO] - [8, 12], []
[2025-01-30 00:10:20,455][__main__][INFO] - [8, 13], []
[2025-01-30 00:10:20,471][__main__][INFO] - [8, 14], []
[2025-01-30 00:10:20,487][__main__][INFO] - [8, 15], []
[2025-01-30 00:10:20,516][__main__][INFO] - [8, 17], []
[2025-01-30 00:10:20,571][__main__][INFO] - [8, 21], []
[2025-01-30 00:10:20,587][__main__][INFO] - [8, 22], []
[2025-01-30 00:10:20,604][__main__][INFO] - [8, 23], []
[2025-01-30 00:10:20,672][__main__][INFO] - [8, 28], []
[2025-01-30 00:10:20,688][__main__][INFO] - [8, 29], []
[2025-01-30 00:10:20,704][__main__][INFO] - [8, 30], []
[2025-01-30 00:10:20,720][__main__][INFO] - [8, 31], []
[2025-01-30 00:10:20,736][__main__][INFO] - [8, 32], []
[2025-01-30 00:10:20,752][__main__][INFO] - [8, 33], []
[2025-01-30 00:10:20,767][__main__][INFO] - [8, 34], []
[2025-01-30 00:10:20,783][__main__][INFO] - [8, 35], []
[2025-01-30 00:10:20,812][__main__][INFO] - [9, 10], []
[2025-01-30 00:10:20,828][__main__][INFO] - [9], [10]
[2025-01-30 00:10:20,844][__main__][INFO] - [9, 11], []
[2025-01-30 00:10:20,859][__main__][INFO] - [9], [11]
[2025-01-30 00:10:20,875][__main__][INFO] - [9, 12], []
[2025-01-30 00:10:20,917][__main__][INFO] - [9, 15], []
[2025-01-30 00:10:20,998][__main__][INFO] - [9, 21], []
[2025-01-30 00:10:21,028][__main__][INFO] - [9, 23], []
[2025-01-30 00:10:21,183][__main__][INFO] - [9, 35], []
[2025-01-30 00:10:21,212][__main__][INFO] - [10, 11], []
[2025-01-30 00:10:21,227][__main__][INFO] - [10], [11]
[2025-01-30 00:10:21,249][__main__][INFO] - [10, 12], []
[2025-01-30 00:10:21,271][__main__][INFO] - [10, 13], []
[2025-01-30 00:10:21,287][__main__][INFO] - [10, 14], []
[2025-01-30 00:10:21,303][__main__][INFO] - [10, 15], []
[2025-01-30 00:10:21,320][__main__][INFO] - [10, 16], []
[2025-01-30 00:10:21,336][__main__][INFO] - [10, 17], []
[2025-01-30 00:10:21,353][__main__][INFO] - [10, 18], []
[2025-01-30 00:10:21,369][__main__][INFO] - [10, 19], []
[2025-01-30 00:10:21,397][__main__][INFO] - [10, 21], []
[2025-01-30 00:10:21,417][__main__][INFO] - [10, 22], []
[2025-01-30 00:10:21,433][__main__][INFO] - [10, 23], []
[2025-01-30 00:10:21,451][__main__][INFO] - [10, 24], []
[2025-01-30 00:10:21,467][__main__][INFO] - [10, 25], []
[2025-01-30 00:10:21,483][__main__][INFO] - [10, 26], []
[2025-01-30 00:10:21,499][__main__][INFO] - [10, 27], []
[2025-01-30 00:10:21,515][__main__][INFO] - [10, 28], []
[2025-01-30 00:10:21,532][__main__][INFO] - [10, 29], []
[2025-01-30 00:10:21,548][__main__][INFO] - [10, 30], []
[2025-01-30 00:10:21,564][__main__][INFO] - [10, 31], []
[2025-01-30 00:10:21,581][__main__][INFO] - [10, 32], []
[2025-01-30 00:10:21,597][__main__][INFO] - [10, 33], []
[2025-01-30 00:10:21,614][__main__][INFO] - [10, 34], []
[2025-01-30 00:10:21,631][__main__][INFO] - [10, 35], []
[2025-01-30 00:10:21,662][__main__][INFO] - [11], [10]
[2025-01-30 00:10:21,679][__main__][INFO] - [], [10, 11]
[2025-01-30 00:10:21,700][__main__][INFO] - [12], [10]
[2025-01-30 00:10:21,720][__main__][INFO] - [13], [10]
[2025-01-30 00:10:21,736][__main__][INFO] - [14], [10]
[2025-01-30 00:10:21,752][__main__][INFO] - [15], [10]
[2025-01-30 00:10:21,769][__main__][INFO] - [16], [10]
[2025-01-30 00:10:21,785][__main__][INFO] - [17], [10]
[2025-01-30 00:10:21,802][__main__][INFO] - [18], [10]
[2025-01-30 00:10:21,819][__main__][INFO] - [19], [10]
[2025-01-30 00:10:21,848][__main__][INFO] - [21], [10]
[2025-01-30 00:10:21,870][__main__][INFO] - [22], [10]
[2025-01-30 00:10:21,887][__main__][INFO] - [23], [10]
[2025-01-30 00:10:21,905][__main__][INFO] - [24], [10]
[2025-01-30 00:10:21,921][__main__][INFO] - [25], [10]
[2025-01-30 00:10:21,938][__main__][INFO] - [26], [10]
[2025-01-30 00:10:21,955][__main__][INFO] - [27], [10]
[2025-01-30 00:10:21,972][__main__][INFO] - [28], [10]
[2025-01-30 00:10:21,989][__main__][INFO] - [29], [10]
[2025-01-30 00:10:22,006][__main__][INFO] - [30], [10]
[2025-01-30 00:10:22,023][__main__][INFO] - [31], [10]
[2025-01-30 00:10:22,040][__main__][INFO] - [32], [10]
[2025-01-30 00:10:22,056][__main__][INFO] - [33], [10]
[2025-01-30 00:10:22,073][__main__][INFO] - [34], [10]
[2025-01-30 00:10:22,089][__main__][INFO] - [35], [10]
[2025-01-30 00:10:22,122][__main__][INFO] - [11, 12], []
[2025-01-30 00:10:22,139][__main__][INFO] - [11, 13], []
[2025-01-30 00:10:22,155][__main__][INFO] - [11, 14], []
[2025-01-30 00:10:22,171][__main__][INFO] - [11, 15], []
[2025-01-30 00:10:22,187][__main__][INFO] - [11, 16], []
[2025-01-30 00:10:22,204][__main__][INFO] - [11, 17], []
[2025-01-30 00:10:22,220][__main__][INFO] - [11, 18], []
[2025-01-30 00:10:22,236][__main__][INFO] - [11, 19], []
[2025-01-30 00:10:22,265][__main__][INFO] - [11, 21], []
[2025-01-30 00:10:22,282][__main__][INFO] - [11, 22], []
[2025-01-30 00:10:22,298][__main__][INFO] - [11, 23], []
[2025-01-30 00:10:22,315][__main__][INFO] - [11, 24], []
[2025-01-30 00:10:22,331][__main__][INFO] - [11, 25], []
[2025-01-30 00:10:22,347][__main__][INFO] - [11, 26], []
[2025-01-30 00:10:22,364][__main__][INFO] - [11, 27], []
[2025-01-30 00:10:22,380][__main__][INFO] - [11, 28], []
[2025-01-30 00:10:22,397][__main__][INFO] - [11, 29], []
[2025-01-30 00:10:22,413][__main__][INFO] - [11, 30], []
[2025-01-30 00:10:22,429][__main__][INFO] - [11, 31], []
[2025-01-30 00:10:22,445][__main__][INFO] - [11, 32], []
[2025-01-30 00:10:22,461][__main__][INFO] - [11, 33], []
[2025-01-30 00:10:22,477][__main__][INFO] - [11, 34], []
[2025-01-30 00:10:22,492][__main__][INFO] - [11, 35], []
[2025-01-30 00:10:22,522][__main__][INFO] - [12], [11]
[2025-01-30 00:10:22,543][__main__][INFO] - [13], [11]
[2025-01-30 00:10:22,560][__main__][INFO] - [14], [11]
[2025-01-30 00:10:22,576][__main__][INFO] - [15], [11]
[2025-01-30 00:10:22,594][__main__][INFO] - [16], [11]
[2025-01-30 00:10:22,610][__main__][INFO] - [17], [11]
[2025-01-30 00:10:22,628][__main__][INFO] - [18], [11]
[2025-01-30 00:10:22,644][__main__][INFO] - [19], [11]
[2025-01-30 00:10:22,672][__main__][INFO] - [21], [11]
[2025-01-30 00:10:22,693][__main__][INFO] - [22], [11]
[2025-01-30 00:10:22,710][__main__][INFO] - [23], [11]
[2025-01-30 00:10:22,728][__main__][INFO] - [24], [11]
[2025-01-30 00:10:22,744][__main__][INFO] - [25], [11]
[2025-01-30 00:10:22,760][__main__][INFO] - [26], [11]
[2025-01-30 00:10:22,777][__main__][INFO] - [27], [11]
[2025-01-30 00:10:22,793][__main__][INFO] - [28], [11]
[2025-01-30 00:10:22,809][__main__][INFO] - [29], [11]
[2025-01-30 00:10:22,826][__main__][INFO] - [30], [11]
[2025-01-30 00:10:22,842][__main__][INFO] - [31], [11]
[2025-01-30 00:10:22,859][__main__][INFO] - [32], [11]
[2025-01-30 00:10:22,875][__main__][INFO] - [33], [11]
[2025-01-30 00:10:22,893][__main__][INFO] - [34], [11]
[2025-01-30 00:10:22,910][__main__][INFO] - [35], [11]
[2025-01-30 00:10:22,944][__main__][INFO] - [12, 21], []
[2025-01-30 00:10:22,965][__main__][INFO] - [12, 22], []
[2025-01-30 00:10:22,982][__main__][INFO] - [12, 23], []
[2025-01-30 00:10:22,999][__main__][INFO] - [12, 24], []
[2025-01-30 00:10:23,015][__main__][INFO] - [12, 25], []
[2025-01-30 00:10:23,032][__main__][INFO] - [12, 26], []
[2025-01-30 00:10:23,048][__main__][INFO] - [12, 27], []
[2025-01-30 00:10:23,064][__main__][INFO] - [12, 28], []
[2025-01-30 00:10:23,080][__main__][INFO] - [12, 29], []
[2025-01-30 00:10:23,096][__main__][INFO] - [12, 30], []
[2025-01-30 00:10:23,114][__main__][INFO] - [12, 31], []
[2025-01-30 00:10:23,131][__main__][INFO] - [12, 32], []
[2025-01-30 00:10:23,147][__main__][INFO] - [12, 33], []
[2025-01-30 00:10:23,164][__main__][INFO] - [12, 34], []
[2025-01-30 00:10:23,180][__main__][INFO] - [12, 35], []
[2025-01-30 00:10:23,212][__main__][INFO] - [13, 21], []
[2025-01-30 00:10:23,229][__main__][INFO] - [13, 22], []
[2025-01-30 00:10:23,246][__main__][INFO] - [13, 23], []
[2025-01-30 00:10:23,262][__main__][INFO] - [13, 24], []
[2025-01-30 00:10:23,279][__main__][INFO] - [13, 25], []
[2025-01-30 00:10:23,295][__main__][INFO] - [13, 26], []
[2025-01-30 00:10:23,312][__main__][INFO] - [13, 27], []
[2025-01-30 00:10:23,328][__main__][INFO] - [13, 28], []
[2025-01-30 00:10:23,345][__main__][INFO] - [13, 29], []
[2025-01-30 00:10:23,361][__main__][INFO] - [13, 30], []
[2025-01-30 00:10:23,378][__main__][INFO] - [13, 31], []
[2025-01-30 00:10:23,394][__main__][INFO] - [13, 32], []
[2025-01-30 00:10:23,410][__main__][INFO] - [13, 33], []
[2025-01-30 00:10:23,426][__main__][INFO] - [13, 34], []
[2025-01-30 00:10:23,442][__main__][INFO] - [13, 35], []
[2025-01-30 00:10:23,471][__main__][INFO] - [14, 21], []
[2025-01-30 00:10:23,488][__main__][INFO] - [14, 22], []
[2025-01-30 00:10:23,504][__main__][INFO] - [14, 23], []
[2025-01-30 00:10:23,521][__main__][INFO] - [14, 24], []
[2025-01-30 00:10:23,537][__main__][INFO] - [14, 25], []
[2025-01-30 00:10:23,553][__main__][INFO] - [14, 26], []
[2025-01-30 00:10:23,569][__main__][INFO] - [14, 27], []
[2025-01-30 00:10:23,585][__main__][INFO] - [14, 28], []
[2025-01-30 00:10:23,603][__main__][INFO] - [14, 29], []
[2025-01-30 00:10:23,619][__main__][INFO] - [14, 30], []
[2025-01-30 00:10:23,634][__main__][INFO] - [14, 31], []
[2025-01-30 00:10:23,650][__main__][INFO] - [14, 32], []
[2025-01-30 00:10:23,665][__main__][INFO] - [14, 33], []
[2025-01-30 00:10:23,681][__main__][INFO] - [14, 34], []
[2025-01-30 00:10:23,696][__main__][INFO] - [14, 35], []
[2025-01-30 00:10:23,724][__main__][INFO] - [15, 21], []
[2025-01-30 00:10:23,741][__main__][INFO] - [15, 22], []
[2025-01-30 00:10:23,757][__main__][INFO] - [15, 23], []
[2025-01-30 00:10:23,775][__main__][INFO] - [15, 24], []
[2025-01-30 00:10:23,791][__main__][INFO] - [15, 25], []
[2025-01-30 00:10:23,806][__main__][INFO] - [15, 26], []
[2025-01-30 00:10:23,822][__main__][INFO] - [15, 27], []
[2025-01-30 00:10:23,838][__main__][INFO] - [15, 28], []
[2025-01-30 00:10:23,854][__main__][INFO] - [15, 29], []
[2025-01-30 00:10:23,870][__main__][INFO] - [15, 30], []
[2025-01-30 00:10:23,886][__main__][INFO] - [15, 31], []
[2025-01-30 00:10:23,902][__main__][INFO] - [15, 32], []
[2025-01-30 00:10:23,917][__main__][INFO] - [15, 33], []
[2025-01-30 00:10:23,933][__main__][INFO] - [15, 34], []
[2025-01-30 00:10:23,949][__main__][INFO] - [15, 35], []
[2025-01-30 00:10:23,978][__main__][INFO] - [16, 21], []
[2025-01-30 00:10:23,994][__main__][INFO] - [16, 22], []
[2025-01-30 00:10:24,010][__main__][INFO] - [16, 23], []
[2025-01-30 00:10:24,051][__main__][INFO] - [16, 26], []
[2025-01-30 00:10:24,066][__main__][INFO] - [16, 27], []
[2025-01-30 00:10:24,082][__main__][INFO] - [16, 28], []
[2025-01-30 00:10:24,099][__main__][INFO] - [16, 29], []
[2025-01-30 00:10:24,115][__main__][INFO] - [16, 30], []
[2025-01-30 00:10:24,130][__main__][INFO] - [16, 31], []
[2025-01-30 00:10:24,146][__main__][INFO] - [16, 32], []
[2025-01-30 00:10:24,162][__main__][INFO] - [16, 33], []
[2025-01-30 00:10:24,177][__main__][INFO] - [16, 34], []
[2025-01-30 00:10:24,193][__main__][INFO] - [16, 35], []
[2025-01-30 00:10:24,221][__main__][INFO] - [17, 21], []
[2025-01-30 00:10:24,237][__main__][INFO] - [17, 22], []
[2025-01-30 00:10:24,254][__main__][INFO] - [17, 23], []
[2025-01-30 00:10:24,270][__main__][INFO] - [17, 24], []
[2025-01-30 00:10:24,285][__main__][INFO] - [17, 25], []
[2025-01-30 00:10:24,301][__main__][INFO] - [17, 26], []
[2025-01-30 00:10:24,317][__main__][INFO] - [17, 27], []
[2025-01-30 00:10:24,332][__main__][INFO] - [17, 28], []
[2025-01-30 00:10:24,348][__main__][INFO] - [17, 29], []
[2025-01-30 00:10:24,364][__main__][INFO] - [17, 30], []
[2025-01-30 00:10:24,380][__main__][INFO] - [17, 31], []
[2025-01-30 00:10:24,396][__main__][INFO] - [17, 32], []
[2025-01-30 00:10:24,412][__main__][INFO] - [17, 33], []
[2025-01-30 00:10:24,429][__main__][INFO] - [17, 34], []
[2025-01-30 00:10:24,446][__main__][INFO] - [17, 35], []
[2025-01-30 00:10:24,475][__main__][INFO] - [18, 21], []
[2025-01-30 00:10:24,492][__main__][INFO] - [18, 22], []
[2025-01-30 00:10:24,507][__main__][INFO] - [18, 23], []
[2025-01-30 00:10:24,550][__main__][INFO] - [18, 26], []
[2025-01-30 00:10:24,566][__main__][INFO] - [18, 27], []
[2025-01-30 00:10:24,583][__main__][INFO] - [18, 28], []
[2025-01-30 00:10:24,599][__main__][INFO] - [18, 29], []
[2025-01-30 00:10:24,615][__main__][INFO] - [18, 30], []
[2025-01-30 00:10:24,631][__main__][INFO] - [18, 31], []
[2025-01-30 00:10:24,647][__main__][INFO] - [18, 32], []
[2025-01-30 00:10:24,664][__main__][INFO] - [18, 33], []
[2025-01-30 00:10:24,680][__main__][INFO] - [18, 34], []
[2025-01-30 00:10:24,697][__main__][INFO] - [18, 35], []
[2025-01-30 00:10:24,727][__main__][INFO] - [19, 21], []
[2025-01-30 00:10:24,743][__main__][INFO] - [19, 22], []
[2025-01-30 00:10:24,759][__main__][INFO] - [19, 23], []
[2025-01-30 00:10:24,775][__main__][INFO] - [19, 24], []
[2025-01-30 00:10:24,792][__main__][INFO] - [19, 25], []
[2025-01-30 00:10:24,808][__main__][INFO] - [19, 26], []
[2025-01-30 00:10:24,824][__main__][INFO] - [19, 27], []
[2025-01-30 00:10:24,840][__main__][INFO] - [19, 28], []
[2025-01-30 00:10:24,856][__main__][INFO] - [19, 29], []
[2025-01-30 00:10:24,872][__main__][INFO] - [19, 30], []
[2025-01-30 00:10:24,888][__main__][INFO] - [19, 31], []
[2025-01-30 00:10:24,904][__main__][INFO] - [19, 32], []
[2025-01-30 00:10:24,921][__main__][INFO] - [19, 33], []
[2025-01-30 00:10:24,937][__main__][INFO] - [19, 34], []
[2025-01-30 00:10:24,954][__main__][INFO] - [19, 35], []
[2025-01-30 00:10:24,995][__main__][INFO] - [21, 26], []
[2025-01-30 00:10:25,012][__main__][INFO] - [21, 27], []
[2025-01-30 00:10:25,029][__main__][INFO] - [21, 28], []
[2025-01-30 00:10:25,045][__main__][INFO] - [21, 29], []
[2025-01-30 00:10:25,062][__main__][INFO] - [21, 30], []
[2025-01-30 00:10:25,080][__main__][INFO] - [21, 31], []
[2025-01-30 00:10:25,096][__main__][INFO] - [21, 32], []
[2025-01-30 00:10:25,113][__main__][INFO] - [21, 33], []
[2025-01-30 00:10:25,130][__main__][INFO] - [21, 34], []
[2025-01-30 00:10:25,147][__main__][INFO] - [21, 35], []
[2025-01-30 00:10:25,181][__main__][INFO] - [22, 26], []
[2025-01-30 00:10:25,198][__main__][INFO] - [22, 27], []
[2025-01-30 00:10:25,215][__main__][INFO] - [22, 28], []
[2025-01-30 00:10:25,231][__main__][INFO] - [22, 29], []
[2025-01-30 00:10:25,248][__main__][INFO] - [22, 30], []
[2025-01-30 00:10:25,265][__main__][INFO] - [22, 31], []
[2025-01-30 00:10:25,281][__main__][INFO] - [22, 32], []
[2025-01-30 00:10:25,298][__main__][INFO] - [22, 33], []
[2025-01-30 00:10:25,314][__main__][INFO] - [22, 34], []
[2025-01-30 00:10:25,330][__main__][INFO] - [22, 35], []
[2025-01-30 00:10:25,360][__main__][INFO] - [23, 26], []
[2025-01-30 00:10:25,376][__main__][INFO] - [23, 27], []
[2025-01-30 00:10:25,392][__main__][INFO] - [23, 28], []
[2025-01-30 00:10:25,408][__main__][INFO] - [23, 29], []
[2025-01-30 00:10:25,425][__main__][INFO] - [23, 30], []
[2025-01-30 00:10:25,441][__main__][INFO] - [23, 31], []
[2025-01-30 00:10:25,458][__main__][INFO] - [23, 32], []
[2025-01-30 00:10:25,474][__main__][INFO] - [23, 33], []
[2025-01-30 00:10:25,490][__main__][INFO] - [23, 34], []
[2025-01-30 00:10:25,507][__main__][INFO] - [23, 35], []
[2025-01-30 00:10:25,538][__main__][INFO] - [24, 26], []
[2025-01-30 00:10:25,554][__main__][INFO] - [24, 27], []
[2025-01-30 00:10:25,570][__main__][INFO] - [24, 28], []
[2025-01-30 00:10:25,586][__main__][INFO] - [24, 29], []
[2025-01-30 00:10:25,602][__main__][INFO] - [24, 30], []
[2025-01-30 00:10:25,623][__main__][INFO] - [24, 31], []
[2025-01-30 00:10:25,640][__main__][INFO] - [24, 32], []
[2025-01-30 00:10:25,656][__main__][INFO] - [24, 33], []
[2025-01-30 00:10:25,673][__main__][INFO] - [24, 34], []
[2025-01-30 00:10:25,690][__main__][INFO] - [24, 35], []
[2025-01-30 00:10:25,719][__main__][INFO] - [25, 26], []
[2025-01-30 00:10:25,735][__main__][INFO] - [25, 27], []
[2025-01-30 00:10:25,751][__main__][INFO] - [25, 28], []
[2025-01-30 00:10:25,767][__main__][INFO] - [25, 29], []
[2025-01-30 00:10:25,783][__main__][INFO] - [25, 30], []
[2025-01-30 00:10:25,799][__main__][INFO] - [25, 31], []
[2025-01-30 00:10:25,815][__main__][INFO] - [25, 32], []
[2025-01-30 00:10:25,832][__main__][INFO] - [25, 33], []
[2025-01-30 00:10:25,848][__main__][INFO] - [25, 34], []
[2025-01-30 00:10:25,865][__main__][INFO] - [25, 35], []
[2025-01-30 00:10:25,920][__main__][INFO] - [0, 10, 11], []
[2025-01-30 00:10:25,938][__main__][INFO] - [0, 10], [11]
[2025-01-30 00:10:25,956][__main__][INFO] - [0, 10, 12], []
[2025-01-30 00:10:25,975][__main__][INFO] - [0, 10, 13], []
[2025-01-30 00:10:25,992][__main__][INFO] - [0, 10, 14], []
[2025-01-30 00:10:26,009][__main__][INFO] - [0, 10, 15], []
[2025-01-30 00:10:26,027][__main__][INFO] - [0, 10, 16], []
[2025-01-30 00:10:26,044][__main__][INFO] - [0, 10, 17], []
[2025-01-30 00:10:26,062][__main__][INFO] - [0, 10, 18], []
[2025-01-30 00:10:26,079][__main__][INFO] - [0, 10, 19], []
[2025-01-30 00:10:26,110][__main__][INFO] - [0, 10, 21], []
[2025-01-30 00:10:26,128][__main__][INFO] - [0, 10, 22], []
[2025-01-30 00:10:26,146][__main__][INFO] - [0, 10, 23], []
[2025-01-30 00:10:26,163][__main__][INFO] - [0, 10, 24], []
[2025-01-30 00:10:26,181][__main__][INFO] - [0, 10, 25], []
[2025-01-30 00:10:26,198][__main__][INFO] - [0, 10, 26], []
[2025-01-30 00:10:26,216][__main__][INFO] - [0, 10, 27], []
[2025-01-30 00:10:26,233][__main__][INFO] - [0, 10, 28], []
[2025-01-30 00:10:26,251][__main__][INFO] - [0, 10, 29], []
[2025-01-30 00:10:26,268][__main__][INFO] - [0, 10, 30], []
[2025-01-30 00:10:26,286][__main__][INFO] - [0, 10, 31], []
[2025-01-30 00:10:26,303][__main__][INFO] - [0, 10, 32], []
[2025-01-30 00:10:26,319][__main__][INFO] - [0, 10, 33], []
[2025-01-30 00:10:26,337][__main__][INFO] - [0, 10, 34], []
[2025-01-30 00:10:26,354][__main__][INFO] - [0, 10, 35], []
[2025-01-30 00:10:26,385][__main__][INFO] - [0, 11], [10]
[2025-01-30 00:10:26,402][__main__][INFO] - [0], [10, 11]
[2025-01-30 00:10:26,421][__main__][INFO] - [0, 12], [10]
[2025-01-30 00:10:26,438][__main__][INFO] - [0, 13], [10]
[2025-01-30 00:10:26,455][__main__][INFO] - [0, 14], [10]
[2025-01-30 00:10:26,473][__main__][INFO] - [0, 15], [10]
[2025-01-30 00:10:26,490][__main__][INFO] - [0, 16], [10]
[2025-01-30 00:10:26,507][__main__][INFO] - [0, 17], [10]
[2025-01-30 00:10:26,524][__main__][INFO] - [0, 18], [10]
[2025-01-30 00:10:26,542][__main__][INFO] - [0, 19], [10]
[2025-01-30 00:10:26,572][__main__][INFO] - [0, 21], [10]
[2025-01-30 00:10:26,590][__main__][INFO] - [0, 22], [10]
[2025-01-30 00:10:26,608][__main__][INFO] - [0, 23], [10]
[2025-01-30 00:10:26,626][__main__][INFO] - [0, 24], [10]
[2025-01-30 00:10:26,643][__main__][INFO] - [0, 25], [10]
[2025-01-30 00:10:26,660][__main__][INFO] - [0, 26], [10]
[2025-01-30 00:10:26,677][__main__][INFO] - [0, 27], [10]
[2025-01-30 00:10:26,695][__main__][INFO] - [0, 28], [10]
[2025-01-30 00:10:26,713][__main__][INFO] - [0, 29], [10]
[2025-01-30 00:10:26,730][__main__][INFO] - [0, 30], [10]
[2025-01-30 00:10:26,748][__main__][INFO] - [0, 31], [10]
[2025-01-30 00:10:26,765][__main__][INFO] - [0, 32], [10]
[2025-01-30 00:10:26,783][__main__][INFO] - [0, 33], [10]
[2025-01-30 00:10:26,800][__main__][INFO] - [0, 34], [10]
[2025-01-30 00:10:26,817][__main__][INFO] - [0, 35], [10]
[2025-01-30 00:10:26,848][__main__][INFO] - [0, 11, 12], []
[2025-01-30 00:10:26,866][__main__][INFO] - [0, 11, 13], []
[2025-01-30 00:10:26,883][__main__][INFO] - [0, 11, 14], []
[2025-01-30 00:10:26,901][__main__][INFO] - [0, 11, 15], []
[2025-01-30 00:10:26,931][__main__][INFO] - [0, 11, 17], []
[2025-01-30 00:10:26,988][__main__][INFO] - [0, 11, 21], []
[2025-01-30 00:10:27,006][__main__][INFO] - [0, 11, 22], []
[2025-01-30 00:10:27,023][__main__][INFO] - [0, 11, 23], []
[2025-01-30 00:10:27,067][__main__][INFO] - [0, 11, 26], []
[2025-01-30 00:10:27,084][__main__][INFO] - [0, 11, 27], []
[2025-01-30 00:10:27,102][__main__][INFO] - [0, 11, 28], []
[2025-01-30 00:10:27,119][__main__][INFO] - [0, 11, 29], []
[2025-01-30 00:10:27,136][__main__][INFO] - [0, 11, 30], []
[2025-01-30 00:10:27,154][__main__][INFO] - [0, 11, 31], []
[2025-01-30 00:10:27,171][__main__][INFO] - [0, 11, 32], []
[2025-01-30 00:10:27,188][__main__][INFO] - [0, 11, 33], []
[2025-01-30 00:10:27,205][__main__][INFO] - [0, 11, 34], []
[2025-01-30 00:10:27,222][__main__][INFO] - [0, 11, 35], []
[2025-01-30 00:10:27,252][__main__][INFO] - [0, 12], [11]
[2025-01-30 00:10:27,270][__main__][INFO] - [0, 13], [11]
[2025-01-30 00:10:27,287][__main__][INFO] - [0, 14], [11]
[2025-01-30 00:10:27,305][__main__][INFO] - [0, 15], [11]
[2025-01-30 00:10:27,323][__main__][INFO] - [0, 16], [11]
[2025-01-30 00:10:27,340][__main__][INFO] - [0, 17], [11]
[2025-01-30 00:10:27,358][__main__][INFO] - [0, 18], [11]
[2025-01-30 00:10:27,376][__main__][INFO] - [0, 19], [11]
[2025-01-30 00:10:27,406][__main__][INFO] - [0, 21], [11]
[2025-01-30 00:10:27,425][__main__][INFO] - [0, 22], [11]
[2025-01-30 00:10:27,443][__main__][INFO] - [0, 23], [11]
[2025-01-30 00:10:27,461][__main__][INFO] - [0, 24], [11]
[2025-01-30 00:10:27,478][__main__][INFO] - [0, 25], [11]
[2025-01-30 00:10:27,495][__main__][INFO] - [0, 26], [11]
[2025-01-30 00:10:27,513][__main__][INFO] - [0, 27], [11]
[2025-01-30 00:10:27,530][__main__][INFO] - [0, 28], [11]
[2025-01-30 00:10:27,548][__main__][INFO] - [0, 29], [11]
[2025-01-30 00:10:27,566][__main__][INFO] - [0, 30], [11]
[2025-01-30 00:10:27,584][__main__][INFO] - [0, 31], [11]
[2025-01-30 00:10:27,601][__main__][INFO] - [0, 32], [11]
[2025-01-30 00:10:27,619][__main__][INFO] - [0, 33], [11]
[2025-01-30 00:10:27,636][__main__][INFO] - [0, 34], [11]
[2025-01-30 00:10:27,653][__main__][INFO] - [0, 35], [11]
[2025-01-30 00:10:27,683][__main__][INFO] - [0, 12, 21], []
[2025-01-30 00:10:27,703][__main__][INFO] - [0, 12, 22], []
[2025-01-30 00:10:27,721][__main__][INFO] - [0, 12, 23], []
[2025-01-30 00:10:27,738][__main__][INFO] - [0, 12, 24], []
[2025-01-30 00:10:27,768][__main__][INFO] - [0, 12, 26], []
[2025-01-30 00:10:27,786][__main__][INFO] - [0, 12, 27], []
[2025-01-30 00:10:27,803][__main__][INFO] - [0, 12, 28], []
[2025-01-30 00:10:27,821][__main__][INFO] - [0, 12, 29], []
[2025-01-30 00:10:27,838][__main__][INFO] - [0, 12, 30], []
[2025-01-30 00:10:27,855][__main__][INFO] - [0, 12, 31], []
[2025-01-30 00:10:27,872][__main__][INFO] - [0, 12, 32], []
[2025-01-30 00:10:27,889][__main__][INFO] - [0, 12, 33], []
[2025-01-30 00:10:27,905][__main__][INFO] - [0, 12, 34], []
[2025-01-30 00:10:27,923][__main__][INFO] - [0, 12, 35], []
[2025-01-30 00:10:27,954][__main__][INFO] - [0, 13, 21], []
[2025-01-30 00:10:27,972][__main__][INFO] - [0, 13, 22], []
[2025-01-30 00:10:27,989][__main__][INFO] - [0, 13, 23], []
[2025-01-30 00:10:28,007][__main__][INFO] - [0, 13, 24], []
[2025-01-30 00:10:28,037][__main__][INFO] - [0, 13, 26], []
[2025-01-30 00:10:28,054][__main__][INFO] - [0, 13, 27], []
[2025-01-30 00:10:28,071][__main__][INFO] - [0, 13, 28], []
[2025-01-30 00:10:28,089][__main__][INFO] - [0, 13, 29], []
[2025-01-30 00:10:28,106][__main__][INFO] - [0, 13, 30], []
[2025-01-30 00:10:28,123][__main__][INFO] - [0, 13, 31], []
[2025-01-30 00:10:28,140][__main__][INFO] - [0, 13, 32], []
[2025-01-30 00:10:28,157][__main__][INFO] - [0, 13, 33], []
[2025-01-30 00:10:28,174][__main__][INFO] - [0, 13, 34], []
[2025-01-30 00:10:28,190][__main__][INFO] - [0, 13, 35], []
[2025-01-30 00:10:28,220][__main__][INFO] - [0, 14, 21], []
[2025-01-30 00:10:28,236][__main__][INFO] - [0, 14, 22], []
[2025-01-30 00:10:28,253][__main__][INFO] - [0, 14, 23], []
[2025-01-30 00:10:28,269][__main__][INFO] - [0, 14, 24], []
[2025-01-30 00:10:28,299][__main__][INFO] - [0, 14, 26], []
[2025-01-30 00:10:28,316][__main__][INFO] - [0, 14, 27], []
[2025-01-30 00:10:28,332][__main__][INFO] - [0, 14, 28], []
[2025-01-30 00:10:28,349][__main__][INFO] - [0, 14, 29], []
[2025-01-30 00:10:28,365][__main__][INFO] - [0, 14, 30], []
[2025-01-30 00:10:28,382][__main__][INFO] - [0, 14, 31], []
[2025-01-30 00:10:28,401][__main__][INFO] - [0, 14, 32], []
[2025-01-30 00:10:28,418][__main__][INFO] - [0, 14, 33], []
[2025-01-30 00:10:28,435][__main__][INFO] - [0, 14, 34], []
[2025-01-30 00:10:28,451][__main__][INFO] - [0, 14, 35], []
[2025-01-30 00:10:28,480][__main__][INFO] - [0, 15, 21], []
[2025-01-30 00:10:28,496][__main__][INFO] - [0, 15, 22], []
[2025-01-30 00:10:28,513][__main__][INFO] - [0, 15, 23], []
[2025-01-30 00:10:28,530][__main__][INFO] - [0, 15, 24], []
[2025-01-30 00:10:28,559][__main__][INFO] - [0, 15, 26], []
[2025-01-30 00:10:28,575][__main__][INFO] - [0, 15, 27], []
[2025-01-30 00:10:28,592][__main__][INFO] - [0, 15, 28], []
[2025-01-30 00:10:28,609][__main__][INFO] - [0, 15, 29], []
[2025-01-30 00:10:28,625][__main__][INFO] - [0, 15, 30], []
[2025-01-30 00:10:28,642][__main__][INFO] - [0, 15, 31], []
[2025-01-30 00:10:28,658][__main__][INFO] - [0, 15, 32], []
[2025-01-30 00:10:28,674][__main__][INFO] - [0, 15, 33], []
[2025-01-30 00:10:28,691][__main__][INFO] - [0, 15, 34], []
[2025-01-30 00:10:28,707][__main__][INFO] - [0, 15, 35], []
[2025-01-30 00:10:28,736][__main__][INFO] - [0, 16, 21], []
[2025-01-30 00:10:28,752][__main__][INFO] - [0, 16, 22], []
[2025-01-30 00:10:28,806][__main__][INFO] - [0, 16, 26], []
[2025-01-30 00:10:28,823][__main__][INFO] - [0, 16, 27], []
[2025-01-30 00:10:28,852][__main__][INFO] - [0, 16, 29], []
[2025-01-30 00:10:28,869][__main__][INFO] - [0, 16, 30], []
[2025-01-30 00:10:28,885][__main__][INFO] - [0, 16, 31], []
[2025-01-30 00:10:28,903][__main__][INFO] - [0, 16, 32], []
[2025-01-30 00:10:28,919][__main__][INFO] - [0, 16, 33], []
[2025-01-30 00:10:28,936][__main__][INFO] - [0, 16, 34], []
[2025-01-30 00:10:28,953][__main__][INFO] - [0, 16, 35], []
[2025-01-30 00:10:28,983][__main__][INFO] - [0, 17, 21], []
[2025-01-30 00:10:29,000][__main__][INFO] - [0, 17, 22], []
[2025-01-30 00:10:29,017][__main__][INFO] - [0, 17, 23], []
[2025-01-30 00:10:29,034][__main__][INFO] - [0, 17, 24], []
[2025-01-30 00:10:29,051][__main__][INFO] - [0, 17, 25], []
[2025-01-30 00:10:29,068][__main__][INFO] - [0, 17, 26], []
[2025-01-30 00:10:29,085][__main__][INFO] - [0, 17, 27], []
[2025-01-30 00:10:29,102][__main__][INFO] - [0, 17, 28], []
[2025-01-30 00:10:29,119][__main__][INFO] - [0, 17, 29], []
[2025-01-30 00:10:29,136][__main__][INFO] - [0, 17, 30], []
[2025-01-30 00:10:29,152][__main__][INFO] - [0, 17, 31], []
[2025-01-30 00:10:29,169][__main__][INFO] - [0, 17, 32], []
[2025-01-30 00:10:29,186][__main__][INFO] - [0, 17, 33], []
[2025-01-30 00:10:29,203][__main__][INFO] - [0, 17, 34], []
[2025-01-30 00:10:29,219][__main__][INFO] - [0, 17, 35], []
[2025-01-30 00:10:29,250][__main__][INFO] - [0, 18, 21], []
[2025-01-30 00:10:29,441][__main__][INFO] - [0, 18, 35], []
[2025-01-30 00:10:29,471][__main__][INFO] - [0, 19, 21], []
[2025-01-30 00:10:29,541][__main__][INFO] - [0, 19, 26], []
[2025-01-30 00:10:29,658][__main__][INFO] - [0, 19, 35], []
[2025-01-30 00:10:29,701][__main__][INFO] - [0, 21, 26], []
[2025-01-30 00:10:29,719][__main__][INFO] - [0, 21, 27], []
[2025-01-30 00:10:29,737][__main__][INFO] - [0, 21, 28], []
[2025-01-30 00:10:29,754][__main__][INFO] - [0, 21, 29], []
[2025-01-30 00:10:29,771][__main__][INFO] - [0, 21, 30], []
[2025-01-30 00:10:29,788][__main__][INFO] - [0, 21, 31], []
[2025-01-30 00:10:29,806][__main__][INFO] - [0, 21, 32], []
[2025-01-30 00:10:29,823][__main__][INFO] - [0, 21, 33], []
[2025-01-30 00:10:29,840][__main__][INFO] - [0, 21, 34], []
[2025-01-30 00:10:29,857][__main__][INFO] - [0, 21, 35], []
[2025-01-30 00:10:29,887][__main__][INFO] - [0, 22, 26], []
[2025-01-30 00:10:29,905][__main__][INFO] - [0, 22, 27], []
[2025-01-30 00:10:29,923][__main__][INFO] - [0, 22, 28], []
[2025-01-30 00:10:29,939][__main__][INFO] - [0, 22, 29], []
[2025-01-30 00:10:29,956][__main__][INFO] - [0, 22, 30], []
[2025-01-30 00:10:29,975][__main__][INFO] - [0, 22, 31], []
[2025-01-30 00:10:29,992][__main__][INFO] - [0, 22, 32], []
[2025-01-30 00:10:30,013][__main__][INFO] - [0, 22, 33], []
[2025-01-30 00:10:30,031][__main__][INFO] - [0, 22, 34], []
[2025-01-30 00:10:30,048][__main__][INFO] - [0, 22, 35], []
[2025-01-30 00:10:30,078][__main__][INFO] - [0, 23, 26], []
[2025-01-30 00:10:30,095][__main__][INFO] - [0, 23, 27], []
[2025-01-30 00:10:30,111][__main__][INFO] - [0, 23, 28], []
[2025-01-30 00:10:30,128][__main__][INFO] - [0, 23, 29], []
[2025-01-30 00:10:30,145][__main__][INFO] - [0, 23, 30], []
[2025-01-30 00:10:30,162][__main__][INFO] - [0, 23, 31], []
[2025-01-30 00:10:30,180][__main__][INFO] - [0, 23, 32], []
[2025-01-30 00:10:30,196][__main__][INFO] - [0, 23, 33], []
[2025-01-30 00:10:30,213][__main__][INFO] - [0, 23, 34], []
[2025-01-30 00:10:30,230][__main__][INFO] - [0, 23, 35], []
[2025-01-30 00:10:30,260][__main__][INFO] - [0, 24, 26], []
[2025-01-30 00:10:30,277][__main__][INFO] - [0, 24, 27], []
[2025-01-30 00:10:30,294][__main__][INFO] - [0, 24, 28], []
[2025-01-30 00:10:30,310][__main__][INFO] - [0, 24, 29], []
[2025-01-30 00:10:30,327][__main__][INFO] - [0, 24, 30], []
[2025-01-30 00:10:30,344][__main__][INFO] - [0, 24, 31], []
[2025-01-30 00:10:30,361][__main__][INFO] - [0, 24, 32], []
[2025-01-30 00:10:30,377][__main__][INFO] - [0, 24, 33], []
[2025-01-30 00:10:30,394][__main__][INFO] - [0, 24, 34], []
[2025-01-30 00:10:30,411][__main__][INFO] - [0, 24, 35], []
[2025-01-30 00:10:30,592][__main__][INFO] - [1, 10, 11], []
[2025-01-30 00:10:30,610][__main__][INFO] - [1, 10], [11]
[2025-01-30 00:10:30,629][__main__][INFO] - [1, 10, 12], []
[2025-01-30 00:10:30,647][__main__][INFO] - [1, 10, 13], []
[2025-01-30 00:10:30,664][__main__][INFO] - [1, 10, 14], []
[2025-01-30 00:10:30,682][__main__][INFO] - [1, 10, 15], []
[2025-01-30 00:10:30,698][__main__][INFO] - [1, 10, 16], []
[2025-01-30 00:10:30,715][__main__][INFO] - [1, 10, 17], []
[2025-01-30 00:10:30,732][__main__][INFO] - [1, 10, 18], []
[2025-01-30 00:10:30,749][__main__][INFO] - [1, 10, 19], []
[2025-01-30 00:10:30,779][__main__][INFO] - [1, 10, 21], []
[2025-01-30 00:10:30,798][__main__][INFO] - [1, 10, 22], []
[2025-01-30 00:10:30,815][__main__][INFO] - [1, 10, 23], []
[2025-01-30 00:10:30,833][__main__][INFO] - [1, 10, 24], []
[2025-01-30 00:10:30,850][__main__][INFO] - [1, 10, 25], []
[2025-01-30 00:10:30,867][__main__][INFO] - [1, 10, 26], []
[2025-01-30 00:10:30,884][__main__][INFO] - [1, 10, 27], []
[2025-01-30 00:10:30,901][__main__][INFO] - [1, 10, 28], []
[2025-01-30 00:10:30,918][__main__][INFO] - [1, 10, 29], []
[2025-01-30 00:10:30,936][__main__][INFO] - [1, 10, 30], []
[2025-01-30 00:10:30,954][__main__][INFO] - [1, 10, 31], []
[2025-01-30 00:10:30,971][__main__][INFO] - [1, 10, 32], []
[2025-01-30 00:10:30,987][__main__][INFO] - [1, 10, 33], []
[2025-01-30 00:10:31,005][__main__][INFO] - [1, 10, 34], []
[2025-01-30 00:10:31,022][__main__][INFO] - [1, 10, 35], []
[2025-01-30 00:10:31,052][__main__][INFO] - [1, 11], [10]
[2025-01-30 00:10:31,069][__main__][INFO] - [1], [10, 11]
[2025-01-30 00:10:31,087][__main__][INFO] - [1, 12], [10]
[2025-01-30 00:10:31,105][__main__][INFO] - [1, 13], [10]
[2025-01-30 00:10:31,123][__main__][INFO] - [1, 14], [10]
[2025-01-30 00:10:31,140][__main__][INFO] - [1, 15], [10]
[2025-01-30 00:10:31,158][__main__][INFO] - [1, 16], [10]
[2025-01-30 00:10:31,175][__main__][INFO] - [1, 17], [10]
[2025-01-30 00:10:31,192][__main__][INFO] - [1, 18], [10]
[2025-01-30 00:10:31,210][__main__][INFO] - [1, 19], [10]
[2025-01-30 00:10:31,240][__main__][INFO] - [1, 21], [10]
[2025-01-30 00:10:31,259][__main__][INFO] - [1, 22], [10]
[2025-01-30 00:10:31,276][__main__][INFO] - [1, 23], [10]
[2025-01-30 00:10:31,294][__main__][INFO] - [1, 24], [10]
[2025-01-30 00:10:31,312][__main__][INFO] - [1, 25], [10]
[2025-01-30 00:10:31,329][__main__][INFO] - [1, 26], [10]
[2025-01-30 00:10:31,347][__main__][INFO] - [1, 27], [10]
[2025-01-30 00:10:31,364][__main__][INFO] - [1, 28], [10]
[2025-01-30 00:10:31,382][__main__][INFO] - [1, 29], [10]
[2025-01-30 00:10:31,399][__main__][INFO] - [1, 30], [10]
[2025-01-30 00:10:31,417][__main__][INFO] - [1, 31], [10]
[2025-01-30 00:10:31,434][__main__][INFO] - [1, 32], [10]
[2025-01-30 00:10:31,452][__main__][INFO] - [1, 33], [10]
[2025-01-30 00:10:31,469][__main__][INFO] - [1, 34], [10]
[2025-01-30 00:10:31,486][__main__][INFO] - [1, 35], [10]
[2025-01-30 00:10:31,517][__main__][INFO] - [1, 11, 12], []
[2025-01-30 00:10:31,535][__main__][INFO] - [1, 11, 13], []
[2025-01-30 00:10:31,551][__main__][INFO] - [1, 11, 14], []
[2025-01-30 00:10:31,569][__main__][INFO] - [1, 11, 15], []
[2025-01-30 00:10:31,598][__main__][INFO] - [1, 11, 17], []
[2025-01-30 00:10:31,655][__main__][INFO] - [1, 11, 21], []
[2025-01-30 00:10:31,673][__main__][INFO] - [1, 11, 22], []
[2025-01-30 00:10:31,690][__main__][INFO] - [1, 11, 23], []
[2025-01-30 00:10:31,708][__main__][INFO] - [1, 11, 24], []
[2025-01-30 00:10:31,740][__main__][INFO] - [1, 11, 26], []
[2025-01-30 00:10:31,757][__main__][INFO] - [1, 11, 27], []
[2025-01-30 00:10:31,774][__main__][INFO] - [1, 11, 28], []
[2025-01-30 00:10:31,791][__main__][INFO] - [1, 11, 29], []
[2025-01-30 00:10:31,809][__main__][INFO] - [1, 11, 30], []
[2025-01-30 00:10:31,826][__main__][INFO] - [1, 11, 31], []
[2025-01-30 00:10:31,843][__main__][INFO] - [1, 11, 32], []
[2025-01-30 00:10:31,860][__main__][INFO] - [1, 11, 33], []
[2025-01-30 00:10:31,877][__main__][INFO] - [1, 11, 34], []
[2025-01-30 00:10:31,895][__main__][INFO] - [1, 11, 35], []
[2025-01-30 00:10:31,925][__main__][INFO] - [1, 12], [11]
[2025-01-30 00:10:31,944][__main__][INFO] - [1, 13], [11]
[2025-01-30 00:10:31,962][__main__][INFO] - [1, 14], [11]
[2025-01-30 00:10:31,979][__main__][INFO] - [1, 15], [11]
[2025-01-30 00:10:31,997][__main__][INFO] - [1, 16], [11]
[2025-01-30 00:10:32,014][__main__][INFO] - [1, 17], [11]
[2025-01-30 00:10:32,032][__main__][INFO] - [1, 18], [11]
[2025-01-30 00:10:32,050][__main__][INFO] - [1, 19], [11]
[2025-01-30 00:10:32,080][__main__][INFO] - [1, 21], [11]
[2025-01-30 00:10:32,099][__main__][INFO] - [1, 22], [11]
[2025-01-30 00:10:32,117][__main__][INFO] - [1, 23], [11]
[2025-01-30 00:10:32,134][__main__][INFO] - [1, 24], [11]
[2025-01-30 00:10:32,151][__main__][INFO] - [1, 25], [11]
[2025-01-30 00:10:32,169][__main__][INFO] - [1, 26], [11]
[2025-01-30 00:10:32,186][__main__][INFO] - [1, 27], [11]
[2025-01-30 00:10:32,204][__main__][INFO] - [1, 28], [11]
[2025-01-30 00:10:32,222][__main__][INFO] - [1, 29], [11]
[2025-01-30 00:10:32,239][__main__][INFO] - [1, 30], [11]
[2025-01-30 00:10:32,257][__main__][INFO] - [1, 31], [11]
[2025-01-30 00:10:32,274][__main__][INFO] - [1, 32], [11]
[2025-01-30 00:10:32,291][__main__][INFO] - [1, 33], [11]
[2025-01-30 00:10:32,307][__main__][INFO] - [1, 34], [11]
[2025-01-30 00:10:32,324][__main__][INFO] - [1, 35], [11]
[2025-01-30 00:10:32,354][__main__][INFO] - [1, 12, 21], []
[2025-01-30 00:10:32,373][__main__][INFO] - [1, 12, 22], []
[2025-01-30 00:10:32,390][__main__][INFO] - [1, 12, 23], []
[2025-01-30 00:10:32,409][__main__][INFO] - [1, 12, 24], []
[2025-01-30 00:10:32,426][__main__][INFO] - [1, 12, 25], []
[2025-01-30 00:10:32,444][__main__][INFO] - [1, 12, 26], []
[2025-01-30 00:10:32,461][__main__][INFO] - [1, 12, 27], []
[2025-01-30 00:10:32,478][__main__][INFO] - [1, 12, 28], []
[2025-01-30 00:10:32,495][__main__][INFO] - [1, 12, 29], []
[2025-01-30 00:10:32,512][__main__][INFO] - [1, 12, 30], []
[2025-01-30 00:10:32,529][__main__][INFO] - [1, 12, 31], []
[2025-01-30 00:10:32,546][__main__][INFO] - [1, 12, 32], []
[2025-01-30 00:10:32,563][__main__][INFO] - [1, 12, 33], []
[2025-01-30 00:10:32,580][__main__][INFO] - [1, 12, 34], []
[2025-01-30 00:10:32,597][__main__][INFO] - [1, 12, 35], []
[2025-01-30 00:10:32,628][__main__][INFO] - [1, 13, 21], []
[2025-01-30 00:10:32,646][__main__][INFO] - [1, 13, 22], []
[2025-01-30 00:10:32,664][__main__][INFO] - [1, 13, 23], []
[2025-01-30 00:10:32,681][__main__][INFO] - [1, 13, 24], []
[2025-01-30 00:10:32,712][__main__][INFO] - [1, 13, 26], []
[2025-01-30 00:10:32,729][__main__][INFO] - [1, 13, 27], []
[2025-01-30 00:10:32,747][__main__][INFO] - [1, 13, 28], []
[2025-01-30 00:10:32,764][__main__][INFO] - [1, 13, 29], []
[2025-01-30 00:10:32,782][__main__][INFO] - [1, 13, 30], []
[2025-01-30 00:10:32,799][__main__][INFO] - [1, 13, 31], []
[2025-01-30 00:10:32,816][__main__][INFO] - [1, 13, 32], []
[2025-01-30 00:10:32,833][__main__][INFO] - [1, 13, 33], []
[2025-01-30 00:10:32,850][__main__][INFO] - [1, 13, 34], []
[2025-01-30 00:10:32,866][__main__][INFO] - [1, 13, 35], []
[2025-01-30 00:10:32,896][__main__][INFO] - [1, 14, 21], []
[2025-01-30 00:10:32,914][__main__][INFO] - [1, 14, 22], []
[2025-01-30 00:10:32,932][__main__][INFO] - [1, 14, 23], []
[2025-01-30 00:10:32,949][__main__][INFO] - [1, 14, 24], []
[2025-01-30 00:10:32,979][__main__][INFO] - [1, 14, 26], []
[2025-01-30 00:10:32,996][__main__][INFO] - [1, 14, 27], []
[2025-01-30 00:10:33,013][__main__][INFO] - [1, 14, 28], []
[2025-01-30 00:10:33,030][__main__][INFO] - [1, 14, 29], []
[2025-01-30 00:10:33,048][__main__][INFO] - [1, 14, 30], []
[2025-01-30 00:10:33,065][__main__][INFO] - [1, 14, 31], []
[2025-01-30 00:10:33,082][__main__][INFO] - [1, 14, 32], []
[2025-01-30 00:10:33,099][__main__][INFO] - [1, 14, 33], []
[2025-01-30 00:10:33,116][__main__][INFO] - [1, 14, 34], []
[2025-01-30 00:10:33,133][__main__][INFO] - [1, 14, 35], []
[2025-01-30 00:10:33,163][__main__][INFO] - [1, 15, 21], []
[2025-01-30 00:10:33,180][__main__][INFO] - [1, 15, 22], []
[2025-01-30 00:10:33,198][__main__][INFO] - [1, 15, 23], []
[2025-01-30 00:10:33,215][__main__][INFO] - [1, 15, 24], []
[2025-01-30 00:10:33,246][__main__][INFO] - [1, 15, 26], []
[2025-01-30 00:10:33,263][__main__][INFO] - [1, 15, 27], []
[2025-01-30 00:10:33,281][__main__][INFO] - [1, 15, 28], []
[2025-01-30 00:10:33,298][__main__][INFO] - [1, 15, 29], []
[2025-01-30 00:10:33,315][__main__][INFO] - [1, 15, 30], []
[2025-01-30 00:10:33,332][__main__][INFO] - [1, 15, 31], []
[2025-01-30 00:10:33,349][__main__][INFO] - [1, 15, 32], []
[2025-01-30 00:10:33,366][__main__][INFO] - [1, 15, 33], []
[2025-01-30 00:10:33,383][__main__][INFO] - [1, 15, 34], []
[2025-01-30 00:10:33,400][__main__][INFO] - [1, 15, 35], []
[2025-01-30 00:10:33,431][__main__][INFO] - [1, 16, 21], []
[2025-01-30 00:10:33,448][__main__][INFO] - [1, 16, 22], []
[2025-01-30 00:10:33,518][__main__][INFO] - [1, 16, 27], []
[2025-01-30 00:10:33,535][__main__][INFO] - [1, 16, 28], []
[2025-01-30 00:10:33,553][__main__][INFO] - [1, 16, 29], []
[2025-01-30 00:10:33,570][__main__][INFO] - [1, 16, 30], []
[2025-01-30 00:10:33,588][__main__][INFO] - [1, 16, 31], []
[2025-01-30 00:10:33,605][__main__][INFO] - [1, 16, 32], []
[2025-01-30 00:10:33,622][__main__][INFO] - [1, 16, 33], []
[2025-01-30 00:10:33,653][__main__][INFO] - [1, 16, 35], []
[2025-01-30 00:10:33,683][__main__][INFO] - [1, 17, 21], []
[2025-01-30 00:10:33,701][__main__][INFO] - [1, 17, 22], []
[2025-01-30 00:10:33,719][__main__][INFO] - [1, 17, 23], []
[2025-01-30 00:10:33,736][__main__][INFO] - [1, 17, 24], []
[2025-01-30 00:10:33,766][__main__][INFO] - [1, 17, 26], []
[2025-01-30 00:10:33,784][__main__][INFO] - [1, 17, 27], []
[2025-01-30 00:10:33,801][__main__][INFO] - [1, 17, 28], []
[2025-01-30 00:10:33,818][__main__][INFO] - [1, 17, 29], []
[2025-01-30 00:10:33,836][__main__][INFO] - [1, 17, 30], []
[2025-01-30 00:10:33,852][__main__][INFO] - [1, 17, 31], []
[2025-01-30 00:10:33,868][__main__][INFO] - [1, 17, 32], []
[2025-01-30 00:10:33,885][__main__][INFO] - [1, 17, 33], []
[2025-01-30 00:10:33,901][__main__][INFO] - [1, 17, 34], []
[2025-01-30 00:10:33,918][__main__][INFO] - [1, 17, 35], []
[2025-01-30 00:10:33,947][__main__][INFO] - [1, 18, 21], []
[2025-01-30 00:10:34,078][__main__][INFO] - [1, 18, 31], []
[2025-01-30 00:10:34,134][__main__][INFO] - [1, 18, 35], []
[2025-01-30 00:10:34,164][__main__][INFO] - [1, 19, 21], []
[2025-01-30 00:10:34,181][__main__][INFO] - [1, 19, 22], []
[2025-01-30 00:10:34,198][__main__][INFO] - [1, 19, 23], []
[2025-01-30 00:10:34,285][__main__][INFO] - [1, 19, 29], []
[2025-01-30 00:10:34,302][__main__][INFO] - [1, 19, 30], []
[2025-01-30 00:10:34,320][__main__][INFO] - [1, 19, 31], []
[2025-01-30 00:10:34,376][__main__][INFO] - [1, 19, 35], []
[2025-01-30 00:10:34,419][__main__][INFO] - [1, 21, 26], []
[2025-01-30 00:10:34,437][__main__][INFO] - [1, 21, 27], []
[2025-01-30 00:10:34,455][__main__][INFO] - [1, 21, 28], []
[2025-01-30 00:10:34,472][__main__][INFO] - [1, 21, 29], []
[2025-01-30 00:10:34,490][__main__][INFO] - [1, 21, 30], []
[2025-01-30 00:10:34,507][__main__][INFO] - [1, 21, 31], []
[2025-01-30 00:10:34,524][__main__][INFO] - [1, 21, 32], []
[2025-01-30 00:10:34,541][__main__][INFO] - [1, 21, 33], []
[2025-01-30 00:10:34,558][__main__][INFO] - [1, 21, 34], []
[2025-01-30 00:10:34,575][__main__][INFO] - [1, 21, 35], []
[2025-01-30 00:10:34,605][__main__][INFO] - [1, 22, 26], []
[2025-01-30 00:10:34,623][__main__][INFO] - [1, 22, 27], []
[2025-01-30 00:10:34,640][__main__][INFO] - [1, 22, 28], []
[2025-01-30 00:10:34,657][__main__][INFO] - [1, 22, 29], []
[2025-01-30 00:10:34,674][__main__][INFO] - [1, 22, 30], []
[2025-01-30 00:10:34,690][__main__][INFO] - [1, 22, 31], []
[2025-01-30 00:10:34,708][__main__][INFO] - [1, 22, 32], []
[2025-01-30 00:10:34,725][__main__][INFO] - [1, 22, 33], []
[2025-01-30 00:10:34,742][__main__][INFO] - [1, 22, 34], []
[2025-01-30 00:10:34,759][__main__][INFO] - [1, 22, 35], []
[2025-01-30 00:10:34,789][__main__][INFO] - [1, 23, 26], []
[2025-01-30 00:10:34,807][__main__][INFO] - [1, 23, 27], []
[2025-01-30 00:10:34,824][__main__][INFO] - [1, 23, 28], []
[2025-01-30 00:10:34,841][__main__][INFO] - [1, 23, 29], []
[2025-01-30 00:10:34,858][__main__][INFO] - [1, 23, 30], []
[2025-01-30 00:10:34,876][__main__][INFO] - [1, 23, 31], []
[2025-01-30 00:10:34,893][__main__][INFO] - [1, 23, 32], []
[2025-01-30 00:10:34,910][__main__][INFO] - [1, 23, 33], []
[2025-01-30 00:10:34,927][__main__][INFO] - [1, 23, 34], []
[2025-01-30 00:10:34,944][__main__][INFO] - [1, 23, 35], []
[2025-01-30 00:10:34,987][__main__][INFO] - [1, 24, 27], []
[2025-01-30 00:10:35,004][__main__][INFO] - [1, 24, 28], []
[2025-01-30 00:10:35,022][__main__][INFO] - [1, 24, 29], []
[2025-01-30 00:10:35,039][__main__][INFO] - [1, 24, 30], []
[2025-01-30 00:10:35,056][__main__][INFO] - [1, 24, 31], []
[2025-01-30 00:10:35,073][__main__][INFO] - [1, 24, 32], []
[2025-01-30 00:10:35,091][__main__][INFO] - [1, 24, 33], []
[2025-01-30 00:10:35,107][__main__][INFO] - [1, 24, 34], []
[2025-01-30 00:10:35,125][__main__][INFO] - [1, 24, 35], []
[2025-01-30 00:10:35,273][__main__][INFO] - [1, 25, 35], []
[2025-01-30 00:10:35,316][__main__][INFO] - [2, 10, 11], []
[2025-01-30 00:10:35,333][__main__][INFO] - [2, 10], [11]
[2025-01-30 00:10:35,352][__main__][INFO] - [2, 10, 12], []
[2025-01-30 00:10:35,370][__main__][INFO] - [2, 10, 13], []
[2025-01-30 00:10:35,387][__main__][INFO] - [2, 10, 14], []
[2025-01-30 00:10:35,405][__main__][INFO] - [2, 10, 15], []
[2025-01-30 00:10:35,422][__main__][INFO] - [2, 10, 16], []
[2025-01-30 00:10:35,439][__main__][INFO] - [2, 10, 17], []
[2025-01-30 00:10:35,456][__main__][INFO] - [2, 10, 18], []
[2025-01-30 00:10:35,473][__main__][INFO] - [2, 10, 19], []
[2025-01-30 00:10:35,503][__main__][INFO] - [2, 10, 21], []
[2025-01-30 00:10:35,522][__main__][INFO] - [2, 10, 22], []
[2025-01-30 00:10:35,539][__main__][INFO] - [2, 10, 23], []
[2025-01-30 00:10:35,557][__main__][INFO] - [2, 10, 24], []
[2025-01-30 00:10:35,575][__main__][INFO] - [2, 10, 25], []
[2025-01-30 00:10:35,592][__main__][INFO] - [2, 10, 26], []
[2025-01-30 00:10:35,610][__main__][INFO] - [2, 10, 27], []
[2025-01-30 00:10:35,628][__main__][INFO] - [2, 10, 28], []
[2025-01-30 00:10:35,645][__main__][INFO] - [2, 10, 29], []
[2025-01-30 00:10:35,663][__main__][INFO] - [2, 10, 30], []
[2025-01-30 00:10:35,681][__main__][INFO] - [2, 10, 31], []
[2025-01-30 00:10:35,698][__main__][INFO] - [2, 10, 32], []
[2025-01-30 00:10:35,716][__main__][INFO] - [2, 10, 33], []
[2025-01-30 00:10:35,734][__main__][INFO] - [2, 10, 34], []
[2025-01-30 00:10:35,751][__main__][INFO] - [2, 10, 35], []
[2025-01-30 00:10:35,781][__main__][INFO] - [2, 11], [10]
[2025-01-30 00:10:35,799][__main__][INFO] - [2], [10, 11]
[2025-01-30 00:10:35,818][__main__][INFO] - [2, 12], [10]
[2025-01-30 00:10:35,836][__main__][INFO] - [2, 13], [10]
[2025-01-30 00:10:35,853][__main__][INFO] - [2, 14], [10]
[2025-01-30 00:10:35,870][__main__][INFO] - [2, 15], [10]
[2025-01-30 00:10:35,888][__main__][INFO] - [2, 16], [10]
[2025-01-30 00:10:35,905][__main__][INFO] - [2, 17], [10]
[2025-01-30 00:10:35,923][__main__][INFO] - [2, 18], [10]
[2025-01-30 00:10:35,940][__main__][INFO] - [2, 19], [10]
[2025-01-30 00:10:35,971][__main__][INFO] - [2, 21], [10]
[2025-01-30 00:10:35,990][__main__][INFO] - [2, 22], [10]
[2025-01-30 00:10:36,008][__main__][INFO] - [2, 23], [10]
[2025-01-30 00:10:36,026][__main__][INFO] - [2, 24], [10]
[2025-01-30 00:10:36,043][__main__][INFO] - [2, 25], [10]
[2025-01-30 00:10:36,061][__main__][INFO] - [2, 26], [10]
[2025-01-30 00:10:36,079][__main__][INFO] - [2, 27], [10]
[2025-01-30 00:10:36,096][__main__][INFO] - [2, 28], [10]
[2025-01-30 00:10:36,114][__main__][INFO] - [2, 29], [10]
[2025-01-30 00:10:36,132][__main__][INFO] - [2, 30], [10]
[2025-01-30 00:10:36,149][__main__][INFO] - [2, 31], [10]
[2025-01-30 00:10:36,166][__main__][INFO] - [2, 32], [10]
[2025-01-30 00:10:36,184][__main__][INFO] - [2, 33], [10]
[2025-01-30 00:10:36,202][__main__][INFO] - [2, 34], [10]
[2025-01-30 00:10:36,219][__main__][INFO] - [2, 35], [10]
[2025-01-30 00:10:36,250][__main__][INFO] - [2, 11, 12], []
[2025-01-30 00:10:36,268][__main__][INFO] - [2, 11, 13], []
[2025-01-30 00:10:36,285][__main__][INFO] - [2, 11, 14], []
[2025-01-30 00:10:36,302][__main__][INFO] - [2, 11, 15], []
[2025-01-30 00:10:36,332][__main__][INFO] - [2, 11, 17], []
[2025-01-30 00:10:36,388][__main__][INFO] - [2, 11, 21], []
[2025-01-30 00:10:36,405][__main__][INFO] - [2, 11, 22], []
[2025-01-30 00:10:36,423][__main__][INFO] - [2, 11, 23], []
[2025-01-30 00:10:36,440][__main__][INFO] - [2, 11, 24], []
[2025-01-30 00:10:36,471][__main__][INFO] - [2, 11, 26], []
[2025-01-30 00:10:36,488][__main__][INFO] - [2, 11, 27], []
[2025-01-30 00:10:36,505][__main__][INFO] - [2, 11, 28], []
[2025-01-30 00:10:36,523][__main__][INFO] - [2, 11, 29], []
[2025-01-30 00:10:36,540][__main__][INFO] - [2, 11, 30], []
[2025-01-30 00:10:36,557][__main__][INFO] - [2, 11, 31], []
[2025-01-30 00:10:36,575][__main__][INFO] - [2, 11, 32], []
[2025-01-30 00:10:36,593][__main__][INFO] - [2, 11, 33], []
[2025-01-30 00:10:36,611][__main__][INFO] - [2, 11, 34], []
[2025-01-30 00:10:36,628][__main__][INFO] - [2, 11, 35], []
[2025-01-30 00:10:36,658][__main__][INFO] - [2, 12], [11]
[2025-01-30 00:10:36,677][__main__][INFO] - [2, 13], [11]
[2025-01-30 00:10:36,695][__main__][INFO] - [2, 14], [11]
[2025-01-30 00:10:36,712][__main__][INFO] - [2, 15], [11]
[2025-01-30 00:10:36,730][__main__][INFO] - [2, 16], [11]
[2025-01-30 00:10:36,748][__main__][INFO] - [2, 17], [11]
[2025-01-30 00:10:36,765][__main__][INFO] - [2, 18], [11]
[2025-01-30 00:10:36,783][__main__][INFO] - [2, 19], [11]
[2025-01-30 00:10:36,813][__main__][INFO] - [2, 21], [11]
[2025-01-30 00:10:36,832][__main__][INFO] - [2, 22], [11]
[2025-01-30 00:10:36,850][__main__][INFO] - [2, 23], [11]
[2025-01-30 00:10:36,869][__main__][INFO] - [2, 24], [11]
[2025-01-30 00:10:36,887][__main__][INFO] - [2, 25], [11]
[2025-01-30 00:10:36,904][__main__][INFO] - [2, 26], [11]
[2025-01-30 00:10:36,922][__main__][INFO] - [2, 27], [11]
[2025-01-30 00:10:36,939][__main__][INFO] - [2, 28], [11]
[2025-01-30 00:10:36,957][__main__][INFO] - [2, 29], [11]
[2025-01-30 00:10:36,974][__main__][INFO] - [2, 30], [11]
[2025-01-30 00:10:36,992][__main__][INFO] - [2, 31], [11]
[2025-01-30 00:10:37,010][__main__][INFO] - [2, 32], [11]
[2025-01-30 00:10:37,027][__main__][INFO] - [2, 33], [11]
[2025-01-30 00:10:37,044][__main__][INFO] - [2, 34], [11]
[2025-01-30 00:10:37,062][__main__][INFO] - [2, 35], [11]
[2025-01-30 00:10:37,093][__main__][INFO] - [2, 12, 21], []
[2025-01-30 00:10:37,112][__main__][INFO] - [2, 12, 22], []
[2025-01-30 00:10:37,130][__main__][INFO] - [2, 12, 23], []
[2025-01-30 00:10:37,147][__main__][INFO] - [2, 12, 24], []
[2025-01-30 00:10:37,164][__main__][INFO] - [2, 12, 25], []
[2025-01-30 00:10:37,182][__main__][INFO] - [2, 12, 26], []
[2025-01-30 00:10:37,199][__main__][INFO] - [2, 12, 27], []
[2025-01-30 00:10:37,217][__main__][INFO] - [2, 12, 28], []
[2025-01-30 00:10:37,234][__main__][INFO] - [2, 12, 29], []
[2025-01-30 00:10:37,251][__main__][INFO] - [2, 12, 30], []
[2025-01-30 00:10:37,269][__main__][INFO] - [2, 12, 31], []
[2025-01-30 00:10:37,286][__main__][INFO] - [2, 12, 32], []
[2025-01-30 00:10:37,303][__main__][INFO] - [2, 12, 33], []
[2025-01-30 00:10:37,320][__main__][INFO] - [2, 12, 34], []
[2025-01-30 00:10:37,338][__main__][INFO] - [2, 12, 35], []
[2025-01-30 00:10:37,369][__main__][INFO] - [2, 13, 21], []
[2025-01-30 00:10:37,386][__main__][INFO] - [2, 13, 22], []
[2025-01-30 00:10:37,403][__main__][INFO] - [2, 13, 23], []
[2025-01-30 00:10:37,445][__main__][INFO] - [2, 13, 26], []
[2025-01-30 00:10:37,463][__main__][INFO] - [2, 13, 27], []
[2025-01-30 00:10:37,480][__main__][INFO] - [2, 13, 28], []
[2025-01-30 00:10:37,498][__main__][INFO] - [2, 13, 29], []
[2025-01-30 00:10:37,515][__main__][INFO] - [2, 13, 30], []
[2025-01-30 00:10:37,533][__main__][INFO] - [2, 13, 31], []
[2025-01-30 00:10:37,550][__main__][INFO] - [2, 13, 32], []
[2025-01-30 00:10:37,567][__main__][INFO] - [2, 13, 33], []
[2025-01-30 00:10:37,584][__main__][INFO] - [2, 13, 34], []
[2025-01-30 00:10:37,601][__main__][INFO] - [2, 13, 35], []
[2025-01-30 00:10:37,630][__main__][INFO] - [2, 14, 21], []
[2025-01-30 00:10:37,648][__main__][INFO] - [2, 14, 22], []
[2025-01-30 00:10:37,665][__main__][INFO] - [2, 14, 23], []
[2025-01-30 00:10:37,683][__main__][INFO] - [2, 14, 24], []
[2025-01-30 00:10:37,714][__main__][INFO] - [2, 14, 26], []
[2025-01-30 00:10:37,731][__main__][INFO] - [2, 14, 27], []
[2025-01-30 00:10:37,748][__main__][INFO] - [2, 14, 28], []
[2025-01-30 00:10:37,766][__main__][INFO] - [2, 14, 29], []
[2025-01-30 00:10:37,783][__main__][INFO] - [2, 14, 30], []
[2025-01-30 00:10:37,805][__main__][INFO] - [2, 14, 31], []
[2025-01-30 00:10:37,826][__main__][INFO] - [2, 14, 32], []
[2025-01-30 00:10:37,843][__main__][INFO] - [2, 14, 33], []
[2025-01-30 00:10:37,860][__main__][INFO] - [2, 14, 34], []
[2025-01-30 00:10:37,877][__main__][INFO] - [2, 14, 35], []
[2025-01-30 00:10:37,906][__main__][INFO] - [2, 15, 21], []
[2025-01-30 00:10:37,924][__main__][INFO] - [2, 15, 22], []
[2025-01-30 00:10:37,941][__main__][INFO] - [2, 15, 23], []
[2025-01-30 00:10:37,958][__main__][INFO] - [2, 15, 24], []
[2025-01-30 00:10:37,975][__main__][INFO] - [2, 15, 25], []
[2025-01-30 00:10:37,992][__main__][INFO] - [2, 15, 26], []
[2025-01-30 00:10:38,009][__main__][INFO] - [2, 15, 27], []
[2025-01-30 00:10:38,027][__main__][INFO] - [2, 15, 28], []
[2025-01-30 00:10:38,044][__main__][INFO] - [2, 15, 29], []
[2025-01-30 00:10:38,061][__main__][INFO] - [2, 15, 30], []
[2025-01-30 00:10:38,078][__main__][INFO] - [2, 15, 31], []
[2025-01-30 00:10:38,095][__main__][INFO] - [2, 15, 32], []
[2025-01-30 00:10:38,112][__main__][INFO] - [2, 15, 33], []
[2025-01-30 00:10:38,129][__main__][INFO] - [2, 15, 34], []
[2025-01-30 00:10:38,146][__main__][INFO] - [2, 15, 35], []
[2025-01-30 00:10:38,177][__main__][INFO] - [2, 16, 21], []
[2025-01-30 00:10:38,194][__main__][INFO] - [2, 16, 22], []
[2025-01-30 00:10:38,212][__main__][INFO] - [2, 16, 23], []
[2025-01-30 00:10:38,268][__main__][INFO] - [2, 16, 27], []
[2025-01-30 00:10:38,285][__main__][INFO] - [2, 16, 28], []
[2025-01-30 00:10:38,304][__main__][INFO] - [2, 16, 29], []
[2025-01-30 00:10:38,321][__main__][INFO] - [2, 16, 30], []
[2025-01-30 00:10:38,338][__main__][INFO] - [2, 16, 31], []
[2025-01-30 00:10:38,355][__main__][INFO] - [2, 16, 32], []
[2025-01-30 00:10:38,371][__main__][INFO] - [2, 16, 33], []
[2025-01-30 00:10:38,387][__main__][INFO] - [2, 16, 34], []
[2025-01-30 00:10:38,404][__main__][INFO] - [2, 16, 35], []
[2025-01-30 00:10:38,433][__main__][INFO] - [2, 17, 21], []
[2025-01-30 00:10:38,450][__main__][INFO] - [2, 17, 22], []
[2025-01-30 00:10:38,467][__main__][INFO] - [2, 17, 23], []
[2025-01-30 00:10:38,483][__main__][INFO] - [2, 17, 24], []
[2025-01-30 00:10:38,499][__main__][INFO] - [2, 17, 25], []
[2025-01-30 00:10:38,516][__main__][INFO] - [2, 17, 26], []
[2025-01-30 00:10:38,533][__main__][INFO] - [2, 17, 27], []
[2025-01-30 00:10:38,550][__main__][INFO] - [2, 17, 28], []
[2025-01-30 00:10:38,568][__main__][INFO] - [2, 17, 29], []
[2025-01-30 00:10:38,585][__main__][INFO] - [2, 17, 30], []
[2025-01-30 00:10:38,602][__main__][INFO] - [2, 17, 31], []
[2025-01-30 00:10:38,619][__main__][INFO] - [2, 17, 32], []
[2025-01-30 00:10:38,637][__main__][INFO] - [2, 17, 33], []
[2025-01-30 00:10:38,654][__main__][INFO] - [2, 17, 34], []
[2025-01-30 00:10:38,671][__main__][INFO] - [2, 17, 35], []
[2025-01-30 00:10:38,701][__main__][INFO] - [2, 18, 21], []
[2025-01-30 00:10:38,719][__main__][INFO] - [2, 18, 22], []
[2025-01-30 00:10:38,853][__main__][INFO] - [2, 18, 32], []
[2025-01-30 00:10:38,897][__main__][INFO] - [2, 18, 35], []
[2025-01-30 00:10:38,927][__main__][INFO] - [2, 19, 21], []
[2025-01-30 00:10:38,944][__main__][INFO] - [2, 19, 22], []
[2025-01-30 00:10:38,961][__main__][INFO] - [2, 19, 23], []
[2025-01-30 00:10:39,057][__main__][INFO] - [2, 19, 30], []
[2025-01-30 00:10:39,126][__main__][INFO] - [2, 19, 35], []
[2025-01-30 00:10:39,170][__main__][INFO] - [2, 21, 26], []
[2025-01-30 00:10:39,188][__main__][INFO] - [2, 21, 27], []
[2025-01-30 00:10:39,205][__main__][INFO] - [2, 21, 28], []
[2025-01-30 00:10:39,223][__main__][INFO] - [2, 21, 29], []
[2025-01-30 00:10:39,240][__main__][INFO] - [2, 21, 30], []
[2025-01-30 00:10:39,257][__main__][INFO] - [2, 21, 31], []
[2025-01-30 00:10:39,275][__main__][INFO] - [2, 21, 32], []
[2025-01-30 00:10:39,293][__main__][INFO] - [2, 21, 33], []
[2025-01-30 00:10:39,311][__main__][INFO] - [2, 21, 34], []
[2025-01-30 00:10:39,328][__main__][INFO] - [2, 21, 35], []
[2025-01-30 00:10:39,359][__main__][INFO] - [2, 22, 26], []
[2025-01-30 00:10:39,376][__main__][INFO] - [2, 22, 27], []
[2025-01-30 00:10:39,394][__main__][INFO] - [2, 22, 28], []
[2025-01-30 00:10:39,411][__main__][INFO] - [2, 22, 29], []
[2025-01-30 00:10:39,429][__main__][INFO] - [2, 22, 30], []
[2025-01-30 00:10:39,446][__main__][INFO] - [2, 22, 31], []
[2025-01-30 00:10:39,463][__main__][INFO] - [2, 22, 32], []
[2025-01-30 00:10:39,480][__main__][INFO] - [2, 22, 33], []
[2025-01-30 00:10:39,498][__main__][INFO] - [2, 22, 34], []
[2025-01-30 00:10:39,515][__main__][INFO] - [2, 22, 35], []
[2025-01-30 00:10:39,546][__main__][INFO] - [2, 23, 26], []
[2025-01-30 00:10:39,563][__main__][INFO] - [2, 23, 27], []
[2025-01-30 00:10:39,580][__main__][INFO] - [2, 23, 28], []
[2025-01-30 00:10:39,597][__main__][INFO] - [2, 23, 29], []
[2025-01-30 00:10:39,614][__main__][INFO] - [2, 23, 30], []
[2025-01-30 00:10:39,632][__main__][INFO] - [2, 23, 31], []
[2025-01-30 00:10:39,649][__main__][INFO] - [2, 23, 32], []
[2025-01-30 00:10:39,666][__main__][INFO] - [2, 23, 33], []
[2025-01-30 00:10:39,683][__main__][INFO] - [2, 23, 34], []
[2025-01-30 00:10:39,701][__main__][INFO] - [2, 23, 35], []
[2025-01-30 00:10:39,757][__main__][INFO] - [2, 24, 28], []
[2025-01-30 00:10:39,775][__main__][INFO] - [2, 24, 29], []
[2025-01-30 00:10:39,792][__main__][INFO] - [2, 24, 30], []
[2025-01-30 00:10:39,810][__main__][INFO] - [2, 24, 31], []
[2025-01-30 00:10:39,827][__main__][INFO] - [2, 24, 32], []
[2025-01-30 00:10:39,844][__main__][INFO] - [2, 24, 33], []
[2025-01-30 00:10:39,862][__main__][INFO] - [2, 24, 34], []
[2025-01-30 00:10:39,879][__main__][INFO] - [2, 24, 35], []
[2025-01-30 00:10:40,028][__main__][INFO] - [2, 25, 35], []
[2025-01-30 00:10:40,072][__main__][INFO] - [3, 10, 11], []
[2025-01-30 00:10:40,090][__main__][INFO] - [3, 10], [11]
[2025-01-30 00:10:40,108][__main__][INFO] - [3, 10, 12], []
[2025-01-30 00:10:40,125][__main__][INFO] - [3, 10, 13], []
[2025-01-30 00:10:40,142][__main__][INFO] - [3, 10, 14], []
[2025-01-30 00:10:40,159][__main__][INFO] - [3, 10, 15], []
[2025-01-30 00:10:40,176][__main__][INFO] - [3, 10, 16], []
[2025-01-30 00:10:40,193][__main__][INFO] - [3, 10, 17], []
[2025-01-30 00:10:40,210][__main__][INFO] - [3, 10, 18], []
[2025-01-30 00:10:40,227][__main__][INFO] - [3, 10, 19], []
[2025-01-30 00:10:40,257][__main__][INFO] - [3, 10, 21], []
[2025-01-30 00:10:40,275][__main__][INFO] - [3, 10, 22], []
[2025-01-30 00:10:40,292][__main__][INFO] - [3, 10, 23], []
[2025-01-30 00:10:40,310][__main__][INFO] - [3, 10, 24], []
[2025-01-30 00:10:40,326][__main__][INFO] - [3, 10, 25], []
[2025-01-30 00:10:40,343][__main__][INFO] - [3, 10, 26], []
[2025-01-30 00:10:40,360][__main__][INFO] - [3, 10, 27], []
[2025-01-30 00:10:40,377][__main__][INFO] - [3, 10, 28], []
[2025-01-30 00:10:40,393][__main__][INFO] - [3, 10, 29], []
[2025-01-30 00:10:40,411][__main__][INFO] - [3, 10, 30], []
[2025-01-30 00:10:40,428][__main__][INFO] - [3, 10, 31], []
[2025-01-30 00:10:40,445][__main__][INFO] - [3, 10, 32], []
[2025-01-30 00:10:40,461][__main__][INFO] - [3, 10, 33], []
[2025-01-30 00:10:40,478][__main__][INFO] - [3, 10, 34], []
[2025-01-30 00:10:40,495][__main__][INFO] - [3, 10, 35], []
[2025-01-30 00:10:40,524][__main__][INFO] - [3, 11], [10]
[2025-01-30 00:10:40,541][__main__][INFO] - [3], [10, 11]
[2025-01-30 00:10:40,559][__main__][INFO] - [3, 12], [10]
[2025-01-30 00:10:40,576][__main__][INFO] - [3, 13], [10]
[2025-01-30 00:10:40,593][__main__][INFO] - [3, 14], [10]
[2025-01-30 00:10:40,611][__main__][INFO] - [3, 15], [10]
[2025-01-30 00:10:40,627][__main__][INFO] - [3, 16], [10]
[2025-01-30 00:10:40,644][__main__][INFO] - [3, 17], [10]
[2025-01-30 00:10:40,662][__main__][INFO] - [3, 18], [10]
[2025-01-30 00:10:40,680][__main__][INFO] - [3, 19], [10]
[2025-01-30 00:10:40,710][__main__][INFO] - [3, 21], [10]
[2025-01-30 00:10:40,728][__main__][INFO] - [3, 22], [10]
[2025-01-30 00:10:40,746][__main__][INFO] - [3, 23], [10]
[2025-01-30 00:10:40,763][__main__][INFO] - [3, 24], [10]
[2025-01-30 00:10:40,781][__main__][INFO] - [3, 25], [10]
[2025-01-30 00:10:40,798][__main__][INFO] - [3, 26], [10]
[2025-01-30 00:10:40,816][__main__][INFO] - [3, 27], [10]
[2025-01-30 00:10:40,833][__main__][INFO] - [3, 28], [10]
[2025-01-30 00:10:40,850][__main__][INFO] - [3, 29], [10]
[2025-01-30 00:10:40,868][__main__][INFO] - [3, 30], [10]
[2025-01-30 00:10:40,885][__main__][INFO] - [3, 31], [10]
[2025-01-30 00:10:40,902][__main__][INFO] - [3, 32], [10]
[2025-01-30 00:10:40,920][__main__][INFO] - [3, 33], [10]
[2025-01-30 00:10:40,937][__main__][INFO] - [3, 34], [10]
[2025-01-30 00:10:40,954][__main__][INFO] - [3, 35], [10]
[2025-01-30 00:10:40,985][__main__][INFO] - [3, 11, 12], []
[2025-01-30 00:10:41,002][__main__][INFO] - [3, 11, 13], []
[2025-01-30 00:10:41,020][__main__][INFO] - [3, 11, 14], []
[2025-01-30 00:10:41,037][__main__][INFO] - [3, 11, 15], []
[2025-01-30 00:10:41,067][__main__][INFO] - [3, 11, 17], []
[2025-01-30 00:10:41,123][__main__][INFO] - [3, 11, 21], []
[2025-01-30 00:10:41,141][__main__][INFO] - [3, 11, 22], []
[2025-01-30 00:10:41,158][__main__][INFO] - [3, 11, 23], []
[2025-01-30 00:10:41,201][__main__][INFO] - [3, 11, 26], []
[2025-01-30 00:10:41,218][__main__][INFO] - [3, 11, 27], []
[2025-01-30 00:10:41,235][__main__][INFO] - [3, 11, 28], []
[2025-01-30 00:10:41,253][__main__][INFO] - [3, 11, 29], []
[2025-01-30 00:10:41,270][__main__][INFO] - [3, 11, 30], []
[2025-01-30 00:10:41,288][__main__][INFO] - [3, 11, 31], []
[2025-01-30 00:10:41,305][__main__][INFO] - [3, 11, 32], []
[2025-01-30 00:10:41,323][__main__][INFO] - [3, 11, 33], []
[2025-01-30 00:10:41,339][__main__][INFO] - [3, 11, 34], []
[2025-01-30 00:10:41,356][__main__][INFO] - [3, 11, 35], []
[2025-01-30 00:10:41,385][__main__][INFO] - [3, 12], [11]
[2025-01-30 00:10:41,404][__main__][INFO] - [3, 13], [11]
[2025-01-30 00:10:41,421][__main__][INFO] - [3, 14], [11]
[2025-01-30 00:10:41,438][__main__][INFO] - [3, 15], [11]
[2025-01-30 00:10:41,455][__main__][INFO] - [3, 16], [11]
[2025-01-30 00:10:41,472][__main__][INFO] - [3, 17], [11]
[2025-01-30 00:10:41,489][__main__][INFO] - [3, 18], [11]
[2025-01-30 00:10:41,506][__main__][INFO] - [3, 19], [11]
[2025-01-30 00:10:41,536][__main__][INFO] - [3, 21], [11]
[2025-01-30 00:10:41,555][__main__][INFO] - [3, 22], [11]
[2025-01-30 00:10:41,573][__main__][INFO] - [3, 23], [11]
[2025-01-30 00:10:41,591][__main__][INFO] - [3, 24], [11]
[2025-01-30 00:10:41,608][__main__][INFO] - [3, 25], [11]
[2025-01-30 00:10:41,626][__main__][INFO] - [3, 26], [11]
[2025-01-30 00:10:41,643][__main__][INFO] - [3, 27], [11]
[2025-01-30 00:10:41,661][__main__][INFO] - [3, 28], [11]
[2025-01-30 00:10:41,678][__main__][INFO] - [3, 29], [11]
[2025-01-30 00:10:41,696][__main__][INFO] - [3, 30], [11]
[2025-01-30 00:10:41,714][__main__][INFO] - [3, 31], [11]
[2025-01-30 00:10:41,731][__main__][INFO] - [3, 32], [11]
[2025-01-30 00:10:41,749][__main__][INFO] - [3, 33], [11]
[2025-01-30 00:10:41,766][__main__][INFO] - [3, 34], [11]
[2025-01-30 00:10:41,783][__main__][INFO] - [3, 35], [11]
[2025-01-30 00:10:41,814][__main__][INFO] - [3, 12, 21], []
[2025-01-30 00:10:41,833][__main__][INFO] - [3, 12, 22], []
[2025-01-30 00:10:41,850][__main__][INFO] - [3, 12, 23], []
[2025-01-30 00:10:41,868][__main__][INFO] - [3, 12, 24], []
[2025-01-30 00:10:41,884][__main__][INFO] - [3, 12, 25], []
[2025-01-30 00:10:41,902][__main__][INFO] - [3, 12, 26], []
[2025-01-30 00:10:41,919][__main__][INFO] - [3, 12, 27], []
[2025-01-30 00:10:41,936][__main__][INFO] - [3, 12, 28], []
[2025-01-30 00:10:41,953][__main__][INFO] - [3, 12, 29], []
[2025-01-30 00:10:41,971][__main__][INFO] - [3, 12, 30], []
[2025-01-30 00:10:41,989][__main__][INFO] - [3, 12, 31], []
[2025-01-30 00:10:42,006][__main__][INFO] - [3, 12, 32], []
[2025-01-30 00:10:42,024][__main__][INFO] - [3, 12, 33], []
[2025-01-30 00:10:42,041][__main__][INFO] - [3, 12, 34], []
[2025-01-30 00:10:42,058][__main__][INFO] - [3, 12, 35], []
[2025-01-30 00:10:42,089][__main__][INFO] - [3, 13, 21], []
[2025-01-30 00:10:42,106][__main__][INFO] - [3, 13, 22], []
[2025-01-30 00:10:42,124][__main__][INFO] - [3, 13, 23], []
[2025-01-30 00:10:42,140][__main__][INFO] - [3, 13, 24], []
[2025-01-30 00:10:42,171][__main__][INFO] - [3, 13, 26], []
[2025-01-30 00:10:42,188][__main__][INFO] - [3, 13, 27], []
[2025-01-30 00:10:42,205][__main__][INFO] - [3, 13, 28], []
[2025-01-30 00:10:42,222][__main__][INFO] - [3, 13, 29], []
[2025-01-30 00:10:42,239][__main__][INFO] - [3, 13, 30], []
[2025-01-30 00:10:42,256][__main__][INFO] - [3, 13, 31], []
[2025-01-30 00:10:42,273][__main__][INFO] - [3, 13, 32], []
[2025-01-30 00:10:42,289][__main__][INFO] - [3, 13, 33], []
[2025-01-30 00:10:42,306][__main__][INFO] - [3, 13, 34], []
[2025-01-30 00:10:42,324][__main__][INFO] - [3, 13, 35], []
[2025-01-30 00:10:42,355][__main__][INFO] - [3, 14, 21], []
[2025-01-30 00:10:42,372][__main__][INFO] - [3, 14, 22], []
[2025-01-30 00:10:42,389][__main__][INFO] - [3, 14, 23], []
[2025-01-30 00:10:42,405][__main__][INFO] - [3, 14, 24], []
[2025-01-30 00:10:42,435][__main__][INFO] - [3, 14, 26], []
[2025-01-30 00:10:42,451][__main__][INFO] - [3, 14, 27], []
[2025-01-30 00:10:42,469][__main__][INFO] - [3, 14, 28], []
[2025-01-30 00:10:42,486][__main__][INFO] - [3, 14, 29], []
[2025-01-30 00:10:42,503][__main__][INFO] - [3, 14, 30], []
[2025-01-30 00:10:42,521][__main__][INFO] - [3, 14, 31], []
[2025-01-30 00:10:42,538][__main__][INFO] - [3, 14, 32], []
[2025-01-30 00:10:42,554][__main__][INFO] - [3, 14, 33], []
[2025-01-30 00:10:42,571][__main__][INFO] - [3, 14, 34], []
[2025-01-30 00:10:42,588][__main__][INFO] - [3, 14, 35], []
[2025-01-30 00:10:42,618][__main__][INFO] - [3, 15, 21], []
[2025-01-30 00:10:42,635][__main__][INFO] - [3, 15, 22], []
[2025-01-30 00:10:42,652][__main__][INFO] - [3, 15, 23], []
[2025-01-30 00:10:42,668][__main__][INFO] - [3, 15, 24], []
[2025-01-30 00:10:42,685][__main__][INFO] - [3, 15, 25], []
[2025-01-30 00:10:42,702][__main__][INFO] - [3, 15, 26], []
[2025-01-30 00:10:42,718][__main__][INFO] - [3, 15, 27], []
[2025-01-30 00:10:42,735][__main__][INFO] - [3, 15, 28], []
[2025-01-30 00:10:42,752][__main__][INFO] - [3, 15, 29], []
[2025-01-30 00:10:42,769][__main__][INFO] - [3, 15, 30], []
[2025-01-30 00:10:42,787][__main__][INFO] - [3, 15, 31], []
[2025-01-30 00:10:42,804][__main__][INFO] - [3, 15, 32], []
[2025-01-30 00:10:42,821][__main__][INFO] - [3, 15, 33], []
[2025-01-30 00:10:42,838][__main__][INFO] - [3, 15, 34], []
[2025-01-30 00:10:42,855][__main__][INFO] - [3, 15, 35], []
[2025-01-30 00:10:42,885][__main__][INFO] - [3, 16, 21], []
[2025-01-30 00:10:42,902][__main__][INFO] - [3, 16, 22], []
[2025-01-30 00:10:42,919][__main__][INFO] - [3, 16, 23], []
[2025-01-30 00:10:42,989][__main__][INFO] - [3, 16, 28], []
[2025-01-30 00:10:43,006][__main__][INFO] - [3, 16, 29], []
[2025-01-30 00:10:43,024][__main__][INFO] - [3, 16, 30], []
[2025-01-30 00:10:43,041][__main__][INFO] - [3, 16, 31], []
[2025-01-30 00:10:43,057][__main__][INFO] - [3, 16, 32], []
[2025-01-30 00:10:43,073][__main__][INFO] - [3, 16, 33], []
[2025-01-30 00:10:43,103][__main__][INFO] - [3, 16, 35], []
[2025-01-30 00:10:43,132][__main__][INFO] - [3, 17, 21], []
[2025-01-30 00:10:43,150][__main__][INFO] - [3, 17, 22], []
[2025-01-30 00:10:43,167][__main__][INFO] - [3, 17, 23], []
[2025-01-30 00:10:43,184][__main__][INFO] - [3, 17, 24], []
[2025-01-30 00:10:43,213][__main__][INFO] - [3, 17, 26], []
[2025-01-30 00:10:43,231][__main__][INFO] - [3, 17, 27], []
[2025-01-30 00:10:43,247][__main__][INFO] - [3, 17, 28], []
[2025-01-30 00:10:43,265][__main__][INFO] - [3, 17, 29], []
[2025-01-30 00:10:43,281][__main__][INFO] - [3, 17, 30], []
[2025-01-30 00:10:43,298][__main__][INFO] - [3, 17, 31], []
[2025-01-30 00:10:43,315][__main__][INFO] - [3, 17, 32], []
[2025-01-30 00:10:43,332][__main__][INFO] - [3, 17, 33], []
[2025-01-30 00:10:43,349][__main__][INFO] - [3, 17, 34], []
[2025-01-30 00:10:43,366][__main__][INFO] - [3, 17, 35], []
[2025-01-30 00:10:43,396][__main__][INFO] - [3, 18, 21], []
[2025-01-30 00:10:43,413][__main__][INFO] - [3, 18, 22], []
[2025-01-30 00:10:43,586][__main__][INFO] - [3, 18, 35], []
[2025-01-30 00:10:43,617][__main__][INFO] - [3, 19, 21], []
[2025-01-30 00:10:43,634][__main__][INFO] - [3, 19, 22], []
[2025-01-30 00:10:43,652][__main__][INFO] - [3, 19, 23], []
[2025-01-30 00:10:43,682][__main__][INFO] - [3, 19, 25], []
[2025-01-30 00:10:43,779][__main__][INFO] - [3, 19, 32], []
[2025-01-30 00:10:43,808][__main__][INFO] - [3, 19, 34], []
[2025-01-30 00:10:43,824][__main__][INFO] - [3, 19, 35], []
[2025-01-30 00:10:43,866][__main__][INFO] - [3, 21, 26], []
[2025-01-30 00:10:43,884][__main__][INFO] - [3, 21, 27], []
[2025-01-30 00:10:43,900][__main__][INFO] - [3, 21, 28], []
[2025-01-30 00:10:43,918][__main__][INFO] - [3, 21, 29], []
[2025-01-30 00:10:43,935][__main__][INFO] - [3, 21, 30], []
[2025-01-30 00:10:43,953][__main__][INFO] - [3, 21, 31], []
[2025-01-30 00:10:43,970][__main__][INFO] - [3, 21, 32], []
[2025-01-30 00:10:43,988][__main__][INFO] - [3, 21, 33], []
[2025-01-30 00:10:44,005][__main__][INFO] - [3, 21, 34], []
[2025-01-30 00:10:44,023][__main__][INFO] - [3, 21, 35], []
[2025-01-30 00:10:44,053][__main__][INFO] - [3, 22, 26], []
[2025-01-30 00:10:44,071][__main__][INFO] - [3, 22, 27], []
[2025-01-30 00:10:44,088][__main__][INFO] - [3, 22, 28], []
[2025-01-30 00:10:44,105][__main__][INFO] - [3, 22, 29], []
[2025-01-30 00:10:44,122][__main__][INFO] - [3, 22, 30], []
[2025-01-30 00:10:44,139][__main__][INFO] - [3, 22, 31], []
[2025-01-30 00:10:44,157][__main__][INFO] - [3, 22, 32], []
[2025-01-30 00:10:44,174][__main__][INFO] - [3, 22, 33], []
[2025-01-30 00:10:44,191][__main__][INFO] - [3, 22, 34], []
[2025-01-30 00:10:44,208][__main__][INFO] - [3, 22, 35], []
[2025-01-30 00:10:44,239][__main__][INFO] - [3, 23, 26], []
[2025-01-30 00:10:44,256][__main__][INFO] - [3, 23, 27], []
[2025-01-30 00:10:44,272][__main__][INFO] - [3, 23, 28], []
[2025-01-30 00:10:44,289][__main__][INFO] - [3, 23, 29], []
[2025-01-30 00:10:44,306][__main__][INFO] - [3, 23, 30], []
[2025-01-30 00:10:44,323][__main__][INFO] - [3, 23, 31], []
[2025-01-30 00:10:44,340][__main__][INFO] - [3, 23, 32], []
[2025-01-30 00:10:44,357][__main__][INFO] - [3, 23, 33], []
[2025-01-30 00:10:44,374][__main__][INFO] - [3, 23, 34], []
[2025-01-30 00:10:44,391][__main__][INFO] - [3, 23, 35], []
[2025-01-30 00:10:44,448][__main__][INFO] - [3, 24, 28], []
[2025-01-30 00:10:44,465][__main__][INFO] - [3, 24, 29], []
[2025-01-30 00:10:44,483][__main__][INFO] - [3, 24, 30], []
[2025-01-30 00:10:44,500][__main__][INFO] - [3, 24, 31], []
[2025-01-30 00:10:44,517][__main__][INFO] - [3, 24, 32], []
[2025-01-30 00:10:44,534][__main__][INFO] - [3, 24, 33], []
[2025-01-30 00:10:44,551][__main__][INFO] - [3, 24, 34], []
[2025-01-30 00:10:44,567][__main__][INFO] - [3, 24, 35], []
[2025-01-30 00:10:44,713][__main__][INFO] - [3, 25, 35], []
[2025-01-30 00:10:44,757][__main__][INFO] - [4, 10, 11], []
[2025-01-30 00:10:44,774][__main__][INFO] - [4, 10], [11]
[2025-01-30 00:10:44,792][__main__][INFO] - [4, 10, 12], []
[2025-01-30 00:10:44,811][__main__][INFO] - [4, 10, 13], []
[2025-01-30 00:10:44,828][__main__][INFO] - [4, 10, 14], []
[2025-01-30 00:10:44,845][__main__][INFO] - [4, 10, 15], []
[2025-01-30 00:10:44,863][__main__][INFO] - [4, 10, 16], []
[2025-01-30 00:10:44,880][__main__][INFO] - [4, 10, 17], []
[2025-01-30 00:10:44,897][__main__][INFO] - [4, 10, 18], []
[2025-01-30 00:10:44,915][__main__][INFO] - [4, 10, 19], []
[2025-01-30 00:10:44,944][__main__][INFO] - [4, 10, 21], []
[2025-01-30 00:10:44,961][__main__][INFO] - [4, 10, 22], []
[2025-01-30 00:10:44,978][__main__][INFO] - [4, 10, 23], []
[2025-01-30 00:10:44,995][__main__][INFO] - [4, 10, 24], []
[2025-01-30 00:10:45,012][__main__][INFO] - [4, 10, 25], []
[2025-01-30 00:10:45,029][__main__][INFO] - [4, 10, 26], []
[2025-01-30 00:10:45,045][__main__][INFO] - [4, 10, 27], []
[2025-01-30 00:10:45,062][__main__][INFO] - [4, 10, 28], []
[2025-01-30 00:10:45,079][__main__][INFO] - [4, 10, 29], []
[2025-01-30 00:10:45,096][__main__][INFO] - [4, 10, 30], []
[2025-01-30 00:10:45,112][__main__][INFO] - [4, 10, 31], []
[2025-01-30 00:10:45,129][__main__][INFO] - [4, 10, 32], []
[2025-01-30 00:10:45,145][__main__][INFO] - [4, 10, 33], []
[2025-01-30 00:10:45,162][__main__][INFO] - [4, 10, 34], []
[2025-01-30 00:10:45,178][__main__][INFO] - [4, 10, 35], []
[2025-01-30 00:10:45,209][__main__][INFO] - [4, 11], [10]
[2025-01-30 00:10:45,226][__main__][INFO] - [4], [10, 11]
[2025-01-30 00:10:45,243][__main__][INFO] - [4, 12], [10]
[2025-01-30 00:10:45,261][__main__][INFO] - [4, 13], [10]
[2025-01-30 00:10:45,278][__main__][INFO] - [4, 14], [10]
[2025-01-30 00:10:45,295][__main__][INFO] - [4, 15], [10]
[2025-01-30 00:10:45,311][__main__][INFO] - [4, 16], [10]
[2025-01-30 00:10:45,329][__main__][INFO] - [4, 17], [10]
[2025-01-30 00:10:45,346][__main__][INFO] - [4, 18], [10]
[2025-01-30 00:10:45,363][__main__][INFO] - [4, 19], [10]
[2025-01-30 00:10:45,392][__main__][INFO] - [4, 21], [10]
[2025-01-30 00:10:45,409][__main__][INFO] - [4, 22], [10]
[2025-01-30 00:10:45,426][__main__][INFO] - [4, 23], [10]
[2025-01-30 00:10:45,444][__main__][INFO] - [4, 24], [10]
[2025-01-30 00:10:45,462][__main__][INFO] - [4, 25], [10]
[2025-01-30 00:10:45,479][__main__][INFO] - [4, 26], [10]
[2025-01-30 00:10:45,496][__main__][INFO] - [4, 27], [10]
[2025-01-30 00:10:45,513][__main__][INFO] - [4, 28], [10]
[2025-01-30 00:10:45,530][__main__][INFO] - [4, 29], [10]
[2025-01-30 00:10:45,548][__main__][INFO] - [4, 30], [10]
[2025-01-30 00:10:45,565][__main__][INFO] - [4, 31], [10]
[2025-01-30 00:10:45,582][__main__][INFO] - [4, 32], [10]
[2025-01-30 00:10:45,599][__main__][INFO] - [4, 33], [10]
[2025-01-30 00:10:45,616][__main__][INFO] - [4, 34], [10]
[2025-01-30 00:10:45,633][__main__][INFO] - [4, 35], [10]
[2025-01-30 00:10:45,664][__main__][INFO] - [4, 11, 12], []
[2025-01-30 00:10:45,681][__main__][INFO] - [4, 11, 13], []
[2025-01-30 00:10:45,697][__main__][INFO] - [4, 11, 14], []
[2025-01-30 00:10:45,715][__main__][INFO] - [4, 11, 15], []
[2025-01-30 00:10:45,732][__main__][INFO] - [4, 11, 16], []
[2025-01-30 00:10:45,748][__main__][INFO] - [4, 11, 17], []
[2025-01-30 00:10:45,803][__main__][INFO] - [4, 11, 21], []
[2025-01-30 00:10:45,821][__main__][INFO] - [4, 11, 22], []
[2025-01-30 00:10:45,838][__main__][INFO] - [4, 11, 23], []
[2025-01-30 00:10:45,855][__main__][INFO] - [4, 11, 24], []
[2025-01-30 00:10:45,886][__main__][INFO] - [4, 11, 26], []
[2025-01-30 00:10:45,903][__main__][INFO] - [4, 11, 27], []
[2025-01-30 00:10:45,920][__main__][INFO] - [4, 11, 28], []
[2025-01-30 00:10:45,937][__main__][INFO] - [4, 11, 29], []
[2025-01-30 00:10:45,954][__main__][INFO] - [4, 11, 30], []
[2025-01-30 00:10:45,972][__main__][INFO] - [4, 11, 31], []
[2025-01-30 00:10:45,988][__main__][INFO] - [4, 11, 32], []
[2025-01-30 00:10:46,006][__main__][INFO] - [4, 11, 33], []
[2025-01-30 00:10:46,022][__main__][INFO] - [4, 11, 34], []
[2025-01-30 00:10:46,039][__main__][INFO] - [4, 11, 35], []
[2025-01-30 00:10:46,068][__main__][INFO] - [4, 12], [11]
[2025-01-30 00:10:46,088][__main__][INFO] - [4, 13], [11]
[2025-01-30 00:10:46,105][__main__][INFO] - [4, 14], [11]
[2025-01-30 00:10:46,122][__main__][INFO] - [4, 15], [11]
[2025-01-30 00:10:46,140][__main__][INFO] - [4, 16], [11]
[2025-01-30 00:10:46,157][__main__][INFO] - [4, 17], [11]
[2025-01-30 00:10:46,174][__main__][INFO] - [4, 18], [11]
[2025-01-30 00:10:46,191][__main__][INFO] - [4, 19], [11]
[2025-01-30 00:10:46,221][__main__][INFO] - [4, 21], [11]
[2025-01-30 00:10:46,239][__main__][INFO] - [4, 22], [11]
[2025-01-30 00:10:46,257][__main__][INFO] - [4, 23], [11]
[2025-01-30 00:10:46,274][__main__][INFO] - [4, 24], [11]
[2025-01-30 00:10:46,291][__main__][INFO] - [4, 25], [11]
[2025-01-30 00:10:46,308][__main__][INFO] - [4, 26], [11]
[2025-01-30 00:10:46,325][__main__][INFO] - [4, 27], [11]
[2025-01-30 00:10:46,342][__main__][INFO] - [4, 28], [11]
[2025-01-30 00:10:46,360][__main__][INFO] - [4, 29], [11]
[2025-01-30 00:10:46,377][__main__][INFO] - [4, 30], [11]
[2025-01-30 00:10:46,395][__main__][INFO] - [4, 31], [11]
[2025-01-30 00:10:46,412][__main__][INFO] - [4, 32], [11]
[2025-01-30 00:10:46,429][__main__][INFO] - [4, 33], [11]
[2025-01-30 00:10:46,446][__main__][INFO] - [4, 34], [11]
[2025-01-30 00:10:46,463][__main__][INFO] - [4, 35], [11]
[2025-01-30 00:10:46,495][__main__][INFO] - [4, 12, 21], []
[2025-01-30 00:10:46,514][__main__][INFO] - [4, 12, 22], []
[2025-01-30 00:10:46,532][__main__][INFO] - [4, 12, 23], []
[2025-01-30 00:10:46,550][__main__][INFO] - [4, 12, 24], []
[2025-01-30 00:10:46,567][__main__][INFO] - [4, 12, 25], []
[2025-01-30 00:10:46,584][__main__][INFO] - [4, 12, 26], []
[2025-01-30 00:10:46,601][__main__][INFO] - [4, 12, 27], []
[2025-01-30 00:10:46,619][__main__][INFO] - [4, 12, 28], []
[2025-01-30 00:10:46,636][__main__][INFO] - [4, 12, 29], []
[2025-01-30 00:10:46,654][__main__][INFO] - [4, 12, 30], []
[2025-01-30 00:10:46,670][__main__][INFO] - [4, 12, 31], []
[2025-01-30 00:10:46,688][__main__][INFO] - [4, 12, 32], []
[2025-01-30 00:10:46,705][__main__][INFO] - [4, 12, 33], []
[2025-01-30 00:10:46,722][__main__][INFO] - [4, 12, 34], []
[2025-01-30 00:10:46,739][__main__][INFO] - [4, 12, 35], []
[2025-01-30 00:10:46,770][__main__][INFO] - [4, 13, 21], []
[2025-01-30 00:10:46,788][__main__][INFO] - [4, 13, 22], []
[2025-01-30 00:10:46,806][__main__][INFO] - [4, 13, 23], []
[2025-01-30 00:10:46,823][__main__][INFO] - [4, 13, 24], []
[2025-01-30 00:10:46,853][__main__][INFO] - [4, 13, 26], []
[2025-01-30 00:10:46,870][__main__][INFO] - [4, 13, 27], []
[2025-01-30 00:10:46,887][__main__][INFO] - [4, 13, 28], []
[2025-01-30 00:10:46,904][__main__][INFO] - [4, 13, 29], []
[2025-01-30 00:10:46,921][__main__][INFO] - [4, 13, 30], []
[2025-01-30 00:10:46,939][__main__][INFO] - [4, 13, 31], []
[2025-01-30 00:10:46,956][__main__][INFO] - [4, 13, 32], []
[2025-01-30 00:10:46,973][__main__][INFO] - [4, 13, 33], []
[2025-01-30 00:10:46,991][__main__][INFO] - [4, 13, 34], []
[2025-01-30 00:10:47,008][__main__][INFO] - [4, 13, 35], []
[2025-01-30 00:10:47,038][__main__][INFO] - [4, 14, 21], []
[2025-01-30 00:10:47,054][__main__][INFO] - [4, 14, 22], []
[2025-01-30 00:10:47,072][__main__][INFO] - [4, 14, 23], []
[2025-01-30 00:10:47,088][__main__][INFO] - [4, 14, 24], []
[2025-01-30 00:10:47,119][__main__][INFO] - [4, 14, 26], []
[2025-01-30 00:10:47,136][__main__][INFO] - [4, 14, 27], []
[2025-01-30 00:10:47,153][__main__][INFO] - [4, 14, 28], []
[2025-01-30 00:10:47,170][__main__][INFO] - [4, 14, 29], []
[2025-01-30 00:10:47,187][__main__][INFO] - [4, 14, 30], []
[2025-01-30 00:10:47,204][__main__][INFO] - [4, 14, 31], []
[2025-01-30 00:10:47,222][__main__][INFO] - [4, 14, 32], []
[2025-01-30 00:10:47,240][__main__][INFO] - [4, 14, 33], []
[2025-01-30 00:10:47,256][__main__][INFO] - [4, 14, 34], []
[2025-01-30 00:10:47,273][__main__][INFO] - [4, 14, 35], []
[2025-01-30 00:10:47,302][__main__][INFO] - [4, 15, 21], []
[2025-01-30 00:10:47,320][__main__][INFO] - [4, 15, 22], []
[2025-01-30 00:10:47,338][__main__][INFO] - [4, 15, 23], []
[2025-01-30 00:10:47,355][__main__][INFO] - [4, 15, 24], []
[2025-01-30 00:10:47,385][__main__][INFO] - [4, 15, 26], []
[2025-01-30 00:10:47,403][__main__][INFO] - [4, 15, 27], []
[2025-01-30 00:10:47,419][__main__][INFO] - [4, 15, 28], []
[2025-01-30 00:10:47,436][__main__][INFO] - [4, 15, 29], []
[2025-01-30 00:10:47,453][__main__][INFO] - [4, 15, 30], []
[2025-01-30 00:10:47,469][__main__][INFO] - [4, 15, 31], []
[2025-01-30 00:10:47,487][__main__][INFO] - [4, 15, 32], []
[2025-01-30 00:10:47,504][__main__][INFO] - [4, 15, 33], []
[2025-01-30 00:10:47,521][__main__][INFO] - [4, 15, 34], []
[2025-01-30 00:10:47,538][__main__][INFO] - [4, 15, 35], []
[2025-01-30 00:10:47,568][__main__][INFO] - [4, 16, 21], []
[2025-01-30 00:10:47,585][__main__][INFO] - [4, 16, 22], []
[2025-01-30 00:10:47,603][__main__][INFO] - [4, 16, 23], []
[2025-01-30 00:10:47,671][__main__][INFO] - [4, 16, 28], []
[2025-01-30 00:10:47,689][__main__][INFO] - [4, 16, 29], []
[2025-01-30 00:10:47,706][__main__][INFO] - [4, 16, 30], []
[2025-01-30 00:10:47,723][__main__][INFO] - [4, 16, 31], []
[2025-01-30 00:10:47,740][__main__][INFO] - [4, 16, 32], []
[2025-01-30 00:10:47,757][__main__][INFO] - [4, 16, 33], []
[2025-01-30 00:10:47,787][__main__][INFO] - [4, 16, 35], []
[2025-01-30 00:10:47,817][__main__][INFO] - [4, 17, 21], []
[2025-01-30 00:10:47,834][__main__][INFO] - [4, 17, 22], []
[2025-01-30 00:10:47,851][__main__][INFO] - [4, 17, 23], []
[2025-01-30 00:10:47,868][__main__][INFO] - [4, 17, 24], []
[2025-01-30 00:10:47,898][__main__][INFO] - [4, 17, 26], []
[2025-01-30 00:10:47,915][__main__][INFO] - [4, 17, 27], []
[2025-01-30 00:10:47,933][__main__][INFO] - [4, 17, 28], []
[2025-01-30 00:10:47,950][__main__][INFO] - [4, 17, 29], []
[2025-01-30 00:10:47,967][__main__][INFO] - [4, 17, 30], []
[2025-01-30 00:10:47,984][__main__][INFO] - [4, 17, 31], []
[2025-01-30 00:10:48,001][__main__][INFO] - [4, 17, 32], []
[2025-01-30 00:10:48,018][__main__][INFO] - [4, 17, 33], []
[2025-01-30 00:10:48,035][__main__][INFO] - [4, 17, 34], []
[2025-01-30 00:10:48,052][__main__][INFO] - [4, 17, 35], []
[2025-01-30 00:10:48,083][__main__][INFO] - [4, 18, 21], []
[2025-01-30 00:10:48,100][__main__][INFO] - [4, 18, 22], []
[2025-01-30 00:10:48,117][__main__][INFO] - [4, 18, 23], []
[2025-01-30 00:10:48,225][__main__][INFO] - [4, 18, 31], []
[2025-01-30 00:10:48,281][__main__][INFO] - [4, 18, 35], []
[2025-01-30 00:10:48,311][__main__][INFO] - [4, 19, 21], []
[2025-01-30 00:10:48,329][__main__][INFO] - [4, 19, 22], []
[2025-01-30 00:10:48,345][__main__][INFO] - [4, 19, 23], []
[2025-01-30 00:10:48,375][__main__][INFO] - [4, 19, 25], []
[2025-01-30 00:10:48,509][__main__][INFO] - [4, 19, 35], []
[2025-01-30 00:10:48,553][__main__][INFO] - [4, 21, 26], []
[2025-01-30 00:10:48,571][__main__][INFO] - [4, 21, 27], []
[2025-01-30 00:10:48,588][__main__][INFO] - [4, 21, 28], []
[2025-01-30 00:10:48,605][__main__][INFO] - [4, 21, 29], []
[2025-01-30 00:10:48,623][__main__][INFO] - [4, 21, 30], []
[2025-01-30 00:10:48,639][__main__][INFO] - [4, 21, 31], []
[2025-01-30 00:10:48,657][__main__][INFO] - [4, 21, 32], []
[2025-01-30 00:10:48,675][__main__][INFO] - [4, 21, 33], []
[2025-01-30 00:10:48,693][__main__][INFO] - [4, 21, 34], []
[2025-01-30 00:10:48,710][__main__][INFO] - [4, 21, 35], []
[2025-01-30 00:10:48,741][__main__][INFO] - [4, 22, 26], []
[2025-01-30 00:10:48,758][__main__][INFO] - [4, 22, 27], []
[2025-01-30 00:10:48,775][__main__][INFO] - [4, 22, 28], []
[2025-01-30 00:10:48,792][__main__][INFO] - [4, 22, 29], []
[2025-01-30 00:10:48,810][__main__][INFO] - [4, 22, 30], []
[2025-01-30 00:10:48,827][__main__][INFO] - [4, 22, 31], []
[2025-01-30 00:10:48,844][__main__][INFO] - [4, 22, 32], []
[2025-01-30 00:10:48,861][__main__][INFO] - [4, 22, 33], []
[2025-01-30 00:10:48,879][__main__][INFO] - [4, 22, 34], []
[2025-01-30 00:10:48,896][__main__][INFO] - [4, 22, 35], []
[2025-01-30 00:10:48,927][__main__][INFO] - [4, 23, 26], []
[2025-01-30 00:10:48,944][__main__][INFO] - [4, 23, 27], []
[2025-01-30 00:10:48,961][__main__][INFO] - [4, 23, 28], []
[2025-01-30 00:10:48,978][__main__][INFO] - [4, 23, 29], []
[2025-01-30 00:10:48,995][__main__][INFO] - [4, 23, 30], []
[2025-01-30 00:10:49,012][__main__][INFO] - [4, 23, 31], []
[2025-01-30 00:10:49,029][__main__][INFO] - [4, 23, 32], []
[2025-01-30 00:10:49,046][__main__][INFO] - [4, 23, 33], []
[2025-01-30 00:10:49,063][__main__][INFO] - [4, 23, 34], []
[2025-01-30 00:10:49,081][__main__][INFO] - [4, 23, 35], []
[2025-01-30 00:10:49,137][__main__][INFO] - [4, 24, 28], []
[2025-01-30 00:10:49,154][__main__][INFO] - [4, 24, 29], []
[2025-01-30 00:10:49,171][__main__][INFO] - [4, 24, 30], []
[2025-01-30 00:10:49,188][__main__][INFO] - [4, 24, 31], []
[2025-01-30 00:10:49,206][__main__][INFO] - [4, 24, 32], []
[2025-01-30 00:10:49,224][__main__][INFO] - [4, 24, 33], []
[2025-01-30 00:10:49,243][__main__][INFO] - [4, 24, 34], []
[2025-01-30 00:10:49,261][__main__][INFO] - [4, 24, 35], []
[2025-01-30 00:10:49,409][__main__][INFO] - [4, 25, 35], []
[2025-01-30 00:10:49,450][__main__][INFO] - [5, 10, 11], []
[2025-01-30 00:10:49,467][__main__][INFO] - [5, 10], [11]
[2025-01-30 00:10:49,485][__main__][INFO] - [5, 10, 12], []
[2025-01-30 00:10:49,502][__main__][INFO] - [5, 10, 13], []
[2025-01-30 00:10:49,519][__main__][INFO] - [5, 10, 14], []
[2025-01-30 00:10:49,535][__main__][INFO] - [5, 10, 15], []
[2025-01-30 00:10:49,552][__main__][INFO] - [5, 10, 16], []
[2025-01-30 00:10:49,569][__main__][INFO] - [5, 10, 17], []
[2025-01-30 00:10:49,585][__main__][INFO] - [5, 10, 18], []
[2025-01-30 00:10:49,602][__main__][INFO] - [5, 10, 19], []
[2025-01-30 00:10:49,631][__main__][INFO] - [5, 10, 21], []
[2025-01-30 00:10:49,648][__main__][INFO] - [5, 10, 22], []
[2025-01-30 00:10:49,665][__main__][INFO] - [5, 10, 23], []
[2025-01-30 00:10:49,682][__main__][INFO] - [5, 10, 24], []
[2025-01-30 00:10:49,700][__main__][INFO] - [5, 10, 25], []
[2025-01-30 00:10:49,718][__main__][INFO] - [5, 10, 26], []
[2025-01-30 00:10:49,734][__main__][INFO] - [5, 10, 27], []
[2025-01-30 00:10:49,751][__main__][INFO] - [5, 10, 28], []
[2025-01-30 00:10:49,768][__main__][INFO] - [5, 10, 29], []
[2025-01-30 00:10:49,786][__main__][INFO] - [5, 10, 30], []
[2025-01-30 00:10:49,802][__main__][INFO] - [5, 10, 31], []
[2025-01-30 00:10:49,819][__main__][INFO] - [5, 10, 32], []
[2025-01-30 00:10:49,836][__main__][INFO] - [5, 10, 33], []
[2025-01-30 00:10:49,853][__main__][INFO] - [5, 10, 34], []
[2025-01-30 00:10:49,870][__main__][INFO] - [5, 10, 35], []
[2025-01-30 00:10:49,900][__main__][INFO] - [5, 11], [10]
[2025-01-30 00:10:49,917][__main__][INFO] - [5], [10, 11]
[2025-01-30 00:10:49,934][__main__][INFO] - [5, 12], [10]
[2025-01-30 00:10:49,952][__main__][INFO] - [5, 13], [10]
[2025-01-30 00:10:49,971][__main__][INFO] - [5, 14], [10]
[2025-01-30 00:10:49,989][__main__][INFO] - [5, 15], [10]
[2025-01-30 00:10:50,005][__main__][INFO] - [5, 16], [10]
[2025-01-30 00:10:50,021][__main__][INFO] - [5, 17], [10]
[2025-01-30 00:10:50,038][__main__][INFO] - [5, 18], [10]
[2025-01-30 00:10:50,055][__main__][INFO] - [5, 19], [10]
[2025-01-30 00:10:50,085][__main__][INFO] - [5, 21], [10]
[2025-01-30 00:10:50,103][__main__][INFO] - [5, 22], [10]
[2025-01-30 00:10:50,120][__main__][INFO] - [5, 23], [10]
[2025-01-30 00:10:50,137][__main__][INFO] - [5, 24], [10]
[2025-01-30 00:10:50,154][__main__][INFO] - [5, 25], [10]
[2025-01-30 00:10:50,171][__main__][INFO] - [5, 26], [10]
[2025-01-30 00:10:50,189][__main__][INFO] - [5, 27], [10]
[2025-01-30 00:10:50,206][__main__][INFO] - [5, 28], [10]
[2025-01-30 00:10:50,224][__main__][INFO] - [5, 29], [10]
[2025-01-30 00:10:50,241][__main__][INFO] - [5, 30], [10]
[2025-01-30 00:10:50,259][__main__][INFO] - [5, 31], [10]
[2025-01-30 00:10:50,276][__main__][INFO] - [5, 32], [10]
[2025-01-30 00:10:50,293][__main__][INFO] - [5, 33], [10]
[2025-01-30 00:10:50,311][__main__][INFO] - [5, 34], [10]
[2025-01-30 00:10:50,328][__main__][INFO] - [5, 35], [10]
[2025-01-30 00:10:50,358][__main__][INFO] - [5, 11, 12], []
[2025-01-30 00:10:50,375][__main__][INFO] - [5, 11, 13], []
[2025-01-30 00:10:50,391][__main__][INFO] - [5, 11, 14], []
[2025-01-30 00:10:50,408][__main__][INFO] - [5, 11, 15], []
[2025-01-30 00:10:50,425][__main__][INFO] - [5, 11, 16], []
[2025-01-30 00:10:50,442][__main__][INFO] - [5, 11, 17], []
[2025-01-30 00:10:50,496][__main__][INFO] - [5, 11, 21], []
[2025-01-30 00:10:50,513][__main__][INFO] - [5, 11, 22], []
[2025-01-30 00:10:50,530][__main__][INFO] - [5, 11, 23], []
[2025-01-30 00:10:50,548][__main__][INFO] - [5, 11, 24], []
[2025-01-30 00:10:50,578][__main__][INFO] - [5, 11, 26], []
[2025-01-30 00:10:50,595][__main__][INFO] - [5, 11, 27], []
[2025-01-30 00:10:50,612][__main__][INFO] - [5, 11, 28], []
[2025-01-30 00:10:50,629][__main__][INFO] - [5, 11, 29], []
[2025-01-30 00:10:50,646][__main__][INFO] - [5, 11, 30], []
[2025-01-30 00:10:50,664][__main__][INFO] - [5, 11, 31], []
[2025-01-30 00:10:50,682][__main__][INFO] - [5, 11, 32], []
[2025-01-30 00:10:50,699][__main__][INFO] - [5, 11, 33], []
[2025-01-30 00:10:50,715][__main__][INFO] - [5, 11, 34], []
[2025-01-30 00:10:50,731][__main__][INFO] - [5, 11, 35], []
[2025-01-30 00:10:50,760][__main__][INFO] - [5, 12], [11]
[2025-01-30 00:10:50,778][__main__][INFO] - [5, 13], [11]
[2025-01-30 00:10:50,795][__main__][INFO] - [5, 14], [11]
[2025-01-30 00:10:50,811][__main__][INFO] - [5, 15], [11]
[2025-01-30 00:10:50,828][__main__][INFO] - [5, 16], [11]
[2025-01-30 00:10:50,845][__main__][INFO] - [5, 17], [11]
[2025-01-30 00:10:50,861][__main__][INFO] - [5, 18], [11]
[2025-01-30 00:10:50,878][__main__][INFO] - [5, 19], [11]
[2025-01-30 00:10:50,907][__main__][INFO] - [5, 21], [11]
[2025-01-30 00:10:50,926][__main__][INFO] - [5, 22], [11]
[2025-01-30 00:10:50,942][__main__][INFO] - [5, 23], [11]
[2025-01-30 00:10:50,960][__main__][INFO] - [5, 24], [11]
[2025-01-30 00:10:50,977][__main__][INFO] - [5, 25], [11]
[2025-01-30 00:10:50,994][__main__][INFO] - [5, 26], [11]
[2025-01-30 00:10:51,011][__main__][INFO] - [5, 27], [11]
[2025-01-30 00:10:51,028][__main__][INFO] - [5, 28], [11]
[2025-01-30 00:10:51,045][__main__][INFO] - [5, 29], [11]
[2025-01-30 00:10:51,063][__main__][INFO] - [5, 30], [11]
[2025-01-30 00:10:51,080][__main__][INFO] - [5, 31], [11]
[2025-01-30 00:10:51,097][__main__][INFO] - [5, 32], [11]
[2025-01-30 00:10:51,115][__main__][INFO] - [5, 33], [11]
[2025-01-30 00:10:51,133][__main__][INFO] - [5, 34], [11]
[2025-01-30 00:10:51,150][__main__][INFO] - [5, 35], [11]
[2025-01-30 00:10:51,182][__main__][INFO] - [5, 12, 21], []
[2025-01-30 00:10:51,200][__main__][INFO] - [5, 12, 22], []
[2025-01-30 00:10:51,218][__main__][INFO] - [5, 12, 23], []
[2025-01-30 00:10:51,236][__main__][INFO] - [5, 12, 24], []
[2025-01-30 00:10:51,253][__main__][INFO] - [5, 12, 25], []
[2025-01-30 00:10:51,271][__main__][INFO] - [5, 12, 26], []
[2025-01-30 00:10:51,288][__main__][INFO] - [5, 12, 27], []
[2025-01-30 00:10:51,305][__main__][INFO] - [5, 12, 28], []
[2025-01-30 00:10:51,322][__main__][INFO] - [5, 12, 29], []
[2025-01-30 00:10:51,339][__main__][INFO] - [5, 12, 30], []
[2025-01-30 00:10:51,356][__main__][INFO] - [5, 12, 31], []
[2025-01-30 00:10:51,372][__main__][INFO] - [5, 12, 32], []
[2025-01-30 00:10:51,389][__main__][INFO] - [5, 12, 33], []
[2025-01-30 00:10:51,405][__main__][INFO] - [5, 12, 34], []
[2025-01-30 00:10:51,421][__main__][INFO] - [5, 12, 35], []
[2025-01-30 00:10:51,453][__main__][INFO] - [5, 13, 21], []
[2025-01-30 00:10:51,470][__main__][INFO] - [5, 13, 22], []
[2025-01-30 00:10:51,488][__main__][INFO] - [5, 13, 23], []
[2025-01-30 00:10:51,505][__main__][INFO] - [5, 13, 24], []
[2025-01-30 00:10:51,535][__main__][INFO] - [5, 13, 26], []
[2025-01-30 00:10:51,552][__main__][INFO] - [5, 13, 27], []
[2025-01-30 00:10:51,569][__main__][INFO] - [5, 13, 28], []
[2025-01-30 00:10:51,586][__main__][INFO] - [5, 13, 29], []
[2025-01-30 00:10:51,603][__main__][INFO] - [5, 13, 30], []
[2025-01-30 00:10:51,620][__main__][INFO] - [5, 13, 31], []
[2025-01-30 00:10:51,637][__main__][INFO] - [5, 13, 32], []
[2025-01-30 00:10:51,655][__main__][INFO] - [5, 13, 33], []
[2025-01-30 00:10:51,672][__main__][INFO] - [5, 13, 34], []
[2025-01-30 00:10:51,689][__main__][INFO] - [5, 13, 35], []
[2025-01-30 00:10:51,719][__main__][INFO] - [5, 14, 21], []
[2025-01-30 00:10:51,736][__main__][INFO] - [5, 14, 22], []
[2025-01-30 00:10:51,754][__main__][INFO] - [5, 14, 23], []
[2025-01-30 00:10:51,771][__main__][INFO] - [5, 14, 24], []
[2025-01-30 00:10:51,814][__main__][INFO] - [5, 14, 27], []
[2025-01-30 00:10:51,831][__main__][INFO] - [5, 14, 28], []
[2025-01-30 00:10:51,849][__main__][INFO] - [5, 14, 29], []
[2025-01-30 00:10:51,866][__main__][INFO] - [5, 14, 30], []
[2025-01-30 00:10:51,884][__main__][INFO] - [5, 14, 31], []
[2025-01-30 00:10:51,901][__main__][INFO] - [5, 14, 32], []
[2025-01-30 00:10:51,918][__main__][INFO] - [5, 14, 33], []
[2025-01-30 00:10:51,935][__main__][INFO] - [5, 14, 34], []
[2025-01-30 00:10:51,952][__main__][INFO] - [5, 14, 35], []
[2025-01-30 00:10:51,982][__main__][INFO] - [5, 15, 21], []
[2025-01-30 00:10:52,000][__main__][INFO] - [5, 15, 22], []
[2025-01-30 00:10:52,017][__main__][INFO] - [5, 15, 23], []
[2025-01-30 00:10:52,035][__main__][INFO] - [5, 15, 24], []
[2025-01-30 00:10:52,065][__main__][INFO] - [5, 15, 26], []
[2025-01-30 00:10:52,083][__main__][INFO] - [5, 15, 27], []
[2025-01-30 00:10:52,099][__main__][INFO] - [5, 15, 28], []
[2025-01-30 00:10:52,117][__main__][INFO] - [5, 15, 29], []
[2025-01-30 00:10:52,135][__main__][INFO] - [5, 15, 30], []
[2025-01-30 00:10:52,152][__main__][INFO] - [5, 15, 31], []
[2025-01-30 00:10:52,170][__main__][INFO] - [5, 15, 32], []
[2025-01-30 00:10:52,187][__main__][INFO] - [5, 15, 33], []
[2025-01-30 00:10:52,204][__main__][INFO] - [5, 15, 34], []
[2025-01-30 00:10:52,221][__main__][INFO] - [5, 15, 35], []
[2025-01-30 00:10:52,251][__main__][INFO] - [5, 16, 21], []
[2025-01-30 00:10:52,269][__main__][INFO] - [5, 16, 22], []
[2025-01-30 00:10:52,286][__main__][INFO] - [5, 16, 23], []
[2025-01-30 00:10:52,384][__main__][INFO] - [5, 16, 30], []
[2025-01-30 00:10:52,401][__main__][INFO] - [5, 16, 31], []
[2025-01-30 00:10:52,431][__main__][INFO] - [5, 16, 33], []
[2025-01-30 00:10:52,461][__main__][INFO] - [5, 16, 35], []
[2025-01-30 00:10:52,492][__main__][INFO] - [5, 17, 21], []
[2025-01-30 00:10:52,508][__main__][INFO] - [5, 17, 22], []
[2025-01-30 00:10:52,526][__main__][INFO] - [5, 17, 23], []
[2025-01-30 00:10:52,543][__main__][INFO] - [5, 17, 24], []
[2025-01-30 00:10:52,573][__main__][INFO] - [5, 17, 26], []
[2025-01-30 00:10:52,590][__main__][INFO] - [5, 17, 27], []
[2025-01-30 00:10:52,608][__main__][INFO] - [5, 17, 28], []
[2025-01-30 00:10:52,625][__main__][INFO] - [5, 17, 29], []
[2025-01-30 00:10:52,642][__main__][INFO] - [5, 17, 30], []
[2025-01-30 00:10:52,659][__main__][INFO] - [5, 17, 31], []
[2025-01-30 00:10:52,677][__main__][INFO] - [5, 17, 32], []
[2025-01-30 00:10:52,694][__main__][INFO] - [5, 17, 33], []
[2025-01-30 00:10:52,711][__main__][INFO] - [5, 17, 34], []
[2025-01-30 00:10:52,728][__main__][INFO] - [5, 17, 35], []
[2025-01-30 00:10:52,759][__main__][INFO] - [5, 18, 21], []
[2025-01-30 00:10:52,789][__main__][INFO] - [5, 18, 23], []
[2025-01-30 00:10:52,910][__main__][INFO] - [5, 18, 32], []
[2025-01-30 00:10:52,952][__main__][INFO] - [5, 18, 35], []
[2025-01-30 00:10:52,981][__main__][INFO] - [5, 19, 21], []
[2025-01-30 00:10:53,010][__main__][INFO] - [5, 19, 23], []
[2025-01-30 00:10:53,170][__main__][INFO] - [5, 19, 35], []
[2025-01-30 00:10:53,213][__main__][INFO] - [5, 21, 26], []
[2025-01-30 00:10:53,230][__main__][INFO] - [5, 21, 27], []
[2025-01-30 00:10:53,247][__main__][INFO] - [5, 21, 28], []
[2025-01-30 00:10:53,265][__main__][INFO] - [5, 21, 29], []
[2025-01-30 00:10:53,282][__main__][INFO] - [5, 21, 30], []
[2025-01-30 00:10:53,300][__main__][INFO] - [5, 21, 31], []
[2025-01-30 00:10:53,317][__main__][INFO] - [5, 21, 32], []
[2025-01-30 00:10:53,335][__main__][INFO] - [5, 21, 33], []
[2025-01-30 00:10:53,351][__main__][INFO] - [5, 21, 34], []
[2025-01-30 00:10:53,369][__main__][INFO] - [5, 21, 35], []
[2025-01-30 00:10:53,399][__main__][INFO] - [5, 22, 26], []
[2025-01-30 00:10:53,416][__main__][INFO] - [5, 22, 27], []
[2025-01-30 00:10:53,433][__main__][INFO] - [5, 22, 28], []
[2025-01-30 00:10:53,450][__main__][INFO] - [5, 22, 29], []
[2025-01-30 00:10:53,467][__main__][INFO] - [5, 22, 30], []
[2025-01-30 00:10:53,484][__main__][INFO] - [5, 22, 31], []
[2025-01-30 00:10:53,501][__main__][INFO] - [5, 22, 32], []
[2025-01-30 00:10:53,519][__main__][INFO] - [5, 22, 33], []
[2025-01-30 00:10:53,535][__main__][INFO] - [5, 22, 34], []
[2025-01-30 00:10:53,552][__main__][INFO] - [5, 22, 35], []
[2025-01-30 00:10:53,582][__main__][INFO] - [5, 23, 26], []
[2025-01-30 00:10:53,599][__main__][INFO] - [5, 23, 27], []
[2025-01-30 00:10:53,617][__main__][INFO] - [5, 23, 28], []
[2025-01-30 00:10:53,634][__main__][INFO] - [5, 23, 29], []
[2025-01-30 00:10:53,651][__main__][INFO] - [5, 23, 30], []
[2025-01-30 00:10:53,668][__main__][INFO] - [5, 23, 31], []
[2025-01-30 00:10:53,686][__main__][INFO] - [5, 23, 32], []
[2025-01-30 00:10:53,703][__main__][INFO] - [5, 23, 33], []
[2025-01-30 00:10:53,720][__main__][INFO] - [5, 23, 34], []
[2025-01-30 00:10:53,737][__main__][INFO] - [5, 23, 35], []
[2025-01-30 00:10:53,805][__main__][INFO] - [5, 24, 29], []
[2025-01-30 00:10:53,822][__main__][INFO] - [5, 24, 30], []
[2025-01-30 00:10:53,840][__main__][INFO] - [5, 24, 31], []
[2025-01-30 00:10:53,857][__main__][INFO] - [5, 24, 32], []
[2025-01-30 00:10:53,874][__main__][INFO] - [5, 24, 33], []
[2025-01-30 00:10:53,891][__main__][INFO] - [5, 24, 34], []
[2025-01-30 00:10:53,908][__main__][INFO] - [5, 24, 35], []
[2025-01-30 00:10:54,055][__main__][INFO] - [5, 25, 35], []
[2025-01-30 00:10:54,098][__main__][INFO] - [6, 10, 11], []
[2025-01-30 00:10:54,115][__main__][INFO] - [6, 10], [11]
[2025-01-30 00:10:54,132][__main__][INFO] - [6, 10, 12], []
[2025-01-30 00:10:54,150][__main__][INFO] - [6, 10, 13], []
[2025-01-30 00:10:54,166][__main__][INFO] - [6, 10, 14], []
[2025-01-30 00:10:54,183][__main__][INFO] - [6, 10, 15], []
[2025-01-30 00:10:54,199][__main__][INFO] - [6, 10, 16], []
[2025-01-30 00:10:54,216][__main__][INFO] - [6, 10, 17], []
[2025-01-30 00:10:54,272][__main__][INFO] - [6, 10, 21], []
[2025-01-30 00:10:54,290][__main__][INFO] - [6, 10, 22], []
[2025-01-30 00:10:54,307][__main__][INFO] - [6, 10, 23], []
[2025-01-30 00:10:54,324][__main__][INFO] - [6, 10, 24], []
[2025-01-30 00:10:54,353][__main__][INFO] - [6, 10, 26], []
[2025-01-30 00:10:54,370][__main__][INFO] - [6, 10, 27], []
[2025-01-30 00:10:54,387][__main__][INFO] - [6, 10, 28], []
[2025-01-30 00:10:54,404][__main__][INFO] - [6, 10, 29], []
[2025-01-30 00:10:54,421][__main__][INFO] - [6, 10, 30], []
[2025-01-30 00:10:54,438][__main__][INFO] - [6, 10, 31], []
[2025-01-30 00:10:54,455][__main__][INFO] - [6, 10, 32], []
[2025-01-30 00:10:54,472][__main__][INFO] - [6, 10, 33], []
[2025-01-30 00:10:54,489][__main__][INFO] - [6, 10, 34], []
[2025-01-30 00:10:54,507][__main__][INFO] - [6, 10, 35], []
[2025-01-30 00:10:54,537][__main__][INFO] - [6, 11], [10]
[2025-01-30 00:10:54,553][__main__][INFO] - [6], [10, 11]
[2025-01-30 00:10:54,570][__main__][INFO] - [6, 12], [10]
[2025-01-30 00:10:54,587][__main__][INFO] - [6, 13], [10]
[2025-01-30 00:10:54,604][__main__][INFO] - [6, 14], [10]
[2025-01-30 00:10:54,621][__main__][INFO] - [6, 15], [10]
[2025-01-30 00:10:54,638][__main__][INFO] - [6, 16], [10]
[2025-01-30 00:10:54,654][__main__][INFO] - [6, 17], [10]
[2025-01-30 00:10:54,684][__main__][INFO] - [6, 19], [10]
[2025-01-30 00:10:54,714][__main__][INFO] - [6, 21], [10]
[2025-01-30 00:10:54,731][__main__][INFO] - [6, 22], [10]
[2025-01-30 00:10:54,748][__main__][INFO] - [6, 23], [10]
[2025-01-30 00:10:54,765][__main__][INFO] - [6, 24], [10]
[2025-01-30 00:10:54,795][__main__][INFO] - [6, 26], [10]
[2025-01-30 00:10:54,812][__main__][INFO] - [6, 27], [10]
[2025-01-30 00:10:54,830][__main__][INFO] - [6, 28], [10]
[2025-01-30 00:10:54,847][__main__][INFO] - [6, 29], [10]
[2025-01-30 00:10:54,865][__main__][INFO] - [6, 30], [10]
[2025-01-30 00:10:54,882][__main__][INFO] - [6, 31], [10]
[2025-01-30 00:10:54,899][__main__][INFO] - [6, 32], [10]
[2025-01-30 00:10:54,916][__main__][INFO] - [6, 33], [10]
[2025-01-30 00:10:54,933][__main__][INFO] - [6, 34], [10]
[2025-01-30 00:10:54,950][__main__][INFO] - [6, 35], [10]
[2025-01-30 00:10:54,980][__main__][INFO] - [6, 11, 12], []
[2025-01-30 00:10:54,997][__main__][INFO] - [6, 11, 13], []
[2025-01-30 00:10:55,013][__main__][INFO] - [6, 11, 14], []
[2025-01-30 00:10:55,029][__main__][INFO] - [6, 11, 15], []
[2025-01-30 00:10:55,045][__main__][INFO] - [6, 11, 16], []
[2025-01-30 00:10:55,062][__main__][INFO] - [6, 11, 17], []
[2025-01-30 00:10:55,116][__main__][INFO] - [6, 11, 21], []
[2025-01-30 00:10:55,133][__main__][INFO] - [6, 11, 22], []
[2025-01-30 00:10:55,150][__main__][INFO] - [6, 11, 23], []
[2025-01-30 00:10:55,193][__main__][INFO] - [6, 11, 26], []
[2025-01-30 00:10:55,210][__main__][INFO] - [6, 11, 27], []
[2025-01-30 00:10:55,227][__main__][INFO] - [6, 11, 28], []
[2025-01-30 00:10:55,245][__main__][INFO] - [6, 11, 29], []
[2025-01-30 00:10:55,261][__main__][INFO] - [6, 11, 30], []
[2025-01-30 00:10:55,277][__main__][INFO] - [6, 11, 31], []
[2025-01-30 00:10:55,294][__main__][INFO] - [6, 11, 32], []
[2025-01-30 00:10:55,310][__main__][INFO] - [6, 11, 33], []
[2025-01-30 00:10:55,327][__main__][INFO] - [6, 11, 34], []
[2025-01-30 00:10:55,344][__main__][INFO] - [6, 11, 35], []
[2025-01-30 00:10:55,374][__main__][INFO] - [6, 12], [11]
[2025-01-30 00:10:55,391][__main__][INFO] - [6, 13], [11]
[2025-01-30 00:10:55,408][__main__][INFO] - [6, 14], [11]
[2025-01-30 00:10:55,424][__main__][INFO] - [6, 15], [11]
[2025-01-30 00:10:55,441][__main__][INFO] - [6, 16], [11]
[2025-01-30 00:10:55,458][__main__][INFO] - [6, 17], [11]
[2025-01-30 00:10:55,475][__main__][INFO] - [6, 18], [11]
[2025-01-30 00:10:55,492][__main__][INFO] - [6, 19], [11]
[2025-01-30 00:10:55,522][__main__][INFO] - [6, 21], [11]
[2025-01-30 00:10:55,540][__main__][INFO] - [6, 22], [11]
[2025-01-30 00:10:55,557][__main__][INFO] - [6, 23], [11]
[2025-01-30 00:10:55,574][__main__][INFO] - [6, 24], [11]
[2025-01-30 00:10:55,591][__main__][INFO] - [6, 25], [11]
[2025-01-30 00:10:55,609][__main__][INFO] - [6, 26], [11]
[2025-01-30 00:10:55,626][__main__][INFO] - [6, 27], [11]
[2025-01-30 00:10:55,642][__main__][INFO] - [6, 28], [11]
[2025-01-30 00:10:55,659][__main__][INFO] - [6, 29], [11]
[2025-01-30 00:10:55,676][__main__][INFO] - [6, 30], [11]
[2025-01-30 00:10:55,694][__main__][INFO] - [6, 31], [11]
[2025-01-30 00:10:55,712][__main__][INFO] - [6, 32], [11]
[2025-01-30 00:10:55,729][__main__][INFO] - [6, 33], [11]
[2025-01-30 00:10:55,746][__main__][INFO] - [6, 34], [11]
[2025-01-30 00:10:55,764][__main__][INFO] - [6, 35], [11]
[2025-01-30 00:10:55,794][__main__][INFO] - [6, 12, 21], []
[2025-01-30 00:10:55,812][__main__][INFO] - [6, 12, 22], []
[2025-01-30 00:10:55,830][__main__][INFO] - [6, 12, 23], []
[2025-01-30 00:10:55,847][__main__][INFO] - [6, 12, 24], []
[2025-01-30 00:10:55,877][__main__][INFO] - [6, 12, 26], []
[2025-01-30 00:10:55,894][__main__][INFO] - [6, 12, 27], []
[2025-01-30 00:10:55,911][__main__][INFO] - [6, 12, 28], []
[2025-01-30 00:10:55,928][__main__][INFO] - [6, 12, 29], []
[2025-01-30 00:10:55,944][__main__][INFO] - [6, 12, 30], []
[2025-01-30 00:10:55,962][__main__][INFO] - [6, 12, 31], []
[2025-01-30 00:10:55,978][__main__][INFO] - [6, 12, 32], []
[2025-01-30 00:10:55,995][__main__][INFO] - [6, 12, 33], []
[2025-01-30 00:10:56,012][__main__][INFO] - [6, 12, 34], []
[2025-01-30 00:10:56,029][__main__][INFO] - [6, 12, 35], []
[2025-01-30 00:10:56,059][__main__][INFO] - [6, 13, 21], []
[2025-01-30 00:10:56,077][__main__][INFO] - [6, 13, 22], []
[2025-01-30 00:10:56,094][__main__][INFO] - [6, 13, 23], []
[2025-01-30 00:10:56,149][__main__][INFO] - [6, 13, 27], []
[2025-01-30 00:10:56,167][__main__][INFO] - [6, 13, 28], []
[2025-01-30 00:10:56,184][__main__][INFO] - [6, 13, 29], []
[2025-01-30 00:10:56,201][__main__][INFO] - [6, 13, 30], []
[2025-01-30 00:10:56,218][__main__][INFO] - [6, 13, 31], []
[2025-01-30 00:10:56,235][__main__][INFO] - [6, 13, 32], []
[2025-01-30 00:10:56,252][__main__][INFO] - [6, 13, 33], []
[2025-01-30 00:10:56,269][__main__][INFO] - [6, 13, 34], []
[2025-01-30 00:10:56,286][__main__][INFO] - [6, 13, 35], []
[2025-01-30 00:10:56,315][__main__][INFO] - [6, 14, 21], []
[2025-01-30 00:10:56,333][__main__][INFO] - [6, 14, 22], []
[2025-01-30 00:10:56,350][__main__][INFO] - [6, 14, 23], []
[2025-01-30 00:10:56,367][__main__][INFO] - [6, 14, 24], []
[2025-01-30 00:10:56,424][__main__][INFO] - [6, 14, 28], []
[2025-01-30 00:10:56,454][__main__][INFO] - [6, 14, 30], []
[2025-01-30 00:10:56,471][__main__][INFO] - [6, 14, 31], []
[2025-01-30 00:10:56,489][__main__][INFO] - [6, 14, 32], []
[2025-01-30 00:10:56,505][__main__][INFO] - [6, 14, 33], []
[2025-01-30 00:10:56,522][__main__][INFO] - [6, 14, 34], []
[2025-01-30 00:10:56,539][__main__][INFO] - [6, 14, 35], []
[2025-01-30 00:10:56,569][__main__][INFO] - [6, 15, 21], []
[2025-01-30 00:10:56,586][__main__][INFO] - [6, 15, 22], []
[2025-01-30 00:10:56,603][__main__][INFO] - [6, 15, 23], []
[2025-01-30 00:10:56,621][__main__][INFO] - [6, 15, 24], []
[2025-01-30 00:10:56,651][__main__][INFO] - [6, 15, 26], []
[2025-01-30 00:10:56,668][__main__][INFO] - [6, 15, 27], []
[2025-01-30 00:10:56,685][__main__][INFO] - [6, 15, 28], []
[2025-01-30 00:10:56,703][__main__][INFO] - [6, 15, 29], []
[2025-01-30 00:10:56,720][__main__][INFO] - [6, 15, 30], []
[2025-01-30 00:10:56,736][__main__][INFO] - [6, 15, 31], []
[2025-01-30 00:10:56,752][__main__][INFO] - [6, 15, 32], []
[2025-01-30 00:10:56,769][__main__][INFO] - [6, 15, 33], []
[2025-01-30 00:10:56,785][__main__][INFO] - [6, 15, 34], []
[2025-01-30 00:10:56,802][__main__][INFO] - [6, 15, 35], []
[2025-01-30 00:10:56,831][__main__][INFO] - [6, 16, 21], []
[2025-01-30 00:10:57,018][__main__][INFO] - [6, 16, 35], []
[2025-01-30 00:10:57,048][__main__][INFO] - [6, 17, 21], []
[2025-01-30 00:10:57,064][__main__][INFO] - [6, 17, 22], []
[2025-01-30 00:10:57,082][__main__][INFO] - [6, 17, 23], []
[2025-01-30 00:10:57,137][__main__][INFO] - [6, 17, 27], []
[2025-01-30 00:10:57,154][__main__][INFO] - [6, 17, 28], []
[2025-01-30 00:10:57,171][__main__][INFO] - [6, 17, 29], []
[2025-01-30 00:10:57,189][__main__][INFO] - [6, 17, 30], []
[2025-01-30 00:10:57,206][__main__][INFO] - [6, 17, 31], []
[2025-01-30 00:10:57,224][__main__][INFO] - [6, 17, 32], []
[2025-01-30 00:10:57,241][__main__][INFO] - [6, 17, 33], []
[2025-01-30 00:10:57,258][__main__][INFO] - [6, 17, 34], []
[2025-01-30 00:10:57,275][__main__][INFO] - [6, 17, 35], []
[2025-01-30 00:10:57,515][__main__][INFO] - [6, 19, 21], []
[2025-01-30 00:10:57,701][__main__][INFO] - [6, 19, 35], []
[2025-01-30 00:10:57,746][__main__][INFO] - [6, 21, 26], []
[2025-01-30 00:10:57,763][__main__][INFO] - [6, 21, 27], []
[2025-01-30 00:10:57,780][__main__][INFO] - [6, 21, 28], []
[2025-01-30 00:10:57,797][__main__][INFO] - [6, 21, 29], []
[2025-01-30 00:10:57,814][__main__][INFO] - [6, 21, 30], []
[2025-01-30 00:10:57,831][__main__][INFO] - [6, 21, 31], []
[2025-01-30 00:10:57,849][__main__][INFO] - [6, 21, 32], []
[2025-01-30 00:10:57,866][__main__][INFO] - [6, 21, 33], []
[2025-01-30 00:10:57,884][__main__][INFO] - [6, 21, 34], []
[2025-01-30 00:10:57,901][__main__][INFO] - [6, 21, 35], []
[2025-01-30 00:10:57,932][__main__][INFO] - [6, 22, 26], []
[2025-01-30 00:10:57,949][__main__][INFO] - [6, 22, 27], []
[2025-01-30 00:10:57,966][__main__][INFO] - [6, 22, 28], []
[2025-01-30 00:10:57,983][__main__][INFO] - [6, 22, 29], []
[2025-01-30 00:10:58,000][__main__][INFO] - [6, 22, 30], []
[2025-01-30 00:10:58,018][__main__][INFO] - [6, 22, 31], []
[2025-01-30 00:10:58,035][__main__][INFO] - [6, 22, 32], []
[2025-01-30 00:10:58,052][__main__][INFO] - [6, 22, 33], []
[2025-01-30 00:10:58,069][__main__][INFO] - [6, 22, 34], []
[2025-01-30 00:10:58,085][__main__][INFO] - [6, 22, 35], []
[2025-01-30 00:10:58,115][__main__][INFO] - [6, 23, 26], []
[2025-01-30 00:10:58,132][__main__][INFO] - [6, 23, 27], []
[2025-01-30 00:10:58,149][__main__][INFO] - [6, 23, 28], []
[2025-01-30 00:10:58,166][__main__][INFO] - [6, 23, 29], []
[2025-01-30 00:10:58,183][__main__][INFO] - [6, 23, 30], []
[2025-01-30 00:10:58,200][__main__][INFO] - [6, 23, 31], []
[2025-01-30 00:10:58,217][__main__][INFO] - [6, 23, 32], []
[2025-01-30 00:10:58,234][__main__][INFO] - [6, 23, 33], []
[2025-01-30 00:10:58,251][__main__][INFO] - [6, 23, 34], []
[2025-01-30 00:10:58,269][__main__][INFO] - [6, 23, 35], []
[2025-01-30 00:10:58,415][__main__][INFO] - [6, 24, 35], []
[2025-01-30 00:10:58,598][__main__][INFO] - [7, 10, 11], []
[2025-01-30 00:10:58,615][__main__][INFO] - [7, 10], [11]
[2025-01-30 00:10:58,632][__main__][INFO] - [7, 10, 12], []
[2025-01-30 00:10:58,649][__main__][INFO] - [7, 10, 13], []
[2025-01-30 00:10:58,666][__main__][INFO] - [7, 10, 14], []
[2025-01-30 00:10:58,683][__main__][INFO] - [7, 10, 15], []
[2025-01-30 00:10:58,700][__main__][INFO] - [7, 10, 16], []
[2025-01-30 00:10:58,717][__main__][INFO] - [7, 10, 17], []
[2025-01-30 00:10:58,771][__main__][INFO] - [7, 10, 21], []
[2025-01-30 00:10:58,788][__main__][INFO] - [7, 10, 22], []
[2025-01-30 00:10:58,805][__main__][INFO] - [7, 10, 23], []
[2025-01-30 00:10:58,823][__main__][INFO] - [7, 10, 24], []
[2025-01-30 00:10:58,853][__main__][INFO] - [7, 10, 26], []
[2025-01-30 00:10:58,870][__main__][INFO] - [7, 10, 27], []
[2025-01-30 00:10:58,886][__main__][INFO] - [7, 10, 28], []
[2025-01-30 00:10:58,904][__main__][INFO] - [7, 10, 29], []
[2025-01-30 00:10:58,921][__main__][INFO] - [7, 10, 30], []
[2025-01-30 00:10:58,938][__main__][INFO] - [7, 10, 31], []
[2025-01-30 00:10:58,956][__main__][INFO] - [7, 10, 32], []
[2025-01-30 00:10:58,973][__main__][INFO] - [7, 10, 33], []
[2025-01-30 00:10:58,990][__main__][INFO] - [7, 10, 34], []
[2025-01-30 00:10:59,008][__main__][INFO] - [7, 10, 35], []
[2025-01-30 00:10:59,038][__main__][INFO] - [7, 11], [10]
[2025-01-30 00:10:59,055][__main__][INFO] - [7], [10, 11]
[2025-01-30 00:10:59,072][__main__][INFO] - [7, 12], [10]
[2025-01-30 00:10:59,088][__main__][INFO] - [7, 13], [10]
[2025-01-30 00:10:59,105][__main__][INFO] - [7, 14], [10]
[2025-01-30 00:10:59,122][__main__][INFO] - [7, 15], [10]
[2025-01-30 00:10:59,152][__main__][INFO] - [7, 17], [10]
[2025-01-30 00:10:59,208][__main__][INFO] - [7, 21], [10]
[2025-01-30 00:10:59,226][__main__][INFO] - [7, 22], [10]
[2025-01-30 00:10:59,243][__main__][INFO] - [7, 23], [10]
[2025-01-30 00:10:59,300][__main__][INFO] - [7, 27], [10]
[2025-01-30 00:10:59,317][__main__][INFO] - [7, 28], [10]
[2025-01-30 00:10:59,334][__main__][INFO] - [7, 29], [10]
[2025-01-30 00:10:59,352][__main__][INFO] - [7, 30], [10]
[2025-01-30 00:10:59,369][__main__][INFO] - [7, 31], [10]
[2025-01-30 00:10:59,386][__main__][INFO] - [7, 32], [10]
[2025-01-30 00:10:59,403][__main__][INFO] - [7, 33], [10]
[2025-01-30 00:10:59,420][__main__][INFO] - [7, 34], [10]
[2025-01-30 00:10:59,437][__main__][INFO] - [7, 35], [10]
[2025-01-30 00:10:59,467][__main__][INFO] - [7, 11, 12], []
[2025-01-30 00:10:59,484][__main__][INFO] - [7, 11, 13], []
[2025-01-30 00:10:59,500][__main__][INFO] - [7, 11, 14], []
[2025-01-30 00:10:59,517][__main__][INFO] - [7, 11, 15], []
[2025-01-30 00:10:59,547][__main__][INFO] - [7, 11, 17], []
[2025-01-30 00:10:59,603][__main__][INFO] - [7, 11, 21], []
[2025-01-30 00:10:59,620][__main__][INFO] - [7, 11, 22], []
[2025-01-30 00:10:59,637][__main__][INFO] - [7, 11, 23], []
[2025-01-30 00:10:59,705][__main__][INFO] - [7, 11, 28], []
[2025-01-30 00:10:59,722][__main__][INFO] - [7, 11, 29], []
[2025-01-30 00:10:59,739][__main__][INFO] - [7, 11, 30], []
[2025-01-30 00:10:59,757][__main__][INFO] - [7, 11, 31], []
[2025-01-30 00:10:59,774][__main__][INFO] - [7, 11, 32], []
[2025-01-30 00:10:59,791][__main__][INFO] - [7, 11, 33], []
[2025-01-30 00:10:59,808][__main__][INFO] - [7, 11, 34], []
[2025-01-30 00:10:59,825][__main__][INFO] - [7, 11, 35], []
[2025-01-30 00:10:59,855][__main__][INFO] - [7, 12], [11]
[2025-01-30 00:10:59,872][__main__][INFO] - [7, 13], [11]
[2025-01-30 00:10:59,888][__main__][INFO] - [7, 14], [11]
[2025-01-30 00:10:59,905][__main__][INFO] - [7, 15], [11]
[2025-01-30 00:10:59,922][__main__][INFO] - [7, 16], [11]
[2025-01-30 00:10:59,939][__main__][INFO] - [7, 17], [11]
[2025-01-30 00:10:59,995][__main__][INFO] - [7, 21], [11]
[2025-01-30 00:11:00,013][__main__][INFO] - [7, 22], [11]
[2025-01-30 00:11:00,030][__main__][INFO] - [7, 23], [11]
[2025-01-30 00:11:00,047][__main__][INFO] - [7, 24], [11]
[2025-01-30 00:11:00,078][__main__][INFO] - [7, 26], [11]
[2025-01-30 00:11:00,095][__main__][INFO] - [7, 27], [11]
[2025-01-30 00:11:00,113][__main__][INFO] - [7, 28], [11]
[2025-01-30 00:11:00,130][__main__][INFO] - [7, 29], [11]
[2025-01-30 00:11:00,147][__main__][INFO] - [7, 30], [11]
[2025-01-30 00:11:00,165][__main__][INFO] - [7, 31], [11]
[2025-01-30 00:11:00,182][__main__][INFO] - [7, 32], [11]
[2025-01-30 00:11:00,199][__main__][INFO] - [7, 33], [11]
[2025-01-30 00:11:00,216][__main__][INFO] - [7, 34], [11]
[2025-01-30 00:11:00,233][__main__][INFO] - [7, 35], [11]
[2025-01-30 00:11:00,263][__main__][INFO] - [7, 12, 21], []
[2025-01-30 00:11:00,281][__main__][INFO] - [7, 12, 22], []
[2025-01-30 00:11:00,298][__main__][INFO] - [7, 12, 23], []
[2025-01-30 00:11:00,315][__main__][INFO] - [7, 12, 24], []
[2025-01-30 00:11:00,345][__main__][INFO] - [7, 12, 26], []
[2025-01-30 00:11:00,362][__main__][INFO] - [7, 12, 27], []
[2025-01-30 00:11:00,379][__main__][INFO] - [7, 12, 28], []
[2025-01-30 00:11:00,396][__main__][INFO] - [7, 12, 29], []
[2025-01-30 00:11:00,413][__main__][INFO] - [7, 12, 30], []
[2025-01-30 00:11:00,431][__main__][INFO] - [7, 12, 31], []
[2025-01-30 00:11:00,447][__main__][INFO] - [7, 12, 32], []
[2025-01-30 00:11:00,465][__main__][INFO] - [7, 12, 33], []
[2025-01-30 00:11:00,482][__main__][INFO] - [7, 12, 34], []
[2025-01-30 00:11:00,499][__main__][INFO] - [7, 12, 35], []
[2025-01-30 00:11:00,529][__main__][INFO] - [7, 13, 21], []
[2025-01-30 00:11:00,559][__main__][INFO] - [7, 13, 23], []
[2025-01-30 00:11:00,652][__main__][INFO] - [7, 13, 30], []
[2025-01-30 00:11:00,683][__main__][INFO] - [7, 13, 32], []
[2025-01-30 00:11:00,725][__main__][INFO] - [7, 13, 35], []
[2025-01-30 00:11:00,754][__main__][INFO] - [7, 14, 21], []
[2025-01-30 00:11:00,785][__main__][INFO] - [7, 14, 23], []
[2025-01-30 00:11:00,895][__main__][INFO] - [7, 14, 31], []
[2025-01-30 00:11:00,951][__main__][INFO] - [7, 14, 35], []
[2025-01-30 00:11:00,981][__main__][INFO] - [7, 15, 21], []
[2025-01-30 00:11:00,998][__main__][INFO] - [7, 15, 22], []
[2025-01-30 00:11:01,016][__main__][INFO] - [7, 15, 23], []
[2025-01-30 00:11:01,085][__main__][INFO] - [7, 15, 28], []
[2025-01-30 00:11:01,102][__main__][INFO] - [7, 15, 29], []
[2025-01-30 00:11:01,118][__main__][INFO] - [7, 15, 30], []
[2025-01-30 00:11:01,136][__main__][INFO] - [7, 15, 31], []
[2025-01-30 00:11:01,153][__main__][INFO] - [7, 15, 32], []
[2025-01-30 00:11:01,170][__main__][INFO] - [7, 15, 33], []
[2025-01-30 00:11:01,187][__main__][INFO] - [7, 15, 34], []
[2025-01-30 00:11:01,204][__main__][INFO] - [7, 15, 35], []
[2025-01-30 00:11:01,234][__main__][INFO] - [7, 16, 21], []
[2025-01-30 00:11:01,446][__main__][INFO] - [7, 17, 21], []
[2025-01-30 00:11:01,463][__main__][INFO] - [7, 17, 22], []
[2025-01-30 00:11:01,480][__main__][INFO] - [7, 17, 23], []
[2025-01-30 00:11:01,561][__main__][INFO] - [7, 17, 29], []
[2025-01-30 00:11:01,579][__main__][INFO] - [7, 17, 30], []
[2025-01-30 00:11:01,596][__main__][INFO] - [7, 17, 31], []
[2025-01-30 00:11:01,614][__main__][INFO] - [7, 17, 32], []
[2025-01-30 00:11:01,657][__main__][INFO] - [7, 17, 35], []
[2025-01-30 00:11:01,739][__main__][INFO] - [7, 21, 27], []
[2025-01-30 00:11:01,757][__main__][INFO] - [7, 21, 28], []
[2025-01-30 00:11:01,774][__main__][INFO] - [7, 21, 29], []
[2025-01-30 00:11:01,791][__main__][INFO] - [7, 21, 30], []
[2025-01-30 00:11:01,808][__main__][INFO] - [7, 21, 31], []
[2025-01-30 00:11:01,826][__main__][INFO] - [7, 21, 32], []
[2025-01-30 00:11:01,843][__main__][INFO] - [7, 21, 33], []
[2025-01-30 00:11:01,860][__main__][INFO] - [7, 21, 34], []
[2025-01-30 00:11:01,878][__main__][INFO] - [7, 21, 35], []
[2025-01-30 00:11:01,934][__main__][INFO] - [7, 22, 28], []
[2025-01-30 00:11:01,951][__main__][INFO] - [7, 22, 29], []
[2025-01-30 00:11:01,968][__main__][INFO] - [7, 22, 30], []
[2025-01-30 00:11:01,985][__main__][INFO] - [7, 22, 31], []
[2025-01-30 00:11:02,016][__main__][INFO] - [7, 22, 33], []
[2025-01-30 00:11:02,046][__main__][INFO] - [7, 22, 35], []
[2025-01-30 00:11:02,102][__main__][INFO] - [7, 23, 28], []
[2025-01-30 00:11:02,119][__main__][INFO] - [7, 23, 29], []
[2025-01-30 00:11:02,144][__main__][INFO] - [7, 23, 30], []
[2025-01-30 00:11:02,161][__main__][INFO] - [7, 23, 31], []
[2025-01-30 00:11:02,178][__main__][INFO] - [7, 23, 32], []
[2025-01-30 00:11:02,196][__main__][INFO] - [7, 23, 33], []
[2025-01-30 00:11:02,213][__main__][INFO] - [7, 23, 34], []
[2025-01-30 00:11:02,230][__main__][INFO] - [7, 23, 35], []
[2025-01-30 00:11:02,375][__main__][INFO] - [7, 24, 35], []
[2025-01-30 00:11:02,561][__main__][INFO] - [8, 10, 11], []
[2025-01-30 00:11:02,578][__main__][INFO] - [8, 10], [11]
[2025-01-30 00:11:02,595][__main__][INFO] - [8, 10, 12], []
[2025-01-30 00:11:02,612][__main__][INFO] - [8, 10, 13], []
[2025-01-30 00:11:02,641][__main__][INFO] - [8, 10, 15], []
[2025-01-30 00:11:02,723][__main__][INFO] - [8, 10, 21], []
[2025-01-30 00:11:02,740][__main__][INFO] - [8, 10, 22], []
[2025-01-30 00:11:02,758][__main__][INFO] - [8, 10, 23], []
[2025-01-30 00:11:02,826][__main__][INFO] - [8, 10, 28], []
[2025-01-30 00:11:02,843][__main__][INFO] - [8, 10, 29], []
[2025-01-30 00:11:02,860][__main__][INFO] - [8, 10, 30], []
[2025-01-30 00:11:02,877][__main__][INFO] - [8, 10, 31], []
[2025-01-30 00:11:02,894][__main__][INFO] - [8, 10, 32], []
[2025-01-30 00:11:02,911][__main__][INFO] - [8, 10, 33], []
[2025-01-30 00:11:02,927][__main__][INFO] - [8, 10, 34], []
[2025-01-30 00:11:02,945][__main__][INFO] - [8, 10, 35], []
[2025-01-30 00:11:02,975][__main__][INFO] - [8, 11], [10]
[2025-01-30 00:11:02,991][__main__][INFO] - [8], [10, 11]
[2025-01-30 00:11:03,008][__main__][INFO] - [8, 12], [10]
[2025-01-30 00:11:03,024][__main__][INFO] - [8, 13], [10]
[2025-01-30 00:11:03,054][__main__][INFO] - [8, 15], [10]
[2025-01-30 00:11:03,084][__main__][INFO] - [8, 17], [10]
[2025-01-30 00:11:03,140][__main__][INFO] - [8, 21], [10]
[2025-01-30 00:11:03,157][__main__][INFO] - [8, 22], [10]
[2025-01-30 00:11:03,174][__main__][INFO] - [8, 23], [10]
[2025-01-30 00:11:03,258][__main__][INFO] - [8, 29], [10]
[2025-01-30 00:11:03,276][__main__][INFO] - [8, 30], [10]
[2025-01-30 00:11:03,293][__main__][INFO] - [8, 31], [10]
[2025-01-30 00:11:03,310][__main__][INFO] - [8, 32], [10]
[2025-01-30 00:11:03,326][__main__][INFO] - [8, 33], [10]
[2025-01-30 00:11:03,344][__main__][INFO] - [8, 34], [10]
[2025-01-30 00:11:03,361][__main__][INFO] - [8, 35], [10]
[2025-01-30 00:11:03,390][__main__][INFO] - [8, 11, 12], []
[2025-01-30 00:11:03,433][__main__][INFO] - [8, 11, 15], []
[2025-01-30 00:11:03,513][__main__][INFO] - [8, 11, 21], []
[2025-01-30 00:11:03,543][__main__][INFO] - [8, 11, 23], []
[2025-01-30 00:11:03,625][__main__][INFO] - [8, 11, 29], []
[2025-01-30 00:11:03,643][__main__][INFO] - [8, 11, 30], []
[2025-01-30 00:11:03,672][__main__][INFO] - [8, 11, 32], []
[2025-01-30 00:11:03,689][__main__][INFO] - [8, 11, 33], []
[2025-01-30 00:11:03,706][__main__][INFO] - [8, 11, 34], []
[2025-01-30 00:11:03,723][__main__][INFO] - [8, 11, 35], []
[2025-01-30 00:11:03,753][__main__][INFO] - [8, 12], [11]
[2025-01-30 00:11:03,770][__main__][INFO] - [8, 13], [11]
[2025-01-30 00:11:03,786][__main__][INFO] - [8, 14], [11]
[2025-01-30 00:11:03,803][__main__][INFO] - [8, 15], [11]
[2025-01-30 00:11:03,833][__main__][INFO] - [8, 17], [11]
[2025-01-30 00:11:03,889][__main__][INFO] - [8, 21], [11]
[2025-01-30 00:11:03,906][__main__][INFO] - [8, 22], [11]
[2025-01-30 00:11:03,923][__main__][INFO] - [8, 23], [11]
[2025-01-30 00:11:04,007][__main__][INFO] - [8, 29], [11]
[2025-01-30 00:11:04,025][__main__][INFO] - [8, 30], [11]
[2025-01-30 00:11:04,042][__main__][INFO] - [8, 31], [11]
[2025-01-30 00:11:04,059][__main__][INFO] - [8, 32], [11]
[2025-01-30 00:11:04,076][__main__][INFO] - [8, 33], [11]
[2025-01-30 00:11:04,093][__main__][INFO] - [8, 34], [11]
[2025-01-30 00:11:04,110][__main__][INFO] - [8, 35], [11]
[2025-01-30 00:11:04,140][__main__][INFO] - [8, 12, 21], []
[2025-01-30 00:11:04,157][__main__][INFO] - [8, 12, 22], []
[2025-01-30 00:11:04,174][__main__][INFO] - [8, 12, 23], []
[2025-01-30 00:11:04,242][__main__][INFO] - [8, 12, 28], []
[2025-01-30 00:11:04,261][__main__][INFO] - [8, 12, 29], []
[2025-01-30 00:11:04,279][__main__][INFO] - [8, 12, 30], []
[2025-01-30 00:11:04,296][__main__][INFO] - [8, 12, 31], []
[2025-01-30 00:11:04,313][__main__][INFO] - [8, 12, 32], []
[2025-01-30 00:11:04,330][__main__][INFO] - [8, 12, 33], []
[2025-01-30 00:11:04,347][__main__][INFO] - [8, 12, 34], []
[2025-01-30 00:11:04,364][__main__][INFO] - [8, 12, 35], []
[2025-01-30 00:11:04,394][__main__][INFO] - [8, 13, 21], []
[2025-01-30 00:11:04,578][__main__][INFO] - [8, 13, 35], []
[2025-01-30 00:11:04,608][__main__][INFO] - [8, 14, 21], []
[2025-01-30 00:11:04,792][__main__][INFO] - [8, 14, 35], []
[2025-01-30 00:11:04,822][__main__][INFO] - [8, 15, 21], []
[2025-01-30 00:11:04,853][__main__][INFO] - [8, 15, 23], []
[2025-01-30 00:11:05,012][__main__][INFO] - [8, 15, 35], []
[2025-01-30 00:11:05,327][__main__][INFO] - [8, 21, 28], []
[2025-01-30 00:11:05,344][__main__][INFO] - [8, 21, 29], []
[2025-01-30 00:11:05,361][__main__][INFO] - [8, 21, 30], []
[2025-01-30 00:11:05,378][__main__][INFO] - [8, 21, 31], []
[2025-01-30 00:11:05,395][__main__][INFO] - [8, 21, 32], []
[2025-01-30 00:11:05,412][__main__][INFO] - [8, 21, 33], []
[2025-01-30 00:11:05,429][__main__][INFO] - [8, 21, 34], []
[2025-01-30 00:11:05,446][__main__][INFO] - [8, 21, 35], []
[2025-01-30 00:11:05,709][__main__][INFO] - [8, 23, 33], []
[2025-01-30 00:11:05,740][__main__][INFO] - [8, 23, 35], []
[2025-01-30 00:11:05,809][__main__][INFO] - [9, 10, 11], []
[2025-01-30 00:11:05,827][__main__][INFO] - [9, 10], [11]
[2025-01-30 00:11:05,844][__main__][INFO] - [9, 10, 12], []
[2025-01-30 00:11:05,962][__main__][INFO] - [9, 10, 21], []
[2025-01-30 00:11:05,991][__main__][INFO] - [9, 10, 23], []
[2025-01-30 00:11:06,150][__main__][INFO] - [9, 10, 35], []
[2025-01-30 00:11:06,181][__main__][INFO] - [9, 11], [10]
[2025-01-30 00:11:06,197][__main__][INFO] - [9], [10, 11]
[2025-01-30 00:11:06,214][__main__][INFO] - [9, 12], [10]
[2025-01-30 00:11:06,335][__main__][INFO] - [9, 21], [10]
[2025-01-30 00:11:06,523][__main__][INFO] - [9, 35], [10]
[2025-01-30 00:11:06,554][__main__][INFO] - [9, 11, 12], []
[2025-01-30 00:11:06,673][__main__][INFO] - [9, 11, 21], []
[2025-01-30 00:11:06,704][__main__][INFO] - [9, 11, 23], []
[2025-01-30 00:11:06,863][__main__][INFO] - [9, 11, 35], []
[2025-01-30 00:11:06,893][__main__][INFO] - [9, 12], [11]
[2025-01-30 00:11:07,015][__main__][INFO] - [9, 21], [11]
[2025-01-30 00:11:07,196][__main__][INFO] - [9, 35], [11]
[2025-01-30 00:11:07,226][__main__][INFO] - [9, 12, 21], []
[2025-01-30 00:11:07,413][__main__][INFO] - [9, 12, 35], []
[2025-01-30 00:11:07,848][__main__][INFO] - [9, 21, 35], []
[2025-01-30 00:11:08,009][__main__][INFO] - [9, 23, 35], []
[2025-01-30 00:11:08,078][__main__][INFO] - [10, 11, 12], []
[2025-01-30 00:11:08,096][__main__][INFO] - [10, 11, 13], []
[2025-01-30 00:11:08,112][__main__][INFO] - [10, 11, 14], []
[2025-01-30 00:11:08,128][__main__][INFO] - [10, 11, 15], []
[2025-01-30 00:11:08,144][__main__][INFO] - [10, 11, 16], []
[2025-01-30 00:11:08,161][__main__][INFO] - [10, 11, 17], []
[2025-01-30 00:11:08,177][__main__][INFO] - [10, 11, 18], []
[2025-01-30 00:11:08,220][__main__][INFO] - [10, 11, 21], []
[2025-01-30 00:11:08,237][__main__][INFO] - [10, 11, 22], []
[2025-01-30 00:11:08,254][__main__][INFO] - [10, 11, 23], []
[2025-01-30 00:11:08,270][__main__][INFO] - [10, 11, 24], []
[2025-01-30 00:11:08,300][__main__][INFO] - [10, 11, 26], []
[2025-01-30 00:11:08,317][__main__][INFO] - [10, 11, 27], []
[2025-01-30 00:11:08,333][__main__][INFO] - [10, 11, 28], []
[2025-01-30 00:11:08,350][__main__][INFO] - [10, 11, 29], []
[2025-01-30 00:11:08,367][__main__][INFO] - [10, 11, 30], []
[2025-01-30 00:11:08,384][__main__][INFO] - [10, 11, 31], []
[2025-01-30 00:11:08,401][__main__][INFO] - [10, 11, 32], []
[2025-01-30 00:11:08,417][__main__][INFO] - [10, 11, 33], []
[2025-01-30 00:11:08,434][__main__][INFO] - [10, 11, 34], []
[2025-01-30 00:11:08,451][__main__][INFO] - [10, 11, 35], []
[2025-01-30 00:11:08,480][__main__][INFO] - [10, 12], [11]
[2025-01-30 00:11:08,503][__main__][INFO] - [10, 13], [11]
[2025-01-30 00:11:08,519][__main__][INFO] - [10, 14], [11]
[2025-01-30 00:11:08,537][__main__][INFO] - [10, 15], [11]
[2025-01-30 00:11:08,554][__main__][INFO] - [10, 16], [11]
[2025-01-30 00:11:08,571][__main__][INFO] - [10, 17], [11]
[2025-01-30 00:11:08,589][__main__][INFO] - [10, 18], [11]
[2025-01-30 00:11:08,606][__main__][INFO] - [10, 19], [11]
[2025-01-30 00:11:08,635][__main__][INFO] - [10, 21], [11]
[2025-01-30 00:11:08,657][__main__][INFO] - [10, 22], [11]
[2025-01-30 00:11:08,675][__main__][INFO] - [10, 23], [11]
[2025-01-30 00:11:08,693][__main__][INFO] - [10, 24], [11]
[2025-01-30 00:11:08,710][__main__][INFO] - [10, 25], [11]
[2025-01-30 00:11:08,727][__main__][INFO] - [10, 26], [11]
[2025-01-30 00:11:08,744][__main__][INFO] - [10, 27], [11]
[2025-01-30 00:11:08,762][__main__][INFO] - [10, 28], [11]
[2025-01-30 00:11:08,779][__main__][INFO] - [10, 29], [11]
[2025-01-30 00:11:08,797][__main__][INFO] - [10, 30], [11]
[2025-01-30 00:11:08,814][__main__][INFO] - [10, 31], [11]
[2025-01-30 00:11:08,832][__main__][INFO] - [10, 32], [11]
[2025-01-30 00:11:08,849][__main__][INFO] - [10, 33], [11]
[2025-01-30 00:11:08,866][__main__][INFO] - [10, 34], [11]
[2025-01-30 00:11:08,884][__main__][INFO] - [10, 35], [11]
[2025-01-30 00:11:08,916][__main__][INFO] - [10, 12, 21], []
[2025-01-30 00:11:08,936][__main__][INFO] - [10, 12, 22], []
[2025-01-30 00:11:08,953][__main__][INFO] - [10, 12, 23], []
[2025-01-30 00:11:08,970][__main__][INFO] - [10, 12, 24], []
[2025-01-30 00:11:08,986][__main__][INFO] - [10, 12, 25], []
[2025-01-30 00:11:09,002][__main__][INFO] - [10, 12, 26], []
[2025-01-30 00:11:09,018][__main__][INFO] - [10, 12, 27], []
[2025-01-30 00:11:09,035][__main__][INFO] - [10, 12, 28], []
[2025-01-30 00:11:09,052][__main__][INFO] - [10, 12, 29], []
[2025-01-30 00:11:09,069][__main__][INFO] - [10, 12, 30], []
[2025-01-30 00:11:09,086][__main__][INFO] - [10, 12, 31], []
[2025-01-30 00:11:09,104][__main__][INFO] - [10, 12, 32], []
[2025-01-30 00:11:09,120][__main__][INFO] - [10, 12, 33], []
[2025-01-30 00:11:09,138][__main__][INFO] - [10, 12, 34], []
[2025-01-30 00:11:09,155][__main__][INFO] - [10, 12, 35], []
[2025-01-30 00:11:09,188][__main__][INFO] - [10, 13, 21], []
[2025-01-30 00:11:09,205][__main__][INFO] - [10, 13, 22], []
[2025-01-30 00:11:09,222][__main__][INFO] - [10, 13, 23], []
[2025-01-30 00:11:09,238][__main__][INFO] - [10, 13, 24], []
[2025-01-30 00:11:09,268][__main__][INFO] - [10, 13, 26], []
[2025-01-30 00:11:09,285][__main__][INFO] - [10, 13, 27], []
[2025-01-30 00:11:09,302][__main__][INFO] - [10, 13, 28], []
[2025-01-30 00:11:09,319][__main__][INFO] - [10, 13, 29], []
[2025-01-30 00:11:09,336][__main__][INFO] - [10, 13, 30], []
[2025-01-30 00:11:09,353][__main__][INFO] - [10, 13, 31], []
[2025-01-30 00:11:09,370][__main__][INFO] - [10, 13, 32], []
[2025-01-30 00:11:09,386][__main__][INFO] - [10, 13, 33], []
[2025-01-30 00:11:09,403][__main__][INFO] - [10, 13, 34], []
[2025-01-30 00:11:09,420][__main__][INFO] - [10, 13, 35], []
[2025-01-30 00:11:09,450][__main__][INFO] - [10, 14, 21], []
[2025-01-30 00:11:09,467][__main__][INFO] - [10, 14, 22], []
[2025-01-30 00:11:09,484][__main__][INFO] - [10, 14, 23], []
[2025-01-30 00:11:09,501][__main__][INFO] - [10, 14, 24], []
[2025-01-30 00:11:09,518][__main__][INFO] - [10, 14, 25], []
[2025-01-30 00:11:09,535][__main__][INFO] - [10, 14, 26], []
[2025-01-30 00:11:09,552][__main__][INFO] - [10, 14, 27], []
[2025-01-30 00:11:09,569][__main__][INFO] - [10, 14, 28], []
[2025-01-30 00:11:09,587][__main__][INFO] - [10, 14, 29], []
[2025-01-30 00:11:09,604][__main__][INFO] - [10, 14, 30], []
[2025-01-30 00:11:09,621][__main__][INFO] - [10, 14, 31], []
[2025-01-30 00:11:09,638][__main__][INFO] - [10, 14, 32], []
[2025-01-30 00:11:09,656][__main__][INFO] - [10, 14, 33], []
[2025-01-30 00:11:09,673][__main__][INFO] - [10, 14, 34], []
[2025-01-30 00:11:09,689][__main__][INFO] - [10, 14, 35], []
[2025-01-30 00:11:09,718][__main__][INFO] - [10, 15, 21], []
[2025-01-30 00:11:09,735][__main__][INFO] - [10, 15, 22], []
[2025-01-30 00:11:09,752][__main__][INFO] - [10, 15, 23], []
[2025-01-30 00:11:09,769][__main__][INFO] - [10, 15, 24], []
[2025-01-30 00:11:09,786][__main__][INFO] - [10, 15, 25], []
[2025-01-30 00:11:09,803][__main__][INFO] - [10, 15, 26], []
[2025-01-30 00:11:09,819][__main__][INFO] - [10, 15, 27], []
[2025-01-30 00:11:09,836][__main__][INFO] - [10, 15, 28], []
[2025-01-30 00:11:09,853][__main__][INFO] - [10, 15, 29], []
[2025-01-30 00:11:09,870][__main__][INFO] - [10, 15, 30], []
[2025-01-30 00:11:09,886][__main__][INFO] - [10, 15, 31], []
[2025-01-30 00:11:09,903][__main__][INFO] - [10, 15, 32], []
[2025-01-30 00:11:09,920][__main__][INFO] - [10, 15, 33], []
[2025-01-30 00:11:09,936][__main__][INFO] - [10, 15, 34], []
[2025-01-30 00:11:09,953][__main__][INFO] - [10, 15, 35], []
[2025-01-30 00:11:09,984][__main__][INFO] - [10, 16, 21], []
[2025-01-30 00:11:10,001][__main__][INFO] - [10, 16, 22], []
[2025-01-30 00:11:10,018][__main__][INFO] - [10, 16, 23], []
[2025-01-30 00:11:10,061][__main__][INFO] - [10, 16, 26], []
[2025-01-30 00:11:10,078][__main__][INFO] - [10, 16, 27], []
[2025-01-30 00:11:10,094][__main__][INFO] - [10, 16, 28], []
[2025-01-30 00:11:10,111][__main__][INFO] - [10, 16, 29], []
[2025-01-30 00:11:10,128][__main__][INFO] - [10, 16, 30], []
[2025-01-30 00:11:10,146][__main__][INFO] - [10, 16, 31], []
[2025-01-30 00:11:10,162][__main__][INFO] - [10, 16, 32], []
[2025-01-30 00:11:10,179][__main__][INFO] - [10, 16, 33], []
[2025-01-30 00:11:10,196][__main__][INFO] - [10, 16, 34], []
[2025-01-30 00:11:10,214][__main__][INFO] - [10, 16, 35], []
[2025-01-30 00:11:10,243][__main__][INFO] - [10, 17, 21], []
[2025-01-30 00:11:10,261][__main__][INFO] - [10, 17, 22], []
[2025-01-30 00:11:10,278][__main__][INFO] - [10, 17, 23], []
[2025-01-30 00:11:10,295][__main__][INFO] - [10, 17, 24], []
[2025-01-30 00:11:10,312][__main__][INFO] - [10, 17, 25], []
[2025-01-30 00:11:10,330][__main__][INFO] - [10, 17, 26], []
[2025-01-30 00:11:10,346][__main__][INFO] - [10, 17, 27], []
[2025-01-30 00:11:10,364][__main__][INFO] - [10, 17, 28], []
[2025-01-30 00:11:10,381][__main__][INFO] - [10, 17, 29], []
[2025-01-30 00:11:10,398][__main__][INFO] - [10, 17, 30], []
[2025-01-30 00:11:10,415][__main__][INFO] - [10, 17, 31], []
[2025-01-30 00:11:10,432][__main__][INFO] - [10, 17, 32], []
[2025-01-30 00:11:10,448][__main__][INFO] - [10, 17, 33], []
[2025-01-30 00:11:10,465][__main__][INFO] - [10, 17, 34], []
[2025-01-30 00:11:10,482][__main__][INFO] - [10, 17, 35], []
[2025-01-30 00:11:10,512][__main__][INFO] - [10, 18, 21], []
[2025-01-30 00:11:10,529][__main__][INFO] - [10, 18, 22], []
[2025-01-30 00:11:10,547][__main__][INFO] - [10, 18, 23], []
[2025-01-30 00:11:10,602][__main__][INFO] - [10, 18, 27], []
[2025-01-30 00:11:10,620][__main__][INFO] - [10, 18, 28], []
[2025-01-30 00:11:10,637][__main__][INFO] - [10, 18, 29], []
[2025-01-30 00:11:10,654][__main__][INFO] - [10, 18, 30], []
[2025-01-30 00:11:10,671][__main__][INFO] - [10, 18, 31], []
[2025-01-30 00:11:10,688][__main__][INFO] - [10, 18, 32], []
[2025-01-30 00:11:10,705][__main__][INFO] - [10, 18, 33], []
[2025-01-30 00:11:10,722][__main__][INFO] - [10, 18, 34], []
[2025-01-30 00:11:10,739][__main__][INFO] - [10, 18, 35], []
[2025-01-30 00:11:10,769][__main__][INFO] - [10, 19, 21], []
[2025-01-30 00:11:10,786][__main__][INFO] - [10, 19, 22], []
[2025-01-30 00:11:10,804][__main__][INFO] - [10, 19, 23], []
[2025-01-30 00:11:10,821][__main__][INFO] - [10, 19, 24], []
[2025-01-30 00:11:10,838][__main__][INFO] - [10, 19, 25], []
[2025-01-30 00:11:10,855][__main__][INFO] - [10, 19, 26], []
[2025-01-30 00:11:10,873][__main__][INFO] - [10, 19, 27], []
[2025-01-30 00:11:10,890][__main__][INFO] - [10, 19, 28], []
[2025-01-30 00:11:10,907][__main__][INFO] - [10, 19, 29], []
[2025-01-30 00:11:10,924][__main__][INFO] - [10, 19, 30], []
[2025-01-30 00:11:10,941][__main__][INFO] - [10, 19, 31], []
[2025-01-30 00:11:10,957][__main__][INFO] - [10, 19, 32], []
[2025-01-30 00:11:10,974][__main__][INFO] - [10, 19, 33], []
[2025-01-30 00:11:10,991][__main__][INFO] - [10, 19, 34], []
[2025-01-30 00:11:11,008][__main__][INFO] - [10, 19, 35], []
[2025-01-30 00:11:11,051][__main__][INFO] - [10, 21, 26], []
[2025-01-30 00:11:11,069][__main__][INFO] - [10, 21, 27], []
[2025-01-30 00:11:11,086][__main__][INFO] - [10, 21, 28], []
[2025-01-30 00:11:11,103][__main__][INFO] - [10, 21, 29], []
[2025-01-30 00:11:11,120][__main__][INFO] - [10, 21, 30], []
[2025-01-30 00:11:11,138][__main__][INFO] - [10, 21, 31], []
[2025-01-30 00:11:11,156][__main__][INFO] - [10, 21, 32], []
[2025-01-30 00:11:11,174][__main__][INFO] - [10, 21, 33], []
[2025-01-30 00:11:11,191][__main__][INFO] - [10, 21, 34], []
[2025-01-30 00:11:11,209][__main__][INFO] - [10, 21, 35], []
[2025-01-30 00:11:11,242][__main__][INFO] - [10, 22, 26], []
[2025-01-30 00:11:11,259][__main__][INFO] - [10, 22, 27], []
[2025-01-30 00:11:11,276][__main__][INFO] - [10, 22, 28], []
[2025-01-30 00:11:11,294][__main__][INFO] - [10, 22, 29], []
[2025-01-30 00:11:11,311][__main__][INFO] - [10, 22, 30], []
[2025-01-30 00:11:11,328][__main__][INFO] - [10, 22, 31], []
[2025-01-30 00:11:11,345][__main__][INFO] - [10, 22, 32], []
[2025-01-30 00:11:11,363][__main__][INFO] - [10, 22, 33], []
[2025-01-30 00:11:11,380][__main__][INFO] - [10, 22, 34], []
[2025-01-30 00:11:11,397][__main__][INFO] - [10, 22, 35], []
[2025-01-30 00:11:11,428][__main__][INFO] - [10, 23, 26], []
[2025-01-30 00:11:11,445][__main__][INFO] - [10, 23, 27], []
[2025-01-30 00:11:11,462][__main__][INFO] - [10, 23, 28], []
[2025-01-30 00:11:11,480][__main__][INFO] - [10, 23, 29], []
[2025-01-30 00:11:11,497][__main__][INFO] - [10, 23, 30], []
[2025-01-30 00:11:11,514][__main__][INFO] - [10, 23, 31], []
[2025-01-30 00:11:11,531][__main__][INFO] - [10, 23, 32], []
[2025-01-30 00:11:11,549][__main__][INFO] - [10, 23, 33], []
[2025-01-30 00:11:11,566][__main__][INFO] - [10, 23, 34], []
[2025-01-30 00:11:11,583][__main__][INFO] - [10, 23, 35], []
[2025-01-30 00:11:11,615][__main__][INFO] - [10, 24, 26], []
[2025-01-30 00:11:11,632][__main__][INFO] - [10, 24, 27], []
[2025-01-30 00:11:11,648][__main__][INFO] - [10, 24, 28], []
[2025-01-30 00:11:11,666][__main__][INFO] - [10, 24, 29], []
[2025-01-30 00:11:11,682][__main__][INFO] - [10, 24, 30], []
[2025-01-30 00:11:11,699][__main__][INFO] - [10, 24, 31], []
[2025-01-30 00:11:11,716][__main__][INFO] - [10, 24, 32], []
[2025-01-30 00:11:11,734][__main__][INFO] - [10, 24, 33], []
[2025-01-30 00:11:11,751][__main__][INFO] - [10, 24, 34], []
[2025-01-30 00:11:11,769][__main__][INFO] - [10, 24, 35], []
[2025-01-30 00:11:11,825][__main__][INFO] - [10, 25, 28], []
[2025-01-30 00:11:11,842][__main__][INFO] - [10, 25, 29], []
[2025-01-30 00:11:11,859][__main__][INFO] - [10, 25, 30], []
[2025-01-30 00:11:11,876][__main__][INFO] - [10, 25, 31], []
[2025-01-30 00:11:11,893][__main__][INFO] - [10, 25, 32], []
[2025-01-30 00:11:11,911][__main__][INFO] - [10, 25, 33], []
[2025-01-30 00:11:11,941][__main__][INFO] - [10, 25, 35], []
[2025-01-30 00:11:11,983][__main__][INFO] - [11, 12], [10]
[2025-01-30 00:11:12,000][__main__][INFO] - [11, 13], [10]
[2025-01-30 00:11:12,017][__main__][INFO] - [11, 14], [10]
[2025-01-30 00:11:12,033][__main__][INFO] - [11, 15], [10]
[2025-01-30 00:11:12,050][__main__][INFO] - [11, 16], [10]
[2025-01-30 00:11:12,066][__main__][INFO] - [11, 17], [10]
[2025-01-30 00:11:12,083][__main__][INFO] - [11, 18], [10]
[2025-01-30 00:11:12,100][__main__][INFO] - [11, 19], [10]
[2025-01-30 00:11:12,129][__main__][INFO] - [11, 21], [10]
[2025-01-30 00:11:12,147][__main__][INFO] - [11, 22], [10]
[2025-01-30 00:11:12,164][__main__][INFO] - [11, 23], [10]
[2025-01-30 00:11:12,181][__main__][INFO] - [11, 24], [10]
[2025-01-30 00:11:12,211][__main__][INFO] - [11, 26], [10]
[2025-01-30 00:11:12,228][__main__][INFO] - [11, 27], [10]
[2025-01-30 00:11:12,244][__main__][INFO] - [11, 28], [10]
[2025-01-30 00:11:12,261][__main__][INFO] - [11, 29], [10]
[2025-01-30 00:11:12,278][__main__][INFO] - [11, 30], [10]
[2025-01-30 00:11:12,295][__main__][INFO] - [11, 31], [10]
[2025-01-30 00:11:12,312][__main__][INFO] - [11, 32], [10]
[2025-01-30 00:11:12,329][__main__][INFO] - [11, 33], [10]
[2025-01-30 00:11:12,345][__main__][INFO] - [11, 34], [10]
[2025-01-30 00:11:12,362][__main__][INFO] - [11, 35], [10]
[2025-01-30 00:11:12,392][__main__][INFO] - [12], [10, 11]
[2025-01-30 00:11:12,414][__main__][INFO] - [13], [10, 11]
[2025-01-30 00:11:12,431][__main__][INFO] - [14], [10, 11]
[2025-01-30 00:11:12,447][__main__][INFO] - [15], [10, 11]
[2025-01-30 00:11:12,465][__main__][INFO] - [16], [10, 11]
[2025-01-30 00:11:12,482][__main__][INFO] - [17], [10, 11]
[2025-01-30 00:11:12,499][__main__][INFO] - [18], [10, 11]
[2025-01-30 00:11:12,516][__main__][INFO] - [19], [10, 11]
[2025-01-30 00:11:12,546][__main__][INFO] - [21], [10, 11]
[2025-01-30 00:11:12,567][__main__][INFO] - [22], [10, 11]
[2025-01-30 00:11:12,585][__main__][INFO] - [23], [10, 11]
[2025-01-30 00:11:12,604][__main__][INFO] - [24], [10, 11]
[2025-01-30 00:11:12,620][__main__][INFO] - [25], [10, 11]
[2025-01-30 00:11:12,637][__main__][INFO] - [26], [10, 11]
[2025-01-30 00:11:12,654][__main__][INFO] - [27], [10, 11]
[2025-01-30 00:11:12,671][__main__][INFO] - [28], [10, 11]
[2025-01-30 00:11:12,689][__main__][INFO] - [29], [10, 11]
[2025-01-30 00:11:12,707][__main__][INFO] - [30], [10, 11]
[2025-01-30 00:11:12,724][__main__][INFO] - [31], [10, 11]
[2025-01-30 00:11:12,741][__main__][INFO] - [32], [10, 11]
[2025-01-30 00:11:12,759][__main__][INFO] - [33], [10, 11]
[2025-01-30 00:11:12,776][__main__][INFO] - [34], [10, 11]
[2025-01-30 00:11:12,793][__main__][INFO] - [35], [10, 11]
[2025-01-30 00:11:12,826][__main__][INFO] - [12, 21], [10]
[2025-01-30 00:11:12,848][__main__][INFO] - [12, 22], [10]
[2025-01-30 00:11:12,866][__main__][INFO] - [12, 23], [10]
[2025-01-30 00:11:12,883][__main__][INFO] - [12, 24], [10]
[2025-01-30 00:11:12,900][__main__][INFO] - [12, 25], [10]
[2025-01-30 00:11:12,917][__main__][INFO] - [12, 26], [10]
[2025-01-30 00:11:12,934][__main__][INFO] - [12, 27], [10]
[2025-01-30 00:11:12,951][__main__][INFO] - [12, 28], [10]
[2025-01-30 00:11:12,969][__main__][INFO] - [12, 29], [10]
[2025-01-30 00:11:12,986][__main__][INFO] - [12, 30], [10]
[2025-01-30 00:11:13,004][__main__][INFO] - [12, 31], [10]
[2025-01-30 00:11:13,021][__main__][INFO] - [12, 32], [10]
[2025-01-30 00:11:13,039][__main__][INFO] - [12, 33], [10]
[2025-01-30 00:11:13,057][__main__][INFO] - [12, 34], [10]
[2025-01-30 00:11:13,074][__main__][INFO] - [12, 35], [10]
[2025-01-30 00:11:13,106][__main__][INFO] - [13, 21], [10]
[2025-01-30 00:11:13,124][__main__][INFO] - [13, 22], [10]
[2025-01-30 00:11:13,141][__main__][INFO] - [13, 23], [10]
[2025-01-30 00:11:13,158][__main__][INFO] - [13, 24], [10]
[2025-01-30 00:11:13,175][__main__][INFO] - [13, 25], [10]
[2025-01-30 00:11:13,192][__main__][INFO] - [13, 26], [10]
[2025-01-30 00:11:13,209][__main__][INFO] - [13, 27], [10]
[2025-01-30 00:11:13,226][__main__][INFO] - [13, 28], [10]
[2025-01-30 00:11:13,243][__main__][INFO] - [13, 29], [10]
[2025-01-30 00:11:13,260][__main__][INFO] - [13, 30], [10]
[2025-01-30 00:11:13,276][__main__][INFO] - [13, 31], [10]
[2025-01-30 00:11:13,293][__main__][INFO] - [13, 32], [10]
[2025-01-30 00:11:13,310][__main__][INFO] - [13, 33], [10]
[2025-01-30 00:11:13,327][__main__][INFO] - [13, 34], [10]
[2025-01-30 00:11:13,343][__main__][INFO] - [13, 35], [10]
[2025-01-30 00:11:13,374][__main__][INFO] - [14, 21], [10]
[2025-01-30 00:11:13,391][__main__][INFO] - [14, 22], [10]
[2025-01-30 00:11:13,408][__main__][INFO] - [14, 23], [10]
[2025-01-30 00:11:13,425][__main__][INFO] - [14, 24], [10]
[2025-01-30 00:11:13,443][__main__][INFO] - [14, 25], [10]
[2025-01-30 00:11:13,460][__main__][INFO] - [14, 26], [10]
[2025-01-30 00:11:13,477][__main__][INFO] - [14, 27], [10]
[2025-01-30 00:11:13,494][__main__][INFO] - [14, 28], [10]
[2025-01-30 00:11:13,511][__main__][INFO] - [14, 29], [10]
[2025-01-30 00:11:13,528][__main__][INFO] - [14, 30], [10]
[2025-01-30 00:11:13,545][__main__][INFO] - [14, 31], [10]
[2025-01-30 00:11:13,562][__main__][INFO] - [14, 32], [10]
[2025-01-30 00:11:13,580][__main__][INFO] - [14, 33], [10]
[2025-01-30 00:11:13,597][__main__][INFO] - [14, 34], [10]
[2025-01-30 00:11:13,614][__main__][INFO] - [14, 35], [10]
[2025-01-30 00:11:13,643][__main__][INFO] - [15, 21], [10]
[2025-01-30 00:11:13,661][__main__][INFO] - [15, 22], [10]
[2025-01-30 00:11:13,678][__main__][INFO] - [15, 23], [10]
[2025-01-30 00:11:13,696][__main__][INFO] - [15, 24], [10]
[2025-01-30 00:11:13,713][__main__][INFO] - [15, 25], [10]
[2025-01-30 00:11:13,730][__main__][INFO] - [15, 26], [10]
[2025-01-30 00:11:13,748][__main__][INFO] - [15, 27], [10]
[2025-01-30 00:11:13,765][__main__][INFO] - [15, 28], [10]
[2025-01-30 00:11:13,783][__main__][INFO] - [15, 29], [10]
[2025-01-30 00:11:13,800][__main__][INFO] - [15, 30], [10]
[2025-01-30 00:11:13,818][__main__][INFO] - [15, 31], [10]
[2025-01-30 00:11:13,835][__main__][INFO] - [15, 32], [10]
[2025-01-30 00:11:13,852][__main__][INFO] - [15, 33], [10]
[2025-01-30 00:11:13,869][__main__][INFO] - [15, 34], [10]
[2025-01-30 00:11:13,886][__main__][INFO] - [15, 35], [10]
[2025-01-30 00:11:13,917][__main__][INFO] - [16, 21], [10]
[2025-01-30 00:11:13,934][__main__][INFO] - [16, 22], [10]
[2025-01-30 00:11:13,951][__main__][INFO] - [16, 23], [10]
[2025-01-30 00:11:13,994][__main__][INFO] - [16, 26], [10]
[2025-01-30 00:11:14,011][__main__][INFO] - [16, 27], [10]
[2025-01-30 00:11:14,028][__main__][INFO] - [16, 28], [10]
[2025-01-30 00:11:14,045][__main__][INFO] - [16, 29], [10]
[2025-01-30 00:11:14,062][__main__][INFO] - [16, 30], [10]
[2025-01-30 00:11:14,079][__main__][INFO] - [16, 31], [10]
[2025-01-30 00:11:14,096][__main__][INFO] - [16, 32], [10]
[2025-01-30 00:11:14,114][__main__][INFO] - [16, 33], [10]
[2025-01-30 00:11:14,131][__main__][INFO] - [16, 34], [10]
[2025-01-30 00:11:14,148][__main__][INFO] - [16, 35], [10]
[2025-01-30 00:11:14,178][__main__][INFO] - [17, 21], [10]
[2025-01-30 00:11:14,196][__main__][INFO] - [17, 22], [10]
[2025-01-30 00:11:14,214][__main__][INFO] - [17, 23], [10]
[2025-01-30 00:11:14,231][__main__][INFO] - [17, 24], [10]
[2025-01-30 00:11:14,248][__main__][INFO] - [17, 25], [10]
[2025-01-30 00:11:14,265][__main__][INFO] - [17, 26], [10]
[2025-01-30 00:11:14,283][__main__][INFO] - [17, 27], [10]
[2025-01-30 00:11:14,300][__main__][INFO] - [17, 28], [10]
[2025-01-30 00:11:14,317][__main__][INFO] - [17, 29], [10]
[2025-01-30 00:11:14,334][__main__][INFO] - [17, 30], [10]
[2025-01-30 00:11:14,352][__main__][INFO] - [17, 31], [10]
[2025-01-30 00:11:14,369][__main__][INFO] - [17, 32], [10]
[2025-01-30 00:11:14,386][__main__][INFO] - [17, 33], [10]
[2025-01-30 00:11:14,403][__main__][INFO] - [17, 34], [10]
[2025-01-30 00:11:14,420][__main__][INFO] - [17, 35], [10]
[2025-01-30 00:11:14,450][__main__][INFO] - [18, 21], [10]
[2025-01-30 00:11:14,467][__main__][INFO] - [18, 22], [10]
[2025-01-30 00:11:14,485][__main__][INFO] - [18, 23], [10]
[2025-01-30 00:11:14,554][__main__][INFO] - [18, 28], [10]
[2025-01-30 00:11:14,571][__main__][INFO] - [18, 29], [10]
[2025-01-30 00:11:14,588][__main__][INFO] - [18, 30], [10]
[2025-01-30 00:11:14,606][__main__][INFO] - [18, 31], [10]
[2025-01-30 00:11:14,623][__main__][INFO] - [18, 32], [10]
[2025-01-30 00:11:14,640][__main__][INFO] - [18, 33], [10]
[2025-01-30 00:11:14,670][__main__][INFO] - [18, 35], [10]
[2025-01-30 00:11:14,700][__main__][INFO] - [19, 21], [10]
[2025-01-30 00:11:14,717][__main__][INFO] - [19, 22], [10]
[2025-01-30 00:11:14,734][__main__][INFO] - [19, 23], [10]
[2025-01-30 00:11:14,763][__main__][INFO] - [19, 25], [10]
[2025-01-30 00:11:14,804][__main__][INFO] - [19, 28], [10]
[2025-01-30 00:11:14,821][__main__][INFO] - [19, 29], [10]
[2025-01-30 00:11:14,839][__main__][INFO] - [19, 30], [10]
[2025-01-30 00:11:14,856][__main__][INFO] - [19, 31], [10]
[2025-01-30 00:11:14,873][__main__][INFO] - [19, 32], [10]
[2025-01-30 00:11:14,891][__main__][INFO] - [19, 33], [10]
[2025-01-30 00:11:14,908][__main__][INFO] - [19, 34], [10]
[2025-01-30 00:11:14,925][__main__][INFO] - [19, 35], [10]
[2025-01-30 00:11:14,968][__main__][INFO] - [21, 26], [10]
[2025-01-30 00:11:14,985][__main__][INFO] - [21, 27], [10]
[2025-01-30 00:11:15,003][__main__][INFO] - [21, 28], [10]
[2025-01-30 00:11:15,020][__main__][INFO] - [21, 29], [10]
[2025-01-30 00:11:15,038][__main__][INFO] - [21, 30], [10]
[2025-01-30 00:11:15,055][__main__][INFO] - [21, 31], [10]
[2025-01-30 00:11:15,073][__main__][INFO] - [21, 32], [10]
[2025-01-30 00:11:15,090][__main__][INFO] - [21, 33], [10]
[2025-01-30 00:11:15,107][__main__][INFO] - [21, 34], [10]
[2025-01-30 00:11:15,125][__main__][INFO] - [21, 35], [10]
[2025-01-30 00:11:15,158][__main__][INFO] - [22, 26], [10]
[2025-01-30 00:11:15,176][__main__][INFO] - [22, 27], [10]
[2025-01-30 00:11:15,193][__main__][INFO] - [22, 28], [10]
[2025-01-30 00:11:15,211][__main__][INFO] - [22, 29], [10]
[2025-01-30 00:11:15,228][__main__][INFO] - [22, 30], [10]
[2025-01-30 00:11:15,246][__main__][INFO] - [22, 31], [10]
[2025-01-30 00:11:15,264][__main__][INFO] - [22, 32], [10]
[2025-01-30 00:11:15,282][__main__][INFO] - [22, 33], [10]
[2025-01-30 00:11:15,299][__main__][INFO] - [22, 34], [10]
[2025-01-30 00:11:15,317][__main__][INFO] - [22, 35], [10]
[2025-01-30 00:11:15,347][__main__][INFO] - [23, 26], [10]
[2025-01-30 00:11:15,364][__main__][INFO] - [23, 27], [10]
[2025-01-30 00:11:15,381][__main__][INFO] - [23, 28], [10]
[2025-01-30 00:11:15,398][__main__][INFO] - [23, 29], [10]
[2025-01-30 00:11:15,415][__main__][INFO] - [23, 30], [10]
[2025-01-30 00:11:15,433][__main__][INFO] - [23, 31], [10]
[2025-01-30 00:11:15,450][__main__][INFO] - [23, 32], [10]
[2025-01-30 00:11:15,468][__main__][INFO] - [23, 33], [10]
[2025-01-30 00:11:15,485][__main__][INFO] - [23, 34], [10]
[2025-01-30 00:11:15,502][__main__][INFO] - [23, 35], [10]
[2025-01-30 00:11:15,533][__main__][INFO] - [24, 26], [10]
[2025-01-30 00:11:15,550][__main__][INFO] - [24, 27], [10]
[2025-01-30 00:11:15,567][__main__][INFO] - [24, 28], [10]
[2025-01-30 00:11:15,585][__main__][INFO] - [24, 29], [10]
[2025-01-30 00:11:15,602][__main__][INFO] - [24, 30], [10]
[2025-01-30 00:11:15,619][__main__][INFO] - [24, 31], [10]
[2025-01-30 00:11:15,636][__main__][INFO] - [24, 32], [10]
[2025-01-30 00:11:15,653][__main__][INFO] - [24, 33], [10]
[2025-01-30 00:11:15,671][__main__][INFO] - [24, 34], [10]
[2025-01-30 00:11:15,688][__main__][INFO] - [24, 35], [10]
[2025-01-30 00:11:15,745][__main__][INFO] - [25, 28], [10]
[2025-01-30 00:11:15,775][__main__][INFO] - [25, 30], [10]
[2025-01-30 00:11:15,792][__main__][INFO] - [25, 31], [10]
[2025-01-30 00:11:15,809][__main__][INFO] - [25, 32], [10]
[2025-01-30 00:11:15,827][__main__][INFO] - [25, 33], [10]
[2025-01-30 00:11:15,857][__main__][INFO] - [25, 35], [10]
[2025-01-30 00:11:15,900][__main__][INFO] - [11, 12, 21], []
[2025-01-30 00:11:15,919][__main__][INFO] - [11, 12, 22], []
[2025-01-30 00:11:15,936][__main__][INFO] - [11, 12, 23], []
[2025-01-30 00:11:15,953][__main__][INFO] - [11, 12, 24], []
[2025-01-30 00:11:15,983][__main__][INFO] - [11, 12, 26], []
[2025-01-30 00:11:16,000][__main__][INFO] - [11, 12, 27], []
[2025-01-30 00:11:16,016][__main__][INFO] - [11, 12, 28], []
[2025-01-30 00:11:16,033][__main__][INFO] - [11, 12, 29], []
[2025-01-30 00:11:16,049][__main__][INFO] - [11, 12, 30], []
[2025-01-30 00:11:16,066][__main__][INFO] - [11, 12, 31], []
[2025-01-30 00:11:16,083][__main__][INFO] - [11, 12, 32], []
[2025-01-30 00:11:16,101][__main__][INFO] - [11, 12, 33], []
[2025-01-30 00:11:16,117][__main__][INFO] - [11, 12, 34], []
[2025-01-30 00:11:16,134][__main__][INFO] - [11, 12, 35], []
[2025-01-30 00:11:16,163][__main__][INFO] - [11, 13, 21], []
[2025-01-30 00:11:16,180][__main__][INFO] - [11, 13, 22], []
[2025-01-30 00:11:16,197][__main__][INFO] - [11, 13, 23], []
[2025-01-30 00:11:16,239][__main__][INFO] - [11, 13, 26], []
[2025-01-30 00:11:16,256][__main__][INFO] - [11, 13, 27], []
[2025-01-30 00:11:16,273][__main__][INFO] - [11, 13, 28], []
[2025-01-30 00:11:16,290][__main__][INFO] - [11, 13, 29], []
[2025-01-30 00:11:16,306][__main__][INFO] - [11, 13, 30], []
[2025-01-30 00:11:16,323][__main__][INFO] - [11, 13, 31], []
[2025-01-30 00:11:16,339][__main__][INFO] - [11, 13, 32], []
[2025-01-30 00:11:16,356][__main__][INFO] - [11, 13, 33], []
[2025-01-30 00:11:16,372][__main__][INFO] - [11, 13, 34], []
[2025-01-30 00:11:16,388][__main__][INFO] - [11, 13, 35], []
[2025-01-30 00:11:16,417][__main__][INFO] - [11, 14, 21], []
[2025-01-30 00:11:16,435][__main__][INFO] - [11, 14, 22], []
[2025-01-30 00:11:16,451][__main__][INFO] - [11, 14, 23], []
[2025-01-30 00:11:16,468][__main__][INFO] - [11, 14, 24], []
[2025-01-30 00:11:16,498][__main__][INFO] - [11, 14, 26], []
[2025-01-30 00:11:16,514][__main__][INFO] - [11, 14, 27], []
[2025-01-30 00:11:16,531][__main__][INFO] - [11, 14, 28], []
[2025-01-30 00:11:16,548][__main__][INFO] - [11, 14, 29], []
[2025-01-30 00:11:16,565][__main__][INFO] - [11, 14, 30], []
[2025-01-30 00:11:16,582][__main__][INFO] - [11, 14, 31], []
[2025-01-30 00:11:16,599][__main__][INFO] - [11, 14, 32], []
[2025-01-30 00:11:16,615][__main__][INFO] - [11, 14, 33], []
[2025-01-30 00:11:16,631][__main__][INFO] - [11, 14, 34], []
[2025-01-30 00:11:16,648][__main__][INFO] - [11, 14, 35], []
[2025-01-30 00:11:16,678][__main__][INFO] - [11, 15, 21], []
[2025-01-30 00:11:16,694][__main__][INFO] - [11, 15, 22], []
[2025-01-30 00:11:16,711][__main__][INFO] - [11, 15, 23], []
[2025-01-30 00:11:16,728][__main__][INFO] - [11, 15, 24], []
[2025-01-30 00:11:16,758][__main__][INFO] - [11, 15, 26], []
[2025-01-30 00:11:16,774][__main__][INFO] - [11, 15, 27], []
[2025-01-30 00:11:16,791][__main__][INFO] - [11, 15, 28], []
[2025-01-30 00:11:16,808][__main__][INFO] - [11, 15, 29], []
[2025-01-30 00:11:16,824][__main__][INFO] - [11, 15, 30], []
[2025-01-30 00:11:16,841][__main__][INFO] - [11, 15, 31], []
[2025-01-30 00:11:16,858][__main__][INFO] - [11, 15, 32], []
[2025-01-30 00:11:16,874][__main__][INFO] - [11, 15, 33], []
[2025-01-30 00:11:16,890][__main__][INFO] - [11, 15, 34], []
[2025-01-30 00:11:16,907][__main__][INFO] - [11, 15, 35], []
[2025-01-30 00:11:16,935][__main__][INFO] - [11, 16, 21], []
[2025-01-30 00:11:17,026][__main__][INFO] - [11, 16, 28], []
[2025-01-30 00:11:17,119][__main__][INFO] - [11, 16, 35], []
[2025-01-30 00:11:17,149][__main__][INFO] - [11, 17, 21], []
[2025-01-30 00:11:17,167][__main__][INFO] - [11, 17, 22], []
[2025-01-30 00:11:17,183][__main__][INFO] - [11, 17, 23], []
[2025-01-30 00:11:17,226][__main__][INFO] - [11, 17, 26], []
[2025-01-30 00:11:17,242][__main__][INFO] - [11, 17, 27], []
[2025-01-30 00:11:17,259][__main__][INFO] - [11, 17, 28], []
[2025-01-30 00:11:17,276][__main__][INFO] - [11, 17, 29], []
[2025-01-30 00:11:17,294][__main__][INFO] - [11, 17, 30], []
[2025-01-30 00:11:17,310][__main__][INFO] - [11, 17, 31], []
[2025-01-30 00:11:17,327][__main__][INFO] - [11, 17, 32], []
[2025-01-30 00:11:17,344][__main__][INFO] - [11, 17, 33], []
[2025-01-30 00:11:17,361][__main__][INFO] - [11, 17, 34], []
[2025-01-30 00:11:17,377][__main__][INFO] - [11, 17, 35], []
[2025-01-30 00:11:17,407][__main__][INFO] - [11, 18, 21], []
[2025-01-30 00:11:17,616][__main__][INFO] - [11, 19, 21], []
[2025-01-30 00:11:17,646][__main__][INFO] - [11, 19, 23], []
[2025-01-30 00:11:17,802][__main__][INFO] - [11, 19, 35], []
[2025-01-30 00:11:17,845][__main__][INFO] - [11, 21, 26], []
[2025-01-30 00:11:17,862][__main__][INFO] - [11, 21, 27], []
[2025-01-30 00:11:17,880][__main__][INFO] - [11, 21, 28], []
[2025-01-30 00:11:17,897][__main__][INFO] - [11, 21, 29], []
[2025-01-30 00:11:17,914][__main__][INFO] - [11, 21, 30], []
[2025-01-30 00:11:17,931][__main__][INFO] - [11, 21, 31], []
[2025-01-30 00:11:17,948][__main__][INFO] - [11, 21, 32], []
[2025-01-30 00:11:17,965][__main__][INFO] - [11, 21, 33], []
[2025-01-30 00:11:17,983][__main__][INFO] - [11, 21, 34], []
[2025-01-30 00:11:18,000][__main__][INFO] - [11, 21, 35], []
[2025-01-30 00:11:18,030][__main__][INFO] - [11, 22, 26], []
[2025-01-30 00:11:18,047][__main__][INFO] - [11, 22, 27], []
[2025-01-30 00:11:18,064][__main__][INFO] - [11, 22, 28], []
[2025-01-30 00:11:18,080][__main__][INFO] - [11, 22, 29], []
[2025-01-30 00:11:18,097][__main__][INFO] - [11, 22, 30], []
[2025-01-30 00:11:18,113][__main__][INFO] - [11, 22, 31], []
[2025-01-30 00:11:18,129][__main__][INFO] - [11, 22, 32], []
[2025-01-30 00:11:18,146][__main__][INFO] - [11, 22, 33], []
[2025-01-30 00:11:18,162][__main__][INFO] - [11, 22, 34], []
[2025-01-30 00:11:18,179][__main__][INFO] - [11, 22, 35], []
[2025-01-30 00:11:18,208][__main__][INFO] - [11, 23, 26], []
[2025-01-30 00:11:18,224][__main__][INFO] - [11, 23, 27], []
[2025-01-30 00:11:18,241][__main__][INFO] - [11, 23, 28], []
[2025-01-30 00:11:18,256][__main__][INFO] - [11, 23, 29], []
[2025-01-30 00:11:18,273][__main__][INFO] - [11, 23, 30], []
[2025-01-30 00:11:18,289][__main__][INFO] - [11, 23, 31], []
[2025-01-30 00:11:18,305][__main__][INFO] - [11, 23, 32], []
[2025-01-30 00:11:18,321][__main__][INFO] - [11, 23, 33], []
[2025-01-30 00:11:18,338][__main__][INFO] - [11, 23, 34], []
[2025-01-30 00:11:18,355][__main__][INFO] - [11, 23, 35], []
[2025-01-30 00:11:18,458][__main__][INFO] - [11, 24, 32], []
[2025-01-30 00:11:18,499][__main__][INFO] - [11, 24, 35], []
[2025-01-30 00:11:18,676][__main__][INFO] - [12, 21], [11]
[2025-01-30 00:11:18,700][__main__][INFO] - [12, 22], [11]
[2025-01-30 00:11:18,717][__main__][INFO] - [12, 23], [11]
[2025-01-30 00:11:18,735][__main__][INFO] - [12, 24], [11]
[2025-01-30 00:11:18,751][__main__][INFO] - [12, 25], [11]
[2025-01-30 00:11:18,768][__main__][INFO] - [12, 26], [11]
[2025-01-30 00:11:18,784][__main__][INFO] - [12, 27], [11]
[2025-01-30 00:11:18,801][__main__][INFO] - [12, 28], [11]
[2025-01-30 00:11:18,818][__main__][INFO] - [12, 29], [11]
[2025-01-30 00:11:18,835][__main__][INFO] - [12, 30], [11]
[2025-01-30 00:11:18,852][__main__][INFO] - [12, 31], [11]
[2025-01-30 00:11:18,869][__main__][INFO] - [12, 32], [11]
[2025-01-30 00:11:18,887][__main__][INFO] - [12, 33], [11]
[2025-01-30 00:11:18,904][__main__][INFO] - [12, 34], [11]
[2025-01-30 00:11:18,921][__main__][INFO] - [12, 35], [11]
[2025-01-30 00:11:18,955][__main__][INFO] - [13, 21], [11]
[2025-01-30 00:11:18,973][__main__][INFO] - [13, 22], [11]
[2025-01-30 00:11:18,990][__main__][INFO] - [13, 23], [11]
[2025-01-30 00:11:19,007][__main__][INFO] - [13, 24], [11]
[2025-01-30 00:11:19,025][__main__][INFO] - [13, 25], [11]
[2025-01-30 00:11:19,042][__main__][INFO] - [13, 26], [11]
[2025-01-30 00:11:19,058][__main__][INFO] - [13, 27], [11]
[2025-01-30 00:11:19,075][__main__][INFO] - [13, 28], [11]
[2025-01-30 00:11:19,091][__main__][INFO] - [13, 29], [11]
[2025-01-30 00:11:19,107][__main__][INFO] - [13, 30], [11]
[2025-01-30 00:11:19,124][__main__][INFO] - [13, 31], [11]
[2025-01-30 00:11:19,140][__main__][INFO] - [13, 32], [11]
[2025-01-30 00:11:19,157][__main__][INFO] - [13, 33], [11]
[2025-01-30 00:11:19,173][__main__][INFO] - [13, 34], [11]
[2025-01-30 00:11:19,189][__main__][INFO] - [13, 35], [11]
[2025-01-30 00:11:19,218][__main__][INFO] - [14, 21], [11]
[2025-01-30 00:11:19,238][__main__][INFO] - [14, 22], [11]
[2025-01-30 00:11:19,256][__main__][INFO] - [14, 23], [11]
[2025-01-30 00:11:19,274][__main__][INFO] - [14, 24], [11]
[2025-01-30 00:11:19,291][__main__][INFO] - [14, 25], [11]
[2025-01-30 00:11:19,308][__main__][INFO] - [14, 26], [11]
[2025-01-30 00:11:19,325][__main__][INFO] - [14, 27], [11]
[2025-01-30 00:11:19,342][__main__][INFO] - [14, 28], [11]
[2025-01-30 00:11:19,360][__main__][INFO] - [14, 29], [11]
[2025-01-30 00:11:19,377][__main__][INFO] - [14, 30], [11]
[2025-01-30 00:11:19,394][__main__][INFO] - [14, 31], [11]
[2025-01-30 00:11:19,411][__main__][INFO] - [14, 32], [11]
[2025-01-30 00:11:19,427][__main__][INFO] - [14, 33], [11]
[2025-01-30 00:11:19,443][__main__][INFO] - [14, 34], [11]
[2025-01-30 00:11:19,459][__main__][INFO] - [14, 35], [11]
[2025-01-30 00:11:19,489][__main__][INFO] - [15, 21], [11]
[2025-01-30 00:11:19,506][__main__][INFO] - [15, 22], [11]
[2025-01-30 00:11:19,524][__main__][INFO] - [15, 23], [11]
[2025-01-30 00:11:19,543][__main__][INFO] - [15, 24], [11]
[2025-01-30 00:11:19,560][__main__][INFO] - [15, 25], [11]
[2025-01-30 00:11:19,576][__main__][INFO] - [15, 26], [11]
[2025-01-30 00:11:19,593][__main__][INFO] - [15, 27], [11]
[2025-01-30 00:11:19,611][__main__][INFO] - [15, 28], [11]
[2025-01-30 00:11:19,627][__main__][INFO] - [15, 29], [11]
[2025-01-30 00:11:19,643][__main__][INFO] - [15, 30], [11]
[2025-01-30 00:11:19,659][__main__][INFO] - [15, 31], [11]
[2025-01-30 00:11:19,676][__main__][INFO] - [15, 32], [11]
[2025-01-30 00:11:19,692][__main__][INFO] - [15, 33], [11]
[2025-01-30 00:11:19,709][__main__][INFO] - [15, 34], [11]
[2025-01-30 00:11:19,726][__main__][INFO] - [15, 35], [11]
[2025-01-30 00:11:19,757][__main__][INFO] - [16, 21], [11]
[2025-01-30 00:11:19,775][__main__][INFO] - [16, 22], [11]
[2025-01-30 00:11:19,792][__main__][INFO] - [16, 23], [11]
[2025-01-30 00:11:19,835][__main__][INFO] - [16, 26], [11]
[2025-01-30 00:11:19,852][__main__][INFO] - [16, 27], [11]
[2025-01-30 00:11:19,869][__main__][INFO] - [16, 28], [11]
[2025-01-30 00:11:19,886][__main__][INFO] - [16, 29], [11]
[2025-01-30 00:11:19,903][__main__][INFO] - [16, 30], [11]
[2025-01-30 00:11:19,920][__main__][INFO] - [16, 31], [11]
[2025-01-30 00:11:19,937][__main__][INFO] - [16, 32], [11]
[2025-01-30 00:11:19,954][__main__][INFO] - [16, 33], [11]
[2025-01-30 00:11:19,970][__main__][INFO] - [16, 34], [11]
[2025-01-30 00:11:19,987][__main__][INFO] - [16, 35], [11]
[2025-01-30 00:11:20,018][__main__][INFO] - [17, 21], [11]
[2025-01-30 00:11:20,035][__main__][INFO] - [17, 22], [11]
[2025-01-30 00:11:20,053][__main__][INFO] - [17, 23], [11]
[2025-01-30 00:11:20,070][__main__][INFO] - [17, 24], [11]
[2025-01-30 00:11:20,087][__main__][INFO] - [17, 25], [11]
[2025-01-30 00:11:20,103][__main__][INFO] - [17, 26], [11]
[2025-01-30 00:11:20,120][__main__][INFO] - [17, 27], [11]
[2025-01-30 00:11:20,137][__main__][INFO] - [17, 28], [11]
[2025-01-30 00:11:20,154][__main__][INFO] - [17, 29], [11]
[2025-01-30 00:11:20,171][__main__][INFO] - [17, 30], [11]
[2025-01-30 00:11:20,188][__main__][INFO] - [17, 31], [11]
[2025-01-30 00:11:20,206][__main__][INFO] - [17, 32], [11]
[2025-01-30 00:11:20,223][__main__][INFO] - [17, 33], [11]
[2025-01-30 00:11:20,240][__main__][INFO] - [17, 34], [11]
[2025-01-30 00:11:20,258][__main__][INFO] - [17, 35], [11]
[2025-01-30 00:11:20,288][__main__][INFO] - [18, 21], [11]
[2025-01-30 00:11:20,305][__main__][INFO] - [18, 22], [11]
[2025-01-30 00:11:20,322][__main__][INFO] - [18, 23], [11]
[2025-01-30 00:11:20,379][__main__][INFO] - [18, 27], [11]
[2025-01-30 00:11:20,395][__main__][INFO] - [18, 28], [11]
[2025-01-30 00:11:20,413][__main__][INFO] - [18, 29], [11]
[2025-01-30 00:11:20,431][__main__][INFO] - [18, 30], [11]
[2025-01-30 00:11:20,448][__main__][INFO] - [18, 31], [11]
[2025-01-30 00:11:20,465][__main__][INFO] - [18, 32], [11]
[2025-01-30 00:11:20,483][__main__][INFO] - [18, 33], [11]
[2025-01-30 00:11:20,500][__main__][INFO] - [18, 34], [11]
[2025-01-30 00:11:20,517][__main__][INFO] - [18, 35], [11]
[2025-01-30 00:11:20,546][__main__][INFO] - [19, 21], [11]
[2025-01-30 00:11:20,563][__main__][INFO] - [19, 22], [11]
[2025-01-30 00:11:20,580][__main__][INFO] - [19, 23], [11]
[2025-01-30 00:11:20,597][__main__][INFO] - [19, 24], [11]
[2025-01-30 00:11:20,615][__main__][INFO] - [19, 25], [11]
[2025-01-30 00:11:20,631][__main__][INFO] - [19, 26], [11]
[2025-01-30 00:11:20,647][__main__][INFO] - [19, 27], [11]
[2025-01-30 00:11:20,664][__main__][INFO] - [19, 28], [11]
[2025-01-30 00:11:20,680][__main__][INFO] - [19, 29], [11]
[2025-01-30 00:11:20,697][__main__][INFO] - [19, 30], [11]
[2025-01-30 00:11:20,713][__main__][INFO] - [19, 31], [11]
[2025-01-30 00:11:20,730][__main__][INFO] - [19, 32], [11]
[2025-01-30 00:11:20,746][__main__][INFO] - [19, 33], [11]
[2025-01-30 00:11:20,763][__main__][INFO] - [19, 34], [11]
[2025-01-30 00:11:20,780][__main__][INFO] - [19, 35], [11]
[2025-01-30 00:11:20,822][__main__][INFO] - [21, 26], [11]
[2025-01-30 00:11:20,840][__main__][INFO] - [21, 27], [11]
[2025-01-30 00:11:20,858][__main__][INFO] - [21, 28], [11]
[2025-01-30 00:11:20,876][__main__][INFO] - [21, 29], [11]
[2025-01-30 00:11:20,894][__main__][INFO] - [21, 30], [11]
[2025-01-30 00:11:20,912][__main__][INFO] - [21, 31], [11]
[2025-01-30 00:11:20,930][__main__][INFO] - [21, 32], [11]
[2025-01-30 00:11:20,948][__main__][INFO] - [21, 33], [11]
[2025-01-30 00:11:20,966][__main__][INFO] - [21, 34], [11]
[2025-01-30 00:11:20,985][__main__][INFO] - [21, 35], [11]
[2025-01-30 00:11:21,020][__main__][INFO] - [22, 26], [11]
[2025-01-30 00:11:21,037][__main__][INFO] - [22, 27], [11]
[2025-01-30 00:11:21,054][__main__][INFO] - [22, 28], [11]
[2025-01-30 00:11:21,071][__main__][INFO] - [22, 29], [11]
[2025-01-30 00:11:21,088][__main__][INFO] - [22, 30], [11]
[2025-01-30 00:11:21,106][__main__][INFO] - [22, 31], [11]
[2025-01-30 00:11:21,124][__main__][INFO] - [22, 32], [11]
[2025-01-30 00:11:21,142][__main__][INFO] - [22, 33], [11]
[2025-01-30 00:11:21,159][__main__][INFO] - [22, 34], [11]
[2025-01-30 00:11:21,177][__main__][INFO] - [22, 35], [11]
[2025-01-30 00:11:21,208][__main__][INFO] - [23, 26], [11]
[2025-01-30 00:11:21,225][__main__][INFO] - [23, 27], [11]
[2025-01-30 00:11:21,241][__main__][INFO] - [23, 28], [11]
[2025-01-30 00:11:21,258][__main__][INFO] - [23, 29], [11]
[2025-01-30 00:11:21,274][__main__][INFO] - [23, 30], [11]
[2025-01-30 00:11:21,291][__main__][INFO] - [23, 31], [11]
[2025-01-30 00:11:21,308][__main__][INFO] - [23, 32], [11]
[2025-01-30 00:11:21,325][__main__][INFO] - [23, 33], [11]
[2025-01-30 00:11:21,342][__main__][INFO] - [23, 34], [11]
[2025-01-30 00:11:21,359][__main__][INFO] - [23, 35], [11]
[2025-01-30 00:11:21,389][__main__][INFO] - [24, 26], [11]
[2025-01-30 00:11:21,406][__main__][INFO] - [24, 27], [11]
[2025-01-30 00:11:21,422][__main__][INFO] - [24, 28], [11]
[2025-01-30 00:11:21,439][__main__][INFO] - [24, 29], [11]
[2025-01-30 00:11:21,456][__main__][INFO] - [24, 30], [11]
[2025-01-30 00:11:21,473][__main__][INFO] - [24, 31], [11]
[2025-01-30 00:11:21,490][__main__][INFO] - [24, 32], [11]
[2025-01-30 00:11:21,507][__main__][INFO] - [24, 33], [11]
[2025-01-30 00:11:21,523][__main__][INFO] - [24, 34], [11]
[2025-01-30 00:11:21,540][__main__][INFO] - [24, 35], [11]
[2025-01-30 00:11:21,570][__main__][INFO] - [25, 26], [11]
[2025-01-30 00:11:21,587][__main__][INFO] - [25, 27], [11]
[2025-01-30 00:11:21,604][__main__][INFO] - [25, 28], [11]
[2025-01-30 00:11:21,622][__main__][INFO] - [25, 29], [11]
[2025-01-30 00:11:21,639][__main__][INFO] - [25, 30], [11]
[2025-01-30 00:11:21,656][__main__][INFO] - [25, 31], [11]
[2025-01-30 00:11:21,673][__main__][INFO] - [25, 32], [11]
[2025-01-30 00:11:21,690][__main__][INFO] - [25, 33], [11]
[2025-01-30 00:11:21,707][__main__][INFO] - [25, 34], [11]
[2025-01-30 00:11:21,724][__main__][INFO] - [25, 35], [11]
[2025-01-30 00:11:21,766][__main__][INFO] - [12, 21, 26], []
[2025-01-30 00:11:21,784][__main__][INFO] - [12, 21, 27], []
[2025-01-30 00:11:21,801][__main__][INFO] - [12, 21, 28], []
[2025-01-30 00:11:21,819][__main__][INFO] - [12, 21, 29], []
[2025-01-30 00:11:21,836][__main__][INFO] - [12, 21, 30], []
[2025-01-30 00:11:21,854][__main__][INFO] - [12, 21, 31], []
[2025-01-30 00:11:21,871][__main__][INFO] - [12, 21, 32], []
[2025-01-30 00:11:21,889][__main__][INFO] - [12, 21, 33], []
[2025-01-30 00:11:21,907][__main__][INFO] - [12, 21, 34], []
[2025-01-30 00:11:21,924][__main__][INFO] - [12, 21, 35], []
[2025-01-30 00:11:21,958][__main__][INFO] - [12, 22, 26], []
[2025-01-30 00:11:21,975][__main__][INFO] - [12, 22, 27], []
[2025-01-30 00:11:21,992][__main__][INFO] - [12, 22, 28], []
[2025-01-30 00:11:22,009][__main__][INFO] - [12, 22, 29], []
[2025-01-30 00:11:22,025][__main__][INFO] - [12, 22, 30], []
[2025-01-30 00:11:22,042][__main__][INFO] - [12, 22, 31], []
[2025-01-30 00:11:22,060][__main__][INFO] - [12, 22, 32], []
[2025-01-30 00:11:22,076][__main__][INFO] - [12, 22, 33], []
[2025-01-30 00:11:22,093][__main__][INFO] - [12, 22, 34], []
[2025-01-30 00:11:22,111][__main__][INFO] - [12, 22, 35], []
[2025-01-30 00:11:22,141][__main__][INFO] - [12, 23, 26], []
[2025-01-30 00:11:22,158][__main__][INFO] - [12, 23, 27], []
[2025-01-30 00:11:22,175][__main__][INFO] - [12, 23, 28], []
[2025-01-30 00:11:22,192][__main__][INFO] - [12, 23, 29], []
[2025-01-30 00:11:22,208][__main__][INFO] - [12, 23, 30], []
[2025-01-30 00:11:22,225][__main__][INFO] - [12, 23, 31], []
[2025-01-30 00:11:22,242][__main__][INFO] - [12, 23, 32], []
[2025-01-30 00:11:22,260][__main__][INFO] - [12, 23, 33], []
[2025-01-30 00:11:22,276][__main__][INFO] - [12, 23, 34], []
[2025-01-30 00:11:22,294][__main__][INFO] - [12, 23, 35], []
[2025-01-30 00:11:22,324][__main__][INFO] - [12, 24, 26], []
[2025-01-30 00:11:22,341][__main__][INFO] - [12, 24, 27], []
[2025-01-30 00:11:22,358][__main__][INFO] - [12, 24, 28], []
[2025-01-30 00:11:22,375][__main__][INFO] - [12, 24, 29], []
[2025-01-30 00:11:22,392][__main__][INFO] - [12, 24, 30], []
[2025-01-30 00:11:22,409][__main__][INFO] - [12, 24, 31], []
[2025-01-30 00:11:22,426][__main__][INFO] - [12, 24, 32], []
[2025-01-30 00:11:22,444][__main__][INFO] - [12, 24, 33], []
[2025-01-30 00:11:22,461][__main__][INFO] - [12, 24, 34], []
[2025-01-30 00:11:22,479][__main__][INFO] - [12, 24, 35], []
[2025-01-30 00:11:22,574][__main__][INFO] - [12, 25, 31], []
[2025-01-30 00:11:22,591][__main__][INFO] - [12, 25, 32], []
[2025-01-30 00:11:22,608][__main__][INFO] - [12, 25, 33], []
[2025-01-30 00:11:22,639][__main__][INFO] - [12, 25, 35], []
[2025-01-30 00:11:22,682][__main__][INFO] - [13, 21, 26], []
[2025-01-30 00:11:22,700][__main__][INFO] - [13, 21, 27], []
[2025-01-30 00:11:22,716][__main__][INFO] - [13, 21, 28], []
[2025-01-30 00:11:22,734][__main__][INFO] - [13, 21, 29], []
[2025-01-30 00:11:22,750][__main__][INFO] - [13, 21, 30], []
[2025-01-30 00:11:22,767][__main__][INFO] - [13, 21, 31], []
[2025-01-30 00:11:22,784][__main__][INFO] - [13, 21, 32], []
[2025-01-30 00:11:22,801][__main__][INFO] - [13, 21, 33], []
[2025-01-30 00:11:22,818][__main__][INFO] - [13, 21, 34], []
[2025-01-30 00:11:22,836][__main__][INFO] - [13, 21, 35], []
[2025-01-30 00:11:22,878][__main__][INFO] - [13, 22, 27], []
[2025-01-30 00:11:22,895][__main__][INFO] - [13, 22, 28], []
[2025-01-30 00:11:22,912][__main__][INFO] - [13, 22, 29], []
[2025-01-30 00:11:22,929][__main__][INFO] - [13, 22, 30], []
[2025-01-30 00:11:22,946][__main__][INFO] - [13, 22, 31], []
[2025-01-30 00:11:22,964][__main__][INFO] - [13, 22, 32], []
[2025-01-30 00:11:22,981][__main__][INFO] - [13, 22, 33], []
[2025-01-30 00:11:22,998][__main__][INFO] - [13, 22, 34], []
[2025-01-30 00:11:23,014][__main__][INFO] - [13, 22, 35], []
[2025-01-30 00:11:23,044][__main__][INFO] - [13, 23, 26], []
[2025-01-30 00:11:23,060][__main__][INFO] - [13, 23, 27], []
[2025-01-30 00:11:23,077][__main__][INFO] - [13, 23, 28], []
[2025-01-30 00:11:23,094][__main__][INFO] - [13, 23, 29], []
[2025-01-30 00:11:23,111][__main__][INFO] - [13, 23, 30], []
[2025-01-30 00:11:23,128][__main__][INFO] - [13, 23, 31], []
[2025-01-30 00:11:23,145][__main__][INFO] - [13, 23, 32], []
[2025-01-30 00:11:23,162][__main__][INFO] - [13, 23, 33], []
[2025-01-30 00:11:23,179][__main__][INFO] - [13, 23, 34], []
[2025-01-30 00:11:23,196][__main__][INFO] - [13, 23, 35], []
[2025-01-30 00:11:23,343][__main__][INFO] - [13, 24, 35], []
[2025-01-30 00:11:23,487][__main__][INFO] - [13, 25, 35], []
[2025-01-30 00:11:23,529][__main__][INFO] - [14, 21, 26], []
[2025-01-30 00:11:23,547][__main__][INFO] - [14, 21, 27], []
[2025-01-30 00:11:23,564][__main__][INFO] - [14, 21, 28], []
[2025-01-30 00:11:23,581][__main__][INFO] - [14, 21, 29], []
[2025-01-30 00:11:23,598][__main__][INFO] - [14, 21, 30], []
[2025-01-30 00:11:23,615][__main__][INFO] - [14, 21, 31], []
[2025-01-30 00:11:23,633][__main__][INFO] - [14, 21, 32], []
[2025-01-30 00:11:23,650][__main__][INFO] - [14, 21, 33], []
[2025-01-30 00:11:23,667][__main__][INFO] - [14, 21, 34], []
[2025-01-30 00:11:23,684][__main__][INFO] - [14, 21, 35], []
[2025-01-30 00:11:23,715][__main__][INFO] - [14, 22, 26], []
[2025-01-30 00:11:23,732][__main__][INFO] - [14, 22, 27], []
[2025-01-30 00:11:23,749][__main__][INFO] - [14, 22, 28], []
[2025-01-30 00:11:23,766][__main__][INFO] - [14, 22, 29], []
[2025-01-30 00:11:23,783][__main__][INFO] - [14, 22, 30], []
[2025-01-30 00:11:23,800][__main__][INFO] - [14, 22, 31], []
[2025-01-30 00:11:23,817][__main__][INFO] - [14, 22, 32], []
[2025-01-30 00:11:23,834][__main__][INFO] - [14, 22, 33], []
[2025-01-30 00:11:23,851][__main__][INFO] - [14, 22, 34], []
[2025-01-30 00:11:23,869][__main__][INFO] - [14, 22, 35], []
[2025-01-30 00:11:23,912][__main__][INFO] - [14, 23, 27], []
[2025-01-30 00:11:23,928][__main__][INFO] - [14, 23, 28], []
[2025-01-30 00:11:23,945][__main__][INFO] - [14, 23, 29], []
[2025-01-30 00:11:23,962][__main__][INFO] - [14, 23, 30], []
[2025-01-30 00:11:23,980][__main__][INFO] - [14, 23, 31], []
[2025-01-30 00:11:23,997][__main__][INFO] - [14, 23, 32], []
[2025-01-30 00:11:24,014][__main__][INFO] - [14, 23, 33], []
[2025-01-30 00:11:24,031][__main__][INFO] - [14, 23, 34], []
[2025-01-30 00:11:24,048][__main__][INFO] - [14, 23, 35], []
[2025-01-30 00:11:24,129][__main__][INFO] - [14, 24, 30], []
[2025-01-30 00:11:24,159][__main__][INFO] - [14, 24, 32], []
[2025-01-30 00:11:24,176][__main__][INFO] - [14, 24, 33], []
[2025-01-30 00:11:24,207][__main__][INFO] - [14, 24, 35], []
[2025-01-30 00:11:24,352][__main__][INFO] - [14, 25, 35], []
[2025-01-30 00:11:24,395][__main__][INFO] - [15, 21, 26], []
[2025-01-30 00:11:24,412][__main__][INFO] - [15, 21, 27], []
[2025-01-30 00:11:24,430][__main__][INFO] - [15, 21, 28], []
[2025-01-30 00:11:24,447][__main__][INFO] - [15, 21, 29], []
[2025-01-30 00:11:24,464][__main__][INFO] - [15, 21, 30], []
[2025-01-30 00:11:24,481][__main__][INFO] - [15, 21, 31], []
[2025-01-30 00:11:24,498][__main__][INFO] - [15, 21, 32], []
[2025-01-30 00:11:24,515][__main__][INFO] - [15, 21, 33], []
[2025-01-30 00:11:24,531][__main__][INFO] - [15, 21, 34], []
[2025-01-30 00:11:24,547][__main__][INFO] - [15, 21, 35], []
[2025-01-30 00:11:24,576][__main__][INFO] - [15, 22, 26], []
[2025-01-30 00:11:24,593][__main__][INFO] - [15, 22, 27], []
[2025-01-30 00:11:24,610][__main__][INFO] - [15, 22, 28], []
[2025-01-30 00:11:24,627][__main__][INFO] - [15, 22, 29], []
[2025-01-30 00:11:24,644][__main__][INFO] - [15, 22, 30], []
[2025-01-30 00:11:24,661][__main__][INFO] - [15, 22, 31], []
[2025-01-30 00:11:24,678][__main__][INFO] - [15, 22, 32], []
[2025-01-30 00:11:24,696][__main__][INFO] - [15, 22, 33], []
[2025-01-30 00:11:24,713][__main__][INFO] - [15, 22, 34], []
[2025-01-30 00:11:24,730][__main__][INFO] - [15, 22, 35], []
[2025-01-30 00:11:24,760][__main__][INFO] - [15, 23, 26], []
[2025-01-30 00:11:24,776][__main__][INFO] - [15, 23, 27], []
[2025-01-30 00:11:24,793][__main__][INFO] - [15, 23, 28], []
[2025-01-30 00:11:24,810][__main__][INFO] - [15, 23, 29], []
[2025-01-30 00:11:24,827][__main__][INFO] - [15, 23, 30], []
[2025-01-30 00:11:24,845][__main__][INFO] - [15, 23, 31], []
[2025-01-30 00:11:24,862][__main__][INFO] - [15, 23, 32], []
[2025-01-30 00:11:24,879][__main__][INFO] - [15, 23, 33], []
[2025-01-30 00:11:24,897][__main__][INFO] - [15, 23, 34], []
[2025-01-30 00:11:24,914][__main__][INFO] - [15, 23, 35], []
[2025-01-30 00:11:24,945][__main__][INFO] - [15, 24, 26], []
[2025-01-30 00:11:24,975][__main__][INFO] - [15, 24, 28], []
[2025-01-30 00:11:24,992][__main__][INFO] - [15, 24, 29], []
[2025-01-30 00:11:25,009][__main__][INFO] - [15, 24, 30], []
[2025-01-30 00:11:25,026][__main__][INFO] - [15, 24, 31], []
[2025-01-30 00:11:25,043][__main__][INFO] - [15, 24, 32], []
[2025-01-30 00:11:25,060][__main__][INFO] - [15, 24, 33], []
[2025-01-30 00:11:25,077][__main__][INFO] - [15, 24, 34], []
[2025-01-30 00:11:25,094][__main__][INFO] - [15, 24, 35], []
[2025-01-30 00:11:25,240][__main__][INFO] - [15, 25, 35], []
[2025-01-30 00:11:25,283][__main__][INFO] - [16, 21, 26], []
[2025-01-30 00:11:25,300][__main__][INFO] - [16, 21, 27], []
[2025-01-30 00:11:25,317][__main__][INFO] - [16, 21, 28], []
[2025-01-30 00:11:25,334][__main__][INFO] - [16, 21, 29], []
[2025-01-30 00:11:25,351][__main__][INFO] - [16, 21, 30], []
[2025-01-30 00:11:25,367][__main__][INFO] - [16, 21, 31], []
[2025-01-30 00:11:25,384][__main__][INFO] - [16, 21, 32], []
[2025-01-30 00:11:25,400][__main__][INFO] - [16, 21, 33], []
[2025-01-30 00:11:25,417][__main__][INFO] - [16, 21, 34], []
[2025-01-30 00:11:25,434][__main__][INFO] - [16, 21, 35], []
[2025-01-30 00:11:25,477][__main__][INFO] - [16, 22, 27], []
[2025-01-30 00:11:25,494][__main__][INFO] - [16, 22, 28], []
[2025-01-30 00:11:25,511][__main__][INFO] - [16, 22, 29], []
[2025-01-30 00:11:25,527][__main__][INFO] - [16, 22, 30], []
[2025-01-30 00:11:25,570][__main__][INFO] - [16, 22, 33], []
[2025-01-30 00:11:25,600][__main__][INFO] - [16, 22, 35], []
[2025-01-30 00:11:25,682][__main__][INFO] - [16, 23, 30], []
[2025-01-30 00:11:25,749][__main__][INFO] - [16, 23, 35], []
[2025-01-30 00:11:25,816][__main__][INFO] - [17, 21, 26], []
[2025-01-30 00:11:25,833][__main__][INFO] - [17, 21, 27], []
[2025-01-30 00:11:25,850][__main__][INFO] - [17, 21, 28], []
[2025-01-30 00:11:25,867][__main__][INFO] - [17, 21, 29], []
[2025-01-30 00:11:25,883][__main__][INFO] - [17, 21, 30], []
[2025-01-30 00:11:25,900][__main__][INFO] - [17, 21, 31], []
[2025-01-30 00:11:25,917][__main__][INFO] - [17, 21, 32], []
[2025-01-30 00:11:25,933][__main__][INFO] - [17, 21, 33], []
[2025-01-30 00:11:25,950][__main__][INFO] - [17, 21, 34], []
[2025-01-30 00:11:25,967][__main__][INFO] - [17, 21, 35], []
[2025-01-30 00:11:25,997][__main__][INFO] - [17, 22, 26], []
[2025-01-30 00:11:26,013][__main__][INFO] - [17, 22, 27], []
[2025-01-30 00:11:26,030][__main__][INFO] - [17, 22, 28], []
[2025-01-30 00:11:26,047][__main__][INFO] - [17, 22, 29], []
[2025-01-30 00:11:26,064][__main__][INFO] - [17, 22, 30], []
[2025-01-30 00:11:26,081][__main__][INFO] - [17, 22, 31], []
[2025-01-30 00:11:26,098][__main__][INFO] - [17, 22, 32], []
[2025-01-30 00:11:26,114][__main__][INFO] - [17, 22, 33], []
[2025-01-30 00:11:26,131][__main__][INFO] - [17, 22, 34], []
[2025-01-30 00:11:26,148][__main__][INFO] - [17, 22, 35], []
[2025-01-30 00:11:26,178][__main__][INFO] - [17, 23, 26], []
[2025-01-30 00:11:26,195][__main__][INFO] - [17, 23, 27], []
[2025-01-30 00:11:26,212][__main__][INFO] - [17, 23, 28], []
[2025-01-30 00:11:26,229][__main__][INFO] - [17, 23, 29], []
[2025-01-30 00:11:26,246][__main__][INFO] - [17, 23, 30], []
[2025-01-30 00:11:26,263][__main__][INFO] - [17, 23, 31], []
[2025-01-30 00:11:26,280][__main__][INFO] - [17, 23, 32], []
[2025-01-30 00:11:26,297][__main__][INFO] - [17, 23, 33], []
[2025-01-30 00:11:26,314][__main__][INFO] - [17, 23, 34], []
[2025-01-30 00:11:26,332][__main__][INFO] - [17, 23, 35], []
[2025-01-30 00:11:26,379][__main__][INFO] - [17, 24, 27], []
[2025-01-30 00:11:26,396][__main__][INFO] - [17, 24, 28], []
[2025-01-30 00:11:26,413][__main__][INFO] - [17, 24, 29], []
[2025-01-30 00:11:26,429][__main__][INFO] - [17, 24, 30], []
[2025-01-30 00:11:26,446][__main__][INFO] - [17, 24, 31], []
[2025-01-30 00:11:26,463][__main__][INFO] - [17, 24, 32], []
[2025-01-30 00:11:26,481][__main__][INFO] - [17, 24, 33], []
[2025-01-30 00:11:26,510][__main__][INFO] - [17, 24, 35], []
[2025-01-30 00:11:26,697][__main__][INFO] - [18, 21, 26], []
[2025-01-30 00:11:26,714][__main__][INFO] - [18, 21, 27], []
[2025-01-30 00:11:26,730][__main__][INFO] - [18, 21, 28], []
[2025-01-30 00:11:26,747][__main__][INFO] - [18, 21, 29], []
[2025-01-30 00:11:26,764][__main__][INFO] - [18, 21, 30], []
[2025-01-30 00:11:26,781][__main__][INFO] - [18, 21, 31], []
[2025-01-30 00:11:26,798][__main__][INFO] - [18, 21, 32], []
[2025-01-30 00:11:26,815][__main__][INFO] - [18, 21, 33], []
[2025-01-30 00:11:26,831][__main__][INFO] - [18, 21, 34], []
[2025-01-30 00:11:26,848][__main__][INFO] - [18, 21, 35], []
[2025-01-30 00:11:26,928][__main__][INFO] - [18, 22, 30], []
[2025-01-30 00:11:26,996][__main__][INFO] - [18, 22, 35], []
[2025-01-30 00:11:27,143][__main__][INFO] - [18, 23, 35], []
[2025-01-30 00:11:27,211][__main__][INFO] - [19, 21, 26], []
[2025-01-30 00:11:27,241][__main__][INFO] - [19, 21, 28], []
[2025-01-30 00:11:27,258][__main__][INFO] - [19, 21, 29], []
[2025-01-30 00:11:27,275][__main__][INFO] - [19, 21, 30], []
[2025-01-30 00:11:27,292][__main__][INFO] - [19, 21, 31], []
[2025-01-30 00:11:27,309][__main__][INFO] - [19, 21, 32], []
[2025-01-30 00:11:27,325][__main__][INFO] - [19, 21, 33], []
[2025-01-30 00:11:27,342][__main__][INFO] - [19, 21, 34], []
[2025-01-30 00:11:27,359][__main__][INFO] - [19, 21, 35], []
[2025-01-30 00:11:27,454][__main__][INFO] - [19, 22, 31], []
[2025-01-30 00:11:27,509][__main__][INFO] - [19, 22, 35], []
[2025-01-30 00:11:27,577][__main__][INFO] - [19, 23, 29], []
[2025-01-30 00:11:27,594][__main__][INFO] - [19, 23, 30], []
[2025-01-30 00:11:27,611][__main__][INFO] - [19, 23, 31], []
[2025-01-30 00:11:27,628][__main__][INFO] - [19, 23, 32], []
[2025-01-30 00:11:27,671][__main__][INFO] - [19, 23, 35], []
[2025-01-30 00:11:27,953][__main__][INFO] - [19, 25, 35], []
[2025-01-30 00:11:28,034][__main__][INFO] - [0, 10, 11, 12], []
[2025-01-30 00:11:28,053][__main__][INFO] - [0, 10, 11, 13], []
[2025-01-30 00:11:28,070][__main__][INFO] - [0, 10, 11, 14], []
[2025-01-30 00:11:28,088][__main__][INFO] - [0, 10, 11, 15], []
[2025-01-30 00:11:28,119][__main__][INFO] - [0, 10, 11, 17], []
[2025-01-30 00:11:28,176][__main__][INFO] - [0, 10, 11, 21], []
[2025-01-30 00:11:28,194][__main__][INFO] - [0, 10, 11, 22], []
[2025-01-30 00:11:28,251][__main__][INFO] - [0, 10, 11, 26], []
[2025-01-30 00:11:28,269][__main__][INFO] - [0, 10, 11, 27], []
[2025-01-30 00:11:28,287][__main__][INFO] - [0, 10, 11, 28], []
[2025-01-30 00:11:28,304][__main__][INFO] - [0, 10, 11, 29], []
[2025-01-30 00:11:28,321][__main__][INFO] - [0, 10, 11, 30], []
[2025-01-30 00:11:28,338][__main__][INFO] - [0, 10, 11, 31], []
[2025-01-30 00:11:28,356][__main__][INFO] - [0, 10, 11, 32], []
[2025-01-30 00:11:28,373][__main__][INFO] - [0, 10, 11, 33], []
[2025-01-30 00:11:28,391][__main__][INFO] - [0, 10, 11, 34], []
[2025-01-30 00:11:28,408][__main__][INFO] - [0, 10, 11, 35], []
[2025-01-30 00:11:28,440][__main__][INFO] - [0, 10, 12], [11]
[2025-01-30 00:11:28,457][__main__][INFO] - [0, 10, 13], [11]
[2025-01-30 00:11:28,475][__main__][INFO] - [0, 10, 14], [11]
[2025-01-30 00:11:28,492][__main__][INFO] - [0, 10, 15], [11]
[2025-01-30 00:11:28,509][__main__][INFO] - [0, 10, 16], [11]
[2025-01-30 00:11:28,527][__main__][INFO] - [0, 10, 17], [11]
[2025-01-30 00:11:28,545][__main__][INFO] - [0, 10, 18], [11]
[2025-01-30 00:11:28,563][__main__][INFO] - [0, 10, 19], [11]
[2025-01-30 00:11:28,594][__main__][INFO] - [0, 10, 21], [11]
[2025-01-30 00:11:28,612][__main__][INFO] - [0, 10, 22], [11]
[2025-01-30 00:11:28,631][__main__][INFO] - [0, 10, 23], [11]
[2025-01-30 00:11:28,649][__main__][INFO] - [0, 10, 24], [11]
[2025-01-30 00:11:28,667][__main__][INFO] - [0, 10, 25], [11]
[2025-01-30 00:11:28,684][__main__][INFO] - [0, 10, 26], [11]
[2025-01-30 00:11:28,702][__main__][INFO] - [0, 10, 27], [11]
[2025-01-30 00:11:28,719][__main__][INFO] - [0, 10, 28], [11]
[2025-01-30 00:11:28,737][__main__][INFO] - [0, 10, 29], [11]
[2025-01-30 00:11:28,755][__main__][INFO] - [0, 10, 30], [11]
[2025-01-30 00:11:28,773][__main__][INFO] - [0, 10, 31], [11]
[2025-01-30 00:11:28,790][__main__][INFO] - [0, 10, 32], [11]
[2025-01-30 00:11:28,808][__main__][INFO] - [0, 10, 33], [11]
[2025-01-30 00:11:28,825][__main__][INFO] - [0, 10, 34], [11]
[2025-01-30 00:11:28,842][__main__][INFO] - [0, 10, 35], [11]
[2025-01-30 00:11:28,873][__main__][INFO] - [0, 10, 12, 21], []
[2025-01-30 00:11:28,892][__main__][INFO] - [0, 10, 12, 22], []
[2025-01-30 00:11:28,910][__main__][INFO] - [0, 10, 12, 23], []
[2025-01-30 00:11:28,928][__main__][INFO] - [0, 10, 12, 24], []
[2025-01-30 00:11:28,959][__main__][INFO] - [0, 10, 12, 26], []
[2025-01-30 00:11:28,976][__main__][INFO] - [0, 10, 12, 27], []
[2025-01-30 00:11:28,994][__main__][INFO] - [0, 10, 12, 28], []
[2025-01-30 00:11:29,012][__main__][INFO] - [0, 10, 12, 29], []
[2025-01-30 00:11:29,031][__main__][INFO] - [0, 10, 12, 30], []
[2025-01-30 00:11:29,048][__main__][INFO] - [0, 10, 12, 31], []
[2025-01-30 00:11:29,066][__main__][INFO] - [0, 10, 12, 32], []
[2025-01-30 00:11:29,083][__main__][INFO] - [0, 10, 12, 33], []
[2025-01-30 00:11:29,100][__main__][INFO] - [0, 10, 12, 34], []
[2025-01-30 00:11:29,118][__main__][INFO] - [0, 10, 12, 35], []
[2025-01-30 00:11:29,149][__main__][INFO] - [0, 10, 13, 21], []
[2025-01-30 00:11:29,167][__main__][INFO] - [0, 10, 13, 22], []
[2025-01-30 00:11:29,184][__main__][INFO] - [0, 10, 13, 23], []
[2025-01-30 00:11:29,228][__main__][INFO] - [0, 10, 13, 26], []
[2025-01-30 00:11:29,246][__main__][INFO] - [0, 10, 13, 27], []
[2025-01-30 00:11:29,264][__main__][INFO] - [0, 10, 13, 28], []
[2025-01-30 00:11:29,282][__main__][INFO] - [0, 10, 13, 29], []
[2025-01-30 00:11:29,300][__main__][INFO] - [0, 10, 13, 30], []
[2025-01-30 00:11:29,318][__main__][INFO] - [0, 10, 13, 31], []
[2025-01-30 00:11:29,335][__main__][INFO] - [0, 10, 13, 32], []
[2025-01-30 00:11:29,353][__main__][INFO] - [0, 10, 13, 33], []
[2025-01-30 00:11:29,370][__main__][INFO] - [0, 10, 13, 34], []
[2025-01-30 00:11:29,388][__main__][INFO] - [0, 10, 13, 35], []
[2025-01-30 00:11:29,418][__main__][INFO] - [0, 10, 14, 21], []
[2025-01-30 00:11:29,436][__main__][INFO] - [0, 10, 14, 22], []
[2025-01-30 00:11:29,454][__main__][INFO] - [0, 10, 14, 23], []
[2025-01-30 00:11:29,498][__main__][INFO] - [0, 10, 14, 26], []
[2025-01-30 00:11:29,516][__main__][INFO] - [0, 10, 14, 27], []
[2025-01-30 00:11:29,534][__main__][INFO] - [0, 10, 14, 28], []
[2025-01-30 00:11:29,551][__main__][INFO] - [0, 10, 14, 29], []
[2025-01-30 00:11:29,569][__main__][INFO] - [0, 10, 14, 30], []
[2025-01-30 00:11:29,587][__main__][INFO] - [0, 10, 14, 31], []
[2025-01-30 00:11:29,604][__main__][INFO] - [0, 10, 14, 32], []
[2025-01-30 00:11:29,622][__main__][INFO] - [0, 10, 14, 33], []
[2025-01-30 00:11:29,639][__main__][INFO] - [0, 10, 14, 34], []
[2025-01-30 00:11:29,656][__main__][INFO] - [0, 10, 14, 35], []
[2025-01-30 00:11:29,686][__main__][INFO] - [0, 10, 15, 21], []
[2025-01-30 00:11:29,704][__main__][INFO] - [0, 10, 15, 22], []
[2025-01-30 00:11:29,722][__main__][INFO] - [0, 10, 15, 23], []
[2025-01-30 00:11:29,740][__main__][INFO] - [0, 10, 15, 24], []
[2025-01-30 00:11:29,771][__main__][INFO] - [0, 10, 15, 26], []
[2025-01-30 00:11:29,790][__main__][INFO] - [0, 10, 15, 27], []
[2025-01-30 00:11:29,808][__main__][INFO] - [0, 10, 15, 28], []
[2025-01-30 00:11:29,827][__main__][INFO] - [0, 10, 15, 29], []
[2025-01-30 00:11:29,845][__main__][INFO] - [0, 10, 15, 30], []
[2025-01-30 00:11:29,863][__main__][INFO] - [0, 10, 15, 31], []
[2025-01-30 00:11:29,880][__main__][INFO] - [0, 10, 15, 32], []
[2025-01-30 00:11:29,898][__main__][INFO] - [0, 10, 15, 33], []
[2025-01-30 00:11:29,915][__main__][INFO] - [0, 10, 15, 34], []
[2025-01-30 00:11:29,933][__main__][INFO] - [0, 10, 15, 35], []
[2025-01-30 00:11:29,964][__main__][INFO] - [0, 10, 16, 21], []
[2025-01-30 00:11:30,073][__main__][INFO] - [0, 10, 16, 29], []
[2025-01-30 00:11:30,157][__main__][INFO] - [0, 10, 16, 35], []
[2025-01-30 00:11:30,188][__main__][INFO] - [0, 10, 17, 21], []
[2025-01-30 00:11:30,207][__main__][INFO] - [0, 10, 17, 22], []
[2025-01-30 00:11:30,224][__main__][INFO] - [0, 10, 17, 23], []
[2025-01-30 00:11:30,242][__main__][INFO] - [0, 10, 17, 24], []
[2025-01-30 00:11:30,273][__main__][INFO] - [0, 10, 17, 26], []
[2025-01-30 00:11:30,292][__main__][INFO] - [0, 10, 17, 27], []
[2025-01-30 00:11:30,309][__main__][INFO] - [0, 10, 17, 28], []
[2025-01-30 00:11:30,328][__main__][INFO] - [0, 10, 17, 29], []
[2025-01-30 00:11:30,346][__main__][INFO] - [0, 10, 17, 30], []
[2025-01-30 00:11:30,364][__main__][INFO] - [0, 10, 17, 31], []
[2025-01-30 00:11:30,383][__main__][INFO] - [0, 10, 17, 32], []
[2025-01-30 00:11:30,401][__main__][INFO] - [0, 10, 17, 33], []
[2025-01-30 00:11:30,419][__main__][INFO] - [0, 10, 17, 34], []
[2025-01-30 00:11:30,436][__main__][INFO] - [0, 10, 17, 35], []
[2025-01-30 00:11:30,468][__main__][INFO] - [0, 10, 18, 21], []
[2025-01-30 00:11:30,683][__main__][INFO] - [0, 10, 19, 21], []
[2025-01-30 00:11:30,911][__main__][INFO] - [0, 10, 21, 26], []
[2025-01-30 00:11:30,930][__main__][INFO] - [0, 10, 21, 27], []
[2025-01-30 00:11:30,949][__main__][INFO] - [0, 10, 21, 28], []
[2025-01-30 00:11:30,967][__main__][INFO] - [0, 10, 21, 29], []
[2025-01-30 00:11:30,985][__main__][INFO] - [0, 10, 21, 30], []
[2025-01-30 00:11:31,003][__main__][INFO] - [0, 10, 21, 31], []
[2025-01-30 00:11:31,021][__main__][INFO] - [0, 10, 21, 32], []
[2025-01-30 00:11:31,040][__main__][INFO] - [0, 10, 21, 33], []
[2025-01-30 00:11:31,058][__main__][INFO] - [0, 10, 21, 34], []
[2025-01-30 00:11:31,076][__main__][INFO] - [0, 10, 21, 35], []
[2025-01-30 00:11:31,107][__main__][INFO] - [0, 10, 22, 26], []
[2025-01-30 00:11:31,126][__main__][INFO] - [0, 10, 22, 27], []
[2025-01-30 00:11:31,144][__main__][INFO] - [0, 10, 22, 28], []
[2025-01-30 00:11:31,161][__main__][INFO] - [0, 10, 22, 29], []
[2025-01-30 00:11:31,179][__main__][INFO] - [0, 10, 22, 30], []
[2025-01-30 00:11:31,198][__main__][INFO] - [0, 10, 22, 31], []
[2025-01-30 00:11:31,216][__main__][INFO] - [0, 10, 22, 32], []
[2025-01-30 00:11:31,234][__main__][INFO] - [0, 10, 22, 33], []
[2025-01-30 00:11:31,252][__main__][INFO] - [0, 10, 22, 34], []
[2025-01-30 00:11:31,270][__main__][INFO] - [0, 10, 22, 35], []
[2025-01-30 00:11:31,300][__main__][INFO] - [0, 10, 23, 26], []
[2025-01-30 00:11:31,318][__main__][INFO] - [0, 10, 23, 27], []
[2025-01-30 00:11:31,336][__main__][INFO] - [0, 10, 23, 28], []
[2025-01-30 00:11:31,353][__main__][INFO] - [0, 10, 23, 29], []
[2025-01-30 00:11:31,372][__main__][INFO] - [0, 10, 23, 30], []
[2025-01-30 00:11:31,390][__main__][INFO] - [0, 10, 23, 31], []
[2025-01-30 00:11:31,408][__main__][INFO] - [0, 10, 23, 32], []
[2025-01-30 00:11:31,425][__main__][INFO] - [0, 10, 23, 33], []
[2025-01-30 00:11:31,443][__main__][INFO] - [0, 10, 23, 34], []
[2025-01-30 00:11:31,461][__main__][INFO] - [0, 10, 23, 35], []
[2025-01-30 00:11:31,492][__main__][INFO] - [0, 10, 24, 26], []
[2025-01-30 00:11:31,535][__main__][INFO] - [0, 10, 24, 29], []
[2025-01-30 00:11:31,553][__main__][INFO] - [0, 10, 24, 30], []
[2025-01-30 00:11:31,571][__main__][INFO] - [0, 10, 24, 31], []
[2025-01-30 00:11:31,629][__main__][INFO] - [0, 10, 24, 35], []
[2025-01-30 00:11:31,817][__main__][INFO] - [0, 11, 12], [10]
[2025-01-30 00:11:31,835][__main__][INFO] - [0, 11, 13], [10]
[2025-01-30 00:11:31,853][__main__][INFO] - [0, 11, 14], [10]
[2025-01-30 00:11:31,871][__main__][INFO] - [0, 11, 15], [10]
[2025-01-30 00:11:31,902][__main__][INFO] - [0, 11, 17], [10]
[2025-01-30 00:11:31,959][__main__][INFO] - [0, 11, 21], [10]
[2025-01-30 00:11:31,977][__main__][INFO] - [0, 11, 22], [10]
[2025-01-30 00:11:31,994][__main__][INFO] - [0, 11, 23], [10]
[2025-01-30 00:11:32,038][__main__][INFO] - [0, 11, 26], [10]
[2025-01-30 00:11:32,057][__main__][INFO] - [0, 11, 27], [10]
[2025-01-30 00:11:32,075][__main__][INFO] - [0, 11, 28], [10]
[2025-01-30 00:11:32,092][__main__][INFO] - [0, 11, 29], [10]
[2025-01-30 00:11:32,110][__main__][INFO] - [0, 11, 30], [10]
[2025-01-30 00:11:32,128][__main__][INFO] - [0, 11, 31], [10]
[2025-01-30 00:11:32,145][__main__][INFO] - [0, 11, 32], [10]
[2025-01-30 00:11:32,163][__main__][INFO] - [0, 11, 33], [10]
[2025-01-30 00:11:32,181][__main__][INFO] - [0, 11, 34], [10]
[2025-01-30 00:11:32,198][__main__][INFO] - [0, 11, 35], [10]
[2025-01-30 00:11:32,228][__main__][INFO] - [0, 12], [10, 11]
[2025-01-30 00:11:32,246][__main__][INFO] - [0, 13], [10, 11]
[2025-01-30 00:11:32,263][__main__][INFO] - [0, 14], [10, 11]
[2025-01-30 00:11:32,280][__main__][INFO] - [0, 15], [10, 11]
[2025-01-30 00:11:32,298][__main__][INFO] - [0, 16], [10, 11]
[2025-01-30 00:11:32,316][__main__][INFO] - [0, 17], [10, 11]
[2025-01-30 00:11:32,334][__main__][INFO] - [0, 18], [10, 11]
[2025-01-30 00:11:32,352][__main__][INFO] - [0, 19], [10, 11]
[2025-01-30 00:11:32,383][__main__][INFO] - [0, 21], [10, 11]
[2025-01-30 00:11:32,401][__main__][INFO] - [0, 22], [10, 11]
[2025-01-30 00:11:32,420][__main__][INFO] - [0, 23], [10, 11]
[2025-01-30 00:11:32,438][__main__][INFO] - [0, 24], [10, 11]
[2025-01-30 00:11:32,455][__main__][INFO] - [0, 25], [10, 11]
[2025-01-30 00:11:32,473][__main__][INFO] - [0, 26], [10, 11]
[2025-01-30 00:11:32,491][__main__][INFO] - [0, 27], [10, 11]
[2025-01-30 00:11:32,509][__main__][INFO] - [0, 28], [10, 11]
[2025-01-30 00:11:32,526][__main__][INFO] - [0, 29], [10, 11]
[2025-01-30 00:11:32,544][__main__][INFO] - [0, 30], [10, 11]
[2025-01-30 00:11:32,562][__main__][INFO] - [0, 31], [10, 11]
[2025-01-30 00:11:32,580][__main__][INFO] - [0, 32], [10, 11]
[2025-01-30 00:11:32,598][__main__][INFO] - [0, 33], [10, 11]
[2025-01-30 00:11:32,615][__main__][INFO] - [0, 34], [10, 11]
[2025-01-30 00:11:32,633][__main__][INFO] - [0, 35], [10, 11]
[2025-01-30 00:11:32,664][__main__][INFO] - [0, 12, 21], [10]
[2025-01-30 00:11:32,682][__main__][INFO] - [0, 12, 22], [10]
[2025-01-30 00:11:32,700][__main__][INFO] - [0, 12, 23], [10]
[2025-01-30 00:11:32,718][__main__][INFO] - [0, 12, 24], [10]
[2025-01-30 00:11:32,748][__main__][INFO] - [0, 12, 26], [10]
[2025-01-30 00:11:32,767][__main__][INFO] - [0, 12, 27], [10]
[2025-01-30 00:11:32,785][__main__][INFO] - [0, 12, 28], [10]
[2025-01-30 00:11:32,803][__main__][INFO] - [0, 12, 29], [10]
[2025-01-30 00:11:32,821][__main__][INFO] - [0, 12, 30], [10]
[2025-01-30 00:11:32,839][__main__][INFO] - [0, 12, 31], [10]
[2025-01-30 00:11:32,857][__main__][INFO] - [0, 12, 32], [10]
[2025-01-30 00:11:32,875][__main__][INFO] - [0, 12, 33], [10]
[2025-01-30 00:11:32,893][__main__][INFO] - [0, 12, 34], [10]
[2025-01-30 00:11:32,911][__main__][INFO] - [0, 12, 35], [10]
[2025-01-30 00:11:32,942][__main__][INFO] - [0, 13, 21], [10]
[2025-01-30 00:11:32,959][__main__][INFO] - [0, 13, 22], [10]
[2025-01-30 00:11:33,016][__main__][INFO] - [0, 13, 26], [10]
[2025-01-30 00:11:33,034][__main__][INFO] - [0, 13, 27], [10]
[2025-01-30 00:11:33,052][__main__][INFO] - [0, 13, 28], [10]
[2025-01-30 00:11:33,069][__main__][INFO] - [0, 13, 29], [10]
[2025-01-30 00:11:33,087][__main__][INFO] - [0, 13, 30], [10]
[2025-01-30 00:11:33,105][__main__][INFO] - [0, 13, 31], [10]
[2025-01-30 00:11:33,122][__main__][INFO] - [0, 13, 32], [10]
[2025-01-30 00:11:33,139][__main__][INFO] - [0, 13, 33], [10]
[2025-01-30 00:11:33,157][__main__][INFO] - [0, 13, 34], [10]
[2025-01-30 00:11:33,175][__main__][INFO] - [0, 13, 35], [10]
[2025-01-30 00:11:33,205][__main__][INFO] - [0, 14, 21], [10]
[2025-01-30 00:11:33,223][__main__][INFO] - [0, 14, 22], [10]
[2025-01-30 00:11:33,241][__main__][INFO] - [0, 14, 23], [10]
[2025-01-30 00:11:33,259][__main__][INFO] - [0, 14, 24], [10]
[2025-01-30 00:11:33,290][__main__][INFO] - [0, 14, 26], [10]
[2025-01-30 00:11:33,308][__main__][INFO] - [0, 14, 27], [10]
[2025-01-30 00:11:33,326][__main__][INFO] - [0, 14, 28], [10]
[2025-01-30 00:11:33,344][__main__][INFO] - [0, 14, 29], [10]
[2025-01-30 00:11:33,362][__main__][INFO] - [0, 14, 30], [10]
[2025-01-30 00:11:33,380][__main__][INFO] - [0, 14, 31], [10]
[2025-01-30 00:11:33,398][__main__][INFO] - [0, 14, 32], [10]
[2025-01-30 00:11:33,416][__main__][INFO] - [0, 14, 33], [10]
[2025-01-30 00:11:33,434][__main__][INFO] - [0, 14, 34], [10]
[2025-01-30 00:11:33,451][__main__][INFO] - [0, 14, 35], [10]
[2025-01-30 00:11:33,482][__main__][INFO] - [0, 15, 21], [10]
[2025-01-30 00:11:33,500][__main__][INFO] - [0, 15, 22], [10]
[2025-01-30 00:11:33,518][__main__][INFO] - [0, 15, 23], [10]
[2025-01-30 00:11:33,536][__main__][INFO] - [0, 15, 24], [10]
[2025-01-30 00:11:33,567][__main__][INFO] - [0, 15, 26], [10]
[2025-01-30 00:11:33,585][__main__][INFO] - [0, 15, 27], [10]
[2025-01-30 00:11:33,603][__main__][INFO] - [0, 15, 28], [10]
[2025-01-30 00:11:33,621][__main__][INFO] - [0, 15, 29], [10]
[2025-01-30 00:11:33,639][__main__][INFO] - [0, 15, 30], [10]
[2025-01-30 00:11:33,658][__main__][INFO] - [0, 15, 31], [10]
[2025-01-30 00:11:33,675][__main__][INFO] - [0, 15, 32], [10]
[2025-01-30 00:11:33,693][__main__][INFO] - [0, 15, 33], [10]
[2025-01-30 00:11:33,710][__main__][INFO] - [0, 15, 34], [10]
[2025-01-30 00:11:33,728][__main__][INFO] - [0, 15, 35], [10]
[2025-01-30 00:11:33,758][__main__][INFO] - [0, 16, 21], [10]
[2025-01-30 00:11:33,776][__main__][INFO] - [0, 16, 22], [10]
[2025-01-30 00:11:33,872][__main__][INFO] - [0, 16, 29], [10]
[2025-01-30 00:11:33,903][__main__][INFO] - [0, 16, 31], [10]
[2025-01-30 00:11:33,960][__main__][INFO] - [0, 16, 35], [10]
[2025-01-30 00:11:33,991][__main__][INFO] - [0, 17, 21], [10]
[2025-01-30 00:11:34,009][__main__][INFO] - [0, 17, 22], [10]
[2025-01-30 00:11:34,026][__main__][INFO] - [0, 17, 23], [10]
[2025-01-30 00:11:34,044][__main__][INFO] - [0, 17, 24], [10]
[2025-01-30 00:11:34,075][__main__][INFO] - [0, 17, 26], [10]
[2025-01-30 00:11:34,093][__main__][INFO] - [0, 17, 27], [10]
[2025-01-30 00:11:34,111][__main__][INFO] - [0, 17, 28], [10]
[2025-01-30 00:11:34,129][__main__][INFO] - [0, 17, 29], [10]
[2025-01-30 00:11:34,147][__main__][INFO] - [0, 17, 30], [10]
[2025-01-30 00:11:34,165][__main__][INFO] - [0, 17, 31], [10]
[2025-01-30 00:11:34,183][__main__][INFO] - [0, 17, 32], [10]
[2025-01-30 00:11:34,201][__main__][INFO] - [0, 17, 33], [10]
[2025-01-30 00:11:34,219][__main__][INFO] - [0, 17, 34], [10]
[2025-01-30 00:11:34,238][__main__][INFO] - [0, 17, 35], [10]
[2025-01-30 00:11:34,273][__main__][INFO] - [0, 18, 21], [10]
[2025-01-30 00:11:34,485][__main__][INFO] - [0, 19, 21], [10]
[2025-01-30 00:11:34,713][__main__][INFO] - [0, 21, 26], [10]
[2025-01-30 00:11:34,731][__main__][INFO] - [0, 21, 27], [10]
[2025-01-30 00:11:34,749][__main__][INFO] - [0, 21, 28], [10]
[2025-01-30 00:11:34,767][__main__][INFO] - [0, 21, 29], [10]
[2025-01-30 00:11:34,785][__main__][INFO] - [0, 21, 30], [10]
[2025-01-30 00:11:34,802][__main__][INFO] - [0, 21, 31], [10]
[2025-01-30 00:11:34,820][__main__][INFO] - [0, 21, 32], [10]
[2025-01-30 00:11:34,838][__main__][INFO] - [0, 21, 33], [10]
[2025-01-30 00:11:34,856][__main__][INFO] - [0, 21, 34], [10]
[2025-01-30 00:11:34,874][__main__][INFO] - [0, 21, 35], [10]
[2025-01-30 00:11:34,905][__main__][INFO] - [0, 22, 26], [10]
[2025-01-30 00:11:34,923][__main__][INFO] - [0, 22, 27], [10]
[2025-01-30 00:11:34,941][__main__][INFO] - [0, 22, 28], [10]
[2025-01-30 00:11:34,959][__main__][INFO] - [0, 22, 29], [10]
[2025-01-30 00:11:34,977][__main__][INFO] - [0, 22, 30], [10]
[2025-01-30 00:11:34,995][__main__][INFO] - [0, 22, 31], [10]
[2025-01-30 00:11:35,013][__main__][INFO] - [0, 22, 32], [10]
[2025-01-30 00:11:35,032][__main__][INFO] - [0, 22, 33], [10]
[2025-01-30 00:11:35,050][__main__][INFO] - [0, 22, 34], [10]
[2025-01-30 00:11:35,067][__main__][INFO] - [0, 22, 35], [10]
[2025-01-30 00:11:35,098][__main__][INFO] - [0, 23, 26], [10]
[2025-01-30 00:11:35,116][__main__][INFO] - [0, 23, 27], [10]
[2025-01-30 00:11:35,134][__main__][INFO] - [0, 23, 28], [10]
[2025-01-30 00:11:35,153][__main__][INFO] - [0, 23, 29], [10]
[2025-01-30 00:11:35,171][__main__][INFO] - [0, 23, 30], [10]
[2025-01-30 00:11:35,188][__main__][INFO] - [0, 23, 31], [10]
[2025-01-30 00:11:35,207][__main__][INFO] - [0, 23, 32], [10]
[2025-01-30 00:11:35,224][__main__][INFO] - [0, 23, 33], [10]
[2025-01-30 00:11:35,242][__main__][INFO] - [0, 23, 34], [10]
[2025-01-30 00:11:35,260][__main__][INFO] - [0, 23, 35], [10]
[2025-01-30 00:11:35,292][__main__][INFO] - [0, 24, 26], [10]
[2025-01-30 00:11:35,323][__main__][INFO] - [0, 24, 28], [10]
[2025-01-30 00:11:35,368][__main__][INFO] - [0, 24, 31], [10]
[2025-01-30 00:11:35,387][__main__][INFO] - [0, 24, 32], [10]
[2025-01-30 00:11:35,431][__main__][INFO] - [0, 24, 35], [10]
[2025-01-30 00:11:35,618][__main__][INFO] - [0, 11, 12, 21], []
[2025-01-30 00:11:35,637][__main__][INFO] - [0, 11, 12, 22], []
[2025-01-30 00:11:35,655][__main__][INFO] - [0, 11, 12, 23], []
[2025-01-30 00:11:35,699][__main__][INFO] - [0, 11, 12, 26], []
[2025-01-30 00:11:35,716][__main__][INFO] - [0, 11, 12, 27], []
[2025-01-30 00:11:35,734][__main__][INFO] - [0, 11, 12, 28], []
[2025-01-30 00:11:35,752][__main__][INFO] - [0, 11, 12, 29], []
[2025-01-30 00:11:35,770][__main__][INFO] - [0, 11, 12, 30], []
[2025-01-30 00:11:35,788][__main__][INFO] - [0, 11, 12, 31], []
[2025-01-30 00:11:35,805][__main__][INFO] - [0, 11, 12, 32], []
[2025-01-30 00:11:35,823][__main__][INFO] - [0, 11, 12, 33], []
[2025-01-30 00:11:35,841][__main__][INFO] - [0, 11, 12, 34], []
[2025-01-30 00:11:35,859][__main__][INFO] - [0, 11, 12, 35], []
[2025-01-30 00:11:35,889][__main__][INFO] - [0, 11, 13, 21], []
[2025-01-30 00:11:36,100][__main__][INFO] - [0, 11, 14, 21], []
[2025-01-30 00:11:36,170][__main__][INFO] - [0, 11, 14, 26], []
[2025-01-30 00:11:36,293][__main__][INFO] - [0, 11, 14, 35], []
[2025-01-30 00:11:36,324][__main__][INFO] - [0, 11, 15, 21], []
[2025-01-30 00:11:36,511][__main__][INFO] - [0, 11, 15, 35], []
[2025-01-30 00:11:36,554][__main__][INFO] - [0, 11, 17, 21], []
[2025-01-30 00:11:36,664][__main__][INFO] - [0, 11, 17, 29], []
[2025-01-30 00:11:36,682][__main__][INFO] - [0, 11, 17, 30], []
[2025-01-30 00:11:36,700][__main__][INFO] - [0, 11, 17, 31], []
[2025-01-30 00:11:36,757][__main__][INFO] - [0, 11, 17, 35], []
[2025-01-30 00:11:36,826][__main__][INFO] - [0, 11, 21, 26], []
[2025-01-30 00:11:36,844][__main__][INFO] - [0, 11, 21, 27], []
[2025-01-30 00:11:36,862][__main__][INFO] - [0, 11, 21, 28], []
[2025-01-30 00:11:36,880][__main__][INFO] - [0, 11, 21, 29], []
[2025-01-30 00:11:36,898][__main__][INFO] - [0, 11, 21, 30], []
[2025-01-30 00:11:36,917][__main__][INFO] - [0, 11, 21, 31], []
[2025-01-30 00:11:36,935][__main__][INFO] - [0, 11, 21, 32], []
[2025-01-30 00:11:36,953][__main__][INFO] - [0, 11, 21, 33], []
[2025-01-30 00:11:36,971][__main__][INFO] - [0, 11, 21, 34], []
[2025-01-30 00:11:36,989][__main__][INFO] - [0, 11, 21, 35], []
[2025-01-30 00:11:37,347][__main__][INFO] - [0, 12, 21], [11]
[2025-01-30 00:11:37,367][__main__][INFO] - [0, 12, 22], [11]
[2025-01-30 00:11:37,385][__main__][INFO] - [0, 12, 23], [11]
[2025-01-30 00:11:37,403][__main__][INFO] - [0, 12, 24], [11]
[2025-01-30 00:11:37,435][__main__][INFO] - [0, 12, 26], [11]
[2025-01-30 00:11:37,452][__main__][INFO] - [0, 12, 27], [11]
[2025-01-30 00:11:37,470][__main__][INFO] - [0, 12, 28], [11]
[2025-01-30 00:11:37,489][__main__][INFO] - [0, 12, 29], [11]
[2025-01-30 00:11:37,508][__main__][INFO] - [0, 12, 30], [11]
[2025-01-30 00:11:37,525][__main__][INFO] - [0, 12, 31], [11]
[2025-01-30 00:11:37,544][__main__][INFO] - [0, 12, 32], [11]
[2025-01-30 00:11:37,562][__main__][INFO] - [0, 12, 33], [11]
[2025-01-30 00:11:37,580][__main__][INFO] - [0, 12, 34], [11]
[2025-01-30 00:11:37,598][__main__][INFO] - [0, 12, 35], [11]
[2025-01-30 00:11:37,629][__main__][INFO] - [0, 13, 21], [11]
[2025-01-30 00:11:37,646][__main__][INFO] - [0, 13, 22], [11]
[2025-01-30 00:11:37,664][__main__][INFO] - [0, 13, 23], [11]
[2025-01-30 00:11:37,683][__main__][INFO] - [0, 13, 24], [11]
[2025-01-30 00:11:37,714][__main__][INFO] - [0, 13, 26], [11]
[2025-01-30 00:11:37,731][__main__][INFO] - [0, 13, 27], [11]
[2025-01-30 00:11:37,749][__main__][INFO] - [0, 13, 28], [11]
[2025-01-30 00:11:37,767][__main__][INFO] - [0, 13, 29], [11]
[2025-01-30 00:11:37,785][__main__][INFO] - [0, 13, 30], [11]
[2025-01-30 00:11:37,803][__main__][INFO] - [0, 13, 31], [11]
[2025-01-30 00:11:37,821][__main__][INFO] - [0, 13, 32], [11]
[2025-01-30 00:11:37,838][__main__][INFO] - [0, 13, 33], [11]
[2025-01-30 00:11:37,856][__main__][INFO] - [0, 13, 34], [11]
[2025-01-30 00:11:37,873][__main__][INFO] - [0, 13, 35], [11]
[2025-01-30 00:11:37,904][__main__][INFO] - [0, 14, 21], [11]
[2025-01-30 00:11:37,922][__main__][INFO] - [0, 14, 22], [11]
[2025-01-30 00:11:37,940][__main__][INFO] - [0, 14, 23], [11]
[2025-01-30 00:11:37,958][__main__][INFO] - [0, 14, 24], [11]
[2025-01-30 00:11:37,989][__main__][INFO] - [0, 14, 26], [11]
[2025-01-30 00:11:38,007][__main__][INFO] - [0, 14, 27], [11]
[2025-01-30 00:11:38,025][__main__][INFO] - [0, 14, 28], [11]
[2025-01-30 00:11:38,043][__main__][INFO] - [0, 14, 29], [11]
[2025-01-30 00:11:38,061][__main__][INFO] - [0, 14, 30], [11]
[2025-01-30 00:11:38,079][__main__][INFO] - [0, 14, 31], [11]
[2025-01-30 00:11:38,098][__main__][INFO] - [0, 14, 32], [11]
[2025-01-30 00:11:38,115][__main__][INFO] - [0, 14, 33], [11]
[2025-01-30 00:11:38,134][__main__][INFO] - [0, 14, 34], [11]
[2025-01-30 00:11:38,151][__main__][INFO] - [0, 14, 35], [11]
[2025-01-30 00:11:38,183][__main__][INFO] - [0, 15, 21], [11]
[2025-01-30 00:11:38,200][__main__][INFO] - [0, 15, 22], [11]
[2025-01-30 00:11:38,218][__main__][INFO] - [0, 15, 23], [11]
[2025-01-30 00:11:38,236][__main__][INFO] - [0, 15, 24], [11]
[2025-01-30 00:11:38,268][__main__][INFO] - [0, 15, 26], [11]
[2025-01-30 00:11:38,286][__main__][INFO] - [0, 15, 27], [11]
[2025-01-30 00:11:38,304][__main__][INFO] - [0, 15, 28], [11]
[2025-01-30 00:11:38,321][__main__][INFO] - [0, 15, 29], [11]
[2025-01-30 00:11:38,340][__main__][INFO] - [0, 15, 30], [11]
[2025-01-30 00:11:38,358][__main__][INFO] - [0, 15, 31], [11]
[2025-01-30 00:11:38,376][__main__][INFO] - [0, 15, 32], [11]
[2025-01-30 00:11:38,394][__main__][INFO] - [0, 15, 33], [11]
[2025-01-30 00:11:38,413][__main__][INFO] - [0, 15, 34], [11]
[2025-01-30 00:11:38,431][__main__][INFO] - [0, 15, 35], [11]
[2025-01-30 00:11:38,461][__main__][INFO] - [0, 16, 21], [11]
[2025-01-30 00:11:38,479][__main__][INFO] - [0, 16, 22], [11]
[2025-01-30 00:11:38,536][__main__][INFO] - [0, 16, 26], [11]
[2025-01-30 00:11:38,555][__main__][INFO] - [0, 16, 27], [11]
[2025-01-30 00:11:38,586][__main__][INFO] - [0, 16, 29], [11]
[2025-01-30 00:11:38,604][__main__][INFO] - [0, 16, 30], [11]
[2025-01-30 00:11:38,621][__main__][INFO] - [0, 16, 31], [11]
[2025-01-30 00:11:38,639][__main__][INFO] - [0, 16, 32], [11]
[2025-01-30 00:11:38,658][__main__][INFO] - [0, 16, 33], [11]
[2025-01-30 00:11:38,688][__main__][INFO] - [0, 16, 35], [11]
[2025-01-30 00:11:38,719][__main__][INFO] - [0, 17, 21], [11]
[2025-01-30 00:11:38,737][__main__][INFO] - [0, 17, 22], [11]
[2025-01-30 00:11:38,756][__main__][INFO] - [0, 17, 23], [11]
[2025-01-30 00:11:38,774][__main__][INFO] - [0, 17, 24], [11]
[2025-01-30 00:11:38,792][__main__][INFO] - [0, 17, 25], [11]
[2025-01-30 00:11:38,810][__main__][INFO] - [0, 17, 26], [11]
[2025-01-30 00:11:38,828][__main__][INFO] - [0, 17, 27], [11]
[2025-01-30 00:11:38,845][__main__][INFO] - [0, 17, 28], [11]
[2025-01-30 00:11:38,864][__main__][INFO] - [0, 17, 29], [11]
[2025-01-30 00:11:38,882][__main__][INFO] - [0, 17, 30], [11]
[2025-01-30 00:11:38,900][__main__][INFO] - [0, 17, 31], [11]
[2025-01-30 00:11:38,917][__main__][INFO] - [0, 17, 32], [11]
[2025-01-30 00:11:38,935][__main__][INFO] - [0, 17, 33], [11]
[2025-01-30 00:11:38,952][__main__][INFO] - [0, 17, 34], [11]
[2025-01-30 00:11:38,971][__main__][INFO] - [0, 17, 35], [11]
[2025-01-30 00:11:39,002][__main__][INFO] - [0, 18, 21], [11]
[2025-01-30 00:11:39,190][__main__][INFO] - [0, 18, 35], [11]
[2025-01-30 00:11:39,221][__main__][INFO] - [0, 19, 21], [11]
[2025-01-30 00:11:39,411][__main__][INFO] - [0, 19, 35], [11]
[2025-01-30 00:11:39,454][__main__][INFO] - [0, 21, 26], [11]
[2025-01-30 00:11:39,473][__main__][INFO] - [0, 21, 27], [11]
[2025-01-30 00:11:39,491][__main__][INFO] - [0, 21, 28], [11]
[2025-01-30 00:11:39,509][__main__][INFO] - [0, 21, 29], [11]
[2025-01-30 00:11:39,528][__main__][INFO] - [0, 21, 30], [11]
[2025-01-30 00:11:39,546][__main__][INFO] - [0, 21, 31], [11]
[2025-01-30 00:11:39,564][__main__][INFO] - [0, 21, 32], [11]
[2025-01-30 00:11:39,583][__main__][INFO] - [0, 21, 33], [11]
[2025-01-30 00:11:39,601][__main__][INFO] - [0, 21, 34], [11]
[2025-01-30 00:11:39,620][__main__][INFO] - [0, 21, 35], [11]
[2025-01-30 00:11:39,652][__main__][INFO] - [0, 22, 26], [11]
[2025-01-30 00:11:39,672][__main__][INFO] - [0, 22, 27], [11]
[2025-01-30 00:11:39,690][__main__][INFO] - [0, 22, 28], [11]
[2025-01-30 00:11:39,708][__main__][INFO] - [0, 22, 29], [11]
[2025-01-30 00:11:39,726][__main__][INFO] - [0, 22, 30], [11]
[2025-01-30 00:11:39,744][__main__][INFO] - [0, 22, 31], [11]
[2025-01-30 00:11:39,762][__main__][INFO] - [0, 22, 32], [11]
[2025-01-30 00:11:39,780][__main__][INFO] - [0, 22, 33], [11]
[2025-01-30 00:11:39,799][__main__][INFO] - [0, 22, 34], [11]
[2025-01-30 00:11:39,817][__main__][INFO] - [0, 22, 35], [11]
[2025-01-30 00:11:39,847][__main__][INFO] - [0, 23, 26], [11]
[2025-01-30 00:11:39,866][__main__][INFO] - [0, 23, 27], [11]
[2025-01-30 00:11:39,884][__main__][INFO] - [0, 23, 28], [11]
[2025-01-30 00:11:39,903][__main__][INFO] - [0, 23, 29], [11]
[2025-01-30 00:11:39,920][__main__][INFO] - [0, 23, 30], [11]
[2025-01-30 00:11:39,938][__main__][INFO] - [0, 23, 31], [11]
[2025-01-30 00:11:39,956][__main__][INFO] - [0, 23, 32], [11]
[2025-01-30 00:11:39,975][__main__][INFO] - [0, 23, 33], [11]
[2025-01-30 00:11:39,993][__main__][INFO] - [0, 23, 34], [11]
[2025-01-30 00:11:40,011][__main__][INFO] - [0, 23, 35], [11]
[2025-01-30 00:11:40,041][__main__][INFO] - [0, 24, 26], [11]
[2025-01-30 00:11:40,061][__main__][INFO] - [0, 24, 27], [11]
[2025-01-30 00:11:40,079][__main__][INFO] - [0, 24, 28], [11]
[2025-01-30 00:11:40,097][__main__][INFO] - [0, 24, 29], [11]
[2025-01-30 00:11:40,115][__main__][INFO] - [0, 24, 30], [11]
[2025-01-30 00:11:40,135][__main__][INFO] - [0, 24, 31], [11]
[2025-01-30 00:11:40,153][__main__][INFO] - [0, 24, 32], [11]
[2025-01-30 00:11:40,171][__main__][INFO] - [0, 24, 33], [11]
[2025-01-30 00:11:40,189][__main__][INFO] - [0, 24, 34], [11]
[2025-01-30 00:11:40,207][__main__][INFO] - [0, 24, 35], [11]
[2025-01-30 00:11:40,396][__main__][INFO] - [0, 12, 21, 26], []
[2025-01-30 00:11:40,416][__main__][INFO] - [0, 12, 21, 27], []
[2025-01-30 00:11:40,434][__main__][INFO] - [0, 12, 21, 28], []
[2025-01-30 00:11:40,452][__main__][INFO] - [0, 12, 21, 29], []
[2025-01-30 00:11:40,470][__main__][INFO] - [0, 12, 21, 30], []
[2025-01-30 00:11:40,488][__main__][INFO] - [0, 12, 21, 31], []
[2025-01-30 00:11:40,507][__main__][INFO] - [0, 12, 21, 32], []
[2025-01-30 00:11:40,526][__main__][INFO] - [0, 12, 21, 33], []
[2025-01-30 00:11:40,544][__main__][INFO] - [0, 12, 21, 34], []
[2025-01-30 00:11:40,561][__main__][INFO] - [0, 12, 21, 35], []
[2025-01-30 00:11:40,593][__main__][INFO] - [0, 12, 22, 26], []
[2025-01-30 00:11:40,612][__main__][INFO] - [0, 12, 22, 27], []
[2025-01-30 00:11:40,630][__main__][INFO] - [0, 12, 22, 28], []
[2025-01-30 00:11:40,648][__main__][INFO] - [0, 12, 22, 29], []
[2025-01-30 00:11:40,667][__main__][INFO] - [0, 12, 22, 30], []
[2025-01-30 00:11:40,685][__main__][INFO] - [0, 12, 22, 31], []
[2025-01-30 00:11:40,703][__main__][INFO] - [0, 12, 22, 32], []
[2025-01-30 00:11:40,721][__main__][INFO] - [0, 12, 22, 33], []
[2025-01-30 00:11:40,739][__main__][INFO] - [0, 12, 22, 34], []
[2025-01-30 00:11:40,757][__main__][INFO] - [0, 12, 22, 35], []
[2025-01-30 00:11:40,789][__main__][INFO] - [0, 12, 23, 26], []
[2025-01-30 00:11:40,807][__main__][INFO] - [0, 12, 23, 27], []
[2025-01-30 00:11:40,825][__main__][INFO] - [0, 12, 23, 28], []
[2025-01-30 00:11:40,843][__main__][INFO] - [0, 12, 23, 29], []
[2025-01-30 00:11:40,860][__main__][INFO] - [0, 12, 23, 30], []
[2025-01-30 00:11:40,879][__main__][INFO] - [0, 12, 23, 31], []
[2025-01-30 00:11:40,897][__main__][INFO] - [0, 12, 23, 32], []
[2025-01-30 00:11:40,914][__main__][INFO] - [0, 12, 23, 33], []
[2025-01-30 00:11:40,932][__main__][INFO] - [0, 12, 23, 34], []
[2025-01-30 00:11:40,950][__main__][INFO] - [0, 12, 23, 35], []
[2025-01-30 00:11:41,020][__main__][INFO] - [0, 12, 24, 29], []
[2025-01-30 00:11:41,052][__main__][INFO] - [0, 12, 24, 31], []
[2025-01-30 00:11:41,109][__main__][INFO] - [0, 12, 24, 35], []
[2025-01-30 00:11:41,166][__main__][INFO] - [0, 13, 21, 26], []
[2025-01-30 00:11:41,184][__main__][INFO] - [0, 13, 21, 27], []
[2025-01-30 00:11:41,203][__main__][INFO] - [0, 13, 21, 28], []
[2025-01-30 00:11:41,220][__main__][INFO] - [0, 13, 21, 29], []
[2025-01-30 00:11:41,238][__main__][INFO] - [0, 13, 21, 30], []
[2025-01-30 00:11:41,256][__main__][INFO] - [0, 13, 21, 31], []
[2025-01-30 00:11:41,274][__main__][INFO] - [0, 13, 21, 32], []
[2025-01-30 00:11:41,292][__main__][INFO] - [0, 13, 21, 33], []
[2025-01-30 00:11:41,310][__main__][INFO] - [0, 13, 21, 34], []
[2025-01-30 00:11:41,328][__main__][INFO] - [0, 13, 21, 35], []
[2025-01-30 00:11:41,819][__main__][INFO] - [0, 14, 21, 26], []
[2025-01-30 00:11:41,837][__main__][INFO] - [0, 14, 21, 27], []
[2025-01-30 00:11:41,855][__main__][INFO] - [0, 14, 21, 28], []
[2025-01-30 00:11:41,873][__main__][INFO] - [0, 14, 21, 29], []
[2025-01-30 00:11:41,891][__main__][INFO] - [0, 14, 21, 30], []
[2025-01-30 00:11:41,908][__main__][INFO] - [0, 14, 21, 31], []
[2025-01-30 00:11:41,926][__main__][INFO] - [0, 14, 21, 32], []
[2025-01-30 00:11:41,944][__main__][INFO] - [0, 14, 21, 33], []
[2025-01-30 00:11:41,962][__main__][INFO] - [0, 14, 21, 34], []
[2025-01-30 00:11:41,979][__main__][INFO] - [0, 14, 21, 35], []
[2025-01-30 00:11:42,417][__main__][INFO] - [0, 14, 24, 35], []
[2025-01-30 00:11:42,475][__main__][INFO] - [0, 15, 21, 26], []
[2025-01-30 00:11:42,493][__main__][INFO] - [0, 15, 21, 27], []
[2025-01-30 00:11:42,510][__main__][INFO] - [0, 15, 21, 28], []
[2025-01-30 00:11:42,528][__main__][INFO] - [0, 15, 21, 29], []
[2025-01-30 00:11:42,547][__main__][INFO] - [0, 15, 21, 30], []
[2025-01-30 00:11:42,564][__main__][INFO] - [0, 15, 21, 31], []
[2025-01-30 00:11:42,582][__main__][INFO] - [0, 15, 21, 32], []
[2025-01-30 00:11:42,600][__main__][INFO] - [0, 15, 21, 33], []
[2025-01-30 00:11:42,617][__main__][INFO] - [0, 15, 21, 34], []
[2025-01-30 00:11:42,635][__main__][INFO] - [0, 15, 21, 35], []
[2025-01-30 00:11:42,667][__main__][INFO] - [0, 15, 22, 26], []
[2025-01-30 00:11:42,685][__main__][INFO] - [0, 15, 22, 27], []
[2025-01-30 00:11:42,702][__main__][INFO] - [0, 15, 22, 28], []
[2025-01-30 00:11:42,720][__main__][INFO] - [0, 15, 22, 29], []
[2025-01-30 00:11:42,738][__main__][INFO] - [0, 15, 22, 30], []
[2025-01-30 00:11:42,756][__main__][INFO] - [0, 15, 22, 31], []
[2025-01-30 00:11:42,774][__main__][INFO] - [0, 15, 22, 32], []
[2025-01-30 00:11:42,792][__main__][INFO] - [0, 15, 22, 33], []
[2025-01-30 00:11:42,810][__main__][INFO] - [0, 15, 22, 34], []
[2025-01-30 00:11:42,828][__main__][INFO] - [0, 15, 22, 35], []
[2025-01-30 00:11:42,859][__main__][INFO] - [0, 15, 23, 26], []
[2025-01-30 00:11:42,877][__main__][INFO] - [0, 15, 23, 27], []
[2025-01-30 00:11:42,894][__main__][INFO] - [0, 15, 23, 28], []
[2025-01-30 00:11:42,912][__main__][INFO] - [0, 15, 23, 29], []
[2025-01-30 00:11:42,931][__main__][INFO] - [0, 15, 23, 30], []
[2025-01-30 00:11:42,948][__main__][INFO] - [0, 15, 23, 31], []
[2025-01-30 00:11:42,966][__main__][INFO] - [0, 15, 23, 32], []
[2025-01-30 00:11:42,984][__main__][INFO] - [0, 15, 23, 33], []
[2025-01-30 00:11:43,001][__main__][INFO] - [0, 15, 23, 34], []
[2025-01-30 00:11:43,020][__main__][INFO] - [0, 15, 23, 35], []
[2025-01-30 00:11:43,051][__main__][INFO] - [0, 15, 24, 26], []
[2025-01-30 00:11:43,175][__main__][INFO] - [0, 15, 24, 35], []
[2025-01-30 00:11:43,232][__main__][INFO] - [0, 16, 21, 26], []
[2025-01-30 00:11:43,250][__main__][INFO] - [0, 16, 21, 27], []
[2025-01-30 00:11:43,281][__main__][INFO] - [0, 16, 21, 29], []
[2025-01-30 00:11:43,299][__main__][INFO] - [0, 16, 21, 30], []
[2025-01-30 00:11:43,318][__main__][INFO] - [0, 16, 21, 31], []
[2025-01-30 00:11:43,336][__main__][INFO] - [0, 16, 21, 32], []
[2025-01-30 00:11:43,379][__main__][INFO] - [0, 16, 21, 35], []
[2025-01-30 00:11:43,607][__main__][INFO] - [0, 17, 21, 26], []
[2025-01-30 00:11:43,626][__main__][INFO] - [0, 17, 21, 27], []
[2025-01-30 00:11:43,643][__main__][INFO] - [0, 17, 21, 28], []
[2025-01-30 00:11:43,661][__main__][INFO] - [0, 17, 21, 29], []
[2025-01-30 00:11:43,679][__main__][INFO] - [0, 17, 21, 30], []
[2025-01-30 00:11:43,697][__main__][INFO] - [0, 17, 21, 31], []
[2025-01-30 00:11:43,716][__main__][INFO] - [0, 17, 21, 32], []
[2025-01-30 00:11:43,733][__main__][INFO] - [0, 17, 21, 33], []
[2025-01-30 00:11:43,752][__main__][INFO] - [0, 17, 21, 34], []
[2025-01-30 00:11:43,770][__main__][INFO] - [0, 17, 21, 35], []
[2025-01-30 00:11:43,801][__main__][INFO] - [0, 17, 22, 26], []
[2025-01-30 00:11:43,819][__main__][INFO] - [0, 17, 22, 27], []
[2025-01-30 00:11:43,837][__main__][INFO] - [0, 17, 22, 28], []
[2025-01-30 00:11:43,855][__main__][INFO] - [0, 17, 22, 29], []
[2025-01-30 00:11:43,874][__main__][INFO] - [0, 17, 22, 30], []
[2025-01-30 00:11:43,892][__main__][INFO] - [0, 17, 22, 31], []
[2025-01-30 00:11:43,910][__main__][INFO] - [0, 17, 22, 32], []
[2025-01-30 00:11:43,929][__main__][INFO] - [0, 17, 22, 33], []
[2025-01-30 00:11:43,960][__main__][INFO] - [0, 17, 22, 35], []
[2025-01-30 00:11:44,004][__main__][INFO] - [0, 17, 23, 27], []
[2025-01-30 00:11:44,021][__main__][INFO] - [0, 17, 23, 28], []
[2025-01-30 00:11:44,039][__main__][INFO] - [0, 17, 23, 29], []
[2025-01-30 00:11:44,057][__main__][INFO] - [0, 17, 23, 30], []
[2025-01-30 00:11:44,075][__main__][INFO] - [0, 17, 23, 31], []
[2025-01-30 00:11:44,093][__main__][INFO] - [0, 17, 23, 32], []
[2025-01-30 00:11:44,111][__main__][INFO] - [0, 17, 23, 33], []
[2025-01-30 00:11:44,586][__main__][INFO] - [0, 18, 21, 35], []
[2025-01-30 00:11:44,801][__main__][INFO] - [0, 19, 21, 35], []
[2025-01-30 00:11:44,923][__main__][INFO] - [1, 10, 11, 12], []
[2025-01-30 00:11:44,941][__main__][INFO] - [1, 10, 11, 13], []
[2025-01-30 00:11:44,958][__main__][INFO] - [1, 10, 11, 14], []
[2025-01-30 00:11:44,976][__main__][INFO] - [1, 10, 11, 15], []
[2025-01-30 00:11:45,007][__main__][INFO] - [1, 10, 11, 17], []
[2025-01-30 00:11:45,064][__main__][INFO] - [1, 10, 11, 21], []
[2025-01-30 00:11:45,082][__main__][INFO] - [1, 10, 11, 22], []
[2025-01-30 00:11:45,100][__main__][INFO] - [1, 10, 11, 23], []
[2025-01-30 00:11:45,143][__main__][INFO] - [1, 10, 11, 26], []
[2025-01-30 00:11:45,161][__main__][INFO] - [1, 10, 11, 27], []
[2025-01-30 00:11:45,179][__main__][INFO] - [1, 10, 11, 28], []
[2025-01-30 00:11:45,197][__main__][INFO] - [1, 10, 11, 29], []
[2025-01-30 00:11:45,215][__main__][INFO] - [1, 10, 11, 30], []
[2025-01-30 00:11:45,233][__main__][INFO] - [1, 10, 11, 31], []
[2025-01-30 00:11:45,251][__main__][INFO] - [1, 10, 11, 32], []
[2025-01-30 00:11:45,268][__main__][INFO] - [1, 10, 11, 33], []
[2025-01-30 00:11:45,286][__main__][INFO] - [1, 10, 11, 34], []
[2025-01-30 00:11:45,304][__main__][INFO] - [1, 10, 11, 35], []
[2025-01-30 00:11:45,336][__main__][INFO] - [1, 10, 12], [11]
[2025-01-30 00:11:45,354][__main__][INFO] - [1, 10, 13], [11]
[2025-01-30 00:11:45,372][__main__][INFO] - [1, 10, 14], [11]
[2025-01-30 00:11:45,390][__main__][INFO] - [1, 10, 15], [11]
[2025-01-30 00:11:45,408][__main__][INFO] - [1, 10, 16], [11]
[2025-01-30 00:11:45,426][__main__][INFO] - [1, 10, 17], [11]
[2025-01-30 00:11:45,445][__main__][INFO] - [1, 10, 18], [11]
[2025-01-30 00:11:45,462][__main__][INFO] - [1, 10, 19], [11]
[2025-01-30 00:11:45,493][__main__][INFO] - [1, 10, 21], [11]
[2025-01-30 00:11:45,512][__main__][INFO] - [1, 10, 22], [11]
[2025-01-30 00:11:45,530][__main__][INFO] - [1, 10, 23], [11]
[2025-01-30 00:11:45,549][__main__][INFO] - [1, 10, 24], [11]
[2025-01-30 00:11:45,567][__main__][INFO] - [1, 10, 25], [11]
[2025-01-30 00:11:45,585][__main__][INFO] - [1, 10, 26], [11]
[2025-01-30 00:11:45,603][__main__][INFO] - [1, 10, 27], [11]
[2025-01-30 00:11:45,620][__main__][INFO] - [1, 10, 28], [11]
[2025-01-30 00:11:45,638][__main__][INFO] - [1, 10, 29], [11]
[2025-01-30 00:11:45,656][__main__][INFO] - [1, 10, 30], [11]
[2025-01-30 00:11:45,674][__main__][INFO] - [1, 10, 31], [11]
[2025-01-30 00:11:45,692][__main__][INFO] - [1, 10, 32], [11]
[2025-01-30 00:11:45,710][__main__][INFO] - [1, 10, 33], [11]
[2025-01-30 00:11:45,728][__main__][INFO] - [1, 10, 34], [11]
[2025-01-30 00:11:45,745][__main__][INFO] - [1, 10, 35], [11]
[2025-01-30 00:11:45,775][__main__][INFO] - [1, 10, 12, 21], []
[2025-01-30 00:11:45,794][__main__][INFO] - [1, 10, 12, 22], []
[2025-01-30 00:11:45,812][__main__][INFO] - [1, 10, 12, 23], []
[2025-01-30 00:11:45,830][__main__][INFO] - [1, 10, 12, 24], []
[2025-01-30 00:11:45,861][__main__][INFO] - [1, 10, 12, 26], []
[2025-01-30 00:11:45,879][__main__][INFO] - [1, 10, 12, 27], []
[2025-01-30 00:11:45,897][__main__][INFO] - [1, 10, 12, 28], []
[2025-01-30 00:11:45,914][__main__][INFO] - [1, 10, 12, 29], []
[2025-01-30 00:11:45,932][__main__][INFO] - [1, 10, 12, 30], []
[2025-01-30 00:11:45,950][__main__][INFO] - [1, 10, 12, 31], []
[2025-01-30 00:11:45,968][__main__][INFO] - [1, 10, 12, 32], []
[2025-01-30 00:11:45,986][__main__][INFO] - [1, 10, 12, 33], []
[2025-01-30 00:11:46,005][__main__][INFO] - [1, 10, 12, 34], []
[2025-01-30 00:11:46,023][__main__][INFO] - [1, 10, 12, 35], []
[2025-01-30 00:11:46,053][__main__][INFO] - [1, 10, 13, 21], []
[2025-01-30 00:11:46,072][__main__][INFO] - [1, 10, 13, 22], []
[2025-01-30 00:11:46,090][__main__][INFO] - [1, 10, 13, 23], []
[2025-01-30 00:11:46,134][__main__][INFO] - [1, 10, 13, 26], []
[2025-01-30 00:11:46,152][__main__][INFO] - [1, 10, 13, 27], []
[2025-01-30 00:11:46,170][__main__][INFO] - [1, 10, 13, 28], []
[2025-01-30 00:11:46,188][__main__][INFO] - [1, 10, 13, 29], []
[2025-01-30 00:11:46,206][__main__][INFO] - [1, 10, 13, 30], []
[2025-01-30 00:11:46,224][__main__][INFO] - [1, 10, 13, 31], []
[2025-01-30 00:11:46,241][__main__][INFO] - [1, 10, 13, 32], []
[2025-01-30 00:11:46,259][__main__][INFO] - [1, 10, 13, 33], []
[2025-01-30 00:11:46,276][__main__][INFO] - [1, 10, 13, 34], []
[2025-01-30 00:11:46,294][__main__][INFO] - [1, 10, 13, 35], []
[2025-01-30 00:11:46,325][__main__][INFO] - [1, 10, 14, 21], []
[2025-01-30 00:11:46,344][__main__][INFO] - [1, 10, 14, 22], []
[2025-01-30 00:11:46,362][__main__][INFO] - [1, 10, 14, 23], []
[2025-01-30 00:11:46,380][__main__][INFO] - [1, 10, 14, 24], []
[2025-01-30 00:11:46,411][__main__][INFO] - [1, 10, 14, 26], []
[2025-01-30 00:11:46,429][__main__][INFO] - [1, 10, 14, 27], []
[2025-01-30 00:11:46,447][__main__][INFO] - [1, 10, 14, 28], []
[2025-01-30 00:11:46,465][__main__][INFO] - [1, 10, 14, 29], []
[2025-01-30 00:11:46,483][__main__][INFO] - [1, 10, 14, 30], []
[2025-01-30 00:11:46,501][__main__][INFO] - [1, 10, 14, 31], []
[2025-01-30 00:11:46,519][__main__][INFO] - [1, 10, 14, 32], []
[2025-01-30 00:11:46,536][__main__][INFO] - [1, 10, 14, 33], []
[2025-01-30 00:11:46,554][__main__][INFO] - [1, 10, 14, 34], []
[2025-01-30 00:11:46,571][__main__][INFO] - [1, 10, 14, 35], []
[2025-01-30 00:11:46,602][__main__][INFO] - [1, 10, 15, 21], []
[2025-01-30 00:11:46,619][__main__][INFO] - [1, 10, 15, 22], []
[2025-01-30 00:11:46,637][__main__][INFO] - [1, 10, 15, 23], []
[2025-01-30 00:11:46,655][__main__][INFO] - [1, 10, 15, 24], []
[2025-01-30 00:11:46,687][__main__][INFO] - [1, 10, 15, 26], []
[2025-01-30 00:11:46,705][__main__][INFO] - [1, 10, 15, 27], []
[2025-01-30 00:11:46,722][__main__][INFO] - [1, 10, 15, 28], []
[2025-01-30 00:11:46,740][__main__][INFO] - [1, 10, 15, 29], []
[2025-01-30 00:11:46,758][__main__][INFO] - [1, 10, 15, 30], []
[2025-01-30 00:11:46,776][__main__][INFO] - [1, 10, 15, 31], []
[2025-01-30 00:11:46,794][__main__][INFO] - [1, 10, 15, 32], []
[2025-01-30 00:11:46,812][__main__][INFO] - [1, 10, 15, 33], []
[2025-01-30 00:11:46,830][__main__][INFO] - [1, 10, 15, 34], []
[2025-01-30 00:11:46,847][__main__][INFO] - [1, 10, 15, 35], []
[2025-01-30 00:11:46,877][__main__][INFO] - [1, 10, 16, 21], []
[2025-01-30 00:11:46,999][__main__][INFO] - [1, 10, 16, 30], []
[2025-01-30 00:11:47,068][__main__][INFO] - [1, 10, 16, 35], []
[2025-01-30 00:11:47,099][__main__][INFO] - [1, 10, 17, 21], []
[2025-01-30 00:11:47,117][__main__][INFO] - [1, 10, 17, 22], []
[2025-01-30 00:11:47,135][__main__][INFO] - [1, 10, 17, 23], []
[2025-01-30 00:11:47,152][__main__][INFO] - [1, 10, 17, 24], []
[2025-01-30 00:11:47,184][__main__][INFO] - [1, 10, 17, 26], []
[2025-01-30 00:11:47,202][__main__][INFO] - [1, 10, 17, 27], []
[2025-01-30 00:11:47,220][__main__][INFO] - [1, 10, 17, 28], []
[2025-01-30 00:11:47,238][__main__][INFO] - [1, 10, 17, 29], []
[2025-01-30 00:11:47,256][__main__][INFO] - [1, 10, 17, 30], []
[2025-01-30 00:11:47,274][__main__][INFO] - [1, 10, 17, 31], []
[2025-01-30 00:11:47,292][__main__][INFO] - [1, 10, 17, 32], []
[2025-01-30 00:11:47,311][__main__][INFO] - [1, 10, 17, 33], []
[2025-01-30 00:11:47,328][__main__][INFO] - [1, 10, 17, 34], []
[2025-01-30 00:11:47,346][__main__][INFO] - [1, 10, 17, 35], []
[2025-01-30 00:11:47,378][__main__][INFO] - [1, 10, 18, 21], []
[2025-01-30 00:11:47,588][__main__][INFO] - [1, 10, 19, 21], []
[2025-01-30 00:11:47,776][__main__][INFO] - [1, 10, 19, 35], []
[2025-01-30 00:11:47,820][__main__][INFO] - [1, 10, 21, 26], []
[2025-01-30 00:11:47,839][__main__][INFO] - [1, 10, 21, 27], []
[2025-01-30 00:11:47,857][__main__][INFO] - [1, 10, 21, 28], []
[2025-01-30 00:11:47,875][__main__][INFO] - [1, 10, 21, 29], []
[2025-01-30 00:11:47,894][__main__][INFO] - [1, 10, 21, 30], []
[2025-01-30 00:11:47,912][__main__][INFO] - [1, 10, 21, 31], []
[2025-01-30 00:11:47,930][__main__][INFO] - [1, 10, 21, 32], []
[2025-01-30 00:11:47,948][__main__][INFO] - [1, 10, 21, 33], []
[2025-01-30 00:11:47,965][__main__][INFO] - [1, 10, 21, 34], []
[2025-01-30 00:11:47,984][__main__][INFO] - [1, 10, 21, 35], []
[2025-01-30 00:11:48,015][__main__][INFO] - [1, 10, 22, 26], []
[2025-01-30 00:11:48,034][__main__][INFO] - [1, 10, 22, 27], []
[2025-01-30 00:11:48,052][__main__][INFO] - [1, 10, 22, 28], []
[2025-01-30 00:11:48,070][__main__][INFO] - [1, 10, 22, 29], []
[2025-01-30 00:11:48,089][__main__][INFO] - [1, 10, 22, 30], []
[2025-01-30 00:11:48,107][__main__][INFO] - [1, 10, 22, 31], []
[2025-01-30 00:11:48,126][__main__][INFO] - [1, 10, 22, 32], []
[2025-01-30 00:11:48,144][__main__][INFO] - [1, 10, 22, 33], []
[2025-01-30 00:11:48,163][__main__][INFO] - [1, 10, 22, 34], []
[2025-01-30 00:11:48,181][__main__][INFO] - [1, 10, 22, 35], []
[2025-01-30 00:11:48,212][__main__][INFO] - [1, 10, 23, 26], []
[2025-01-30 00:11:48,230][__main__][INFO] - [1, 10, 23, 27], []
[2025-01-30 00:11:48,248][__main__][INFO] - [1, 10, 23, 28], []
[2025-01-30 00:11:48,266][__main__][INFO] - [1, 10, 23, 29], []
[2025-01-30 00:11:48,284][__main__][INFO] - [1, 10, 23, 30], []
[2025-01-30 00:11:48,302][__main__][INFO] - [1, 10, 23, 31], []
[2025-01-30 00:11:48,320][__main__][INFO] - [1, 10, 23, 32], []
[2025-01-30 00:11:48,338][__main__][INFO] - [1, 10, 23, 33], []
[2025-01-30 00:11:48,357][__main__][INFO] - [1, 10, 23, 34], []
[2025-01-30 00:11:48,374][__main__][INFO] - [1, 10, 23, 35], []
[2025-01-30 00:11:48,431][__main__][INFO] - [1, 10, 24, 28], []
[2025-01-30 00:11:48,449][__main__][INFO] - [1, 10, 24, 29], []
[2025-01-30 00:11:48,481][__main__][INFO] - [1, 10, 24, 31], []
[2025-01-30 00:11:48,499][__main__][INFO] - [1, 10, 24, 32], []
[2025-01-30 00:11:48,518][__main__][INFO] - [1, 10, 24, 33], []
[2025-01-30 00:11:48,536][__main__][INFO] - [1, 10, 24, 34], []
[2025-01-30 00:11:48,554][__main__][INFO] - [1, 10, 24, 35], []
[2025-01-30 00:11:48,744][__main__][INFO] - [1, 11, 12], [10]
[2025-01-30 00:11:48,762][__main__][INFO] - [1, 11, 13], [10]
[2025-01-30 00:11:48,779][__main__][INFO] - [1, 11, 14], [10]
[2025-01-30 00:11:48,797][__main__][INFO] - [1, 11, 15], [10]
[2025-01-30 00:11:48,828][__main__][INFO] - [1, 11, 17], [10]
[2025-01-30 00:11:48,885][__main__][INFO] - [1, 11, 21], [10]
[2025-01-30 00:11:48,904][__main__][INFO] - [1, 11, 22], [10]
[2025-01-30 00:11:48,922][__main__][INFO] - [1, 11, 23], [10]
[2025-01-30 00:11:48,966][__main__][INFO] - [1, 11, 26], [10]
[2025-01-30 00:11:48,984][__main__][INFO] - [1, 11, 27], [10]
[2025-01-30 00:11:49,003][__main__][INFO] - [1, 11, 28], [10]
[2025-01-30 00:11:49,020][__main__][INFO] - [1, 11, 29], [10]
[2025-01-30 00:11:49,039][__main__][INFO] - [1, 11, 30], [10]
[2025-01-30 00:11:49,056][__main__][INFO] - [1, 11, 31], [10]
[2025-01-30 00:11:49,074][__main__][INFO] - [1, 11, 32], [10]
[2025-01-30 00:11:49,091][__main__][INFO] - [1, 11, 33], [10]
[2025-01-30 00:11:49,109][__main__][INFO] - [1, 11, 34], [10]
[2025-01-30 00:11:49,127][__main__][INFO] - [1, 11, 35], [10]
[2025-01-30 00:11:49,158][__main__][INFO] - [1, 12], [10, 11]
[2025-01-30 00:11:49,177][__main__][INFO] - [1, 13], [10, 11]
[2025-01-30 00:11:49,194][__main__][INFO] - [1, 14], [10, 11]
[2025-01-30 00:11:49,212][__main__][INFO] - [1, 15], [10, 11]
[2025-01-30 00:11:49,233][__main__][INFO] - [1, 16], [10, 11]
[2025-01-30 00:11:49,253][__main__][INFO] - [1, 17], [10, 11]
[2025-01-30 00:11:49,271][__main__][INFO] - [1, 18], [10, 11]
[2025-01-30 00:11:49,289][__main__][INFO] - [1, 19], [10, 11]
[2025-01-30 00:11:49,321][__main__][INFO] - [1, 21], [10, 11]
[2025-01-30 00:11:49,339][__main__][INFO] - [1, 22], [10, 11]
[2025-01-30 00:11:49,357][__main__][INFO] - [1, 23], [10, 11]
[2025-01-30 00:11:49,376][__main__][INFO] - [1, 24], [10, 11]
[2025-01-30 00:11:49,393][__main__][INFO] - [1, 25], [10, 11]
[2025-01-30 00:11:49,411][__main__][INFO] - [1, 26], [10, 11]
[2025-01-30 00:11:49,429][__main__][INFO] - [1, 27], [10, 11]
[2025-01-30 00:11:49,447][__main__][INFO] - [1, 28], [10, 11]
[2025-01-30 00:11:49,465][__main__][INFO] - [1, 29], [10, 11]
[2025-01-30 00:11:49,483][__main__][INFO] - [1, 30], [10, 11]
[2025-01-30 00:11:49,501][__main__][INFO] - [1, 31], [10, 11]
[2025-01-30 00:11:49,519][__main__][INFO] - [1, 32], [10, 11]
[2025-01-30 00:11:49,537][__main__][INFO] - [1, 33], [10, 11]
[2025-01-30 00:11:49,555][__main__][INFO] - [1, 34], [10, 11]
[2025-01-30 00:11:49,572][__main__][INFO] - [1, 35], [10, 11]
[2025-01-30 00:11:49,604][__main__][INFO] - [1, 12, 21], [10]
[2025-01-30 00:11:49,623][__main__][INFO] - [1, 12, 22], [10]
[2025-01-30 00:11:49,640][__main__][INFO] - [1, 12, 23], [10]
[2025-01-30 00:11:49,659][__main__][INFO] - [1, 12, 24], [10]
[2025-01-30 00:11:49,690][__main__][INFO] - [1, 12, 26], [10]
[2025-01-30 00:11:49,708][__main__][INFO] - [1, 12, 27], [10]
[2025-01-30 00:11:49,726][__main__][INFO] - [1, 12, 28], [10]
[2025-01-30 00:11:49,744][__main__][INFO] - [1, 12, 29], [10]
[2025-01-30 00:11:49,762][__main__][INFO] - [1, 12, 30], [10]
[2025-01-30 00:11:49,780][__main__][INFO] - [1, 12, 31], [10]
[2025-01-30 00:11:49,798][__main__][INFO] - [1, 12, 32], [10]
[2025-01-30 00:11:49,816][__main__][INFO] - [1, 12, 33], [10]
[2025-01-30 00:11:49,834][__main__][INFO] - [1, 12, 34], [10]
[2025-01-30 00:11:49,852][__main__][INFO] - [1, 12, 35], [10]
[2025-01-30 00:11:49,884][__main__][INFO] - [1, 13, 21], [10]
[2025-01-30 00:11:49,902][__main__][INFO] - [1, 13, 22], [10]
[2025-01-30 00:11:49,920][__main__][INFO] - [1, 13, 23], [10]
[2025-01-30 00:11:49,965][__main__][INFO] - [1, 13, 26], [10]
[2025-01-30 00:11:49,983][__main__][INFO] - [1, 13, 27], [10]
[2025-01-30 00:11:50,002][__main__][INFO] - [1, 13, 28], [10]
[2025-01-30 00:11:50,019][__main__][INFO] - [1, 13, 29], [10]
[2025-01-30 00:11:50,037][__main__][INFO] - [1, 13, 30], [10]
[2025-01-30 00:11:50,055][__main__][INFO] - [1, 13, 31], [10]
[2025-01-30 00:11:50,073][__main__][INFO] - [1, 13, 32], [10]
[2025-01-30 00:11:50,091][__main__][INFO] - [1, 13, 33], [10]
[2025-01-30 00:11:50,109][__main__][INFO] - [1, 13, 34], [10]
[2025-01-30 00:11:50,127][__main__][INFO] - [1, 13, 35], [10]
[2025-01-30 00:11:50,158][__main__][INFO] - [1, 14, 21], [10]
[2025-01-30 00:11:50,176][__main__][INFO] - [1, 14, 22], [10]
[2025-01-30 00:11:50,195][__main__][INFO] - [1, 14, 23], [10]
[2025-01-30 00:11:50,213][__main__][INFO] - [1, 14, 24], [10]
[2025-01-30 00:11:50,245][__main__][INFO] - [1, 14, 26], [10]
[2025-01-30 00:11:50,264][__main__][INFO] - [1, 14, 27], [10]
[2025-01-30 00:11:50,282][__main__][INFO] - [1, 14, 28], [10]
[2025-01-30 00:11:50,301][__main__][INFO] - [1, 14, 29], [10]
[2025-01-30 00:11:50,319][__main__][INFO] - [1, 14, 30], [10]
[2025-01-30 00:11:50,337][__main__][INFO] - [1, 14, 31], [10]
[2025-01-30 00:11:50,355][__main__][INFO] - [1, 14, 32], [10]
[2025-01-30 00:11:50,372][__main__][INFO] - [1, 14, 33], [10]
[2025-01-30 00:11:50,391][__main__][INFO] - [1, 14, 34], [10]
[2025-01-30 00:11:50,409][__main__][INFO] - [1, 14, 35], [10]
[2025-01-30 00:11:50,441][__main__][INFO] - [1, 15, 21], [10]
[2025-01-30 00:11:50,464][__main__][INFO] - [1, 15, 22], [10]
[2025-01-30 00:11:50,482][__main__][INFO] - [1, 15, 23], [10]
[2025-01-30 00:11:50,500][__main__][INFO] - [1, 15, 24], [10]
[2025-01-30 00:11:50,531][__main__][INFO] - [1, 15, 26], [10]
[2025-01-30 00:11:50,549][__main__][INFO] - [1, 15, 27], [10]
[2025-01-30 00:11:50,568][__main__][INFO] - [1, 15, 28], [10]
[2025-01-30 00:11:50,586][__main__][INFO] - [1, 15, 29], [10]
[2025-01-30 00:11:50,604][__main__][INFO] - [1, 15, 30], [10]
[2025-01-30 00:11:50,622][__main__][INFO] - [1, 15, 31], [10]
[2025-01-30 00:11:50,640][__main__][INFO] - [1, 15, 32], [10]
[2025-01-30 00:11:50,658][__main__][INFO] - [1, 15, 33], [10]
[2025-01-30 00:11:50,675][__main__][INFO] - [1, 15, 34], [10]
[2025-01-30 00:11:50,693][__main__][INFO] - [1, 15, 35], [10]
[2025-01-30 00:11:50,725][__main__][INFO] - [1, 16, 21], [10]
[2025-01-30 00:11:50,743][__main__][INFO] - [1, 16, 22], [10]
[2025-01-30 00:11:50,866][__main__][INFO] - [1, 16, 31], [10]
[2025-01-30 00:11:50,897][__main__][INFO] - [1, 16, 33], [10]
[2025-01-30 00:11:50,929][__main__][INFO] - [1, 16, 35], [10]
[2025-01-30 00:11:50,960][__main__][INFO] - [1, 17, 21], [10]
[2025-01-30 00:11:50,979][__main__][INFO] - [1, 17, 22], [10]
[2025-01-30 00:11:50,997][__main__][INFO] - [1, 17, 23], [10]
[2025-01-30 00:11:51,015][__main__][INFO] - [1, 17, 24], [10]
[2025-01-30 00:11:51,046][__main__][INFO] - [1, 17, 26], [10]
[2025-01-30 00:11:51,065][__main__][INFO] - [1, 17, 27], [10]
[2025-01-30 00:11:51,083][__main__][INFO] - [1, 17, 28], [10]
[2025-01-30 00:11:51,101][__main__][INFO] - [1, 17, 29], [10]
[2025-01-30 00:11:51,119][__main__][INFO] - [1, 17, 30], [10]
[2025-01-30 00:11:51,137][__main__][INFO] - [1, 17, 31], [10]
[2025-01-30 00:11:51,156][__main__][INFO] - [1, 17, 32], [10]
[2025-01-30 00:11:51,174][__main__][INFO] - [1, 17, 33], [10]
[2025-01-30 00:11:51,192][__main__][INFO] - [1, 17, 34], [10]
[2025-01-30 00:11:51,210][__main__][INFO] - [1, 17, 35], [10]
[2025-01-30 00:11:51,241][__main__][INFO] - [1, 18, 21], [10]
[2025-01-30 00:11:51,456][__main__][INFO] - [1, 19, 21], [10]
[2025-01-30 00:11:51,591][__main__][INFO] - [1, 19, 31], [10]
[2025-01-30 00:11:51,648][__main__][INFO] - [1, 19, 35], [10]
[2025-01-30 00:11:51,692][__main__][INFO] - [1, 21, 26], [10]
[2025-01-30 00:11:51,711][__main__][INFO] - [1, 21, 27], [10]
[2025-01-30 00:11:51,729][__main__][INFO] - [1, 21, 28], [10]
[2025-01-30 00:11:51,747][__main__][INFO] - [1, 21, 29], [10]
[2025-01-30 00:11:51,766][__main__][INFO] - [1, 21, 30], [10]
[2025-01-30 00:11:51,784][__main__][INFO] - [1, 21, 31], [10]
[2025-01-30 00:11:51,803][__main__][INFO] - [1, 21, 32], [10]
[2025-01-30 00:11:51,821][__main__][INFO] - [1, 21, 33], [10]
[2025-01-30 00:11:51,839][__main__][INFO] - [1, 21, 34], [10]
[2025-01-30 00:11:51,857][__main__][INFO] - [1, 21, 35], [10]
[2025-01-30 00:11:51,889][__main__][INFO] - [1, 22, 26], [10]
[2025-01-30 00:11:51,908][__main__][INFO] - [1, 22, 27], [10]
[2025-01-30 00:11:51,926][__main__][INFO] - [1, 22, 28], [10]
[2025-01-30 00:11:51,945][__main__][INFO] - [1, 22, 29], [10]
[2025-01-30 00:11:51,962][__main__][INFO] - [1, 22, 30], [10]
[2025-01-30 00:11:51,981][__main__][INFO] - [1, 22, 31], [10]
[2025-01-30 00:11:51,998][__main__][INFO] - [1, 22, 32], [10]
[2025-01-30 00:11:52,016][__main__][INFO] - [1, 22, 33], [10]
[2025-01-30 00:11:52,035][__main__][INFO] - [1, 22, 34], [10]
[2025-01-30 00:11:52,053][__main__][INFO] - [1, 22, 35], [10]
[2025-01-30 00:11:52,084][__main__][INFO] - [1, 23, 26], [10]
[2025-01-30 00:11:52,102][__main__][INFO] - [1, 23, 27], [10]
[2025-01-30 00:11:52,120][__main__][INFO] - [1, 23, 28], [10]
[2025-01-30 00:11:52,138][__main__][INFO] - [1, 23, 29], [10]
[2025-01-30 00:11:52,157][__main__][INFO] - [1, 23, 30], [10]
[2025-01-30 00:11:52,175][__main__][INFO] - [1, 23, 31], [10]
[2025-01-30 00:11:52,193][__main__][INFO] - [1, 23, 32], [10]
[2025-01-30 00:11:52,211][__main__][INFO] - [1, 23, 33], [10]
[2025-01-30 00:11:52,228][__main__][INFO] - [1, 23, 34], [10]
[2025-01-30 00:11:52,246][__main__][INFO] - [1, 23, 35], [10]
[2025-01-30 00:11:52,316][__main__][INFO] - [1, 24, 29], [10]
[2025-01-30 00:11:52,335][__main__][INFO] - [1, 24, 30], [10]
[2025-01-30 00:11:52,353][__main__][INFO] - [1, 24, 31], [10]
[2025-01-30 00:11:52,371][__main__][INFO] - [1, 24, 32], [10]
[2025-01-30 00:11:52,389][__main__][INFO] - [1, 24, 33], [10]
[2025-01-30 00:11:52,421][__main__][INFO] - [1, 24, 35], [10]
[2025-01-30 00:11:52,606][__main__][INFO] - [1, 11, 12, 21], []
[2025-01-30 00:11:52,625][__main__][INFO] - [1, 11, 12, 22], []
[2025-01-30 00:11:52,643][__main__][INFO] - [1, 11, 12, 23], []
[2025-01-30 00:11:52,686][__main__][INFO] - [1, 11, 12, 26], []
[2025-01-30 00:11:52,704][__main__][INFO] - [1, 11, 12, 27], []
[2025-01-30 00:11:52,722][__main__][INFO] - [1, 11, 12, 28], []
[2025-01-30 00:11:52,739][__main__][INFO] - [1, 11, 12, 29], []
[2025-01-30 00:11:52,757][__main__][INFO] - [1, 11, 12, 30], []
[2025-01-30 00:11:52,775][__main__][INFO] - [1, 11, 12, 31], []
[2025-01-30 00:11:52,792][__main__][INFO] - [1, 11, 12, 32], []
[2025-01-30 00:11:52,810][__main__][INFO] - [1, 11, 12, 33], []
[2025-01-30 00:11:52,828][__main__][INFO] - [1, 11, 12, 34], []
[2025-01-30 00:11:52,845][__main__][INFO] - [1, 11, 12, 35], []
[2025-01-30 00:11:52,875][__main__][INFO] - [1, 11, 13, 21], []
[2025-01-30 00:11:53,064][__main__][INFO] - [1, 11, 13, 35], []
[2025-01-30 00:11:53,094][__main__][INFO] - [1, 11, 14, 21], []
[2025-01-30 00:11:53,280][__main__][INFO] - [1, 11, 14, 35], []
[2025-01-30 00:11:53,311][__main__][INFO] - [1, 11, 15, 21], []
[2025-01-30 00:11:53,342][__main__][INFO] - [1, 11, 15, 23], []
[2025-01-30 00:11:53,503][__main__][INFO] - [1, 11, 15, 35], []
[2025-01-30 00:11:53,547][__main__][INFO] - [1, 11, 17, 21], []
[2025-01-30 00:11:53,566][__main__][INFO] - [1, 11, 17, 22], []
[2025-01-30 00:11:53,583][__main__][INFO] - [1, 11, 17, 23], []
[2025-01-30 00:11:53,640][__main__][INFO] - [1, 11, 17, 27], []
[2025-01-30 00:11:53,658][__main__][INFO] - [1, 11, 17, 28], []
[2025-01-30 00:11:53,676][__main__][INFO] - [1, 11, 17, 29], []
[2025-01-30 00:11:53,694][__main__][INFO] - [1, 11, 17, 30], []
[2025-01-30 00:11:53,712][__main__][INFO] - [1, 11, 17, 31], []
[2025-01-30 00:11:53,743][__main__][INFO] - [1, 11, 17, 33], []
[2025-01-30 00:11:53,775][__main__][INFO] - [1, 11, 17, 35], []
[2025-01-30 00:11:53,845][__main__][INFO] - [1, 11, 21, 26], []
[2025-01-30 00:11:53,864][__main__][INFO] - [1, 11, 21, 27], []
[2025-01-30 00:11:53,882][__main__][INFO] - [1, 11, 21, 28], []
[2025-01-30 00:11:53,900][__main__][INFO] - [1, 11, 21, 29], []
[2025-01-30 00:11:53,918][__main__][INFO] - [1, 11, 21, 30], []
[2025-01-30 00:11:53,936][__main__][INFO] - [1, 11, 21, 31], []
[2025-01-30 00:11:53,954][__main__][INFO] - [1, 11, 21, 32], []
[2025-01-30 00:11:53,972][__main__][INFO] - [1, 11, 21, 33], []
[2025-01-30 00:11:53,990][__main__][INFO] - [1, 11, 21, 34], []
[2025-01-30 00:11:54,008][__main__][INFO] - [1, 11, 21, 35], []
[2025-01-30 00:11:54,066][__main__][INFO] - [1, 11, 22, 28], []
[2025-01-30 00:11:54,161][__main__][INFO] - [1, 11, 22, 35], []
[2025-01-30 00:11:54,309][__main__][INFO] - [1, 11, 23, 35], []
[2025-01-30 00:11:54,511][__main__][INFO] - [1, 12, 21], [11]
[2025-01-30 00:11:54,531][__main__][INFO] - [1, 12, 22], [11]
[2025-01-30 00:11:54,549][__main__][INFO] - [1, 12, 23], [11]
[2025-01-30 00:11:54,567][__main__][INFO] - [1, 12, 24], [11]
[2025-01-30 00:11:54,585][__main__][INFO] - [1, 12, 25], [11]
[2025-01-30 00:11:54,603][__main__][INFO] - [1, 12, 26], [11]
[2025-01-30 00:11:54,621][__main__][INFO] - [1, 12, 27], [11]
[2025-01-30 00:11:54,639][__main__][INFO] - [1, 12, 28], [11]
[2025-01-30 00:11:54,658][__main__][INFO] - [1, 12, 29], [11]
[2025-01-30 00:11:54,675][__main__][INFO] - [1, 12, 30], [11]
[2025-01-30 00:11:54,693][__main__][INFO] - [1, 12, 31], [11]
[2025-01-30 00:11:54,711][__main__][INFO] - [1, 12, 32], [11]
[2025-01-30 00:11:54,729][__main__][INFO] - [1, 12, 33], [11]
[2025-01-30 00:11:54,746][__main__][INFO] - [1, 12, 34], [11]
[2025-01-30 00:11:54,764][__main__][INFO] - [1, 12, 35], [11]
[2025-01-30 00:11:54,796][__main__][INFO] - [1, 13, 21], [11]
[2025-01-30 00:11:54,814][__main__][INFO] - [1, 13, 22], [11]
[2025-01-30 00:11:54,832][__main__][INFO] - [1, 13, 23], [11]
[2025-01-30 00:11:54,850][__main__][INFO] - [1, 13, 24], [11]
[2025-01-30 00:11:54,880][__main__][INFO] - [1, 13, 26], [11]
[2025-01-30 00:11:54,898][__main__][INFO] - [1, 13, 27], [11]
[2025-01-30 00:11:54,915][__main__][INFO] - [1, 13, 28], [11]
[2025-01-30 00:11:54,932][__main__][INFO] - [1, 13, 29], [11]
[2025-01-30 00:11:54,950][__main__][INFO] - [1, 13, 30], [11]
[2025-01-30 00:11:54,968][__main__][INFO] - [1, 13, 31], [11]
[2025-01-30 00:11:54,985][__main__][INFO] - [1, 13, 32], [11]
[2025-01-30 00:11:55,002][__main__][INFO] - [1, 13, 33], [11]
[2025-01-30 00:11:55,019][__main__][INFO] - [1, 13, 34], [11]
[2025-01-30 00:11:55,037][__main__][INFO] - [1, 13, 35], [11]
[2025-01-30 00:11:55,067][__main__][INFO] - [1, 14, 21], [11]
[2025-01-30 00:11:55,086][__main__][INFO] - [1, 14, 22], [11]
[2025-01-30 00:11:55,103][__main__][INFO] - [1, 14, 23], [11]
[2025-01-30 00:11:55,121][__main__][INFO] - [1, 14, 24], [11]
[2025-01-30 00:11:55,151][__main__][INFO] - [1, 14, 26], [11]
[2025-01-30 00:11:55,169][__main__][INFO] - [1, 14, 27], [11]
[2025-01-30 00:11:55,187][__main__][INFO] - [1, 14, 28], [11]
[2025-01-30 00:11:55,205][__main__][INFO] - [1, 14, 29], [11]
[2025-01-30 00:11:55,223][__main__][INFO] - [1, 14, 30], [11]
[2025-01-30 00:11:55,240][__main__][INFO] - [1, 14, 31], [11]
[2025-01-30 00:11:55,258][__main__][INFO] - [1, 14, 32], [11]
[2025-01-30 00:11:55,276][__main__][INFO] - [1, 14, 33], [11]
[2025-01-30 00:11:55,294][__main__][INFO] - [1, 14, 34], [11]
[2025-01-30 00:11:55,312][__main__][INFO] - [1, 14, 35], [11]
[2025-01-30 00:11:55,342][__main__][INFO] - [1, 15, 21], [11]
[2025-01-30 00:11:55,360][__main__][INFO] - [1, 15, 22], [11]
[2025-01-30 00:11:55,378][__main__][INFO] - [1, 15, 23], [11]
[2025-01-30 00:11:55,397][__main__][INFO] - [1, 15, 24], [11]
[2025-01-30 00:11:55,428][__main__][INFO] - [1, 15, 26], [11]
[2025-01-30 00:11:55,446][__main__][INFO] - [1, 15, 27], [11]
[2025-01-30 00:11:55,463][__main__][INFO] - [1, 15, 28], [11]
[2025-01-30 00:11:55,482][__main__][INFO] - [1, 15, 29], [11]
[2025-01-30 00:11:55,500][__main__][INFO] - [1, 15, 30], [11]
[2025-01-30 00:11:55,518][__main__][INFO] - [1, 15, 31], [11]
[2025-01-30 00:11:55,535][__main__][INFO] - [1, 15, 32], [11]
[2025-01-30 00:11:55,554][__main__][INFO] - [1, 15, 33], [11]
[2025-01-30 00:11:55,571][__main__][INFO] - [1, 15, 34], [11]
[2025-01-30 00:11:55,589][__main__][INFO] - [1, 15, 35], [11]
[2025-01-30 00:11:55,620][__main__][INFO] - [1, 16, 21], [11]
[2025-01-30 00:11:55,639][__main__][INFO] - [1, 16, 22], [11]
[2025-01-30 00:11:55,709][__main__][INFO] - [1, 16, 27], [11]
[2025-01-30 00:11:55,727][__main__][INFO] - [1, 16, 28], [11]
[2025-01-30 00:11:55,745][__main__][INFO] - [1, 16, 29], [11]
[2025-01-30 00:11:55,764][__main__][INFO] - [1, 16, 30], [11]
[2025-01-30 00:11:55,782][__main__][INFO] - [1, 16, 31], [11]
[2025-01-30 00:11:55,800][__main__][INFO] - [1, 16, 32], [11]
[2025-01-30 00:11:55,818][__main__][INFO] - [1, 16, 33], [11]
[2025-01-30 00:11:55,849][__main__][INFO] - [1, 16, 35], [11]
[2025-01-30 00:11:55,880][__main__][INFO] - [1, 17, 21], [11]
[2025-01-30 00:11:55,899][__main__][INFO] - [1, 17, 22], [11]
[2025-01-30 00:11:55,916][__main__][INFO] - [1, 17, 23], [11]
[2025-01-30 00:11:55,934][__main__][INFO] - [1, 17, 24], [11]
[2025-01-30 00:11:55,965][__main__][INFO] - [1, 17, 26], [11]
[2025-01-30 00:11:55,984][__main__][INFO] - [1, 17, 27], [11]
[2025-01-30 00:11:56,001][__main__][INFO] - [1, 17, 28], [11]
[2025-01-30 00:11:56,020][__main__][INFO] - [1, 17, 29], [11]
[2025-01-30 00:11:56,037][__main__][INFO] - [1, 17, 30], [11]
[2025-01-30 00:11:56,056][__main__][INFO] - [1, 17, 31], [11]
[2025-01-30 00:11:56,073][__main__][INFO] - [1, 17, 32], [11]
[2025-01-30 00:11:56,091][__main__][INFO] - [1, 17, 33], [11]
[2025-01-30 00:11:56,109][__main__][INFO] - [1, 17, 34], [11]
[2025-01-30 00:11:56,127][__main__][INFO] - [1, 17, 35], [11]
[2025-01-30 00:11:56,158][__main__][INFO] - [1, 18, 21], [11]
[2025-01-30 00:11:56,295][__main__][INFO] - [1, 18, 31], [11]
[2025-01-30 00:11:56,352][__main__][INFO] - [1, 18, 35], [11]
[2025-01-30 00:11:56,383][__main__][INFO] - [1, 19, 21], [11]
[2025-01-30 00:11:56,401][__main__][INFO] - [1, 19, 22], [11]
[2025-01-30 00:11:56,419][__main__][INFO] - [1, 19, 23], [11]
[2025-01-30 00:11:56,502][__main__][INFO] - [1, 19, 29], [11]
[2025-01-30 00:11:56,521][__main__][INFO] - [1, 19, 30], [11]
[2025-01-30 00:11:56,539][__main__][INFO] - [1, 19, 31], [11]
[2025-01-30 00:11:56,596][__main__][INFO] - [1, 19, 35], [11]
[2025-01-30 00:11:56,640][__main__][INFO] - [1, 21, 26], [11]
[2025-01-30 00:11:56,659][__main__][INFO] - [1, 21, 27], [11]
[2025-01-30 00:11:56,677][__main__][INFO] - [1, 21, 28], [11]
[2025-01-30 00:11:56,695][__main__][INFO] - [1, 21, 29], [11]
[2025-01-30 00:11:56,713][__main__][INFO] - [1, 21, 30], [11]
[2025-01-30 00:11:56,731][__main__][INFO] - [1, 21, 31], [11]
[2025-01-30 00:11:56,750][__main__][INFO] - [1, 21, 32], [11]
[2025-01-30 00:11:56,769][__main__][INFO] - [1, 21, 33], [11]
[2025-01-30 00:11:56,787][__main__][INFO] - [1, 21, 34], [11]
[2025-01-30 00:11:56,805][__main__][INFO] - [1, 21, 35], [11]
[2025-01-30 00:11:56,837][__main__][INFO] - [1, 22, 26], [11]
[2025-01-30 00:11:56,855][__main__][INFO] - [1, 22, 27], [11]
[2025-01-30 00:11:56,873][__main__][INFO] - [1, 22, 28], [11]
[2025-01-30 00:11:56,891][__main__][INFO] - [1, 22, 29], [11]
[2025-01-30 00:11:56,910][__main__][INFO] - [1, 22, 30], [11]
[2025-01-30 00:11:56,928][__main__][INFO] - [1, 22, 31], [11]
[2025-01-30 00:11:56,946][__main__][INFO] - [1, 22, 32], [11]
[2025-01-30 00:11:56,964][__main__][INFO] - [1, 22, 33], [11]
[2025-01-30 00:11:56,982][__main__][INFO] - [1, 22, 34], [11]
[2025-01-30 00:11:57,000][__main__][INFO] - [1, 22, 35], [11]
[2025-01-30 00:11:57,032][__main__][INFO] - [1, 23, 26], [11]
[2025-01-30 00:11:57,051][__main__][INFO] - [1, 23, 27], [11]
[2025-01-30 00:11:57,069][__main__][INFO] - [1, 23, 28], [11]
[2025-01-30 00:11:57,087][__main__][INFO] - [1, 23, 29], [11]
[2025-01-30 00:11:57,105][__main__][INFO] - [1, 23, 30], [11]
[2025-01-30 00:11:57,123][__main__][INFO] - [1, 23, 31], [11]
[2025-01-30 00:11:57,141][__main__][INFO] - [1, 23, 32], [11]
[2025-01-30 00:11:57,159][__main__][INFO] - [1, 23, 33], [11]
[2025-01-30 00:11:57,177][__main__][INFO] - [1, 23, 34], [11]
[2025-01-30 00:11:57,195][__main__][INFO] - [1, 23, 35], [11]
[2025-01-30 00:11:57,239][__main__][INFO] - [1, 24, 27], [11]
[2025-01-30 00:11:57,258][__main__][INFO] - [1, 24, 28], [11]
[2025-01-30 00:11:57,276][__main__][INFO] - [1, 24, 29], [11]
[2025-01-30 00:11:57,294][__main__][INFO] - [1, 24, 30], [11]
[2025-01-30 00:11:57,312][__main__][INFO] - [1, 24, 31], [11]
[2025-01-30 00:11:57,330][__main__][INFO] - [1, 24, 32], [11]
[2025-01-30 00:11:57,348][__main__][INFO] - [1, 24, 33], [11]
[2025-01-30 00:11:57,366][__main__][INFO] - [1, 24, 34], [11]
[2025-01-30 00:11:57,384][__main__][INFO] - [1, 24, 35], [11]
[2025-01-30 00:11:57,534][__main__][INFO] - [1, 25, 35], [11]
[2025-01-30 00:11:57,577][__main__][INFO] - [1, 12, 21, 26], []
[2025-01-30 00:11:57,596][__main__][INFO] - [1, 12, 21, 27], []
[2025-01-30 00:11:57,614][__main__][INFO] - [1, 12, 21, 28], []
[2025-01-30 00:11:57,633][__main__][INFO] - [1, 12, 21, 29], []
[2025-01-30 00:11:57,651][__main__][INFO] - [1, 12, 21, 30], []
[2025-01-30 00:11:57,669][__main__][INFO] - [1, 12, 21, 31], []
[2025-01-30 00:11:57,687][__main__][INFO] - [1, 12, 21, 32], []
[2025-01-30 00:11:57,705][__main__][INFO] - [1, 12, 21, 33], []
[2025-01-30 00:11:57,722][__main__][INFO] - [1, 12, 21, 34], []
[2025-01-30 00:11:57,740][__main__][INFO] - [1, 12, 21, 35], []
[2025-01-30 00:11:57,772][__main__][INFO] - [1, 12, 22, 26], []
[2025-01-30 00:11:57,790][__main__][INFO] - [1, 12, 22, 27], []
[2025-01-30 00:11:57,808][__main__][INFO] - [1, 12, 22, 28], []
[2025-01-30 00:11:57,826][__main__][INFO] - [1, 12, 22, 29], []
[2025-01-30 00:11:57,845][__main__][INFO] - [1, 12, 22, 30], []
[2025-01-30 00:11:57,863][__main__][INFO] - [1, 12, 22, 31], []
[2025-01-30 00:11:57,881][__main__][INFO] - [1, 12, 22, 32], []
[2025-01-30 00:11:57,899][__main__][INFO] - [1, 12, 22, 33], []
[2025-01-30 00:11:57,917][__main__][INFO] - [1, 12, 22, 34], []
[2025-01-30 00:11:57,934][__main__][INFO] - [1, 12, 22, 35], []
[2025-01-30 00:11:57,965][__main__][INFO] - [1, 12, 23, 26], []
[2025-01-30 00:11:57,984][__main__][INFO] - [1, 12, 23, 27], []
[2025-01-30 00:11:58,002][__main__][INFO] - [1, 12, 23, 28], []
[2025-01-30 00:11:58,021][__main__][INFO] - [1, 12, 23, 29], []
[2025-01-30 00:11:58,039][__main__][INFO] - [1, 12, 23, 30], []
[2025-01-30 00:11:58,058][__main__][INFO] - [1, 12, 23, 31], []
[2025-01-30 00:11:58,076][__main__][INFO] - [1, 12, 23, 32], []
[2025-01-30 00:11:58,094][__main__][INFO] - [1, 12, 23, 33], []
[2025-01-30 00:11:58,112][__main__][INFO] - [1, 12, 23, 34], []
[2025-01-30 00:11:58,129][__main__][INFO] - [1, 12, 23, 35], []
[2025-01-30 00:11:58,187][__main__][INFO] - [1, 12, 24, 28], []
[2025-01-30 00:11:58,205][__main__][INFO] - [1, 12, 24, 29], []
[2025-01-30 00:11:58,236][__main__][INFO] - [1, 12, 24, 31], []
[2025-01-30 00:11:58,255][__main__][INFO] - [1, 12, 24, 32], []
[2025-01-30 00:11:58,272][__main__][INFO] - [1, 12, 24, 33], []
[2025-01-30 00:11:58,304][__main__][INFO] - [1, 12, 24, 35], []
[2025-01-30 00:11:58,491][__main__][INFO] - [1, 13, 21, 26], []
[2025-01-30 00:11:58,510][__main__][INFO] - [1, 13, 21, 27], []
[2025-01-30 00:11:58,528][__main__][INFO] - [1, 13, 21, 28], []
[2025-01-30 00:11:58,546][__main__][INFO] - [1, 13, 21, 29], []
[2025-01-30 00:11:58,565][__main__][INFO] - [1, 13, 21, 30], []
[2025-01-30 00:11:58,583][__main__][INFO] - [1, 13, 21, 31], []
[2025-01-30 00:11:58,601][__main__][INFO] - [1, 13, 21, 32], []
[2025-01-30 00:11:58,618][__main__][INFO] - [1, 13, 21, 33], []
[2025-01-30 00:11:58,636][__main__][INFO] - [1, 13, 21, 34], []
[2025-01-30 00:11:58,654][__main__][INFO] - [1, 13, 21, 35], []
[2025-01-30 00:11:58,800][__main__][INFO] - [1, 13, 22, 35], []
[2025-01-30 00:11:58,947][__main__][INFO] - [1, 13, 23, 35], []
[2025-01-30 00:11:59,148][__main__][INFO] - [1, 14, 21, 26], []
[2025-01-30 00:11:59,166][__main__][INFO] - [1, 14, 21, 27], []
[2025-01-30 00:11:59,184][__main__][INFO] - [1, 14, 21, 28], []
[2025-01-30 00:11:59,203][__main__][INFO] - [1, 14, 21, 29], []
[2025-01-30 00:11:59,221][__main__][INFO] - [1, 14, 21, 30], []
[2025-01-30 00:11:59,240][__main__][INFO] - [1, 14, 21, 31], []
[2025-01-30 00:11:59,257][__main__][INFO] - [1, 14, 21, 32], []
[2025-01-30 00:11:59,275][__main__][INFO] - [1, 14, 21, 33], []
[2025-01-30 00:11:59,293][__main__][INFO] - [1, 14, 21, 34], []
[2025-01-30 00:11:59,310][__main__][INFO] - [1, 14, 21, 35], []
[2025-01-30 00:11:59,355][__main__][INFO] - [1, 14, 22, 27], []
[2025-01-30 00:11:59,387][__main__][INFO] - [1, 14, 22, 29], []
[2025-01-30 00:11:59,472][__main__][INFO] - [1, 14, 22, 35], []
[2025-01-30 00:11:59,622][__main__][INFO] - [1, 14, 23, 35], []
[2025-01-30 00:11:59,771][__main__][INFO] - [1, 14, 24, 35], []
[2025-01-30 00:11:59,828][__main__][INFO] - [1, 15, 21, 26], []
[2025-01-30 00:11:59,845][__main__][INFO] - [1, 15, 21, 27], []
[2025-01-30 00:11:59,864][__main__][INFO] - [1, 15, 21, 28], []
[2025-01-30 00:11:59,882][__main__][INFO] - [1, 15, 21, 29], []
[2025-01-30 00:11:59,900][__main__][INFO] - [1, 15, 21, 30], []
[2025-01-30 00:11:59,918][__main__][INFO] - [1, 15, 21, 31], []
[2025-01-30 00:11:59,935][__main__][INFO] - [1, 15, 21, 32], []
[2025-01-30 00:11:59,953][__main__][INFO] - [1, 15, 21, 33], []
[2025-01-30 00:11:59,972][__main__][INFO] - [1, 15, 21, 34], []
[2025-01-30 00:11:59,990][__main__][INFO] - [1, 15, 21, 35], []
[2025-01-30 00:12:00,021][__main__][INFO] - [1, 15, 22, 26], []
[2025-01-30 00:12:00,039][__main__][INFO] - [1, 15, 22, 27], []
[2025-01-30 00:12:00,058][__main__][INFO] - [1, 15, 22, 28], []
[2025-01-30 00:12:00,075][__main__][INFO] - [1, 15, 22, 29], []
[2025-01-30 00:12:00,093][__main__][INFO] - [1, 15, 22, 30], []
[2025-01-30 00:12:00,111][__main__][INFO] - [1, 15, 22, 31], []
[2025-01-30 00:12:00,129][__main__][INFO] - [1, 15, 22, 32], []
[2025-01-30 00:12:00,147][__main__][INFO] - [1, 15, 22, 33], []
[2025-01-30 00:12:00,165][__main__][INFO] - [1, 15, 22, 34], []
[2025-01-30 00:12:00,182][__main__][INFO] - [1, 15, 22, 35], []
[2025-01-30 00:12:00,213][__main__][INFO] - [1, 15, 23, 26], []
[2025-01-30 00:12:00,231][__main__][INFO] - [1, 15, 23, 27], []
[2025-01-30 00:12:00,249][__main__][INFO] - [1, 15, 23, 28], []
[2025-01-30 00:12:00,267][__main__][INFO] - [1, 15, 23, 29], []
[2025-01-30 00:12:00,284][__main__][INFO] - [1, 15, 23, 30], []
[2025-01-30 00:12:00,302][__main__][INFO] - [1, 15, 23, 31], []
[2025-01-30 00:12:00,320][__main__][INFO] - [1, 15, 23, 32], []
[2025-01-30 00:12:00,338][__main__][INFO] - [1, 15, 23, 33], []
[2025-01-30 00:12:00,356][__main__][INFO] - [1, 15, 23, 34], []
[2025-01-30 00:12:00,373][__main__][INFO] - [1, 15, 23, 35], []
[2025-01-30 00:12:00,470][__main__][INFO] - [1, 15, 24, 31], []
[2025-01-30 00:12:00,502][__main__][INFO] - [1, 15, 24, 33], []
[2025-01-30 00:12:00,519][__main__][INFO] - [1, 15, 24, 34], []
[2025-01-30 00:12:00,537][__main__][INFO] - [1, 15, 24, 35], []
[2025-01-30 00:12:00,620][__main__][INFO] - [1, 16, 21, 28], []
[2025-01-30 00:12:00,638][__main__][INFO] - [1, 16, 21, 29], []
[2025-01-30 00:12:00,656][__main__][INFO] - [1, 16, 21, 30], []
[2025-01-30 00:12:00,674][__main__][INFO] - [1, 16, 21, 31], []
[2025-01-30 00:12:00,692][__main__][INFO] - [1, 16, 21, 32], []
[2025-01-30 00:12:00,709][__main__][INFO] - [1, 16, 21, 33], []
[2025-01-30 00:12:00,740][__main__][INFO] - [1, 16, 21, 35], []
[2025-01-30 00:12:00,967][__main__][INFO] - [1, 17, 21, 26], []
[2025-01-30 00:12:00,984][__main__][INFO] - [1, 17, 21, 27], []
[2025-01-30 00:12:01,002][__main__][INFO] - [1, 17, 21, 28], []
[2025-01-30 00:12:01,021][__main__][INFO] - [1, 17, 21, 29], []
[2025-01-30 00:12:01,038][__main__][INFO] - [1, 17, 21, 30], []
[2025-01-30 00:12:01,056][__main__][INFO] - [1, 17, 21, 31], []
[2025-01-30 00:12:01,074][__main__][INFO] - [1, 17, 21, 32], []
[2025-01-30 00:12:01,092][__main__][INFO] - [1, 17, 21, 33], []
[2025-01-30 00:12:01,110][__main__][INFO] - [1, 17, 21, 34], []
[2025-01-30 00:12:01,128][__main__][INFO] - [1, 17, 21, 35], []
[2025-01-30 00:12:01,159][__main__][INFO] - [1, 17, 22, 26], []
[2025-01-30 00:12:01,177][__main__][INFO] - [1, 17, 22, 27], []
[2025-01-30 00:12:01,195][__main__][INFO] - [1, 17, 22, 28], []
[2025-01-30 00:12:01,213][__main__][INFO] - [1, 17, 22, 29], []
[2025-01-30 00:12:01,231][__main__][INFO] - [1, 17, 22, 30], []
[2025-01-30 00:12:01,249][__main__][INFO] - [1, 17, 22, 31], []
[2025-01-30 00:12:01,266][__main__][INFO] - [1, 17, 22, 32], []
[2025-01-30 00:12:01,285][__main__][INFO] - [1, 17, 22, 33], []
[2025-01-30 00:12:01,302][__main__][INFO] - [1, 17, 22, 34], []
[2025-01-30 00:12:01,320][__main__][INFO] - [1, 17, 22, 35], []
[2025-01-30 00:12:01,364][__main__][INFO] - [1, 17, 23, 27], []
[2025-01-30 00:12:01,382][__main__][INFO] - [1, 17, 23, 28], []
[2025-01-30 00:12:01,400][__main__][INFO] - [1, 17, 23, 29], []
[2025-01-30 00:12:01,419][__main__][INFO] - [1, 17, 23, 30], []
[2025-01-30 00:12:01,437][__main__][INFO] - [1, 17, 23, 31], []
[2025-01-30 00:12:01,455][__main__][INFO] - [1, 17, 23, 32], []
[2025-01-30 00:12:01,473][__main__][INFO] - [1, 17, 23, 33], []
[2025-01-30 00:12:01,491][__main__][INFO] - [1, 17, 23, 34], []
[2025-01-30 00:12:01,509][__main__][INFO] - [1, 17, 23, 35], []
[2025-01-30 00:12:01,776][__main__][INFO] - [1, 18, 21, 31], []
[2025-01-30 00:12:01,834][__main__][INFO] - [1, 18, 21, 35], []
[2025-01-30 00:12:01,996][__main__][INFO] - [1, 19, 21, 31], []
[2025-01-30 00:12:02,053][__main__][INFO] - [1, 19, 21, 35], []
[2025-01-30 00:12:02,433][__main__][INFO] - [2, 10, 11, 12], []
[2025-01-30 00:12:02,451][__main__][INFO] - [2, 10, 11, 13], []
[2025-01-30 00:12:02,469][__main__][INFO] - [2, 10, 11, 14], []
[2025-01-30 00:12:02,487][__main__][INFO] - [2, 10, 11, 15], []
[2025-01-30 00:12:02,518][__main__][INFO] - [2, 10, 11, 17], []
[2025-01-30 00:12:02,576][__main__][INFO] - [2, 10, 11, 21], []
[2025-01-30 00:12:02,594][__main__][INFO] - [2, 10, 11, 22], []
[2025-01-30 00:12:02,612][__main__][INFO] - [2, 10, 11, 23], []
[2025-01-30 00:12:02,655][__main__][INFO] - [2, 10, 11, 26], []
[2025-01-30 00:12:02,673][__main__][INFO] - [2, 10, 11, 27], []
[2025-01-30 00:12:02,691][__main__][INFO] - [2, 10, 11, 28], []
[2025-01-30 00:12:02,709][__main__][INFO] - [2, 10, 11, 29], []
[2025-01-30 00:12:02,726][__main__][INFO] - [2, 10, 11, 30], []
[2025-01-30 00:12:02,743][__main__][INFO] - [2, 10, 11, 31], []
[2025-01-30 00:12:02,760][__main__][INFO] - [2, 10, 11, 32], []
[2025-01-30 00:12:02,778][__main__][INFO] - [2, 10, 11, 33], []
[2025-01-30 00:12:02,795][__main__][INFO] - [2, 10, 11, 34], []
[2025-01-30 00:12:02,812][__main__][INFO] - [2, 10, 11, 35], []
[2025-01-30 00:12:02,843][__main__][INFO] - [2, 10, 12], [11]
[2025-01-30 00:12:02,861][__main__][INFO] - [2, 10, 13], [11]
[2025-01-30 00:12:02,879][__main__][INFO] - [2, 10, 14], [11]
[2025-01-30 00:12:02,897][__main__][INFO] - [2, 10, 15], [11]
[2025-01-30 00:12:02,915][__main__][INFO] - [2, 10, 16], [11]
[2025-01-30 00:12:02,933][__main__][INFO] - [2, 10, 17], [11]
[2025-01-30 00:12:02,951][__main__][INFO] - [2, 10, 18], [11]
[2025-01-30 00:12:02,968][__main__][INFO] - [2, 10, 19], [11]
[2025-01-30 00:12:02,999][__main__][INFO] - [2, 10, 21], [11]
[2025-01-30 00:12:03,017][__main__][INFO] - [2, 10, 22], [11]
[2025-01-30 00:12:03,036][__main__][INFO] - [2, 10, 23], [11]
[2025-01-30 00:12:03,054][__main__][INFO] - [2, 10, 24], [11]
[2025-01-30 00:12:03,073][__main__][INFO] - [2, 10, 25], [11]
[2025-01-30 00:12:03,091][__main__][INFO] - [2, 10, 26], [11]
[2025-01-30 00:12:03,108][__main__][INFO] - [2, 10, 27], [11]
[2025-01-30 00:12:03,126][__main__][INFO] - [2, 10, 28], [11]
[2025-01-30 00:12:03,143][__main__][INFO] - [2, 10, 29], [11]
[2025-01-30 00:12:03,160][__main__][INFO] - [2, 10, 30], [11]
[2025-01-30 00:12:03,179][__main__][INFO] - [2, 10, 31], [11]
[2025-01-30 00:12:03,196][__main__][INFO] - [2, 10, 32], [11]
[2025-01-30 00:12:03,214][__main__][INFO] - [2, 10, 33], [11]
[2025-01-30 00:12:03,232][__main__][INFO] - [2, 10, 34], [11]
[2025-01-30 00:12:03,250][__main__][INFO] - [2, 10, 35], [11]
[2025-01-30 00:12:03,281][__main__][INFO] - [2, 10, 12, 21], []
[2025-01-30 00:12:03,300][__main__][INFO] - [2, 10, 12, 22], []
[2025-01-30 00:12:03,317][__main__][INFO] - [2, 10, 12, 23], []
[2025-01-30 00:12:03,335][__main__][INFO] - [2, 10, 12, 24], []
[2025-01-30 00:12:03,353][__main__][INFO] - [2, 10, 12, 25], []
[2025-01-30 00:12:03,371][__main__][INFO] - [2, 10, 12, 26], []
[2025-01-30 00:12:03,388][__main__][INFO] - [2, 10, 12, 27], []
[2025-01-30 00:12:03,406][__main__][INFO] - [2, 10, 12, 28], []
[2025-01-30 00:12:03,424][__main__][INFO] - [2, 10, 12, 29], []
[2025-01-30 00:12:03,442][__main__][INFO] - [2, 10, 12, 30], []
[2025-01-30 00:12:03,460][__main__][INFO] - [2, 10, 12, 31], []
[2025-01-30 00:12:03,477][__main__][INFO] - [2, 10, 12, 32], []
[2025-01-30 00:12:03,495][__main__][INFO] - [2, 10, 12, 33], []
[2025-01-30 00:12:03,512][__main__][INFO] - [2, 10, 12, 34], []
[2025-01-30 00:12:03,530][__main__][INFO] - [2, 10, 12, 35], []
[2025-01-30 00:12:03,561][__main__][INFO] - [2, 10, 13, 21], []
[2025-01-30 00:12:03,579][__main__][INFO] - [2, 10, 13, 22], []
[2025-01-30 00:12:03,597][__main__][INFO] - [2, 10, 13, 23], []
[2025-01-30 00:12:03,641][__main__][INFO] - [2, 10, 13, 26], []
[2025-01-30 00:12:03,658][__main__][INFO] - [2, 10, 13, 27], []
[2025-01-30 00:12:03,676][__main__][INFO] - [2, 10, 13, 28], []
[2025-01-30 00:12:03,693][__main__][INFO] - [2, 10, 13, 29], []
[2025-01-30 00:12:03,711][__main__][INFO] - [2, 10, 13, 30], []
[2025-01-30 00:12:03,729][__main__][INFO] - [2, 10, 13, 31], []
[2025-01-30 00:12:03,746][__main__][INFO] - [2, 10, 13, 32], []
[2025-01-30 00:12:03,763][__main__][INFO] - [2, 10, 13, 33], []
[2025-01-30 00:12:03,781][__main__][INFO] - [2, 10, 13, 34], []
[2025-01-30 00:12:03,799][__main__][INFO] - [2, 10, 13, 35], []
[2025-01-30 00:12:03,830][__main__][INFO] - [2, 10, 14, 21], []
[2025-01-30 00:12:03,848][__main__][INFO] - [2, 10, 14, 22], []
[2025-01-30 00:12:03,866][__main__][INFO] - [2, 10, 14, 23], []
[2025-01-30 00:12:03,884][__main__][INFO] - [2, 10, 14, 24], []
[2025-01-30 00:12:03,915][__main__][INFO] - [2, 10, 14, 26], []
[2025-01-30 00:12:03,933][__main__][INFO] - [2, 10, 14, 27], []
[2025-01-30 00:12:03,951][__main__][INFO] - [2, 10, 14, 28], []
[2025-01-30 00:12:03,969][__main__][INFO] - [2, 10, 14, 29], []
[2025-01-30 00:12:03,986][__main__][INFO] - [2, 10, 14, 30], []
[2025-01-30 00:12:04,004][__main__][INFO] - [2, 10, 14, 31], []
[2025-01-30 00:12:04,022][__main__][INFO] - [2, 10, 14, 32], []
[2025-01-30 00:12:04,040][__main__][INFO] - [2, 10, 14, 33], []
[2025-01-30 00:12:04,058][__main__][INFO] - [2, 10, 14, 34], []
[2025-01-30 00:12:04,076][__main__][INFO] - [2, 10, 14, 35], []
[2025-01-30 00:12:04,106][__main__][INFO] - [2, 10, 15, 21], []
[2025-01-30 00:12:04,124][__main__][INFO] - [2, 10, 15, 22], []
[2025-01-30 00:12:04,143][__main__][INFO] - [2, 10, 15, 23], []
[2025-01-30 00:12:04,161][__main__][INFO] - [2, 10, 15, 24], []
[2025-01-30 00:12:04,192][__main__][INFO] - [2, 10, 15, 26], []
[2025-01-30 00:12:04,211][__main__][INFO] - [2, 10, 15, 27], []
[2025-01-30 00:12:04,229][__main__][INFO] - [2, 10, 15, 28], []
[2025-01-30 00:12:04,247][__main__][INFO] - [2, 10, 15, 29], []
[2025-01-30 00:12:04,266][__main__][INFO] - [2, 10, 15, 30], []
[2025-01-30 00:12:04,284][__main__][INFO] - [2, 10, 15, 31], []
[2025-01-30 00:12:04,301][__main__][INFO] - [2, 10, 15, 32], []
[2025-01-30 00:12:04,319][__main__][INFO] - [2, 10, 15, 33], []
[2025-01-30 00:12:04,337][__main__][INFO] - [2, 10, 15, 34], []
[2025-01-30 00:12:04,355][__main__][INFO] - [2, 10, 15, 35], []
[2025-01-30 00:12:04,386][__main__][INFO] - [2, 10, 16, 21], []
[2025-01-30 00:12:04,496][__main__][INFO] - [2, 10, 16, 29], []
[2025-01-30 00:12:04,514][__main__][INFO] - [2, 10, 16, 30], []
[2025-01-30 00:12:04,584][__main__][INFO] - [2, 10, 16, 35], []
[2025-01-30 00:12:04,615][__main__][INFO] - [2, 10, 17, 21], []
[2025-01-30 00:12:04,633][__main__][INFO] - [2, 10, 17, 22], []
[2025-01-30 00:12:04,652][__main__][INFO] - [2, 10, 17, 23], []
[2025-01-30 00:12:04,670][__main__][INFO] - [2, 10, 17, 24], []
[2025-01-30 00:12:04,701][__main__][INFO] - [2, 10, 17, 26], []
[2025-01-30 00:12:04,720][__main__][INFO] - [2, 10, 17, 27], []
[2025-01-30 00:12:04,738][__main__][INFO] - [2, 10, 17, 28], []
[2025-01-30 00:12:04,756][__main__][INFO] - [2, 10, 17, 29], []
[2025-01-30 00:12:04,774][__main__][INFO] - [2, 10, 17, 30], []
[2025-01-30 00:12:04,793][__main__][INFO] - [2, 10, 17, 31], []
[2025-01-30 00:12:04,811][__main__][INFO] - [2, 10, 17, 32], []
[2025-01-30 00:12:04,829][__main__][INFO] - [2, 10, 17, 33], []
[2025-01-30 00:12:04,847][__main__][INFO] - [2, 10, 17, 34], []
[2025-01-30 00:12:04,865][__main__][INFO] - [2, 10, 17, 35], []
[2025-01-30 00:12:04,896][__main__][INFO] - [2, 10, 18, 21], []
[2025-01-30 00:12:05,105][__main__][INFO] - [2, 10, 19, 21], []
[2025-01-30 00:12:05,286][__main__][INFO] - [2, 10, 19, 35], []
[2025-01-30 00:12:05,330][__main__][INFO] - [2, 10, 21, 26], []
[2025-01-30 00:12:05,348][__main__][INFO] - [2, 10, 21, 27], []
[2025-01-30 00:12:05,366][__main__][INFO] - [2, 10, 21, 28], []
[2025-01-30 00:12:05,384][__main__][INFO] - [2, 10, 21, 29], []
[2025-01-30 00:12:05,402][__main__][INFO] - [2, 10, 21, 30], []
[2025-01-30 00:12:05,420][__main__][INFO] - [2, 10, 21, 31], []
[2025-01-30 00:12:05,437][__main__][INFO] - [2, 10, 21, 32], []
[2025-01-30 00:12:05,454][__main__][INFO] - [2, 10, 21, 33], []
[2025-01-30 00:12:05,472][__main__][INFO] - [2, 10, 21, 34], []
[2025-01-30 00:12:05,489][__main__][INFO] - [2, 10, 21, 35], []
[2025-01-30 00:12:05,519][__main__][INFO] - [2, 10, 22, 26], []
[2025-01-30 00:12:05,537][__main__][INFO] - [2, 10, 22, 27], []
[2025-01-30 00:12:05,555][__main__][INFO] - [2, 10, 22, 28], []
[2025-01-30 00:12:05,572][__main__][INFO] - [2, 10, 22, 29], []
[2025-01-30 00:12:05,589][__main__][INFO] - [2, 10, 22, 30], []
[2025-01-30 00:12:05,606][__main__][INFO] - [2, 10, 22, 31], []
[2025-01-30 00:12:05,624][__main__][INFO] - [2, 10, 22, 32], []
[2025-01-30 00:12:05,641][__main__][INFO] - [2, 10, 22, 33], []
[2025-01-30 00:12:05,659][__main__][INFO] - [2, 10, 22, 34], []
[2025-01-30 00:12:05,676][__main__][INFO] - [2, 10, 22, 35], []
[2025-01-30 00:12:05,706][__main__][INFO] - [2, 10, 23, 26], []
[2025-01-30 00:12:05,724][__main__][INFO] - [2, 10, 23, 27], []
[2025-01-30 00:12:05,742][__main__][INFO] - [2, 10, 23, 28], []
[2025-01-30 00:12:05,759][__main__][INFO] - [2, 10, 23, 29], []
[2025-01-30 00:12:05,776][__main__][INFO] - [2, 10, 23, 30], []
[2025-01-30 00:12:05,794][__main__][INFO] - [2, 10, 23, 31], []
[2025-01-30 00:12:05,811][__main__][INFO] - [2, 10, 23, 32], []
[2025-01-30 00:12:05,829][__main__][INFO] - [2, 10, 23, 33], []
[2025-01-30 00:12:05,845][__main__][INFO] - [2, 10, 23, 34], []
[2025-01-30 00:12:05,863][__main__][INFO] - [2, 10, 23, 35], []
[2025-01-30 00:12:05,943][__main__][INFO] - [2, 10, 24, 30], []
[2025-01-30 00:12:05,974][__main__][INFO] - [2, 10, 24, 32], []
[2025-01-30 00:12:06,016][__main__][INFO] - [2, 10, 24, 35], []
[2025-01-30 00:12:06,159][__main__][INFO] - [2, 10, 25, 35], []
[2025-01-30 00:12:06,203][__main__][INFO] - [2, 11, 12], [10]
[2025-01-30 00:12:06,220][__main__][INFO] - [2, 11, 13], [10]
[2025-01-30 00:12:06,237][__main__][INFO] - [2, 11, 14], [10]
[2025-01-30 00:12:06,254][__main__][INFO] - [2, 11, 15], [10]
[2025-01-30 00:12:06,284][__main__][INFO] - [2, 11, 17], [10]
[2025-01-30 00:12:06,338][__main__][INFO] - [2, 11, 21], [10]
[2025-01-30 00:12:06,356][__main__][INFO] - [2, 11, 22], [10]
[2025-01-30 00:12:06,372][__main__][INFO] - [2, 11, 23], [10]
[2025-01-30 00:12:06,416][__main__][INFO] - [2, 11, 26], [10]
[2025-01-30 00:12:06,433][__main__][INFO] - [2, 11, 27], [10]
[2025-01-30 00:12:06,450][__main__][INFO] - [2, 11, 28], [10]
[2025-01-30 00:12:06,467][__main__][INFO] - [2, 11, 29], [10]
[2025-01-30 00:12:06,485][__main__][INFO] - [2, 11, 30], [10]
[2025-01-30 00:12:06,503][__main__][INFO] - [2, 11, 31], [10]
[2025-01-30 00:12:06,521][__main__][INFO] - [2, 11, 32], [10]
[2025-01-30 00:12:06,538][__main__][INFO] - [2, 11, 33], [10]
[2025-01-30 00:12:06,555][__main__][INFO] - [2, 11, 34], [10]
[2025-01-30 00:12:06,573][__main__][INFO] - [2, 11, 35], [10]
[2025-01-30 00:12:06,603][__main__][INFO] - [2, 12], [10, 11]
[2025-01-30 00:12:06,622][__main__][INFO] - [2, 13], [10, 11]
[2025-01-30 00:12:06,640][__main__][INFO] - [2, 14], [10, 11]
[2025-01-30 00:12:06,658][__main__][INFO] - [2, 15], [10, 11]
[2025-01-30 00:12:06,676][__main__][INFO] - [2, 16], [10, 11]
[2025-01-30 00:12:06,693][__main__][INFO] - [2, 17], [10, 11]
[2025-01-30 00:12:06,711][__main__][INFO] - [2, 18], [10, 11]
[2025-01-30 00:12:06,729][__main__][INFO] - [2, 19], [10, 11]
[2025-01-30 00:12:06,760][__main__][INFO] - [2, 21], [10, 11]
[2025-01-30 00:12:06,779][__main__][INFO] - [2, 22], [10, 11]
[2025-01-30 00:12:06,798][__main__][INFO] - [2, 23], [10, 11]
[2025-01-30 00:12:06,816][__main__][INFO] - [2, 24], [10, 11]
[2025-01-30 00:12:06,834][__main__][INFO] - [2, 25], [10, 11]
[2025-01-30 00:12:06,851][__main__][INFO] - [2, 26], [10, 11]
[2025-01-30 00:12:06,869][__main__][INFO] - [2, 27], [10, 11]
[2025-01-30 00:12:06,887][__main__][INFO] - [2, 28], [10, 11]
[2025-01-30 00:12:06,905][__main__][INFO] - [2, 29], [10, 11]
[2025-01-30 00:12:06,923][__main__][INFO] - [2, 30], [10, 11]
[2025-01-30 00:12:06,941][__main__][INFO] - [2, 31], [10, 11]
[2025-01-30 00:12:06,958][__main__][INFO] - [2, 32], [10, 11]
[2025-01-30 00:12:06,976][__main__][INFO] - [2, 33], [10, 11]
[2025-01-30 00:12:06,993][__main__][INFO] - [2, 34], [10, 11]
[2025-01-30 00:12:07,011][__main__][INFO] - [2, 35], [10, 11]
[2025-01-30 00:12:07,043][__main__][INFO] - [2, 12, 21], [10]
[2025-01-30 00:12:07,061][__main__][INFO] - [2, 12, 22], [10]
[2025-01-30 00:12:07,079][__main__][INFO] - [2, 12, 23], [10]
[2025-01-30 00:12:07,097][__main__][INFO] - [2, 12, 24], [10]
[2025-01-30 00:12:07,128][__main__][INFO] - [2, 12, 26], [10]
[2025-01-30 00:12:07,146][__main__][INFO] - [2, 12, 27], [10]
[2025-01-30 00:12:07,165][__main__][INFO] - [2, 12, 28], [10]
[2025-01-30 00:12:07,183][__main__][INFO] - [2, 12, 29], [10]
[2025-01-30 00:12:07,201][__main__][INFO] - [2, 12, 30], [10]
[2025-01-30 00:12:07,220][__main__][INFO] - [2, 12, 31], [10]
[2025-01-30 00:12:07,237][__main__][INFO] - [2, 12, 32], [10]
[2025-01-30 00:12:07,256][__main__][INFO] - [2, 12, 33], [10]
[2025-01-30 00:12:07,273][__main__][INFO] - [2, 12, 34], [10]
[2025-01-30 00:12:07,291][__main__][INFO] - [2, 12, 35], [10]
[2025-01-30 00:12:07,323][__main__][INFO] - [2, 13, 21], [10]
[2025-01-30 00:12:07,341][__main__][INFO] - [2, 13, 22], [10]
[2025-01-30 00:12:07,358][__main__][INFO] - [2, 13, 23], [10]
[2025-01-30 00:12:07,415][__main__][INFO] - [2, 13, 27], [10]
[2025-01-30 00:12:07,433][__main__][INFO] - [2, 13, 28], [10]
[2025-01-30 00:12:07,452][__main__][INFO] - [2, 13, 29], [10]
[2025-01-30 00:12:07,470][__main__][INFO] - [2, 13, 30], [10]
[2025-01-30 00:12:07,488][__main__][INFO] - [2, 13, 31], [10]
[2025-01-30 00:12:07,506][__main__][INFO] - [2, 13, 32], [10]
[2025-01-30 00:12:07,524][__main__][INFO] - [2, 13, 33], [10]
[2025-01-30 00:12:07,542][__main__][INFO] - [2, 13, 34], [10]
[2025-01-30 00:12:07,559][__main__][INFO] - [2, 13, 35], [10]
[2025-01-30 00:12:07,590][__main__][INFO] - [2, 14, 21], [10]
[2025-01-30 00:12:07,608][__main__][INFO] - [2, 14, 22], [10]
[2025-01-30 00:12:07,626][__main__][INFO] - [2, 14, 23], [10]
[2025-01-30 00:12:07,644][__main__][INFO] - [2, 14, 24], [10]
[2025-01-30 00:12:07,675][__main__][INFO] - [2, 14, 26], [10]
[2025-01-30 00:12:07,693][__main__][INFO] - [2, 14, 27], [10]
[2025-01-30 00:12:07,710][__main__][INFO] - [2, 14, 28], [10]
[2025-01-30 00:12:07,728][__main__][INFO] - [2, 14, 29], [10]
[2025-01-30 00:12:07,745][__main__][INFO] - [2, 14, 30], [10]
[2025-01-30 00:12:07,763][__main__][INFO] - [2, 14, 31], [10]
[2025-01-30 00:12:07,780][__main__][INFO] - [2, 14, 32], [10]
[2025-01-30 00:12:07,798][__main__][INFO] - [2, 14, 33], [10]
[2025-01-30 00:12:07,815][__main__][INFO] - [2, 14, 34], [10]
[2025-01-30 00:12:07,832][__main__][INFO] - [2, 14, 35], [10]
[2025-01-30 00:12:07,861][__main__][INFO] - [2, 15, 21], [10]
[2025-01-30 00:12:07,879][__main__][INFO] - [2, 15, 22], [10]
[2025-01-30 00:12:07,896][__main__][INFO] - [2, 15, 23], [10]
[2025-01-30 00:12:07,914][__main__][INFO] - [2, 15, 24], [10]
[2025-01-30 00:12:07,944][__main__][INFO] - [2, 15, 26], [10]
[2025-01-30 00:12:07,961][__main__][INFO] - [2, 15, 27], [10]
[2025-01-30 00:12:07,979][__main__][INFO] - [2, 15, 28], [10]
[2025-01-30 00:12:07,997][__main__][INFO] - [2, 15, 29], [10]
[2025-01-30 00:12:08,014][__main__][INFO] - [2, 15, 30], [10]
[2025-01-30 00:12:08,031][__main__][INFO] - [2, 15, 31], [10]
[2025-01-30 00:12:08,048][__main__][INFO] - [2, 15, 32], [10]
[2025-01-30 00:12:08,065][__main__][INFO] - [2, 15, 33], [10]
[2025-01-30 00:12:08,082][__main__][INFO] - [2, 15, 34], [10]
[2025-01-30 00:12:08,100][__main__][INFO] - [2, 15, 35], [10]
[2025-01-30 00:12:08,129][__main__][INFO] - [2, 16, 21], [10]
[2025-01-30 00:12:08,148][__main__][INFO] - [2, 16, 22], [10]
[2025-01-30 00:12:08,244][__main__][INFO] - [2, 16, 29], [10]
[2025-01-30 00:12:08,262][__main__][INFO] - [2, 16, 30], [10]
[2025-01-30 00:12:08,280][__main__][INFO] - [2, 16, 31], [10]
[2025-01-30 00:12:08,324][__main__][INFO] - [2, 16, 34], [10]
[2025-01-30 00:12:08,341][__main__][INFO] - [2, 16, 35], [10]
[2025-01-30 00:12:08,372][__main__][INFO] - [2, 17, 21], [10]
[2025-01-30 00:12:08,390][__main__][INFO] - [2, 17, 22], [10]
[2025-01-30 00:12:08,408][__main__][INFO] - [2, 17, 23], [10]
[2025-01-30 00:12:08,426][__main__][INFO] - [2, 17, 24], [10]
[2025-01-30 00:12:08,458][__main__][INFO] - [2, 17, 26], [10]
[2025-01-30 00:12:08,476][__main__][INFO] - [2, 17, 27], [10]
[2025-01-30 00:12:08,495][__main__][INFO] - [2, 17, 28], [10]
[2025-01-30 00:12:08,512][__main__][INFO] - [2, 17, 29], [10]
[2025-01-30 00:12:08,531][__main__][INFO] - [2, 17, 30], [10]
[2025-01-30 00:12:08,549][__main__][INFO] - [2, 17, 31], [10]
[2025-01-30 00:12:08,567][__main__][INFO] - [2, 17, 32], [10]
[2025-01-30 00:12:08,585][__main__][INFO] - [2, 17, 33], [10]
[2025-01-30 00:12:08,603][__main__][INFO] - [2, 17, 34], [10]
[2025-01-30 00:12:08,620][__main__][INFO] - [2, 17, 35], [10]
[2025-01-30 00:12:08,651][__main__][INFO] - [2, 18, 21], [10]
[2025-01-30 00:12:08,668][__main__][INFO] - [2, 18, 22], [10]
[2025-01-30 00:12:08,866][__main__][INFO] - [2, 19, 21], [10]
[2025-01-30 00:12:08,897][__main__][INFO] - [2, 19, 23], [10]
[2025-01-30 00:12:09,060][__main__][INFO] - [2, 19, 35], [10]
[2025-01-30 00:12:09,103][__main__][INFO] - [2, 21, 26], [10]
[2025-01-30 00:12:09,122][__main__][INFO] - [2, 21, 27], [10]
[2025-01-30 00:12:09,140][__main__][INFO] - [2, 21, 28], [10]
[2025-01-30 00:12:09,158][__main__][INFO] - [2, 21, 29], [10]
[2025-01-30 00:12:09,176][__main__][INFO] - [2, 21, 30], [10]
[2025-01-30 00:12:09,194][__main__][INFO] - [2, 21, 31], [10]
[2025-01-30 00:12:09,212][__main__][INFO] - [2, 21, 32], [10]
[2025-01-30 00:12:09,231][__main__][INFO] - [2, 21, 33], [10]
[2025-01-30 00:12:09,249][__main__][INFO] - [2, 21, 34], [10]
[2025-01-30 00:12:09,267][__main__][INFO] - [2, 21, 35], [10]
[2025-01-30 00:12:09,298][__main__][INFO] - [2, 22, 26], [10]
[2025-01-30 00:12:09,316][__main__][INFO] - [2, 22, 27], [10]
[2025-01-30 00:12:09,334][__main__][INFO] - [2, 22, 28], [10]
[2025-01-30 00:12:09,352][__main__][INFO] - [2, 22, 29], [10]
[2025-01-30 00:12:09,371][__main__][INFO] - [2, 22, 30], [10]
[2025-01-30 00:12:09,390][__main__][INFO] - [2, 22, 31], [10]
[2025-01-30 00:12:09,408][__main__][INFO] - [2, 22, 32], [10]
[2025-01-30 00:12:09,426][__main__][INFO] - [2, 22, 33], [10]
[2025-01-30 00:12:09,444][__main__][INFO] - [2, 22, 34], [10]
[2025-01-30 00:12:09,462][__main__][INFO] - [2, 22, 35], [10]
[2025-01-30 00:12:09,492][__main__][INFO] - [2, 23, 26], [10]
[2025-01-30 00:12:09,511][__main__][INFO] - [2, 23, 27], [10]
[2025-01-30 00:12:09,529][__main__][INFO] - [2, 23, 28], [10]
[2025-01-30 00:12:09,547][__main__][INFO] - [2, 23, 29], [10]
[2025-01-30 00:12:09,565][__main__][INFO] - [2, 23, 30], [10]
[2025-01-30 00:12:09,583][__main__][INFO] - [2, 23, 31], [10]
[2025-01-30 00:12:09,601][__main__][INFO] - [2, 23, 32], [10]
[2025-01-30 00:12:09,620][__main__][INFO] - [2, 23, 33], [10]
[2025-01-30 00:12:09,638][__main__][INFO] - [2, 23, 34], [10]
[2025-01-30 00:12:09,656][__main__][INFO] - [2, 23, 35], [10]
[2025-01-30 00:12:09,712][__main__][INFO] - [2, 24, 28], [10]
[2025-01-30 00:12:09,731][__main__][INFO] - [2, 24, 29], [10]
[2025-01-30 00:12:09,762][__main__][INFO] - [2, 24, 31], [10]
[2025-01-30 00:12:09,781][__main__][INFO] - [2, 24, 32], [10]
[2025-01-30 00:12:09,798][__main__][INFO] - [2, 24, 33], [10]
[2025-01-30 00:12:09,817][__main__][INFO] - [2, 24, 34], [10]
[2025-01-30 00:12:09,835][__main__][INFO] - [2, 24, 35], [10]
[2025-01-30 00:12:09,984][__main__][INFO] - [2, 25, 35], [10]
[2025-01-30 00:12:10,028][__main__][INFO] - [2, 11, 12, 21], []
[2025-01-30 00:12:10,047][__main__][INFO] - [2, 11, 12, 22], []
[2025-01-30 00:12:10,065][__main__][INFO] - [2, 11, 12, 23], []
[2025-01-30 00:12:10,108][__main__][INFO] - [2, 11, 12, 26], []
[2025-01-30 00:12:10,126][__main__][INFO] - [2, 11, 12, 27], []
[2025-01-30 00:12:10,143][__main__][INFO] - [2, 11, 12, 28], []
[2025-01-30 00:12:10,161][__main__][INFO] - [2, 11, 12, 29], []
[2025-01-30 00:12:10,180][__main__][INFO] - [2, 11, 12, 30], []
[2025-01-30 00:12:10,198][__main__][INFO] - [2, 11, 12, 31], []
[2025-01-30 00:12:10,216][__main__][INFO] - [2, 11, 12, 32], []
[2025-01-30 00:12:10,234][__main__][INFO] - [2, 11, 12, 33], []
[2025-01-30 00:12:10,252][__main__][INFO] - [2, 11, 12, 34], []
[2025-01-30 00:12:10,269][__main__][INFO] - [2, 11, 12, 35], []
[2025-01-30 00:12:10,300][__main__][INFO] - [2, 11, 13, 21], []
[2025-01-30 00:12:10,514][__main__][INFO] - [2, 11, 14, 21], []
[2025-01-30 00:12:10,701][__main__][INFO] - [2, 11, 14, 35], []
[2025-01-30 00:12:10,732][__main__][INFO] - [2, 11, 15, 21], []
[2025-01-30 00:12:10,750][__main__][INFO] - [2, 11, 15, 22], []
[2025-01-30 00:12:10,768][__main__][INFO] - [2, 11, 15, 23], []
[2025-01-30 00:12:10,928][__main__][INFO] - [2, 11, 15, 35], []
[2025-01-30 00:12:10,972][__main__][INFO] - [2, 11, 17, 21], []
[2025-01-30 00:12:10,990][__main__][INFO] - [2, 11, 17, 22], []
[2025-01-30 00:12:11,009][__main__][INFO] - [2, 11, 17, 23], []
[2025-01-30 00:12:11,079][__main__][INFO] - [2, 11, 17, 28], []
[2025-01-30 00:12:11,097][__main__][INFO] - [2, 11, 17, 29], []
[2025-01-30 00:12:11,129][__main__][INFO] - [2, 11, 17, 31], []
[2025-01-30 00:12:11,186][__main__][INFO] - [2, 11, 17, 35], []
[2025-01-30 00:12:11,256][__main__][INFO] - [2, 11, 21, 26], []
[2025-01-30 00:12:11,274][__main__][INFO] - [2, 11, 21, 27], []
[2025-01-30 00:12:11,293][__main__][INFO] - [2, 11, 21, 28], []
[2025-01-30 00:12:11,312][__main__][INFO] - [2, 11, 21, 29], []
[2025-01-30 00:12:11,330][__main__][INFO] - [2, 11, 21, 30], []
[2025-01-30 00:12:11,348][__main__][INFO] - [2, 11, 21, 31], []
[2025-01-30 00:12:11,367][__main__][INFO] - [2, 11, 21, 32], []
[2025-01-30 00:12:11,385][__main__][INFO] - [2, 11, 21, 33], []
[2025-01-30 00:12:11,404][__main__][INFO] - [2, 11, 21, 34], []
[2025-01-30 00:12:11,422][__main__][INFO] - [2, 11, 21, 35], []
[2025-01-30 00:12:11,480][__main__][INFO] - [2, 11, 22, 28], []
[2025-01-30 00:12:11,498][__main__][INFO] - [2, 11, 22, 29], []
[2025-01-30 00:12:11,580][__main__][INFO] - [2, 11, 22, 35], []
[2025-01-30 00:12:11,728][__main__][INFO] - [2, 11, 23, 35], []
[2025-01-30 00:12:11,931][__main__][INFO] - [2, 12, 21], [11]
[2025-01-30 00:12:11,951][__main__][INFO] - [2, 12, 22], [11]
[2025-01-30 00:12:11,970][__main__][INFO] - [2, 12, 23], [11]
[2025-01-30 00:12:11,989][__main__][INFO] - [2, 12, 24], [11]
[2025-01-30 00:12:12,007][__main__][INFO] - [2, 12, 25], [11]
[2025-01-30 00:12:12,024][__main__][INFO] - [2, 12, 26], [11]
[2025-01-30 00:12:12,042][__main__][INFO] - [2, 12, 27], [11]
[2025-01-30 00:12:12,060][__main__][INFO] - [2, 12, 28], [11]
[2025-01-30 00:12:12,078][__main__][INFO] - [2, 12, 29], [11]
[2025-01-30 00:12:12,096][__main__][INFO] - [2, 12, 30], [11]
[2025-01-30 00:12:12,115][__main__][INFO] - [2, 12, 31], [11]
[2025-01-30 00:12:12,133][__main__][INFO] - [2, 12, 32], [11]
[2025-01-30 00:12:12,150][__main__][INFO] - [2, 12, 33], [11]
[2025-01-30 00:12:12,168][__main__][INFO] - [2, 12, 34], [11]
[2025-01-30 00:12:12,185][__main__][INFO] - [2, 12, 35], [11]
[2025-01-30 00:12:12,216][__main__][INFO] - [2, 13, 21], [11]
[2025-01-30 00:12:12,235][__main__][INFO] - [2, 13, 22], [11]
[2025-01-30 00:12:12,253][__main__][INFO] - [2, 13, 23], [11]
[2025-01-30 00:12:12,296][__main__][INFO] - [2, 13, 26], [11]
[2025-01-30 00:12:12,314][__main__][INFO] - [2, 13, 27], [11]
[2025-01-30 00:12:12,332][__main__][INFO] - [2, 13, 28], [11]
[2025-01-30 00:12:12,349][__main__][INFO] - [2, 13, 29], [11]
[2025-01-30 00:12:12,367][__main__][INFO] - [2, 13, 30], [11]
[2025-01-30 00:12:12,385][__main__][INFO] - [2, 13, 31], [11]
[2025-01-30 00:12:12,402][__main__][INFO] - [2, 13, 32], [11]
[2025-01-30 00:12:12,420][__main__][INFO] - [2, 13, 33], [11]
[2025-01-30 00:12:12,438][__main__][INFO] - [2, 13, 34], [11]
[2025-01-30 00:12:12,455][__main__][INFO] - [2, 13, 35], [11]
[2025-01-30 00:12:12,486][__main__][INFO] - [2, 14, 21], [11]
[2025-01-30 00:12:12,504][__main__][INFO] - [2, 14, 22], [11]
[2025-01-30 00:12:12,523][__main__][INFO] - [2, 14, 23], [11]
[2025-01-30 00:12:12,541][__main__][INFO] - [2, 14, 24], [11]
[2025-01-30 00:12:12,573][__main__][INFO] - [2, 14, 26], [11]
[2025-01-30 00:12:12,590][__main__][INFO] - [2, 14, 27], [11]
[2025-01-30 00:12:12,608][__main__][INFO] - [2, 14, 28], [11]
[2025-01-30 00:12:12,626][__main__][INFO] - [2, 14, 29], [11]
[2025-01-30 00:12:12,644][__main__][INFO] - [2, 14, 30], [11]
[2025-01-30 00:12:12,662][__main__][INFO] - [2, 14, 31], [11]
[2025-01-30 00:12:12,680][__main__][INFO] - [2, 14, 32], [11]
[2025-01-30 00:12:12,698][__main__][INFO] - [2, 14, 33], [11]
[2025-01-30 00:12:12,716][__main__][INFO] - [2, 14, 34], [11]
[2025-01-30 00:12:12,734][__main__][INFO] - [2, 14, 35], [11]
[2025-01-30 00:12:12,766][__main__][INFO] - [2, 15, 21], [11]
[2025-01-30 00:12:12,783][__main__][INFO] - [2, 15, 22], [11]
[2025-01-30 00:12:12,802][__main__][INFO] - [2, 15, 23], [11]
[2025-01-30 00:12:12,819][__main__][INFO] - [2, 15, 24], [11]
[2025-01-30 00:12:12,837][__main__][INFO] - [2, 15, 25], [11]
[2025-01-30 00:12:12,856][__main__][INFO] - [2, 15, 26], [11]
[2025-01-30 00:12:12,874][__main__][INFO] - [2, 15, 27], [11]
[2025-01-30 00:12:12,892][__main__][INFO] - [2, 15, 28], [11]
[2025-01-30 00:12:12,910][__main__][INFO] - [2, 15, 29], [11]
[2025-01-30 00:12:12,928][__main__][INFO] - [2, 15, 30], [11]
[2025-01-30 00:12:12,946][__main__][INFO] - [2, 15, 31], [11]
[2025-01-30 00:12:12,964][__main__][INFO] - [2, 15, 32], [11]
[2025-01-30 00:12:12,983][__main__][INFO] - [2, 15, 33], [11]
[2025-01-30 00:12:13,001][__main__][INFO] - [2, 15, 34], [11]
[2025-01-30 00:12:13,019][__main__][INFO] - [2, 15, 35], [11]
[2025-01-30 00:12:13,050][__main__][INFO] - [2, 16, 21], [11]
[2025-01-30 00:12:13,069][__main__][INFO] - [2, 16, 22], [11]
[2025-01-30 00:12:13,087][__main__][INFO] - [2, 16, 23], [11]
[2025-01-30 00:12:13,144][__main__][INFO] - [2, 16, 27], [11]
[2025-01-30 00:12:13,163][__main__][INFO] - [2, 16, 28], [11]
[2025-01-30 00:12:13,181][__main__][INFO] - [2, 16, 29], [11]
[2025-01-30 00:12:13,200][__main__][INFO] - [2, 16, 30], [11]
[2025-01-30 00:12:13,218][__main__][INFO] - [2, 16, 31], [11]
[2025-01-30 00:12:13,236][__main__][INFO] - [2, 16, 32], [11]
[2025-01-30 00:12:13,254][__main__][INFO] - [2, 16, 33], [11]
[2025-01-30 00:12:13,271][__main__][INFO] - [2, 16, 34], [11]
[2025-01-30 00:12:13,290][__main__][INFO] - [2, 16, 35], [11]
[2025-01-30 00:12:13,321][__main__][INFO] - [2, 17, 21], [11]
[2025-01-30 00:12:13,340][__main__][INFO] - [2, 17, 22], [11]
[2025-01-30 00:12:13,357][__main__][INFO] - [2, 17, 23], [11]
[2025-01-30 00:12:13,375][__main__][INFO] - [2, 17, 24], [11]
[2025-01-30 00:12:13,393][__main__][INFO] - [2, 17, 25], [11]
[2025-01-30 00:12:13,411][__main__][INFO] - [2, 17, 26], [11]
[2025-01-30 00:12:13,430][__main__][INFO] - [2, 17, 27], [11]
[2025-01-30 00:12:13,449][__main__][INFO] - [2, 17, 28], [11]
[2025-01-30 00:12:13,467][__main__][INFO] - [2, 17, 29], [11]
[2025-01-30 00:12:13,485][__main__][INFO] - [2, 17, 30], [11]
[2025-01-30 00:12:13,502][__main__][INFO] - [2, 17, 31], [11]
[2025-01-30 00:12:13,520][__main__][INFO] - [2, 17, 32], [11]
[2025-01-30 00:12:13,538][__main__][INFO] - [2, 17, 33], [11]
[2025-01-30 00:12:13,556][__main__][INFO] - [2, 17, 34], [11]
[2025-01-30 00:12:13,574][__main__][INFO] - [2, 17, 35], [11]
[2025-01-30 00:12:13,605][__main__][INFO] - [2, 18, 21], [11]
[2025-01-30 00:12:13,623][__main__][INFO] - [2, 18, 22], [11]
[2025-01-30 00:12:13,759][__main__][INFO] - [2, 18, 32], [11]
[2025-01-30 00:12:13,803][__main__][INFO] - [2, 18, 35], [11]
[2025-01-30 00:12:13,835][__main__][INFO] - [2, 19, 21], [11]
[2025-01-30 00:12:13,853][__main__][INFO] - [2, 19, 22], [11]
[2025-01-30 00:12:13,872][__main__][INFO] - [2, 19, 23], [11]
[2025-01-30 00:12:13,967][__main__][INFO] - [2, 19, 30], [11]
[2025-01-30 00:12:14,038][__main__][INFO] - [2, 19, 35], [11]
[2025-01-30 00:12:14,082][__main__][INFO] - [2, 21, 26], [11]
[2025-01-30 00:12:14,101][__main__][INFO] - [2, 21, 27], [11]
[2025-01-30 00:12:14,120][__main__][INFO] - [2, 21, 28], [11]
[2025-01-30 00:12:14,138][__main__][INFO] - [2, 21, 29], [11]
[2025-01-30 00:12:14,156][__main__][INFO] - [2, 21, 30], [11]
[2025-01-30 00:12:14,174][__main__][INFO] - [2, 21, 31], [11]
[2025-01-30 00:12:14,192][__main__][INFO] - [2, 21, 32], [11]
[2025-01-30 00:12:14,211][__main__][INFO] - [2, 21, 33], [11]
[2025-01-30 00:12:14,229][__main__][INFO] - [2, 21, 34], [11]
[2025-01-30 00:12:14,247][__main__][INFO] - [2, 21, 35], [11]
[2025-01-30 00:12:14,279][__main__][INFO] - [2, 22, 26], [11]
[2025-01-30 00:12:14,298][__main__][INFO] - [2, 22, 27], [11]
[2025-01-30 00:12:14,316][__main__][INFO] - [2, 22, 28], [11]
[2025-01-30 00:12:14,334][__main__][INFO] - [2, 22, 29], [11]
[2025-01-30 00:12:14,352][__main__][INFO] - [2, 22, 30], [11]
[2025-01-30 00:12:14,371][__main__][INFO] - [2, 22, 31], [11]
[2025-01-30 00:12:14,389][__main__][INFO] - [2, 22, 32], [11]
[2025-01-30 00:12:14,408][__main__][INFO] - [2, 22, 33], [11]
[2025-01-30 00:12:14,426][__main__][INFO] - [2, 22, 34], [11]
[2025-01-30 00:12:14,444][__main__][INFO] - [2, 22, 35], [11]
[2025-01-30 00:12:14,475][__main__][INFO] - [2, 23, 26], [11]
[2025-01-30 00:12:14,493][__main__][INFO] - [2, 23, 27], [11]
[2025-01-30 00:12:14,511][__main__][INFO] - [2, 23, 28], [11]
[2025-01-30 00:12:14,529][__main__][INFO] - [2, 23, 29], [11]
[2025-01-30 00:12:14,548][__main__][INFO] - [2, 23, 30], [11]
[2025-01-30 00:12:14,566][__main__][INFO] - [2, 23, 31], [11]
[2025-01-30 00:12:14,585][__main__][INFO] - [2, 23, 32], [11]
[2025-01-30 00:12:14,606][__main__][INFO] - [2, 23, 33], [11]
[2025-01-30 00:12:14,625][__main__][INFO] - [2, 23, 34], [11]
[2025-01-30 00:12:14,644][__main__][INFO] - [2, 23, 35], [11]
[2025-01-30 00:12:14,701][__main__][INFO] - [2, 24, 28], [11]
[2025-01-30 00:12:14,719][__main__][INFO] - [2, 24, 29], [11]
[2025-01-30 00:12:14,737][__main__][INFO] - [2, 24, 30], [11]
[2025-01-30 00:12:14,755][__main__][INFO] - [2, 24, 31], [11]
[2025-01-30 00:12:14,773][__main__][INFO] - [2, 24, 32], [11]
[2025-01-30 00:12:14,791][__main__][INFO] - [2, 24, 33], [11]
[2025-01-30 00:12:14,809][__main__][INFO] - [2, 24, 34], [11]
[2025-01-30 00:12:14,828][__main__][INFO] - [2, 24, 35], [11]
[2025-01-30 00:12:14,975][__main__][INFO] - [2, 25, 35], [11]
[2025-01-30 00:12:15,019][__main__][INFO] - [2, 12, 21, 26], []
[2025-01-30 00:12:15,037][__main__][INFO] - [2, 12, 21, 27], []
[2025-01-30 00:12:15,055][__main__][INFO] - [2, 12, 21, 28], []
[2025-01-30 00:12:15,073][__main__][INFO] - [2, 12, 21, 29], []
[2025-01-30 00:12:15,092][__main__][INFO] - [2, 12, 21, 30], []
[2025-01-30 00:12:15,110][__main__][INFO] - [2, 12, 21, 31], []
[2025-01-30 00:12:15,129][__main__][INFO] - [2, 12, 21, 32], []
[2025-01-30 00:12:15,147][__main__][INFO] - [2, 12, 21, 33], []
[2025-01-30 00:12:15,165][__main__][INFO] - [2, 12, 21, 34], []
[2025-01-30 00:12:15,183][__main__][INFO] - [2, 12, 21, 35], []
[2025-01-30 00:12:15,214][__main__][INFO] - [2, 12, 22, 26], []
[2025-01-30 00:12:15,233][__main__][INFO] - [2, 12, 22, 27], []
[2025-01-30 00:12:15,250][__main__][INFO] - [2, 12, 22, 28], []
[2025-01-30 00:12:15,269][__main__][INFO] - [2, 12, 22, 29], []
[2025-01-30 00:12:15,287][__main__][INFO] - [2, 12, 22, 30], []
[2025-01-30 00:12:15,305][__main__][INFO] - [2, 12, 22, 31], []
[2025-01-30 00:12:15,322][__main__][INFO] - [2, 12, 22, 32], []
[2025-01-30 00:12:15,341][__main__][INFO] - [2, 12, 22, 33], []
[2025-01-30 00:12:15,359][__main__][INFO] - [2, 12, 22, 34], []
[2025-01-30 00:12:15,377][__main__][INFO] - [2, 12, 22, 35], []
[2025-01-30 00:12:15,409][__main__][INFO] - [2, 12, 23, 26], []
[2025-01-30 00:12:15,427][__main__][INFO] - [2, 12, 23, 27], []
[2025-01-30 00:12:15,445][__main__][INFO] - [2, 12, 23, 28], []
[2025-01-30 00:12:15,463][__main__][INFO] - [2, 12, 23, 29], []
[2025-01-30 00:12:15,481][__main__][INFO] - [2, 12, 23, 30], []
[2025-01-30 00:12:15,499][__main__][INFO] - [2, 12, 23, 31], []
[2025-01-30 00:12:15,517][__main__][INFO] - [2, 12, 23, 32], []
[2025-01-30 00:12:15,535][__main__][INFO] - [2, 12, 23, 33], []
[2025-01-30 00:12:15,553][__main__][INFO] - [2, 12, 23, 34], []
[2025-01-30 00:12:15,570][__main__][INFO] - [2, 12, 23, 35], []
[2025-01-30 00:12:15,680][__main__][INFO] - [2, 12, 24, 32], []
[2025-01-30 00:12:15,699][__main__][INFO] - [2, 12, 24, 33], []
[2025-01-30 00:12:15,730][__main__][INFO] - [2, 12, 24, 35], []
[2025-01-30 00:12:15,919][__main__][INFO] - [2, 13, 21, 26], []
[2025-01-30 00:12:15,938][__main__][INFO] - [2, 13, 21, 27], []
[2025-01-30 00:12:15,956][__main__][INFO] - [2, 13, 21, 28], []
[2025-01-30 00:12:15,975][__main__][INFO] - [2, 13, 21, 29], []
[2025-01-30 00:12:15,993][__main__][INFO] - [2, 13, 21, 30], []
[2025-01-30 00:12:16,011][__main__][INFO] - [2, 13, 21, 31], []
[2025-01-30 00:12:16,030][__main__][INFO] - [2, 13, 21, 32], []
[2025-01-30 00:12:16,048][__main__][INFO] - [2, 13, 21, 33], []
[2025-01-30 00:12:16,066][__main__][INFO] - [2, 13, 21, 34], []
[2025-01-30 00:12:16,084][__main__][INFO] - [2, 13, 21, 35], []
[2025-01-30 00:12:16,154][__main__][INFO] - [2, 13, 22, 29], []
[2025-01-30 00:12:16,237][__main__][INFO] - [2, 13, 22, 35], []
[2025-01-30 00:12:16,307][__main__][INFO] - [2, 13, 23, 29], []
[2025-01-30 00:12:16,390][__main__][INFO] - [2, 13, 23, 35], []
[2025-01-30 00:12:16,460][__main__][INFO] - [2, 14, 21, 26], []
[2025-01-30 00:12:16,478][__main__][INFO] - [2, 14, 21, 27], []
[2025-01-30 00:12:16,497][__main__][INFO] - [2, 14, 21, 28], []
[2025-01-30 00:12:16,514][__main__][INFO] - [2, 14, 21, 29], []
[2025-01-30 00:12:16,532][__main__][INFO] - [2, 14, 21, 30], []
[2025-01-30 00:12:16,550][__main__][INFO] - [2, 14, 21, 31], []
[2025-01-30 00:12:16,567][__main__][INFO] - [2, 14, 21, 32], []
[2025-01-30 00:12:16,585][__main__][INFO] - [2, 14, 21, 33], []
[2025-01-30 00:12:16,604][__main__][INFO] - [2, 14, 21, 34], []
[2025-01-30 00:12:16,622][__main__][INFO] - [2, 14, 21, 35], []
[2025-01-30 00:12:16,680][__main__][INFO] - [2, 14, 22, 28], []
[2025-01-30 00:12:16,698][__main__][INFO] - [2, 14, 22, 29], []
[2025-01-30 00:12:16,716][__main__][INFO] - [2, 14, 22, 30], []
[2025-01-30 00:12:16,734][__main__][INFO] - [2, 14, 22, 31], []
[2025-01-30 00:12:16,752][__main__][INFO] - [2, 14, 22, 32], []
[2025-01-30 00:12:16,784][__main__][INFO] - [2, 14, 22, 34], []
[2025-01-30 00:12:16,803][__main__][INFO] - [2, 14, 22, 35], []
[2025-01-30 00:12:16,951][__main__][INFO] - [2, 14, 23, 35], []
[2025-01-30 00:12:17,100][__main__][INFO] - [2, 14, 24, 35], []
[2025-01-30 00:12:17,156][__main__][INFO] - [2, 15, 21, 26], []
[2025-01-30 00:12:17,174][__main__][INFO] - [2, 15, 21, 27], []
[2025-01-30 00:12:17,192][__main__][INFO] - [2, 15, 21, 28], []
[2025-01-30 00:12:17,210][__main__][INFO] - [2, 15, 21, 29], []
[2025-01-30 00:12:17,228][__main__][INFO] - [2, 15, 21, 30], []
[2025-01-30 00:12:17,246][__main__][INFO] - [2, 15, 21, 31], []
[2025-01-30 00:12:17,264][__main__][INFO] - [2, 15, 21, 32], []
[2025-01-30 00:12:17,282][__main__][INFO] - [2, 15, 21, 33], []
[2025-01-30 00:12:17,300][__main__][INFO] - [2, 15, 21, 34], []
[2025-01-30 00:12:17,318][__main__][INFO] - [2, 15, 21, 35], []
[2025-01-30 00:12:17,350][__main__][INFO] - [2, 15, 22, 26], []
[2025-01-30 00:12:17,368][__main__][INFO] - [2, 15, 22, 27], []
[2025-01-30 00:12:17,386][__main__][INFO] - [2, 15, 22, 28], []
[2025-01-30 00:12:17,404][__main__][INFO] - [2, 15, 22, 29], []
[2025-01-30 00:12:17,422][__main__][INFO] - [2, 15, 22, 30], []
[2025-01-30 00:12:17,439][__main__][INFO] - [2, 15, 22, 31], []
[2025-01-30 00:12:17,457][__main__][INFO] - [2, 15, 22, 32], []
[2025-01-30 00:12:17,475][__main__][INFO] - [2, 15, 22, 33], []
[2025-01-30 00:12:17,493][__main__][INFO] - [2, 15, 22, 34], []
[2025-01-30 00:12:17,511][__main__][INFO] - [2, 15, 22, 35], []
[2025-01-30 00:12:17,541][__main__][INFO] - [2, 15, 23, 26], []
[2025-01-30 00:12:17,560][__main__][INFO] - [2, 15, 23, 27], []
[2025-01-30 00:12:17,578][__main__][INFO] - [2, 15, 23, 28], []
[2025-01-30 00:12:17,596][__main__][INFO] - [2, 15, 23, 29], []
[2025-01-30 00:12:17,614][__main__][INFO] - [2, 15, 23, 30], []
[2025-01-30 00:12:17,632][__main__][INFO] - [2, 15, 23, 31], []
[2025-01-30 00:12:17,650][__main__][INFO] - [2, 15, 23, 32], []
[2025-01-30 00:12:17,667][__main__][INFO] - [2, 15, 23, 33], []
[2025-01-30 00:12:17,686][__main__][INFO] - [2, 15, 23, 34], []
[2025-01-30 00:12:17,704][__main__][INFO] - [2, 15, 23, 35], []
[2025-01-30 00:12:17,851][__main__][INFO] - [2, 15, 24, 35], []
[2025-01-30 00:12:18,054][__main__][INFO] - [2, 16, 21, 27], []
[2025-01-30 00:12:18,085][__main__][INFO] - [2, 16, 21, 29], []
[2025-01-30 00:12:18,103][__main__][INFO] - [2, 16, 21, 30], []
[2025-01-30 00:12:18,121][__main__][INFO] - [2, 16, 21, 31], []
[2025-01-30 00:12:18,139][__main__][INFO] - [2, 16, 21, 32], []
[2025-01-30 00:12:18,157][__main__][INFO] - [2, 16, 21, 33], []
[2025-01-30 00:12:18,176][__main__][INFO] - [2, 16, 21, 34], []
[2025-01-30 00:12:18,194][__main__][INFO] - [2, 16, 21, 35], []
[2025-01-30 00:12:18,554][__main__][INFO] - [2, 17, 21, 26], []
[2025-01-30 00:12:18,573][__main__][INFO] - [2, 17, 21, 27], []
[2025-01-30 00:12:18,591][__main__][INFO] - [2, 17, 21, 28], []
[2025-01-30 00:12:18,609][__main__][INFO] - [2, 17, 21, 29], []
[2025-01-30 00:12:18,627][__main__][INFO] - [2, 17, 21, 30], []
[2025-01-30 00:12:18,644][__main__][INFO] - [2, 17, 21, 31], []
[2025-01-30 00:12:18,662][__main__][INFO] - [2, 17, 21, 32], []
[2025-01-30 00:12:18,680][__main__][INFO] - [2, 17, 21, 33], []
[2025-01-30 00:12:18,698][__main__][INFO] - [2, 17, 21, 34], []
[2025-01-30 00:12:18,716][__main__][INFO] - [2, 17, 21, 35], []
[2025-01-30 00:12:18,747][__main__][INFO] - [2, 17, 22, 26], []
[2025-01-30 00:12:18,765][__main__][INFO] - [2, 17, 22, 27], []
[2025-01-30 00:12:18,783][__main__][INFO] - [2, 17, 22, 28], []
[2025-01-30 00:12:18,801][__main__][INFO] - [2, 17, 22, 29], []
[2025-01-30 00:12:18,819][__main__][INFO] - [2, 17, 22, 30], []
[2025-01-30 00:12:18,837][__main__][INFO] - [2, 17, 22, 31], []
[2025-01-30 00:12:18,855][__main__][INFO] - [2, 17, 22, 32], []
[2025-01-30 00:12:18,874][__main__][INFO] - [2, 17, 22, 33], []
[2025-01-30 00:12:18,892][__main__][INFO] - [2, 17, 22, 34], []
[2025-01-30 00:12:18,909][__main__][INFO] - [2, 17, 22, 35], []
[2025-01-30 00:12:18,954][__main__][INFO] - [2, 17, 23, 27], []
[2025-01-30 00:12:18,972][__main__][INFO] - [2, 17, 23, 28], []
[2025-01-30 00:12:18,990][__main__][INFO] - [2, 17, 23, 29], []
[2025-01-30 00:12:19,008][__main__][INFO] - [2, 17, 23, 30], []
[2025-01-30 00:12:19,025][__main__][INFO] - [2, 17, 23, 31], []
[2025-01-30 00:12:19,044][__main__][INFO] - [2, 17, 23, 32], []
[2025-01-30 00:12:19,061][__main__][INFO] - [2, 17, 23, 33], []
[2025-01-30 00:12:19,080][__main__][INFO] - [2, 17, 23, 34], []
[2025-01-30 00:12:19,097][__main__][INFO] - [2, 17, 23, 35], []
[2025-01-30 00:12:19,550][__main__][INFO] - [2, 18, 21, 35], []
[2025-01-30 00:12:19,893][__main__][INFO] - [2, 19, 21, 35], []
[2025-01-30 00:12:20,184][__main__][INFO] - [2, 19, 23, 35], []
[2025-01-30 00:12:20,279][__main__][INFO] - [3, 10, 11, 12], []
[2025-01-30 00:12:20,297][__main__][INFO] - [3, 10, 11, 13], []
[2025-01-30 00:12:20,314][__main__][INFO] - [3, 10, 11, 14], []
[2025-01-30 00:12:20,331][__main__][INFO] - [3, 10, 11, 15], []
[2025-01-30 00:12:20,362][__main__][INFO] - [3, 10, 11, 17], []
[2025-01-30 00:12:20,419][__main__][INFO] - [3, 10, 11, 21], []
[2025-01-30 00:12:20,436][__main__][INFO] - [3, 10, 11, 22], []
[2025-01-30 00:12:20,454][__main__][INFO] - [3, 10, 11, 23], []
[2025-01-30 00:12:20,498][__main__][INFO] - [3, 10, 11, 26], []
[2025-01-30 00:12:20,515][__main__][INFO] - [3, 10, 11, 27], []
[2025-01-30 00:12:20,533][__main__][INFO] - [3, 10, 11, 28], []
[2025-01-30 00:12:20,551][__main__][INFO] - [3, 10, 11, 29], []
[2025-01-30 00:12:20,568][__main__][INFO] - [3, 10, 11, 30], []
[2025-01-30 00:12:20,586][__main__][INFO] - [3, 10, 11, 31], []
[2025-01-30 00:12:20,603][__main__][INFO] - [3, 10, 11, 32], []
[2025-01-30 00:12:20,621][__main__][INFO] - [3, 10, 11, 33], []
[2025-01-30 00:12:20,638][__main__][INFO] - [3, 10, 11, 34], []
[2025-01-30 00:12:20,656][__main__][INFO] - [3, 10, 11, 35], []
[2025-01-30 00:12:20,686][__main__][INFO] - [3, 10, 12], [11]
[2025-01-30 00:12:20,704][__main__][INFO] - [3, 10, 13], [11]
[2025-01-30 00:12:20,722][__main__][INFO] - [3, 10, 14], [11]
[2025-01-30 00:12:20,740][__main__][INFO] - [3, 10, 15], [11]
[2025-01-30 00:12:20,758][__main__][INFO] - [3, 10, 16], [11]
[2025-01-30 00:12:20,775][__main__][INFO] - [3, 10, 17], [11]
[2025-01-30 00:12:20,793][__main__][INFO] - [3, 10, 18], [11]
[2025-01-30 00:12:20,810][__main__][INFO] - [3, 10, 19], [11]
[2025-01-30 00:12:20,841][__main__][INFO] - [3, 10, 21], [11]
[2025-01-30 00:12:20,860][__main__][INFO] - [3, 10, 22], [11]
[2025-01-30 00:12:20,878][__main__][INFO] - [3, 10, 23], [11]
[2025-01-30 00:12:20,896][__main__][INFO] - [3, 10, 24], [11]
[2025-01-30 00:12:20,913][__main__][INFO] - [3, 10, 25], [11]
[2025-01-30 00:12:20,931][__main__][INFO] - [3, 10, 26], [11]
[2025-01-30 00:12:20,948][__main__][INFO] - [3, 10, 27], [11]
[2025-01-30 00:12:20,966][__main__][INFO] - [3, 10, 28], [11]
[2025-01-30 00:12:20,984][__main__][INFO] - [3, 10, 29], [11]
[2025-01-30 00:12:21,001][__main__][INFO] - [3, 10, 30], [11]
[2025-01-30 00:12:21,019][__main__][INFO] - [3, 10, 31], [11]
[2025-01-30 00:12:21,036][__main__][INFO] - [3, 10, 32], [11]
[2025-01-30 00:12:21,054][__main__][INFO] - [3, 10, 33], [11]
[2025-01-30 00:12:21,072][__main__][INFO] - [3, 10, 34], [11]
[2025-01-30 00:12:21,090][__main__][INFO] - [3, 10, 35], [11]
[2025-01-30 00:12:21,120][__main__][INFO] - [3, 10, 12, 21], []
[2025-01-30 00:12:21,139][__main__][INFO] - [3, 10, 12, 22], []
[2025-01-30 00:12:21,156][__main__][INFO] - [3, 10, 12, 23], []
[2025-01-30 00:12:21,173][__main__][INFO] - [3, 10, 12, 24], []
[2025-01-30 00:12:21,203][__main__][INFO] - [3, 10, 12, 26], []
[2025-01-30 00:12:21,220][__main__][INFO] - [3, 10, 12, 27], []
[2025-01-30 00:12:21,238][__main__][INFO] - [3, 10, 12, 28], []
[2025-01-30 00:12:21,256][__main__][INFO] - [3, 10, 12, 29], []
[2025-01-30 00:12:21,274][__main__][INFO] - [3, 10, 12, 30], []
[2025-01-30 00:12:21,292][__main__][INFO] - [3, 10, 12, 31], []
[2025-01-30 00:12:21,310][__main__][INFO] - [3, 10, 12, 32], []
[2025-01-30 00:12:21,327][__main__][INFO] - [3, 10, 12, 33], []
[2025-01-30 00:12:21,344][__main__][INFO] - [3, 10, 12, 34], []
[2025-01-30 00:12:21,362][__main__][INFO] - [3, 10, 12, 35], []
[2025-01-30 00:12:21,392][__main__][INFO] - [3, 10, 13, 21], []
[2025-01-30 00:12:21,410][__main__][INFO] - [3, 10, 13, 22], []
[2025-01-30 00:12:21,428][__main__][INFO] - [3, 10, 13, 23], []
[2025-01-30 00:12:21,471][__main__][INFO] - [3, 10, 13, 26], []
[2025-01-30 00:12:21,489][__main__][INFO] - [3, 10, 13, 27], []
[2025-01-30 00:12:21,507][__main__][INFO] - [3, 10, 13, 28], []
[2025-01-30 00:12:21,525][__main__][INFO] - [3, 10, 13, 29], []
[2025-01-30 00:12:21,543][__main__][INFO] - [3, 10, 13, 30], []
[2025-01-30 00:12:21,560][__main__][INFO] - [3, 10, 13, 31], []
[2025-01-30 00:12:21,577][__main__][INFO] - [3, 10, 13, 32], []
[2025-01-30 00:12:21,595][__main__][INFO] - [3, 10, 13, 33], []
[2025-01-30 00:12:21,612][__main__][INFO] - [3, 10, 13, 34], []
[2025-01-30 00:12:21,630][__main__][INFO] - [3, 10, 13, 35], []
[2025-01-30 00:12:21,660][__main__][INFO] - [3, 10, 14, 21], []
[2025-01-30 00:12:21,678][__main__][INFO] - [3, 10, 14, 22], []
[2025-01-30 00:12:21,696][__main__][INFO] - [3, 10, 14, 23], []
[2025-01-30 00:12:21,714][__main__][INFO] - [3, 10, 14, 24], []
[2025-01-30 00:12:21,758][__main__][INFO] - [3, 10, 14, 27], []
[2025-01-30 00:12:21,776][__main__][INFO] - [3, 10, 14, 28], []
[2025-01-30 00:12:21,793][__main__][INFO] - [3, 10, 14, 29], []
[2025-01-30 00:12:21,811][__main__][INFO] - [3, 10, 14, 30], []
[2025-01-30 00:12:21,829][__main__][INFO] - [3, 10, 14, 31], []
[2025-01-30 00:12:21,846][__main__][INFO] - [3, 10, 14, 32], []
[2025-01-30 00:12:21,864][__main__][INFO] - [3, 10, 14, 33], []
[2025-01-30 00:12:21,882][__main__][INFO] - [3, 10, 14, 34], []
[2025-01-30 00:12:21,899][__main__][INFO] - [3, 10, 14, 35], []
[2025-01-30 00:12:21,931][__main__][INFO] - [3, 10, 15, 21], []
[2025-01-30 00:12:21,949][__main__][INFO] - [3, 10, 15, 22], []
[2025-01-30 00:12:21,967][__main__][INFO] - [3, 10, 15, 23], []
[2025-01-30 00:12:21,985][__main__][INFO] - [3, 10, 15, 24], []
[2025-01-30 00:12:22,003][__main__][INFO] - [3, 10, 15, 25], []
[2025-01-30 00:12:22,020][__main__][INFO] - [3, 10, 15, 26], []
[2025-01-30 00:12:22,038][__main__][INFO] - [3, 10, 15, 27], []
[2025-01-30 00:12:22,056][__main__][INFO] - [3, 10, 15, 28], []
[2025-01-30 00:12:22,075][__main__][INFO] - [3, 10, 15, 29], []
[2025-01-30 00:12:22,093][__main__][INFO] - [3, 10, 15, 30], []
[2025-01-30 00:12:22,111][__main__][INFO] - [3, 10, 15, 31], []
[2025-01-30 00:12:22,129][__main__][INFO] - [3, 10, 15, 32], []
[2025-01-30 00:12:22,147][__main__][INFO] - [3, 10, 15, 33], []
[2025-01-30 00:12:22,164][__main__][INFO] - [3, 10, 15, 34], []
[2025-01-30 00:12:22,182][__main__][INFO] - [3, 10, 15, 35], []
[2025-01-30 00:12:22,212][__main__][INFO] - [3, 10, 16, 21], []
[2025-01-30 00:12:22,398][__main__][INFO] - [3, 10, 16, 35], []
[2025-01-30 00:12:22,429][__main__][INFO] - [3, 10, 17, 21], []
[2025-01-30 00:12:22,448][__main__][INFO] - [3, 10, 17, 22], []
[2025-01-30 00:12:22,466][__main__][INFO] - [3, 10, 17, 23], []
[2025-01-30 00:12:22,510][__main__][INFO] - [3, 10, 17, 26], []
[2025-01-30 00:12:22,528][__main__][INFO] - [3, 10, 17, 27], []
[2025-01-30 00:12:22,546][__main__][INFO] - [3, 10, 17, 28], []
[2025-01-30 00:12:22,564][__main__][INFO] - [3, 10, 17, 29], []
[2025-01-30 00:12:22,582][__main__][INFO] - [3, 10, 17, 30], []
[2025-01-30 00:12:22,599][__main__][INFO] - [3, 10, 17, 31], []
[2025-01-30 00:12:22,617][__main__][INFO] - [3, 10, 17, 32], []
[2025-01-30 00:12:22,636][__main__][INFO] - [3, 10, 17, 33], []
[2025-01-30 00:12:22,653][__main__][INFO] - [3, 10, 17, 34], []
[2025-01-30 00:12:22,671][__main__][INFO] - [3, 10, 17, 35], []
[2025-01-30 00:12:22,702][__main__][INFO] - [3, 10, 18, 21], []
[2025-01-30 00:12:22,913][__main__][INFO] - [3, 10, 19, 21], []
[2025-01-30 00:12:23,101][__main__][INFO] - [3, 10, 19, 35], []
[2025-01-30 00:12:23,145][__main__][INFO] - [3, 10, 21, 26], []
[2025-01-30 00:12:23,164][__main__][INFO] - [3, 10, 21, 27], []
[2025-01-30 00:12:23,181][__main__][INFO] - [3, 10, 21, 28], []
[2025-01-30 00:12:23,200][__main__][INFO] - [3, 10, 21, 29], []
[2025-01-30 00:12:23,218][__main__][INFO] - [3, 10, 21, 30], []
[2025-01-30 00:12:23,236][__main__][INFO] - [3, 10, 21, 31], []
[2025-01-30 00:12:23,254][__main__][INFO] - [3, 10, 21, 32], []
[2025-01-30 00:12:23,272][__main__][INFO] - [3, 10, 21, 33], []
[2025-01-30 00:12:23,291][__main__][INFO] - [3, 10, 21, 34], []
[2025-01-30 00:12:23,309][__main__][INFO] - [3, 10, 21, 35], []
[2025-01-30 00:12:23,341][__main__][INFO] - [3, 10, 22, 26], []
[2025-01-30 00:12:23,359][__main__][INFO] - [3, 10, 22, 27], []
[2025-01-30 00:12:23,378][__main__][INFO] - [3, 10, 22, 28], []
[2025-01-30 00:12:23,396][__main__][INFO] - [3, 10, 22, 29], []
[2025-01-30 00:12:23,414][__main__][INFO] - [3, 10, 22, 30], []
[2025-01-30 00:12:23,432][__main__][INFO] - [3, 10, 22, 31], []
[2025-01-30 00:12:23,451][__main__][INFO] - [3, 10, 22, 32], []
[2025-01-30 00:12:23,469][__main__][INFO] - [3, 10, 22, 33], []
[2025-01-30 00:12:23,486][__main__][INFO] - [3, 10, 22, 34], []
[2025-01-30 00:12:23,504][__main__][INFO] - [3, 10, 22, 35], []
[2025-01-30 00:12:23,536][__main__][INFO] - [3, 10, 23, 26], []
[2025-01-30 00:12:23,554][__main__][INFO] - [3, 10, 23, 27], []
[2025-01-30 00:12:23,572][__main__][INFO] - [3, 10, 23, 28], []
[2025-01-30 00:12:23,591][__main__][INFO] - [3, 10, 23, 29], []
[2025-01-30 00:12:23,609][__main__][INFO] - [3, 10, 23, 30], []
[2025-01-30 00:12:23,627][__main__][INFO] - [3, 10, 23, 31], []
[2025-01-30 00:12:23,645][__main__][INFO] - [3, 10, 23, 32], []
[2025-01-30 00:12:23,663][__main__][INFO] - [3, 10, 23, 33], []
[2025-01-30 00:12:23,680][__main__][INFO] - [3, 10, 23, 34], []
[2025-01-30 00:12:23,699][__main__][INFO] - [3, 10, 23, 35], []
[2025-01-30 00:12:23,756][__main__][INFO] - [3, 10, 24, 28], []
[2025-01-30 00:12:23,801][__main__][INFO] - [3, 10, 24, 31], []
[2025-01-30 00:12:23,819][__main__][INFO] - [3, 10, 24, 32], []
[2025-01-30 00:12:23,838][__main__][INFO] - [3, 10, 24, 33], []
[2025-01-30 00:12:23,869][__main__][INFO] - [3, 10, 24, 35], []
[2025-01-30 00:12:24,018][__main__][INFO] - [3, 10, 25, 35], []
[2025-01-30 00:12:24,063][__main__][INFO] - [3, 11, 12], [10]
[2025-01-30 00:12:24,080][__main__][INFO] - [3, 11, 13], [10]
[2025-01-30 00:12:24,098][__main__][INFO] - [3, 11, 14], [10]
[2025-01-30 00:12:24,115][__main__][INFO] - [3, 11, 15], [10]
[2025-01-30 00:12:24,146][__main__][INFO] - [3, 11, 17], [10]
[2025-01-30 00:12:24,203][__main__][INFO] - [3, 11, 21], [10]
[2025-01-30 00:12:24,221][__main__][INFO] - [3, 11, 22], [10]
[2025-01-30 00:12:24,238][__main__][INFO] - [3, 11, 23], [10]
[2025-01-30 00:12:24,296][__main__][INFO] - [3, 11, 27], [10]
[2025-01-30 00:12:24,313][__main__][INFO] - [3, 11, 28], [10]
[2025-01-30 00:12:24,331][__main__][INFO] - [3, 11, 29], [10]
[2025-01-30 00:12:24,349][__main__][INFO] - [3, 11, 30], [10]
[2025-01-30 00:12:24,366][__main__][INFO] - [3, 11, 31], [10]
[2025-01-30 00:12:24,384][__main__][INFO] - [3, 11, 32], [10]
[2025-01-30 00:12:24,402][__main__][INFO] - [3, 11, 33], [10]
[2025-01-30 00:12:24,419][__main__][INFO] - [3, 11, 34], [10]
[2025-01-30 00:12:24,437][__main__][INFO] - [3, 11, 35], [10]
[2025-01-30 00:12:24,467][__main__][INFO] - [3, 12], [10, 11]
[2025-01-30 00:12:24,485][__main__][INFO] - [3, 13], [10, 11]
[2025-01-30 00:12:24,504][__main__][INFO] - [3, 14], [10, 11]
[2025-01-30 00:12:24,521][__main__][INFO] - [3, 15], [10, 11]
[2025-01-30 00:12:24,539][__main__][INFO] - [3, 16], [10, 11]
[2025-01-30 00:12:24,556][__main__][INFO] - [3, 17], [10, 11]
[2025-01-30 00:12:24,574][__main__][INFO] - [3, 18], [10, 11]
[2025-01-30 00:12:24,592][__main__][INFO] - [3, 19], [10, 11]
[2025-01-30 00:12:24,623][__main__][INFO] - [3, 21], [10, 11]
[2025-01-30 00:12:24,642][__main__][INFO] - [3, 22], [10, 11]
[2025-01-30 00:12:24,660][__main__][INFO] - [3, 23], [10, 11]
[2025-01-30 00:12:24,678][__main__][INFO] - [3, 24], [10, 11]
[2025-01-30 00:12:24,695][__main__][INFO] - [3, 25], [10, 11]
[2025-01-30 00:12:24,714][__main__][INFO] - [3, 26], [10, 11]
[2025-01-30 00:12:24,731][__main__][INFO] - [3, 27], [10, 11]
[2025-01-30 00:12:24,749][__main__][INFO] - [3, 28], [10, 11]
[2025-01-30 00:12:24,767][__main__][INFO] - [3, 29], [10, 11]
[2025-01-30 00:12:24,785][__main__][INFO] - [3, 30], [10, 11]
[2025-01-30 00:12:24,803][__main__][INFO] - [3, 31], [10, 11]
[2025-01-30 00:12:24,820][__main__][INFO] - [3, 32], [10, 11]
[2025-01-30 00:12:24,838][__main__][INFO] - [3, 33], [10, 11]
[2025-01-30 00:12:24,856][__main__][INFO] - [3, 34], [10, 11]
[2025-01-30 00:12:24,873][__main__][INFO] - [3, 35], [10, 11]
[2025-01-30 00:12:24,905][__main__][INFO] - [3, 12, 21], [10]
[2025-01-30 00:12:24,924][__main__][INFO] - [3, 12, 22], [10]
[2025-01-30 00:12:24,942][__main__][INFO] - [3, 12, 23], [10]
[2025-01-30 00:12:24,960][__main__][INFO] - [3, 12, 24], [10]
[2025-01-30 00:12:24,978][__main__][INFO] - [3, 12, 25], [10]
[2025-01-30 00:12:24,996][__main__][INFO] - [3, 12, 26], [10]
[2025-01-30 00:12:25,013][__main__][INFO] - [3, 12, 27], [10]
[2025-01-30 00:12:25,031][__main__][INFO] - [3, 12, 28], [10]
[2025-01-30 00:12:25,048][__main__][INFO] - [3, 12, 29], [10]
[2025-01-30 00:12:25,066][__main__][INFO] - [3, 12, 30], [10]
[2025-01-30 00:12:25,084][__main__][INFO] - [3, 12, 31], [10]
[2025-01-30 00:12:25,102][__main__][INFO] - [3, 12, 32], [10]
[2025-01-30 00:12:25,120][__main__][INFO] - [3, 12, 33], [10]
[2025-01-30 00:12:25,139][__main__][INFO] - [3, 12, 34], [10]
[2025-01-30 00:12:25,156][__main__][INFO] - [3, 12, 35], [10]
[2025-01-30 00:12:25,187][__main__][INFO] - [3, 13, 21], [10]
[2025-01-30 00:12:25,205][__main__][INFO] - [3, 13, 22], [10]
[2025-01-30 00:12:25,223][__main__][INFO] - [3, 13, 23], [10]
[2025-01-30 00:12:25,280][__main__][INFO] - [3, 13, 27], [10]
[2025-01-30 00:12:25,299][__main__][INFO] - [3, 13, 28], [10]
[2025-01-30 00:12:25,316][__main__][INFO] - [3, 13, 29], [10]
[2025-01-30 00:12:25,334][__main__][INFO] - [3, 13, 30], [10]
[2025-01-30 00:12:25,352][__main__][INFO] - [3, 13, 31], [10]
[2025-01-30 00:12:25,370][__main__][INFO] - [3, 13, 32], [10]
[2025-01-30 00:12:25,387][__main__][INFO] - [3, 13, 33], [10]
[2025-01-30 00:12:25,405][__main__][INFO] - [3, 13, 34], [10]
[2025-01-30 00:12:25,422][__main__][INFO] - [3, 13, 35], [10]
[2025-01-30 00:12:25,453][__main__][INFO] - [3, 14, 21], [10]
[2025-01-30 00:12:25,472][__main__][INFO] - [3, 14, 22], [10]
[2025-01-30 00:12:25,490][__main__][INFO] - [3, 14, 23], [10]
[2025-01-30 00:12:25,508][__main__][INFO] - [3, 14, 24], [10]
[2025-01-30 00:12:25,539][__main__][INFO] - [3, 14, 26], [10]
[2025-01-30 00:12:25,557][__main__][INFO] - [3, 14, 27], [10]
[2025-01-30 00:12:25,575][__main__][INFO] - [3, 14, 28], [10]
[2025-01-30 00:12:25,594][__main__][INFO] - [3, 14, 29], [10]
[2025-01-30 00:12:25,612][__main__][INFO] - [3, 14, 30], [10]
[2025-01-30 00:12:25,630][__main__][INFO] - [3, 14, 31], [10]
[2025-01-30 00:12:25,648][__main__][INFO] - [3, 14, 32], [10]
[2025-01-30 00:12:25,666][__main__][INFO] - [3, 14, 33], [10]
[2025-01-30 00:12:25,684][__main__][INFO] - [3, 14, 34], [10]
[2025-01-30 00:12:25,701][__main__][INFO] - [3, 14, 35], [10]
[2025-01-30 00:12:25,732][__main__][INFO] - [3, 15, 21], [10]
[2025-01-30 00:12:25,750][__main__][INFO] - [3, 15, 22], [10]
[2025-01-30 00:12:25,768][__main__][INFO] - [3, 15, 23], [10]
[2025-01-30 00:12:25,786][__main__][INFO] - [3, 15, 24], [10]
[2025-01-30 00:12:25,817][__main__][INFO] - [3, 15, 26], [10]
[2025-01-30 00:12:25,835][__main__][INFO] - [3, 15, 27], [10]
[2025-01-30 00:12:25,852][__main__][INFO] - [3, 15, 28], [10]
[2025-01-30 00:12:25,869][__main__][INFO] - [3, 15, 29], [10]
[2025-01-30 00:12:25,887][__main__][INFO] - [3, 15, 30], [10]
[2025-01-30 00:12:25,905][__main__][INFO] - [3, 15, 31], [10]
[2025-01-30 00:12:25,923][__main__][INFO] - [3, 15, 32], [10]
[2025-01-30 00:12:25,941][__main__][INFO] - [3, 15, 33], [10]
[2025-01-30 00:12:25,959][__main__][INFO] - [3, 15, 34], [10]
[2025-01-30 00:12:25,977][__main__][INFO] - [3, 15, 35], [10]
[2025-01-30 00:12:26,008][__main__][INFO] - [3, 16, 21], [10]
[2025-01-30 00:12:26,026][__main__][INFO] - [3, 16, 22], [10]
[2025-01-30 00:12:26,162][__main__][INFO] - [3, 16, 32], [10]
[2025-01-30 00:12:26,205][__main__][INFO] - [3, 16, 35], [10]
[2025-01-30 00:12:26,236][__main__][INFO] - [3, 17, 21], [10]
[2025-01-30 00:12:26,255][__main__][INFO] - [3, 17, 22], [10]
[2025-01-30 00:12:26,273][__main__][INFO] - [3, 17, 23], [10]
[2025-01-30 00:12:26,291][__main__][INFO] - [3, 17, 24], [10]
[2025-01-30 00:12:26,322][__main__][INFO] - [3, 17, 26], [10]
[2025-01-30 00:12:26,339][__main__][INFO] - [3, 17, 27], [10]
[2025-01-30 00:12:26,358][__main__][INFO] - [3, 17, 28], [10]
[2025-01-30 00:12:26,376][__main__][INFO] - [3, 17, 29], [10]
[2025-01-30 00:12:26,394][__main__][INFO] - [3, 17, 30], [10]
[2025-01-30 00:12:26,412][__main__][INFO] - [3, 17, 31], [10]
[2025-01-30 00:12:26,430][__main__][INFO] - [3, 17, 32], [10]
[2025-01-30 00:12:26,448][__main__][INFO] - [3, 17, 33], [10]
[2025-01-30 00:12:26,466][__main__][INFO] - [3, 17, 34], [10]
[2025-01-30 00:12:26,484][__main__][INFO] - [3, 17, 35], [10]
[2025-01-30 00:12:26,516][__main__][INFO] - [3, 18, 21], [10]
[2025-01-30 00:12:26,729][__main__][INFO] - [3, 19, 21], [10]
[2025-01-30 00:12:26,761][__main__][INFO] - [3, 19, 23], [10]
[2025-01-30 00:12:26,923][__main__][INFO] - [3, 19, 35], [10]
[2025-01-30 00:12:26,968][__main__][INFO] - [3, 21, 26], [10]
[2025-01-30 00:12:26,987][__main__][INFO] - [3, 21, 27], [10]
[2025-01-30 00:12:27,006][__main__][INFO] - [3, 21, 28], [10]
[2025-01-30 00:12:27,024][__main__][INFO] - [3, 21, 29], [10]
[2025-01-30 00:12:27,043][__main__][INFO] - [3, 21, 30], [10]
[2025-01-30 00:12:27,061][__main__][INFO] - [3, 21, 31], [10]
[2025-01-30 00:12:27,080][__main__][INFO] - [3, 21, 32], [10]
[2025-01-30 00:12:27,098][__main__][INFO] - [3, 21, 33], [10]
[2025-01-30 00:12:27,116][__main__][INFO] - [3, 21, 34], [10]
[2025-01-30 00:12:27,134][__main__][INFO] - [3, 21, 35], [10]
[2025-01-30 00:12:27,166][__main__][INFO] - [3, 22, 26], [10]
[2025-01-30 00:12:27,184][__main__][INFO] - [3, 22, 27], [10]
[2025-01-30 00:12:27,203][__main__][INFO] - [3, 22, 28], [10]
[2025-01-30 00:12:27,221][__main__][INFO] - [3, 22, 29], [10]
[2025-01-30 00:12:27,239][__main__][INFO] - [3, 22, 30], [10]
[2025-01-30 00:12:27,257][__main__][INFO] - [3, 22, 31], [10]
[2025-01-30 00:12:27,276][__main__][INFO] - [3, 22, 32], [10]
[2025-01-30 00:12:27,294][__main__][INFO] - [3, 22, 33], [10]
[2025-01-30 00:12:27,312][__main__][INFO] - [3, 22, 34], [10]
[2025-01-30 00:12:27,330][__main__][INFO] - [3, 22, 35], [10]
[2025-01-30 00:12:27,361][__main__][INFO] - [3, 23, 26], [10]
[2025-01-30 00:12:27,379][__main__][INFO] - [3, 23, 27], [10]
[2025-01-30 00:12:27,397][__main__][INFO] - [3, 23, 28], [10]
[2025-01-30 00:12:27,415][__main__][INFO] - [3, 23, 29], [10]
[2025-01-30 00:12:27,434][__main__][INFO] - [3, 23, 30], [10]
[2025-01-30 00:12:27,451][__main__][INFO] - [3, 23, 31], [10]
[2025-01-30 00:12:27,470][__main__][INFO] - [3, 23, 32], [10]
[2025-01-30 00:12:27,487][__main__][INFO] - [3, 23, 33], [10]
[2025-01-30 00:12:27,505][__main__][INFO] - [3, 23, 34], [10]
[2025-01-30 00:12:27,523][__main__][INFO] - [3, 23, 35], [10]
[2025-01-30 00:12:27,646][__main__][INFO] - [3, 24, 33], [10]
[2025-01-30 00:12:27,678][__main__][INFO] - [3, 24, 35], [10]
[2025-01-30 00:12:27,829][__main__][INFO] - [3, 25, 35], [10]
[2025-01-30 00:12:27,872][__main__][INFO] - [3, 11, 12, 21], []
[2025-01-30 00:12:27,891][__main__][INFO] - [3, 11, 12, 22], []
[2025-01-30 00:12:27,910][__main__][INFO] - [3, 11, 12, 23], []
[2025-01-30 00:12:27,954][__main__][INFO] - [3, 11, 12, 26], []
[2025-01-30 00:12:27,972][__main__][INFO] - [3, 11, 12, 27], []
[2025-01-30 00:12:27,991][__main__][INFO] - [3, 11, 12, 28], []
[2025-01-30 00:12:28,009][__main__][INFO] - [3, 11, 12, 29], []
[2025-01-30 00:12:28,027][__main__][INFO] - [3, 11, 12, 30], []
[2025-01-30 00:12:28,044][__main__][INFO] - [3, 11, 12, 31], []
[2025-01-30 00:12:28,062][__main__][INFO] - [3, 11, 12, 32], []
[2025-01-30 00:12:28,079][__main__][INFO] - [3, 11, 12, 33], []
[2025-01-30 00:12:28,097][__main__][INFO] - [3, 11, 12, 34], []
[2025-01-30 00:12:28,115][__main__][INFO] - [3, 11, 12, 35], []
[2025-01-30 00:12:28,146][__main__][INFO] - [3, 11, 13, 21], []
[2025-01-30 00:12:28,255][__main__][INFO] - [3, 11, 13, 29], []
[2025-01-30 00:12:28,339][__main__][INFO] - [3, 11, 13, 35], []
[2025-01-30 00:12:28,370][__main__][INFO] - [3, 11, 14, 21], []
[2025-01-30 00:12:28,557][__main__][INFO] - [3, 11, 14, 35], []
[2025-01-30 00:12:28,588][__main__][INFO] - [3, 11, 15, 21], []
[2025-01-30 00:12:28,606][__main__][INFO] - [3, 11, 15, 22], []
[2025-01-30 00:12:28,624][__main__][INFO] - [3, 11, 15, 23], []
[2025-01-30 00:12:28,760][__main__][INFO] - [3, 11, 15, 33], []
[2025-01-30 00:12:28,791][__main__][INFO] - [3, 11, 15, 35], []
[2025-01-30 00:12:28,834][__main__][INFO] - [3, 11, 17, 21], []
[2025-01-30 00:12:28,852][__main__][INFO] - [3, 11, 17, 22], []
[2025-01-30 00:12:28,870][__main__][INFO] - [3, 11, 17, 23], []
[2025-01-30 00:12:28,940][__main__][INFO] - [3, 11, 17, 28], []
[2025-01-30 00:12:28,958][__main__][INFO] - [3, 11, 17, 29], []
[2025-01-30 00:12:29,041][__main__][INFO] - [3, 11, 17, 35], []
[2025-01-30 00:12:29,112][__main__][INFO] - [3, 11, 21, 26], []
[2025-01-30 00:12:29,130][__main__][INFO] - [3, 11, 21, 27], []
[2025-01-30 00:12:29,148][__main__][INFO] - [3, 11, 21, 28], []
[2025-01-30 00:12:29,166][__main__][INFO] - [3, 11, 21, 29], []
[2025-01-30 00:12:29,184][__main__][INFO] - [3, 11, 21, 30], []
[2025-01-30 00:12:29,202][__main__][INFO] - [3, 11, 21, 31], []
[2025-01-30 00:12:29,220][__main__][INFO] - [3, 11, 21, 32], []
[2025-01-30 00:12:29,238][__main__][INFO] - [3, 11, 21, 33], []
[2025-01-30 00:12:29,256][__main__][INFO] - [3, 11, 21, 34], []
[2025-01-30 00:12:29,274][__main__][INFO] - [3, 11, 21, 35], []
[2025-01-30 00:12:29,331][__main__][INFO] - [3, 11, 22, 28], []
[2025-01-30 00:12:29,350][__main__][INFO] - [3, 11, 22, 29], []
[2025-01-30 00:12:29,367][__main__][INFO] - [3, 11, 22, 30], []
[2025-01-30 00:12:29,383][__main__][INFO] - [3, 11, 22, 31], []
[2025-01-30 00:12:29,440][__main__][INFO] - [3, 11, 22, 35], []
[2025-01-30 00:12:29,484][__main__][INFO] - [3, 11, 23, 27], []
[2025-01-30 00:12:29,516][__main__][INFO] - [3, 11, 23, 29], []
[2025-01-30 00:12:29,548][__main__][INFO] - [3, 11, 23, 31], []
[2025-01-30 00:12:29,566][__main__][INFO] - [3, 11, 23, 32], []
[2025-01-30 00:12:29,584][__main__][INFO] - [3, 11, 23, 33], []
[2025-01-30 00:12:29,616][__main__][INFO] - [3, 11, 23, 35], []
[2025-01-30 00:12:29,686][__main__][INFO] - [3, 12, 21], [11]
[2025-01-30 00:12:29,705][__main__][INFO] - [3, 12, 22], [11]
[2025-01-30 00:12:29,724][__main__][INFO] - [3, 12, 23], [11]
[2025-01-30 00:12:29,741][__main__][INFO] - [3, 12, 24], [11]
[2025-01-30 00:12:29,759][__main__][INFO] - [3, 12, 25], [11]
[2025-01-30 00:12:29,778][__main__][INFO] - [3, 12, 26], [11]
[2025-01-30 00:12:29,796][__main__][INFO] - [3, 12, 27], [11]
[2025-01-30 00:12:29,814][__main__][INFO] - [3, 12, 28], [11]
[2025-01-30 00:12:29,832][__main__][INFO] - [3, 12, 29], [11]
[2025-01-30 00:12:29,849][__main__][INFO] - [3, 12, 30], [11]
[2025-01-30 00:12:29,867][__main__][INFO] - [3, 12, 31], [11]
[2025-01-30 00:12:29,885][__main__][INFO] - [3, 12, 32], [11]
[2025-01-30 00:12:29,903][__main__][INFO] - [3, 12, 33], [11]
[2025-01-30 00:12:29,920][__main__][INFO] - [3, 12, 34], [11]
[2025-01-30 00:12:29,938][__main__][INFO] - [3, 12, 35], [11]
[2025-01-30 00:12:29,969][__main__][INFO] - [3, 13, 21], [11]
[2025-01-30 00:12:29,988][__main__][INFO] - [3, 13, 22], [11]
[2025-01-30 00:12:30,005][__main__][INFO] - [3, 13, 23], [11]
[2025-01-30 00:12:30,024][__main__][INFO] - [3, 13, 24], [11]
[2025-01-30 00:12:30,054][__main__][INFO] - [3, 13, 26], [11]
[2025-01-30 00:12:30,072][__main__][INFO] - [3, 13, 27], [11]
[2025-01-30 00:12:30,090][__main__][INFO] - [3, 13, 28], [11]
[2025-01-30 00:12:30,107][__main__][INFO] - [3, 13, 29], [11]
[2025-01-30 00:12:30,125][__main__][INFO] - [3, 13, 30], [11]
[2025-01-30 00:12:30,143][__main__][INFO] - [3, 13, 31], [11]
[2025-01-30 00:12:30,160][__main__][INFO] - [3, 13, 32], [11]
[2025-01-30 00:12:30,178][__main__][INFO] - [3, 13, 33], [11]
[2025-01-30 00:12:30,196][__main__][INFO] - [3, 13, 34], [11]
[2025-01-30 00:12:30,214][__main__][INFO] - [3, 13, 35], [11]
[2025-01-30 00:12:30,245][__main__][INFO] - [3, 14, 21], [11]
[2025-01-30 00:12:30,263][__main__][INFO] - [3, 14, 22], [11]
[2025-01-30 00:12:30,281][__main__][INFO] - [3, 14, 23], [11]
[2025-01-30 00:12:30,300][__main__][INFO] - [3, 14, 24], [11]
[2025-01-30 00:12:30,330][__main__][INFO] - [3, 14, 26], [11]
[2025-01-30 00:12:30,348][__main__][INFO] - [3, 14, 27], [11]
[2025-01-30 00:12:30,366][__main__][INFO] - [3, 14, 28], [11]
[2025-01-30 00:12:30,385][__main__][INFO] - [3, 14, 29], [11]
[2025-01-30 00:12:30,403][__main__][INFO] - [3, 14, 30], [11]
[2025-01-30 00:12:30,421][__main__][INFO] - [3, 14, 31], [11]
[2025-01-30 00:12:30,438][__main__][INFO] - [3, 14, 32], [11]
[2025-01-30 00:12:30,456][__main__][INFO] - [3, 14, 33], [11]
[2025-01-30 00:12:30,474][__main__][INFO] - [3, 14, 34], [11]
[2025-01-30 00:12:30,491][__main__][INFO] - [3, 14, 35], [11]
[2025-01-30 00:12:30,522][__main__][INFO] - [3, 15, 21], [11]
[2025-01-30 00:12:30,540][__main__][INFO] - [3, 15, 22], [11]
[2025-01-30 00:12:30,559][__main__][INFO] - [3, 15, 23], [11]
[2025-01-30 00:12:30,577][__main__][INFO] - [3, 15, 24], [11]
[2025-01-30 00:12:30,594][__main__][INFO] - [3, 15, 25], [11]
[2025-01-30 00:12:30,613][__main__][INFO] - [3, 15, 26], [11]
[2025-01-30 00:12:30,630][__main__][INFO] - [3, 15, 27], [11]
[2025-01-30 00:12:30,648][__main__][INFO] - [3, 15, 28], [11]
[2025-01-30 00:12:30,666][__main__][INFO] - [3, 15, 29], [11]
[2025-01-30 00:12:30,684][__main__][INFO] - [3, 15, 30], [11]
[2025-01-30 00:12:30,702][__main__][INFO] - [3, 15, 31], [11]
[2025-01-30 00:12:30,720][__main__][INFO] - [3, 15, 32], [11]
[2025-01-30 00:12:30,738][__main__][INFO] - [3, 15, 33], [11]
[2025-01-30 00:12:30,756][__main__][INFO] - [3, 15, 34], [11]
[2025-01-30 00:12:30,774][__main__][INFO] - [3, 15, 35], [11]
[2025-01-30 00:12:30,805][__main__][INFO] - [3, 16, 21], [11]
[2025-01-30 00:12:30,823][__main__][INFO] - [3, 16, 22], [11]
[2025-01-30 00:12:30,841][__main__][INFO] - [3, 16, 23], [11]
[2025-01-30 00:12:30,911][__main__][INFO] - [3, 16, 28], [11]
[2025-01-30 00:12:30,929][__main__][INFO] - [3, 16, 29], [11]
[2025-01-30 00:12:30,947][__main__][INFO] - [3, 16, 30], [11]
[2025-01-30 00:12:30,965][__main__][INFO] - [3, 16, 31], [11]
[2025-01-30 00:12:30,983][__main__][INFO] - [3, 16, 32], [11]
[2025-01-30 00:12:31,002][__main__][INFO] - [3, 16, 33], [11]
[2025-01-30 00:12:31,033][__main__][INFO] - [3, 16, 35], [11]
[2025-01-30 00:12:31,064][__main__][INFO] - [3, 17, 21], [11]
[2025-01-30 00:12:31,082][__main__][INFO] - [3, 17, 22], [11]
[2025-01-30 00:12:31,100][__main__][INFO] - [3, 17, 23], [11]
[2025-01-30 00:12:31,117][__main__][INFO] - [3, 17, 24], [11]
[2025-01-30 00:12:31,149][__main__][INFO] - [3, 17, 26], [11]
[2025-01-30 00:12:31,168][__main__][INFO] - [3, 17, 27], [11]
[2025-01-30 00:12:31,186][__main__][INFO] - [3, 17, 28], [11]
[2025-01-30 00:12:31,203][__main__][INFO] - [3, 17, 29], [11]
[2025-01-30 00:12:31,222][__main__][INFO] - [3, 17, 30], [11]
[2025-01-30 00:12:31,240][__main__][INFO] - [3, 17, 31], [11]
[2025-01-30 00:12:31,258][__main__][INFO] - [3, 17, 32], [11]
[2025-01-30 00:12:31,276][__main__][INFO] - [3, 17, 33], [11]
[2025-01-30 00:12:31,294][__main__][INFO] - [3, 17, 34], [11]
[2025-01-30 00:12:31,311][__main__][INFO] - [3, 17, 35], [11]
[2025-01-30 00:12:31,342][__main__][INFO] - [3, 18, 21], [11]
[2025-01-30 00:12:31,361][__main__][INFO] - [3, 18, 22], [11]
[2025-01-30 00:12:31,537][__main__][INFO] - [3, 18, 35], [11]
[2025-01-30 00:12:31,568][__main__][INFO] - [3, 19, 21], [11]
[2025-01-30 00:12:31,587][__main__][INFO] - [3, 19, 22], [11]
[2025-01-30 00:12:31,605][__main__][INFO] - [3, 19, 23], [11]
[2025-01-30 00:12:31,636][__main__][INFO] - [3, 19, 25], [11]
[2025-01-30 00:12:31,733][__main__][INFO] - [3, 19, 32], [11]
[2025-01-30 00:12:31,765][__main__][INFO] - [3, 19, 34], [11]
[2025-01-30 00:12:31,783][__main__][INFO] - [3, 19, 35], [11]
[2025-01-30 00:12:31,827][__main__][INFO] - [3, 21, 26], [11]
[2025-01-30 00:12:31,846][__main__][INFO] - [3, 21, 27], [11]
[2025-01-30 00:12:31,865][__main__][INFO] - [3, 21, 28], [11]
[2025-01-30 00:12:31,883][__main__][INFO] - [3, 21, 29], [11]
[2025-01-30 00:12:31,901][__main__][INFO] - [3, 21, 30], [11]
[2025-01-30 00:12:31,919][__main__][INFO] - [3, 21, 31], [11]
[2025-01-30 00:12:31,937][__main__][INFO] - [3, 21, 32], [11]
[2025-01-30 00:12:31,955][__main__][INFO] - [3, 21, 33], [11]
[2025-01-30 00:12:31,973][__main__][INFO] - [3, 21, 34], [11]
[2025-01-30 00:12:31,991][__main__][INFO] - [3, 21, 35], [11]
[2025-01-30 00:12:32,023][__main__][INFO] - [3, 22, 26], [11]
[2025-01-30 00:12:32,042][__main__][INFO] - [3, 22, 27], [11]
[2025-01-30 00:12:32,061][__main__][INFO] - [3, 22, 28], [11]
[2025-01-30 00:12:32,079][__main__][INFO] - [3, 22, 29], [11]
[2025-01-30 00:12:32,098][__main__][INFO] - [3, 22, 30], [11]
[2025-01-30 00:12:32,116][__main__][INFO] - [3, 22, 31], [11]
[2025-01-30 00:12:32,134][__main__][INFO] - [3, 22, 32], [11]
[2025-01-30 00:12:32,153][__main__][INFO] - [3, 22, 33], [11]
[2025-01-30 00:12:32,171][__main__][INFO] - [3, 22, 34], [11]
[2025-01-30 00:12:32,189][__main__][INFO] - [3, 22, 35], [11]
[2025-01-30 00:12:32,220][__main__][INFO] - [3, 23, 26], [11]
[2025-01-30 00:12:32,238][__main__][INFO] - [3, 23, 27], [11]
[2025-01-30 00:12:32,257][__main__][INFO] - [3, 23, 28], [11]
[2025-01-30 00:12:32,275][__main__][INFO] - [3, 23, 29], [11]
[2025-01-30 00:12:32,294][__main__][INFO] - [3, 23, 30], [11]
[2025-01-30 00:12:32,312][__main__][INFO] - [3, 23, 31], [11]
[2025-01-30 00:12:32,330][__main__][INFO] - [3, 23, 32], [11]
[2025-01-30 00:12:32,348][__main__][INFO] - [3, 23, 33], [11]
[2025-01-30 00:12:32,367][__main__][INFO] - [3, 23, 34], [11]
[2025-01-30 00:12:32,385][__main__][INFO] - [3, 23, 35], [11]
[2025-01-30 00:12:32,444][__main__][INFO] - [3, 24, 28], [11]
[2025-01-30 00:12:32,462][__main__][INFO] - [3, 24, 29], [11]
[2025-01-30 00:12:32,480][__main__][INFO] - [3, 24, 30], [11]
[2025-01-30 00:12:32,499][__main__][INFO] - [3, 24, 31], [11]
[2025-01-30 00:12:32,517][__main__][INFO] - [3, 24, 32], [11]
[2025-01-30 00:12:32,535][__main__][INFO] - [3, 24, 33], [11]
[2025-01-30 00:12:32,553][__main__][INFO] - [3, 24, 34], [11]
[2025-01-30 00:12:32,570][__main__][INFO] - [3, 24, 35], [11]
[2025-01-30 00:12:32,721][__main__][INFO] - [3, 25, 35], [11]
[2025-01-30 00:12:32,764][__main__][INFO] - [3, 12, 21, 26], []
[2025-01-30 00:12:32,783][__main__][INFO] - [3, 12, 21, 27], []
[2025-01-30 00:12:32,801][__main__][INFO] - [3, 12, 21, 28], []
[2025-01-30 00:12:32,820][__main__][INFO] - [3, 12, 21, 29], []
[2025-01-30 00:12:32,838][__main__][INFO] - [3, 12, 21, 30], []
[2025-01-30 00:12:32,857][__main__][INFO] - [3, 12, 21, 31], []
[2025-01-30 00:12:32,875][__main__][INFO] - [3, 12, 21, 32], []
[2025-01-30 00:12:32,893][__main__][INFO] - [3, 12, 21, 33], []
[2025-01-30 00:12:32,911][__main__][INFO] - [3, 12, 21, 34], []
[2025-01-30 00:12:32,929][__main__][INFO] - [3, 12, 21, 35], []
[2025-01-30 00:12:32,960][__main__][INFO] - [3, 12, 22, 26], []
[2025-01-30 00:12:32,979][__main__][INFO] - [3, 12, 22, 27], []
[2025-01-30 00:12:32,996][__main__][INFO] - [3, 12, 22, 28], []
[2025-01-30 00:12:33,014][__main__][INFO] - [3, 12, 22, 29], []
[2025-01-30 00:12:33,032][__main__][INFO] - [3, 12, 22, 30], []
[2025-01-30 00:12:33,051][__main__][INFO] - [3, 12, 22, 31], []
[2025-01-30 00:12:33,069][__main__][INFO] - [3, 12, 22, 32], []
[2025-01-30 00:12:33,087][__main__][INFO] - [3, 12, 22, 33], []
[2025-01-30 00:12:33,106][__main__][INFO] - [3, 12, 22, 34], []
[2025-01-30 00:12:33,124][__main__][INFO] - [3, 12, 22, 35], []
[2025-01-30 00:12:33,155][__main__][INFO] - [3, 12, 23, 26], []
[2025-01-30 00:12:33,174][__main__][INFO] - [3, 12, 23, 27], []
[2025-01-30 00:12:33,192][__main__][INFO] - [3, 12, 23, 28], []
[2025-01-30 00:12:33,210][__main__][INFO] - [3, 12, 23, 29], []
[2025-01-30 00:12:33,228][__main__][INFO] - [3, 12, 23, 30], []
[2025-01-30 00:12:33,246][__main__][INFO] - [3, 12, 23, 31], []
[2025-01-30 00:12:33,265][__main__][INFO] - [3, 12, 23, 32], []
[2025-01-30 00:12:33,282][__main__][INFO] - [3, 12, 23, 33], []
[2025-01-30 00:12:33,300][__main__][INFO] - [3, 12, 23, 34], []
[2025-01-30 00:12:33,318][__main__][INFO] - [3, 12, 23, 35], []
[2025-01-30 00:12:33,415][__main__][INFO] - [3, 12, 24, 31], []
[2025-01-30 00:12:33,447][__main__][INFO] - [3, 12, 24, 33], []
[2025-01-30 00:12:33,477][__main__][INFO] - [3, 12, 24, 35], []
[2025-01-30 00:12:33,626][__main__][INFO] - [3, 12, 25, 35], []
[2025-01-30 00:12:33,670][__main__][INFO] - [3, 13, 21, 26], []
[2025-01-30 00:12:33,689][__main__][INFO] - [3, 13, 21, 27], []
[2025-01-30 00:12:33,706][__main__][INFO] - [3, 13, 21, 28], []
[2025-01-30 00:12:33,724][__main__][INFO] - [3, 13, 21, 29], []
[2025-01-30 00:12:33,742][__main__][INFO] - [3, 13, 21, 30], []
[2025-01-30 00:12:33,760][__main__][INFO] - [3, 13, 21, 31], []
[2025-01-30 00:12:33,778][__main__][INFO] - [3, 13, 21, 32], []
[2025-01-30 00:12:33,796][__main__][INFO] - [3, 13, 21, 33], []
[2025-01-30 00:12:33,814][__main__][INFO] - [3, 13, 21, 34], []
[2025-01-30 00:12:33,832][__main__][INFO] - [3, 13, 21, 35], []
[2025-01-30 00:12:33,981][__main__][INFO] - [3, 13, 22, 35], []
[2025-01-30 00:12:34,052][__main__][INFO] - [3, 13, 23, 29], []
[2025-01-30 00:12:34,070][__main__][INFO] - [3, 13, 23, 30], []
[2025-01-30 00:12:34,140][__main__][INFO] - [3, 13, 23, 35], []
[2025-01-30 00:12:34,350][__main__][INFO] - [3, 14, 21, 26], []
[2025-01-30 00:12:34,370][__main__][INFO] - [3, 14, 21, 27], []
[2025-01-30 00:12:34,388][__main__][INFO] - [3, 14, 21, 28], []
[2025-01-30 00:12:34,407][__main__][INFO] - [3, 14, 21, 29], []
[2025-01-30 00:12:34,425][__main__][INFO] - [3, 14, 21, 30], []
[2025-01-30 00:12:34,443][__main__][INFO] - [3, 14, 21, 31], []
[2025-01-30 00:12:34,461][__main__][INFO] - [3, 14, 21, 32], []
[2025-01-30 00:12:34,479][__main__][INFO] - [3, 14, 21, 33], []
[2025-01-30 00:12:34,497][__main__][INFO] - [3, 14, 21, 34], []
[2025-01-30 00:12:34,515][__main__][INFO] - [3, 14, 21, 35], []
[2025-01-30 00:12:34,598][__main__][INFO] - [3, 14, 22, 30], []
[2025-01-30 00:12:34,630][__main__][INFO] - [3, 14, 22, 32], []
[2025-01-30 00:12:34,674][__main__][INFO] - [3, 14, 22, 35], []
[2025-01-30 00:12:34,758][__main__][INFO] - [3, 14, 23, 30], []
[2025-01-30 00:12:34,777][__main__][INFO] - [3, 14, 23, 31], []
[2025-01-30 00:12:34,795][__main__][INFO] - [3, 14, 23, 32], []
[2025-01-30 00:12:34,840][__main__][INFO] - [3, 14, 23, 35], []
[2025-01-30 00:12:34,991][__main__][INFO] - [3, 14, 24, 35], []
[2025-01-30 00:12:35,062][__main__][INFO] - [3, 15, 21, 27], []
[2025-01-30 00:12:35,081][__main__][INFO] - [3, 15, 21, 28], []
[2025-01-30 00:12:35,099][__main__][INFO] - [3, 15, 21, 29], []
[2025-01-30 00:12:35,117][__main__][INFO] - [3, 15, 21, 30], []
[2025-01-30 00:12:35,136][__main__][INFO] - [3, 15, 21, 31], []
[2025-01-30 00:12:35,154][__main__][INFO] - [3, 15, 21, 32], []
[2025-01-30 00:12:35,171][__main__][INFO] - [3, 15, 21, 33], []
[2025-01-30 00:12:35,189][__main__][INFO] - [3, 15, 21, 34], []
[2025-01-30 00:12:35,207][__main__][INFO] - [3, 15, 21, 35], []
[2025-01-30 00:12:35,239][__main__][INFO] - [3, 15, 22, 26], []
[2025-01-30 00:12:35,257][__main__][INFO] - [3, 15, 22, 27], []
[2025-01-30 00:12:35,275][__main__][INFO] - [3, 15, 22, 28], []
[2025-01-30 00:12:35,293][__main__][INFO] - [3, 15, 22, 29], []
[2025-01-30 00:12:35,311][__main__][INFO] - [3, 15, 22, 30], []
[2025-01-30 00:12:35,329][__main__][INFO] - [3, 15, 22, 31], []
[2025-01-30 00:12:35,347][__main__][INFO] - [3, 15, 22, 32], []
[2025-01-30 00:12:35,365][__main__][INFO] - [3, 15, 22, 33], []
[2025-01-30 00:12:35,384][__main__][INFO] - [3, 15, 22, 34], []
[2025-01-30 00:12:35,402][__main__][INFO] - [3, 15, 22, 35], []
[2025-01-30 00:12:35,433][__main__][INFO] - [3, 15, 23, 26], []
[2025-01-30 00:12:35,451][__main__][INFO] - [3, 15, 23, 27], []
[2025-01-30 00:12:35,469][__main__][INFO] - [3, 15, 23, 28], []
[2025-01-30 00:12:35,487][__main__][INFO] - [3, 15, 23, 29], []
[2025-01-30 00:12:35,506][__main__][INFO] - [3, 15, 23, 30], []
[2025-01-30 00:12:35,524][__main__][INFO] - [3, 15, 23, 31], []
[2025-01-30 00:12:35,542][__main__][INFO] - [3, 15, 23, 32], []
[2025-01-30 00:12:35,560][__main__][INFO] - [3, 15, 23, 33], []
[2025-01-30 00:12:35,578][__main__][INFO] - [3, 15, 23, 34], []
[2025-01-30 00:12:35,596][__main__][INFO] - [3, 15, 23, 35], []
[2025-01-30 00:12:35,743][__main__][INFO] - [3, 15, 24, 35], []
[2025-01-30 00:12:35,893][__main__][INFO] - [3, 15, 25, 35], []
[2025-01-30 00:12:35,976][__main__][INFO] - [3, 16, 21, 29], []
[2025-01-30 00:12:36,008][__main__][INFO] - [3, 16, 21, 31], []
[2025-01-30 00:12:36,026][__main__][INFO] - [3, 16, 21, 32], []
[2025-01-30 00:12:36,044][__main__][INFO] - [3, 16, 21, 33], []
[2025-01-30 00:12:36,075][__main__][INFO] - [3, 16, 21, 35], []
[2025-01-30 00:12:36,430][__main__][INFO] - [3, 17, 21, 26], []
[2025-01-30 00:12:36,449][__main__][INFO] - [3, 17, 21, 27], []
[2025-01-30 00:12:36,468][__main__][INFO] - [3, 17, 21, 28], []
[2025-01-30 00:12:36,486][__main__][INFO] - [3, 17, 21, 29], []
[2025-01-30 00:12:36,504][__main__][INFO] - [3, 17, 21, 30], []
[2025-01-30 00:12:36,522][__main__][INFO] - [3, 17, 21, 31], []
[2025-01-30 00:12:36,540][__main__][INFO] - [3, 17, 21, 32], []
[2025-01-30 00:12:36,557][__main__][INFO] - [3, 17, 21, 33], []
[2025-01-30 00:12:36,575][__main__][INFO] - [3, 17, 21, 34], []
[2025-01-30 00:12:36,593][__main__][INFO] - [3, 17, 21, 35], []
[2025-01-30 00:12:36,624][__main__][INFO] - [3, 17, 22, 26], []
[2025-01-30 00:12:36,642][__main__][INFO] - [3, 17, 22, 27], []
[2025-01-30 00:12:36,660][__main__][INFO] - [3, 17, 22, 28], []
[2025-01-30 00:12:36,679][__main__][INFO] - [3, 17, 22, 29], []
[2025-01-30 00:12:36,696][__main__][INFO] - [3, 17, 22, 30], []
[2025-01-30 00:12:36,714][__main__][INFO] - [3, 17, 22, 31], []
[2025-01-30 00:12:36,732][__main__][INFO] - [3, 17, 22, 32], []
[2025-01-30 00:12:36,751][__main__][INFO] - [3, 17, 22, 33], []
[2025-01-30 00:12:36,769][__main__][INFO] - [3, 17, 22, 34], []
[2025-01-30 00:12:36,787][__main__][INFO] - [3, 17, 22, 35], []
[2025-01-30 00:12:36,818][__main__][INFO] - [3, 17, 23, 26], []
[2025-01-30 00:12:36,837][__main__][INFO] - [3, 17, 23, 27], []
[2025-01-30 00:12:36,855][__main__][INFO] - [3, 17, 23, 28], []
[2025-01-30 00:12:36,873][__main__][INFO] - [3, 17, 23, 29], []
[2025-01-30 00:12:36,891][__main__][INFO] - [3, 17, 23, 30], []
[2025-01-30 00:12:36,909][__main__][INFO] - [3, 17, 23, 31], []
[2025-01-30 00:12:36,927][__main__][INFO] - [3, 17, 23, 32], []
[2025-01-30 00:12:36,944][__main__][INFO] - [3, 17, 23, 33], []
[2025-01-30 00:12:36,962][__main__][INFO] - [3, 17, 23, 34], []
[2025-01-30 00:12:36,980][__main__][INFO] - [3, 17, 23, 35], []
[2025-01-30 00:12:37,299][__main__][INFO] - [3, 18, 21, 35], []
[2025-01-30 00:12:37,645][__main__][INFO] - [3, 19, 21, 35], []
[2025-01-30 00:12:38,146][__main__][INFO] - [4, 10, 11, 12], []
[2025-01-30 00:12:38,164][__main__][INFO] - [4, 10, 11, 13], []
[2025-01-30 00:12:38,181][__main__][INFO] - [4, 10, 11, 14], []
[2025-01-30 00:12:38,199][__main__][INFO] - [4, 10, 11, 15], []
[2025-01-30 00:12:38,216][__main__][INFO] - [4, 10, 11, 16], []
[2025-01-30 00:12:38,234][__main__][INFO] - [4, 10, 11, 17], []
[2025-01-30 00:12:38,291][__main__][INFO] - [4, 10, 11, 21], []
[2025-01-30 00:12:38,309][__main__][INFO] - [4, 10, 11, 22], []
[2025-01-30 00:12:38,327][__main__][INFO] - [4, 10, 11, 23], []
[2025-01-30 00:12:38,371][__main__][INFO] - [4, 10, 11, 26], []
[2025-01-30 00:12:38,388][__main__][INFO] - [4, 10, 11, 27], []
[2025-01-30 00:12:38,406][__main__][INFO] - [4, 10, 11, 28], []
[2025-01-30 00:12:38,424][__main__][INFO] - [4, 10, 11, 29], []
[2025-01-30 00:12:38,441][__main__][INFO] - [4, 10, 11, 30], []
[2025-01-30 00:12:38,460][__main__][INFO] - [4, 10, 11, 31], []
[2025-01-30 00:12:38,478][__main__][INFO] - [4, 10, 11, 32], []
[2025-01-30 00:12:38,495][__main__][INFO] - [4, 10, 11, 33], []
[2025-01-30 00:12:38,512][__main__][INFO] - [4, 10, 11, 34], []
[2025-01-30 00:12:38,529][__main__][INFO] - [4, 10, 11, 35], []
[2025-01-30 00:12:38,560][__main__][INFO] - [4, 10, 12], [11]
[2025-01-30 00:12:38,578][__main__][INFO] - [4, 10, 13], [11]
[2025-01-30 00:12:38,595][__main__][INFO] - [4, 10, 14], [11]
[2025-01-30 00:12:38,613][__main__][INFO] - [4, 10, 15], [11]
[2025-01-30 00:12:38,631][__main__][INFO] - [4, 10, 16], [11]
[2025-01-30 00:12:38,648][__main__][INFO] - [4, 10, 17], [11]
[2025-01-30 00:12:38,665][__main__][INFO] - [4, 10, 18], [11]
[2025-01-30 00:12:38,684][__main__][INFO] - [4, 10, 19], [11]
[2025-01-30 00:12:38,719][__main__][INFO] - [4, 10, 21], [11]
[2025-01-30 00:12:38,738][__main__][INFO] - [4, 10, 22], [11]
[2025-01-30 00:12:38,756][__main__][INFO] - [4, 10, 23], [11]
[2025-01-30 00:12:38,774][__main__][INFO] - [4, 10, 24], [11]
[2025-01-30 00:12:38,792][__main__][INFO] - [4, 10, 25], [11]
[2025-01-30 00:12:38,810][__main__][INFO] - [4, 10, 26], [11]
[2025-01-30 00:12:38,828][__main__][INFO] - [4, 10, 27], [11]
[2025-01-30 00:12:38,846][__main__][INFO] - [4, 10, 28], [11]
[2025-01-30 00:12:38,865][__main__][INFO] - [4, 10, 29], [11]
[2025-01-30 00:12:38,883][__main__][INFO] - [4, 10, 30], [11]
[2025-01-30 00:12:38,901][__main__][INFO] - [4, 10, 31], [11]
[2025-01-30 00:12:38,919][__main__][INFO] - [4, 10, 32], [11]
[2025-01-30 00:12:38,937][__main__][INFO] - [4, 10, 33], [11]
[2025-01-30 00:12:38,955][__main__][INFO] - [4, 10, 34], [11]
[2025-01-30 00:12:38,973][__main__][INFO] - [4, 10, 35], [11]
[2025-01-30 00:12:39,004][__main__][INFO] - [4, 10, 12, 21], []
[2025-01-30 00:12:39,023][__main__][INFO] - [4, 10, 12, 22], []
[2025-01-30 00:12:39,041][__main__][INFO] - [4, 10, 12, 23], []
[2025-01-30 00:12:39,059][__main__][INFO] - [4, 10, 12, 24], []
[2025-01-30 00:12:39,077][__main__][INFO] - [4, 10, 12, 25], []
[2025-01-30 00:12:39,094][__main__][INFO] - [4, 10, 12, 26], []
[2025-01-30 00:12:39,112][__main__][INFO] - [4, 10, 12, 27], []
[2025-01-30 00:12:39,130][__main__][INFO] - [4, 10, 12, 28], []
[2025-01-30 00:12:39,149][__main__][INFO] - [4, 10, 12, 29], []
[2025-01-30 00:12:39,166][__main__][INFO] - [4, 10, 12, 30], []
[2025-01-30 00:12:39,184][__main__][INFO] - [4, 10, 12, 31], []
[2025-01-30 00:12:39,202][__main__][INFO] - [4, 10, 12, 32], []
[2025-01-30 00:12:39,220][__main__][INFO] - [4, 10, 12, 33], []
[2025-01-30 00:12:39,239][__main__][INFO] - [4, 10, 12, 34], []
[2025-01-30 00:12:39,257][__main__][INFO] - [4, 10, 12, 35], []
[2025-01-30 00:12:39,289][__main__][INFO] - [4, 10, 13, 21], []
[2025-01-30 00:12:39,307][__main__][INFO] - [4, 10, 13, 22], []
[2025-01-30 00:12:39,324][__main__][INFO] - [4, 10, 13, 23], []
[2025-01-30 00:12:39,369][__main__][INFO] - [4, 10, 13, 26], []
[2025-01-30 00:12:39,386][__main__][INFO] - [4, 10, 13, 27], []
[2025-01-30 00:12:39,404][__main__][INFO] - [4, 10, 13, 28], []
[2025-01-30 00:12:39,421][__main__][INFO] - [4, 10, 13, 29], []
[2025-01-30 00:12:39,440][__main__][INFO] - [4, 10, 13, 30], []
[2025-01-30 00:12:39,457][__main__][INFO] - [4, 10, 13, 31], []
[2025-01-30 00:12:39,475][__main__][INFO] - [4, 10, 13, 32], []
[2025-01-30 00:12:39,493][__main__][INFO] - [4, 10, 13, 33], []
[2025-01-30 00:12:39,511][__main__][INFO] - [4, 10, 13, 34], []
[2025-01-30 00:12:39,529][__main__][INFO] - [4, 10, 13, 35], []
[2025-01-30 00:12:39,559][__main__][INFO] - [4, 10, 14, 21], []
[2025-01-30 00:12:39,577][__main__][INFO] - [4, 10, 14, 22], []
[2025-01-30 00:12:39,594][__main__][INFO] - [4, 10, 14, 23], []
[2025-01-30 00:12:39,613][__main__][INFO] - [4, 10, 14, 24], []
[2025-01-30 00:12:39,657][__main__][INFO] - [4, 10, 14, 27], []
[2025-01-30 00:12:39,675][__main__][INFO] - [4, 10, 14, 28], []
[2025-01-30 00:12:39,693][__main__][INFO] - [4, 10, 14, 29], []
[2025-01-30 00:12:39,711][__main__][INFO] - [4, 10, 14, 30], []
[2025-01-30 00:12:39,729][__main__][INFO] - [4, 10, 14, 31], []
[2025-01-30 00:12:39,747][__main__][INFO] - [4, 10, 14, 32], []
[2025-01-30 00:12:39,765][__main__][INFO] - [4, 10, 14, 33], []
[2025-01-30 00:12:39,783][__main__][INFO] - [4, 10, 14, 34], []
[2025-01-30 00:12:39,801][__main__][INFO] - [4, 10, 14, 35], []
[2025-01-30 00:12:39,832][__main__][INFO] - [4, 10, 15, 21], []
[2025-01-30 00:12:39,850][__main__][INFO] - [4, 10, 15, 22], []
[2025-01-30 00:12:39,868][__main__][INFO] - [4, 10, 15, 23], []
[2025-01-30 00:12:39,886][__main__][INFO] - [4, 10, 15, 24], []
[2025-01-30 00:12:39,917][__main__][INFO] - [4, 10, 15, 26], []
[2025-01-30 00:12:39,935][__main__][INFO] - [4, 10, 15, 27], []
[2025-01-30 00:12:39,954][__main__][INFO] - [4, 10, 15, 28], []
[2025-01-30 00:12:39,972][__main__][INFO] - [4, 10, 15, 29], []
[2025-01-30 00:12:39,990][__main__][INFO] - [4, 10, 15, 30], []
[2025-01-30 00:12:40,009][__main__][INFO] - [4, 10, 15, 31], []
[2025-01-30 00:12:40,026][__main__][INFO] - [4, 10, 15, 32], []
[2025-01-30 00:12:40,044][__main__][INFO] - [4, 10, 15, 33], []
[2025-01-30 00:12:40,062][__main__][INFO] - [4, 10, 15, 34], []
[2025-01-30 00:12:40,079][__main__][INFO] - [4, 10, 15, 35], []
[2025-01-30 00:12:40,110][__main__][INFO] - [4, 10, 16, 21], []
[2025-01-30 00:12:40,141][__main__][INFO] - [4, 10, 16, 23], []
[2025-01-30 00:12:40,237][__main__][INFO] - [4, 10, 16, 30], []
[2025-01-30 00:12:40,255][__main__][INFO] - [4, 10, 16, 31], []
[2025-01-30 00:12:40,312][__main__][INFO] - [4, 10, 16, 35], []
[2025-01-30 00:12:40,343][__main__][INFO] - [4, 10, 17, 21], []
[2025-01-30 00:12:40,361][__main__][INFO] - [4, 10, 17, 22], []
[2025-01-30 00:12:40,379][__main__][INFO] - [4, 10, 17, 23], []
[2025-01-30 00:12:40,423][__main__][INFO] - [4, 10, 17, 26], []
[2025-01-30 00:12:40,441][__main__][INFO] - [4, 10, 17, 27], []
[2025-01-30 00:12:40,460][__main__][INFO] - [4, 10, 17, 28], []
[2025-01-30 00:12:40,477][__main__][INFO] - [4, 10, 17, 29], []
[2025-01-30 00:12:40,496][__main__][INFO] - [4, 10, 17, 30], []
[2025-01-30 00:12:40,514][__main__][INFO] - [4, 10, 17, 31], []
[2025-01-30 00:12:40,532][__main__][INFO] - [4, 10, 17, 32], []
[2025-01-30 00:12:40,549][__main__][INFO] - [4, 10, 17, 33], []
[2025-01-30 00:12:40,567][__main__][INFO] - [4, 10, 17, 34], []
[2025-01-30 00:12:40,585][__main__][INFO] - [4, 10, 17, 35], []
[2025-01-30 00:12:40,616][__main__][INFO] - [4, 10, 18, 21], []
[2025-01-30 00:12:40,806][__main__][INFO] - [4, 10, 18, 35], []
[2025-01-30 00:12:40,838][__main__][INFO] - [4, 10, 19, 21], []
[2025-01-30 00:12:40,856][__main__][INFO] - [4, 10, 19, 22], []
[2025-01-30 00:12:40,874][__main__][INFO] - [4, 10, 19, 23], []
[2025-01-30 00:12:41,034][__main__][INFO] - [4, 10, 19, 35], []
[2025-01-30 00:12:41,079][__main__][INFO] - [4, 10, 21, 26], []
[2025-01-30 00:12:41,098][__main__][INFO] - [4, 10, 21, 27], []
[2025-01-30 00:12:41,116][__main__][INFO] - [4, 10, 21, 28], []
[2025-01-30 00:12:41,134][__main__][INFO] - [4, 10, 21, 29], []
[2025-01-30 00:12:41,152][__main__][INFO] - [4, 10, 21, 30], []
[2025-01-30 00:12:41,171][__main__][INFO] - [4, 10, 21, 31], []
[2025-01-30 00:12:41,189][__main__][INFO] - [4, 10, 21, 32], []
[2025-01-30 00:12:41,208][__main__][INFO] - [4, 10, 21, 33], []
[2025-01-30 00:12:41,226][__main__][INFO] - [4, 10, 21, 34], []
[2025-01-30 00:12:41,244][__main__][INFO] - [4, 10, 21, 35], []
[2025-01-30 00:12:41,276][__main__][INFO] - [4, 10, 22, 26], []
[2025-01-30 00:12:41,294][__main__][INFO] - [4, 10, 22, 27], []
[2025-01-30 00:12:41,312][__main__][INFO] - [4, 10, 22, 28], []
[2025-01-30 00:12:41,330][__main__][INFO] - [4, 10, 22, 29], []
[2025-01-30 00:12:41,348][__main__][INFO] - [4, 10, 22, 30], []
[2025-01-30 00:12:41,365][__main__][INFO] - [4, 10, 22, 31], []
[2025-01-30 00:12:41,384][__main__][INFO] - [4, 10, 22, 32], []
[2025-01-30 00:12:41,402][__main__][INFO] - [4, 10, 22, 33], []
[2025-01-30 00:12:41,420][__main__][INFO] - [4, 10, 22, 34], []
[2025-01-30 00:12:41,438][__main__][INFO] - [4, 10, 22, 35], []
[2025-01-30 00:12:41,469][__main__][INFO] - [4, 10, 23, 26], []
[2025-01-30 00:12:41,487][__main__][INFO] - [4, 10, 23, 27], []
[2025-01-30 00:12:41,504][__main__][INFO] - [4, 10, 23, 28], []
[2025-01-30 00:12:41,522][__main__][INFO] - [4, 10, 23, 29], []
[2025-01-30 00:12:41,540][__main__][INFO] - [4, 10, 23, 30], []
[2025-01-30 00:12:41,559][__main__][INFO] - [4, 10, 23, 31], []
[2025-01-30 00:12:41,577][__main__][INFO] - [4, 10, 23, 32], []
[2025-01-30 00:12:41,596][__main__][INFO] - [4, 10, 23, 33], []
[2025-01-30 00:12:41,614][__main__][INFO] - [4, 10, 23, 34], []
[2025-01-30 00:12:41,632][__main__][INFO] - [4, 10, 23, 35], []
[2025-01-30 00:12:41,742][__main__][INFO] - [4, 10, 24, 32], []
[2025-01-30 00:12:41,786][__main__][INFO] - [4, 10, 24, 35], []
[2025-01-30 00:12:41,935][__main__][INFO] - [4, 10, 25, 35], []
[2025-01-30 00:12:41,979][__main__][INFO] - [4, 11, 12], [10]
[2025-01-30 00:12:41,997][__main__][INFO] - [4, 11, 13], [10]
[2025-01-30 00:12:42,015][__main__][INFO] - [4, 11, 14], [10]
[2025-01-30 00:12:42,032][__main__][INFO] - [4, 11, 15], [10]
[2025-01-30 00:12:42,063][__main__][INFO] - [4, 11, 17], [10]
[2025-01-30 00:12:42,120][__main__][INFO] - [4, 11, 21], [10]
[2025-01-30 00:12:42,138][__main__][INFO] - [4, 11, 22], [10]
[2025-01-30 00:12:42,155][__main__][INFO] - [4, 11, 23], [10]
[2025-01-30 00:12:42,199][__main__][INFO] - [4, 11, 26], [10]
[2025-01-30 00:12:42,217][__main__][INFO] - [4, 11, 27], [10]
[2025-01-30 00:12:42,235][__main__][INFO] - [4, 11, 28], [10]
[2025-01-30 00:12:42,252][__main__][INFO] - [4, 11, 29], [10]
[2025-01-30 00:12:42,269][__main__][INFO] - [4, 11, 30], [10]
[2025-01-30 00:12:42,287][__main__][INFO] - [4, 11, 31], [10]
[2025-01-30 00:12:42,304][__main__][INFO] - [4, 11, 32], [10]
[2025-01-30 00:12:42,322][__main__][INFO] - [4, 11, 33], [10]
[2025-01-30 00:12:42,340][__main__][INFO] - [4, 11, 34], [10]
[2025-01-30 00:12:42,358][__main__][INFO] - [4, 11, 35], [10]
[2025-01-30 00:12:42,389][__main__][INFO] - [4, 12], [10, 11]
[2025-01-30 00:12:42,408][__main__][INFO] - [4, 13], [10, 11]
[2025-01-30 00:12:42,426][__main__][INFO] - [4, 14], [10, 11]
[2025-01-30 00:12:42,444][__main__][INFO] - [4, 15], [10, 11]
[2025-01-30 00:12:42,461][__main__][INFO] - [4, 16], [10, 11]
[2025-01-30 00:12:42,478][__main__][INFO] - [4, 17], [10, 11]
[2025-01-30 00:12:42,496][__main__][INFO] - [4, 18], [10, 11]
[2025-01-30 00:12:42,514][__main__][INFO] - [4, 19], [10, 11]
[2025-01-30 00:12:42,545][__main__][INFO] - [4, 21], [10, 11]
[2025-01-30 00:12:42,564][__main__][INFO] - [4, 22], [10, 11]
[2025-01-30 00:12:42,582][__main__][INFO] - [4, 23], [10, 11]
[2025-01-30 00:12:42,600][__main__][INFO] - [4, 24], [10, 11]
[2025-01-30 00:12:42,618][__main__][INFO] - [4, 25], [10, 11]
[2025-01-30 00:12:42,635][__main__][INFO] - [4, 26], [10, 11]
[2025-01-30 00:12:42,653][__main__][INFO] - [4, 27], [10, 11]
[2025-01-30 00:12:42,671][__main__][INFO] - [4, 28], [10, 11]
[2025-01-30 00:12:42,690][__main__][INFO] - [4, 29], [10, 11]
[2025-01-30 00:12:42,708][__main__][INFO] - [4, 30], [10, 11]
[2025-01-30 00:12:42,726][__main__][INFO] - [4, 31], [10, 11]
[2025-01-30 00:12:42,744][__main__][INFO] - [4, 32], [10, 11]
[2025-01-30 00:12:42,761][__main__][INFO] - [4, 33], [10, 11]
[2025-01-30 00:12:42,779][__main__][INFO] - [4, 34], [10, 11]
[2025-01-30 00:12:42,796][__main__][INFO] - [4, 35], [10, 11]
[2025-01-30 00:12:42,828][__main__][INFO] - [4, 12, 21], [10]
[2025-01-30 00:12:42,847][__main__][INFO] - [4, 12, 22], [10]
[2025-01-30 00:12:42,866][__main__][INFO] - [4, 12, 23], [10]
[2025-01-30 00:12:42,883][__main__][INFO] - [4, 12, 24], [10]
[2025-01-30 00:12:42,901][__main__][INFO] - [4, 12, 25], [10]
[2025-01-30 00:12:42,919][__main__][INFO] - [4, 12, 26], [10]
[2025-01-30 00:12:42,936][__main__][INFO] - [4, 12, 27], [10]
[2025-01-30 00:12:42,954][__main__][INFO] - [4, 12, 28], [10]
[2025-01-30 00:12:42,972][__main__][INFO] - [4, 12, 29], [10]
[2025-01-30 00:12:42,990][__main__][INFO] - [4, 12, 30], [10]
[2025-01-30 00:12:43,008][__main__][INFO] - [4, 12, 31], [10]
[2025-01-30 00:12:43,027][__main__][INFO] - [4, 12, 32], [10]
[2025-01-30 00:12:43,045][__main__][INFO] - [4, 12, 33], [10]
[2025-01-30 00:12:43,063][__main__][INFO] - [4, 12, 34], [10]
[2025-01-30 00:12:43,080][__main__][INFO] - [4, 12, 35], [10]
[2025-01-30 00:12:43,111][__main__][INFO] - [4, 13, 21], [10]
[2025-01-30 00:12:43,129][__main__][INFO] - [4, 13, 22], [10]
[2025-01-30 00:12:43,148][__main__][INFO] - [4, 13, 23], [10]
[2025-01-30 00:12:43,191][__main__][INFO] - [4, 13, 26], [10]
[2025-01-30 00:12:43,210][__main__][INFO] - [4, 13, 27], [10]
[2025-01-30 00:12:43,227][__main__][INFO] - [4, 13, 28], [10]
[2025-01-30 00:12:43,245][__main__][INFO] - [4, 13, 29], [10]
[2025-01-30 00:12:43,263][__main__][INFO] - [4, 13, 30], [10]
[2025-01-30 00:12:43,280][__main__][INFO] - [4, 13, 31], [10]
[2025-01-30 00:12:43,298][__main__][INFO] - [4, 13, 32], [10]
[2025-01-30 00:12:43,315][__main__][INFO] - [4, 13, 33], [10]
[2025-01-30 00:12:43,333][__main__][INFO] - [4, 13, 34], [10]
[2025-01-30 00:12:43,351][__main__][INFO] - [4, 13, 35], [10]
[2025-01-30 00:12:43,382][__main__][INFO] - [4, 14, 21], [10]
[2025-01-30 00:12:43,399][__main__][INFO] - [4, 14, 22], [10]
[2025-01-30 00:12:43,417][__main__][INFO] - [4, 14, 23], [10]
[2025-01-30 00:12:43,435][__main__][INFO] - [4, 14, 24], [10]
[2025-01-30 00:12:43,479][__main__][INFO] - [4, 14, 27], [10]
[2025-01-30 00:12:43,497][__main__][INFO] - [4, 14, 28], [10]
[2025-01-30 00:12:43,515][__main__][INFO] - [4, 14, 29], [10]
[2025-01-30 00:12:43,533][__main__][INFO] - [4, 14, 30], [10]
[2025-01-30 00:12:43,551][__main__][INFO] - [4, 14, 31], [10]
[2025-01-30 00:12:43,569][__main__][INFO] - [4, 14, 32], [10]
[2025-01-30 00:12:43,587][__main__][INFO] - [4, 14, 33], [10]
[2025-01-30 00:12:43,605][__main__][INFO] - [4, 14, 34], [10]
[2025-01-30 00:12:43,623][__main__][INFO] - [4, 14, 35], [10]
[2025-01-30 00:12:43,653][__main__][INFO] - [4, 15, 21], [10]
[2025-01-30 00:12:43,671][__main__][INFO] - [4, 15, 22], [10]
[2025-01-30 00:12:43,690][__main__][INFO] - [4, 15, 23], [10]
[2025-01-30 00:12:43,708][__main__][INFO] - [4, 15, 24], [10]
[2025-01-30 00:12:43,740][__main__][INFO] - [4, 15, 26], [10]
[2025-01-30 00:12:43,757][__main__][INFO] - [4, 15, 27], [10]
[2025-01-30 00:12:43,775][__main__][INFO] - [4, 15, 28], [10]
[2025-01-30 00:12:43,794][__main__][INFO] - [4, 15, 29], [10]
[2025-01-30 00:12:43,812][__main__][INFO] - [4, 15, 30], [10]
[2025-01-30 00:12:43,829][__main__][INFO] - [4, 15, 31], [10]
[2025-01-30 00:12:43,847][__main__][INFO] - [4, 15, 32], [10]
[2025-01-30 00:12:43,864][__main__][INFO] - [4, 15, 33], [10]
[2025-01-30 00:12:43,882][__main__][INFO] - [4, 15, 34], [10]
[2025-01-30 00:12:43,900][__main__][INFO] - [4, 15, 35], [10]
[2025-01-30 00:12:43,931][__main__][INFO] - [4, 16, 21], [10]
[2025-01-30 00:12:43,950][__main__][INFO] - [4, 16, 22], [10]
[2025-01-30 00:12:43,968][__main__][INFO] - [4, 16, 23], [10]
[2025-01-30 00:12:44,102][__main__][INFO] - [4, 16, 33], [10]
[2025-01-30 00:12:44,134][__main__][INFO] - [4, 16, 35], [10]
[2025-01-30 00:12:44,165][__main__][INFO] - [4, 17, 21], [10]
[2025-01-30 00:12:44,184][__main__][INFO] - [4, 17, 22], [10]
[2025-01-30 00:12:44,202][__main__][INFO] - [4, 17, 23], [10]
[2025-01-30 00:12:44,220][__main__][INFO] - [4, 17, 24], [10]
[2025-01-30 00:12:44,251][__main__][INFO] - [4, 17, 26], [10]
[2025-01-30 00:12:44,269][__main__][INFO] - [4, 17, 27], [10]
[2025-01-30 00:12:44,286][__main__][INFO] - [4, 17, 28], [10]
[2025-01-30 00:12:44,304][__main__][INFO] - [4, 17, 29], [10]
[2025-01-30 00:12:44,323][__main__][INFO] - [4, 17, 30], [10]
[2025-01-30 00:12:44,341][__main__][INFO] - [4, 17, 31], [10]
[2025-01-30 00:12:44,359][__main__][INFO] - [4, 17, 32], [10]
[2025-01-30 00:12:44,377][__main__][INFO] - [4, 17, 33], [10]
[2025-01-30 00:12:44,395][__main__][INFO] - [4, 17, 34], [10]
[2025-01-30 00:12:44,413][__main__][INFO] - [4, 17, 35], [10]
[2025-01-30 00:12:44,443][__main__][INFO] - [4, 18, 21], [10]
[2025-01-30 00:12:44,462][__main__][INFO] - [4, 18, 22], [10]
[2025-01-30 00:12:44,636][__main__][INFO] - [4, 18, 35], [10]
[2025-01-30 00:12:44,668][__main__][INFO] - [4, 19, 21], [10]
[2025-01-30 00:12:44,686][__main__][INFO] - [4, 19, 22], [10]
[2025-01-30 00:12:44,704][__main__][INFO] - [4, 19, 23], [10]
[2025-01-30 00:12:44,867][__main__][INFO] - [4, 19, 35], [10]
[2025-01-30 00:12:44,911][__main__][INFO] - [4, 21, 26], [10]
[2025-01-30 00:12:44,930][__main__][INFO] - [4, 21, 27], [10]
[2025-01-30 00:12:44,948][__main__][INFO] - [4, 21, 28], [10]
[2025-01-30 00:12:44,965][__main__][INFO] - [4, 21, 29], [10]
[2025-01-30 00:12:44,984][__main__][INFO] - [4, 21, 30], [10]
[2025-01-30 00:12:45,002][__main__][INFO] - [4, 21, 31], [10]
[2025-01-30 00:12:45,020][__main__][INFO] - [4, 21, 32], [10]
[2025-01-30 00:12:45,038][__main__][INFO] - [4, 21, 33], [10]
[2025-01-30 00:12:45,057][__main__][INFO] - [4, 21, 34], [10]
[2025-01-30 00:12:45,075][__main__][INFO] - [4, 21, 35], [10]
[2025-01-30 00:12:45,107][__main__][INFO] - [4, 22, 26], [10]
[2025-01-30 00:12:45,126][__main__][INFO] - [4, 22, 27], [10]
[2025-01-30 00:12:45,144][__main__][INFO] - [4, 22, 28], [10]
[2025-01-30 00:12:45,162][__main__][INFO] - [4, 22, 29], [10]
[2025-01-30 00:12:45,180][__main__][INFO] - [4, 22, 30], [10]
[2025-01-30 00:12:45,198][__main__][INFO] - [4, 22, 31], [10]
[2025-01-30 00:12:45,217][__main__][INFO] - [4, 22, 32], [10]
[2025-01-30 00:12:45,235][__main__][INFO] - [4, 22, 33], [10]
[2025-01-30 00:12:45,253][__main__][INFO] - [4, 22, 34], [10]
[2025-01-30 00:12:45,271][__main__][INFO] - [4, 22, 35], [10]
[2025-01-30 00:12:45,302][__main__][INFO] - [4, 23, 26], [10]
[2025-01-30 00:12:45,320][__main__][INFO] - [4, 23, 27], [10]
[2025-01-30 00:12:45,338][__main__][INFO] - [4, 23, 28], [10]
[2025-01-30 00:12:45,356][__main__][INFO] - [4, 23, 29], [10]
[2025-01-30 00:12:45,374][__main__][INFO] - [4, 23, 30], [10]
[2025-01-30 00:12:45,392][__main__][INFO] - [4, 23, 31], [10]
[2025-01-30 00:12:45,410][__main__][INFO] - [4, 23, 32], [10]
[2025-01-30 00:12:45,428][__main__][INFO] - [4, 23, 33], [10]
[2025-01-30 00:12:45,447][__main__][INFO] - [4, 23, 34], [10]
[2025-01-30 00:12:45,465][__main__][INFO] - [4, 23, 35], [10]
[2025-01-30 00:12:45,536][__main__][INFO] - [4, 24, 29], [10]
[2025-01-30 00:12:45,580][__main__][INFO] - [4, 24, 32], [10]
[2025-01-30 00:12:45,625][__main__][INFO] - [4, 24, 35], [10]
[2025-01-30 00:12:45,773][__main__][INFO] - [4, 25, 35], [10]
[2025-01-30 00:12:45,817][__main__][INFO] - [4, 11, 12, 21], []
[2025-01-30 00:12:45,835][__main__][INFO] - [4, 11, 12, 22], []
[2025-01-30 00:12:45,853][__main__][INFO] - [4, 11, 12, 23], []
[2025-01-30 00:12:45,896][__main__][INFO] - [4, 11, 12, 26], []
[2025-01-30 00:12:45,913][__main__][INFO] - [4, 11, 12, 27], []
[2025-01-30 00:12:45,931][__main__][INFO] - [4, 11, 12, 28], []
[2025-01-30 00:12:45,949][__main__][INFO] - [4, 11, 12, 29], []
[2025-01-30 00:12:45,966][__main__][INFO] - [4, 11, 12, 30], []
[2025-01-30 00:12:45,983][__main__][INFO] - [4, 11, 12, 31], []
[2025-01-30 00:12:46,002][__main__][INFO] - [4, 11, 12, 32], []
[2025-01-30 00:12:46,020][__main__][INFO] - [4, 11, 12, 33], []
[2025-01-30 00:12:46,038][__main__][INFO] - [4, 11, 12, 34], []
[2025-01-30 00:12:46,055][__main__][INFO] - [4, 11, 12, 35], []
[2025-01-30 00:12:46,086][__main__][INFO] - [4, 11, 13, 21], []
[2025-01-30 00:12:46,117][__main__][INFO] - [4, 11, 13, 23], []
[2025-01-30 00:12:46,238][__main__][INFO] - [4, 11, 13, 32], []
[2025-01-30 00:12:46,256][__main__][INFO] - [4, 11, 13, 33], []
[2025-01-30 00:12:46,287][__main__][INFO] - [4, 11, 13, 35], []
[2025-01-30 00:12:46,317][__main__][INFO] - [4, 11, 14, 21], []
[2025-01-30 00:12:46,506][__main__][INFO] - [4, 11, 14, 35], []
[2025-01-30 00:12:46,537][__main__][INFO] - [4, 11, 15, 21], []
[2025-01-30 00:12:46,555][__main__][INFO] - [4, 11, 15, 22], []
[2025-01-30 00:12:46,574][__main__][INFO] - [4, 11, 15, 23], []
[2025-01-30 00:12:46,644][__main__][INFO] - [4, 11, 15, 28], []
[2025-01-30 00:12:46,662][__main__][INFO] - [4, 11, 15, 29], []
[2025-01-30 00:12:46,694][__main__][INFO] - [4, 11, 15, 31], []
[2025-01-30 00:12:46,711][__main__][INFO] - [4, 11, 15, 32], []
[2025-01-30 00:12:46,728][__main__][INFO] - [4, 11, 15, 33], []
[2025-01-30 00:12:46,759][__main__][INFO] - [4, 11, 15, 35], []
[2025-01-30 00:12:46,789][__main__][INFO] - [4, 11, 16, 21], []
[2025-01-30 00:12:47,000][__main__][INFO] - [4, 11, 17, 21], []
[2025-01-30 00:12:47,018][__main__][INFO] - [4, 11, 17, 22], []
[2025-01-30 00:12:47,036][__main__][INFO] - [4, 11, 17, 23], []
[2025-01-30 00:12:47,093][__main__][INFO] - [4, 11, 17, 27], []
[2025-01-30 00:12:47,111][__main__][INFO] - [4, 11, 17, 28], []
[2025-01-30 00:12:47,129][__main__][INFO] - [4, 11, 17, 29], []
[2025-01-30 00:12:47,147][__main__][INFO] - [4, 11, 17, 30], []
[2025-01-30 00:12:47,165][__main__][INFO] - [4, 11, 17, 31], []
[2025-01-30 00:12:47,182][__main__][INFO] - [4, 11, 17, 32], []
[2025-01-30 00:12:47,201][__main__][INFO] - [4, 11, 17, 33], []
[2025-01-30 00:12:47,232][__main__][INFO] - [4, 11, 17, 35], []
[2025-01-30 00:12:47,302][__main__][INFO] - [4, 11, 21, 26], []
[2025-01-30 00:12:47,321][__main__][INFO] - [4, 11, 21, 27], []
[2025-01-30 00:12:47,339][__main__][INFO] - [4, 11, 21, 28], []
[2025-01-30 00:12:47,357][__main__][INFO] - [4, 11, 21, 29], []
[2025-01-30 00:12:47,375][__main__][INFO] - [4, 11, 21, 30], []
[2025-01-30 00:12:47,393][__main__][INFO] - [4, 11, 21, 31], []
[2025-01-30 00:12:47,411][__main__][INFO] - [4, 11, 21, 32], []
[2025-01-30 00:12:47,429][__main__][INFO] - [4, 11, 21, 33], []
[2025-01-30 00:12:47,448][__main__][INFO] - [4, 11, 21, 34], []
[2025-01-30 00:12:47,466][__main__][INFO] - [4, 11, 21, 35], []
[2025-01-30 00:12:47,497][__main__][INFO] - [4, 11, 22, 26], []
[2025-01-30 00:12:47,514][__main__][INFO] - [4, 11, 22, 27], []
[2025-01-30 00:12:47,532][__main__][INFO] - [4, 11, 22, 28], []
[2025-01-30 00:12:47,550][__main__][INFO] - [4, 11, 22, 29], []
[2025-01-30 00:12:47,568][__main__][INFO] - [4, 11, 22, 30], []
[2025-01-30 00:12:47,586][__main__][INFO] - [4, 11, 22, 31], []
[2025-01-30 00:12:47,604][__main__][INFO] - [4, 11, 22, 32], []
[2025-01-30 00:12:47,649][__main__][INFO] - [4, 11, 22, 35], []
[2025-01-30 00:12:47,693][__main__][INFO] - [4, 11, 23, 27], []
[2025-01-30 00:12:47,711][__main__][INFO] - [4, 11, 23, 28], []
[2025-01-30 00:12:47,729][__main__][INFO] - [4, 11, 23, 29], []
[2025-01-30 00:12:47,747][__main__][INFO] - [4, 11, 23, 30], []
[2025-01-30 00:12:47,765][__main__][INFO] - [4, 11, 23, 31], []
[2025-01-30 00:12:47,783][__main__][INFO] - [4, 11, 23, 32], []
[2025-01-30 00:12:47,801][__main__][INFO] - [4, 11, 23, 33], []
[2025-01-30 00:12:47,820][__main__][INFO] - [4, 11, 23, 34], []
[2025-01-30 00:12:47,838][__main__][INFO] - [4, 11, 23, 35], []
[2025-01-30 00:12:48,039][__main__][INFO] - [4, 12, 21], [11]
[2025-01-30 00:12:48,058][__main__][INFO] - [4, 12, 22], [11]
[2025-01-30 00:12:48,078][__main__][INFO] - [4, 12, 23], [11]
[2025-01-30 00:12:48,096][__main__][INFO] - [4, 12, 24], [11]
[2025-01-30 00:12:48,115][__main__][INFO] - [4, 12, 25], [11]
[2025-01-30 00:12:48,133][__main__][INFO] - [4, 12, 26], [11]
[2025-01-30 00:12:48,152][__main__][INFO] - [4, 12, 27], [11]
[2025-01-30 00:12:48,170][__main__][INFO] - [4, 12, 28], [11]
[2025-01-30 00:12:48,188][__main__][INFO] - [4, 12, 29], [11]
[2025-01-30 00:12:48,206][__main__][INFO] - [4, 12, 30], [11]
[2025-01-30 00:12:48,224][__main__][INFO] - [4, 12, 31], [11]
[2025-01-30 00:12:48,242][__main__][INFO] - [4, 12, 32], [11]
[2025-01-30 00:12:48,260][__main__][INFO] - [4, 12, 33], [11]
[2025-01-30 00:12:48,278][__main__][INFO] - [4, 12, 34], [11]
[2025-01-30 00:12:48,296][__main__][INFO] - [4, 12, 35], [11]
[2025-01-30 00:12:48,327][__main__][INFO] - [4, 13, 21], [11]
[2025-01-30 00:12:48,346][__main__][INFO] - [4, 13, 22], [11]
[2025-01-30 00:12:48,363][__main__][INFO] - [4, 13, 23], [11]
[2025-01-30 00:12:48,381][__main__][INFO] - [4, 13, 24], [11]
[2025-01-30 00:12:48,412][__main__][INFO] - [4, 13, 26], [11]
[2025-01-30 00:12:48,430][__main__][INFO] - [4, 13, 27], [11]
[2025-01-30 00:12:48,447][__main__][INFO] - [4, 13, 28], [11]
[2025-01-30 00:12:48,466][__main__][INFO] - [4, 13, 29], [11]
[2025-01-30 00:12:48,483][__main__][INFO] - [4, 13, 30], [11]
[2025-01-30 00:12:48,501][__main__][INFO] - [4, 13, 31], [11]
[2025-01-30 00:12:48,518][__main__][INFO] - [4, 13, 32], [11]
[2025-01-30 00:12:48,536][__main__][INFO] - [4, 13, 33], [11]
[2025-01-30 00:12:48,553][__main__][INFO] - [4, 13, 34], [11]
[2025-01-30 00:12:48,571][__main__][INFO] - [4, 13, 35], [11]
[2025-01-30 00:12:48,602][__main__][INFO] - [4, 14, 21], [11]
[2025-01-30 00:12:48,620][__main__][INFO] - [4, 14, 22], [11]
[2025-01-30 00:12:48,638][__main__][INFO] - [4, 14, 23], [11]
[2025-01-30 00:12:48,656][__main__][INFO] - [4, 14, 24], [11]
[2025-01-30 00:12:48,687][__main__][INFO] - [4, 14, 26], [11]
[2025-01-30 00:12:48,705][__main__][INFO] - [4, 14, 27], [11]
[2025-01-30 00:12:48,722][__main__][INFO] - [4, 14, 28], [11]
[2025-01-30 00:12:48,740][__main__][INFO] - [4, 14, 29], [11]
[2025-01-30 00:12:48,758][__main__][INFO] - [4, 14, 30], [11]
[2025-01-30 00:12:48,776][__main__][INFO] - [4, 14, 31], [11]
[2025-01-30 00:12:48,793][__main__][INFO] - [4, 14, 32], [11]
[2025-01-30 00:12:48,812][__main__][INFO] - [4, 14, 33], [11]
[2025-01-30 00:12:48,830][__main__][INFO] - [4, 14, 34], [11]
[2025-01-30 00:12:48,848][__main__][INFO] - [4, 14, 35], [11]
[2025-01-30 00:12:48,878][__main__][INFO] - [4, 15, 21], [11]
[2025-01-30 00:12:48,896][__main__][INFO] - [4, 15, 22], [11]
[2025-01-30 00:12:48,914][__main__][INFO] - [4, 15, 23], [11]
[2025-01-30 00:12:48,932][__main__][INFO] - [4, 15, 24], [11]
[2025-01-30 00:12:48,963][__main__][INFO] - [4, 15, 26], [11]
[2025-01-30 00:12:48,981][__main__][INFO] - [4, 15, 27], [11]
[2025-01-30 00:12:48,998][__main__][INFO] - [4, 15, 28], [11]
[2025-01-30 00:12:49,017][__main__][INFO] - [4, 15, 29], [11]
[2025-01-30 00:12:49,034][__main__][INFO] - [4, 15, 30], [11]
[2025-01-30 00:12:49,053][__main__][INFO] - [4, 15, 31], [11]
[2025-01-30 00:12:49,070][__main__][INFO] - [4, 15, 32], [11]
[2025-01-30 00:12:49,088][__main__][INFO] - [4, 15, 33], [11]
[2025-01-30 00:12:49,106][__main__][INFO] - [4, 15, 34], [11]
[2025-01-30 00:12:49,124][__main__][INFO] - [4, 15, 35], [11]
[2025-01-30 00:12:49,154][__main__][INFO] - [4, 16, 21], [11]
[2025-01-30 00:12:49,173][__main__][INFO] - [4, 16, 22], [11]
[2025-01-30 00:12:49,191][__main__][INFO] - [4, 16, 23], [11]
[2025-01-30 00:12:49,285][__main__][INFO] - [4, 16, 29], [11]
[2025-01-30 00:12:49,303][__main__][INFO] - [4, 16, 30], [11]
[2025-01-30 00:12:49,322][__main__][INFO] - [4, 16, 31], [11]
[2025-01-30 00:12:49,340][__main__][INFO] - [4, 16, 32], [11]
[2025-01-30 00:12:49,358][__main__][INFO] - [4, 16, 33], [11]
[2025-01-30 00:12:49,389][__main__][INFO] - [4, 16, 35], [11]
[2025-01-30 00:12:49,420][__main__][INFO] - [4, 17, 21], [11]
[2025-01-30 00:12:49,438][__main__][INFO] - [4, 17, 22], [11]
[2025-01-30 00:12:49,456][__main__][INFO] - [4, 17, 23], [11]
[2025-01-30 00:12:49,474][__main__][INFO] - [4, 17, 24], [11]
[2025-01-30 00:12:49,505][__main__][INFO] - [4, 17, 26], [11]
[2025-01-30 00:12:49,523][__main__][INFO] - [4, 17, 27], [11]
[2025-01-30 00:12:49,542][__main__][INFO] - [4, 17, 28], [11]
[2025-01-30 00:12:49,560][__main__][INFO] - [4, 17, 29], [11]
[2025-01-30 00:12:49,578][__main__][INFO] - [4, 17, 30], [11]
[2025-01-30 00:12:49,596][__main__][INFO] - [4, 17, 31], [11]
[2025-01-30 00:12:49,615][__main__][INFO] - [4, 17, 32], [11]
[2025-01-30 00:12:49,633][__main__][INFO] - [4, 17, 33], [11]
[2025-01-30 00:12:49,652][__main__][INFO] - [4, 17, 34], [11]
[2025-01-30 00:12:49,669][__main__][INFO] - [4, 17, 35], [11]
[2025-01-30 00:12:49,700][__main__][INFO] - [4, 18, 21], [11]
[2025-01-30 00:12:49,718][__main__][INFO] - [4, 18, 22], [11]
[2025-01-30 00:12:49,737][__main__][INFO] - [4, 18, 23], [11]
[2025-01-30 00:12:49,845][__main__][INFO] - [4, 18, 31], [11]
[2025-01-30 00:12:49,903][__main__][INFO] - [4, 18, 35], [11]
[2025-01-30 00:12:49,934][__main__][INFO] - [4, 19, 21], [11]
[2025-01-30 00:12:49,952][__main__][INFO] - [4, 19, 22], [11]
[2025-01-30 00:12:49,970][__main__][INFO] - [4, 19, 23], [11]
[2025-01-30 00:12:50,002][__main__][INFO] - [4, 19, 25], [11]
[2025-01-30 00:12:50,138][__main__][INFO] - [4, 19, 35], [11]
[2025-01-30 00:12:50,183][__main__][INFO] - [4, 21, 26], [11]
[2025-01-30 00:12:50,201][__main__][INFO] - [4, 21, 27], [11]
[2025-01-30 00:12:50,219][__main__][INFO] - [4, 21, 28], [11]
[2025-01-30 00:12:50,237][__main__][INFO] - [4, 21, 29], [11]
[2025-01-30 00:12:50,255][__main__][INFO] - [4, 21, 30], [11]
[2025-01-30 00:12:50,274][__main__][INFO] - [4, 21, 31], [11]
[2025-01-30 00:12:50,292][__main__][INFO] - [4, 21, 32], [11]
[2025-01-30 00:12:50,310][__main__][INFO] - [4, 21, 33], [11]
[2025-01-30 00:12:50,328][__main__][INFO] - [4, 21, 34], [11]
[2025-01-30 00:12:50,345][__main__][INFO] - [4, 21, 35], [11]
[2025-01-30 00:12:50,377][__main__][INFO] - [4, 22, 26], [11]
[2025-01-30 00:12:50,396][__main__][INFO] - [4, 22, 27], [11]
[2025-01-30 00:12:50,414][__main__][INFO] - [4, 22, 28], [11]
[2025-01-30 00:12:50,432][__main__][INFO] - [4, 22, 29], [11]
[2025-01-30 00:12:50,450][__main__][INFO] - [4, 22, 30], [11]
[2025-01-30 00:12:50,467][__main__][INFO] - [4, 22, 31], [11]
[2025-01-30 00:12:50,484][__main__][INFO] - [4, 22, 32], [11]
[2025-01-30 00:12:50,503][__main__][INFO] - [4, 22, 33], [11]
[2025-01-30 00:12:50,520][__main__][INFO] - [4, 22, 34], [11]
[2025-01-30 00:12:50,538][__main__][INFO] - [4, 22, 35], [11]
[2025-01-30 00:12:50,569][__main__][INFO] - [4, 23, 26], [11]
[2025-01-30 00:12:50,586][__main__][INFO] - [4, 23, 27], [11]
[2025-01-30 00:12:50,605][__main__][INFO] - [4, 23, 28], [11]
[2025-01-30 00:12:50,623][__main__][INFO] - [4, 23, 29], [11]
[2025-01-30 00:12:50,641][__main__][INFO] - [4, 23, 30], [11]
[2025-01-30 00:12:50,659][__main__][INFO] - [4, 23, 31], [11]
[2025-01-30 00:12:50,677][__main__][INFO] - [4, 23, 32], [11]
[2025-01-30 00:12:50,695][__main__][INFO] - [4, 23, 33], [11]
[2025-01-30 00:12:50,713][__main__][INFO] - [4, 23, 34], [11]
[2025-01-30 00:12:50,732][__main__][INFO] - [4, 23, 35], [11]
[2025-01-30 00:12:50,790][__main__][INFO] - [4, 24, 28], [11]
[2025-01-30 00:12:50,808][__main__][INFO] - [4, 24, 29], [11]
[2025-01-30 00:12:50,827][__main__][INFO] - [4, 24, 30], [11]
[2025-01-30 00:12:50,845][__main__][INFO] - [4, 24, 31], [11]
[2025-01-30 00:12:50,863][__main__][INFO] - [4, 24, 32], [11]
[2025-01-30 00:12:50,881][__main__][INFO] - [4, 24, 33], [11]
[2025-01-30 00:12:50,900][__main__][INFO] - [4, 24, 34], [11]
[2025-01-30 00:12:50,918][__main__][INFO] - [4, 24, 35], [11]
[2025-01-30 00:12:51,067][__main__][INFO] - [4, 25, 35], [11]
[2025-01-30 00:12:51,111][__main__][INFO] - [4, 12, 21, 26], []
[2025-01-30 00:12:51,130][__main__][INFO] - [4, 12, 21, 27], []
[2025-01-30 00:12:51,148][__main__][INFO] - [4, 12, 21, 28], []
[2025-01-30 00:12:51,166][__main__][INFO] - [4, 12, 21, 29], []
[2025-01-30 00:12:51,185][__main__][INFO] - [4, 12, 21, 30], []
[2025-01-30 00:12:51,203][__main__][INFO] - [4, 12, 21, 31], []
[2025-01-30 00:12:51,220][__main__][INFO] - [4, 12, 21, 32], []
[2025-01-30 00:12:51,238][__main__][INFO] - [4, 12, 21, 33], []
[2025-01-30 00:12:51,256][__main__][INFO] - [4, 12, 21, 34], []
[2025-01-30 00:12:51,275][__main__][INFO] - [4, 12, 21, 35], []
[2025-01-30 00:12:51,307][__main__][INFO] - [4, 12, 22, 26], []
[2025-01-30 00:12:51,325][__main__][INFO] - [4, 12, 22, 27], []
[2025-01-30 00:12:51,343][__main__][INFO] - [4, 12, 22, 28], []
[2025-01-30 00:12:51,361][__main__][INFO] - [4, 12, 22, 29], []
[2025-01-30 00:12:51,379][__main__][INFO] - [4, 12, 22, 30], []
[2025-01-30 00:12:51,397][__main__][INFO] - [4, 12, 22, 31], []
[2025-01-30 00:12:51,415][__main__][INFO] - [4, 12, 22, 32], []
[2025-01-30 00:12:51,434][__main__][INFO] - [4, 12, 22, 33], []
[2025-01-30 00:12:51,452][__main__][INFO] - [4, 12, 22, 34], []
[2025-01-30 00:12:51,469][__main__][INFO] - [4, 12, 22, 35], []
[2025-01-30 00:12:51,500][__main__][INFO] - [4, 12, 23, 26], []
[2025-01-30 00:12:51,518][__main__][INFO] - [4, 12, 23, 27], []
[2025-01-30 00:12:51,536][__main__][INFO] - [4, 12, 23, 28], []
[2025-01-30 00:12:51,555][__main__][INFO] - [4, 12, 23, 29], []
[2025-01-30 00:12:51,573][__main__][INFO] - [4, 12, 23, 30], []
[2025-01-30 00:12:51,590][__main__][INFO] - [4, 12, 23, 31], []
[2025-01-30 00:12:51,608][__main__][INFO] - [4, 12, 23, 32], []
[2025-01-30 00:12:51,626][__main__][INFO] - [4, 12, 23, 33], []
[2025-01-30 00:12:51,645][__main__][INFO] - [4, 12, 23, 34], []
[2025-01-30 00:12:51,663][__main__][INFO] - [4, 12, 23, 35], []
[2025-01-30 00:12:51,759][__main__][INFO] - [4, 12, 24, 31], []
[2025-01-30 00:12:51,777][__main__][INFO] - [4, 12, 24, 32], []
[2025-01-30 00:12:51,796][__main__][INFO] - [4, 12, 24, 33], []
[2025-01-30 00:12:51,814][__main__][INFO] - [4, 12, 24, 34], []
[2025-01-30 00:12:51,832][__main__][INFO] - [4, 12, 24, 35], []
[2025-01-30 00:12:51,978][__main__][INFO] - [4, 12, 25, 35], []
[2025-01-30 00:12:52,023][__main__][INFO] - [4, 13, 21, 26], []
[2025-01-30 00:12:52,042][__main__][INFO] - [4, 13, 21, 27], []
[2025-01-30 00:12:52,059][__main__][INFO] - [4, 13, 21, 28], []
[2025-01-30 00:12:52,077][__main__][INFO] - [4, 13, 21, 29], []
[2025-01-30 00:12:52,095][__main__][INFO] - [4, 13, 21, 30], []
[2025-01-30 00:12:52,113][__main__][INFO] - [4, 13, 21, 31], []
[2025-01-30 00:12:52,131][__main__][INFO] - [4, 13, 21, 32], []
[2025-01-30 00:12:52,150][__main__][INFO] - [4, 13, 21, 33], []
[2025-01-30 00:12:52,168][__main__][INFO] - [4, 13, 21, 34], []
[2025-01-30 00:12:52,186][__main__][INFO] - [4, 13, 21, 35], []
[2025-01-30 00:12:52,334][__main__][INFO] - [4, 13, 22, 35], []
[2025-01-30 00:12:52,431][__main__][INFO] - [4, 13, 23, 31], []
[2025-01-30 00:12:52,450][__main__][INFO] - [4, 13, 23, 32], []
[2025-01-30 00:12:52,495][__main__][INFO] - [4, 13, 23, 35], []
[2025-01-30 00:12:52,710][__main__][INFO] - [4, 14, 21, 27], []
[2025-01-30 00:12:52,729][__main__][INFO] - [4, 14, 21, 28], []
[2025-01-30 00:12:52,748][__main__][INFO] - [4, 14, 21, 29], []
[2025-01-30 00:12:52,766][__main__][INFO] - [4, 14, 21, 30], []
[2025-01-30 00:12:52,784][__main__][INFO] - [4, 14, 21, 31], []
[2025-01-30 00:12:52,802][__main__][INFO] - [4, 14, 21, 32], []
[2025-01-30 00:12:52,820][__main__][INFO] - [4, 14, 21, 33], []
[2025-01-30 00:12:52,838][__main__][INFO] - [4, 14, 21, 34], []
[2025-01-30 00:12:52,856][__main__][INFO] - [4, 14, 21, 35], []
[2025-01-30 00:12:52,926][__main__][INFO] - [4, 14, 22, 29], []
[2025-01-30 00:12:52,944][__main__][INFO] - [4, 14, 22, 30], []
[2025-01-30 00:12:53,015][__main__][INFO] - [4, 14, 22, 35], []
[2025-01-30 00:12:53,073][__main__][INFO] - [4, 14, 23, 28], []
[2025-01-30 00:12:53,091][__main__][INFO] - [4, 14, 23, 29], []
[2025-01-30 00:12:53,109][__main__][INFO] - [4, 14, 23, 30], []
[2025-01-30 00:12:53,140][__main__][INFO] - [4, 14, 23, 32], []
[2025-01-30 00:12:53,158][__main__][INFO] - [4, 14, 23, 33], []
[2025-01-30 00:12:53,177][__main__][INFO] - [4, 14, 23, 34], []
[2025-01-30 00:12:53,195][__main__][INFO] - [4, 14, 23, 35], []
[2025-01-30 00:12:53,341][__main__][INFO] - [4, 14, 24, 35], []
[2025-01-30 00:12:53,422][__main__][INFO] - [4, 15, 21, 28], []
[2025-01-30 00:12:53,440][__main__][INFO] - [4, 15, 21, 29], []
[2025-01-30 00:12:53,458][__main__][INFO] - [4, 15, 21, 30], []
[2025-01-30 00:12:53,476][__main__][INFO] - [4, 15, 21, 31], []
[2025-01-30 00:12:53,494][__main__][INFO] - [4, 15, 21, 32], []
[2025-01-30 00:12:53,512][__main__][INFO] - [4, 15, 21, 33], []
[2025-01-30 00:12:53,530][__main__][INFO] - [4, 15, 21, 34], []
[2025-01-30 00:12:53,548][__main__][INFO] - [4, 15, 21, 35], []
[2025-01-30 00:12:53,578][__main__][INFO] - [4, 15, 22, 26], []
[2025-01-30 00:12:53,596][__main__][INFO] - [4, 15, 22, 27], []
[2025-01-30 00:12:53,614][__main__][INFO] - [4, 15, 22, 28], []
[2025-01-30 00:12:53,633][__main__][INFO] - [4, 15, 22, 29], []
[2025-01-30 00:12:53,651][__main__][INFO] - [4, 15, 22, 30], []
[2025-01-30 00:12:53,669][__main__][INFO] - [4, 15, 22, 31], []
[2025-01-30 00:12:53,687][__main__][INFO] - [4, 15, 22, 32], []
[2025-01-30 00:12:53,705][__main__][INFO] - [4, 15, 22, 33], []
[2025-01-30 00:12:53,723][__main__][INFO] - [4, 15, 22, 34], []
[2025-01-30 00:12:53,741][__main__][INFO] - [4, 15, 22, 35], []
[2025-01-30 00:12:53,772][__main__][INFO] - [4, 15, 23, 26], []
[2025-01-30 00:12:53,790][__main__][INFO] - [4, 15, 23, 27], []
[2025-01-30 00:12:53,807][__main__][INFO] - [4, 15, 23, 28], []
[2025-01-30 00:12:53,825][__main__][INFO] - [4, 15, 23, 29], []
[2025-01-30 00:12:53,844][__main__][INFO] - [4, 15, 23, 30], []
[2025-01-30 00:12:53,861][__main__][INFO] - [4, 15, 23, 31], []
[2025-01-30 00:12:53,879][__main__][INFO] - [4, 15, 23, 32], []
[2025-01-30 00:12:53,897][__main__][INFO] - [4, 15, 23, 33], []
[2025-01-30 00:12:53,916][__main__][INFO] - [4, 15, 23, 34], []
[2025-01-30 00:12:53,934][__main__][INFO] - [4, 15, 23, 35], []
[2025-01-30 00:12:54,083][__main__][INFO] - [4, 15, 24, 35], []
[2025-01-30 00:12:54,179][__main__][INFO] - [4, 16, 21, 29], []
[2025-01-30 00:12:54,198][__main__][INFO] - [4, 16, 21, 30], []
[2025-01-30 00:12:54,216][__main__][INFO] - [4, 16, 21, 31], []
[2025-01-30 00:12:54,234][__main__][INFO] - [4, 16, 21, 32], []
[2025-01-30 00:12:54,252][__main__][INFO] - [4, 16, 21, 33], []
[2025-01-30 00:12:54,283][__main__][INFO] - [4, 16, 21, 35], []
[2025-01-30 00:12:54,642][__main__][INFO] - [4, 17, 21, 26], []
[2025-01-30 00:12:54,660][__main__][INFO] - [4, 17, 21, 27], []
[2025-01-30 00:12:54,678][__main__][INFO] - [4, 17, 21, 28], []
[2025-01-30 00:12:54,696][__main__][INFO] - [4, 17, 21, 29], []
[2025-01-30 00:12:54,714][__main__][INFO] - [4, 17, 21, 30], []
[2025-01-30 00:12:54,732][__main__][INFO] - [4, 17, 21, 31], []
[2025-01-30 00:12:54,750][__main__][INFO] - [4, 17, 21, 32], []
[2025-01-30 00:12:54,768][__main__][INFO] - [4, 17, 21, 33], []
[2025-01-30 00:12:54,786][__main__][INFO] - [4, 17, 21, 34], []
[2025-01-30 00:12:54,803][__main__][INFO] - [4, 17, 21, 35], []
[2025-01-30 00:12:54,834][__main__][INFO] - [4, 17, 22, 26], []
[2025-01-30 00:12:54,852][__main__][INFO] - [4, 17, 22, 27], []
[2025-01-30 00:12:54,870][__main__][INFO] - [4, 17, 22, 28], []
[2025-01-30 00:12:54,887][__main__][INFO] - [4, 17, 22, 29], []
[2025-01-30 00:12:54,905][__main__][INFO] - [4, 17, 22, 30], []
[2025-01-30 00:12:54,923][__main__][INFO] - [4, 17, 22, 31], []
[2025-01-30 00:12:54,941][__main__][INFO] - [4, 17, 22, 32], []
[2025-01-30 00:12:54,959][__main__][INFO] - [4, 17, 22, 33], []
[2025-01-30 00:12:54,977][__main__][INFO] - [4, 17, 22, 34], []
[2025-01-30 00:12:54,995][__main__][INFO] - [4, 17, 22, 35], []
[2025-01-30 00:12:55,026][__main__][INFO] - [4, 17, 23, 26], []
[2025-01-30 00:12:55,044][__main__][INFO] - [4, 17, 23, 27], []
[2025-01-30 00:12:55,062][__main__][INFO] - [4, 17, 23, 28], []
[2025-01-30 00:12:55,080][__main__][INFO] - [4, 17, 23, 29], []
[2025-01-30 00:12:55,098][__main__][INFO] - [4, 17, 23, 30], []
[2025-01-30 00:12:55,116][__main__][INFO] - [4, 17, 23, 31], []
[2025-01-30 00:12:55,134][__main__][INFO] - [4, 17, 23, 32], []
[2025-01-30 00:12:55,152][__main__][INFO] - [4, 17, 23, 33], []
[2025-01-30 00:12:55,170][__main__][INFO] - [4, 17, 23, 34], []
[2025-01-30 00:12:55,188][__main__][INFO] - [4, 17, 23, 35], []
[2025-01-30 00:12:55,506][__main__][INFO] - [4, 18, 21, 35], []
[2025-01-30 00:12:55,981][__main__][INFO] - [4, 19, 21, 35], []
[2025-01-30 00:12:56,271][__main__][INFO] - [4, 19, 23, 35], []
[2025-01-30 00:12:56,495][__main__][INFO] - [5, 10, 11, 12], []
[2025-01-30 00:12:56,512][__main__][INFO] - [5, 10, 11, 13], []
[2025-01-30 00:12:56,529][__main__][INFO] - [5, 10, 11, 14], []
[2025-01-30 00:12:56,547][__main__][INFO] - [5, 10, 11, 15], []
[2025-01-30 00:12:56,577][__main__][INFO] - [5, 10, 11, 17], []
[2025-01-30 00:12:56,634][__main__][INFO] - [5, 10, 11, 21], []
[2025-01-30 00:12:56,652][__main__][INFO] - [5, 10, 11, 22], []
[2025-01-30 00:12:56,670][__main__][INFO] - [5, 10, 11, 23], []
[2025-01-30 00:12:56,714][__main__][INFO] - [5, 10, 11, 26], []
[2025-01-30 00:12:56,732][__main__][INFO] - [5, 10, 11, 27], []
[2025-01-30 00:12:56,750][__main__][INFO] - [5, 10, 11, 28], []
[2025-01-30 00:12:56,768][__main__][INFO] - [5, 10, 11, 29], []
[2025-01-30 00:12:56,786][__main__][INFO] - [5, 10, 11, 30], []
[2025-01-30 00:12:56,804][__main__][INFO] - [5, 10, 11, 31], []
[2025-01-30 00:12:56,821][__main__][INFO] - [5, 10, 11, 32], []
[2025-01-30 00:12:56,839][__main__][INFO] - [5, 10, 11, 33], []
[2025-01-30 00:12:56,857][__main__][INFO] - [5, 10, 11, 34], []
[2025-01-30 00:12:56,874][__main__][INFO] - [5, 10, 11, 35], []
[2025-01-30 00:12:56,905][__main__][INFO] - [5, 10, 12], [11]
[2025-01-30 00:12:56,924][__main__][INFO] - [5, 10, 13], [11]
[2025-01-30 00:12:56,941][__main__][INFO] - [5, 10, 14], [11]
[2025-01-30 00:12:56,959][__main__][INFO] - [5, 10, 15], [11]
[2025-01-30 00:12:56,976][__main__][INFO] - [5, 10, 16], [11]
[2025-01-30 00:12:56,994][__main__][INFO] - [5, 10, 17], [11]
[2025-01-30 00:12:57,011][__main__][INFO] - [5, 10, 18], [11]
[2025-01-30 00:12:57,029][__main__][INFO] - [5, 10, 19], [11]
[2025-01-30 00:12:57,060][__main__][INFO] - [5, 10, 21], [11]
[2025-01-30 00:12:57,078][__main__][INFO] - [5, 10, 22], [11]
[2025-01-30 00:12:57,096][__main__][INFO] - [5, 10, 23], [11]
[2025-01-30 00:12:57,114][__main__][INFO] - [5, 10, 24], [11]
[2025-01-30 00:12:57,132][__main__][INFO] - [5, 10, 25], [11]
[2025-01-30 00:12:57,149][__main__][INFO] - [5, 10, 26], [11]
[2025-01-30 00:12:57,167][__main__][INFO] - [5, 10, 27], [11]
[2025-01-30 00:12:57,185][__main__][INFO] - [5, 10, 28], [11]
[2025-01-30 00:12:57,202][__main__][INFO] - [5, 10, 29], [11]
[2025-01-30 00:12:57,220][__main__][INFO] - [5, 10, 30], [11]
[2025-01-30 00:12:57,238][__main__][INFO] - [5, 10, 31], [11]
[2025-01-30 00:12:57,256][__main__][INFO] - [5, 10, 32], [11]
[2025-01-30 00:12:57,274][__main__][INFO] - [5, 10, 33], [11]
[2025-01-30 00:12:57,292][__main__][INFO] - [5, 10, 34], [11]
[2025-01-30 00:12:57,310][__main__][INFO] - [5, 10, 35], [11]
[2025-01-30 00:12:57,341][__main__][INFO] - [5, 10, 12, 21], []
[2025-01-30 00:12:57,360][__main__][INFO] - [5, 10, 12, 22], []
[2025-01-30 00:12:57,377][__main__][INFO] - [5, 10, 12, 23], []
[2025-01-30 00:12:57,395][__main__][INFO] - [5, 10, 12, 24], []
[2025-01-30 00:12:57,413][__main__][INFO] - [5, 10, 12, 25], []
[2025-01-30 00:12:57,431][__main__][INFO] - [5, 10, 12, 26], []
[2025-01-30 00:12:57,449][__main__][INFO] - [5, 10, 12, 27], []
[2025-01-30 00:12:57,467][__main__][INFO] - [5, 10, 12, 28], []
[2025-01-30 00:12:57,485][__main__][INFO] - [5, 10, 12, 29], []
[2025-01-30 00:12:57,503][__main__][INFO] - [5, 10, 12, 30], []
[2025-01-30 00:12:57,522][__main__][INFO] - [5, 10, 12, 31], []
[2025-01-30 00:12:57,539][__main__][INFO] - [5, 10, 12, 32], []
[2025-01-30 00:12:57,557][__main__][INFO] - [5, 10, 12, 33], []
[2025-01-30 00:12:57,575][__main__][INFO] - [5, 10, 12, 34], []
[2025-01-30 00:12:57,592][__main__][INFO] - [5, 10, 12, 35], []
[2025-01-30 00:12:57,623][__main__][INFO] - [5, 10, 13, 21], []
[2025-01-30 00:12:57,641][__main__][INFO] - [5, 10, 13, 22], []
[2025-01-30 00:12:57,659][__main__][INFO] - [5, 10, 13, 23], []
[2025-01-30 00:12:57,703][__main__][INFO] - [5, 10, 13, 26], []
[2025-01-30 00:12:57,721][__main__][INFO] - [5, 10, 13, 27], []
[2025-01-30 00:12:57,739][__main__][INFO] - [5, 10, 13, 28], []
[2025-01-30 00:12:57,757][__main__][INFO] - [5, 10, 13, 29], []
[2025-01-30 00:12:57,775][__main__][INFO] - [5, 10, 13, 30], []
[2025-01-30 00:12:57,793][__main__][INFO] - [5, 10, 13, 31], []
[2025-01-30 00:12:57,810][__main__][INFO] - [5, 10, 13, 32], []
[2025-01-30 00:12:57,828][__main__][INFO] - [5, 10, 13, 33], []
[2025-01-30 00:12:57,846][__main__][INFO] - [5, 10, 13, 34], []
[2025-01-30 00:12:57,864][__main__][INFO] - [5, 10, 13, 35], []
[2025-01-30 00:12:57,894][__main__][INFO] - [5, 10, 14, 21], []
[2025-01-30 00:12:57,912][__main__][INFO] - [5, 10, 14, 22], []
[2025-01-30 00:12:57,930][__main__][INFO] - [5, 10, 14, 23], []
[2025-01-30 00:12:57,947][__main__][INFO] - [5, 10, 14, 24], []
[2025-01-30 00:12:58,004][__main__][INFO] - [5, 10, 14, 28], []
[2025-01-30 00:12:58,021][__main__][INFO] - [5, 10, 14, 29], []
[2025-01-30 00:12:58,039][__main__][INFO] - [5, 10, 14, 30], []
[2025-01-30 00:12:58,056][__main__][INFO] - [5, 10, 14, 31], []
[2025-01-30 00:12:58,074][__main__][INFO] - [5, 10, 14, 32], []
[2025-01-30 00:12:58,092][__main__][INFO] - [5, 10, 14, 33], []
[2025-01-30 00:12:58,111][__main__][INFO] - [5, 10, 14, 34], []
[2025-01-30 00:12:58,129][__main__][INFO] - [5, 10, 14, 35], []
[2025-01-30 00:12:58,160][__main__][INFO] - [5, 10, 15, 21], []
[2025-01-30 00:12:58,178][__main__][INFO] - [5, 10, 15, 22], []
[2025-01-30 00:12:58,196][__main__][INFO] - [5, 10, 15, 23], []
[2025-01-30 00:12:58,214][__main__][INFO] - [5, 10, 15, 24], []
[2025-01-30 00:12:58,246][__main__][INFO] - [5, 10, 15, 26], []
[2025-01-30 00:12:58,263][__main__][INFO] - [5, 10, 15, 27], []
[2025-01-30 00:12:58,281][__main__][INFO] - [5, 10, 15, 28], []
[2025-01-30 00:12:58,299][__main__][INFO] - [5, 10, 15, 29], []
[2025-01-30 00:12:58,317][__main__][INFO] - [5, 10, 15, 30], []
[2025-01-30 00:12:58,334][__main__][INFO] - [5, 10, 15, 31], []
[2025-01-30 00:12:58,352][__main__][INFO] - [5, 10, 15, 32], []
[2025-01-30 00:12:58,370][__main__][INFO] - [5, 10, 15, 33], []
[2025-01-30 00:12:58,388][__main__][INFO] - [5, 10, 15, 34], []
[2025-01-30 00:12:58,406][__main__][INFO] - [5, 10, 15, 35], []
[2025-01-30 00:12:58,436][__main__][INFO] - [5, 10, 16, 21], []
[2025-01-30 00:12:58,622][__main__][INFO] - [5, 10, 16, 35], []
[2025-01-30 00:12:58,653][__main__][INFO] - [5, 10, 17, 21], []
[2025-01-30 00:12:58,671][__main__][INFO] - [5, 10, 17, 22], []
[2025-01-30 00:12:58,689][__main__][INFO] - [5, 10, 17, 23], []
[2025-01-30 00:12:58,734][__main__][INFO] - [5, 10, 17, 26], []
[2025-01-30 00:12:58,752][__main__][INFO] - [5, 10, 17, 27], []
[2025-01-30 00:12:58,770][__main__][INFO] - [5, 10, 17, 28], []
[2025-01-30 00:12:58,788][__main__][INFO] - [5, 10, 17, 29], []
[2025-01-30 00:12:58,806][__main__][INFO] - [5, 10, 17, 30], []
[2025-01-30 00:12:58,824][__main__][INFO] - [5, 10, 17, 31], []
[2025-01-30 00:12:58,842][__main__][INFO] - [5, 10, 17, 32], []
[2025-01-30 00:12:58,860][__main__][INFO] - [5, 10, 17, 33], []
[2025-01-30 00:12:58,879][__main__][INFO] - [5, 10, 17, 34], []
[2025-01-30 00:12:58,897][__main__][INFO] - [5, 10, 17, 35], []
[2025-01-30 00:12:58,928][__main__][INFO] - [5, 10, 18, 21], []
[2025-01-30 00:12:59,142][__main__][INFO] - [5, 10, 19, 21], []
[2025-01-30 00:12:59,174][__main__][INFO] - [5, 10, 19, 23], []
[2025-01-30 00:12:59,333][__main__][INFO] - [5, 10, 19, 35], []
[2025-01-30 00:12:59,378][__main__][INFO] - [5, 10, 21, 26], []
[2025-01-30 00:12:59,396][__main__][INFO] - [5, 10, 21, 27], []
[2025-01-30 00:12:59,414][__main__][INFO] - [5, 10, 21, 28], []
[2025-01-30 00:12:59,432][__main__][INFO] - [5, 10, 21, 29], []
[2025-01-30 00:12:59,451][__main__][INFO] - [5, 10, 21, 30], []
[2025-01-30 00:12:59,469][__main__][INFO] - [5, 10, 21, 31], []
[2025-01-30 00:12:59,487][__main__][INFO] - [5, 10, 21, 32], []
[2025-01-30 00:12:59,505][__main__][INFO] - [5, 10, 21, 33], []
[2025-01-30 00:12:59,522][__main__][INFO] - [5, 10, 21, 34], []
[2025-01-30 00:12:59,540][__main__][INFO] - [5, 10, 21, 35], []
[2025-01-30 00:12:59,572][__main__][INFO] - [5, 10, 22, 26], []
[2025-01-30 00:12:59,591][__main__][INFO] - [5, 10, 22, 27], []
[2025-01-30 00:12:59,609][__main__][INFO] - [5, 10, 22, 28], []
[2025-01-30 00:12:59,627][__main__][INFO] - [5, 10, 22, 29], []
[2025-01-30 00:12:59,645][__main__][INFO] - [5, 10, 22, 30], []
[2025-01-30 00:12:59,663][__main__][INFO] - [5, 10, 22, 31], []
[2025-01-30 00:12:59,681][__main__][INFO] - [5, 10, 22, 32], []
[2025-01-30 00:12:59,699][__main__][INFO] - [5, 10, 22, 33], []
[2025-01-30 00:12:59,717][__main__][INFO] - [5, 10, 22, 34], []
[2025-01-30 00:12:59,735][__main__][INFO] - [5, 10, 22, 35], []
[2025-01-30 00:12:59,766][__main__][INFO] - [5, 10, 23, 26], []
[2025-01-30 00:12:59,784][__main__][INFO] - [5, 10, 23, 27], []
[2025-01-30 00:12:59,801][__main__][INFO] - [5, 10, 23, 28], []
[2025-01-30 00:12:59,819][__main__][INFO] - [5, 10, 23, 29], []
[2025-01-30 00:12:59,838][__main__][INFO] - [5, 10, 23, 30], []
[2025-01-30 00:12:59,856][__main__][INFO] - [5, 10, 23, 31], []
[2025-01-30 00:12:59,874][__main__][INFO] - [5, 10, 23, 32], []
[2025-01-30 00:12:59,891][__main__][INFO] - [5, 10, 23, 33], []
[2025-01-30 00:12:59,909][__main__][INFO] - [5, 10, 23, 34], []
[2025-01-30 00:12:59,927][__main__][INFO] - [5, 10, 23, 35], []
[2025-01-30 00:13:00,038][__main__][INFO] - [5, 10, 24, 32], []
[2025-01-30 00:13:00,069][__main__][INFO] - [5, 10, 24, 34], []
[2025-01-30 00:13:00,087][__main__][INFO] - [5, 10, 24, 35], []
[2025-01-30 00:13:00,236][__main__][INFO] - [5, 10, 25, 35], []
[2025-01-30 00:13:00,280][__main__][INFO] - [5, 11, 12], [10]
[2025-01-30 00:13:00,298][__main__][INFO] - [5, 11, 13], [10]
[2025-01-30 00:13:00,315][__main__][INFO] - [5, 11, 14], [10]
[2025-01-30 00:13:00,333][__main__][INFO] - [5, 11, 15], [10]
[2025-01-30 00:13:00,363][__main__][INFO] - [5, 11, 17], [10]
[2025-01-30 00:13:00,420][__main__][INFO] - [5, 11, 21], [10]
[2025-01-30 00:13:00,437][__main__][INFO] - [5, 11, 22], [10]
[2025-01-30 00:13:00,456][__main__][INFO] - [5, 11, 23], [10]
[2025-01-30 00:13:00,473][__main__][INFO] - [5, 11, 24], [10]
[2025-01-30 00:13:00,505][__main__][INFO] - [5, 11, 26], [10]
[2025-01-30 00:13:00,522][__main__][INFO] - [5, 11, 27], [10]
[2025-01-30 00:13:00,540][__main__][INFO] - [5, 11, 28], [10]
[2025-01-30 00:13:00,558][__main__][INFO] - [5, 11, 29], [10]
[2025-01-30 00:13:00,575][__main__][INFO] - [5, 11, 30], [10]
[2025-01-30 00:13:00,593][__main__][INFO] - [5, 11, 31], [10]
[2025-01-30 00:13:00,611][__main__][INFO] - [5, 11, 32], [10]
[2025-01-30 00:13:00,629][__main__][INFO] - [5, 11, 33], [10]
[2025-01-30 00:13:00,646][__main__][INFO] - [5, 11, 34], [10]
[2025-01-30 00:13:00,664][__main__][INFO] - [5, 11, 35], [10]
[2025-01-30 00:13:00,695][__main__][INFO] - [5, 12], [10, 11]
[2025-01-30 00:13:00,714][__main__][INFO] - [5, 13], [10, 11]
[2025-01-30 00:13:00,731][__main__][INFO] - [5, 14], [10, 11]
[2025-01-30 00:13:00,749][__main__][INFO] - [5, 15], [10, 11]
[2025-01-30 00:13:00,766][__main__][INFO] - [5, 16], [10, 11]
[2025-01-30 00:13:00,784][__main__][INFO] - [5, 17], [10, 11]
[2025-01-30 00:13:00,802][__main__][INFO] - [5, 18], [10, 11]
[2025-01-30 00:13:00,820][__main__][INFO] - [5, 19], [10, 11]
[2025-01-30 00:13:00,851][__main__][INFO] - [5, 21], [10, 11]
[2025-01-30 00:13:00,870][__main__][INFO] - [5, 22], [10, 11]
[2025-01-30 00:13:00,887][__main__][INFO] - [5, 23], [10, 11]
[2025-01-30 00:13:00,905][__main__][INFO] - [5, 24], [10, 11]
[2025-01-30 00:13:00,923][__main__][INFO] - [5, 25], [10, 11]
[2025-01-30 00:13:00,941][__main__][INFO] - [5, 26], [10, 11]
[2025-01-30 00:13:00,959][__main__][INFO] - [5, 27], [10, 11]
[2025-01-30 00:13:00,977][__main__][INFO] - [5, 28], [10, 11]
[2025-01-30 00:13:00,994][__main__][INFO] - [5, 29], [10, 11]
[2025-01-30 00:13:01,011][__main__][INFO] - [5, 30], [10, 11]
[2025-01-30 00:13:01,029][__main__][INFO] - [5, 31], [10, 11]
[2025-01-30 00:13:01,047][__main__][INFO] - [5, 32], [10, 11]
[2025-01-30 00:13:01,065][__main__][INFO] - [5, 33], [10, 11]
[2025-01-30 00:13:01,083][__main__][INFO] - [5, 34], [10, 11]
[2025-01-30 00:13:01,100][__main__][INFO] - [5, 35], [10, 11]
[2025-01-30 00:13:01,131][__main__][INFO] - [5, 12, 21], [10]
[2025-01-30 00:13:01,150][__main__][INFO] - [5, 12, 22], [10]
[2025-01-30 00:13:01,167][__main__][INFO] - [5, 12, 23], [10]
[2025-01-30 00:13:01,185][__main__][INFO] - [5, 12, 24], [10]
[2025-01-30 00:13:01,203][__main__][INFO] - [5, 12, 25], [10]
[2025-01-30 00:13:01,221][__main__][INFO] - [5, 12, 26], [10]
[2025-01-30 00:13:01,239][__main__][INFO] - [5, 12, 27], [10]
[2025-01-30 00:13:01,257][__main__][INFO] - [5, 12, 28], [10]
[2025-01-30 00:13:01,275][__main__][INFO] - [5, 12, 29], [10]
[2025-01-30 00:13:01,292][__main__][INFO] - [5, 12, 30], [10]
[2025-01-30 00:13:01,310][__main__][INFO] - [5, 12, 31], [10]
[2025-01-30 00:13:01,328][__main__][INFO] - [5, 12, 32], [10]
[2025-01-30 00:13:01,346][__main__][INFO] - [5, 12, 33], [10]
[2025-01-30 00:13:01,364][__main__][INFO] - [5, 12, 34], [10]
[2025-01-30 00:13:01,382][__main__][INFO] - [5, 12, 35], [10]
[2025-01-30 00:13:01,413][__main__][INFO] - [5, 13, 21], [10]
[2025-01-30 00:13:01,431][__main__][INFO] - [5, 13, 22], [10]
[2025-01-30 00:13:01,449][__main__][INFO] - [5, 13, 23], [10]
[2025-01-30 00:13:01,505][__main__][INFO] - [5, 13, 27], [10]
[2025-01-30 00:13:01,523][__main__][INFO] - [5, 13, 28], [10]
[2025-01-30 00:13:01,541][__main__][INFO] - [5, 13, 29], [10]
[2025-01-30 00:13:01,558][__main__][INFO] - [5, 13, 30], [10]
[2025-01-30 00:13:01,576][__main__][INFO] - [5, 13, 31], [10]
[2025-01-30 00:13:01,594][__main__][INFO] - [5, 13, 32], [10]
[2025-01-30 00:13:01,612][__main__][INFO] - [5, 13, 33], [10]
[2025-01-30 00:13:01,630][__main__][INFO] - [5, 13, 34], [10]
[2025-01-30 00:13:01,647][__main__][INFO] - [5, 13, 35], [10]
[2025-01-30 00:13:01,678][__main__][INFO] - [5, 14, 21], [10]
[2025-01-30 00:13:01,696][__main__][INFO] - [5, 14, 22], [10]
[2025-01-30 00:13:01,715][__main__][INFO] - [5, 14, 23], [10]
[2025-01-30 00:13:01,733][__main__][INFO] - [5, 14, 24], [10]
[2025-01-30 00:13:01,777][__main__][INFO] - [5, 14, 27], [10]
[2025-01-30 00:13:01,794][__main__][INFO] - [5, 14, 28], [10]
[2025-01-30 00:13:01,813][__main__][INFO] - [5, 14, 29], [10]
[2025-01-30 00:13:01,830][__main__][INFO] - [5, 14, 30], [10]
[2025-01-30 00:13:01,849][__main__][INFO] - [5, 14, 31], [10]
[2025-01-30 00:13:01,867][__main__][INFO] - [5, 14, 32], [10]
[2025-01-30 00:13:01,885][__main__][INFO] - [5, 14, 33], [10]
[2025-01-30 00:13:01,903][__main__][INFO] - [5, 14, 34], [10]
[2025-01-30 00:13:01,921][__main__][INFO] - [5, 14, 35], [10]
[2025-01-30 00:13:01,952][__main__][INFO] - [5, 15, 21], [10]
[2025-01-30 00:13:01,970][__main__][INFO] - [5, 15, 22], [10]
[2025-01-30 00:13:01,988][__main__][INFO] - [5, 15, 23], [10]
[2025-01-30 00:13:02,007][__main__][INFO] - [5, 15, 24], [10]
[2025-01-30 00:13:02,038][__main__][INFO] - [5, 15, 26], [10]
[2025-01-30 00:13:02,056][__main__][INFO] - [5, 15, 27], [10]
[2025-01-30 00:13:02,074][__main__][INFO] - [5, 15, 28], [10]
[2025-01-30 00:13:02,092][__main__][INFO] - [5, 15, 29], [10]
[2025-01-30 00:13:02,109][__main__][INFO] - [5, 15, 30], [10]
[2025-01-30 00:13:02,128][__main__][INFO] - [5, 15, 31], [10]
[2025-01-30 00:13:02,146][__main__][INFO] - [5, 15, 32], [10]
[2025-01-30 00:13:02,164][__main__][INFO] - [5, 15, 33], [10]
[2025-01-30 00:13:02,182][__main__][INFO] - [5, 15, 34], [10]
[2025-01-30 00:13:02,200][__main__][INFO] - [5, 15, 35], [10]
[2025-01-30 00:13:02,232][__main__][INFO] - [5, 16, 21], [10]
[2025-01-30 00:13:02,263][__main__][INFO] - [5, 16, 23], [10]
[2025-01-30 00:13:02,360][__main__][INFO] - [5, 16, 30], [10]
[2025-01-30 00:13:02,432][__main__][INFO] - [5, 16, 35], [10]
[2025-01-30 00:13:02,464][__main__][INFO] - [5, 17, 21], [10]
[2025-01-30 00:13:02,482][__main__][INFO] - [5, 17, 22], [10]
[2025-01-30 00:13:02,500][__main__][INFO] - [5, 17, 23], [10]
[2025-01-30 00:13:02,519][__main__][INFO] - [5, 17, 24], [10]
[2025-01-30 00:13:02,551][__main__][INFO] - [5, 17, 26], [10]
[2025-01-30 00:13:02,569][__main__][INFO] - [5, 17, 27], [10]
[2025-01-30 00:13:02,586][__main__][INFO] - [5, 17, 28], [10]
[2025-01-30 00:13:02,605][__main__][INFO] - [5, 17, 29], [10]
[2025-01-30 00:13:02,622][__main__][INFO] - [5, 17, 30], [10]
[2025-01-30 00:13:02,641][__main__][INFO] - [5, 17, 31], [10]
[2025-01-30 00:13:02,659][__main__][INFO] - [5, 17, 32], [10]
[2025-01-30 00:13:02,677][__main__][INFO] - [5, 17, 33], [10]
[2025-01-30 00:13:02,694][__main__][INFO] - [5, 17, 34], [10]
[2025-01-30 00:13:02,712][__main__][INFO] - [5, 17, 35], [10]
[2025-01-30 00:13:02,743][__main__][INFO] - [5, 18, 21], [10]
[2025-01-30 00:13:02,932][__main__][INFO] - [5, 18, 35], [10]
[2025-01-30 00:13:02,965][__main__][INFO] - [5, 19, 21], [10]
[2025-01-30 00:13:02,995][__main__][INFO] - [5, 19, 23], [10]
[2025-01-30 00:13:03,156][__main__][INFO] - [5, 19, 35], [10]
[2025-01-30 00:13:03,200][__main__][INFO] - [5, 21, 26], [10]
[2025-01-30 00:13:03,219][__main__][INFO] - [5, 21, 27], [10]
[2025-01-30 00:13:03,237][__main__][INFO] - [5, 21, 28], [10]
[2025-01-30 00:13:03,256][__main__][INFO] - [5, 21, 29], [10]
[2025-01-30 00:13:03,274][__main__][INFO] - [5, 21, 30], [10]
[2025-01-30 00:13:03,292][__main__][INFO] - [5, 21, 31], [10]
[2025-01-30 00:13:03,311][__main__][INFO] - [5, 21, 32], [10]
[2025-01-30 00:13:03,329][__main__][INFO] - [5, 21, 33], [10]
[2025-01-30 00:13:03,347][__main__][INFO] - [5, 21, 34], [10]
[2025-01-30 00:13:03,365][__main__][INFO] - [5, 21, 35], [10]
[2025-01-30 00:13:03,397][__main__][INFO] - [5, 22, 26], [10]
[2025-01-30 00:13:03,415][__main__][INFO] - [5, 22, 27], [10]
[2025-01-30 00:13:03,433][__main__][INFO] - [5, 22, 28], [10]
[2025-01-30 00:13:03,451][__main__][INFO] - [5, 22, 29], [10]
[2025-01-30 00:13:03,469][__main__][INFO] - [5, 22, 30], [10]
[2025-01-30 00:13:03,486][__main__][INFO] - [5, 22, 31], [10]
[2025-01-30 00:13:03,504][__main__][INFO] - [5, 22, 32], [10]
[2025-01-30 00:13:03,523][__main__][INFO] - [5, 22, 33], [10]
[2025-01-30 00:13:03,541][__main__][INFO] - [5, 22, 34], [10]
[2025-01-30 00:13:03,558][__main__][INFO] - [5, 22, 35], [10]
[2025-01-30 00:13:03,589][__main__][INFO] - [5, 23, 26], [10]
[2025-01-30 00:13:03,607][__main__][INFO] - [5, 23, 27], [10]
[2025-01-30 00:13:03,626][__main__][INFO] - [5, 23, 28], [10]
[2025-01-30 00:13:03,644][__main__][INFO] - [5, 23, 29], [10]
[2025-01-30 00:13:03,662][__main__][INFO] - [5, 23, 30], [10]
[2025-01-30 00:13:03,680][__main__][INFO] - [5, 23, 31], [10]
[2025-01-30 00:13:03,698][__main__][INFO] - [5, 23, 32], [10]
[2025-01-30 00:13:03,716][__main__][INFO] - [5, 23, 33], [10]
[2025-01-30 00:13:03,734][__main__][INFO] - [5, 23, 34], [10]
[2025-01-30 00:13:03,752][__main__][INFO] - [5, 23, 35], [10]
[2025-01-30 00:13:03,823][__main__][INFO] - [5, 24, 29], [10]
[2025-01-30 00:13:03,841][__main__][INFO] - [5, 24, 30], [10]
[2025-01-30 00:13:03,859][__main__][INFO] - [5, 24, 31], [10]
[2025-01-30 00:13:03,877][__main__][INFO] - [5, 24, 32], [10]
[2025-01-30 00:13:03,908][__main__][INFO] - [5, 24, 34], [10]
[2025-01-30 00:13:03,926][__main__][INFO] - [5, 24, 35], [10]
[2025-01-30 00:13:04,076][__main__][INFO] - [5, 25, 35], [10]
[2025-01-30 00:13:04,119][__main__][INFO] - [5, 11, 12, 21], []
[2025-01-30 00:13:04,138][__main__][INFO] - [5, 11, 12, 22], []
[2025-01-30 00:13:04,156][__main__][INFO] - [5, 11, 12, 23], []
[2025-01-30 00:13:04,173][__main__][INFO] - [5, 11, 12, 24], []
[2025-01-30 00:13:04,204][__main__][INFO] - [5, 11, 12, 26], []
[2025-01-30 00:13:04,221][__main__][INFO] - [5, 11, 12, 27], []
[2025-01-30 00:13:04,241][__main__][INFO] - [5, 11, 12, 28], []
[2025-01-30 00:13:04,260][__main__][INFO] - [5, 11, 12, 29], []
[2025-01-30 00:13:04,278][__main__][INFO] - [5, 11, 12, 30], []
[2025-01-30 00:13:04,296][__main__][INFO] - [5, 11, 12, 31], []
[2025-01-30 00:13:04,313][__main__][INFO] - [5, 11, 12, 32], []
[2025-01-30 00:13:04,331][__main__][INFO] - [5, 11, 12, 33], []
[2025-01-30 00:13:04,349][__main__][INFO] - [5, 11, 12, 34], []
[2025-01-30 00:13:04,367][__main__][INFO] - [5, 11, 12, 35], []
[2025-01-30 00:13:04,398][__main__][INFO] - [5, 11, 13, 21], []
[2025-01-30 00:13:04,493][__main__][INFO] - [5, 11, 13, 28], []
[2025-01-30 00:13:04,576][__main__][INFO] - [5, 11, 13, 34], []
[2025-01-30 00:13:04,594][__main__][INFO] - [5, 11, 13, 35], []
[2025-01-30 00:13:04,625][__main__][INFO] - [5, 11, 14, 21], []
[2025-01-30 00:13:04,814][__main__][INFO] - [5, 11, 14, 35], []
[2025-01-30 00:13:04,846][__main__][INFO] - [5, 11, 15, 21], []
[2025-01-30 00:13:04,864][__main__][INFO] - [5, 11, 15, 22], []
[2025-01-30 00:13:04,882][__main__][INFO] - [5, 11, 15, 23], []
[2025-01-30 00:13:04,952][__main__][INFO] - [5, 11, 15, 28], []
[2025-01-30 00:13:04,983][__main__][INFO] - [5, 11, 15, 30], []
[2025-01-30 00:13:05,001][__main__][INFO] - [5, 11, 15, 31], []
[2025-01-30 00:13:05,019][__main__][INFO] - [5, 11, 15, 32], []
[2025-01-30 00:13:05,037][__main__][INFO] - [5, 11, 15, 33], []
[2025-01-30 00:13:05,055][__main__][INFO] - [5, 11, 15, 34], []
[2025-01-30 00:13:05,072][__main__][INFO] - [5, 11, 15, 35], []
[2025-01-30 00:13:05,103][__main__][INFO] - [5, 11, 16, 21], []
[2025-01-30 00:13:05,316][__main__][INFO] - [5, 11, 17, 21], []
[2025-01-30 00:13:05,334][__main__][INFO] - [5, 11, 17, 22], []
[2025-01-30 00:13:05,352][__main__][INFO] - [5, 11, 17, 23], []
[2025-01-30 00:13:05,409][__main__][INFO] - [5, 11, 17, 27], []
[2025-01-30 00:13:05,440][__main__][INFO] - [5, 11, 17, 29], []
[2025-01-30 00:13:05,459][__main__][INFO] - [5, 11, 17, 30], []
[2025-01-30 00:13:05,477][__main__][INFO] - [5, 11, 17, 31], []
[2025-01-30 00:13:05,495][__main__][INFO] - [5, 11, 17, 32], []
[2025-01-30 00:13:05,513][__main__][INFO] - [5, 11, 17, 33], []
[2025-01-30 00:13:05,530][__main__][INFO] - [5, 11, 17, 34], []
[2025-01-30 00:13:05,548][__main__][INFO] - [5, 11, 17, 35], []
[2025-01-30 00:13:05,617][__main__][INFO] - [5, 11, 21, 26], []
[2025-01-30 00:13:05,635][__main__][INFO] - [5, 11, 21, 27], []
[2025-01-30 00:13:05,654][__main__][INFO] - [5, 11, 21, 28], []
[2025-01-30 00:13:05,672][__main__][INFO] - [5, 11, 21, 29], []
[2025-01-30 00:13:05,690][__main__][INFO] - [5, 11, 21, 30], []
[2025-01-30 00:13:05,709][__main__][INFO] - [5, 11, 21, 31], []
[2025-01-30 00:13:05,727][__main__][INFO] - [5, 11, 21, 32], []
[2025-01-30 00:13:05,745][__main__][INFO] - [5, 11, 21, 33], []
[2025-01-30 00:13:05,764][__main__][INFO] - [5, 11, 21, 34], []
[2025-01-30 00:13:05,782][__main__][INFO] - [5, 11, 21, 35], []
[2025-01-30 00:13:05,839][__main__][INFO] - [5, 11, 22, 28], []
[2025-01-30 00:13:05,857][__main__][INFO] - [5, 11, 22, 29], []
[2025-01-30 00:13:05,875][__main__][INFO] - [5, 11, 22, 30], []
[2025-01-30 00:13:05,893][__main__][INFO] - [5, 11, 22, 31], []
[2025-01-30 00:13:05,912][__main__][INFO] - [5, 11, 22, 32], []
[2025-01-30 00:13:05,930][__main__][INFO] - [5, 11, 22, 33], []
[2025-01-30 00:13:05,949][__main__][INFO] - [5, 11, 22, 34], []
[2025-01-30 00:13:05,967][__main__][INFO] - [5, 11, 22, 35], []
[2025-01-30 00:13:05,998][__main__][INFO] - [5, 11, 23, 26], []
[2025-01-30 00:13:06,016][__main__][INFO] - [5, 11, 23, 27], []
[2025-01-30 00:13:06,033][__main__][INFO] - [5, 11, 23, 28], []
[2025-01-30 00:13:06,051][__main__][INFO] - [5, 11, 23, 29], []
[2025-01-30 00:13:06,070][__main__][INFO] - [5, 11, 23, 30], []
[2025-01-30 00:13:06,088][__main__][INFO] - [5, 11, 23, 31], []
[2025-01-30 00:13:06,106][__main__][INFO] - [5, 11, 23, 32], []
[2025-01-30 00:13:06,124][__main__][INFO] - [5, 11, 23, 33], []
[2025-01-30 00:13:06,142][__main__][INFO] - [5, 11, 23, 34], []
[2025-01-30 00:13:06,160][__main__][INFO] - [5, 11, 23, 35], []
[2025-01-30 00:13:06,310][__main__][INFO] - [5, 11, 24, 35], []
[2025-01-30 00:13:06,367][__main__][INFO] - [5, 12, 21], [11]
[2025-01-30 00:13:06,387][__main__][INFO] - [5, 12, 22], [11]
[2025-01-30 00:13:06,406][__main__][INFO] - [5, 12, 23], [11]
[2025-01-30 00:13:06,425][__main__][INFO] - [5, 12, 24], [11]
[2025-01-30 00:13:06,443][__main__][INFO] - [5, 12, 25], [11]
[2025-01-30 00:13:06,461][__main__][INFO] - [5, 12, 26], [11]
[2025-01-30 00:13:06,479][__main__][INFO] - [5, 12, 27], [11]
[2025-01-30 00:13:06,497][__main__][INFO] - [5, 12, 28], [11]
[2025-01-30 00:13:06,515][__main__][INFO] - [5, 12, 29], [11]
[2025-01-30 00:13:06,532][__main__][INFO] - [5, 12, 30], [11]
[2025-01-30 00:13:06,550][__main__][INFO] - [5, 12, 31], [11]
[2025-01-30 00:13:06,567][__main__][INFO] - [5, 12, 32], [11]
[2025-01-30 00:13:06,586][__main__][INFO] - [5, 12, 33], [11]
[2025-01-30 00:13:06,603][__main__][INFO] - [5, 12, 34], [11]
[2025-01-30 00:13:06,621][__main__][INFO] - [5, 12, 35], [11]
[2025-01-30 00:13:06,653][__main__][INFO] - [5, 13, 21], [11]
[2025-01-30 00:13:06,671][__main__][INFO] - [5, 13, 22], [11]
[2025-01-30 00:13:06,689][__main__][INFO] - [5, 13, 23], [11]
[2025-01-30 00:13:06,707][__main__][INFO] - [5, 13, 24], [11]
[2025-01-30 00:13:06,738][__main__][INFO] - [5, 13, 26], [11]
[2025-01-30 00:13:06,756][__main__][INFO] - [5, 13, 27], [11]
[2025-01-30 00:13:06,774][__main__][INFO] - [5, 13, 28], [11]
[2025-01-30 00:13:06,792][__main__][INFO] - [5, 13, 29], [11]
[2025-01-30 00:13:06,809][__main__][INFO] - [5, 13, 30], [11]
[2025-01-30 00:13:06,828][__main__][INFO] - [5, 13, 31], [11]
[2025-01-30 00:13:06,845][__main__][INFO] - [5, 13, 32], [11]
[2025-01-30 00:13:06,863][__main__][INFO] - [5, 13, 33], [11]
[2025-01-30 00:13:06,880][__main__][INFO] - [5, 13, 34], [11]
[2025-01-30 00:13:06,898][__main__][INFO] - [5, 13, 35], [11]
[2025-01-30 00:13:06,930][__main__][INFO] - [5, 14, 21], [11]
[2025-01-30 00:13:06,948][__main__][INFO] - [5, 14, 22], [11]
[2025-01-30 00:13:06,966][__main__][INFO] - [5, 14, 23], [11]
[2025-01-30 00:13:06,984][__main__][INFO] - [5, 14, 24], [11]
[2025-01-30 00:13:07,028][__main__][INFO] - [5, 14, 27], [11]
[2025-01-30 00:13:07,046][__main__][INFO] - [5, 14, 28], [11]
[2025-01-30 00:13:07,064][__main__][INFO] - [5, 14, 29], [11]
[2025-01-30 00:13:07,082][__main__][INFO] - [5, 14, 30], [11]
[2025-01-30 00:13:07,100][__main__][INFO] - [5, 14, 31], [11]
[2025-01-30 00:13:07,118][__main__][INFO] - [5, 14, 32], [11]
[2025-01-30 00:13:07,135][__main__][INFO] - [5, 14, 33], [11]
[2025-01-30 00:13:07,153][__main__][INFO] - [5, 14, 34], [11]
[2025-01-30 00:13:07,171][__main__][INFO] - [5, 14, 35], [11]
[2025-01-30 00:13:07,202][__main__][INFO] - [5, 15, 21], [11]
[2025-01-30 00:13:07,220][__main__][INFO] - [5, 15, 22], [11]
[2025-01-30 00:13:07,238][__main__][INFO] - [5, 15, 23], [11]
[2025-01-30 00:13:07,256][__main__][INFO] - [5, 15, 24], [11]
[2025-01-30 00:13:07,288][__main__][INFO] - [5, 15, 26], [11]
[2025-01-30 00:13:07,306][__main__][INFO] - [5, 15, 27], [11]
[2025-01-30 00:13:07,324][__main__][INFO] - [5, 15, 28], [11]
[2025-01-30 00:13:07,342][__main__][INFO] - [5, 15, 29], [11]
[2025-01-30 00:13:07,360][__main__][INFO] - [5, 15, 30], [11]
[2025-01-30 00:13:07,378][__main__][INFO] - [5, 15, 31], [11]
[2025-01-30 00:13:07,397][__main__][INFO] - [5, 15, 32], [11]
[2025-01-30 00:13:07,415][__main__][INFO] - [5, 15, 33], [11]
[2025-01-30 00:13:07,433][__main__][INFO] - [5, 15, 34], [11]
[2025-01-30 00:13:07,451][__main__][INFO] - [5, 15, 35], [11]
[2025-01-30 00:13:07,483][__main__][INFO] - [5, 16, 21], [11]
[2025-01-30 00:13:07,501][__main__][INFO] - [5, 16, 22], [11]
[2025-01-30 00:13:07,520][__main__][INFO] - [5, 16, 23], [11]
[2025-01-30 00:13:07,616][__main__][INFO] - [5, 16, 30], [11]
[2025-01-30 00:13:07,634][__main__][INFO] - [5, 16, 31], [11]
[2025-01-30 00:13:07,692][__main__][INFO] - [5, 16, 35], [11]
[2025-01-30 00:13:07,723][__main__][INFO] - [5, 17, 21], [11]
[2025-01-30 00:13:07,741][__main__][INFO] - [5, 17, 22], [11]
[2025-01-30 00:13:07,759][__main__][INFO] - [5, 17, 23], [11]
[2025-01-30 00:13:07,777][__main__][INFO] - [5, 17, 24], [11]
[2025-01-30 00:13:07,808][__main__][INFO] - [5, 17, 26], [11]
[2025-01-30 00:13:07,826][__main__][INFO] - [5, 17, 27], [11]
[2025-01-30 00:13:07,844][__main__][INFO] - [5, 17, 28], [11]
[2025-01-30 00:13:07,862][__main__][INFO] - [5, 17, 29], [11]
[2025-01-30 00:13:07,881][__main__][INFO] - [5, 17, 30], [11]
[2025-01-30 00:13:07,899][__main__][INFO] - [5, 17, 31], [11]
[2025-01-30 00:13:07,917][__main__][INFO] - [5, 17, 32], [11]
[2025-01-30 00:13:07,936][__main__][INFO] - [5, 17, 33], [11]
[2025-01-30 00:13:07,954][__main__][INFO] - [5, 17, 34], [11]
[2025-01-30 00:13:07,971][__main__][INFO] - [5, 17, 35], [11]
[2025-01-30 00:13:08,003][__main__][INFO] - [5, 18, 21], [11]
[2025-01-30 00:13:08,034][__main__][INFO] - [5, 18, 23], [11]
[2025-01-30 00:13:08,157][__main__][INFO] - [5, 18, 32], [11]
[2025-01-30 00:13:08,201][__main__][INFO] - [5, 18, 35], [11]
[2025-01-30 00:13:08,232][__main__][INFO] - [5, 19, 21], [11]
[2025-01-30 00:13:08,263][__main__][INFO] - [5, 19, 23], [11]
[2025-01-30 00:13:08,428][__main__][INFO] - [5, 19, 35], [11]
[2025-01-30 00:13:08,472][__main__][INFO] - [5, 21, 26], [11]
[2025-01-30 00:13:08,491][__main__][INFO] - [5, 21, 27], [11]
[2025-01-30 00:13:08,509][__main__][INFO] - [5, 21, 28], [11]
[2025-01-30 00:13:08,527][__main__][INFO] - [5, 21, 29], [11]
[2025-01-30 00:13:08,545][__main__][INFO] - [5, 21, 30], [11]
[2025-01-30 00:13:08,563][__main__][INFO] - [5, 21, 31], [11]
[2025-01-30 00:13:08,582][__main__][INFO] - [5, 21, 32], [11]
[2025-01-30 00:13:08,600][__main__][INFO] - [5, 21, 33], [11]
[2025-01-30 00:13:08,618][__main__][INFO] - [5, 21, 34], [11]
[2025-01-30 00:13:08,636][__main__][INFO] - [5, 21, 35], [11]
[2025-01-30 00:13:08,668][__main__][INFO] - [5, 22, 26], [11]
[2025-01-30 00:13:08,686][__main__][INFO] - [5, 22, 27], [11]
[2025-01-30 00:13:08,704][__main__][INFO] - [5, 22, 28], [11]
[2025-01-30 00:13:08,723][__main__][INFO] - [5, 22, 29], [11]
[2025-01-30 00:13:08,741][__main__][INFO] - [5, 22, 30], [11]
[2025-01-30 00:13:08,759][__main__][INFO] - [5, 22, 31], [11]
[2025-01-30 00:13:08,777][__main__][INFO] - [5, 22, 32], [11]
[2025-01-30 00:13:08,796][__main__][INFO] - [5, 22, 33], [11]
[2025-01-30 00:13:08,813][__main__][INFO] - [5, 22, 34], [11]
[2025-01-30 00:13:08,831][__main__][INFO] - [5, 22, 35], [11]
[2025-01-30 00:13:08,862][__main__][INFO] - [5, 23, 26], [11]
[2025-01-30 00:13:08,881][__main__][INFO] - [5, 23, 27], [11]
[2025-01-30 00:13:08,899][__main__][INFO] - [5, 23, 28], [11]
[2025-01-30 00:13:08,917][__main__][INFO] - [5, 23, 29], [11]
[2025-01-30 00:13:08,935][__main__][INFO] - [5, 23, 30], [11]
[2025-01-30 00:13:08,954][__main__][INFO] - [5, 23, 31], [11]
[2025-01-30 00:13:08,972][__main__][INFO] - [5, 23, 32], [11]
[2025-01-30 00:13:08,991][__main__][INFO] - [5, 23, 33], [11]
[2025-01-30 00:13:09,009][__main__][INFO] - [5, 23, 34], [11]
[2025-01-30 00:13:09,028][__main__][INFO] - [5, 23, 35], [11]
[2025-01-30 00:13:09,098][__main__][INFO] - [5, 24, 29], [11]
[2025-01-30 00:13:09,117][__main__][INFO] - [5, 24, 30], [11]
[2025-01-30 00:13:09,135][__main__][INFO] - [5, 24, 31], [11]
[2025-01-30 00:13:09,154][__main__][INFO] - [5, 24, 32], [11]
[2025-01-30 00:13:09,172][__main__][INFO] - [5, 24, 33], [11]
[2025-01-30 00:13:09,190][__main__][INFO] - [5, 24, 34], [11]
[2025-01-30 00:13:09,208][__main__][INFO] - [5, 24, 35], [11]
[2025-01-30 00:13:09,358][__main__][INFO] - [5, 25, 35], [11]
[2025-01-30 00:13:09,401][__main__][INFO] - [5, 12, 21, 26], []
[2025-01-30 00:13:09,420][__main__][INFO] - [5, 12, 21, 27], []
[2025-01-30 00:13:09,438][__main__][INFO] - [5, 12, 21, 28], []
[2025-01-30 00:13:09,456][__main__][INFO] - [5, 12, 21, 29], []
[2025-01-30 00:13:09,474][__main__][INFO] - [5, 12, 21, 30], []
[2025-01-30 00:13:09,493][__main__][INFO] - [5, 12, 21, 31], []
[2025-01-30 00:13:09,511][__main__][INFO] - [5, 12, 21, 32], []
[2025-01-30 00:13:09,529][__main__][INFO] - [5, 12, 21, 33], []
[2025-01-30 00:13:09,548][__main__][INFO] - [5, 12, 21, 34], []
[2025-01-30 00:13:09,566][__main__][INFO] - [5, 12, 21, 35], []
[2025-01-30 00:13:09,598][__main__][INFO] - [5, 12, 22, 26], []
[2025-01-30 00:13:09,616][__main__][INFO] - [5, 12, 22, 27], []
[2025-01-30 00:13:09,634][__main__][INFO] - [5, 12, 22, 28], []
[2025-01-30 00:13:09,653][__main__][INFO] - [5, 12, 22, 29], []
[2025-01-30 00:13:09,671][__main__][INFO] - [5, 12, 22, 30], []
[2025-01-30 00:13:09,689][__main__][INFO] - [5, 12, 22, 31], []
[2025-01-30 00:13:09,707][__main__][INFO] - [5, 12, 22, 32], []
[2025-01-30 00:13:09,725][__main__][INFO] - [5, 12, 22, 33], []
[2025-01-30 00:13:09,743][__main__][INFO] - [5, 12, 22, 34], []
[2025-01-30 00:13:09,761][__main__][INFO] - [5, 12, 22, 35], []
[2025-01-30 00:13:09,791][__main__][INFO] - [5, 12, 23, 26], []
[2025-01-30 00:13:09,809][__main__][INFO] - [5, 12, 23, 27], []
[2025-01-30 00:13:09,827][__main__][INFO] - [5, 12, 23, 28], []
[2025-01-30 00:13:09,845][__main__][INFO] - [5, 12, 23, 29], []
[2025-01-30 00:13:09,862][__main__][INFO] - [5, 12, 23, 30], []
[2025-01-30 00:13:09,880][__main__][INFO] - [5, 12, 23, 31], []
[2025-01-30 00:13:09,898][__main__][INFO] - [5, 12, 23, 32], []
[2025-01-30 00:13:09,917][__main__][INFO] - [5, 12, 23, 33], []
[2025-01-30 00:13:09,935][__main__][INFO] - [5, 12, 23, 34], []
[2025-01-30 00:13:09,953][__main__][INFO] - [5, 12, 23, 35], []
[2025-01-30 00:13:10,049][__main__][INFO] - [5, 12, 24, 31], []
[2025-01-30 00:13:10,068][__main__][INFO] - [5, 12, 24, 32], []
[2025-01-30 00:13:10,099][__main__][INFO] - [5, 12, 24, 34], []
[2025-01-30 00:13:10,117][__main__][INFO] - [5, 12, 24, 35], []
[2025-01-30 00:13:10,265][__main__][INFO] - [5, 12, 25, 35], []
[2025-01-30 00:13:10,309][__main__][INFO] - [5, 13, 21, 26], []
[2025-01-30 00:13:10,327][__main__][INFO] - [5, 13, 21, 27], []
[2025-01-30 00:13:10,345][__main__][INFO] - [5, 13, 21, 28], []
[2025-01-30 00:13:10,363][__main__][INFO] - [5, 13, 21, 29], []
[2025-01-30 00:13:10,381][__main__][INFO] - [5, 13, 21, 30], []
[2025-01-30 00:13:10,399][__main__][INFO] - [5, 13, 21, 31], []
[2025-01-30 00:13:10,417][__main__][INFO] - [5, 13, 21, 32], []
[2025-01-30 00:13:10,435][__main__][INFO] - [5, 13, 21, 33], []
[2025-01-30 00:13:10,453][__main__][INFO] - [5, 13, 21, 34], []
[2025-01-30 00:13:10,471][__main__][INFO] - [5, 13, 21, 35], []
[2025-01-30 00:13:10,619][__main__][INFO] - [5, 13, 22, 35], []
[2025-01-30 00:13:10,729][__main__][INFO] - [5, 13, 23, 32], []
[2025-01-30 00:13:10,774][__main__][INFO] - [5, 13, 23, 35], []
[2025-01-30 00:13:11,002][__main__][INFO] - [5, 14, 21, 28], []
[2025-01-30 00:13:11,021][__main__][INFO] - [5, 14, 21, 29], []
[2025-01-30 00:13:11,039][__main__][INFO] - [5, 14, 21, 30], []
[2025-01-30 00:13:11,057][__main__][INFO] - [5, 14, 21, 31], []
[2025-01-30 00:13:11,075][__main__][INFO] - [5, 14, 21, 32], []
[2025-01-30 00:13:11,093][__main__][INFO] - [5, 14, 21, 33], []
[2025-01-30 00:13:11,111][__main__][INFO] - [5, 14, 21, 34], []
[2025-01-30 00:13:11,129][__main__][INFO] - [5, 14, 21, 35], []
[2025-01-30 00:13:11,277][__main__][INFO] - [5, 14, 22, 35], []
[2025-01-30 00:13:11,333][__main__][INFO] - [5, 14, 23, 28], []
[2025-01-30 00:13:11,365][__main__][INFO] - [5, 14, 23, 30], []
[2025-01-30 00:13:11,409][__main__][INFO] - [5, 14, 23, 33], []
[2025-01-30 00:13:11,428][__main__][INFO] - [5, 14, 23, 34], []
[2025-01-30 00:13:11,447][__main__][INFO] - [5, 14, 23, 35], []
[2025-01-30 00:13:11,596][__main__][INFO] - [5, 14, 24, 35], []
[2025-01-30 00:13:11,692][__main__][INFO] - [5, 15, 21, 29], []
[2025-01-30 00:13:11,711][__main__][INFO] - [5, 15, 21, 30], []
[2025-01-30 00:13:11,730][__main__][INFO] - [5, 15, 21, 31], []
[2025-01-30 00:13:11,747][__main__][INFO] - [5, 15, 21, 32], []
[2025-01-30 00:13:11,765][__main__][INFO] - [5, 15, 21, 33], []
[2025-01-30 00:13:11,783][__main__][INFO] - [5, 15, 21, 34], []
[2025-01-30 00:13:11,800][__main__][INFO] - [5, 15, 21, 35], []
[2025-01-30 00:13:11,831][__main__][INFO] - [5, 15, 22, 26], []
[2025-01-30 00:13:11,850][__main__][INFO] - [5, 15, 22, 27], []
[2025-01-30 00:13:11,868][__main__][INFO] - [5, 15, 22, 28], []
[2025-01-30 00:13:11,886][__main__][INFO] - [5, 15, 22, 29], []
[2025-01-30 00:13:11,904][__main__][INFO] - [5, 15, 22, 30], []
[2025-01-30 00:13:11,922][__main__][INFO] - [5, 15, 22, 31], []
[2025-01-30 00:13:11,939][__main__][INFO] - [5, 15, 22, 32], []
[2025-01-30 00:13:11,958][__main__][INFO] - [5, 15, 22, 33], []
[2025-01-30 00:13:11,976][__main__][INFO] - [5, 15, 22, 34], []
[2025-01-30 00:13:11,994][__main__][INFO] - [5, 15, 22, 35], []
[2025-01-30 00:13:12,026][__main__][INFO] - [5, 15, 23, 26], []
[2025-01-30 00:13:12,044][__main__][INFO] - [5, 15, 23, 27], []
[2025-01-30 00:13:12,062][__main__][INFO] - [5, 15, 23, 28], []
[2025-01-30 00:13:12,081][__main__][INFO] - [5, 15, 23, 29], []
[2025-01-30 00:13:12,099][__main__][INFO] - [5, 15, 23, 30], []
[2025-01-30 00:13:12,117][__main__][INFO] - [5, 15, 23, 31], []
[2025-01-30 00:13:12,135][__main__][INFO] - [5, 15, 23, 32], []
[2025-01-30 00:13:12,153][__main__][INFO] - [5, 15, 23, 33], []
[2025-01-30 00:13:12,171][__main__][INFO] - [5, 15, 23, 34], []
[2025-01-30 00:13:12,189][__main__][INFO] - [5, 15, 23, 35], []
[2025-01-30 00:13:12,338][__main__][INFO] - [5, 15, 24, 35], []
[2025-01-30 00:13:12,448][__main__][INFO] - [5, 16, 21, 30], []
[2025-01-30 00:13:12,467][__main__][INFO] - [5, 16, 21, 31], []
[2025-01-30 00:13:12,526][__main__][INFO] - [5, 16, 21, 35], []
[2025-01-30 00:13:12,901][__main__][INFO] - [5, 17, 21, 27], []
[2025-01-30 00:13:12,920][__main__][INFO] - [5, 17, 21, 28], []
[2025-01-30 00:13:12,938][__main__][INFO] - [5, 17, 21, 29], []
[2025-01-30 00:13:12,956][__main__][INFO] - [5, 17, 21, 30], []
[2025-01-30 00:13:12,974][__main__][INFO] - [5, 17, 21, 31], []
[2025-01-30 00:13:12,992][__main__][INFO] - [5, 17, 21, 32], []
[2025-01-30 00:13:13,010][__main__][INFO] - [5, 17, 21, 33], []
[2025-01-30 00:13:13,027][__main__][INFO] - [5, 17, 21, 34], []
[2025-01-30 00:13:13,044][__main__][INFO] - [5, 17, 21, 35], []
[2025-01-30 00:13:13,088][__main__][INFO] - [5, 17, 22, 27], []
[2025-01-30 00:13:13,106][__main__][INFO] - [5, 17, 22, 28], []
[2025-01-30 00:13:13,125][__main__][INFO] - [5, 17, 22, 29], []
[2025-01-30 00:13:13,143][__main__][INFO] - [5, 17, 22, 30], []
[2025-01-30 00:13:13,162][__main__][INFO] - [5, 17, 22, 31], []
[2025-01-30 00:13:13,179][__main__][INFO] - [5, 17, 22, 32], []
[2025-01-30 00:13:13,197][__main__][INFO] - [5, 17, 22, 33], []
[2025-01-30 00:13:13,216][__main__][INFO] - [5, 17, 22, 34], []
[2025-01-30 00:13:13,234][__main__][INFO] - [5, 17, 22, 35], []
[2025-01-30 00:13:13,265][__main__][INFO] - [5, 17, 23, 26], []
[2025-01-30 00:13:13,283][__main__][INFO] - [5, 17, 23, 27], []
[2025-01-30 00:13:13,301][__main__][INFO] - [5, 17, 23, 28], []
[2025-01-30 00:13:13,319][__main__][INFO] - [5, 17, 23, 29], []
[2025-01-30 00:13:13,337][__main__][INFO] - [5, 17, 23, 30], []
[2025-01-30 00:13:13,354][__main__][INFO] - [5, 17, 23, 31], []
[2025-01-30 00:13:13,372][__main__][INFO] - [5, 17, 23, 32], []
[2025-01-30 00:13:13,390][__main__][INFO] - [5, 17, 23, 33], []
[2025-01-30 00:13:13,408][__main__][INFO] - [5, 17, 23, 34], []
[2025-01-30 00:13:13,426][__main__][INFO] - [5, 17, 23, 35], []
[2025-01-30 00:13:13,735][__main__][INFO] - [5, 18, 21, 35], []
[2025-01-30 00:13:14,081][__main__][INFO] - [5, 19, 21, 35], []
[2025-01-30 00:13:14,242][__main__][INFO] - [5, 19, 23, 35], []
[2025-01-30 00:13:14,338][__main__][INFO] - [6, 10, 11, 12], []
[2025-01-30 00:13:14,355][__main__][INFO] - [6, 10, 11, 13], []
[2025-01-30 00:13:14,372][__main__][INFO] - [6, 10, 11, 14], []
[2025-01-30 00:13:14,389][__main__][INFO] - [6, 10, 11, 15], []
[2025-01-30 00:13:14,419][__main__][INFO] - [6, 10, 11, 17], []
[2025-01-30 00:13:14,476][__main__][INFO] - [6, 10, 11, 21], []
[2025-01-30 00:13:14,494][__main__][INFO] - [6, 10, 11, 22], []
[2025-01-30 00:13:14,512][__main__][INFO] - [6, 10, 11, 23], []
[2025-01-30 00:13:14,568][__main__][INFO] - [6, 10, 11, 27], []
[2025-01-30 00:13:14,586][__main__][INFO] - [6, 10, 11, 28], []
[2025-01-30 00:13:14,604][__main__][INFO] - [6, 10, 11, 29], []
[2025-01-30 00:13:14,621][__main__][INFO] - [6, 10, 11, 30], []
[2025-01-30 00:13:14,639][__main__][INFO] - [6, 10, 11, 31], []
[2025-01-30 00:13:14,656][__main__][INFO] - [6, 10, 11, 32], []
[2025-01-30 00:13:14,674][__main__][INFO] - [6, 10, 11, 33], []
[2025-01-30 00:13:14,691][__main__][INFO] - [6, 10, 11, 34], []
[2025-01-30 00:13:14,708][__main__][INFO] - [6, 10, 11, 35], []
[2025-01-30 00:13:14,739][__main__][INFO] - [6, 10, 12], [11]
[2025-01-30 00:13:14,756][__main__][INFO] - [6, 10, 13], [11]
[2025-01-30 00:13:14,774][__main__][INFO] - [6, 10, 14], [11]
[2025-01-30 00:13:14,791][__main__][INFO] - [6, 10, 15], [11]
[2025-01-30 00:13:14,808][__main__][INFO] - [6, 10, 16], [11]
[2025-01-30 00:13:14,825][__main__][INFO] - [6, 10, 17], [11]
[2025-01-30 00:13:14,882][__main__][INFO] - [6, 10, 21], [11]
[2025-01-30 00:13:14,902][__main__][INFO] - [6, 10, 22], [11]
[2025-01-30 00:13:14,920][__main__][INFO] - [6, 10, 23], [11]
[2025-01-30 00:13:14,937][__main__][INFO] - [6, 10, 24], [11]
[2025-01-30 00:13:14,969][__main__][INFO] - [6, 10, 26], [11]
[2025-01-30 00:13:14,986][__main__][INFO] - [6, 10, 27], [11]
[2025-01-30 00:13:15,004][__main__][INFO] - [6, 10, 28], [11]
[2025-01-30 00:13:15,021][__main__][INFO] - [6, 10, 29], [11]
[2025-01-30 00:13:15,039][__main__][INFO] - [6, 10, 30], [11]
[2025-01-30 00:13:15,056][__main__][INFO] - [6, 10, 31], [11]
[2025-01-30 00:13:15,074][__main__][INFO] - [6, 10, 32], [11]
[2025-01-30 00:13:15,091][__main__][INFO] - [6, 10, 33], [11]
[2025-01-30 00:13:15,109][__main__][INFO] - [6, 10, 34], [11]
[2025-01-30 00:13:15,126][__main__][INFO] - [6, 10, 35], [11]
[2025-01-30 00:13:15,157][__main__][INFO] - [6, 10, 12, 21], []
[2025-01-30 00:13:15,176][__main__][INFO] - [6, 10, 12, 22], []
[2025-01-30 00:13:15,194][__main__][INFO] - [6, 10, 12, 23], []
[2025-01-30 00:13:15,212][__main__][INFO] - [6, 10, 12, 24], []
[2025-01-30 00:13:15,243][__main__][INFO] - [6, 10, 12, 26], []
[2025-01-30 00:13:15,261][__main__][INFO] - [6, 10, 12, 27], []
[2025-01-30 00:13:15,279][__main__][INFO] - [6, 10, 12, 28], []
[2025-01-30 00:13:15,297][__main__][INFO] - [6, 10, 12, 29], []
[2025-01-30 00:13:15,314][__main__][INFO] - [6, 10, 12, 30], []
[2025-01-30 00:13:15,332][__main__][INFO] - [6, 10, 12, 31], []
[2025-01-30 00:13:15,350][__main__][INFO] - [6, 10, 12, 32], []
[2025-01-30 00:13:15,368][__main__][INFO] - [6, 10, 12, 33], []
[2025-01-30 00:13:15,385][__main__][INFO] - [6, 10, 12, 34], []
[2025-01-30 00:13:15,402][__main__][INFO] - [6, 10, 12, 35], []
[2025-01-30 00:13:15,432][__main__][INFO] - [6, 10, 13, 21], []
[2025-01-30 00:13:15,463][__main__][INFO] - [6, 10, 13, 23], []
[2025-01-30 00:13:15,545][__main__][INFO] - [6, 10, 13, 29], []
[2025-01-30 00:13:15,563][__main__][INFO] - [6, 10, 13, 30], []
[2025-01-30 00:13:15,581][__main__][INFO] - [6, 10, 13, 31], []
[2025-01-30 00:13:15,598][__main__][INFO] - [6, 10, 13, 32], []
[2025-01-30 00:13:15,615][__main__][INFO] - [6, 10, 13, 33], []
[2025-01-30 00:13:15,633][__main__][INFO] - [6, 10, 13, 34], []
[2025-01-30 00:13:15,650][__main__][INFO] - [6, 10, 13, 35], []
[2025-01-30 00:13:15,680][__main__][INFO] - [6, 10, 14, 21], []
[2025-01-30 00:13:15,711][__main__][INFO] - [6, 10, 14, 23], []
[2025-01-30 00:13:15,872][__main__][INFO] - [6, 10, 14, 35], []
[2025-01-30 00:13:15,903][__main__][INFO] - [6, 10, 15, 21], []
[2025-01-30 00:13:15,921][__main__][INFO] - [6, 10, 15, 22], []
[2025-01-30 00:13:15,938][__main__][INFO] - [6, 10, 15, 23], []
[2025-01-30 00:13:15,956][__main__][INFO] - [6, 10, 15, 24], []
[2025-01-30 00:13:16,000][__main__][INFO] - [6, 10, 15, 27], []
[2025-01-30 00:13:16,018][__main__][INFO] - [6, 10, 15, 28], []
[2025-01-30 00:13:16,036][__main__][INFO] - [6, 10, 15, 29], []
[2025-01-30 00:13:16,054][__main__][INFO] - [6, 10, 15, 30], []
[2025-01-30 00:13:16,071][__main__][INFO] - [6, 10, 15, 31], []
[2025-01-30 00:13:16,089][__main__][INFO] - [6, 10, 15, 32], []
[2025-01-30 00:13:16,107][__main__][INFO] - [6, 10, 15, 33], []
[2025-01-30 00:13:16,125][__main__][INFO] - [6, 10, 15, 34], []
[2025-01-30 00:13:16,143][__main__][INFO] - [6, 10, 15, 35], []
[2025-01-30 00:13:16,174][__main__][INFO] - [6, 10, 16, 21], []
[2025-01-30 00:13:16,383][__main__][INFO] - [6, 10, 17, 21], []
[2025-01-30 00:13:16,401][__main__][INFO] - [6, 10, 17, 22], []
[2025-01-30 00:13:16,419][__main__][INFO] - [6, 10, 17, 23], []
[2025-01-30 00:13:16,476][__main__][INFO] - [6, 10, 17, 27], []
[2025-01-30 00:13:16,493][__main__][INFO] - [6, 10, 17, 28], []
[2025-01-30 00:13:16,511][__main__][INFO] - [6, 10, 17, 29], []
[2025-01-30 00:13:16,530][__main__][INFO] - [6, 10, 17, 30], []
[2025-01-30 00:13:16,547][__main__][INFO] - [6, 10, 17, 31], []
[2025-01-30 00:13:16,566][__main__][INFO] - [6, 10, 17, 32], []
[2025-01-30 00:13:16,584][__main__][INFO] - [6, 10, 17, 33], []
[2025-01-30 00:13:16,601][__main__][INFO] - [6, 10, 17, 34], []
[2025-01-30 00:13:16,619][__main__][INFO] - [6, 10, 17, 35], []
[2025-01-30 00:13:16,689][__main__][INFO] - [6, 10, 21, 26], []
[2025-01-30 00:13:16,707][__main__][INFO] - [6, 10, 21, 27], []
[2025-01-30 00:13:16,724][__main__][INFO] - [6, 10, 21, 28], []
[2025-01-30 00:13:16,742][__main__][INFO] - [6, 10, 21, 29], []
[2025-01-30 00:13:16,759][__main__][INFO] - [6, 10, 21, 30], []
[2025-01-30 00:13:16,777][__main__][INFO] - [6, 10, 21, 31], []
[2025-01-30 00:13:16,795][__main__][INFO] - [6, 10, 21, 32], []
[2025-01-30 00:13:16,813][__main__][INFO] - [6, 10, 21, 33], []
[2025-01-30 00:13:16,830][__main__][INFO] - [6, 10, 21, 34], []
[2025-01-30 00:13:16,848][__main__][INFO] - [6, 10, 21, 35], []
[2025-01-30 00:13:16,892][__main__][INFO] - [6, 10, 22, 27], []
[2025-01-30 00:13:16,910][__main__][INFO] - [6, 10, 22, 28], []
[2025-01-30 00:13:16,928][__main__][INFO] - [6, 10, 22, 29], []
[2025-01-30 00:13:16,946][__main__][INFO] - [6, 10, 22, 30], []
[2025-01-30 00:13:16,964][__main__][INFO] - [6, 10, 22, 31], []
[2025-01-30 00:13:16,982][__main__][INFO] - [6, 10, 22, 32], []
[2025-01-30 00:13:17,001][__main__][INFO] - [6, 10, 22, 33], []
[2025-01-30 00:13:17,018][__main__][INFO] - [6, 10, 22, 34], []
[2025-01-30 00:13:17,036][__main__][INFO] - [6, 10, 22, 35], []
[2025-01-30 00:13:17,080][__main__][INFO] - [6, 10, 23, 27], []
[2025-01-30 00:13:17,098][__main__][INFO] - [6, 10, 23, 28], []
[2025-01-30 00:13:17,115][__main__][INFO] - [6, 10, 23, 29], []
[2025-01-30 00:13:17,134][__main__][INFO] - [6, 10, 23, 30], []
[2025-01-30 00:13:17,151][__main__][INFO] - [6, 10, 23, 31], []
[2025-01-30 00:13:17,170][__main__][INFO] - [6, 10, 23, 32], []
[2025-01-30 00:13:17,188][__main__][INFO] - [6, 10, 23, 33], []
[2025-01-30 00:13:17,206][__main__][INFO] - [6, 10, 23, 34], []
[2025-01-30 00:13:17,225][__main__][INFO] - [6, 10, 23, 35], []
[2025-01-30 00:13:17,375][__main__][INFO] - [6, 10, 24, 35], []
[2025-01-30 00:13:17,433][__main__][INFO] - [6, 11, 12], [10]
[2025-01-30 00:13:17,450][__main__][INFO] - [6, 11, 13], [10]
[2025-01-30 00:13:17,467][__main__][INFO] - [6, 11, 14], [10]
[2025-01-30 00:13:17,484][__main__][INFO] - [6, 11, 15], [10]
[2025-01-30 00:13:17,515][__main__][INFO] - [6, 11, 17], [10]
[2025-01-30 00:13:17,572][__main__][INFO] - [6, 11, 21], [10]
[2025-01-30 00:13:17,590][__main__][INFO] - [6, 11, 22], [10]
[2025-01-30 00:13:17,608][__main__][INFO] - [6, 11, 23], [10]
[2025-01-30 00:13:17,677][__main__][INFO] - [6, 11, 28], [10]
[2025-01-30 00:13:17,694][__main__][INFO] - [6, 11, 29], [10]
[2025-01-30 00:13:17,712][__main__][INFO] - [6, 11, 30], [10]
[2025-01-30 00:13:17,730][__main__][INFO] - [6, 11, 31], [10]
[2025-01-30 00:13:17,748][__main__][INFO] - [6, 11, 32], [10]
[2025-01-30 00:13:17,765][__main__][INFO] - [6, 11, 33], [10]
[2025-01-30 00:13:17,783][__main__][INFO] - [6, 11, 34], [10]
[2025-01-30 00:13:17,800][__main__][INFO] - [6, 11, 35], [10]
[2025-01-30 00:13:17,831][__main__][INFO] - [6, 12], [10, 11]
[2025-01-30 00:13:17,849][__main__][INFO] - [6, 13], [10, 11]
[2025-01-30 00:13:17,866][__main__][INFO] - [6, 14], [10, 11]
[2025-01-30 00:13:17,883][__main__][INFO] - [6, 15], [10, 11]
[2025-01-30 00:13:17,900][__main__][INFO] - [6, 16], [10, 11]
[2025-01-30 00:13:17,918][__main__][INFO] - [6, 17], [10, 11]
[2025-01-30 00:13:17,975][__main__][INFO] - [6, 21], [10, 11]
[2025-01-30 00:13:17,994][__main__][INFO] - [6, 22], [10, 11]
[2025-01-30 00:13:18,012][__main__][INFO] - [6, 23], [10, 11]
[2025-01-30 00:13:18,030][__main__][INFO] - [6, 24], [10, 11]
[2025-01-30 00:13:18,061][__main__][INFO] - [6, 26], [10, 11]
[2025-01-30 00:13:18,079][__main__][INFO] - [6, 27], [10, 11]
[2025-01-30 00:13:18,097][__main__][INFO] - [6, 28], [10, 11]
[2025-01-30 00:13:18,115][__main__][INFO] - [6, 29], [10, 11]
[2025-01-30 00:13:18,133][__main__][INFO] - [6, 30], [10, 11]
[2025-01-30 00:13:18,151][__main__][INFO] - [6, 31], [10, 11]
[2025-01-30 00:13:18,169][__main__][INFO] - [6, 32], [10, 11]
[2025-01-30 00:13:18,187][__main__][INFO] - [6, 33], [10, 11]
[2025-01-30 00:13:18,204][__main__][INFO] - [6, 34], [10, 11]
[2025-01-30 00:13:18,222][__main__][INFO] - [6, 35], [10, 11]
[2025-01-30 00:13:18,254][__main__][INFO] - [6, 12, 21], [10]
[2025-01-30 00:13:18,272][__main__][INFO] - [6, 12, 22], [10]
[2025-01-30 00:13:18,290][__main__][INFO] - [6, 12, 23], [10]
[2025-01-30 00:13:18,308][__main__][INFO] - [6, 12, 24], [10]
[2025-01-30 00:13:18,339][__main__][INFO] - [6, 12, 26], [10]
[2025-01-30 00:13:18,357][__main__][INFO] - [6, 12, 27], [10]
[2025-01-30 00:13:18,375][__main__][INFO] - [6, 12, 28], [10]
[2025-01-30 00:13:18,392][__main__][INFO] - [6, 12, 29], [10]
[2025-01-30 00:13:18,409][__main__][INFO] - [6, 12, 30], [10]
[2025-01-30 00:13:18,427][__main__][INFO] - [6, 12, 31], [10]
[2025-01-30 00:13:18,444][__main__][INFO] - [6, 12, 32], [10]
[2025-01-30 00:13:18,462][__main__][INFO] - [6, 12, 33], [10]
[2025-01-30 00:13:18,480][__main__][INFO] - [6, 12, 34], [10]
[2025-01-30 00:13:18,497][__main__][INFO] - [6, 12, 35], [10]
[2025-01-30 00:13:18,528][__main__][INFO] - [6, 13, 21], [10]
[2025-01-30 00:13:18,558][__main__][INFO] - [6, 13, 23], [10]
[2025-01-30 00:13:18,654][__main__][INFO] - [6, 13, 30], [10]
[2025-01-30 00:13:18,685][__main__][INFO] - [6, 13, 32], [10]
[2025-01-30 00:13:18,716][__main__][INFO] - [6, 13, 34], [10]
[2025-01-30 00:13:18,734][__main__][INFO] - [6, 13, 35], [10]
[2025-01-30 00:13:18,764][__main__][INFO] - [6, 14, 21], [10]
[2025-01-30 00:13:18,783][__main__][INFO] - [6, 14, 22], [10]
[2025-01-30 00:13:18,801][__main__][INFO] - [6, 14, 23], [10]
[2025-01-30 00:13:18,898][__main__][INFO] - [6, 14, 30], [10]
[2025-01-30 00:13:18,956][__main__][INFO] - [6, 14, 34], [10]
[2025-01-30 00:13:18,974][__main__][INFO] - [6, 14, 35], [10]
[2025-01-30 00:13:19,005][__main__][INFO] - [6, 15, 21], [10]
[2025-01-30 00:13:19,023][__main__][INFO] - [6, 15, 22], [10]
[2025-01-30 00:13:19,041][__main__][INFO] - [6, 15, 23], [10]
[2025-01-30 00:13:19,059][__main__][INFO] - [6, 15, 24], [10]
[2025-01-30 00:13:19,102][__main__][INFO] - [6, 15, 27], [10]
[2025-01-30 00:13:19,120][__main__][INFO] - [6, 15, 28], [10]
[2025-01-30 00:13:19,138][__main__][INFO] - [6, 15, 29], [10]
[2025-01-30 00:13:19,156][__main__][INFO] - [6, 15, 30], [10]
[2025-01-30 00:13:19,173][__main__][INFO] - [6, 15, 31], [10]
[2025-01-30 00:13:19,191][__main__][INFO] - [6, 15, 32], [10]
[2025-01-30 00:13:19,208][__main__][INFO] - [6, 15, 33], [10]
[2025-01-30 00:13:19,227][__main__][INFO] - [6, 15, 34], [10]
[2025-01-30 00:13:19,247][__main__][INFO] - [6, 15, 35], [10]
[2025-01-30 00:13:19,279][__main__][INFO] - [6, 16, 21], [10]
[2025-01-30 00:13:19,464][__main__][INFO] - [6, 16, 35], [10]
[2025-01-30 00:13:19,496][__main__][INFO] - [6, 17, 21], [10]
[2025-01-30 00:13:19,513][__main__][INFO] - [6, 17, 22], [10]
[2025-01-30 00:13:19,532][__main__][INFO] - [6, 17, 23], [10]
[2025-01-30 00:13:19,601][__main__][INFO] - [6, 17, 28], [10]
[2025-01-30 00:13:19,619][__main__][INFO] - [6, 17, 29], [10]
[2025-01-30 00:13:19,637][__main__][INFO] - [6, 17, 30], [10]
[2025-01-30 00:13:19,655][__main__][INFO] - [6, 17, 31], [10]
[2025-01-30 00:13:19,673][__main__][INFO] - [6, 17, 32], [10]
[2025-01-30 00:13:19,691][__main__][INFO] - [6, 17, 33], [10]
[2025-01-30 00:13:19,709][__main__][INFO] - [6, 17, 34], [10]
[2025-01-30 00:13:19,727][__main__][INFO] - [6, 17, 35], [10]
[2025-01-30 00:13:19,992][__main__][INFO] - [6, 21, 26], [10]
[2025-01-30 00:13:20,011][__main__][INFO] - [6, 21, 27], [10]
[2025-01-30 00:13:20,029][__main__][INFO] - [6, 21, 28], [10]
[2025-01-30 00:13:20,048][__main__][INFO] - [6, 21, 29], [10]
[2025-01-30 00:13:20,066][__main__][INFO] - [6, 21, 30], [10]
[2025-01-30 00:13:20,085][__main__][INFO] - [6, 21, 31], [10]
[2025-01-30 00:13:20,103][__main__][INFO] - [6, 21, 32], [10]
[2025-01-30 00:13:20,122][__main__][INFO] - [6, 21, 33], [10]
[2025-01-30 00:13:20,139][__main__][INFO] - [6, 21, 34], [10]
[2025-01-30 00:13:20,157][__main__][INFO] - [6, 21, 35], [10]
[2025-01-30 00:13:20,201][__main__][INFO] - [6, 22, 27], [10]
[2025-01-30 00:13:20,219][__main__][INFO] - [6, 22, 28], [10]
[2025-01-30 00:13:20,237][__main__][INFO] - [6, 22, 29], [10]
[2025-01-30 00:13:20,256][__main__][INFO] - [6, 22, 30], [10]
[2025-01-30 00:13:20,274][__main__][INFO] - [6, 22, 31], [10]
[2025-01-30 00:13:20,292][__main__][INFO] - [6, 22, 32], [10]
[2025-01-30 00:13:20,310][__main__][INFO] - [6, 22, 33], [10]
[2025-01-30 00:13:20,328][__main__][INFO] - [6, 22, 34], [10]
[2025-01-30 00:13:20,346][__main__][INFO] - [6, 22, 35], [10]
[2025-01-30 00:13:20,391][__main__][INFO] - [6, 23, 27], [10]
[2025-01-30 00:13:20,409][__main__][INFO] - [6, 23, 28], [10]
[2025-01-30 00:13:20,427][__main__][INFO] - [6, 23, 29], [10]
[2025-01-30 00:13:20,446][__main__][INFO] - [6, 23, 30], [10]
[2025-01-30 00:13:20,464][__main__][INFO] - [6, 23, 31], [10]
[2025-01-30 00:13:20,482][__main__][INFO] - [6, 23, 32], [10]
[2025-01-30 00:13:20,500][__main__][INFO] - [6, 23, 33], [10]
[2025-01-30 00:13:20,517][__main__][INFO] - [6, 23, 34], [10]
[2025-01-30 00:13:20,535][__main__][INFO] - [6, 23, 35], [10]
[2025-01-30 00:13:20,683][__main__][INFO] - [6, 24, 35], [10]
[2025-01-30 00:13:20,740][__main__][INFO] - [6, 11, 12, 21], []
[2025-01-30 00:13:20,758][__main__][INFO] - [6, 11, 12, 22], []
[2025-01-30 00:13:20,776][__main__][INFO] - [6, 11, 12, 23], []
[2025-01-30 00:13:20,833][__main__][INFO] - [6, 11, 12, 27], []
[2025-01-30 00:13:20,851][__main__][INFO] - [6, 11, 12, 28], []
[2025-01-30 00:13:20,869][__main__][INFO] - [6, 11, 12, 29], []
[2025-01-30 00:13:20,886][__main__][INFO] - [6, 11, 12, 30], []
[2025-01-30 00:13:20,904][__main__][INFO] - [6, 11, 12, 31], []
[2025-01-30 00:13:20,922][__main__][INFO] - [6, 11, 12, 32], []
[2025-01-30 00:13:20,939][__main__][INFO] - [6, 11, 12, 33], []
[2025-01-30 00:13:20,957][__main__][INFO] - [6, 11, 12, 34], []
[2025-01-30 00:13:20,974][__main__][INFO] - [6, 11, 12, 35], []
[2025-01-30 00:13:21,005][__main__][INFO] - [6, 11, 13, 21], []
[2025-01-30 00:13:21,190][__main__][INFO] - [6, 11, 13, 35], []
[2025-01-30 00:13:21,221][__main__][INFO] - [6, 11, 14, 21], []
[2025-01-30 00:13:21,409][__main__][INFO] - [6, 11, 14, 35], []
[2025-01-30 00:13:21,440][__main__][INFO] - [6, 11, 15, 21], []
[2025-01-30 00:13:21,458][__main__][INFO] - [6, 11, 15, 22], []
[2025-01-30 00:13:21,477][__main__][INFO] - [6, 11, 15, 23], []
[2025-01-30 00:13:21,638][__main__][INFO] - [6, 11, 15, 35], []
[2025-01-30 00:13:21,669][__main__][INFO] - [6, 11, 16, 21], []
[2025-01-30 00:13:21,882][__main__][INFO] - [6, 11, 17, 21], []
[2025-01-30 00:13:21,900][__main__][INFO] - [6, 11, 17, 22], []
[2025-01-30 00:13:21,918][__main__][INFO] - [6, 11, 17, 23], []
[2025-01-30 00:13:22,078][__main__][INFO] - [6, 11, 17, 35], []
[2025-01-30 00:13:22,148][__main__][INFO] - [6, 11, 21, 26], []
[2025-01-30 00:13:22,167][__main__][INFO] - [6, 11, 21, 27], []
[2025-01-30 00:13:22,185][__main__][INFO] - [6, 11, 21, 28], []
[2025-01-30 00:13:22,203][__main__][INFO] - [6, 11, 21, 29], []
[2025-01-30 00:13:22,221][__main__][INFO] - [6, 11, 21, 30], []
[2025-01-30 00:13:22,240][__main__][INFO] - [6, 11, 21, 31], []
[2025-01-30 00:13:22,258][__main__][INFO] - [6, 11, 21, 32], []
[2025-01-30 00:13:22,275][__main__][INFO] - [6, 11, 21, 33], []
[2025-01-30 00:13:22,293][__main__][INFO] - [6, 11, 21, 34], []
[2025-01-30 00:13:22,311][__main__][INFO] - [6, 11, 21, 35], []
[2025-01-30 00:13:22,368][__main__][INFO] - [6, 11, 22, 28], []
[2025-01-30 00:13:22,386][__main__][INFO] - [6, 11, 22, 29], []
[2025-01-30 00:13:22,518][__main__][INFO] - [6, 11, 23, 28], []
[2025-01-30 00:13:22,536][__main__][INFO] - [6, 11, 23, 29], []
[2025-01-30 00:13:22,553][__main__][INFO] - [6, 11, 23, 30], []
[2025-01-30 00:13:22,571][__main__][INFO] - [6, 11, 23, 31], []
[2025-01-30 00:13:22,588][__main__][INFO] - [6, 11, 23, 32], []
[2025-01-30 00:13:22,606][__main__][INFO] - [6, 11, 23, 33], []
[2025-01-30 00:13:22,623][__main__][INFO] - [6, 11, 23, 34], []
[2025-01-30 00:13:22,641][__main__][INFO] - [6, 11, 23, 35], []
[2025-01-30 00:13:22,712][__main__][INFO] - [6, 12, 21], [11]
[2025-01-30 00:13:22,731][__main__][INFO] - [6, 12, 22], [11]
[2025-01-30 00:13:22,749][__main__][INFO] - [6, 12, 23], [11]
[2025-01-30 00:13:22,766][__main__][INFO] - [6, 12, 24], [11]
[2025-01-30 00:13:22,798][__main__][INFO] - [6, 12, 26], [11]
[2025-01-30 00:13:22,816][__main__][INFO] - [6, 12, 27], [11]
[2025-01-30 00:13:22,834][__main__][INFO] - [6, 12, 28], [11]
[2025-01-30 00:13:22,851][__main__][INFO] - [6, 12, 29], [11]
[2025-01-30 00:13:22,869][__main__][INFO] - [6, 12, 30], [11]
[2025-01-30 00:13:22,886][__main__][INFO] - [6, 12, 31], [11]
[2025-01-30 00:13:22,904][__main__][INFO] - [6, 12, 32], [11]
[2025-01-30 00:13:22,921][__main__][INFO] - [6, 12, 33], [11]
[2025-01-30 00:13:22,939][__main__][INFO] - [6, 12, 34], [11]
[2025-01-30 00:13:22,957][__main__][INFO] - [6, 12, 35], [11]
[2025-01-30 00:13:22,988][__main__][INFO] - [6, 13, 21], [11]
[2025-01-30 00:13:23,006][__main__][INFO] - [6, 13, 22], [11]
[2025-01-30 00:13:23,024][__main__][INFO] - [6, 13, 23], [11]
[2025-01-30 00:13:23,080][__main__][INFO] - [6, 13, 27], [11]
[2025-01-30 00:13:23,111][__main__][INFO] - [6, 13, 29], [11]
[2025-01-30 00:13:23,128][__main__][INFO] - [6, 13, 30], [11]
[2025-01-30 00:13:23,146][__main__][INFO] - [6, 13, 31], [11]
[2025-01-30 00:13:23,163][__main__][INFO] - [6, 13, 32], [11]
[2025-01-30 00:13:23,181][__main__][INFO] - [6, 13, 33], [11]
[2025-01-30 00:13:23,199][__main__][INFO] - [6, 13, 34], [11]
[2025-01-30 00:13:23,216][__main__][INFO] - [6, 13, 35], [11]
[2025-01-30 00:13:23,247][__main__][INFO] - [6, 14, 21], [11]
[2025-01-30 00:13:23,264][__main__][INFO] - [6, 14, 22], [11]
[2025-01-30 00:13:23,281][__main__][INFO] - [6, 14, 23], [11]
[2025-01-30 00:13:23,350][__main__][INFO] - [6, 14, 28], [11]
[2025-01-30 00:13:23,380][__main__][INFO] - [6, 14, 30], [11]
[2025-01-30 00:13:23,397][__main__][INFO] - [6, 14, 31], [11]
[2025-01-30 00:13:23,414][__main__][INFO] - [6, 14, 32], [11]
[2025-01-30 00:13:23,432][__main__][INFO] - [6, 14, 33], [11]
[2025-01-30 00:13:23,448][__main__][INFO] - [6, 14, 34], [11]
[2025-01-30 00:13:23,465][__main__][INFO] - [6, 14, 35], [11]
[2025-01-30 00:13:23,495][__main__][INFO] - [6, 15, 21], [11]
[2025-01-30 00:13:23,512][__main__][INFO] - [6, 15, 22], [11]
[2025-01-30 00:13:23,529][__main__][INFO] - [6, 15, 23], [11]
[2025-01-30 00:13:23,547][__main__][INFO] - [6, 15, 24], [11]
[2025-01-30 00:13:23,576][__main__][INFO] - [6, 15, 26], [11]
[2025-01-30 00:13:23,593][__main__][INFO] - [6, 15, 27], [11]
[2025-01-30 00:13:23,611][__main__][INFO] - [6, 15, 28], [11]
[2025-01-30 00:13:23,628][__main__][INFO] - [6, 15, 29], [11]
[2025-01-30 00:13:23,645][__main__][INFO] - [6, 15, 30], [11]
[2025-01-30 00:13:23,663][__main__][INFO] - [6, 15, 31], [11]
[2025-01-30 00:13:23,680][__main__][INFO] - [6, 15, 32], [11]
[2025-01-30 00:13:23,697][__main__][INFO] - [6, 15, 33], [11]
[2025-01-30 00:13:23,714][__main__][INFO] - [6, 15, 34], [11]
[2025-01-30 00:13:23,731][__main__][INFO] - [6, 15, 35], [11]
[2025-01-30 00:13:23,761][__main__][INFO] - [6, 16, 21], [11]
[2025-01-30 00:13:23,941][__main__][INFO] - [6, 16, 35], [11]
[2025-01-30 00:13:23,971][__main__][INFO] - [6, 17, 21], [11]
[2025-01-30 00:13:23,988][__main__][INFO] - [6, 17, 22], [11]
[2025-01-30 00:13:24,005][__main__][INFO] - [6, 17, 23], [11]
[2025-01-30 00:13:24,063][__main__][INFO] - [6, 17, 27], [11]
[2025-01-30 00:13:24,081][__main__][INFO] - [6, 17, 28], [11]
[2025-01-30 00:13:24,099][__main__][INFO] - [6, 17, 29], [11]
[2025-01-30 00:13:24,117][__main__][INFO] - [6, 17, 30], [11]
[2025-01-30 00:13:24,134][__main__][INFO] - [6, 17, 31], [11]
[2025-01-30 00:13:24,152][__main__][INFO] - [6, 17, 32], [11]
[2025-01-30 00:13:24,170][__main__][INFO] - [6, 17, 33], [11]
[2025-01-30 00:13:24,188][__main__][INFO] - [6, 17, 34], [11]
[2025-01-30 00:13:24,206][__main__][INFO] - [6, 17, 35], [11]
[2025-01-30 00:13:24,657][__main__][INFO] - [6, 21, 26], [11]
[2025-01-30 00:13:24,676][__main__][INFO] - [6, 21, 27], [11]
[2025-01-30 00:13:24,694][__main__][INFO] - [6, 21, 28], [11]
[2025-01-30 00:13:24,712][__main__][INFO] - [6, 21, 29], [11]
[2025-01-30 00:13:24,730][__main__][INFO] - [6, 21, 30], [11]
[2025-01-30 00:13:24,748][__main__][INFO] - [6, 21, 31], [11]
[2025-01-30 00:13:24,766][__main__][INFO] - [6, 21, 32], [11]
[2025-01-30 00:13:24,783][__main__][INFO] - [6, 21, 33], [11]
[2025-01-30 00:13:24,800][__main__][INFO] - [6, 21, 34], [11]
[2025-01-30 00:13:24,818][__main__][INFO] - [6, 21, 35], [11]
[2025-01-30 00:13:24,849][__main__][INFO] - [6, 22, 26], [11]
[2025-01-30 00:13:24,868][__main__][INFO] - [6, 22, 27], [11]
[2025-01-30 00:13:24,885][__main__][INFO] - [6, 22, 28], [11]
[2025-01-30 00:13:24,903][__main__][INFO] - [6, 22, 29], [11]
[2025-01-30 00:13:24,920][__main__][INFO] - [6, 22, 30], [11]
[2025-01-30 00:13:24,938][__main__][INFO] - [6, 22, 31], [11]
[2025-01-30 00:13:24,955][__main__][INFO] - [6, 22, 32], [11]
[2025-01-30 00:13:24,974][__main__][INFO] - [6, 22, 33], [11]
[2025-01-30 00:13:24,992][__main__][INFO] - [6, 22, 34], [11]
[2025-01-30 00:13:25,010][__main__][INFO] - [6, 22, 35], [11]
[2025-01-30 00:13:25,054][__main__][INFO] - [6, 23, 27], [11]
[2025-01-30 00:13:25,072][__main__][INFO] - [6, 23, 28], [11]
[2025-01-30 00:13:25,089][__main__][INFO] - [6, 23, 29], [11]
[2025-01-30 00:13:25,108][__main__][INFO] - [6, 23, 30], [11]
[2025-01-30 00:13:25,125][__main__][INFO] - [6, 23, 31], [11]
[2025-01-30 00:13:25,142][__main__][INFO] - [6, 23, 32], [11]
[2025-01-30 00:13:25,159][__main__][INFO] - [6, 23, 33], [11]
[2025-01-30 00:13:25,176][__main__][INFO] - [6, 23, 34], [11]
[2025-01-30 00:13:25,193][__main__][INFO] - [6, 23, 35], [11]
[2025-01-30 00:13:25,338][__main__][INFO] - [6, 24, 35], [11]
[2025-01-30 00:13:25,517][__main__][INFO] - [6, 12, 21, 26], []
[2025-01-30 00:13:25,536][__main__][INFO] - [6, 12, 21, 27], []
[2025-01-30 00:13:25,554][__main__][INFO] - [6, 12, 21, 28], []
[2025-01-30 00:13:25,573][__main__][INFO] - [6, 12, 21, 29], []
[2025-01-30 00:13:25,591][__main__][INFO] - [6, 12, 21, 30], []
[2025-01-30 00:13:25,609][__main__][INFO] - [6, 12, 21, 31], []
[2025-01-30 00:13:25,627][__main__][INFO] - [6, 12, 21, 32], []
[2025-01-30 00:13:25,645][__main__][INFO] - [6, 12, 21, 33], []
[2025-01-30 00:13:25,663][__main__][INFO] - [6, 12, 21, 34], []
[2025-01-30 00:13:25,680][__main__][INFO] - [6, 12, 21, 35], []
[2025-01-30 00:13:25,725][__main__][INFO] - [6, 12, 22, 27], []
[2025-01-30 00:13:25,743][__main__][INFO] - [6, 12, 22, 28], []
[2025-01-30 00:13:25,761][__main__][INFO] - [6, 12, 22, 29], []
[2025-01-30 00:13:25,779][__main__][INFO] - [6, 12, 22, 30], []
[2025-01-30 00:13:25,796][__main__][INFO] - [6, 12, 22, 31], []
[2025-01-30 00:13:25,814][__main__][INFO] - [6, 12, 22, 32], []
[2025-01-30 00:13:25,831][__main__][INFO] - [6, 12, 22, 33], []
[2025-01-30 00:13:25,861][__main__][INFO] - [6, 12, 22, 35], []
[2025-01-30 00:13:25,904][__main__][INFO] - [6, 12, 23, 27], []
[2025-01-30 00:13:25,921][__main__][INFO] - [6, 12, 23, 28], []
[2025-01-30 00:13:25,939][__main__][INFO] - [6, 12, 23, 29], []
[2025-01-30 00:13:25,956][__main__][INFO] - [6, 12, 23, 30], []
[2025-01-30 00:13:25,973][__main__][INFO] - [6, 12, 23, 31], []
[2025-01-30 00:13:25,990][__main__][INFO] - [6, 12, 23, 32], []
[2025-01-30 00:13:26,007][__main__][INFO] - [6, 12, 23, 33], []
[2025-01-30 00:13:26,024][__main__][INFO] - [6, 12, 23, 34], []
[2025-01-30 00:13:26,042][__main__][INFO] - [6, 12, 23, 35], []
[2025-01-30 00:13:26,187][__main__][INFO] - [6, 12, 24, 35], []
[2025-01-30 00:13:26,283][__main__][INFO] - [6, 13, 21, 29], []
[2025-01-30 00:13:26,300][__main__][INFO] - [6, 13, 21, 30], []
[2025-01-30 00:13:26,319][__main__][INFO] - [6, 13, 21, 31], []
[2025-01-30 00:13:26,337][__main__][INFO] - [6, 13, 21, 32], []
[2025-01-30 00:13:26,355][__main__][INFO] - [6, 13, 21, 33], []
[2025-01-30 00:13:26,373][__main__][INFO] - [6, 13, 21, 34], []
[2025-01-30 00:13:26,392][__main__][INFO] - [6, 13, 21, 35], []
[2025-01-30 00:13:26,682][__main__][INFO] - [6, 13, 23, 35], []
[2025-01-30 00:13:26,855][__main__][INFO] - [6, 14, 21, 34], []
[2025-01-30 00:13:26,874][__main__][INFO] - [6, 14, 21, 35], []
[2025-01-30 00:13:27,162][__main__][INFO] - [6, 14, 23, 35], []
[2025-01-30 00:13:27,473][__main__][INFO] - [6, 15, 21, 35], []
[2025-01-30 00:13:27,504][__main__][INFO] - [6, 15, 22, 26], []
[2025-01-30 00:13:27,535][__main__][INFO] - [6, 15, 22, 28], []
[2025-01-30 00:13:27,554][__main__][INFO] - [6, 15, 22, 29], []
[2025-01-30 00:13:27,572][__main__][INFO] - [6, 15, 22, 30], []
[2025-01-30 00:13:27,591][__main__][INFO] - [6, 15, 22, 31], []
[2025-01-30 00:13:27,609][__main__][INFO] - [6, 15, 22, 32], []
[2025-01-30 00:13:27,627][__main__][INFO] - [6, 15, 22, 33], []
[2025-01-30 00:13:27,645][__main__][INFO] - [6, 15, 22, 34], []
[2025-01-30 00:13:27,663][__main__][INFO] - [6, 15, 22, 35], []
[2025-01-30 00:13:27,708][__main__][INFO] - [6, 15, 23, 27], []
[2025-01-30 00:13:27,726][__main__][INFO] - [6, 15, 23, 28], []
[2025-01-30 00:13:27,745][__main__][INFO] - [6, 15, 23, 29], []
[2025-01-30 00:13:27,762][__main__][INFO] - [6, 15, 23, 30], []
[2025-01-30 00:13:27,781][__main__][INFO] - [6, 15, 23, 31], []
[2025-01-30 00:13:27,798][__main__][INFO] - [6, 15, 23, 32], []
[2025-01-30 00:13:27,816][__main__][INFO] - [6, 15, 23, 33], []
[2025-01-30 00:13:27,833][__main__][INFO] - [6, 15, 23, 34], []
[2025-01-30 00:13:27,850][__main__][INFO] - [6, 15, 23, 35], []
[2025-01-30 00:13:27,997][__main__][INFO] - [6, 15, 24, 35], []
[2025-01-30 00:13:28,172][__main__][INFO] - [6, 16, 21, 35], []
[2025-01-30 00:13:28,319][__main__][INFO] - [6, 17, 21, 30], []
[2025-01-30 00:13:28,337][__main__][INFO] - [6, 17, 21, 31], []
[2025-01-30 00:13:28,354][__main__][INFO] - [6, 17, 21, 32], []
[2025-01-30 00:13:28,372][__main__][INFO] - [6, 17, 21, 33], []
[2025-01-30 00:13:28,391][__main__][INFO] - [6, 17, 21, 34], []
[2025-01-30 00:13:28,409][__main__][INFO] - [6, 17, 21, 35], []
[2025-01-30 00:13:28,467][__main__][INFO] - [6, 17, 22, 28], []
[2025-01-30 00:13:28,485][__main__][INFO] - [6, 17, 22, 29], []
[2025-01-30 00:13:28,504][__main__][INFO] - [6, 17, 22, 30], []
[2025-01-30 00:13:28,521][__main__][INFO] - [6, 17, 22, 31], []
[2025-01-30 00:13:28,539][__main__][INFO] - [6, 17, 22, 32], []
[2025-01-30 00:13:28,571][__main__][INFO] - [6, 17, 22, 34], []
[2025-01-30 00:13:28,589][__main__][INFO] - [6, 17, 22, 35], []
[2025-01-30 00:13:28,645][__main__][INFO] - [6, 17, 23, 28], []
[2025-01-30 00:13:28,663][__main__][INFO] - [6, 17, 23, 29], []
[2025-01-30 00:13:28,680][__main__][INFO] - [6, 17, 23, 30], []
[2025-01-30 00:13:28,697][__main__][INFO] - [6, 17, 23, 31], []
[2025-01-30 00:13:28,715][__main__][INFO] - [6, 17, 23, 32], []
[2025-01-30 00:13:28,733][__main__][INFO] - [6, 17, 23, 33], []
[2025-01-30 00:13:28,750][__main__][INFO] - [6, 17, 23, 34], []
[2025-01-30 00:13:28,767][__main__][INFO] - [6, 17, 23, 35], []
[2025-01-30 00:13:29,023][__main__][INFO] - [6, 19, 21, 35], []
[2025-01-30 00:13:29,143][__main__][INFO] - [7, 10, 11, 12], []
[2025-01-30 00:13:29,160][__main__][INFO] - [7, 10, 11, 13], []
[2025-01-30 00:13:29,191][__main__][INFO] - [7, 10, 11, 15], []
[2025-01-30 00:13:29,272][__main__][INFO] - [7, 10, 11, 21], []
[2025-01-30 00:13:29,290][__main__][INFO] - [7, 10, 11, 22], []
[2025-01-30 00:13:29,308][__main__][INFO] - [7, 10, 11, 23], []
[2025-01-30 00:13:29,388][__main__][INFO] - [7, 10, 11, 29], []
[2025-01-30 00:13:29,405][__main__][INFO] - [7, 10, 11, 30], []
[2025-01-30 00:13:29,422][__main__][INFO] - [7, 10, 11, 31], []
[2025-01-30 00:13:29,439][__main__][INFO] - [7, 10, 11, 32], []
[2025-01-30 00:13:29,457][__main__][INFO] - [7, 10, 11, 33], []
[2025-01-30 00:13:29,474][__main__][INFO] - [7, 10, 11, 34], []
[2025-01-30 00:13:29,491][__main__][INFO] - [7, 10, 11, 35], []
[2025-01-30 00:13:29,521][__main__][INFO] - [7, 10, 12], [11]
[2025-01-30 00:13:29,538][__main__][INFO] - [7, 10, 13], [11]
[2025-01-30 00:13:29,555][__main__][INFO] - [7, 10, 14], [11]
[2025-01-30 00:13:29,572][__main__][INFO] - [7, 10, 15], [11]
[2025-01-30 00:13:29,601][__main__][INFO] - [7, 10, 17], [11]
[2025-01-30 00:13:29,656][__main__][INFO] - [7, 10, 21], [11]
[2025-01-30 00:13:29,674][__main__][INFO] - [7, 10, 22], [11]
[2025-01-30 00:13:29,690][__main__][INFO] - [7, 10, 23], [11]
[2025-01-30 00:13:29,708][__main__][INFO] - [7, 10, 24], [11]
[2025-01-30 00:13:29,749][__main__][INFO] - [7, 10, 27], [11]
[2025-01-30 00:13:29,767][__main__][INFO] - [7, 10, 28], [11]
[2025-01-30 00:13:29,784][__main__][INFO] - [7, 10, 29], [11]
[2025-01-30 00:13:29,801][__main__][INFO] - [7, 10, 30], [11]
[2025-01-30 00:13:29,818][__main__][INFO] - [7, 10, 31], [11]
[2025-01-30 00:13:29,836][__main__][INFO] - [7, 10, 32], [11]
[2025-01-30 00:13:29,853][__main__][INFO] - [7, 10, 33], [11]
[2025-01-30 00:13:29,870][__main__][INFO] - [7, 10, 34], [11]
[2025-01-30 00:13:29,887][__main__][INFO] - [7, 10, 35], [11]
[2025-01-30 00:13:29,917][__main__][INFO] - [7, 10, 12, 21], []
[2025-01-30 00:13:29,935][__main__][INFO] - [7, 10, 12, 22], []
[2025-01-30 00:13:29,952][__main__][INFO] - [7, 10, 12, 23], []
[2025-01-30 00:13:30,006][__main__][INFO] - [7, 10, 12, 27], []
[2025-01-30 00:13:30,023][__main__][INFO] - [7, 10, 12, 28], []
[2025-01-30 00:13:30,040][__main__][INFO] - [7, 10, 12, 29], []
[2025-01-30 00:13:30,057][__main__][INFO] - [7, 10, 12, 30], []
[2025-01-30 00:13:30,074][__main__][INFO] - [7, 10, 12, 31], []
[2025-01-30 00:13:30,090][__main__][INFO] - [7, 10, 12, 32], []
[2025-01-30 00:13:30,107][__main__][INFO] - [7, 10, 12, 33], []
[2025-01-30 00:13:30,124][__main__][INFO] - [7, 10, 12, 34], []
[2025-01-30 00:13:30,141][__main__][INFO] - [7, 10, 12, 35], []
[2025-01-30 00:13:30,171][__main__][INFO] - [7, 10, 13, 21], []
[2025-01-30 00:13:30,354][__main__][INFO] - [7, 10, 13, 35], []
[2025-01-30 00:13:30,384][__main__][INFO] - [7, 10, 14, 21], []
[2025-01-30 00:13:30,569][__main__][INFO] - [7, 10, 14, 35], []
[2025-01-30 00:13:30,599][__main__][INFO] - [7, 10, 15, 21], []
[2025-01-30 00:13:30,617][__main__][INFO] - [7, 10, 15, 22], []
[2025-01-30 00:13:30,635][__main__][INFO] - [7, 10, 15, 23], []
[2025-01-30 00:13:30,727][__main__][INFO] - [7, 10, 15, 30], []
[2025-01-30 00:13:30,745][__main__][INFO] - [7, 10, 15, 31], []
[2025-01-30 00:13:30,775][__main__][INFO] - [7, 10, 15, 33], []
[2025-01-30 00:13:30,804][__main__][INFO] - [7, 10, 15, 35], []
[2025-01-30 00:13:30,834][__main__][INFO] - [7, 10, 16, 21], []
[2025-01-30 00:13:31,038][__main__][INFO] - [7, 10, 17, 21], []
[2025-01-30 00:13:31,068][__main__][INFO] - [7, 10, 17, 23], []
[2025-01-30 00:13:31,221][__main__][INFO] - [7, 10, 17, 35], []
[2025-01-30 00:13:31,302][__main__][INFO] - [7, 10, 21, 27], []
[2025-01-30 00:13:31,320][__main__][INFO] - [7, 10, 21, 28], []
[2025-01-30 00:13:31,338][__main__][INFO] - [7, 10, 21, 29], []
[2025-01-30 00:13:31,355][__main__][INFO] - [7, 10, 21, 30], []
[2025-01-30 00:13:31,372][__main__][INFO] - [7, 10, 21, 31], []
[2025-01-30 00:13:31,390][__main__][INFO] - [7, 10, 21, 32], []
[2025-01-30 00:13:31,407][__main__][INFO] - [7, 10, 21, 33], []
[2025-01-30 00:13:31,425][__main__][INFO] - [7, 10, 21, 34], []
[2025-01-30 00:13:31,442][__main__][INFO] - [7, 10, 21, 35], []
[2025-01-30 00:13:31,585][__main__][INFO] - [7, 10, 22, 35], []
[2025-01-30 00:13:31,652][__main__][INFO] - [7, 10, 23, 29], []
[2025-01-30 00:13:31,670][__main__][INFO] - [7, 10, 23, 30], []
[2025-01-30 00:13:31,687][__main__][INFO] - [7, 10, 23, 31], []
[2025-01-30 00:13:31,705][__main__][INFO] - [7, 10, 23, 32], []
[2025-01-30 00:13:31,723][__main__][INFO] - [7, 10, 23, 33], []
[2025-01-30 00:13:31,741][__main__][INFO] - [7, 10, 23, 34], []
[2025-01-30 00:13:31,758][__main__][INFO] - [7, 10, 23, 35], []
[2025-01-30 00:13:31,951][__main__][INFO] - [7, 11, 12], [10]
[2025-01-30 00:13:31,968][__main__][INFO] - [7, 11, 13], [10]
[2025-01-30 00:13:31,997][__main__][INFO] - [7, 11, 15], [10]
[2025-01-30 00:13:32,026][__main__][INFO] - [7, 11, 17], [10]
[2025-01-30 00:13:32,081][__main__][INFO] - [7, 11, 21], [10]
[2025-01-30 00:13:32,098][__main__][INFO] - [7, 11, 22], [10]
[2025-01-30 00:13:32,115][__main__][INFO] - [7, 11, 23], [10]
[2025-01-30 00:13:32,207][__main__][INFO] - [7, 11, 30], [10]
[2025-01-30 00:13:32,224][__main__][INFO] - [7, 11, 31], [10]
[2025-01-30 00:13:32,241][__main__][INFO] - [7, 11, 32], [10]
[2025-01-30 00:13:32,258][__main__][INFO] - [7, 11, 33], [10]
[2025-01-30 00:13:32,276][__main__][INFO] - [7, 11, 34], [10]
[2025-01-30 00:13:32,293][__main__][INFO] - [7, 11, 35], [10]
[2025-01-30 00:13:32,322][__main__][INFO] - [7, 12], [10, 11]
[2025-01-30 00:13:32,340][__main__][INFO] - [7, 13], [10, 11]
[2025-01-30 00:13:32,356][__main__][INFO] - [7, 14], [10, 11]
[2025-01-30 00:13:32,373][__main__][INFO] - [7, 15], [10, 11]
[2025-01-30 00:13:32,402][__main__][INFO] - [7, 17], [10, 11]
[2025-01-30 00:13:32,457][__main__][INFO] - [7, 21], [10, 11]
[2025-01-30 00:13:32,474][__main__][INFO] - [7, 22], [10, 11]
[2025-01-30 00:13:32,491][__main__][INFO] - [7, 23], [10, 11]
[2025-01-30 00:13:32,546][__main__][INFO] - [7, 27], [10, 11]
[2025-01-30 00:13:32,563][__main__][INFO] - [7, 28], [10, 11]
[2025-01-30 00:13:32,580][__main__][INFO] - [7, 29], [10, 11]
[2025-01-30 00:13:32,597][__main__][INFO] - [7, 30], [10, 11]
[2025-01-30 00:13:32,614][__main__][INFO] - [7, 31], [10, 11]
[2025-01-30 00:13:32,632][__main__][INFO] - [7, 32], [10, 11]
[2025-01-30 00:13:32,649][__main__][INFO] - [7, 33], [10, 11]
[2025-01-30 00:13:32,666][__main__][INFO] - [7, 34], [10, 11]
[2025-01-30 00:13:32,683][__main__][INFO] - [7, 35], [10, 11]
[2025-01-30 00:13:32,712][__main__][INFO] - [7, 12, 21], [10]
[2025-01-30 00:13:32,730][__main__][INFO] - [7, 12, 22], [10]
[2025-01-30 00:13:32,748][__main__][INFO] - [7, 12, 23], [10]
[2025-01-30 00:13:32,803][__main__][INFO] - [7, 12, 27], [10]
[2025-01-30 00:13:32,820][__main__][INFO] - [7, 12, 28], [10]
[2025-01-30 00:13:32,837][__main__][INFO] - [7, 12, 29], [10]
[2025-01-30 00:13:32,854][__main__][INFO] - [7, 12, 30], [10]
[2025-01-30 00:13:32,872][__main__][INFO] - [7, 12, 31], [10]
[2025-01-30 00:13:32,888][__main__][INFO] - [7, 12, 32], [10]
[2025-01-30 00:13:32,905][__main__][INFO] - [7, 12, 33], [10]
[2025-01-30 00:13:32,922][__main__][INFO] - [7, 12, 34], [10]
[2025-01-30 00:13:32,939][__main__][INFO] - [7, 12, 35], [10]
[2025-01-30 00:13:32,968][__main__][INFO] - [7, 13, 21], [10]
[2025-01-30 00:13:33,151][__main__][INFO] - [7, 13, 35], [10]
[2025-01-30 00:13:33,180][__main__][INFO] - [7, 14, 21], [10]
[2025-01-30 00:13:33,210][__main__][INFO] - [7, 14, 23], [10]
[2025-01-30 00:13:33,365][__main__][INFO] - [7, 14, 35], [10]
[2025-01-30 00:13:33,395][__main__][INFO] - [7, 15, 21], [10]
[2025-01-30 00:13:33,412][__main__][INFO] - [7, 15, 22], [10]
[2025-01-30 00:13:33,430][__main__][INFO] - [7, 15, 23], [10]
[2025-01-30 00:13:33,509][__main__][INFO] - [7, 15, 29], [10]
[2025-01-30 00:13:33,527][__main__][INFO] - [7, 15, 30], [10]
[2025-01-30 00:13:33,568][__main__][INFO] - [7, 15, 33], [10]
[2025-01-30 00:13:33,586][__main__][INFO] - [7, 15, 34], [10]
[2025-01-30 00:13:33,603][__main__][INFO] - [7, 15, 35], [10]
[2025-01-30 00:13:33,646][__main__][INFO] - [7, 17, 21], [10]
[2025-01-30 00:13:33,663][__main__][INFO] - [7, 17, 22], [10]
[2025-01-30 00:13:33,680][__main__][INFO] - [7, 17, 23], [10]
[2025-01-30 00:13:33,795][__main__][INFO] - [7, 17, 32], [10]
[2025-01-30 00:13:33,838][__main__][INFO] - [7, 17, 35], [10]
[2025-01-30 00:13:33,929][__main__][INFO] - [7, 21, 28], [10]
[2025-01-30 00:13:33,947][__main__][INFO] - [7, 21, 29], [10]
[2025-01-30 00:13:33,965][__main__][INFO] - [7, 21, 30], [10]
[2025-01-30 00:13:33,982][__main__][INFO] - [7, 21, 31], [10]
[2025-01-30 00:13:33,999][__main__][INFO] - [7, 21, 32], [10]
[2025-01-30 00:13:34,018][__main__][INFO] - [7, 21, 33], [10]
[2025-01-30 00:13:34,035][__main__][INFO] - [7, 21, 34], [10]
[2025-01-30 00:13:34,053][__main__][INFO] - [7, 21, 35], [10]
[2025-01-30 00:13:34,110][__main__][INFO] - [7, 22, 28], [10]
[2025-01-30 00:13:34,128][__main__][INFO] - [7, 22, 29], [10]
[2025-01-30 00:13:34,146][__main__][INFO] - [7, 22, 30], [10]
[2025-01-30 00:13:34,164][__main__][INFO] - [7, 22, 31], [10]
[2025-01-30 00:13:34,221][__main__][INFO] - [7, 22, 35], [10]
[2025-01-30 00:13:34,283][__main__][INFO] - [7, 23, 28], [10]
[2025-01-30 00:13:34,301][__main__][INFO] - [7, 23, 29], [10]
[2025-01-30 00:13:34,319][__main__][INFO] - [7, 23, 30], [10]
[2025-01-30 00:13:34,336][__main__][INFO] - [7, 23, 31], [10]
[2025-01-30 00:13:34,354][__main__][INFO] - [7, 23, 32], [10]
[2025-01-30 00:13:34,372][__main__][INFO] - [7, 23, 33], [10]
[2025-01-30 00:13:34,390][__main__][INFO] - [7, 23, 34], [10]
[2025-01-30 00:13:34,407][__main__][INFO] - [7, 23, 35], [10]
[2025-01-30 00:13:34,476][__main__][INFO] - [7, 11, 12, 21], []
[2025-01-30 00:13:34,507][__main__][INFO] - [7, 11, 12, 23], []
[2025-01-30 00:13:34,586][__main__][INFO] - [7, 11, 12, 29], []
[2025-01-30 00:13:34,603][__main__][INFO] - [7, 11, 12, 30], []
[2025-01-30 00:13:34,621][__main__][INFO] - [7, 11, 12, 31], []
[2025-01-30 00:13:34,638][__main__][INFO] - [7, 11, 12, 32], []
[2025-01-30 00:13:34,655][__main__][INFO] - [7, 11, 12, 33], []
[2025-01-30 00:13:34,672][__main__][INFO] - [7, 11, 12, 34], []
[2025-01-30 00:13:34,689][__main__][INFO] - [7, 11, 12, 35], []
[2025-01-30 00:13:34,718][__main__][INFO] - [7, 11, 13, 21], []
[2025-01-30 00:13:34,906][__main__][INFO] - [7, 11, 13, 35], []
[2025-01-30 00:13:34,937][__main__][INFO] - [7, 11, 14, 21], []
[2025-01-30 00:13:35,171][__main__][INFO] - [7, 11, 15, 23], []
[2025-01-30 00:13:35,334][__main__][INFO] - [7, 11, 15, 35], []
[2025-01-30 00:13:35,667][__main__][INFO] - [7, 11, 21, 29], []
[2025-01-30 00:13:35,685][__main__][INFO] - [7, 11, 21, 30], []
[2025-01-30 00:13:35,704][__main__][INFO] - [7, 11, 21, 31], []
[2025-01-30 00:13:35,722][__main__][INFO] - [7, 11, 21, 32], []
[2025-01-30 00:13:35,740][__main__][INFO] - [7, 11, 21, 33], []
[2025-01-30 00:13:35,758][__main__][INFO] - [7, 11, 21, 34], []
[2025-01-30 00:13:35,775][__main__][INFO] - [7, 11, 21, 35], []
[2025-01-30 00:13:36,042][__main__][INFO] - [7, 11, 23, 33], []
[2025-01-30 00:13:36,073][__main__][INFO] - [7, 11, 23, 35], []
[2025-01-30 00:13:36,143][__main__][INFO] - [7, 12, 21], [11]
[2025-01-30 00:13:36,161][__main__][INFO] - [7, 12, 22], [11]
[2025-01-30 00:13:36,179][__main__][INFO] - [7, 12, 23], [11]
[2025-01-30 00:13:36,196][__main__][INFO] - [7, 12, 24], [11]
[2025-01-30 00:13:36,226][__main__][INFO] - [7, 12, 26], [11]
[2025-01-30 00:13:36,243][__main__][INFO] - [7, 12, 27], [11]
[2025-01-30 00:13:36,260][__main__][INFO] - [7, 12, 28], [11]
[2025-01-30 00:13:36,277][__main__][INFO] - [7, 12, 29], [11]
[2025-01-30 00:13:36,294][__main__][INFO] - [7, 12, 30], [11]
[2025-01-30 00:13:36,311][__main__][INFO] - [7, 12, 31], [11]
[2025-01-30 00:13:36,328][__main__][INFO] - [7, 12, 32], [11]
[2025-01-30 00:13:36,345][__main__][INFO] - [7, 12, 33], [11]
[2025-01-30 00:13:36,363][__main__][INFO] - [7, 12, 34], [11]
[2025-01-30 00:13:36,380][__main__][INFO] - [7, 12, 35], [11]
[2025-01-30 00:13:36,409][__main__][INFO] - [7, 13, 21], [11]
[2025-01-30 00:13:36,439][__main__][INFO] - [7, 13, 23], [11]
[2025-01-30 00:13:36,533][__main__][INFO] - [7, 13, 30], [11]
[2025-01-30 00:13:36,599][__main__][INFO] - [7, 13, 35], [11]
[2025-01-30 00:13:36,629][__main__][INFO] - [7, 14, 21], [11]
[2025-01-30 00:13:36,658][__main__][INFO] - [7, 14, 23], [11]
[2025-01-30 00:13:36,816][__main__][INFO] - [7, 14, 35], [11]
[2025-01-30 00:13:36,847][__main__][INFO] - [7, 15, 21], [11]
[2025-01-30 00:13:36,864][__main__][INFO] - [7, 15, 22], [11]
[2025-01-30 00:13:36,882][__main__][INFO] - [7, 15, 23], [11]
[2025-01-30 00:13:36,950][__main__][INFO] - [7, 15, 28], [11]
[2025-01-30 00:13:36,968][__main__][INFO] - [7, 15, 29], [11]
[2025-01-30 00:13:36,985][__main__][INFO] - [7, 15, 30], [11]
[2025-01-30 00:13:37,002][__main__][INFO] - [7, 15, 31], [11]
[2025-01-30 00:13:37,019][__main__][INFO] - [7, 15, 32], [11]
[2025-01-30 00:13:37,036][__main__][INFO] - [7, 15, 33], [11]
[2025-01-30 00:13:37,053][__main__][INFO] - [7, 15, 34], [11]
[2025-01-30 00:13:37,071][__main__][INFO] - [7, 15, 35], [11]
[2025-01-30 00:13:37,102][__main__][INFO] - [7, 16, 21], [11]
[2025-01-30 00:13:37,313][__main__][INFO] - [7, 17, 21], [11]
[2025-01-30 00:13:37,330][__main__][INFO] - [7, 17, 22], [11]
[2025-01-30 00:13:37,348][__main__][INFO] - [7, 17, 23], [11]
[2025-01-30 00:13:37,432][__main__][INFO] - [7, 17, 29], [11]
[2025-01-30 00:13:37,463][__main__][INFO] - [7, 17, 31], [11]
[2025-01-30 00:13:37,482][__main__][INFO] - [7, 17, 32], [11]
[2025-01-30 00:13:37,526][__main__][INFO] - [7, 17, 35], [11]
[2025-01-30 00:13:37,607][__main__][INFO] - [7, 21, 27], [11]
[2025-01-30 00:13:37,625][__main__][INFO] - [7, 21, 28], [11]
[2025-01-30 00:13:37,644][__main__][INFO] - [7, 21, 29], [11]
[2025-01-30 00:13:37,662][__main__][INFO] - [7, 21, 30], [11]
[2025-01-30 00:13:37,681][__main__][INFO] - [7, 21, 31], [11]
[2025-01-30 00:13:37,699][__main__][INFO] - [7, 21, 32], [11]
[2025-01-30 00:13:37,717][__main__][INFO] - [7, 21, 33], [11]
[2025-01-30 00:13:37,735][__main__][INFO] - [7, 21, 34], [11]
[2025-01-30 00:13:37,753][__main__][INFO] - [7, 21, 35], [11]
[2025-01-30 00:13:37,811][__main__][INFO] - [7, 22, 28], [11]
[2025-01-30 00:13:37,829][__main__][INFO] - [7, 22, 29], [11]
[2025-01-30 00:13:37,848][__main__][INFO] - [7, 22, 30], [11]
[2025-01-30 00:13:37,866][__main__][INFO] - [7, 22, 31], [11]
[2025-01-30 00:13:37,897][__main__][INFO] - [7, 22, 33], [11]
[2025-01-30 00:13:37,928][__main__][INFO] - [7, 22, 35], [11]
[2025-01-30 00:13:37,985][__main__][INFO] - [7, 23, 28], [11]
[2025-01-30 00:13:38,003][__main__][INFO] - [7, 23, 29], [11]
[2025-01-30 00:13:38,021][__main__][INFO] - [7, 23, 30], [11]
[2025-01-30 00:13:38,038][__main__][INFO] - [7, 23, 31], [11]
[2025-01-30 00:13:38,056][__main__][INFO] - [7, 23, 32], [11]
[2025-01-30 00:13:38,074][__main__][INFO] - [7, 23, 33], [11]
[2025-01-30 00:13:38,091][__main__][INFO] - [7, 23, 34], [11]
[2025-01-30 00:13:38,109][__main__][INFO] - [7, 23, 35], [11]
[2025-01-30 00:13:38,251][__main__][INFO] - [7, 24, 35], [11]
[2025-01-30 00:13:38,318][__main__][INFO] - [7, 12, 21, 27], []
[2025-01-30 00:13:38,336][__main__][INFO] - [7, 12, 21, 28], []
[2025-01-30 00:13:38,353][__main__][INFO] - [7, 12, 21, 29], []
[2025-01-30 00:13:38,371][__main__][INFO] - [7, 12, 21, 30], []
[2025-01-30 00:13:38,388][__main__][INFO] - [7, 12, 21, 31], []
[2025-01-30 00:13:38,406][__main__][INFO] - [7, 12, 21, 32], []
[2025-01-30 00:13:38,423][__main__][INFO] - [7, 12, 21, 33], []
[2025-01-30 00:13:38,441][__main__][INFO] - [7, 12, 21, 34], []
[2025-01-30 00:13:38,459][__main__][INFO] - [7, 12, 21, 35], []
[2025-01-30 00:13:38,608][__main__][INFO] - [7, 12, 22, 35], []
[2025-01-30 00:13:38,665][__main__][INFO] - [7, 12, 23, 28], []
[2025-01-30 00:13:38,683][__main__][INFO] - [7, 12, 23, 29], []
[2025-01-30 00:13:38,701][__main__][INFO] - [7, 12, 23, 30], []
[2025-01-30 00:13:38,719][__main__][INFO] - [7, 12, 23, 31], []
[2025-01-30 00:13:38,737][__main__][INFO] - [7, 12, 23, 32], []
[2025-01-30 00:13:38,754][__main__][INFO] - [7, 12, 23, 33], []
[2025-01-30 00:13:38,772][__main__][INFO] - [7, 12, 23, 34], []
[2025-01-30 00:13:38,790][__main__][INFO] - [7, 12, 23, 35], []
[2025-01-30 00:13:39,037][__main__][INFO] - [7, 13, 21, 30], []
[2025-01-30 00:13:39,107][__main__][INFO] - [7, 13, 21, 35], []
[2025-01-30 00:13:39,450][__main__][INFO] - [7, 14, 21, 35], []
[2025-01-30 00:13:39,612][__main__][INFO] - [7, 14, 23, 35], []
[2025-01-30 00:13:39,801][__main__][INFO] - [7, 15, 21, 35], []
[2025-01-30 00:13:39,946][__main__][INFO] - [7, 15, 22, 35], []
[2025-01-30 00:13:40,015][__main__][INFO] - [7, 15, 23, 29], []
[2025-01-30 00:13:40,033][__main__][INFO] - [7, 15, 23, 30], []
[2025-01-30 00:13:40,051][__main__][INFO] - [7, 15, 23, 31], []
[2025-01-30 00:13:40,069][__main__][INFO] - [7, 15, 23, 32], []
[2025-01-30 00:13:40,088][__main__][INFO] - [7, 15, 23, 33], []
[2025-01-30 00:13:40,106][__main__][INFO] - [7, 15, 23, 34], []
[2025-01-30 00:13:40,124][__main__][INFO] - [7, 15, 23, 35], []
[2025-01-30 00:13:40,809][__main__][INFO] - [7, 17, 23, 35], []
[2025-01-30 00:13:40,931][__main__][INFO] - [8, 10, 11, 12], []
[2025-01-30 00:13:40,973][__main__][INFO] - [8, 10, 11, 15], []
[2025-01-30 00:13:41,051][__main__][INFO] - [8, 10, 11, 21], []
[2025-01-30 00:13:41,081][__main__][INFO] - [8, 10, 11, 23], []
[2025-01-30 00:13:41,175][__main__][INFO] - [8, 10, 11, 30], []
[2025-01-30 00:13:41,244][__main__][INFO] - [8, 10, 11, 35], []
[2025-01-30 00:13:41,273][__main__][INFO] - [8, 10, 12], [11]
[2025-01-30 00:13:41,290][__main__][INFO] - [8, 10, 13], [11]
[2025-01-30 00:13:41,320][__main__][INFO] - [8, 10, 15], [11]
[2025-01-30 00:13:41,401][__main__][INFO] - [8, 10, 21], [11]
[2025-01-30 00:13:41,432][__main__][INFO] - [8, 10, 23], [11]
[2025-01-30 00:13:41,514][__main__][INFO] - [8, 10, 29], [11]
[2025-01-30 00:13:41,532][__main__][INFO] - [8, 10, 30], [11]
[2025-01-30 00:13:41,548][__main__][INFO] - [8, 10, 31], [11]
[2025-01-30 00:13:41,566][__main__][INFO] - [8, 10, 32], [11]
[2025-01-30 00:13:41,583][__main__][INFO] - [8, 10, 33], [11]
[2025-01-30 00:13:41,601][__main__][INFO] - [8, 10, 34], [11]
[2025-01-30 00:13:41,618][__main__][INFO] - [8, 10, 35], [11]
[2025-01-30 00:13:41,648][__main__][INFO] - [8, 10, 12, 21], []
[2025-01-30 00:13:41,679][__main__][INFO] - [8, 10, 12, 23], []
[2025-01-30 00:13:41,748][__main__][INFO] - [8, 10, 12, 28], []
[2025-01-30 00:13:41,766][__main__][INFO] - [8, 10, 12, 29], []
[2025-01-30 00:13:41,783][__main__][INFO] - [8, 10, 12, 30], []
[2025-01-30 00:13:41,800][__main__][INFO] - [8, 10, 12, 31], []
[2025-01-30 00:13:41,818][__main__][INFO] - [8, 10, 12, 32], []
[2025-01-30 00:13:41,836][__main__][INFO] - [8, 10, 12, 33], []
[2025-01-30 00:13:41,854][__main__][INFO] - [8, 10, 12, 34], []
[2025-01-30 00:13:41,872][__main__][INFO] - [8, 10, 12, 35], []
[2025-01-30 00:13:41,903][__main__][INFO] - [8, 10, 13, 21], []
[2025-01-30 00:13:42,148][__main__][INFO] - [8, 10, 15, 23], []
[2025-01-30 00:13:42,310][__main__][INFO] - [8, 10, 15, 35], []
[2025-01-30 00:13:42,446][__main__][INFO] - [8, 10, 21, 29], []
[2025-01-30 00:13:42,465][__main__][INFO] - [8, 10, 21, 30], []
[2025-01-30 00:13:42,483][__main__][INFO] - [8, 10, 21, 31], []
[2025-01-30 00:13:42,501][__main__][INFO] - [8, 10, 21, 32], []
[2025-01-30 00:13:42,519][__main__][INFO] - [8, 10, 21, 33], []
[2025-01-30 00:13:42,537][__main__][INFO] - [8, 10, 21, 34], []
[2025-01-30 00:13:42,555][__main__][INFO] - [8, 10, 21, 35], []
[2025-01-30 00:13:42,846][__main__][INFO] - [8, 10, 23, 35], []
[2025-01-30 00:13:42,917][__main__][INFO] - [8, 11, 12], [10]
[2025-01-30 00:13:43,037][__main__][INFO] - [8, 11, 21], [10]
[2025-01-30 00:13:43,067][__main__][INFO] - [8, 11, 23], [10]
[2025-01-30 00:13:43,224][__main__][INFO] - [8, 11, 35], [10]
[2025-01-30 00:13:43,256][__main__][INFO] - [8, 12], [10, 11]
[2025-01-30 00:13:43,298][__main__][INFO] - [8, 15], [10, 11]
[2025-01-30 00:13:43,378][__main__][INFO] - [8, 21], [10, 11]
[2025-01-30 00:13:43,408][__main__][INFO] - [8, 23], [10, 11]
[2025-01-30 00:13:43,489][__main__][INFO] - [8, 29], [10, 11]
[2025-01-30 00:13:43,506][__main__][INFO] - [8, 30], [10, 11]
[2025-01-30 00:13:43,536][__main__][INFO] - [8, 32], [10, 11]
[2025-01-30 00:13:43,552][__main__][INFO] - [8, 33], [10, 11]
[2025-01-30 00:13:43,569][__main__][INFO] - [8, 34], [10, 11]
[2025-01-30 00:13:43,586][__main__][INFO] - [8, 35], [10, 11]
[2025-01-30 00:13:43,616][__main__][INFO] - [8, 12, 21], [10]
[2025-01-30 00:13:43,646][__main__][INFO] - [8, 12, 23], [10]
[2025-01-30 00:13:43,725][__main__][INFO] - [8, 12, 29], [10]
[2025-01-30 00:13:43,743][__main__][INFO] - [8, 12, 30], [10]
[2025-01-30 00:13:43,761][__main__][INFO] - [8, 12, 31], [10]
[2025-01-30 00:13:43,779][__main__][INFO] - [8, 12, 32], [10]
[2025-01-30 00:13:43,796][__main__][INFO] - [8, 12, 33], [10]
[2025-01-30 00:13:43,814][__main__][INFO] - [8, 12, 34], [10]
[2025-01-30 00:13:43,832][__main__][INFO] - [8, 12, 35], [10]
[2025-01-30 00:13:43,862][__main__][INFO] - [8, 13, 21], [10]
[2025-01-30 00:13:44,112][__main__][INFO] - [8, 15, 23], [10]
[2025-01-30 00:13:44,275][__main__][INFO] - [8, 15, 35], [10]
[2025-01-30 00:13:44,592][__main__][INFO] - [8, 21, 29], [10]
[2025-01-30 00:13:44,610][__main__][INFO] - [8, 21, 30], [10]
[2025-01-30 00:13:44,627][__main__][INFO] - [8, 21, 31], [10]
[2025-01-30 00:13:44,645][__main__][INFO] - [8, 21, 32], [10]
[2025-01-30 00:13:44,662][__main__][INFO] - [8, 21, 33], [10]
[2025-01-30 00:13:44,679][__main__][INFO] - [8, 21, 34], [10]
[2025-01-30 00:13:44,696][__main__][INFO] - [8, 21, 35], [10]
[2025-01-30 00:13:44,978][__main__][INFO] - [8, 23, 35], [10]
[2025-01-30 00:13:45,046][__main__][INFO] - [8, 11, 12, 21], []
[2025-01-30 00:13:45,076][__main__][INFO] - [8, 11, 12, 23], []
[2025-01-30 00:13:45,168][__main__][INFO] - [8, 11, 12, 30], []
[2025-01-30 00:13:45,198][__main__][INFO] - [8, 11, 12, 32], []
[2025-01-30 00:13:45,229][__main__][INFO] - [8, 11, 12, 34], []
[2025-01-30 00:13:45,246][__main__][INFO] - [8, 11, 12, 35], []
[2025-01-30 00:13:45,328][__main__][INFO] - [8, 11, 15, 23], []
[2025-01-30 00:13:45,629][__main__][INFO] - [8, 11, 21, 30], []
[2025-01-30 00:13:45,660][__main__][INFO] - [8, 11, 21, 32], []
[2025-01-30 00:13:45,677][__main__][INFO] - [8, 11, 21, 33], []
[2025-01-30 00:13:45,694][__main__][INFO] - [8, 11, 21, 34], []
[2025-01-30 00:13:45,711][__main__][INFO] - [8, 11, 21, 35], []
[2025-01-30 00:13:45,866][__main__][INFO] - [8, 11, 23, 35], []
[2025-01-30 00:13:45,934][__main__][INFO] - [8, 12, 21], [11]
[2025-01-30 00:13:45,951][__main__][INFO] - [8, 12, 22], [11]
[2025-01-30 00:13:45,968][__main__][INFO] - [8, 12, 23], [11]
[2025-01-30 00:13:46,048][__main__][INFO] - [8, 12, 29], [11]
[2025-01-30 00:13:46,066][__main__][INFO] - [8, 12, 30], [11]
[2025-01-30 00:13:46,083][__main__][INFO] - [8, 12, 31], [11]
[2025-01-30 00:13:46,100][__main__][INFO] - [8, 12, 32], [11]
[2025-01-30 00:13:46,117][__main__][INFO] - [8, 12, 33], [11]
[2025-01-30 00:13:46,134][__main__][INFO] - [8, 12, 34], [11]
[2025-01-30 00:13:46,153][__main__][INFO] - [8, 12, 35], [11]
[2025-01-30 00:13:46,183][__main__][INFO] - [8, 13, 21], [11]
[2025-01-30 00:13:46,576][__main__][INFO] - [8, 14, 35], [11]
[2025-01-30 00:13:46,607][__main__][INFO] - [8, 15, 21], [11]
[2025-01-30 00:13:46,637][__main__][INFO] - [8, 15, 23], [11]
[2025-01-30 00:13:46,794][__main__][INFO] - [8, 15, 35], [11]
[2025-01-30 00:13:47,113][__main__][INFO] - [8, 21, 29], [11]
[2025-01-30 00:13:47,131][__main__][INFO] - [8, 21, 30], [11]
[2025-01-30 00:13:47,148][__main__][INFO] - [8, 21, 31], [11]
[2025-01-30 00:13:47,165][__main__][INFO] - [8, 21, 32], [11]
[2025-01-30 00:13:47,183][__main__][INFO] - [8, 21, 33], [11]
[2025-01-30 00:13:47,200][__main__][INFO] - [8, 21, 34], [11]
[2025-01-30 00:13:47,217][__main__][INFO] - [8, 21, 35], [11]
[2025-01-30 00:13:47,499][__main__][INFO] - [8, 23, 35], [11]
[2025-01-30 00:13:47,589][__main__][INFO] - [8, 12, 21, 28], []
[2025-01-30 00:13:47,607][__main__][INFO] - [8, 12, 21, 29], []
[2025-01-30 00:13:47,625][__main__][INFO] - [8, 12, 21, 30], []
[2025-01-30 00:13:47,643][__main__][INFO] - [8, 12, 21, 31], []
[2025-01-30 00:13:47,660][__main__][INFO] - [8, 12, 21, 32], []
[2025-01-30 00:13:47,678][__main__][INFO] - [8, 12, 21, 33], []
[2025-01-30 00:13:47,695][__main__][INFO] - [8, 12, 21, 34], []
[2025-01-30 00:13:47,713][__main__][INFO] - [8, 12, 21, 35], []
[2025-01-30 00:13:47,996][__main__][INFO] - [8, 12, 23, 35], []
[2025-01-30 00:13:48,178][__main__][INFO] - [8, 13, 21, 35], []
[2025-01-30 00:13:48,733][__main__][INFO] - [8, 15, 23, 35], []
[2025-01-30 00:13:48,938][__main__][INFO] - [9, 10, 11, 12], []
[2025-01-30 00:13:49,055][__main__][INFO] - [9, 10, 11, 21], []
[2025-01-30 00:13:49,233][__main__][INFO] - [9, 10, 11, 35], []
[2025-01-30 00:13:49,269][__main__][INFO] - [9, 10, 12], [11]
[2025-01-30 00:13:49,388][__main__][INFO] - [9, 10, 21], [11]
[2025-01-30 00:13:49,595][__main__][INFO] - [9, 10, 12, 21], []
[2025-01-30 00:13:49,780][__main__][INFO] - [9, 10, 12, 35], []
[2025-01-30 00:13:50,028][__main__][INFO] - [9, 10, 21, 35], []
[2025-01-30 00:13:50,249][__main__][INFO] - [9, 11, 12], [10]
[2025-01-30 00:13:50,368][__main__][INFO] - [9, 11, 21], [10]
[2025-01-30 00:13:50,553][__main__][INFO] - [9, 11, 35], [10]
[2025-01-30 00:13:50,583][__main__][INFO] - [9, 12], [10, 11]
[2025-01-30 00:13:50,701][__main__][INFO] - [9, 21], [10, 11]
[2025-01-30 00:13:50,883][__main__][INFO] - [9, 35], [10, 11]
[2025-01-30 00:13:50,913][__main__][INFO] - [9, 12, 21], [10]
[2025-01-30 00:13:51,096][__main__][INFO] - [9, 12, 35], [10]
[2025-01-30 00:13:51,344][__main__][INFO] - [9, 21, 35], [10]
[2025-01-30 00:13:51,436][__main__][INFO] - [9, 11, 12, 21], []
[2025-01-30 00:13:51,617][__main__][INFO] - [9, 11, 12, 35], []
[2025-01-30 00:13:51,859][__main__][INFO] - [9, 11, 21, 35], []
[2025-01-30 00:13:52,078][__main__][INFO] - [9, 12, 21], [11]
[2025-01-30 00:13:52,258][__main__][INFO] - [9, 12, 35], [11]
[2025-01-30 00:13:52,505][__main__][INFO] - [9, 21, 35], [11]
[2025-01-30 00:13:52,708][__main__][INFO] - [9, 12, 21, 35], []
[2025-01-30 00:13:52,977][__main__][INFO] - [10, 11, 12, 21], []
[2025-01-30 00:13:52,995][__main__][INFO] - [10, 11, 12, 22], []
[2025-01-30 00:13:53,012][__main__][INFO] - [10, 11, 12, 23], []
[2025-01-30 00:13:53,029][__main__][INFO] - [10, 11, 12, 24], []
[2025-01-30 00:13:53,058][__main__][INFO] - [10, 11, 12, 26], []
[2025-01-30 00:13:53,075][__main__][INFO] - [10, 11, 12, 27], []
[2025-01-30 00:13:53,091][__main__][INFO] - [10, 11, 12, 28], []
[2025-01-30 00:13:53,108][__main__][INFO] - [10, 11, 12, 29], []
[2025-01-30 00:13:53,125][__main__][INFO] - [10, 11, 12, 30], []
[2025-01-30 00:13:53,142][__main__][INFO] - [10, 11, 12, 31], []
[2025-01-30 00:13:53,159][__main__][INFO] - [10, 11, 12, 32], []
[2025-01-30 00:13:53,176][__main__][INFO] - [10, 11, 12, 33], []
[2025-01-30 00:13:53,193][__main__][INFO] - [10, 11, 12, 34], []
[2025-01-30 00:13:53,210][__main__][INFO] - [10, 11, 12, 35], []
[2025-01-30 00:13:53,239][__main__][INFO] - [10, 11, 13, 21], []
[2025-01-30 00:13:53,270][__main__][INFO] - [10, 11, 13, 23], []
[2025-01-30 00:13:53,312][__main__][INFO] - [10, 11, 13, 26], []
[2025-01-30 00:13:53,329][__main__][INFO] - [10, 11, 13, 27], []
[2025-01-30 00:13:53,346][__main__][INFO] - [10, 11, 13, 28], []
[2025-01-30 00:13:53,363][__main__][INFO] - [10, 11, 13, 29], []
[2025-01-30 00:13:53,380][__main__][INFO] - [10, 11, 13, 30], []
[2025-01-30 00:13:53,396][__main__][INFO] - [10, 11, 13, 31], []
[2025-01-30 00:13:53,413][__main__][INFO] - [10, 11, 13, 32], []
[2025-01-30 00:13:53,430][__main__][INFO] - [10, 11, 13, 33], []
[2025-01-30 00:13:53,447][__main__][INFO] - [10, 11, 13, 34], []
[2025-01-30 00:13:53,464][__main__][INFO] - [10, 11, 13, 35], []
[2025-01-30 00:13:53,493][__main__][INFO] - [10, 11, 14, 21], []
[2025-01-30 00:13:53,523][__main__][INFO] - [10, 11, 14, 23], []
[2025-01-30 00:13:53,565][__main__][INFO] - [10, 11, 14, 26], []
[2025-01-30 00:13:53,582][__main__][INFO] - [10, 11, 14, 27], []
[2025-01-30 00:13:53,599][__main__][INFO] - [10, 11, 14, 28], []
[2025-01-30 00:13:53,617][__main__][INFO] - [10, 11, 14, 29], []
[2025-01-30 00:13:53,634][__main__][INFO] - [10, 11, 14, 30], []
[2025-01-30 00:13:53,650][__main__][INFO] - [10, 11, 14, 31], []
[2025-01-30 00:13:53,668][__main__][INFO] - [10, 11, 14, 32], []
[2025-01-30 00:13:53,685][__main__][INFO] - [10, 11, 14, 33], []
[2025-01-30 00:13:53,702][__main__][INFO] - [10, 11, 14, 34], []
[2025-01-30 00:13:53,719][__main__][INFO] - [10, 11, 14, 35], []
[2025-01-30 00:13:53,749][__main__][INFO] - [10, 11, 15, 21], []
[2025-01-30 00:13:53,766][__main__][INFO] - [10, 11, 15, 22], []
[2025-01-30 00:13:53,783][__main__][INFO] - [10, 11, 15, 23], []
[2025-01-30 00:13:53,826][__main__][INFO] - [10, 11, 15, 26], []
[2025-01-30 00:13:53,843][__main__][INFO] - [10, 11, 15, 27], []
[2025-01-30 00:13:53,860][__main__][INFO] - [10, 11, 15, 28], []
[2025-01-30 00:13:53,877][__main__][INFO] - [10, 11, 15, 29], []
[2025-01-30 00:13:53,895][__main__][INFO] - [10, 11, 15, 30], []
[2025-01-30 00:13:53,912][__main__][INFO] - [10, 11, 15, 31], []
[2025-01-30 00:13:53,929][__main__][INFO] - [10, 11, 15, 32], []
[2025-01-30 00:13:53,946][__main__][INFO] - [10, 11, 15, 33], []
[2025-01-30 00:13:53,963][__main__][INFO] - [10, 11, 15, 34], []
[2025-01-30 00:13:53,980][__main__][INFO] - [10, 11, 15, 35], []
[2025-01-30 00:13:54,010][__main__][INFO] - [10, 11, 16, 21], []
[2025-01-30 00:13:54,193][__main__][INFO] - [10, 11, 16, 35], []
[2025-01-30 00:13:54,223][__main__][INFO] - [10, 11, 17, 21], []
[2025-01-30 00:13:54,240][__main__][INFO] - [10, 11, 17, 22], []
[2025-01-30 00:13:54,258][__main__][INFO] - [10, 11, 17, 23], []
[2025-01-30 00:13:54,300][__main__][INFO] - [10, 11, 17, 26], []
[2025-01-30 00:13:54,317][__main__][INFO] - [10, 11, 17, 27], []
[2025-01-30 00:13:54,335][__main__][INFO] - [10, 11, 17, 28], []
[2025-01-30 00:13:54,352][__main__][INFO] - [10, 11, 17, 29], []
[2025-01-30 00:13:54,370][__main__][INFO] - [10, 11, 17, 30], []
[2025-01-30 00:13:54,387][__main__][INFO] - [10, 11, 17, 31], []
[2025-01-30 00:13:54,404][__main__][INFO] - [10, 11, 17, 32], []
[2025-01-30 00:13:54,421][__main__][INFO] - [10, 11, 17, 33], []
[2025-01-30 00:13:54,439][__main__][INFO] - [10, 11, 17, 34], []
[2025-01-30 00:13:54,456][__main__][INFO] - [10, 11, 17, 35], []
[2025-01-30 00:13:54,715][__main__][INFO] - [10, 11, 21, 26], []
[2025-01-30 00:13:54,733][__main__][INFO] - [10, 11, 21, 27], []
[2025-01-30 00:13:54,750][__main__][INFO] - [10, 11, 21, 28], []
[2025-01-30 00:13:54,768][__main__][INFO] - [10, 11, 21, 29], []
[2025-01-30 00:13:54,785][__main__][INFO] - [10, 11, 21, 30], []
[2025-01-30 00:13:54,803][__main__][INFO] - [10, 11, 21, 31], []
[2025-01-30 00:13:54,820][__main__][INFO] - [10, 11, 21, 32], []
[2025-01-30 00:13:54,838][__main__][INFO] - [10, 11, 21, 33], []
[2025-01-30 00:13:54,856][__main__][INFO] - [10, 11, 21, 34], []
[2025-01-30 00:13:54,873][__main__][INFO] - [10, 11, 21, 35], []
[2025-01-30 00:13:54,903][__main__][INFO] - [10, 11, 22, 26], []
[2025-01-30 00:13:54,921][__main__][INFO] - [10, 11, 22, 27], []
[2025-01-30 00:13:54,939][__main__][INFO] - [10, 11, 22, 28], []
[2025-01-30 00:13:54,956][__main__][INFO] - [10, 11, 22, 29], []
[2025-01-30 00:13:54,974][__main__][INFO] - [10, 11, 22, 30], []
[2025-01-30 00:13:54,991][__main__][INFO] - [10, 11, 22, 31], []
[2025-01-30 00:13:55,008][__main__][INFO] - [10, 11, 22, 32], []
[2025-01-30 00:13:55,025][__main__][INFO] - [10, 11, 22, 33], []
[2025-01-30 00:13:55,042][__main__][INFO] - [10, 11, 22, 34], []
[2025-01-30 00:13:55,059][__main__][INFO] - [10, 11, 22, 35], []
[2025-01-30 00:13:55,089][__main__][INFO] - [10, 11, 23, 26], []
[2025-01-30 00:13:55,107][__main__][INFO] - [10, 11, 23, 27], []
[2025-01-30 00:13:55,124][__main__][INFO] - [10, 11, 23, 28], []
[2025-01-30 00:13:55,141][__main__][INFO] - [10, 11, 23, 29], []
[2025-01-30 00:13:55,158][__main__][INFO] - [10, 11, 23, 30], []
[2025-01-30 00:13:55,175][__main__][INFO] - [10, 11, 23, 31], []
[2025-01-30 00:13:55,192][__main__][INFO] - [10, 11, 23, 32], []
[2025-01-30 00:13:55,209][__main__][INFO] - [10, 11, 23, 33], []
[2025-01-30 00:13:55,227][__main__][INFO] - [10, 11, 23, 34], []
[2025-01-30 00:13:55,244][__main__][INFO] - [10, 11, 23, 35], []
[2025-01-30 00:13:55,388][__main__][INFO] - [10, 11, 24, 35], []
[2025-01-30 00:13:55,444][__main__][INFO] - [10, 12, 21], [11]
[2025-01-30 00:13:55,467][__main__][INFO] - [10, 12, 22], [11]
[2025-01-30 00:13:55,485][__main__][INFO] - [10, 12, 23], [11]
[2025-01-30 00:13:55,503][__main__][INFO] - [10, 12, 24], [11]
[2025-01-30 00:13:55,520][__main__][INFO] - [10, 12, 25], [11]
[2025-01-30 00:13:55,537][__main__][INFO] - [10, 12, 26], [11]
[2025-01-30 00:13:55,554][__main__][INFO] - [10, 12, 27], [11]
[2025-01-30 00:13:55,571][__main__][INFO] - [10, 12, 28], [11]
[2025-01-30 00:13:55,588][__main__][INFO] - [10, 12, 29], [11]
[2025-01-30 00:13:55,605][__main__][INFO] - [10, 12, 30], [11]
[2025-01-30 00:13:55,623][__main__][INFO] - [10, 12, 31], [11]
[2025-01-30 00:13:55,640][__main__][INFO] - [10, 12, 32], [11]
[2025-01-30 00:13:55,657][__main__][INFO] - [10, 12, 33], [11]
[2025-01-30 00:13:55,675][__main__][INFO] - [10, 12, 34], [11]
[2025-01-30 00:13:55,692][__main__][INFO] - [10, 12, 35], [11]
[2025-01-30 00:13:55,724][__main__][INFO] - [10, 13, 21], [11]
[2025-01-30 00:13:55,742][__main__][INFO] - [10, 13, 22], [11]
[2025-01-30 00:13:55,758][__main__][INFO] - [10, 13, 23], [11]
[2025-01-30 00:13:55,776][__main__][INFO] - [10, 13, 24], [11]
[2025-01-30 00:13:55,805][__main__][INFO] - [10, 13, 26], [11]
[2025-01-30 00:13:55,822][__main__][INFO] - [10, 13, 27], [11]
[2025-01-30 00:13:55,839][__main__][INFO] - [10, 13, 28], [11]
[2025-01-30 00:13:55,856][__main__][INFO] - [10, 13, 29], [11]
[2025-01-30 00:13:55,873][__main__][INFO] - [10, 13, 30], [11]
[2025-01-30 00:13:55,890][__main__][INFO] - [10, 13, 31], [11]
[2025-01-30 00:13:55,907][__main__][INFO] - [10, 13, 32], [11]
[2025-01-30 00:13:55,924][__main__][INFO] - [10, 13, 33], [11]
[2025-01-30 00:13:55,941][__main__][INFO] - [10, 13, 34], [11]
[2025-01-30 00:13:55,958][__main__][INFO] - [10, 13, 35], [11]
[2025-01-30 00:13:55,988][__main__][INFO] - [10, 14, 21], [11]
[2025-01-30 00:13:56,005][__main__][INFO] - [10, 14, 22], [11]
[2025-01-30 00:13:56,022][__main__][INFO] - [10, 14, 23], [11]
[2025-01-30 00:13:56,039][__main__][INFO] - [10, 14, 24], [11]
[2025-01-30 00:13:56,057][__main__][INFO] - [10, 14, 25], [11]
[2025-01-30 00:13:56,074][__main__][INFO] - [10, 14, 26], [11]
[2025-01-30 00:13:56,091][__main__][INFO] - [10, 14, 27], [11]
[2025-01-30 00:13:56,109][__main__][INFO] - [10, 14, 28], [11]
[2025-01-30 00:13:56,126][__main__][INFO] - [10, 14, 29], [11]
[2025-01-30 00:13:56,143][__main__][INFO] - [10, 14, 30], [11]
[2025-01-30 00:13:56,160][__main__][INFO] - [10, 14, 31], [11]
[2025-01-30 00:13:56,177][__main__][INFO] - [10, 14, 32], [11]
[2025-01-30 00:13:56,194][__main__][INFO] - [10, 14, 33], [11]
[2025-01-30 00:13:56,211][__main__][INFO] - [10, 14, 34], [11]
[2025-01-30 00:13:56,229][__main__][INFO] - [10, 14, 35], [11]
[2025-01-30 00:13:56,258][__main__][INFO] - [10, 15, 21], [11]
[2025-01-30 00:13:56,276][__main__][INFO] - [10, 15, 22], [11]
[2025-01-30 00:13:56,293][__main__][INFO] - [10, 15, 23], [11]
[2025-01-30 00:13:56,312][__main__][INFO] - [10, 15, 24], [11]
[2025-01-30 00:13:56,329][__main__][INFO] - [10, 15, 25], [11]
[2025-01-30 00:13:56,347][__main__][INFO] - [10, 15, 26], [11]
[2025-01-30 00:13:56,364][__main__][INFO] - [10, 15, 27], [11]
[2025-01-30 00:13:56,380][__main__][INFO] - [10, 15, 28], [11]
[2025-01-30 00:13:56,397][__main__][INFO] - [10, 15, 29], [11]
[2025-01-30 00:13:56,414][__main__][INFO] - [10, 15, 30], [11]
[2025-01-30 00:13:56,432][__main__][INFO] - [10, 15, 31], [11]
[2025-01-30 00:13:56,449][__main__][INFO] - [10, 15, 32], [11]
[2025-01-30 00:13:56,466][__main__][INFO] - [10, 15, 33], [11]
[2025-01-30 00:13:56,483][__main__][INFO] - [10, 15, 34], [11]
[2025-01-30 00:13:56,500][__main__][INFO] - [10, 15, 35], [11]
[2025-01-30 00:13:56,530][__main__][INFO] - [10, 16, 21], [11]
[2025-01-30 00:13:56,548][__main__][INFO] - [10, 16, 22], [11]
[2025-01-30 00:13:56,564][__main__][INFO] - [10, 16, 23], [11]
[2025-01-30 00:13:56,608][__main__][INFO] - [10, 16, 26], [11]
[2025-01-30 00:13:56,624][__main__][INFO] - [10, 16, 27], [11]
[2025-01-30 00:13:56,641][__main__][INFO] - [10, 16, 28], [11]
[2025-01-30 00:13:56,659][__main__][INFO] - [10, 16, 29], [11]
[2025-01-30 00:13:56,676][__main__][INFO] - [10, 16, 30], [11]
[2025-01-30 00:13:56,693][__main__][INFO] - [10, 16, 31], [11]
[2025-01-30 00:13:56,710][__main__][INFO] - [10, 16, 32], [11]
[2025-01-30 00:13:56,727][__main__][INFO] - [10, 16, 33], [11]
[2025-01-30 00:13:56,744][__main__][INFO] - [10, 16, 34], [11]
[2025-01-30 00:13:56,761][__main__][INFO] - [10, 16, 35], [11]
[2025-01-30 00:13:56,790][__main__][INFO] - [10, 17, 21], [11]
[2025-01-30 00:13:56,808][__main__][INFO] - [10, 17, 22], [11]
[2025-01-30 00:13:56,826][__main__][INFO] - [10, 17, 23], [11]
[2025-01-30 00:13:56,843][__main__][INFO] - [10, 17, 24], [11]
[2025-01-30 00:13:56,861][__main__][INFO] - [10, 17, 25], [11]
[2025-01-30 00:13:56,878][__main__][INFO] - [10, 17, 26], [11]
[2025-01-30 00:13:56,895][__main__][INFO] - [10, 17, 27], [11]
[2025-01-30 00:13:56,912][__main__][INFO] - [10, 17, 28], [11]
[2025-01-30 00:13:56,930][__main__][INFO] - [10, 17, 29], [11]
[2025-01-30 00:13:56,947][__main__][INFO] - [10, 17, 30], [11]
[2025-01-30 00:13:56,964][__main__][INFO] - [10, 17, 31], [11]
[2025-01-30 00:13:56,982][__main__][INFO] - [10, 17, 32], [11]
[2025-01-30 00:13:56,999][__main__][INFO] - [10, 17, 33], [11]
[2025-01-30 00:13:57,016][__main__][INFO] - [10, 17, 34], [11]
[2025-01-30 00:13:57,034][__main__][INFO] - [10, 17, 35], [11]
[2025-01-30 00:13:57,065][__main__][INFO] - [10, 18, 21], [11]
[2025-01-30 00:13:57,082][__main__][INFO] - [10, 18, 22], [11]
[2025-01-30 00:13:57,099][__main__][INFO] - [10, 18, 23], [11]
[2025-01-30 00:13:57,167][__main__][INFO] - [10, 18, 28], [11]
[2025-01-30 00:13:57,185][__main__][INFO] - [10, 18, 29], [11]
[2025-01-30 00:13:57,203][__main__][INFO] - [10, 18, 30], [11]
[2025-01-30 00:13:57,220][__main__][INFO] - [10, 18, 31], [11]
[2025-01-30 00:13:57,238][__main__][INFO] - [10, 18, 32], [11]
[2025-01-30 00:13:57,255][__main__][INFO] - [10, 18, 33], [11]
[2025-01-30 00:13:57,272][__main__][INFO] - [10, 18, 34], [11]
[2025-01-30 00:13:57,289][__main__][INFO] - [10, 18, 35], [11]
[2025-01-30 00:13:57,320][__main__][INFO] - [10, 19, 21], [11]
[2025-01-30 00:13:57,338][__main__][INFO] - [10, 19, 22], [11]
[2025-01-30 00:13:57,356][__main__][INFO] - [10, 19, 23], [11]
[2025-01-30 00:13:57,373][__main__][INFO] - [10, 19, 24], [11]
[2025-01-30 00:13:57,390][__main__][INFO] - [10, 19, 25], [11]
[2025-01-30 00:13:57,407][__main__][INFO] - [10, 19, 26], [11]
[2025-01-30 00:13:57,425][__main__][INFO] - [10, 19, 27], [11]
[2025-01-30 00:13:57,443][__main__][INFO] - [10, 19, 28], [11]
[2025-01-30 00:13:57,461][__main__][INFO] - [10, 19, 29], [11]
[2025-01-30 00:13:57,479][__main__][INFO] - [10, 19, 30], [11]
[2025-01-30 00:13:57,497][__main__][INFO] - [10, 19, 31], [11]
[2025-01-30 00:13:57,514][__main__][INFO] - [10, 19, 32], [11]
[2025-01-30 00:13:57,533][__main__][INFO] - [10, 19, 33], [11]
[2025-01-30 00:13:57,550][__main__][INFO] - [10, 19, 34], [11]
[2025-01-30 00:13:57,568][__main__][INFO] - [10, 19, 35], [11]
[2025-01-30 00:13:57,613][__main__][INFO] - [10, 21, 26], [11]
[2025-01-30 00:13:57,632][__main__][INFO] - [10, 21, 27], [11]
[2025-01-30 00:13:57,650][__main__][INFO] - [10, 21, 28], [11]
[2025-01-30 00:13:57,668][__main__][INFO] - [10, 21, 29], [11]
[2025-01-30 00:13:57,685][__main__][INFO] - [10, 21, 30], [11]
[2025-01-30 00:13:57,703][__main__][INFO] - [10, 21, 31], [11]
[2025-01-30 00:13:57,721][__main__][INFO] - [10, 21, 32], [11]
[2025-01-30 00:13:57,739][__main__][INFO] - [10, 21, 33], [11]
[2025-01-30 00:13:57,756][__main__][INFO] - [10, 21, 34], [11]
[2025-01-30 00:13:57,775][__main__][INFO] - [10, 21, 35], [11]
[2025-01-30 00:13:57,809][__main__][INFO] - [10, 22, 26], [11]
[2025-01-30 00:13:57,827][__main__][INFO] - [10, 22, 27], [11]
[2025-01-30 00:13:57,845][__main__][INFO] - [10, 22, 28], [11]
[2025-01-30 00:13:57,863][__main__][INFO] - [10, 22, 29], [11]
[2025-01-30 00:13:57,881][__main__][INFO] - [10, 22, 30], [11]
[2025-01-30 00:13:57,899][__main__][INFO] - [10, 22, 31], [11]
[2025-01-30 00:13:57,916][__main__][INFO] - [10, 22, 32], [11]
[2025-01-30 00:13:57,935][__main__][INFO] - [10, 22, 33], [11]
[2025-01-30 00:13:57,952][__main__][INFO] - [10, 22, 34], [11]
[2025-01-30 00:13:57,970][__main__][INFO] - [10, 22, 35], [11]
[2025-01-30 00:13:58,000][__main__][INFO] - [10, 23, 26], [11]
[2025-01-30 00:13:58,017][__main__][INFO] - [10, 23, 27], [11]
[2025-01-30 00:13:58,034][__main__][INFO] - [10, 23, 28], [11]
[2025-01-30 00:13:58,052][__main__][INFO] - [10, 23, 29], [11]
[2025-01-30 00:13:58,070][__main__][INFO] - [10, 23, 30], [11]
[2025-01-30 00:13:58,088][__main__][INFO] - [10, 23, 31], [11]
[2025-01-30 00:13:58,105][__main__][INFO] - [10, 23, 32], [11]
[2025-01-30 00:13:58,123][__main__][INFO] - [10, 23, 33], [11]
[2025-01-30 00:13:58,140][__main__][INFO] - [10, 23, 34], [11]
[2025-01-30 00:13:58,158][__main__][INFO] - [10, 23, 35], [11]
[2025-01-30 00:13:58,190][__main__][INFO] - [10, 24, 26], [11]
[2025-01-30 00:13:58,208][__main__][INFO] - [10, 24, 27], [11]
[2025-01-30 00:13:58,225][__main__][INFO] - [10, 24, 28], [11]
[2025-01-30 00:13:58,243][__main__][INFO] - [10, 24, 29], [11]
[2025-01-30 00:13:58,261][__main__][INFO] - [10, 24, 30], [11]
[2025-01-30 00:13:58,279][__main__][INFO] - [10, 24, 31], [11]
[2025-01-30 00:13:58,298][__main__][INFO] - [10, 24, 32], [11]
[2025-01-30 00:13:58,316][__main__][INFO] - [10, 24, 33], [11]
[2025-01-30 00:13:58,334][__main__][INFO] - [10, 24, 34], [11]
[2025-01-30 00:13:58,351][__main__][INFO] - [10, 24, 35], [11]
[2025-01-30 00:13:58,407][__main__][INFO] - [10, 25, 28], [11]
[2025-01-30 00:13:58,425][__main__][INFO] - [10, 25, 29], [11]
[2025-01-30 00:13:58,443][__main__][INFO] - [10, 25, 30], [11]
[2025-01-30 00:13:58,460][__main__][INFO] - [10, 25, 31], [11]
[2025-01-30 00:13:58,478][__main__][INFO] - [10, 25, 32], [11]
[2025-01-30 00:13:58,496][__main__][INFO] - [10, 25, 33], [11]
[2025-01-30 00:13:58,526][__main__][INFO] - [10, 25, 35], [11]
[2025-01-30 00:13:58,569][__main__][INFO] - [10, 12, 21, 26], []
[2025-01-30 00:13:58,588][__main__][INFO] - [10, 12, 21, 27], []
[2025-01-30 00:13:58,604][__main__][INFO] - [10, 12, 21, 28], []
[2025-01-30 00:13:58,621][__main__][INFO] - [10, 12, 21, 29], []
[2025-01-30 00:13:58,638][__main__][INFO] - [10, 12, 21, 30], []
[2025-01-30 00:13:58,656][__main__][INFO] - [10, 12, 21, 31], []
[2025-01-30 00:13:58,673][__main__][INFO] - [10, 12, 21, 32], []
[2025-01-30 00:13:58,690][__main__][INFO] - [10, 12, 21, 33], []
[2025-01-30 00:13:58,708][__main__][INFO] - [10, 12, 21, 34], []
[2025-01-30 00:13:58,725][__main__][INFO] - [10, 12, 21, 35], []
[2025-01-30 00:13:58,757][__main__][INFO] - [10, 12, 22, 26], []
[2025-01-30 00:13:58,774][__main__][INFO] - [10, 12, 22, 27], []
[2025-01-30 00:13:58,791][__main__][INFO] - [10, 12, 22, 28], []
[2025-01-30 00:13:58,808][__main__][INFO] - [10, 12, 22, 29], []
[2025-01-30 00:13:58,825][__main__][INFO] - [10, 12, 22, 30], []
[2025-01-30 00:13:58,843][__main__][INFO] - [10, 12, 22, 31], []
[2025-01-30 00:13:58,860][__main__][INFO] - [10, 12, 22, 32], []
[2025-01-30 00:13:58,877][__main__][INFO] - [10, 12, 22, 33], []
[2025-01-30 00:13:58,894][__main__][INFO] - [10, 12, 22, 34], []
[2025-01-30 00:13:58,912][__main__][INFO] - [10, 12, 22, 35], []
[2025-01-30 00:13:58,941][__main__][INFO] - [10, 12, 23, 26], []
[2025-01-30 00:13:58,959][__main__][INFO] - [10, 12, 23, 27], []
[2025-01-30 00:13:58,975][__main__][INFO] - [10, 12, 23, 28], []
[2025-01-30 00:13:58,992][__main__][INFO] - [10, 12, 23, 29], []
[2025-01-30 00:13:59,009][__main__][INFO] - [10, 12, 23, 30], []
[2025-01-30 00:13:59,027][__main__][INFO] - [10, 12, 23, 31], []
[2025-01-30 00:13:59,044][__main__][INFO] - [10, 12, 23, 32], []
[2025-01-30 00:13:59,060][__main__][INFO] - [10, 12, 23, 33], []
[2025-01-30 00:13:59,077][__main__][INFO] - [10, 12, 23, 34], []
[2025-01-30 00:13:59,094][__main__][INFO] - [10, 12, 23, 35], []
[2025-01-30 00:13:59,124][__main__][INFO] - [10, 12, 24, 26], []
[2025-01-30 00:13:59,142][__main__][INFO] - [10, 12, 24, 27], []
[2025-01-30 00:13:59,159][__main__][INFO] - [10, 12, 24, 28], []
[2025-01-30 00:13:59,176][__main__][INFO] - [10, 12, 24, 29], []
[2025-01-30 00:13:59,194][__main__][INFO] - [10, 12, 24, 30], []
[2025-01-30 00:13:59,211][__main__][INFO] - [10, 12, 24, 31], []
[2025-01-30 00:13:59,229][__main__][INFO] - [10, 12, 24, 32], []
[2025-01-30 00:13:59,247][__main__][INFO] - [10, 12, 24, 33], []
[2025-01-30 00:13:59,265][__main__][INFO] - [10, 12, 24, 34], []
[2025-01-30 00:13:59,283][__main__][INFO] - [10, 12, 24, 35], []
[2025-01-30 00:13:59,425][__main__][INFO] - [10, 12, 25, 35], []
[2025-01-30 00:13:59,467][__main__][INFO] - [10, 13, 21, 26], []
[2025-01-30 00:13:59,484][__main__][INFO] - [10, 13, 21, 27], []
[2025-01-30 00:13:59,502][__main__][INFO] - [10, 13, 21, 28], []
[2025-01-30 00:13:59,519][__main__][INFO] - [10, 13, 21, 29], []
[2025-01-30 00:13:59,537][__main__][INFO] - [10, 13, 21, 30], []
[2025-01-30 00:13:59,554][__main__][INFO] - [10, 13, 21, 31], []
[2025-01-30 00:13:59,571][__main__][INFO] - [10, 13, 21, 32], []
[2025-01-30 00:13:59,588][__main__][INFO] - [10, 13, 21, 33], []
[2025-01-30 00:13:59,605][__main__][INFO] - [10, 13, 21, 34], []
[2025-01-30 00:13:59,622][__main__][INFO] - [10, 13, 21, 35], []
[2025-01-30 00:13:59,678][__main__][INFO] - [10, 13, 22, 28], []
[2025-01-30 00:13:59,696][__main__][INFO] - [10, 13, 22, 29], []
[2025-01-30 00:13:59,714][__main__][INFO] - [10, 13, 22, 30], []
[2025-01-30 00:13:59,744][__main__][INFO] - [10, 13, 22, 32], []
[2025-01-30 00:13:59,789][__main__][INFO] - [10, 13, 22, 35], []
[2025-01-30 00:13:59,847][__main__][INFO] - [10, 13, 23, 28], []
[2025-01-30 00:13:59,865][__main__][INFO] - [10, 13, 23, 29], []
[2025-01-30 00:13:59,882][__main__][INFO] - [10, 13, 23, 30], []
[2025-01-30 00:13:59,900][__main__][INFO] - [10, 13, 23, 31], []
[2025-01-30 00:13:59,918][__main__][INFO] - [10, 13, 23, 32], []
[2025-01-30 00:13:59,936][__main__][INFO] - [10, 13, 23, 33], []
[2025-01-30 00:13:59,954][__main__][INFO] - [10, 13, 23, 34], []
[2025-01-30 00:13:59,972][__main__][INFO] - [10, 13, 23, 35], []
[2025-01-30 00:14:00,119][__main__][INFO] - [10, 13, 24, 35], []
[2025-01-30 00:14:00,176][__main__][INFO] - [10, 14, 21, 26], []
[2025-01-30 00:14:00,194][__main__][INFO] - [10, 14, 21, 27], []
[2025-01-30 00:14:00,212][__main__][INFO] - [10, 14, 21, 28], []
[2025-01-30 00:14:00,230][__main__][INFO] - [10, 14, 21, 29], []
[2025-01-30 00:14:00,248][__main__][INFO] - [10, 14, 21, 30], []
[2025-01-30 00:14:00,267][__main__][INFO] - [10, 14, 21, 31], []
[2025-01-30 00:14:00,284][__main__][INFO] - [10, 14, 21, 32], []
[2025-01-30 00:14:00,302][__main__][INFO] - [10, 14, 21, 33], []
[2025-01-30 00:14:00,320][__main__][INFO] - [10, 14, 21, 34], []
[2025-01-30 00:14:00,338][__main__][INFO] - [10, 14, 21, 35], []
[2025-01-30 00:14:00,369][__main__][INFO] - [10, 14, 22, 26], []
[2025-01-30 00:14:00,387][__main__][INFO] - [10, 14, 22, 27], []
[2025-01-30 00:14:00,404][__main__][INFO] - [10, 14, 22, 28], []
[2025-01-30 00:14:00,422][__main__][INFO] - [10, 14, 22, 29], []
[2025-01-30 00:14:00,439][__main__][INFO] - [10, 14, 22, 30], []
[2025-01-30 00:14:00,458][__main__][INFO] - [10, 14, 22, 31], []
[2025-01-30 00:14:00,475][__main__][INFO] - [10, 14, 22, 32], []
[2025-01-30 00:14:00,493][__main__][INFO] - [10, 14, 22, 33], []
[2025-01-30 00:14:00,510][__main__][INFO] - [10, 14, 22, 34], []
[2025-01-30 00:14:00,528][__main__][INFO] - [10, 14, 22, 35], []
[2025-01-30 00:14:00,572][__main__][INFO] - [10, 14, 23, 27], []
[2025-01-30 00:14:00,590][__main__][INFO] - [10, 14, 23, 28], []
[2025-01-30 00:14:00,608][__main__][INFO] - [10, 14, 23, 29], []
[2025-01-30 00:14:00,627][__main__][INFO] - [10, 14, 23, 30], []
[2025-01-30 00:14:00,645][__main__][INFO] - [10, 14, 23, 31], []
[2025-01-30 00:14:00,662][__main__][INFO] - [10, 14, 23, 32], []
[2025-01-30 00:14:00,680][__main__][INFO] - [10, 14, 23, 33], []
[2025-01-30 00:14:00,698][__main__][INFO] - [10, 14, 23, 34], []
[2025-01-30 00:14:00,716][__main__][INFO] - [10, 14, 23, 35], []
[2025-01-30 00:14:00,863][__main__][INFO] - [10, 14, 24, 35], []
[2025-01-30 00:14:01,047][__main__][INFO] - [10, 15, 21, 26], []
[2025-01-30 00:14:01,066][__main__][INFO] - [10, 15, 21, 27], []
[2025-01-30 00:14:01,084][__main__][INFO] - [10, 15, 21, 28], []
[2025-01-30 00:14:01,103][__main__][INFO] - [10, 15, 21, 29], []
[2025-01-30 00:14:01,121][__main__][INFO] - [10, 15, 21, 30], []
[2025-01-30 00:14:01,139][__main__][INFO] - [10, 15, 21, 31], []
[2025-01-30 00:14:01,157][__main__][INFO] - [10, 15, 21, 32], []
[2025-01-30 00:14:01,175][__main__][INFO] - [10, 15, 21, 33], []
[2025-01-30 00:14:01,193][__main__][INFO] - [10, 15, 21, 34], []
[2025-01-30 00:14:01,211][__main__][INFO] - [10, 15, 21, 35], []
[2025-01-30 00:14:01,242][__main__][INFO] - [10, 15, 22, 26], []
[2025-01-30 00:14:01,260][__main__][INFO] - [10, 15, 22, 27], []
[2025-01-30 00:14:01,278][__main__][INFO] - [10, 15, 22, 28], []
[2025-01-30 00:14:01,296][__main__][INFO] - [10, 15, 22, 29], []
[2025-01-30 00:14:01,314][__main__][INFO] - [10, 15, 22, 30], []
[2025-01-30 00:14:01,332][__main__][INFO] - [10, 15, 22, 31], []
[2025-01-30 00:14:01,350][__main__][INFO] - [10, 15, 22, 32], []
[2025-01-30 00:14:01,367][__main__][INFO] - [10, 15, 22, 33], []
[2025-01-30 00:14:01,385][__main__][INFO] - [10, 15, 22, 34], []
[2025-01-30 00:14:01,403][__main__][INFO] - [10, 15, 22, 35], []
[2025-01-30 00:14:01,434][__main__][INFO] - [10, 15, 23, 26], []
[2025-01-30 00:14:01,451][__main__][INFO] - [10, 15, 23, 27], []
[2025-01-30 00:14:01,469][__main__][INFO] - [10, 15, 23, 28], []
[2025-01-30 00:14:01,487][__main__][INFO] - [10, 15, 23, 29], []
[2025-01-30 00:14:01,505][__main__][INFO] - [10, 15, 23, 30], []
[2025-01-30 00:14:01,523][__main__][INFO] - [10, 15, 23, 31], []
[2025-01-30 00:14:01,541][__main__][INFO] - [10, 15, 23, 32], []
[2025-01-30 00:14:01,559][__main__][INFO] - [10, 15, 23, 33], []
[2025-01-30 00:14:01,577][__main__][INFO] - [10, 15, 23, 34], []
[2025-01-30 00:14:01,595][__main__][INFO] - [10, 15, 23, 35], []
[2025-01-30 00:14:01,653][__main__][INFO] - [10, 15, 24, 28], []
[2025-01-30 00:14:01,670][__main__][INFO] - [10, 15, 24, 29], []
[2025-01-30 00:14:01,688][__main__][INFO] - [10, 15, 24, 30], []
[2025-01-30 00:14:01,707][__main__][INFO] - [10, 15, 24, 31], []
[2025-01-30 00:14:01,724][__main__][INFO] - [10, 15, 24, 32], []
[2025-01-30 00:14:01,742][__main__][INFO] - [10, 15, 24, 33], []
[2025-01-30 00:14:01,760][__main__][INFO] - [10, 15, 24, 34], []
[2025-01-30 00:14:01,777][__main__][INFO] - [10, 15, 24, 35], []
[2025-01-30 00:14:01,924][__main__][INFO] - [10, 15, 25, 35], []
[2025-01-30 00:14:01,968][__main__][INFO] - [10, 16, 21, 26], []
[2025-01-30 00:14:01,986][__main__][INFO] - [10, 16, 21, 27], []
[2025-01-30 00:14:02,004][__main__][INFO] - [10, 16, 21, 28], []
[2025-01-30 00:14:02,021][__main__][INFO] - [10, 16, 21, 29], []
[2025-01-30 00:14:02,039][__main__][INFO] - [10, 16, 21, 30], []
[2025-01-30 00:14:02,056][__main__][INFO] - [10, 16, 21, 31], []
[2025-01-30 00:14:02,074][__main__][INFO] - [10, 16, 21, 32], []
[2025-01-30 00:14:02,092][__main__][INFO] - [10, 16, 21, 33], []
[2025-01-30 00:14:02,110][__main__][INFO] - [10, 16, 21, 34], []
[2025-01-30 00:14:02,128][__main__][INFO] - [10, 16, 21, 35], []
[2025-01-30 00:14:02,416][__main__][INFO] - [10, 16, 23, 35], []
[2025-01-30 00:14:02,483][__main__][INFO] - [10, 17, 21, 26], []
[2025-01-30 00:14:02,500][__main__][INFO] - [10, 17, 21, 27], []
[2025-01-30 00:14:02,518][__main__][INFO] - [10, 17, 21, 28], []
[2025-01-30 00:14:02,535][__main__][INFO] - [10, 17, 21, 29], []
[2025-01-30 00:14:02,553][__main__][INFO] - [10, 17, 21, 30], []
[2025-01-30 00:14:02,570][__main__][INFO] - [10, 17, 21, 31], []
[2025-01-30 00:14:02,588][__main__][INFO] - [10, 17, 21, 32], []
[2025-01-30 00:14:02,606][__main__][INFO] - [10, 17, 21, 33], []
[2025-01-30 00:14:02,624][__main__][INFO] - [10, 17, 21, 34], []
[2025-01-30 00:14:02,643][__main__][INFO] - [10, 17, 21, 35], []
[2025-01-30 00:14:02,674][__main__][INFO] - [10, 17, 22, 26], []
[2025-01-30 00:14:02,692][__main__][INFO] - [10, 17, 22, 27], []
[2025-01-30 00:14:02,710][__main__][INFO] - [10, 17, 22, 28], []
[2025-01-30 00:14:02,729][__main__][INFO] - [10, 17, 22, 29], []
[2025-01-30 00:14:02,746][__main__][INFO] - [10, 17, 22, 30], []
[2025-01-30 00:14:02,763][__main__][INFO] - [10, 17, 22, 31], []
[2025-01-30 00:14:02,781][__main__][INFO] - [10, 17, 22, 32], []
[2025-01-30 00:14:02,799][__main__][INFO] - [10, 17, 22, 33], []
[2025-01-30 00:14:02,816][__main__][INFO] - [10, 17, 22, 34], []
[2025-01-30 00:14:02,834][__main__][INFO] - [10, 17, 22, 35], []
[2025-01-30 00:14:02,866][__main__][INFO] - [10, 17, 23, 26], []
[2025-01-30 00:14:02,883][__main__][INFO] - [10, 17, 23, 27], []
[2025-01-30 00:14:02,900][__main__][INFO] - [10, 17, 23, 28], []
[2025-01-30 00:14:02,918][__main__][INFO] - [10, 17, 23, 29], []
[2025-01-30 00:14:02,935][__main__][INFO] - [10, 17, 23, 30], []
[2025-01-30 00:14:02,953][__main__][INFO] - [10, 17, 23, 31], []
[2025-01-30 00:14:02,970][__main__][INFO] - [10, 17, 23, 32], []
[2025-01-30 00:14:02,987][__main__][INFO] - [10, 17, 23, 33], []
[2025-01-30 00:14:03,005][__main__][INFO] - [10, 17, 23, 34], []
[2025-01-30 00:14:03,023][__main__][INFO] - [10, 17, 23, 35], []
[2025-01-30 00:14:03,127][__main__][INFO] - [10, 17, 24, 32], []
[2025-01-30 00:14:03,171][__main__][INFO] - [10, 17, 24, 35], []
[2025-01-30 00:14:03,378][__main__][INFO] - [10, 18, 21, 28], []
[2025-01-30 00:14:03,396][__main__][INFO] - [10, 18, 21, 29], []
[2025-01-30 00:14:03,425][__main__][INFO] - [10, 18, 21, 31], []
[2025-01-30 00:14:03,443][__main__][INFO] - [10, 18, 21, 32], []
[2025-01-30 00:14:03,461][__main__][INFO] - [10, 18, 21, 33], []
[2025-01-30 00:14:03,492][__main__][INFO] - [10, 18, 21, 35], []
[2025-01-30 00:14:03,850][__main__][INFO] - [10, 19, 21, 26], []
[2025-01-30 00:14:03,880][__main__][INFO] - [10, 19, 21, 28], []
[2025-01-30 00:14:03,911][__main__][INFO] - [10, 19, 21, 30], []
[2025-01-30 00:14:03,929][__main__][INFO] - [10, 19, 21, 31], []
[2025-01-30 00:14:03,986][__main__][INFO] - [10, 19, 21, 35], []
[2025-01-30 00:14:04,280][__main__][INFO] - [10, 19, 23, 35], []
[2025-01-30 00:14:04,641][__main__][INFO] - [11, 12, 21], [10]
[2025-01-30 00:14:04,659][__main__][INFO] - [11, 12, 22], [10]
[2025-01-30 00:14:04,677][__main__][INFO] - [11, 12, 23], [10]
[2025-01-30 00:14:04,695][__main__][INFO] - [11, 12, 24], [10]
[2025-01-30 00:14:04,726][__main__][INFO] - [11, 12, 26], [10]
[2025-01-30 00:14:04,744][__main__][INFO] - [11, 12, 27], [10]
[2025-01-30 00:14:04,762][__main__][INFO] - [11, 12, 28], [10]
[2025-01-30 00:14:04,779][__main__][INFO] - [11, 12, 29], [10]
[2025-01-30 00:14:04,797][__main__][INFO] - [11, 12, 30], [10]
[2025-01-30 00:14:04,814][__main__][INFO] - [11, 12, 31], [10]
[2025-01-30 00:14:04,831][__main__][INFO] - [11, 12, 32], [10]
[2025-01-30 00:14:04,848][__main__][INFO] - [11, 12, 33], [10]
[2025-01-30 00:14:04,866][__main__][INFO] - [11, 12, 34], [10]
[2025-01-30 00:14:04,884][__main__][INFO] - [11, 12, 35], [10]
[2025-01-30 00:14:04,914][__main__][INFO] - [11, 13, 21], [10]
[2025-01-30 00:14:04,945][__main__][INFO] - [11, 13, 23], [10]
[2025-01-30 00:14:05,002][__main__][INFO] - [11, 13, 27], [10]
[2025-01-30 00:14:05,020][__main__][INFO] - [11, 13, 28], [10]
[2025-01-30 00:14:05,037][__main__][INFO] - [11, 13, 29], [10]
[2025-01-30 00:14:05,054][__main__][INFO] - [11, 13, 30], [10]
[2025-01-30 00:14:05,072][__main__][INFO] - [11, 13, 31], [10]
[2025-01-30 00:14:05,089][__main__][INFO] - [11, 13, 32], [10]
[2025-01-30 00:14:05,106][__main__][INFO] - [11, 13, 33], [10]
[2025-01-30 00:14:05,123][__main__][INFO] - [11, 13, 34], [10]
[2025-01-30 00:14:05,141][__main__][INFO] - [11, 13, 35], [10]
[2025-01-30 00:14:05,170][__main__][INFO] - [11, 14, 21], [10]
[2025-01-30 00:14:05,187][__main__][INFO] - [11, 14, 22], [10]
[2025-01-30 00:14:05,204][__main__][INFO] - [11, 14, 23], [10]
[2025-01-30 00:14:05,259][__main__][INFO] - [11, 14, 27], [10]
[2025-01-30 00:14:05,277][__main__][INFO] - [11, 14, 28], [10]
[2025-01-30 00:14:05,295][__main__][INFO] - [11, 14, 29], [10]
[2025-01-30 00:14:05,312][__main__][INFO] - [11, 14, 30], [10]
[2025-01-30 00:14:05,343][__main__][INFO] - [11, 14, 32], [10]
[2025-01-30 00:14:05,360][__main__][INFO] - [11, 14, 33], [10]
[2025-01-30 00:14:05,377][__main__][INFO] - [11, 14, 34], [10]
[2025-01-30 00:14:05,395][__main__][INFO] - [11, 14, 35], [10]
[2025-01-30 00:14:05,425][__main__][INFO] - [11, 15, 21], [10]
[2025-01-30 00:14:05,443][__main__][INFO] - [11, 15, 22], [10]
[2025-01-30 00:14:05,461][__main__][INFO] - [11, 15, 23], [10]
[2025-01-30 00:14:05,479][__main__][INFO] - [11, 15, 24], [10]
[2025-01-30 00:14:05,510][__main__][INFO] - [11, 15, 26], [10]
[2025-01-30 00:14:05,527][__main__][INFO] - [11, 15, 27], [10]
[2025-01-30 00:14:05,545][__main__][INFO] - [11, 15, 28], [10]
[2025-01-30 00:14:05,562][__main__][INFO] - [11, 15, 29], [10]
[2025-01-30 00:14:05,579][__main__][INFO] - [11, 15, 30], [10]
[2025-01-30 00:14:05,597][__main__][INFO] - [11, 15, 31], [10]
[2025-01-30 00:14:05,615][__main__][INFO] - [11, 15, 32], [10]
[2025-01-30 00:14:05,633][__main__][INFO] - [11, 15, 33], [10]
[2025-01-30 00:14:05,651][__main__][INFO] - [11, 15, 34], [10]
[2025-01-30 00:14:05,668][__main__][INFO] - [11, 15, 35], [10]
[2025-01-30 00:14:05,698][__main__][INFO] - [11, 16, 21], [10]
[2025-01-30 00:14:05,879][__main__][INFO] - [11, 16, 35], [10]
[2025-01-30 00:14:05,909][__main__][INFO] - [11, 17, 21], [10]
[2025-01-30 00:14:05,926][__main__][INFO] - [11, 17, 22], [10]
[2025-01-30 00:14:05,943][__main__][INFO] - [11, 17, 23], [10]
[2025-01-30 00:14:05,985][__main__][INFO] - [11, 17, 26], [10]
[2025-01-30 00:14:06,003][__main__][INFO] - [11, 17, 27], [10]
[2025-01-30 00:14:06,020][__main__][INFO] - [11, 17, 28], [10]
[2025-01-30 00:14:06,038][__main__][INFO] - [11, 17, 29], [10]
[2025-01-30 00:14:06,055][__main__][INFO] - [11, 17, 30], [10]
[2025-01-30 00:14:06,072][__main__][INFO] - [11, 17, 31], [10]
[2025-01-30 00:14:06,089][__main__][INFO] - [11, 17, 32], [10]
[2025-01-30 00:14:06,106][__main__][INFO] - [11, 17, 33], [10]
[2025-01-30 00:14:06,123][__main__][INFO] - [11, 17, 34], [10]
[2025-01-30 00:14:06,141][__main__][INFO] - [11, 17, 35], [10]
[2025-01-30 00:14:06,171][__main__][INFO] - [11, 18, 21], [10]
[2025-01-30 00:14:06,377][__main__][INFO] - [11, 19, 21], [10]
[2025-01-30 00:14:06,565][__main__][INFO] - [11, 19, 35], [10]
[2025-01-30 00:14:06,609][__main__][INFO] - [11, 21, 26], [10]
[2025-01-30 00:14:06,627][__main__][INFO] - [11, 21, 27], [10]
[2025-01-30 00:14:06,645][__main__][INFO] - [11, 21, 28], [10]
[2025-01-30 00:14:06,662][__main__][INFO] - [11, 21, 29], [10]
[2025-01-30 00:14:06,681][__main__][INFO] - [11, 21, 30], [10]
[2025-01-30 00:14:06,699][__main__][INFO] - [11, 21, 31], [10]
[2025-01-30 00:14:06,716][__main__][INFO] - [11, 21, 32], [10]
[2025-01-30 00:14:06,734][__main__][INFO] - [11, 21, 33], [10]
[2025-01-30 00:14:06,751][__main__][INFO] - [11, 21, 34], [10]
[2025-01-30 00:14:06,768][__main__][INFO] - [11, 21, 35], [10]
[2025-01-30 00:14:06,799][__main__][INFO] - [11, 22, 26], [10]
[2025-01-30 00:14:06,817][__main__][INFO] - [11, 22, 27], [10]
[2025-01-30 00:14:06,835][__main__][INFO] - [11, 22, 28], [10]
[2025-01-30 00:14:06,852][__main__][INFO] - [11, 22, 29], [10]
[2025-01-30 00:14:06,870][__main__][INFO] - [11, 22, 30], [10]
[2025-01-30 00:14:06,887][__main__][INFO] - [11, 22, 31], [10]
[2025-01-30 00:14:06,905][__main__][INFO] - [11, 22, 32], [10]
[2025-01-30 00:14:06,922][__main__][INFO] - [11, 22, 33], [10]
[2025-01-30 00:14:06,940][__main__][INFO] - [11, 22, 34], [10]
[2025-01-30 00:14:06,957][__main__][INFO] - [11, 22, 35], [10]
[2025-01-30 00:14:07,000][__main__][INFO] - [11, 23, 27], [10]
[2025-01-30 00:14:07,017][__main__][INFO] - [11, 23, 28], [10]
[2025-01-30 00:14:07,034][__main__][INFO] - [11, 23, 29], [10]
[2025-01-30 00:14:07,051][__main__][INFO] - [11, 23, 30], [10]
[2025-01-30 00:14:07,068][__main__][INFO] - [11, 23, 31], [10]
[2025-01-30 00:14:07,084][__main__][INFO] - [11, 23, 32], [10]
[2025-01-30 00:14:07,102][__main__][INFO] - [11, 23, 33], [10]
[2025-01-30 00:14:07,119][__main__][INFO] - [11, 23, 34], [10]
[2025-01-30 00:14:07,137][__main__][INFO] - [11, 23, 35], [10]
[2025-01-30 00:14:07,278][__main__][INFO] - [11, 24, 35], [10]
[2025-01-30 00:14:07,334][__main__][INFO] - [12, 21], [10, 11]
[2025-01-30 00:14:07,356][__main__][INFO] - [12, 22], [10, 11]
[2025-01-30 00:14:07,375][__main__][INFO] - [12, 23], [10, 11]
[2025-01-30 00:14:07,393][__main__][INFO] - [12, 24], [10, 11]
[2025-01-30 00:14:07,410][__main__][INFO] - [12, 25], [10, 11]
[2025-01-30 00:14:07,427][__main__][INFO] - [12, 26], [10, 11]
[2025-01-30 00:14:07,445][__main__][INFO] - [12, 27], [10, 11]
[2025-01-30 00:14:07,462][__main__][INFO] - [12, 28], [10, 11]
[2025-01-30 00:14:07,480][__main__][INFO] - [12, 29], [10, 11]
[2025-01-30 00:14:07,498][__main__][INFO] - [12, 30], [10, 11]
[2025-01-30 00:14:07,516][__main__][INFO] - [12, 31], [10, 11]
[2025-01-30 00:14:07,534][__main__][INFO] - [12, 32], [10, 11]
[2025-01-30 00:14:07,551][__main__][INFO] - [12, 33], [10, 11]
[2025-01-30 00:14:07,568][__main__][INFO] - [12, 34], [10, 11]
[2025-01-30 00:14:07,585][__main__][INFO] - [12, 35], [10, 11]
[2025-01-30 00:14:07,618][__main__][INFO] - [13, 21], [10, 11]
[2025-01-30 00:14:07,635][__main__][INFO] - [13, 22], [10, 11]
[2025-01-30 00:14:07,652][__main__][INFO] - [13, 23], [10, 11]
[2025-01-30 00:14:07,670][__main__][INFO] - [13, 24], [10, 11]
[2025-01-30 00:14:07,687][__main__][INFO] - [13, 25], [10, 11]
[2025-01-30 00:14:07,703][__main__][INFO] - [13, 26], [10, 11]
[2025-01-30 00:14:07,720][__main__][INFO] - [13, 27], [10, 11]
[2025-01-30 00:14:07,738][__main__][INFO] - [13, 28], [10, 11]
[2025-01-30 00:14:07,755][__main__][INFO] - [13, 29], [10, 11]
[2025-01-30 00:14:07,772][__main__][INFO] - [13, 30], [10, 11]
[2025-01-30 00:14:07,790][__main__][INFO] - [13, 31], [10, 11]
[2025-01-30 00:14:07,807][__main__][INFO] - [13, 32], [10, 11]
[2025-01-30 00:14:07,825][__main__][INFO] - [13, 33], [10, 11]
[2025-01-30 00:14:07,842][__main__][INFO] - [13, 34], [10, 11]
[2025-01-30 00:14:07,859][__main__][INFO] - [13, 35], [10, 11]
[2025-01-30 00:14:07,890][__main__][INFO] - [14, 21], [10, 11]
[2025-01-30 00:14:07,908][__main__][INFO] - [14, 22], [10, 11]
[2025-01-30 00:14:07,926][__main__][INFO] - [14, 23], [10, 11]
[2025-01-30 00:14:07,943][__main__][INFO] - [14, 24], [10, 11]
[2025-01-30 00:14:07,961][__main__][INFO] - [14, 25], [10, 11]
[2025-01-30 00:14:07,979][__main__][INFO] - [14, 26], [10, 11]
[2025-01-30 00:14:07,997][__main__][INFO] - [14, 27], [10, 11]
[2025-01-30 00:14:08,015][__main__][INFO] - [14, 28], [10, 11]
[2025-01-30 00:14:08,032][__main__][INFO] - [14, 29], [10, 11]
[2025-01-30 00:14:08,050][__main__][INFO] - [14, 30], [10, 11]
[2025-01-30 00:14:08,068][__main__][INFO] - [14, 31], [10, 11]
[2025-01-30 00:14:08,086][__main__][INFO] - [14, 32], [10, 11]
[2025-01-30 00:14:08,104][__main__][INFO] - [14, 33], [10, 11]
[2025-01-30 00:14:08,121][__main__][INFO] - [14, 34], [10, 11]
[2025-01-30 00:14:08,139][__main__][INFO] - [14, 35], [10, 11]
[2025-01-30 00:14:08,169][__main__][INFO] - [15, 21], [10, 11]
[2025-01-30 00:14:08,188][__main__][INFO] - [15, 22], [10, 11]
[2025-01-30 00:14:08,205][__main__][INFO] - [15, 23], [10, 11]
[2025-01-30 00:14:08,223][__main__][INFO] - [15, 24], [10, 11]
[2025-01-30 00:14:08,241][__main__][INFO] - [15, 25], [10, 11]
[2025-01-30 00:14:08,259][__main__][INFO] - [15, 26], [10, 11]
[2025-01-30 00:14:08,277][__main__][INFO] - [15, 27], [10, 11]
[2025-01-30 00:14:08,294][__main__][INFO] - [15, 28], [10, 11]
[2025-01-30 00:14:08,312][__main__][INFO] - [15, 29], [10, 11]
[2025-01-30 00:14:08,329][__main__][INFO] - [15, 30], [10, 11]
[2025-01-30 00:14:08,347][__main__][INFO] - [15, 31], [10, 11]
[2025-01-30 00:14:08,365][__main__][INFO] - [15, 32], [10, 11]
[2025-01-30 00:14:08,383][__main__][INFO] - [15, 33], [10, 11]
[2025-01-30 00:14:08,400][__main__][INFO] - [15, 34], [10, 11]
[2025-01-30 00:14:08,418][__main__][INFO] - [15, 35], [10, 11]
[2025-01-30 00:14:08,450][__main__][INFO] - [16, 21], [10, 11]
[2025-01-30 00:14:08,468][__main__][INFO] - [16, 22], [10, 11]
[2025-01-30 00:14:08,486][__main__][INFO] - [16, 23], [10, 11]
[2025-01-30 00:14:08,530][__main__][INFO] - [16, 26], [10, 11]
[2025-01-30 00:14:08,548][__main__][INFO] - [16, 27], [10, 11]
[2025-01-30 00:14:08,566][__main__][INFO] - [16, 28], [10, 11]
[2025-01-30 00:14:08,584][__main__][INFO] - [16, 29], [10, 11]
[2025-01-30 00:14:08,602][__main__][INFO] - [16, 30], [10, 11]
[2025-01-30 00:14:08,619][__main__][INFO] - [16, 31], [10, 11]
[2025-01-30 00:14:08,637][__main__][INFO] - [16, 32], [10, 11]
[2025-01-30 00:14:08,655][__main__][INFO] - [16, 33], [10, 11]
[2025-01-30 00:14:08,673][__main__][INFO] - [16, 34], [10, 11]
[2025-01-30 00:14:08,691][__main__][INFO] - [16, 35], [10, 11]
[2025-01-30 00:14:08,722][__main__][INFO] - [17, 21], [10, 11]
[2025-01-30 00:14:08,740][__main__][INFO] - [17, 22], [10, 11]
[2025-01-30 00:14:08,758][__main__][INFO] - [17, 23], [10, 11]
[2025-01-30 00:14:08,775][__main__][INFO] - [17, 24], [10, 11]
[2025-01-30 00:14:08,793][__main__][INFO] - [17, 25], [10, 11]
[2025-01-30 00:14:08,810][__main__][INFO] - [17, 26], [10, 11]
[2025-01-30 00:14:08,829][__main__][INFO] - [17, 27], [10, 11]
[2025-01-30 00:14:08,847][__main__][INFO] - [17, 28], [10, 11]
[2025-01-30 00:14:08,865][__main__][INFO] - [17, 29], [10, 11]
[2025-01-30 00:14:08,882][__main__][INFO] - [17, 30], [10, 11]
[2025-01-30 00:14:08,900][__main__][INFO] - [17, 31], [10, 11]
[2025-01-30 00:14:08,918][__main__][INFO] - [17, 32], [10, 11]
[2025-01-30 00:14:08,936][__main__][INFO] - [17, 33], [10, 11]
[2025-01-30 00:14:08,953][__main__][INFO] - [17, 34], [10, 11]
[2025-01-30 00:14:08,971][__main__][INFO] - [17, 35], [10, 11]
[2025-01-30 00:14:09,002][__main__][INFO] - [18, 21], [10, 11]
[2025-01-30 00:14:09,020][__main__][INFO] - [18, 22], [10, 11]
[2025-01-30 00:14:09,037][__main__][INFO] - [18, 23], [10, 11]
[2025-01-30 00:14:09,104][__main__][INFO] - [18, 28], [10, 11]
[2025-01-30 00:14:09,122][__main__][INFO] - [18, 29], [10, 11]
[2025-01-30 00:14:09,139][__main__][INFO] - [18, 30], [10, 11]
[2025-01-30 00:14:09,156][__main__][INFO] - [18, 31], [10, 11]
[2025-01-30 00:14:09,173][__main__][INFO] - [18, 32], [10, 11]
[2025-01-30 00:14:09,190][__main__][INFO] - [18, 33], [10, 11]
[2025-01-30 00:14:09,220][__main__][INFO] - [18, 35], [10, 11]
[2025-01-30 00:14:09,251][__main__][INFO] - [19, 21], [10, 11]
[2025-01-30 00:14:09,268][__main__][INFO] - [19, 22], [10, 11]
[2025-01-30 00:14:09,285][__main__][INFO] - [19, 23], [10, 11]
[2025-01-30 00:14:09,316][__main__][INFO] - [19, 25], [10, 11]
[2025-01-30 00:14:09,361][__main__][INFO] - [19, 28], [10, 11]
[2025-01-30 00:14:09,379][__main__][INFO] - [19, 29], [10, 11]
[2025-01-30 00:14:09,397][__main__][INFO] - [19, 30], [10, 11]
[2025-01-30 00:14:09,415][__main__][INFO] - [19, 31], [10, 11]
[2025-01-30 00:14:09,433][__main__][INFO] - [19, 32], [10, 11]
[2025-01-30 00:14:09,451][__main__][INFO] - [19, 33], [10, 11]
[2025-01-30 00:14:09,468][__main__][INFO] - [19, 34], [10, 11]
[2025-01-30 00:14:09,485][__main__][INFO] - [19, 35], [10, 11]
[2025-01-30 00:14:09,529][__main__][INFO] - [21, 26], [10, 11]
[2025-01-30 00:14:09,548][__main__][INFO] - [21, 27], [10, 11]
[2025-01-30 00:14:09,566][__main__][INFO] - [21, 28], [10, 11]
[2025-01-30 00:14:09,584][__main__][INFO] - [21, 29], [10, 11]
[2025-01-30 00:14:09,602][__main__][INFO] - [21, 30], [10, 11]
[2025-01-30 00:14:09,620][__main__][INFO] - [21, 31], [10, 11]
[2025-01-30 00:14:09,638][__main__][INFO] - [21, 32], [10, 11]
[2025-01-30 00:14:09,656][__main__][INFO] - [21, 33], [10, 11]
[2025-01-30 00:14:09,674][__main__][INFO] - [21, 34], [10, 11]
[2025-01-30 00:14:09,692][__main__][INFO] - [21, 35], [10, 11]
[2025-01-30 00:14:09,726][__main__][INFO] - [22, 26], [10, 11]
[2025-01-30 00:14:09,744][__main__][INFO] - [22, 27], [10, 11]
[2025-01-30 00:14:09,762][__main__][INFO] - [22, 28], [10, 11]
[2025-01-30 00:14:09,780][__main__][INFO] - [22, 29], [10, 11]
[2025-01-30 00:14:09,798][__main__][INFO] - [22, 30], [10, 11]
[2025-01-30 00:14:09,816][__main__][INFO] - [22, 31], [10, 11]
[2025-01-30 00:14:09,834][__main__][INFO] - [22, 32], [10, 11]
[2025-01-30 00:14:09,852][__main__][INFO] - [22, 33], [10, 11]
[2025-01-30 00:14:09,870][__main__][INFO] - [22, 34], [10, 11]
[2025-01-30 00:14:09,887][__main__][INFO] - [22, 35], [10, 11]
[2025-01-30 00:14:09,918][__main__][INFO] - [23, 26], [10, 11]
[2025-01-30 00:14:09,936][__main__][INFO] - [23, 27], [10, 11]
[2025-01-30 00:14:09,954][__main__][INFO] - [23, 28], [10, 11]
[2025-01-30 00:14:09,973][__main__][INFO] - [23, 29], [10, 11]
[2025-01-30 00:14:09,991][__main__][INFO] - [23, 30], [10, 11]
[2025-01-30 00:14:10,010][__main__][INFO] - [23, 31], [10, 11]
[2025-01-30 00:14:10,028][__main__][INFO] - [23, 32], [10, 11]
[2025-01-30 00:14:10,046][__main__][INFO] - [23, 33], [10, 11]
[2025-01-30 00:14:10,064][__main__][INFO] - [23, 34], [10, 11]
[2025-01-30 00:14:10,083][__main__][INFO] - [23, 35], [10, 11]
[2025-01-30 00:14:10,115][__main__][INFO] - [24, 26], [10, 11]
[2025-01-30 00:14:10,133][__main__][INFO] - [24, 27], [10, 11]
[2025-01-30 00:14:10,151][__main__][INFO] - [24, 28], [10, 11]
[2025-01-30 00:14:10,169][__main__][INFO] - [24, 29], [10, 11]
[2025-01-30 00:14:10,187][__main__][INFO] - [24, 30], [10, 11]
[2025-01-30 00:14:10,205][__main__][INFO] - [24, 31], [10, 11]
[2025-01-30 00:14:10,223][__main__][INFO] - [24, 32], [10, 11]
[2025-01-30 00:14:10,241][__main__][INFO] - [24, 33], [10, 11]
[2025-01-30 00:14:10,259][__main__][INFO] - [24, 34], [10, 11]
[2025-01-30 00:14:10,276][__main__][INFO] - [24, 35], [10, 11]
[2025-01-30 00:14:10,333][__main__][INFO] - [25, 28], [10, 11]
[2025-01-30 00:14:10,364][__main__][INFO] - [25, 30], [10, 11]
[2025-01-30 00:14:10,382][__main__][INFO] - [25, 31], [10, 11]
[2025-01-30 00:14:10,400][__main__][INFO] - [25, 32], [10, 11]
[2025-01-30 00:14:10,418][__main__][INFO] - [25, 33], [10, 11]
[2025-01-30 00:14:10,449][__main__][INFO] - [25, 35], [10, 11]
[2025-01-30 00:14:10,493][__main__][INFO] - [12, 21, 26], [10]
[2025-01-30 00:14:10,511][__main__][INFO] - [12, 21, 27], [10]
[2025-01-30 00:14:10,529][__main__][INFO] - [12, 21, 28], [10]
[2025-01-30 00:14:10,547][__main__][INFO] - [12, 21, 29], [10]
[2025-01-30 00:14:10,564][__main__][INFO] - [12, 21, 30], [10]
[2025-01-30 00:14:10,583][__main__][INFO] - [12, 21, 31], [10]
[2025-01-30 00:14:10,600][__main__][INFO] - [12, 21, 32], [10]
[2025-01-30 00:14:10,619][__main__][INFO] - [12, 21, 33], [10]
[2025-01-30 00:14:10,637][__main__][INFO] - [12, 21, 34], [10]
[2025-01-30 00:14:10,654][__main__][INFO] - [12, 21, 35], [10]
[2025-01-30 00:14:10,687][__main__][INFO] - [12, 22, 26], [10]
[2025-01-30 00:14:10,705][__main__][INFO] - [12, 22, 27], [10]
[2025-01-30 00:14:10,723][__main__][INFO] - [12, 22, 28], [10]
[2025-01-30 00:14:10,741][__main__][INFO] - [12, 22, 29], [10]
[2025-01-30 00:14:10,759][__main__][INFO] - [12, 22, 30], [10]
[2025-01-30 00:14:10,777][__main__][INFO] - [12, 22, 31], [10]
[2025-01-30 00:14:10,795][__main__][INFO] - [12, 22, 32], [10]
[2025-01-30 00:14:10,812][__main__][INFO] - [12, 22, 33], [10]
[2025-01-30 00:14:10,830][__main__][INFO] - [12, 22, 34], [10]
[2025-01-30 00:14:10,848][__main__][INFO] - [12, 22, 35], [10]
[2025-01-30 00:14:10,879][__main__][INFO] - [12, 23, 26], [10]
[2025-01-30 00:14:10,897][__main__][INFO] - [12, 23, 27], [10]
[2025-01-30 00:14:10,914][__main__][INFO] - [12, 23, 28], [10]
[2025-01-30 00:14:10,931][__main__][INFO] - [12, 23, 29], [10]
[2025-01-30 00:14:10,948][__main__][INFO] - [12, 23, 30], [10]
[2025-01-30 00:14:10,966][__main__][INFO] - [12, 23, 31], [10]
[2025-01-30 00:14:10,983][__main__][INFO] - [12, 23, 32], [10]
[2025-01-30 00:14:11,000][__main__][INFO] - [12, 23, 33], [10]
[2025-01-30 00:14:11,018][__main__][INFO] - [12, 23, 34], [10]
[2025-01-30 00:14:11,035][__main__][INFO] - [12, 23, 35], [10]
[2025-01-30 00:14:11,078][__main__][INFO] - [12, 24, 27], [10]
[2025-01-30 00:14:11,095][__main__][INFO] - [12, 24, 28], [10]
[2025-01-30 00:14:11,112][__main__][INFO] - [12, 24, 29], [10]
[2025-01-30 00:14:11,130][__main__][INFO] - [12, 24, 30], [10]
[2025-01-30 00:14:11,147][__main__][INFO] - [12, 24, 31], [10]
[2025-01-30 00:14:11,165][__main__][INFO] - [12, 24, 32], [10]
[2025-01-30 00:14:11,183][__main__][INFO] - [12, 24, 33], [10]
[2025-01-30 00:14:11,200][__main__][INFO] - [12, 24, 34], [10]
[2025-01-30 00:14:11,217][__main__][INFO] - [12, 24, 35], [10]
[2025-01-30 00:14:11,366][__main__][INFO] - [12, 25, 35], [10]
[2025-01-30 00:14:11,409][__main__][INFO] - [13, 21, 26], [10]
[2025-01-30 00:14:11,428][__main__][INFO] - [13, 21, 27], [10]
[2025-01-30 00:14:11,445][__main__][INFO] - [13, 21, 28], [10]
[2025-01-30 00:14:11,464][__main__][INFO] - [13, 21, 29], [10]
[2025-01-30 00:14:11,482][__main__][INFO] - [13, 21, 30], [10]
[2025-01-30 00:14:11,500][__main__][INFO] - [13, 21, 31], [10]
[2025-01-30 00:14:11,518][__main__][INFO] - [13, 21, 32], [10]
[2025-01-30 00:14:11,536][__main__][INFO] - [13, 21, 33], [10]
[2025-01-30 00:14:11,553][__main__][INFO] - [13, 21, 34], [10]
[2025-01-30 00:14:11,572][__main__][INFO] - [13, 21, 35], [10]
[2025-01-30 00:14:11,628][__main__][INFO] - [13, 22, 28], [10]
[2025-01-30 00:14:11,646][__main__][INFO] - [13, 22, 29], [10]
[2025-01-30 00:14:11,664][__main__][INFO] - [13, 22, 30], [10]
[2025-01-30 00:14:11,682][__main__][INFO] - [13, 22, 31], [10]
[2025-01-30 00:14:11,713][__main__][INFO] - [13, 22, 33], [10]
[2025-01-30 00:14:11,744][__main__][INFO] - [13, 22, 35], [10]
[2025-01-30 00:14:11,787][__main__][INFO] - [13, 23, 27], [10]
[2025-01-30 00:14:11,806][__main__][INFO] - [13, 23, 28], [10]
[2025-01-30 00:14:11,823][__main__][INFO] - [13, 23, 29], [10]
[2025-01-30 00:14:11,841][__main__][INFO] - [13, 23, 30], [10]
[2025-01-30 00:14:11,860][__main__][INFO] - [13, 23, 31], [10]
[2025-01-30 00:14:11,878][__main__][INFO] - [13, 23, 32], [10]
[2025-01-30 00:14:11,896][__main__][INFO] - [13, 23, 33], [10]
[2025-01-30 00:14:11,915][__main__][INFO] - [13, 23, 34], [10]
[2025-01-30 00:14:11,933][__main__][INFO] - [13, 23, 35], [10]
[2025-01-30 00:14:12,082][__main__][INFO] - [13, 24, 35], [10]
[2025-01-30 00:14:12,230][__main__][INFO] - [13, 25, 35], [10]
[2025-01-30 00:14:12,275][__main__][INFO] - [14, 21, 26], [10]
[2025-01-30 00:14:12,293][__main__][INFO] - [14, 21, 27], [10]
[2025-01-30 00:14:12,312][__main__][INFO] - [14, 21, 28], [10]
[2025-01-30 00:14:12,330][__main__][INFO] - [14, 21, 29], [10]
[2025-01-30 00:14:12,347][__main__][INFO] - [14, 21, 30], [10]
[2025-01-30 00:14:12,365][__main__][INFO] - [14, 21, 31], [10]
[2025-01-30 00:14:12,383][__main__][INFO] - [14, 21, 32], [10]
[2025-01-30 00:14:12,401][__main__][INFO] - [14, 21, 33], [10]
[2025-01-30 00:14:12,419][__main__][INFO] - [14, 21, 34], [10]
[2025-01-30 00:14:12,437][__main__][INFO] - [14, 21, 35], [10]
[2025-01-30 00:14:12,481][__main__][INFO] - [14, 22, 27], [10]
[2025-01-30 00:14:12,499][__main__][INFO] - [14, 22, 28], [10]
[2025-01-30 00:14:12,517][__main__][INFO] - [14, 22, 29], [10]
[2025-01-30 00:14:12,534][__main__][INFO] - [14, 22, 30], [10]
[2025-01-30 00:14:12,553][__main__][INFO] - [14, 22, 31], [10]
[2025-01-30 00:14:12,570][__main__][INFO] - [14, 22, 32], [10]
[2025-01-30 00:14:12,588][__main__][INFO] - [14, 22, 33], [10]
[2025-01-30 00:14:12,606][__main__][INFO] - [14, 22, 34], [10]
[2025-01-30 00:14:12,624][__main__][INFO] - [14, 22, 35], [10]
[2025-01-30 00:14:12,668][__main__][INFO] - [14, 23, 27], [10]
[2025-01-30 00:14:12,686][__main__][INFO] - [14, 23, 28], [10]
[2025-01-30 00:14:12,704][__main__][INFO] - [14, 23, 29], [10]
[2025-01-30 00:14:12,722][__main__][INFO] - [14, 23, 30], [10]
[2025-01-30 00:14:12,740][__main__][INFO] - [14, 23, 31], [10]
[2025-01-30 00:14:12,758][__main__][INFO] - [14, 23, 32], [10]
[2025-01-30 00:14:12,776][__main__][INFO] - [14, 23, 33], [10]
[2025-01-30 00:14:12,794][__main__][INFO] - [14, 23, 34], [10]
[2025-01-30 00:14:12,812][__main__][INFO] - [14, 23, 35], [10]
[2025-01-30 00:14:12,923][__main__][INFO] - [14, 24, 32], [10]
[2025-01-30 00:14:12,941][__main__][INFO] - [14, 24, 33], [10]
[2025-01-30 00:14:12,972][__main__][INFO] - [14, 24, 35], [10]
[2025-01-30 00:14:13,157][__main__][INFO] - [15, 21, 26], [10]
[2025-01-30 00:14:13,176][__main__][INFO] - [15, 21, 27], [10]
[2025-01-30 00:14:13,194][__main__][INFO] - [15, 21, 28], [10]
[2025-01-30 00:14:13,212][__main__][INFO] - [15, 21, 29], [10]
[2025-01-30 00:14:13,229][__main__][INFO] - [15, 21, 30], [10]
[2025-01-30 00:14:13,246][__main__][INFO] - [15, 21, 31], [10]
[2025-01-30 00:14:13,263][__main__][INFO] - [15, 21, 32], [10]
[2025-01-30 00:14:13,280][__main__][INFO] - [15, 21, 33], [10]
[2025-01-30 00:14:13,298][__main__][INFO] - [15, 21, 34], [10]
[2025-01-30 00:14:13,315][__main__][INFO] - [15, 21, 35], [10]
[2025-01-30 00:14:13,346][__main__][INFO] - [15, 22, 26], [10]
[2025-01-30 00:14:13,365][__main__][INFO] - [15, 22, 27], [10]
[2025-01-30 00:14:13,382][__main__][INFO] - [15, 22, 28], [10]
[2025-01-30 00:14:13,400][__main__][INFO] - [15, 22, 29], [10]
[2025-01-30 00:14:13,418][__main__][INFO] - [15, 22, 30], [10]
[2025-01-30 00:14:13,436][__main__][INFO] - [15, 22, 31], [10]
[2025-01-30 00:14:13,454][__main__][INFO] - [15, 22, 32], [10]
[2025-01-30 00:14:13,472][__main__][INFO] - [15, 22, 33], [10]
[2025-01-30 00:14:13,490][__main__][INFO] - [15, 22, 34], [10]
[2025-01-30 00:14:13,508][__main__][INFO] - [15, 22, 35], [10]
[2025-01-30 00:14:13,539][__main__][INFO] - [15, 23, 26], [10]
[2025-01-30 00:14:13,558][__main__][INFO] - [15, 23, 27], [10]
[2025-01-30 00:14:13,576][__main__][INFO] - [15, 23, 28], [10]
[2025-01-30 00:14:13,594][__main__][INFO] - [15, 23, 29], [10]
[2025-01-30 00:14:13,612][__main__][INFO] - [15, 23, 30], [10]
[2025-01-30 00:14:13,630][__main__][INFO] - [15, 23, 31], [10]
[2025-01-30 00:14:13,648][__main__][INFO] - [15, 23, 32], [10]
[2025-01-30 00:14:13,666][__main__][INFO] - [15, 23, 33], [10]
[2025-01-30 00:14:13,683][__main__][INFO] - [15, 23, 34], [10]
[2025-01-30 00:14:13,702][__main__][INFO] - [15, 23, 35], [10]
[2025-01-30 00:14:13,759][__main__][INFO] - [15, 24, 28], [10]
[2025-01-30 00:14:13,777][__main__][INFO] - [15, 24, 29], [10]
[2025-01-30 00:14:13,795][__main__][INFO] - [15, 24, 30], [10]
[2025-01-30 00:14:13,813][__main__][INFO] - [15, 24, 31], [10]
[2025-01-30 00:14:13,831][__main__][INFO] - [15, 24, 32], [10]
[2025-01-30 00:14:13,848][__main__][INFO] - [15, 24, 33], [10]
[2025-01-30 00:14:13,866][__main__][INFO] - [15, 24, 34], [10]
[2025-01-30 00:14:13,884][__main__][INFO] - [15, 24, 35], [10]
[2025-01-30 00:14:14,031][__main__][INFO] - [15, 25, 35], [10]
[2025-01-30 00:14:14,075][__main__][INFO] - [16, 21, 26], [10]
[2025-01-30 00:14:14,093][__main__][INFO] - [16, 21, 27], [10]
[2025-01-30 00:14:14,111][__main__][INFO] - [16, 21, 28], [10]
[2025-01-30 00:14:14,129][__main__][INFO] - [16, 21, 29], [10]
[2025-01-30 00:14:14,146][__main__][INFO] - [16, 21, 30], [10]
[2025-01-30 00:14:14,164][__main__][INFO] - [16, 21, 31], [10]
[2025-01-30 00:14:14,182][__main__][INFO] - [16, 21, 32], [10]
[2025-01-30 00:14:14,200][__main__][INFO] - [16, 21, 33], [10]
[2025-01-30 00:14:14,218][__main__][INFO] - [16, 21, 34], [10]
[2025-01-30 00:14:14,235][__main__][INFO] - [16, 21, 35], [10]
[2025-01-30 00:14:14,306][__main__][INFO] - [16, 22, 29], [10]
[2025-01-30 00:14:14,324][__main__][INFO] - [16, 22, 30], [10]
[2025-01-30 00:14:14,537][__main__][INFO] - [16, 23, 35], [10]
[2025-01-30 00:14:14,607][__main__][INFO] - [17, 21, 26], [10]
[2025-01-30 00:14:14,625][__main__][INFO] - [17, 21, 27], [10]
[2025-01-30 00:14:14,643][__main__][INFO] - [17, 21, 28], [10]
[2025-01-30 00:14:14,662][__main__][INFO] - [17, 21, 29], [10]
[2025-01-30 00:14:14,680][__main__][INFO] - [17, 21, 30], [10]
[2025-01-30 00:14:14,698][__main__][INFO] - [17, 21, 31], [10]
[2025-01-30 00:14:14,717][__main__][INFO] - [17, 21, 32], [10]
[2025-01-30 00:14:14,734][__main__][INFO] - [17, 21, 33], [10]
[2025-01-30 00:14:14,752][__main__][INFO] - [17, 21, 34], [10]
[2025-01-30 00:14:14,770][__main__][INFO] - [17, 21, 35], [10]
[2025-01-30 00:14:14,800][__main__][INFO] - [17, 22, 26], [10]
[2025-01-30 00:14:14,818][__main__][INFO] - [17, 22, 27], [10]
[2025-01-30 00:14:14,836][__main__][INFO] - [17, 22, 28], [10]
[2025-01-30 00:14:14,855][__main__][INFO] - [17, 22, 29], [10]
[2025-01-30 00:14:14,873][__main__][INFO] - [17, 22, 30], [10]
[2025-01-30 00:14:14,891][__main__][INFO] - [17, 22, 31], [10]
[2025-01-30 00:14:14,909][__main__][INFO] - [17, 22, 32], [10]
[2025-01-30 00:14:14,927][__main__][INFO] - [17, 22, 33], [10]
[2025-01-30 00:14:14,945][__main__][INFO] - [17, 22, 34], [10]
[2025-01-30 00:14:14,962][__main__][INFO] - [17, 22, 35], [10]
[2025-01-30 00:14:14,992][__main__][INFO] - [17, 23, 26], [10]
[2025-01-30 00:14:15,009][__main__][INFO] - [17, 23, 27], [10]
[2025-01-30 00:14:15,027][__main__][INFO] - [17, 23, 28], [10]
[2025-01-30 00:14:15,044][__main__][INFO] - [17, 23, 29], [10]
[2025-01-30 00:14:15,062][__main__][INFO] - [17, 23, 30], [10]
[2025-01-30 00:14:15,080][__main__][INFO] - [17, 23, 31], [10]
[2025-01-30 00:14:15,097][__main__][INFO] - [17, 23, 32], [10]
[2025-01-30 00:14:15,114][__main__][INFO] - [17, 23, 33], [10]
[2025-01-30 00:14:15,131][__main__][INFO] - [17, 23, 34], [10]
[2025-01-30 00:14:15,148][__main__][INFO] - [17, 23, 35], [10]
[2025-01-30 00:14:15,193][__main__][INFO] - [17, 24, 27], [10]
[2025-01-30 00:14:15,215][__main__][INFO] - [17, 24, 28], [10]
[2025-01-30 00:14:15,232][__main__][INFO] - [17, 24, 29], [10]
[2025-01-30 00:14:15,262][__main__][INFO] - [17, 24, 31], [10]
[2025-01-30 00:14:15,280][__main__][INFO] - [17, 24, 32], [10]
[2025-01-30 00:14:15,325][__main__][INFO] - [17, 24, 35], [10]
[2025-01-30 00:14:15,536][__main__][INFO] - [18, 21, 28], [10]
[2025-01-30 00:14:15,581][__main__][INFO] - [18, 21, 31], [10]
[2025-01-30 00:14:15,599][__main__][INFO] - [18, 21, 32], [10]
[2025-01-30 00:14:15,617][__main__][INFO] - [18, 21, 33], [10]
[2025-01-30 00:14:15,648][__main__][INFO] - [18, 21, 35], [10]
[2025-01-30 00:14:16,049][__main__][INFO] - [19, 21, 29], [10]
[2025-01-30 00:14:16,067][__main__][INFO] - [19, 21, 30], [10]
[2025-01-30 00:14:16,085][__main__][INFO] - [19, 21, 31], [10]
[2025-01-30 00:14:16,103][__main__][INFO] - [19, 21, 32], [10]
[2025-01-30 00:14:16,122][__main__][INFO] - [19, 21, 33], [10]
[2025-01-30 00:14:16,153][__main__][INFO] - [19, 21, 35], [10]
[2025-01-30 00:14:16,302][__main__][INFO] - [19, 22, 35], [10]
[2025-01-30 00:14:16,450][__main__][INFO] - [19, 23, 35], [10]
[2025-01-30 00:14:16,677][__main__][INFO] - [11, 12, 21, 26], []
[2025-01-30 00:14:16,696][__main__][INFO] - [11, 12, 21, 27], []
[2025-01-30 00:14:16,714][__main__][INFO] - [11, 12, 21, 28], []
[2025-01-30 00:14:16,732][__main__][INFO] - [11, 12, 21, 29], []
[2025-01-30 00:14:16,749][__main__][INFO] - [11, 12, 21, 30], []
[2025-01-30 00:14:16,767][__main__][INFO] - [11, 12, 21, 31], []
[2025-01-30 00:14:16,785][__main__][INFO] - [11, 12, 21, 32], []
[2025-01-30 00:14:16,802][__main__][INFO] - [11, 12, 21, 33], []
[2025-01-30 00:14:16,820][__main__][INFO] - [11, 12, 21, 34], []
[2025-01-30 00:14:16,838][__main__][INFO] - [11, 12, 21, 35], []
[2025-01-30 00:14:16,869][__main__][INFO] - [11, 12, 22, 26], []
[2025-01-30 00:14:16,887][__main__][INFO] - [11, 12, 22, 27], []
[2025-01-30 00:14:16,904][__main__][INFO] - [11, 12, 22, 28], []
[2025-01-30 00:14:16,922][__main__][INFO] - [11, 12, 22, 29], []
[2025-01-30 00:14:16,940][__main__][INFO] - [11, 12, 22, 30], []
[2025-01-30 00:14:16,958][__main__][INFO] - [11, 12, 22, 31], []
[2025-01-30 00:14:16,976][__main__][INFO] - [11, 12, 22, 32], []
[2025-01-30 00:14:16,994][__main__][INFO] - [11, 12, 22, 33], []
[2025-01-30 00:14:17,013][__main__][INFO] - [11, 12, 22, 34], []
[2025-01-30 00:14:17,031][__main__][INFO] - [11, 12, 22, 35], []
[2025-01-30 00:14:17,063][__main__][INFO] - [11, 12, 23, 26], []
[2025-01-30 00:14:17,081][__main__][INFO] - [11, 12, 23, 27], []
[2025-01-30 00:14:17,099][__main__][INFO] - [11, 12, 23, 28], []
[2025-01-30 00:14:17,117][__main__][INFO] - [11, 12, 23, 29], []
[2025-01-30 00:14:17,135][__main__][INFO] - [11, 12, 23, 30], []
[2025-01-30 00:14:17,152][__main__][INFO] - [11, 12, 23, 31], []
[2025-01-30 00:14:17,170][__main__][INFO] - [11, 12, 23, 32], []
[2025-01-30 00:14:17,188][__main__][INFO] - [11, 12, 23, 33], []
[2025-01-30 00:14:17,205][__main__][INFO] - [11, 12, 23, 34], []
[2025-01-30 00:14:17,223][__main__][INFO] - [11, 12, 23, 35], []
[2025-01-30 00:14:17,372][__main__][INFO] - [11, 12, 24, 35], []
[2025-01-30 00:14:17,429][__main__][INFO] - [11, 13, 21, 26], []
[2025-01-30 00:14:17,446][__main__][INFO] - [11, 13, 21, 27], []
[2025-01-30 00:14:17,464][__main__][INFO] - [11, 13, 21, 28], []
[2025-01-30 00:14:17,482][__main__][INFO] - [11, 13, 21, 29], []
[2025-01-30 00:14:17,501][__main__][INFO] - [11, 13, 21, 30], []
[2025-01-30 00:14:17,519][__main__][INFO] - [11, 13, 21, 31], []
[2025-01-30 00:14:17,537][__main__][INFO] - [11, 13, 21, 32], []
[2025-01-30 00:14:17,555][__main__][INFO] - [11, 13, 21, 33], []
[2025-01-30 00:14:17,573][__main__][INFO] - [11, 13, 21, 34], []
[2025-01-30 00:14:17,590][__main__][INFO] - [11, 13, 21, 35], []
[2025-01-30 00:14:17,947][__main__][INFO] - [11, 14, 21, 26], []
[2025-01-30 00:14:17,965][__main__][INFO] - [11, 14, 21, 27], []
[2025-01-30 00:14:17,983][__main__][INFO] - [11, 14, 21, 28], []
[2025-01-30 00:14:18,000][__main__][INFO] - [11, 14, 21, 29], []
[2025-01-30 00:14:18,018][__main__][INFO] - [11, 14, 21, 30], []
[2025-01-30 00:14:18,035][__main__][INFO] - [11, 14, 21, 31], []
[2025-01-30 00:14:18,052][__main__][INFO] - [11, 14, 21, 32], []
[2025-01-30 00:14:18,070][__main__][INFO] - [11, 14, 21, 33], []
[2025-01-30 00:14:18,088][__main__][INFO] - [11, 14, 21, 34], []
[2025-01-30 00:14:18,106][__main__][INFO] - [11, 14, 21, 35], []
[2025-01-30 00:14:18,393][__main__][INFO] - [11, 14, 23, 35], []
[2025-01-30 00:14:18,593][__main__][INFO] - [11, 15, 21, 26], []
[2025-01-30 00:14:18,611][__main__][INFO] - [11, 15, 21, 27], []
[2025-01-30 00:14:18,628][__main__][INFO] - [11, 15, 21, 28], []
[2025-01-30 00:14:18,645][__main__][INFO] - [11, 15, 21, 29], []
[2025-01-30 00:14:18,662][__main__][INFO] - [11, 15, 21, 30], []
[2025-01-30 00:14:18,678][__main__][INFO] - [11, 15, 21, 31], []
[2025-01-30 00:14:18,696][__main__][INFO] - [11, 15, 21, 32], []
[2025-01-30 00:14:18,714][__main__][INFO] - [11, 15, 21, 33], []
[2025-01-30 00:14:18,731][__main__][INFO] - [11, 15, 21, 34], []
[2025-01-30 00:14:18,749][__main__][INFO] - [11, 15, 21, 35], []
[2025-01-30 00:14:18,806][__main__][INFO] - [11, 15, 22, 28], []
[2025-01-30 00:14:18,824][__main__][INFO] - [11, 15, 22, 29], []
[2025-01-30 00:14:18,880][__main__][INFO] - [11, 15, 22, 33], []
[2025-01-30 00:14:18,910][__main__][INFO] - [11, 15, 22, 35], []
[2025-01-30 00:14:18,940][__main__][INFO] - [11, 15, 23, 26], []
[2025-01-30 00:14:18,958][__main__][INFO] - [11, 15, 23, 27], []
[2025-01-30 00:14:18,974][__main__][INFO] - [11, 15, 23, 28], []
[2025-01-30 00:14:18,991][__main__][INFO] - [11, 15, 23, 29], []
[2025-01-30 00:14:19,009][__main__][INFO] - [11, 15, 23, 30], []
[2025-01-30 00:14:19,026][__main__][INFO] - [11, 15, 23, 31], []
[2025-01-30 00:14:19,044][__main__][INFO] - [11, 15, 23, 32], []
[2025-01-30 00:14:19,062][__main__][INFO] - [11, 15, 23, 33], []
[2025-01-30 00:14:19,079][__main__][INFO] - [11, 15, 23, 34], []
[2025-01-30 00:14:19,097][__main__][INFO] - [11, 15, 23, 35], []
[2025-01-30 00:14:19,415][__main__][INFO] - [11, 16, 21, 35], []
[2025-01-30 00:14:19,512][__main__][INFO] - [11, 17, 21, 26], []
[2025-01-30 00:14:19,529][__main__][INFO] - [11, 17, 21, 27], []
[2025-01-30 00:14:19,547][__main__][INFO] - [11, 17, 21, 28], []
[2025-01-30 00:14:19,566][__main__][INFO] - [11, 17, 21, 29], []
[2025-01-30 00:14:19,584][__main__][INFO] - [11, 17, 21, 30], []
[2025-01-30 00:14:19,601][__main__][INFO] - [11, 17, 21, 31], []
[2025-01-30 00:14:19,618][__main__][INFO] - [11, 17, 21, 32], []
[2025-01-30 00:14:19,635][__main__][INFO] - [11, 17, 21, 33], []
[2025-01-30 00:14:19,653][__main__][INFO] - [11, 17, 21, 34], []
[2025-01-30 00:14:19,671][__main__][INFO] - [11, 17, 21, 35], []
[2025-01-30 00:14:19,700][__main__][INFO] - [11, 17, 22, 26], []
[2025-01-30 00:14:19,719][__main__][INFO] - [11, 17, 22, 27], []
[2025-01-30 00:14:19,736][__main__][INFO] - [11, 17, 22, 28], []
[2025-01-30 00:14:19,754][__main__][INFO] - [11, 17, 22, 29], []
[2025-01-30 00:14:19,772][__main__][INFO] - [11, 17, 22, 30], []
[2025-01-30 00:14:19,790][__main__][INFO] - [11, 17, 22, 31], []
[2025-01-30 00:14:19,808][__main__][INFO] - [11, 17, 22, 32], []
[2025-01-30 00:14:19,826][__main__][INFO] - [11, 17, 22, 33], []
[2025-01-30 00:14:19,857][__main__][INFO] - [11, 17, 22, 35], []
[2025-01-30 00:14:19,901][__main__][INFO] - [11, 17, 23, 27], []
[2025-01-30 00:14:19,919][__main__][INFO] - [11, 17, 23, 28], []
[2025-01-30 00:14:19,937][__main__][INFO] - [11, 17, 23, 29], []
[2025-01-30 00:14:19,954][__main__][INFO] - [11, 17, 23, 30], []
[2025-01-30 00:14:19,973][__main__][INFO] - [11, 17, 23, 31], []
[2025-01-30 00:14:19,991][__main__][INFO] - [11, 17, 23, 32], []
[2025-01-30 00:14:20,009][__main__][INFO] - [11, 17, 23, 33], []
[2025-01-30 00:14:20,027][__main__][INFO] - [11, 17, 23, 34], []
[2025-01-30 00:14:20,045][__main__][INFO] - [11, 17, 23, 35], []
[2025-01-30 00:14:20,441][__main__][INFO] - [11, 19, 21, 35], []
[2025-01-30 00:14:20,696][__main__][INFO] - [12, 21, 26], [11]
[2025-01-30 00:14:20,714][__main__][INFO] - [12, 21, 27], [11]
[2025-01-30 00:14:20,732][__main__][INFO] - [12, 21, 28], [11]
[2025-01-30 00:14:20,751][__main__][INFO] - [12, 21, 29], [11]
[2025-01-30 00:14:20,770][__main__][INFO] - [12, 21, 30], [11]
[2025-01-30 00:14:20,788][__main__][INFO] - [12, 21, 31], [11]
[2025-01-30 00:14:20,806][__main__][INFO] - [12, 21, 32], [11]
[2025-01-30 00:14:20,824][__main__][INFO] - [12, 21, 33], [11]
[2025-01-30 00:14:20,843][__main__][INFO] - [12, 21, 34], [11]
[2025-01-30 00:14:20,861][__main__][INFO] - [12, 21, 35], [11]
[2025-01-30 00:14:20,896][__main__][INFO] - [12, 22, 26], [11]
[2025-01-30 00:14:20,914][__main__][INFO] - [12, 22, 27], [11]
[2025-01-30 00:14:20,933][__main__][INFO] - [12, 22, 28], [11]
[2025-01-30 00:14:20,951][__main__][INFO] - [12, 22, 29], [11]
[2025-01-30 00:14:20,969][__main__][INFO] - [12, 22, 30], [11]
[2025-01-30 00:14:20,987][__main__][INFO] - [12, 22, 31], [11]
[2025-01-30 00:14:21,005][__main__][INFO] - [12, 22, 32], [11]
[2025-01-30 00:14:21,022][__main__][INFO] - [12, 22, 33], [11]
[2025-01-30 00:14:21,040][__main__][INFO] - [12, 22, 34], [11]
[2025-01-30 00:14:21,058][__main__][INFO] - [12, 22, 35], [11]
[2025-01-30 00:14:21,089][__main__][INFO] - [12, 23, 26], [11]
[2025-01-30 00:14:21,107][__main__][INFO] - [12, 23, 27], [11]
[2025-01-30 00:14:21,126][__main__][INFO] - [12, 23, 28], [11]
[2025-01-30 00:14:21,143][__main__][INFO] - [12, 23, 29], [11]
[2025-01-30 00:14:21,161][__main__][INFO] - [12, 23, 30], [11]
[2025-01-30 00:14:21,179][__main__][INFO] - [12, 23, 31], [11]
[2025-01-30 00:14:21,197][__main__][INFO] - [12, 23, 32], [11]
[2025-01-30 00:14:21,214][__main__][INFO] - [12, 23, 33], [11]
[2025-01-30 00:14:21,233][__main__][INFO] - [12, 23, 34], [11]
[2025-01-30 00:14:21,251][__main__][INFO] - [12, 23, 35], [11]
[2025-01-30 00:14:21,282][__main__][INFO] - [12, 24, 26], [11]
[2025-01-30 00:14:21,300][__main__][INFO] - [12, 24, 27], [11]
[2025-01-30 00:14:21,318][__main__][INFO] - [12, 24, 28], [11]
[2025-01-30 00:14:21,335][__main__][INFO] - [12, 24, 29], [11]
[2025-01-30 00:14:21,354][__main__][INFO] - [12, 24, 30], [11]
[2025-01-30 00:14:21,372][__main__][INFO] - [12, 24, 31], [11]
[2025-01-30 00:14:21,389][__main__][INFO] - [12, 24, 32], [11]
[2025-01-30 00:14:21,407][__main__][INFO] - [12, 24, 33], [11]
[2025-01-30 00:14:21,425][__main__][INFO] - [12, 24, 34], [11]
[2025-01-30 00:14:21,443][__main__][INFO] - [12, 24, 35], [11]
[2025-01-30 00:14:21,540][__main__][INFO] - [12, 25, 31], [11]
[2025-01-30 00:14:21,558][__main__][INFO] - [12, 25, 32], [11]
[2025-01-30 00:14:21,576][__main__][INFO] - [12, 25, 33], [11]
[2025-01-30 00:14:21,607][__main__][INFO] - [12, 25, 35], [11]
[2025-01-30 00:14:21,651][__main__][INFO] - [13, 21, 26], [11]
[2025-01-30 00:14:21,669][__main__][INFO] - [13, 21, 27], [11]
[2025-01-30 00:14:21,687][__main__][INFO] - [13, 21, 28], [11]
[2025-01-30 00:14:21,704][__main__][INFO] - [13, 21, 29], [11]
[2025-01-30 00:14:21,722][__main__][INFO] - [13, 21, 30], [11]
[2025-01-30 00:14:21,741][__main__][INFO] - [13, 21, 31], [11]
[2025-01-30 00:14:21,759][__main__][INFO] - [13, 21, 32], [11]
[2025-01-30 00:14:21,776][__main__][INFO] - [13, 21, 33], [11]
[2025-01-30 00:14:21,794][__main__][INFO] - [13, 21, 34], [11]
[2025-01-30 00:14:21,812][__main__][INFO] - [13, 21, 35], [11]
[2025-01-30 00:14:21,856][__main__][INFO] - [13, 22, 27], [11]
[2025-01-30 00:14:21,874][__main__][INFO] - [13, 22, 28], [11]
[2025-01-30 00:14:21,892][__main__][INFO] - [13, 22, 29], [11]
[2025-01-30 00:14:21,910][__main__][INFO] - [13, 22, 30], [11]
[2025-01-30 00:14:21,928][__main__][INFO] - [13, 22, 31], [11]
[2025-01-30 00:14:21,946][__main__][INFO] - [13, 22, 32], [11]
[2025-01-30 00:14:21,964][__main__][INFO] - [13, 22, 33], [11]
[2025-01-30 00:14:21,981][__main__][INFO] - [13, 22, 34], [11]
[2025-01-30 00:14:21,999][__main__][INFO] - [13, 22, 35], [11]
[2025-01-30 00:14:22,030][__main__][INFO] - [13, 23, 26], [11]
[2025-01-30 00:14:22,048][__main__][INFO] - [13, 23, 27], [11]
[2025-01-30 00:14:22,066][__main__][INFO] - [13, 23, 28], [11]
[2025-01-30 00:14:22,084][__main__][INFO] - [13, 23, 29], [11]
[2025-01-30 00:14:22,101][__main__][INFO] - [13, 23, 30], [11]
[2025-01-30 00:14:22,119][__main__][INFO] - [13, 23, 31], [11]
[2025-01-30 00:14:22,136][__main__][INFO] - [13, 23, 32], [11]
[2025-01-30 00:14:22,154][__main__][INFO] - [13, 23, 33], [11]
[2025-01-30 00:14:22,172][__main__][INFO] - [13, 23, 34], [11]
[2025-01-30 00:14:22,190][__main__][INFO] - [13, 23, 35], [11]
[2025-01-30 00:14:22,339][__main__][INFO] - [13, 24, 35], [11]
[2025-01-30 00:14:22,484][__main__][INFO] - [13, 25, 35], [11]
[2025-01-30 00:14:22,526][__main__][INFO] - [14, 21, 26], [11]
[2025-01-30 00:14:22,545][__main__][INFO] - [14, 21, 27], [11]
[2025-01-30 00:14:22,562][__main__][INFO] - [14, 21, 28], [11]
[2025-01-30 00:14:22,580][__main__][INFO] - [14, 21, 29], [11]
[2025-01-30 00:14:22,597][__main__][INFO] - [14, 21, 30], [11]
[2025-01-30 00:14:22,615][__main__][INFO] - [14, 21, 31], [11]
[2025-01-30 00:14:22,632][__main__][INFO] - [14, 21, 32], [11]
[2025-01-30 00:14:22,649][__main__][INFO] - [14, 21, 33], [11]
[2025-01-30 00:14:22,667][__main__][INFO] - [14, 21, 34], [11]
[2025-01-30 00:14:22,684][__main__][INFO] - [14, 21, 35], [11]
[2025-01-30 00:14:22,714][__main__][INFO] - [14, 22, 26], [11]
[2025-01-30 00:14:22,732][__main__][INFO] - [14, 22, 27], [11]
[2025-01-30 00:14:22,748][__main__][INFO] - [14, 22, 28], [11]
[2025-01-30 00:14:22,766][__main__][INFO] - [14, 22, 29], [11]
[2025-01-30 00:14:22,783][__main__][INFO] - [14, 22, 30], [11]
[2025-01-30 00:14:22,801][__main__][INFO] - [14, 22, 31], [11]
[2025-01-30 00:14:22,819][__main__][INFO] - [14, 22, 32], [11]
[2025-01-30 00:14:22,837][__main__][INFO] - [14, 22, 33], [11]
[2025-01-30 00:14:22,855][__main__][INFO] - [14, 22, 34], [11]
[2025-01-30 00:14:22,873][__main__][INFO] - [14, 22, 35], [11]
[2025-01-30 00:14:22,916][__main__][INFO] - [14, 23, 27], [11]
[2025-01-30 00:14:22,934][__main__][INFO] - [14, 23, 28], [11]
[2025-01-30 00:14:22,951][__main__][INFO] - [14, 23, 29], [11]
[2025-01-30 00:14:22,970][__main__][INFO] - [14, 23, 30], [11]
[2025-01-30 00:14:22,987][__main__][INFO] - [14, 23, 31], [11]
[2025-01-30 00:14:23,004][__main__][INFO] - [14, 23, 32], [11]
[2025-01-30 00:14:23,021][__main__][INFO] - [14, 23, 33], [11]
[2025-01-30 00:14:23,038][__main__][INFO] - [14, 23, 34], [11]
[2025-01-30 00:14:23,055][__main__][INFO] - [14, 23, 35], [11]
[2025-01-30 00:14:23,136][__main__][INFO] - [14, 24, 30], [11]
[2025-01-30 00:14:23,166][__main__][INFO] - [14, 24, 32], [11]
[2025-01-30 00:14:23,184][__main__][INFO] - [14, 24, 33], [11]
[2025-01-30 00:14:23,214][__main__][INFO] - [14, 24, 35], [11]
[2025-01-30 00:14:23,360][__main__][INFO] - [14, 25, 35], [11]
[2025-01-30 00:14:23,404][__main__][INFO] - [15, 21, 26], [11]
[2025-01-30 00:14:23,422][__main__][INFO] - [15, 21, 27], [11]
[2025-01-30 00:14:23,440][__main__][INFO] - [15, 21, 28], [11]
[2025-01-30 00:14:23,458][__main__][INFO] - [15, 21, 29], [11]
[2025-01-30 00:14:23,475][__main__][INFO] - [15, 21, 30], [11]
[2025-01-30 00:14:23,493][__main__][INFO] - [15, 21, 31], [11]
[2025-01-30 00:14:23,511][__main__][INFO] - [15, 21, 32], [11]
[2025-01-30 00:14:23,529][__main__][INFO] - [15, 21, 33], [11]
[2025-01-30 00:14:23,547][__main__][INFO] - [15, 21, 34], [11]
[2025-01-30 00:14:23,565][__main__][INFO] - [15, 21, 35], [11]
[2025-01-30 00:14:23,595][__main__][INFO] - [15, 22, 26], [11]
[2025-01-30 00:14:23,614][__main__][INFO] - [15, 22, 27], [11]
[2025-01-30 00:14:23,631][__main__][INFO] - [15, 22, 28], [11]
[2025-01-30 00:14:23,649][__main__][INFO] - [15, 22, 29], [11]
[2025-01-30 00:14:23,666][__main__][INFO] - [15, 22, 30], [11]
[2025-01-30 00:14:23,685][__main__][INFO] - [15, 22, 31], [11]
[2025-01-30 00:14:23,703][__main__][INFO] - [15, 22, 32], [11]
[2025-01-30 00:14:23,721][__main__][INFO] - [15, 22, 33], [11]
[2025-01-30 00:14:23,739][__main__][INFO] - [15, 22, 34], [11]
[2025-01-30 00:14:23,758][__main__][INFO] - [15, 22, 35], [11]
[2025-01-30 00:14:23,788][__main__][INFO] - [15, 23, 26], [11]
[2025-01-30 00:14:23,806][__main__][INFO] - [15, 23, 27], [11]
[2025-01-30 00:14:23,823][__main__][INFO] - [15, 23, 28], [11]
[2025-01-30 00:14:23,841][__main__][INFO] - [15, 23, 29], [11]
[2025-01-30 00:14:23,859][__main__][INFO] - [15, 23, 30], [11]
[2025-01-30 00:14:23,878][__main__][INFO] - [15, 23, 31], [11]
[2025-01-30 00:14:23,896][__main__][INFO] - [15, 23, 32], [11]
[2025-01-30 00:14:23,915][__main__][INFO] - [15, 23, 33], [11]
[2025-01-30 00:14:23,933][__main__][INFO] - [15, 23, 34], [11]
[2025-01-30 00:14:23,951][__main__][INFO] - [15, 23, 35], [11]
[2025-01-30 00:14:23,982][__main__][INFO] - [15, 24, 26], [11]
[2025-01-30 00:14:24,013][__main__][INFO] - [15, 24, 28], [11]
[2025-01-30 00:14:24,030][__main__][INFO] - [15, 24, 29], [11]
[2025-01-30 00:14:24,049][__main__][INFO] - [15, 24, 30], [11]
[2025-01-30 00:14:24,067][__main__][INFO] - [15, 24, 31], [11]
[2025-01-30 00:14:24,085][__main__][INFO] - [15, 24, 32], [11]
[2025-01-30 00:14:24,103][__main__][INFO] - [15, 24, 33], [11]
[2025-01-30 00:14:24,121][__main__][INFO] - [15, 24, 34], [11]
[2025-01-30 00:14:24,139][__main__][INFO] - [15, 24, 35], [11]
[2025-01-30 00:14:24,287][__main__][INFO] - [15, 25, 35], [11]
[2025-01-30 00:14:24,331][__main__][INFO] - [16, 21, 26], [11]
[2025-01-30 00:14:24,349][__main__][INFO] - [16, 21, 27], [11]
[2025-01-30 00:14:24,367][__main__][INFO] - [16, 21, 28], [11]
[2025-01-30 00:14:24,385][__main__][INFO] - [16, 21, 29], [11]
[2025-01-30 00:14:24,403][__main__][INFO] - [16, 21, 30], [11]
[2025-01-30 00:14:24,421][__main__][INFO] - [16, 21, 31], [11]
[2025-01-30 00:14:24,439][__main__][INFO] - [16, 21, 32], [11]
[2025-01-30 00:14:24,457][__main__][INFO] - [16, 21, 33], [11]
[2025-01-30 00:14:24,475][__main__][INFO] - [16, 21, 34], [11]
[2025-01-30 00:14:24,493][__main__][INFO] - [16, 21, 35], [11]
[2025-01-30 00:14:24,537][__main__][INFO] - [16, 22, 27], [11]
[2025-01-30 00:14:24,555][__main__][INFO] - [16, 22, 28], [11]
[2025-01-30 00:14:24,574][__main__][INFO] - [16, 22, 29], [11]
[2025-01-30 00:14:24,592][__main__][INFO] - [16, 22, 30], [11]
[2025-01-30 00:14:24,636][__main__][INFO] - [16, 22, 33], [11]
[2025-01-30 00:14:24,667][__main__][INFO] - [16, 22, 35], [11]
[2025-01-30 00:14:24,750][__main__][INFO] - [16, 23, 30], [11]
[2025-01-30 00:14:24,820][__main__][INFO] - [16, 23, 35], [11]
[2025-01-30 00:14:24,890][__main__][INFO] - [17, 21, 26], [11]
[2025-01-30 00:14:24,909][__main__][INFO] - [17, 21, 27], [11]
[2025-01-30 00:14:24,927][__main__][INFO] - [17, 21, 28], [11]
[2025-01-30 00:14:24,945][__main__][INFO] - [17, 21, 29], [11]
[2025-01-30 00:14:24,963][__main__][INFO] - [17, 21, 30], [11]
[2025-01-30 00:14:24,981][__main__][INFO] - [17, 21, 31], [11]
[2025-01-30 00:14:24,998][__main__][INFO] - [17, 21, 32], [11]
[2025-01-30 00:14:25,016][__main__][INFO] - [17, 21, 33], [11]
[2025-01-30 00:14:25,033][__main__][INFO] - [17, 21, 34], [11]
[2025-01-30 00:14:25,052][__main__][INFO] - [17, 21, 35], [11]
[2025-01-30 00:14:25,083][__main__][INFO] - [17, 22, 26], [11]
[2025-01-30 00:14:25,101][__main__][INFO] - [17, 22, 27], [11]
[2025-01-30 00:14:25,118][__main__][INFO] - [17, 22, 28], [11]
[2025-01-30 00:14:25,136][__main__][INFO] - [17, 22, 29], [11]
[2025-01-30 00:14:25,153][__main__][INFO] - [17, 22, 30], [11]
[2025-01-30 00:14:25,172][__main__][INFO] - [17, 22, 31], [11]
[2025-01-30 00:14:25,190][__main__][INFO] - [17, 22, 32], [11]
[2025-01-30 00:14:25,208][__main__][INFO] - [17, 22, 33], [11]
[2025-01-30 00:14:25,227][__main__][INFO] - [17, 22, 34], [11]
[2025-01-30 00:14:25,245][__main__][INFO] - [17, 22, 35], [11]
[2025-01-30 00:14:25,276][__main__][INFO] - [17, 23, 26], [11]
[2025-01-30 00:14:25,293][__main__][INFO] - [17, 23, 27], [11]
[2025-01-30 00:14:25,310][__main__][INFO] - [17, 23, 28], [11]
[2025-01-30 00:14:25,328][__main__][INFO] - [17, 23, 29], [11]
[2025-01-30 00:14:25,345][__main__][INFO] - [17, 23, 30], [11]
[2025-01-30 00:14:25,363][__main__][INFO] - [17, 23, 31], [11]
[2025-01-30 00:14:25,381][__main__][INFO] - [17, 23, 32], [11]
[2025-01-30 00:14:25,398][__main__][INFO] - [17, 23, 33], [11]
[2025-01-30 00:14:25,416][__main__][INFO] - [17, 23, 34], [11]
[2025-01-30 00:14:25,434][__main__][INFO] - [17, 23, 35], [11]
[2025-01-30 00:14:25,477][__main__][INFO] - [17, 24, 27], [11]
[2025-01-30 00:14:25,495][__main__][INFO] - [17, 24, 28], [11]
[2025-01-30 00:14:25,513][__main__][INFO] - [17, 24, 29], [11]
[2025-01-30 00:14:25,531][__main__][INFO] - [17, 24, 30], [11]
[2025-01-30 00:14:25,549][__main__][INFO] - [17, 24, 31], [11]
[2025-01-30 00:14:25,568][__main__][INFO] - [17, 24, 32], [11]
[2025-01-30 00:14:25,585][__main__][INFO] - [17, 24, 33], [11]
[2025-01-30 00:14:25,617][__main__][INFO] - [17, 24, 35], [11]
[2025-01-30 00:14:25,817][__main__][INFO] - [18, 21, 27], [11]
[2025-01-30 00:14:25,836][__main__][INFO] - [18, 21, 28], [11]
[2025-01-30 00:14:25,853][__main__][INFO] - [18, 21, 29], [11]
[2025-01-30 00:14:25,871][__main__][INFO] - [18, 21, 30], [11]
[2025-01-30 00:14:25,889][__main__][INFO] - [18, 21, 31], [11]
[2025-01-30 00:14:25,907][__main__][INFO] - [18, 21, 32], [11]
[2025-01-30 00:14:25,924][__main__][INFO] - [18, 21, 33], [11]
[2025-01-30 00:14:25,942][__main__][INFO] - [18, 21, 34], [11]
[2025-01-30 00:14:25,960][__main__][INFO] - [18, 21, 35], [11]
[2025-01-30 00:14:26,043][__main__][INFO] - [18, 22, 30], [11]
[2025-01-30 00:14:26,255][__main__][INFO] - [18, 23, 35], [11]
[2025-01-30 00:14:26,325][__main__][INFO] - [19, 21, 26], [11]
[2025-01-30 00:14:26,357][__main__][INFO] - [19, 21, 28], [11]
[2025-01-30 00:14:26,375][__main__][INFO] - [19, 21, 29], [11]
[2025-01-30 00:14:26,393][__main__][INFO] - [19, 21, 30], [11]
[2025-01-30 00:14:26,411][__main__][INFO] - [19, 21, 31], [11]
[2025-01-30 00:14:26,428][__main__][INFO] - [19, 21, 32], [11]
[2025-01-30 00:14:26,446][__main__][INFO] - [19, 21, 33], [11]
[2025-01-30 00:14:26,464][__main__][INFO] - [19, 21, 34], [11]
[2025-01-30 00:14:26,482][__main__][INFO] - [19, 21, 35], [11]
[2025-01-30 00:14:26,574][__main__][INFO] - [19, 22, 31], [11]
[2025-01-30 00:14:26,630][__main__][INFO] - [19, 22, 35], [11]
[2025-01-30 00:14:26,697][__main__][INFO] - [19, 23, 29], [11]
[2025-01-30 00:14:26,728][__main__][INFO] - [19, 23, 31], [11]
[2025-01-30 00:14:26,782][__main__][INFO] - [19, 23, 35], [11]
[2025-01-30 00:14:27,071][__main__][INFO] - [19, 25, 35], [11]
[2025-01-30 00:14:27,162][__main__][INFO] - [0, 10, 11, 12, 21], []
[2025-01-30 00:14:27,234][__main__][INFO] - [0, 10, 11, 12, 26], []
[2025-01-30 00:14:27,253][__main__][INFO] - [0, 10, 11, 12, 27], []
[2025-01-30 00:14:27,272][__main__][INFO] - [0, 10, 11, 12, 28], []
[2025-01-30 00:14:27,290][__main__][INFO] - [0, 10, 11, 12, 29], []
[2025-01-30 00:14:27,309][__main__][INFO] - [0, 10, 11, 12, 30], []
[2025-01-30 00:14:27,340][__main__][INFO] - [0, 10, 11, 12, 32], []
[2025-01-30 00:14:27,358][__main__][INFO] - [0, 10, 11, 12, 33], []
[2025-01-30 00:14:27,377][__main__][INFO] - [0, 10, 11, 12, 34], []
[2025-01-30 00:14:27,396][__main__][INFO] - [0, 10, 11, 12, 35], []
[2025-01-30 00:14:27,427][__main__][INFO] - [0, 10, 11, 13, 21], []
[2025-01-30 00:14:27,639][__main__][INFO] - [0, 10, 11, 14, 21], []
[2025-01-30 00:14:27,709][__main__][INFO] - [0, 10, 11, 14, 26], []
[2025-01-30 00:14:27,835][__main__][INFO] - [0, 10, 11, 14, 35], []
[2025-01-30 00:14:27,868][__main__][INFO] - [0, 10, 11, 15, 21], []
[2025-01-30 00:14:28,098][__main__][INFO] - [0, 10, 11, 17, 21], []
[2025-01-30 00:14:28,355][__main__][INFO] - [0, 10, 11, 21, 26], []
[2025-01-30 00:14:28,375][__main__][INFO] - [0, 10, 11, 21, 27], []
[2025-01-30 00:14:28,395][__main__][INFO] - [0, 10, 11, 21, 28], []
[2025-01-30 00:14:28,415][__main__][INFO] - [0, 10, 11, 21, 29], []
[2025-01-30 00:14:28,434][__main__][INFO] - [0, 10, 11, 21, 30], []
[2025-01-30 00:14:28,453][__main__][INFO] - [0, 10, 11, 21, 31], []
[2025-01-30 00:14:28,472][__main__][INFO] - [0, 10, 11, 21, 32], []
[2025-01-30 00:14:28,491][__main__][INFO] - [0, 10, 11, 21, 33], []
[2025-01-30 00:14:28,510][__main__][INFO] - [0, 10, 11, 21, 34], []
[2025-01-30 00:14:28,530][__main__][INFO] - [0, 10, 11, 21, 35], []
[2025-01-30 00:14:28,759][__main__][INFO] - [0, 10, 12, 21], [11]
[2025-01-30 00:14:28,779][__main__][INFO] - [0, 10, 12, 22], [11]
[2025-01-30 00:14:28,798][__main__][INFO] - [0, 10, 12, 23], [11]
[2025-01-30 00:14:28,817][__main__][INFO] - [0, 10, 12, 24], [11]
[2025-01-30 00:14:28,849][__main__][INFO] - [0, 10, 12, 26], [11]
[2025-01-30 00:14:28,868][__main__][INFO] - [0, 10, 12, 27], [11]
[2025-01-30 00:14:28,887][__main__][INFO] - [0, 10, 12, 28], [11]
[2025-01-30 00:14:28,905][__main__][INFO] - [0, 10, 12, 29], [11]
[2025-01-30 00:14:28,924][__main__][INFO] - [0, 10, 12, 30], [11]
[2025-01-30 00:14:28,943][__main__][INFO] - [0, 10, 12, 31], [11]
[2025-01-30 00:14:28,961][__main__][INFO] - [0, 10, 12, 32], [11]
[2025-01-30 00:14:28,979][__main__][INFO] - [0, 10, 12, 33], [11]
[2025-01-30 00:14:28,997][__main__][INFO] - [0, 10, 12, 34], [11]
[2025-01-30 00:14:29,015][__main__][INFO] - [0, 10, 12, 35], [11]
[2025-01-30 00:14:29,046][__main__][INFO] - [0, 10, 13, 21], [11]
[2025-01-30 00:14:29,065][__main__][INFO] - [0, 10, 13, 22], [11]
[2025-01-30 00:14:29,084][__main__][INFO] - [0, 10, 13, 23], [11]
[2025-01-30 00:14:29,129][__main__][INFO] - [0, 10, 13, 26], [11]
[2025-01-30 00:14:29,148][__main__][INFO] - [0, 10, 13, 27], [11]
[2025-01-30 00:14:29,167][__main__][INFO] - [0, 10, 13, 28], [11]
[2025-01-30 00:14:29,186][__main__][INFO] - [0, 10, 13, 29], [11]
[2025-01-30 00:14:29,204][__main__][INFO] - [0, 10, 13, 30], [11]
[2025-01-30 00:14:29,222][__main__][INFO] - [0, 10, 13, 31], [11]
[2025-01-30 00:14:29,241][__main__][INFO] - [0, 10, 13, 32], [11]
[2025-01-30 00:14:29,260][__main__][INFO] - [0, 10, 13, 33], [11]
[2025-01-30 00:14:29,278][__main__][INFO] - [0, 10, 13, 34], [11]
[2025-01-30 00:14:29,296][__main__][INFO] - [0, 10, 13, 35], [11]
[2025-01-30 00:14:29,328][__main__][INFO] - [0, 10, 14, 21], [11]
[2025-01-30 00:14:29,346][__main__][INFO] - [0, 10, 14, 22], [11]
[2025-01-30 00:14:29,365][__main__][INFO] - [0, 10, 14, 23], [11]
[2025-01-30 00:14:29,409][__main__][INFO] - [0, 10, 14, 26], [11]
[2025-01-30 00:14:29,428][__main__][INFO] - [0, 10, 14, 27], [11]
[2025-01-30 00:14:29,447][__main__][INFO] - [0, 10, 14, 28], [11]
[2025-01-30 00:14:29,466][__main__][INFO] - [0, 10, 14, 29], [11]
[2025-01-30 00:14:29,485][__main__][INFO] - [0, 10, 14, 30], [11]
[2025-01-30 00:14:29,504][__main__][INFO] - [0, 10, 14, 31], [11]
[2025-01-30 00:14:29,522][__main__][INFO] - [0, 10, 14, 32], [11]
[2025-01-30 00:14:29,540][__main__][INFO] - [0, 10, 14, 33], [11]
[2025-01-30 00:14:29,559][__main__][INFO] - [0, 10, 14, 34], [11]
[2025-01-30 00:14:29,577][__main__][INFO] - [0, 10, 14, 35], [11]
[2025-01-30 00:14:29,609][__main__][INFO] - [0, 10, 15, 21], [11]
[2025-01-30 00:14:29,627][__main__][INFO] - [0, 10, 15, 22], [11]
[2025-01-30 00:14:29,646][__main__][INFO] - [0, 10, 15, 23], [11]
[2025-01-30 00:14:29,664][__main__][INFO] - [0, 10, 15, 24], [11]
[2025-01-30 00:14:29,695][__main__][INFO] - [0, 10, 15, 26], [11]
[2025-01-30 00:14:29,713][__main__][INFO] - [0, 10, 15, 27], [11]
[2025-01-30 00:14:29,730][__main__][INFO] - [0, 10, 15, 28], [11]
[2025-01-30 00:14:29,748][__main__][INFO] - [0, 10, 15, 29], [11]
[2025-01-30 00:14:29,766][__main__][INFO] - [0, 10, 15, 30], [11]
[2025-01-30 00:14:29,784][__main__][INFO] - [0, 10, 15, 31], [11]
[2025-01-30 00:14:29,802][__main__][INFO] - [0, 10, 15, 32], [11]
[2025-01-30 00:14:29,820][__main__][INFO] - [0, 10, 15, 33], [11]
[2025-01-30 00:14:29,838][__main__][INFO] - [0, 10, 15, 34], [11]
[2025-01-30 00:14:29,856][__main__][INFO] - [0, 10, 15, 35], [11]
[2025-01-30 00:14:29,886][__main__][INFO] - [0, 10, 16, 21], [11]
[2025-01-30 00:14:29,994][__main__][INFO] - [0, 10, 16, 29], [11]
[2025-01-30 00:14:30,076][__main__][INFO] - [0, 10, 16, 35], [11]
[2025-01-30 00:14:30,108][__main__][INFO] - [0, 10, 17, 21], [11]
[2025-01-30 00:14:30,127][__main__][INFO] - [0, 10, 17, 22], [11]
[2025-01-30 00:14:30,146][__main__][INFO] - [0, 10, 17, 23], [11]
[2025-01-30 00:14:30,164][__main__][INFO] - [0, 10, 17, 24], [11]
[2025-01-30 00:14:30,196][__main__][INFO] - [0, 10, 17, 26], [11]
[2025-01-30 00:14:30,215][__main__][INFO] - [0, 10, 17, 27], [11]
[2025-01-30 00:14:30,233][__main__][INFO] - [0, 10, 17, 28], [11]
[2025-01-30 00:14:30,251][__main__][INFO] - [0, 10, 17, 29], [11]
[2025-01-30 00:14:30,269][__main__][INFO] - [0, 10, 17, 30], [11]
[2025-01-30 00:14:30,288][__main__][INFO] - [0, 10, 17, 31], [11]
[2025-01-30 00:14:30,306][__main__][INFO] - [0, 10, 17, 32], [11]
[2025-01-30 00:14:30,325][__main__][INFO] - [0, 10, 17, 33], [11]
[2025-01-30 00:14:30,344][__main__][INFO] - [0, 10, 17, 34], [11]
[2025-01-30 00:14:30,363][__main__][INFO] - [0, 10, 17, 35], [11]
[2025-01-30 00:14:30,396][__main__][INFO] - [0, 10, 18, 21], [11]
[2025-01-30 00:14:30,611][__main__][INFO] - [0, 10, 19, 21], [11]
[2025-01-30 00:14:30,831][__main__][INFO] - [0, 10, 21, 26], [11]
[2025-01-30 00:14:30,850][__main__][INFO] - [0, 10, 21, 27], [11]
[2025-01-30 00:14:30,868][__main__][INFO] - [0, 10, 21, 28], [11]
[2025-01-30 00:14:30,887][__main__][INFO] - [0, 10, 21, 29], [11]
[2025-01-30 00:14:30,905][__main__][INFO] - [0, 10, 21, 30], [11]
[2025-01-30 00:14:30,924][__main__][INFO] - [0, 10, 21, 31], [11]
[2025-01-30 00:14:30,943][__main__][INFO] - [0, 10, 21, 32], [11]
[2025-01-30 00:14:30,961][__main__][INFO] - [0, 10, 21, 33], [11]
[2025-01-30 00:14:30,979][__main__][INFO] - [0, 10, 21, 34], [11]
[2025-01-30 00:14:30,997][__main__][INFO] - [0, 10, 21, 35], [11]
[2025-01-30 00:14:31,027][__main__][INFO] - [0, 10, 22, 26], [11]
[2025-01-30 00:14:31,045][__main__][INFO] - [0, 10, 22, 27], [11]
[2025-01-30 00:14:31,063][__main__][INFO] - [0, 10, 22, 28], [11]
[2025-01-30 00:14:31,081][__main__][INFO] - [0, 10, 22, 29], [11]
[2025-01-30 00:14:31,100][__main__][INFO] - [0, 10, 22, 30], [11]
[2025-01-30 00:14:31,119][__main__][INFO] - [0, 10, 22, 31], [11]
[2025-01-30 00:14:31,138][__main__][INFO] - [0, 10, 22, 32], [11]
[2025-01-30 00:14:31,157][__main__][INFO] - [0, 10, 22, 33], [11]
[2025-01-30 00:14:31,176][__main__][INFO] - [0, 10, 22, 34], [11]
[2025-01-30 00:14:31,195][__main__][INFO] - [0, 10, 22, 35], [11]
[2025-01-30 00:14:31,226][__main__][INFO] - [0, 10, 23, 26], [11]
[2025-01-30 00:14:31,245][__main__][INFO] - [0, 10, 23, 27], [11]
[2025-01-30 00:14:31,263][__main__][INFO] - [0, 10, 23, 28], [11]
[2025-01-30 00:14:31,281][__main__][INFO] - [0, 10, 23, 29], [11]
[2025-01-30 00:14:31,300][__main__][INFO] - [0, 10, 23, 30], [11]
[2025-01-30 00:14:31,319][__main__][INFO] - [0, 10, 23, 31], [11]
[2025-01-30 00:14:31,337][__main__][INFO] - [0, 10, 23, 32], [11]
[2025-01-30 00:14:31,355][__main__][INFO] - [0, 10, 23, 33], [11]
[2025-01-30 00:14:31,373][__main__][INFO] - [0, 10, 23, 34], [11]
[2025-01-30 00:14:31,392][__main__][INFO] - [0, 10, 23, 35], [11]
[2025-01-30 00:14:31,423][__main__][INFO] - [0, 10, 24, 26], [11]
[2025-01-30 00:14:31,470][__main__][INFO] - [0, 10, 24, 29], [11]
[2025-01-30 00:14:31,489][__main__][INFO] - [0, 10, 24, 30], [11]
[2025-01-30 00:14:31,508][__main__][INFO] - [0, 10, 24, 31], [11]
[2025-01-30 00:14:31,567][__main__][INFO] - [0, 10, 24, 35], [11]
[2025-01-30 00:14:31,757][__main__][INFO] - [0, 10, 12, 21, 26], []
[2025-01-30 00:14:31,777][__main__][INFO] - [0, 10, 12, 21, 27], []
[2025-01-30 00:14:31,796][__main__][INFO] - [0, 10, 12, 21, 28], []
[2025-01-30 00:14:31,815][__main__][INFO] - [0, 10, 12, 21, 29], []
[2025-01-30 00:14:31,834][__main__][INFO] - [0, 10, 12, 21, 30], []
[2025-01-30 00:14:31,853][__main__][INFO] - [0, 10, 12, 21, 31], []
[2025-01-30 00:14:31,871][__main__][INFO] - [0, 10, 12, 21, 32], []
[2025-01-30 00:14:31,891][__main__][INFO] - [0, 10, 12, 21, 33], []
[2025-01-30 00:14:31,910][__main__][INFO] - [0, 10, 12, 21, 34], []
[2025-01-30 00:14:31,929][__main__][INFO] - [0, 10, 12, 21, 35], []
[2025-01-30 00:14:31,961][__main__][INFO] - [0, 10, 12, 22, 26], []
[2025-01-30 00:14:31,981][__main__][INFO] - [0, 10, 12, 22, 27], []
[2025-01-30 00:14:32,000][__main__][INFO] - [0, 10, 12, 22, 28], []
[2025-01-30 00:14:32,020][__main__][INFO] - [0, 10, 12, 22, 29], []
[2025-01-30 00:14:32,039][__main__][INFO] - [0, 10, 12, 22, 30], []
[2025-01-30 00:14:32,059][__main__][INFO] - [0, 10, 12, 22, 31], []
[2025-01-30 00:14:32,078][__main__][INFO] - [0, 10, 12, 22, 32], []
[2025-01-30 00:14:32,098][__main__][INFO] - [0, 10, 12, 22, 33], []
[2025-01-30 00:14:32,130][__main__][INFO] - [0, 10, 12, 22, 35], []
[2025-01-30 00:14:32,176][__main__][INFO] - [0, 10, 12, 23, 27], []
[2025-01-30 00:14:32,208][__main__][INFO] - [0, 10, 12, 23, 29], []
[2025-01-30 00:14:32,228][__main__][INFO] - [0, 10, 12, 23, 30], []
[2025-01-30 00:14:32,248][__main__][INFO] - [0, 10, 12, 23, 31], []
[2025-01-30 00:14:32,267][__main__][INFO] - [0, 10, 12, 23, 32], []
[2025-01-30 00:14:32,313][__main__][INFO] - [0, 10, 12, 23, 35], []
[2025-01-30 00:14:32,466][__main__][INFO] - [0, 10, 12, 24, 35], []
[2025-01-30 00:14:32,524][__main__][INFO] - [0, 10, 13, 21, 26], []
[2025-01-30 00:14:32,544][__main__][INFO] - [0, 10, 13, 21, 27], []
[2025-01-30 00:14:32,563][__main__][INFO] - [0, 10, 13, 21, 28], []
[2025-01-30 00:14:32,582][__main__][INFO] - [0, 10, 13, 21, 29], []
[2025-01-30 00:14:32,602][__main__][INFO] - [0, 10, 13, 21, 30], []
[2025-01-30 00:14:32,621][__main__][INFO] - [0, 10, 13, 21, 31], []
[2025-01-30 00:14:32,641][__main__][INFO] - [0, 10, 13, 21, 32], []
[2025-01-30 00:14:32,661][__main__][INFO] - [0, 10, 13, 21, 33], []
[2025-01-30 00:14:32,680][__main__][INFO] - [0, 10, 13, 21, 34], []
[2025-01-30 00:14:32,700][__main__][INFO] - [0, 10, 13, 21, 35], []
[2025-01-30 00:14:33,065][__main__][INFO] - [0, 10, 14, 21, 26], []
[2025-01-30 00:14:33,085][__main__][INFO] - [0, 10, 14, 21, 27], []
[2025-01-30 00:14:33,104][__main__][INFO] - [0, 10, 14, 21, 28], []
[2025-01-30 00:14:33,124][__main__][INFO] - [0, 10, 14, 21, 29], []
[2025-01-30 00:14:33,143][__main__][INFO] - [0, 10, 14, 21, 30], []
[2025-01-30 00:14:33,162][__main__][INFO] - [0, 10, 14, 21, 31], []
[2025-01-30 00:14:33,181][__main__][INFO] - [0, 10, 14, 21, 32], []
[2025-01-30 00:14:33,201][__main__][INFO] - [0, 10, 14, 21, 33], []
[2025-01-30 00:14:33,219][__main__][INFO] - [0, 10, 14, 21, 34], []
[2025-01-30 00:14:33,239][__main__][INFO] - [0, 10, 14, 21, 35], []
[2025-01-30 00:14:33,601][__main__][INFO] - [0, 10, 15, 21, 26], []
[2025-01-30 00:14:33,622][__main__][INFO] - [0, 10, 15, 21, 27], []
[2025-01-30 00:14:33,641][__main__][INFO] - [0, 10, 15, 21, 28], []
[2025-01-30 00:14:33,661][__main__][INFO] - [0, 10, 15, 21, 29], []
[2025-01-30 00:14:33,681][__main__][INFO] - [0, 10, 15, 21, 30], []
[2025-01-30 00:14:33,700][__main__][INFO] - [0, 10, 15, 21, 31], []
[2025-01-30 00:14:33,719][__main__][INFO] - [0, 10, 15, 21, 32], []
[2025-01-30 00:14:33,738][__main__][INFO] - [0, 10, 15, 21, 33], []
[2025-01-30 00:14:33,757][__main__][INFO] - [0, 10, 15, 21, 34], []
[2025-01-30 00:14:33,776][__main__][INFO] - [0, 10, 15, 21, 35], []
[2025-01-30 00:14:33,808][__main__][INFO] - [0, 10, 15, 22, 26], []
[2025-01-30 00:14:33,828][__main__][INFO] - [0, 10, 15, 22, 27], []
[2025-01-30 00:14:33,846][__main__][INFO] - [0, 10, 15, 22, 28], []
[2025-01-30 00:14:33,866][__main__][INFO] - [0, 10, 15, 22, 29], []
[2025-01-30 00:14:33,884][__main__][INFO] - [0, 10, 15, 22, 30], []
[2025-01-30 00:14:33,916][__main__][INFO] - [0, 10, 15, 22, 32], []
[2025-01-30 00:14:33,934][__main__][INFO] - [0, 10, 15, 22, 33], []
[2025-01-30 00:14:33,965][__main__][INFO] - [0, 10, 15, 22, 35], []
[2025-01-30 00:14:33,997][__main__][INFO] - [0, 10, 15, 23, 26], []
[2025-01-30 00:14:34,016][__main__][INFO] - [0, 10, 15, 23, 27], []
[2025-01-30 00:14:34,036][__main__][INFO] - [0, 10, 15, 23, 28], []
[2025-01-30 00:14:34,056][__main__][INFO] - [0, 10, 15, 23, 29], []
[2025-01-30 00:14:34,075][__main__][INFO] - [0, 10, 15, 23, 30], []
[2025-01-30 00:14:34,095][__main__][INFO] - [0, 10, 15, 23, 31], []
[2025-01-30 00:14:34,114][__main__][INFO] - [0, 10, 15, 23, 32], []
[2025-01-30 00:14:34,133][__main__][INFO] - [0, 10, 15, 23, 33], []
[2025-01-30 00:14:34,152][__main__][INFO] - [0, 10, 15, 23, 34], []
[2025-01-30 00:14:34,171][__main__][INFO] - [0, 10, 15, 23, 35], []
[2025-01-30 00:14:34,329][__main__][INFO] - [0, 10, 15, 24, 35], []
[2025-01-30 00:14:34,427][__main__][INFO] - [0, 10, 16, 21, 29], []
[2025-01-30 00:14:34,513][__main__][INFO] - [0, 10, 16, 21, 35], []
[2025-01-30 00:14:34,612][__main__][INFO] - [0, 10, 17, 21, 26], []
[2025-01-30 00:14:34,632][__main__][INFO] - [0, 10, 17, 21, 27], []
[2025-01-30 00:14:34,652][__main__][INFO] - [0, 10, 17, 21, 28], []
[2025-01-30 00:14:34,671][__main__][INFO] - [0, 10, 17, 21, 29], []
[2025-01-30 00:14:34,690][__main__][INFO] - [0, 10, 17, 21, 30], []
[2025-01-30 00:14:34,708][__main__][INFO] - [0, 10, 17, 21, 31], []
[2025-01-30 00:14:34,727][__main__][INFO] - [0, 10, 17, 21, 32], []
[2025-01-30 00:14:34,745][__main__][INFO] - [0, 10, 17, 21, 33], []
[2025-01-30 00:14:34,763][__main__][INFO] - [0, 10, 17, 21, 34], []
[2025-01-30 00:14:34,782][__main__][INFO] - [0, 10, 17, 21, 35], []
[2025-01-30 00:14:34,814][__main__][INFO] - [0, 10, 17, 22, 26], []
[2025-01-30 00:14:34,833][__main__][INFO] - [0, 10, 17, 22, 27], []
[2025-01-30 00:14:34,852][__main__][INFO] - [0, 10, 17, 22, 28], []
[2025-01-30 00:14:34,871][__main__][INFO] - [0, 10, 17, 22, 29], []
[2025-01-30 00:14:34,890][__main__][INFO] - [0, 10, 17, 22, 30], []
[2025-01-30 00:14:34,909][__main__][INFO] - [0, 10, 17, 22, 31], []
[2025-01-30 00:14:34,928][__main__][INFO] - [0, 10, 17, 22, 32], []
[2025-01-30 00:14:34,947][__main__][INFO] - [0, 10, 17, 22, 33], []
[2025-01-30 00:14:34,979][__main__][INFO] - [0, 10, 17, 22, 35], []
[2025-01-30 00:14:35,763][__main__][INFO] - [0, 11, 12, 21], [10]
[2025-01-30 00:14:35,834][__main__][INFO] - [0, 11, 12, 26], [10]
[2025-01-30 00:14:35,854][__main__][INFO] - [0, 11, 12, 27], [10]
[2025-01-30 00:14:35,873][__main__][INFO] - [0, 11, 12, 28], [10]
[2025-01-30 00:14:35,891][__main__][INFO] - [0, 11, 12, 29], [10]
[2025-01-30 00:14:35,910][__main__][INFO] - [0, 11, 12, 30], [10]
[2025-01-30 00:14:35,928][__main__][INFO] - [0, 11, 12, 31], [10]
[2025-01-30 00:14:35,947][__main__][INFO] - [0, 11, 12, 32], [10]
[2025-01-30 00:14:35,979][__main__][INFO] - [0, 11, 12, 34], [10]
[2025-01-30 00:14:35,997][__main__][INFO] - [0, 11, 12, 35], [10]
[2025-01-30 00:14:36,239][__main__][INFO] - [0, 11, 14, 21], [10]
[2025-01-30 00:14:36,456][__main__][INFO] - [0, 11, 15, 21], [10]
[2025-01-30 00:14:36,647][__main__][INFO] - [0, 11, 15, 35], [10]
[2025-01-30 00:14:36,692][__main__][INFO] - [0, 11, 17, 21], [10]
[2025-01-30 00:14:36,948][__main__][INFO] - [0, 11, 21, 26], [10]
[2025-01-30 00:14:36,967][__main__][INFO] - [0, 11, 21, 27], [10]
[2025-01-30 00:14:36,986][__main__][INFO] - [0, 11, 21, 28], [10]
[2025-01-30 00:14:37,005][__main__][INFO] - [0, 11, 21, 29], [10]
[2025-01-30 00:14:37,025][__main__][INFO] - [0, 11, 21, 30], [10]
[2025-01-30 00:14:37,044][__main__][INFO] - [0, 11, 21, 31], [10]
[2025-01-30 00:14:37,063][__main__][INFO] - [0, 11, 21, 32], [10]
[2025-01-30 00:14:37,082][__main__][INFO] - [0, 11, 21, 33], [10]
[2025-01-30 00:14:37,100][__main__][INFO] - [0, 11, 21, 34], [10]
[2025-01-30 00:14:37,119][__main__][INFO] - [0, 11, 21, 35], [10]
[2025-01-30 00:14:37,486][__main__][INFO] - [0, 12, 21], [10, 11]
[2025-01-30 00:14:37,506][__main__][INFO] - [0, 12, 22], [10, 11]
[2025-01-30 00:14:37,525][__main__][INFO] - [0, 12, 23], [10, 11]
[2025-01-30 00:14:37,544][__main__][INFO] - [0, 12, 24], [10, 11]
[2025-01-30 00:14:37,576][__main__][INFO] - [0, 12, 26], [10, 11]
[2025-01-30 00:14:37,595][__main__][INFO] - [0, 12, 27], [10, 11]
[2025-01-30 00:14:37,614][__main__][INFO] - [0, 12, 28], [10, 11]
[2025-01-30 00:14:37,633][__main__][INFO] - [0, 12, 29], [10, 11]
[2025-01-30 00:14:37,652][__main__][INFO] - [0, 12, 30], [10, 11]
[2025-01-30 00:14:37,670][__main__][INFO] - [0, 12, 31], [10, 11]
[2025-01-30 00:14:37,688][__main__][INFO] - [0, 12, 32], [10, 11]
[2025-01-30 00:14:37,707][__main__][INFO] - [0, 12, 33], [10, 11]
[2025-01-30 00:14:37,725][__main__][INFO] - [0, 12, 34], [10, 11]
[2025-01-30 00:14:37,743][__main__][INFO] - [0, 12, 35], [10, 11]
[2025-01-30 00:14:37,776][__main__][INFO] - [0, 13, 21], [10, 11]
[2025-01-30 00:14:37,846][__main__][INFO] - [0, 13, 26], [10, 11]
[2025-01-30 00:14:37,865][__main__][INFO] - [0, 13, 27], [10, 11]
[2025-01-30 00:14:37,883][__main__][INFO] - [0, 13, 28], [10, 11]
[2025-01-30 00:14:37,902][__main__][INFO] - [0, 13, 29], [10, 11]
[2025-01-30 00:14:37,920][__main__][INFO] - [0, 13, 30], [10, 11]
[2025-01-30 00:14:37,939][__main__][INFO] - [0, 13, 31], [10, 11]
[2025-01-30 00:14:37,958][__main__][INFO] - [0, 13, 32], [10, 11]
[2025-01-30 00:14:37,977][__main__][INFO] - [0, 13, 33], [10, 11]
[2025-01-30 00:14:37,995][__main__][INFO] - [0, 13, 34], [10, 11]
[2025-01-30 00:14:38,013][__main__][INFO] - [0, 13, 35], [10, 11]
[2025-01-30 00:14:38,044][__main__][INFO] - [0, 14, 21], [10, 11]
[2025-01-30 00:14:38,063][__main__][INFO] - [0, 14, 22], [10, 11]
[2025-01-30 00:14:38,082][__main__][INFO] - [0, 14, 23], [10, 11]
[2025-01-30 00:14:38,100][__main__][INFO] - [0, 14, 24], [10, 11]
[2025-01-30 00:14:38,132][__main__][INFO] - [0, 14, 26], [10, 11]
[2025-01-30 00:14:38,150][__main__][INFO] - [0, 14, 27], [10, 11]
[2025-01-30 00:14:38,168][__main__][INFO] - [0, 14, 28], [10, 11]
[2025-01-30 00:14:38,187][__main__][INFO] - [0, 14, 29], [10, 11]
[2025-01-30 00:14:38,206][__main__][INFO] - [0, 14, 30], [10, 11]
[2025-01-30 00:14:38,223][__main__][INFO] - [0, 14, 31], [10, 11]
[2025-01-30 00:14:38,241][__main__][INFO] - [0, 14, 32], [10, 11]
[2025-01-30 00:14:38,258][__main__][INFO] - [0, 14, 33], [10, 11]
[2025-01-30 00:14:38,276][__main__][INFO] - [0, 14, 34], [10, 11]
[2025-01-30 00:14:38,295][__main__][INFO] - [0, 14, 35], [10, 11]
[2025-01-30 00:14:38,327][__main__][INFO] - [0, 15, 21], [10, 11]
[2025-01-30 00:14:38,346][__main__][INFO] - [0, 15, 22], [10, 11]
[2025-01-30 00:14:38,365][__main__][INFO] - [0, 15, 23], [10, 11]
[2025-01-30 00:14:38,384][__main__][INFO] - [0, 15, 24], [10, 11]
[2025-01-30 00:14:38,416][__main__][INFO] - [0, 15, 26], [10, 11]
[2025-01-30 00:14:38,436][__main__][INFO] - [0, 15, 27], [10, 11]
[2025-01-30 00:14:38,455][__main__][INFO] - [0, 15, 28], [10, 11]
[2025-01-30 00:14:38,474][__main__][INFO] - [0, 15, 29], [10, 11]
[2025-01-30 00:14:38,493][__main__][INFO] - [0, 15, 30], [10, 11]
[2025-01-30 00:14:38,512][__main__][INFO] - [0, 15, 31], [10, 11]
[2025-01-30 00:14:38,531][__main__][INFO] - [0, 15, 32], [10, 11]
[2025-01-30 00:14:38,550][__main__][INFO] - [0, 15, 33], [10, 11]
[2025-01-30 00:14:38,569][__main__][INFO] - [0, 15, 34], [10, 11]
[2025-01-30 00:14:38,588][__main__][INFO] - [0, 15, 35], [10, 11]
[2025-01-30 00:14:38,619][__main__][INFO] - [0, 16, 21], [10, 11]
[2025-01-30 00:14:38,639][__main__][INFO] - [0, 16, 22], [10, 11]
[2025-01-30 00:14:38,736][__main__][INFO] - [0, 16, 29], [10, 11]
[2025-01-30 00:14:38,769][__main__][INFO] - [0, 16, 31], [10, 11]
[2025-01-30 00:14:38,828][__main__][INFO] - [0, 16, 35], [10, 11]
[2025-01-30 00:14:38,860][__main__][INFO] - [0, 17, 21], [10, 11]
[2025-01-30 00:14:38,879][__main__][INFO] - [0, 17, 22], [10, 11]
[2025-01-30 00:14:38,898][__main__][INFO] - [0, 17, 23], [10, 11]
[2025-01-30 00:14:38,916][__main__][INFO] - [0, 17, 24], [10, 11]
[2025-01-30 00:14:38,948][__main__][INFO] - [0, 17, 26], [10, 11]
[2025-01-30 00:14:38,966][__main__][INFO] - [0, 17, 27], [10, 11]
[2025-01-30 00:14:38,985][__main__][INFO] - [0, 17, 28], [10, 11]
[2025-01-30 00:14:39,003][__main__][INFO] - [0, 17, 29], [10, 11]
[2025-01-30 00:14:39,022][__main__][INFO] - [0, 17, 30], [10, 11]
[2025-01-30 00:14:39,040][__main__][INFO] - [0, 17, 31], [10, 11]
[2025-01-30 00:14:39,059][__main__][INFO] - [0, 17, 32], [10, 11]
[2025-01-30 00:14:39,077][__main__][INFO] - [0, 17, 33], [10, 11]
[2025-01-30 00:14:39,096][__main__][INFO] - [0, 17, 34], [10, 11]
[2025-01-30 00:14:39,114][__main__][INFO] - [0, 17, 35], [10, 11]
[2025-01-30 00:14:39,145][__main__][INFO] - [0, 18, 21], [10, 11]
[2025-01-30 00:14:39,353][__main__][INFO] - [0, 19, 21], [10, 11]
[2025-01-30 00:14:39,584][__main__][INFO] - [0, 21, 26], [10, 11]
[2025-01-30 00:14:39,604][__main__][INFO] - [0, 21, 27], [10, 11]
[2025-01-30 00:14:39,624][__main__][INFO] - [0, 21, 28], [10, 11]
[2025-01-30 00:14:39,642][__main__][INFO] - [0, 21, 29], [10, 11]
[2025-01-30 00:14:39,662][__main__][INFO] - [0, 21, 30], [10, 11]
[2025-01-30 00:14:39,681][__main__][INFO] - [0, 21, 31], [10, 11]
[2025-01-30 00:14:39,700][__main__][INFO] - [0, 21, 32], [10, 11]
[2025-01-30 00:14:39,719][__main__][INFO] - [0, 21, 33], [10, 11]
[2025-01-30 00:14:39,738][__main__][INFO] - [0, 21, 34], [10, 11]
[2025-01-30 00:14:39,756][__main__][INFO] - [0, 21, 35], [10, 11]
[2025-01-30 00:14:39,787][__main__][INFO] - [0, 22, 26], [10, 11]
[2025-01-30 00:14:39,806][__main__][INFO] - [0, 22, 27], [10, 11]
[2025-01-30 00:14:39,825][__main__][INFO] - [0, 22, 28], [10, 11]
[2025-01-30 00:14:39,843][__main__][INFO] - [0, 22, 29], [10, 11]
[2025-01-30 00:14:39,862][__main__][INFO] - [0, 22, 30], [10, 11]
[2025-01-30 00:14:39,881][__main__][INFO] - [0, 22, 31], [10, 11]
[2025-01-30 00:14:39,900][__main__][INFO] - [0, 22, 32], [10, 11]
[2025-01-30 00:14:39,919][__main__][INFO] - [0, 22, 33], [10, 11]
[2025-01-30 00:14:39,937][__main__][INFO] - [0, 22, 34], [10, 11]
[2025-01-30 00:14:39,956][__main__][INFO] - [0, 22, 35], [10, 11]
[2025-01-30 00:14:39,988][__main__][INFO] - [0, 23, 26], [10, 11]
[2025-01-30 00:14:40,007][__main__][INFO] - [0, 23, 27], [10, 11]
[2025-01-30 00:14:40,026][__main__][INFO] - [0, 23, 28], [10, 11]
[2025-01-30 00:14:40,045][__main__][INFO] - [0, 23, 29], [10, 11]
[2025-01-30 00:14:40,065][__main__][INFO] - [0, 23, 30], [10, 11]
[2025-01-30 00:14:40,084][__main__][INFO] - [0, 23, 31], [10, 11]
[2025-01-30 00:14:40,104][__main__][INFO] - [0, 23, 32], [10, 11]
[2025-01-30 00:14:40,122][__main__][INFO] - [0, 23, 33], [10, 11]
[2025-01-30 00:14:40,141][__main__][INFO] - [0, 23, 34], [10, 11]
[2025-01-30 00:14:40,159][__main__][INFO] - [0, 23, 35], [10, 11]
[2025-01-30 00:14:40,218][__main__][INFO] - [0, 24, 28], [10, 11]
[2025-01-30 00:14:40,264][__main__][INFO] - [0, 24, 31], [10, 11]
[2025-01-30 00:14:40,284][__main__][INFO] - [0, 24, 32], [10, 11]
[2025-01-30 00:14:40,328][__main__][INFO] - [0, 24, 35], [10, 11]
[2025-01-30 00:14:40,519][__main__][INFO] - [0, 12, 21, 26], [10]
[2025-01-30 00:14:40,538][__main__][INFO] - [0, 12, 21, 27], [10]
[2025-01-30 00:14:40,558][__main__][INFO] - [0, 12, 21, 28], [10]
[2025-01-30 00:14:40,577][__main__][INFO] - [0, 12, 21, 29], [10]
[2025-01-30 00:14:40,596][__main__][INFO] - [0, 12, 21, 30], [10]
[2025-01-30 00:14:40,616][__main__][INFO] - [0, 12, 21, 31], [10]
[2025-01-30 00:14:40,635][__main__][INFO] - [0, 12, 21, 32], [10]
[2025-01-30 00:14:40,654][__main__][INFO] - [0, 12, 21, 33], [10]
[2025-01-30 00:14:40,672][__main__][INFO] - [0, 12, 21, 34], [10]
[2025-01-30 00:14:40,691][__main__][INFO] - [0, 12, 21, 35], [10]
[2025-01-30 00:14:40,723][__main__][INFO] - [0, 12, 22, 26], [10]
[2025-01-30 00:14:40,742][__main__][INFO] - [0, 12, 22, 27], [10]
[2025-01-30 00:14:40,761][__main__][INFO] - [0, 12, 22, 28], [10]
[2025-01-30 00:14:40,780][__main__][INFO] - [0, 12, 22, 29], [10]
[2025-01-30 00:14:40,800][__main__][INFO] - [0, 12, 22, 30], [10]
[2025-01-30 00:14:40,818][__main__][INFO] - [0, 12, 22, 31], [10]
[2025-01-30 00:14:40,837][__main__][INFO] - [0, 12, 22, 32], [10]
[2025-01-30 00:14:40,856][__main__][INFO] - [0, 12, 22, 33], [10]
[2025-01-30 00:14:40,874][__main__][INFO] - [0, 12, 22, 34], [10]
[2025-01-30 00:14:40,893][__main__][INFO] - [0, 12, 22, 35], [10]
[2025-01-30 00:14:40,938][__main__][INFO] - [0, 12, 23, 27], [10]
[2025-01-30 00:14:40,957][__main__][INFO] - [0, 12, 23, 28], [10]
[2025-01-30 00:14:40,976][__main__][INFO] - [0, 12, 23, 29], [10]
[2025-01-30 00:14:40,994][__main__][INFO] - [0, 12, 23, 30], [10]
[2025-01-30 00:14:41,013][__main__][INFO] - [0, 12, 23, 31], [10]
[2025-01-30 00:14:41,031][__main__][INFO] - [0, 12, 23, 32], [10]
[2025-01-30 00:14:41,076][__main__][INFO] - [0, 12, 23, 35], [10]
[2025-01-30 00:14:41,225][__main__][INFO] - [0, 12, 24, 35], [10]
[2025-01-30 00:14:41,284][__main__][INFO] - [0, 13, 21, 26], [10]
[2025-01-30 00:14:41,303][__main__][INFO] - [0, 13, 21, 27], [10]
[2025-01-30 00:14:41,323][__main__][INFO] - [0, 13, 21, 28], [10]
[2025-01-30 00:14:41,342][__main__][INFO] - [0, 13, 21, 29], [10]
[2025-01-30 00:14:41,362][__main__][INFO] - [0, 13, 21, 30], [10]
[2025-01-30 00:14:41,380][__main__][INFO] - [0, 13, 21, 31], [10]
[2025-01-30 00:14:41,399][__main__][INFO] - [0, 13, 21, 32], [10]
[2025-01-30 00:14:41,418][__main__][INFO] - [0, 13, 21, 33], [10]
[2025-01-30 00:14:41,436][__main__][INFO] - [0, 13, 21, 34], [10]
[2025-01-30 00:14:41,455][__main__][INFO] - [0, 13, 21, 35], [10]
[2025-01-30 00:14:41,681][__main__][INFO] - [0, 14, 21, 26], [10]
[2025-01-30 00:14:41,701][__main__][INFO] - [0, 14, 21, 27], [10]
[2025-01-30 00:14:41,720][__main__][INFO] - [0, 14, 21, 28], [10]
[2025-01-30 00:14:41,740][__main__][INFO] - [0, 14, 21, 29], [10]
[2025-01-30 00:14:41,759][__main__][INFO] - [0, 14, 21, 30], [10]
[2025-01-30 00:14:41,779][__main__][INFO] - [0, 14, 21, 31], [10]
[2025-01-30 00:14:41,797][__main__][INFO] - [0, 14, 21, 32], [10]
[2025-01-30 00:14:41,816][__main__][INFO] - [0, 14, 21, 33], [10]
[2025-01-30 00:14:41,834][__main__][INFO] - [0, 14, 21, 34], [10]
[2025-01-30 00:14:41,851][__main__][INFO] - [0, 14, 21, 35], [10]
[2025-01-30 00:14:42,345][__main__][INFO] - [0, 15, 21, 26], [10]
[2025-01-30 00:14:42,365][__main__][INFO] - [0, 15, 21, 27], [10]
[2025-01-30 00:14:42,384][__main__][INFO] - [0, 15, 21, 28], [10]
[2025-01-30 00:14:42,403][__main__][INFO] - [0, 15, 21, 29], [10]
[2025-01-30 00:14:42,422][__main__][INFO] - [0, 15, 21, 30], [10]
[2025-01-30 00:14:42,440][__main__][INFO] - [0, 15, 21, 31], [10]
[2025-01-30 00:14:42,458][__main__][INFO] - [0, 15, 21, 32], [10]
[2025-01-30 00:14:42,477][__main__][INFO] - [0, 15, 21, 33], [10]
[2025-01-30 00:14:42,495][__main__][INFO] - [0, 15, 21, 34], [10]
[2025-01-30 00:14:42,513][__main__][INFO] - [0, 15, 21, 35], [10]
[2025-01-30 00:14:42,545][__main__][INFO] - [0, 15, 22, 26], [10]
[2025-01-30 00:14:42,564][__main__][INFO] - [0, 15, 22, 27], [10]
[2025-01-30 00:14:42,583][__main__][INFO] - [0, 15, 22, 28], [10]
[2025-01-30 00:14:42,603][__main__][INFO] - [0, 15, 22, 29], [10]
[2025-01-30 00:14:42,622][__main__][INFO] - [0, 15, 22, 30], [10]
[2025-01-30 00:14:42,640][__main__][INFO] - [0, 15, 22, 31], [10]
[2025-01-30 00:14:42,659][__main__][INFO] - [0, 15, 22, 32], [10]
[2025-01-30 00:14:42,678][__main__][INFO] - [0, 15, 22, 33], [10]
[2025-01-30 00:14:42,709][__main__][INFO] - [0, 15, 22, 35], [10]
[2025-01-30 00:14:42,741][__main__][INFO] - [0, 15, 23, 26], [10]
[2025-01-30 00:14:42,771][__main__][INFO] - [0, 15, 23, 28], [10]
[2025-01-30 00:14:42,790][__main__][INFO] - [0, 15, 23, 29], [10]
[2025-01-30 00:14:42,809][__main__][INFO] - [0, 15, 23, 30], [10]
[2025-01-30 00:14:42,829][__main__][INFO] - [0, 15, 23, 31], [10]
[2025-01-30 00:14:42,848][__main__][INFO] - [0, 15, 23, 32], [10]
[2025-01-30 00:14:42,880][__main__][INFO] - [0, 15, 23, 34], [10]
[2025-01-30 00:14:42,899][__main__][INFO] - [0, 15, 23, 35], [10]
[2025-01-30 00:14:43,167][__main__][INFO] - [0, 16, 21, 31], [10]
[2025-01-30 00:14:43,225][__main__][INFO] - [0, 16, 21, 35], [10]
[2025-01-30 00:14:43,445][__main__][INFO] - [0, 17, 21, 26], [10]
[2025-01-30 00:14:43,464][__main__][INFO] - [0, 17, 21, 27], [10]
[2025-01-30 00:14:43,483][__main__][INFO] - [0, 17, 21, 28], [10]
[2025-01-30 00:14:43,502][__main__][INFO] - [0, 17, 21, 29], [10]
[2025-01-30 00:14:43,520][__main__][INFO] - [0, 17, 21, 30], [10]
[2025-01-30 00:14:43,538][__main__][INFO] - [0, 17, 21, 31], [10]
[2025-01-30 00:14:43,556][__main__][INFO] - [0, 17, 21, 32], [10]
[2025-01-30 00:14:43,574][__main__][INFO] - [0, 17, 21, 33], [10]
[2025-01-30 00:14:43,592][__main__][INFO] - [0, 17, 21, 34], [10]
[2025-01-30 00:14:43,610][__main__][INFO] - [0, 17, 21, 35], [10]
[2025-01-30 00:14:43,641][__main__][INFO] - [0, 17, 22, 26], [10]
[2025-01-30 00:14:43,660][__main__][INFO] - [0, 17, 22, 27], [10]
[2025-01-30 00:14:43,679][__main__][INFO] - [0, 17, 22, 28], [10]
[2025-01-30 00:14:43,698][__main__][INFO] - [0, 17, 22, 29], [10]
[2025-01-30 00:14:43,716][__main__][INFO] - [0, 17, 22, 30], [10]
[2025-01-30 00:14:43,735][__main__][INFO] - [0, 17, 22, 31], [10]
[2025-01-30 00:14:43,754][__main__][INFO] - [0, 17, 22, 32], [10]
[2025-01-30 00:14:43,773][__main__][INFO] - [0, 17, 22, 33], [10]
[2025-01-30 00:14:43,806][__main__][INFO] - [0, 17, 22, 35], [10]
[2025-01-30 00:14:43,877][__main__][INFO] - [0, 17, 23, 29], [10]
[2025-01-30 00:14:43,896][__main__][INFO] - [0, 17, 23, 30], [10]
[2025-01-30 00:14:44,606][__main__][INFO] - [0, 11, 12, 21, 26], []
[2025-01-30 00:14:44,625][__main__][INFO] - [0, 11, 12, 21, 27], []
[2025-01-30 00:14:44,644][__main__][INFO] - [0, 11, 12, 21, 28], []
[2025-01-30 00:14:44,663][__main__][INFO] - [0, 11, 12, 21, 29], []
[2025-01-30 00:14:44,682][__main__][INFO] - [0, 11, 12, 21, 30], []
[2025-01-30 00:14:44,702][__main__][INFO] - [0, 11, 12, 21, 31], []
[2025-01-30 00:14:44,721][__main__][INFO] - [0, 11, 12, 21, 32], []
[2025-01-30 00:14:44,742][__main__][INFO] - [0, 11, 12, 21, 33], []
[2025-01-30 00:14:44,761][__main__][INFO] - [0, 11, 12, 21, 34], []
[2025-01-30 00:14:44,781][__main__][INFO] - [0, 11, 12, 21, 35], []
[2025-01-30 00:14:45,358][__main__][INFO] - [0, 11, 14, 21, 26], []
[2025-01-30 00:14:45,483][__main__][INFO] - [0, 11, 14, 21, 35], []
[2025-01-30 00:14:45,702][__main__][INFO] - [0, 11, 15, 21, 35], []
[2025-01-30 00:14:45,868][__main__][INFO] - [0, 11, 17, 21, 30], []
[2025-01-30 00:14:45,888][__main__][INFO] - [0, 11, 17, 21, 31], []
[2025-01-30 00:14:46,092][__main__][INFO] - [0, 12, 21, 26], [11]
[2025-01-30 00:14:46,112][__main__][INFO] - [0, 12, 21, 27], [11]
[2025-01-30 00:14:46,131][__main__][INFO] - [0, 12, 21, 28], [11]
[2025-01-30 00:14:46,150][__main__][INFO] - [0, 12, 21, 29], [11]
[2025-01-30 00:14:46,169][__main__][INFO] - [0, 12, 21, 30], [11]
[2025-01-30 00:14:46,188][__main__][INFO] - [0, 12, 21, 31], [11]
[2025-01-30 00:14:46,206][__main__][INFO] - [0, 12, 21, 32], [11]
[2025-01-30 00:14:46,226][__main__][INFO] - [0, 12, 21, 33], [11]
[2025-01-30 00:14:46,245][__main__][INFO] - [0, 12, 21, 34], [11]
[2025-01-30 00:14:46,264][__main__][INFO] - [0, 12, 21, 35], [11]
[2025-01-30 00:14:46,296][__main__][INFO] - [0, 12, 22, 26], [11]
[2025-01-30 00:14:46,315][__main__][INFO] - [0, 12, 22, 27], [11]
[2025-01-30 00:14:46,334][__main__][INFO] - [0, 12, 22, 28], [11]
[2025-01-30 00:14:46,352][__main__][INFO] - [0, 12, 22, 29], [11]
[2025-01-30 00:14:46,371][__main__][INFO] - [0, 12, 22, 30], [11]
[2025-01-30 00:14:46,391][__main__][INFO] - [0, 12, 22, 31], [11]
[2025-01-30 00:14:46,410][__main__][INFO] - [0, 12, 22, 32], [11]
[2025-01-30 00:14:46,429][__main__][INFO] - [0, 12, 22, 33], [11]
[2025-01-30 00:14:46,448][__main__][INFO] - [0, 12, 22, 34], [11]
[2025-01-30 00:14:46,467][__main__][INFO] - [0, 12, 22, 35], [11]
[2025-01-30 00:14:46,499][__main__][INFO] - [0, 12, 23, 26], [11]
[2025-01-30 00:14:46,518][__main__][INFO] - [0, 12, 23, 27], [11]
[2025-01-30 00:14:46,537][__main__][INFO] - [0, 12, 23, 28], [11]
[2025-01-30 00:14:46,556][__main__][INFO] - [0, 12, 23, 29], [11]
[2025-01-30 00:14:46,575][__main__][INFO] - [0, 12, 23, 30], [11]
[2025-01-30 00:14:46,593][__main__][INFO] - [0, 12, 23, 31], [11]
[2025-01-30 00:14:46,611][__main__][INFO] - [0, 12, 23, 32], [11]
[2025-01-30 00:14:46,630][__main__][INFO] - [0, 12, 23, 33], [11]
[2025-01-30 00:14:46,649][__main__][INFO] - [0, 12, 23, 34], [11]
[2025-01-30 00:14:46,667][__main__][INFO] - [0, 12, 23, 35], [11]
[2025-01-30 00:14:46,735][__main__][INFO] - [0, 12, 24, 29], [11]
[2025-01-30 00:14:46,766][__main__][INFO] - [0, 12, 24, 31], [11]
[2025-01-30 00:14:46,824][__main__][INFO] - [0, 12, 24, 35], [11]
[2025-01-30 00:14:46,882][__main__][INFO] - [0, 13, 21, 26], [11]
[2025-01-30 00:14:46,902][__main__][INFO] - [0, 13, 21, 27], [11]
[2025-01-30 00:14:46,922][__main__][INFO] - [0, 13, 21, 28], [11]
[2025-01-30 00:14:46,941][__main__][INFO] - [0, 13, 21, 29], [11]
[2025-01-30 00:14:46,961][__main__][INFO] - [0, 13, 21, 30], [11]
[2025-01-30 00:14:46,980][__main__][INFO] - [0, 13, 21, 31], [11]
[2025-01-30 00:14:46,999][__main__][INFO] - [0, 13, 21, 32], [11]
[2025-01-30 00:14:47,017][__main__][INFO] - [0, 13, 21, 33], [11]
[2025-01-30 00:14:47,036][__main__][INFO] - [0, 13, 21, 34], [11]
[2025-01-30 00:14:47,054][__main__][INFO] - [0, 13, 21, 35], [11]
[2025-01-30 00:14:47,544][__main__][INFO] - [0, 14, 21, 26], [11]
[2025-01-30 00:14:47,563][__main__][INFO] - [0, 14, 21, 27], [11]
[2025-01-30 00:14:47,582][__main__][INFO] - [0, 14, 21, 28], [11]
[2025-01-30 00:14:47,601][__main__][INFO] - [0, 14, 21, 29], [11]
[2025-01-30 00:14:47,619][__main__][INFO] - [0, 14, 21, 30], [11]
[2025-01-30 00:14:47,637][__main__][INFO] - [0, 14, 21, 31], [11]
[2025-01-30 00:14:47,655][__main__][INFO] - [0, 14, 21, 32], [11]
[2025-01-30 00:14:47,673][__main__][INFO] - [0, 14, 21, 33], [11]
[2025-01-30 00:14:47,691][__main__][INFO] - [0, 14, 21, 34], [11]
[2025-01-30 00:14:47,709][__main__][INFO] - [0, 14, 21, 35], [11]
[2025-01-30 00:14:48,146][__main__][INFO] - [0, 14, 24, 35], [11]
[2025-01-30 00:14:48,204][__main__][INFO] - [0, 15, 21, 26], [11]
[2025-01-30 00:14:48,224][__main__][INFO] - [0, 15, 21, 27], [11]
[2025-01-30 00:14:48,243][__main__][INFO] - [0, 15, 21, 28], [11]
[2025-01-30 00:14:48,262][__main__][INFO] - [0, 15, 21, 29], [11]
[2025-01-30 00:14:48,281][__main__][INFO] - [0, 15, 21, 30], [11]
[2025-01-30 00:14:48,299][__main__][INFO] - [0, 15, 21, 31], [11]
[2025-01-30 00:14:48,318][__main__][INFO] - [0, 15, 21, 32], [11]
[2025-01-30 00:14:48,336][__main__][INFO] - [0, 15, 21, 33], [11]
[2025-01-30 00:14:48,355][__main__][INFO] - [0, 15, 21, 34], [11]
[2025-01-30 00:14:48,374][__main__][INFO] - [0, 15, 21, 35], [11]
[2025-01-30 00:14:48,405][__main__][INFO] - [0, 15, 22, 26], [11]
[2025-01-30 00:14:48,424][__main__][INFO] - [0, 15, 22, 27], [11]
[2025-01-30 00:14:48,442][__main__][INFO] - [0, 15, 22, 28], [11]
[2025-01-30 00:14:48,461][__main__][INFO] - [0, 15, 22, 29], [11]
[2025-01-30 00:14:48,479][__main__][INFO] - [0, 15, 22, 30], [11]
[2025-01-30 00:14:48,498][__main__][INFO] - [0, 15, 22, 31], [11]
[2025-01-30 00:14:48,517][__main__][INFO] - [0, 15, 22, 32], [11]
[2025-01-30 00:14:48,536][__main__][INFO] - [0, 15, 22, 33], [11]
[2025-01-30 00:14:48,555][__main__][INFO] - [0, 15, 22, 34], [11]
[2025-01-30 00:14:48,574][__main__][INFO] - [0, 15, 22, 35], [11]
[2025-01-30 00:14:48,605][__main__][INFO] - [0, 15, 23, 26], [11]
[2025-01-30 00:14:48,624][__main__][INFO] - [0, 15, 23, 27], [11]
[2025-01-30 00:14:48,643][__main__][INFO] - [0, 15, 23, 28], [11]
[2025-01-30 00:14:48,662][__main__][INFO] - [0, 15, 23, 29], [11]
[2025-01-30 00:14:48,682][__main__][INFO] - [0, 15, 23, 30], [11]
[2025-01-30 00:14:48,701][__main__][INFO] - [0, 15, 23, 31], [11]
[2025-01-30 00:14:48,720][__main__][INFO] - [0, 15, 23, 32], [11]
[2025-01-30 00:14:48,739][__main__][INFO] - [0, 15, 23, 33], [11]
[2025-01-30 00:14:48,759][__main__][INFO] - [0, 15, 23, 34], [11]
[2025-01-30 00:14:48,777][__main__][INFO] - [0, 15, 23, 35], [11]
[2025-01-30 00:14:48,809][__main__][INFO] - [0, 15, 24, 26], [11]
[2025-01-30 00:14:48,933][__main__][INFO] - [0, 15, 24, 35], [11]
[2025-01-30 00:14:48,990][__main__][INFO] - [0, 16, 21, 26], [11]
[2025-01-30 00:14:49,010][__main__][INFO] - [0, 16, 21, 27], [11]
[2025-01-30 00:14:49,042][__main__][INFO] - [0, 16, 21, 29], [11]
[2025-01-30 00:14:49,062][__main__][INFO] - [0, 16, 21, 30], [11]
[2025-01-30 00:14:49,081][__main__][INFO] - [0, 16, 21, 31], [11]
[2025-01-30 00:14:49,101][__main__][INFO] - [0, 16, 21, 32], [11]
[2025-01-30 00:14:49,147][__main__][INFO] - [0, 16, 21, 35], [11]
[2025-01-30 00:14:49,377][__main__][INFO] - [0, 17, 21, 26], [11]
[2025-01-30 00:14:49,397][__main__][INFO] - [0, 17, 21, 27], [11]
[2025-01-30 00:14:49,416][__main__][INFO] - [0, 17, 21, 28], [11]
[2025-01-30 00:14:49,436][__main__][INFO] - [0, 17, 21, 29], [11]
[2025-01-30 00:14:49,455][__main__][INFO] - [0, 17, 21, 30], [11]
[2025-01-30 00:14:49,474][__main__][INFO] - [0, 17, 21, 31], [11]
[2025-01-30 00:14:49,493][__main__][INFO] - [0, 17, 21, 32], [11]
[2025-01-30 00:14:49,512][__main__][INFO] - [0, 17, 21, 33], [11]
[2025-01-30 00:14:49,531][__main__][INFO] - [0, 17, 21, 34], [11]
[2025-01-30 00:14:49,549][__main__][INFO] - [0, 17, 21, 35], [11]
[2025-01-30 00:14:49,582][__main__][INFO] - [0, 17, 22, 26], [11]
[2025-01-30 00:14:49,601][__main__][INFO] - [0, 17, 22, 27], [11]
[2025-01-30 00:14:49,620][__main__][INFO] - [0, 17, 22, 28], [11]
[2025-01-30 00:14:49,640][__main__][INFO] - [0, 17, 22, 29], [11]
[2025-01-30 00:14:49,660][__main__][INFO] - [0, 17, 22, 30], [11]
[2025-01-30 00:14:49,679][__main__][INFO] - [0, 17, 22, 31], [11]
[2025-01-30 00:14:49,699][__main__][INFO] - [0, 17, 22, 32], [11]
[2025-01-30 00:14:49,718][__main__][INFO] - [0, 17, 22, 33], [11]
[2025-01-30 00:14:49,750][__main__][INFO] - [0, 17, 22, 35], [11]
[2025-01-30 00:14:49,795][__main__][INFO] - [0, 17, 23, 27], [11]
[2025-01-30 00:14:49,814][__main__][INFO] - [0, 17, 23, 28], [11]
[2025-01-30 00:14:49,834][__main__][INFO] - [0, 17, 23, 29], [11]
[2025-01-30 00:14:49,852][__main__][INFO] - [0, 17, 23, 30], [11]
[2025-01-30 00:14:49,871][__main__][INFO] - [0, 17, 23, 31], [11]
[2025-01-30 00:14:49,890][__main__][INFO] - [0, 17, 23, 32], [11]
[2025-01-30 00:14:49,909][__main__][INFO] - [0, 17, 23, 33], [11]
[2025-01-30 00:14:50,393][__main__][INFO] - [0, 18, 21, 35], [11]
[2025-01-30 00:14:50,614][__main__][INFO] - [0, 19, 21, 35], [11]
[2025-01-30 00:14:50,752][__main__][INFO] - [1, 10, 11, 12, 21], []
[2025-01-30 00:14:50,772][__main__][INFO] - [1, 10, 11, 12, 22], []
[2025-01-30 00:14:50,833][__main__][INFO] - [1, 10, 11, 12, 26], []
[2025-01-30 00:14:50,852][__main__][INFO] - [1, 10, 11, 12, 27], []
[2025-01-30 00:14:50,872][__main__][INFO] - [1, 10, 11, 12, 28], []
[2025-01-30 00:14:50,891][__main__][INFO] - [1, 10, 11, 12, 29], []
[2025-01-30 00:14:50,910][__main__][INFO] - [1, 10, 11, 12, 30], []
[2025-01-30 00:14:50,929][__main__][INFO] - [1, 10, 11, 12, 31], []
[2025-01-30 00:14:50,948][__main__][INFO] - [1, 10, 11, 12, 32], []
[2025-01-30 00:14:50,967][__main__][INFO] - [1, 10, 11, 12, 33], []
[2025-01-30 00:14:50,986][__main__][INFO] - [1, 10, 11, 12, 34], []
[2025-01-30 00:14:51,005][__main__][INFO] - [1, 10, 11, 12, 35], []
[2025-01-30 00:14:51,037][__main__][INFO] - [1, 10, 11, 13, 21], []
[2025-01-30 00:14:51,259][__main__][INFO] - [1, 10, 11, 14, 21], []
[2025-01-30 00:14:51,481][__main__][INFO] - [1, 10, 11, 15, 21], []
[2025-01-30 00:14:51,675][__main__][INFO] - [1, 10, 11, 15, 35], []
[2025-01-30 00:14:51,719][__main__][INFO] - [1, 10, 11, 17, 21], []
[2025-01-30 00:14:51,969][__main__][INFO] - [1, 10, 11, 21, 26], []
[2025-01-30 00:14:51,989][__main__][INFO] - [1, 10, 11, 21, 27], []
[2025-01-30 00:14:52,008][__main__][INFO] - [1, 10, 11, 21, 28], []
[2025-01-30 00:14:52,027][__main__][INFO] - [1, 10, 11, 21, 29], []
[2025-01-30 00:14:52,047][__main__][INFO] - [1, 10, 11, 21, 30], []
[2025-01-30 00:14:52,065][__main__][INFO] - [1, 10, 11, 21, 31], []
[2025-01-30 00:14:52,084][__main__][INFO] - [1, 10, 11, 21, 32], []
[2025-01-30 00:14:52,102][__main__][INFO] - [1, 10, 11, 21, 33], []
[2025-01-30 00:14:52,120][__main__][INFO] - [1, 10, 11, 21, 34], []
[2025-01-30 00:14:52,139][__main__][INFO] - [1, 10, 11, 21, 35], []
[2025-01-30 00:14:52,502][__main__][INFO] - [1, 10, 12, 21], [11]
[2025-01-30 00:14:52,523][__main__][INFO] - [1, 10, 12, 22], [11]
[2025-01-30 00:14:52,542][__main__][INFO] - [1, 10, 12, 23], [11]
[2025-01-30 00:14:52,560][__main__][INFO] - [1, 10, 12, 24], [11]
[2025-01-30 00:14:52,591][__main__][INFO] - [1, 10, 12, 26], [11]
[2025-01-30 00:14:52,608][__main__][INFO] - [1, 10, 12, 27], [11]
[2025-01-30 00:14:52,627][__main__][INFO] - [1, 10, 12, 28], [11]
[2025-01-30 00:14:52,646][__main__][INFO] - [1, 10, 12, 29], [11]
[2025-01-30 00:14:52,665][__main__][INFO] - [1, 10, 12, 30], [11]
[2025-01-30 00:14:52,683][__main__][INFO] - [1, 10, 12, 31], [11]
[2025-01-30 00:14:52,701][__main__][INFO] - [1, 10, 12, 32], [11]
[2025-01-30 00:14:52,718][__main__][INFO] - [1, 10, 12, 33], [11]
[2025-01-30 00:14:52,736][__main__][INFO] - [1, 10, 12, 34], [11]
[2025-01-30 00:14:52,754][__main__][INFO] - [1, 10, 12, 35], [11]
[2025-01-30 00:14:52,786][__main__][INFO] - [1, 10, 13, 21], [11]
[2025-01-30 00:14:52,805][__main__][INFO] - [1, 10, 13, 22], [11]
[2025-01-30 00:14:52,824][__main__][INFO] - [1, 10, 13, 23], [11]
[2025-01-30 00:14:52,869][__main__][INFO] - [1, 10, 13, 26], [11]
[2025-01-30 00:14:52,887][__main__][INFO] - [1, 10, 13, 27], [11]
[2025-01-30 00:14:52,906][__main__][INFO] - [1, 10, 13, 28], [11]
[2025-01-30 00:14:52,925][__main__][INFO] - [1, 10, 13, 29], [11]
[2025-01-30 00:14:52,944][__main__][INFO] - [1, 10, 13, 30], [11]
[2025-01-30 00:14:52,963][__main__][INFO] - [1, 10, 13, 31], [11]
[2025-01-30 00:14:52,982][__main__][INFO] - [1, 10, 13, 32], [11]
[2025-01-30 00:14:53,000][__main__][INFO] - [1, 10, 13, 33], [11]
[2025-01-30 00:14:53,019][__main__][INFO] - [1, 10, 13, 34], [11]
[2025-01-30 00:14:53,037][__main__][INFO] - [1, 10, 13, 35], [11]
[2025-01-30 00:14:53,068][__main__][INFO] - [1, 10, 14, 21], [11]
[2025-01-30 00:14:53,086][__main__][INFO] - [1, 10, 14, 22], [11]
[2025-01-30 00:14:53,105][__main__][INFO] - [1, 10, 14, 23], [11]
[2025-01-30 00:14:53,124][__main__][INFO] - [1, 10, 14, 24], [11]
[2025-01-30 00:14:53,156][__main__][INFO] - [1, 10, 14, 26], [11]
[2025-01-30 00:14:53,175][__main__][INFO] - [1, 10, 14, 27], [11]
[2025-01-30 00:14:53,193][__main__][INFO] - [1, 10, 14, 28], [11]
[2025-01-30 00:14:53,212][__main__][INFO] - [1, 10, 14, 29], [11]
[2025-01-30 00:14:53,230][__main__][INFO] - [1, 10, 14, 30], [11]
[2025-01-30 00:14:53,249][__main__][INFO] - [1, 10, 14, 31], [11]
[2025-01-30 00:14:53,267][__main__][INFO] - [1, 10, 14, 32], [11]
[2025-01-30 00:14:53,285][__main__][INFO] - [1, 10, 14, 33], [11]
[2025-01-30 00:14:53,304][__main__][INFO] - [1, 10, 14, 34], [11]
[2025-01-30 00:14:53,322][__main__][INFO] - [1, 10, 14, 35], [11]
[2025-01-30 00:14:53,354][__main__][INFO] - [1, 10, 15, 21], [11]
[2025-01-30 00:14:53,373][__main__][INFO] - [1, 10, 15, 22], [11]
[2025-01-30 00:14:53,392][__main__][INFO] - [1, 10, 15, 23], [11]
[2025-01-30 00:14:53,411][__main__][INFO] - [1, 10, 15, 24], [11]
[2025-01-30 00:14:53,442][__main__][INFO] - [1, 10, 15, 26], [11]
[2025-01-30 00:14:53,460][__main__][INFO] - [1, 10, 15, 27], [11]
[2025-01-30 00:14:53,479][__main__][INFO] - [1, 10, 15, 28], [11]
[2025-01-30 00:14:53,497][__main__][INFO] - [1, 10, 15, 29], [11]
[2025-01-30 00:14:53,515][__main__][INFO] - [1, 10, 15, 30], [11]
[2025-01-30 00:14:53,533][__main__][INFO] - [1, 10, 15, 31], [11]
[2025-01-30 00:14:53,551][__main__][INFO] - [1, 10, 15, 32], [11]
[2025-01-30 00:14:53,569][__main__][INFO] - [1, 10, 15, 33], [11]
[2025-01-30 00:14:53,588][__main__][INFO] - [1, 10, 15, 34], [11]
[2025-01-30 00:14:53,606][__main__][INFO] - [1, 10, 15, 35], [11]
[2025-01-30 00:14:53,638][__main__][INFO] - [1, 10, 16, 21], [11]
[2025-01-30 00:14:53,764][__main__][INFO] - [1, 10, 16, 30], [11]
[2025-01-30 00:14:53,836][__main__][INFO] - [1, 10, 16, 35], [11]
[2025-01-30 00:14:53,868][__main__][INFO] - [1, 10, 17, 21], [11]
[2025-01-30 00:14:53,887][__main__][INFO] - [1, 10, 17, 22], [11]
[2025-01-30 00:14:53,906][__main__][INFO] - [1, 10, 17, 23], [11]
[2025-01-30 00:14:53,924][__main__][INFO] - [1, 10, 17, 24], [11]
[2025-01-30 00:14:53,956][__main__][INFO] - [1, 10, 17, 26], [11]
[2025-01-30 00:14:53,975][__main__][INFO] - [1, 10, 17, 27], [11]
[2025-01-30 00:14:53,995][__main__][INFO] - [1, 10, 17, 28], [11]
[2025-01-30 00:14:54,013][__main__][INFO] - [1, 10, 17, 29], [11]
[2025-01-30 00:14:54,031][__main__][INFO] - [1, 10, 17, 30], [11]
[2025-01-30 00:14:54,049][__main__][INFO] - [1, 10, 17, 31], [11]
[2025-01-30 00:14:54,067][__main__][INFO] - [1, 10, 17, 32], [11]
[2025-01-30 00:14:54,085][__main__][INFO] - [1, 10, 17, 33], [11]
[2025-01-30 00:14:54,104][__main__][INFO] - [1, 10, 17, 34], [11]
[2025-01-30 00:14:54,123][__main__][INFO] - [1, 10, 17, 35], [11]
[2025-01-30 00:14:54,154][__main__][INFO] - [1, 10, 18, 21], [11]
[2025-01-30 00:14:54,373][__main__][INFO] - [1, 10, 19, 21], [11]
[2025-01-30 00:14:54,564][__main__][INFO] - [1, 10, 19, 35], [11]
[2025-01-30 00:14:54,610][__main__][INFO] - [1, 10, 21, 26], [11]
[2025-01-30 00:14:54,629][__main__][INFO] - [1, 10, 21, 27], [11]
[2025-01-30 00:14:54,648][__main__][INFO] - [1, 10, 21, 28], [11]
[2025-01-30 00:14:54,667][__main__][INFO] - [1, 10, 21, 29], [11]
[2025-01-30 00:14:54,686][__main__][INFO] - [1, 10, 21, 30], [11]
[2025-01-30 00:14:54,705][__main__][INFO] - [1, 10, 21, 31], [11]
[2025-01-30 00:14:54,724][__main__][INFO] - [1, 10, 21, 32], [11]
[2025-01-30 00:14:54,743][__main__][INFO] - [1, 10, 21, 33], [11]
[2025-01-30 00:14:54,763][__main__][INFO] - [1, 10, 21, 34], [11]
[2025-01-30 00:14:54,782][__main__][INFO] - [1, 10, 21, 35], [11]
[2025-01-30 00:14:54,815][__main__][INFO] - [1, 10, 22, 26], [11]
[2025-01-30 00:14:54,834][__main__][INFO] - [1, 10, 22, 27], [11]
[2025-01-30 00:14:54,853][__main__][INFO] - [1, 10, 22, 28], [11]
[2025-01-30 00:14:54,871][__main__][INFO] - [1, 10, 22, 29], [11]
[2025-01-30 00:14:54,890][__main__][INFO] - [1, 10, 22, 30], [11]
[2025-01-30 00:14:54,909][__main__][INFO] - [1, 10, 22, 31], [11]
[2025-01-30 00:14:54,928][__main__][INFO] - [1, 10, 22, 32], [11]
[2025-01-30 00:14:54,947][__main__][INFO] - [1, 10, 22, 33], [11]
[2025-01-30 00:14:54,965][__main__][INFO] - [1, 10, 22, 34], [11]
[2025-01-30 00:14:54,984][__main__][INFO] - [1, 10, 22, 35], [11]
[2025-01-30 00:14:55,015][__main__][INFO] - [1, 10, 23, 26], [11]
[2025-01-30 00:14:55,033][__main__][INFO] - [1, 10, 23, 27], [11]
[2025-01-30 00:14:55,052][__main__][INFO] - [1, 10, 23, 28], [11]
[2025-01-30 00:14:55,070][__main__][INFO] - [1, 10, 23, 29], [11]
[2025-01-30 00:14:55,089][__main__][INFO] - [1, 10, 23, 30], [11]
[2025-01-30 00:14:55,108][__main__][INFO] - [1, 10, 23, 31], [11]
[2025-01-30 00:14:55,127][__main__][INFO] - [1, 10, 23, 32], [11]
[2025-01-30 00:14:55,146][__main__][INFO] - [1, 10, 23, 33], [11]
[2025-01-30 00:14:55,165][__main__][INFO] - [1, 10, 23, 34], [11]
[2025-01-30 00:14:55,184][__main__][INFO] - [1, 10, 23, 35], [11]
[2025-01-30 00:14:55,242][__main__][INFO] - [1, 10, 24, 28], [11]
[2025-01-30 00:14:55,261][__main__][INFO] - [1, 10, 24, 29], [11]
[2025-01-30 00:14:55,293][__main__][INFO] - [1, 10, 24, 31], [11]
[2025-01-30 00:14:55,323][__main__][INFO] - [1, 10, 24, 33], [11]
[2025-01-30 00:14:55,341][__main__][INFO] - [1, 10, 24, 34], [11]
[2025-01-30 00:14:55,359][__main__][INFO] - [1, 10, 24, 35], [11]
[2025-01-30 00:14:55,547][__main__][INFO] - [1, 10, 12, 21, 26], []
[2025-01-30 00:14:55,567][__main__][INFO] - [1, 10, 12, 21, 27], []
[2025-01-30 00:14:55,586][__main__][INFO] - [1, 10, 12, 21, 28], []
[2025-01-30 00:14:55,606][__main__][INFO] - [1, 10, 12, 21, 29], []
[2025-01-30 00:14:55,625][__main__][INFO] - [1, 10, 12, 21, 30], []
[2025-01-30 00:14:55,644][__main__][INFO] - [1, 10, 12, 21, 31], []
[2025-01-30 00:14:55,664][__main__][INFO] - [1, 10, 12, 21, 32], []
[2025-01-30 00:14:55,683][__main__][INFO] - [1, 10, 12, 21, 33], []
[2025-01-30 00:14:55,703][__main__][INFO] - [1, 10, 12, 21, 34], []
[2025-01-30 00:14:55,723][__main__][INFO] - [1, 10, 12, 21, 35], []
[2025-01-30 00:14:55,756][__main__][INFO] - [1, 10, 12, 22, 26], []
[2025-01-30 00:14:55,776][__main__][INFO] - [1, 10, 12, 22, 27], []
[2025-01-30 00:14:55,796][__main__][INFO] - [1, 10, 12, 22, 28], []
[2025-01-30 00:14:55,815][__main__][INFO] - [1, 10, 12, 22, 29], []
[2025-01-30 00:14:55,834][__main__][INFO] - [1, 10, 12, 22, 30], []
[2025-01-30 00:14:55,854][__main__][INFO] - [1, 10, 12, 22, 31], []
[2025-01-30 00:14:55,873][__main__][INFO] - [1, 10, 12, 22, 32], []
[2025-01-30 00:14:55,892][__main__][INFO] - [1, 10, 12, 22, 33], []
[2025-01-30 00:14:55,912][__main__][INFO] - [1, 10, 12, 22, 34], []
[2025-01-30 00:14:55,931][__main__][INFO] - [1, 10, 12, 22, 35], []
[2025-01-30 00:14:55,977][__main__][INFO] - [1, 10, 12, 23, 27], []
[2025-01-30 00:14:55,996][__main__][INFO] - [1, 10, 12, 23, 28], []
[2025-01-30 00:14:56,016][__main__][INFO] - [1, 10, 12, 23, 29], []
[2025-01-30 00:14:56,035][__main__][INFO] - [1, 10, 12, 23, 30], []
[2025-01-30 00:14:56,054][__main__][INFO] - [1, 10, 12, 23, 31], []
[2025-01-30 00:14:56,072][__main__][INFO] - [1, 10, 12, 23, 32], []
[2025-01-30 00:14:56,091][__main__][INFO] - [1, 10, 12, 23, 33], []
[2025-01-30 00:14:56,111][__main__][INFO] - [1, 10, 12, 23, 34], []
[2025-01-30 00:14:56,129][__main__][INFO] - [1, 10, 12, 23, 35], []
[2025-01-30 00:14:56,225][__main__][INFO] - [1, 10, 12, 24, 31], []
[2025-01-30 00:14:56,284][__main__][INFO] - [1, 10, 12, 24, 35], []
[2025-01-30 00:14:56,341][__main__][INFO] - [1, 10, 13, 21, 26], []
[2025-01-30 00:14:56,361][__main__][INFO] - [1, 10, 13, 21, 27], []
[2025-01-30 00:14:56,380][__main__][INFO] - [1, 10, 13, 21, 28], []
[2025-01-30 00:14:56,398][__main__][INFO] - [1, 10, 13, 21, 29], []
[2025-01-30 00:14:56,417][__main__][INFO] - [1, 10, 13, 21, 30], []
[2025-01-30 00:14:56,436][__main__][INFO] - [1, 10, 13, 21, 31], []
[2025-01-30 00:14:56,454][__main__][INFO] - [1, 10, 13, 21, 32], []
[2025-01-30 00:14:56,474][__main__][INFO] - [1, 10, 13, 21, 33], []
[2025-01-30 00:14:56,492][__main__][INFO] - [1, 10, 13, 21, 34], []
[2025-01-30 00:14:56,510][__main__][INFO] - [1, 10, 13, 21, 35], []
[2025-01-30 00:14:56,809][__main__][INFO] - [1, 10, 13, 23, 35], []
[2025-01-30 00:14:56,883][__main__][INFO] - [1, 10, 14, 21, 26], []
[2025-01-30 00:14:56,903][__main__][INFO] - [1, 10, 14, 21, 27], []
[2025-01-30 00:14:56,922][__main__][INFO] - [1, 10, 14, 21, 28], []
[2025-01-30 00:14:56,942][__main__][INFO] - [1, 10, 14, 21, 29], []
[2025-01-30 00:14:56,962][__main__][INFO] - [1, 10, 14, 21, 30], []
[2025-01-30 00:14:56,982][__main__][INFO] - [1, 10, 14, 21, 31], []
[2025-01-30 00:14:57,002][__main__][INFO] - [1, 10, 14, 21, 32], []
[2025-01-30 00:14:57,021][__main__][INFO] - [1, 10, 14, 21, 33], []
[2025-01-30 00:14:57,040][__main__][INFO] - [1, 10, 14, 21, 34], []
[2025-01-30 00:14:57,059][__main__][INFO] - [1, 10, 14, 21, 35], []
[2025-01-30 00:14:57,210][__main__][INFO] - [1, 10, 14, 22, 35], []
[2025-01-30 00:14:57,363][__main__][INFO] - [1, 10, 14, 23, 35], []
[2025-01-30 00:14:57,516][__main__][INFO] - [1, 10, 14, 24, 35], []
[2025-01-30 00:14:57,575][__main__][INFO] - [1, 10, 15, 21, 26], []
[2025-01-30 00:14:57,594][__main__][INFO] - [1, 10, 15, 21, 27], []
[2025-01-30 00:14:57,613][__main__][INFO] - [1, 10, 15, 21, 28], []
[2025-01-30 00:14:57,633][__main__][INFO] - [1, 10, 15, 21, 29], []
[2025-01-30 00:14:57,653][__main__][INFO] - [1, 10, 15, 21, 30], []
[2025-01-30 00:14:57,673][__main__][INFO] - [1, 10, 15, 21, 31], []
[2025-01-30 00:14:57,692][__main__][INFO] - [1, 10, 15, 21, 32], []
[2025-01-30 00:14:57,711][__main__][INFO] - [1, 10, 15, 21, 33], []
[2025-01-30 00:14:57,730][__main__][INFO] - [1, 10, 15, 21, 34], []
[2025-01-30 00:14:57,750][__main__][INFO] - [1, 10, 15, 21, 35], []
[2025-01-30 00:14:57,782][__main__][INFO] - [1, 10, 15, 22, 26], []
[2025-01-30 00:14:57,802][__main__][INFO] - [1, 10, 15, 22, 27], []
[2025-01-30 00:14:57,821][__main__][INFO] - [1, 10, 15, 22, 28], []
[2025-01-30 00:14:57,841][__main__][INFO] - [1, 10, 15, 22, 29], []
[2025-01-30 00:14:57,860][__main__][INFO] - [1, 10, 15, 22, 30], []
[2025-01-30 00:14:57,878][__main__][INFO] - [1, 10, 15, 22, 31], []
[2025-01-30 00:14:57,897][__main__][INFO] - [1, 10, 15, 22, 32], []
[2025-01-30 00:14:57,917][__main__][INFO] - [1, 10, 15, 22, 33], []
[2025-01-30 00:14:57,937][__main__][INFO] - [1, 10, 15, 22, 34], []
[2025-01-30 00:14:57,957][__main__][INFO] - [1, 10, 15, 22, 35], []
[2025-01-30 00:14:58,003][__main__][INFO] - [1, 10, 15, 23, 27], []
[2025-01-30 00:14:58,023][__main__][INFO] - [1, 10, 15, 23, 28], []
[2025-01-30 00:14:58,043][__main__][INFO] - [1, 10, 15, 23, 29], []
[2025-01-30 00:14:58,062][__main__][INFO] - [1, 10, 15, 23, 30], []
[2025-01-30 00:14:58,082][__main__][INFO] - [1, 10, 15, 23, 31], []
[2025-01-30 00:14:58,102][__main__][INFO] - [1, 10, 15, 23, 32], []
[2025-01-30 00:14:58,122][__main__][INFO] - [1, 10, 15, 23, 33], []
[2025-01-30 00:14:58,141][__main__][INFO] - [1, 10, 15, 23, 34], []
[2025-01-30 00:14:58,160][__main__][INFO] - [1, 10, 15, 23, 35], []
[2025-01-30 00:14:58,312][__main__][INFO] - [1, 10, 15, 24, 35], []
[2025-01-30 00:14:58,424][__main__][INFO] - [1, 10, 16, 21, 30], []
[2025-01-30 00:14:58,496][__main__][INFO] - [1, 10, 16, 21, 35], []
[2025-01-30 00:14:58,594][__main__][INFO] - [1, 10, 17, 21, 26], []
[2025-01-30 00:14:58,614][__main__][INFO] - [1, 10, 17, 21, 27], []
[2025-01-30 00:14:58,633][__main__][INFO] - [1, 10, 17, 21, 28], []
[2025-01-30 00:14:58,653][__main__][INFO] - [1, 10, 17, 21, 29], []
[2025-01-30 00:14:58,673][__main__][INFO] - [1, 10, 17, 21, 30], []
[2025-01-30 00:14:58,693][__main__][INFO] - [1, 10, 17, 21, 31], []
[2025-01-30 00:14:58,712][__main__][INFO] - [1, 10, 17, 21, 32], []
[2025-01-30 00:14:58,731][__main__][INFO] - [1, 10, 17, 21, 33], []
[2025-01-30 00:14:58,749][__main__][INFO] - [1, 10, 17, 21, 34], []
[2025-01-30 00:14:58,769][__main__][INFO] - [1, 10, 17, 21, 35], []
[2025-01-30 00:14:58,801][__main__][INFO] - [1, 10, 17, 22, 26], []
[2025-01-30 00:14:58,820][__main__][INFO] - [1, 10, 17, 22, 27], []
[2025-01-30 00:14:58,840][__main__][INFO] - [1, 10, 17, 22, 28], []
[2025-01-30 00:14:58,859][__main__][INFO] - [1, 10, 17, 22, 29], []
[2025-01-30 00:14:58,878][__main__][INFO] - [1, 10, 17, 22, 30], []
[2025-01-30 00:14:58,897][__main__][INFO] - [1, 10, 17, 22, 31], []
[2025-01-30 00:14:58,917][__main__][INFO] - [1, 10, 17, 22, 32], []
[2025-01-30 00:14:58,937][__main__][INFO] - [1, 10, 17, 22, 33], []
[2025-01-30 00:14:58,956][__main__][INFO] - [1, 10, 17, 22, 34], []
[2025-01-30 00:14:58,975][__main__][INFO] - [1, 10, 17, 22, 35], []
[2025-01-30 00:14:59,034][__main__][INFO] - [1, 10, 17, 23, 28], []
[2025-01-30 00:14:59,054][__main__][INFO] - [1, 10, 17, 23, 29], []
[2025-01-30 00:14:59,074][__main__][INFO] - [1, 10, 17, 23, 30], []
[2025-01-30 00:14:59,093][__main__][INFO] - [1, 10, 17, 23, 31], []
[2025-01-30 00:14:59,127][__main__][INFO] - [1, 10, 17, 23, 33], []
[2025-01-30 00:14:59,159][__main__][INFO] - [1, 10, 17, 23, 35], []
[2025-01-30 00:14:59,700][__main__][INFO] - [1, 10, 19, 21, 35], []
[2025-01-30 00:14:59,820][__main__][INFO] - [1, 11, 12, 21], [10]
[2025-01-30 00:14:59,838][__main__][INFO] - [1, 11, 12, 22], [10]
[2025-01-30 00:14:59,895][__main__][INFO] - [1, 11, 12, 26], [10]
[2025-01-30 00:14:59,913][__main__][INFO] - [1, 11, 12, 27], [10]
[2025-01-30 00:14:59,931][__main__][INFO] - [1, 11, 12, 28], [10]
[2025-01-30 00:14:59,949][__main__][INFO] - [1, 11, 12, 29], [10]
[2025-01-30 00:14:59,967][__main__][INFO] - [1, 11, 12, 30], [10]
[2025-01-30 00:14:59,984][__main__][INFO] - [1, 11, 12, 31], [10]
[2025-01-30 00:15:00,002][__main__][INFO] - [1, 11, 12, 32], [10]
[2025-01-30 00:15:00,020][__main__][INFO] - [1, 11, 12, 33], [10]
[2025-01-30 00:15:00,038][__main__][INFO] - [1, 11, 12, 34], [10]
[2025-01-30 00:15:00,056][__main__][INFO] - [1, 11, 12, 35], [10]
[2025-01-30 00:15:00,086][__main__][INFO] - [1, 11, 13, 21], [10]
[2025-01-30 00:15:00,298][__main__][INFO] - [1, 11, 14, 21], [10]
[2025-01-30 00:15:00,514][__main__][INFO] - [1, 11, 15, 21], [10]
[2025-01-30 00:15:00,703][__main__][INFO] - [1, 11, 15, 35], [10]
[2025-01-30 00:15:00,748][__main__][INFO] - [1, 11, 17, 21], [10]
[2025-01-30 00:15:00,767][__main__][INFO] - [1, 11, 17, 22], [10]
[2025-01-30 00:15:00,786][__main__][INFO] - [1, 11, 17, 23], [10]
[2025-01-30 00:15:00,866][__main__][INFO] - [1, 11, 17, 29], [10]
[2025-01-30 00:15:00,947][__main__][INFO] - [1, 11, 17, 35], [10]
[2025-01-30 00:15:01,017][__main__][INFO] - [1, 11, 21, 26], [10]
[2025-01-30 00:15:01,036][__main__][INFO] - [1, 11, 21, 27], [10]
[2025-01-30 00:15:01,054][__main__][INFO] - [1, 11, 21, 28], [10]
[2025-01-30 00:15:01,072][__main__][INFO] - [1, 11, 21, 29], [10]
[2025-01-30 00:15:01,090][__main__][INFO] - [1, 11, 21, 30], [10]
[2025-01-30 00:15:01,108][__main__][INFO] - [1, 11, 21, 31], [10]
[2025-01-30 00:15:01,127][__main__][INFO] - [1, 11, 21, 32], [10]
[2025-01-30 00:15:01,146][__main__][INFO] - [1, 11, 21, 33], [10]
[2025-01-30 00:15:01,165][__main__][INFO] - [1, 11, 21, 34], [10]
[2025-01-30 00:15:01,183][__main__][INFO] - [1, 11, 21, 35], [10]
[2025-01-30 00:15:01,542][__main__][INFO] - [1, 12, 21], [10, 11]
[2025-01-30 00:15:01,563][__main__][INFO] - [1, 12, 22], [10, 11]
[2025-01-30 00:15:01,581][__main__][INFO] - [1, 12, 23], [10, 11]
[2025-01-30 00:15:01,599][__main__][INFO] - [1, 12, 24], [10, 11]
[2025-01-30 00:15:01,632][__main__][INFO] - [1, 12, 26], [10, 11]
[2025-01-30 00:15:01,650][__main__][INFO] - [1, 12, 27], [10, 11]
[2025-01-30 00:15:01,669][__main__][INFO] - [1, 12, 28], [10, 11]
[2025-01-30 00:15:01,688][__main__][INFO] - [1, 12, 29], [10, 11]
[2025-01-30 00:15:01,707][__main__][INFO] - [1, 12, 30], [10, 11]
[2025-01-30 00:15:01,726][__main__][INFO] - [1, 12, 31], [10, 11]
[2025-01-30 00:15:01,745][__main__][INFO] - [1, 12, 32], [10, 11]
[2025-01-30 00:15:01,764][__main__][INFO] - [1, 12, 33], [10, 11]
[2025-01-30 00:15:01,784][__main__][INFO] - [1, 12, 34], [10, 11]
[2025-01-30 00:15:01,802][__main__][INFO] - [1, 12, 35], [10, 11]
[2025-01-30 00:15:01,834][__main__][INFO] - [1, 13, 21], [10, 11]
[2025-01-30 00:15:01,852][__main__][INFO] - [1, 13, 22], [10, 11]
[2025-01-30 00:15:01,871][__main__][INFO] - [1, 13, 23], [10, 11]
[2025-01-30 00:15:01,915][__main__][INFO] - [1, 13, 26], [10, 11]
[2025-01-30 00:15:01,934][__main__][INFO] - [1, 13, 27], [10, 11]
[2025-01-30 00:15:01,952][__main__][INFO] - [1, 13, 28], [10, 11]
[2025-01-30 00:15:01,971][__main__][INFO] - [1, 13, 29], [10, 11]
[2025-01-30 00:15:01,989][__main__][INFO] - [1, 13, 30], [10, 11]
[2025-01-30 00:15:02,007][__main__][INFO] - [1, 13, 31], [10, 11]
[2025-01-30 00:15:02,025][__main__][INFO] - [1, 13, 32], [10, 11]
[2025-01-30 00:15:02,044][__main__][INFO] - [1, 13, 33], [10, 11]
[2025-01-30 00:15:02,062][__main__][INFO] - [1, 13, 34], [10, 11]
[2025-01-30 00:15:02,081][__main__][INFO] - [1, 13, 35], [10, 11]
[2025-01-30 00:15:02,113][__main__][INFO] - [1, 14, 21], [10, 11]
[2025-01-30 00:15:02,132][__main__][INFO] - [1, 14, 22], [10, 11]
[2025-01-30 00:15:02,151][__main__][INFO] - [1, 14, 23], [10, 11]
[2025-01-30 00:15:02,170][__main__][INFO] - [1, 14, 24], [10, 11]
[2025-01-30 00:15:02,201][__main__][INFO] - [1, 14, 26], [10, 11]
[2025-01-30 00:15:02,220][__main__][INFO] - [1, 14, 27], [10, 11]
[2025-01-30 00:15:02,239][__main__][INFO] - [1, 14, 28], [10, 11]
[2025-01-30 00:15:02,258][__main__][INFO] - [1, 14, 29], [10, 11]
[2025-01-30 00:15:02,276][__main__][INFO] - [1, 14, 30], [10, 11]
[2025-01-30 00:15:02,295][__main__][INFO] - [1, 14, 31], [10, 11]
[2025-01-30 00:15:02,313][__main__][INFO] - [1, 14, 32], [10, 11]
[2025-01-30 00:15:02,332][__main__][INFO] - [1, 14, 33], [10, 11]
[2025-01-30 00:15:02,350][__main__][INFO] - [1, 14, 34], [10, 11]
[2025-01-30 00:15:02,369][__main__][INFO] - [1, 14, 35], [10, 11]
[2025-01-30 00:15:02,401][__main__][INFO] - [1, 15, 21], [10, 11]
[2025-01-30 00:15:02,419][__main__][INFO] - [1, 15, 22], [10, 11]
[2025-01-30 00:15:02,438][__main__][INFO] - [1, 15, 23], [10, 11]
[2025-01-30 00:15:02,457][__main__][INFO] - [1, 15, 24], [10, 11]
[2025-01-30 00:15:02,490][__main__][INFO] - [1, 15, 26], [10, 11]
[2025-01-30 00:15:02,509][__main__][INFO] - [1, 15, 27], [10, 11]
[2025-01-30 00:15:02,527][__main__][INFO] - [1, 15, 28], [10, 11]
[2025-01-30 00:15:02,546][__main__][INFO] - [1, 15, 29], [10, 11]
[2025-01-30 00:15:02,564][__main__][INFO] - [1, 15, 30], [10, 11]
[2025-01-30 00:15:02,583][__main__][INFO] - [1, 15, 31], [10, 11]
[2025-01-30 00:15:02,601][__main__][INFO] - [1, 15, 32], [10, 11]
[2025-01-30 00:15:02,620][__main__][INFO] - [1, 15, 33], [10, 11]
[2025-01-30 00:15:02,639][__main__][INFO] - [1, 15, 34], [10, 11]
[2025-01-30 00:15:02,657][__main__][INFO] - [1, 15, 35], [10, 11]
[2025-01-30 00:15:02,689][__main__][INFO] - [1, 16, 21], [10, 11]
[2025-01-30 00:15:02,708][__main__][INFO] - [1, 16, 22], [10, 11]
[2025-01-30 00:15:02,831][__main__][INFO] - [1, 16, 31], [10, 11]
[2025-01-30 00:15:02,863][__main__][INFO] - [1, 16, 33], [10, 11]
[2025-01-30 00:15:02,895][__main__][INFO] - [1, 16, 35], [10, 11]
[2025-01-30 00:15:02,927][__main__][INFO] - [1, 17, 21], [10, 11]
[2025-01-30 00:15:02,946][__main__][INFO] - [1, 17, 22], [10, 11]
[2025-01-30 00:15:02,965][__main__][INFO] - [1, 17, 23], [10, 11]
[2025-01-30 00:15:02,984][__main__][INFO] - [1, 17, 24], [10, 11]
[2025-01-30 00:15:03,017][__main__][INFO] - [1, 17, 26], [10, 11]
[2025-01-30 00:15:03,036][__main__][INFO] - [1, 17, 27], [10, 11]
[2025-01-30 00:15:03,055][__main__][INFO] - [1, 17, 28], [10, 11]
[2025-01-30 00:15:03,074][__main__][INFO] - [1, 17, 29], [10, 11]
[2025-01-30 00:15:03,093][__main__][INFO] - [1, 17, 30], [10, 11]
[2025-01-30 00:15:03,112][__main__][INFO] - [1, 17, 31], [10, 11]
[2025-01-30 00:15:03,130][__main__][INFO] - [1, 17, 32], [10, 11]
[2025-01-30 00:15:03,148][__main__][INFO] - [1, 17, 33], [10, 11]
[2025-01-30 00:15:03,167][__main__][INFO] - [1, 17, 34], [10, 11]
[2025-01-30 00:15:03,186][__main__][INFO] - [1, 17, 35], [10, 11]
[2025-01-30 00:15:03,217][__main__][INFO] - [1, 18, 21], [10, 11]
[2025-01-30 00:15:03,438][__main__][INFO] - [1, 19, 21], [10, 11]
[2025-01-30 00:15:03,581][__main__][INFO] - [1, 19, 31], [10, 11]
[2025-01-30 00:15:03,639][__main__][INFO] - [1, 19, 35], [10, 11]
[2025-01-30 00:15:03,685][__main__][INFO] - [1, 21, 26], [10, 11]
[2025-01-30 00:15:03,705][__main__][INFO] - [1, 21, 27], [10, 11]
[2025-01-30 00:15:03,725][__main__][INFO] - [1, 21, 28], [10, 11]
[2025-01-30 00:15:03,743][__main__][INFO] - [1, 21, 29], [10, 11]
[2025-01-30 00:15:03,762][__main__][INFO] - [1, 21, 30], [10, 11]
[2025-01-30 00:15:03,781][__main__][INFO] - [1, 21, 31], [10, 11]
[2025-01-30 00:15:03,801][__main__][INFO] - [1, 21, 32], [10, 11]
[2025-01-30 00:15:03,820][__main__][INFO] - [1, 21, 33], [10, 11]
[2025-01-30 00:15:03,839][__main__][INFO] - [1, 21, 34], [10, 11]
[2025-01-30 00:15:03,858][__main__][INFO] - [1, 21, 35], [10, 11]
[2025-01-30 00:15:03,892][__main__][INFO] - [1, 22, 26], [10, 11]
[2025-01-30 00:15:03,912][__main__][INFO] - [1, 22, 27], [10, 11]
[2025-01-30 00:15:03,932][__main__][INFO] - [1, 22, 28], [10, 11]
[2025-01-30 00:15:03,951][__main__][INFO] - [1, 22, 29], [10, 11]
[2025-01-30 00:15:03,969][__main__][INFO] - [1, 22, 30], [10, 11]
[2025-01-30 00:15:03,988][__main__][INFO] - [1, 22, 31], [10, 11]
[2025-01-30 00:15:04,006][__main__][INFO] - [1, 22, 32], [10, 11]
[2025-01-30 00:15:04,025][__main__][INFO] - [1, 22, 33], [10, 11]
[2025-01-30 00:15:04,044][__main__][INFO] - [1, 22, 34], [10, 11]
[2025-01-30 00:15:04,063][__main__][INFO] - [1, 22, 35], [10, 11]
[2025-01-30 00:15:04,096][__main__][INFO] - [1, 23, 26], [10, 11]
[2025-01-30 00:15:04,115][__main__][INFO] - [1, 23, 27], [10, 11]
[2025-01-30 00:15:04,135][__main__][INFO] - [1, 23, 28], [10, 11]
[2025-01-30 00:15:04,154][__main__][INFO] - [1, 23, 29], [10, 11]
[2025-01-30 00:15:04,173][__main__][INFO] - [1, 23, 30], [10, 11]
[2025-01-30 00:15:04,191][__main__][INFO] - [1, 23, 31], [10, 11]
[2025-01-30 00:15:04,210][__main__][INFO] - [1, 23, 32], [10, 11]
[2025-01-30 00:15:04,228][__main__][INFO] - [1, 23, 33], [10, 11]
[2025-01-30 00:15:04,247][__main__][INFO] - [1, 23, 34], [10, 11]
[2025-01-30 00:15:04,267][__main__][INFO] - [1, 23, 35], [10, 11]
[2025-01-30 00:15:04,340][__main__][INFO] - [1, 24, 29], [10, 11]
[2025-01-30 00:15:04,373][__main__][INFO] - [1, 24, 31], [10, 11]
[2025-01-30 00:15:04,392][__main__][INFO] - [1, 24, 32], [10, 11]
[2025-01-30 00:15:04,411][__main__][INFO] - [1, 24, 33], [10, 11]
[2025-01-30 00:15:04,444][__main__][INFO] - [1, 24, 35], [10, 11]
[2025-01-30 00:15:04,628][__main__][INFO] - [1, 12, 21, 26], [10]
[2025-01-30 00:15:04,648][__main__][INFO] - [1, 12, 21, 27], [10]
[2025-01-30 00:15:04,667][__main__][INFO] - [1, 12, 21, 28], [10]
[2025-01-30 00:15:04,687][__main__][INFO] - [1, 12, 21, 29], [10]
[2025-01-30 00:15:04,705][__main__][INFO] - [1, 12, 21, 30], [10]
[2025-01-30 00:15:04,724][__main__][INFO] - [1, 12, 21, 31], [10]
[2025-01-30 00:15:04,743][__main__][INFO] - [1, 12, 21, 32], [10]
[2025-01-30 00:15:04,761][__main__][INFO] - [1, 12, 21, 33], [10]
[2025-01-30 00:15:04,780][__main__][INFO] - [1, 12, 21, 34], [10]
[2025-01-30 00:15:04,799][__main__][INFO] - [1, 12, 21, 35], [10]
[2025-01-30 00:15:04,832][__main__][INFO] - [1, 12, 22, 26], [10]
[2025-01-30 00:15:04,852][__main__][INFO] - [1, 12, 22, 27], [10]
[2025-01-30 00:15:04,871][__main__][INFO] - [1, 12, 22, 28], [10]
[2025-01-30 00:15:04,890][__main__][INFO] - [1, 12, 22, 29], [10]
[2025-01-30 00:15:04,910][__main__][INFO] - [1, 12, 22, 30], [10]
[2025-01-30 00:15:04,928][__main__][INFO] - [1, 12, 22, 31], [10]
[2025-01-30 00:15:04,947][__main__][INFO] - [1, 12, 22, 32], [10]
[2025-01-30 00:15:04,966][__main__][INFO] - [1, 12, 22, 33], [10]
[2025-01-30 00:15:04,984][__main__][INFO] - [1, 12, 22, 34], [10]
[2025-01-30 00:15:05,002][__main__][INFO] - [1, 12, 22, 35], [10]
[2025-01-30 00:15:05,048][__main__][INFO] - [1, 12, 23, 27], [10]
[2025-01-30 00:15:05,067][__main__][INFO] - [1, 12, 23, 28], [10]
[2025-01-30 00:15:05,086][__main__][INFO] - [1, 12, 23, 29], [10]
[2025-01-30 00:15:05,105][__main__][INFO] - [1, 12, 23, 30], [10]
[2025-01-30 00:15:05,123][__main__][INFO] - [1, 12, 23, 31], [10]
[2025-01-30 00:15:05,142][__main__][INFO] - [1, 12, 23, 32], [10]
[2025-01-30 00:15:05,161][__main__][INFO] - [1, 12, 23, 33], [10]
[2025-01-30 00:15:05,179][__main__][INFO] - [1, 12, 23, 34], [10]
[2025-01-30 00:15:05,199][__main__][INFO] - [1, 12, 23, 35], [10]
[2025-01-30 00:15:05,271][__main__][INFO] - [1, 12, 24, 29], [10]
[2025-01-30 00:15:05,303][__main__][INFO] - [1, 12, 24, 31], [10]
[2025-01-30 00:15:05,360][__main__][INFO] - [1, 12, 24, 35], [10]
[2025-01-30 00:15:05,416][__main__][INFO] - [1, 13, 21, 26], [10]
[2025-01-30 00:15:05,435][__main__][INFO] - [1, 13, 21, 27], [10]
[2025-01-30 00:15:05,455][__main__][INFO] - [1, 13, 21, 28], [10]
[2025-01-30 00:15:05,473][__main__][INFO] - [1, 13, 21, 29], [10]
[2025-01-30 00:15:05,493][__main__][INFO] - [1, 13, 21, 30], [10]
[2025-01-30 00:15:05,511][__main__][INFO] - [1, 13, 21, 31], [10]
[2025-01-30 00:15:05,530][__main__][INFO] - [1, 13, 21, 32], [10]
[2025-01-30 00:15:05,548][__main__][INFO] - [1, 13, 21, 33], [10]
[2025-01-30 00:15:05,567][__main__][INFO] - [1, 13, 21, 34], [10]
[2025-01-30 00:15:05,586][__main__][INFO] - [1, 13, 21, 35], [10]
[2025-01-30 00:15:05,943][__main__][INFO] - [1, 14, 21, 26], [10]
[2025-01-30 00:15:05,960][__main__][INFO] - [1, 14, 21, 27], [10]
[2025-01-30 00:15:05,978][__main__][INFO] - [1, 14, 21, 28], [10]
[2025-01-30 00:15:05,997][__main__][INFO] - [1, 14, 21, 29], [10]
[2025-01-30 00:15:06,016][__main__][INFO] - [1, 14, 21, 30], [10]
[2025-01-30 00:15:06,035][__main__][INFO] - [1, 14, 21, 31], [10]
[2025-01-30 00:15:06,053][__main__][INFO] - [1, 14, 21, 32], [10]
[2025-01-30 00:15:06,073][__main__][INFO] - [1, 14, 21, 33], [10]
[2025-01-30 00:15:06,092][__main__][INFO] - [1, 14, 21, 34], [10]
[2025-01-30 00:15:06,110][__main__][INFO] - [1, 14, 21, 35], [10]
[2025-01-30 00:15:06,260][__main__][INFO] - [1, 14, 22, 35], [10]
[2025-01-30 00:15:06,558][__main__][INFO] - [1, 14, 24, 35], [10]
[2025-01-30 00:15:06,616][__main__][INFO] - [1, 15, 21, 26], [10]
[2025-01-30 00:15:06,635][__main__][INFO] - [1, 15, 21, 27], [10]
[2025-01-30 00:15:06,655][__main__][INFO] - [1, 15, 21, 28], [10]
[2025-01-30 00:15:06,674][__main__][INFO] - [1, 15, 21, 29], [10]
[2025-01-30 00:15:06,694][__main__][INFO] - [1, 15, 21, 30], [10]
[2025-01-30 00:15:06,713][__main__][INFO] - [1, 15, 21, 31], [10]
[2025-01-30 00:15:06,731][__main__][INFO] - [1, 15, 21, 32], [10]
[2025-01-30 00:15:06,750][__main__][INFO] - [1, 15, 21, 33], [10]
[2025-01-30 00:15:06,769][__main__][INFO] - [1, 15, 21, 34], [10]
[2025-01-30 00:15:06,787][__main__][INFO] - [1, 15, 21, 35], [10]
[2025-01-30 00:15:06,819][__main__][INFO] - [1, 15, 22, 26], [10]
[2025-01-30 00:15:06,839][__main__][INFO] - [1, 15, 22, 27], [10]
[2025-01-30 00:15:06,858][__main__][INFO] - [1, 15, 22, 28], [10]
[2025-01-30 00:15:06,877][__main__][INFO] - [1, 15, 22, 29], [10]
[2025-01-30 00:15:06,896][__main__][INFO] - [1, 15, 22, 30], [10]
[2025-01-30 00:15:06,916][__main__][INFO] - [1, 15, 22, 31], [10]
[2025-01-30 00:15:06,935][__main__][INFO] - [1, 15, 22, 32], [10]
[2025-01-30 00:15:06,954][__main__][INFO] - [1, 15, 22, 33], [10]
[2025-01-30 00:15:06,972][__main__][INFO] - [1, 15, 22, 34], [10]
[2025-01-30 00:15:06,991][__main__][INFO] - [1, 15, 22, 35], [10]
[2025-01-30 00:15:07,023][__main__][INFO] - [1, 15, 23, 26], [10]
[2025-01-30 00:15:07,042][__main__][INFO] - [1, 15, 23, 27], [10]
[2025-01-30 00:15:07,062][__main__][INFO] - [1, 15, 23, 28], [10]
[2025-01-30 00:15:07,080][__main__][INFO] - [1, 15, 23, 29], [10]
[2025-01-30 00:15:07,099][__main__][INFO] - [1, 15, 23, 30], [10]
[2025-01-30 00:15:07,117][__main__][INFO] - [1, 15, 23, 31], [10]
[2025-01-30 00:15:07,136][__main__][INFO] - [1, 15, 23, 32], [10]
[2025-01-30 00:15:07,155][__main__][INFO] - [1, 15, 23, 33], [10]
[2025-01-30 00:15:07,174][__main__][INFO] - [1, 15, 23, 34], [10]
[2025-01-30 00:15:07,194][__main__][INFO] - [1, 15, 23, 35], [10]
[2025-01-30 00:15:07,319][__main__][INFO] - [1, 15, 24, 33], [10]
[2025-01-30 00:15:07,352][__main__][INFO] - [1, 15, 24, 35], [10]
[2025-01-30 00:15:07,501][__main__][INFO] - [1, 16, 21, 33], [10]
[2025-01-30 00:15:07,534][__main__][INFO] - [1, 16, 21, 35], [10]
[2025-01-30 00:15:07,764][__main__][INFO] - [1, 17, 21, 26], [10]
[2025-01-30 00:15:07,784][__main__][INFO] - [1, 17, 21, 27], [10]
[2025-01-30 00:15:07,803][__main__][INFO] - [1, 17, 21, 28], [10]
[2025-01-30 00:15:07,822][__main__][INFO] - [1, 17, 21, 29], [10]
[2025-01-30 00:15:07,841][__main__][INFO] - [1, 17, 21, 30], [10]
[2025-01-30 00:15:07,859][__main__][INFO] - [1, 17, 21, 31], [10]
[2025-01-30 00:15:07,878][__main__][INFO] - [1, 17, 21, 32], [10]
[2025-01-30 00:15:07,897][__main__][INFO] - [1, 17, 21, 33], [10]
[2025-01-30 00:15:07,916][__main__][INFO] - [1, 17, 21, 34], [10]
[2025-01-30 00:15:07,935][__main__][INFO] - [1, 17, 21, 35], [10]
[2025-01-30 00:15:07,967][__main__][INFO] - [1, 17, 22, 26], [10]
[2025-01-30 00:15:07,986][__main__][INFO] - [1, 17, 22, 27], [10]
[2025-01-30 00:15:08,005][__main__][INFO] - [1, 17, 22, 28], [10]
[2025-01-30 00:15:08,023][__main__][INFO] - [1, 17, 22, 29], [10]
[2025-01-30 00:15:08,042][__main__][INFO] - [1, 17, 22, 30], [10]
[2025-01-30 00:15:08,062][__main__][INFO] - [1, 17, 22, 31], [10]
[2025-01-30 00:15:08,081][__main__][INFO] - [1, 17, 22, 32], [10]
[2025-01-30 00:15:08,100][__main__][INFO] - [1, 17, 22, 33], [10]
[2025-01-30 00:15:08,119][__main__][INFO] - [1, 17, 22, 34], [10]
[2025-01-30 00:15:08,137][__main__][INFO] - [1, 17, 22, 35], [10]
[2025-01-30 00:15:08,209][__main__][INFO] - [1, 17, 23, 29], [10]
[2025-01-30 00:15:08,229][__main__][INFO] - [1, 17, 23, 30], [10]
[2025-01-30 00:15:08,248][__main__][INFO] - [1, 17, 23, 31], [10]
[2025-01-30 00:15:08,267][__main__][INFO] - [1, 17, 23, 32], [10]
[2025-01-30 00:15:08,287][__main__][INFO] - [1, 17, 23, 33], [10]
[2025-01-30 00:15:08,306][__main__][INFO] - [1, 17, 23, 34], [10]
[2025-01-30 00:15:08,325][__main__][INFO] - [1, 17, 23, 35], [10]
[2025-01-30 00:15:08,859][__main__][INFO] - [1, 19, 21, 35], [10]
[2025-01-30 00:15:08,983][__main__][INFO] - [1, 11, 12, 21, 26], []
[2025-01-30 00:15:09,005][__main__][INFO] - [1, 11, 12, 21, 27], []
[2025-01-30 00:15:09,023][__main__][INFO] - [1, 11, 12, 21, 28], []
[2025-01-30 00:15:09,042][__main__][INFO] - [1, 11, 12, 21, 29], []
[2025-01-30 00:15:09,061][__main__][INFO] - [1, 11, 12, 21, 30], []
[2025-01-30 00:15:09,080][__main__][INFO] - [1, 11, 12, 21, 31], []
[2025-01-30 00:15:09,099][__main__][INFO] - [1, 11, 12, 21, 32], []
[2025-01-30 00:15:09,117][__main__][INFO] - [1, 11, 12, 21, 33], []
[2025-01-30 00:15:09,137][__main__][INFO] - [1, 11, 12, 21, 34], []
[2025-01-30 00:15:09,157][__main__][INFO] - [1, 11, 12, 21, 35], []
[2025-01-30 00:15:09,625][__main__][INFO] - [1, 11, 13, 21, 35], []
[2025-01-30 00:15:09,841][__main__][INFO] - [1, 11, 14, 21, 35], []
[2025-01-30 00:15:10,055][__main__][INFO] - [1, 11, 15, 21, 35], []
[2025-01-30 00:15:10,367][__main__][INFO] - [1, 11, 17, 21, 31], []
[2025-01-30 00:15:10,400][__main__][INFO] - [1, 11, 17, 21, 33], []
[2025-01-30 00:15:10,432][__main__][INFO] - [1, 11, 17, 21, 35], []
[2025-01-30 00:15:10,849][__main__][INFO] - [1, 12, 21, 26], [11]
[2025-01-30 00:15:10,870][__main__][INFO] - [1, 12, 21, 27], [11]
[2025-01-30 00:15:10,889][__main__][INFO] - [1, 12, 21, 28], [11]
[2025-01-30 00:15:10,908][__main__][INFO] - [1, 12, 21, 29], [11]
[2025-01-30 00:15:10,928][__main__][INFO] - [1, 12, 21, 30], [11]
[2025-01-30 00:15:10,947][__main__][INFO] - [1, 12, 21, 31], [11]
[2025-01-30 00:15:10,966][__main__][INFO] - [1, 12, 21, 32], [11]
[2025-01-30 00:15:10,985][__main__][INFO] - [1, 12, 21, 33], [11]
[2025-01-30 00:15:11,004][__main__][INFO] - [1, 12, 21, 34], [11]
[2025-01-30 00:15:11,023][__main__][INFO] - [1, 12, 21, 35], [11]
[2025-01-30 00:15:11,056][__main__][INFO] - [1, 12, 22, 26], [11]
[2025-01-30 00:15:11,075][__main__][INFO] - [1, 12, 22, 27], [11]
[2025-01-30 00:15:11,094][__main__][INFO] - [1, 12, 22, 28], [11]
[2025-01-30 00:15:11,113][__main__][INFO] - [1, 12, 22, 29], [11]
[2025-01-30 00:15:11,132][__main__][INFO] - [1, 12, 22, 30], [11]
[2025-01-30 00:15:11,150][__main__][INFO] - [1, 12, 22, 31], [11]
[2025-01-30 00:15:11,169][__main__][INFO] - [1, 12, 22, 32], [11]
[2025-01-30 00:15:11,188][__main__][INFO] - [1, 12, 22, 33], [11]
[2025-01-30 00:15:11,206][__main__][INFO] - [1, 12, 22, 34], [11]
[2025-01-30 00:15:11,225][__main__][INFO] - [1, 12, 22, 35], [11]
[2025-01-30 00:15:11,257][__main__][INFO] - [1, 12, 23, 26], [11]
[2025-01-30 00:15:11,276][__main__][INFO] - [1, 12, 23, 27], [11]
[2025-01-30 00:15:11,295][__main__][INFO] - [1, 12, 23, 28], [11]
[2025-01-30 00:15:11,314][__main__][INFO] - [1, 12, 23, 29], [11]
[2025-01-30 00:15:11,333][__main__][INFO] - [1, 12, 23, 30], [11]
[2025-01-30 00:15:11,351][__main__][INFO] - [1, 12, 23, 31], [11]
[2025-01-30 00:15:11,370][__main__][INFO] - [1, 12, 23, 32], [11]
[2025-01-30 00:15:11,390][__main__][INFO] - [1, 12, 23, 33], [11]
[2025-01-30 00:15:11,408][__main__][INFO] - [1, 12, 23, 34], [11]
[2025-01-30 00:15:11,427][__main__][INFO] - [1, 12, 23, 35], [11]
[2025-01-30 00:15:11,486][__main__][INFO] - [1, 12, 24, 28], [11]
[2025-01-30 00:15:11,505][__main__][INFO] - [1, 12, 24, 29], [11]
[2025-01-30 00:15:11,538][__main__][INFO] - [1, 12, 24, 31], [11]
[2025-01-30 00:15:11,557][__main__][INFO] - [1, 12, 24, 32], [11]
[2025-01-30 00:15:11,577][__main__][INFO] - [1, 12, 24, 33], [11]
[2025-01-30 00:15:11,609][__main__][INFO] - [1, 12, 24, 35], [11]
[2025-01-30 00:15:11,801][__main__][INFO] - [1, 13, 21, 26], [11]
[2025-01-30 00:15:11,821][__main__][INFO] - [1, 13, 21, 27], [11]
[2025-01-30 00:15:11,840][__main__][INFO] - [1, 13, 21, 28], [11]
[2025-01-30 00:15:11,860][__main__][INFO] - [1, 13, 21, 29], [11]
[2025-01-30 00:15:11,879][__main__][INFO] - [1, 13, 21, 30], [11]
[2025-01-30 00:15:11,898][__main__][INFO] - [1, 13, 21, 31], [11]
[2025-01-30 00:15:11,916][__main__][INFO] - [1, 13, 21, 32], [11]
[2025-01-30 00:15:11,935][__main__][INFO] - [1, 13, 21, 33], [11]
[2025-01-30 00:15:11,953][__main__][INFO] - [1, 13, 21, 34], [11]
[2025-01-30 00:15:11,972][__main__][INFO] - [1, 13, 21, 35], [11]
[2025-01-30 00:15:12,122][__main__][INFO] - [1, 13, 22, 35], [11]
[2025-01-30 00:15:12,275][__main__][INFO] - [1, 13, 23, 35], [11]
[2025-01-30 00:15:12,473][__main__][INFO] - [1, 14, 21, 26], [11]
[2025-01-30 00:15:12,493][__main__][INFO] - [1, 14, 21, 27], [11]
[2025-01-30 00:15:12,512][__main__][INFO] - [1, 14, 21, 28], [11]
[2025-01-30 00:15:12,531][__main__][INFO] - [1, 14, 21, 29], [11]
[2025-01-30 00:15:12,550][__main__][INFO] - [1, 14, 21, 30], [11]
[2025-01-30 00:15:12,570][__main__][INFO] - [1, 14, 21, 31], [11]
[2025-01-30 00:15:12,589][__main__][INFO] - [1, 14, 21, 32], [11]
[2025-01-30 00:15:12,608][__main__][INFO] - [1, 14, 21, 33], [11]
[2025-01-30 00:15:12,627][__main__][INFO] - [1, 14, 21, 34], [11]
[2025-01-30 00:15:12,647][__main__][INFO] - [1, 14, 21, 35], [11]
[2025-01-30 00:15:12,692][__main__][INFO] - [1, 14, 22, 27], [11]
[2025-01-30 00:15:12,725][__main__][INFO] - [1, 14, 22, 29], [11]
[2025-01-30 00:15:12,809][__main__][INFO] - [1, 14, 22, 35], [11]
[2025-01-30 00:15:12,960][__main__][INFO] - [1, 14, 23, 35], [11]
[2025-01-30 00:15:13,111][__main__][INFO] - [1, 14, 24, 35], [11]
[2025-01-30 00:15:13,170][__main__][INFO] - [1, 15, 21, 26], [11]
[2025-01-30 00:15:13,190][__main__][INFO] - [1, 15, 21, 27], [11]
[2025-01-30 00:15:13,209][__main__][INFO] - [1, 15, 21, 28], [11]
[2025-01-30 00:15:13,228][__main__][INFO] - [1, 15, 21, 29], [11]
[2025-01-30 00:15:13,247][__main__][INFO] - [1, 15, 21, 30], [11]
[2025-01-30 00:15:13,266][__main__][INFO] - [1, 15, 21, 31], [11]
[2025-01-30 00:15:13,284][__main__][INFO] - [1, 15, 21, 32], [11]
[2025-01-30 00:15:13,303][__main__][INFO] - [1, 15, 21, 33], [11]
[2025-01-30 00:15:13,321][__main__][INFO] - [1, 15, 21, 34], [11]
[2025-01-30 00:15:13,341][__main__][INFO] - [1, 15, 21, 35], [11]
[2025-01-30 00:15:13,373][__main__][INFO] - [1, 15, 22, 26], [11]
[2025-01-30 00:15:13,392][__main__][INFO] - [1, 15, 22, 27], [11]
[2025-01-30 00:15:13,411][__main__][INFO] - [1, 15, 22, 28], [11]
[2025-01-30 00:15:13,429][__main__][INFO] - [1, 15, 22, 29], [11]
[2025-01-30 00:15:13,449][__main__][INFO] - [1, 15, 22, 30], [11]
[2025-01-30 00:15:13,468][__main__][INFO] - [1, 15, 22, 31], [11]
[2025-01-30 00:15:13,487][__main__][INFO] - [1, 15, 22, 32], [11]
[2025-01-30 00:15:13,505][__main__][INFO] - [1, 15, 22, 33], [11]
[2025-01-30 00:15:13,524][__main__][INFO] - [1, 15, 22, 34], [11]
[2025-01-30 00:15:13,543][__main__][INFO] - [1, 15, 22, 35], [11]
[2025-01-30 00:15:13,574][__main__][INFO] - [1, 15, 23, 26], [11]
[2025-01-30 00:15:13,592][__main__][INFO] - [1, 15, 23, 27], [11]
[2025-01-30 00:15:13,610][__main__][INFO] - [1, 15, 23, 28], [11]
[2025-01-30 00:15:13,629][__main__][INFO] - [1, 15, 23, 29], [11]
[2025-01-30 00:15:13,648][__main__][INFO] - [1, 15, 23, 30], [11]
[2025-01-30 00:15:13,667][__main__][INFO] - [1, 15, 23, 31], [11]
[2025-01-30 00:15:13,687][__main__][INFO] - [1, 15, 23, 32], [11]
[2025-01-30 00:15:13,705][__main__][INFO] - [1, 15, 23, 33], [11]
[2025-01-30 00:15:13,724][__main__][INFO] - [1, 15, 23, 34], [11]
[2025-01-30 00:15:13,743][__main__][INFO] - [1, 15, 23, 35], [11]
[2025-01-30 00:15:13,841][__main__][INFO] - [1, 15, 24, 31], [11]
[2025-01-30 00:15:13,875][__main__][INFO] - [1, 15, 24, 33], [11]
[2025-01-30 00:15:13,893][__main__][INFO] - [1, 15, 24, 34], [11]
[2025-01-30 00:15:13,913][__main__][INFO] - [1, 15, 24, 35], [11]
[2025-01-30 00:15:13,998][__main__][INFO] - [1, 16, 21, 28], [11]
[2025-01-30 00:15:14,018][__main__][INFO] - [1, 16, 21, 29], [11]
[2025-01-30 00:15:14,038][__main__][INFO] - [1, 16, 21, 30], [11]
[2025-01-30 00:15:14,056][__main__][INFO] - [1, 16, 21, 31], [11]
[2025-01-30 00:15:14,088][__main__][INFO] - [1, 16, 21, 33], [11]
[2025-01-30 00:15:14,120][__main__][INFO] - [1, 16, 21, 35], [11]
[2025-01-30 00:15:14,352][__main__][INFO] - [1, 17, 21, 26], [11]
[2025-01-30 00:15:14,371][__main__][INFO] - [1, 17, 21, 27], [11]
[2025-01-30 00:15:14,391][__main__][INFO] - [1, 17, 21, 28], [11]
[2025-01-30 00:15:14,410][__main__][INFO] - [1, 17, 21, 29], [11]
[2025-01-30 00:15:14,429][__main__][INFO] - [1, 17, 21, 30], [11]
[2025-01-30 00:15:14,448][__main__][INFO] - [1, 17, 21, 31], [11]
[2025-01-30 00:15:14,467][__main__][INFO] - [1, 17, 21, 32], [11]
[2025-01-30 00:15:14,485][__main__][INFO] - [1, 17, 21, 33], [11]
[2025-01-30 00:15:14,504][__main__][INFO] - [1, 17, 21, 34], [11]
[2025-01-30 00:15:14,523][__main__][INFO] - [1, 17, 21, 35], [11]
[2025-01-30 00:15:14,554][__main__][INFO] - [1, 17, 22, 26], [11]
[2025-01-30 00:15:14,574][__main__][INFO] - [1, 17, 22, 27], [11]
[2025-01-30 00:15:14,593][__main__][INFO] - [1, 17, 22, 28], [11]
[2025-01-30 00:15:14,612][__main__][INFO] - [1, 17, 22, 29], [11]
[2025-01-30 00:15:14,631][__main__][INFO] - [1, 17, 22, 30], [11]
[2025-01-30 00:15:14,651][__main__][INFO] - [1, 17, 22, 31], [11]
[2025-01-30 00:15:14,670][__main__][INFO] - [1, 17, 22, 32], [11]
[2025-01-30 00:15:14,688][__main__][INFO] - [1, 17, 22, 33], [11]
[2025-01-30 00:15:14,707][__main__][INFO] - [1, 17, 22, 34], [11]
[2025-01-30 00:15:14,725][__main__][INFO] - [1, 17, 22, 35], [11]
[2025-01-30 00:15:14,771][__main__][INFO] - [1, 17, 23, 27], [11]
[2025-01-30 00:15:14,790][__main__][INFO] - [1, 17, 23, 28], [11]
[2025-01-30 00:15:14,809][__main__][INFO] - [1, 17, 23, 29], [11]
[2025-01-30 00:15:14,828][__main__][INFO] - [1, 17, 23, 30], [11]
[2025-01-30 00:15:14,847][__main__][INFO] - [1, 17, 23, 31], [11]
[2025-01-30 00:15:14,865][__main__][INFO] - [1, 17, 23, 32], [11]
[2025-01-30 00:15:14,884][__main__][INFO] - [1, 17, 23, 33], [11]
[2025-01-30 00:15:14,904][__main__][INFO] - [1, 17, 23, 34], [11]
[2025-01-30 00:15:14,923][__main__][INFO] - [1, 17, 23, 35], [11]
[2025-01-30 00:15:15,247][__main__][INFO] - [1, 18, 21, 35], [11]
[2025-01-30 00:15:15,408][__main__][INFO] - [1, 19, 21, 31], [11]
[2025-01-30 00:15:15,466][__main__][INFO] - [1, 19, 21, 35], [11]
[2025-01-30 00:15:15,862][__main__][INFO] - [2, 10, 11, 12, 21], []
[2025-01-30 00:15:15,882][__main__][INFO] - [2, 10, 11, 12, 22], []
[2025-01-30 00:15:15,902][__main__][INFO] - [2, 10, 11, 12, 23], []
[2025-01-30 00:15:15,962][__main__][INFO] - [2, 10, 11, 12, 27], []
[2025-01-30 00:15:15,981][__main__][INFO] - [2, 10, 11, 12, 28], []
[2025-01-30 00:15:16,000][__main__][INFO] - [2, 10, 11, 12, 29], []
[2025-01-30 00:15:16,019][__main__][INFO] - [2, 10, 11, 12, 30], []
[2025-01-30 00:15:16,039][__main__][INFO] - [2, 10, 11, 12, 31], []
[2025-01-30 00:15:16,058][__main__][INFO] - [2, 10, 11, 12, 32], []
[2025-01-30 00:15:16,077][__main__][INFO] - [2, 10, 11, 12, 33], []
[2025-01-30 00:15:16,110][__main__][INFO] - [2, 10, 11, 12, 35], []
[2025-01-30 00:15:16,141][__main__][INFO] - [2, 10, 11, 13, 21], []
[2025-01-30 00:15:16,360][__main__][INFO] - [2, 10, 11, 14, 21], []
[2025-01-30 00:15:16,580][__main__][INFO] - [2, 10, 11, 15, 21], []
[2025-01-30 00:15:16,613][__main__][INFO] - [2, 10, 11, 15, 23], []
[2025-01-30 00:15:16,777][__main__][INFO] - [2, 10, 11, 15, 35], []
[2025-01-30 00:15:16,823][__main__][INFO] - [2, 10, 11, 17, 21], []
[2025-01-30 00:15:16,842][__main__][INFO] - [2, 10, 11, 17, 22], []
[2025-01-30 00:15:16,939][__main__][INFO] - [2, 10, 11, 17, 29], []
[2025-01-30 00:15:17,025][__main__][INFO] - [2, 10, 11, 17, 35], []
[2025-01-30 00:15:17,097][__main__][INFO] - [2, 10, 11, 21, 26], []
[2025-01-30 00:15:17,116][__main__][INFO] - [2, 10, 11, 21, 27], []
[2025-01-30 00:15:17,135][__main__][INFO] - [2, 10, 11, 21, 28], []
[2025-01-30 00:15:17,155][__main__][INFO] - [2, 10, 11, 21, 29], []
[2025-01-30 00:15:17,175][__main__][INFO] - [2, 10, 11, 21, 30], []
[2025-01-30 00:15:17,194][__main__][INFO] - [2, 10, 11, 21, 31], []
[2025-01-30 00:15:17,213][__main__][INFO] - [2, 10, 11, 21, 32], []
[2025-01-30 00:15:17,232][__main__][INFO] - [2, 10, 11, 21, 33], []
[2025-01-30 00:15:17,265][__main__][INFO] - [2, 10, 11, 21, 35], []
[2025-01-30 00:15:17,337][__main__][INFO] - [2, 10, 11, 22, 29], []
[2025-01-30 00:15:17,572][__main__][INFO] - [2, 10, 11, 23, 35], []
[2025-01-30 00:15:17,644][__main__][INFO] - [2, 10, 12, 21], [11]
[2025-01-30 00:15:17,664][__main__][INFO] - [2, 10, 12, 22], [11]
[2025-01-30 00:15:17,682][__main__][INFO] - [2, 10, 12, 23], [11]
[2025-01-30 00:15:17,701][__main__][INFO] - [2, 10, 12, 24], [11]
[2025-01-30 00:15:17,719][__main__][INFO] - [2, 10, 12, 25], [11]
[2025-01-30 00:15:17,737][__main__][INFO] - [2, 10, 12, 26], [11]
[2025-01-30 00:15:17,755][__main__][INFO] - [2, 10, 12, 27], [11]
[2025-01-30 00:15:17,773][__main__][INFO] - [2, 10, 12, 28], [11]
[2025-01-30 00:15:17,792][__main__][INFO] - [2, 10, 12, 29], [11]
[2025-01-30 00:15:17,810][__main__][INFO] - [2, 10, 12, 30], [11]
[2025-01-30 00:15:17,829][__main__][INFO] - [2, 10, 12, 31], [11]
[2025-01-30 00:15:17,848][__main__][INFO] - [2, 10, 12, 32], [11]
[2025-01-30 00:15:17,866][__main__][INFO] - [2, 10, 12, 33], [11]
[2025-01-30 00:15:17,885][__main__][INFO] - [2, 10, 12, 34], [11]
[2025-01-30 00:15:17,904][__main__][INFO] - [2, 10, 12, 35], [11]
[2025-01-30 00:15:17,935][__main__][INFO] - [2, 10, 13, 21], [11]
[2025-01-30 00:15:17,954][__main__][INFO] - [2, 10, 13, 22], [11]
[2025-01-30 00:15:17,973][__main__][INFO] - [2, 10, 13, 23], [11]
[2025-01-30 00:15:18,018][__main__][INFO] - [2, 10, 13, 26], [11]
[2025-01-30 00:15:18,037][__main__][INFO] - [2, 10, 13, 27], [11]
[2025-01-30 00:15:18,055][__main__][INFO] - [2, 10, 13, 28], [11]
[2025-01-30 00:15:18,073][__main__][INFO] - [2, 10, 13, 29], [11]
[2025-01-30 00:15:18,091][__main__][INFO] - [2, 10, 13, 30], [11]
[2025-01-30 00:15:18,110][__main__][INFO] - [2, 10, 13, 31], [11]
[2025-01-30 00:15:18,128][__main__][INFO] - [2, 10, 13, 32], [11]
[2025-01-30 00:15:18,146][__main__][INFO] - [2, 10, 13, 33], [11]
[2025-01-30 00:15:18,164][__main__][INFO] - [2, 10, 13, 34], [11]
[2025-01-30 00:15:18,181][__main__][INFO] - [2, 10, 13, 35], [11]
[2025-01-30 00:15:18,213][__main__][INFO] - [2, 10, 14, 21], [11]
[2025-01-30 00:15:18,232][__main__][INFO] - [2, 10, 14, 22], [11]
[2025-01-30 00:15:18,251][__main__][INFO] - [2, 10, 14, 23], [11]
[2025-01-30 00:15:18,269][__main__][INFO] - [2, 10, 14, 24], [11]
[2025-01-30 00:15:18,302][__main__][INFO] - [2, 10, 14, 26], [11]
[2025-01-30 00:15:18,321][__main__][INFO] - [2, 10, 14, 27], [11]
[2025-01-30 00:15:18,339][__main__][INFO] - [2, 10, 14, 28], [11]
[2025-01-30 00:15:18,358][__main__][INFO] - [2, 10, 14, 29], [11]
[2025-01-30 00:15:18,377][__main__][INFO] - [2, 10, 14, 30], [11]
[2025-01-30 00:15:18,396][__main__][INFO] - [2, 10, 14, 31], [11]
[2025-01-30 00:15:18,414][__main__][INFO] - [2, 10, 14, 32], [11]
[2025-01-30 00:15:18,433][__main__][INFO] - [2, 10, 14, 33], [11]
[2025-01-30 00:15:18,452][__main__][INFO] - [2, 10, 14, 34], [11]
[2025-01-30 00:15:18,470][__main__][INFO] - [2, 10, 14, 35], [11]
[2025-01-30 00:15:18,502][__main__][INFO] - [2, 10, 15, 21], [11]
[2025-01-30 00:15:18,520][__main__][INFO] - [2, 10, 15, 22], [11]
[2025-01-30 00:15:18,538][__main__][INFO] - [2, 10, 15, 23], [11]
[2025-01-30 00:15:18,557][__main__][INFO] - [2, 10, 15, 24], [11]
[2025-01-30 00:15:18,589][__main__][INFO] - [2, 10, 15, 26], [11]
[2025-01-30 00:15:18,608][__main__][INFO] - [2, 10, 15, 27], [11]
[2025-01-30 00:15:18,627][__main__][INFO] - [2, 10, 15, 28], [11]
[2025-01-30 00:15:18,645][__main__][INFO] - [2, 10, 15, 29], [11]
[2025-01-30 00:15:18,663][__main__][INFO] - [2, 10, 15, 30], [11]
[2025-01-30 00:15:18,682][__main__][INFO] - [2, 10, 15, 31], [11]
[2025-01-30 00:15:18,700][__main__][INFO] - [2, 10, 15, 32], [11]
[2025-01-30 00:15:18,719][__main__][INFO] - [2, 10, 15, 33], [11]
[2025-01-30 00:15:18,737][__main__][INFO] - [2, 10, 15, 34], [11]
[2025-01-30 00:15:18,755][__main__][INFO] - [2, 10, 15, 35], [11]
[2025-01-30 00:15:18,787][__main__][INFO] - [2, 10, 16, 21], [11]
[2025-01-30 00:15:18,912][__main__][INFO] - [2, 10, 16, 30], [11]
[2025-01-30 00:15:18,984][__main__][INFO] - [2, 10, 16, 35], [11]
[2025-01-30 00:15:19,015][__main__][INFO] - [2, 10, 17, 21], [11]
[2025-01-30 00:15:19,035][__main__][INFO] - [2, 10, 17, 22], [11]
[2025-01-30 00:15:19,053][__main__][INFO] - [2, 10, 17, 23], [11]
[2025-01-30 00:15:19,071][__main__][INFO] - [2, 10, 17, 24], [11]
[2025-01-30 00:15:19,102][__main__][INFO] - [2, 10, 17, 26], [11]
[2025-01-30 00:15:19,120][__main__][INFO] - [2, 10, 17, 27], [11]
[2025-01-30 00:15:19,138][__main__][INFO] - [2, 10, 17, 28], [11]
[2025-01-30 00:15:19,157][__main__][INFO] - [2, 10, 17, 29], [11]
[2025-01-30 00:15:19,175][__main__][INFO] - [2, 10, 17, 30], [11]
[2025-01-30 00:15:19,194][__main__][INFO] - [2, 10, 17, 31], [11]
[2025-01-30 00:15:19,212][__main__][INFO] - [2, 10, 17, 32], [11]
[2025-01-30 00:15:19,233][__main__][INFO] - [2, 10, 17, 33], [11]
[2025-01-30 00:15:19,254][__main__][INFO] - [2, 10, 17, 34], [11]
[2025-01-30 00:15:19,274][__main__][INFO] - [2, 10, 17, 35], [11]
[2025-01-30 00:15:19,305][__main__][INFO] - [2, 10, 18, 21], [11]
[2025-01-30 00:15:19,519][__main__][INFO] - [2, 10, 19, 21], [11]
[2025-01-30 00:15:19,710][__main__][INFO] - [2, 10, 19, 35], [11]
[2025-01-30 00:15:19,755][__main__][INFO] - [2, 10, 21, 26], [11]
[2025-01-30 00:15:19,775][__main__][INFO] - [2, 10, 21, 27], [11]
[2025-01-30 00:15:19,794][__main__][INFO] - [2, 10, 21, 28], [11]
[2025-01-30 00:15:19,813][__main__][INFO] - [2, 10, 21, 29], [11]
[2025-01-30 00:15:19,832][__main__][INFO] - [2, 10, 21, 30], [11]
[2025-01-30 00:15:19,851][__main__][INFO] - [2, 10, 21, 31], [11]
[2025-01-30 00:15:19,869][__main__][INFO] - [2, 10, 21, 32], [11]
[2025-01-30 00:15:19,889][__main__][INFO] - [2, 10, 21, 33], [11]
[2025-01-30 00:15:19,906][__main__][INFO] - [2, 10, 21, 34], [11]
[2025-01-30 00:15:19,924][__main__][INFO] - [2, 10, 21, 35], [11]
[2025-01-30 00:15:19,955][__main__][INFO] - [2, 10, 22, 26], [11]
[2025-01-30 00:15:19,974][__main__][INFO] - [2, 10, 22, 27], [11]
[2025-01-30 00:15:19,992][__main__][INFO] - [2, 10, 22, 28], [11]
[2025-01-30 00:15:20,010][__main__][INFO] - [2, 10, 22, 29], [11]
[2025-01-30 00:15:20,029][__main__][INFO] - [2, 10, 22, 30], [11]
[2025-01-30 00:15:20,047][__main__][INFO] - [2, 10, 22, 31], [11]
[2025-01-30 00:15:20,066][__main__][INFO] - [2, 10, 22, 32], [11]
[2025-01-30 00:15:20,084][__main__][INFO] - [2, 10, 22, 33], [11]
[2025-01-30 00:15:20,102][__main__][INFO] - [2, 10, 22, 34], [11]
[2025-01-30 00:15:20,120][__main__][INFO] - [2, 10, 22, 35], [11]
[2025-01-30 00:15:20,151][__main__][INFO] - [2, 10, 23, 26], [11]
[2025-01-30 00:15:20,169][__main__][INFO] - [2, 10, 23, 27], [11]
[2025-01-30 00:15:20,187][__main__][INFO] - [2, 10, 23, 28], [11]
[2025-01-30 00:15:20,205][__main__][INFO] - [2, 10, 23, 29], [11]
[2025-01-30 00:15:20,223][__main__][INFO] - [2, 10, 23, 30], [11]
[2025-01-30 00:15:20,242][__main__][INFO] - [2, 10, 23, 31], [11]
[2025-01-30 00:15:20,259][__main__][INFO] - [2, 10, 23, 32], [11]
[2025-01-30 00:15:20,277][__main__][INFO] - [2, 10, 23, 33], [11]
[2025-01-30 00:15:20,295][__main__][INFO] - [2, 10, 23, 34], [11]
[2025-01-30 00:15:20,313][__main__][INFO] - [2, 10, 23, 35], [11]
[2025-01-30 00:15:20,394][__main__][INFO] - [2, 10, 24, 30], [11]
[2025-01-30 00:15:20,426][__main__][INFO] - [2, 10, 24, 32], [11]
[2025-01-30 00:15:20,471][__main__][INFO] - [2, 10, 24, 35], [11]
[2025-01-30 00:15:20,661][__main__][INFO] - [2, 10, 12, 21, 26], []
[2025-01-30 00:15:20,681][__main__][INFO] - [2, 10, 12, 21, 27], []
[2025-01-30 00:15:20,700][__main__][INFO] - [2, 10, 12, 21, 28], []
[2025-01-30 00:15:20,720][__main__][INFO] - [2, 10, 12, 21, 29], []
[2025-01-30 00:15:20,740][__main__][INFO] - [2, 10, 12, 21, 30], []
[2025-01-30 00:15:20,759][__main__][INFO] - [2, 10, 12, 21, 31], []
[2025-01-30 00:15:20,778][__main__][INFO] - [2, 10, 12, 21, 32], []
[2025-01-30 00:15:20,797][__main__][INFO] - [2, 10, 12, 21, 33], []
[2025-01-30 00:15:20,815][__main__][INFO] - [2, 10, 12, 21, 34], []
[2025-01-30 00:15:20,833][__main__][INFO] - [2, 10, 12, 21, 35], []
[2025-01-30 00:15:20,866][__main__][INFO] - [2, 10, 12, 22, 26], []
[2025-01-30 00:15:20,884][__main__][INFO] - [2, 10, 12, 22, 27], []
[2025-01-30 00:15:20,903][__main__][INFO] - [2, 10, 12, 22, 28], []
[2025-01-30 00:15:20,922][__main__][INFO] - [2, 10, 12, 22, 29], []
[2025-01-30 00:15:20,941][__main__][INFO] - [2, 10, 12, 22, 30], []
[2025-01-30 00:15:20,961][__main__][INFO] - [2, 10, 12, 22, 31], []
[2025-01-30 00:15:20,980][__main__][INFO] - [2, 10, 12, 22, 32], []
[2025-01-30 00:15:20,999][__main__][INFO] - [2, 10, 12, 22, 33], []
[2025-01-30 00:15:21,017][__main__][INFO] - [2, 10, 12, 22, 34], []
[2025-01-30 00:15:21,036][__main__][INFO] - [2, 10, 12, 22, 35], []
[2025-01-30 00:15:21,066][__main__][INFO] - [2, 10, 12, 23, 26], []
[2025-01-30 00:15:21,085][__main__][INFO] - [2, 10, 12, 23, 27], []
[2025-01-30 00:15:21,105][__main__][INFO] - [2, 10, 12, 23, 28], []
[2025-01-30 00:15:21,123][__main__][INFO] - [2, 10, 12, 23, 29], []
[2025-01-30 00:15:21,142][__main__][INFO] - [2, 10, 12, 23, 30], []
[2025-01-30 00:15:21,160][__main__][INFO] - [2, 10, 12, 23, 31], []
[2025-01-30 00:15:21,179][__main__][INFO] - [2, 10, 12, 23, 32], []
[2025-01-30 00:15:21,197][__main__][INFO] - [2, 10, 12, 23, 33], []
[2025-01-30 00:15:21,217][__main__][INFO] - [2, 10, 12, 23, 34], []
[2025-01-30 00:15:21,236][__main__][INFO] - [2, 10, 12, 23, 35], []
[2025-01-30 00:15:21,389][__main__][INFO] - [2, 10, 12, 24, 35], []
[2025-01-30 00:15:21,575][__main__][INFO] - [2, 10, 13, 21, 26], []
[2025-01-30 00:15:21,595][__main__][INFO] - [2, 10, 13, 21, 27], []
[2025-01-30 00:15:21,615][__main__][INFO] - [2, 10, 13, 21, 28], []
[2025-01-30 00:15:21,635][__main__][INFO] - [2, 10, 13, 21, 29], []
[2025-01-30 00:15:21,654][__main__][INFO] - [2, 10, 13, 21, 30], []
[2025-01-30 00:15:21,674][__main__][INFO] - [2, 10, 13, 21, 31], []
[2025-01-30 00:15:21,693][__main__][INFO] - [2, 10, 13, 21, 32], []
[2025-01-30 00:15:21,712][__main__][INFO] - [2, 10, 13, 21, 33], []
[2025-01-30 00:15:21,731][__main__][INFO] - [2, 10, 13, 21, 34], []
[2025-01-30 00:15:21,751][__main__][INFO] - [2, 10, 13, 21, 35], []
[2025-01-30 00:15:22,053][__main__][INFO] - [2, 10, 13, 23, 35], []
[2025-01-30 00:15:22,140][__main__][INFO] - [2, 10, 14, 21, 27], []
[2025-01-30 00:15:22,161][__main__][INFO] - [2, 10, 14, 21, 28], []
[2025-01-30 00:15:22,181][__main__][INFO] - [2, 10, 14, 21, 29], []
[2025-01-30 00:15:22,201][__main__][INFO] - [2, 10, 14, 21, 30], []
[2025-01-30 00:15:22,221][__main__][INFO] - [2, 10, 14, 21, 31], []
[2025-01-30 00:15:22,240][__main__][INFO] - [2, 10, 14, 21, 32], []
[2025-01-30 00:15:22,260][__main__][INFO] - [2, 10, 14, 21, 33], []
[2025-01-30 00:15:22,280][__main__][INFO] - [2, 10, 14, 21, 34], []
[2025-01-30 00:15:22,300][__main__][INFO] - [2, 10, 14, 21, 35], []
[2025-01-30 00:15:22,453][__main__][INFO] - [2, 10, 14, 22, 35], []
[2025-01-30 00:15:22,607][__main__][INFO] - [2, 10, 14, 23, 35], []
[2025-01-30 00:15:22,759][__main__][INFO] - [2, 10, 14, 24, 35], []
[2025-01-30 00:15:22,832][__main__][INFO] - [2, 10, 15, 21, 27], []
[2025-01-30 00:15:22,852][__main__][INFO] - [2, 10, 15, 21, 28], []
[2025-01-30 00:15:22,872][__main__][INFO] - [2, 10, 15, 21, 29], []
[2025-01-30 00:15:22,892][__main__][INFO] - [2, 10, 15, 21, 30], []
[2025-01-30 00:15:22,911][__main__][INFO] - [2, 10, 15, 21, 31], []
[2025-01-30 00:15:22,931][__main__][INFO] - [2, 10, 15, 21, 32], []
[2025-01-30 00:15:22,950][__main__][INFO] - [2, 10, 15, 21, 33], []
[2025-01-30 00:15:22,969][__main__][INFO] - [2, 10, 15, 21, 34], []
[2025-01-30 00:15:22,988][__main__][INFO] - [2, 10, 15, 21, 35], []
[2025-01-30 00:15:23,022][__main__][INFO] - [2, 10, 15, 22, 26], []
[2025-01-30 00:15:23,042][__main__][INFO] - [2, 10, 15, 22, 27], []
[2025-01-30 00:15:23,061][__main__][INFO] - [2, 10, 15, 22, 28], []
[2025-01-30 00:15:23,081][__main__][INFO] - [2, 10, 15, 22, 29], []
[2025-01-30 00:15:23,100][__main__][INFO] - [2, 10, 15, 22, 30], []
[2025-01-30 00:15:23,119][__main__][INFO] - [2, 10, 15, 22, 31], []
[2025-01-30 00:15:23,138][__main__][INFO] - [2, 10, 15, 22, 32], []
[2025-01-30 00:15:23,158][__main__][INFO] - [2, 10, 15, 22, 33], []
[2025-01-30 00:15:23,178][__main__][INFO] - [2, 10, 15, 22, 34], []
[2025-01-30 00:15:23,198][__main__][INFO] - [2, 10, 15, 22, 35], []
[2025-01-30 00:15:23,232][__main__][INFO] - [2, 10, 15, 23, 26], []
[2025-01-30 00:15:23,252][__main__][INFO] - [2, 10, 15, 23, 27], []
[2025-01-30 00:15:23,271][__main__][INFO] - [2, 10, 15, 23, 28], []
[2025-01-30 00:15:23,290][__main__][INFO] - [2, 10, 15, 23, 29], []
[2025-01-30 00:15:23,309][__main__][INFO] - [2, 10, 15, 23, 30], []
[2025-01-30 00:15:23,328][__main__][INFO] - [2, 10, 15, 23, 31], []
[2025-01-30 00:15:23,347][__main__][INFO] - [2, 10, 15, 23, 32], []
[2025-01-30 00:15:23,367][__main__][INFO] - [2, 10, 15, 23, 33], []
[2025-01-30 00:15:23,387][__main__][INFO] - [2, 10, 15, 23, 34], []
[2025-01-30 00:15:23,407][__main__][INFO] - [2, 10, 15, 23, 35], []
[2025-01-30 00:15:23,559][__main__][INFO] - [2, 10, 15, 24, 35], []
[2025-01-30 00:15:23,733][__main__][INFO] - [2, 10, 16, 21, 35], []
[2025-01-30 00:15:23,827][__main__][INFO] - [2, 10, 17, 21, 26], []
[2025-01-30 00:15:23,846][__main__][INFO] - [2, 10, 17, 21, 27], []
[2025-01-30 00:15:23,866][__main__][INFO] - [2, 10, 17, 21, 28], []
[2025-01-30 00:15:23,885][__main__][INFO] - [2, 10, 17, 21, 29], []
[2025-01-30 00:15:23,905][__main__][INFO] - [2, 10, 17, 21, 30], []
[2025-01-30 00:15:23,925][__main__][INFO] - [2, 10, 17, 21, 31], []
[2025-01-30 00:15:23,944][__main__][INFO] - [2, 10, 17, 21, 32], []
[2025-01-30 00:15:23,963][__main__][INFO] - [2, 10, 17, 21, 33], []
[2025-01-30 00:15:23,981][__main__][INFO] - [2, 10, 17, 21, 34], []
[2025-01-30 00:15:24,000][__main__][INFO] - [2, 10, 17, 21, 35], []
[2025-01-30 00:15:24,031][__main__][INFO] - [2, 10, 17, 22, 26], []
[2025-01-30 00:15:24,051][__main__][INFO] - [2, 10, 17, 22, 27], []
[2025-01-30 00:15:24,070][__main__][INFO] - [2, 10, 17, 22, 28], []
[2025-01-30 00:15:24,089][__main__][INFO] - [2, 10, 17, 22, 29], []
[2025-01-30 00:15:24,108][__main__][INFO] - [2, 10, 17, 22, 30], []
[2025-01-30 00:15:24,126][__main__][INFO] - [2, 10, 17, 22, 31], []
[2025-01-30 00:15:24,145][__main__][INFO] - [2, 10, 17, 22, 32], []
[2025-01-30 00:15:24,164][__main__][INFO] - [2, 10, 17, 22, 33], []
[2025-01-30 00:15:24,183][__main__][INFO] - [2, 10, 17, 22, 34], []
[2025-01-30 00:15:24,202][__main__][INFO] - [2, 10, 17, 22, 35], []
[2025-01-30 00:15:24,246][__main__][INFO] - [2, 10, 17, 23, 27], []
[2025-01-30 00:15:24,264][__main__][INFO] - [2, 10, 17, 23, 28], []
[2025-01-30 00:15:24,283][__main__][INFO] - [2, 10, 17, 23, 29], []
[2025-01-30 00:15:24,302][__main__][INFO] - [2, 10, 17, 23, 30], []
[2025-01-30 00:15:24,321][__main__][INFO] - [2, 10, 17, 23, 31], []
[2025-01-30 00:15:24,339][__main__][INFO] - [2, 10, 17, 23, 32], []
[2025-01-30 00:15:24,358][__main__][INFO] - [2, 10, 17, 23, 33], []
[2025-01-30 00:15:24,376][__main__][INFO] - [2, 10, 17, 23, 34], []
[2025-01-30 00:15:24,395][__main__][INFO] - [2, 10, 17, 23, 35], []
[2025-01-30 00:15:25,044][__main__][INFO] - [2, 11, 12, 21], [10]
[2025-01-30 00:15:25,063][__main__][INFO] - [2, 11, 12, 22], [10]
[2025-01-30 00:15:25,081][__main__][INFO] - [2, 11, 12, 23], [10]
[2025-01-30 00:15:25,151][__main__][INFO] - [2, 11, 12, 28], [10]
[2025-01-30 00:15:25,170][__main__][INFO] - [2, 11, 12, 29], [10]
[2025-01-30 00:15:25,188][__main__][INFO] - [2, 11, 12, 30], [10]
[2025-01-30 00:15:25,207][__main__][INFO] - [2, 11, 12, 31], [10]
[2025-01-30 00:15:25,225][__main__][INFO] - [2, 11, 12, 32], [10]
[2025-01-30 00:15:25,244][__main__][INFO] - [2, 11, 12, 33], [10]
[2025-01-30 00:15:25,262][__main__][INFO] - [2, 11, 12, 34], [10]
[2025-01-30 00:15:25,280][__main__][INFO] - [2, 11, 12, 35], [10]
[2025-01-30 00:15:25,311][__main__][INFO] - [2, 11, 13, 21], [10]
[2025-01-30 00:15:25,530][__main__][INFO] - [2, 11, 14, 21], [10]
[2025-01-30 00:15:25,718][__main__][INFO] - [2, 11, 14, 35], [10]
[2025-01-30 00:15:25,750][__main__][INFO] - [2, 11, 15, 21], [10]
[2025-01-30 00:15:25,782][__main__][INFO] - [2, 11, 15, 23], [10]
[2025-01-30 00:15:25,946][__main__][INFO] - [2, 11, 15, 35], [10]
[2025-01-30 00:15:25,991][__main__][INFO] - [2, 11, 17, 21], [10]
[2025-01-30 00:15:26,010][__main__][INFO] - [2, 11, 17, 22], [10]
[2025-01-30 00:15:26,188][__main__][INFO] - [2, 11, 17, 35], [10]
[2025-01-30 00:15:26,260][__main__][INFO] - [2, 11, 21, 26], [10]
[2025-01-30 00:15:26,279][__main__][INFO] - [2, 11, 21, 27], [10]
[2025-01-30 00:15:26,298][__main__][INFO] - [2, 11, 21, 28], [10]
[2025-01-30 00:15:26,318][__main__][INFO] - [2, 11, 21, 29], [10]
[2025-01-30 00:15:26,337][__main__][INFO] - [2, 11, 21, 30], [10]
[2025-01-30 00:15:26,356][__main__][INFO] - [2, 11, 21, 31], [10]
[2025-01-30 00:15:26,375][__main__][INFO] - [2, 11, 21, 32], [10]
[2025-01-30 00:15:26,394][__main__][INFO] - [2, 11, 21, 33], [10]
[2025-01-30 00:15:26,413][__main__][INFO] - [2, 11, 21, 34], [10]
[2025-01-30 00:15:26,431][__main__][INFO] - [2, 11, 21, 35], [10]
[2025-01-30 00:15:26,490][__main__][INFO] - [2, 11, 22, 28], [10]
[2025-01-30 00:15:26,588][__main__][INFO] - [2, 11, 22, 35], [10]
[2025-01-30 00:15:26,740][__main__][INFO] - [2, 11, 23, 35], [10]
[2025-01-30 00:15:26,813][__main__][INFO] - [2, 12, 21], [10, 11]
[2025-01-30 00:15:26,833][__main__][INFO] - [2, 12, 22], [10, 11]
[2025-01-30 00:15:26,852][__main__][INFO] - [2, 12, 23], [10, 11]
[2025-01-30 00:15:26,871][__main__][INFO] - [2, 12, 24], [10, 11]
[2025-01-30 00:15:26,903][__main__][INFO] - [2, 12, 26], [10, 11]
[2025-01-30 00:15:26,921][__main__][INFO] - [2, 12, 27], [10, 11]
[2025-01-30 00:15:26,940][__main__][INFO] - [2, 12, 28], [10, 11]
[2025-01-30 00:15:26,960][__main__][INFO] - [2, 12, 29], [10, 11]
[2025-01-30 00:15:26,979][__main__][INFO] - [2, 12, 30], [10, 11]
[2025-01-30 00:15:26,998][__main__][INFO] - [2, 12, 31], [10, 11]
[2025-01-30 00:15:27,017][__main__][INFO] - [2, 12, 32], [10, 11]
[2025-01-30 00:15:27,037][__main__][INFO] - [2, 12, 33], [10, 11]
[2025-01-30 00:15:27,056][__main__][INFO] - [2, 12, 34], [10, 11]
[2025-01-30 00:15:27,075][__main__][INFO] - [2, 12, 35], [10, 11]
[2025-01-30 00:15:27,108][__main__][INFO] - [2, 13, 21], [10, 11]
[2025-01-30 00:15:27,127][__main__][INFO] - [2, 13, 22], [10, 11]
[2025-01-30 00:15:27,146][__main__][INFO] - [2, 13, 23], [10, 11]
[2025-01-30 00:15:27,205][__main__][INFO] - [2, 13, 27], [10, 11]
[2025-01-30 00:15:27,224][__main__][INFO] - [2, 13, 28], [10, 11]
[2025-01-30 00:15:27,243][__main__][INFO] - [2, 13, 29], [10, 11]
[2025-01-30 00:15:27,262][__main__][INFO] - [2, 13, 30], [10, 11]
[2025-01-30 00:15:27,281][__main__][INFO] - [2, 13, 31], [10, 11]
[2025-01-30 00:15:27,300][__main__][INFO] - [2, 13, 32], [10, 11]
[2025-01-30 00:15:27,318][__main__][INFO] - [2, 13, 33], [10, 11]
[2025-01-30 00:15:27,337][__main__][INFO] - [2, 13, 34], [10, 11]
[2025-01-30 00:15:27,356][__main__][INFO] - [2, 13, 35], [10, 11]
[2025-01-30 00:15:27,388][__main__][INFO] - [2, 14, 21], [10, 11]
[2025-01-30 00:15:27,407][__main__][INFO] - [2, 14, 22], [10, 11]
[2025-01-30 00:15:27,426][__main__][INFO] - [2, 14, 23], [10, 11]
[2025-01-30 00:15:27,445][__main__][INFO] - [2, 14, 24], [10, 11]
[2025-01-30 00:15:27,477][__main__][INFO] - [2, 14, 26], [10, 11]
[2025-01-30 00:15:27,496][__main__][INFO] - [2, 14, 27], [10, 11]
[2025-01-30 00:15:27,515][__main__][INFO] - [2, 14, 28], [10, 11]
[2025-01-30 00:15:27,534][__main__][INFO] - [2, 14, 29], [10, 11]
[2025-01-30 00:15:27,553][__main__][INFO] - [2, 14, 30], [10, 11]
[2025-01-30 00:15:27,573][__main__][INFO] - [2, 14, 31], [10, 11]
[2025-01-30 00:15:27,596][__main__][INFO] - [2, 14, 32], [10, 11]
[2025-01-30 00:15:27,615][__main__][INFO] - [2, 14, 33], [10, 11]
[2025-01-30 00:15:27,634][__main__][INFO] - [2, 14, 34], [10, 11]
[2025-01-30 00:15:27,652][__main__][INFO] - [2, 14, 35], [10, 11]
[2025-01-30 00:15:27,684][__main__][INFO] - [2, 15, 21], [10, 11]
[2025-01-30 00:15:27,703][__main__][INFO] - [2, 15, 22], [10, 11]
[2025-01-30 00:15:27,723][__main__][INFO] - [2, 15, 23], [10, 11]
[2025-01-30 00:15:27,742][__main__][INFO] - [2, 15, 24], [10, 11]
[2025-01-30 00:15:27,775][__main__][INFO] - [2, 15, 26], [10, 11]
[2025-01-30 00:15:27,794][__main__][INFO] - [2, 15, 27], [10, 11]
[2025-01-30 00:15:27,812][__main__][INFO] - [2, 15, 28], [10, 11]
[2025-01-30 00:15:27,831][__main__][INFO] - [2, 15, 29], [10, 11]
[2025-01-30 00:15:27,850][__main__][INFO] - [2, 15, 30], [10, 11]
[2025-01-30 00:15:27,870][__main__][INFO] - [2, 15, 31], [10, 11]
[2025-01-30 00:15:27,889][__main__][INFO] - [2, 15, 32], [10, 11]
[2025-01-30 00:15:27,908][__main__][INFO] - [2, 15, 33], [10, 11]
[2025-01-30 00:15:27,927][__main__][INFO] - [2, 15, 34], [10, 11]
[2025-01-30 00:15:27,946][__main__][INFO] - [2, 15, 35], [10, 11]
[2025-01-30 00:15:27,979][__main__][INFO] - [2, 16, 21], [10, 11]
[2025-01-30 00:15:27,998][__main__][INFO] - [2, 16, 22], [10, 11]
[2025-01-30 00:15:28,097][__main__][INFO] - [2, 16, 29], [10, 11]
[2025-01-30 00:15:28,116][__main__][INFO] - [2, 16, 30], [10, 11]
[2025-01-30 00:15:28,136][__main__][INFO] - [2, 16, 31], [10, 11]
[2025-01-30 00:15:28,181][__main__][INFO] - [2, 16, 34], [10, 11]
[2025-01-30 00:15:28,200][__main__][INFO] - [2, 16, 35], [10, 11]
[2025-01-30 00:15:28,232][__main__][INFO] - [2, 17, 21], [10, 11]
[2025-01-30 00:15:28,252][__main__][INFO] - [2, 17, 22], [10, 11]
[2025-01-30 00:15:28,270][__main__][INFO] - [2, 17, 23], [10, 11]
[2025-01-30 00:15:28,289][__main__][INFO] - [2, 17, 24], [10, 11]
[2025-01-30 00:15:28,322][__main__][INFO] - [2, 17, 26], [10, 11]
[2025-01-30 00:15:28,340][__main__][INFO] - [2, 17, 27], [10, 11]
[2025-01-30 00:15:28,359][__main__][INFO] - [2, 17, 28], [10, 11]
[2025-01-30 00:15:28,378][__main__][INFO] - [2, 17, 29], [10, 11]
[2025-01-30 00:15:28,397][__main__][INFO] - [2, 17, 30], [10, 11]
[2025-01-30 00:15:28,416][__main__][INFO] - [2, 17, 31], [10, 11]
[2025-01-30 00:15:28,434][__main__][INFO] - [2, 17, 32], [10, 11]
[2025-01-30 00:15:28,453][__main__][INFO] - [2, 17, 33], [10, 11]
[2025-01-30 00:15:28,471][__main__][INFO] - [2, 17, 34], [10, 11]
[2025-01-30 00:15:28,490][__main__][INFO] - [2, 17, 35], [10, 11]
[2025-01-30 00:15:28,521][__main__][INFO] - [2, 18, 21], [10, 11]
[2025-01-30 00:15:28,541][__main__][INFO] - [2, 18, 22], [10, 11]
[2025-01-30 00:15:28,744][__main__][INFO] - [2, 19, 21], [10, 11]
[2025-01-30 00:15:28,777][__main__][INFO] - [2, 19, 23], [10, 11]
[2025-01-30 00:15:28,937][__main__][INFO] - [2, 19, 35], [10, 11]
[2025-01-30 00:15:28,983][__main__][INFO] - [2, 21, 26], [10, 11]
[2025-01-30 00:15:29,002][__main__][INFO] - [2, 21, 27], [10, 11]
[2025-01-30 00:15:29,023][__main__][INFO] - [2, 21, 28], [10, 11]
[2025-01-30 00:15:29,042][__main__][INFO] - [2, 21, 29], [10, 11]
[2025-01-30 00:15:29,061][__main__][INFO] - [2, 21, 30], [10, 11]
[2025-01-30 00:15:29,081][__main__][INFO] - [2, 21, 31], [10, 11]
[2025-01-30 00:15:29,100][__main__][INFO] - [2, 21, 32], [10, 11]
[2025-01-30 00:15:29,120][__main__][INFO] - [2, 21, 33], [10, 11]
[2025-01-30 00:15:29,139][__main__][INFO] - [2, 21, 34], [10, 11]
[2025-01-30 00:15:29,157][__main__][INFO] - [2, 21, 35], [10, 11]
[2025-01-30 00:15:29,190][__main__][INFO] - [2, 22, 26], [10, 11]
[2025-01-30 00:15:29,209][__main__][INFO] - [2, 22, 27], [10, 11]
[2025-01-30 00:15:29,228][__main__][INFO] - [2, 22, 28], [10, 11]
[2025-01-30 00:15:29,247][__main__][INFO] - [2, 22, 29], [10, 11]
[2025-01-30 00:15:29,267][__main__][INFO] - [2, 22, 30], [10, 11]
[2025-01-30 00:15:29,286][__main__][INFO] - [2, 22, 31], [10, 11]
[2025-01-30 00:15:29,305][__main__][INFO] - [2, 22, 32], [10, 11]
[2025-01-30 00:15:29,324][__main__][INFO] - [2, 22, 33], [10, 11]
[2025-01-30 00:15:29,343][__main__][INFO] - [2, 22, 34], [10, 11]
[2025-01-30 00:15:29,362][__main__][INFO] - [2, 22, 35], [10, 11]
[2025-01-30 00:15:29,394][__main__][INFO] - [2, 23, 26], [10, 11]
[2025-01-30 00:15:29,413][__main__][INFO] - [2, 23, 27], [10, 11]
[2025-01-30 00:15:29,433][__main__][INFO] - [2, 23, 28], [10, 11]
[2025-01-30 00:15:29,452][__main__][INFO] - [2, 23, 29], [10, 11]
[2025-01-30 00:15:29,472][__main__][INFO] - [2, 23, 30], [10, 11]
[2025-01-30 00:15:29,492][__main__][INFO] - [2, 23, 31], [10, 11]
[2025-01-30 00:15:29,511][__main__][INFO] - [2, 23, 32], [10, 11]
[2025-01-30 00:15:29,530][__main__][INFO] - [2, 23, 33], [10, 11]
[2025-01-30 00:15:29,549][__main__][INFO] - [2, 23, 34], [10, 11]
[2025-01-30 00:15:29,568][__main__][INFO] - [2, 23, 35], [10, 11]
[2025-01-30 00:15:29,627][__main__][INFO] - [2, 24, 28], [10, 11]
[2025-01-30 00:15:29,647][__main__][INFO] - [2, 24, 29], [10, 11]
[2025-01-30 00:15:29,680][__main__][INFO] - [2, 24, 31], [10, 11]
[2025-01-30 00:15:29,701][__main__][INFO] - [2, 24, 32], [10, 11]
[2025-01-30 00:15:29,721][__main__][INFO] - [2, 24, 33], [10, 11]
[2025-01-30 00:15:29,739][__main__][INFO] - [2, 24, 34], [10, 11]
[2025-01-30 00:15:29,759][__main__][INFO] - [2, 24, 35], [10, 11]
[2025-01-30 00:15:29,913][__main__][INFO] - [2, 25, 35], [10, 11]
[2025-01-30 00:15:29,958][__main__][INFO] - [2, 12, 21, 26], [10]
[2025-01-30 00:15:29,978][__main__][INFO] - [2, 12, 21, 27], [10]
[2025-01-30 00:15:29,997][__main__][INFO] - [2, 12, 21, 28], [10]
[2025-01-30 00:15:30,016][__main__][INFO] - [2, 12, 21, 29], [10]
[2025-01-30 00:15:30,035][__main__][INFO] - [2, 12, 21, 30], [10]
[2025-01-30 00:15:30,053][__main__][INFO] - [2, 12, 21, 31], [10]
[2025-01-30 00:15:30,072][__main__][INFO] - [2, 12, 21, 32], [10]
[2025-01-30 00:15:30,091][__main__][INFO] - [2, 12, 21, 33], [10]
[2025-01-30 00:15:30,110][__main__][INFO] - [2, 12, 21, 34], [10]
[2025-01-30 00:15:30,129][__main__][INFO] - [2, 12, 21, 35], [10]
[2025-01-30 00:15:30,161][__main__][INFO] - [2, 12, 22, 26], [10]
[2025-01-30 00:15:30,181][__main__][INFO] - [2, 12, 22, 27], [10]
[2025-01-30 00:15:30,201][__main__][INFO] - [2, 12, 22, 28], [10]
[2025-01-30 00:15:30,220][__main__][INFO] - [2, 12, 22, 29], [10]
[2025-01-30 00:15:30,239][__main__][INFO] - [2, 12, 22, 30], [10]
[2025-01-30 00:15:30,258][__main__][INFO] - [2, 12, 22, 31], [10]
[2025-01-30 00:15:30,277][__main__][INFO] - [2, 12, 22, 32], [10]
[2025-01-30 00:15:30,296][__main__][INFO] - [2, 12, 22, 33], [10]
[2025-01-30 00:15:30,315][__main__][INFO] - [2, 12, 22, 34], [10]
[2025-01-30 00:15:30,334][__main__][INFO] - [2, 12, 22, 35], [10]
[2025-01-30 00:15:30,367][__main__][INFO] - [2, 12, 23, 26], [10]
[2025-01-30 00:15:30,387][__main__][INFO] - [2, 12, 23, 27], [10]
[2025-01-30 00:15:30,406][__main__][INFO] - [2, 12, 23, 28], [10]
[2025-01-30 00:15:30,426][__main__][INFO] - [2, 12, 23, 29], [10]
[2025-01-30 00:15:30,445][__main__][INFO] - [2, 12, 23, 30], [10]
[2025-01-30 00:15:30,464][__main__][INFO] - [2, 12, 23, 31], [10]
[2025-01-30 00:15:30,483][__main__][INFO] - [2, 12, 23, 32], [10]
[2025-01-30 00:15:30,502][__main__][INFO] - [2, 12, 23, 33], [10]
[2025-01-30 00:15:30,521][__main__][INFO] - [2, 12, 23, 34], [10]
[2025-01-30 00:15:30,540][__main__][INFO] - [2, 12, 23, 35], [10]
[2025-01-30 00:15:30,693][__main__][INFO] - [2, 12, 24, 35], [10]
[2025-01-30 00:15:30,764][__main__][INFO] - [2, 13, 21, 27], [10]
[2025-01-30 00:15:30,783][__main__][INFO] - [2, 13, 21, 28], [10]
[2025-01-30 00:15:30,802][__main__][INFO] - [2, 13, 21, 29], [10]
[2025-01-30 00:15:30,821][__main__][INFO] - [2, 13, 21, 30], [10]
[2025-01-30 00:15:30,841][__main__][INFO] - [2, 13, 21, 31], [10]
[2025-01-30 00:15:30,860][__main__][INFO] - [2, 13, 21, 32], [10]
[2025-01-30 00:15:30,880][__main__][INFO] - [2, 13, 21, 33], [10]
[2025-01-30 00:15:30,899][__main__][INFO] - [2, 13, 21, 34], [10]
[2025-01-30 00:15:30,917][__main__][INFO] - [2, 13, 21, 35], [10]
[2025-01-30 00:15:31,069][__main__][INFO] - [2, 13, 22, 35], [10]
[2025-01-30 00:15:31,221][__main__][INFO] - [2, 13, 23, 35], [10]
[2025-01-30 00:15:31,305][__main__][INFO] - [2, 14, 21, 27], [10]
[2025-01-30 00:15:31,325][__main__][INFO] - [2, 14, 21, 28], [10]
[2025-01-30 00:15:31,345][__main__][INFO] - [2, 14, 21, 29], [10]
[2025-01-30 00:15:31,365][__main__][INFO] - [2, 14, 21, 30], [10]
[2025-01-30 00:15:31,385][__main__][INFO] - [2, 14, 21, 31], [10]
[2025-01-30 00:15:31,404][__main__][INFO] - [2, 14, 21, 32], [10]
[2025-01-30 00:15:31,423][__main__][INFO] - [2, 14, 21, 33], [10]
[2025-01-30 00:15:31,443][__main__][INFO] - [2, 14, 21, 34], [10]
[2025-01-30 00:15:31,462][__main__][INFO] - [2, 14, 21, 35], [10]
[2025-01-30 00:15:31,520][__main__][INFO] - [2, 14, 22, 28], [10]
[2025-01-30 00:15:31,618][__main__][INFO] - [2, 14, 22, 35], [10]
[2025-01-30 00:15:31,769][__main__][INFO] - [2, 14, 23, 35], [10]
[2025-01-30 00:15:31,921][__main__][INFO] - [2, 14, 24, 35], [10]
[2025-01-30 00:15:31,981][__main__][INFO] - [2, 15, 21, 26], [10]
[2025-01-30 00:15:32,014][__main__][INFO] - [2, 15, 21, 28], [10]
[2025-01-30 00:15:32,033][__main__][INFO] - [2, 15, 21, 29], [10]
[2025-01-30 00:15:32,053][__main__][INFO] - [2, 15, 21, 30], [10]
[2025-01-30 00:15:32,073][__main__][INFO] - [2, 15, 21, 31], [10]
[2025-01-30 00:15:32,092][__main__][INFO] - [2, 15, 21, 32], [10]
[2025-01-30 00:15:32,111][__main__][INFO] - [2, 15, 21, 33], [10]
[2025-01-30 00:15:32,130][__main__][INFO] - [2, 15, 21, 34], [10]
[2025-01-30 00:15:32,149][__main__][INFO] - [2, 15, 21, 35], [10]
[2025-01-30 00:15:32,195][__main__][INFO] - [2, 15, 22, 27], [10]
[2025-01-30 00:15:32,215][__main__][INFO] - [2, 15, 22, 28], [10]
[2025-01-30 00:15:32,234][__main__][INFO] - [2, 15, 22, 29], [10]
[2025-01-30 00:15:32,254][__main__][INFO] - [2, 15, 22, 30], [10]
[2025-01-30 00:15:32,273][__main__][INFO] - [2, 15, 22, 31], [10]
[2025-01-30 00:15:32,292][__main__][INFO] - [2, 15, 22, 32], [10]
[2025-01-30 00:15:32,311][__main__][INFO] - [2, 15, 22, 33], [10]
[2025-01-30 00:15:32,330][__main__][INFO] - [2, 15, 22, 34], [10]
[2025-01-30 00:15:32,349][__main__][INFO] - [2, 15, 22, 35], [10]
[2025-01-30 00:15:32,394][__main__][INFO] - [2, 15, 23, 27], [10]
[2025-01-30 00:15:32,413][__main__][INFO] - [2, 15, 23, 28], [10]
[2025-01-30 00:15:32,432][__main__][INFO] - [2, 15, 23, 29], [10]
[2025-01-30 00:15:32,451][__main__][INFO] - [2, 15, 23, 30], [10]
[2025-01-30 00:15:32,470][__main__][INFO] - [2, 15, 23, 31], [10]
[2025-01-30 00:15:32,490][__main__][INFO] - [2, 15, 23, 32], [10]
[2025-01-30 00:15:32,510][__main__][INFO] - [2, 15, 23, 33], [10]
[2025-01-30 00:15:32,528][__main__][INFO] - [2, 15, 23, 34], [10]
[2025-01-30 00:15:32,547][__main__][INFO] - [2, 15, 23, 35], [10]
[2025-01-30 00:15:32,698][__main__][INFO] - [2, 15, 24, 35], [10]
[2025-01-30 00:15:32,793][__main__][INFO] - [2, 16, 21, 29], [10]
[2025-01-30 00:15:32,812][__main__][INFO] - [2, 16, 21, 30], [10]
[2025-01-30 00:15:32,882][__main__][INFO] - [2, 16, 21, 35], [10]
[2025-01-30 00:15:33,109][__main__][INFO] - [2, 17, 21, 26], [10]
[2025-01-30 00:15:33,129][__main__][INFO] - [2, 17, 21, 27], [10]
[2025-01-30 00:15:33,148][__main__][INFO] - [2, 17, 21, 28], [10]
[2025-01-30 00:15:33,167][__main__][INFO] - [2, 17, 21, 29], [10]
[2025-01-30 00:15:33,187][__main__][INFO] - [2, 17, 21, 30], [10]
[2025-01-30 00:15:33,206][__main__][INFO] - [2, 17, 21, 31], [10]
[2025-01-30 00:15:33,224][__main__][INFO] - [2, 17, 21, 32], [10]
[2025-01-30 00:15:33,243][__main__][INFO] - [2, 17, 21, 33], [10]
[2025-01-30 00:15:33,263][__main__][INFO] - [2, 17, 21, 34], [10]
[2025-01-30 00:15:33,282][__main__][INFO] - [2, 17, 21, 35], [10]
[2025-01-30 00:15:33,313][__main__][INFO] - [2, 17, 22, 26], [10]
[2025-01-30 00:15:33,333][__main__][INFO] - [2, 17, 22, 27], [10]
[2025-01-30 00:15:33,351][__main__][INFO] - [2, 17, 22, 28], [10]
[2025-01-30 00:15:33,370][__main__][INFO] - [2, 17, 22, 29], [10]
[2025-01-30 00:15:33,389][__main__][INFO] - [2, 17, 22, 30], [10]
[2025-01-30 00:15:33,408][__main__][INFO] - [2, 17, 22, 31], [10]
[2025-01-30 00:15:33,426][__main__][INFO] - [2, 17, 22, 32], [10]
[2025-01-30 00:15:33,445][__main__][INFO] - [2, 17, 22, 33], [10]
[2025-01-30 00:15:33,464][__main__][INFO] - [2, 17, 22, 34], [10]
[2025-01-30 00:15:33,482][__main__][INFO] - [2, 17, 22, 35], [10]
[2025-01-30 00:15:33,529][__main__][INFO] - [2, 17, 23, 27], [10]
[2025-01-30 00:15:33,548][__main__][INFO] - [2, 17, 23, 28], [10]
[2025-01-30 00:15:33,567][__main__][INFO] - [2, 17, 23, 29], [10]
[2025-01-30 00:15:33,586][__main__][INFO] - [2, 17, 23, 30], [10]
[2025-01-30 00:15:33,605][__main__][INFO] - [2, 17, 23, 31], [10]
[2025-01-30 00:15:33,624][__main__][INFO] - [2, 17, 23, 32], [10]
[2025-01-30 00:15:33,643][__main__][INFO] - [2, 17, 23, 33], [10]
[2025-01-30 00:15:33,662][__main__][INFO] - [2, 17, 23, 34], [10]
[2025-01-30 00:15:33,681][__main__][INFO] - [2, 17, 23, 35], [10]
[2025-01-30 00:15:34,358][__main__][INFO] - [2, 19, 21, 35], [10]
[2025-01-30 00:15:34,611][__main__][INFO] - [2, 11, 12, 21, 26], []
[2025-01-30 00:15:34,630][__main__][INFO] - [2, 11, 12, 21, 27], []
[2025-01-30 00:15:34,649][__main__][INFO] - [2, 11, 12, 21, 28], []
[2025-01-30 00:15:34,668][__main__][INFO] - [2, 11, 12, 21, 29], []
[2025-01-30 00:15:34,688][__main__][INFO] - [2, 11, 12, 21, 30], []
[2025-01-30 00:15:34,707][__main__][INFO] - [2, 11, 12, 21, 31], []
[2025-01-30 00:15:34,727][__main__][INFO] - [2, 11, 12, 21, 32], []
[2025-01-30 00:15:34,747][__main__][INFO] - [2, 11, 12, 21, 33], []
[2025-01-30 00:15:34,766][__main__][INFO] - [2, 11, 12, 21, 34], []
[2025-01-30 00:15:34,785][__main__][INFO] - [2, 11, 12, 21, 35], []
[2025-01-30 00:15:34,843][__main__][INFO] - [2, 11, 12, 22, 28], []
[2025-01-30 00:15:34,862][__main__][INFO] - [2, 11, 12, 22, 29], []
[2025-01-30 00:15:35,087][__main__][INFO] - [2, 11, 12, 23, 35], []
[2025-01-30 00:15:35,488][__main__][INFO] - [2, 11, 14, 21, 35], []
[2025-01-30 00:15:35,705][__main__][INFO] - [2, 11, 15, 21, 35], []
[2025-01-30 00:15:36,002][__main__][INFO] - [2, 11, 15, 23, 35], []
[2025-01-30 00:15:36,208][__main__][INFO] - [2, 11, 17, 21, 35], []
[2025-01-30 00:15:36,623][__main__][INFO] - [2, 12, 21, 26], [11]
[2025-01-30 00:15:36,642][__main__][INFO] - [2, 12, 21, 27], [11]
[2025-01-30 00:15:36,661][__main__][INFO] - [2, 12, 21, 28], [11]
[2025-01-30 00:15:36,680][__main__][INFO] - [2, 12, 21, 29], [11]
[2025-01-30 00:15:36,699][__main__][INFO] - [2, 12, 21, 30], [11]
[2025-01-30 00:15:36,718][__main__][INFO] - [2, 12, 21, 31], [11]
[2025-01-30 00:15:36,737][__main__][INFO] - [2, 12, 21, 32], [11]
[2025-01-30 00:15:36,756][__main__][INFO] - [2, 12, 21, 33], [11]
[2025-01-30 00:15:36,775][__main__][INFO] - [2, 12, 21, 34], [11]
[2025-01-30 00:15:36,793][__main__][INFO] - [2, 12, 21, 35], [11]
[2025-01-30 00:15:36,826][__main__][INFO] - [2, 12, 22, 26], [11]
[2025-01-30 00:15:36,845][__main__][INFO] - [2, 12, 22, 27], [11]
[2025-01-30 00:15:36,863][__main__][INFO] - [2, 12, 22, 28], [11]
[2025-01-30 00:15:36,882][__main__][INFO] - [2, 12, 22, 29], [11]
[2025-01-30 00:15:36,901][__main__][INFO] - [2, 12, 22, 30], [11]
[2025-01-30 00:15:36,920][__main__][INFO] - [2, 12, 22, 31], [11]
[2025-01-30 00:15:36,939][__main__][INFO] - [2, 12, 22, 32], [11]
[2025-01-30 00:15:36,958][__main__][INFO] - [2, 12, 22, 33], [11]
[2025-01-30 00:15:36,977][__main__][INFO] - [2, 12, 22, 34], [11]
[2025-01-30 00:15:36,995][__main__][INFO] - [2, 12, 22, 35], [11]
[2025-01-30 00:15:37,028][__main__][INFO] - [2, 12, 23, 26], [11]
[2025-01-30 00:15:37,047][__main__][INFO] - [2, 12, 23, 27], [11]
[2025-01-30 00:15:37,065][__main__][INFO] - [2, 12, 23, 28], [11]
[2025-01-30 00:15:37,084][__main__][INFO] - [2, 12, 23, 29], [11]
[2025-01-30 00:15:37,103][__main__][INFO] - [2, 12, 23, 30], [11]
[2025-01-30 00:15:37,122][__main__][INFO] - [2, 12, 23, 31], [11]
[2025-01-30 00:15:37,141][__main__][INFO] - [2, 12, 23, 32], [11]
[2025-01-30 00:15:37,160][__main__][INFO] - [2, 12, 23, 33], [11]
[2025-01-30 00:15:37,179][__main__][INFO] - [2, 12, 23, 34], [11]
[2025-01-30 00:15:37,198][__main__][INFO] - [2, 12, 23, 35], [11]
[2025-01-30 00:15:37,308][__main__][INFO] - [2, 12, 24, 32], [11]
[2025-01-30 00:15:37,326][__main__][INFO] - [2, 12, 24, 33], [11]
[2025-01-30 00:15:37,359][__main__][INFO] - [2, 12, 24, 35], [11]
[2025-01-30 00:15:37,549][__main__][INFO] - [2, 13, 21, 26], [11]
[2025-01-30 00:15:37,568][__main__][INFO] - [2, 13, 21, 27], [11]
[2025-01-30 00:15:37,587][__main__][INFO] - [2, 13, 21, 28], [11]
[2025-01-30 00:15:37,606][__main__][INFO] - [2, 13, 21, 29], [11]
[2025-01-30 00:15:37,625][__main__][INFO] - [2, 13, 21, 30], [11]
[2025-01-30 00:15:37,646][__main__][INFO] - [2, 13, 21, 31], [11]
[2025-01-30 00:15:37,665][__main__][INFO] - [2, 13, 21, 32], [11]
[2025-01-30 00:15:37,684][__main__][INFO] - [2, 13, 21, 33], [11]
[2025-01-30 00:15:37,703][__main__][INFO] - [2, 13, 21, 34], [11]
[2025-01-30 00:15:37,722][__main__][INFO] - [2, 13, 21, 35], [11]
[2025-01-30 00:15:37,794][__main__][INFO] - [2, 13, 22, 29], [11]
[2025-01-30 00:15:37,880][__main__][INFO] - [2, 13, 22, 35], [11]
[2025-01-30 00:15:37,951][__main__][INFO] - [2, 13, 23, 29], [11]
[2025-01-30 00:15:38,036][__main__][INFO] - [2, 13, 23, 35], [11]
[2025-01-30 00:15:38,105][__main__][INFO] - [2, 14, 21, 26], [11]
[2025-01-30 00:15:38,124][__main__][INFO] - [2, 14, 21, 27], [11]
[2025-01-30 00:15:38,143][__main__][INFO] - [2, 14, 21, 28], [11]
[2025-01-30 00:15:38,163][__main__][INFO] - [2, 14, 21, 29], [11]
[2025-01-30 00:15:38,182][__main__][INFO] - [2, 14, 21, 30], [11]
[2025-01-30 00:15:38,201][__main__][INFO] - [2, 14, 21, 31], [11]
[2025-01-30 00:15:38,219][__main__][INFO] - [2, 14, 21, 32], [11]
[2025-01-30 00:15:38,237][__main__][INFO] - [2, 14, 21, 33], [11]
[2025-01-30 00:15:38,256][__main__][INFO] - [2, 14, 21, 34], [11]
[2025-01-30 00:15:38,274][__main__][INFO] - [2, 14, 21, 35], [11]
[2025-01-30 00:15:38,331][__main__][INFO] - [2, 14, 22, 28], [11]
[2025-01-30 00:15:38,349][__main__][INFO] - [2, 14, 22, 29], [11]
[2025-01-30 00:15:38,367][__main__][INFO] - [2, 14, 22, 30], [11]
[2025-01-30 00:15:38,385][__main__][INFO] - [2, 14, 22, 31], [11]
[2025-01-30 00:15:38,430][__main__][INFO] - [2, 14, 22, 34], [11]
[2025-01-30 00:15:38,449][__main__][INFO] - [2, 14, 22, 35], [11]
[2025-01-30 00:15:38,601][__main__][INFO] - [2, 14, 23, 35], [11]
[2025-01-30 00:15:38,751][__main__][INFO] - [2, 14, 24, 35], [11]
[2025-01-30 00:15:38,810][__main__][INFO] - [2, 15, 21, 26], [11]
[2025-01-30 00:15:38,829][__main__][INFO] - [2, 15, 21, 27], [11]
[2025-01-30 00:15:38,848][__main__][INFO] - [2, 15, 21, 28], [11]
[2025-01-30 00:15:38,867][__main__][INFO] - [2, 15, 21, 29], [11]
[2025-01-30 00:15:38,886][__main__][INFO] - [2, 15, 21, 30], [11]
[2025-01-30 00:15:38,905][__main__][INFO] - [2, 15, 21, 31], [11]
[2025-01-30 00:15:38,924][__main__][INFO] - [2, 15, 21, 32], [11]
[2025-01-30 00:15:38,943][__main__][INFO] - [2, 15, 21, 33], [11]
[2025-01-30 00:15:38,962][__main__][INFO] - [2, 15, 21, 34], [11]
[2025-01-30 00:15:38,981][__main__][INFO] - [2, 15, 21, 35], [11]
[2025-01-30 00:15:39,013][__main__][INFO] - [2, 15, 22, 26], [11]
[2025-01-30 00:15:39,033][__main__][INFO] - [2, 15, 22, 27], [11]
[2025-01-30 00:15:39,051][__main__][INFO] - [2, 15, 22, 28], [11]
[2025-01-30 00:15:39,071][__main__][INFO] - [2, 15, 22, 29], [11]
[2025-01-30 00:15:39,090][__main__][INFO] - [2, 15, 22, 30], [11]
[2025-01-30 00:15:39,109][__main__][INFO] - [2, 15, 22, 31], [11]
[2025-01-30 00:15:39,128][__main__][INFO] - [2, 15, 22, 32], [11]
[2025-01-30 00:15:39,147][__main__][INFO] - [2, 15, 22, 33], [11]
[2025-01-30 00:15:39,165][__main__][INFO] - [2, 15, 22, 34], [11]
[2025-01-30 00:15:39,186][__main__][INFO] - [2, 15, 22, 35], [11]
[2025-01-30 00:15:39,218][__main__][INFO] - [2, 15, 23, 26], [11]
[2025-01-30 00:15:39,237][__main__][INFO] - [2, 15, 23, 27], [11]
[2025-01-30 00:15:39,257][__main__][INFO] - [2, 15, 23, 28], [11]
[2025-01-30 00:15:39,276][__main__][INFO] - [2, 15, 23, 29], [11]
[2025-01-30 00:15:39,295][__main__][INFO] - [2, 15, 23, 30], [11]
[2025-01-30 00:15:39,314][__main__][INFO] - [2, 15, 23, 31], [11]
[2025-01-30 00:15:39,333][__main__][INFO] - [2, 15, 23, 32], [11]
[2025-01-30 00:15:39,351][__main__][INFO] - [2, 15, 23, 33], [11]
[2025-01-30 00:15:39,370][__main__][INFO] - [2, 15, 23, 34], [11]
[2025-01-30 00:15:39,389][__main__][INFO] - [2, 15, 23, 35], [11]
[2025-01-30 00:15:39,540][__main__][INFO] - [2, 15, 24, 35], [11]
[2025-01-30 00:15:39,745][__main__][INFO] - [2, 16, 21, 27], [11]
[2025-01-30 00:15:39,779][__main__][INFO] - [2, 16, 21, 29], [11]
[2025-01-30 00:15:39,799][__main__][INFO] - [2, 16, 21, 30], [11]
[2025-01-30 00:15:39,819][__main__][INFO] - [2, 16, 21, 31], [11]
[2025-01-30 00:15:39,838][__main__][INFO] - [2, 16, 21, 32], [11]
[2025-01-30 00:15:39,858][__main__][INFO] - [2, 16, 21, 33], [11]
[2025-01-30 00:15:39,877][__main__][INFO] - [2, 16, 21, 34], [11]
[2025-01-30 00:15:39,895][__main__][INFO] - [2, 16, 21, 35], [11]
[2025-01-30 00:15:40,255][__main__][INFO] - [2, 17, 21, 26], [11]
[2025-01-30 00:15:40,275][__main__][INFO] - [2, 17, 21, 27], [11]
[2025-01-30 00:15:40,294][__main__][INFO] - [2, 17, 21, 28], [11]
[2025-01-30 00:15:40,313][__main__][INFO] - [2, 17, 21, 29], [11]
[2025-01-30 00:15:40,332][__main__][INFO] - [2, 17, 21, 30], [11]
[2025-01-30 00:15:40,351][__main__][INFO] - [2, 17, 21, 31], [11]
[2025-01-30 00:15:40,371][__main__][INFO] - [2, 17, 21, 32], [11]
[2025-01-30 00:15:40,391][__main__][INFO] - [2, 17, 21, 33], [11]
[2025-01-30 00:15:40,410][__main__][INFO] - [2, 17, 21, 34], [11]
[2025-01-30 00:15:40,428][__main__][INFO] - [2, 17, 21, 35], [11]
[2025-01-30 00:15:40,460][__main__][INFO] - [2, 17, 22, 26], [11]
[2025-01-30 00:15:40,479][__main__][INFO] - [2, 17, 22, 27], [11]
[2025-01-30 00:15:40,498][__main__][INFO] - [2, 17, 22, 28], [11]
[2025-01-30 00:15:40,518][__main__][INFO] - [2, 17, 22, 29], [11]
[2025-01-30 00:15:40,537][__main__][INFO] - [2, 17, 22, 30], [11]
[2025-01-30 00:15:40,555][__main__][INFO] - [2, 17, 22, 31], [11]
[2025-01-30 00:15:40,574][__main__][INFO] - [2, 17, 22, 32], [11]
[2025-01-30 00:15:40,593][__main__][INFO] - [2, 17, 22, 33], [11]
[2025-01-30 00:15:40,612][__main__][INFO] - [2, 17, 22, 34], [11]
[2025-01-30 00:15:40,631][__main__][INFO] - [2, 17, 22, 35], [11]
[2025-01-30 00:15:40,677][__main__][INFO] - [2, 17, 23, 27], [11]
[2025-01-30 00:15:40,696][__main__][INFO] - [2, 17, 23, 28], [11]
[2025-01-30 00:15:40,715][__main__][INFO] - [2, 17, 23, 29], [11]
[2025-01-30 00:15:40,734][__main__][INFO] - [2, 17, 23, 30], [11]
[2025-01-30 00:15:40,752][__main__][INFO] - [2, 17, 23, 31], [11]
[2025-01-30 00:15:40,772][__main__][INFO] - [2, 17, 23, 32], [11]
[2025-01-30 00:15:40,791][__main__][INFO] - [2, 17, 23, 33], [11]
[2025-01-30 00:15:40,809][__main__][INFO] - [2, 17, 23, 34], [11]
[2025-01-30 00:15:40,828][__main__][INFO] - [2, 17, 23, 35], [11]
[2025-01-30 00:15:41,276][__main__][INFO] - [2, 18, 21, 35], [11]
[2025-01-30 00:15:41,630][__main__][INFO] - [2, 19, 21, 35], [11]
[2025-01-30 00:15:41,927][__main__][INFO] - [2, 19, 23, 35], [11]
[2025-01-30 00:15:42,037][__main__][INFO] - [3, 10, 11, 12, 21], []
[2025-01-30 00:15:42,057][__main__][INFO] - [3, 10, 11, 12, 22], []
[2025-01-30 00:15:42,077][__main__][INFO] - [3, 10, 11, 12, 23], []
[2025-01-30 00:15:42,136][__main__][INFO] - [3, 10, 11, 12, 27], []
[2025-01-30 00:15:42,155][__main__][INFO] - [3, 10, 11, 12, 28], []
[2025-01-30 00:15:42,175][__main__][INFO] - [3, 10, 11, 12, 29], []
[2025-01-30 00:15:42,194][__main__][INFO] - [3, 10, 11, 12, 30], []
[2025-01-30 00:15:42,213][__main__][INFO] - [3, 10, 11, 12, 31], []
[2025-01-30 00:15:42,232][__main__][INFO] - [3, 10, 11, 12, 32], []
[2025-01-30 00:15:42,252][__main__][INFO] - [3, 10, 11, 12, 33], []
[2025-01-30 00:15:42,271][__main__][INFO] - [3, 10, 11, 12, 34], []
[2025-01-30 00:15:42,290][__main__][INFO] - [3, 10, 11, 12, 35], []
[2025-01-30 00:15:42,321][__main__][INFO] - [3, 10, 11, 13, 21], []
[2025-01-30 00:15:42,514][__main__][INFO] - [3, 10, 11, 13, 35], []
[2025-01-30 00:15:42,547][__main__][INFO] - [3, 10, 11, 14, 21], []
[2025-01-30 00:15:42,778][__main__][INFO] - [3, 10, 11, 15, 22], []
[2025-01-30 00:15:42,797][__main__][INFO] - [3, 10, 11, 15, 23], []
[2025-01-30 00:15:42,962][__main__][INFO] - [3, 10, 11, 15, 35], []
[2025-01-30 00:15:43,009][__main__][INFO] - [3, 10, 11, 17, 21], []
[2025-01-30 00:15:43,042][__main__][INFO] - [3, 10, 11, 17, 23], []
[2025-01-30 00:15:43,208][__main__][INFO] - [3, 10, 11, 17, 35], []
[2025-01-30 00:15:43,294][__main__][INFO] - [3, 10, 11, 21, 27], []
[2025-01-30 00:15:43,314][__main__][INFO] - [3, 10, 11, 21, 28], []
[2025-01-30 00:15:43,334][__main__][INFO] - [3, 10, 11, 21, 29], []
[2025-01-30 00:15:43,353][__main__][INFO] - [3, 10, 11, 21, 30], []
[2025-01-30 00:15:43,373][__main__][INFO] - [3, 10, 11, 21, 31], []
[2025-01-30 00:15:43,392][__main__][INFO] - [3, 10, 11, 21, 32], []
[2025-01-30 00:15:43,412][__main__][INFO] - [3, 10, 11, 21, 33], []
[2025-01-30 00:15:43,430][__main__][INFO] - [3, 10, 11, 21, 34], []
[2025-01-30 00:15:43,450][__main__][INFO] - [3, 10, 11, 21, 35], []
[2025-01-30 00:15:43,523][__main__][INFO] - [3, 10, 11, 22, 29], []
[2025-01-30 00:15:43,754][__main__][INFO] - [3, 10, 11, 23, 35], []
[2025-01-30 00:15:43,825][__main__][INFO] - [3, 10, 12, 21], [11]
[2025-01-30 00:15:43,845][__main__][INFO] - [3, 10, 12, 22], [11]
[2025-01-30 00:15:43,863][__main__][INFO] - [3, 10, 12, 23], [11]
[2025-01-30 00:15:43,882][__main__][INFO] - [3, 10, 12, 24], [11]
[2025-01-30 00:15:43,914][__main__][INFO] - [3, 10, 12, 26], [11]
[2025-01-30 00:15:43,934][__main__][INFO] - [3, 10, 12, 27], [11]
[2025-01-30 00:15:43,952][__main__][INFO] - [3, 10, 12, 28], [11]
[2025-01-30 00:15:43,971][__main__][INFO] - [3, 10, 12, 29], [11]
[2025-01-30 00:15:43,989][__main__][INFO] - [3, 10, 12, 30], [11]
[2025-01-30 00:15:44,008][__main__][INFO] - [3, 10, 12, 31], [11]
[2025-01-30 00:15:44,027][__main__][INFO] - [3, 10, 12, 32], [11]
[2025-01-30 00:15:44,045][__main__][INFO] - [3, 10, 12, 33], [11]
[2025-01-30 00:15:44,063][__main__][INFO] - [3, 10, 12, 34], [11]
[2025-01-30 00:15:44,081][__main__][INFO] - [3, 10, 12, 35], [11]
[2025-01-30 00:15:44,113][__main__][INFO] - [3, 10, 13, 21], [11]
[2025-01-30 00:15:44,131][__main__][INFO] - [3, 10, 13, 22], [11]
[2025-01-30 00:15:44,150][__main__][INFO] - [3, 10, 13, 23], [11]
[2025-01-30 00:15:44,195][__main__][INFO] - [3, 10, 13, 26], [11]
[2025-01-30 00:15:44,213][__main__][INFO] - [3, 10, 13, 27], [11]
[2025-01-30 00:15:44,232][__main__][INFO] - [3, 10, 13, 28], [11]
[2025-01-30 00:15:44,250][__main__][INFO] - [3, 10, 13, 29], [11]
[2025-01-30 00:15:44,268][__main__][INFO] - [3, 10, 13, 30], [11]
[2025-01-30 00:15:44,287][__main__][INFO] - [3, 10, 13, 31], [11]
[2025-01-30 00:15:44,305][__main__][INFO] - [3, 10, 13, 32], [11]
[2025-01-30 00:15:44,323][__main__][INFO] - [3, 10, 13, 33], [11]
[2025-01-30 00:15:44,341][__main__][INFO] - [3, 10, 13, 34], [11]
[2025-01-30 00:15:44,360][__main__][INFO] - [3, 10, 13, 35], [11]
[2025-01-30 00:15:44,391][__main__][INFO] - [3, 10, 14, 21], [11]
[2025-01-30 00:15:44,409][__main__][INFO] - [3, 10, 14, 22], [11]
[2025-01-30 00:15:44,427][__main__][INFO] - [3, 10, 14, 23], [11]
[2025-01-30 00:15:44,446][__main__][INFO] - [3, 10, 14, 24], [11]
[2025-01-30 00:15:44,490][__main__][INFO] - [3, 10, 14, 27], [11]
[2025-01-30 00:15:44,510][__main__][INFO] - [3, 10, 14, 28], [11]
[2025-01-30 00:15:44,528][__main__][INFO] - [3, 10, 14, 29], [11]
[2025-01-30 00:15:44,547][__main__][INFO] - [3, 10, 14, 30], [11]
[2025-01-30 00:15:44,565][__main__][INFO] - [3, 10, 14, 31], [11]
[2025-01-30 00:15:44,584][__main__][INFO] - [3, 10, 14, 32], [11]
[2025-01-30 00:15:44,602][__main__][INFO] - [3, 10, 14, 33], [11]
[2025-01-30 00:15:44,620][__main__][INFO] - [3, 10, 14, 34], [11]
[2025-01-30 00:15:44,639][__main__][INFO] - [3, 10, 14, 35], [11]
[2025-01-30 00:15:44,670][__main__][INFO] - [3, 10, 15, 21], [11]
[2025-01-30 00:15:44,689][__main__][INFO] - [3, 10, 15, 22], [11]
[2025-01-30 00:15:44,707][__main__][INFO] - [3, 10, 15, 23], [11]
[2025-01-30 00:15:44,726][__main__][INFO] - [3, 10, 15, 24], [11]
[2025-01-30 00:15:44,744][__main__][INFO] - [3, 10, 15, 25], [11]
[2025-01-30 00:15:44,763][__main__][INFO] - [3, 10, 15, 26], [11]
[2025-01-30 00:15:44,782][__main__][INFO] - [3, 10, 15, 27], [11]
[2025-01-30 00:15:44,800][__main__][INFO] - [3, 10, 15, 28], [11]
[2025-01-30 00:15:44,819][__main__][INFO] - [3, 10, 15, 29], [11]
[2025-01-30 00:15:44,837][__main__][INFO] - [3, 10, 15, 30], [11]
[2025-01-30 00:15:44,856][__main__][INFO] - [3, 10, 15, 31], [11]
[2025-01-30 00:15:44,874][__main__][INFO] - [3, 10, 15, 32], [11]
[2025-01-30 00:15:44,893][__main__][INFO] - [3, 10, 15, 33], [11]
[2025-01-30 00:15:44,911][__main__][INFO] - [3, 10, 15, 34], [11]
[2025-01-30 00:15:44,930][__main__][INFO] - [3, 10, 15, 35], [11]
[2025-01-30 00:15:44,961][__main__][INFO] - [3, 10, 16, 21], [11]
[2025-01-30 00:15:45,155][__main__][INFO] - [3, 10, 16, 35], [11]
[2025-01-30 00:15:45,187][__main__][INFO] - [3, 10, 17, 21], [11]
[2025-01-30 00:15:45,205][__main__][INFO] - [3, 10, 17, 22], [11]
[2025-01-30 00:15:45,224][__main__][INFO] - [3, 10, 17, 23], [11]
[2025-01-30 00:15:45,268][__main__][INFO] - [3, 10, 17, 26], [11]
[2025-01-30 00:15:45,287][__main__][INFO] - [3, 10, 17, 27], [11]
[2025-01-30 00:15:45,305][__main__][INFO] - [3, 10, 17, 28], [11]
[2025-01-30 00:15:45,323][__main__][INFO] - [3, 10, 17, 29], [11]
[2025-01-30 00:15:45,341][__main__][INFO] - [3, 10, 17, 30], [11]
[2025-01-30 00:15:45,359][__main__][INFO] - [3, 10, 17, 31], [11]
[2025-01-30 00:15:45,377][__main__][INFO] - [3, 10, 17, 32], [11]
[2025-01-30 00:15:45,395][__main__][INFO] - [3, 10, 17, 33], [11]
[2025-01-30 00:15:45,414][__main__][INFO] - [3, 10, 17, 34], [11]
[2025-01-30 00:15:45,432][__main__][INFO] - [3, 10, 17, 35], [11]
[2025-01-30 00:15:45,462][__main__][INFO] - [3, 10, 18, 21], [11]
[2025-01-30 00:15:45,680][__main__][INFO] - [3, 10, 19, 21], [11]
[2025-01-30 00:15:45,870][__main__][INFO] - [3, 10, 19, 35], [11]
[2025-01-30 00:15:45,916][__main__][INFO] - [3, 10, 21, 26], [11]
[2025-01-30 00:15:45,935][__main__][INFO] - [3, 10, 21, 27], [11]
[2025-01-30 00:15:45,953][__main__][INFO] - [3, 10, 21, 28], [11]
[2025-01-30 00:15:45,972][__main__][INFO] - [3, 10, 21, 29], [11]
[2025-01-30 00:15:45,991][__main__][INFO] - [3, 10, 21, 30], [11]
[2025-01-30 00:15:46,009][__main__][INFO] - [3, 10, 21, 31], [11]
[2025-01-30 00:15:46,028][__main__][INFO] - [3, 10, 21, 32], [11]
[2025-01-30 00:15:46,047][__main__][INFO] - [3, 10, 21, 33], [11]
[2025-01-30 00:15:46,065][__main__][INFO] - [3, 10, 21, 34], [11]
[2025-01-30 00:15:46,084][__main__][INFO] - [3, 10, 21, 35], [11]
[2025-01-30 00:15:46,116][__main__][INFO] - [3, 10, 22, 26], [11]
[2025-01-30 00:15:46,134][__main__][INFO] - [3, 10, 22, 27], [11]
[2025-01-30 00:15:46,153][__main__][INFO] - [3, 10, 22, 28], [11]
[2025-01-30 00:15:46,172][__main__][INFO] - [3, 10, 22, 29], [11]
[2025-01-30 00:15:46,190][__main__][INFO] - [3, 10, 22, 30], [11]
[2025-01-30 00:15:46,208][__main__][INFO] - [3, 10, 22, 31], [11]
[2025-01-30 00:15:46,226][__main__][INFO] - [3, 10, 22, 32], [11]
[2025-01-30 00:15:46,244][__main__][INFO] - [3, 10, 22, 33], [11]
[2025-01-30 00:15:46,263][__main__][INFO] - [3, 10, 22, 34], [11]
[2025-01-30 00:15:46,281][__main__][INFO] - [3, 10, 22, 35], [11]
[2025-01-30 00:15:46,310][__main__][INFO] - [3, 10, 23, 26], [11]
[2025-01-30 00:15:46,329][__main__][INFO] - [3, 10, 23, 27], [11]
[2025-01-30 00:15:46,347][__main__][INFO] - [3, 10, 23, 28], [11]
[2025-01-30 00:15:46,366][__main__][INFO] - [3, 10, 23, 29], [11]
[2025-01-30 00:15:46,385][__main__][INFO] - [3, 10, 23, 30], [11]
[2025-01-30 00:15:46,403][__main__][INFO] - [3, 10, 23, 31], [11]
[2025-01-30 00:15:46,422][__main__][INFO] - [3, 10, 23, 32], [11]
[2025-01-30 00:15:46,441][__main__][INFO] - [3, 10, 23, 33], [11]
[2025-01-30 00:15:46,460][__main__][INFO] - [3, 10, 23, 34], [11]
[2025-01-30 00:15:46,478][__main__][INFO] - [3, 10, 23, 35], [11]
[2025-01-30 00:15:46,536][__main__][INFO] - [3, 10, 24, 28], [11]
[2025-01-30 00:15:46,580][__main__][INFO] - [3, 10, 24, 31], [11]
[2025-01-30 00:15:46,640][__main__][INFO] - [3, 10, 24, 35], [11]
[2025-01-30 00:15:46,789][__main__][INFO] - [3, 10, 25, 35], [11]
[2025-01-30 00:15:46,834][__main__][INFO] - [3, 10, 12, 21, 26], []
[2025-01-30 00:15:46,853][__main__][INFO] - [3, 10, 12, 21, 27], []
[2025-01-30 00:15:46,873][__main__][INFO] - [3, 10, 12, 21, 28], []
[2025-01-30 00:15:46,892][__main__][INFO] - [3, 10, 12, 21, 29], []
[2025-01-30 00:15:46,911][__main__][INFO] - [3, 10, 12, 21, 30], []
[2025-01-30 00:15:46,931][__main__][INFO] - [3, 10, 12, 21, 31], []
[2025-01-30 00:15:46,951][__main__][INFO] - [3, 10, 12, 21, 32], []
[2025-01-30 00:15:46,970][__main__][INFO] - [3, 10, 12, 21, 33], []
[2025-01-30 00:15:46,989][__main__][INFO] - [3, 10, 12, 21, 34], []
[2025-01-30 00:15:47,008][__main__][INFO] - [3, 10, 12, 21, 35], []
[2025-01-30 00:15:47,041][__main__][INFO] - [3, 10, 12, 22, 26], []
[2025-01-30 00:15:47,060][__main__][INFO] - [3, 10, 12, 22, 27], []
[2025-01-30 00:15:47,080][__main__][INFO] - [3, 10, 12, 22, 28], []
[2025-01-30 00:15:47,099][__main__][INFO] - [3, 10, 12, 22, 29], []
[2025-01-30 00:15:47,118][__main__][INFO] - [3, 10, 12, 22, 30], []
[2025-01-30 00:15:47,137][__main__][INFO] - [3, 10, 12, 22, 31], []
[2025-01-30 00:15:47,157][__main__][INFO] - [3, 10, 12, 22, 32], []
[2025-01-30 00:15:47,177][__main__][INFO] - [3, 10, 12, 22, 33], []
[2025-01-30 00:15:47,196][__main__][INFO] - [3, 10, 12, 22, 34], []
[2025-01-30 00:15:47,216][__main__][INFO] - [3, 10, 12, 22, 35], []
[2025-01-30 00:15:47,262][__main__][INFO] - [3, 10, 12, 23, 27], []
[2025-01-30 00:15:47,281][__main__][INFO] - [3, 10, 12, 23, 28], []
[2025-01-30 00:15:47,300][__main__][INFO] - [3, 10, 12, 23, 29], []
[2025-01-30 00:15:47,320][__main__][INFO] - [3, 10, 12, 23, 30], []
[2025-01-30 00:15:47,340][__main__][INFO] - [3, 10, 12, 23, 31], []
[2025-01-30 00:15:47,359][__main__][INFO] - [3, 10, 12, 23, 32], []
[2025-01-30 00:15:47,378][__main__][INFO] - [3, 10, 12, 23, 33], []
[2025-01-30 00:15:47,398][__main__][INFO] - [3, 10, 12, 23, 34], []
[2025-01-30 00:15:47,417][__main__][INFO] - [3, 10, 12, 23, 35], []
[2025-01-30 00:15:47,569][__main__][INFO] - [3, 10, 12, 24, 35], []
[2025-01-30 00:15:47,628][__main__][INFO] - [3, 10, 13, 21, 26], []
[2025-01-30 00:15:47,648][__main__][INFO] - [3, 10, 13, 21, 27], []
[2025-01-30 00:15:47,667][__main__][INFO] - [3, 10, 13, 21, 28], []
[2025-01-30 00:15:47,687][__main__][INFO] - [3, 10, 13, 21, 29], []
[2025-01-30 00:15:47,706][__main__][INFO] - [3, 10, 13, 21, 30], []
[2025-01-30 00:15:47,725][__main__][INFO] - [3, 10, 13, 21, 31], []
[2025-01-30 00:15:47,745][__main__][INFO] - [3, 10, 13, 21, 32], []
[2025-01-30 00:15:47,764][__main__][INFO] - [3, 10, 13, 21, 33], []
[2025-01-30 00:15:47,783][__main__][INFO] - [3, 10, 13, 21, 34], []
[2025-01-30 00:15:47,803][__main__][INFO] - [3, 10, 13, 21, 35], []
[2025-01-30 00:15:48,021][__main__][INFO] - [3, 10, 13, 23, 29], []
[2025-01-30 00:15:48,108][__main__][INFO] - [3, 10, 13, 23, 35], []
[2025-01-30 00:15:48,206][__main__][INFO] - [3, 10, 14, 21, 28], []
[2025-01-30 00:15:48,226][__main__][INFO] - [3, 10, 14, 21, 29], []
[2025-01-30 00:15:48,245][__main__][INFO] - [3, 10, 14, 21, 30], []
[2025-01-30 00:15:48,265][__main__][INFO] - [3, 10, 14, 21, 31], []
[2025-01-30 00:15:48,284][__main__][INFO] - [3, 10, 14, 21, 32], []
[2025-01-30 00:15:48,304][__main__][INFO] - [3, 10, 14, 21, 33], []
[2025-01-30 00:15:48,323][__main__][INFO] - [3, 10, 14, 21, 34], []
[2025-01-30 00:15:48,343][__main__][INFO] - [3, 10, 14, 21, 35], []
[2025-01-30 00:15:48,640][__main__][INFO] - [3, 10, 14, 23, 35], []
[2025-01-30 00:15:48,792][__main__][INFO] - [3, 10, 14, 24, 35], []
[2025-01-30 00:15:48,891][__main__][INFO] - [3, 10, 15, 21, 29], []
[2025-01-30 00:15:48,911][__main__][INFO] - [3, 10, 15, 21, 30], []
[2025-01-30 00:15:48,931][__main__][INFO] - [3, 10, 15, 21, 31], []
[2025-01-30 00:15:48,950][__main__][INFO] - [3, 10, 15, 21, 32], []
[2025-01-30 00:15:48,969][__main__][INFO] - [3, 10, 15, 21, 33], []
[2025-01-30 00:15:49,002][__main__][INFO] - [3, 10, 15, 21, 35], []
[2025-01-30 00:15:49,047][__main__][INFO] - [3, 10, 15, 22, 27], []
[2025-01-30 00:15:49,067][__main__][INFO] - [3, 10, 15, 22, 28], []
[2025-01-30 00:15:49,087][__main__][INFO] - [3, 10, 15, 22, 29], []
[2025-01-30 00:15:49,107][__main__][INFO] - [3, 10, 15, 22, 30], []
[2025-01-30 00:15:49,127][__main__][INFO] - [3, 10, 15, 22, 31], []
[2025-01-30 00:15:49,146][__main__][INFO] - [3, 10, 15, 22, 32], []
[2025-01-30 00:15:49,166][__main__][INFO] - [3, 10, 15, 22, 33], []
[2025-01-30 00:15:49,186][__main__][INFO] - [3, 10, 15, 22, 34], []
[2025-01-30 00:15:49,206][__main__][INFO] - [3, 10, 15, 22, 35], []
[2025-01-30 00:15:49,242][__main__][INFO] - [3, 10, 15, 23, 26], []
[2025-01-30 00:15:49,263][__main__][INFO] - [3, 10, 15, 23, 27], []
[2025-01-30 00:15:49,285][__main__][INFO] - [3, 10, 15, 23, 28], []
[2025-01-30 00:15:49,304][__main__][INFO] - [3, 10, 15, 23, 29], []
[2025-01-30 00:15:49,323][__main__][INFO] - [3, 10, 15, 23, 30], []
[2025-01-30 00:15:49,343][__main__][INFO] - [3, 10, 15, 23, 31], []
[2025-01-30 00:15:49,362][__main__][INFO] - [3, 10, 15, 23, 32], []
[2025-01-30 00:15:49,381][__main__][INFO] - [3, 10, 15, 23, 33], []
[2025-01-30 00:15:49,401][__main__][INFO] - [3, 10, 15, 23, 34], []
[2025-01-30 00:15:49,420][__main__][INFO] - [3, 10, 15, 23, 35], []
[2025-01-30 00:15:49,572][__main__][INFO] - [3, 10, 15, 24, 35], []
[2025-01-30 00:15:49,881][__main__][INFO] - [3, 10, 16, 21, 35], []
[2025-01-30 00:15:49,989][__main__][INFO] - [3, 10, 17, 21, 27], []
[2025-01-30 00:15:50,009][__main__][INFO] - [3, 10, 17, 21, 28], []
[2025-01-30 00:15:50,029][__main__][INFO] - [3, 10, 17, 21, 29], []
[2025-01-30 00:15:50,048][__main__][INFO] - [3, 10, 17, 21, 30], []
[2025-01-30 00:15:50,068][__main__][INFO] - [3, 10, 17, 21, 31], []
[2025-01-30 00:15:50,087][__main__][INFO] - [3, 10, 17, 21, 32], []
[2025-01-30 00:15:50,106][__main__][INFO] - [3, 10, 17, 21, 33], []
[2025-01-30 00:15:50,126][__main__][INFO] - [3, 10, 17, 21, 34], []
[2025-01-30 00:15:50,146][__main__][INFO] - [3, 10, 17, 21, 35], []
[2025-01-30 00:15:50,179][__main__][INFO] - [3, 10, 17, 22, 26], []
[2025-01-30 00:15:50,198][__main__][INFO] - [3, 10, 17, 22, 27], []
[2025-01-30 00:15:50,217][__main__][INFO] - [3, 10, 17, 22, 28], []
[2025-01-30 00:15:50,237][__main__][INFO] - [3, 10, 17, 22, 29], []
[2025-01-30 00:15:50,257][__main__][INFO] - [3, 10, 17, 22, 30], []
[2025-01-30 00:15:50,277][__main__][INFO] - [3, 10, 17, 22, 31], []
[2025-01-30 00:15:50,296][__main__][INFO] - [3, 10, 17, 22, 32], []
[2025-01-30 00:15:50,315][__main__][INFO] - [3, 10, 17, 22, 33], []
[2025-01-30 00:15:50,335][__main__][INFO] - [3, 10, 17, 22, 34], []
[2025-01-30 00:15:50,354][__main__][INFO] - [3, 10, 17, 22, 35], []
[2025-01-30 00:15:50,400][__main__][INFO] - [3, 10, 17, 23, 27], []
[2025-01-30 00:15:50,420][__main__][INFO] - [3, 10, 17, 23, 28], []
[2025-01-30 00:15:50,440][__main__][INFO] - [3, 10, 17, 23, 29], []
[2025-01-30 00:15:50,459][__main__][INFO] - [3, 10, 17, 23, 30], []
[2025-01-30 00:15:50,479][__main__][INFO] - [3, 10, 17, 23, 31], []
[2025-01-30 00:15:50,498][__main__][INFO] - [3, 10, 17, 23, 32], []
[2025-01-30 00:15:50,517][__main__][INFO] - [3, 10, 17, 23, 33], []
[2025-01-30 00:15:50,538][__main__][INFO] - [3, 10, 17, 23, 34], []
[2025-01-30 00:15:50,557][__main__][INFO] - [3, 10, 17, 23, 35], []
[2025-01-30 00:15:50,956][__main__][INFO] - [3, 10, 19, 21, 35], []
[2025-01-30 00:15:51,079][__main__][INFO] - [3, 11, 12, 21], [10]
[2025-01-30 00:15:51,099][__main__][INFO] - [3, 11, 12, 22], [10]
[2025-01-30 00:15:51,118][__main__][INFO] - [3, 11, 12, 23], [10]
[2025-01-30 00:15:51,176][__main__][INFO] - [3, 11, 12, 27], [10]
[2025-01-30 00:15:51,195][__main__][INFO] - [3, 11, 12, 28], [10]
[2025-01-30 00:15:51,213][__main__][INFO] - [3, 11, 12, 29], [10]
[2025-01-30 00:15:51,231][__main__][INFO] - [3, 11, 12, 30], [10]
[2025-01-30 00:15:51,249][__main__][INFO] - [3, 11, 12, 31], [10]
[2025-01-30 00:15:51,267][__main__][INFO] - [3, 11, 12, 32], [10]
[2025-01-30 00:15:51,285][__main__][INFO] - [3, 11, 12, 33], [10]
[2025-01-30 00:15:51,304][__main__][INFO] - [3, 11, 12, 34], [10]
[2025-01-30 00:15:51,322][__main__][INFO] - [3, 11, 12, 35], [10]
[2025-01-30 00:15:51,354][__main__][INFO] - [3, 11, 13, 21], [10]
[2025-01-30 00:15:51,571][__main__][INFO] - [3, 11, 14, 21], [10]
[2025-01-30 00:15:51,816][__main__][INFO] - [3, 11, 15, 23], [10]
[2025-01-30 00:15:51,985][__main__][INFO] - [3, 11, 15, 35], [10]
[2025-01-30 00:15:52,030][__main__][INFO] - [3, 11, 17, 21], [10]
[2025-01-30 00:15:52,049][__main__][INFO] - [3, 11, 17, 22], [10]
[2025-01-30 00:15:52,306][__main__][INFO] - [3, 11, 21, 27], [10]
[2025-01-30 00:15:52,326][__main__][INFO] - [3, 11, 21, 28], [10]
[2025-01-30 00:15:52,345][__main__][INFO] - [3, 11, 21, 29], [10]
[2025-01-30 00:15:52,365][__main__][INFO] - [3, 11, 21, 30], [10]
[2025-01-30 00:15:52,384][__main__][INFO] - [3, 11, 21, 31], [10]
[2025-01-30 00:15:52,403][__main__][INFO] - [3, 11, 21, 32], [10]
[2025-01-30 00:15:52,421][__main__][INFO] - [3, 11, 21, 33], [10]
[2025-01-30 00:15:52,440][__main__][INFO] - [3, 11, 21, 34], [10]
[2025-01-30 00:15:52,459][__main__][INFO] - [3, 11, 21, 35], [10]
[2025-01-30 00:15:52,713][__main__][INFO] - [3, 11, 23, 32], [10]
[2025-01-30 00:15:52,757][__main__][INFO] - [3, 11, 23, 35], [10]
[2025-01-30 00:15:52,826][__main__][INFO] - [3, 12, 21], [10, 11]
[2025-01-30 00:15:52,845][__main__][INFO] - [3, 12, 22], [10, 11]
[2025-01-30 00:15:52,865][__main__][INFO] - [3, 12, 23], [10, 11]
[2025-01-30 00:15:52,883][__main__][INFO] - [3, 12, 24], [10, 11]
[2025-01-30 00:15:52,902][__main__][INFO] - [3, 12, 25], [10, 11]
[2025-01-30 00:15:52,920][__main__][INFO] - [3, 12, 26], [10, 11]
[2025-01-30 00:15:52,940][__main__][INFO] - [3, 12, 27], [10, 11]
[2025-01-30 00:15:52,958][__main__][INFO] - [3, 12, 28], [10, 11]
[2025-01-30 00:15:52,978][__main__][INFO] - [3, 12, 29], [10, 11]
[2025-01-30 00:15:52,996][__main__][INFO] - [3, 12, 30], [10, 11]
[2025-01-30 00:15:53,016][__main__][INFO] - [3, 12, 31], [10, 11]
[2025-01-30 00:15:53,035][__main__][INFO] - [3, 12, 32], [10, 11]
[2025-01-30 00:15:53,053][__main__][INFO] - [3, 12, 33], [10, 11]
[2025-01-30 00:15:53,072][__main__][INFO] - [3, 12, 34], [10, 11]
[2025-01-30 00:15:53,090][__main__][INFO] - [3, 12, 35], [10, 11]
[2025-01-30 00:15:53,122][__main__][INFO] - [3, 13, 21], [10, 11]
[2025-01-30 00:15:53,141][__main__][INFO] - [3, 13, 22], [10, 11]
[2025-01-30 00:15:53,160][__main__][INFO] - [3, 13, 23], [10, 11]
[2025-01-30 00:15:53,219][__main__][INFO] - [3, 13, 27], [10, 11]
[2025-01-30 00:15:53,237][__main__][INFO] - [3, 13, 28], [10, 11]
[2025-01-30 00:15:53,256][__main__][INFO] - [3, 13, 29], [10, 11]
[2025-01-30 00:15:53,275][__main__][INFO] - [3, 13, 30], [10, 11]
[2025-01-30 00:15:53,293][__main__][INFO] - [3, 13, 31], [10, 11]
[2025-01-30 00:15:53,312][__main__][INFO] - [3, 13, 32], [10, 11]
[2025-01-30 00:15:53,331][__main__][INFO] - [3, 13, 33], [10, 11]
[2025-01-30 00:15:53,349][__main__][INFO] - [3, 13, 34], [10, 11]
[2025-01-30 00:15:53,368][__main__][INFO] - [3, 13, 35], [10, 11]
[2025-01-30 00:15:53,399][__main__][INFO] - [3, 14, 21], [10, 11]
[2025-01-30 00:15:53,419][__main__][INFO] - [3, 14, 22], [10, 11]
[2025-01-30 00:15:53,438][__main__][INFO] - [3, 14, 23], [10, 11]
[2025-01-30 00:15:53,456][__main__][INFO] - [3, 14, 24], [10, 11]
[2025-01-30 00:15:53,500][__main__][INFO] - [3, 14, 27], [10, 11]
[2025-01-30 00:15:53,519][__main__][INFO] - [3, 14, 28], [10, 11]
[2025-01-30 00:15:53,538][__main__][INFO] - [3, 14, 29], [10, 11]
[2025-01-30 00:15:53,557][__main__][INFO] - [3, 14, 30], [10, 11]
[2025-01-30 00:15:53,575][__main__][INFO] - [3, 14, 31], [10, 11]
[2025-01-30 00:15:53,594][__main__][INFO] - [3, 14, 32], [10, 11]
[2025-01-30 00:15:53,613][__main__][INFO] - [3, 14, 33], [10, 11]
[2025-01-30 00:15:53,632][__main__][INFO] - [3, 14, 34], [10, 11]
[2025-01-30 00:15:53,650][__main__][INFO] - [3, 14, 35], [10, 11]
[2025-01-30 00:15:53,682][__main__][INFO] - [3, 15, 21], [10, 11]
[2025-01-30 00:15:53,701][__main__][INFO] - [3, 15, 22], [10, 11]
[2025-01-30 00:15:53,719][__main__][INFO] - [3, 15, 23], [10, 11]
[2025-01-30 00:15:53,738][__main__][INFO] - [3, 15, 24], [10, 11]
[2025-01-30 00:15:53,770][__main__][INFO] - [3, 15, 26], [10, 11]
[2025-01-30 00:15:53,788][__main__][INFO] - [3, 15, 27], [10, 11]
[2025-01-30 00:15:53,807][__main__][INFO] - [3, 15, 28], [10, 11]
[2025-01-30 00:15:53,825][__main__][INFO] - [3, 15, 29], [10, 11]
[2025-01-30 00:15:53,844][__main__][INFO] - [3, 15, 30], [10, 11]
[2025-01-30 00:15:53,862][__main__][INFO] - [3, 15, 31], [10, 11]
[2025-01-30 00:15:53,882][__main__][INFO] - [3, 15, 32], [10, 11]
[2025-01-30 00:15:53,900][__main__][INFO] - [3, 15, 33], [10, 11]
[2025-01-30 00:15:53,919][__main__][INFO] - [3, 15, 34], [10, 11]
[2025-01-30 00:15:53,937][__main__][INFO] - [3, 15, 35], [10, 11]
[2025-01-30 00:15:53,970][__main__][INFO] - [3, 16, 21], [10, 11]
[2025-01-30 00:15:53,988][__main__][INFO] - [3, 16, 22], [10, 11]
[2025-01-30 00:15:54,128][__main__][INFO] - [3, 16, 32], [10, 11]
[2025-01-30 00:15:54,173][__main__][INFO] - [3, 16, 35], [10, 11]
[2025-01-30 00:15:54,205][__main__][INFO] - [3, 17, 21], [10, 11]
[2025-01-30 00:15:54,224][__main__][INFO] - [3, 17, 22], [10, 11]
[2025-01-30 00:15:54,243][__main__][INFO] - [3, 17, 23], [10, 11]
[2025-01-30 00:15:54,262][__main__][INFO] - [3, 17, 24], [10, 11]
[2025-01-30 00:15:54,294][__main__][INFO] - [3, 17, 26], [10, 11]
[2025-01-30 00:15:54,313][__main__][INFO] - [3, 17, 27], [10, 11]
[2025-01-30 00:15:54,333][__main__][INFO] - [3, 17, 28], [10, 11]
[2025-01-30 00:15:54,351][__main__][INFO] - [3, 17, 29], [10, 11]
[2025-01-30 00:15:54,371][__main__][INFO] - [3, 17, 30], [10, 11]
[2025-01-30 00:15:54,390][__main__][INFO] - [3, 17, 31], [10, 11]
[2025-01-30 00:15:54,410][__main__][INFO] - [3, 17, 32], [10, 11]
[2025-01-30 00:15:54,428][__main__][INFO] - [3, 17, 33], [10, 11]
[2025-01-30 00:15:54,447][__main__][INFO] - [3, 17, 34], [10, 11]
[2025-01-30 00:15:54,465][__main__][INFO] - [3, 17, 35], [10, 11]
[2025-01-30 00:15:54,497][__main__][INFO] - [3, 18, 21], [10, 11]
[2025-01-30 00:15:54,712][__main__][INFO] - [3, 19, 21], [10, 11]
[2025-01-30 00:15:54,744][__main__][INFO] - [3, 19, 23], [10, 11]
[2025-01-30 00:15:54,900][__main__][INFO] - [3, 19, 35], [10, 11]
[2025-01-30 00:15:54,945][__main__][INFO] - [3, 21, 26], [10, 11]
[2025-01-30 00:15:54,965][__main__][INFO] - [3, 21, 27], [10, 11]
[2025-01-30 00:15:54,984][__main__][INFO] - [3, 21, 28], [10, 11]
[2025-01-30 00:15:55,004][__main__][INFO] - [3, 21, 29], [10, 11]
[2025-01-30 00:15:55,023][__main__][INFO] - [3, 21, 30], [10, 11]
[2025-01-30 00:15:55,042][__main__][INFO] - [3, 21, 31], [10, 11]
[2025-01-30 00:15:55,061][__main__][INFO] - [3, 21, 32], [10, 11]
[2025-01-30 00:15:55,079][__main__][INFO] - [3, 21, 33], [10, 11]
[2025-01-30 00:15:55,097][__main__][INFO] - [3, 21, 34], [10, 11]
[2025-01-30 00:15:55,115][__main__][INFO] - [3, 21, 35], [10, 11]
[2025-01-30 00:15:55,147][__main__][INFO] - [3, 22, 26], [10, 11]
[2025-01-30 00:15:55,166][__main__][INFO] - [3, 22, 27], [10, 11]
[2025-01-30 00:15:55,185][__main__][INFO] - [3, 22, 28], [10, 11]
[2025-01-30 00:15:55,204][__main__][INFO] - [3, 22, 29], [10, 11]
[2025-01-30 00:15:55,223][__main__][INFO] - [3, 22, 30], [10, 11]
[2025-01-30 00:15:55,242][__main__][INFO] - [3, 22, 31], [10, 11]
[2025-01-30 00:15:55,261][__main__][INFO] - [3, 22, 32], [10, 11]
[2025-01-30 00:15:55,280][__main__][INFO] - [3, 22, 33], [10, 11]
[2025-01-30 00:15:55,299][__main__][INFO] - [3, 22, 34], [10, 11]
[2025-01-30 00:15:55,319][__main__][INFO] - [3, 22, 35], [10, 11]
[2025-01-30 00:15:55,351][__main__][INFO] - [3, 23, 26], [10, 11]
[2025-01-30 00:15:55,371][__main__][INFO] - [3, 23, 27], [10, 11]
[2025-01-30 00:15:55,390][__main__][INFO] - [3, 23, 28], [10, 11]
[2025-01-30 00:15:55,408][__main__][INFO] - [3, 23, 29], [10, 11]
[2025-01-30 00:15:55,426][__main__][INFO] - [3, 23, 30], [10, 11]
[2025-01-30 00:15:55,445][__main__][INFO] - [3, 23, 31], [10, 11]
[2025-01-30 00:15:55,464][__main__][INFO] - [3, 23, 32], [10, 11]
[2025-01-30 00:15:55,483][__main__][INFO] - [3, 23, 33], [10, 11]
[2025-01-30 00:15:55,502][__main__][INFO] - [3, 23, 34], [10, 11]
[2025-01-30 00:15:55,521][__main__][INFO] - [3, 23, 35], [10, 11]
[2025-01-30 00:15:55,648][__main__][INFO] - [3, 24, 33], [10, 11]
[2025-01-30 00:15:55,681][__main__][INFO] - [3, 24, 35], [10, 11]
[2025-01-30 00:15:55,833][__main__][INFO] - [3, 25, 35], [10, 11]
[2025-01-30 00:15:55,877][__main__][INFO] - [3, 12, 21, 26], [10]
[2025-01-30 00:15:55,897][__main__][INFO] - [3, 12, 21, 27], [10]
[2025-01-30 00:15:55,916][__main__][INFO] - [3, 12, 21, 28], [10]
[2025-01-30 00:15:55,935][__main__][INFO] - [3, 12, 21, 29], [10]
[2025-01-30 00:15:55,954][__main__][INFO] - [3, 12, 21, 30], [10]
[2025-01-30 00:15:55,973][__main__][INFO] - [3, 12, 21, 31], [10]
[2025-01-30 00:15:55,991][__main__][INFO] - [3, 12, 21, 32], [10]
[2025-01-30 00:15:56,008][__main__][INFO] - [3, 12, 21, 33], [10]
[2025-01-30 00:15:56,026][__main__][INFO] - [3, 12, 21, 34], [10]
[2025-01-30 00:15:56,043][__main__][INFO] - [3, 12, 21, 35], [10]
[2025-01-30 00:15:56,075][__main__][INFO] - [3, 12, 22, 26], [10]
[2025-01-30 00:15:56,093][__main__][INFO] - [3, 12, 22, 27], [10]
[2025-01-30 00:15:56,111][__main__][INFO] - [3, 12, 22, 28], [10]
[2025-01-30 00:15:56,129][__main__][INFO] - [3, 12, 22, 29], [10]
[2025-01-30 00:15:56,148][__main__][INFO] - [3, 12, 22, 30], [10]
[2025-01-30 00:15:56,167][__main__][INFO] - [3, 12, 22, 31], [10]
[2025-01-30 00:15:56,185][__main__][INFO] - [3, 12, 22, 32], [10]
[2025-01-30 00:15:56,204][__main__][INFO] - [3, 12, 22, 33], [10]
[2025-01-30 00:15:56,222][__main__][INFO] - [3, 12, 22, 34], [10]
[2025-01-30 00:15:56,241][__main__][INFO] - [3, 12, 22, 35], [10]
[2025-01-30 00:15:56,273][__main__][INFO] - [3, 12, 23, 26], [10]
[2025-01-30 00:15:56,292][__main__][INFO] - [3, 12, 23, 27], [10]
[2025-01-30 00:15:56,311][__main__][INFO] - [3, 12, 23, 28], [10]
[2025-01-30 00:15:56,330][__main__][INFO] - [3, 12, 23, 29], [10]
[2025-01-30 00:15:56,349][__main__][INFO] - [3, 12, 23, 30], [10]
[2025-01-30 00:15:56,366][__main__][INFO] - [3, 12, 23, 31], [10]
[2025-01-30 00:15:56,384][__main__][INFO] - [3, 12, 23, 32], [10]
[2025-01-30 00:15:56,403][__main__][INFO] - [3, 12, 23, 33], [10]
[2025-01-30 00:15:56,421][__main__][INFO] - [3, 12, 23, 34], [10]
[2025-01-30 00:15:56,440][__main__][INFO] - [3, 12, 23, 35], [10]
[2025-01-30 00:15:56,585][__main__][INFO] - [3, 12, 24, 35], [10]
[2025-01-30 00:15:56,729][__main__][INFO] - [3, 12, 25, 35], [10]
[2025-01-30 00:15:56,785][__main__][INFO] - [3, 13, 21, 27], [10]
[2025-01-30 00:15:56,803][__main__][INFO] - [3, 13, 21, 28], [10]
[2025-01-30 00:15:56,822][__main__][INFO] - [3, 13, 21, 29], [10]
[2025-01-30 00:15:56,840][__main__][INFO] - [3, 13, 21, 30], [10]
[2025-01-30 00:15:56,859][__main__][INFO] - [3, 13, 21, 31], [10]
[2025-01-30 00:15:56,878][__main__][INFO] - [3, 13, 21, 32], [10]
[2025-01-30 00:15:56,895][__main__][INFO] - [3, 13, 21, 33], [10]
[2025-01-30 00:15:56,913][__main__][INFO] - [3, 13, 21, 34], [10]
[2025-01-30 00:15:56,932][__main__][INFO] - [3, 13, 21, 35], [10]
[2025-01-30 00:15:57,227][__main__][INFO] - [3, 13, 23, 35], [10]
[2025-01-30 00:15:57,311][__main__][INFO] - [3, 14, 21, 27], [10]
[2025-01-30 00:15:57,343][__main__][INFO] - [3, 14, 21, 29], [10]
[2025-01-30 00:15:57,362][__main__][INFO] - [3, 14, 21, 30], [10]
[2025-01-30 00:15:57,381][__main__][INFO] - [3, 14, 21, 31], [10]
[2025-01-30 00:15:57,401][__main__][INFO] - [3, 14, 21, 32], [10]
[2025-01-30 00:15:57,420][__main__][INFO] - [3, 14, 21, 33], [10]
[2025-01-30 00:15:57,439][__main__][INFO] - [3, 14, 21, 34], [10]
[2025-01-30 00:15:57,457][__main__][INFO] - [3, 14, 21, 35], [10]
[2025-01-30 00:15:57,602][__main__][INFO] - [3, 14, 22, 35], [10]
[2025-01-30 00:15:57,750][__main__][INFO] - [3, 14, 23, 35], [10]
[2025-01-30 00:15:57,897][__main__][INFO] - [3, 14, 24, 35], [10]
[2025-01-30 00:15:58,019][__main__][INFO] - [3, 15, 21, 31], [10]
[2025-01-30 00:15:58,039][__main__][INFO] - [3, 15, 21, 32], [10]
[2025-01-30 00:15:58,057][__main__][INFO] - [3, 15, 21, 33], [10]
[2025-01-30 00:15:58,076][__main__][INFO] - [3, 15, 21, 34], [10]
[2025-01-30 00:15:58,094][__main__][INFO] - [3, 15, 21, 35], [10]
[2025-01-30 00:15:58,139][__main__][INFO] - [3, 15, 22, 27], [10]
[2025-01-30 00:15:58,158][__main__][INFO] - [3, 15, 22, 28], [10]
[2025-01-30 00:15:58,177][__main__][INFO] - [3, 15, 22, 29], [10]
[2025-01-30 00:15:58,197][__main__][INFO] - [3, 15, 22, 30], [10]
[2025-01-30 00:15:58,216][__main__][INFO] - [3, 15, 22, 31], [10]
[2025-01-30 00:15:58,234][__main__][INFO] - [3, 15, 22, 32], [10]
[2025-01-30 00:15:58,252][__main__][INFO] - [3, 15, 22, 33], [10]
[2025-01-30 00:15:58,271][__main__][INFO] - [3, 15, 22, 34], [10]
[2025-01-30 00:15:58,290][__main__][INFO] - [3, 15, 22, 35], [10]
[2025-01-30 00:15:58,334][__main__][INFO] - [3, 15, 23, 27], [10]
[2025-01-30 00:15:58,353][__main__][INFO] - [3, 15, 23, 28], [10]
[2025-01-30 00:15:58,371][__main__][INFO] - [3, 15, 23, 29], [10]
[2025-01-30 00:15:58,389][__main__][INFO] - [3, 15, 23, 30], [10]
[2025-01-30 00:15:58,408][__main__][INFO] - [3, 15, 23, 31], [10]
[2025-01-30 00:15:58,427][__main__][INFO] - [3, 15, 23, 32], [10]
[2025-01-30 00:15:58,445][__main__][INFO] - [3, 15, 23, 33], [10]
[2025-01-30 00:15:58,463][__main__][INFO] - [3, 15, 23, 34], [10]
[2025-01-30 00:15:58,481][__main__][INFO] - [3, 15, 23, 35], [10]
[2025-01-30 00:15:58,626][__main__][INFO] - [3, 15, 24, 35], [10]
[2025-01-30 00:15:58,764][__main__][INFO] - [3, 16, 21, 32], [10]
[2025-01-30 00:15:58,810][__main__][INFO] - [3, 16, 21, 35], [10]
[2025-01-30 00:15:59,050][__main__][INFO] - [3, 17, 21, 27], [10]
[2025-01-30 00:15:59,069][__main__][INFO] - [3, 17, 21, 28], [10]
[2025-01-30 00:15:59,089][__main__][INFO] - [3, 17, 21, 29], [10]
[2025-01-30 00:15:59,109][__main__][INFO] - [3, 17, 21, 30], [10]
[2025-01-30 00:15:59,128][__main__][INFO] - [3, 17, 21, 31], [10]
[2025-01-30 00:15:59,147][__main__][INFO] - [3, 17, 21, 32], [10]
[2025-01-30 00:15:59,166][__main__][INFO] - [3, 17, 21, 33], [10]
[2025-01-30 00:15:59,185][__main__][INFO] - [3, 17, 21, 34], [10]
[2025-01-30 00:15:59,203][__main__][INFO] - [3, 17, 21, 35], [10]
[2025-01-30 00:15:59,234][__main__][INFO] - [3, 17, 22, 26], [10]
[2025-01-30 00:15:59,253][__main__][INFO] - [3, 17, 22, 27], [10]
[2025-01-30 00:15:59,271][__main__][INFO] - [3, 17, 22, 28], [10]
[2025-01-30 00:15:59,290][__main__][INFO] - [3, 17, 22, 29], [10]
[2025-01-30 00:15:59,309][__main__][INFO] - [3, 17, 22, 30], [10]
[2025-01-30 00:15:59,327][__main__][INFO] - [3, 17, 22, 31], [10]
[2025-01-30 00:15:59,345][__main__][INFO] - [3, 17, 22, 32], [10]
[2025-01-30 00:15:59,363][__main__][INFO] - [3, 17, 22, 33], [10]
[2025-01-30 00:15:59,381][__main__][INFO] - [3, 17, 22, 34], [10]
[2025-01-30 00:15:59,399][__main__][INFO] - [3, 17, 22, 35], [10]
[2025-01-30 00:15:59,442][__main__][INFO] - [3, 17, 23, 27], [10]
[2025-01-30 00:15:59,461][__main__][INFO] - [3, 17, 23, 28], [10]
[2025-01-30 00:15:59,480][__main__][INFO] - [3, 17, 23, 29], [10]
[2025-01-30 00:15:59,499][__main__][INFO] - [3, 17, 23, 30], [10]
[2025-01-30 00:15:59,518][__main__][INFO] - [3, 17, 23, 31], [10]
[2025-01-30 00:15:59,537][__main__][INFO] - [3, 17, 23, 32], [10]
[2025-01-30 00:15:59,556][__main__][INFO] - [3, 17, 23, 33], [10]
[2025-01-30 00:15:59,574][__main__][INFO] - [3, 17, 23, 34], [10]
[2025-01-30 00:15:59,593][__main__][INFO] - [3, 17, 23, 35], [10]
[2025-01-30 00:16:00,360][__main__][INFO] - [3, 11, 12, 21, 27], []
[2025-01-30 00:16:00,381][__main__][INFO] - [3, 11, 12, 21, 28], []
[2025-01-30 00:16:00,401][__main__][INFO] - [3, 11, 12, 21, 29], []
[2025-01-30 00:16:00,420][__main__][INFO] - [3, 11, 12, 21, 30], []
[2025-01-30 00:16:00,439][__main__][INFO] - [3, 11, 12, 21, 31], []
[2025-01-30 00:16:00,459][__main__][INFO] - [3, 11, 12, 21, 32], []
[2025-01-30 00:16:00,478][__main__][INFO] - [3, 11, 12, 21, 33], []
[2025-01-30 00:16:00,497][__main__][INFO] - [3, 11, 12, 21, 34], []
[2025-01-30 00:16:00,516][__main__][INFO] - [3, 11, 12, 21, 35], []
[2025-01-30 00:16:00,586][__main__][INFO] - [3, 11, 12, 22, 29], []
[2025-01-30 00:16:00,809][__main__][INFO] - [3, 11, 12, 23, 35], []
[2025-01-30 00:16:00,918][__main__][INFO] - [3, 11, 13, 21, 29], []
[2025-01-30 00:16:01,205][__main__][INFO] - [3, 11, 14, 21, 35], []
[2025-01-30 00:16:01,692][__main__][INFO] - [3, 11, 15, 23, 35], []
[2025-01-30 00:16:01,892][__main__][INFO] - [3, 11, 17, 21, 35], []
[2025-01-30 00:16:02,296][__main__][INFO] - [3, 12, 21, 26], [11]
[2025-01-30 00:16:02,315][__main__][INFO] - [3, 12, 21, 27], [11]
[2025-01-30 00:16:02,333][__main__][INFO] - [3, 12, 21, 28], [11]
[2025-01-30 00:16:02,352][__main__][INFO] - [3, 12, 21, 29], [11]
[2025-01-30 00:16:02,371][__main__][INFO] - [3, 12, 21, 30], [11]
[2025-01-30 00:16:02,390][__main__][INFO] - [3, 12, 21, 31], [11]
[2025-01-30 00:16:02,409][__main__][INFO] - [3, 12, 21, 32], [11]
[2025-01-30 00:16:02,427][__main__][INFO] - [3, 12, 21, 33], [11]
[2025-01-30 00:16:02,445][__main__][INFO] - [3, 12, 21, 34], [11]
[2025-01-30 00:16:02,463][__main__][INFO] - [3, 12, 21, 35], [11]
[2025-01-30 00:16:02,495][__main__][INFO] - [3, 12, 22, 26], [11]
[2025-01-30 00:16:02,513][__main__][INFO] - [3, 12, 22, 27], [11]
[2025-01-30 00:16:02,532][__main__][INFO] - [3, 12, 22, 28], [11]
[2025-01-30 00:16:02,550][__main__][INFO] - [3, 12, 22, 29], [11]
[2025-01-30 00:16:02,569][__main__][INFO] - [3, 12, 22, 30], [11]
[2025-01-30 00:16:02,587][__main__][INFO] - [3, 12, 22, 31], [11]
[2025-01-30 00:16:02,606][__main__][INFO] - [3, 12, 22, 32], [11]
[2025-01-30 00:16:02,625][__main__][INFO] - [3, 12, 22, 33], [11]
[2025-01-30 00:16:02,644][__main__][INFO] - [3, 12, 22, 34], [11]
[2025-01-30 00:16:02,662][__main__][INFO] - [3, 12, 22, 35], [11]
[2025-01-30 00:16:02,693][__main__][INFO] - [3, 12, 23, 26], [11]
[2025-01-30 00:16:02,712][__main__][INFO] - [3, 12, 23, 27], [11]
[2025-01-30 00:16:02,730][__main__][INFO] - [3, 12, 23, 28], [11]
[2025-01-30 00:16:02,749][__main__][INFO] - [3, 12, 23, 29], [11]
[2025-01-30 00:16:02,768][__main__][INFO] - [3, 12, 23, 30], [11]
[2025-01-30 00:16:02,786][__main__][INFO] - [3, 12, 23, 31], [11]
[2025-01-30 00:16:02,805][__main__][INFO] - [3, 12, 23, 32], [11]
[2025-01-30 00:16:02,823][__main__][INFO] - [3, 12, 23, 33], [11]
[2025-01-30 00:16:02,841][__main__][INFO] - [3, 12, 23, 34], [11]
[2025-01-30 00:16:02,859][__main__][INFO] - [3, 12, 23, 35], [11]
[2025-01-30 00:16:02,953][__main__][INFO] - [3, 12, 24, 31], [11]
[2025-01-30 00:16:02,985][__main__][INFO] - [3, 12, 24, 33], [11]
[2025-01-30 00:16:03,016][__main__][INFO] - [3, 12, 24, 35], [11]
[2025-01-30 00:16:03,166][__main__][INFO] - [3, 12, 25, 35], [11]
[2025-01-30 00:16:03,212][__main__][INFO] - [3, 13, 21, 26], [11]
[2025-01-30 00:16:03,231][__main__][INFO] - [3, 13, 21, 27], [11]
[2025-01-30 00:16:03,251][__main__][INFO] - [3, 13, 21, 28], [11]
[2025-01-30 00:16:03,270][__main__][INFO] - [3, 13, 21, 29], [11]
[2025-01-30 00:16:03,289][__main__][INFO] - [3, 13, 21, 30], [11]
[2025-01-30 00:16:03,308][__main__][INFO] - [3, 13, 21, 31], [11]
[2025-01-30 00:16:03,328][__main__][INFO] - [3, 13, 21, 32], [11]
[2025-01-30 00:16:03,346][__main__][INFO] - [3, 13, 21, 33], [11]
[2025-01-30 00:16:03,365][__main__][INFO] - [3, 13, 21, 34], [11]
[2025-01-30 00:16:03,383][__main__][INFO] - [3, 13, 21, 35], [11]
[2025-01-30 00:16:03,532][__main__][INFO] - [3, 13, 22, 35], [11]
[2025-01-30 00:16:03,604][__main__][INFO] - [3, 13, 23, 29], [11]
[2025-01-30 00:16:03,623][__main__][INFO] - [3, 13, 23, 30], [11]
[2025-01-30 00:16:03,694][__main__][INFO] - [3, 13, 23, 35], [11]
[2025-01-30 00:16:03,899][__main__][INFO] - [3, 14, 21, 26], [11]
[2025-01-30 00:16:03,919][__main__][INFO] - [3, 14, 21, 27], [11]
[2025-01-30 00:16:03,939][__main__][INFO] - [3, 14, 21, 28], [11]
[2025-01-30 00:16:03,958][__main__][INFO] - [3, 14, 21, 29], [11]
[2025-01-30 00:16:03,977][__main__][INFO] - [3, 14, 21, 30], [11]
[2025-01-30 00:16:03,995][__main__][INFO] - [3, 14, 21, 31], [11]
[2025-01-30 00:16:04,014][__main__][INFO] - [3, 14, 21, 32], [11]
[2025-01-30 00:16:04,032][__main__][INFO] - [3, 14, 21, 33], [11]
[2025-01-30 00:16:04,051][__main__][INFO] - [3, 14, 21, 34], [11]
[2025-01-30 00:16:04,070][__main__][INFO] - [3, 14, 21, 35], [11]
[2025-01-30 00:16:04,182][__main__][INFO] - [3, 14, 22, 32], [11]
[2025-01-30 00:16:04,229][__main__][INFO] - [3, 14, 22, 35], [11]
[2025-01-30 00:16:04,315][__main__][INFO] - [3, 14, 23, 30], [11]
[2025-01-30 00:16:04,334][__main__][INFO] - [3, 14, 23, 31], [11]
[2025-01-30 00:16:04,353][__main__][INFO] - [3, 14, 23, 32], [11]
[2025-01-30 00:16:04,399][__main__][INFO] - [3, 14, 23, 35], [11]
[2025-01-30 00:16:04,544][__main__][INFO] - [3, 14, 24, 35], [11]
[2025-01-30 00:16:04,614][__main__][INFO] - [3, 15, 21, 27], [11]
[2025-01-30 00:16:04,633][__main__][INFO] - [3, 15, 21, 28], [11]
[2025-01-30 00:16:04,651][__main__][INFO] - [3, 15, 21, 29], [11]
[2025-01-30 00:16:04,670][__main__][INFO] - [3, 15, 21, 30], [11]
[2025-01-30 00:16:04,689][__main__][INFO] - [3, 15, 21, 31], [11]
[2025-01-30 00:16:04,707][__main__][INFO] - [3, 15, 21, 32], [11]
[2025-01-30 00:16:04,725][__main__][INFO] - [3, 15, 21, 33], [11]
[2025-01-30 00:16:04,743][__main__][INFO] - [3, 15, 21, 34], [11]
[2025-01-30 00:16:04,761][__main__][INFO] - [3, 15, 21, 35], [11]
[2025-01-30 00:16:04,792][__main__][INFO] - [3, 15, 22, 26], [11]
[2025-01-30 00:16:04,811][__main__][INFO] - [3, 15, 22, 27], [11]
[2025-01-30 00:16:04,829][__main__][INFO] - [3, 15, 22, 28], [11]
[2025-01-30 00:16:04,847][__main__][INFO] - [3, 15, 22, 29], [11]
[2025-01-30 00:16:04,865][__main__][INFO] - [3, 15, 22, 30], [11]
[2025-01-30 00:16:04,884][__main__][INFO] - [3, 15, 22, 31], [11]
[2025-01-30 00:16:04,902][__main__][INFO] - [3, 15, 22, 32], [11]
[2025-01-30 00:16:04,920][__main__][INFO] - [3, 15, 22, 33], [11]
[2025-01-30 00:16:04,938][__main__][INFO] - [3, 15, 22, 34], [11]
[2025-01-30 00:16:04,956][__main__][INFO] - [3, 15, 22, 35], [11]
[2025-01-30 00:16:04,988][__main__][INFO] - [3, 15, 23, 26], [11]
[2025-01-30 00:16:05,007][__main__][INFO] - [3, 15, 23, 27], [11]
[2025-01-30 00:16:05,026][__main__][INFO] - [3, 15, 23, 28], [11]
[2025-01-30 00:16:05,045][__main__][INFO] - [3, 15, 23, 29], [11]
[2025-01-30 00:16:05,065][__main__][INFO] - [3, 15, 23, 30], [11]
[2025-01-30 00:16:05,084][__main__][INFO] - [3, 15, 23, 31], [11]
[2025-01-30 00:16:05,104][__main__][INFO] - [3, 15, 23, 32], [11]
[2025-01-30 00:16:05,123][__main__][INFO] - [3, 15, 23, 33], [11]
[2025-01-30 00:16:05,142][__main__][INFO] - [3, 15, 23, 34], [11]
[2025-01-30 00:16:05,161][__main__][INFO] - [3, 15, 23, 35], [11]
[2025-01-30 00:16:05,310][__main__][INFO] - [3, 15, 24, 35], [11]
[2025-01-30 00:16:05,462][__main__][INFO] - [3, 15, 25, 35], [11]
[2025-01-30 00:16:05,547][__main__][INFO] - [3, 16, 21, 29], [11]
[2025-01-30 00:16:05,580][__main__][INFO] - [3, 16, 21, 31], [11]
[2025-01-30 00:16:05,598][__main__][INFO] - [3, 16, 21, 32], [11]
[2025-01-30 00:16:05,617][__main__][INFO] - [3, 16, 21, 33], [11]
[2025-01-30 00:16:05,649][__main__][INFO] - [3, 16, 21, 35], [11]
[2025-01-30 00:16:06,025][__main__][INFO] - [3, 17, 21, 27], [11]
[2025-01-30 00:16:06,045][__main__][INFO] - [3, 17, 21, 28], [11]
[2025-01-30 00:16:06,065][__main__][INFO] - [3, 17, 21, 29], [11]
[2025-01-30 00:16:06,083][__main__][INFO] - [3, 17, 21, 30], [11]
[2025-01-30 00:16:06,102][__main__][INFO] - [3, 17, 21, 31], [11]
[2025-01-30 00:16:06,121][__main__][INFO] - [3, 17, 21, 32], [11]
[2025-01-30 00:16:06,140][__main__][INFO] - [3, 17, 21, 33], [11]
[2025-01-30 00:16:06,159][__main__][INFO] - [3, 17, 21, 34], [11]
[2025-01-30 00:16:06,178][__main__][INFO] - [3, 17, 21, 35], [11]
[2025-01-30 00:16:06,209][__main__][INFO] - [3, 17, 22, 26], [11]
[2025-01-30 00:16:06,228][__main__][INFO] - [3, 17, 22, 27], [11]
[2025-01-30 00:16:06,246][__main__][INFO] - [3, 17, 22, 28], [11]
[2025-01-30 00:16:06,264][__main__][INFO] - [3, 17, 22, 29], [11]
[2025-01-30 00:16:06,283][__main__][INFO] - [3, 17, 22, 30], [11]
[2025-01-30 00:16:06,301][__main__][INFO] - [3, 17, 22, 31], [11]
[2025-01-30 00:16:06,319][__main__][INFO] - [3, 17, 22, 32], [11]
[2025-01-30 00:16:06,337][__main__][INFO] - [3, 17, 22, 33], [11]
[2025-01-30 00:16:06,355][__main__][INFO] - [3, 17, 22, 34], [11]
[2025-01-30 00:16:06,373][__main__][INFO] - [3, 17, 22, 35], [11]
[2025-01-30 00:16:06,404][__main__][INFO] - [3, 17, 23, 26], [11]
[2025-01-30 00:16:06,423][__main__][INFO] - [3, 17, 23, 27], [11]
[2025-01-30 00:16:06,441][__main__][INFO] - [3, 17, 23, 28], [11]
[2025-01-30 00:16:06,460][__main__][INFO] - [3, 17, 23, 29], [11]
[2025-01-30 00:16:06,478][__main__][INFO] - [3, 17, 23, 30], [11]
[2025-01-30 00:16:06,497][__main__][INFO] - [3, 17, 23, 31], [11]
[2025-01-30 00:16:06,516][__main__][INFO] - [3, 17, 23, 32], [11]
[2025-01-30 00:16:06,533][__main__][INFO] - [3, 17, 23, 33], [11]
[2025-01-30 00:16:06,551][__main__][INFO] - [3, 17, 23, 34], [11]
[2025-01-30 00:16:06,569][__main__][INFO] - [3, 17, 23, 35], [11]
[2025-01-30 00:16:06,885][__main__][INFO] - [3, 18, 21, 35], [11]
[2025-01-30 00:16:07,238][__main__][INFO] - [3, 19, 21, 35], [11]
[2025-01-30 00:16:07,773][__main__][INFO] - [4, 10, 11, 12, 21], []
[2025-01-30 00:16:07,793][__main__][INFO] - [4, 10, 11, 12, 22], []
[2025-01-30 00:16:07,811][__main__][INFO] - [4, 10, 11, 12, 23], []
[2025-01-30 00:16:07,857][__main__][INFO] - [4, 10, 11, 12, 26], []
[2025-01-30 00:16:07,875][__main__][INFO] - [4, 10, 11, 12, 27], []
[2025-01-30 00:16:07,895][__main__][INFO] - [4, 10, 11, 12, 28], []
[2025-01-30 00:16:07,914][__main__][INFO] - [4, 10, 11, 12, 29], []
[2025-01-30 00:16:07,933][__main__][INFO] - [4, 10, 11, 12, 30], []
[2025-01-30 00:16:07,952][__main__][INFO] - [4, 10, 11, 12, 31], []
[2025-01-30 00:16:07,971][__main__][INFO] - [4, 10, 11, 12, 32], []
[2025-01-30 00:16:07,990][__main__][INFO] - [4, 10, 11, 12, 33], []
[2025-01-30 00:16:08,008][__main__][INFO] - [4, 10, 11, 12, 34], []
[2025-01-30 00:16:08,028][__main__][INFO] - [4, 10, 11, 12, 35], []
[2025-01-30 00:16:08,060][__main__][INFO] - [4, 10, 11, 13, 21], []
[2025-01-30 00:16:08,251][__main__][INFO] - [4, 10, 11, 13, 35], []
[2025-01-30 00:16:08,283][__main__][INFO] - [4, 10, 11, 14, 21], []
[2025-01-30 00:16:08,475][__main__][INFO] - [4, 10, 11, 14, 35], []
[2025-01-30 00:16:08,521][__main__][INFO] - [4, 10, 11, 15, 22], []
[2025-01-30 00:16:08,540][__main__][INFO] - [4, 10, 11, 15, 23], []
[2025-01-30 00:16:08,707][__main__][INFO] - [4, 10, 11, 15, 35], []
[2025-01-30 00:16:08,739][__main__][INFO] - [4, 10, 11, 16, 21], []
[2025-01-30 00:16:08,960][__main__][INFO] - [4, 10, 11, 17, 21], []
[2025-01-30 00:16:08,979][__main__][INFO] - [4, 10, 11, 17, 22], []
[2025-01-30 00:16:08,998][__main__][INFO] - [4, 10, 11, 17, 23], []
[2025-01-30 00:16:09,083][__main__][INFO] - [4, 10, 11, 17, 29], []
[2025-01-30 00:16:09,231][__main__][INFO] - [4, 10, 11, 21, 26], []
[2025-01-30 00:16:09,251][__main__][INFO] - [4, 10, 11, 21, 27], []
[2025-01-30 00:16:09,270][__main__][INFO] - [4, 10, 11, 21, 28], []
[2025-01-30 00:16:09,289][__main__][INFO] - [4, 10, 11, 21, 29], []
[2025-01-30 00:16:09,308][__main__][INFO] - [4, 10, 11, 21, 30], []
[2025-01-30 00:16:09,328][__main__][INFO] - [4, 10, 11, 21, 31], []
[2025-01-30 00:16:09,347][__main__][INFO] - [4, 10, 11, 21, 32], []
[2025-01-30 00:16:09,366][__main__][INFO] - [4, 10, 11, 21, 33], []
[2025-01-30 00:16:09,385][__main__][INFO] - [4, 10, 11, 21, 34], []
[2025-01-30 00:16:09,404][__main__][INFO] - [4, 10, 11, 21, 35], []
[2025-01-30 00:16:09,475][__main__][INFO] - [4, 10, 11, 22, 29], []
[2025-01-30 00:16:09,561][__main__][INFO] - [4, 10, 11, 22, 35], []
[2025-01-30 00:16:09,620][__main__][INFO] - [4, 10, 11, 23, 28], []
[2025-01-30 00:16:09,639][__main__][INFO] - [4, 10, 11, 23, 29], []
[2025-01-30 00:16:09,659][__main__][INFO] - [4, 10, 11, 23, 30], []
[2025-01-30 00:16:09,692][__main__][INFO] - [4, 10, 11, 23, 32], []
[2025-01-30 00:16:09,711][__main__][INFO] - [4, 10, 11, 23, 33], []
[2025-01-30 00:16:09,743][__main__][INFO] - [4, 10, 11, 23, 35], []
[2025-01-30 00:16:09,815][__main__][INFO] - [4, 10, 12, 21], [11]
[2025-01-30 00:16:09,835][__main__][INFO] - [4, 10, 12, 22], [11]
[2025-01-30 00:16:09,854][__main__][INFO] - [4, 10, 12, 23], [11]
[2025-01-30 00:16:09,872][__main__][INFO] - [4, 10, 12, 24], [11]
[2025-01-30 00:16:09,890][__main__][INFO] - [4, 10, 12, 25], [11]
[2025-01-30 00:16:09,908][__main__][INFO] - [4, 10, 12, 26], [11]
[2025-01-30 00:16:09,926][__main__][INFO] - [4, 10, 12, 27], [11]
[2025-01-30 00:16:09,945][__main__][INFO] - [4, 10, 12, 28], [11]
[2025-01-30 00:16:09,964][__main__][INFO] - [4, 10, 12, 29], [11]
[2025-01-30 00:16:09,983][__main__][INFO] - [4, 10, 12, 30], [11]
[2025-01-30 00:16:10,002][__main__][INFO] - [4, 10, 12, 31], [11]
[2025-01-30 00:16:10,020][__main__][INFO] - [4, 10, 12, 32], [11]
[2025-01-30 00:16:10,039][__main__][INFO] - [4, 10, 12, 33], [11]
[2025-01-30 00:16:10,058][__main__][INFO] - [4, 10, 12, 34], [11]
[2025-01-30 00:16:10,076][__main__][INFO] - [4, 10, 12, 35], [11]
[2025-01-30 00:16:10,109][__main__][INFO] - [4, 10, 13, 21], [11]
[2025-01-30 00:16:10,128][__main__][INFO] - [4, 10, 13, 22], [11]
[2025-01-30 00:16:10,147][__main__][INFO] - [4, 10, 13, 23], [11]
[2025-01-30 00:16:10,205][__main__][INFO] - [4, 10, 13, 27], [11]
[2025-01-30 00:16:10,224][__main__][INFO] - [4, 10, 13, 28], [11]
[2025-01-30 00:16:10,243][__main__][INFO] - [4, 10, 13, 29], [11]
[2025-01-30 00:16:10,262][__main__][INFO] - [4, 10, 13, 30], [11]
[2025-01-30 00:16:10,281][__main__][INFO] - [4, 10, 13, 31], [11]
[2025-01-30 00:16:10,300][__main__][INFO] - [4, 10, 13, 32], [11]
[2025-01-30 00:16:10,318][__main__][INFO] - [4, 10, 13, 33], [11]
[2025-01-30 00:16:10,337][__main__][INFO] - [4, 10, 13, 34], [11]
[2025-01-30 00:16:10,356][__main__][INFO] - [4, 10, 13, 35], [11]
[2025-01-30 00:16:10,387][__main__][INFO] - [4, 10, 14, 21], [11]
[2025-01-30 00:16:10,405][__main__][INFO] - [4, 10, 14, 22], [11]
[2025-01-30 00:16:10,424][__main__][INFO] - [4, 10, 14, 23], [11]
[2025-01-30 00:16:10,442][__main__][INFO] - [4, 10, 14, 24], [11]
[2025-01-30 00:16:10,486][__main__][INFO] - [4, 10, 14, 27], [11]
[2025-01-30 00:16:10,505][__main__][INFO] - [4, 10, 14, 28], [11]
[2025-01-30 00:16:10,524][__main__][INFO] - [4, 10, 14, 29], [11]
[2025-01-30 00:16:10,543][__main__][INFO] - [4, 10, 14, 30], [11]
[2025-01-30 00:16:10,562][__main__][INFO] - [4, 10, 14, 31], [11]
[2025-01-30 00:16:10,580][__main__][INFO] - [4, 10, 14, 32], [11]
[2025-01-30 00:16:10,598][__main__][INFO] - [4, 10, 14, 33], [11]
[2025-01-30 00:16:10,616][__main__][INFO] - [4, 10, 14, 34], [11]
[2025-01-30 00:16:10,634][__main__][INFO] - [4, 10, 14, 35], [11]
[2025-01-30 00:16:10,666][__main__][INFO] - [4, 10, 15, 21], [11]
[2025-01-30 00:16:10,684][__main__][INFO] - [4, 10, 15, 22], [11]
[2025-01-30 00:16:10,703][__main__][INFO] - [4, 10, 15, 23], [11]
[2025-01-30 00:16:10,722][__main__][INFO] - [4, 10, 15, 24], [11]
[2025-01-30 00:16:10,754][__main__][INFO] - [4, 10, 15, 26], [11]
[2025-01-30 00:16:10,772][__main__][INFO] - [4, 10, 15, 27], [11]
[2025-01-30 00:16:10,790][__main__][INFO] - [4, 10, 15, 28], [11]
[2025-01-30 00:16:10,809][__main__][INFO] - [4, 10, 15, 29], [11]
[2025-01-30 00:16:10,826][__main__][INFO] - [4, 10, 15, 30], [11]
[2025-01-30 00:16:10,845][__main__][INFO] - [4, 10, 15, 31], [11]
[2025-01-30 00:16:10,863][__main__][INFO] - [4, 10, 15, 32], [11]
[2025-01-30 00:16:10,882][__main__][INFO] - [4, 10, 15, 33], [11]
[2025-01-30 00:16:10,901][__main__][INFO] - [4, 10, 15, 34], [11]
[2025-01-30 00:16:10,919][__main__][INFO] - [4, 10, 15, 35], [11]
[2025-01-30 00:16:10,951][__main__][INFO] - [4, 10, 16, 21], [11]
[2025-01-30 00:16:10,982][__main__][INFO] - [4, 10, 16, 23], [11]
[2025-01-30 00:16:11,080][__main__][INFO] - [4, 10, 16, 30], [11]
[2025-01-30 00:16:11,099][__main__][INFO] - [4, 10, 16, 31], [11]
[2025-01-30 00:16:11,157][__main__][INFO] - [4, 10, 16, 35], [11]
[2025-01-30 00:16:11,188][__main__][INFO] - [4, 10, 17, 21], [11]
[2025-01-30 00:16:11,206][__main__][INFO] - [4, 10, 17, 22], [11]
[2025-01-30 00:16:11,225][__main__][INFO] - [4, 10, 17, 23], [11]
[2025-01-30 00:16:11,270][__main__][INFO] - [4, 10, 17, 26], [11]
[2025-01-30 00:16:11,288][__main__][INFO] - [4, 10, 17, 27], [11]
[2025-01-30 00:16:11,306][__main__][INFO] - [4, 10, 17, 28], [11]
[2025-01-30 00:16:11,325][__main__][INFO] - [4, 10, 17, 29], [11]
[2025-01-30 00:16:11,343][__main__][INFO] - [4, 10, 17, 30], [11]
[2025-01-30 00:16:11,363][__main__][INFO] - [4, 10, 17, 31], [11]
[2025-01-30 00:16:11,381][__main__][INFO] - [4, 10, 17, 32], [11]
[2025-01-30 00:16:11,400][__main__][INFO] - [4, 10, 17, 33], [11]
[2025-01-30 00:16:11,418][__main__][INFO] - [4, 10, 17, 34], [11]
[2025-01-30 00:16:11,437][__main__][INFO] - [4, 10, 17, 35], [11]
[2025-01-30 00:16:11,469][__main__][INFO] - [4, 10, 18, 21], [11]
[2025-01-30 00:16:11,659][__main__][INFO] - [4, 10, 18, 35], [11]
[2025-01-30 00:16:11,690][__main__][INFO] - [4, 10, 19, 21], [11]
[2025-01-30 00:16:11,708][__main__][INFO] - [4, 10, 19, 22], [11]
[2025-01-30 00:16:11,727][__main__][INFO] - [4, 10, 19, 23], [11]
[2025-01-30 00:16:11,889][__main__][INFO] - [4, 10, 19, 35], [11]
[2025-01-30 00:16:11,934][__main__][INFO] - [4, 10, 21, 26], [11]
[2025-01-30 00:16:11,953][__main__][INFO] - [4, 10, 21, 27], [11]
[2025-01-30 00:16:11,973][__main__][INFO] - [4, 10, 21, 28], [11]
[2025-01-30 00:16:11,992][__main__][INFO] - [4, 10, 21, 29], [11]
[2025-01-30 00:16:12,011][__main__][INFO] - [4, 10, 21, 30], [11]
[2025-01-30 00:16:12,030][__main__][INFO] - [4, 10, 21, 31], [11]
[2025-01-30 00:16:12,049][__main__][INFO] - [4, 10, 21, 32], [11]
[2025-01-30 00:16:12,067][__main__][INFO] - [4, 10, 21, 33], [11]
[2025-01-30 00:16:12,086][__main__][INFO] - [4, 10, 21, 34], [11]
[2025-01-30 00:16:12,104][__main__][INFO] - [4, 10, 21, 35], [11]
[2025-01-30 00:16:12,137][__main__][INFO] - [4, 10, 22, 26], [11]
[2025-01-30 00:16:12,156][__main__][INFO] - [4, 10, 22, 27], [11]
[2025-01-30 00:16:12,175][__main__][INFO] - [4, 10, 22, 28], [11]
[2025-01-30 00:16:12,193][__main__][INFO] - [4, 10, 22, 29], [11]
[2025-01-30 00:16:12,211][__main__][INFO] - [4, 10, 22, 30], [11]
[2025-01-30 00:16:12,230][__main__][INFO] - [4, 10, 22, 31], [11]
[2025-01-30 00:16:12,248][__main__][INFO] - [4, 10, 22, 32], [11]
[2025-01-30 00:16:12,266][__main__][INFO] - [4, 10, 22, 33], [11]
[2025-01-30 00:16:12,284][__main__][INFO] - [4, 10, 22, 34], [11]
[2025-01-30 00:16:12,303][__main__][INFO] - [4, 10, 22, 35], [11]
[2025-01-30 00:16:12,334][__main__][INFO] - [4, 10, 23, 26], [11]
[2025-01-30 00:16:12,353][__main__][INFO] - [4, 10, 23, 27], [11]
[2025-01-30 00:16:12,372][__main__][INFO] - [4, 10, 23, 28], [11]
[2025-01-30 00:16:12,390][__main__][INFO] - [4, 10, 23, 29], [11]
[2025-01-30 00:16:12,408][__main__][INFO] - [4, 10, 23, 30], [11]
[2025-01-30 00:16:12,427][__main__][INFO] - [4, 10, 23, 31], [11]
[2025-01-30 00:16:12,446][__main__][INFO] - [4, 10, 23, 32], [11]
[2025-01-30 00:16:12,465][__main__][INFO] - [4, 10, 23, 33], [11]
[2025-01-30 00:16:12,484][__main__][INFO] - [4, 10, 23, 34], [11]
[2025-01-30 00:16:12,502][__main__][INFO] - [4, 10, 23, 35], [11]
[2025-01-30 00:16:12,612][__main__][INFO] - [4, 10, 24, 32], [11]
[2025-01-30 00:16:12,658][__main__][INFO] - [4, 10, 24, 35], [11]
[2025-01-30 00:16:12,809][__main__][INFO] - [4, 10, 25, 35], [11]
[2025-01-30 00:16:12,854][__main__][INFO] - [4, 10, 12, 21, 26], []
[2025-01-30 00:16:12,874][__main__][INFO] - [4, 10, 12, 21, 27], []
[2025-01-30 00:16:12,894][__main__][INFO] - [4, 10, 12, 21, 28], []
[2025-01-30 00:16:12,913][__main__][INFO] - [4, 10, 12, 21, 29], []
[2025-01-30 00:16:12,933][__main__][INFO] - [4, 10, 12, 21, 30], []
[2025-01-30 00:16:12,953][__main__][INFO] - [4, 10, 12, 21, 31], []
[2025-01-30 00:16:12,972][__main__][INFO] - [4, 10, 12, 21, 32], []
[2025-01-30 00:16:12,991][__main__][INFO] - [4, 10, 12, 21, 33], []
[2025-01-30 00:16:13,010][__main__][INFO] - [4, 10, 12, 21, 34], []
[2025-01-30 00:16:13,030][__main__][INFO] - [4, 10, 12, 21, 35], []
[2025-01-30 00:16:13,063][__main__][INFO] - [4, 10, 12, 22, 26], []
[2025-01-30 00:16:13,082][__main__][INFO] - [4, 10, 12, 22, 27], []
[2025-01-30 00:16:13,102][__main__][INFO] - [4, 10, 12, 22, 28], []
[2025-01-30 00:16:13,121][__main__][INFO] - [4, 10, 12, 22, 29], []
[2025-01-30 00:16:13,141][__main__][INFO] - [4, 10, 12, 22, 30], []
[2025-01-30 00:16:13,160][__main__][INFO] - [4, 10, 12, 22, 31], []
[2025-01-30 00:16:13,179][__main__][INFO] - [4, 10, 12, 22, 32], []
[2025-01-30 00:16:13,198][__main__][INFO] - [4, 10, 12, 22, 33], []
[2025-01-30 00:16:13,218][__main__][INFO] - [4, 10, 12, 22, 34], []
[2025-01-30 00:16:13,237][__main__][INFO] - [4, 10, 12, 22, 35], []
[2025-01-30 00:16:13,270][__main__][INFO] - [4, 10, 12, 23, 26], []
[2025-01-30 00:16:13,289][__main__][INFO] - [4, 10, 12, 23, 27], []
[2025-01-30 00:16:13,308][__main__][INFO] - [4, 10, 12, 23, 28], []
[2025-01-30 00:16:13,327][__main__][INFO] - [4, 10, 12, 23, 29], []
[2025-01-30 00:16:13,346][__main__][INFO] - [4, 10, 12, 23, 30], []
[2025-01-30 00:16:13,366][__main__][INFO] - [4, 10, 12, 23, 31], []
[2025-01-30 00:16:13,386][__main__][INFO] - [4, 10, 12, 23, 32], []
[2025-01-30 00:16:13,406][__main__][INFO] - [4, 10, 12, 23, 33], []
[2025-01-30 00:16:13,425][__main__][INFO] - [4, 10, 12, 23, 34], []
[2025-01-30 00:16:13,444][__main__][INFO] - [4, 10, 12, 23, 35], []
[2025-01-30 00:16:13,557][__main__][INFO] - [4, 10, 12, 24, 32], []
[2025-01-30 00:16:13,603][__main__][INFO] - [4, 10, 12, 24, 35], []
[2025-01-30 00:16:13,754][__main__][INFO] - [4, 10, 12, 25, 35], []
[2025-01-30 00:16:13,800][__main__][INFO] - [4, 10, 13, 21, 26], []
[2025-01-30 00:16:13,820][__main__][INFO] - [4, 10, 13, 21, 27], []
[2025-01-30 00:16:13,839][__main__][INFO] - [4, 10, 13, 21, 28], []
[2025-01-30 00:16:13,859][__main__][INFO] - [4, 10, 13, 21, 29], []
[2025-01-30 00:16:13,878][__main__][INFO] - [4, 10, 13, 21, 30], []
[2025-01-30 00:16:13,897][__main__][INFO] - [4, 10, 13, 21, 31], []
[2025-01-30 00:16:13,917][__main__][INFO] - [4, 10, 13, 21, 32], []
[2025-01-30 00:16:13,936][__main__][INFO] - [4, 10, 13, 21, 33], []
[2025-01-30 00:16:13,955][__main__][INFO] - [4, 10, 13, 21, 34], []
[2025-01-30 00:16:13,975][__main__][INFO] - [4, 10, 13, 21, 35], []
[2025-01-30 00:16:14,235][__main__][INFO] - [4, 10, 13, 23, 32], []
[2025-01-30 00:16:14,282][__main__][INFO] - [4, 10, 13, 23, 35], []
[2025-01-30 00:16:14,380][__main__][INFO] - [4, 10, 14, 21, 28], []
[2025-01-30 00:16:14,413][__main__][INFO] - [4, 10, 14, 21, 30], []
[2025-01-30 00:16:14,432][__main__][INFO] - [4, 10, 14, 21, 31], []
[2025-01-30 00:16:14,451][__main__][INFO] - [4, 10, 14, 21, 32], []
[2025-01-30 00:16:14,471][__main__][INFO] - [4, 10, 14, 21, 33], []
[2025-01-30 00:16:14,490][__main__][INFO] - [4, 10, 14, 21, 34], []
[2025-01-30 00:16:14,509][__main__][INFO] - [4, 10, 14, 21, 35], []
[2025-01-30 00:16:14,808][__main__][INFO] - [4, 10, 14, 23, 35], []
[2025-01-30 00:16:14,961][__main__][INFO] - [4, 10, 14, 24, 35], []
[2025-01-30 00:16:15,075][__main__][INFO] - [4, 10, 15, 21, 30], []
[2025-01-30 00:16:15,121][__main__][INFO] - [4, 10, 15, 21, 33], []
[2025-01-30 00:16:15,141][__main__][INFO] - [4, 10, 15, 21, 34], []
[2025-01-30 00:16:15,160][__main__][INFO] - [4, 10, 15, 21, 35], []
[2025-01-30 00:16:15,193][__main__][INFO] - [4, 10, 15, 22, 26], []
[2025-01-30 00:16:15,213][__main__][INFO] - [4, 10, 15, 22, 27], []
[2025-01-30 00:16:15,232][__main__][INFO] - [4, 10, 15, 22, 28], []
[2025-01-30 00:16:15,251][__main__][INFO] - [4, 10, 15, 22, 29], []
[2025-01-30 00:16:15,271][__main__][INFO] - [4, 10, 15, 22, 30], []
[2025-01-30 00:16:15,290][__main__][INFO] - [4, 10, 15, 22, 31], []
[2025-01-30 00:16:15,310][__main__][INFO] - [4, 10, 15, 22, 32], []
[2025-01-30 00:16:15,329][__main__][INFO] - [4, 10, 15, 22, 33], []
[2025-01-30 00:16:15,349][__main__][INFO] - [4, 10, 15, 22, 34], []
[2025-01-30 00:16:15,368][__main__][INFO] - [4, 10, 15, 22, 35], []
[2025-01-30 00:16:15,401][__main__][INFO] - [4, 10, 15, 23, 26], []
[2025-01-30 00:16:15,421][__main__][INFO] - [4, 10, 15, 23, 27], []
[2025-01-30 00:16:15,440][__main__][INFO] - [4, 10, 15, 23, 28], []
[2025-01-30 00:16:15,460][__main__][INFO] - [4, 10, 15, 23, 29], []
[2025-01-30 00:16:15,480][__main__][INFO] - [4, 10, 15, 23, 30], []
[2025-01-30 00:16:15,500][__main__][INFO] - [4, 10, 15, 23, 31], []
[2025-01-30 00:16:15,520][__main__][INFO] - [4, 10, 15, 23, 32], []
[2025-01-30 00:16:15,539][__main__][INFO] - [4, 10, 15, 23, 33], []
[2025-01-30 00:16:15,560][__main__][INFO] - [4, 10, 15, 23, 34], []
[2025-01-30 00:16:15,579][__main__][INFO] - [4, 10, 15, 23, 35], []
[2025-01-30 00:16:15,733][__main__][INFO] - [4, 10, 15, 24, 35], []
[2025-01-30 00:16:15,859][__main__][INFO] - [4, 10, 16, 21, 31], []
[2025-01-30 00:16:15,923][__main__][INFO] - [4, 10, 16, 21, 35], []
[2025-01-30 00:16:16,166][__main__][INFO] - [4, 10, 17, 21, 27], []
[2025-01-30 00:16:16,186][__main__][INFO] - [4, 10, 17, 21, 28], []
[2025-01-30 00:16:16,205][__main__][INFO] - [4, 10, 17, 21, 29], []
[2025-01-30 00:16:16,225][__main__][INFO] - [4, 10, 17, 21, 30], []
[2025-01-30 00:16:16,245][__main__][INFO] - [4, 10, 17, 21, 31], []
[2025-01-30 00:16:16,264][__main__][INFO] - [4, 10, 17, 21, 32], []
[2025-01-30 00:16:16,283][__main__][INFO] - [4, 10, 17, 21, 33], []
[2025-01-30 00:16:16,302][__main__][INFO] - [4, 10, 17, 21, 34], []
[2025-01-30 00:16:16,322][__main__][INFO] - [4, 10, 17, 21, 35], []
[2025-01-30 00:16:16,354][__main__][INFO] - [4, 10, 17, 22, 26], []
[2025-01-30 00:16:16,374][__main__][INFO] - [4, 10, 17, 22, 27], []
[2025-01-30 00:16:16,394][__main__][INFO] - [4, 10, 17, 22, 28], []
[2025-01-30 00:16:16,413][__main__][INFO] - [4, 10, 17, 22, 29], []
[2025-01-30 00:16:16,432][__main__][INFO] - [4, 10, 17, 22, 30], []
[2025-01-30 00:16:16,452][__main__][INFO] - [4, 10, 17, 22, 31], []
[2025-01-30 00:16:16,471][__main__][INFO] - [4, 10, 17, 22, 32], []
[2025-01-30 00:16:16,491][__main__][INFO] - [4, 10, 17, 22, 33], []
[2025-01-30 00:16:16,511][__main__][INFO] - [4, 10, 17, 22, 34], []
[2025-01-30 00:16:16,530][__main__][INFO] - [4, 10, 17, 22, 35], []
[2025-01-30 00:16:16,576][__main__][INFO] - [4, 10, 17, 23, 27], []
[2025-01-30 00:16:16,596][__main__][INFO] - [4, 10, 17, 23, 28], []
[2025-01-30 00:16:16,616][__main__][INFO] - [4, 10, 17, 23, 29], []
[2025-01-30 00:16:16,636][__main__][INFO] - [4, 10, 17, 23, 30], []
[2025-01-30 00:16:16,655][__main__][INFO] - [4, 10, 17, 23, 31], []
[2025-01-30 00:16:16,675][__main__][INFO] - [4, 10, 17, 23, 32], []
[2025-01-30 00:16:16,694][__main__][INFO] - [4, 10, 17, 23, 33], []
[2025-01-30 00:16:16,712][__main__][INFO] - [4, 10, 17, 23, 34], []
[2025-01-30 00:16:16,731][__main__][INFO] - [4, 10, 17, 23, 35], []
[2025-01-30 00:16:16,921][__main__][INFO] - [4, 10, 18, 21, 35], []
[2025-01-30 00:16:17,144][__main__][INFO] - [4, 10, 19, 21, 35], []
[2025-01-30 00:16:17,442][__main__][INFO] - [4, 10, 19, 23, 35], []
[2025-01-30 00:16:17,540][__main__][INFO] - [4, 11, 12, 21], [10]
[2025-01-30 00:16:17,559][__main__][INFO] - [4, 11, 12, 22], [10]
[2025-01-30 00:16:17,577][__main__][INFO] - [4, 11, 12, 23], [10]
[2025-01-30 00:16:17,621][__main__][INFO] - [4, 11, 12, 26], [10]
[2025-01-30 00:16:17,639][__main__][INFO] - [4, 11, 12, 27], [10]
[2025-01-30 00:16:17,658][__main__][INFO] - [4, 11, 12, 28], [10]
[2025-01-30 00:16:17,677][__main__][INFO] - [4, 11, 12, 29], [10]
[2025-01-30 00:16:17,695][__main__][INFO] - [4, 11, 12, 30], [10]
[2025-01-30 00:16:17,714][__main__][INFO] - [4, 11, 12, 31], [10]
[2025-01-30 00:16:17,733][__main__][INFO] - [4, 11, 12, 32], [10]
[2025-01-30 00:16:17,752][__main__][INFO] - [4, 11, 12, 33], [10]
[2025-01-30 00:16:17,771][__main__][INFO] - [4, 11, 12, 34], [10]
[2025-01-30 00:16:17,790][__main__][INFO] - [4, 11, 12, 35], [10]
[2025-01-30 00:16:17,821][__main__][INFO] - [4, 11, 13, 21], [10]
[2025-01-30 00:16:18,011][__main__][INFO] - [4, 11, 13, 35], [10]
[2025-01-30 00:16:18,044][__main__][INFO] - [4, 11, 14, 21], [10]
[2025-01-30 00:16:18,237][__main__][INFO] - [4, 11, 14, 35], [10]
[2025-01-30 00:16:18,269][__main__][INFO] - [4, 11, 15, 21], [10]
[2025-01-30 00:16:18,302][__main__][INFO] - [4, 11, 15, 23], [10]
[2025-01-30 00:16:18,469][__main__][INFO] - [4, 11, 15, 35], [10]
[2025-01-30 00:16:18,514][__main__][INFO] - [4, 11, 17, 21], [10]
[2025-01-30 00:16:18,533][__main__][INFO] - [4, 11, 17, 22], [10]
[2025-01-30 00:16:18,552][__main__][INFO] - [4, 11, 17, 23], [10]
[2025-01-30 00:16:18,716][__main__][INFO] - [4, 11, 17, 35], [10]
[2025-01-30 00:16:18,787][__main__][INFO] - [4, 11, 21, 26], [10]
[2025-01-30 00:16:18,806][__main__][INFO] - [4, 11, 21, 27], [10]
[2025-01-30 00:16:18,825][__main__][INFO] - [4, 11, 21, 28], [10]
[2025-01-30 00:16:18,845][__main__][INFO] - [4, 11, 21, 29], [10]
[2025-01-30 00:16:18,864][__main__][INFO] - [4, 11, 21, 30], [10]
[2025-01-30 00:16:18,883][__main__][INFO] - [4, 11, 21, 31], [10]
[2025-01-30 00:16:18,902][__main__][INFO] - [4, 11, 21, 32], [10]
[2025-01-30 00:16:18,921][__main__][INFO] - [4, 11, 21, 33], [10]
[2025-01-30 00:16:18,940][__main__][INFO] - [4, 11, 21, 34], [10]
[2025-01-30 00:16:18,959][__main__][INFO] - [4, 11, 21, 35], [10]
[2025-01-30 00:16:19,031][__main__][INFO] - [4, 11, 22, 29], [10]
[2025-01-30 00:16:19,063][__main__][INFO] - [4, 11, 22, 31], [10]
[2025-01-30 00:16:19,121][__main__][INFO] - [4, 11, 22, 35], [10]
[2025-01-30 00:16:19,193][__main__][INFO] - [4, 11, 23, 29], [10]
[2025-01-30 00:16:19,225][__main__][INFO] - [4, 11, 23, 31], [10]
[2025-01-30 00:16:19,245][__main__][INFO] - [4, 11, 23, 32], [10]
[2025-01-30 00:16:19,265][__main__][INFO] - [4, 11, 23, 33], [10]
[2025-01-30 00:16:19,298][__main__][INFO] - [4, 11, 23, 35], [10]
[2025-01-30 00:16:19,369][__main__][INFO] - [4, 12, 21], [10, 11]
[2025-01-30 00:16:19,389][__main__][INFO] - [4, 12, 22], [10, 11]
[2025-01-30 00:16:19,409][__main__][INFO] - [4, 12, 23], [10, 11]
[2025-01-30 00:16:19,427][__main__][INFO] - [4, 12, 24], [10, 11]
[2025-01-30 00:16:19,459][__main__][INFO] - [4, 12, 26], [10, 11]
[2025-01-30 00:16:19,477][__main__][INFO] - [4, 12, 27], [10, 11]
[2025-01-30 00:16:19,496][__main__][INFO] - [4, 12, 28], [10, 11]
[2025-01-30 00:16:19,515][__main__][INFO] - [4, 12, 29], [10, 11]
[2025-01-30 00:16:19,534][__main__][INFO] - [4, 12, 30], [10, 11]
[2025-01-30 00:16:19,553][__main__][INFO] - [4, 12, 31], [10, 11]
[2025-01-30 00:16:19,572][__main__][INFO] - [4, 12, 32], [10, 11]
[2025-01-30 00:16:19,591][__main__][INFO] - [4, 12, 33], [10, 11]
[2025-01-30 00:16:19,610][__main__][INFO] - [4, 12, 34], [10, 11]
[2025-01-30 00:16:19,629][__main__][INFO] - [4, 12, 35], [10, 11]
[2025-01-30 00:16:19,662][__main__][INFO] - [4, 13, 21], [10, 11]
[2025-01-30 00:16:19,681][__main__][INFO] - [4, 13, 22], [10, 11]
[2025-01-30 00:16:19,699][__main__][INFO] - [4, 13, 23], [10, 11]
[2025-01-30 00:16:19,744][__main__][INFO] - [4, 13, 26], [10, 11]
[2025-01-30 00:16:19,763][__main__][INFO] - [4, 13, 27], [10, 11]
[2025-01-30 00:16:19,782][__main__][INFO] - [4, 13, 28], [10, 11]
[2025-01-30 00:16:19,800][__main__][INFO] - [4, 13, 29], [10, 11]
[2025-01-30 00:16:19,819][__main__][INFO] - [4, 13, 30], [10, 11]
[2025-01-30 00:16:19,837][__main__][INFO] - [4, 13, 31], [10, 11]
[2025-01-30 00:16:19,855][__main__][INFO] - [4, 13, 32], [10, 11]
[2025-01-30 00:16:19,874][__main__][INFO] - [4, 13, 33], [10, 11]
[2025-01-30 00:16:19,893][__main__][INFO] - [4, 13, 34], [10, 11]
[2025-01-30 00:16:19,912][__main__][INFO] - [4, 13, 35], [10, 11]
[2025-01-30 00:16:19,944][__main__][INFO] - [4, 14, 21], [10, 11]
[2025-01-30 00:16:19,962][__main__][INFO] - [4, 14, 22], [10, 11]
[2025-01-30 00:16:19,981][__main__][INFO] - [4, 14, 23], [10, 11]
[2025-01-30 00:16:20,001][__main__][INFO] - [4, 14, 24], [10, 11]
[2025-01-30 00:16:20,045][__main__][INFO] - [4, 14, 27], [10, 11]
[2025-01-30 00:16:20,063][__main__][INFO] - [4, 14, 28], [10, 11]
[2025-01-30 00:16:20,082][__main__][INFO] - [4, 14, 29], [10, 11]
[2025-01-30 00:16:20,101][__main__][INFO] - [4, 14, 30], [10, 11]
[2025-01-30 00:16:20,120][__main__][INFO] - [4, 14, 31], [10, 11]
[2025-01-30 00:16:20,138][__main__][INFO] - [4, 14, 32], [10, 11]
[2025-01-30 00:16:20,158][__main__][INFO] - [4, 14, 33], [10, 11]
[2025-01-30 00:16:20,177][__main__][INFO] - [4, 14, 34], [10, 11]
[2025-01-30 00:16:20,196][__main__][INFO] - [4, 14, 35], [10, 11]
[2025-01-30 00:16:20,228][__main__][INFO] - [4, 15, 21], [10, 11]
[2025-01-30 00:16:20,246][__main__][INFO] - [4, 15, 22], [10, 11]
[2025-01-30 00:16:20,265][__main__][INFO] - [4, 15, 23], [10, 11]
[2025-01-30 00:16:20,285][__main__][INFO] - [4, 15, 24], [10, 11]
[2025-01-30 00:16:20,317][__main__][INFO] - [4, 15, 26], [10, 11]
[2025-01-30 00:16:20,335][__main__][INFO] - [4, 15, 27], [10, 11]
[2025-01-30 00:16:20,354][__main__][INFO] - [4, 15, 28], [10, 11]
[2025-01-30 00:16:20,373][__main__][INFO] - [4, 15, 29], [10, 11]
[2025-01-30 00:16:20,392][__main__][INFO] - [4, 15, 30], [10, 11]
[2025-01-30 00:16:20,411][__main__][INFO] - [4, 15, 31], [10, 11]
[2025-01-30 00:16:20,430][__main__][INFO] - [4, 15, 32], [10, 11]
[2025-01-30 00:16:20,449][__main__][INFO] - [4, 15, 33], [10, 11]
[2025-01-30 00:16:20,468][__main__][INFO] - [4, 15, 34], [10, 11]
[2025-01-30 00:16:20,486][__main__][INFO] - [4, 15, 35], [10, 11]
[2025-01-30 00:16:20,519][__main__][INFO] - [4, 16, 21], [10, 11]
[2025-01-30 00:16:20,537][__main__][INFO] - [4, 16, 22], [10, 11]
[2025-01-30 00:16:20,557][__main__][INFO] - [4, 16, 23], [10, 11]
[2025-01-30 00:16:20,723][__main__][INFO] - [4, 16, 35], [10, 11]
[2025-01-30 00:16:20,755][__main__][INFO] - [4, 17, 21], [10, 11]
[2025-01-30 00:16:20,774][__main__][INFO] - [4, 17, 22], [10, 11]
[2025-01-30 00:16:20,794][__main__][INFO] - [4, 17, 23], [10, 11]
[2025-01-30 00:16:20,812][__main__][INFO] - [4, 17, 24], [10, 11]
[2025-01-30 00:16:20,845][__main__][INFO] - [4, 17, 26], [10, 11]
[2025-01-30 00:16:20,863][__main__][INFO] - [4, 17, 27], [10, 11]
[2025-01-30 00:16:20,882][__main__][INFO] - [4, 17, 28], [10, 11]
[2025-01-30 00:16:20,901][__main__][INFO] - [4, 17, 29], [10, 11]
[2025-01-30 00:16:20,920][__main__][INFO] - [4, 17, 30], [10, 11]
[2025-01-30 00:16:20,940][__main__][INFO] - [4, 17, 31], [10, 11]
[2025-01-30 00:16:20,958][__main__][INFO] - [4, 17, 32], [10, 11]
[2025-01-30 00:16:20,977][__main__][INFO] - [4, 17, 33], [10, 11]
[2025-01-30 00:16:20,997][__main__][INFO] - [4, 17, 34], [10, 11]
[2025-01-30 00:16:21,015][__main__][INFO] - [4, 17, 35], [10, 11]
[2025-01-30 00:16:21,047][__main__][INFO] - [4, 18, 21], [10, 11]
[2025-01-30 00:16:21,240][__main__][INFO] - [4, 18, 35], [10, 11]
[2025-01-30 00:16:21,272][__main__][INFO] - [4, 19, 21], [10, 11]
[2025-01-30 00:16:21,291][__main__][INFO] - [4, 19, 22], [10, 11]
[2025-01-30 00:16:21,310][__main__][INFO] - [4, 19, 23], [10, 11]
[2025-01-30 00:16:21,475][__main__][INFO] - [4, 19, 35], [10, 11]
[2025-01-30 00:16:21,521][__main__][INFO] - [4, 21, 26], [10, 11]
[2025-01-30 00:16:21,541][__main__][INFO] - [4, 21, 27], [10, 11]
[2025-01-30 00:16:21,561][__main__][INFO] - [4, 21, 28], [10, 11]
[2025-01-30 00:16:21,579][__main__][INFO] - [4, 21, 29], [10, 11]
[2025-01-30 00:16:21,598][__main__][INFO] - [4, 21, 30], [10, 11]
[2025-01-30 00:16:21,617][__main__][INFO] - [4, 21, 31], [10, 11]
[2025-01-30 00:16:21,636][__main__][INFO] - [4, 21, 32], [10, 11]
[2025-01-30 00:16:21,655][__main__][INFO] - [4, 21, 33], [10, 11]
[2025-01-30 00:16:21,675][__main__][INFO] - [4, 21, 34], [10, 11]
[2025-01-30 00:16:21,694][__main__][INFO] - [4, 21, 35], [10, 11]
[2025-01-30 00:16:21,727][__main__][INFO] - [4, 22, 26], [10, 11]
[2025-01-30 00:16:21,746][__main__][INFO] - [4, 22, 27], [10, 11]
[2025-01-30 00:16:21,765][__main__][INFO] - [4, 22, 28], [10, 11]
[2025-01-30 00:16:21,784][__main__][INFO] - [4, 22, 29], [10, 11]
[2025-01-30 00:16:21,803][__main__][INFO] - [4, 22, 30], [10, 11]
[2025-01-30 00:16:21,823][__main__][INFO] - [4, 22, 31], [10, 11]
[2025-01-30 00:16:21,842][__main__][INFO] - [4, 22, 32], [10, 11]
[2025-01-30 00:16:21,861][__main__][INFO] - [4, 22, 33], [10, 11]
[2025-01-30 00:16:21,880][__main__][INFO] - [4, 22, 34], [10, 11]
[2025-01-30 00:16:21,898][__main__][INFO] - [4, 22, 35], [10, 11]
[2025-01-30 00:16:21,930][__main__][INFO] - [4, 23, 26], [10, 11]
[2025-01-30 00:16:21,949][__main__][INFO] - [4, 23, 27], [10, 11]
[2025-01-30 00:16:21,969][__main__][INFO] - [4, 23, 28], [10, 11]
[2025-01-30 00:16:21,988][__main__][INFO] - [4, 23, 29], [10, 11]
[2025-01-30 00:16:22,007][__main__][INFO] - [4, 23, 30], [10, 11]
[2025-01-30 00:16:22,026][__main__][INFO] - [4, 23, 31], [10, 11]
[2025-01-30 00:16:22,045][__main__][INFO] - [4, 23, 32], [10, 11]
[2025-01-30 00:16:22,064][__main__][INFO] - [4, 23, 33], [10, 11]
[2025-01-30 00:16:22,084][__main__][INFO] - [4, 23, 34], [10, 11]
[2025-01-30 00:16:22,103][__main__][INFO] - [4, 23, 35], [10, 11]
[2025-01-30 00:16:22,176][__main__][INFO] - [4, 24, 29], [10, 11]
[2025-01-30 00:16:22,262][__main__][INFO] - [4, 24, 35], [10, 11]
[2025-01-30 00:16:22,412][__main__][INFO] - [4, 25, 35], [10, 11]
[2025-01-30 00:16:22,458][__main__][INFO] - [4, 12, 21, 26], [10]
[2025-01-30 00:16:22,477][__main__][INFO] - [4, 12, 21, 27], [10]
[2025-01-30 00:16:22,496][__main__][INFO] - [4, 12, 21, 28], [10]
[2025-01-30 00:16:22,515][__main__][INFO] - [4, 12, 21, 29], [10]
[2025-01-30 00:16:22,535][__main__][INFO] - [4, 12, 21, 30], [10]
[2025-01-30 00:16:22,554][__main__][INFO] - [4, 12, 21, 31], [10]
[2025-01-30 00:16:22,572][__main__][INFO] - [4, 12, 21, 32], [10]
[2025-01-30 00:16:22,591][__main__][INFO] - [4, 12, 21, 33], [10]
[2025-01-30 00:16:22,610][__main__][INFO] - [4, 12, 21, 34], [10]
[2025-01-30 00:16:22,628][__main__][INFO] - [4, 12, 21, 35], [10]
[2025-01-30 00:16:22,659][__main__][INFO] - [4, 12, 22, 26], [10]
[2025-01-30 00:16:22,677][__main__][INFO] - [4, 12, 22, 27], [10]
[2025-01-30 00:16:22,695][__main__][INFO] - [4, 12, 22, 28], [10]
[2025-01-30 00:16:22,714][__main__][INFO] - [4, 12, 22, 29], [10]
[2025-01-30 00:16:22,732][__main__][INFO] - [4, 12, 22, 30], [10]
[2025-01-30 00:16:22,751][__main__][INFO] - [4, 12, 22, 31], [10]
[2025-01-30 00:16:22,769][__main__][INFO] - [4, 12, 22, 32], [10]
[2025-01-30 00:16:22,787][__main__][INFO] - [4, 12, 22, 33], [10]
[2025-01-30 00:16:22,806][__main__][INFO] - [4, 12, 22, 34], [10]
[2025-01-30 00:16:22,824][__main__][INFO] - [4, 12, 22, 35], [10]
[2025-01-30 00:16:22,854][__main__][INFO] - [4, 12, 23, 26], [10]
[2025-01-30 00:16:22,873][__main__][INFO] - [4, 12, 23, 27], [10]
[2025-01-30 00:16:22,892][__main__][INFO] - [4, 12, 23, 28], [10]
[2025-01-30 00:16:22,910][__main__][INFO] - [4, 12, 23, 29], [10]
[2025-01-30 00:16:22,929][__main__][INFO] - [4, 12, 23, 30], [10]
[2025-01-30 00:16:22,947][__main__][INFO] - [4, 12, 23, 31], [10]
[2025-01-30 00:16:22,966][__main__][INFO] - [4, 12, 23, 32], [10]
[2025-01-30 00:16:22,985][__main__][INFO] - [4, 12, 23, 33], [10]
[2025-01-30 00:16:23,003][__main__][INFO] - [4, 12, 23, 34], [10]
[2025-01-30 00:16:23,021][__main__][INFO] - [4, 12, 23, 35], [10]
[2025-01-30 00:16:23,172][__main__][INFO] - [4, 12, 24, 35], [10]
[2025-01-30 00:16:23,362][__main__][INFO] - [4, 13, 21, 26], [10]
[2025-01-30 00:16:23,381][__main__][INFO] - [4, 13, 21, 27], [10]
[2025-01-30 00:16:23,400][__main__][INFO] - [4, 13, 21, 28], [10]
[2025-01-30 00:16:23,419][__main__][INFO] - [4, 13, 21, 29], [10]
[2025-01-30 00:16:23,438][__main__][INFO] - [4, 13, 21, 30], [10]
[2025-01-30 00:16:23,458][__main__][INFO] - [4, 13, 21, 31], [10]
[2025-01-30 00:16:23,477][__main__][INFO] - [4, 13, 21, 32], [10]
[2025-01-30 00:16:23,495][__main__][INFO] - [4, 13, 21, 33], [10]
[2025-01-30 00:16:23,514][__main__][INFO] - [4, 13, 21, 34], [10]
[2025-01-30 00:16:23,534][__main__][INFO] - [4, 13, 21, 35], [10]
[2025-01-30 00:16:23,682][__main__][INFO] - [4, 13, 22, 35], [10]
[2025-01-30 00:16:23,835][__main__][INFO] - [4, 13, 23, 35], [10]
[2025-01-30 00:16:23,946][__main__][INFO] - [4, 14, 21, 29], [10]
[2025-01-30 00:16:23,965][__main__][INFO] - [4, 14, 21, 30], [10]
[2025-01-30 00:16:23,985][__main__][INFO] - [4, 14, 21, 31], [10]
[2025-01-30 00:16:24,004][__main__][INFO] - [4, 14, 21, 32], [10]
[2025-01-30 00:16:24,022][__main__][INFO] - [4, 14, 21, 33], [10]
[2025-01-30 00:16:24,042][__main__][INFO] - [4, 14, 21, 34], [10]
[2025-01-30 00:16:24,060][__main__][INFO] - [4, 14, 21, 35], [10]
[2025-01-30 00:16:24,214][__main__][INFO] - [4, 14, 22, 35], [10]
[2025-01-30 00:16:24,365][__main__][INFO] - [4, 14, 23, 35], [10]
[2025-01-30 00:16:24,591][__main__][INFO] - [4, 15, 21, 28], [10]
[2025-01-30 00:16:24,610][__main__][INFO] - [4, 15, 21, 29], [10]
[2025-01-30 00:16:24,655][__main__][INFO] - [4, 15, 21, 32], [10]
[2025-01-30 00:16:24,674][__main__][INFO] - [4, 15, 21, 33], [10]
[2025-01-30 00:16:24,693][__main__][INFO] - [4, 15, 21, 34], [10]
[2025-01-30 00:16:24,711][__main__][INFO] - [4, 15, 21, 35], [10]
[2025-01-30 00:16:24,756][__main__][INFO] - [4, 15, 22, 27], [10]
[2025-01-30 00:16:24,776][__main__][INFO] - [4, 15, 22, 28], [10]
[2025-01-30 00:16:24,795][__main__][INFO] - [4, 15, 22, 29], [10]
[2025-01-30 00:16:24,814][__main__][INFO] - [4, 15, 22, 30], [10]
[2025-01-30 00:16:24,833][__main__][INFO] - [4, 15, 22, 31], [10]
[2025-01-30 00:16:24,851][__main__][INFO] - [4, 15, 22, 32], [10]
[2025-01-30 00:16:24,871][__main__][INFO] - [4, 15, 22, 33], [10]
[2025-01-30 00:16:24,890][__main__][INFO] - [4, 15, 22, 34], [10]
[2025-01-30 00:16:24,909][__main__][INFO] - [4, 15, 22, 35], [10]
[2025-01-30 00:16:24,941][__main__][INFO] - [4, 15, 23, 26], [10]
[2025-01-30 00:16:24,961][__main__][INFO] - [4, 15, 23, 27], [10]
[2025-01-30 00:16:24,979][__main__][INFO] - [4, 15, 23, 28], [10]
[2025-01-30 00:16:24,998][__main__][INFO] - [4, 15, 23, 29], [10]
[2025-01-30 00:16:25,017][__main__][INFO] - [4, 15, 23, 30], [10]
[2025-01-30 00:16:25,036][__main__][INFO] - [4, 15, 23, 31], [10]
[2025-01-30 00:16:25,055][__main__][INFO] - [4, 15, 23, 32], [10]
[2025-01-30 00:16:25,074][__main__][INFO] - [4, 15, 23, 33], [10]
[2025-01-30 00:16:25,093][__main__][INFO] - [4, 15, 23, 34], [10]
[2025-01-30 00:16:25,112][__main__][INFO] - [4, 15, 23, 35], [10]
[2025-01-30 00:16:25,262][__main__][INFO] - [4, 15, 24, 35], [10]
[2025-01-30 00:16:25,438][__main__][INFO] - [4, 16, 21, 35], [10]
[2025-01-30 00:16:25,826][__main__][INFO] - [4, 17, 21, 28], [10]
[2025-01-30 00:16:25,846][__main__][INFO] - [4, 17, 21, 29], [10]
[2025-01-30 00:16:25,865][__main__][INFO] - [4, 17, 21, 30], [10]
[2025-01-30 00:16:25,885][__main__][INFO] - [4, 17, 21, 31], [10]
[2025-01-30 00:16:25,903][__main__][INFO] - [4, 17, 21, 32], [10]
[2025-01-30 00:16:25,922][__main__][INFO] - [4, 17, 21, 33], [10]
[2025-01-30 00:16:25,941][__main__][INFO] - [4, 17, 21, 34], [10]
[2025-01-30 00:16:25,960][__main__][INFO] - [4, 17, 21, 35], [10]
[2025-01-30 00:16:25,991][__main__][INFO] - [4, 17, 22, 26], [10]
[2025-01-30 00:16:26,011][__main__][INFO] - [4, 17, 22, 27], [10]
[2025-01-30 00:16:26,030][__main__][INFO] - [4, 17, 22, 28], [10]
[2025-01-30 00:16:26,050][__main__][INFO] - [4, 17, 22, 29], [10]
[2025-01-30 00:16:26,069][__main__][INFO] - [4, 17, 22, 30], [10]
[2025-01-30 00:16:26,089][__main__][INFO] - [4, 17, 22, 31], [10]
[2025-01-30 00:16:26,109][__main__][INFO] - [4, 17, 22, 32], [10]
[2025-01-30 00:16:26,128][__main__][INFO] - [4, 17, 22, 33], [10]
[2025-01-30 00:16:26,147][__main__][INFO] - [4, 17, 22, 34], [10]
[2025-01-30 00:16:26,166][__main__][INFO] - [4, 17, 22, 35], [10]
[2025-01-30 00:16:26,211][__main__][INFO] - [4, 17, 23, 27], [10]
[2025-01-30 00:16:26,230][__main__][INFO] - [4, 17, 23, 28], [10]
[2025-01-30 00:16:26,249][__main__][INFO] - [4, 17, 23, 29], [10]
[2025-01-30 00:16:26,268][__main__][INFO] - [4, 17, 23, 30], [10]
[2025-01-30 00:16:26,288][__main__][INFO] - [4, 17, 23, 31], [10]
[2025-01-30 00:16:26,307][__main__][INFO] - [4, 17, 23, 32], [10]
[2025-01-30 00:16:26,326][__main__][INFO] - [4, 17, 23, 33], [10]
[2025-01-30 00:16:26,345][__main__][INFO] - [4, 17, 23, 34], [10]
[2025-01-30 00:16:26,365][__main__][INFO] - [4, 17, 23, 35], [10]
[2025-01-30 00:16:27,419][__main__][INFO] - [4, 11, 12, 21, 26], []
[2025-01-30 00:16:27,439][__main__][INFO] - [4, 11, 12, 21, 27], []
[2025-01-30 00:16:27,458][__main__][INFO] - [4, 11, 12, 21, 28], []
[2025-01-30 00:16:27,478][__main__][INFO] - [4, 11, 12, 21, 29], []
[2025-01-30 00:16:27,498][__main__][INFO] - [4, 11, 12, 21, 30], []
[2025-01-30 00:16:27,518][__main__][INFO] - [4, 11, 12, 21, 31], []
[2025-01-30 00:16:27,538][__main__][INFO] - [4, 11, 12, 21, 32], []
[2025-01-30 00:16:27,557][__main__][INFO] - [4, 11, 12, 21, 33], []
[2025-01-30 00:16:27,577][__main__][INFO] - [4, 11, 12, 21, 34], []
[2025-01-30 00:16:27,596][__main__][INFO] - [4, 11, 12, 21, 35], []
[2025-01-30 00:16:27,669][__main__][INFO] - [4, 11, 12, 22, 29], []
[2025-01-30 00:16:27,703][__main__][INFO] - [4, 11, 12, 22, 31], []
[2025-01-30 00:16:27,761][__main__][INFO] - [4, 11, 12, 22, 35], []
[2025-01-30 00:16:27,832][__main__][INFO] - [4, 11, 12, 23, 29], []
[2025-01-30 00:16:27,853][__main__][INFO] - [4, 11, 12, 23, 30], []
[2025-01-30 00:16:27,875][__main__][INFO] - [4, 11, 12, 23, 31], []
[2025-01-30 00:16:27,895][__main__][INFO] - [4, 11, 12, 23, 32], []
[2025-01-30 00:16:27,914][__main__][INFO] - [4, 11, 12, 23, 33], []
[2025-01-30 00:16:27,947][__main__][INFO] - [4, 11, 12, 23, 35], []
[2025-01-30 00:16:28,141][__main__][INFO] - [4, 11, 13, 21, 35], []
[2025-01-30 00:16:28,496][__main__][INFO] - [4, 11, 14, 21, 35], []
[2025-01-30 00:16:28,717][__main__][INFO] - [4, 11, 15, 21, 35], []
[2025-01-30 00:16:28,935][__main__][INFO] - [4, 11, 15, 23, 29], []
[2025-01-30 00:16:28,981][__main__][INFO] - [4, 11, 15, 23, 32], []
[2025-01-30 00:16:29,028][__main__][INFO] - [4, 11, 15, 23, 35], []
[2025-01-30 00:16:29,438][__main__][INFO] - [4, 11, 17, 21, 35], []
[2025-01-30 00:16:29,512][__main__][INFO] - [4, 11, 17, 22, 29], []
[2025-01-30 00:16:29,750][__main__][INFO] - [4, 11, 17, 23, 35], []
[2025-01-30 00:16:29,875][__main__][INFO] - [4, 12, 21, 26], [11]
[2025-01-30 00:16:29,896][__main__][INFO] - [4, 12, 21, 27], [11]
[2025-01-30 00:16:29,915][__main__][INFO] - [4, 12, 21, 28], [11]
[2025-01-30 00:16:29,934][__main__][INFO] - [4, 12, 21, 29], [11]
[2025-01-30 00:16:29,953][__main__][INFO] - [4, 12, 21, 30], [11]
[2025-01-30 00:16:29,972][__main__][INFO] - [4, 12, 21, 31], [11]
[2025-01-30 00:16:29,991][__main__][INFO] - [4, 12, 21, 32], [11]
[2025-01-30 00:16:30,010][__main__][INFO] - [4, 12, 21, 33], [11]
[2025-01-30 00:16:30,029][__main__][INFO] - [4, 12, 21, 34], [11]
[2025-01-30 00:16:30,048][__main__][INFO] - [4, 12, 21, 35], [11]
[2025-01-30 00:16:30,081][__main__][INFO] - [4, 12, 22, 26], [11]
[2025-01-30 00:16:30,101][__main__][INFO] - [4, 12, 22, 27], [11]
[2025-01-30 00:16:30,120][__main__][INFO] - [4, 12, 22, 28], [11]
[2025-01-30 00:16:30,142][__main__][INFO] - [4, 12, 22, 29], [11]
[2025-01-30 00:16:30,163][__main__][INFO] - [4, 12, 22, 30], [11]
[2025-01-30 00:16:30,181][__main__][INFO] - [4, 12, 22, 31], [11]
[2025-01-30 00:16:30,200][__main__][INFO] - [4, 12, 22, 32], [11]
[2025-01-30 00:16:30,219][__main__][INFO] - [4, 12, 22, 33], [11]
[2025-01-30 00:16:30,237][__main__][INFO] - [4, 12, 22, 34], [11]
[2025-01-30 00:16:30,256][__main__][INFO] - [4, 12, 22, 35], [11]
[2025-01-30 00:16:30,288][__main__][INFO] - [4, 12, 23, 26], [11]
[2025-01-30 00:16:30,307][__main__][INFO] - [4, 12, 23, 27], [11]
[2025-01-30 00:16:30,326][__main__][INFO] - [4, 12, 23, 28], [11]
[2025-01-30 00:16:30,345][__main__][INFO] - [4, 12, 23, 29], [11]
[2025-01-30 00:16:30,364][__main__][INFO] - [4, 12, 23, 30], [11]
[2025-01-30 00:16:30,383][__main__][INFO] - [4, 12, 23, 31], [11]
[2025-01-30 00:16:30,402][__main__][INFO] - [4, 12, 23, 32], [11]
[2025-01-30 00:16:30,421][__main__][INFO] - [4, 12, 23, 33], [11]
[2025-01-30 00:16:30,439][__main__][INFO] - [4, 12, 23, 34], [11]
[2025-01-30 00:16:30,458][__main__][INFO] - [4, 12, 23, 35], [11]
[2025-01-30 00:16:30,556][__main__][INFO] - [4, 12, 24, 31], [11]
[2025-01-30 00:16:30,576][__main__][INFO] - [4, 12, 24, 32], [11]
[2025-01-30 00:16:30,595][__main__][INFO] - [4, 12, 24, 33], [11]
[2025-01-30 00:16:30,628][__main__][INFO] - [4, 12, 24, 35], [11]
[2025-01-30 00:16:30,805][__main__][INFO] - [4, 12, 25, 35], [11]
[2025-01-30 00:16:30,856][__main__][INFO] - [4, 13, 21, 26], [11]
[2025-01-30 00:16:30,878][__main__][INFO] - [4, 13, 21, 27], [11]
[2025-01-30 00:16:30,897][__main__][INFO] - [4, 13, 21, 28], [11]
[2025-01-30 00:16:30,917][__main__][INFO] - [4, 13, 21, 29], [11]
[2025-01-30 00:16:30,938][__main__][INFO] - [4, 13, 21, 30], [11]
[2025-01-30 00:16:30,959][__main__][INFO] - [4, 13, 21, 31], [11]
[2025-01-30 00:16:30,978][__main__][INFO] - [4, 13, 21, 32], [11]
[2025-01-30 00:16:30,997][__main__][INFO] - [4, 13, 21, 33], [11]
[2025-01-30 00:16:31,016][__main__][INFO] - [4, 13, 21, 34], [11]
[2025-01-30 00:16:31,034][__main__][INFO] - [4, 13, 21, 35], [11]
[2025-01-30 00:16:31,189][__main__][INFO] - [4, 13, 22, 35], [11]
[2025-01-30 00:16:31,286][__main__][INFO] - [4, 13, 23, 31], [11]
[2025-01-30 00:16:31,305][__main__][INFO] - [4, 13, 23, 32], [11]
[2025-01-30 00:16:31,350][__main__][INFO] - [4, 13, 23, 35], [11]
[2025-01-30 00:16:31,581][__main__][INFO] - [4, 14, 21, 28], [11]
[2025-01-30 00:16:31,602][__main__][INFO] - [4, 14, 21, 29], [11]
[2025-01-30 00:16:31,621][__main__][INFO] - [4, 14, 21, 30], [11]
[2025-01-30 00:16:31,640][__main__][INFO] - [4, 14, 21, 31], [11]
[2025-01-30 00:16:31,659][__main__][INFO] - [4, 14, 21, 32], [11]
[2025-01-30 00:16:31,678][__main__][INFO] - [4, 14, 21, 33], [11]
[2025-01-30 00:16:31,696][__main__][INFO] - [4, 14, 21, 34], [11]
[2025-01-30 00:16:31,715][__main__][INFO] - [4, 14, 21, 35], [11]
[2025-01-30 00:16:31,787][__main__][INFO] - [4, 14, 22, 29], [11]
[2025-01-30 00:16:31,806][__main__][INFO] - [4, 14, 22, 30], [11]
[2025-01-30 00:16:31,879][__main__][INFO] - [4, 14, 22, 35], [11]
[2025-01-30 00:16:31,938][__main__][INFO] - [4, 14, 23, 28], [11]
[2025-01-30 00:16:31,972][__main__][INFO] - [4, 14, 23, 30], [11]
[2025-01-30 00:16:32,005][__main__][INFO] - [4, 14, 23, 32], [11]
[2025-01-30 00:16:32,024][__main__][INFO] - [4, 14, 23, 33], [11]
[2025-01-30 00:16:32,056][__main__][INFO] - [4, 14, 23, 35], [11]
[2025-01-30 00:16:32,207][__main__][INFO] - [4, 14, 24, 35], [11]
[2025-01-30 00:16:32,292][__main__][INFO] - [4, 15, 21, 28], [11]
[2025-01-30 00:16:32,311][__main__][INFO] - [4, 15, 21, 29], [11]
[2025-01-30 00:16:32,330][__main__][INFO] - [4, 15, 21, 30], [11]
[2025-01-30 00:16:32,349][__main__][INFO] - [4, 15, 21, 31], [11]
[2025-01-30 00:16:32,369][__main__][INFO] - [4, 15, 21, 32], [11]
[2025-01-30 00:16:32,388][__main__][INFO] - [4, 15, 21, 33], [11]
[2025-01-30 00:16:32,407][__main__][INFO] - [4, 15, 21, 34], [11]
[2025-01-30 00:16:32,426][__main__][INFO] - [4, 15, 21, 35], [11]
[2025-01-30 00:16:32,458][__main__][INFO] - [4, 15, 22, 26], [11]
[2025-01-30 00:16:32,477][__main__][INFO] - [4, 15, 22, 27], [11]
[2025-01-30 00:16:32,496][__main__][INFO] - [4, 15, 22, 28], [11]
[2025-01-30 00:16:32,514][__main__][INFO] - [4, 15, 22, 29], [11]
[2025-01-30 00:16:32,534][__main__][INFO] - [4, 15, 22, 30], [11]
[2025-01-30 00:16:32,553][__main__][INFO] - [4, 15, 22, 31], [11]
[2025-01-30 00:16:32,572][__main__][INFO] - [4, 15, 22, 32], [11]
[2025-01-30 00:16:32,591][__main__][INFO] - [4, 15, 22, 33], [11]
[2025-01-30 00:16:32,610][__main__][INFO] - [4, 15, 22, 34], [11]
[2025-01-30 00:16:32,628][__main__][INFO] - [4, 15, 22, 35], [11]
[2025-01-30 00:16:32,661][__main__][INFO] - [4, 15, 23, 26], [11]
[2025-01-30 00:16:32,680][__main__][INFO] - [4, 15, 23, 27], [11]
[2025-01-30 00:16:32,699][__main__][INFO] - [4, 15, 23, 28], [11]
[2025-01-30 00:16:32,718][__main__][INFO] - [4, 15, 23, 29], [11]
[2025-01-30 00:16:32,737][__main__][INFO] - [4, 15, 23, 30], [11]
[2025-01-30 00:16:32,756][__main__][INFO] - [4, 15, 23, 31], [11]
[2025-01-30 00:16:32,775][__main__][INFO] - [4, 15, 23, 32], [11]
[2025-01-30 00:16:32,794][__main__][INFO] - [4, 15, 23, 33], [11]
[2025-01-30 00:16:32,813][__main__][INFO] - [4, 15, 23, 34], [11]
[2025-01-30 00:16:32,832][__main__][INFO] - [4, 15, 23, 35], [11]
[2025-01-30 00:16:32,985][__main__][INFO] - [4, 15, 24, 35], [11]
[2025-01-30 00:16:33,110][__main__][INFO] - [4, 16, 21, 31], [11]
[2025-01-30 00:16:33,130][__main__][INFO] - [4, 16, 21, 32], [11]
[2025-01-30 00:16:33,150][__main__][INFO] - [4, 16, 21, 33], [11]
[2025-01-30 00:16:33,182][__main__][INFO] - [4, 16, 21, 35], [11]
[2025-01-30 00:16:33,561][__main__][INFO] - [4, 17, 21, 27], [11]
[2025-01-30 00:16:33,581][__main__][INFO] - [4, 17, 21, 28], [11]
[2025-01-30 00:16:33,600][__main__][INFO] - [4, 17, 21, 29], [11]
[2025-01-30 00:16:33,620][__main__][INFO] - [4, 17, 21, 30], [11]
[2025-01-30 00:16:33,639][__main__][INFO] - [4, 17, 21, 31], [11]
[2025-01-30 00:16:33,658][__main__][INFO] - [4, 17, 21, 32], [11]
[2025-01-30 00:16:33,677][__main__][INFO] - [4, 17, 21, 33], [11]
[2025-01-30 00:16:33,696][__main__][INFO] - [4, 17, 21, 34], [11]
[2025-01-30 00:16:33,714][__main__][INFO] - [4, 17, 21, 35], [11]
[2025-01-30 00:16:33,747][__main__][INFO] - [4, 17, 22, 26], [11]
[2025-01-30 00:16:33,766][__main__][INFO] - [4, 17, 22, 27], [11]
[2025-01-30 00:16:33,786][__main__][INFO] - [4, 17, 22, 28], [11]
[2025-01-30 00:16:33,804][__main__][INFO] - [4, 17, 22, 29], [11]
[2025-01-30 00:16:33,823][__main__][INFO] - [4, 17, 22, 30], [11]
[2025-01-30 00:16:33,842][__main__][INFO] - [4, 17, 22, 31], [11]
[2025-01-30 00:16:33,861][__main__][INFO] - [4, 17, 22, 32], [11]
[2025-01-30 00:16:33,880][__main__][INFO] - [4, 17, 22, 33], [11]
[2025-01-30 00:16:33,900][__main__][INFO] - [4, 17, 22, 34], [11]
[2025-01-30 00:16:33,919][__main__][INFO] - [4, 17, 22, 35], [11]
[2025-01-30 00:16:33,951][__main__][INFO] - [4, 17, 23, 26], [11]
[2025-01-30 00:16:33,970][__main__][INFO] - [4, 17, 23, 27], [11]
[2025-01-30 00:16:33,989][__main__][INFO] - [4, 17, 23, 28], [11]
[2025-01-30 00:16:34,008][__main__][INFO] - [4, 17, 23, 29], [11]
[2025-01-30 00:16:34,027][__main__][INFO] - [4, 17, 23, 30], [11]
[2025-01-30 00:16:34,046][__main__][INFO] - [4, 17, 23, 31], [11]
[2025-01-30 00:16:34,065][__main__][INFO] - [4, 17, 23, 32], [11]
[2025-01-30 00:16:34,084][__main__][INFO] - [4, 17, 23, 33], [11]
[2025-01-30 00:16:34,103][__main__][INFO] - [4, 17, 23, 34], [11]
[2025-01-30 00:16:34,122][__main__][INFO] - [4, 17, 23, 35], [11]
[2025-01-30 00:16:34,447][__main__][INFO] - [4, 18, 21, 35], [11]
[2025-01-30 00:16:34,925][__main__][INFO] - [4, 19, 21, 35], [11]
[2025-01-30 00:16:35,225][__main__][INFO] - [4, 19, 23, 35], [11]
[2025-01-30 00:16:35,466][__main__][INFO] - [5, 10, 11, 12, 21], []
[2025-01-30 00:16:35,485][__main__][INFO] - [5, 10, 11, 12, 22], []
[2025-01-30 00:16:35,504][__main__][INFO] - [5, 10, 11, 12, 23], []
[2025-01-30 00:16:35,550][__main__][INFO] - [5, 10, 11, 12, 26], []
[2025-01-30 00:16:35,569][__main__][INFO] - [5, 10, 11, 12, 27], []
[2025-01-30 00:16:35,587][__main__][INFO] - [5, 10, 11, 12, 28], []
[2025-01-30 00:16:35,606][__main__][INFO] - [5, 10, 11, 12, 29], []
[2025-01-30 00:16:35,625][__main__][INFO] - [5, 10, 11, 12, 30], []
[2025-01-30 00:16:35,644][__main__][INFO] - [5, 10, 11, 12, 31], []
[2025-01-30 00:16:35,663][__main__][INFO] - [5, 10, 11, 12, 32], []
[2025-01-30 00:16:35,682][__main__][INFO] - [5, 10, 11, 12, 33], []
[2025-01-30 00:16:35,701][__main__][INFO] - [5, 10, 11, 12, 34], []
[2025-01-30 00:16:35,720][__main__][INFO] - [5, 10, 11, 12, 35], []
[2025-01-30 00:16:35,751][__main__][INFO] - [5, 10, 11, 13, 21], []
[2025-01-30 00:16:35,944][__main__][INFO] - [5, 10, 11, 13, 35], []
[2025-01-30 00:16:35,977][__main__][INFO] - [5, 10, 11, 14, 21], []
[2025-01-30 00:16:36,173][__main__][INFO] - [5, 10, 11, 14, 35], []
[2025-01-30 00:16:36,205][__main__][INFO] - [5, 10, 11, 15, 21], []
[2025-01-30 00:16:36,224][__main__][INFO] - [5, 10, 11, 15, 22], []
[2025-01-30 00:16:36,243][__main__][INFO] - [5, 10, 11, 15, 23], []
[2025-01-30 00:16:36,410][__main__][INFO] - [5, 10, 11, 15, 35], []
[2025-01-30 00:16:36,456][__main__][INFO] - [5, 10, 11, 17, 21], []
[2025-01-30 00:16:36,475][__main__][INFO] - [5, 10, 11, 17, 22], []
[2025-01-30 00:16:36,495][__main__][INFO] - [5, 10, 11, 17, 23], []
[2025-01-30 00:16:36,661][__main__][INFO] - [5, 10, 11, 17, 35], []
[2025-01-30 00:16:36,734][__main__][INFO] - [5, 10, 11, 21, 26], []
[2025-01-30 00:16:36,753][__main__][INFO] - [5, 10, 11, 21, 27], []
[2025-01-30 00:16:36,773][__main__][INFO] - [5, 10, 11, 21, 28], []
[2025-01-30 00:16:36,793][__main__][INFO] - [5, 10, 11, 21, 29], []
[2025-01-30 00:16:36,813][__main__][INFO] - [5, 10, 11, 21, 30], []
[2025-01-30 00:16:36,833][__main__][INFO] - [5, 10, 11, 21, 31], []
[2025-01-30 00:16:36,852][__main__][INFO] - [5, 10, 11, 21, 32], []
[2025-01-30 00:16:36,871][__main__][INFO] - [5, 10, 11, 21, 33], []
[2025-01-30 00:16:36,890][__main__][INFO] - [5, 10, 11, 21, 34], []
[2025-01-30 00:16:36,909][__main__][INFO] - [5, 10, 11, 21, 35], []
[2025-01-30 00:16:36,995][__main__][INFO] - [5, 10, 11, 22, 30], []
[2025-01-30 00:16:37,069][__main__][INFO] - [5, 10, 11, 22, 35], []
[2025-01-30 00:16:37,101][__main__][INFO] - [5, 10, 11, 23, 26], []
[2025-01-30 00:16:37,121][__main__][INFO] - [5, 10, 11, 23, 27], []
[2025-01-30 00:16:37,140][__main__][INFO] - [5, 10, 11, 23, 28], []
[2025-01-30 00:16:37,160][__main__][INFO] - [5, 10, 11, 23, 29], []
[2025-01-30 00:16:37,180][__main__][INFO] - [5, 10, 11, 23, 30], []
[2025-01-30 00:16:37,199][__main__][INFO] - [5, 10, 11, 23, 31], []
[2025-01-30 00:16:37,218][__main__][INFO] - [5, 10, 11, 23, 32], []
[2025-01-30 00:16:37,238][__main__][INFO] - [5, 10, 11, 23, 33], []
[2025-01-30 00:16:37,257][__main__][INFO] - [5, 10, 11, 23, 34], []
[2025-01-30 00:16:37,276][__main__][INFO] - [5, 10, 11, 23, 35], []
[2025-01-30 00:16:37,348][__main__][INFO] - [5, 10, 12, 21], [11]
[2025-01-30 00:16:37,368][__main__][INFO] - [5, 10, 12, 22], [11]
[2025-01-30 00:16:37,386][__main__][INFO] - [5, 10, 12, 23], [11]
[2025-01-30 00:16:37,405][__main__][INFO] - [5, 10, 12, 24], [11]
[2025-01-30 00:16:37,423][__main__][INFO] - [5, 10, 12, 25], [11]
[2025-01-30 00:16:37,442][__main__][INFO] - [5, 10, 12, 26], [11]
[2025-01-30 00:16:37,461][__main__][INFO] - [5, 10, 12, 27], [11]
[2025-01-30 00:16:37,479][__main__][INFO] - [5, 10, 12, 28], [11]
[2025-01-30 00:16:37,497][__main__][INFO] - [5, 10, 12, 29], [11]
[2025-01-30 00:16:37,515][__main__][INFO] - [5, 10, 12, 30], [11]
[2025-01-30 00:16:37,534][__main__][INFO] - [5, 10, 12, 31], [11]
[2025-01-30 00:16:37,552][__main__][INFO] - [5, 10, 12, 32], [11]
[2025-01-30 00:16:37,571][__main__][INFO] - [5, 10, 12, 33], [11]
[2025-01-30 00:16:37,589][__main__][INFO] - [5, 10, 12, 34], [11]
[2025-01-30 00:16:37,607][__main__][INFO] - [5, 10, 12, 35], [11]
[2025-01-30 00:16:37,639][__main__][INFO] - [5, 10, 13, 21], [11]
[2025-01-30 00:16:37,658][__main__][INFO] - [5, 10, 13, 22], [11]
[2025-01-30 00:16:37,676][__main__][INFO] - [5, 10, 13, 23], [11]
[2025-01-30 00:16:37,721][__main__][INFO] - [5, 10, 13, 26], [11]
[2025-01-30 00:16:37,740][__main__][INFO] - [5, 10, 13, 27], [11]
[2025-01-30 00:16:37,758][__main__][INFO] - [5, 10, 13, 28], [11]
[2025-01-30 00:16:37,776][__main__][INFO] - [5, 10, 13, 29], [11]
[2025-01-30 00:16:37,794][__main__][INFO] - [5, 10, 13, 30], [11]
[2025-01-30 00:16:37,813][__main__][INFO] - [5, 10, 13, 31], [11]
[2025-01-30 00:16:37,831][__main__][INFO] - [5, 10, 13, 32], [11]
[2025-01-30 00:16:37,849][__main__][INFO] - [5, 10, 13, 33], [11]
[2025-01-30 00:16:37,868][__main__][INFO] - [5, 10, 13, 34], [11]
[2025-01-30 00:16:37,886][__main__][INFO] - [5, 10, 13, 35], [11]
[2025-01-30 00:16:37,918][__main__][INFO] - [5, 10, 14, 21], [11]
[2025-01-30 00:16:37,936][__main__][INFO] - [5, 10, 14, 22], [11]
[2025-01-30 00:16:37,955][__main__][INFO] - [5, 10, 14, 23], [11]
[2025-01-30 00:16:37,974][__main__][INFO] - [5, 10, 14, 24], [11]
[2025-01-30 00:16:38,046][__main__][INFO] - [5, 10, 14, 29], [11]
[2025-01-30 00:16:38,064][__main__][INFO] - [5, 10, 14, 30], [11]
[2025-01-30 00:16:38,083][__main__][INFO] - [5, 10, 14, 31], [11]
[2025-01-30 00:16:38,102][__main__][INFO] - [5, 10, 14, 32], [11]
[2025-01-30 00:16:38,120][__main__][INFO] - [5, 10, 14, 33], [11]
[2025-01-30 00:16:38,138][__main__][INFO] - [5, 10, 14, 34], [11]
[2025-01-30 00:16:38,156][__main__][INFO] - [5, 10, 14, 35], [11]
[2025-01-30 00:16:38,188][__main__][INFO] - [5, 10, 15, 21], [11]
[2025-01-30 00:16:38,206][__main__][INFO] - [5, 10, 15, 22], [11]
[2025-01-30 00:16:38,225][__main__][INFO] - [5, 10, 15, 23], [11]
[2025-01-30 00:16:38,245][__main__][INFO] - [5, 10, 15, 24], [11]
[2025-01-30 00:16:38,277][__main__][INFO] - [5, 10, 15, 26], [11]
[2025-01-30 00:16:38,295][__main__][INFO] - [5, 10, 15, 27], [11]
[2025-01-30 00:16:38,314][__main__][INFO] - [5, 10, 15, 28], [11]
[2025-01-30 00:16:38,332][__main__][INFO] - [5, 10, 15, 29], [11]
[2025-01-30 00:16:38,351][__main__][INFO] - [5, 10, 15, 30], [11]
[2025-01-30 00:16:38,369][__main__][INFO] - [5, 10, 15, 31], [11]
[2025-01-30 00:16:38,388][__main__][INFO] - [5, 10, 15, 32], [11]
[2025-01-30 00:16:38,407][__main__][INFO] - [5, 10, 15, 33], [11]
[2025-01-30 00:16:38,426][__main__][INFO] - [5, 10, 15, 34], [11]
[2025-01-30 00:16:38,444][__main__][INFO] - [5, 10, 15, 35], [11]
[2025-01-30 00:16:38,475][__main__][INFO] - [5, 10, 16, 21], [11]
[2025-01-30 00:16:38,665][__main__][INFO] - [5, 10, 16, 35], [11]
[2025-01-30 00:16:38,697][__main__][INFO] - [5, 10, 17, 21], [11]
[2025-01-30 00:16:38,716][__main__][INFO] - [5, 10, 17, 22], [11]
[2025-01-30 00:16:38,735][__main__][INFO] - [5, 10, 17, 23], [11]
[2025-01-30 00:16:38,795][__main__][INFO] - [5, 10, 17, 27], [11]
[2025-01-30 00:16:38,814][__main__][INFO] - [5, 10, 17, 28], [11]
[2025-01-30 00:16:38,833][__main__][INFO] - [5, 10, 17, 29], [11]
[2025-01-30 00:16:38,852][__main__][INFO] - [5, 10, 17, 30], [11]
[2025-01-30 00:16:38,871][__main__][INFO] - [5, 10, 17, 31], [11]
[2025-01-30 00:16:38,890][__main__][INFO] - [5, 10, 17, 32], [11]
[2025-01-30 00:16:38,910][__main__][INFO] - [5, 10, 17, 33], [11]
[2025-01-30 00:16:38,929][__main__][INFO] - [5, 10, 17, 34], [11]
[2025-01-30 00:16:38,948][__main__][INFO] - [5, 10, 17, 35], [11]
[2025-01-30 00:16:38,979][__main__][INFO] - [5, 10, 18, 21], [11]
[2025-01-30 00:16:39,199][__main__][INFO] - [5, 10, 19, 21], [11]
[2025-01-30 00:16:39,232][__main__][INFO] - [5, 10, 19, 23], [11]
[2025-01-30 00:16:39,396][__main__][INFO] - [5, 10, 19, 35], [11]
[2025-01-30 00:16:39,442][__main__][INFO] - [5, 10, 21, 26], [11]
[2025-01-30 00:16:39,462][__main__][INFO] - [5, 10, 21, 27], [11]
[2025-01-30 00:16:39,481][__main__][INFO] - [5, 10, 21, 28], [11]
[2025-01-30 00:16:39,501][__main__][INFO] - [5, 10, 21, 29], [11]
[2025-01-30 00:16:39,520][__main__][INFO] - [5, 10, 21, 30], [11]
[2025-01-30 00:16:39,539][__main__][INFO] - [5, 10, 21, 31], [11]
[2025-01-30 00:16:39,559][__main__][INFO] - [5, 10, 21, 32], [11]
[2025-01-30 00:16:39,578][__main__][INFO] - [5, 10, 21, 33], [11]
[2025-01-30 00:16:39,597][__main__][INFO] - [5, 10, 21, 34], [11]
[2025-01-30 00:16:39,616][__main__][INFO] - [5, 10, 21, 35], [11]
[2025-01-30 00:16:39,649][__main__][INFO] - [5, 10, 22, 26], [11]
[2025-01-30 00:16:39,668][__main__][INFO] - [5, 10, 22, 27], [11]
[2025-01-30 00:16:39,687][__main__][INFO] - [5, 10, 22, 28], [11]
[2025-01-30 00:16:39,707][__main__][INFO] - [5, 10, 22, 29], [11]
[2025-01-30 00:16:39,725][__main__][INFO] - [5, 10, 22, 30], [11]
[2025-01-30 00:16:39,744][__main__][INFO] - [5, 10, 22, 31], [11]
[2025-01-30 00:16:39,763][__main__][INFO] - [5, 10, 22, 32], [11]
[2025-01-30 00:16:39,782][__main__][INFO] - [5, 10, 22, 33], [11]
[2025-01-30 00:16:39,801][__main__][INFO] - [5, 10, 22, 34], [11]
[2025-01-30 00:16:39,820][__main__][INFO] - [5, 10, 22, 35], [11]
[2025-01-30 00:16:39,853][__main__][INFO] - [5, 10, 23, 26], [11]
[2025-01-30 00:16:39,873][__main__][INFO] - [5, 10, 23, 27], [11]
[2025-01-30 00:16:39,892][__main__][INFO] - [5, 10, 23, 28], [11]
[2025-01-30 00:16:39,912][__main__][INFO] - [5, 10, 23, 29], [11]
[2025-01-30 00:16:39,935][__main__][INFO] - [5, 10, 23, 30], [11]
[2025-01-30 00:16:39,955][__main__][INFO] - [5, 10, 23, 31], [11]
[2025-01-30 00:16:39,974][__main__][INFO] - [5, 10, 23, 32], [11]
[2025-01-30 00:16:39,992][__main__][INFO] - [5, 10, 23, 33], [11]
[2025-01-30 00:16:40,011][__main__][INFO] - [5, 10, 23, 34], [11]
[2025-01-30 00:16:40,030][__main__][INFO] - [5, 10, 23, 35], [11]
[2025-01-30 00:16:40,142][__main__][INFO] - [5, 10, 24, 32], [11]
[2025-01-30 00:16:40,175][__main__][INFO] - [5, 10, 24, 34], [11]
[2025-01-30 00:16:40,194][__main__][INFO] - [5, 10, 24, 35], [11]
[2025-01-30 00:16:40,345][__main__][INFO] - [5, 10, 25, 35], [11]
[2025-01-30 00:16:40,392][__main__][INFO] - [5, 10, 12, 21, 26], []
[2025-01-30 00:16:40,413][__main__][INFO] - [5, 10, 12, 21, 27], []
[2025-01-30 00:16:40,434][__main__][INFO] - [5, 10, 12, 21, 28], []
[2025-01-30 00:16:40,453][__main__][INFO] - [5, 10, 12, 21, 29], []
[2025-01-30 00:16:40,473][__main__][INFO] - [5, 10, 12, 21, 30], []
[2025-01-30 00:16:40,493][__main__][INFO] - [5, 10, 12, 21, 31], []
[2025-01-30 00:16:40,513][__main__][INFO] - [5, 10, 12, 21, 32], []
[2025-01-30 00:16:40,533][__main__][INFO] - [5, 10, 12, 21, 33], []
[2025-01-30 00:16:40,552][__main__][INFO] - [5, 10, 12, 21, 34], []
[2025-01-30 00:16:40,572][__main__][INFO] - [5, 10, 12, 21, 35], []
[2025-01-30 00:16:40,606][__main__][INFO] - [5, 10, 12, 22, 26], []
[2025-01-30 00:16:40,625][__main__][INFO] - [5, 10, 12, 22, 27], []
[2025-01-30 00:16:40,645][__main__][INFO] - [5, 10, 12, 22, 28], []
[2025-01-30 00:16:40,665][__main__][INFO] - [5, 10, 12, 22, 29], []
[2025-01-30 00:16:40,685][__main__][INFO] - [5, 10, 12, 22, 30], []
[2025-01-30 00:16:40,707][__main__][INFO] - [5, 10, 12, 22, 31], []
[2025-01-30 00:16:40,727][__main__][INFO] - [5, 10, 12, 22, 32], []
[2025-01-30 00:16:40,747][__main__][INFO] - [5, 10, 12, 22, 33], []
[2025-01-30 00:16:40,767][__main__][INFO] - [5, 10, 12, 22, 34], []
[2025-01-30 00:16:40,787][__main__][INFO] - [5, 10, 12, 22, 35], []
[2025-01-30 00:16:40,820][__main__][INFO] - [5, 10, 12, 23, 26], []
[2025-01-30 00:16:40,840][__main__][INFO] - [5, 10, 12, 23, 27], []
[2025-01-30 00:16:40,859][__main__][INFO] - [5, 10, 12, 23, 28], []
[2025-01-30 00:16:40,879][__main__][INFO] - [5, 10, 12, 23, 29], []
[2025-01-30 00:16:40,898][__main__][INFO] - [5, 10, 12, 23, 30], []
[2025-01-30 00:16:40,918][__main__][INFO] - [5, 10, 12, 23, 31], []
[2025-01-30 00:16:40,938][__main__][INFO] - [5, 10, 12, 23, 32], []
[2025-01-30 00:16:40,957][__main__][INFO] - [5, 10, 12, 23, 33], []
[2025-01-30 00:16:40,977][__main__][INFO] - [5, 10, 12, 23, 34], []
[2025-01-30 00:16:40,997][__main__][INFO] - [5, 10, 12, 23, 35], []
[2025-01-30 00:16:41,156][__main__][INFO] - [5, 10, 12, 24, 35], []
[2025-01-30 00:16:41,350][__main__][INFO] - [5, 10, 13, 21, 26], []
[2025-01-30 00:16:41,371][__main__][INFO] - [5, 10, 13, 21, 27], []
[2025-01-30 00:16:41,392][__main__][INFO] - [5, 10, 13, 21, 28], []
[2025-01-30 00:16:41,413][__main__][INFO] - [5, 10, 13, 21, 29], []
[2025-01-30 00:16:41,435][__main__][INFO] - [5, 10, 13, 21, 30], []
[2025-01-30 00:16:41,456][__main__][INFO] - [5, 10, 13, 21, 31], []
[2025-01-30 00:16:41,476][__main__][INFO] - [5, 10, 13, 21, 32], []
[2025-01-30 00:16:41,496][__main__][INFO] - [5, 10, 13, 21, 33], []
[2025-01-30 00:16:41,516][__main__][INFO] - [5, 10, 13, 21, 34], []
[2025-01-30 00:16:41,536][__main__][INFO] - [5, 10, 13, 21, 35], []
[2025-01-30 00:16:41,841][__main__][INFO] - [5, 10, 13, 23, 35], []
[2025-01-30 00:16:41,955][__main__][INFO] - [5, 10, 14, 21, 29], []
[2025-01-30 00:16:41,977][__main__][INFO] - [5, 10, 14, 21, 30], []
[2025-01-30 00:16:42,011][__main__][INFO] - [5, 10, 14, 21, 32], []
[2025-01-30 00:16:42,031][__main__][INFO] - [5, 10, 14, 21, 33], []
[2025-01-30 00:16:42,064][__main__][INFO] - [5, 10, 14, 21, 35], []
[2025-01-30 00:16:42,339][__main__][INFO] - [5, 10, 14, 23, 33], []
[2025-01-30 00:16:42,372][__main__][INFO] - [5, 10, 14, 23, 35], []
[2025-01-30 00:16:42,526][__main__][INFO] - [5, 10, 14, 24, 35], []
[2025-01-30 00:16:42,640][__main__][INFO] - [5, 10, 15, 21, 30], []
[2025-01-30 00:16:42,700][__main__][INFO] - [5, 10, 15, 21, 34], []
[2025-01-30 00:16:42,720][__main__][INFO] - [5, 10, 15, 21, 35], []
[2025-01-30 00:16:42,766][__main__][INFO] - [5, 10, 15, 22, 27], []
[2025-01-30 00:16:42,785][__main__][INFO] - [5, 10, 15, 22, 28], []
[2025-01-30 00:16:42,805][__main__][INFO] - [5, 10, 15, 22, 29], []
[2025-01-30 00:16:42,824][__main__][INFO] - [5, 10, 15, 22, 30], []
[2025-01-30 00:16:42,844][__main__][INFO] - [5, 10, 15, 22, 31], []
[2025-01-30 00:16:42,864][__main__][INFO] - [5, 10, 15, 22, 32], []
[2025-01-30 00:16:42,883][__main__][INFO] - [5, 10, 15, 22, 33], []
[2025-01-30 00:16:42,903][__main__][INFO] - [5, 10, 15, 22, 34], []
[2025-01-30 00:16:42,923][__main__][INFO] - [5, 10, 15, 22, 35], []
[2025-01-30 00:16:42,956][__main__][INFO] - [5, 10, 15, 23, 26], []
[2025-01-30 00:16:42,976][__main__][INFO] - [5, 10, 15, 23, 27], []
[2025-01-30 00:16:42,995][__main__][INFO] - [5, 10, 15, 23, 28], []
[2025-01-30 00:16:43,015][__main__][INFO] - [5, 10, 15, 23, 29], []
[2025-01-30 00:16:43,035][__main__][INFO] - [5, 10, 15, 23, 30], []
[2025-01-30 00:16:43,054][__main__][INFO] - [5, 10, 15, 23, 31], []
[2025-01-30 00:16:43,074][__main__][INFO] - [5, 10, 15, 23, 32], []
[2025-01-30 00:16:43,094][__main__][INFO] - [5, 10, 15, 23, 33], []
[2025-01-30 00:16:43,114][__main__][INFO] - [5, 10, 15, 23, 34], []
[2025-01-30 00:16:43,133][__main__][INFO] - [5, 10, 15, 23, 35], []
[2025-01-30 00:16:43,286][__main__][INFO] - [5, 10, 15, 24, 35], []
[2025-01-30 00:16:43,461][__main__][INFO] - [5, 10, 16, 21, 35], []
[2025-01-30 00:16:43,587][__main__][INFO] - [5, 10, 17, 21, 28], []
[2025-01-30 00:16:43,607][__main__][INFO] - [5, 10, 17, 21, 29], []
[2025-01-30 00:16:43,627][__main__][INFO] - [5, 10, 17, 21, 30], []
[2025-01-30 00:16:43,646][__main__][INFO] - [5, 10, 17, 21, 31], []
[2025-01-30 00:16:43,666][__main__][INFO] - [5, 10, 17, 21, 32], []
[2025-01-30 00:16:43,686][__main__][INFO] - [5, 10, 17, 21, 33], []
[2025-01-30 00:16:43,706][__main__][INFO] - [5, 10, 17, 21, 34], []
[2025-01-30 00:16:43,726][__main__][INFO] - [5, 10, 17, 21, 35], []
[2025-01-30 00:16:43,772][__main__][INFO] - [5, 10, 17, 22, 27], []
[2025-01-30 00:16:43,792][__main__][INFO] - [5, 10, 17, 22, 28], []
[2025-01-30 00:16:43,811][__main__][INFO] - [5, 10, 17, 22, 29], []
[2025-01-30 00:16:43,831][__main__][INFO] - [5, 10, 17, 22, 30], []
[2025-01-30 00:16:43,851][__main__][INFO] - [5, 10, 17, 22, 31], []
[2025-01-30 00:16:43,870][__main__][INFO] - [5, 10, 17, 22, 32], []
[2025-01-30 00:16:43,890][__main__][INFO] - [5, 10, 17, 22, 33], []
[2025-01-30 00:16:43,923][__main__][INFO] - [5, 10, 17, 22, 35], []
[2025-01-30 00:16:43,969][__main__][INFO] - [5, 10, 17, 23, 27], []
[2025-01-30 00:16:43,989][__main__][INFO] - [5, 10, 17, 23, 28], []
[2025-01-30 00:16:44,009][__main__][INFO] - [5, 10, 17, 23, 29], []
[2025-01-30 00:16:44,028][__main__][INFO] - [5, 10, 17, 23, 30], []
[2025-01-30 00:16:44,048][__main__][INFO] - [5, 10, 17, 23, 31], []
[2025-01-30 00:16:44,068][__main__][INFO] - [5, 10, 17, 23, 32], []
[2025-01-30 00:16:44,088][__main__][INFO] - [5, 10, 17, 23, 33], []
[2025-01-30 00:16:44,107][__main__][INFO] - [5, 10, 17, 23, 34], []
[2025-01-30 00:16:44,126][__main__][INFO] - [5, 10, 17, 23, 35], []
[2025-01-30 00:16:44,782][__main__][INFO] - [5, 11, 12, 21], [10]
[2025-01-30 00:16:44,800][__main__][INFO] - [5, 11, 12, 22], [10]
[2025-01-30 00:16:44,819][__main__][INFO] - [5, 11, 12, 23], [10]
[2025-01-30 00:16:44,864][__main__][INFO] - [5, 11, 12, 26], [10]
[2025-01-30 00:16:44,882][__main__][INFO] - [5, 11, 12, 27], [10]
[2025-01-30 00:16:44,901][__main__][INFO] - [5, 11, 12, 28], [10]
[2025-01-30 00:16:44,919][__main__][INFO] - [5, 11, 12, 29], [10]
[2025-01-30 00:16:44,938][__main__][INFO] - [5, 11, 12, 30], [10]
[2025-01-30 00:16:44,957][__main__][INFO] - [5, 11, 12, 31], [10]
[2025-01-30 00:16:44,976][__main__][INFO] - [5, 11, 12, 32], [10]
[2025-01-30 00:16:44,994][__main__][INFO] - [5, 11, 12, 33], [10]
[2025-01-30 00:16:45,012][__main__][INFO] - [5, 11, 12, 34], [10]
[2025-01-30 00:16:45,031][__main__][INFO] - [5, 11, 12, 35], [10]
[2025-01-30 00:16:45,070][__main__][INFO] - [5, 11, 13, 21], [10]
[2025-01-30 00:16:45,315][__main__][INFO] - [5, 11, 13, 35], [10]
[2025-01-30 00:16:45,356][__main__][INFO] - [5, 11, 14, 21], [10]
[2025-01-30 00:16:45,597][__main__][INFO] - [5, 11, 14, 35], [10]
[2025-01-30 00:16:45,640][__main__][INFO] - [5, 11, 15, 21], [10]
[2025-01-30 00:16:45,681][__main__][INFO] - [5, 11, 15, 23], [10]
[2025-01-30 00:16:45,897][__main__][INFO] - [5, 11, 15, 35], [10]
[2025-01-30 00:16:45,957][__main__][INFO] - [5, 11, 17, 21], [10]
[2025-01-30 00:16:45,982][__main__][INFO] - [5, 11, 17, 22], [10]
[2025-01-30 00:16:46,007][__main__][INFO] - [5, 11, 17, 23], [10]
[2025-01-30 00:16:46,119][__main__][INFO] - [5, 11, 17, 29], [10]
[2025-01-30 00:16:46,144][__main__][INFO] - [5, 11, 17, 30], [10]
[2025-01-30 00:16:46,168][__main__][INFO] - [5, 11, 17, 31], [10]
[2025-01-30 00:16:46,237][__main__][INFO] - [5, 11, 17, 35], [10]
[2025-01-30 00:16:46,331][__main__][INFO] - [5, 11, 21, 26], [10]
[2025-01-30 00:16:46,356][__main__][INFO] - [5, 11, 21, 27], [10]
[2025-01-30 00:16:46,381][__main__][INFO] - [5, 11, 21, 28], [10]
[2025-01-30 00:16:46,405][__main__][INFO] - [5, 11, 21, 29], [10]
[2025-01-30 00:16:46,430][__main__][INFO] - [5, 11, 21, 30], [10]
[2025-01-30 00:16:46,454][__main__][INFO] - [5, 11, 21, 31], [10]
[2025-01-30 00:16:46,479][__main__][INFO] - [5, 11, 21, 32], [10]
[2025-01-30 00:16:46,503][__main__][INFO] - [5, 11, 21, 33], [10]
[2025-01-30 00:16:46,527][__main__][INFO] - [5, 11, 21, 34], [10]
[2025-01-30 00:16:46,552][__main__][INFO] - [5, 11, 21, 35], [10]
[2025-01-30 00:16:46,662][__main__][INFO] - [5, 11, 22, 30], [10]
[2025-01-30 00:16:46,705][__main__][INFO] - [5, 11, 22, 32], [10]
[2025-01-30 00:16:46,763][__main__][INFO] - [5, 11, 22, 35], [10]
[2025-01-30 00:16:46,819][__main__][INFO] - [5, 11, 23, 27], [10]
[2025-01-30 00:16:46,842][__main__][INFO] - [5, 11, 23, 28], [10]
[2025-01-30 00:16:46,865][__main__][INFO] - [5, 11, 23, 29], [10]
[2025-01-30 00:16:46,888][__main__][INFO] - [5, 11, 23, 30], [10]
[2025-01-30 00:16:46,927][__main__][INFO] - [5, 11, 23, 32], [10]
[2025-01-30 00:16:46,951][__main__][INFO] - [5, 11, 23, 33], [10]
[2025-01-30 00:16:46,975][__main__][INFO] - [5, 11, 23, 34], [10]
[2025-01-30 00:16:46,997][__main__][INFO] - [5, 11, 23, 35], [10]
[2025-01-30 00:16:47,248][__main__][INFO] - [5, 12, 21], [10, 11]
[2025-01-30 00:16:47,273][__main__][INFO] - [5, 12, 22], [10, 11]
[2025-01-30 00:16:47,296][__main__][INFO] - [5, 12, 23], [10, 11]
[2025-01-30 00:16:47,317][__main__][INFO] - [5, 12, 24], [10, 11]
[2025-01-30 00:16:47,336][__main__][INFO] - [5, 12, 25], [10, 11]
[2025-01-30 00:16:47,356][__main__][INFO] - [5, 12, 26], [10, 11]
[2025-01-30 00:16:47,379][__main__][INFO] - [5, 12, 27], [10, 11]
[2025-01-30 00:16:47,399][__main__][INFO] - [5, 12, 28], [10, 11]
[2025-01-30 00:16:47,422][__main__][INFO] - [5, 12, 29], [10, 11]
[2025-01-30 00:16:47,444][__main__][INFO] - [5, 12, 30], [10, 11]
[2025-01-30 00:16:47,467][__main__][INFO] - [5, 12, 31], [10, 11]
[2025-01-30 00:16:47,490][__main__][INFO] - [5, 12, 32], [10, 11]
[2025-01-30 00:16:47,513][__main__][INFO] - [5, 12, 33], [10, 11]
[2025-01-30 00:16:47,533][__main__][INFO] - [5, 12, 34], [10, 11]
[2025-01-30 00:16:47,553][__main__][INFO] - [5, 12, 35], [10, 11]
[2025-01-30 00:16:47,586][__main__][INFO] - [5, 13, 21], [10, 11]
[2025-01-30 00:16:47,605][__main__][INFO] - [5, 13, 22], [10, 11]
[2025-01-30 00:16:47,624][__main__][INFO] - [5, 13, 23], [10, 11]
[2025-01-30 00:16:47,682][__main__][INFO] - [5, 13, 27], [10, 11]
[2025-01-30 00:16:47,701][__main__][INFO] - [5, 13, 28], [10, 11]
[2025-01-30 00:16:47,720][__main__][INFO] - [5, 13, 29], [10, 11]
[2025-01-30 00:16:47,739][__main__][INFO] - [5, 13, 30], [10, 11]
[2025-01-30 00:16:47,758][__main__][INFO] - [5, 13, 31], [10, 11]
[2025-01-30 00:16:47,777][__main__][INFO] - [5, 13, 32], [10, 11]
[2025-01-30 00:16:47,796][__main__][INFO] - [5, 13, 33], [10, 11]
[2025-01-30 00:16:47,815][__main__][INFO] - [5, 13, 34], [10, 11]
[2025-01-30 00:16:47,835][__main__][INFO] - [5, 13, 35], [10, 11]
[2025-01-30 00:16:47,867][__main__][INFO] - [5, 14, 21], [10, 11]
[2025-01-30 00:16:47,887][__main__][INFO] - [5, 14, 22], [10, 11]
[2025-01-30 00:16:47,907][__main__][INFO] - [5, 14, 23], [10, 11]
[2025-01-30 00:16:47,926][__main__][INFO] - [5, 14, 24], [10, 11]
[2025-01-30 00:16:47,972][__main__][INFO] - [5, 14, 27], [10, 11]
[2025-01-30 00:16:47,991][__main__][INFO] - [5, 14, 28], [10, 11]
[2025-01-30 00:16:48,011][__main__][INFO] - [5, 14, 29], [10, 11]
[2025-01-30 00:16:48,031][__main__][INFO] - [5, 14, 30], [10, 11]
[2025-01-30 00:16:48,064][__main__][INFO] - [5, 14, 32], [10, 11]
[2025-01-30 00:16:48,084][__main__][INFO] - [5, 14, 33], [10, 11]
[2025-01-30 00:16:48,104][__main__][INFO] - [5, 14, 34], [10, 11]
[2025-01-30 00:16:48,126][__main__][INFO] - [5, 14, 35], [10, 11]
[2025-01-30 00:16:48,160][__main__][INFO] - [5, 15, 21], [10, 11]
[2025-01-30 00:16:48,181][__main__][INFO] - [5, 15, 22], [10, 11]
[2025-01-30 00:16:48,200][__main__][INFO] - [5, 15, 23], [10, 11]
[2025-01-30 00:16:48,220][__main__][INFO] - [5, 15, 24], [10, 11]
[2025-01-30 00:16:48,253][__main__][INFO] - [5, 15, 26], [10, 11]
[2025-01-30 00:16:48,273][__main__][INFO] - [5, 15, 27], [10, 11]
[2025-01-30 00:16:48,292][__main__][INFO] - [5, 15, 28], [10, 11]
[2025-01-30 00:16:48,312][__main__][INFO] - [5, 15, 29], [10, 11]
[2025-01-30 00:16:48,331][__main__][INFO] - [5, 15, 30], [10, 11]
[2025-01-30 00:16:48,350][__main__][INFO] - [5, 15, 31], [10, 11]
[2025-01-30 00:16:48,370][__main__][INFO] - [5, 15, 32], [10, 11]
[2025-01-30 00:16:48,389][__main__][INFO] - [5, 15, 33], [10, 11]
[2025-01-30 00:16:48,408][__main__][INFO] - [5, 15, 34], [10, 11]
[2025-01-30 00:16:48,427][__main__][INFO] - [5, 15, 35], [10, 11]
[2025-01-30 00:16:48,459][__main__][INFO] - [5, 16, 21], [10, 11]
[2025-01-30 00:16:48,493][__main__][INFO] - [5, 16, 23], [10, 11]
[2025-01-30 00:16:48,598][__main__][INFO] - [5, 16, 30], [10, 11]
[2025-01-30 00:16:48,684][__main__][INFO] - [5, 16, 35], [10, 11]
[2025-01-30 00:16:48,723][__main__][INFO] - [5, 17, 21], [10, 11]
[2025-01-30 00:16:48,743][__main__][INFO] - [5, 17, 22], [10, 11]
[2025-01-30 00:16:48,762][__main__][INFO] - [5, 17, 23], [10, 11]
[2025-01-30 00:16:48,782][__main__][INFO] - [5, 17, 24], [10, 11]
[2025-01-30 00:16:48,828][__main__][INFO] - [5, 17, 27], [10, 11]
[2025-01-30 00:16:48,849][__main__][INFO] - [5, 17, 28], [10, 11]
[2025-01-30 00:16:48,868][__main__][INFO] - [5, 17, 29], [10, 11]
[2025-01-30 00:16:48,888][__main__][INFO] - [5, 17, 30], [10, 11]
[2025-01-30 00:16:48,908][__main__][INFO] - [5, 17, 31], [10, 11]
[2025-01-30 00:16:48,928][__main__][INFO] - [5, 17, 32], [10, 11]
[2025-01-30 00:16:48,947][__main__][INFO] - [5, 17, 33], [10, 11]
[2025-01-30 00:16:48,970][__main__][INFO] - [5, 17, 34], [10, 11]
[2025-01-30 00:16:48,994][__main__][INFO] - [5, 17, 35], [10, 11]
[2025-01-30 00:16:49,031][__main__][INFO] - [5, 18, 21], [10, 11]
[2025-01-30 00:16:49,257][__main__][INFO] - [5, 18, 35], [10, 11]
[2025-01-30 00:16:49,330][__main__][INFO] - [5, 19, 23], [10, 11]
[2025-01-30 00:16:49,532][__main__][INFO] - [5, 19, 35], [10, 11]
[2025-01-30 00:16:49,588][__main__][INFO] - [5, 21, 26], [10, 11]
[2025-01-30 00:16:49,612][__main__][INFO] - [5, 21, 27], [10, 11]
[2025-01-30 00:16:49,636][__main__][INFO] - [5, 21, 28], [10, 11]
[2025-01-30 00:16:49,660][__main__][INFO] - [5, 21, 29], [10, 11]
[2025-01-30 00:16:49,683][__main__][INFO] - [5, 21, 30], [10, 11]
[2025-01-30 00:16:49,706][__main__][INFO] - [5, 21, 31], [10, 11]
[2025-01-30 00:16:49,730][__main__][INFO] - [5, 21, 32], [10, 11]
[2025-01-30 00:16:49,753][__main__][INFO] - [5, 21, 33], [10, 11]
[2025-01-30 00:16:49,777][__main__][INFO] - [5, 21, 34], [10, 11]
[2025-01-30 00:16:49,797][__main__][INFO] - [5, 21, 35], [10, 11]
[2025-01-30 00:16:49,831][__main__][INFO] - [5, 22, 26], [10, 11]
[2025-01-30 00:16:49,851][__main__][INFO] - [5, 22, 27], [10, 11]
[2025-01-30 00:16:49,872][__main__][INFO] - [5, 22, 28], [10, 11]
[2025-01-30 00:16:49,896][__main__][INFO] - [5, 22, 29], [10, 11]
[2025-01-30 00:16:49,921][__main__][INFO] - [5, 22, 30], [10, 11]
[2025-01-30 00:16:49,944][__main__][INFO] - [5, 22, 31], [10, 11]
[2025-01-30 00:16:49,968][__main__][INFO] - [5, 22, 32], [10, 11]
[2025-01-30 00:16:49,991][__main__][INFO] - [5, 22, 33], [10, 11]
[2025-01-30 00:16:50,015][__main__][INFO] - [5, 22, 34], [10, 11]
[2025-01-30 00:16:50,037][__main__][INFO] - [5, 22, 35], [10, 11]
[2025-01-30 00:16:50,078][__main__][INFO] - [5, 23, 26], [10, 11]
[2025-01-30 00:16:50,101][__main__][INFO] - [5, 23, 27], [10, 11]
[2025-01-30 00:16:50,121][__main__][INFO] - [5, 23, 28], [10, 11]
[2025-01-30 00:16:50,144][__main__][INFO] - [5, 23, 29], [10, 11]
[2025-01-30 00:16:50,164][__main__][INFO] - [5, 23, 30], [10, 11]
[2025-01-30 00:16:50,184][__main__][INFO] - [5, 23, 31], [10, 11]
[2025-01-30 00:16:50,204][__main__][INFO] - [5, 23, 32], [10, 11]
[2025-01-30 00:16:50,222][__main__][INFO] - [5, 23, 33], [10, 11]
[2025-01-30 00:16:50,242][__main__][INFO] - [5, 23, 34], [10, 11]
[2025-01-30 00:16:50,260][__main__][INFO] - [5, 23, 35], [10, 11]
[2025-01-30 00:16:50,334][__main__][INFO] - [5, 24, 29], [10, 11]
[2025-01-30 00:16:50,353][__main__][INFO] - [5, 24, 30], [10, 11]
[2025-01-30 00:16:50,373][__main__][INFO] - [5, 24, 31], [10, 11]
[2025-01-30 00:16:50,392][__main__][INFO] - [5, 24, 32], [10, 11]
[2025-01-30 00:16:50,426][__main__][INFO] - [5, 24, 34], [10, 11]
[2025-01-30 00:16:50,445][__main__][INFO] - [5, 24, 35], [10, 11]
[2025-01-30 00:16:50,599][__main__][INFO] - [5, 25, 35], [10, 11]
[2025-01-30 00:16:50,644][__main__][INFO] - [5, 12, 21, 26], [10]
[2025-01-30 00:16:50,664][__main__][INFO] - [5, 12, 21, 27], [10]
[2025-01-30 00:16:50,683][__main__][INFO] - [5, 12, 21, 28], [10]
[2025-01-30 00:16:50,703][__main__][INFO] - [5, 12, 21, 29], [10]
[2025-01-30 00:16:50,722][__main__][INFO] - [5, 12, 21, 30], [10]
[2025-01-30 00:16:50,740][__main__][INFO] - [5, 12, 21, 31], [10]
[2025-01-30 00:16:50,759][__main__][INFO] - [5, 12, 21, 32], [10]
[2025-01-30 00:16:50,778][__main__][INFO] - [5, 12, 21, 33], [10]
[2025-01-30 00:16:50,797][__main__][INFO] - [5, 12, 21, 34], [10]
[2025-01-30 00:16:50,816][__main__][INFO] - [5, 12, 21, 35], [10]
[2025-01-30 00:16:50,848][__main__][INFO] - [5, 12, 22, 26], [10]
[2025-01-30 00:16:50,867][__main__][INFO] - [5, 12, 22, 27], [10]
[2025-01-30 00:16:50,886][__main__][INFO] - [5, 12, 22, 28], [10]
[2025-01-30 00:16:50,905][__main__][INFO] - [5, 12, 22, 29], [10]
[2025-01-30 00:16:50,924][__main__][INFO] - [5, 12, 22, 30], [10]
[2025-01-30 00:16:50,942][__main__][INFO] - [5, 12, 22, 31], [10]
[2025-01-30 00:16:50,961][__main__][INFO] - [5, 12, 22, 32], [10]
[2025-01-30 00:16:50,980][__main__][INFO] - [5, 12, 22, 33], [10]
[2025-01-30 00:16:50,998][__main__][INFO] - [5, 12, 22, 34], [10]
[2025-01-30 00:16:51,017][__main__][INFO] - [5, 12, 22, 35], [10]
[2025-01-30 00:16:51,063][__main__][INFO] - [5, 12, 23, 27], [10]
[2025-01-30 00:16:51,081][__main__][INFO] - [5, 12, 23, 28], [10]
[2025-01-30 00:16:51,100][__main__][INFO] - [5, 12, 23, 29], [10]
[2025-01-30 00:16:51,118][__main__][INFO] - [5, 12, 23, 30], [10]
[2025-01-30 00:16:51,137][__main__][INFO] - [5, 12, 23, 31], [10]
[2025-01-30 00:16:51,157][__main__][INFO] - [5, 12, 23, 32], [10]
[2025-01-30 00:16:51,175][__main__][INFO] - [5, 12, 23, 33], [10]
[2025-01-30 00:16:51,194][__main__][INFO] - [5, 12, 23, 34], [10]
[2025-01-30 00:16:51,213][__main__][INFO] - [5, 12, 23, 35], [10]
[2025-01-30 00:16:51,365][__main__][INFO] - [5, 12, 24, 35], [10]
[2025-01-30 00:16:51,570][__main__][INFO] - [5, 13, 21, 27], [10]
[2025-01-30 00:16:51,590][__main__][INFO] - [5, 13, 21, 28], [10]
[2025-01-30 00:16:51,609][__main__][INFO] - [5, 13, 21, 29], [10]
[2025-01-30 00:16:51,628][__main__][INFO] - [5, 13, 21, 30], [10]
[2025-01-30 00:16:51,647][__main__][INFO] - [5, 13, 21, 31], [10]
[2025-01-30 00:16:51,666][__main__][INFO] - [5, 13, 21, 32], [10]
[2025-01-30 00:16:51,684][__main__][INFO] - [5, 13, 21, 33], [10]
[2025-01-30 00:16:51,703][__main__][INFO] - [5, 13, 21, 34], [10]
[2025-01-30 00:16:51,722][__main__][INFO] - [5, 13, 21, 35], [10]
[2025-01-30 00:16:52,020][__main__][INFO] - [5, 13, 23, 35], [10]
[2025-01-30 00:16:52,132][__main__][INFO] - [5, 14, 21, 29], [10]
[2025-01-30 00:16:52,178][__main__][INFO] - [5, 14, 21, 32], [10]
[2025-01-30 00:16:52,197][__main__][INFO] - [5, 14, 21, 33], [10]
[2025-01-30 00:16:52,230][__main__][INFO] - [5, 14, 21, 35], [10]
[2025-01-30 00:16:52,463][__main__][INFO] - [5, 14, 23, 30], [10]
[2025-01-30 00:16:52,535][__main__][INFO] - [5, 14, 23, 35], [10]
[2025-01-30 00:16:52,686][__main__][INFO] - [5, 14, 24, 35], [10]
[2025-01-30 00:16:52,798][__main__][INFO] - [5, 15, 21, 30], [10]
[2025-01-30 00:16:52,817][__main__][INFO] - [5, 15, 21, 31], [10]
[2025-01-30 00:16:52,836][__main__][INFO] - [5, 15, 21, 32], [10]
[2025-01-30 00:16:52,856][__main__][INFO] - [5, 15, 21, 33], [10]
[2025-01-30 00:16:52,889][__main__][INFO] - [5, 15, 21, 35], [10]
[2025-01-30 00:16:52,949][__main__][INFO] - [5, 15, 22, 28], [10]
[2025-01-30 00:16:52,968][__main__][INFO] - [5, 15, 22, 29], [10]
[2025-01-30 00:16:52,988][__main__][INFO] - [5, 15, 22, 30], [10]
[2025-01-30 00:16:53,006][__main__][INFO] - [5, 15, 22, 31], [10]
[2025-01-30 00:16:53,026][__main__][INFO] - [5, 15, 22, 32], [10]
[2025-01-30 00:16:53,044][__main__][INFO] - [5, 15, 22, 33], [10]
[2025-01-30 00:16:53,064][__main__][INFO] - [5, 15, 22, 34], [10]
[2025-01-30 00:16:53,083][__main__][INFO] - [5, 15, 22, 35], [10]
[2025-01-30 00:16:53,129][__main__][INFO] - [5, 15, 23, 27], [10]
[2025-01-30 00:16:53,149][__main__][INFO] - [5, 15, 23, 28], [10]
[2025-01-30 00:16:53,169][__main__][INFO] - [5, 15, 23, 29], [10]
[2025-01-30 00:16:53,189][__main__][INFO] - [5, 15, 23, 30], [10]
[2025-01-30 00:16:53,208][__main__][INFO] - [5, 15, 23, 31], [10]
[2025-01-30 00:16:53,228][__main__][INFO] - [5, 15, 23, 32], [10]
[2025-01-30 00:16:53,248][__main__][INFO] - [5, 15, 23, 33], [10]
[2025-01-30 00:16:53,268][__main__][INFO] - [5, 15, 23, 34], [10]
[2025-01-30 00:16:53,287][__main__][INFO] - [5, 15, 23, 35], [10]
[2025-01-30 00:16:53,440][__main__][INFO] - [5, 15, 24, 35], [10]
[2025-01-30 00:16:53,624][__main__][INFO] - [5, 16, 21, 35], [10]
[2025-01-30 00:16:53,898][__main__][INFO] - [5, 17, 21, 29], [10]
[2025-01-30 00:16:53,917][__main__][INFO] - [5, 17, 21, 30], [10]
[2025-01-30 00:16:53,937][__main__][INFO] - [5, 17, 21, 31], [10]
[2025-01-30 00:16:53,957][__main__][INFO] - [5, 17, 21, 32], [10]
[2025-01-30 00:16:53,977][__main__][INFO] - [5, 17, 21, 33], [10]
[2025-01-30 00:16:53,996][__main__][INFO] - [5, 17, 21, 34], [10]
[2025-01-30 00:16:54,017][__main__][INFO] - [5, 17, 21, 35], [10]
[2025-01-30 00:16:54,065][__main__][INFO] - [5, 17, 22, 27], [10]
[2025-01-30 00:16:54,085][__main__][INFO] - [5, 17, 22, 28], [10]
[2025-01-30 00:16:54,105][__main__][INFO] - [5, 17, 22, 29], [10]
[2025-01-30 00:16:54,126][__main__][INFO] - [5, 17, 22, 30], [10]
[2025-01-30 00:16:54,147][__main__][INFO] - [5, 17, 22, 31], [10]
[2025-01-30 00:16:54,168][__main__][INFO] - [5, 17, 22, 32], [10]
[2025-01-30 00:16:54,188][__main__][INFO] - [5, 17, 22, 33], [10]
[2025-01-30 00:16:54,208][__main__][INFO] - [5, 17, 22, 34], [10]
[2025-01-30 00:16:54,229][__main__][INFO] - [5, 17, 22, 35], [10]
[2025-01-30 00:16:54,276][__main__][INFO] - [5, 17, 23, 27], [10]
[2025-01-30 00:16:54,296][__main__][INFO] - [5, 17, 23, 28], [10]
[2025-01-30 00:16:54,316][__main__][INFO] - [5, 17, 23, 29], [10]
[2025-01-30 00:16:54,336][__main__][INFO] - [5, 17, 23, 30], [10]
[2025-01-30 00:16:54,356][__main__][INFO] - [5, 17, 23, 31], [10]
[2025-01-30 00:16:54,377][__main__][INFO] - [5, 17, 23, 32], [10]
[2025-01-30 00:16:54,396][__main__][INFO] - [5, 17, 23, 33], [10]
[2025-01-30 00:16:54,416][__main__][INFO] - [5, 17, 23, 34], [10]
[2025-01-30 00:16:54,436][__main__][INFO] - [5, 17, 23, 35], [10]
[2025-01-30 00:16:55,241][__main__][INFO] - [5, 11, 12, 21, 26], []
[2025-01-30 00:16:55,261][__main__][INFO] - [5, 11, 12, 21, 27], []
[2025-01-30 00:16:55,281][__main__][INFO] - [5, 11, 12, 21, 28], []
[2025-01-30 00:16:55,301][__main__][INFO] - [5, 11, 12, 21, 29], []
[2025-01-30 00:16:55,322][__main__][INFO] - [5, 11, 12, 21, 30], []
[2025-01-30 00:16:55,342][__main__][INFO] - [5, 11, 12, 21, 31], []
[2025-01-30 00:16:55,363][__main__][INFO] - [5, 11, 12, 21, 32], []
[2025-01-30 00:16:55,384][__main__][INFO] - [5, 11, 12, 21, 33], []
[2025-01-30 00:16:55,405][__main__][INFO] - [5, 11, 12, 21, 34], []
[2025-01-30 00:16:55,425][__main__][INFO] - [5, 11, 12, 21, 35], []
[2025-01-30 00:16:55,514][__main__][INFO] - [5, 11, 12, 22, 30], []
[2025-01-30 00:16:55,588][__main__][INFO] - [5, 11, 12, 22, 35], []
[2025-01-30 00:16:55,636][__main__][INFO] - [5, 11, 12, 23, 27], []
[2025-01-30 00:16:55,656][__main__][INFO] - [5, 11, 12, 23, 28], []
[2025-01-30 00:16:55,689][__main__][INFO] - [5, 11, 12, 23, 30], []
[2025-01-30 00:16:55,722][__main__][INFO] - [5, 11, 12, 23, 32], []
[2025-01-30 00:16:55,744][__main__][INFO] - [5, 11, 12, 23, 33], []
[2025-01-30 00:16:55,764][__main__][INFO] - [5, 11, 12, 23, 34], []
[2025-01-30 00:16:55,784][__main__][INFO] - [5, 11, 12, 23, 35], []
[2025-01-30 00:16:56,114][__main__][INFO] - [5, 11, 13, 21, 35], []
[2025-01-30 00:16:56,335][__main__][INFO] - [5, 11, 14, 21, 35], []
[2025-01-30 00:16:56,555][__main__][INFO] - [5, 11, 15, 21, 35], []
[2025-01-30 00:16:56,709][__main__][INFO] - [5, 11, 15, 22, 35], []
[2025-01-30 00:16:56,823][__main__][INFO] - [5, 11, 15, 23, 32], []
[2025-01-30 00:16:56,857][__main__][INFO] - [5, 11, 15, 23, 34], []
[2025-01-30 00:16:56,877][__main__][INFO] - [5, 11, 15, 23, 35], []
[2025-01-30 00:16:57,292][__main__][INFO] - [5, 11, 17, 21, 35], []
[2025-01-30 00:16:57,610][__main__][INFO] - [5, 11, 17, 23, 35], []
[2025-01-30 00:16:57,739][__main__][INFO] - [5, 12, 21, 26], [11]
[2025-01-30 00:16:57,761][__main__][INFO] - [5, 12, 21, 27], [11]
[2025-01-30 00:16:57,783][__main__][INFO] - [5, 12, 21, 28], [11]
[2025-01-30 00:16:57,804][__main__][INFO] - [5, 12, 21, 29], [11]
[2025-01-30 00:16:57,825][__main__][INFO] - [5, 12, 21, 30], [11]
[2025-01-30 00:16:57,845][__main__][INFO] - [5, 12, 21, 31], [11]
[2025-01-30 00:16:57,865][__main__][INFO] - [5, 12, 21, 32], [11]
[2025-01-30 00:16:57,887][__main__][INFO] - [5, 12, 21, 33], [11]
[2025-01-30 00:16:57,908][__main__][INFO] - [5, 12, 21, 34], [11]
[2025-01-30 00:16:57,928][__main__][INFO] - [5, 12, 21, 35], [11]
[2025-01-30 00:16:57,963][__main__][INFO] - [5, 12, 22, 26], [11]
[2025-01-30 00:16:57,986][__main__][INFO] - [5, 12, 22, 27], [11]
[2025-01-30 00:16:58,006][__main__][INFO] - [5, 12, 22, 28], [11]
[2025-01-30 00:16:58,025][__main__][INFO] - [5, 12, 22, 29], [11]
[2025-01-30 00:16:58,045][__main__][INFO] - [5, 12, 22, 30], [11]
[2025-01-30 00:16:58,065][__main__][INFO] - [5, 12, 22, 31], [11]
[2025-01-30 00:16:58,085][__main__][INFO] - [5, 12, 22, 32], [11]
[2025-01-30 00:16:58,106][__main__][INFO] - [5, 12, 22, 33], [11]
[2025-01-30 00:16:58,127][__main__][INFO] - [5, 12, 22, 34], [11]
[2025-01-30 00:16:58,148][__main__][INFO] - [5, 12, 22, 35], [11]
[2025-01-30 00:16:58,182][__main__][INFO] - [5, 12, 23, 26], [11]
[2025-01-30 00:16:58,202][__main__][INFO] - [5, 12, 23, 27], [11]
[2025-01-30 00:16:58,223][__main__][INFO] - [5, 12, 23, 28], [11]
[2025-01-30 00:16:58,243][__main__][INFO] - [5, 12, 23, 29], [11]
[2025-01-30 00:16:58,263][__main__][INFO] - [5, 12, 23, 30], [11]
[2025-01-30 00:16:58,284][__main__][INFO] - [5, 12, 23, 31], [11]
[2025-01-30 00:16:58,304][__main__][INFO] - [5, 12, 23, 32], [11]
[2025-01-30 00:16:58,324][__main__][INFO] - [5, 12, 23, 33], [11]
[2025-01-30 00:16:58,344][__main__][INFO] - [5, 12, 23, 34], [11]
[2025-01-30 00:16:58,364][__main__][INFO] - [5, 12, 23, 35], [11]
[2025-01-30 00:16:58,465][__main__][INFO] - [5, 12, 24, 31], [11]
[2025-01-30 00:16:58,485][__main__][INFO] - [5, 12, 24, 32], [11]
[2025-01-30 00:16:58,520][__main__][INFO] - [5, 12, 24, 34], [11]
[2025-01-30 00:16:58,540][__main__][INFO] - [5, 12, 24, 35], [11]
[2025-01-30 00:16:58,693][__main__][INFO] - [5, 12, 25, 35], [11]
[2025-01-30 00:16:58,741][__main__][INFO] - [5, 13, 21, 26], [11]
[2025-01-30 00:16:58,762][__main__][INFO] - [5, 13, 21, 27], [11]
[2025-01-30 00:16:58,783][__main__][INFO] - [5, 13, 21, 28], [11]
[2025-01-30 00:16:58,803][__main__][INFO] - [5, 13, 21, 29], [11]
[2025-01-30 00:16:58,823][__main__][INFO] - [5, 13, 21, 30], [11]
[2025-01-30 00:16:58,844][__main__][INFO] - [5, 13, 21, 31], [11]
[2025-01-30 00:16:58,866][__main__][INFO] - [5, 13, 21, 32], [11]
[2025-01-30 00:16:58,887][__main__][INFO] - [5, 13, 21, 33], [11]
[2025-01-30 00:16:58,908][__main__][INFO] - [5, 13, 21, 34], [11]
[2025-01-30 00:16:58,929][__main__][INFO] - [5, 13, 21, 35], [11]
[2025-01-30 00:16:59,085][__main__][INFO] - [5, 13, 22, 35], [11]
[2025-01-30 00:16:59,200][__main__][INFO] - [5, 13, 23, 32], [11]
[2025-01-30 00:16:59,247][__main__][INFO] - [5, 13, 23, 35], [11]
[2025-01-30 00:16:59,503][__main__][INFO] - [5, 14, 21, 29], [11]
[2025-01-30 00:16:59,528][__main__][INFO] - [5, 14, 21, 30], [11]
[2025-01-30 00:16:59,549][__main__][INFO] - [5, 14, 21, 31], [11]
[2025-01-30 00:16:59,570][__main__][INFO] - [5, 14, 21, 32], [11]
[2025-01-30 00:16:59,592][__main__][INFO] - [5, 14, 21, 33], [11]
[2025-01-30 00:16:59,614][__main__][INFO] - [5, 14, 21, 34], [11]
[2025-01-30 00:16:59,635][__main__][INFO] - [5, 14, 21, 35], [11]
[2025-01-30 00:16:59,795][__main__][INFO] - [5, 14, 22, 35], [11]
[2025-01-30 00:16:59,861][__main__][INFO] - [5, 14, 23, 28], [11]
[2025-01-30 00:16:59,896][__main__][INFO] - [5, 14, 23, 30], [11]
[2025-01-30 00:16:59,945][__main__][INFO] - [5, 14, 23, 33], [11]
[2025-01-30 00:16:59,965][__main__][INFO] - [5, 14, 23, 34], [11]
[2025-01-30 00:16:59,986][__main__][INFO] - [5, 14, 23, 35], [11]
[2025-01-30 00:17:00,145][__main__][INFO] - [5, 14, 24, 35], [11]
[2025-01-30 00:17:00,247][__main__][INFO] - [5, 15, 21, 29], [11]
[2025-01-30 00:17:00,267][__main__][INFO] - [5, 15, 21, 30], [11]
[2025-01-30 00:17:00,288][__main__][INFO] - [5, 15, 21, 31], [11]
[2025-01-30 00:17:00,308][__main__][INFO] - [5, 15, 21, 32], [11]
[2025-01-30 00:17:00,330][__main__][INFO] - [5, 15, 21, 33], [11]
[2025-01-30 00:17:00,351][__main__][INFO] - [5, 15, 21, 34], [11]
[2025-01-30 00:17:00,371][__main__][INFO] - [5, 15, 21, 35], [11]
[2025-01-30 00:17:00,405][__main__][INFO] - [5, 15, 22, 26], [11]
[2025-01-30 00:17:00,427][__main__][INFO] - [5, 15, 22, 27], [11]
[2025-01-30 00:17:00,449][__main__][INFO] - [5, 15, 22, 28], [11]
[2025-01-30 00:17:00,469][__main__][INFO] - [5, 15, 22, 29], [11]
[2025-01-30 00:17:00,489][__main__][INFO] - [5, 15, 22, 30], [11]
[2025-01-30 00:17:00,509][__main__][INFO] - [5, 15, 22, 31], [11]
[2025-01-30 00:17:00,529][__main__][INFO] - [5, 15, 22, 32], [11]
[2025-01-30 00:17:00,549][__main__][INFO] - [5, 15, 22, 33], [11]
[2025-01-30 00:17:00,569][__main__][INFO] - [5, 15, 22, 34], [11]
[2025-01-30 00:17:00,590][__main__][INFO] - [5, 15, 22, 35], [11]
[2025-01-30 00:17:00,625][__main__][INFO] - [5, 15, 23, 26], [11]
[2025-01-30 00:17:00,646][__main__][INFO] - [5, 15, 23, 27], [11]
[2025-01-30 00:17:00,666][__main__][INFO] - [5, 15, 23, 28], [11]
[2025-01-30 00:17:00,686][__main__][INFO] - [5, 15, 23, 29], [11]
[2025-01-30 00:17:00,706][__main__][INFO] - [5, 15, 23, 30], [11]
[2025-01-30 00:17:00,726][__main__][INFO] - [5, 15, 23, 31], [11]
[2025-01-30 00:17:00,747][__main__][INFO] - [5, 15, 23, 32], [11]
[2025-01-30 00:17:00,767][__main__][INFO] - [5, 15, 23, 33], [11]
[2025-01-30 00:17:00,787][__main__][INFO] - [5, 15, 23, 34], [11]
[2025-01-30 00:17:00,806][__main__][INFO] - [5, 15, 23, 35], [11]
[2025-01-30 00:17:00,968][__main__][INFO] - [5, 15, 24, 35], [11]
[2025-01-30 00:17:01,081][__main__][INFO] - [5, 16, 21, 30], [11]
[2025-01-30 00:17:01,102][__main__][INFO] - [5, 16, 21, 31], [11]
[2025-01-30 00:17:01,164][__main__][INFO] - [5, 16, 21, 35], [11]
[2025-01-30 00:17:01,555][__main__][INFO] - [5, 17, 21, 27], [11]
[2025-01-30 00:17:01,575][__main__][INFO] - [5, 17, 21, 28], [11]
[2025-01-30 00:17:01,595][__main__][INFO] - [5, 17, 21, 29], [11]
[2025-01-30 00:17:01,615][__main__][INFO] - [5, 17, 21, 30], [11]
[2025-01-30 00:17:01,637][__main__][INFO] - [5, 17, 21, 31], [11]
[2025-01-30 00:17:01,656][__main__][INFO] - [5, 17, 21, 32], [11]
[2025-01-30 00:17:01,678][__main__][INFO] - [5, 17, 21, 33], [11]
[2025-01-30 00:17:01,698][__main__][INFO] - [5, 17, 21, 34], [11]
[2025-01-30 00:17:01,718][__main__][INFO] - [5, 17, 21, 35], [11]
[2025-01-30 00:17:01,765][__main__][INFO] - [5, 17, 22, 27], [11]
[2025-01-30 00:17:01,785][__main__][INFO] - [5, 17, 22, 28], [11]
[2025-01-30 00:17:01,806][__main__][INFO] - [5, 17, 22, 29], [11]
[2025-01-30 00:17:01,827][__main__][INFO] - [5, 17, 22, 30], [11]
[2025-01-30 00:17:01,848][__main__][INFO] - [5, 17, 22, 31], [11]
[2025-01-30 00:17:01,868][__main__][INFO] - [5, 17, 22, 32], [11]
[2025-01-30 00:17:01,889][__main__][INFO] - [5, 17, 22, 33], [11]
[2025-01-30 00:17:01,908][__main__][INFO] - [5, 17, 22, 34], [11]
[2025-01-30 00:17:01,929][__main__][INFO] - [5, 17, 22, 35], [11]
[2025-01-30 00:17:01,963][__main__][INFO] - [5, 17, 23, 26], [11]
[2025-01-30 00:17:01,983][__main__][INFO] - [5, 17, 23, 27], [11]
[2025-01-30 00:17:02,003][__main__][INFO] - [5, 17, 23, 28], [11]
[2025-01-30 00:17:02,023][__main__][INFO] - [5, 17, 23, 29], [11]
[2025-01-30 00:17:02,043][__main__][INFO] - [5, 17, 23, 30], [11]
[2025-01-30 00:17:02,064][__main__][INFO] - [5, 17, 23, 31], [11]
[2025-01-30 00:17:02,085][__main__][INFO] - [5, 17, 23, 32], [11]
[2025-01-30 00:17:02,105][__main__][INFO] - [5, 17, 23, 33], [11]
[2025-01-30 00:17:02,126][__main__][INFO] - [5, 17, 23, 34], [11]
[2025-01-30 00:17:02,146][__main__][INFO] - [5, 17, 23, 35], [11]
[2025-01-30 00:17:02,476][__main__][INFO] - [5, 18, 21, 35], [11]
[2025-01-30 00:17:02,834][__main__][INFO] - [5, 19, 21, 35], [11]
[2025-01-30 00:17:03,001][__main__][INFO] - [5, 19, 23, 35], [11]
[2025-01-30 00:17:03,114][__main__][INFO] - [6, 10, 11, 12, 21], []
[2025-01-30 00:17:03,134][__main__][INFO] - [6, 10, 11, 12, 22], []
[2025-01-30 00:17:03,153][__main__][INFO] - [6, 10, 11, 12, 23], []
[2025-01-30 00:17:03,225][__main__][INFO] - [6, 10, 11, 12, 28], []
[2025-01-30 00:17:03,245][__main__][INFO] - [6, 10, 11, 12, 29], []
[2025-01-30 00:17:03,264][__main__][INFO] - [6, 10, 11, 12, 30], []
[2025-01-30 00:17:03,283][__main__][INFO] - [6, 10, 11, 12, 31], []
[2025-01-30 00:17:03,303][__main__][INFO] - [6, 10, 11, 12, 32], []
[2025-01-30 00:17:03,322][__main__][INFO] - [6, 10, 11, 12, 33], []
[2025-01-30 00:17:03,341][__main__][INFO] - [6, 10, 11, 12, 34], []
[2025-01-30 00:17:03,360][__main__][INFO] - [6, 10, 11, 12, 35], []
[2025-01-30 00:17:03,393][__main__][INFO] - [6, 10, 11, 13, 21], []
[2025-01-30 00:17:03,587][__main__][INFO] - [6, 10, 11, 13, 35], []
[2025-01-30 00:17:03,847][__main__][INFO] - [6, 10, 11, 15, 22], []
[2025-01-30 00:17:03,867][__main__][INFO] - [6, 10, 11, 15, 23], []
[2025-01-30 00:17:04,033][__main__][INFO] - [6, 10, 11, 15, 35], []
[2025-01-30 00:17:04,094][__main__][INFO] - [6, 10, 11, 17, 22], []
[2025-01-30 00:17:04,116][__main__][INFO] - [6, 10, 11, 17, 23], []
[2025-01-30 00:17:04,378][__main__][INFO] - [6, 10, 11, 21, 28], []
[2025-01-30 00:17:04,398][__main__][INFO] - [6, 10, 11, 21, 29], []
[2025-01-30 00:17:04,418][__main__][INFO] - [6, 10, 11, 21, 30], []
[2025-01-30 00:17:04,438][__main__][INFO] - [6, 10, 11, 21, 31], []
[2025-01-30 00:17:04,458][__main__][INFO] - [6, 10, 11, 21, 32], []
[2025-01-30 00:17:04,478][__main__][INFO] - [6, 10, 11, 21, 33], []
[2025-01-30 00:17:04,498][__main__][INFO] - [6, 10, 11, 21, 34], []
[2025-01-30 00:17:04,518][__main__][INFO] - [6, 10, 11, 21, 35], []
[2025-01-30 00:17:04,820][__main__][INFO] - [6, 10, 11, 23, 35], []
[2025-01-30 00:17:04,893][__main__][INFO] - [6, 10, 12, 21], [11]
[2025-01-30 00:17:04,912][__main__][INFO] - [6, 10, 12, 22], [11]
[2025-01-30 00:17:04,930][__main__][INFO] - [6, 10, 12, 23], [11]
[2025-01-30 00:17:04,949][__main__][INFO] - [6, 10, 12, 24], [11]
[2025-01-30 00:17:04,981][__main__][INFO] - [6, 10, 12, 26], [11]
[2025-01-30 00:17:04,999][__main__][INFO] - [6, 10, 12, 27], [11]
[2025-01-30 00:17:05,018][__main__][INFO] - [6, 10, 12, 28], [11]
[2025-01-30 00:17:05,037][__main__][INFO] - [6, 10, 12, 29], [11]
[2025-01-30 00:17:05,056][__main__][INFO] - [6, 10, 12, 30], [11]
[2025-01-30 00:17:05,074][__main__][INFO] - [6, 10, 12, 31], [11]
[2025-01-30 00:17:05,094][__main__][INFO] - [6, 10, 12, 32], [11]
[2025-01-30 00:17:05,113][__main__][INFO] - [6, 10, 12, 33], [11]
[2025-01-30 00:17:05,133][__main__][INFO] - [6, 10, 12, 34], [11]
[2025-01-30 00:17:05,152][__main__][INFO] - [6, 10, 12, 35], [11]
[2025-01-30 00:17:05,183][__main__][INFO] - [6, 10, 13, 21], [11]
[2025-01-30 00:17:05,216][__main__][INFO] - [6, 10, 13, 23], [11]
[2025-01-30 00:17:05,300][__main__][INFO] - [6, 10, 13, 29], [11]
[2025-01-30 00:17:05,333][__main__][INFO] - [6, 10, 13, 31], [11]
[2025-01-30 00:17:05,352][__main__][INFO] - [6, 10, 13, 32], [11]
[2025-01-30 00:17:05,371][__main__][INFO] - [6, 10, 13, 33], [11]
[2025-01-30 00:17:05,390][__main__][INFO] - [6, 10, 13, 34], [11]
[2025-01-30 00:17:05,409][__main__][INFO] - [6, 10, 13, 35], [11]
[2025-01-30 00:17:05,441][__main__][INFO] - [6, 10, 14, 21], [11]
[2025-01-30 00:17:05,472][__main__][INFO] - [6, 10, 14, 23], [11]
[2025-01-30 00:17:05,638][__main__][INFO] - [6, 10, 14, 35], [11]
[2025-01-30 00:17:05,670][__main__][INFO] - [6, 10, 15, 21], [11]
[2025-01-30 00:17:05,689][__main__][INFO] - [6, 10, 15, 22], [11]
[2025-01-30 00:17:05,707][__main__][INFO] - [6, 10, 15, 23], [11]
[2025-01-30 00:17:05,725][__main__][INFO] - [6, 10, 15, 24], [11]
[2025-01-30 00:17:05,769][__main__][INFO] - [6, 10, 15, 27], [11]
[2025-01-30 00:17:05,787][__main__][INFO] - [6, 10, 15, 28], [11]
[2025-01-30 00:17:05,805][__main__][INFO] - [6, 10, 15, 29], [11]
[2025-01-30 00:17:05,823][__main__][INFO] - [6, 10, 15, 30], [11]
[2025-01-30 00:17:05,842][__main__][INFO] - [6, 10, 15, 31], [11]
[2025-01-30 00:17:05,861][__main__][INFO] - [6, 10, 15, 32], [11]
[2025-01-30 00:17:05,881][__main__][INFO] - [6, 10, 15, 33], [11]
[2025-01-30 00:17:05,900][__main__][INFO] - [6, 10, 15, 34], [11]
[2025-01-30 00:17:05,919][__main__][INFO] - [6, 10, 15, 35], [11]
[2025-01-30 00:17:05,951][__main__][INFO] - [6, 10, 16, 21], [11]
[2025-01-30 00:17:06,169][__main__][INFO] - [6, 10, 17, 21], [11]
[2025-01-30 00:17:06,189][__main__][INFO] - [6, 10, 17, 22], [11]
[2025-01-30 00:17:06,207][__main__][INFO] - [6, 10, 17, 23], [11]
[2025-01-30 00:17:06,280][__main__][INFO] - [6, 10, 17, 28], [11]
[2025-01-30 00:17:06,299][__main__][INFO] - [6, 10, 17, 29], [11]
[2025-01-30 00:17:06,318][__main__][INFO] - [6, 10, 17, 30], [11]
[2025-01-30 00:17:06,338][__main__][INFO] - [6, 10, 17, 31], [11]
[2025-01-30 00:17:06,357][__main__][INFO] - [6, 10, 17, 32], [11]
[2025-01-30 00:17:06,377][__main__][INFO] - [6, 10, 17, 33], [11]
[2025-01-30 00:17:06,396][__main__][INFO] - [6, 10, 17, 34], [11]
[2025-01-30 00:17:06,416][__main__][INFO] - [6, 10, 17, 35], [11]
[2025-01-30 00:17:06,488][__main__][INFO] - [6, 10, 21, 26], [11]
[2025-01-30 00:17:06,507][__main__][INFO] - [6, 10, 21, 27], [11]
[2025-01-30 00:17:06,527][__main__][INFO] - [6, 10, 21, 28], [11]
[2025-01-30 00:17:06,546][__main__][INFO] - [6, 10, 21, 29], [11]
[2025-01-30 00:17:06,566][__main__][INFO] - [6, 10, 21, 30], [11]
[2025-01-30 00:17:06,586][__main__][INFO] - [6, 10, 21, 31], [11]
[2025-01-30 00:17:06,605][__main__][INFO] - [6, 10, 21, 32], [11]
[2025-01-30 00:17:06,625][__main__][INFO] - [6, 10, 21, 33], [11]
[2025-01-30 00:17:06,644][__main__][INFO] - [6, 10, 21, 34], [11]
[2025-01-30 00:17:06,664][__main__][INFO] - [6, 10, 21, 35], [11]
[2025-01-30 00:17:06,710][__main__][INFO] - [6, 10, 22, 27], [11]
[2025-01-30 00:17:06,729][__main__][INFO] - [6, 10, 22, 28], [11]
[2025-01-30 00:17:06,748][__main__][INFO] - [6, 10, 22, 29], [11]
[2025-01-30 00:17:06,768][__main__][INFO] - [6, 10, 22, 30], [11]
[2025-01-30 00:17:06,787][__main__][INFO] - [6, 10, 22, 31], [11]
[2025-01-30 00:17:06,807][__main__][INFO] - [6, 10, 22, 32], [11]
[2025-01-30 00:17:06,826][__main__][INFO] - [6, 10, 22, 33], [11]
[2025-01-30 00:17:06,845][__main__][INFO] - [6, 10, 22, 34], [11]
[2025-01-30 00:17:06,865][__main__][INFO] - [6, 10, 22, 35], [11]
[2025-01-30 00:17:06,912][__main__][INFO] - [6, 10, 23, 27], [11]
[2025-01-30 00:17:06,930][__main__][INFO] - [6, 10, 23, 28], [11]
[2025-01-30 00:17:06,950][__main__][INFO] - [6, 10, 23, 29], [11]
[2025-01-30 00:17:06,969][__main__][INFO] - [6, 10, 23, 30], [11]
[2025-01-30 00:17:06,988][__main__][INFO] - [6, 10, 23, 31], [11]
[2025-01-30 00:17:07,008][__main__][INFO] - [6, 10, 23, 32], [11]
[2025-01-30 00:17:07,027][__main__][INFO] - [6, 10, 23, 33], [11]
[2025-01-30 00:17:07,047][__main__][INFO] - [6, 10, 23, 34], [11]
[2025-01-30 00:17:07,066][__main__][INFO] - [6, 10, 23, 35], [11]
[2025-01-30 00:17:07,219][__main__][INFO] - [6, 10, 24, 35], [11]
[2025-01-30 00:17:07,278][__main__][INFO] - [6, 10, 12, 21, 26], []
[2025-01-30 00:17:07,298][__main__][INFO] - [6, 10, 12, 21, 27], []
[2025-01-30 00:17:07,318][__main__][INFO] - [6, 10, 12, 21, 28], []
[2025-01-30 00:17:07,338][__main__][INFO] - [6, 10, 12, 21, 29], []
[2025-01-30 00:17:07,359][__main__][INFO] - [6, 10, 12, 21, 30], []
[2025-01-30 00:17:07,379][__main__][INFO] - [6, 10, 12, 21, 31], []
[2025-01-30 00:17:07,399][__main__][INFO] - [6, 10, 12, 21, 32], []
[2025-01-30 00:17:07,420][__main__][INFO] - [6, 10, 12, 21, 33], []
[2025-01-30 00:17:07,440][__main__][INFO] - [6, 10, 12, 21, 34], []
[2025-01-30 00:17:07,460][__main__][INFO] - [6, 10, 12, 21, 35], []
[2025-01-30 00:17:07,573][__main__][INFO] - [6, 10, 12, 22, 32], []
[2025-01-30 00:17:07,618][__main__][INFO] - [6, 10, 12, 22, 35], []
[2025-01-30 00:17:07,676][__main__][INFO] - [6, 10, 12, 23, 28], []
[2025-01-30 00:17:07,696][__main__][INFO] - [6, 10, 12, 23, 29], []
[2025-01-30 00:17:07,715][__main__][INFO] - [6, 10, 12, 23, 30], []
[2025-01-30 00:17:07,735][__main__][INFO] - [6, 10, 12, 23, 31], []
[2025-01-30 00:17:07,756][__main__][INFO] - [6, 10, 12, 23, 32], []
[2025-01-30 00:17:07,776][__main__][INFO] - [6, 10, 12, 23, 33], []
[2025-01-30 00:17:07,795][__main__][INFO] - [6, 10, 12, 23, 34], []
[2025-01-30 00:17:07,816][__main__][INFO] - [6, 10, 12, 23, 35], []
[2025-01-30 00:17:07,969][__main__][INFO] - [6, 10, 12, 24, 35], []
[2025-01-30 00:17:08,068][__main__][INFO] - [6, 10, 13, 21, 29], []
[2025-01-30 00:17:08,088][__main__][INFO] - [6, 10, 13, 21, 30], []
[2025-01-30 00:17:08,108][__main__][INFO] - [6, 10, 13, 21, 31], []
[2025-01-30 00:17:08,128][__main__][INFO] - [6, 10, 13, 21, 32], []
[2025-01-30 00:17:08,148][__main__][INFO] - [6, 10, 13, 21, 33], []
[2025-01-30 00:17:08,168][__main__][INFO] - [6, 10, 13, 21, 34], []
[2025-01-30 00:17:08,189][__main__][INFO] - [6, 10, 13, 21, 35], []
[2025-01-30 00:17:08,359][__main__][INFO] - [6, 10, 13, 23, 35], []
[2025-01-30 00:17:08,554][__main__][INFO] - [6, 10, 14, 21, 35], []
[2025-01-30 00:17:08,721][__main__][INFO] - [6, 10, 14, 23, 35], []
[2025-01-30 00:17:08,913][__main__][INFO] - [6, 10, 15, 21, 35], []
[2025-01-30 00:17:08,974][__main__][INFO] - [6, 10, 15, 22, 28], []
[2025-01-30 00:17:08,995][__main__][INFO] - [6, 10, 15, 22, 29], []
[2025-01-30 00:17:09,081][__main__][INFO] - [6, 10, 15, 22, 35], []
[2025-01-30 00:17:09,128][__main__][INFO] - [6, 10, 15, 23, 27], []
[2025-01-30 00:17:09,148][__main__][INFO] - [6, 10, 15, 23, 28], []
[2025-01-30 00:17:09,168][__main__][INFO] - [6, 10, 15, 23, 29], []
[2025-01-30 00:17:09,188][__main__][INFO] - [6, 10, 15, 23, 30], []
[2025-01-30 00:17:09,208][__main__][INFO] - [6, 10, 15, 23, 31], []
[2025-01-30 00:17:09,228][__main__][INFO] - [6, 10, 15, 23, 32], []
[2025-01-30 00:17:09,249][__main__][INFO] - [6, 10, 15, 23, 33], []
[2025-01-30 00:17:09,269][__main__][INFO] - [6, 10, 15, 23, 34], []
[2025-01-30 00:17:09,289][__main__][INFO] - [6, 10, 15, 23, 35], []
[2025-01-30 00:17:09,833][__main__][INFO] - [6, 10, 17, 21, 35], []
[2025-01-30 00:17:09,921][__main__][INFO] - [6, 10, 17, 22, 30], []
[2025-01-30 00:17:10,071][__main__][INFO] - [6, 10, 17, 23, 30], []
[2025-01-30 00:17:10,092][__main__][INFO] - [6, 10, 17, 23, 31], []
[2025-01-30 00:17:10,112][__main__][INFO] - [6, 10, 17, 23, 32], []
[2025-01-30 00:17:10,145][__main__][INFO] - [6, 10, 17, 23, 34], []
[2025-01-30 00:17:10,165][__main__][INFO] - [6, 10, 17, 23, 35], []
[2025-01-30 00:17:10,289][__main__][INFO] - [6, 11, 12, 21], [10]
[2025-01-30 00:17:10,307][__main__][INFO] - [6, 11, 12, 22], [10]
[2025-01-30 00:17:10,326][__main__][INFO] - [6, 11, 12, 23], [10]
[2025-01-30 00:17:10,412][__main__][INFO] - [6, 11, 12, 29], [10]
[2025-01-30 00:17:10,431][__main__][INFO] - [6, 11, 12, 30], [10]
[2025-01-30 00:17:10,450][__main__][INFO] - [6, 11, 12, 31], [10]
[2025-01-30 00:17:10,468][__main__][INFO] - [6, 11, 12, 32], [10]
[2025-01-30 00:17:10,487][__main__][INFO] - [6, 11, 12, 33], [10]
[2025-01-30 00:17:10,506][__main__][INFO] - [6, 11, 12, 34], [10]
[2025-01-30 00:17:10,524][__main__][INFO] - [6, 11, 12, 35], [10]
[2025-01-30 00:17:10,556][__main__][INFO] - [6, 11, 13, 21], [10]
[2025-01-30 00:17:10,750][__main__][INFO] - [6, 11, 13, 35], [10]
[2025-01-30 00:17:10,783][__main__][INFO] - [6, 11, 14, 21], [10]
[2025-01-30 00:17:10,975][__main__][INFO] - [6, 11, 14, 35], [10]
[2025-01-30 00:17:11,034][__main__][INFO] - [6, 11, 15, 23], [10]
[2025-01-30 00:17:11,200][__main__][INFO] - [6, 11, 15, 35], [10]
[2025-01-30 00:17:11,270][__main__][INFO] - [6, 11, 17, 23], [10]
[2025-01-30 00:17:11,538][__main__][INFO] - [6, 11, 21, 29], [10]
[2025-01-30 00:17:11,558][__main__][INFO] - [6, 11, 21, 30], [10]
[2025-01-30 00:17:11,578][__main__][INFO] - [6, 11, 21, 31], [10]
[2025-01-30 00:17:11,597][__main__][INFO] - [6, 11, 21, 32], [10]
[2025-01-30 00:17:11,616][__main__][INFO] - [6, 11, 21, 33], [10]
[2025-01-30 00:17:11,636][__main__][INFO] - [6, 11, 21, 34], [10]
[2025-01-30 00:17:11,656][__main__][INFO] - [6, 11, 21, 35], [10]
[2025-01-30 00:17:11,929][__main__][INFO] - [6, 11, 23, 33], [10]
[2025-01-30 00:17:11,961][__main__][INFO] - [6, 11, 23, 35], [10]
[2025-01-30 00:17:12,034][__main__][INFO] - [6, 12, 21], [10, 11]
[2025-01-30 00:17:12,053][__main__][INFO] - [6, 12, 22], [10, 11]
[2025-01-30 00:17:12,072][__main__][INFO] - [6, 12, 23], [10, 11]
[2025-01-30 00:17:12,091][__main__][INFO] - [6, 12, 24], [10, 11]
[2025-01-30 00:17:12,124][__main__][INFO] - [6, 12, 26], [10, 11]
[2025-01-30 00:17:12,143][__main__][INFO] - [6, 12, 27], [10, 11]
[2025-01-30 00:17:12,162][__main__][INFO] - [6, 12, 28], [10, 11]
[2025-01-30 00:17:12,181][__main__][INFO] - [6, 12, 29], [10, 11]
[2025-01-30 00:17:12,200][__main__][INFO] - [6, 12, 30], [10, 11]
[2025-01-30 00:17:12,218][__main__][INFO] - [6, 12, 31], [10, 11]
[2025-01-30 00:17:12,237][__main__][INFO] - [6, 12, 32], [10, 11]
[2025-01-30 00:17:12,256][__main__][INFO] - [6, 12, 33], [10, 11]
[2025-01-30 00:17:12,275][__main__][INFO] - [6, 12, 34], [10, 11]
[2025-01-30 00:17:12,294][__main__][INFO] - [6, 12, 35], [10, 11]
[2025-01-30 00:17:12,326][__main__][INFO] - [6, 13, 21], [10, 11]
[2025-01-30 00:17:12,358][__main__][INFO] - [6, 13, 23], [10, 11]
[2025-01-30 00:17:12,458][__main__][INFO] - [6, 13, 30], [10, 11]
[2025-01-30 00:17:12,490][__main__][INFO] - [6, 13, 32], [10, 11]
[2025-01-30 00:17:12,535][__main__][INFO] - [6, 13, 35], [10, 11]
[2025-01-30 00:17:12,567][__main__][INFO] - [6, 14, 21], [10, 11]
[2025-01-30 00:17:12,586][__main__][INFO] - [6, 14, 22], [10, 11]
[2025-01-30 00:17:12,605][__main__][INFO] - [6, 14, 23], [10, 11]
[2025-01-30 00:17:12,704][__main__][INFO] - [6, 14, 30], [10, 11]
[2025-01-30 00:17:12,776][__main__][INFO] - [6, 14, 35], [10, 11]
[2025-01-30 00:17:12,808][__main__][INFO] - [6, 15, 21], [10, 11]
[2025-01-30 00:17:12,826][__main__][INFO] - [6, 15, 22], [10, 11]
[2025-01-30 00:17:12,845][__main__][INFO] - [6, 15, 23], [10, 11]
[2025-01-30 00:17:12,863][__main__][INFO] - [6, 15, 24], [10, 11]
[2025-01-30 00:17:12,909][__main__][INFO] - [6, 15, 27], [10, 11]
[2025-01-30 00:17:12,927][__main__][INFO] - [6, 15, 28], [10, 11]
[2025-01-30 00:17:12,946][__main__][INFO] - [6, 15, 29], [10, 11]
[2025-01-30 00:17:12,965][__main__][INFO] - [6, 15, 30], [10, 11]
[2025-01-30 00:17:12,984][__main__][INFO] - [6, 15, 31], [10, 11]
[2025-01-30 00:17:13,002][__main__][INFO] - [6, 15, 32], [10, 11]
[2025-01-30 00:17:13,021][__main__][INFO] - [6, 15, 33], [10, 11]
[2025-01-30 00:17:13,039][__main__][INFO] - [6, 15, 34], [10, 11]
[2025-01-30 00:17:13,057][__main__][INFO] - [6, 15, 35], [10, 11]
[2025-01-30 00:17:13,089][__main__][INFO] - [6, 16, 21], [10, 11]
[2025-01-30 00:17:13,283][__main__][INFO] - [6, 16, 35], [10, 11]
[2025-01-30 00:17:13,315][__main__][INFO] - [6, 17, 21], [10, 11]
[2025-01-30 00:17:13,334][__main__][INFO] - [6, 17, 22], [10, 11]
[2025-01-30 00:17:13,352][__main__][INFO] - [6, 17, 23], [10, 11]
[2025-01-30 00:17:13,424][__main__][INFO] - [6, 17, 28], [10, 11]
[2025-01-30 00:17:13,443][__main__][INFO] - [6, 17, 29], [10, 11]
[2025-01-30 00:17:13,462][__main__][INFO] - [6, 17, 30], [10, 11]
[2025-01-30 00:17:13,480][__main__][INFO] - [6, 17, 31], [10, 11]
[2025-01-30 00:17:13,499][__main__][INFO] - [6, 17, 32], [10, 11]
[2025-01-30 00:17:13,518][__main__][INFO] - [6, 17, 33], [10, 11]
[2025-01-30 00:17:13,537][__main__][INFO] - [6, 17, 34], [10, 11]
[2025-01-30 00:17:13,555][__main__][INFO] - [6, 17, 35], [10, 11]
[2025-01-30 00:17:13,627][__main__][INFO] - [6, 21, 26], [10, 11]
[2025-01-30 00:17:13,647][__main__][INFO] - [6, 21, 27], [10, 11]
[2025-01-30 00:17:13,666][__main__][INFO] - [6, 21, 28], [10, 11]
[2025-01-30 00:17:13,685][__main__][INFO] - [6, 21, 29], [10, 11]
[2025-01-30 00:17:13,704][__main__][INFO] - [6, 21, 30], [10, 11]
[2025-01-30 00:17:13,722][__main__][INFO] - [6, 21, 31], [10, 11]
[2025-01-30 00:17:13,742][__main__][INFO] - [6, 21, 32], [10, 11]
[2025-01-30 00:17:13,760][__main__][INFO] - [6, 21, 33], [10, 11]
[2025-01-30 00:17:13,780][__main__][INFO] - [6, 21, 34], [10, 11]
[2025-01-30 00:17:13,799][__main__][INFO] - [6, 21, 35], [10, 11]
[2025-01-30 00:17:13,845][__main__][INFO] - [6, 22, 27], [10, 11]
[2025-01-30 00:17:13,863][__main__][INFO] - [6, 22, 28], [10, 11]
[2025-01-30 00:17:13,882][__main__][INFO] - [6, 22, 29], [10, 11]
[2025-01-30 00:17:13,901][__main__][INFO] - [6, 22, 30], [10, 11]
[2025-01-30 00:17:13,920][__main__][INFO] - [6, 22, 31], [10, 11]
[2025-01-30 00:17:13,938][__main__][INFO] - [6, 22, 32], [10, 11]
[2025-01-30 00:17:13,957][__main__][INFO] - [6, 22, 33], [10, 11]
[2025-01-30 00:17:13,975][__main__][INFO] - [6, 22, 34], [10, 11]
[2025-01-30 00:17:13,995][__main__][INFO] - [6, 22, 35], [10, 11]
[2025-01-30 00:17:14,040][__main__][INFO] - [6, 23, 27], [10, 11]
[2025-01-30 00:17:14,059][__main__][INFO] - [6, 23, 28], [10, 11]
[2025-01-30 00:17:14,078][__main__][INFO] - [6, 23, 29], [10, 11]
[2025-01-30 00:17:14,097][__main__][INFO] - [6, 23, 30], [10, 11]
[2025-01-30 00:17:14,115][__main__][INFO] - [6, 23, 31], [10, 11]
[2025-01-30 00:17:14,134][__main__][INFO] - [6, 23, 32], [10, 11]
[2025-01-30 00:17:14,153][__main__][INFO] - [6, 23, 33], [10, 11]
[2025-01-30 00:17:14,171][__main__][INFO] - [6, 23, 34], [10, 11]
[2025-01-30 00:17:14,190][__main__][INFO] - [6, 23, 35], [10, 11]
[2025-01-30 00:17:14,343][__main__][INFO] - [6, 24, 35], [10, 11]
[2025-01-30 00:17:14,401][__main__][INFO] - [6, 12, 21, 26], [10]
[2025-01-30 00:17:14,420][__main__][INFO] - [6, 12, 21, 27], [10]
[2025-01-30 00:17:14,439][__main__][INFO] - [6, 12, 21, 28], [10]
[2025-01-30 00:17:14,457][__main__][INFO] - [6, 12, 21, 29], [10]
[2025-01-30 00:17:14,476][__main__][INFO] - [6, 12, 21, 30], [10]
[2025-01-30 00:17:14,496][__main__][INFO] - [6, 12, 21, 31], [10]
[2025-01-30 00:17:14,515][__main__][INFO] - [6, 12, 21, 32], [10]
[2025-01-30 00:17:14,535][__main__][INFO] - [6, 12, 21, 33], [10]
[2025-01-30 00:17:14,554][__main__][INFO] - [6, 12, 21, 34], [10]
[2025-01-30 00:17:14,573][__main__][INFO] - [6, 12, 21, 35], [10]
[2025-01-30 00:17:14,631][__main__][INFO] - [6, 12, 22, 28], [10]
[2025-01-30 00:17:14,650][__main__][INFO] - [6, 12, 22, 29], [10]
[2025-01-30 00:17:14,668][__main__][INFO] - [6, 12, 22, 30], [10]
[2025-01-30 00:17:14,688][__main__][INFO] - [6, 12, 22, 31], [10]
[2025-01-30 00:17:14,706][__main__][INFO] - [6, 12, 22, 32], [10]
[2025-01-30 00:17:14,751][__main__][INFO] - [6, 12, 22, 35], [10]
[2025-01-30 00:17:14,810][__main__][INFO] - [6, 12, 23, 28], [10]
[2025-01-30 00:17:14,829][__main__][INFO] - [6, 12, 23, 29], [10]
[2025-01-30 00:17:14,848][__main__][INFO] - [6, 12, 23, 30], [10]
[2025-01-30 00:17:14,866][__main__][INFO] - [6, 12, 23, 31], [10]
[2025-01-30 00:17:14,885][__main__][INFO] - [6, 12, 23, 32], [10]
[2025-01-30 00:17:14,904][__main__][INFO] - [6, 12, 23, 33], [10]
[2025-01-30 00:17:14,922][__main__][INFO] - [6, 12, 23, 34], [10]
[2025-01-30 00:17:14,941][__main__][INFO] - [6, 12, 23, 35], [10]
[2025-01-30 00:17:15,093][__main__][INFO] - [6, 12, 24, 35], [10]
[2025-01-30 00:17:15,205][__main__][INFO] - [6, 13, 21, 30], [10]
[2025-01-30 00:17:15,264][__main__][INFO] - [6, 13, 21, 34], [10]
[2025-01-30 00:17:15,282][__main__][INFO] - [6, 13, 21, 35], [10]
[2025-01-30 00:17:15,636][__main__][INFO] - [6, 14, 21, 35], [10]
[2025-01-30 00:17:15,934][__main__][INFO] - [6, 14, 23, 35], [10]
[2025-01-30 00:17:16,128][__main__][INFO] - [6, 15, 21, 35], [10]
[2025-01-30 00:17:16,227][__main__][INFO] - [6, 15, 22, 31], [10]
[2025-01-30 00:17:16,246][__main__][INFO] - [6, 15, 22, 32], [10]
[2025-01-30 00:17:16,292][__main__][INFO] - [6, 15, 22, 35], [10]
[2025-01-30 00:17:16,338][__main__][INFO] - [6, 15, 23, 27], [10]
[2025-01-30 00:17:16,357][__main__][INFO] - [6, 15, 23, 28], [10]
[2025-01-30 00:17:16,375][__main__][INFO] - [6, 15, 23, 29], [10]
[2025-01-30 00:17:16,394][__main__][INFO] - [6, 15, 23, 30], [10]
[2025-01-30 00:17:16,413][__main__][INFO] - [6, 15, 23, 31], [10]
[2025-01-30 00:17:16,433][__main__][INFO] - [6, 15, 23, 32], [10]
[2025-01-30 00:17:16,452][__main__][INFO] - [6, 15, 23, 33], [10]
[2025-01-30 00:17:16,472][__main__][INFO] - [6, 15, 23, 34], [10]
[2025-01-30 00:17:16,491][__main__][INFO] - [6, 15, 23, 35], [10]
[2025-01-30 00:17:16,643][__main__][INFO] - [6, 15, 24, 35], [10]
[2025-01-30 00:17:16,821][__main__][INFO] - [6, 16, 21, 35], [10]
[2025-01-30 00:17:17,039][__main__][INFO] - [6, 17, 21, 35], [10]
[2025-01-30 00:17:17,098][__main__][INFO] - [6, 17, 22, 28], [10]
[2025-01-30 00:17:17,117][__main__][INFO] - [6, 17, 22, 29], [10]
[2025-01-30 00:17:17,135][__main__][INFO] - [6, 17, 22, 30], [10]
[2025-01-30 00:17:17,208][__main__][INFO] - [6, 17, 22, 35], [10]
[2025-01-30 00:17:17,266][__main__][INFO] - [6, 17, 23, 28], [10]
[2025-01-30 00:17:17,285][__main__][INFO] - [6, 17, 23, 29], [10]
[2025-01-30 00:17:17,304][__main__][INFO] - [6, 17, 23, 30], [10]
[2025-01-30 00:17:17,323][__main__][INFO] - [6, 17, 23, 31], [10]
[2025-01-30 00:17:17,342][__main__][INFO] - [6, 17, 23, 32], [10]
[2025-01-30 00:17:17,362][__main__][INFO] - [6, 17, 23, 33], [10]
[2025-01-30 00:17:17,381][__main__][INFO] - [6, 17, 23, 34], [10]
[2025-01-30 00:17:17,400][__main__][INFO] - [6, 17, 23, 35], [10]
[2025-01-30 00:17:17,601][__main__][INFO] - [6, 11, 12, 21, 27], []
[2025-01-30 00:17:17,621][__main__][INFO] - [6, 11, 12, 21, 28], []
[2025-01-30 00:17:17,641][__main__][INFO] - [6, 11, 12, 21, 29], []
[2025-01-30 00:17:17,660][__main__][INFO] - [6, 11, 12, 21, 30], []
[2025-01-30 00:17:17,680][__main__][INFO] - [6, 11, 12, 21, 31], []
[2025-01-30 00:17:17,700][__main__][INFO] - [6, 11, 12, 21, 32], []
[2025-01-30 00:17:17,720][__main__][INFO] - [6, 11, 12, 21, 33], []
[2025-01-30 00:17:17,739][__main__][INFO] - [6, 11, 12, 21, 34], []
[2025-01-30 00:17:17,759][__main__][INFO] - [6, 11, 12, 21, 35], []
[2025-01-30 00:17:18,058][__main__][INFO] - [6, 11, 12, 23, 35], []
[2025-01-30 00:17:18,251][__main__][INFO] - [6, 11, 13, 21, 35], []
[2025-01-30 00:17:18,473][__main__][INFO] - [6, 11, 14, 21, 35], []
[2025-01-30 00:17:18,696][__main__][INFO] - [6, 11, 15, 21, 35], []
[2025-01-30 00:17:19,000][__main__][INFO] - [6, 11, 15, 23, 35], []
[2025-01-30 00:17:19,839][__main__][INFO] - [6, 12, 21, 26], [11]
[2025-01-30 00:17:19,859][__main__][INFO] - [6, 12, 21, 27], [11]
[2025-01-30 00:17:19,879][__main__][INFO] - [6, 12, 21, 28], [11]
[2025-01-30 00:17:19,899][__main__][INFO] - [6, 12, 21, 29], [11]
[2025-01-30 00:17:19,919][__main__][INFO] - [6, 12, 21, 30], [11]
[2025-01-30 00:17:19,939][__main__][INFO] - [6, 12, 21, 31], [11]
[2025-01-30 00:17:19,958][__main__][INFO] - [6, 12, 21, 32], [11]
[2025-01-30 00:17:19,978][__main__][INFO] - [6, 12, 21, 33], [11]
[2025-01-30 00:17:19,998][__main__][INFO] - [6, 12, 21, 34], [11]
[2025-01-30 00:17:20,018][__main__][INFO] - [6, 12, 21, 35], [11]
[2025-01-30 00:17:20,079][__main__][INFO] - [6, 12, 22, 28], [11]
[2025-01-30 00:17:20,098][__main__][INFO] - [6, 12, 22, 29], [11]
[2025-01-30 00:17:20,118][__main__][INFO] - [6, 12, 22, 30], [11]
[2025-01-30 00:17:20,137][__main__][INFO] - [6, 12, 22, 31], [11]
[2025-01-30 00:17:20,156][__main__][INFO] - [6, 12, 22, 32], [11]
[2025-01-30 00:17:20,176][__main__][INFO] - [6, 12, 22, 33], [11]
[2025-01-30 00:17:20,208][__main__][INFO] - [6, 12, 22, 35], [11]
[2025-01-30 00:17:20,255][__main__][INFO] - [6, 12, 23, 27], [11]
[2025-01-30 00:17:20,274][__main__][INFO] - [6, 12, 23, 28], [11]
[2025-01-30 00:17:20,293][__main__][INFO] - [6, 12, 23, 29], [11]
[2025-01-30 00:17:20,313][__main__][INFO] - [6, 12, 23, 30], [11]
[2025-01-30 00:17:20,333][__main__][INFO] - [6, 12, 23, 31], [11]
[2025-01-30 00:17:20,352][__main__][INFO] - [6, 12, 23, 32], [11]
[2025-01-30 00:17:20,372][__main__][INFO] - [6, 12, 23, 33], [11]
[2025-01-30 00:17:20,391][__main__][INFO] - [6, 12, 23, 34], [11]
[2025-01-30 00:17:20,410][__main__][INFO] - [6, 12, 23, 35], [11]
[2025-01-30 00:17:20,565][__main__][INFO] - [6, 12, 24, 35], [11]
[2025-01-30 00:17:20,665][__main__][INFO] - [6, 13, 21, 29], [11]
[2025-01-30 00:17:20,686][__main__][INFO] - [6, 13, 21, 30], [11]
[2025-01-30 00:17:20,706][__main__][INFO] - [6, 13, 21, 31], [11]
[2025-01-30 00:17:20,725][__main__][INFO] - [6, 13, 21, 32], [11]
[2025-01-30 00:17:20,745][__main__][INFO] - [6, 13, 21, 33], [11]
[2025-01-30 00:17:20,765][__main__][INFO] - [6, 13, 21, 34], [11]
[2025-01-30 00:17:20,784][__main__][INFO] - [6, 13, 21, 35], [11]
[2025-01-30 00:17:21,085][__main__][INFO] - [6, 13, 23, 35], [11]
[2025-01-30 00:17:21,278][__main__][INFO] - [6, 14, 21, 35], [11]
[2025-01-30 00:17:21,575][__main__][INFO] - [6, 14, 23, 35], [11]
[2025-01-30 00:17:21,770][__main__][INFO] - [6, 15, 21, 35], [11]
[2025-01-30 00:17:21,803][__main__][INFO] - [6, 15, 22, 26], [11]
[2025-01-30 00:17:21,836][__main__][INFO] - [6, 15, 22, 28], [11]
[2025-01-30 00:17:21,855][__main__][INFO] - [6, 15, 22, 29], [11]
[2025-01-30 00:17:21,873][__main__][INFO] - [6, 15, 22, 30], [11]
[2025-01-30 00:17:21,893][__main__][INFO] - [6, 15, 22, 31], [11]
[2025-01-30 00:17:21,912][__main__][INFO] - [6, 15, 22, 32], [11]
[2025-01-30 00:17:21,931][__main__][INFO] - [6, 15, 22, 33], [11]
[2025-01-30 00:17:21,950][__main__][INFO] - [6, 15, 22, 34], [11]
[2025-01-30 00:17:21,969][__main__][INFO] - [6, 15, 22, 35], [11]
[2025-01-30 00:17:22,016][__main__][INFO] - [6, 15, 23, 27], [11]
[2025-01-30 00:17:22,035][__main__][INFO] - [6, 15, 23, 28], [11]
[2025-01-30 00:17:22,053][__main__][INFO] - [6, 15, 23, 29], [11]
[2025-01-30 00:17:22,073][__main__][INFO] - [6, 15, 23, 30], [11]
[2025-01-30 00:17:22,092][__main__][INFO] - [6, 15, 23, 31], [11]
[2025-01-30 00:17:22,111][__main__][INFO] - [6, 15, 23, 32], [11]
[2025-01-30 00:17:22,130][__main__][INFO] - [6, 15, 23, 33], [11]
[2025-01-30 00:17:22,150][__main__][INFO] - [6, 15, 23, 34], [11]
[2025-01-30 00:17:22,169][__main__][INFO] - [6, 15, 23, 35], [11]
[2025-01-30 00:17:22,322][__main__][INFO] - [6, 15, 24, 35], [11]
[2025-01-30 00:17:22,500][__main__][INFO] - [6, 16, 21, 35], [11]
[2025-01-30 00:17:22,666][__main__][INFO] - [6, 17, 21, 31], [11]
[2025-01-30 00:17:22,699][__main__][INFO] - [6, 17, 21, 33], [11]
[2025-01-30 00:17:22,732][__main__][INFO] - [6, 17, 21, 35], [11]
[2025-01-30 00:17:22,791][__main__][INFO] - [6, 17, 22, 28], [11]
[2025-01-30 00:17:22,812][__main__][INFO] - [6, 17, 22, 29], [11]
[2025-01-30 00:17:22,831][__main__][INFO] - [6, 17, 22, 30], [11]
[2025-01-30 00:17:22,850][__main__][INFO] - [6, 17, 22, 31], [11]
[2025-01-30 00:17:22,869][__main__][INFO] - [6, 17, 22, 32], [11]
[2025-01-30 00:17:22,915][__main__][INFO] - [6, 17, 22, 35], [11]
[2025-01-30 00:17:22,975][__main__][INFO] - [6, 17, 23, 28], [11]
[2025-01-30 00:17:22,994][__main__][INFO] - [6, 17, 23, 29], [11]
[2025-01-30 00:17:23,013][__main__][INFO] - [6, 17, 23, 30], [11]
[2025-01-30 00:17:23,032][__main__][INFO] - [6, 17, 23, 31], [11]
[2025-01-30 00:17:23,053][__main__][INFO] - [6, 17, 23, 32], [11]
[2025-01-30 00:17:23,072][__main__][INFO] - [6, 17, 23, 33], [11]
[2025-01-30 00:17:23,091][__main__][INFO] - [6, 17, 23, 34], [11]
[2025-01-30 00:17:23,110][__main__][INFO] - [6, 17, 23, 35], [11]
[2025-01-30 00:17:23,383][__main__][INFO] - [7, 10, 11, 12, 21], []
[2025-01-30 00:17:23,416][__main__][INFO] - [7, 10, 11, 12, 23], []
[2025-01-30 00:17:23,504][__main__][INFO] - [7, 10, 11, 12, 29], []
[2025-01-30 00:17:23,523][__main__][INFO] - [7, 10, 11, 12, 30], []
[2025-01-30 00:17:23,542][__main__][INFO] - [7, 10, 11, 12, 31], []
[2025-01-30 00:17:23,574][__main__][INFO] - [7, 10, 11, 12, 33], []
[2025-01-30 00:17:23,607][__main__][INFO] - [7, 10, 11, 12, 35], []
[2025-01-30 00:17:23,639][__main__][INFO] - [7, 10, 11, 13, 21], []
[2025-01-30 00:17:23,900][__main__][INFO] - [7, 10, 11, 15, 23], []
[2025-01-30 00:17:24,069][__main__][INFO] - [7, 10, 11, 15, 35], []
[2025-01-30 00:17:24,206][__main__][INFO] - [7, 10, 11, 21, 29], []
[2025-01-30 00:17:24,226][__main__][INFO] - [7, 10, 11, 21, 30], []
[2025-01-30 00:17:24,245][__main__][INFO] - [7, 10, 11, 21, 31], []
[2025-01-30 00:17:24,264][__main__][INFO] - [7, 10, 11, 21, 32], []
[2025-01-30 00:17:24,283][__main__][INFO] - [7, 10, 11, 21, 33], []
[2025-01-30 00:17:24,316][__main__][INFO] - [7, 10, 11, 21, 35], []
[2025-01-30 00:17:24,614][__main__][INFO] - [7, 10, 11, 23, 35], []
[2025-01-30 00:17:24,686][__main__][INFO] - [7, 10, 12, 21], [11]
[2025-01-30 00:17:24,704][__main__][INFO] - [7, 10, 12, 22], [11]
[2025-01-30 00:17:24,723][__main__][INFO] - [7, 10, 12, 23], [11]
[2025-01-30 00:17:24,781][__main__][INFO] - [7, 10, 12, 27], [11]
[2025-01-30 00:17:24,799][__main__][INFO] - [7, 10, 12, 28], [11]
[2025-01-30 00:17:24,817][__main__][INFO] - [7, 10, 12, 29], [11]
[2025-01-30 00:17:24,835][__main__][INFO] - [7, 10, 12, 30], [11]
[2025-01-30 00:17:24,853][__main__][INFO] - [7, 10, 12, 31], [11]
[2025-01-30 00:17:24,871][__main__][INFO] - [7, 10, 12, 32], [11]
[2025-01-30 00:17:24,890][__main__][INFO] - [7, 10, 12, 33], [11]
[2025-01-30 00:17:24,907][__main__][INFO] - [7, 10, 12, 34], [11]
[2025-01-30 00:17:24,926][__main__][INFO] - [7, 10, 12, 35], [11]
[2025-01-30 00:17:24,957][__main__][INFO] - [7, 10, 13, 21], [11]
[2025-01-30 00:17:25,146][__main__][INFO] - [7, 10, 13, 35], [11]
[2025-01-30 00:17:25,177][__main__][INFO] - [7, 10, 14, 21], [11]
[2025-01-30 00:17:25,368][__main__][INFO] - [7, 10, 14, 35], [11]
[2025-01-30 00:17:25,400][__main__][INFO] - [7, 10, 15, 21], [11]
[2025-01-30 00:17:25,418][__main__][INFO] - [7, 10, 15, 22], [11]
[2025-01-30 00:17:25,437][__main__][INFO] - [7, 10, 15, 23], [11]
[2025-01-30 00:17:25,533][__main__][INFO] - [7, 10, 15, 30], [11]
[2025-01-30 00:17:25,551][__main__][INFO] - [7, 10, 15, 31], [11]
[2025-01-30 00:17:25,610][__main__][INFO] - [7, 10, 15, 35], [11]
[2025-01-30 00:17:25,681][__main__][INFO] - [7, 10, 17, 23], [11]
[2025-01-30 00:17:25,843][__main__][INFO] - [7, 10, 17, 35], [11]
[2025-01-30 00:17:25,928][__main__][INFO] - [7, 10, 21, 27], [11]
[2025-01-30 00:17:25,946][__main__][INFO] - [7, 10, 21, 28], [11]
[2025-01-30 00:17:25,965][__main__][INFO] - [7, 10, 21, 29], [11]
[2025-01-30 00:17:25,983][__main__][INFO] - [7, 10, 21, 30], [11]
[2025-01-30 00:17:26,002][__main__][INFO] - [7, 10, 21, 31], [11]
[2025-01-30 00:17:26,020][__main__][INFO] - [7, 10, 21, 32], [11]
[2025-01-30 00:17:26,039][__main__][INFO] - [7, 10, 21, 33], [11]
[2025-01-30 00:17:26,057][__main__][INFO] - [7, 10, 21, 34], [11]
[2025-01-30 00:17:26,076][__main__][INFO] - [7, 10, 21, 35], [11]
[2025-01-30 00:17:26,227][__main__][INFO] - [7, 10, 22, 35], [11]
[2025-01-30 00:17:26,299][__main__][INFO] - [7, 10, 23, 29], [11]
[2025-01-30 00:17:26,317][__main__][INFO] - [7, 10, 23, 30], [11]
[2025-01-30 00:17:26,336][__main__][INFO] - [7, 10, 23, 31], [11]
[2025-01-30 00:17:26,367][__main__][INFO] - [7, 10, 23, 33], [11]
[2025-01-30 00:17:26,399][__main__][INFO] - [7, 10, 23, 35], [11]
[2025-01-30 00:17:26,616][__main__][INFO] - [7, 10, 12, 21, 27], []
[2025-01-30 00:17:26,632][__main__][INFO] - [7, 10, 12, 21, 28], []
[2025-01-30 00:17:26,652][__main__][INFO] - [7, 10, 12, 21, 29], []
[2025-01-30 00:17:26,672][__main__][INFO] - [7, 10, 12, 21, 30], []
[2025-01-30 00:17:26,691][__main__][INFO] - [7, 10, 12, 21, 31], []
[2025-01-30 00:17:26,710][__main__][INFO] - [7, 10, 12, 21, 32], []
[2025-01-30 00:17:26,729][__main__][INFO] - [7, 10, 12, 21, 33], []
[2025-01-30 00:17:26,749][__main__][INFO] - [7, 10, 12, 21, 34], []
[2025-01-30 00:17:26,768][__main__][INFO] - [7, 10, 12, 21, 35], []
[2025-01-30 00:17:26,921][__main__][INFO] - [7, 10, 12, 22, 35], []
[2025-01-30 00:17:26,993][__main__][INFO] - [7, 10, 12, 23, 29], []
[2025-01-30 00:17:27,078][__main__][INFO] - [7, 10, 12, 23, 35], []
[2025-01-30 00:17:27,272][__main__][INFO] - [7, 10, 13, 21, 35], []
[2025-01-30 00:17:27,705][__main__][INFO] - [7, 10, 15, 21, 35], []
[2025-01-30 00:17:27,937][__main__][INFO] - [7, 10, 15, 23, 30], []
[2025-01-30 00:17:28,010][__main__][INFO] - [7, 10, 15, 23, 35], []
[2025-01-30 00:17:28,699][__main__][INFO] - [7, 11, 12, 21], [10]
[2025-01-30 00:17:28,734][__main__][INFO] - [7, 11, 12, 23], [10]
[2025-01-30 00:17:28,846][__main__][INFO] - [7, 11, 12, 31], [10]
[2025-01-30 00:17:28,878][__main__][INFO] - [7, 11, 12, 33], [10]
[2025-01-30 00:17:28,896][__main__][INFO] - [7, 11, 12, 34], [10]
[2025-01-30 00:17:28,914][__main__][INFO] - [7, 11, 12, 35], [10]
[2025-01-30 00:17:28,946][__main__][INFO] - [7, 11, 13, 21], [10]
[2025-01-30 00:17:29,203][__main__][INFO] - [7, 11, 15, 23], [10]
[2025-01-30 00:17:29,367][__main__][INFO] - [7, 11, 15, 35], [10]
[2025-01-30 00:17:29,733][__main__][INFO] - [7, 11, 21, 31], [10]
[2025-01-30 00:17:29,751][__main__][INFO] - [7, 11, 21, 32], [10]
[2025-01-30 00:17:29,770][__main__][INFO] - [7, 11, 21, 33], [10]
[2025-01-30 00:17:29,789][__main__][INFO] - [7, 11, 21, 34], [10]
[2025-01-30 00:17:29,808][__main__][INFO] - [7, 11, 21, 35], [10]
[2025-01-30 00:17:30,111][__main__][INFO] - [7, 11, 23, 35], [10]
[2025-01-30 00:17:30,184][__main__][INFO] - [7, 12, 21], [10, 11]
[2025-01-30 00:17:30,203][__main__][INFO] - [7, 12, 22], [10, 11]
[2025-01-30 00:17:30,222][__main__][INFO] - [7, 12, 23], [10, 11]
[2025-01-30 00:17:30,279][__main__][INFO] - [7, 12, 27], [10, 11]
[2025-01-30 00:17:30,298][__main__][INFO] - [7, 12, 28], [10, 11]
[2025-01-30 00:17:30,317][__main__][INFO] - [7, 12, 29], [10, 11]
[2025-01-30 00:17:30,335][__main__][INFO] - [7, 12, 30], [10, 11]
[2025-01-30 00:17:30,354][__main__][INFO] - [7, 12, 31], [10, 11]
[2025-01-30 00:17:30,372][__main__][INFO] - [7, 12, 32], [10, 11]
[2025-01-30 00:17:30,391][__main__][INFO] - [7, 12, 33], [10, 11]
[2025-01-30 00:17:30,410][__main__][INFO] - [7, 12, 34], [10, 11]
[2025-01-30 00:17:30,428][__main__][INFO] - [7, 12, 35], [10, 11]
[2025-01-30 00:17:30,460][__main__][INFO] - [7, 13, 21], [10, 11]
[2025-01-30 00:17:30,650][__main__][INFO] - [7, 13, 35], [10, 11]
[2025-01-30 00:17:30,681][__main__][INFO] - [7, 14, 21], [10, 11]
[2025-01-30 00:17:30,713][__main__][INFO] - [7, 14, 23], [10, 11]
[2025-01-30 00:17:30,877][__main__][INFO] - [7, 14, 35], [10, 11]
[2025-01-30 00:17:30,909][__main__][INFO] - [7, 15, 21], [10, 11]
[2025-01-30 00:17:30,927][__main__][INFO] - [7, 15, 22], [10, 11]
[2025-01-30 00:17:30,946][__main__][INFO] - [7, 15, 23], [10, 11]
[2025-01-30 00:17:31,080][__main__][INFO] - [7, 15, 33], [10, 11]
[2025-01-30 00:17:31,098][__main__][INFO] - [7, 15, 34], [10, 11]
[2025-01-30 00:17:31,116][__main__][INFO] - [7, 15, 35], [10, 11]
[2025-01-30 00:17:31,159][__main__][INFO] - [7, 17, 21], [10, 11]
[2025-01-30 00:17:31,177][__main__][INFO] - [7, 17, 22], [10, 11]
[2025-01-30 00:17:31,195][__main__][INFO] - [7, 17, 23], [10, 11]
[2025-01-30 00:17:31,354][__main__][INFO] - [7, 17, 35], [10, 11]
[2025-01-30 00:17:31,453][__main__][INFO] - [7, 21, 28], [10, 11]
[2025-01-30 00:17:31,472][__main__][INFO] - [7, 21, 29], [10, 11]
[2025-01-30 00:17:31,490][__main__][INFO] - [7, 21, 30], [10, 11]
[2025-01-30 00:17:31,509][__main__][INFO] - [7, 21, 31], [10, 11]
[2025-01-30 00:17:31,528][__main__][INFO] - [7, 21, 32], [10, 11]
[2025-01-30 00:17:31,547][__main__][INFO] - [7, 21, 33], [10, 11]
[2025-01-30 00:17:31,565][__main__][INFO] - [7, 21, 34], [10, 11]
[2025-01-30 00:17:31,584][__main__][INFO] - [7, 21, 35], [10, 11]
[2025-01-30 00:17:31,664][__main__][INFO] - [7, 22, 30], [10, 11]
[2025-01-30 00:17:31,734][__main__][INFO] - [7, 22, 35], [10, 11]
[2025-01-30 00:17:31,791][__main__][INFO] - [7, 23, 28], [10, 11]
[2025-01-30 00:17:31,809][__main__][INFO] - [7, 23, 29], [10, 11]
[2025-01-30 00:17:31,827][__main__][INFO] - [7, 23, 30], [10, 11]
[2025-01-30 00:17:31,846][__main__][INFO] - [7, 23, 31], [10, 11]
[2025-01-30 00:17:31,864][__main__][INFO] - [7, 23, 32], [10, 11]
[2025-01-30 00:17:31,882][__main__][INFO] - [7, 23, 33], [10, 11]
[2025-01-30 00:17:31,901][__main__][INFO] - [7, 23, 34], [10, 11]
[2025-01-30 00:17:31,919][__main__][INFO] - [7, 23, 35], [10, 11]
[2025-01-30 00:17:32,013][__main__][INFO] - [7, 12, 21, 28], [10]
[2025-01-30 00:17:32,031][__main__][INFO] - [7, 12, 21, 29], [10]
[2025-01-30 00:17:32,049][__main__][INFO] - [7, 12, 21, 30], [10]
[2025-01-30 00:17:32,067][__main__][INFO] - [7, 12, 21, 31], [10]
[2025-01-30 00:17:32,086][__main__][INFO] - [7, 12, 21, 32], [10]
[2025-01-30 00:17:32,105][__main__][INFO] - [7, 12, 21, 33], [10]
[2025-01-30 00:17:32,124][__main__][INFO] - [7, 12, 21, 34], [10]
[2025-01-30 00:17:32,143][__main__][INFO] - [7, 12, 21, 35], [10]
[2025-01-30 00:17:32,293][__main__][INFO] - [7, 12, 22, 35], [10]
[2025-01-30 00:17:32,377][__main__][INFO] - [7, 12, 23, 30], [10]
[2025-01-30 00:17:32,397][__main__][INFO] - [7, 12, 23, 31], [10]
[2025-01-30 00:17:32,456][__main__][INFO] - [7, 12, 23, 35], [10]
[2025-01-30 00:17:32,648][__main__][INFO] - [7, 13, 21, 35], [10]
[2025-01-30 00:17:32,864][__main__][INFO] - [7, 14, 21, 35], [10]
[2025-01-30 00:17:33,214][__main__][INFO] - [7, 15, 21, 35], [10]
[2025-01-30 00:17:33,499][__main__][INFO] - [7, 15, 23, 34], [10]
[2025-01-30 00:17:33,518][__main__][INFO] - [7, 15, 23, 35], [10]
[2025-01-30 00:17:34,010][__main__][INFO] - [7, 17, 23, 35], [10]
[2025-01-30 00:17:34,173][__main__][INFO] - [7, 11, 12, 21, 29], []
[2025-01-30 00:17:34,195][__main__][INFO] - [7, 11, 12, 21, 30], []
[2025-01-30 00:17:34,214][__main__][INFO] - [7, 11, 12, 21, 31], []
[2025-01-30 00:17:34,234][__main__][INFO] - [7, 11, 12, 21, 32], []
[2025-01-30 00:17:34,256][__main__][INFO] - [7, 11, 12, 21, 33], []
[2025-01-30 00:17:34,276][__main__][INFO] - [7, 11, 12, 21, 34], []
[2025-01-30 00:17:34,295][__main__][INFO] - [7, 11, 12, 21, 35], []
[2025-01-30 00:17:34,461][__main__][INFO] - [7, 11, 12, 23, 35], []
[2025-01-30 00:17:34,654][__main__][INFO] - [7, 11, 13, 21, 35], []
[2025-01-30 00:17:35,113][__main__][INFO] - [7, 11, 15, 23, 35], []
[2025-01-30 00:17:35,344][__main__][INFO] - [7, 12, 21, 27], [11]
[2025-01-30 00:17:35,364][__main__][INFO] - [7, 12, 21, 28], [11]
[2025-01-30 00:17:35,383][__main__][INFO] - [7, 12, 21, 29], [11]
[2025-01-30 00:17:35,402][__main__][INFO] - [7, 12, 21, 30], [11]
[2025-01-30 00:17:35,421][__main__][INFO] - [7, 12, 21, 31], [11]
[2025-01-30 00:17:35,441][__main__][INFO] - [7, 12, 21, 32], [11]
[2025-01-30 00:17:35,459][__main__][INFO] - [7, 12, 21, 33], [11]
[2025-01-30 00:17:35,478][__main__][INFO] - [7, 12, 21, 34], [11]
[2025-01-30 00:17:35,496][__main__][INFO] - [7, 12, 21, 35], [11]
[2025-01-30 00:17:35,648][__main__][INFO] - [7, 12, 22, 35], [11]
[2025-01-30 00:17:35,719][__main__][INFO] - [7, 12, 23, 29], [11]
[2025-01-30 00:17:35,739][__main__][INFO] - [7, 12, 23, 30], [11]
[2025-01-30 00:17:35,758][__main__][INFO] - [7, 12, 23, 31], [11]
[2025-01-30 00:17:35,777][__main__][INFO] - [7, 12, 23, 32], [11]
[2025-01-30 00:17:35,797][__main__][INFO] - [7, 12, 23, 33], [11]
[2025-01-30 00:17:35,815][__main__][INFO] - [7, 12, 23, 34], [11]
[2025-01-30 00:17:35,834][__main__][INFO] - [7, 12, 23, 35], [11]
[2025-01-30 00:17:36,091][__main__][INFO] - [7, 13, 21, 30], [11]
[2025-01-30 00:17:36,162][__main__][INFO] - [7, 13, 21, 35], [11]
[2025-01-30 00:17:36,510][__main__][INFO] - [7, 14, 21, 35], [11]
[2025-01-30 00:17:36,674][__main__][INFO] - [7, 14, 23, 35], [11]
[2025-01-30 00:17:36,865][__main__][INFO] - [7, 15, 21, 35], [11]
[2025-01-30 00:17:37,016][__main__][INFO] - [7, 15, 22, 35], [11]
[2025-01-30 00:17:37,101][__main__][INFO] - [7, 15, 23, 30], [11]
[2025-01-30 00:17:37,120][__main__][INFO] - [7, 15, 23, 31], [11]
[2025-01-30 00:17:37,153][__main__][INFO] - [7, 15, 23, 33], [11]
[2025-01-30 00:17:37,172][__main__][INFO] - [7, 15, 23, 34], [11]
[2025-01-30 00:17:37,191][__main__][INFO] - [7, 15, 23, 35], [11]
[2025-01-30 00:17:37,891][__main__][INFO] - [7, 17, 23, 35], [11]
[2025-01-30 00:17:38,028][__main__][INFO] - [8, 10, 11, 12, 21], []
[2025-01-30 00:17:38,223][__main__][INFO] - [8, 10, 11, 12, 35], []
[2025-01-30 00:17:38,308][__main__][INFO] - [8, 10, 11, 15, 23], []
[2025-01-30 00:17:38,685][__main__][INFO] - [8, 10, 11, 21, 35], []
[2025-01-30 00:17:38,917][__main__][INFO] - [8, 10, 12, 21], [11]
[2025-01-30 00:17:38,949][__main__][INFO] - [8, 10, 12, 23], [11]
[2025-01-30 00:17:39,047][__main__][INFO] - [8, 10, 12, 30], [11]
[2025-01-30 00:17:39,065][__main__][INFO] - [8, 10, 12, 31], [11]
[2025-01-30 00:17:39,083][__main__][INFO] - [8, 10, 12, 32], [11]
[2025-01-30 00:17:39,116][__main__][INFO] - [8, 10, 12, 34], [11]
[2025-01-30 00:17:39,134][__main__][INFO] - [8, 10, 12, 35], [11]
[2025-01-30 00:17:39,165][__main__][INFO] - [8, 10, 13, 21], [11]
[2025-01-30 00:17:39,424][__main__][INFO] - [8, 10, 15, 23], [11]
[2025-01-30 00:17:39,589][__main__][INFO] - [8, 10, 15, 35], [11]
[2025-01-30 00:17:39,727][__main__][INFO] - [8, 10, 21, 29], [11]
[2025-01-30 00:17:39,759][__main__][INFO] - [8, 10, 21, 31], [11]
[2025-01-30 00:17:39,778][__main__][INFO] - [8, 10, 21, 32], [11]
[2025-01-30 00:17:39,810][__main__][INFO] - [8, 10, 21, 34], [11]
[2025-01-30 00:17:39,829][__main__][INFO] - [8, 10, 21, 35], [11]
[2025-01-30 00:17:39,994][__main__][INFO] - [8, 10, 23, 35], [11]
[2025-01-30 00:17:40,107][__main__][INFO] - [8, 10, 12, 21, 29], []
[2025-01-30 00:17:40,126][__main__][INFO] - [8, 10, 12, 21, 30], []
[2025-01-30 00:17:40,145][__main__][INFO] - [8, 10, 12, 21, 31], []
[2025-01-30 00:17:40,164][__main__][INFO] - [8, 10, 12, 21, 32], []
[2025-01-30 00:17:40,197][__main__][INFO] - [8, 10, 12, 21, 34], []
[2025-01-30 00:17:40,216][__main__][INFO] - [8, 10, 12, 21, 35], []
[2025-01-30 00:17:40,383][__main__][INFO] - [8, 10, 12, 23, 35], []
[2025-01-30 00:17:40,834][__main__][INFO] - [8, 10, 15, 23, 35], []
[2025-01-30 00:17:40,985][__main__][INFO] - [8, 11, 12, 21], [10]
[2025-01-30 00:17:41,017][__main__][INFO] - [8, 11, 12, 23], [10]
[2025-01-30 00:17:41,185][__main__][INFO] - [8, 11, 12, 35], [10]
[2025-01-30 00:17:41,441][__main__][INFO] - [8, 11, 21, 35], [10]
[2025-01-30 00:17:41,606][__main__][INFO] - [8, 11, 23, 35], [10]
[2025-01-30 00:17:41,678][__main__][INFO] - [8, 12, 21], [10, 11]
[2025-01-30 00:17:41,711][__main__][INFO] - [8, 12, 23], [10, 11]
[2025-01-30 00:17:41,839][__main__][INFO] - [8, 12, 32], [10, 11]
[2025-01-30 00:17:41,858][__main__][INFO] - [8, 12, 33], [10, 11]
[2025-01-30 00:17:41,876][__main__][INFO] - [8, 12, 34], [10, 11]
[2025-01-30 00:17:41,895][__main__][INFO] - [8, 12, 35], [10, 11]
[2025-01-30 00:17:41,980][__main__][INFO] - [8, 15, 23], [10, 11]
[2025-01-30 00:17:42,317][__main__][INFO] - [8, 21, 32], [10, 11]
[2025-01-30 00:17:42,336][__main__][INFO] - [8, 21, 33], [10, 11]
[2025-01-30 00:17:42,355][__main__][INFO] - [8, 21, 34], [10, 11]
[2025-01-30 00:17:42,375][__main__][INFO] - [8, 21, 35], [10, 11]
[2025-01-30 00:17:42,540][__main__][INFO] - [8, 23, 35], [10, 11]
[2025-01-30 00:17:42,653][__main__][INFO] - [8, 12, 21, 29], [10]
[2025-01-30 00:17:42,685][__main__][INFO] - [8, 12, 21, 31], [10]
[2025-01-30 00:17:42,703][__main__][INFO] - [8, 12, 21, 32], [10]
[2025-01-30 00:17:42,722][__main__][INFO] - [8, 12, 21, 33], [10]
[2025-01-30 00:17:42,741][__main__][INFO] - [8, 12, 21, 34], [10]
[2025-01-30 00:17:42,760][__main__][INFO] - [8, 12, 21, 35], [10]
[2025-01-30 00:17:42,924][__main__][INFO] - [8, 12, 23, 35], [10]
[2025-01-30 00:17:43,632][__main__][INFO] - [8, 11, 12, 21, 30], []
[2025-01-30 00:17:43,665][__main__][INFO] - [8, 11, 12, 21, 32], []
[2025-01-30 00:17:43,697][__main__][INFO] - [8, 11, 12, 21, 34], []
[2025-01-30 00:17:43,716][__main__][INFO] - [8, 11, 12, 21, 35], []
[2025-01-30 00:17:43,882][__main__][INFO] - [8, 11, 12, 23, 35], []
[2025-01-30 00:17:44,311][__main__][INFO] - [8, 12, 21, 29], [11]
[2025-01-30 00:17:44,331][__main__][INFO] - [8, 12, 21, 30], [11]
[2025-01-30 00:17:44,350][__main__][INFO] - [8, 12, 21, 31], [11]
[2025-01-30 00:17:44,369][__main__][INFO] - [8, 12, 21, 32], [11]
[2025-01-30 00:17:44,387][__main__][INFO] - [8, 12, 21, 33], [11]
[2025-01-30 00:17:44,406][__main__][INFO] - [8, 12, 21, 34], [11]
[2025-01-30 00:17:44,426][__main__][INFO] - [8, 12, 21, 35], [11]
[2025-01-30 00:17:44,719][__main__][INFO] - [8, 12, 23, 35], [11]
[2025-01-30 00:17:45,345][__main__][INFO] - [8, 15, 23, 35], [11]
[2025-01-30 00:17:45,571][__main__][INFO] - [9, 10, 11, 12, 21], []
[2025-01-30 00:17:45,757][__main__][INFO] - [9, 10, 11, 12, 35], []
[2025-01-30 00:17:46,009][__main__][INFO] - [9, 10, 11, 21, 35], []
[2025-01-30 00:17:46,103][__main__][INFO] - [9, 10, 12, 21], [11]
[2025-01-30 00:17:46,728][__main__][INFO] - [9, 10, 12, 21, 35], []
[2025-01-30 00:17:46,935][__main__][INFO] - [9, 11, 12, 21], [10]
[2025-01-30 00:17:47,119][__main__][INFO] - [9, 11, 12, 35], [10]
[2025-01-30 00:17:47,365][__main__][INFO] - [9, 11, 21, 35], [10]
[2025-01-30 00:17:47,460][__main__][INFO] - [9, 12, 21], [10, 11]
[2025-01-30 00:17:47,648][__main__][INFO] - [9, 12, 35], [10, 11]
[2025-01-30 00:17:47,895][__main__][INFO] - [9, 21, 35], [10, 11]
[2025-01-30 00:17:48,100][__main__][INFO] - [9, 12, 21, 35], [10]
[2025-01-30 00:17:48,427][__main__][INFO] - [9, 11, 12, 21, 35], []
[2025-01-30 00:17:48,757][__main__][INFO] - [9, 12, 21, 35], [11]
[2025-01-30 00:17:48,976][__main__][INFO] - [10, 11, 12, 21, 26], []
[2025-01-30 00:17:48,995][__main__][INFO] - [10, 11, 12, 21, 27], []
[2025-01-30 00:17:49,013][__main__][INFO] - [10, 11, 12, 21, 28], []
[2025-01-30 00:17:49,032][__main__][INFO] - [10, 11, 12, 21, 29], []
[2025-01-30 00:17:49,050][__main__][INFO] - [10, 11, 12, 21, 30], []
[2025-01-30 00:17:49,069][__main__][INFO] - [10, 11, 12, 21, 31], []
[2025-01-30 00:17:49,087][__main__][INFO] - [10, 11, 12, 21, 32], []
[2025-01-30 00:17:49,105][__main__][INFO] - [10, 11, 12, 21, 33], []
[2025-01-30 00:17:49,124][__main__][INFO] - [10, 11, 12, 21, 34], []
[2025-01-30 00:17:49,142][__main__][INFO] - [10, 11, 12, 21, 35], []
[2025-01-30 00:17:49,174][__main__][INFO] - [10, 11, 12, 22, 26], []
[2025-01-30 00:17:49,205][__main__][INFO] - [10, 11, 12, 22, 28], []
[2025-01-30 00:17:49,223][__main__][INFO] - [10, 11, 12, 22, 29], []
[2025-01-30 00:17:49,243][__main__][INFO] - [10, 11, 12, 22, 30], []
[2025-01-30 00:17:49,264][__main__][INFO] - [10, 11, 12, 22, 31], []
[2025-01-30 00:17:49,323][__main__][INFO] - [10, 11, 12, 22, 35], []
[2025-01-30 00:17:49,368][__main__][INFO] - [10, 11, 12, 23, 27], []
[2025-01-30 00:17:49,388][__main__][INFO] - [10, 11, 12, 23, 28], []
[2025-01-30 00:17:49,407][__main__][INFO] - [10, 11, 12, 23, 29], []
[2025-01-30 00:17:49,426][__main__][INFO] - [10, 11, 12, 23, 30], []
[2025-01-30 00:17:49,445][__main__][INFO] - [10, 11, 12, 23, 31], []
[2025-01-30 00:17:49,464][__main__][INFO] - [10, 11, 12, 23, 32], []
[2025-01-30 00:17:49,484][__main__][INFO] - [10, 11, 12, 23, 33], []
[2025-01-30 00:17:49,503][__main__][INFO] - [10, 11, 12, 23, 34], []
[2025-01-30 00:17:49,522][__main__][INFO] - [10, 11, 12, 23, 35], []
[2025-01-30 00:17:49,670][__main__][INFO] - [10, 11, 12, 24, 35], []
[2025-01-30 00:17:49,728][__main__][INFO] - [10, 11, 13, 21, 26], []
[2025-01-30 00:17:49,746][__main__][INFO] - [10, 11, 13, 21, 27], []
[2025-01-30 00:17:49,765][__main__][INFO] - [10, 11, 13, 21, 28], []
[2025-01-30 00:17:49,783][__main__][INFO] - [10, 11, 13, 21, 29], []
[2025-01-30 00:17:49,802][__main__][INFO] - [10, 11, 13, 21, 30], []
[2025-01-30 00:17:49,820][__main__][INFO] - [10, 11, 13, 21, 31], []
[2025-01-30 00:17:49,838][__main__][INFO] - [10, 11, 13, 21, 32], []
[2025-01-30 00:17:49,857][__main__][INFO] - [10, 11, 13, 21, 33], []
[2025-01-30 00:17:49,875][__main__][INFO] - [10, 11, 13, 21, 34], []
[2025-01-30 00:17:49,894][__main__][INFO] - [10, 11, 13, 21, 35], []
[2025-01-30 00:17:50,123][__main__][INFO] - [10, 11, 14, 21, 26], []
[2025-01-30 00:17:50,142][__main__][INFO] - [10, 11, 14, 21, 27], []
[2025-01-30 00:17:50,160][__main__][INFO] - [10, 11, 14, 21, 28], []
[2025-01-30 00:17:50,179][__main__][INFO] - [10, 11, 14, 21, 29], []
[2025-01-30 00:17:50,197][__main__][INFO] - [10, 11, 14, 21, 30], []
[2025-01-30 00:17:50,216][__main__][INFO] - [10, 11, 14, 21, 31], []
[2025-01-30 00:17:50,234][__main__][INFO] - [10, 11, 14, 21, 32], []
[2025-01-30 00:17:50,265][__main__][INFO] - [10, 11, 14, 21, 34], []
[2025-01-30 00:17:50,284][__main__][INFO] - [10, 11, 14, 21, 35], []
[2025-01-30 00:17:50,527][__main__][INFO] - [10, 11, 15, 21, 27], []
[2025-01-30 00:17:50,559][__main__][INFO] - [10, 11, 15, 21, 29], []
[2025-01-30 00:17:50,578][__main__][INFO] - [10, 11, 15, 21, 30], []
[2025-01-30 00:17:50,648][__main__][INFO] - [10, 11, 15, 21, 35], []
[2025-01-30 00:17:50,705][__main__][INFO] - [10, 11, 15, 22, 28], []
[2025-01-30 00:17:50,724][__main__][INFO] - [10, 11, 15, 22, 29], []
[2025-01-30 00:17:50,807][__main__][INFO] - [10, 11, 15, 22, 35], []
[2025-01-30 00:17:50,864][__main__][INFO] - [10, 11, 15, 23, 28], []
[2025-01-30 00:17:50,882][__main__][INFO] - [10, 11, 15, 23, 29], []
[2025-01-30 00:17:50,901][__main__][INFO] - [10, 11, 15, 23, 30], []
[2025-01-30 00:17:50,920][__main__][INFO] - [10, 11, 15, 23, 31], []
[2025-01-30 00:17:50,938][__main__][INFO] - [10, 11, 15, 23, 32], []
[2025-01-30 00:17:50,956][__main__][INFO] - [10, 11, 15, 23, 33], []
[2025-01-30 00:17:50,975][__main__][INFO] - [10, 11, 15, 23, 34], []
[2025-01-30 00:17:50,993][__main__][INFO] - [10, 11, 15, 23, 35], []
[2025-01-30 00:17:51,180][__main__][INFO] - [10, 11, 16, 21, 35], []
[2025-01-30 00:17:51,275][__main__][INFO] - [10, 11, 17, 21, 26], []
[2025-01-30 00:17:51,294][__main__][INFO] - [10, 11, 17, 21, 27], []
[2025-01-30 00:17:51,312][__main__][INFO] - [10, 11, 17, 21, 28], []
[2025-01-30 00:17:51,331][__main__][INFO] - [10, 11, 17, 21, 29], []
[2025-01-30 00:17:51,350][__main__][INFO] - [10, 11, 17, 21, 30], []
[2025-01-30 00:17:51,368][__main__][INFO] - [10, 11, 17, 21, 31], []
[2025-01-30 00:17:51,386][__main__][INFO] - [10, 11, 17, 21, 32], []
[2025-01-30 00:17:51,405][__main__][INFO] - [10, 11, 17, 21, 33], []
[2025-01-30 00:17:51,436][__main__][INFO] - [10, 11, 17, 21, 35], []
[2025-01-30 00:17:51,481][__main__][INFO] - [10, 11, 17, 22, 27], []
[2025-01-30 00:17:51,499][__main__][INFO] - [10, 11, 17, 22, 28], []
[2025-01-30 00:17:51,517][__main__][INFO] - [10, 11, 17, 22, 29], []
[2025-01-30 00:17:51,652][__main__][INFO] - [10, 11, 17, 23, 28], []
[2025-01-30 00:17:51,670][__main__][INFO] - [10, 11, 17, 23, 29], []
[2025-01-30 00:17:51,729][__main__][INFO] - [10, 11, 17, 23, 33], []
[2025-01-30 00:17:51,761][__main__][INFO] - [10, 11, 17, 23, 35], []
[2025-01-30 00:17:51,945][__main__][INFO] - [10, 12, 21, 26], [11]
[2025-01-30 00:17:51,963][__main__][INFO] - [10, 12, 21, 27], [11]
[2025-01-30 00:17:51,981][__main__][INFO] - [10, 12, 21, 28], [11]
[2025-01-30 00:17:51,999][__main__][INFO] - [10, 12, 21, 29], [11]
[2025-01-30 00:17:52,017][__main__][INFO] - [10, 12, 21, 30], [11]
[2025-01-30 00:17:52,036][__main__][INFO] - [10, 12, 21, 31], [11]
[2025-01-30 00:17:52,054][__main__][INFO] - [10, 12, 21, 32], [11]
[2025-01-30 00:17:52,072][__main__][INFO] - [10, 12, 21, 33], [11]
[2025-01-30 00:17:52,090][__main__][INFO] - [10, 12, 21, 34], [11]
[2025-01-30 00:17:52,108][__main__][INFO] - [10, 12, 21, 35], [11]
[2025-01-30 00:17:52,141][__main__][INFO] - [10, 12, 22, 26], [11]
[2025-01-30 00:17:52,160][__main__][INFO] - [10, 12, 22, 27], [11]
[2025-01-30 00:17:52,179][__main__][INFO] - [10, 12, 22, 28], [11]
[2025-01-30 00:17:52,197][__main__][INFO] - [10, 12, 22, 29], [11]
[2025-01-30 00:17:52,215][__main__][INFO] - [10, 12, 22, 30], [11]
[2025-01-30 00:17:52,234][__main__][INFO] - [10, 12, 22, 31], [11]
[2025-01-30 00:17:52,252][__main__][INFO] - [10, 12, 22, 32], [11]
[2025-01-30 00:17:52,272][__main__][INFO] - [10, 12, 22, 33], [11]
[2025-01-30 00:17:52,293][__main__][INFO] - [10, 12, 22, 34], [11]
[2025-01-30 00:17:52,312][__main__][INFO] - [10, 12, 22, 35], [11]
[2025-01-30 00:17:52,343][__main__][INFO] - [10, 12, 23, 26], [11]
[2025-01-30 00:17:52,361][__main__][INFO] - [10, 12, 23, 27], [11]
[2025-01-30 00:17:52,379][__main__][INFO] - [10, 12, 23, 28], [11]
[2025-01-30 00:17:52,397][__main__][INFO] - [10, 12, 23, 29], [11]
[2025-01-30 00:17:52,415][__main__][INFO] - [10, 12, 23, 30], [11]
[2025-01-30 00:17:52,434][__main__][INFO] - [10, 12, 23, 31], [11]
[2025-01-30 00:17:52,452][__main__][INFO] - [10, 12, 23, 32], [11]
[2025-01-30 00:17:52,471][__main__][INFO] - [10, 12, 23, 33], [11]
[2025-01-30 00:17:52,489][__main__][INFO] - [10, 12, 23, 34], [11]
[2025-01-30 00:17:52,507][__main__][INFO] - [10, 12, 23, 35], [11]
[2025-01-30 00:17:52,539][__main__][INFO] - [10, 12, 24, 26], [11]
[2025-01-30 00:17:52,557][__main__][INFO] - [10, 12, 24, 27], [11]
[2025-01-30 00:17:52,576][__main__][INFO] - [10, 12, 24, 28], [11]
[2025-01-30 00:17:52,594][__main__][INFO] - [10, 12, 24, 29], [11]
[2025-01-30 00:17:52,612][__main__][INFO] - [10, 12, 24, 30], [11]
[2025-01-30 00:17:52,631][__main__][INFO] - [10, 12, 24, 31], [11]
[2025-01-30 00:17:52,649][__main__][INFO] - [10, 12, 24, 32], [11]
[2025-01-30 00:17:52,668][__main__][INFO] - [10, 12, 24, 33], [11]
[2025-01-30 00:17:52,687][__main__][INFO] - [10, 12, 24, 34], [11]
[2025-01-30 00:17:52,705][__main__][INFO] - [10, 12, 24, 35], [11]
[2025-01-30 00:17:52,851][__main__][INFO] - [10, 12, 25, 35], [11]
[2025-01-30 00:17:52,894][__main__][INFO] - [10, 13, 21, 26], [11]
[2025-01-30 00:17:52,912][__main__][INFO] - [10, 13, 21, 27], [11]
[2025-01-30 00:17:52,930][__main__][INFO] - [10, 13, 21, 28], [11]
[2025-01-30 00:17:52,948][__main__][INFO] - [10, 13, 21, 29], [11]
[2025-01-30 00:17:52,965][__main__][INFO] - [10, 13, 21, 30], [11]
[2025-01-30 00:17:52,984][__main__][INFO] - [10, 13, 21, 31], [11]
[2025-01-30 00:17:53,002][__main__][INFO] - [10, 13, 21, 32], [11]
[2025-01-30 00:17:53,019][__main__][INFO] - [10, 13, 21, 33], [11]
[2025-01-30 00:17:53,037][__main__][INFO] - [10, 13, 21, 34], [11]
[2025-01-30 00:17:53,055][__main__][INFO] - [10, 13, 21, 35], [11]
[2025-01-30 00:17:53,125][__main__][INFO] - [10, 13, 22, 29], [11]
[2025-01-30 00:17:53,143][__main__][INFO] - [10, 13, 22, 30], [11]
[2025-01-30 00:17:53,213][__main__][INFO] - [10, 13, 22, 35], [11]
[2025-01-30 00:17:53,271][__main__][INFO] - [10, 13, 23, 28], [11]
[2025-01-30 00:17:53,289][__main__][INFO] - [10, 13, 23, 29], [11]
[2025-01-30 00:17:53,307][__main__][INFO] - [10, 13, 23, 30], [11]
[2025-01-30 00:17:53,326][__main__][INFO] - [10, 13, 23, 31], [11]
[2025-01-30 00:17:53,344][__main__][INFO] - [10, 13, 23, 32], [11]
[2025-01-30 00:17:53,362][__main__][INFO] - [10, 13, 23, 33], [11]
[2025-01-30 00:17:53,380][__main__][INFO] - [10, 13, 23, 34], [11]
[2025-01-30 00:17:53,398][__main__][INFO] - [10, 13, 23, 35], [11]
[2025-01-30 00:17:53,543][__main__][INFO] - [10, 13, 24, 35], [11]
[2025-01-30 00:17:53,599][__main__][INFO] - [10, 14, 21, 26], [11]
[2025-01-30 00:17:53,617][__main__][INFO] - [10, 14, 21, 27], [11]
[2025-01-30 00:17:53,636][__main__][INFO] - [10, 14, 21, 28], [11]
[2025-01-30 00:17:53,653][__main__][INFO] - [10, 14, 21, 29], [11]
[2025-01-30 00:17:53,671][__main__][INFO] - [10, 14, 21, 30], [11]
[2025-01-30 00:17:53,689][__main__][INFO] - [10, 14, 21, 31], [11]
[2025-01-30 00:17:53,707][__main__][INFO] - [10, 14, 21, 32], [11]
[2025-01-30 00:17:53,725][__main__][INFO] - [10, 14, 21, 33], [11]
[2025-01-30 00:17:53,743][__main__][INFO] - [10, 14, 21, 34], [11]
[2025-01-30 00:17:53,761][__main__][INFO] - [10, 14, 21, 35], [11]
[2025-01-30 00:17:53,792][__main__][INFO] - [10, 14, 22, 26], [11]
[2025-01-30 00:17:53,810][__main__][INFO] - [10, 14, 22, 27], [11]
[2025-01-30 00:17:53,827][__main__][INFO] - [10, 14, 22, 28], [11]
[2025-01-30 00:17:53,845][__main__][INFO] - [10, 14, 22, 29], [11]
[2025-01-30 00:17:53,863][__main__][INFO] - [10, 14, 22, 30], [11]
[2025-01-30 00:17:53,881][__main__][INFO] - [10, 14, 22, 31], [11]
[2025-01-30 00:17:53,899][__main__][INFO] - [10, 14, 22, 32], [11]
[2025-01-30 00:17:53,917][__main__][INFO] - [10, 14, 22, 33], [11]
[2025-01-30 00:17:53,935][__main__][INFO] - [10, 14, 22, 34], [11]
[2025-01-30 00:17:53,953][__main__][INFO] - [10, 14, 22, 35], [11]
[2025-01-30 00:17:53,997][__main__][INFO] - [10, 14, 23, 27], [11]
[2025-01-30 00:17:54,015][__main__][INFO] - [10, 14, 23, 28], [11]
[2025-01-30 00:17:54,033][__main__][INFO] - [10, 14, 23, 29], [11]
[2025-01-30 00:17:54,051][__main__][INFO] - [10, 14, 23, 30], [11]
[2025-01-30 00:17:54,068][__main__][INFO] - [10, 14, 23, 31], [11]
[2025-01-30 00:17:54,086][__main__][INFO] - [10, 14, 23, 32], [11]
[2025-01-30 00:17:54,104][__main__][INFO] - [10, 14, 23, 33], [11]
[2025-01-30 00:17:54,122][__main__][INFO] - [10, 14, 23, 34], [11]
[2025-01-30 00:17:54,140][__main__][INFO] - [10, 14, 23, 35], [11]
[2025-01-30 00:17:54,288][__main__][INFO] - [10, 14, 24, 35], [11]
[2025-01-30 00:17:54,472][__main__][INFO] - [10, 15, 21, 26], [11]
[2025-01-30 00:17:54,491][__main__][INFO] - [10, 15, 21, 27], [11]
[2025-01-30 00:17:54,510][__main__][INFO] - [10, 15, 21, 28], [11]
[2025-01-30 00:17:54,529][__main__][INFO] - [10, 15, 21, 29], [11]
[2025-01-30 00:17:54,547][__main__][INFO] - [10, 15, 21, 30], [11]
[2025-01-30 00:17:54,565][__main__][INFO] - [10, 15, 21, 31], [11]
[2025-01-30 00:17:54,583][__main__][INFO] - [10, 15, 21, 32], [11]
[2025-01-30 00:17:54,602][__main__][INFO] - [10, 15, 21, 33], [11]
[2025-01-30 00:17:54,621][__main__][INFO] - [10, 15, 21, 34], [11]
[2025-01-30 00:17:54,640][__main__][INFO] - [10, 15, 21, 35], [11]
[2025-01-30 00:17:54,672][__main__][INFO] - [10, 15, 22, 26], [11]
[2025-01-30 00:17:54,690][__main__][INFO] - [10, 15, 22, 27], [11]
[2025-01-30 00:17:54,709][__main__][INFO] - [10, 15, 22, 28], [11]
[2025-01-30 00:17:54,727][__main__][INFO] - [10, 15, 22, 29], [11]
[2025-01-30 00:17:54,745][__main__][INFO] - [10, 15, 22, 30], [11]
[2025-01-30 00:17:54,763][__main__][INFO] - [10, 15, 22, 31], [11]
[2025-01-30 00:17:54,782][__main__][INFO] - [10, 15, 22, 32], [11]
[2025-01-30 00:17:54,800][__main__][INFO] - [10, 15, 22, 33], [11]
[2025-01-30 00:17:54,819][__main__][INFO] - [10, 15, 22, 34], [11]
[2025-01-30 00:17:54,837][__main__][INFO] - [10, 15, 22, 35], [11]
[2025-01-30 00:17:54,868][__main__][INFO] - [10, 15, 23, 26], [11]
[2025-01-30 00:17:54,887][__main__][INFO] - [10, 15, 23, 27], [11]
[2025-01-30 00:17:54,906][__main__][INFO] - [10, 15, 23, 28], [11]
[2025-01-30 00:17:54,925][__main__][INFO] - [10, 15, 23, 29], [11]
[2025-01-30 00:17:54,943][__main__][INFO] - [10, 15, 23, 30], [11]
[2025-01-30 00:17:54,961][__main__][INFO] - [10, 15, 23, 31], [11]
[2025-01-30 00:17:54,980][__main__][INFO] - [10, 15, 23, 32], [11]
[2025-01-30 00:17:54,998][__main__][INFO] - [10, 15, 23, 33], [11]
[2025-01-30 00:17:55,017][__main__][INFO] - [10, 15, 23, 34], [11]
[2025-01-30 00:17:55,035][__main__][INFO] - [10, 15, 23, 35], [11]
[2025-01-30 00:17:55,094][__main__][INFO] - [10, 15, 24, 28], [11]
[2025-01-30 00:17:55,113][__main__][INFO] - [10, 15, 24, 29], [11]
[2025-01-30 00:17:55,132][__main__][INFO] - [10, 15, 24, 30], [11]
[2025-01-30 00:17:55,151][__main__][INFO] - [10, 15, 24, 31], [11]
[2025-01-30 00:17:55,170][__main__][INFO] - [10, 15, 24, 32], [11]
[2025-01-30 00:17:55,188][__main__][INFO] - [10, 15, 24, 33], [11]
[2025-01-30 00:17:55,207][__main__][INFO] - [10, 15, 24, 34], [11]
[2025-01-30 00:17:55,226][__main__][INFO] - [10, 15, 24, 35], [11]
[2025-01-30 00:17:55,376][__main__][INFO] - [10, 15, 25, 35], [11]
[2025-01-30 00:17:55,421][__main__][INFO] - [10, 16, 21, 26], [11]
[2025-01-30 00:17:55,441][__main__][INFO] - [10, 16, 21, 27], [11]
[2025-01-30 00:17:55,459][__main__][INFO] - [10, 16, 21, 28], [11]
[2025-01-30 00:17:55,478][__main__][INFO] - [10, 16, 21, 29], [11]
[2025-01-30 00:17:55,496][__main__][INFO] - [10, 16, 21, 30], [11]
[2025-01-30 00:17:55,515][__main__][INFO] - [10, 16, 21, 31], [11]
[2025-01-30 00:17:55,533][__main__][INFO] - [10, 16, 21, 32], [11]
[2025-01-30 00:17:55,552][__main__][INFO] - [10, 16, 21, 33], [11]
[2025-01-30 00:17:55,570][__main__][INFO] - [10, 16, 21, 34], [11]
[2025-01-30 00:17:55,589][__main__][INFO] - [10, 16, 21, 35], [11]
[2025-01-30 00:17:55,884][__main__][INFO] - [10, 16, 23, 35], [11]
[2025-01-30 00:17:55,955][__main__][INFO] - [10, 17, 21, 26], [11]
[2025-01-30 00:17:55,974][__main__][INFO] - [10, 17, 21, 27], [11]
[2025-01-30 00:17:55,993][__main__][INFO] - [10, 17, 21, 28], [11]
[2025-01-30 00:17:56,011][__main__][INFO] - [10, 17, 21, 29], [11]
[2025-01-30 00:17:56,030][__main__][INFO] - [10, 17, 21, 30], [11]
[2025-01-30 00:17:56,048][__main__][INFO] - [10, 17, 21, 31], [11]
[2025-01-30 00:17:56,067][__main__][INFO] - [10, 17, 21, 32], [11]
[2025-01-30 00:17:56,086][__main__][INFO] - [10, 17, 21, 33], [11]
[2025-01-30 00:17:56,105][__main__][INFO] - [10, 17, 21, 34], [11]
[2025-01-30 00:17:56,124][__main__][INFO] - [10, 17, 21, 35], [11]
[2025-01-30 00:17:56,156][__main__][INFO] - [10, 17, 22, 26], [11]
[2025-01-30 00:17:56,175][__main__][INFO] - [10, 17, 22, 27], [11]
[2025-01-30 00:17:56,194][__main__][INFO] - [10, 17, 22, 28], [11]
[2025-01-30 00:17:56,212][__main__][INFO] - [10, 17, 22, 29], [11]
[2025-01-30 00:17:56,232][__main__][INFO] - [10, 17, 22, 30], [11]
[2025-01-30 00:17:56,251][__main__][INFO] - [10, 17, 22, 31], [11]
[2025-01-30 00:17:56,270][__main__][INFO] - [10, 17, 22, 32], [11]
[2025-01-30 00:17:56,288][__main__][INFO] - [10, 17, 22, 33], [11]
[2025-01-30 00:17:56,307][__main__][INFO] - [10, 17, 22, 34], [11]
[2025-01-30 00:17:56,326][__main__][INFO] - [10, 17, 22, 35], [11]
[2025-01-30 00:17:56,359][__main__][INFO] - [10, 17, 23, 26], [11]
[2025-01-30 00:17:56,377][__main__][INFO] - [10, 17, 23, 27], [11]
[2025-01-30 00:17:56,396][__main__][INFO] - [10, 17, 23, 28], [11]
[2025-01-30 00:17:56,415][__main__][INFO] - [10, 17, 23, 29], [11]
[2025-01-30 00:17:56,434][__main__][INFO] - [10, 17, 23, 30], [11]
[2025-01-30 00:17:56,452][__main__][INFO] - [10, 17, 23, 31], [11]
[2025-01-30 00:17:56,471][__main__][INFO] - [10, 17, 23, 32], [11]
[2025-01-30 00:17:56,490][__main__][INFO] - [10, 17, 23, 33], [11]
[2025-01-30 00:17:56,508][__main__][INFO] - [10, 17, 23, 34], [11]
[2025-01-30 00:17:56,527][__main__][INFO] - [10, 17, 23, 35], [11]
[2025-01-30 00:17:56,677][__main__][INFO] - [10, 17, 24, 35], [11]
[2025-01-30 00:17:56,893][__main__][INFO] - [10, 18, 21, 28], [11]
[2025-01-30 00:17:56,912][__main__][INFO] - [10, 18, 21, 29], [11]
[2025-01-30 00:17:56,943][__main__][INFO] - [10, 18, 21, 31], [11]
[2025-01-30 00:17:56,962][__main__][INFO] - [10, 18, 21, 32], [11]
[2025-01-30 00:17:56,981][__main__][INFO] - [10, 18, 21, 33], [11]
[2025-01-30 00:17:57,013][__main__][INFO] - [10, 18, 21, 35], [11]
[2025-01-30 00:17:57,373][__main__][INFO] - [10, 19, 21, 26], [11]
[2025-01-30 00:17:57,406][__main__][INFO] - [10, 19, 21, 28], [11]
[2025-01-30 00:17:57,439][__main__][INFO] - [10, 19, 21, 30], [11]
[2025-01-30 00:17:57,511][__main__][INFO] - [10, 19, 21, 35], [11]
[2025-01-30 00:17:57,810][__main__][INFO] - [10, 19, 23, 35], [11]
[2025-01-30 00:17:58,185][__main__][INFO] - [11, 12, 21, 26], [10]
[2025-01-30 00:17:58,203][__main__][INFO] - [11, 12, 21, 27], [10]
[2025-01-30 00:17:58,222][__main__][INFO] - [11, 12, 21, 28], [10]
[2025-01-30 00:17:58,240][__main__][INFO] - [11, 12, 21, 29], [10]
[2025-01-30 00:17:58,259][__main__][INFO] - [11, 12, 21, 30], [10]
[2025-01-30 00:17:58,277][__main__][INFO] - [11, 12, 21, 31], [10]
[2025-01-30 00:17:58,296][__main__][INFO] - [11, 12, 21, 32], [10]
[2025-01-30 00:17:58,314][__main__][INFO] - [11, 12, 21, 33], [10]
[2025-01-30 00:17:58,333][__main__][INFO] - [11, 12, 21, 34], [10]
[2025-01-30 00:17:58,352][__main__][INFO] - [11, 12, 21, 35], [10]
[2025-01-30 00:17:58,397][__main__][INFO] - [11, 12, 22, 27], [10]
[2025-01-30 00:17:58,416][__main__][INFO] - [11, 12, 22, 28], [10]
[2025-01-30 00:17:58,434][__main__][INFO] - [11, 12, 22, 29], [10]
[2025-01-30 00:17:58,453][__main__][INFO] - [11, 12, 22, 30], [10]
[2025-01-30 00:17:58,472][__main__][INFO] - [11, 12, 22, 31], [10]
[2025-01-30 00:17:58,490][__main__][INFO] - [11, 12, 22, 32], [10]
[2025-01-30 00:17:58,523][__main__][INFO] - [11, 12, 22, 34], [10]
[2025-01-30 00:17:58,541][__main__][INFO] - [11, 12, 22, 35], [10]
[2025-01-30 00:17:58,600][__main__][INFO] - [11, 12, 23, 28], [10]
[2025-01-30 00:17:58,618][__main__][INFO] - [11, 12, 23, 29], [10]
[2025-01-30 00:17:58,637][__main__][INFO] - [11, 12, 23, 30], [10]
[2025-01-30 00:17:58,655][__main__][INFO] - [11, 12, 23, 31], [10]
[2025-01-30 00:17:58,674][__main__][INFO] - [11, 12, 23, 32], [10]
[2025-01-30 00:17:58,693][__main__][INFO] - [11, 12, 23, 33], [10]
[2025-01-30 00:17:58,712][__main__][INFO] - [11, 12, 23, 34], [10]
[2025-01-30 00:17:58,731][__main__][INFO] - [11, 12, 23, 35], [10]
[2025-01-30 00:17:58,947][__main__][INFO] - [11, 13, 21, 27], [10]
[2025-01-30 00:17:58,966][__main__][INFO] - [11, 13, 21, 28], [10]
[2025-01-30 00:17:58,984][__main__][INFO] - [11, 13, 21, 29], [10]
[2025-01-30 00:17:59,003][__main__][INFO] - [11, 13, 21, 30], [10]
[2025-01-30 00:17:59,021][__main__][INFO] - [11, 13, 21, 31], [10]
[2025-01-30 00:17:59,040][__main__][INFO] - [11, 13, 21, 32], [10]
[2025-01-30 00:17:59,058][__main__][INFO] - [11, 13, 21, 33], [10]
[2025-01-30 00:17:59,076][__main__][INFO] - [11, 13, 21, 34], [10]
[2025-01-30 00:17:59,094][__main__][INFO] - [11, 13, 21, 35], [10]
[2025-01-30 00:17:59,340][__main__][INFO] - [11, 14, 21, 27], [10]
[2025-01-30 00:17:59,359][__main__][INFO] - [11, 14, 21, 28], [10]
[2025-01-30 00:17:59,377][__main__][INFO] - [11, 14, 21, 29], [10]
[2025-01-30 00:17:59,396][__main__][INFO] - [11, 14, 21, 30], [10]
[2025-01-30 00:17:59,429][__main__][INFO] - [11, 14, 21, 32], [10]
[2025-01-30 00:17:59,448][__main__][INFO] - [11, 14, 21, 33], [10]
[2025-01-30 00:17:59,466][__main__][INFO] - [11, 14, 21, 34], [10]
[2025-01-30 00:17:59,485][__main__][INFO] - [11, 14, 21, 35], [10]
[2025-01-30 00:17:59,941][__main__][INFO] - [11, 15, 21, 33], [10]
[2025-01-30 00:17:59,974][__main__][INFO] - [11, 15, 21, 35], [10]
[2025-01-30 00:18:00,127][__main__][INFO] - [11, 15, 22, 35], [10]
[2025-01-30 00:18:00,172][__main__][INFO] - [11, 15, 23, 27], [10]
[2025-01-30 00:18:00,191][__main__][INFO] - [11, 15, 23, 28], [10]
[2025-01-30 00:18:00,210][__main__][INFO] - [11, 15, 23, 29], [10]
[2025-01-30 00:18:00,242][__main__][INFO] - [11, 15, 23, 31], [10]
[2025-01-30 00:18:00,261][__main__][INFO] - [11, 15, 23, 32], [10]
[2025-01-30 00:18:00,279][__main__][INFO] - [11, 15, 23, 33], [10]
[2025-01-30 00:18:00,298][__main__][INFO] - [11, 15, 23, 34], [10]
[2025-01-30 00:18:00,316][__main__][INFO] - [11, 15, 23, 35], [10]
[2025-01-30 00:18:00,641][__main__][INFO] - [11, 16, 21, 35], [10]
[2025-01-30 00:18:00,740][__main__][INFO] - [11, 17, 21, 26], [10]
[2025-01-30 00:18:00,759][__main__][INFO] - [11, 17, 21, 27], [10]
[2025-01-30 00:18:00,778][__main__][INFO] - [11, 17, 21, 28], [10]
[2025-01-30 00:18:00,797][__main__][INFO] - [11, 17, 21, 29], [10]
[2025-01-30 00:18:00,816][__main__][INFO] - [11, 17, 21, 30], [10]
[2025-01-30 00:18:00,835][__main__][INFO] - [11, 17, 21, 31], [10]
[2025-01-30 00:18:00,854][__main__][INFO] - [11, 17, 21, 32], [10]
[2025-01-30 00:18:00,873][__main__][INFO] - [11, 17, 21, 33], [10]
[2025-01-30 00:18:00,892][__main__][INFO] - [11, 17, 21, 34], [10]
[2025-01-30 00:18:00,911][__main__][INFO] - [11, 17, 21, 35], [10]
[2025-01-30 00:18:00,970][__main__][INFO] - [11, 17, 22, 28], [10]
[2025-01-30 00:18:00,988][__main__][INFO] - [11, 17, 22, 29], [10]
[2025-01-30 00:18:01,007][__main__][INFO] - [11, 17, 22, 30], [10]
[2025-01-30 00:18:01,025][__main__][INFO] - [11, 17, 22, 31], [10]
[2025-01-30 00:18:01,043][__main__][INFO] - [11, 17, 22, 32], [10]
[2025-01-30 00:18:01,088][__main__][INFO] - [11, 17, 22, 35], [10]
[2025-01-30 00:18:01,161][__main__][INFO] - [11, 17, 23, 29], [10]
[2025-01-30 00:18:01,180][__main__][INFO] - [11, 17, 23, 30], [10]
[2025-01-30 00:18:01,212][__main__][INFO] - [11, 17, 23, 32], [10]
[2025-01-30 00:18:01,257][__main__][INFO] - [11, 17, 23, 35], [10]
[2025-01-30 00:18:01,785][__main__][INFO] - [12, 21, 26], [10, 11]
[2025-01-30 00:18:01,804][__main__][INFO] - [12, 21, 27], [10, 11]
[2025-01-30 00:18:01,823][__main__][INFO] - [12, 21, 28], [10, 11]
[2025-01-30 00:18:01,842][__main__][INFO] - [12, 21, 29], [10, 11]
[2025-01-30 00:18:01,863][__main__][INFO] - [12, 21, 30], [10, 11]
[2025-01-30 00:18:01,882][__main__][INFO] - [12, 21, 31], [10, 11]
[2025-01-30 00:18:01,901][__main__][INFO] - [12, 21, 32], [10, 11]
[2025-01-30 00:18:01,920][__main__][INFO] - [12, 21, 33], [10, 11]
[2025-01-30 00:18:01,939][__main__][INFO] - [12, 21, 34], [10, 11]
[2025-01-30 00:18:01,959][__main__][INFO] - [12, 21, 35], [10, 11]
[2025-01-30 00:18:01,994][__main__][INFO] - [12, 22, 26], [10, 11]
[2025-01-30 00:18:02,012][__main__][INFO] - [12, 22, 27], [10, 11]
[2025-01-30 00:18:02,031][__main__][INFO] - [12, 22, 28], [10, 11]
[2025-01-30 00:18:02,050][__main__][INFO] - [12, 22, 29], [10, 11]
[2025-01-30 00:18:02,069][__main__][INFO] - [12, 22, 30], [10, 11]
[2025-01-30 00:18:02,088][__main__][INFO] - [12, 22, 31], [10, 11]
[2025-01-30 00:18:02,108][__main__][INFO] - [12, 22, 32], [10, 11]
[2025-01-30 00:18:02,127][__main__][INFO] - [12, 22, 33], [10, 11]
[2025-01-30 00:18:02,145][__main__][INFO] - [12, 22, 34], [10, 11]
[2025-01-30 00:18:02,164][__main__][INFO] - [12, 22, 35], [10, 11]
[2025-01-30 00:18:02,196][__main__][INFO] - [12, 23, 26], [10, 11]
[2025-01-30 00:18:02,215][__main__][INFO] - [12, 23, 27], [10, 11]
[2025-01-30 00:18:02,235][__main__][INFO] - [12, 23, 28], [10, 11]
[2025-01-30 00:18:02,253][__main__][INFO] - [12, 23, 29], [10, 11]
[2025-01-30 00:18:02,272][__main__][INFO] - [12, 23, 30], [10, 11]
[2025-01-30 00:18:02,291][__main__][INFO] - [12, 23, 31], [10, 11]
[2025-01-30 00:18:02,310][__main__][INFO] - [12, 23, 32], [10, 11]
[2025-01-30 00:18:02,329][__main__][INFO] - [12, 23, 33], [10, 11]
[2025-01-30 00:18:02,348][__main__][INFO] - [12, 23, 34], [10, 11]
[2025-01-30 00:18:02,366][__main__][INFO] - [12, 23, 35], [10, 11]
[2025-01-30 00:18:02,413][__main__][INFO] - [12, 24, 27], [10, 11]
[2025-01-30 00:18:02,431][__main__][INFO] - [12, 24, 28], [10, 11]
[2025-01-30 00:18:02,450][__main__][INFO] - [12, 24, 29], [10, 11]
[2025-01-30 00:18:02,469][__main__][INFO] - [12, 24, 30], [10, 11]
[2025-01-30 00:18:02,488][__main__][INFO] - [12, 24, 31], [10, 11]
[2025-01-30 00:18:02,507][__main__][INFO] - [12, 24, 32], [10, 11]
[2025-01-30 00:18:02,526][__main__][INFO] - [12, 24, 33], [10, 11]
[2025-01-30 00:18:02,544][__main__][INFO] - [12, 24, 34], [10, 11]
[2025-01-30 00:18:02,563][__main__][INFO] - [12, 24, 35], [10, 11]
[2025-01-30 00:18:02,717][__main__][INFO] - [12, 25, 35], [10, 11]
[2025-01-30 00:18:02,762][__main__][INFO] - [13, 21, 26], [10, 11]
[2025-01-30 00:18:02,781][__main__][INFO] - [13, 21, 27], [10, 11]
[2025-01-30 00:18:02,800][__main__][INFO] - [13, 21, 28], [10, 11]
[2025-01-30 00:18:02,819][__main__][INFO] - [13, 21, 29], [10, 11]
[2025-01-30 00:18:02,838][__main__][INFO] - [13, 21, 30], [10, 11]
[2025-01-30 00:18:02,857][__main__][INFO] - [13, 21, 31], [10, 11]
[2025-01-30 00:18:02,876][__main__][INFO] - [13, 21, 32], [10, 11]
[2025-01-30 00:18:02,894][__main__][INFO] - [13, 21, 33], [10, 11]
[2025-01-30 00:18:02,913][__main__][INFO] - [13, 21, 34], [10, 11]
[2025-01-30 00:18:02,932][__main__][INFO] - [13, 21, 35], [10, 11]
[2025-01-30 00:18:02,991][__main__][INFO] - [13, 22, 28], [10, 11]
[2025-01-30 00:18:03,010][__main__][INFO] - [13, 22, 29], [10, 11]
[2025-01-30 00:18:03,029][__main__][INFO] - [13, 22, 30], [10, 11]
[2025-01-30 00:18:03,048][__main__][INFO] - [13, 22, 31], [10, 11]
[2025-01-30 00:18:03,081][__main__][INFO] - [13, 22, 33], [10, 11]
[2025-01-30 00:18:03,113][__main__][INFO] - [13, 22, 35], [10, 11]
[2025-01-30 00:18:03,159][__main__][INFO] - [13, 23, 27], [10, 11]
[2025-01-30 00:18:03,178][__main__][INFO] - [13, 23, 28], [10, 11]
[2025-01-30 00:18:03,197][__main__][INFO] - [13, 23, 29], [10, 11]
[2025-01-30 00:18:03,215][__main__][INFO] - [13, 23, 30], [10, 11]
[2025-01-30 00:18:03,234][__main__][INFO] - [13, 23, 31], [10, 11]
[2025-01-30 00:18:03,253][__main__][INFO] - [13, 23, 32], [10, 11]
[2025-01-30 00:18:03,272][__main__][INFO] - [13, 23, 33], [10, 11]
[2025-01-30 00:18:03,292][__main__][INFO] - [13, 23, 34], [10, 11]
[2025-01-30 00:18:03,311][__main__][INFO] - [13, 23, 35], [10, 11]
[2025-01-30 00:18:03,464][__main__][INFO] - [13, 24, 35], [10, 11]
[2025-01-30 00:18:03,659][__main__][INFO] - [14, 21, 26], [10, 11]
[2025-01-30 00:18:03,679][__main__][INFO] - [14, 21, 27], [10, 11]
[2025-01-30 00:18:03,699][__main__][INFO] - [14, 21, 28], [10, 11]
[2025-01-30 00:18:03,718][__main__][INFO] - [14, 21, 29], [10, 11]
[2025-01-30 00:18:03,738][__main__][INFO] - [14, 21, 30], [10, 11]
[2025-01-30 00:18:03,757][__main__][INFO] - [14, 21, 31], [10, 11]
[2025-01-30 00:18:03,777][__main__][INFO] - [14, 21, 32], [10, 11]
[2025-01-30 00:18:03,796][__main__][INFO] - [14, 21, 33], [10, 11]
[2025-01-30 00:18:03,815][__main__][INFO] - [14, 21, 34], [10, 11]
[2025-01-30 00:18:03,834][__main__][INFO] - [14, 21, 35], [10, 11]
[2025-01-30 00:18:03,881][__main__][INFO] - [14, 22, 27], [10, 11]
[2025-01-30 00:18:03,900][__main__][INFO] - [14, 22, 28], [10, 11]
[2025-01-30 00:18:03,919][__main__][INFO] - [14, 22, 29], [10, 11]
[2025-01-30 00:18:03,938][__main__][INFO] - [14, 22, 30], [10, 11]
[2025-01-30 00:18:03,957][__main__][INFO] - [14, 22, 31], [10, 11]
[2025-01-30 00:18:03,976][__main__][INFO] - [14, 22, 32], [10, 11]
[2025-01-30 00:18:03,995][__main__][INFO] - [14, 22, 33], [10, 11]
[2025-01-30 00:18:04,014][__main__][INFO] - [14, 22, 34], [10, 11]
[2025-01-30 00:18:04,034][__main__][INFO] - [14, 22, 35], [10, 11]
[2025-01-30 00:18:04,079][__main__][INFO] - [14, 23, 27], [10, 11]
[2025-01-30 00:18:04,099][__main__][INFO] - [14, 23, 28], [10, 11]
[2025-01-30 00:18:04,117][__main__][INFO] - [14, 23, 29], [10, 11]
[2025-01-30 00:18:04,136][__main__][INFO] - [14, 23, 30], [10, 11]
[2025-01-30 00:18:04,155][__main__][INFO] - [14, 23, 31], [10, 11]
[2025-01-30 00:18:04,175][__main__][INFO] - [14, 23, 32], [10, 11]
[2025-01-30 00:18:04,194][__main__][INFO] - [14, 23, 33], [10, 11]
[2025-01-30 00:18:04,213][__main__][INFO] - [14, 23, 34], [10, 11]
[2025-01-30 00:18:04,231][__main__][INFO] - [14, 23, 35], [10, 11]
[2025-01-30 00:18:04,349][__main__][INFO] - [14, 24, 32], [10, 11]
[2025-01-30 00:18:04,368][__main__][INFO] - [14, 24, 33], [10, 11]
[2025-01-30 00:18:04,401][__main__][INFO] - [14, 24, 35], [10, 11]
[2025-01-30 00:18:04,593][__main__][INFO] - [15, 21, 26], [10, 11]
[2025-01-30 00:18:04,612][__main__][INFO] - [15, 21, 27], [10, 11]
[2025-01-30 00:18:04,631][__main__][INFO] - [15, 21, 28], [10, 11]
[2025-01-30 00:18:04,650][__main__][INFO] - [15, 21, 29], [10, 11]
[2025-01-30 00:18:04,669][__main__][INFO] - [15, 21, 30], [10, 11]
[2025-01-30 00:18:04,688][__main__][INFO] - [15, 21, 31], [10, 11]
[2025-01-30 00:18:04,707][__main__][INFO] - [15, 21, 32], [10, 11]
[2025-01-30 00:18:04,726][__main__][INFO] - [15, 21, 33], [10, 11]
[2025-01-30 00:18:04,744][__main__][INFO] - [15, 21, 34], [10, 11]
[2025-01-30 00:18:04,764][__main__][INFO] - [15, 21, 35], [10, 11]
[2025-01-30 00:18:04,796][__main__][INFO] - [15, 22, 26], [10, 11]
[2025-01-30 00:18:04,816][__main__][INFO] - [15, 22, 27], [10, 11]
[2025-01-30 00:18:04,835][__main__][INFO] - [15, 22, 28], [10, 11]
[2025-01-30 00:18:04,854][__main__][INFO] - [15, 22, 29], [10, 11]
[2025-01-30 00:18:04,872][__main__][INFO] - [15, 22, 30], [10, 11]
[2025-01-30 00:18:04,891][__main__][INFO] - [15, 22, 31], [10, 11]
[2025-01-30 00:18:04,914][__main__][INFO] - [15, 22, 32], [10, 11]
[2025-01-30 00:18:04,933][__main__][INFO] - [15, 22, 33], [10, 11]
[2025-01-30 00:18:04,952][__main__][INFO] - [15, 22, 34], [10, 11]
[2025-01-30 00:18:04,972][__main__][INFO] - [15, 22, 35], [10, 11]
[2025-01-30 00:18:05,004][__main__][INFO] - [15, 23, 26], [10, 11]
[2025-01-30 00:18:05,024][__main__][INFO] - [15, 23, 27], [10, 11]
[2025-01-30 00:18:05,043][__main__][INFO] - [15, 23, 28], [10, 11]
[2025-01-30 00:18:05,061][__main__][INFO] - [15, 23, 29], [10, 11]
[2025-01-30 00:18:05,080][__main__][INFO] - [15, 23, 30], [10, 11]
[2025-01-30 00:18:05,099][__main__][INFO] - [15, 23, 31], [10, 11]
[2025-01-30 00:18:05,118][__main__][INFO] - [15, 23, 32], [10, 11]
[2025-01-30 00:18:05,137][__main__][INFO] - [15, 23, 33], [10, 11]
[2025-01-30 00:18:05,156][__main__][INFO] - [15, 23, 34], [10, 11]
[2025-01-30 00:18:05,175][__main__][INFO] - [15, 23, 35], [10, 11]
[2025-01-30 00:18:05,233][__main__][INFO] - [15, 24, 28], [10, 11]
[2025-01-30 00:18:05,253][__main__][INFO] - [15, 24, 29], [10, 11]
[2025-01-30 00:18:05,271][__main__][INFO] - [15, 24, 30], [10, 11]
[2025-01-30 00:18:05,290][__main__][INFO] - [15, 24, 31], [10, 11]
[2025-01-30 00:18:05,310][__main__][INFO] - [15, 24, 32], [10, 11]
[2025-01-30 00:18:05,329][__main__][INFO] - [15, 24, 33], [10, 11]
[2025-01-30 00:18:05,347][__main__][INFO] - [15, 24, 34], [10, 11]
[2025-01-30 00:18:05,367][__main__][INFO] - [15, 24, 35], [10, 11]
[2025-01-30 00:18:05,517][__main__][INFO] - [15, 25, 35], [10, 11]
[2025-01-30 00:18:05,576][__main__][INFO] - [16, 21, 27], [10, 11]
[2025-01-30 00:18:05,595][__main__][INFO] - [16, 21, 28], [10, 11]
[2025-01-30 00:18:05,614][__main__][INFO] - [16, 21, 29], [10, 11]
[2025-01-30 00:18:05,633][__main__][INFO] - [16, 21, 30], [10, 11]
[2025-01-30 00:18:05,653][__main__][INFO] - [16, 21, 31], [10, 11]
[2025-01-30 00:18:05,674][__main__][INFO] - [16, 21, 32], [10, 11]
[2025-01-30 00:18:05,694][__main__][INFO] - [16, 21, 33], [10, 11]
[2025-01-30 00:18:05,714][__main__][INFO] - [16, 21, 34], [10, 11]
[2025-01-30 00:18:05,734][__main__][INFO] - [16, 21, 35], [10, 11]
[2025-01-30 00:18:05,807][__main__][INFO] - [16, 22, 29], [10, 11]
[2025-01-30 00:18:05,827][__main__][INFO] - [16, 22, 30], [10, 11]
[2025-01-30 00:18:06,048][__main__][INFO] - [16, 23, 35], [10, 11]
[2025-01-30 00:18:06,122][__main__][INFO] - [17, 21, 26], [10, 11]
[2025-01-30 00:18:06,142][__main__][INFO] - [17, 21, 27], [10, 11]
[2025-01-30 00:18:06,161][__main__][INFO] - [17, 21, 28], [10, 11]
[2025-01-30 00:18:06,181][__main__][INFO] - [17, 21, 29], [10, 11]
[2025-01-30 00:18:06,201][__main__][INFO] - [17, 21, 30], [10, 11]
[2025-01-30 00:18:06,221][__main__][INFO] - [17, 21, 31], [10, 11]
[2025-01-30 00:18:06,242][__main__][INFO] - [17, 21, 32], [10, 11]
[2025-01-30 00:18:06,261][__main__][INFO] - [17, 21, 33], [10, 11]
[2025-01-30 00:18:06,281][__main__][INFO] - [17, 21, 34], [10, 11]
[2025-01-30 00:18:06,300][__main__][INFO] - [17, 21, 35], [10, 11]
[2025-01-30 00:18:06,334][__main__][INFO] - [17, 22, 26], [10, 11]
[2025-01-30 00:18:06,354][__main__][INFO] - [17, 22, 27], [10, 11]
[2025-01-30 00:18:06,374][__main__][INFO] - [17, 22, 28], [10, 11]
[2025-01-30 00:18:06,394][__main__][INFO] - [17, 22, 29], [10, 11]
[2025-01-30 00:18:06,414][__main__][INFO] - [17, 22, 30], [10, 11]
[2025-01-30 00:18:06,434][__main__][INFO] - [17, 22, 31], [10, 11]
[2025-01-30 00:18:06,454][__main__][INFO] - [17, 22, 32], [10, 11]
[2025-01-30 00:18:06,474][__main__][INFO] - [17, 22, 33], [10, 11]
[2025-01-30 00:18:06,494][__main__][INFO] - [17, 22, 34], [10, 11]
[2025-01-30 00:18:06,514][__main__][INFO] - [17, 22, 35], [10, 11]
[2025-01-30 00:18:06,548][__main__][INFO] - [17, 23, 26], [10, 11]
[2025-01-30 00:18:06,568][__main__][INFO] - [17, 23, 27], [10, 11]
[2025-01-30 00:18:06,588][__main__][INFO] - [17, 23, 28], [10, 11]
[2025-01-30 00:18:06,607][__main__][INFO] - [17, 23, 29], [10, 11]
[2025-01-30 00:18:06,627][__main__][INFO] - [17, 23, 30], [10, 11]
[2025-01-30 00:18:06,648][__main__][INFO] - [17, 23, 31], [10, 11]
[2025-01-30 00:18:06,667][__main__][INFO] - [17, 23, 32], [10, 11]
[2025-01-30 00:18:06,687][__main__][INFO] - [17, 23, 33], [10, 11]
[2025-01-30 00:18:06,708][__main__][INFO] - [17, 23, 34], [10, 11]
[2025-01-30 00:18:06,727][__main__][INFO] - [17, 23, 35], [10, 11]
[2025-01-30 00:18:06,773][__main__][INFO] - [17, 24, 27], [10, 11]
[2025-01-30 00:18:06,792][__main__][INFO] - [17, 24, 28], [10, 11]
[2025-01-30 00:18:06,811][__main__][INFO] - [17, 24, 29], [10, 11]
[2025-01-30 00:18:06,843][__main__][INFO] - [17, 24, 31], [10, 11]
[2025-01-30 00:18:06,863][__main__][INFO] - [17, 24, 32], [10, 11]
[2025-01-30 00:18:06,908][__main__][INFO] - [17, 24, 35], [10, 11]
[2025-01-30 00:18:07,128][__main__][INFO] - [18, 21, 28], [10, 11]
[2025-01-30 00:18:07,174][__main__][INFO] - [18, 21, 31], [10, 11]
[2025-01-30 00:18:07,193][__main__][INFO] - [18, 21, 32], [10, 11]
[2025-01-30 00:18:07,212][__main__][INFO] - [18, 21, 33], [10, 11]
[2025-01-30 00:18:07,245][__main__][INFO] - [18, 21, 35], [10, 11]
[2025-01-30 00:18:07,639][__main__][INFO] - [19, 21, 29], [10, 11]
[2025-01-30 00:18:07,659][__main__][INFO] - [19, 21, 30], [10, 11]
[2025-01-30 00:18:07,678][__main__][INFO] - [19, 21, 31], [10, 11]
[2025-01-30 00:18:07,698][__main__][INFO] - [19, 21, 32], [10, 11]
[2025-01-30 00:18:07,743][__main__][INFO] - [19, 21, 35], [10, 11]
[2025-01-30 00:18:07,897][__main__][INFO] - [19, 22, 35], [10, 11]
[2025-01-30 00:18:08,049][__main__][INFO] - [19, 23, 35], [10, 11]
