[2025-01-29 13:18:51,246][__main__][INFO] - In total, there are 5772124799 possible subgroups
[2025-01-29 13:18:51,275][__main__][INFO] - [0], []
[2025-01-29 13:18:53,489][__main__][INFO] - [], [0]
[2025-01-29 13:18:55,728][__main__][INFO] - [1], []
[2025-01-29 13:18:56,042][__main__][INFO] - [2], []
[2025-01-29 13:18:59,081][__main__][INFO] - [3], []
[2025-01-29 13:18:59,232][__main__][INFO] - [4], []
[2025-01-29 13:18:59,641][__main__][INFO] - [5], []
[2025-01-29 13:18:59,772][__main__][INFO] - [6], []
[2025-01-29 13:18:59,816][__main__][INFO] - [7], []
[2025-01-29 13:18:59,834][__main__][INFO] - [8], []
[2025-01-29 13:18:59,859][__main__][INFO] - [9], []
[2025-01-29 13:18:59,879][__main__][INFO] - [10], []
[2025-01-29 13:19:00,191][__main__][INFO] - [11], []
[2025-01-29 13:19:00,548][__main__][INFO] - [12], []
[2025-01-29 13:19:00,930][__main__][INFO] - [13], []
[2025-01-29 13:19:01,286][__main__][INFO] - [14], []
[2025-01-29 13:19:01,641][__main__][INFO] - [15], []
[2025-01-29 13:19:02,025][__main__][INFO] - [16], []
[2025-01-29 13:19:02,396][__main__][INFO] - [17], []
[2025-01-29 13:19:02,702][__main__][INFO] - [18], []
[2025-01-29 13:19:02,848][__main__][INFO] - [19], []
[2025-01-29 13:19:02,931][__main__][INFO] - [20], []
[2025-01-29 13:19:06,600][__main__][INFO] - [21], []
[2025-01-29 13:19:06,889][__main__][INFO] - [22], []
[2025-01-29 13:19:07,226][__main__][INFO] - [23], []
[2025-01-29 13:19:07,300][__main__][INFO] - [24], []
[2025-01-29 13:19:07,328][__main__][INFO] - [25], []
[2025-01-29 13:19:07,351][__main__][INFO] - [26], []
[2025-01-29 13:19:08,092][__main__][INFO] - [], [26]
[2025-01-29 13:19:11,867][__main__][INFO] - [27], []
[2025-01-29 13:19:15,458][__main__][INFO] - [28], []
[2025-01-29 13:19:15,737][__main__][INFO] - [29], []
[2025-01-29 13:19:16,121][__main__][INFO] - [30], []
[2025-01-29 13:19:16,169][__main__][INFO] - [31], []
[2025-01-29 13:19:16,191][__main__][INFO] - [32], []
[2025-01-29 13:19:19,699][__main__][INFO] - [33], []
[2025-01-29 13:19:19,871][__main__][INFO] - [34], []
[2025-01-29 13:19:19,898][__main__][INFO] - [35], []
[2025-01-29 13:19:19,932][__main__][INFO] - [36], []
[2025-01-29 13:19:20,525][__main__][INFO] - [37], []
[2025-01-29 13:19:22,837][__main__][INFO] - [38], []
[2025-01-29 13:19:23,656][__main__][INFO] - [39], []
[2025-01-29 13:19:24,193][__main__][INFO] - [40], []
[2025-01-29 13:19:24,242][__main__][INFO] - [41], []
[2025-01-29 13:19:24,960][__main__][INFO] - [], [41]
[2025-01-29 13:19:28,961][__main__][INFO] - [42], []
[2025-01-29 13:19:29,115][__main__][INFO] - [], [42]
[2025-01-29 13:19:34,546][__main__][INFO] - [43], []
[2025-01-29 13:19:34,663][__main__][INFO] - [], [43]
[2025-01-29 13:19:40,442][__main__][INFO] - [44], []
[2025-01-29 13:19:45,234][__main__][INFO] - [45], []
[2025-01-29 13:19:45,420][__main__][INFO] - [46], []
[2025-01-29 13:19:45,552][__main__][INFO] - [47], []
[2025-01-29 13:19:49,972][__main__][INFO] - [48], []
[2025-01-29 13:19:50,674][__main__][INFO] - [49], []
[2025-01-29 13:19:50,718][__main__][INFO] - [50], []
[2025-01-29 13:19:50,932][__main__][INFO] - [51], []
[2025-01-29 13:19:51,089][__main__][INFO] - [52], []
[2025-01-29 13:19:51,266][__main__][INFO] - [53], []
[2025-01-29 13:19:51,460][__main__][INFO] - [54], []
[2025-01-29 13:19:51,638][__main__][INFO] - [55], []
[2025-01-29 13:19:51,808][__main__][INFO] - [56], []
[2025-01-29 13:19:51,959][__main__][INFO] - [57], []
[2025-01-29 13:19:52,096][__main__][INFO] - [58], []
[2025-01-29 13:19:52,213][__main__][INFO] - [59], []
[2025-01-29 13:19:53,348][__main__][INFO] - [0, 1], []
[2025-01-29 13:19:53,513][__main__][INFO] - [0, 2], []
[2025-01-29 13:19:54,772][__main__][INFO] - [0, 3], []
[2025-01-29 13:19:54,855][__main__][INFO] - [0, 4], []
[2025-01-29 13:19:55,090][__main__][INFO] - [0, 5], []
[2025-01-29 13:19:55,167][__main__][INFO] - [0, 6], []
[2025-01-29 13:19:55,200][__main__][INFO] - [0, 7], []
[2025-01-29 13:19:55,222][__main__][INFO] - [0, 8], []
[2025-01-29 13:19:55,262][__main__][INFO] - [0, 10], []
[2025-01-29 13:19:55,416][__main__][INFO] - [0, 11], []
[2025-01-29 13:19:55,587][__main__][INFO] - [0, 12], []
[2025-01-29 13:19:55,774][__main__][INFO] - [0, 13], []
[2025-01-29 13:19:55,951][__main__][INFO] - [0, 14], []
[2025-01-29 13:19:56,137][__main__][INFO] - [0, 15], []
[2025-01-29 13:19:56,325][__main__][INFO] - [0, 16], []
[2025-01-29 13:19:56,518][__main__][INFO] - [0, 17], []
[2025-01-29 13:19:56,678][__main__][INFO] - [0, 18], []
[2025-01-29 13:19:56,766][__main__][INFO] - [0, 19], []
[2025-01-29 13:19:56,828][__main__][INFO] - [0, 20], []
[2025-01-29 13:19:58,256][__main__][INFO] - [0, 21], []
[2025-01-29 13:19:58,429][__main__][INFO] - [0, 22], []
[2025-01-29 13:19:58,614][__main__][INFO] - [0, 23], []
[2025-01-29 13:19:58,667][__main__][INFO] - [0, 24], []
[2025-01-29 13:19:58,689][__main__][INFO] - [0, 25], []
[2025-01-29 13:19:58,712][__main__][INFO] - [0, 26], []
[2025-01-29 13:19:58,995][__main__][INFO] - [0], [26]
[2025-01-29 13:20:00,580][__main__][INFO] - [0, 27], []
[2025-01-29 13:20:02,012][__main__][INFO] - [0, 28], []
[2025-01-29 13:20:02,169][__main__][INFO] - [0, 29], []
[2025-01-29 13:20:02,395][__main__][INFO] - [0, 30], []
[2025-01-29 13:20:02,431][__main__][INFO] - [0, 31], []
[2025-01-29 13:20:02,455][__main__][INFO] - [0, 32], []
[2025-01-29 13:20:04,101][__main__][INFO] - [0, 33], []
[2025-01-29 13:20:04,133][__main__][INFO] - [0, 34], []
[2025-01-29 13:20:04,157][__main__][INFO] - [0, 35], []
[2025-01-29 13:20:04,182][__main__][INFO] - [0, 36], []
[2025-01-29 13:20:04,469][__main__][INFO] - [0, 37], []
[2025-01-29 13:20:05,456][__main__][INFO] - [0, 38], []
[2025-01-29 13:20:05,824][__main__][INFO] - [0, 39], []
[2025-01-29 13:20:06,074][__main__][INFO] - [0, 40], []
[2025-01-29 13:20:06,111][__main__][INFO] - [0, 41], []
[2025-01-29 13:20:06,489][__main__][INFO] - [0], [41]
[2025-01-29 13:20:08,025][__main__][INFO] - [0, 42], []
[2025-01-29 13:20:08,095][__main__][INFO] - [0], [42]
[2025-01-29 13:20:10,241][__main__][INFO] - [0, 43], []
[2025-01-29 13:20:10,297][__main__][INFO] - [0], [43]
[2025-01-29 13:20:12,453][__main__][INFO] - [0, 44], []
[2025-01-29 13:20:14,307][__main__][INFO] - [0, 45], []
[2025-01-29 13:20:14,399][__main__][INFO] - [0, 46], []
[2025-01-29 13:20:14,476][__main__][INFO] - [0, 47], []
[2025-01-29 13:20:15,504][__main__][INFO] - [0, 48], []
[2025-01-29 13:20:16,239][__main__][INFO] - [0, 49], []
[2025-01-29 13:20:16,288][__main__][INFO] - [0, 50], []
[2025-01-29 13:20:16,398][__main__][INFO] - [0, 51], []
[2025-01-29 13:20:16,485][__main__][INFO] - [0, 52], []
[2025-01-29 13:20:16,588][__main__][INFO] - [0, 53], []
[2025-01-29 13:20:16,694][__main__][INFO] - [0, 54], []
[2025-01-29 13:20:16,791][__main__][INFO] - [0, 55], []
[2025-01-29 13:20:16,880][__main__][INFO] - [0, 56], []
[2025-01-29 13:20:16,964][__main__][INFO] - [0, 57], []
[2025-01-29 13:20:17,040][__main__][INFO] - [0, 58], []
[2025-01-29 13:20:17,108][__main__][INFO] - [0, 59], []
[2025-01-29 13:20:17,619][__main__][INFO] - [1], [0]
[2025-01-29 13:20:17,800][__main__][INFO] - [2], [0]
[2025-01-29 13:20:19,039][__main__][INFO] - [3], [0]
[2025-01-29 13:20:19,126][__main__][INFO] - [4], [0]
[2025-01-29 13:20:19,330][__main__][INFO] - [5], [0]
[2025-01-29 13:20:19,414][__main__][INFO] - [6], [0]
[2025-01-29 13:20:19,449][__main__][INFO] - [7], [0]
[2025-01-29 13:20:19,471][__main__][INFO] - [8], [0]
[2025-01-29 13:20:19,515][__main__][INFO] - [10], [0]
[2025-01-29 13:20:19,687][__main__][INFO] - [11], [0]
[2025-01-29 13:20:19,870][__main__][INFO] - [12], [0]
[2025-01-29 13:20:20,071][__main__][INFO] - [13], [0]
[2025-01-29 13:20:20,257][__main__][INFO] - [14], [0]
[2025-01-29 13:20:20,449][__main__][INFO] - [15], [0]
[2025-01-29 13:20:20,634][__main__][INFO] - [16], [0]
[2025-01-29 13:20:20,827][__main__][INFO] - [17], [0]
[2025-01-29 13:20:20,981][__main__][INFO] - [18], [0]
[2025-01-29 13:20:21,081][__main__][INFO] - [19], [0]
[2025-01-29 13:20:21,127][__main__][INFO] - [20], [0]
[2025-01-29 13:20:22,658][__main__][INFO] - [21], [0]
[2025-01-29 13:20:22,805][__main__][INFO] - [22], [0]
[2025-01-29 13:20:22,974][__main__][INFO] - [23], [0]
[2025-01-29 13:20:23,023][__main__][INFO] - [24], [0]
[2025-01-29 13:20:23,051][__main__][INFO] - [25], [0]
[2025-01-29 13:20:23,076][__main__][INFO] - [26], [0]
[2025-01-29 13:20:23,373][__main__][INFO] - [], [0, 26]
[2025-01-29 13:20:24,948][__main__][INFO] - [27], [0]
[2025-01-29 13:20:26,444][__main__][INFO] - [28], [0]
[2025-01-29 13:20:26,590][__main__][INFO] - [29], [0]
[2025-01-29 13:20:26,780][__main__][INFO] - [30], [0]
[2025-01-29 13:20:26,817][__main__][INFO] - [31], [0]
[2025-01-29 13:20:26,840][__main__][INFO] - [32], [0]
[2025-01-29 13:20:28,079][__main__][INFO] - [33], [0]
[2025-01-29 13:20:28,237][__main__][INFO] - [34], [0]
[2025-01-29 13:20:28,266][__main__][INFO] - [35], [0]
[2025-01-29 13:20:28,303][__main__][INFO] - [36], [0]
[2025-01-29 13:20:28,602][__main__][INFO] - [37], [0]
[2025-01-29 13:20:29,625][__main__][INFO] - [38], [0]
[2025-01-29 13:20:29,982][__main__][INFO] - [39], [0]
[2025-01-29 13:20:30,231][__main__][INFO] - [40], [0]
[2025-01-29 13:20:30,269][__main__][INFO] - [41], [0]
[2025-01-29 13:20:30,617][__main__][INFO] - [], [0, 41]
[2025-01-29 13:20:32,246][__main__][INFO] - [42], [0]
[2025-01-29 13:20:32,338][__main__][INFO] - [], [0, 42]
[2025-01-29 13:20:34,311][__main__][INFO] - [43], [0]
[2025-01-29 13:20:34,365][__main__][INFO] - [], [0, 43]
[2025-01-29 13:20:36,447][__main__][INFO] - [44], [0]
[2025-01-29 13:20:38,362][__main__][INFO] - [45], [0]
[2025-01-29 13:20:38,458][__main__][INFO] - [46], [0]
[2025-01-29 13:20:38,542][__main__][INFO] - [47], [0]
[2025-01-29 13:20:40,867][__main__][INFO] - [50], [0]
[2025-01-29 13:20:40,986][__main__][INFO] - [51], [0]
[2025-01-29 13:20:41,062][__main__][INFO] - [52], [0]
[2025-01-29 13:20:41,155][__main__][INFO] - [53], [0]
[2025-01-29 13:20:41,253][__main__][INFO] - [54], [0]
[2025-01-29 13:20:41,350][__main__][INFO] - [55], [0]
[2025-01-29 13:20:41,436][__main__][INFO] - [56], [0]
[2025-01-29 13:20:41,521][__main__][INFO] - [57], [0]
[2025-01-29 13:20:41,597][__main__][INFO] - [58], [0]
[2025-01-29 13:20:41,667][__main__][INFO] - [59], [0]
[2025-01-29 13:20:42,200][__main__][INFO] - [1, 10], []
[2025-01-29 13:20:42,258][__main__][INFO] - [1, 11], []
[2025-01-29 13:20:42,322][__main__][INFO] - [1, 12], []
[2025-01-29 13:20:42,392][__main__][INFO] - [1, 13], []
[2025-01-29 13:20:42,452][__main__][INFO] - [1, 14], []
[2025-01-29 13:20:42,511][__main__][INFO] - [1, 15], []
[2025-01-29 13:20:42,564][__main__][INFO] - [1, 16], []
[2025-01-29 13:20:42,608][__main__][INFO] - [1, 17], []
[2025-01-29 13:20:42,643][__main__][INFO] - [1, 18], []
[2025-01-29 13:20:42,671][__main__][INFO] - [1, 19], []
[2025-01-29 13:20:42,693][__main__][INFO] - [1, 20], []
[2025-01-29 13:20:42,882][__main__][INFO] - [1, 21], []
[2025-01-29 13:20:42,905][__main__][INFO] - [1, 22], []
[2025-01-29 13:20:43,043][__main__][INFO] - [1, 23], []
[2025-01-29 13:20:43,065][__main__][INFO] - [1, 24], []
[2025-01-29 13:20:43,104][__main__][INFO] - [1, 26], []
[2025-01-29 13:20:43,156][__main__][INFO] - [1], [26]
[2025-01-29 13:20:43,453][__main__][INFO] - [1, 27], []
[2025-01-29 13:20:43,640][__main__][INFO] - [1, 28], []
[2025-01-29 13:20:43,724][__main__][INFO] - [1, 29], []
[2025-01-29 13:20:43,787][__main__][INFO] - [1, 30], []
[2025-01-29 13:20:43,810][__main__][INFO] - [1, 31], []
[2025-01-29 13:20:43,832][__main__][INFO] - [1, 32], []
[2025-01-29 13:20:44,074][__main__][INFO] - [1, 33], []
[2025-01-29 13:20:44,101][__main__][INFO] - [1, 34], []
[2025-01-29 13:20:44,123][__main__][INFO] - [1, 35], []
[2025-01-29 13:20:44,146][__main__][INFO] - [1, 36], []
[2025-01-29 13:20:44,237][__main__][INFO] - [1, 37], []
[2025-01-29 13:20:44,479][__main__][INFO] - [1, 38], []
[2025-01-29 13:20:44,516][__main__][INFO] - [1, 39], []
[2025-01-29 13:20:44,576][__main__][INFO] - [1, 40], []
[2025-01-29 13:20:44,601][__main__][INFO] - [1, 41], []
[2025-01-29 13:20:44,733][__main__][INFO] - [1], [41]
[2025-01-29 13:20:44,938][__main__][INFO] - [1, 42], []
[2025-01-29 13:20:44,967][__main__][INFO] - [1], [42]
[2025-01-29 13:20:45,308][__main__][INFO] - [1, 43], []
[2025-01-29 13:20:45,337][__main__][INFO] - [1], [43]
[2025-01-29 13:20:45,665][__main__][INFO] - [1, 44], []
[2025-01-29 13:20:45,952][__main__][INFO] - [1, 45], []
[2025-01-29 13:20:45,985][__main__][INFO] - [1, 46], []
[2025-01-29 13:20:46,023][__main__][INFO] - [1, 47], []
[2025-01-29 13:20:46,256][__main__][INFO] - [1, 48], []
[2025-01-29 13:20:46,349][__main__][INFO] - [1, 49], []
[2025-01-29 13:20:46,376][__main__][INFO] - [1, 50], []
[2025-01-29 13:20:46,418][__main__][INFO] - [1, 51], []
[2025-01-29 13:20:46,460][__main__][INFO] - [1, 52], []
[2025-01-29 13:20:46,506][__main__][INFO] - [1, 53], []
[2025-01-29 13:20:46,553][__main__][INFO] - [1, 54], []
[2025-01-29 13:20:46,597][__main__][INFO] - [1, 55], []
[2025-01-29 13:20:46,637][__main__][INFO] - [1, 56], []
[2025-01-29 13:20:46,674][__main__][INFO] - [1, 57], []
[2025-01-29 13:20:46,709][__main__][INFO] - [1, 58], []
[2025-01-29 13:20:46,732][__main__][INFO] - [1, 59], []
[2025-01-29 13:20:46,801][__main__][INFO] - [2, 10], []
[2025-01-29 13:20:46,984][__main__][INFO] - [2, 11], []
[2025-01-29 13:20:47,184][__main__][INFO] - [2, 12], []
[2025-01-29 13:20:47,417][__main__][INFO] - [2, 13], []
[2025-01-29 13:20:47,641][__main__][INFO] - [2, 14], []
[2025-01-29 13:20:47,861][__main__][INFO] - [2, 15], []
[2025-01-29 13:20:48,096][__main__][INFO] - [2, 16], []
[2025-01-29 13:20:48,367][__main__][INFO] - [2, 17], []
[2025-01-29 13:20:48,600][__main__][INFO] - [2, 18], []
[2025-01-29 13:20:48,714][__main__][INFO] - [2, 19], []
[2025-01-29 13:20:48,785][__main__][INFO] - [2, 20], []
[2025-01-29 13:20:50,926][__main__][INFO] - [2, 21], []
[2025-01-29 13:20:50,973][__main__][INFO] - [2, 22], []
[2025-01-29 13:20:51,184][__main__][INFO] - [2, 23], []
[2025-01-29 13:20:51,260][__main__][INFO] - [2, 24], []
[2025-01-29 13:20:51,282][__main__][INFO] - [2, 25], []
[2025-01-29 13:20:51,307][__main__][INFO] - [2, 26], []
[2025-01-29 13:20:51,744][__main__][INFO] - [2], [26]
[2025-01-29 13:20:53,763][__main__][INFO] - [2, 27], []
[2025-01-29 13:20:55,792][__main__][INFO] - [2, 28], []
[2025-01-29 13:20:55,937][__main__][INFO] - [2, 29], []
[2025-01-29 13:20:56,093][__main__][INFO] - [2, 30], []
[2025-01-29 13:20:56,131][__main__][INFO] - [2, 31], []
[2025-01-29 13:20:56,156][__main__][INFO] - [2, 32], []
[2025-01-29 13:20:58,072][__main__][INFO] - [2, 33], []
[2025-01-29 13:20:58,207][__main__][INFO] - [2, 34], []
[2025-01-29 13:20:58,235][__main__][INFO] - [2, 35], []
[2025-01-29 13:20:58,271][__main__][INFO] - [2, 36], []
[2025-01-29 13:20:58,611][__main__][INFO] - [2, 37], []
[2025-01-29 13:20:59,775][__main__][INFO] - [2, 38], []
[2025-01-29 13:21:00,324][__main__][INFO] - [2, 39], []
[2025-01-29 13:21:00,646][__main__][INFO] - [2, 40], []
[2025-01-29 13:21:00,693][__main__][INFO] - [2, 41], []
[2025-01-29 13:21:00,994][__main__][INFO] - [2], [41]
[2025-01-29 13:21:03,248][__main__][INFO] - [2, 42], []
[2025-01-29 13:21:03,363][__main__][INFO] - [2], [42]
[2025-01-29 13:21:06,119][__main__][INFO] - [2, 43], []
[2025-01-29 13:21:06,188][__main__][INFO] - [2], [43]
[2025-01-29 13:21:08,993][__main__][INFO] - [2, 44], []
[2025-01-29 13:21:11,454][__main__][INFO] - [2, 45], []
[2025-01-29 13:21:11,602][__main__][INFO] - [2, 46], []
[2025-01-29 13:21:11,695][__main__][INFO] - [2, 47], []
[2025-01-29 13:21:13,876][__main__][INFO] - [2, 48], []
[2025-01-29 13:21:14,278][__main__][INFO] - [2, 49], []
[2025-01-29 13:21:14,316][__main__][INFO] - [2, 50], []
[2025-01-29 13:21:14,448][__main__][INFO] - [2, 51], []
[2025-01-29 13:21:14,546][__main__][INFO] - [2, 52], []
[2025-01-29 13:21:14,653][__main__][INFO] - [2, 53], []
[2025-01-29 13:21:14,779][__main__][INFO] - [2, 54], []
[2025-01-29 13:21:14,892][__main__][INFO] - [2, 55], []
[2025-01-29 13:21:15,000][__main__][INFO] - [2, 56], []
[2025-01-29 13:21:15,099][__main__][INFO] - [2, 57], []
[2025-01-29 13:21:15,195][__main__][INFO] - [2, 58], []
[2025-01-29 13:21:15,279][__main__][INFO] - [2, 59], []
[2025-01-29 13:21:16,002][__main__][INFO] - [3, 10], []
[2025-01-29 13:21:16,051][__main__][INFO] - [3, 11], []
[2025-01-29 13:21:16,099][__main__][INFO] - [3, 12], []
[2025-01-29 13:21:16,139][__main__][INFO] - [3, 13], []
[2025-01-29 13:21:16,174][__main__][INFO] - [3, 14], []
[2025-01-29 13:21:16,208][__main__][INFO] - [3, 15], []
[2025-01-29 13:21:16,240][__main__][INFO] - [3, 16], []
[2025-01-29 13:21:16,270][__main__][INFO] - [3, 17], []
[2025-01-29 13:21:16,293][__main__][INFO] - [3, 18], []
[2025-01-29 13:21:16,315][__main__][INFO] - [3, 19], []
[2025-01-29 13:21:16,337][__main__][INFO] - [3, 20], []
[2025-01-29 13:21:16,465][__main__][INFO] - [3, 21], []
[2025-01-29 13:21:16,495][__main__][INFO] - [3, 22], []
[2025-01-29 13:21:16,517][__main__][INFO] - [3, 23], []
[2025-01-29 13:21:16,540][__main__][INFO] - [3, 24], []
[2025-01-29 13:21:16,563][__main__][INFO] - [3, 25], []
[2025-01-29 13:21:16,585][__main__][INFO] - [3, 26], []
[2025-01-29 13:21:16,622][__main__][INFO] - [3], [26]
[2025-01-29 13:21:16,763][__main__][INFO] - [3, 27], []
[2025-01-29 13:21:16,894][__main__][INFO] - [3, 28], []
[2025-01-29 13:21:16,917][__main__][INFO] - [3, 29], []
[2025-01-29 13:21:16,939][__main__][INFO] - [3, 30], []
[2025-01-29 13:21:16,964][__main__][INFO] - [3, 31], []
[2025-01-29 13:21:16,986][__main__][INFO] - [3, 32], []
[2025-01-29 13:21:17,081][__main__][INFO] - [3, 33], []
[2025-01-29 13:21:17,107][__main__][INFO] - [3, 34], []
[2025-01-29 13:21:17,131][__main__][INFO] - [3, 35], []
[2025-01-29 13:21:17,154][__main__][INFO] - [3, 36], []
[2025-01-29 13:21:17,224][__main__][INFO] - [3, 37], []
[2025-01-29 13:21:17,272][__main__][INFO] - [3, 38], []
[2025-01-29 13:21:17,364][__main__][INFO] - [3, 39], []
[2025-01-29 13:21:17,401][__main__][INFO] - [3, 40], []
[2025-01-29 13:21:17,423][__main__][INFO] - [3, 41], []
[2025-01-29 13:21:17,445][__main__][INFO] - [3], [41]
[2025-01-29 13:21:17,582][__main__][INFO] - [3, 42], []
[2025-01-29 13:21:17,607][__main__][INFO] - [3], [42]
[2025-01-29 13:21:17,766][__main__][INFO] - [3, 43], []
[2025-01-29 13:21:17,791][__main__][INFO] - [3], [43]
[2025-01-29 13:21:17,943][__main__][INFO] - [3, 44], []
[2025-01-29 13:21:18,069][__main__][INFO] - [3, 45], []
[2025-01-29 13:21:18,098][__main__][INFO] - [3, 46], []
[2025-01-29 13:21:18,133][__main__][INFO] - [3, 47], []
[2025-01-29 13:21:18,255][__main__][INFO] - [3, 48], []
[2025-01-29 13:21:18,304][__main__][INFO] - [3, 49], []
[2025-01-29 13:21:18,328][__main__][INFO] - [3, 50], []
[2025-01-29 13:21:18,359][__main__][INFO] - [3, 51], []
[2025-01-29 13:21:18,387][__main__][INFO] - [3, 52], []
[2025-01-29 13:21:18,415][__main__][INFO] - [3, 53], []
[2025-01-29 13:21:18,444][__main__][INFO] - [3, 54], []
[2025-01-29 13:21:18,472][__main__][INFO] - [3, 55], []
[2025-01-29 13:21:18,499][__main__][INFO] - [3, 56], []
[2025-01-29 13:21:18,527][__main__][INFO] - [3, 57], []
[2025-01-29 13:21:18,555][__main__][INFO] - [3, 58], []
[2025-01-29 13:21:18,582][__main__][INFO] - [3, 59], []
[2025-01-29 13:21:18,658][__main__][INFO] - [4, 10], []
[2025-01-29 13:21:18,714][__main__][INFO] - [4, 11], []
[2025-01-29 13:21:18,773][__main__][INFO] - [4, 12], []
[2025-01-29 13:21:18,840][__main__][INFO] - [4, 13], []
[2025-01-29 13:21:18,911][__main__][INFO] - [4, 14], []
[2025-01-29 13:21:18,934][__main__][INFO] - [4, 15], []
[2025-01-29 13:21:18,958][__main__][INFO] - [4, 16], []
[2025-01-29 13:21:19,023][__main__][INFO] - [4, 17], []
[2025-01-29 13:21:19,077][__main__][INFO] - [4, 18], []
[2025-01-29 13:21:19,100][__main__][INFO] - [4, 19], []
[2025-01-29 13:21:19,131][__main__][INFO] - [4, 20], []
[2025-01-29 13:21:19,284][__main__][INFO] - [4, 21], []
[2025-01-29 13:21:19,550][__main__][INFO] - [4, 22], []
[2025-01-29 13:21:19,573][__main__][INFO] - [4, 23], []
[2025-01-29 13:21:19,595][__main__][INFO] - [4, 24], []
[2025-01-29 13:21:19,617][__main__][INFO] - [4, 25], []
[2025-01-29 13:21:19,639][__main__][INFO] - [4, 26], []
[2025-01-29 13:21:19,695][__main__][INFO] - [4], [26]
[2025-01-29 13:21:20,100][__main__][INFO] - [4, 27], []
[2025-01-29 13:21:20,261][__main__][INFO] - [4, 28], []
[2025-01-29 13:21:20,351][__main__][INFO] - [4, 29], []
[2025-01-29 13:21:20,540][__main__][INFO] - [4, 30], []
[2025-01-29 13:21:20,563][__main__][INFO] - [4, 31], []
[2025-01-29 13:21:20,586][__main__][INFO] - [4, 32], []
[2025-01-29 13:21:20,928][__main__][INFO] - [4, 33], []
[2025-01-29 13:21:20,957][__main__][INFO] - [4, 34], []
[2025-01-29 13:21:20,981][__main__][INFO] - [4, 35], []
[2025-01-29 13:21:21,004][__main__][INFO] - [4, 36], []
[2025-01-29 13:21:21,085][__main__][INFO] - [4, 37], []
[2025-01-29 13:21:21,414][__main__][INFO] - [4, 38], []
[2025-01-29 13:21:21,457][__main__][INFO] - [4, 39], []
[2025-01-29 13:21:21,523][__main__][INFO] - [4, 40], []
[2025-01-29 13:21:21,547][__main__][INFO] - [4, 41], []
[2025-01-29 13:21:21,811][__main__][INFO] - [4], [41]
[2025-01-29 13:21:21,982][__main__][INFO] - [4, 42], []
[2025-01-29 13:21:22,005][__main__][INFO] - [4], [42]
[2025-01-29 13:21:22,439][__main__][INFO] - [4, 43], []
[2025-01-29 13:21:22,468][__main__][INFO] - [4], [43]
[2025-01-29 13:21:22,906][__main__][INFO] - [4, 44], []
[2025-01-29 13:21:23,297][__main__][INFO] - [4, 45], []
[2025-01-29 13:21:23,330][__main__][INFO] - [4, 46], []
[2025-01-29 13:21:23,367][__main__][INFO] - [4, 47], []
[2025-01-29 13:21:23,678][__main__][INFO] - [4, 48], []
[2025-01-29 13:21:23,796][__main__][INFO] - [4, 49], []
[2025-01-29 13:21:23,822][__main__][INFO] - [4, 50], []
[2025-01-29 13:21:23,863][__main__][INFO] - [4, 51], []
[2025-01-29 13:21:23,897][__main__][INFO] - [4, 52], []
[2025-01-29 13:21:23,935][__main__][INFO] - [4, 53], []
[2025-01-29 13:21:23,974][__main__][INFO] - [4, 54], []
[2025-01-29 13:21:23,997][__main__][INFO] - [4, 55], []
[2025-01-29 13:21:24,022][__main__][INFO] - [4, 56], []
[2025-01-29 13:21:24,065][__main__][INFO] - [4, 57], []
[2025-01-29 13:21:24,101][__main__][INFO] - [4, 58], []
[2025-01-29 13:21:24,136][__main__][INFO] - [4, 59], []
[2025-01-29 13:21:24,335][__main__][INFO] - [5, 10], []
[2025-01-29 13:21:24,367][__main__][INFO] - [5, 11], []
[2025-01-29 13:21:24,400][__main__][INFO] - [5, 12], []
[2025-01-29 13:21:24,437][__main__][INFO] - [5, 13], []
[2025-01-29 13:21:24,473][__main__][INFO] - [5, 14], []
[2025-01-29 13:21:24,496][__main__][INFO] - [5, 15], []
[2025-01-29 13:21:24,533][__main__][INFO] - [5, 16], []
[2025-01-29 13:21:24,556][__main__][INFO] - [5, 17], []
[2025-01-29 13:21:24,589][__main__][INFO] - [5, 18], []
[2025-01-29 13:21:24,612][__main__][INFO] - [5, 19], []
[2025-01-29 13:21:24,634][__main__][INFO] - [5, 20], []
[2025-01-29 13:21:24,765][__main__][INFO] - [5, 21], []
[2025-01-29 13:21:24,787][__main__][INFO] - [5, 22], []
[2025-01-29 13:21:24,813][__main__][INFO] - [5, 23], []
[2025-01-29 13:21:24,836][__main__][INFO] - [5, 24], []
[2025-01-29 13:21:24,879][__main__][INFO] - [5, 26], []
[2025-01-29 13:21:24,921][__main__][INFO] - [5], [26]
[2025-01-29 13:21:25,040][__main__][INFO] - [5, 27], []
[2025-01-29 13:21:25,167][__main__][INFO] - [5, 28], []
[2025-01-29 13:21:25,193][__main__][INFO] - [5, 29], []
[2025-01-29 13:21:25,221][__main__][INFO] - [5, 30], []
[2025-01-29 13:21:25,243][__main__][INFO] - [5, 31], []
[2025-01-29 13:21:25,266][__main__][INFO] - [5, 32], []
[2025-01-29 13:21:25,371][__main__][INFO] - [5, 33], []
[2025-01-29 13:21:25,401][__main__][INFO] - [5, 34], []
[2025-01-29 13:21:25,423][__main__][INFO] - [5, 35], []
[2025-01-29 13:21:25,446][__main__][INFO] - [5, 36], []
[2025-01-29 13:21:25,486][__main__][INFO] - [5, 37], []
[2025-01-29 13:21:25,588][__main__][INFO] - [5, 38], []
[2025-01-29 13:21:25,621][__main__][INFO] - [5, 39], []
[2025-01-29 13:21:25,658][__main__][INFO] - [5, 40], []
[2025-01-29 13:21:25,681][__main__][INFO] - [5, 41], []
[2025-01-29 13:21:25,712][__main__][INFO] - [5], [41]
[2025-01-29 13:21:25,847][__main__][INFO] - [5, 42], []
[2025-01-29 13:21:25,873][__main__][INFO] - [5], [42]
[2025-01-29 13:21:26,012][__main__][INFO] - [5, 43], []
[2025-01-29 13:21:26,039][__main__][INFO] - [5], [43]
[2025-01-29 13:21:26,179][__main__][INFO] - [5, 44], []
[2025-01-29 13:21:26,299][__main__][INFO] - [5, 45], []
[2025-01-29 13:21:26,322][__main__][INFO] - [5, 46], []
[2025-01-29 13:21:26,349][__main__][INFO] - [5, 47], []
[2025-01-29 13:21:26,459][__main__][INFO] - [5, 48], []
[2025-01-29 13:21:26,503][__main__][INFO] - [5, 49], []
[2025-01-29 13:21:26,525][__main__][INFO] - [5, 50], []
[2025-01-29 13:21:26,563][__main__][INFO] - [5, 51], []
[2025-01-29 13:21:26,592][__main__][INFO] - [5, 52], []
[2025-01-29 13:21:26,621][__main__][INFO] - [5, 53], []
[2025-01-29 13:21:26,650][__main__][INFO] - [5, 54], []
[2025-01-29 13:21:26,678][__main__][INFO] - [5, 55], []
[2025-01-29 13:21:26,701][__main__][INFO] - [5, 56], []
[2025-01-29 13:21:26,724][__main__][INFO] - [5, 57], []
[2025-01-29 13:21:26,747][__main__][INFO] - [5, 58], []
[2025-01-29 13:21:26,773][__main__][INFO] - [5, 59], []
[2025-01-29 13:21:26,833][__main__][INFO] - [6, 10], []
[2025-01-29 13:21:26,858][__main__][INFO] - [6, 11], []
[2025-01-29 13:21:26,884][__main__][INFO] - [6, 12], []
[2025-01-29 13:21:26,910][__main__][INFO] - [6, 13], []
[2025-01-29 13:21:26,935][__main__][INFO] - [6, 14], []
[2025-01-29 13:21:26,961][__main__][INFO] - [6, 15], []
[2025-01-29 13:21:26,986][__main__][INFO] - [6, 16], []
[2025-01-29 13:21:27,011][__main__][INFO] - [6, 17], []
[2025-01-29 13:21:27,035][__main__][INFO] - [6, 18], []
[2025-01-29 13:21:27,057][__main__][INFO] - [6, 19], []
[2025-01-29 13:21:27,079][__main__][INFO] - [6, 20], []
[2025-01-29 13:21:27,140][__main__][INFO] - [6, 22], []
[2025-01-29 13:21:27,213][__main__][INFO] - [6, 26], []
[2025-01-29 13:21:27,240][__main__][INFO] - [6], [26]
[2025-01-29 13:21:27,281][__main__][INFO] - [6, 27], []
[2025-01-29 13:21:27,326][__main__][INFO] - [6, 28], []
[2025-01-29 13:21:27,349][__main__][INFO] - [6, 29], []
[2025-01-29 13:21:27,373][__main__][INFO] - [6, 30], []
[2025-01-29 13:21:27,412][__main__][INFO] - [6, 32], []
[2025-01-29 13:21:27,451][__main__][INFO] - [6, 33], []
[2025-01-29 13:21:27,507][__main__][INFO] - [6, 36], []
[2025-01-29 13:21:27,534][__main__][INFO] - [6, 37], []
[2025-01-29 13:21:27,572][__main__][INFO] - [6, 38], []
[2025-01-29 13:21:27,597][__main__][INFO] - [6, 39], []
[2025-01-29 13:21:27,621][__main__][INFO] - [6, 40], []
[2025-01-29 13:21:27,644][__main__][INFO] - [6, 41], []
[2025-01-29 13:21:27,668][__main__][INFO] - [6], [41]
[2025-01-29 13:21:27,713][__main__][INFO] - [6, 42], []
[2025-01-29 13:21:27,737][__main__][INFO] - [6], [42]
[2025-01-29 13:21:27,784][__main__][INFO] - [6, 43], []
[2025-01-29 13:21:27,808][__main__][INFO] - [6], [43]
[2025-01-29 13:21:27,856][__main__][INFO] - [6, 44], []
[2025-01-29 13:21:27,900][__main__][INFO] - [6, 45], []
[2025-01-29 13:21:27,924][__main__][INFO] - [6, 46], []
[2025-01-29 13:21:27,948][__main__][INFO] - [6, 47], []
[2025-01-29 13:21:27,989][__main__][INFO] - [6, 48], []
[2025-01-29 13:21:28,016][__main__][INFO] - [6, 49], []
[2025-01-29 13:21:28,040][__main__][INFO] - [6, 50], []
[2025-01-29 13:21:28,065][__main__][INFO] - [6, 51], []
[2025-01-29 13:21:28,089][__main__][INFO] - [6, 52], []
[2025-01-29 13:21:28,112][__main__][INFO] - [6, 53], []
[2025-01-29 13:21:28,136][__main__][INFO] - [6, 54], []
[2025-01-29 13:21:28,160][__main__][INFO] - [6, 55], []
[2025-01-29 13:21:28,184][__main__][INFO] - [6, 56], []
[2025-01-29 13:21:28,209][__main__][INFO] - [6, 57], []
[2025-01-29 13:21:28,233][__main__][INFO] - [6, 58], []
[2025-01-29 13:21:28,257][__main__][INFO] - [6, 59], []
[2025-01-29 13:21:28,298][__main__][INFO] - [7, 10], []
[2025-01-29 13:21:28,320][__main__][INFO] - [7, 11], []
[2025-01-29 13:21:28,343][__main__][INFO] - [7, 12], []
[2025-01-29 13:21:28,365][__main__][INFO] - [7, 13], []
[2025-01-29 13:21:28,388][__main__][INFO] - [7, 14], []
[2025-01-29 13:21:28,411][__main__][INFO] - [7, 15], []
[2025-01-29 13:21:28,433][__main__][INFO] - [7, 16], []
[2025-01-29 13:21:28,456][__main__][INFO] - [7, 17], []
[2025-01-29 13:21:28,478][__main__][INFO] - [7, 18], []
[2025-01-29 13:21:28,517][__main__][INFO] - [7, 20], []
[2025-01-29 13:21:28,556][__main__][INFO] - [7, 22], []
[2025-01-29 13:21:28,610][__main__][INFO] - [7, 25], []
[2025-01-29 13:21:28,632][__main__][INFO] - [7, 26], []
[2025-01-29 13:21:28,653][__main__][INFO] - [7], [26]
[2025-01-29 13:21:28,675][__main__][INFO] - [7, 27], []
[2025-01-29 13:21:28,697][__main__][INFO] - [7, 28], []
[2025-01-29 13:21:28,720][__main__][INFO] - [7, 29], []
[2025-01-29 13:21:28,742][__main__][INFO] - [7, 30], []
[2025-01-29 13:21:28,765][__main__][INFO] - [7, 31], []
[2025-01-29 13:21:28,787][__main__][INFO] - [7, 32], []
[2025-01-29 13:21:28,810][__main__][INFO] - [7, 33], []
[2025-01-29 13:21:28,865][__main__][INFO] - [7, 36], []
[2025-01-29 13:21:28,887][__main__][INFO] - [7, 37], []
[2025-01-29 13:21:28,910][__main__][INFO] - [7, 38], []
[2025-01-29 13:21:28,932][__main__][INFO] - [7, 39], []
[2025-01-29 13:21:28,971][__main__][INFO] - [7, 41], []
[2025-01-29 13:21:28,994][__main__][INFO] - [7], [41]
[2025-01-29 13:21:29,016][__main__][INFO] - [7, 42], []
[2025-01-29 13:21:29,039][__main__][INFO] - [7], [42]
[2025-01-29 13:21:29,061][__main__][INFO] - [7, 43], []
[2025-01-29 13:21:29,084][__main__][INFO] - [7], [43]
[2025-01-29 13:21:29,107][__main__][INFO] - [7, 44], []
[2025-01-29 13:21:29,129][__main__][INFO] - [7, 45], []
[2025-01-29 13:21:29,151][__main__][INFO] - [7, 46], []
[2025-01-29 13:21:29,173][__main__][INFO] - [7, 47], []
[2025-01-29 13:21:29,195][__main__][INFO] - [7, 48], []
[2025-01-29 13:21:29,233][__main__][INFO] - [7, 50], []
[2025-01-29 13:21:29,255][__main__][INFO] - [7, 51], []
[2025-01-29 13:21:29,277][__main__][INFO] - [7, 52], []
[2025-01-29 13:21:29,300][__main__][INFO] - [7, 53], []
[2025-01-29 13:21:29,323][__main__][INFO] - [7, 54], []
[2025-01-29 13:21:29,345][__main__][INFO] - [7, 55], []
[2025-01-29 13:21:29,368][__main__][INFO] - [7, 56], []
[2025-01-29 13:21:29,390][__main__][INFO] - [7, 57], []
[2025-01-29 13:21:29,413][__main__][INFO] - [7, 58], []
[2025-01-29 13:21:29,435][__main__][INFO] - [7, 59], []
[2025-01-29 13:21:29,473][__main__][INFO] - [8, 10], []
[2025-01-29 13:21:29,497][__main__][INFO] - [8, 11], []
[2025-01-29 13:21:29,521][__main__][INFO] - [8, 12], []
[2025-01-29 13:21:29,543][__main__][INFO] - [8, 13], []
[2025-01-29 13:21:29,566][__main__][INFO] - [8, 14], []
[2025-01-29 13:21:29,589][__main__][INFO] - [8, 15], []
[2025-01-29 13:21:29,613][__main__][INFO] - [8, 16], []
[2025-01-29 13:21:29,637][__main__][INFO] - [8, 17], []
[2025-01-29 13:21:29,691][__main__][INFO] - [8, 20], []
[2025-01-29 13:21:29,732][__main__][INFO] - [8, 22], []
[2025-01-29 13:21:29,801][__main__][INFO] - [8, 26], []
[2025-01-29 13:21:29,825][__main__][INFO] - [8], [26]
[2025-01-29 13:21:29,852][__main__][INFO] - [8, 27], []
[2025-01-29 13:21:29,879][__main__][INFO] - [8, 28], []
[2025-01-29 13:21:29,901][__main__][INFO] - [8, 29], []
[2025-01-29 13:21:29,956][__main__][INFO] - [8, 32], []
[2025-01-29 13:21:29,982][__main__][INFO] - [8, 33], []
[2025-01-29 13:21:30,038][__main__][INFO] - [8, 36], []
[2025-01-29 13:21:30,062][__main__][INFO] - [8, 37], []
[2025-01-29 13:21:30,088][__main__][INFO] - [8, 38], []
[2025-01-29 13:21:30,112][__main__][INFO] - [8, 39], []
[2025-01-29 13:21:30,152][__main__][INFO] - [8, 41], []
[2025-01-29 13:21:30,175][__main__][INFO] - [8], [41]
[2025-01-29 13:21:30,202][__main__][INFO] - [8, 42], []
[2025-01-29 13:21:30,225][__main__][INFO] - [8], [42]
[2025-01-29 13:21:30,252][__main__][INFO] - [8, 43], []
[2025-01-29 13:21:30,274][__main__][INFO] - [8], [43]
[2025-01-29 13:21:30,301][__main__][INFO] - [8, 44], []
[2025-01-29 13:21:30,328][__main__][INFO] - [8, 45], []
[2025-01-29 13:21:30,351][__main__][INFO] - [8, 46], []
[2025-01-29 13:21:30,374][__main__][INFO] - [8, 47], []
[2025-01-29 13:21:30,401][__main__][INFO] - [8, 48], []
[2025-01-29 13:21:30,441][__main__][INFO] - [8, 50], []
[2025-01-29 13:21:30,464][__main__][INFO] - [8, 51], []
[2025-01-29 13:21:30,487][__main__][INFO] - [8, 52], []
[2025-01-29 13:21:30,510][__main__][INFO] - [8, 53], []
[2025-01-29 13:21:30,533][__main__][INFO] - [8, 54], []
[2025-01-29 13:21:30,557][__main__][INFO] - [8, 55], []
[2025-01-29 13:21:30,579][__main__][INFO] - [8, 56], []
[2025-01-29 13:21:30,603][__main__][INFO] - [8, 57], []
[2025-01-29 13:21:30,626][__main__][INFO] - [8, 58], []
[2025-01-29 13:21:30,649][__main__][INFO] - [8, 59], []
[2025-01-29 13:21:30,841][__main__][INFO] - [9, 20], []
[2025-01-29 13:21:30,976][__main__][INFO] - [9, 27], []
[2025-01-29 13:21:31,064][__main__][INFO] - [9, 32], []
[2025-01-29 13:21:31,230][__main__][INFO] - [9], [41]
[2025-01-29 13:21:31,269][__main__][INFO] - [9], [42]
[2025-01-29 13:21:31,308][__main__][INFO] - [9], [43]
[2025-01-29 13:21:31,599][__main__][INFO] - [10, 20], []
[2025-01-29 13:21:31,894][__main__][INFO] - [10, 21], []
[2025-01-29 13:21:31,922][__main__][INFO] - [10, 22], []
[2025-01-29 13:21:31,949][__main__][INFO] - [10, 23], []
[2025-01-29 13:21:31,971][__main__][INFO] - [10, 24], []
[2025-01-29 13:21:31,994][__main__][INFO] - [10, 25], []
[2025-01-29 13:21:32,017][__main__][INFO] - [10, 26], []
[2025-01-29 13:21:32,046][__main__][INFO] - [10], [26]
[2025-01-29 13:21:32,343][__main__][INFO] - [10, 27], []
[2025-01-29 13:21:32,637][__main__][INFO] - [10, 28], []
[2025-01-29 13:21:32,659][__main__][INFO] - [10, 29], []
[2025-01-29 13:21:32,684][__main__][INFO] - [10, 30], []
[2025-01-29 13:21:32,711][__main__][INFO] - [10, 31], []
[2025-01-29 13:21:32,799][__main__][INFO] - [10, 36], []
[2025-01-29 13:21:33,121][__main__][INFO] - [10, 37], []
[2025-01-29 13:21:33,272][__main__][INFO] - [10, 38], []
[2025-01-29 13:21:33,367][__main__][INFO] - [10, 39], []
[2025-01-29 13:21:33,440][__main__][INFO] - [10, 40], []
[2025-01-29 13:21:33,465][__main__][INFO] - [10, 41], []
[2025-01-29 13:21:33,494][__main__][INFO] - [10], [41]
[2025-01-29 13:21:33,802][__main__][INFO] - [10, 42], []
[2025-01-29 13:21:33,826][__main__][INFO] - [10], [42]
[2025-01-29 13:21:34,134][__main__][INFO] - [10, 43], []
[2025-01-29 13:21:34,158][__main__][INFO] - [10], [43]
[2025-01-29 13:21:34,484][__main__][INFO] - [10, 44], []
[2025-01-29 13:21:34,640][__main__][INFO] - [10, 45], []
[2025-01-29 13:21:34,667][__main__][INFO] - [10, 46], []
[2025-01-29 13:21:34,804][__main__][INFO] - [10, 47], []
[2025-01-29 13:21:35,169][__main__][INFO] - [10, 50], []
[2025-01-29 13:21:35,205][__main__][INFO] - [10, 51], []
[2025-01-29 13:21:35,243][__main__][INFO] - [10, 52], []
[2025-01-29 13:21:35,285][__main__][INFO] - [10, 53], []
[2025-01-29 13:21:35,325][__main__][INFO] - [10, 54], []
[2025-01-29 13:21:35,363][__main__][INFO] - [10, 55], []
[2025-01-29 13:21:35,398][__main__][INFO] - [10, 56], []
[2025-01-29 13:21:35,432][__main__][INFO] - [10, 57], []
[2025-01-29 13:21:35,465][__main__][INFO] - [10, 58], []
[2025-01-29 13:21:35,496][__main__][INFO] - [10, 59], []
[2025-01-29 13:21:35,602][__main__][INFO] - [11, 20], []
[2025-01-29 13:21:35,920][__main__][INFO] - [11, 21], []
[2025-01-29 13:21:35,952][__main__][INFO] - [11, 22], []
[2025-01-29 13:21:35,984][__main__][INFO] - [11, 23], []
[2025-01-29 13:21:36,009][__main__][INFO] - [11, 24], []
[2025-01-29 13:21:36,032][__main__][INFO] - [11, 25], []
[2025-01-29 13:21:36,054][__main__][INFO] - [11, 26], []
[2025-01-29 13:21:36,091][__main__][INFO] - [11], [26]
[2025-01-29 13:21:36,423][__main__][INFO] - [11, 27], []
[2025-01-29 13:21:36,739][__main__][INFO] - [11, 28], []
[2025-01-29 13:21:36,762][__main__][INFO] - [11, 29], []
[2025-01-29 13:21:36,790][__main__][INFO] - [11, 30], []
[2025-01-29 13:21:36,817][__main__][INFO] - [11, 31], []
[2025-01-29 13:21:36,839][__main__][INFO] - [11, 32], []
[2025-01-29 13:21:36,944][__main__][INFO] - [11, 34], []
[2025-01-29 13:21:36,982][__main__][INFO] - [11, 36], []
[2025-01-29 13:21:37,236][__main__][INFO] - [11, 37], []
[2025-01-29 13:21:37,417][__main__][INFO] - [11, 38], []
[2025-01-29 13:21:37,504][__main__][INFO] - [11, 39], []
[2025-01-29 13:21:37,574][__main__][INFO] - [11, 40], []
[2025-01-29 13:21:37,599][__main__][INFO] - [11, 41], []
[2025-01-29 13:21:37,638][__main__][INFO] - [11], [41]
[2025-01-29 13:21:37,978][__main__][INFO] - [11, 42], []
[2025-01-29 13:21:38,003][__main__][INFO] - [11], [42]
[2025-01-29 13:21:38,379][__main__][INFO] - [11, 43], []
[2025-01-29 13:21:38,404][__main__][INFO] - [11], [43]
[2025-01-29 13:21:38,771][__main__][INFO] - [11, 44], []
[2025-01-29 13:21:39,113][__main__][INFO] - [11, 45], []
[2025-01-29 13:21:39,162][__main__][INFO] - [11, 47], []
[2025-01-29 13:21:39,417][__main__][INFO] - [11, 48], []
[2025-01-29 13:21:39,503][__main__][INFO] - [11, 49], []
[2025-01-29 13:21:39,526][__main__][INFO] - [11, 50], []
[2025-01-29 13:21:39,573][__main__][INFO] - [11, 51], []
[2025-01-29 13:21:39,612][__main__][INFO] - [11, 52], []
[2025-01-29 13:21:39,653][__main__][INFO] - [11, 53], []
[2025-01-29 13:21:39,694][__main__][INFO] - [11, 54], []
[2025-01-29 13:21:39,732][__main__][INFO] - [11, 55], []
[2025-01-29 13:21:39,768][__main__][INFO] - [11, 56], []
[2025-01-29 13:21:39,802][__main__][INFO] - [11, 57], []
[2025-01-29 13:21:39,835][__main__][INFO] - [11, 58], []
[2025-01-29 13:21:39,865][__main__][INFO] - [11, 59], []
[2025-01-29 13:21:39,972][__main__][INFO] - [12, 20], []
[2025-01-29 13:21:40,286][__main__][INFO] - [12, 21], []
[2025-01-29 13:21:40,330][__main__][INFO] - [12, 22], []
[2025-01-29 13:21:40,375][__main__][INFO] - [12, 23], []
[2025-01-29 13:21:40,401][__main__][INFO] - [12, 24], []
[2025-01-29 13:21:40,422][__main__][INFO] - [12, 25], []
[2025-01-29 13:21:40,444][__main__][INFO] - [12, 26], []
[2025-01-29 13:21:40,485][__main__][INFO] - [12], [26]
[2025-01-29 13:21:40,868][__main__][INFO] - [12, 27], []
[2025-01-29 13:21:41,183][__main__][INFO] - [12, 28], []
[2025-01-29 13:21:41,234][__main__][INFO] - [12, 29], []
[2025-01-29 13:21:41,256][__main__][INFO] - [12, 30], []
[2025-01-29 13:21:41,283][__main__][INFO] - [12, 31], []
[2025-01-29 13:21:41,306][__main__][INFO] - [12, 32], []
[2025-01-29 13:21:41,681][__main__][INFO] - [12, 33], []
[2025-01-29 13:21:41,708][__main__][INFO] - [12, 34], []
[2025-01-29 13:21:41,735][__main__][INFO] - [12, 35], []
[2025-01-29 13:21:41,776][__main__][INFO] - [12, 37], []
[2025-01-29 13:21:41,995][__main__][INFO] - [12, 38], []
[2025-01-29 13:21:42,085][__main__][INFO] - [12, 39], []
[2025-01-29 13:21:42,157][__main__][INFO] - [12, 40], []
[2025-01-29 13:21:42,183][__main__][INFO] - [12, 41], []
[2025-01-29 13:21:42,251][__main__][INFO] - [12], [41]
[2025-01-29 13:21:42,603][__main__][INFO] - [12, 42], []
[2025-01-29 13:21:42,628][__main__][INFO] - [12], [42]
[2025-01-29 13:21:43,033][__main__][INFO] - [12, 43], []
[2025-01-29 13:21:43,058][__main__][INFO] - [12], [43]
[2025-01-29 13:21:43,436][__main__][INFO] - [12, 44], []
[2025-01-29 13:21:43,798][__main__][INFO] - [12, 45], []
[2025-01-29 13:21:43,847][__main__][INFO] - [12, 47], []
[2025-01-29 13:21:44,053][__main__][INFO] - [12, 48], []
[2025-01-29 13:21:44,228][__main__][INFO] - [12, 49], []
[2025-01-29 13:21:44,258][__main__][INFO] - [12, 50], []
[2025-01-29 13:21:44,320][__main__][INFO] - [12, 51], []
[2025-01-29 13:21:44,357][__main__][INFO] - [12, 52], []
[2025-01-29 13:21:44,396][__main__][INFO] - [12, 53], []
[2025-01-29 13:21:44,438][__main__][INFO] - [12, 54], []
[2025-01-29 13:21:44,479][__main__][INFO] - [12, 55], []
[2025-01-29 13:21:44,518][__main__][INFO] - [12, 56], []
[2025-01-29 13:21:44,555][__main__][INFO] - [12, 57], []
[2025-01-29 13:21:44,590][__main__][INFO] - [12, 58], []
[2025-01-29 13:21:44,623][__main__][INFO] - [12, 59], []
[2025-01-29 13:21:44,732][__main__][INFO] - [13, 20], []
[2025-01-29 13:21:44,983][__main__][INFO] - [13, 21], []
[2025-01-29 13:21:45,038][__main__][INFO] - [13, 22], []
[2025-01-29 13:21:45,101][__main__][INFO] - [13, 23], []
[2025-01-29 13:21:45,130][__main__][INFO] - [13, 24], []
[2025-01-29 13:21:45,154][__main__][INFO] - [13, 25], []
[2025-01-29 13:21:45,177][__main__][INFO] - [13, 26], []
[2025-01-29 13:21:45,217][__main__][INFO] - [13], [26]
[2025-01-29 13:21:45,550][__main__][INFO] - [13, 27], []
[2025-01-29 13:21:45,803][__main__][INFO] - [13, 28], []
[2025-01-29 13:21:45,874][__main__][INFO] - [13, 29], []
[2025-01-29 13:21:45,924][__main__][INFO] - [13, 30], []
[2025-01-29 13:21:45,950][__main__][INFO] - [13, 31], []
[2025-01-29 13:21:45,974][__main__][INFO] - [13, 32], []
[2025-01-29 13:21:46,317][__main__][INFO] - [13, 33], []
[2025-01-29 13:21:46,347][__main__][INFO] - [13, 34], []
[2025-01-29 13:21:46,371][__main__][INFO] - [13, 35], []
[2025-01-29 13:21:46,411][__main__][INFO] - [13, 37], []
[2025-01-29 13:21:46,617][__main__][INFO] - [13, 38], []
[2025-01-29 13:21:46,698][__main__][INFO] - [13, 39], []
[2025-01-29 13:21:46,762][__main__][INFO] - [13, 40], []
[2025-01-29 13:21:46,788][__main__][INFO] - [13, 41], []
[2025-01-29 13:21:46,892][__main__][INFO] - [13], [41]
[2025-01-29 13:21:47,157][__main__][INFO] - [13, 42], []
[2025-01-29 13:21:47,182][__main__][INFO] - [13], [42]
[2025-01-29 13:21:47,566][__main__][INFO] - [13, 43], []
[2025-01-29 13:21:47,592][__main__][INFO] - [13], [43]
[2025-01-29 13:21:47,971][__main__][INFO] - [13, 44], []
[2025-01-29 13:21:48,314][__main__][INFO] - [13, 45], []
[2025-01-29 13:21:48,363][__main__][INFO] - [13, 47], []
[2025-01-29 13:21:48,545][__main__][INFO] - [13, 48], []
[2025-01-29 13:21:48,708][__main__][INFO] - [13, 49], []
[2025-01-29 13:21:48,743][__main__][INFO] - [13, 50], []
[2025-01-29 13:21:48,782][__main__][INFO] - [13, 51], []
[2025-01-29 13:21:48,816][__main__][INFO] - [13, 52], []
[2025-01-29 13:21:48,851][__main__][INFO] - [13, 53], []
[2025-01-29 13:21:48,889][__main__][INFO] - [13, 54], []
[2025-01-29 13:21:48,926][__main__][INFO] - [13, 55], []
[2025-01-29 13:21:48,960][__main__][INFO] - [13, 56], []
[2025-01-29 13:21:48,995][__main__][INFO] - [13, 57], []
[2025-01-29 13:21:49,030][__main__][INFO] - [13, 58], []
[2025-01-29 13:21:49,062][__main__][INFO] - [13, 59], []
[2025-01-29 13:21:49,205][__main__][INFO] - [14, 20], []
[2025-01-29 13:21:49,417][__main__][INFO] - [14, 21], []
[2025-01-29 13:21:49,441][__main__][INFO] - [14, 22], []
[2025-01-29 13:21:49,522][__main__][INFO] - [14, 23], []
[2025-01-29 13:21:49,553][__main__][INFO] - [14, 24], []
[2025-01-29 13:21:49,575][__main__][INFO] - [14, 25], []
[2025-01-29 13:21:49,598][__main__][INFO] - [14, 26], []
[2025-01-29 13:21:49,642][__main__][INFO] - [14], [26]
[2025-01-29 13:21:49,969][__main__][INFO] - [14, 27], []
[2025-01-29 13:21:50,178][__main__][INFO] - [14, 28], []
[2025-01-29 13:21:50,257][__main__][INFO] - [14, 29], []
[2025-01-29 13:21:50,334][__main__][INFO] - [14, 30], []
[2025-01-29 13:21:50,360][__main__][INFO] - [14, 31], []
[2025-01-29 13:21:50,383][__main__][INFO] - [14, 32], []
[2025-01-29 13:21:50,721][__main__][INFO] - [14, 33], []
[2025-01-29 13:21:50,752][__main__][INFO] - [14, 34], []
[2025-01-29 13:21:50,776][__main__][INFO] - [14, 35], []
[2025-01-29 13:21:50,816][__main__][INFO] - [14, 37], []
[2025-01-29 13:21:51,035][__main__][INFO] - [14, 38], []
[2025-01-29 13:21:51,115][__main__][INFO] - [14, 39], []
[2025-01-29 13:21:51,173][__main__][INFO] - [14, 40], []
[2025-01-29 13:21:51,199][__main__][INFO] - [14, 41], []
[2025-01-29 13:21:51,340][__main__][INFO] - [14], [41]
[2025-01-29 13:21:51,577][__main__][INFO] - [14, 42], []
[2025-01-29 13:21:51,603][__main__][INFO] - [14], [42]
[2025-01-29 13:21:51,974][__main__][INFO] - [14, 43], []
[2025-01-29 13:21:52,000][__main__][INFO] - [14], [43]
[2025-01-29 13:21:52,387][__main__][INFO] - [14, 44], []
[2025-01-29 13:21:52,735][__main__][INFO] - [14, 45], []
[2025-01-29 13:21:52,782][__main__][INFO] - [14, 47], []
[2025-01-29 13:21:52,965][__main__][INFO] - [14, 48], []
[2025-01-29 13:21:53,148][__main__][INFO] - [14, 49], []
[2025-01-29 13:21:53,174][__main__][INFO] - [14, 50], []
[2025-01-29 13:21:53,211][__main__][INFO] - [14, 51], []
[2025-01-29 13:21:53,243][__main__][INFO] - [14, 52], []
[2025-01-29 13:21:53,278][__main__][INFO] - [14, 53], []
[2025-01-29 13:21:53,315][__main__][INFO] - [14, 54], []
[2025-01-29 13:21:53,351][__main__][INFO] - [14, 55], []
[2025-01-29 13:21:53,387][__main__][INFO] - [14, 56], []
[2025-01-29 13:21:53,423][__main__][INFO] - [14, 57], []
[2025-01-29 13:21:53,457][__main__][INFO] - [14, 58], []
[2025-01-29 13:21:53,489][__main__][INFO] - [14, 59], []
[2025-01-29 13:21:53,643][__main__][INFO] - [15, 20], []
[2025-01-29 13:21:53,866][__main__][INFO] - [15, 21], []
[2025-01-29 13:21:53,933][__main__][INFO] - [15, 22], []
[2025-01-29 13:21:54,013][__main__][INFO] - [15, 23], []
[2025-01-29 13:21:54,052][__main__][INFO] - [15, 24], []
[2025-01-29 13:21:54,075][__main__][INFO] - [15, 25], []
[2025-01-29 13:21:54,099][__main__][INFO] - [15, 26], []
[2025-01-29 13:21:54,158][__main__][INFO] - [15], [26]
[2025-01-29 13:21:54,483][__main__][INFO] - [15, 27], []
[2025-01-29 13:21:54,700][__main__][INFO] - [15, 28], []
[2025-01-29 13:21:54,764][__main__][INFO] - [15, 29], []
[2025-01-29 13:21:54,854][__main__][INFO] - [15, 30], []
[2025-01-29 13:21:54,880][__main__][INFO] - [15, 31], []
[2025-01-29 13:21:54,902][__main__][INFO] - [15, 32], []
[2025-01-29 13:21:55,240][__main__][INFO] - [15, 33], []
[2025-01-29 13:21:55,275][__main__][INFO] - [15, 34], []
[2025-01-29 13:21:55,298][__main__][INFO] - [15, 35], []
[2025-01-29 13:21:55,339][__main__][INFO] - [15, 37], []
[2025-01-29 13:21:55,554][__main__][INFO] - [15, 38], []
[2025-01-29 13:21:55,641][__main__][INFO] - [15, 39], []
[2025-01-29 13:21:55,699][__main__][INFO] - [15, 40], []
[2025-01-29 13:21:55,725][__main__][INFO] - [15, 41], []
[2025-01-29 13:21:55,861][__main__][INFO] - [15], [41]
[2025-01-29 13:21:56,093][__main__][INFO] - [15, 42], []
[2025-01-29 13:21:56,122][__main__][INFO] - [15], [42]
[2025-01-29 13:21:56,480][__main__][INFO] - [15, 43], []
[2025-01-29 13:21:56,509][__main__][INFO] - [15], [43]
[2025-01-29 13:21:56,872][__main__][INFO] - [15, 44], []
[2025-01-29 13:21:57,223][__main__][INFO] - [15, 45], []
[2025-01-29 13:21:57,273][__main__][INFO] - [15, 47], []
[2025-01-29 13:21:57,576][__main__][INFO] - [15, 48], []
[2025-01-29 13:21:57,670][__main__][INFO] - [15, 49], []
[2025-01-29 13:21:57,693][__main__][INFO] - [15, 50], []
[2025-01-29 13:21:57,728][__main__][INFO] - [15, 51], []
[2025-01-29 13:21:57,761][__main__][INFO] - [15, 52], []
[2025-01-29 13:21:57,794][__main__][INFO] - [15, 53], []
[2025-01-29 13:21:57,830][__main__][INFO] - [15, 54], []
[2025-01-29 13:21:57,866][__main__][INFO] - [15, 55], []
[2025-01-29 13:21:57,900][__main__][INFO] - [15, 56], []
[2025-01-29 13:21:57,934][__main__][INFO] - [15, 57], []
[2025-01-29 13:21:57,968][__main__][INFO] - [15, 58], []
[2025-01-29 13:21:58,001][__main__][INFO] - [15, 59], []
[2025-01-29 13:21:58,167][__main__][INFO] - [16, 20], []
[2025-01-29 13:21:58,404][__main__][INFO] - [16, 21], []
[2025-01-29 13:21:58,427][__main__][INFO] - [16, 22], []
[2025-01-29 13:21:58,494][__main__][INFO] - [16, 23], []
[2025-01-29 13:21:58,524][__main__][INFO] - [16, 24], []
[2025-01-29 13:21:58,547][__main__][INFO] - [16, 25], []
[2025-01-29 13:21:58,568][__main__][INFO] - [16, 26], []
[2025-01-29 13:21:58,648][__main__][INFO] - [16], [26]
[2025-01-29 13:21:58,951][__main__][INFO] - [16, 27], []
[2025-01-29 13:21:59,199][__main__][INFO] - [16, 28], []
[2025-01-29 13:21:59,245][__main__][INFO] - [16, 29], []
[2025-01-29 13:21:59,333][__main__][INFO] - [16, 30], []
[2025-01-29 13:21:59,359][__main__][INFO] - [16, 31], []
[2025-01-29 13:21:59,383][__main__][INFO] - [16, 32], []
[2025-01-29 13:21:59,728][__main__][INFO] - [16, 33], []
[2025-01-29 13:21:59,784][__main__][INFO] - [16, 35], []
[2025-01-29 13:21:59,824][__main__][INFO] - [16, 37], []
[2025-01-29 13:22:00,041][__main__][INFO] - [16, 38], []
[2025-01-29 13:22:00,135][__main__][INFO] - [16, 39], []
[2025-01-29 13:22:00,188][__main__][INFO] - [16, 40], []
[2025-01-29 13:22:00,214][__main__][INFO] - [16, 41], []
[2025-01-29 13:22:00,332][__main__][INFO] - [16], [41]
[2025-01-29 13:22:00,589][__main__][INFO] - [16, 42], []
[2025-01-29 13:22:00,622][__main__][INFO] - [16], [42]
[2025-01-29 13:22:00,995][__main__][INFO] - [16, 43], []
[2025-01-29 13:22:01,026][__main__][INFO] - [16], [43]
[2025-01-29 13:22:01,386][__main__][INFO] - [16, 44], []
[2025-01-29 13:22:01,730][__main__][INFO] - [16, 45], []
[2025-01-29 13:22:01,783][__main__][INFO] - [16, 47], []
[2025-01-29 13:22:02,199][__main__][INFO] - [16, 50], []
[2025-01-29 13:22:02,234][__main__][INFO] - [16, 51], []
[2025-01-29 13:22:02,268][__main__][INFO] - [16, 52], []
[2025-01-29 13:22:02,302][__main__][INFO] - [16, 53], []
[2025-01-29 13:22:02,336][__main__][INFO] - [16, 54], []
[2025-01-29 13:22:02,369][__main__][INFO] - [16, 55], []
[2025-01-29 13:22:02,404][__main__][INFO] - [16, 56], []
[2025-01-29 13:22:02,438][__main__][INFO] - [16, 57], []
[2025-01-29 13:22:02,471][__main__][INFO] - [16, 58], []
[2025-01-29 13:22:02,504][__main__][INFO] - [16, 59], []
[2025-01-29 13:22:02,671][__main__][INFO] - [17, 20], []
[2025-01-29 13:22:02,886][__main__][INFO] - [17, 21], []
[2025-01-29 13:22:02,941][__main__][INFO] - [17, 22], []
[2025-01-29 13:22:02,991][__main__][INFO] - [17, 23], []
[2025-01-29 13:22:03,020][__main__][INFO] - [17, 24], []
[2025-01-29 13:22:03,043][__main__][INFO] - [17, 25], []
[2025-01-29 13:22:03,066][__main__][INFO] - [17, 26], []
[2025-01-29 13:22:03,160][__main__][INFO] - [17], [26]
[2025-01-29 13:22:03,387][__main__][INFO] - [17, 27], []
[2025-01-29 13:22:03,601][__main__][INFO] - [17, 28], []
[2025-01-29 13:22:03,636][__main__][INFO] - [17, 29], []
[2025-01-29 13:22:03,711][__main__][INFO] - [17, 30], []
[2025-01-29 13:22:03,734][__main__][INFO] - [17, 31], []
[2025-01-29 13:22:03,757][__main__][INFO] - [17, 32], []
[2025-01-29 13:22:04,015][__main__][INFO] - [17, 33], []
[2025-01-29 13:22:04,087][__main__][INFO] - [17, 35], []
[2025-01-29 13:22:04,130][__main__][INFO] - [17, 37], []
[2025-01-29 13:22:04,307][__main__][INFO] - [17, 38], []
[2025-01-29 13:22:04,390][__main__][INFO] - [17, 39], []
[2025-01-29 13:22:04,437][__main__][INFO] - [17, 40], []
[2025-01-29 13:22:04,462][__main__][INFO] - [17, 41], []
[2025-01-29 13:22:04,552][__main__][INFO] - [17], [41]
[2025-01-29 13:22:04,787][__main__][INFO] - [17, 42], []
[2025-01-29 13:22:04,831][__main__][INFO] - [17], [42]
[2025-01-29 13:22:05,122][__main__][INFO] - [17, 43], []
[2025-01-29 13:22:05,154][__main__][INFO] - [17], [43]
[2025-01-29 13:22:05,475][__main__][INFO] - [17, 44], []
[2025-01-29 13:22:05,763][__main__][INFO] - [17, 45], []
[2025-01-29 13:22:05,816][__main__][INFO] - [17, 47], []
[2025-01-29 13:22:06,164][__main__][INFO] - [17, 50], []
[2025-01-29 13:22:06,195][__main__][INFO] - [17, 51], []
[2025-01-29 13:22:06,227][__main__][INFO] - [17, 52], []
[2025-01-29 13:22:06,261][__main__][INFO] - [17, 53], []
[2025-01-29 13:22:06,296][__main__][INFO] - [17, 54], []
[2025-01-29 13:22:06,330][__main__][INFO] - [17, 55], []
[2025-01-29 13:22:06,364][__main__][INFO] - [17, 56], []
[2025-01-29 13:22:06,397][__main__][INFO] - [17, 57], []
[2025-01-29 13:22:06,429][__main__][INFO] - [17, 58], []
[2025-01-29 13:22:06,461][__main__][INFO] - [17, 59], []
[2025-01-29 13:22:06,595][__main__][INFO] - [18, 20], []
[2025-01-29 13:22:06,697][__main__][INFO] - [18, 21], []
[2025-01-29 13:22:06,719][__main__][INFO] - [18, 22], []
[2025-01-29 13:22:06,742][__main__][INFO] - [18, 23], []
[2025-01-29 13:22:06,770][__main__][INFO] - [18, 24], []
[2025-01-29 13:22:06,792][__main__][INFO] - [18, 25], []
[2025-01-29 13:22:06,815][__main__][INFO] - [18, 26], []
[2025-01-29 13:22:06,892][__main__][INFO] - [18], [26]
[2025-01-29 13:22:06,973][__main__][INFO] - [18, 27], []
[2025-01-29 13:22:07,076][__main__][INFO] - [18, 28], []
[2025-01-29 13:22:07,105][__main__][INFO] - [18, 29], []
[2025-01-29 13:22:07,151][__main__][INFO] - [18, 30], []
[2025-01-29 13:22:07,173][__main__][INFO] - [18, 31], []
[2025-01-29 13:22:07,195][__main__][INFO] - [18, 32], []
[2025-01-29 13:22:07,314][__main__][INFO] - [18, 33], []
[2025-01-29 13:22:07,370][__main__][INFO] - [18, 35], []
[2025-01-29 13:22:07,412][__main__][INFO] - [18, 37], []
[2025-01-29 13:22:07,505][__main__][INFO] - [18, 38], []
[2025-01-29 13:22:07,549][__main__][INFO] - [18, 39], []
[2025-01-29 13:22:07,586][__main__][INFO] - [18, 40], []
[2025-01-29 13:22:07,610][__main__][INFO] - [18, 41], []
[2025-01-29 13:22:07,664][__main__][INFO] - [18], [41]
[2025-01-29 13:22:07,774][__main__][INFO] - [18, 42], []
[2025-01-29 13:22:07,817][__main__][INFO] - [18], [42]
[2025-01-29 13:22:07,942][__main__][INFO] - [18, 43], []
[2025-01-29 13:22:07,972][__main__][INFO] - [18], [43]
[2025-01-29 13:22:08,116][__main__][INFO] - [18, 44], []
[2025-01-29 13:22:08,243][__main__][INFO] - [18, 45], []
[2025-01-29 13:22:08,294][__main__][INFO] - [18, 47], []
[2025-01-29 13:22:08,481][__main__][INFO] - [18, 50], []
[2025-01-29 13:22:08,510][__main__][INFO] - [18, 51], []
[2025-01-29 13:22:08,538][__main__][INFO] - [18, 52], []
[2025-01-29 13:22:08,568][__main__][INFO] - [18, 53], []
[2025-01-29 13:22:08,599][__main__][INFO] - [18, 54], []
[2025-01-29 13:22:08,628][__main__][INFO] - [18, 55], []
[2025-01-29 13:22:08,656][__main__][INFO] - [18, 56], []
[2025-01-29 13:22:08,684][__main__][INFO] - [18, 57], []
[2025-01-29 13:22:08,711][__main__][INFO] - [18, 58], []
[2025-01-29 13:22:08,737][__main__][INFO] - [18, 59], []
[2025-01-29 13:22:08,802][__main__][INFO] - [19, 20], []
[2025-01-29 13:22:08,869][__main__][INFO] - [19, 21], []
[2025-01-29 13:22:08,892][__main__][INFO] - [19, 22], []
[2025-01-29 13:22:08,915][__main__][INFO] - [19, 23], []
[2025-01-29 13:22:08,941][__main__][INFO] - [19, 24], []
[2025-01-29 13:22:08,979][__main__][INFO] - [19, 26], []
[2025-01-29 13:22:09,054][__main__][INFO] - [19], [26]
[2025-01-29 13:22:09,091][__main__][INFO] - [19, 27], []
[2025-01-29 13:22:09,160][__main__][INFO] - [19, 28], []
[2025-01-29 13:22:09,182][__main__][INFO] - [19, 29], []
[2025-01-29 13:22:09,217][__main__][INFO] - [19, 30], []
[2025-01-29 13:22:09,254][__main__][INFO] - [19, 32], []
[2025-01-29 13:22:09,324][__main__][INFO] - [19, 33], []
[2025-01-29 13:22:09,375][__main__][INFO] - [19, 35], []
[2025-01-29 13:22:09,415][__main__][INFO] - [19, 37], []
[2025-01-29 13:22:09,474][__main__][INFO] - [19, 38], []
[2025-01-29 13:22:09,507][__main__][INFO] - [19, 39], []
[2025-01-29 13:22:09,538][__main__][INFO] - [19, 40], []
[2025-01-29 13:22:09,564][__main__][INFO] - [19, 41], []
[2025-01-29 13:22:09,601][__main__][INFO] - [19], [41]
[2025-01-29 13:22:09,672][__main__][INFO] - [19, 42], []
[2025-01-29 13:22:09,716][__main__][INFO] - [19], [42]
[2025-01-29 13:22:09,775][__main__][INFO] - [19, 43], []
[2025-01-29 13:22:09,805][__main__][INFO] - [19], [43]
[2025-01-29 13:22:09,881][__main__][INFO] - [19, 44], []
[2025-01-29 13:22:09,945][__main__][INFO] - [19, 45], []
[2025-01-29 13:22:09,999][__main__][INFO] - [19, 47], []
[2025-01-29 13:22:10,120][__main__][INFO] - [19, 50], []
[2025-01-29 13:22:10,150][__main__][INFO] - [19, 51], []
[2025-01-29 13:22:10,176][__main__][INFO] - [19, 52], []
[2025-01-29 13:22:10,203][__main__][INFO] - [19, 53], []
[2025-01-29 13:22:10,230][__main__][INFO] - [19, 54], []
[2025-01-29 13:22:10,257][__main__][INFO] - [19, 55], []
[2025-01-29 13:22:10,282][__main__][INFO] - [19, 56], []
[2025-01-29 13:22:10,308][__main__][INFO] - [19, 57], []
[2025-01-29 13:22:10,332][__main__][INFO] - [19, 58], []
[2025-01-29 13:22:10,354][__main__][INFO] - [19, 59], []
[2025-01-29 13:22:10,402][__main__][INFO] - [20, 26], []
[2025-01-29 13:22:10,895][__main__][INFO] - [20], [26]
[2025-01-29 13:22:13,335][__main__][INFO] - [20, 27], []
[2025-01-29 13:22:17,047][__main__][INFO] - [20, 28], []
[2025-01-29 13:22:17,070][__main__][INFO] - [20, 29], []
[2025-01-29 13:22:17,108][__main__][INFO] - [20, 31], []
[2025-01-29 13:22:17,135][__main__][INFO] - [20, 32], []
[2025-01-29 13:22:19,125][__main__][INFO] - [20, 33], []
[2025-01-29 13:22:19,277][__main__][INFO] - [20, 34], []
[2025-01-29 13:22:19,307][__main__][INFO] - [20, 35], []
[2025-01-29 13:22:19,344][__main__][INFO] - [20, 36], []
[2025-01-29 13:22:19,881][__main__][INFO] - [20, 37], []
[2025-01-29 13:22:21,176][__main__][INFO] - [20, 38], []
[2025-01-29 13:22:21,878][__main__][INFO] - [20, 39], []
[2025-01-29 13:22:22,244][__main__][INFO] - [20, 40], []
[2025-01-29 13:22:22,295][__main__][INFO] - [20, 41], []
[2025-01-29 13:22:22,318][__main__][INFO] - [20], [41]
[2025-01-29 13:22:26,018][__main__][INFO] - [20, 42], []
[2025-01-29 13:22:26,139][__main__][INFO] - [20], [42]
[2025-01-29 13:22:29,434][__main__][INFO] - [20, 43], []
[2025-01-29 13:22:29,509][__main__][INFO] - [20], [43]
[2025-01-29 13:22:32,920][__main__][INFO] - [20, 44], []
[2025-01-29 13:22:35,729][__main__][INFO] - [20, 45], []
[2025-01-29 13:22:35,878][__main__][INFO] - [20, 46], []
[2025-01-29 13:22:36,010][__main__][INFO] - [20, 47], []
[2025-01-29 13:22:38,556][__main__][INFO] - [20, 48], []
[2025-01-29 13:22:39,077][__main__][INFO] - [20, 49], []
[2025-01-29 13:22:39,116][__main__][INFO] - [20, 50], []
[2025-01-29 13:22:39,281][__main__][INFO] - [20, 51], []
[2025-01-29 13:22:39,386][__main__][INFO] - [20, 52], []
[2025-01-29 13:22:39,507][__main__][INFO] - [20, 53], []
[2025-01-29 13:22:39,642][__main__][INFO] - [20, 54], []
[2025-01-29 13:22:39,766][__main__][INFO] - [20, 55], []
[2025-01-29 13:22:39,881][__main__][INFO] - [20, 56], []
[2025-01-29 13:22:39,992][__main__][INFO] - [20, 57], []
[2025-01-29 13:22:40,094][__main__][INFO] - [20, 58], []
[2025-01-29 13:22:40,185][__main__][INFO] - [20, 59], []
[2025-01-29 13:22:40,975][__main__][INFO] - [21, 26], []
[2025-01-29 13:22:41,027][__main__][INFO] - [21], [26]
[2025-01-29 13:22:41,316][__main__][INFO] - [21, 28], []
[2025-01-29 13:22:41,411][__main__][INFO] - [21, 29], []
[2025-01-29 13:22:41,609][__main__][INFO] - [21, 30], []
[2025-01-29 13:22:41,657][__main__][INFO] - [21, 32], []
[2025-01-29 13:22:41,943][__main__][INFO] - [21, 33], []
[2025-01-29 13:22:41,970][__main__][INFO] - [21, 34], []
[2025-01-29 13:22:41,993][__main__][INFO] - [21, 35], []
[2025-01-29 13:22:42,014][__main__][INFO] - [21, 36], []
[2025-01-29 13:22:42,048][__main__][INFO] - [21, 37], []
[2025-01-29 13:22:42,294][__main__][INFO] - [21, 38], []
[2025-01-29 13:22:42,327][__main__][INFO] - [21, 39], []
[2025-01-29 13:22:42,379][__main__][INFO] - [21, 40], []
[2025-01-29 13:22:42,402][__main__][INFO] - [21, 41], []
[2025-01-29 13:22:42,703][__main__][INFO] - [21], [41]
[2025-01-29 13:22:42,735][__main__][INFO] - [21, 42], []
[2025-01-29 13:22:42,758][__main__][INFO] - [21], [42]
[2025-01-29 13:22:43,048][__main__][INFO] - [21, 43], []
[2025-01-29 13:22:43,070][__main__][INFO] - [21], [43]
[2025-01-29 13:22:43,367][__main__][INFO] - [21, 44], []
[2025-01-29 13:22:43,660][__main__][INFO] - [21, 45], []
[2025-01-29 13:22:43,692][__main__][INFO] - [21, 46], []
[2025-01-29 13:22:43,717][__main__][INFO] - [21, 47], []
[2025-01-29 13:22:43,942][__main__][INFO] - [21, 48], []
[2025-01-29 13:22:44,029][__main__][INFO] - [21, 49], []
[2025-01-29 13:22:44,056][__main__][INFO] - [21, 50], []
[2025-01-29 13:22:44,092][__main__][INFO] - [21, 51], []
[2025-01-29 13:22:44,124][__main__][INFO] - [21, 52], []
[2025-01-29 13:22:44,158][__main__][INFO] - [21, 53], []
[2025-01-29 13:22:44,192][__main__][INFO] - [21, 54], []
[2025-01-29 13:22:44,215][__main__][INFO] - [21, 55], []
[2025-01-29 13:22:44,246][__main__][INFO] - [21, 56], []
[2025-01-29 13:22:44,279][__main__][INFO] - [21, 57], []
[2025-01-29 13:22:44,311][__main__][INFO] - [21, 58], []
[2025-01-29 13:22:44,334][__main__][INFO] - [21, 59], []
[2025-01-29 13:22:44,476][__main__][INFO] - [22, 26], []
[2025-01-29 13:22:44,535][__main__][INFO] - [22], [26]
[2025-01-29 13:22:44,843][__main__][INFO] - [22, 28], []
[2025-01-29 13:22:45,024][__main__][INFO] - [22, 29], []
[2025-01-29 13:22:45,170][__main__][INFO] - [22, 30], []
[2025-01-29 13:22:45,218][__main__][INFO] - [22, 32], []
[2025-01-29 13:22:45,558][__main__][INFO] - [22, 33], []
[2025-01-29 13:22:45,584][__main__][INFO] - [22, 34], []
[2025-01-29 13:22:45,607][__main__][INFO] - [22, 35], []
[2025-01-29 13:22:45,630][__main__][INFO] - [22, 36], []
[2025-01-29 13:22:45,663][__main__][INFO] - [22, 37], []
[2025-01-29 13:22:45,945][__main__][INFO] - [22, 38], []
[2025-01-29 13:22:46,005][__main__][INFO] - [22, 39], []
[2025-01-29 13:22:46,066][__main__][INFO] - [22, 40], []
[2025-01-29 13:22:46,088][__main__][INFO] - [22, 41], []
[2025-01-29 13:22:46,419][__main__][INFO] - [22], [41]
[2025-01-29 13:22:46,451][__main__][INFO] - [22, 42], []
[2025-01-29 13:22:46,483][__main__][INFO] - [22], [42]
[2025-01-29 13:22:46,821][__main__][INFO] - [22, 43], []
[2025-01-29 13:22:46,850][__main__][INFO] - [22], [43]
[2025-01-29 13:22:47,196][__main__][INFO] - [22, 44], []
[2025-01-29 13:22:47,516][__main__][INFO] - [22, 45], []
[2025-01-29 13:22:47,538][__main__][INFO] - [22, 46], []
[2025-01-29 13:22:47,563][__main__][INFO] - [22, 47], []
[2025-01-29 13:22:47,813][__main__][INFO] - [22, 48], []
[2025-01-29 13:22:47,908][__main__][INFO] - [22, 49], []
[2025-01-29 13:22:47,934][__main__][INFO] - [22, 50], []
[2025-01-29 13:22:47,973][__main__][INFO] - [22, 51], []
[2025-01-29 13:22:48,015][__main__][INFO] - [22, 52], []
[2025-01-29 13:22:48,063][__main__][INFO] - [22, 53], []
[2025-01-29 13:22:48,112][__main__][INFO] - [22, 54], []
[2025-01-29 13:22:48,157][__main__][INFO] - [22, 55], []
[2025-01-29 13:22:48,199][__main__][INFO] - [22, 56], []
[2025-01-29 13:22:48,237][__main__][INFO] - [22, 57], []
[2025-01-29 13:22:48,272][__main__][INFO] - [22, 58], []
[2025-01-29 13:22:48,304][__main__][INFO] - [22, 59], []
[2025-01-29 13:22:48,383][__main__][INFO] - [23, 26], []
[2025-01-29 13:22:48,414][__main__][INFO] - [23], [26]
[2025-01-29 13:22:48,497][__main__][INFO] - [23, 28], []
[2025-01-29 13:22:48,534][__main__][INFO] - [23, 29], []
[2025-01-29 13:22:48,586][__main__][INFO] - [23, 30], []
[2025-01-29 13:22:48,631][__main__][INFO] - [23, 32], []
[2025-01-29 13:22:48,704][__main__][INFO] - [23, 33], []
[2025-01-29 13:22:48,745][__main__][INFO] - [23, 35], []
[2025-01-29 13:22:48,767][__main__][INFO] - [23, 36], []
[2025-01-29 13:22:48,793][__main__][INFO] - [23, 37], []
[2025-01-29 13:22:48,853][__main__][INFO] - [23, 38], []
[2025-01-29 13:22:48,882][__main__][INFO] - [23, 39], []
[2025-01-29 13:22:48,910][__main__][INFO] - [23, 40], []
[2025-01-29 13:22:48,933][__main__][INFO] - [23, 41], []
[2025-01-29 13:22:49,002][__main__][INFO] - [23], [41]
[2025-01-29 13:22:49,031][__main__][INFO] - [23, 42], []
[2025-01-29 13:22:49,056][__main__][INFO] - [23], [42]
[2025-01-29 13:22:49,132][__main__][INFO] - [23, 43], []
[2025-01-29 13:22:49,157][__main__][INFO] - [23], [43]
[2025-01-29 13:22:49,233][__main__][INFO] - [23, 44], []
[2025-01-29 13:22:49,308][__main__][INFO] - [23, 45], []
[2025-01-29 13:22:49,334][__main__][INFO] - [23, 46], []
[2025-01-29 13:22:49,356][__main__][INFO] - [23, 47], []
[2025-01-29 13:22:49,426][__main__][INFO] - [23, 48], []
[2025-01-29 13:22:49,458][__main__][INFO] - [23, 49], []
[2025-01-29 13:22:49,480][__main__][INFO] - [23, 50], []
[2025-01-29 13:22:49,505][__main__][INFO] - [23, 51], []
[2025-01-29 13:22:49,529][__main__][INFO] - [23, 52], []
[2025-01-29 13:22:49,551][__main__][INFO] - [23, 53], []
[2025-01-29 13:22:49,576][__main__][INFO] - [23, 54], []
[2025-01-29 13:22:49,601][__main__][INFO] - [23, 55], []
[2025-01-29 13:22:49,627][__main__][INFO] - [23, 56], []
[2025-01-29 13:22:49,652][__main__][INFO] - [23, 57], []
[2025-01-29 13:22:49,677][__main__][INFO] - [23, 58], []
[2025-01-29 13:22:49,702][__main__][INFO] - [23, 59], []
[2025-01-29 13:22:49,761][__main__][INFO] - [24, 26], []
[2025-01-29 13:22:49,784][__main__][INFO] - [24], [26]
[2025-01-29 13:22:49,831][__main__][INFO] - [24, 28], []
[2025-01-29 13:22:49,853][__main__][INFO] - [24, 29], []
[2025-01-29 13:22:49,882][__main__][INFO] - [24, 30], []
[2025-01-29 13:22:49,920][__main__][INFO] - [24, 32], []
[2025-01-29 13:22:49,943][__main__][INFO] - [24, 33], []
[2025-01-29 13:22:49,997][__main__][INFO] - [24, 36], []
[2025-01-29 13:22:50,019][__main__][INFO] - [24, 37], []
[2025-01-29 13:22:50,048][__main__][INFO] - [24, 38], []
[2025-01-29 13:22:50,070][__main__][INFO] - [24, 39], []
[2025-01-29 13:22:50,108][__main__][INFO] - [24, 41], []
[2025-01-29 13:22:50,139][__main__][INFO] - [24], [41]
[2025-01-29 13:22:50,162][__main__][INFO] - [24, 42], []
[2025-01-29 13:22:50,184][__main__][INFO] - [24], [42]
[2025-01-29 13:22:50,216][__main__][INFO] - [24, 43], []
[2025-01-29 13:22:50,239][__main__][INFO] - [24], [43]
[2025-01-29 13:22:50,271][__main__][INFO] - [24, 44], []
[2025-01-29 13:22:50,303][__main__][INFO] - [24, 45], []
[2025-01-29 13:22:50,341][__main__][INFO] - [24, 47], []
[2025-01-29 13:22:50,372][__main__][INFO] - [24, 48], []
[2025-01-29 13:22:50,394][__main__][INFO] - [24, 49], []
[2025-01-29 13:22:50,417][__main__][INFO] - [24, 50], []
[2025-01-29 13:22:50,439][__main__][INFO] - [24, 51], []
[2025-01-29 13:22:50,462][__main__][INFO] - [24, 52], []
[2025-01-29 13:22:50,485][__main__][INFO] - [24, 53], []
[2025-01-29 13:22:50,507][__main__][INFO] - [24, 54], []
[2025-01-29 13:22:50,531][__main__][INFO] - [24, 55], []
[2025-01-29 13:22:50,553][__main__][INFO] - [24, 56], []
[2025-01-29 13:22:50,574][__main__][INFO] - [24, 57], []
[2025-01-29 13:22:50,596][__main__][INFO] - [24, 58], []
[2025-01-29 13:22:50,618][__main__][INFO] - [24, 59], []
[2025-01-29 13:22:50,656][__main__][INFO] - [25, 26], []
[2025-01-29 13:22:50,678][__main__][INFO] - [25], [26]
[2025-01-29 13:22:50,721][__main__][INFO] - [25, 28], []
[2025-01-29 13:22:50,744][__main__][INFO] - [25, 29], []
[2025-01-29 13:22:50,769][__main__][INFO] - [25, 30], []
[2025-01-29 13:22:50,807][__main__][INFO] - [25, 32], []
[2025-01-29 13:22:50,882][__main__][INFO] - [25, 36], []
[2025-01-29 13:22:50,905][__main__][INFO] - [25, 37], []
[2025-01-29 13:22:50,931][__main__][INFO] - [25, 38], []
[2025-01-29 13:22:50,954][__main__][INFO] - [25, 39], []
[2025-01-29 13:22:50,992][__main__][INFO] - [25, 41], []
[2025-01-29 13:22:51,019][__main__][INFO] - [25], [41]
[2025-01-29 13:22:51,042][__main__][INFO] - [25, 42], []
[2025-01-29 13:22:51,064][__main__][INFO] - [25], [42]
[2025-01-29 13:22:51,090][__main__][INFO] - [25, 43], []
[2025-01-29 13:22:51,112][__main__][INFO] - [25], [43]
[2025-01-29 13:22:51,138][__main__][INFO] - [25, 44], []
[2025-01-29 13:22:51,165][__main__][INFO] - [25, 45], []
[2025-01-29 13:22:51,203][__main__][INFO] - [25, 47], []
[2025-01-29 13:22:51,229][__main__][INFO] - [25, 48], []
[2025-01-29 13:22:51,268][__main__][INFO] - [25, 50], []
[2025-01-29 13:22:51,290][__main__][INFO] - [25, 51], []
[2025-01-29 13:22:51,313][__main__][INFO] - [25, 52], []
[2025-01-29 13:22:51,335][__main__][INFO] - [25, 53], []
[2025-01-29 13:22:51,358][__main__][INFO] - [25, 54], []
[2025-01-29 13:22:51,380][__main__][INFO] - [25, 55], []
[2025-01-29 13:22:51,403][__main__][INFO] - [25, 56], []
[2025-01-29 13:22:51,426][__main__][INFO] - [25, 57], []
[2025-01-29 13:22:51,448][__main__][INFO] - [25, 58], []
[2025-01-29 13:22:51,471][__main__][INFO] - [25, 59], []
[2025-01-29 13:22:51,511][__main__][INFO] - [26, 27], []
[2025-01-29 13:22:52,002][__main__][INFO] - [26, 28], []
[2025-01-29 13:22:52,048][__main__][INFO] - [26, 29], []
[2025-01-29 13:22:52,122][__main__][INFO] - [26, 30], []
[2025-01-29 13:22:52,147][__main__][INFO] - [26, 31], []
[2025-01-29 13:22:52,169][__main__][INFO] - [26, 32], []
[2025-01-29 13:22:52,672][__main__][INFO] - [26, 33], []
[2025-01-29 13:22:52,739][__main__][INFO] - [26, 34], []
[2025-01-29 13:22:52,762][__main__][INFO] - [26, 35], []
[2025-01-29 13:22:52,788][__main__][INFO] - [26, 36], []
[2025-01-29 13:22:52,828][__main__][INFO] - [26, 37], []
[2025-01-29 13:22:53,149][__main__][INFO] - [26, 38], []
[2025-01-29 13:22:53,263][__main__][INFO] - [26, 39], []
[2025-01-29 13:22:53,341][__main__][INFO] - [26, 40], []
[2025-01-29 13:22:53,368][__main__][INFO] - [26, 41], []
[2025-01-29 13:22:53,468][__main__][INFO] - [26], [41]
[2025-01-29 13:22:54,003][__main__][INFO] - [26, 42], []
[2025-01-29 13:22:54,174][__main__][INFO] - [26], [42]
[2025-01-29 13:22:54,585][__main__][INFO] - [26, 43], []
[2025-01-29 13:22:54,685][__main__][INFO] - [26], [43]
[2025-01-29 13:22:55,205][__main__][INFO] - [26, 44], []
[2025-01-29 13:22:55,565][__main__][INFO] - [26, 45], []
[2025-01-29 13:22:55,756][__main__][INFO] - [26, 46], []
[2025-01-29 13:22:55,780][__main__][INFO] - [26, 47], []
[2025-01-29 13:22:56,414][__main__][INFO] - [26, 48], []
[2025-01-29 13:22:56,470][__main__][INFO] - [26, 49], []
[2025-01-29 13:22:56,494][__main__][INFO] - [26, 50], []
[2025-01-29 13:22:56,560][__main__][INFO] - [26, 51], []
[2025-01-29 13:22:56,609][__main__][INFO] - [26, 52], []
[2025-01-29 13:22:56,659][__main__][INFO] - [26, 53], []
[2025-01-29 13:22:56,707][__main__][INFO] - [26, 54], []
[2025-01-29 13:22:56,752][__main__][INFO] - [26, 55], []
[2025-01-29 13:22:56,792][__main__][INFO] - [26, 56], []
[2025-01-29 13:22:56,830][__main__][INFO] - [26, 57], []
[2025-01-29 13:22:56,866][__main__][INFO] - [26, 58], []
[2025-01-29 13:22:56,901][__main__][INFO] - [26, 59], []
[2025-01-29 13:22:57,014][__main__][INFO] - [27], [26]
[2025-01-29 13:22:59,409][__main__][INFO] - [28], [26]
[2025-01-29 13:22:59,681][__main__][INFO] - [29], [26]
[2025-01-29 13:23:00,030][__main__][INFO] - [30], [26]
[2025-01-29 13:23:00,079][__main__][INFO] - [31], [26]
[2025-01-29 13:23:00,105][__main__][INFO] - [32], [26]
[2025-01-29 13:23:02,506][__main__][INFO] - [33], [26]
[2025-01-29 13:23:02,615][__main__][INFO] - [34], [26]
[2025-01-29 13:23:02,645][__main__][INFO] - [35], [26]
[2025-01-29 13:23:02,680][__main__][INFO] - [36], [26]
[2025-01-29 13:23:03,234][__main__][INFO] - [37], [26]
[2025-01-29 13:23:05,018][__main__][INFO] - [38], [26]
[2025-01-29 13:23:05,622][__main__][INFO] - [39], [26]
[2025-01-29 13:23:06,020][__main__][INFO] - [40], [26]
[2025-01-29 13:23:06,067][__main__][INFO] - [41], [26]
[2025-01-29 13:23:06,721][__main__][INFO] - [], [26, 41]
[2025-01-29 13:23:09,165][__main__][INFO] - [], [26, 42]
[2025-01-29 13:23:13,132][__main__][INFO] - [], [26, 43]
[2025-01-29 13:23:16,894][__main__][INFO] - [44], [26]
[2025-01-29 13:23:20,588][__main__][INFO] - [46], [26]
[2025-01-29 13:23:20,737][__main__][INFO] - [47], [26]
[2025-01-29 13:23:23,251][__main__][INFO] - [48], [26]
[2025-01-29 13:23:23,865][__main__][INFO] - [49], [26]
[2025-01-29 13:23:23,913][__main__][INFO] - [50], [26]
[2025-01-29 13:23:24,093][__main__][INFO] - [51], [26]
[2025-01-29 13:23:24,224][__main__][INFO] - [52], [26]
[2025-01-29 13:23:24,383][__main__][INFO] - [53], [26]
[2025-01-29 13:23:24,548][__main__][INFO] - [54], [26]
[2025-01-29 13:23:24,691][__main__][INFO] - [55], [26]
[2025-01-29 13:23:24,828][__main__][INFO] - [56], [26]
[2025-01-29 13:23:24,960][__main__][INFO] - [57], [26]
[2025-01-29 13:23:25,082][__main__][INFO] - [58], [26]
[2025-01-29 13:23:25,189][__main__][INFO] - [59], [26]
[2025-01-29 13:23:26,170][__main__][INFO] - [27, 32], []
[2025-01-29 13:23:28,121][__main__][INFO] - [27, 33], []
[2025-01-29 13:23:28,273][__main__][INFO] - [27, 34], []
[2025-01-29 13:23:28,303][__main__][INFO] - [27, 35], []
[2025-01-29 13:23:28,340][__main__][INFO] - [27, 36], []
[2025-01-29 13:23:28,872][__main__][INFO] - [27, 37], []
[2025-01-29 13:23:30,190][__main__][INFO] - [27, 38], []
[2025-01-29 13:23:30,905][__main__][INFO] - [27, 39], []
[2025-01-29 13:23:31,263][__main__][INFO] - [27, 40], []
[2025-01-29 13:23:31,329][__main__][INFO] - [27], [41]
[2025-01-29 13:23:35,181][__main__][INFO] - [27, 42], []
[2025-01-29 13:23:35,322][__main__][INFO] - [27], [42]
[2025-01-29 13:23:38,556][__main__][INFO] - [27, 43], []
[2025-01-29 13:23:38,630][__main__][INFO] - [27], [43]
[2025-01-29 13:23:42,042][__main__][INFO] - [27, 44], []
[2025-01-29 13:23:44,746][__main__][INFO] - [27, 45], []
[2025-01-29 13:23:44,893][__main__][INFO] - [27, 46], []
[2025-01-29 13:23:45,026][__main__][INFO] - [27, 47], []
[2025-01-29 13:23:47,682][__main__][INFO] - [27, 48], []
[2025-01-29 13:23:48,159][__main__][INFO] - [27, 49], []
[2025-01-29 13:23:48,197][__main__][INFO] - [27, 50], []
[2025-01-29 13:23:48,361][__main__][INFO] - [27, 51], []
[2025-01-29 13:23:48,472][__main__][INFO] - [27, 52], []
[2025-01-29 13:23:48,591][__main__][INFO] - [27, 53], []
[2025-01-29 13:23:48,722][__main__][INFO] - [27, 54], []
[2025-01-29 13:23:48,843][__main__][INFO] - [27, 55], []
[2025-01-29 13:23:48,966][__main__][INFO] - [27, 56], []
[2025-01-29 13:23:49,074][__main__][INFO] - [27, 57], []
[2025-01-29 13:23:49,178][__main__][INFO] - [27, 58], []
[2025-01-29 13:23:49,270][__main__][INFO] - [27, 59], []
[2025-01-29 13:23:50,066][__main__][INFO] - [28, 32], []
[2025-01-29 13:23:50,340][__main__][INFO] - [28, 33], []
[2025-01-29 13:23:50,380][__main__][INFO] - [28, 35], []
[2025-01-29 13:23:50,403][__main__][INFO] - [28, 36], []
[2025-01-29 13:23:50,426][__main__][INFO] - [28, 37], []
[2025-01-29 13:23:50,661][__main__][INFO] - [28, 38], []
[2025-01-29 13:23:50,692][__main__][INFO] - [28, 39], []
[2025-01-29 13:23:50,739][__main__][INFO] - [28, 40], []
[2025-01-29 13:23:50,762][__main__][INFO] - [28, 41], []
[2025-01-29 13:23:51,065][__main__][INFO] - [28, 42], []
[2025-01-29 13:23:51,088][__main__][INFO] - [28], [42]
[2025-01-29 13:23:51,369][__main__][INFO] - [28, 43], []
[2025-01-29 13:23:51,397][__main__][INFO] - [28], [43]
[2025-01-29 13:23:51,680][__main__][INFO] - [28, 44], []
[2025-01-29 13:23:51,952][__main__][INFO] - [28, 45], []
[2025-01-29 13:23:51,975][__main__][INFO] - [28, 46], []
[2025-01-29 13:23:51,998][__main__][INFO] - [28, 47], []
[2025-01-29 13:23:52,191][__main__][INFO] - [28, 48], []
[2025-01-29 13:23:52,289][__main__][INFO] - [28, 49], []
[2025-01-29 13:23:52,316][__main__][INFO] - [28, 50], []
[2025-01-29 13:23:52,357][__main__][INFO] - [28, 51], []
[2025-01-29 13:23:52,395][__main__][INFO] - [28, 52], []
[2025-01-29 13:23:52,437][__main__][INFO] - [28, 53], []
[2025-01-29 13:23:52,479][__main__][INFO] - [28, 54], []
[2025-01-29 13:23:52,517][__main__][INFO] - [28, 55], []
[2025-01-29 13:23:52,552][__main__][INFO] - [28, 56], []
[2025-01-29 13:23:52,585][__main__][INFO] - [28, 57], []
[2025-01-29 13:23:52,616][__main__][INFO] - [28, 58], []
[2025-01-29 13:23:52,645][__main__][INFO] - [28, 59], []
[2025-01-29 13:23:52,724][__main__][INFO] - [29, 32], []
[2025-01-29 13:23:53,103][__main__][INFO] - [29, 33], []
[2025-01-29 13:23:53,133][__main__][INFO] - [29, 34], []
[2025-01-29 13:23:53,157][__main__][INFO] - [29, 35], []
[2025-01-29 13:23:53,181][__main__][INFO] - [29, 36], []
[2025-01-29 13:23:53,210][__main__][INFO] - [29, 37], []
[2025-01-29 13:23:53,514][__main__][INFO] - [29, 38], []
[2025-01-29 13:23:53,553][__main__][INFO] - [29, 39], []
[2025-01-29 13:23:53,613][__main__][INFO] - [29, 40], []
[2025-01-29 13:23:53,636][__main__][INFO] - [29, 41], []
[2025-01-29 13:23:54,055][__main__][INFO] - [29, 42], []
[2025-01-29 13:23:54,091][__main__][INFO] - [29], [42]
[2025-01-29 13:23:54,460][__main__][INFO] - [29, 43], []
[2025-01-29 13:23:54,491][__main__][INFO] - [29], [43]
[2025-01-29 13:23:54,878][__main__][INFO] - [29, 44], []
[2025-01-29 13:23:55,253][__main__][INFO] - [29, 45], []
[2025-01-29 13:23:55,290][__main__][INFO] - [29, 46], []
[2025-01-29 13:23:55,314][__main__][INFO] - [29, 47], []
[2025-01-29 13:23:55,627][__main__][INFO] - [29, 48], []
[2025-01-29 13:23:55,713][__main__][INFO] - [29, 49], []
[2025-01-29 13:23:55,739][__main__][INFO] - [29, 50], []
[2025-01-29 13:23:55,773][__main__][INFO] - [29, 51], []
[2025-01-29 13:23:55,809][__main__][INFO] - [29, 52], []
[2025-01-29 13:23:55,849][__main__][INFO] - [29, 53], []
[2025-01-29 13:23:55,889][__main__][INFO] - [29, 54], []
[2025-01-29 13:23:55,928][__main__][INFO] - [29, 55], []
[2025-01-29 13:23:55,966][__main__][INFO] - [29, 56], []
[2025-01-29 13:23:56,003][__main__][INFO] - [29, 57], []
[2025-01-29 13:23:56,039][__main__][INFO] - [29, 58], []
[2025-01-29 13:23:56,073][__main__][INFO] - [29, 59], []
[2025-01-29 13:23:56,228][__main__][INFO] - [30, 32], []
[2025-01-29 13:23:56,269][__main__][INFO] - [30, 33], []
[2025-01-29 13:23:56,293][__main__][INFO] - [30, 34], []
[2025-01-29 13:23:56,316][__main__][INFO] - [30, 35], []
[2025-01-29 13:23:56,339][__main__][INFO] - [30, 36], []
[2025-01-29 13:23:56,368][__main__][INFO] - [30, 37], []
[2025-01-29 13:23:56,402][__main__][INFO] - [30, 38], []
[2025-01-29 13:23:56,430][__main__][INFO] - [30, 39], []
[2025-01-29 13:23:56,459][__main__][INFO] - [30, 40], []
[2025-01-29 13:23:56,497][__main__][INFO] - [30], [41]
[2025-01-29 13:23:56,548][__main__][INFO] - [30, 42], []
[2025-01-29 13:23:56,572][__main__][INFO] - [30], [42]
[2025-01-29 13:23:56,623][__main__][INFO] - [30, 43], []
[2025-01-29 13:23:56,646][__main__][INFO] - [30], [43]
[2025-01-29 13:23:56,697][__main__][INFO] - [30, 44], []
[2025-01-29 13:23:56,746][__main__][INFO] - [30, 45], []
[2025-01-29 13:23:56,770][__main__][INFO] - [30, 46], []
[2025-01-29 13:23:56,794][__main__][INFO] - [30, 47], []
[2025-01-29 13:23:56,838][__main__][INFO] - [30, 48], []
[2025-01-29 13:23:56,867][__main__][INFO] - [30, 49], []
[2025-01-29 13:23:56,891][__main__][INFO] - [30, 50], []
[2025-01-29 13:23:56,915][__main__][INFO] - [30, 51], []
[2025-01-29 13:23:56,939][__main__][INFO] - [30, 52], []
[2025-01-29 13:23:56,964][__main__][INFO] - [30, 53], []
[2025-01-29 13:23:56,988][__main__][INFO] - [30, 54], []
[2025-01-29 13:23:57,011][__main__][INFO] - [30, 55], []
[2025-01-29 13:23:57,035][__main__][INFO] - [30, 56], []
[2025-01-29 13:23:57,060][__main__][INFO] - [30, 57], []
[2025-01-29 13:23:57,082][__main__][INFO] - [30, 58], []
[2025-01-29 13:23:57,106][__main__][INFO] - [30, 59], []
[2025-01-29 13:23:57,153][__main__][INFO] - [31, 32], []
[2025-01-29 13:23:57,179][__main__][INFO] - [31, 33], []
[2025-01-29 13:23:57,233][__main__][INFO] - [31, 36], []
[2025-01-29 13:23:57,256][__main__][INFO] - [31, 37], []
[2025-01-29 13:23:57,281][__main__][INFO] - [31, 38], []
[2025-01-29 13:23:57,303][__main__][INFO] - [31, 39], []
[2025-01-29 13:23:57,359][__main__][INFO] - [31], [41]
[2025-01-29 13:23:57,385][__main__][INFO] - [31, 42], []
[2025-01-29 13:23:57,408][__main__][INFO] - [31], [42]
[2025-01-29 13:23:57,434][__main__][INFO] - [31, 43], []
[2025-01-29 13:23:57,457][__main__][INFO] - [31], [43]
[2025-01-29 13:23:57,483][__main__][INFO] - [31, 44], []
[2025-01-29 13:23:57,509][__main__][INFO] - [31, 45], []
[2025-01-29 13:23:57,546][__main__][INFO] - [31, 47], []
[2025-01-29 13:23:57,570][__main__][INFO] - [31, 48], []
[2025-01-29 13:23:57,610][__main__][INFO] - [31, 50], []
[2025-01-29 13:23:57,632][__main__][INFO] - [31, 51], []
[2025-01-29 13:23:57,655][__main__][INFO] - [31, 52], []
[2025-01-29 13:23:57,678][__main__][INFO] - [31, 53], []
[2025-01-29 13:23:57,700][__main__][INFO] - [31, 54], []
[2025-01-29 13:23:57,723][__main__][INFO] - [31, 55], []
[2025-01-29 13:23:57,745][__main__][INFO] - [31, 56], []
[2025-01-29 13:23:57,768][__main__][INFO] - [31, 57], []
[2025-01-29 13:23:57,790][__main__][INFO] - [31, 58], []
[2025-01-29 13:23:57,813][__main__][INFO] - [31, 59], []
[2025-01-29 13:23:57,852][__main__][INFO] - [32, 37], []
[2025-01-29 13:23:59,440][__main__][INFO] - [32, 38], []
[2025-01-29 13:23:59,942][__main__][INFO] - [32, 39], []
[2025-01-29 13:24:00,277][__main__][INFO] - [32, 40], []
[2025-01-29 13:24:00,321][__main__][INFO] - [32, 41], []
[2025-01-29 13:24:01,000][__main__][INFO] - [32], [41]
[2025-01-29 13:24:03,078][__main__][INFO] - [32, 42], []
[2025-01-29 13:24:03,187][__main__][INFO] - [32], [42]
[2025-01-29 13:24:06,382][__main__][INFO] - [32, 43], []
[2025-01-29 13:24:06,463][__main__][INFO] - [32], [43]
[2025-01-29 13:24:09,667][__main__][INFO] - [32, 44], []
[2025-01-29 13:24:12,684][__main__][INFO] - [32, 45], []
[2025-01-29 13:24:12,845][__main__][INFO] - [32, 47], []
[2025-01-29 13:24:15,113][__main__][INFO] - [32, 48], []
[2025-01-29 13:24:15,729][__main__][INFO] - [32, 49], []
[2025-01-29 13:24:15,775][__main__][INFO] - [32, 50], []
[2025-01-29 13:24:15,941][__main__][INFO] - [32, 51], []
[2025-01-29 13:24:16,049][__main__][INFO] - [32, 52], []
[2025-01-29 13:24:16,174][__main__][INFO] - [32, 53], []
[2025-01-29 13:24:16,312][__main__][INFO] - [32, 54], []
[2025-01-29 13:24:16,443][__main__][INFO] - [32, 55], []
[2025-01-29 13:24:16,561][__main__][INFO] - [32, 56], []
[2025-01-29 13:24:16,673][__main__][INFO] - [32, 57], []
[2025-01-29 13:24:16,775][__main__][INFO] - [32, 58], []
[2025-01-29 13:24:16,867][__main__][INFO] - [32, 59], []
[2025-01-29 13:24:17,672][__main__][INFO] - [33, 37], []
[2025-01-29 13:24:17,758][__main__][INFO] - [33, 38], []
[2025-01-29 13:24:17,811][__main__][INFO] - [33, 39], []
[2025-01-29 13:24:17,849][__main__][INFO] - [33, 40], []
[2025-01-29 13:24:17,873][__main__][INFO] - [33, 41], []
[2025-01-29 13:24:17,905][__main__][INFO] - [33], [41]
[2025-01-29 13:24:18,063][__main__][INFO] - [33, 42], []
[2025-01-29 13:24:18,106][__main__][INFO] - [33], [42]
[2025-01-29 13:24:18,250][__main__][INFO] - [33, 43], []
[2025-01-29 13:24:18,278][__main__][INFO] - [33], [43]
[2025-01-29 13:24:18,441][__main__][INFO] - [33, 44], []
[2025-01-29 13:24:18,598][__main__][INFO] - [33, 45], []
[2025-01-29 13:24:18,647][__main__][INFO] - [33, 47], []
[2025-01-29 13:24:18,817][__main__][INFO] - [33, 48], []
[2025-01-29 13:24:18,843][__main__][INFO] - [33, 49], []
[2025-01-29 13:24:18,867][__main__][INFO] - [33, 50], []
[2025-01-29 13:24:18,895][__main__][INFO] - [33, 51], []
[2025-01-29 13:24:18,920][__main__][INFO] - [33, 52], []
[2025-01-29 13:24:18,946][__main__][INFO] - [33, 53], []
[2025-01-29 13:24:18,974][__main__][INFO] - [33, 54], []
[2025-01-29 13:24:19,002][__main__][INFO] - [33, 55], []
[2025-01-29 13:24:19,030][__main__][INFO] - [33, 56], []
[2025-01-29 13:24:19,059][__main__][INFO] - [33, 57], []
[2025-01-29 13:24:19,087][__main__][INFO] - [33, 58], []
[2025-01-29 13:24:19,115][__main__][INFO] - [33, 59], []
[2025-01-29 13:24:19,195][__main__][INFO] - [34, 37], []
[2025-01-29 13:24:19,221][__main__][INFO] - [34, 38], []
[2025-01-29 13:24:19,247][__main__][INFO] - [34, 39], []
[2025-01-29 13:24:19,270][__main__][INFO] - [34, 40], []
[2025-01-29 13:24:19,293][__main__][INFO] - [34, 41], []
[2025-01-29 13:24:19,316][__main__][INFO] - [34], [41]
[2025-01-29 13:24:19,346][__main__][INFO] - [34, 42], []
[2025-01-29 13:24:19,370][__main__][INFO] - [34], [42]
[2025-01-29 13:24:19,416][__main__][INFO] - [34], [43]
[2025-01-29 13:24:19,446][__main__][INFO] - [34, 44], []
[2025-01-29 13:24:19,506][__main__][INFO] - [34, 47], []
[2025-01-29 13:24:19,535][__main__][INFO] - [34, 48], []
[2025-01-29 13:24:19,559][__main__][INFO] - [34, 49], []
[2025-01-29 13:24:19,583][__main__][INFO] - [34, 50], []
[2025-01-29 13:24:19,625][__main__][INFO] - [34, 52], []
[2025-01-29 13:24:19,648][__main__][INFO] - [34, 53], []
[2025-01-29 13:24:19,672][__main__][INFO] - [34, 54], []
[2025-01-29 13:24:19,695][__main__][INFO] - [34, 55], []
[2025-01-29 13:24:19,719][__main__][INFO] - [34, 56], []
[2025-01-29 13:24:19,742][__main__][INFO] - [34, 57], []
[2025-01-29 13:24:19,766][__main__][INFO] - [34, 58], []
[2025-01-29 13:24:19,789][__main__][INFO] - [34, 59], []
[2025-01-29 13:24:19,828][__main__][INFO] - [35, 37], []
[2025-01-29 13:24:19,859][__main__][INFO] - [35, 38], []
[2025-01-29 13:24:19,886][__main__][INFO] - [35, 39], []
[2025-01-29 13:24:19,911][__main__][INFO] - [35, 40], []
[2025-01-29 13:24:19,934][__main__][INFO] - [35, 41], []
[2025-01-29 13:24:19,959][__main__][INFO] - [35], [41]
[2025-01-29 13:24:19,995][__main__][INFO] - [35, 42], []
[2025-01-29 13:24:20,019][__main__][INFO] - [35], [42]
[2025-01-29 13:24:20,055][__main__][INFO] - [35, 43], []
[2025-01-29 13:24:20,078][__main__][INFO] - [35], [43]
[2025-01-29 13:24:20,116][__main__][INFO] - [35, 44], []
[2025-01-29 13:24:20,153][__main__][INFO] - [35, 45], []
[2025-01-29 13:24:20,193][__main__][INFO] - [35, 47], []
[2025-01-29 13:24:20,231][__main__][INFO] - [35, 48], []
[2025-01-29 13:24:20,271][__main__][INFO] - [35, 50], []
[2025-01-29 13:24:20,294][__main__][INFO] - [35, 51], []
[2025-01-29 13:24:20,318][__main__][INFO] - [35, 52], []
[2025-01-29 13:24:20,341][__main__][INFO] - [35, 53], []
[2025-01-29 13:24:20,365][__main__][INFO] - [35, 54], []
[2025-01-29 13:24:20,389][__main__][INFO] - [35, 55], []
[2025-01-29 13:24:20,413][__main__][INFO] - [35, 56], []
[2025-01-29 13:24:20,437][__main__][INFO] - [35, 57], []
[2025-01-29 13:24:20,461][__main__][INFO] - [35, 58], []
[2025-01-29 13:24:20,485][__main__][INFO] - [35, 59], []
[2025-01-29 13:24:20,528][__main__][INFO] - [36, 37], []
[2025-01-29 13:24:20,803][__main__][INFO] - [36, 38], []
[2025-01-29 13:24:20,950][__main__][INFO] - [36, 39], []
[2025-01-29 13:24:21,058][__main__][INFO] - [36, 40], []
[2025-01-29 13:24:21,085][__main__][INFO] - [36, 41], []
[2025-01-29 13:24:21,125][__main__][INFO] - [36], [41]
[2025-01-29 13:24:21,695][__main__][INFO] - [36, 42], []
[2025-01-29 13:24:21,720][__main__][INFO] - [36], [42]
[2025-01-29 13:24:22,306][__main__][INFO] - [36, 43], []
[2025-01-29 13:24:22,332][__main__][INFO] - [36], [43]
[2025-01-29 13:24:22,936][__main__][INFO] - [36, 44], []
[2025-01-29 13:24:23,363][__main__][INFO] - [36, 45], []
[2025-01-29 13:24:23,396][__main__][INFO] - [36, 46], []
[2025-01-29 13:24:23,533][__main__][INFO] - [36, 47], []
[2025-01-29 13:24:24,108][__main__][INFO] - [36, 48], []
[2025-01-29 13:24:24,176][__main__][INFO] - [36, 50], []
[2025-01-29 13:24:24,227][__main__][INFO] - [36, 51], []
[2025-01-29 13:24:24,280][__main__][INFO] - [36, 52], []
[2025-01-29 13:24:24,337][__main__][INFO] - [36, 53], []
[2025-01-29 13:24:24,394][__main__][INFO] - [36, 54], []
[2025-01-29 13:24:24,442][__main__][INFO] - [36, 55], []
[2025-01-29 13:24:24,486][__main__][INFO] - [36, 56], []
[2025-01-29 13:24:24,530][__main__][INFO] - [36, 57], []
[2025-01-29 13:24:24,569][__main__][INFO] - [36, 58], []
[2025-01-29 13:24:24,606][__main__][INFO] - [36, 59], []
[2025-01-29 13:24:24,773][__main__][INFO] - [37, 41], []
[2025-01-29 13:24:25,346][__main__][INFO] - [37], [41]
[2025-01-29 13:24:26,731][__main__][INFO] - [37, 42], []
[2025-01-29 13:24:26,815][__main__][INFO] - [37], [42]
[2025-01-29 13:24:28,879][__main__][INFO] - [37, 43], []
[2025-01-29 13:24:28,939][__main__][INFO] - [37], [43]
[2025-01-29 13:24:31,083][__main__][INFO] - [37, 44], []
[2025-01-29 13:24:32,970][__main__][INFO] - [37, 45], []
[2025-01-29 13:24:33,068][__main__][INFO] - [37, 46], []
[2025-01-29 13:24:33,145][__main__][INFO] - [37, 47], []
[2025-01-29 13:24:34,818][__main__][INFO] - [37, 48], []
[2025-01-29 13:24:35,185][__main__][INFO] - [37, 49], []
[2025-01-29 13:24:35,222][__main__][INFO] - [37, 50], []
[2025-01-29 13:24:35,350][__main__][INFO] - [37, 51], []
[2025-01-29 13:24:35,448][__main__][INFO] - [37, 52], []
[2025-01-29 13:24:35,558][__main__][INFO] - [37, 53], []
[2025-01-29 13:24:35,675][__main__][INFO] - [37, 54], []
[2025-01-29 13:24:35,782][__main__][INFO] - [37, 55], []
[2025-01-29 13:24:35,877][__main__][INFO] - [37, 56], []
[2025-01-29 13:24:35,965][__main__][INFO] - [37, 57], []
[2025-01-29 13:24:36,043][__main__][INFO] - [37, 58], []
[2025-01-29 13:24:36,113][__main__][INFO] - [37, 59], []
[2025-01-29 13:24:36,623][__main__][INFO] - [38, 41], []
[2025-01-29 13:24:36,671][__main__][INFO] - [38], [41]
[2025-01-29 13:24:37,379][__main__][INFO] - [38, 42], []
[2025-01-29 13:24:37,423][__main__][INFO] - [38], [42]
[2025-01-29 13:24:38,152][__main__][INFO] - [38, 43], []
[2025-01-29 13:24:38,185][__main__][INFO] - [38], [43]
[2025-01-29 13:24:38,923][__main__][INFO] - [38, 44], []
[2025-01-29 13:24:39,608][__main__][INFO] - [38, 45], []
[2025-01-29 13:24:39,656][__main__][INFO] - [38, 46], []
[2025-01-29 13:24:39,707][__main__][INFO] - [38, 47], []
[2025-01-29 13:24:40,293][__main__][INFO] - [38, 48], []
[2025-01-29 13:24:40,433][__main__][INFO] - [38, 49], []
[2025-01-29 13:24:40,460][__main__][INFO] - [38, 50], []
[2025-01-29 13:24:40,508][__main__][INFO] - [38, 51], []
[2025-01-29 13:24:40,546][__main__][INFO] - [38, 52], []
[2025-01-29 13:24:40,587][__main__][INFO] - [38, 53], []
[2025-01-29 13:24:40,631][__main__][INFO] - [38, 54], []
[2025-01-29 13:24:40,673][__main__][INFO] - [38, 55], []
[2025-01-29 13:24:40,717][__main__][INFO] - [38, 56], []
[2025-01-29 13:24:40,761][__main__][INFO] - [38, 57], []
[2025-01-29 13:24:40,805][__main__][INFO] - [38, 58], []
[2025-01-29 13:24:40,846][__main__][INFO] - [38, 59], []
[2025-01-29 13:24:41,137][__main__][INFO] - [39, 41], []
[2025-01-29 13:24:41,227][__main__][INFO] - [39], [41]
[2025-01-29 13:24:41,616][__main__][INFO] - [39, 42], []
[2025-01-29 13:24:41,651][__main__][INFO] - [39], [42]
[2025-01-29 13:24:42,142][__main__][INFO] - [39, 43], []
[2025-01-29 13:24:42,173][__main__][INFO] - [39], [43]
[2025-01-29 13:24:42,676][__main__][INFO] - [39, 44], []
[2025-01-29 13:24:43,106][__main__][INFO] - [39, 45], []
[2025-01-29 13:24:43,148][__main__][INFO] - [39, 46], []
[2025-01-29 13:24:43,191][__main__][INFO] - [39, 47], []
[2025-01-29 13:24:43,582][__main__][INFO] - [39, 48], []
[2025-01-29 13:24:43,681][__main__][INFO] - [39, 49], []
[2025-01-29 13:24:43,708][__main__][INFO] - [39, 50], []
[2025-01-29 13:24:43,756][__main__][INFO] - [39, 51], []
[2025-01-29 13:24:43,793][__main__][INFO] - [39, 52], []
[2025-01-29 13:24:43,832][__main__][INFO] - [39, 53], []
[2025-01-29 13:24:43,875][__main__][INFO] - [39, 54], []
[2025-01-29 13:24:43,917][__main__][INFO] - [39, 55], []
[2025-01-29 13:24:43,957][__main__][INFO] - [39, 56], []
[2025-01-29 13:24:43,996][__main__][INFO] - [39, 57], []
[2025-01-29 13:24:44,033][__main__][INFO] - [39, 58], []
[2025-01-29 13:24:44,068][__main__][INFO] - [39, 59], []
[2025-01-29 13:24:44,197][__main__][INFO] - [40, 41], []
[2025-01-29 13:24:44,220][__main__][INFO] - [40], [41]
[2025-01-29 13:24:44,270][__main__][INFO] - [40, 42], []
[2025-01-29 13:24:44,295][__main__][INFO] - [40], [42]
[2025-01-29 13:24:44,346][__main__][INFO] - [40, 43], []
[2025-01-29 13:24:44,370][__main__][INFO] - [40], [43]
[2025-01-29 13:24:44,422][__main__][INFO] - [40, 44], []
[2025-01-29 13:24:44,471][__main__][INFO] - [40, 45], []
[2025-01-29 13:24:44,495][__main__][INFO] - [40, 46], []
[2025-01-29 13:24:44,520][__main__][INFO] - [40, 47], []
[2025-01-29 13:24:44,565][__main__][INFO] - [40, 48], []
[2025-01-29 13:24:44,593][__main__][INFO] - [40, 49], []
[2025-01-29 13:24:44,615][__main__][INFO] - [40, 50], []
[2025-01-29 13:24:44,639][__main__][INFO] - [40, 51], []
[2025-01-29 13:24:44,662][__main__][INFO] - [40, 52], []
[2025-01-29 13:24:44,686][__main__][INFO] - [40, 53], []
[2025-01-29 13:24:44,710][__main__][INFO] - [40, 54], []
[2025-01-29 13:24:44,735][__main__][INFO] - [40, 55], []
[2025-01-29 13:24:44,759][__main__][INFO] - [40, 56], []
[2025-01-29 13:24:44,783][__main__][INFO] - [40, 57], []
[2025-01-29 13:24:44,807][__main__][INFO] - [40, 58], []
[2025-01-29 13:24:44,831][__main__][INFO] - [40, 59], []
[2025-01-29 13:24:44,879][__main__][INFO] - [41, 42], []
[2025-01-29 13:24:44,920][__main__][INFO] - [41], [42]
[2025-01-29 13:24:45,608][__main__][INFO] - [41, 43], []
[2025-01-29 13:24:45,645][__main__][INFO] - [41], [43]
[2025-01-29 13:24:46,348][__main__][INFO] - [41, 44], []
[2025-01-29 13:24:47,021][__main__][INFO] - [41, 45], []
[2025-01-29 13:24:47,067][__main__][INFO] - [41, 46], []
[2025-01-29 13:24:47,092][__main__][INFO] - [41, 47], []
[2025-01-29 13:24:47,619][__main__][INFO] - [41, 48], []
[2025-01-29 13:24:47,790][__main__][INFO] - [41, 49], []
[2025-01-29 13:24:47,820][__main__][INFO] - [41, 50], []
[2025-01-29 13:24:47,875][__main__][INFO] - [41, 51], []
[2025-01-29 13:24:47,928][__main__][INFO] - [41, 52], []
[2025-01-29 13:24:47,990][__main__][INFO] - [41, 53], []
[2025-01-29 13:24:48,055][__main__][INFO] - [41, 54], []
[2025-01-29 13:24:48,112][__main__][INFO] - [41, 55], []
[2025-01-29 13:24:48,164][__main__][INFO] - [41, 56], []
[2025-01-29 13:24:48,215][__main__][INFO] - [41, 57], []
[2025-01-29 13:24:48,262][__main__][INFO] - [41, 58], []
[2025-01-29 13:24:48,304][__main__][INFO] - [41, 59], []
[2025-01-29 13:24:48,514][__main__][INFO] - [42], [41]
[2025-01-29 13:24:48,636][__main__][INFO] - [], [41, 42]
[2025-01-29 13:24:52,021][__main__][INFO] - [43], [41]
[2025-01-29 13:24:52,098][__main__][INFO] - [], [41, 43]
[2025-01-29 13:24:55,668][__main__][INFO] - [44], [41]
[2025-01-29 13:24:58,608][__main__][INFO] - [45], [41]
[2025-01-29 13:24:58,762][__main__][INFO] - [46], [41]
[2025-01-29 13:24:58,902][__main__][INFO] - [47], [41]
[2025-01-29 13:25:01,676][__main__][INFO] - [48], [41]
[2025-01-29 13:25:02,186][__main__][INFO] - [49], [41]
[2025-01-29 13:25:02,225][__main__][INFO] - [50], [41]
[2025-01-29 13:25:02,398][__main__][INFO] - [51], [41]
[2025-01-29 13:25:02,507][__main__][INFO] - [52], [41]
[2025-01-29 13:25:02,630][__main__][INFO] - [53], [41]
[2025-01-29 13:25:02,767][__main__][INFO] - [54], [41]
[2025-01-29 13:25:02,894][__main__][INFO] - [55], [41]
[2025-01-29 13:25:03,015][__main__][INFO] - [56], [41]
[2025-01-29 13:25:03,128][__main__][INFO] - [57], [41]
[2025-01-29 13:25:03,232][__main__][INFO] - [58], [41]
[2025-01-29 13:25:03,327][__main__][INFO] - [59], [41]
[2025-01-29 13:25:04,161][__main__][INFO] - [42, 43], []
[2025-01-29 13:25:04,203][__main__][INFO] - [42], [43]
[2025-01-29 13:25:04,319][__main__][INFO] - [42, 44], []
[2025-01-29 13:25:04,424][__main__][INFO] - [42, 45], []
[2025-01-29 13:25:04,472][__main__][INFO] - [42, 46], []
[2025-01-29 13:25:04,495][__main__][INFO] - [42, 47], []
[2025-01-29 13:25:04,642][__main__][INFO] - [42, 48], []
[2025-01-29 13:25:04,669][__main__][INFO] - [42, 49], []
[2025-01-29 13:25:04,693][__main__][INFO] - [42, 50], []
[2025-01-29 13:25:04,724][__main__][INFO] - [42, 51], []
[2025-01-29 13:25:04,751][__main__][INFO] - [42, 52], []
[2025-01-29 13:25:04,781][__main__][INFO] - [42, 53], []
[2025-01-29 13:25:04,810][__main__][INFO] - [42, 54], []
[2025-01-29 13:25:04,839][__main__][INFO] - [42, 55], []
[2025-01-29 13:25:04,866][__main__][INFO] - [42, 56], []
[2025-01-29 13:25:04,893][__main__][INFO] - [42, 57], []
[2025-01-29 13:25:04,920][__main__][INFO] - [42, 58], []
[2025-01-29 13:25:04,946][__main__][INFO] - [42, 59], []
[2025-01-29 13:25:05,005][__main__][INFO] - [43], [42]
[2025-01-29 13:25:05,070][__main__][INFO] - [], [42, 43]
[2025-01-29 13:25:09,998][__main__][INFO] - [44], [42]
[2025-01-29 13:25:14,240][__main__][INFO] - [45], [42]
[2025-01-29 13:25:14,400][__main__][INFO] - [46], [42]
[2025-01-29 13:25:14,544][__main__][INFO] - [47], [42]
[2025-01-29 13:25:18,137][__main__][INFO] - [48], [42]
[2025-01-29 13:25:18,861][__main__][INFO] - [49], [42]
[2025-01-29 13:25:18,908][__main__][INFO] - [50], [42]
[2025-01-29 13:25:19,114][__main__][INFO] - [51], [42]
[2025-01-29 13:25:19,258][__main__][INFO] - [52], [42]
[2025-01-29 13:25:19,422][__main__][INFO] - [53], [42]
[2025-01-29 13:25:19,610][__main__][INFO] - [54], [42]
[2025-01-29 13:25:19,789][__main__][INFO] - [55], [42]
[2025-01-29 13:25:19,945][__main__][INFO] - [56], [42]
[2025-01-29 13:25:20,090][__main__][INFO] - [57], [42]
[2025-01-29 13:25:20,220][__main__][INFO] - [58], [42]
[2025-01-29 13:25:20,337][__main__][INFO] - [59], [42]
[2025-01-29 13:25:21,354][__main__][INFO] - [43, 44], []
[2025-01-29 13:25:21,418][__main__][INFO] - [43, 45], []
[2025-01-29 13:25:21,459][__main__][INFO] - [43, 46], []
[2025-01-29 13:25:21,483][__main__][INFO] - [43, 47], []
[2025-01-29 13:25:21,570][__main__][INFO] - [43, 48], []
[2025-01-29 13:25:21,598][__main__][INFO] - [43, 49], []
[2025-01-29 13:25:21,621][__main__][INFO] - [43, 50], []
[2025-01-29 13:25:21,651][__main__][INFO] - [43, 51], []
[2025-01-29 13:25:21,679][__main__][INFO] - [43, 52], []
[2025-01-29 13:25:21,706][__main__][INFO] - [43, 53], []
[2025-01-29 13:25:21,733][__main__][INFO] - [43, 54], []
[2025-01-29 13:25:21,760][__main__][INFO] - [43, 55], []
[2025-01-29 13:25:21,786][__main__][INFO] - [43, 56], []
[2025-01-29 13:25:21,811][__main__][INFO] - [43, 57], []
[2025-01-29 13:25:21,836][__main__][INFO] - [43, 58], []
[2025-01-29 13:25:21,861][__main__][INFO] - [43, 59], []
[2025-01-29 13:25:21,908][__main__][INFO] - [44], [43]
[2025-01-29 13:25:26,320][__main__][INFO] - [45], [43]
[2025-01-29 13:25:26,469][__main__][INFO] - [46], [43]
[2025-01-29 13:25:26,614][__main__][INFO] - [47], [43]
[2025-01-29 13:25:30,445][__main__][INFO] - [48], [43]
[2025-01-29 13:25:31,152][__main__][INFO] - [49], [43]
[2025-01-29 13:25:31,199][__main__][INFO] - [50], [43]
[2025-01-29 13:25:31,406][__main__][INFO] - [51], [43]
[2025-01-29 13:25:31,550][__main__][INFO] - [52], [43]
[2025-01-29 13:25:31,718][__main__][INFO] - [53], [43]
[2025-01-29 13:25:31,907][__main__][INFO] - [54], [43]
[2025-01-29 13:25:32,090][__main__][INFO] - [55], [43]
[2025-01-29 13:25:32,251][__main__][INFO] - [56], [43]
[2025-01-29 13:25:32,397][__main__][INFO] - [57], [43]
[2025-01-29 13:25:32,533][__main__][INFO] - [58], [43]
[2025-01-29 13:25:32,652][__main__][INFO] - [59], [43]
[2025-01-29 13:25:33,679][__main__][INFO] - [44, 47], []
[2025-01-29 13:25:36,861][__main__][INFO] - [44, 48], []
[2025-01-29 13:25:37,507][__main__][INFO] - [44, 49], []
[2025-01-29 13:25:37,555][__main__][INFO] - [44, 50], []
[2025-01-29 13:25:37,726][__main__][INFO] - [44, 51], []
[2025-01-29 13:25:37,851][__main__][INFO] - [44, 52], []
[2025-01-29 13:25:38,000][__main__][INFO] - [44, 53], []
[2025-01-29 13:25:38,169][__main__][INFO] - [44, 54], []
[2025-01-29 13:25:38,327][__main__][INFO] - [44, 55], []
[2025-01-29 13:25:38,470][__main__][INFO] - [44, 56], []
[2025-01-29 13:25:38,608][__main__][INFO] - [44, 57], []
[2025-01-29 13:25:38,735][__main__][INFO] - [44, 58], []
[2025-01-29 13:25:38,846][__main__][INFO] - [44, 59], []
[2025-01-29 13:25:39,874][__main__][INFO] - [45, 47], []
[2025-01-29 13:25:40,035][__main__][INFO] - [45, 48], []
[2025-01-29 13:25:40,073][__main__][INFO] - [45, 49], []
[2025-01-29 13:25:40,097][__main__][INFO] - [45, 50], []
[2025-01-29 13:25:40,141][__main__][INFO] - [45, 51], []
[2025-01-29 13:25:40,174][__main__][INFO] - [45, 52], []
[2025-01-29 13:25:40,207][__main__][INFO] - [45, 53], []
[2025-01-29 13:25:40,237][__main__][INFO] - [45, 54], []
[2025-01-29 13:25:40,267][__main__][INFO] - [45, 55], []
[2025-01-29 13:25:40,295][__main__][INFO] - [45, 56], []
[2025-01-29 13:25:40,321][__main__][INFO] - [45, 57], []
[2025-01-29 13:25:40,346][__main__][INFO] - [45, 58], []
[2025-01-29 13:25:40,372][__main__][INFO] - [45, 59], []
[2025-01-29 13:25:40,426][__main__][INFO] - [46, 47], []
[2025-01-29 13:25:40,598][__main__][INFO] - [46, 50], []
[2025-01-29 13:25:40,627][__main__][INFO] - [46, 51], []
[2025-01-29 13:25:40,656][__main__][INFO] - [46, 52], []
[2025-01-29 13:25:40,686][__main__][INFO] - [46, 53], []
[2025-01-29 13:25:40,716][__main__][INFO] - [46, 54], []
[2025-01-29 13:25:40,745][__main__][INFO] - [46, 55], []
[2025-01-29 13:25:40,773][__main__][INFO] - [46, 56], []
[2025-01-29 13:25:40,800][__main__][INFO] - [46, 57], []
[2025-01-29 13:25:40,826][__main__][INFO] - [46, 58], []
[2025-01-29 13:25:40,851][__main__][INFO] - [46, 59], []
[2025-01-29 13:25:40,917][__main__][INFO] - [47, 50], []
[2025-01-29 13:25:41,081][__main__][INFO] - [47, 51], []
[2025-01-29 13:25:41,200][__main__][INFO] - [47, 52], []
[2025-01-29 13:25:41,339][__main__][INFO] - [47, 53], []
[2025-01-29 13:25:41,486][__main__][INFO] - [47, 54], []
[2025-01-29 13:25:41,625][__main__][INFO] - [47, 55], []
[2025-01-29 13:25:41,753][__main__][INFO] - [47, 56], []
[2025-01-29 13:25:41,873][__main__][INFO] - [47, 57], []
[2025-01-29 13:25:41,981][__main__][INFO] - [47, 58], []
[2025-01-29 13:25:42,077][__main__][INFO] - [47, 59], []
[2025-01-29 13:25:42,912][__main__][INFO] - [48, 50], []
[2025-01-29 13:25:42,975][__main__][INFO] - [48, 51], []
[2025-01-29 13:25:43,020][__main__][INFO] - [48, 52], []
[2025-01-29 13:25:43,069][__main__][INFO] - [48, 53], []
[2025-01-29 13:25:43,124][__main__][INFO] - [48, 54], []
[2025-01-29 13:25:43,174][__main__][INFO] - [48, 55], []
[2025-01-29 13:25:43,222][__main__][INFO] - [48, 56], []
[2025-01-29 13:25:43,269][__main__][INFO] - [48, 57], []
[2025-01-29 13:25:43,312][__main__][INFO] - [48, 58], []
[2025-01-29 13:25:43,352][__main__][INFO] - [48, 59], []
[2025-01-29 13:25:43,562][__main__][INFO] - [49, 50], []
[2025-01-29 13:25:43,586][__main__][INFO] - [49, 51], []
[2025-01-29 13:25:43,610][__main__][INFO] - [49, 52], []
[2025-01-29 13:25:43,635][__main__][INFO] - [49, 53], []
[2025-01-29 13:25:43,659][__main__][INFO] - [49, 54], []
[2025-01-29 13:25:43,684][__main__][INFO] - [49, 55], []
[2025-01-29 13:25:43,709][__main__][INFO] - [49, 56], []
[2025-01-29 13:25:43,733][__main__][INFO] - [49, 57], []
[2025-01-29 13:25:43,757][__main__][INFO] - [49, 58], []
[2025-01-29 13:25:43,781][__main__][INFO] - [49, 59], []
[2025-01-29 13:25:43,856][__main__][INFO] - [0, 1, 10], []
[2025-01-29 13:25:43,900][__main__][INFO] - [0, 1, 11], []
[2025-01-29 13:25:43,945][__main__][INFO] - [0, 1, 12], []
[2025-01-29 13:25:43,994][__main__][INFO] - [0, 1, 13], []
[2025-01-29 13:25:44,039][__main__][INFO] - [0, 1, 14], []
[2025-01-29 13:25:44,084][__main__][INFO] - [0, 1, 15], []
[2025-01-29 13:25:44,126][__main__][INFO] - [0, 1, 16], []
[2025-01-29 13:25:44,152][__main__][INFO] - [0, 1, 17], []
[2025-01-29 13:25:44,185][__main__][INFO] - [0, 1, 18], []
[2025-01-29 13:25:44,215][__main__][INFO] - [0, 1, 19], []
[2025-01-29 13:25:44,241][__main__][INFO] - [0, 1, 20], []
[2025-01-29 13:25:44,351][__main__][INFO] - [0, 1, 21], []
[2025-01-29 13:25:44,378][__main__][INFO] - [0, 1, 22], []
[2025-01-29 13:25:44,508][__main__][INFO] - [0, 1, 26], []
[2025-01-29 13:25:44,547][__main__][INFO] - [0, 1], [26]
[2025-01-29 13:25:44,702][__main__][INFO] - [0, 1, 27], []
[2025-01-29 13:25:44,810][__main__][INFO] - [0, 1, 28], []
[2025-01-29 13:25:44,865][__main__][INFO] - [0, 1, 29], []
[2025-01-29 13:25:44,891][__main__][INFO] - [0, 1, 30], []
[2025-01-29 13:25:44,917][__main__][INFO] - [0, 1, 31], []
[2025-01-29 13:25:44,944][__main__][INFO] - [0, 1, 32], []
[2025-01-29 13:25:45,076][__main__][INFO] - [0, 1, 33], []
[2025-01-29 13:25:45,117][__main__][INFO] - [0, 1, 35], []
[2025-01-29 13:25:45,142][__main__][INFO] - [0, 1, 36], []
[2025-01-29 13:25:45,200][__main__][INFO] - [0, 1, 37], []
[2025-01-29 13:25:45,330][__main__][INFO] - [0, 1, 38], []
[2025-01-29 13:25:45,364][__main__][INFO] - [0, 1, 39], []
[2025-01-29 13:25:45,409][__main__][INFO] - [0, 1, 40], []
[2025-01-29 13:25:45,436][__main__][INFO] - [0, 1, 41], []
[2025-01-29 13:25:45,518][__main__][INFO] - [0, 1], [41]
[2025-01-29 13:25:45,626][__main__][INFO] - [0, 1, 42], []
[2025-01-29 13:25:45,654][__main__][INFO] - [0, 1], [42]
[2025-01-29 13:25:45,824][__main__][INFO] - [0, 1, 43], []
[2025-01-29 13:25:45,853][__main__][INFO] - [0, 1], [43]
[2025-01-29 13:25:46,016][__main__][INFO] - [0, 1, 44], []
[2025-01-29 13:25:46,170][__main__][INFO] - [0, 1, 45], []
[2025-01-29 13:25:46,200][__main__][INFO] - [0, 1, 46], []
[2025-01-29 13:25:46,233][__main__][INFO] - [0, 1, 47], []
[2025-01-29 13:25:46,318][__main__][INFO] - [0, 1, 48], []
[2025-01-29 13:25:46,415][__main__][INFO] - [0, 1, 49], []
[2025-01-29 13:25:46,445][__main__][INFO] - [0, 1, 50], []
[2025-01-29 13:25:46,481][__main__][INFO] - [0, 1, 51], []
[2025-01-29 13:25:46,517][__main__][INFO] - [0, 1, 52], []
[2025-01-29 13:25:46,556][__main__][INFO] - [0, 1, 53], []
[2025-01-29 13:25:46,595][__main__][INFO] - [0, 1, 54], []
[2025-01-29 13:25:46,632][__main__][INFO] - [0, 1, 55], []
[2025-01-29 13:25:46,667][__main__][INFO] - [0, 1, 56], []
[2025-01-29 13:25:46,700][__main__][INFO] - [0, 1, 57], []
[2025-01-29 13:25:46,731][__main__][INFO] - [0, 1, 58], []
[2025-01-29 13:25:46,756][__main__][INFO] - [0, 1, 59], []
[2025-01-29 13:25:46,811][__main__][INFO] - [0, 2, 10], []
[2025-01-29 13:25:46,913][__main__][INFO] - [0, 2, 11], []
[2025-01-29 13:25:47,027][__main__][INFO] - [0, 2, 12], []
[2025-01-29 13:25:47,155][__main__][INFO] - [0, 2, 13], []
[2025-01-29 13:25:47,278][__main__][INFO] - [0, 2, 14], []
[2025-01-29 13:25:47,401][__main__][INFO] - [0, 2, 15], []
[2025-01-29 13:25:47,535][__main__][INFO] - [0, 2, 16], []
[2025-01-29 13:25:47,678][__main__][INFO] - [0, 2, 17], []
[2025-01-29 13:25:47,808][__main__][INFO] - [0, 2, 18], []
[2025-01-29 13:25:47,880][__main__][INFO] - [0, 2, 19], []
[2025-01-29 13:25:47,935][__main__][INFO] - [0, 2, 20], []
[2025-01-29 13:25:48,848][__main__][INFO] - [0, 2, 21], []
[2025-01-29 13:25:48,886][__main__][INFO] - [0, 2, 22], []
[2025-01-29 13:25:49,006][__main__][INFO] - [0, 2, 23], []
[2025-01-29 13:25:49,059][__main__][INFO] - [0, 2, 24], []
[2025-01-29 13:25:49,086][__main__][INFO] - [0, 2, 25], []
[2025-01-29 13:25:49,112][__main__][INFO] - [0, 2, 26], []
[2025-01-29 13:25:49,300][__main__][INFO] - [0, 2], [26]
[2025-01-29 13:25:50,207][__main__][INFO] - [0, 2, 27], []
[2025-01-29 13:25:51,073][__main__][INFO] - [0, 2, 28], []
[2025-01-29 13:25:51,156][__main__][INFO] - [0, 2, 29], []
[2025-01-29 13:25:51,257][__main__][INFO] - [0, 2, 30], []
[2025-01-29 13:25:51,291][__main__][INFO] - [0, 2, 31], []
[2025-01-29 13:25:51,318][__main__][INFO] - [0, 2, 32], []
[2025-01-29 13:25:52,268][__main__][INFO] - [0, 2, 33], []
[2025-01-29 13:25:52,301][__main__][INFO] - [0, 2, 34], []
[2025-01-29 13:25:52,329][__main__][INFO] - [0, 2, 35], []
[2025-01-29 13:25:52,357][__main__][INFO] - [0, 2, 36], []
[2025-01-29 13:25:52,525][__main__][INFO] - [0, 2, 37], []
[2025-01-29 13:25:53,067][__main__][INFO] - [0, 2, 38], []
[2025-01-29 13:25:53,357][__main__][INFO] - [0, 2, 39], []
[2025-01-29 13:25:53,509][__main__][INFO] - [0, 2, 40], []
[2025-01-29 13:25:53,546][__main__][INFO] - [0, 2, 41], []
[2025-01-29 13:25:53,713][__main__][INFO] - [0, 2], [41]
[2025-01-29 13:25:54,650][__main__][INFO] - [0, 2, 42], []
[2025-01-29 13:25:54,708][__main__][INFO] - [0, 2], [42]
[2025-01-29 13:25:55,825][__main__][INFO] - [0, 2, 43], []
[2025-01-29 13:25:55,874][__main__][INFO] - [0, 2], [43]
[2025-01-29 13:25:57,002][__main__][INFO] - [0, 2, 44], []
[2025-01-29 13:25:58,019][__main__][INFO] - [0, 2, 45], []
[2025-01-29 13:25:58,088][__main__][INFO] - [0, 2, 46], []
[2025-01-29 13:25:58,147][__main__][INFO] - [0, 2, 47], []
[2025-01-29 13:25:58,786][__main__][INFO] - [0, 2, 48], []
[2025-01-29 13:25:59,191][__main__][INFO] - [0, 2, 49], []
[2025-01-29 13:25:59,257][__main__][INFO] - [0, 2, 50], []
[2025-01-29 13:25:59,334][__main__][INFO] - [0, 2, 51], []
[2025-01-29 13:25:59,399][__main__][INFO] - [0, 2, 52], []
[2025-01-29 13:25:59,468][__main__][INFO] - [0, 2, 53], []
[2025-01-29 13:25:59,542][__main__][INFO] - [0, 2, 54], []
[2025-01-29 13:25:59,612][__main__][INFO] - [0, 2, 55], []
[2025-01-29 13:25:59,679][__main__][INFO] - [0, 2, 56], []
[2025-01-29 13:25:59,742][__main__][INFO] - [0, 2, 57], []
[2025-01-29 13:25:59,801][__main__][INFO] - [0, 2, 58], []
[2025-01-29 13:25:59,857][__main__][INFO] - [0, 2, 59], []
[2025-01-29 13:26:00,228][__main__][INFO] - [0, 3, 10], []
[2025-01-29 13:26:00,268][__main__][INFO] - [0, 3, 11], []
[2025-01-29 13:26:00,305][__main__][INFO] - [0, 3, 12], []
[2025-01-29 13:26:00,341][__main__][INFO] - [0, 3, 13], []
[2025-01-29 13:26:00,373][__main__][INFO] - [0, 3, 14], []
[2025-01-29 13:26:00,405][__main__][INFO] - [0, 3, 15], []
[2025-01-29 13:26:00,436][__main__][INFO] - [0, 3, 16], []
[2025-01-29 13:26:00,467][__main__][INFO] - [0, 3, 17], []
[2025-01-29 13:26:00,493][__main__][INFO] - [0, 3, 18], []
[2025-01-29 13:26:00,519][__main__][INFO] - [0, 3, 19], []
[2025-01-29 13:26:00,545][__main__][INFO] - [0, 3, 20], []
[2025-01-29 13:26:00,623][__main__][INFO] - [0, 3, 21], []
[2025-01-29 13:26:00,649][__main__][INFO] - [0, 3, 22], []
[2025-01-29 13:26:00,674][__main__][INFO] - [0, 3, 23], []
[2025-01-29 13:26:00,700][__main__][INFO] - [0, 3, 24], []
[2025-01-29 13:26:00,726][__main__][INFO] - [0, 3, 25], []
[2025-01-29 13:26:00,753][__main__][INFO] - [0, 3, 26], []
[2025-01-29 13:26:00,786][__main__][INFO] - [0, 3], [26]
[2025-01-29 13:26:00,865][__main__][INFO] - [0, 3, 27], []
[2025-01-29 13:26:00,943][__main__][INFO] - [0, 3, 28], []
[2025-01-29 13:26:00,969][__main__][INFO] - [0, 3, 29], []
[2025-01-29 13:26:00,996][__main__][INFO] - [0, 3, 30], []
[2025-01-29 13:26:01,022][__main__][INFO] - [0, 3, 31], []
[2025-01-29 13:26:01,048][__main__][INFO] - [0, 3, 32], []
[2025-01-29 13:26:01,110][__main__][INFO] - [0, 3, 33], []
[2025-01-29 13:26:01,151][__main__][INFO] - [0, 3, 35], []
[2025-01-29 13:26:01,176][__main__][INFO] - [0, 3, 36], []
[2025-01-29 13:26:01,223][__main__][INFO] - [0, 3, 37], []
[2025-01-29 13:26:01,262][__main__][INFO] - [0, 3, 38], []
[2025-01-29 13:26:01,323][__main__][INFO] - [0, 3, 39], []
[2025-01-29 13:26:01,358][__main__][INFO] - [0, 3, 40], []
[2025-01-29 13:26:01,384][__main__][INFO] - [0, 3, 41], []
[2025-01-29 13:26:01,410][__main__][INFO] - [0, 3], [41]
[2025-01-29 13:26:01,489][__main__][INFO] - [0, 3, 42], []
[2025-01-29 13:26:01,515][__main__][INFO] - [0, 3], [42]
[2025-01-29 13:26:01,603][__main__][INFO] - [0, 3, 43], []
[2025-01-29 13:26:01,632][__main__][INFO] - [0, 3], [43]
[2025-01-29 13:26:01,719][__main__][INFO] - [0, 3, 44], []
[2025-01-29 13:26:01,794][__main__][INFO] - [0, 3, 45], []
[2025-01-29 13:26:01,824][__main__][INFO] - [0, 3, 46], []
[2025-01-29 13:26:01,857][__main__][INFO] - [0, 3, 47], []
[2025-01-29 13:26:01,914][__main__][INFO] - [0, 3, 48], []
[2025-01-29 13:26:01,966][__main__][INFO] - [0, 3, 49], []
[2025-01-29 13:26:01,994][__main__][INFO] - [0, 3, 50], []
[2025-01-29 13:26:02,025][__main__][INFO] - [0, 3, 51], []
[2025-01-29 13:26:02,055][__main__][INFO] - [0, 3, 52], []
[2025-01-29 13:26:02,084][__main__][INFO] - [0, 3, 53], []
[2025-01-29 13:26:02,114][__main__][INFO] - [0, 3, 54], []
[2025-01-29 13:26:02,143][__main__][INFO] - [0, 3, 55], []
[2025-01-29 13:26:02,173][__main__][INFO] - [0, 3, 56], []
[2025-01-29 13:26:02,202][__main__][INFO] - [0, 3, 57], []
[2025-01-29 13:26:02,227][__main__][INFO] - [0, 3, 58], []
[2025-01-29 13:26:02,252][__main__][INFO] - [0, 3, 59], []
[2025-01-29 13:26:02,312][__main__][INFO] - [0, 4, 10], []
[2025-01-29 13:26:02,355][__main__][INFO] - [0, 4, 11], []
[2025-01-29 13:26:02,398][__main__][INFO] - [0, 4, 12], []
[2025-01-29 13:26:02,446][__main__][INFO] - [0, 4, 13], []
[2025-01-29 13:26:02,498][__main__][INFO] - [0, 4, 14], []
[2025-01-29 13:26:02,524][__main__][INFO] - [0, 4, 15], []
[2025-01-29 13:26:02,551][__main__][INFO] - [0, 4, 16], []
[2025-01-29 13:26:02,601][__main__][INFO] - [0, 4, 17], []
[2025-01-29 13:26:02,646][__main__][INFO] - [0, 4, 18], []
[2025-01-29 13:26:02,673][__main__][INFO] - [0, 4, 19], []
[2025-01-29 13:26:02,705][__main__][INFO] - [0, 4, 20], []
[2025-01-29 13:26:02,792][__main__][INFO] - [0, 4, 21], []
[2025-01-29 13:26:02,958][__main__][INFO] - [0, 4, 22], []
[2025-01-29 13:26:02,985][__main__][INFO] - [0, 4, 23], []
[2025-01-29 13:26:03,011][__main__][INFO] - [0, 4, 24], []
[2025-01-29 13:26:03,037][__main__][INFO] - [0, 4, 25], []
[2025-01-29 13:26:03,063][__main__][INFO] - [0, 4, 26], []
[2025-01-29 13:26:03,109][__main__][INFO] - [0, 4], [26]
[2025-01-29 13:26:03,318][__main__][INFO] - [0, 4, 27], []
[2025-01-29 13:26:03,404][__main__][INFO] - [0, 4, 28], []
[2025-01-29 13:26:03,468][__main__][INFO] - [0, 4, 29], []
[2025-01-29 13:26:03,586][__main__][INFO] - [0, 4, 30], []
[2025-01-29 13:26:03,613][__main__][INFO] - [0, 4, 31], []
[2025-01-29 13:26:03,639][__main__][INFO] - [0, 4, 32], []
[2025-01-29 13:26:03,837][__main__][INFO] - [0, 4, 33], []
[2025-01-29 13:26:03,878][__main__][INFO] - [0, 4, 35], []
[2025-01-29 13:26:03,904][__main__][INFO] - [0, 4, 36], []
[2025-01-29 13:26:03,959][__main__][INFO] - [0, 4, 37], []
[2025-01-29 13:26:04,150][__main__][INFO] - [0, 4, 38], []
[2025-01-29 13:26:04,187][__main__][INFO] - [0, 4, 39], []
[2025-01-29 13:26:04,237][__main__][INFO] - [0, 4, 40], []
[2025-01-29 13:26:04,265][__main__][INFO] - [0, 4, 41], []
[2025-01-29 13:26:04,429][__main__][INFO] - [0, 4], [41]
[2025-01-29 13:26:04,521][__main__][INFO] - [0, 4, 42], []
[2025-01-29 13:26:04,547][__main__][INFO] - [0, 4], [42]
[2025-01-29 13:26:04,774][__main__][INFO] - [0, 4, 43], []
[2025-01-29 13:26:04,804][__main__][INFO] - [0, 4], [43]
[2025-01-29 13:26:05,037][__main__][INFO] - [0, 4, 44], []
[2025-01-29 13:26:05,253][__main__][INFO] - [0, 4, 45], []
[2025-01-29 13:26:05,286][__main__][INFO] - [0, 4, 46], []
[2025-01-29 13:26:05,319][__main__][INFO] - [0, 4, 47], []
[2025-01-29 13:26:05,450][__main__][INFO] - [0, 4, 48], []
[2025-01-29 13:26:05,568][__main__][INFO] - [0, 4, 49], []
[2025-01-29 13:26:05,599][__main__][INFO] - [0, 4, 50], []
[2025-01-29 13:26:05,636][__main__][INFO] - [0, 4, 51], []
[2025-01-29 13:26:05,669][__main__][INFO] - [0, 4, 52], []
[2025-01-29 13:26:05,705][__main__][INFO] - [0, 4, 53], []
[2025-01-29 13:26:05,740][__main__][INFO] - [0, 4, 54], []
[2025-01-29 13:26:05,766][__main__][INFO] - [0, 4, 55], []
[2025-01-29 13:26:05,793][__main__][INFO] - [0, 4, 56], []
[2025-01-29 13:26:05,826][__main__][INFO] - [0, 4, 57], []
[2025-01-29 13:26:05,853][__main__][INFO] - [0, 4, 58], []
[2025-01-29 13:26:05,879][__main__][INFO] - [0, 4, 59], []
[2025-01-29 13:26:06,006][__main__][INFO] - [0, 5, 10], []
[2025-01-29 13:26:06,032][__main__][INFO] - [0, 5, 11], []
[2025-01-29 13:26:06,057][__main__][INFO] - [0, 5, 12], []
[2025-01-29 13:26:06,084][__main__][INFO] - [0, 5, 13], []
[2025-01-29 13:26:06,116][__main__][INFO] - [0, 5, 14], []
[2025-01-29 13:26:06,142][__main__][INFO] - [0, 5, 15], []
[2025-01-29 13:26:06,176][__main__][INFO] - [0, 5, 16], []
[2025-01-29 13:26:06,202][__main__][INFO] - [0, 5, 17], []
[2025-01-29 13:26:06,229][__main__][INFO] - [0, 5, 18], []
[2025-01-29 13:26:06,255][__main__][INFO] - [0, 5, 19], []
[2025-01-29 13:26:06,281][__main__][INFO] - [0, 5, 20], []
[2025-01-29 13:26:06,374][__main__][INFO] - [0, 5, 22], []
[2025-01-29 13:26:06,400][__main__][INFO] - [0, 5, 23], []
[2025-01-29 13:26:06,427][__main__][INFO] - [0, 5, 24], []
[2025-01-29 13:26:06,470][__main__][INFO] - [0, 5, 26], []
[2025-01-29 13:26:06,505][__main__][INFO] - [0, 5], [26]
[2025-01-29 13:26:06,574][__main__][INFO] - [0, 5, 27], []
[2025-01-29 13:26:06,650][__main__][INFO] - [0, 5, 28], []
[2025-01-29 13:26:06,676][__main__][INFO] - [0, 5, 29], []
[2025-01-29 13:26:06,703][__main__][INFO] - [0, 5, 30], []
[2025-01-29 13:26:06,746][__main__][INFO] - [0, 5, 32], []
[2025-01-29 13:26:06,815][__main__][INFO] - [0, 5, 33], []
[2025-01-29 13:26:06,841][__main__][INFO] - [0, 5, 34], []
[2025-01-29 13:26:06,867][__main__][INFO] - [0, 5, 35], []
[2025-01-29 13:26:06,894][__main__][INFO] - [0, 5, 36], []
[2025-01-29 13:26:06,920][__main__][INFO] - [0, 5, 37], []
[2025-01-29 13:26:06,986][__main__][INFO] - [0, 5, 38], []
[2025-01-29 13:26:07,012][__main__][INFO] - [0, 5, 39], []
[2025-01-29 13:26:07,037][__main__][INFO] - [0, 5, 40], []
[2025-01-29 13:26:07,062][__main__][INFO] - [0, 5, 41], []
[2025-01-29 13:26:07,087][__main__][INFO] - [0, 5], [41]
[2025-01-29 13:26:07,164][__main__][INFO] - [0, 5, 42], []
[2025-01-29 13:26:07,190][__main__][INFO] - [0, 5], [42]
[2025-01-29 13:26:07,269][__main__][INFO] - [0, 5, 43], []
[2025-01-29 13:26:07,298][__main__][INFO] - [0, 5], [43]
[2025-01-29 13:26:07,378][__main__][INFO] - [0, 5, 44], []
[2025-01-29 13:26:07,451][__main__][INFO] - [0, 5, 45], []
[2025-01-29 13:26:07,478][__main__][INFO] - [0, 5, 46], []
[2025-01-29 13:26:07,504][__main__][INFO] - [0, 5, 47], []
[2025-01-29 13:26:07,531][__main__][INFO] - [0, 5, 48], []
[2025-01-29 13:26:07,578][__main__][INFO] - [0, 5, 49], []
[2025-01-29 13:26:07,604][__main__][INFO] - [0, 5, 50], []
[2025-01-29 13:26:07,629][__main__][INFO] - [0, 5, 51], []
[2025-01-29 13:26:07,655][__main__][INFO] - [0, 5, 52], []
[2025-01-29 13:26:07,681][__main__][INFO] - [0, 5, 53], []
[2025-01-29 13:26:07,711][__main__][INFO] - [0, 5, 54], []
[2025-01-29 13:26:07,737][__main__][INFO] - [0, 5, 55], []
[2025-01-29 13:26:07,764][__main__][INFO] - [0, 5, 56], []
[2025-01-29 13:26:07,790][__main__][INFO] - [0, 5, 57], []
[2025-01-29 13:26:07,816][__main__][INFO] - [0, 5, 58], []
[2025-01-29 13:26:07,845][__main__][INFO] - [0, 5, 59], []
[2025-01-29 13:26:07,887][__main__][INFO] - [0, 6, 10], []
[2025-01-29 13:26:07,915][__main__][INFO] - [0, 6, 11], []
[2025-01-29 13:26:07,943][__main__][INFO] - [0, 6, 12], []
[2025-01-29 13:26:07,971][__main__][INFO] - [0, 6, 13], []
[2025-01-29 13:26:07,999][__main__][INFO] - [0, 6, 14], []
[2025-01-29 13:26:08,028][__main__][INFO] - [0, 6, 15], []
[2025-01-29 13:26:08,056][__main__][INFO] - [0, 6, 16], []
[2025-01-29 13:26:08,084][__main__][INFO] - [0, 6, 17], []
[2025-01-29 13:26:08,110][__main__][INFO] - [0, 6, 18], []
[2025-01-29 13:26:08,136][__main__][INFO] - [0, 6, 19], []
[2025-01-29 13:26:08,162][__main__][INFO] - [0, 6, 20], []
[2025-01-29 13:26:08,214][__main__][INFO] - [0, 6, 22], []
[2025-01-29 13:26:08,293][__main__][INFO] - [0, 6, 26], []
[2025-01-29 13:26:08,322][__main__][INFO] - [0, 6], [26]
[2025-01-29 13:26:08,357][__main__][INFO] - [0, 6, 27], []
[2025-01-29 13:26:08,394][__main__][INFO] - [0, 6, 28], []
[2025-01-29 13:26:08,420][__main__][INFO] - [0, 6, 29], []
[2025-01-29 13:26:08,481][__main__][INFO] - [0, 6, 32], []
[2025-01-29 13:26:08,567][__main__][INFO] - [0, 6, 36], []
[2025-01-29 13:26:08,596][__main__][INFO] - [0, 6, 37], []
[2025-01-29 13:26:08,630][__main__][INFO] - [0, 6, 38], []
[2025-01-29 13:26:08,657][__main__][INFO] - [0, 6, 39], []
[2025-01-29 13:26:08,700][__main__][INFO] - [0, 6, 41], []
[2025-01-29 13:26:08,727][__main__][INFO] - [0, 6], [41]
[2025-01-29 13:26:08,763][__main__][INFO] - [0, 6, 42], []
[2025-01-29 13:26:08,791][__main__][INFO] - [0, 6], [42]
[2025-01-29 13:26:08,828][__main__][INFO] - [0, 6, 43], []
[2025-01-29 13:26:08,856][__main__][INFO] - [0, 6], [43]
[2025-01-29 13:26:08,893][__main__][INFO] - [0, 6, 44], []
[2025-01-29 13:26:08,929][__main__][INFO] - [0, 6, 45], []
[2025-01-29 13:26:08,957][__main__][INFO] - [0, 6, 46], []
[2025-01-29 13:26:08,985][__main__][INFO] - [0, 6, 47], []
[2025-01-29 13:26:09,016][__main__][INFO] - [0, 6, 48], []
[2025-01-29 13:26:09,064][__main__][INFO] - [0, 6, 49], []
[2025-01-29 13:26:09,093][__main__][INFO] - [0, 6, 50], []
[2025-01-29 13:26:09,122][__main__][INFO] - [0, 6, 51], []
[2025-01-29 13:26:09,150][__main__][INFO] - [0, 6, 52], []
[2025-01-29 13:26:09,177][__main__][INFO] - [0, 6, 53], []
[2025-01-29 13:26:09,205][__main__][INFO] - [0, 6, 54], []
[2025-01-29 13:26:09,232][__main__][INFO] - [0, 6, 55], []
[2025-01-29 13:26:09,261][__main__][INFO] - [0, 6, 56], []
[2025-01-29 13:26:09,291][__main__][INFO] - [0, 6, 57], []
[2025-01-29 13:26:09,319][__main__][INFO] - [0, 6, 58], []
[2025-01-29 13:26:09,347][__main__][INFO] - [0, 6, 59], []
[2025-01-29 13:26:09,392][__main__][INFO] - [0, 7, 10], []
[2025-01-29 13:26:09,419][__main__][INFO] - [0, 7, 11], []
[2025-01-29 13:26:09,445][__main__][INFO] - [0, 7, 12], []
[2025-01-29 13:26:09,471][__main__][INFO] - [0, 7, 13], []
[2025-01-29 13:26:09,498][__main__][INFO] - [0, 7, 14], []
[2025-01-29 13:26:09,524][__main__][INFO] - [0, 7, 15], []
[2025-01-29 13:26:09,550][__main__][INFO] - [0, 7, 16], []
[2025-01-29 13:26:09,576][__main__][INFO] - [0, 7, 17], []
[2025-01-29 13:26:09,602][__main__][INFO] - [0, 7, 18], []
[2025-01-29 13:26:09,645][__main__][INFO] - [0, 7, 20], []
[2025-01-29 13:26:09,735][__main__][INFO] - [0, 7, 25], []
[2025-01-29 13:26:09,761][__main__][INFO] - [0, 7, 26], []
[2025-01-29 13:26:09,786][__main__][INFO] - [0, 7], [26]
[2025-01-29 13:26:09,812][__main__][INFO] - [0, 7, 27], []
[2025-01-29 13:26:09,839][__main__][INFO] - [0, 7, 28], []
[2025-01-29 13:26:09,865][__main__][INFO] - [0, 7, 29], []
[2025-01-29 13:26:09,908][__main__][INFO] - [0, 7, 31], []
[2025-01-29 13:26:09,934][__main__][INFO] - [0, 7, 32], []
[2025-01-29 13:26:10,011][__main__][INFO] - [0, 7, 36], []
[2025-01-29 13:26:10,037][__main__][INFO] - [0, 7, 37], []
[2025-01-29 13:26:10,064][__main__][INFO] - [0, 7, 38], []
[2025-01-29 13:26:10,090][__main__][INFO] - [0, 7, 39], []
[2025-01-29 13:26:10,133][__main__][INFO] - [0, 7, 41], []
[2025-01-29 13:26:10,159][__main__][INFO] - [0, 7], [41]
[2025-01-29 13:26:10,203][__main__][INFO] - [0, 7], [42]
[2025-01-29 13:26:10,245][__main__][INFO] - [0, 7], [43]
[2025-01-29 13:26:10,270][__main__][INFO] - [0, 7, 44], []
[2025-01-29 13:26:10,295][__main__][INFO] - [0, 7, 45], []
[2025-01-29 13:26:10,320][__main__][INFO] - [0, 7, 46], []
[2025-01-29 13:26:10,346][__main__][INFO] - [0, 7, 47], []
[2025-01-29 13:26:10,372][__main__][INFO] - [0, 7, 48], []
[2025-01-29 13:26:10,415][__main__][INFO] - [0, 7, 50], []
[2025-01-29 13:26:10,442][__main__][INFO] - [0, 7, 51], []
[2025-01-29 13:26:10,468][__main__][INFO] - [0, 7, 52], []
[2025-01-29 13:26:10,494][__main__][INFO] - [0, 7, 53], []
[2025-01-29 13:26:10,521][__main__][INFO] - [0, 7, 54], []
[2025-01-29 13:26:10,547][__main__][INFO] - [0, 7, 55], []
[2025-01-29 13:26:10,573][__main__][INFO] - [0, 7, 56], []
[2025-01-29 13:26:10,600][__main__][INFO] - [0, 7, 57], []
[2025-01-29 13:26:10,626][__main__][INFO] - [0, 7, 58], []
[2025-01-29 13:26:10,652][__main__][INFO] - [0, 7, 59], []
[2025-01-29 13:26:10,695][__main__][INFO] - [0, 8, 10], []
[2025-01-29 13:26:10,722][__main__][INFO] - [0, 8, 11], []
[2025-01-29 13:26:10,749][__main__][INFO] - [0, 8, 12], []
[2025-01-29 13:26:10,775][__main__][INFO] - [0, 8, 13], []
[2025-01-29 13:26:10,800][__main__][INFO] - [0, 8, 14], []
[2025-01-29 13:26:10,826][__main__][INFO] - [0, 8, 15], []
[2025-01-29 13:26:10,852][__main__][INFO] - [0, 8, 16], []
[2025-01-29 13:26:10,877][__main__][INFO] - [0, 8, 17], []
[2025-01-29 13:26:10,937][__main__][INFO] - [0, 8, 20], []
[2025-01-29 13:26:10,983][__main__][INFO] - [0, 8, 22], []
[2025-01-29 13:26:11,059][__main__][INFO] - [0, 8, 26], []
[2025-01-29 13:26:11,086][__main__][INFO] - [0, 8], [26]
[2025-01-29 13:26:11,115][__main__][INFO] - [0, 8, 27], []
[2025-01-29 13:26:11,144][__main__][INFO] - [0, 8, 28], []
[2025-01-29 13:26:11,173][__main__][INFO] - [0, 8, 29], []
[2025-01-29 13:26:11,233][__main__][INFO] - [0, 8, 32], []
[2025-01-29 13:26:11,312][__main__][INFO] - [0, 8, 36], []
[2025-01-29 13:26:11,339][__main__][INFO] - [0, 8, 37], []
[2025-01-29 13:26:11,366][__main__][INFO] - [0, 8, 38], []
[2025-01-29 13:26:11,392][__main__][INFO] - [0, 8, 39], []
[2025-01-29 13:26:11,435][__main__][INFO] - [0, 8, 41], []
[2025-01-29 13:26:11,461][__main__][INFO] - [0, 8], [41]
[2025-01-29 13:26:11,507][__main__][INFO] - [0, 8], [42]
[2025-01-29 13:26:11,553][__main__][INFO] - [0, 8], [43]
[2025-01-29 13:26:11,582][__main__][INFO] - [0, 8, 44], []
[2025-01-29 13:26:11,628][__main__][INFO] - [0, 8, 46], []
[2025-01-29 13:26:11,654][__main__][INFO] - [0, 8, 47], []
[2025-01-29 13:26:11,682][__main__][INFO] - [0, 8, 48], []
[2025-01-29 13:26:11,726][__main__][INFO] - [0, 8, 50], []
[2025-01-29 13:26:11,753][__main__][INFO] - [0, 8, 51], []
[2025-01-29 13:26:11,779][__main__][INFO] - [0, 8, 52], []
[2025-01-29 13:26:11,805][__main__][INFO] - [0, 8, 53], []
[2025-01-29 13:26:11,833][__main__][INFO] - [0, 8, 54], []
[2025-01-29 13:26:11,859][__main__][INFO] - [0, 8, 55], []
[2025-01-29 13:26:11,884][__main__][INFO] - [0, 8, 56], []
[2025-01-29 13:26:11,910][__main__][INFO] - [0, 8, 57], []
[2025-01-29 13:26:11,937][__main__][INFO] - [0, 8, 58], []
[2025-01-29 13:26:11,963][__main__][INFO] - [0, 8, 59], []
[2025-01-29 13:26:12,022][__main__][INFO] - [0, 10, 20], []
[2025-01-29 13:26:12,175][__main__][INFO] - [0, 10, 21], []
[2025-01-29 13:26:12,205][__main__][INFO] - [0, 10, 22], []
[2025-01-29 13:26:12,234][__main__][INFO] - [0, 10, 23], []
[2025-01-29 13:26:12,260][__main__][INFO] - [0, 10, 24], []
[2025-01-29 13:26:12,287][__main__][INFO] - [0, 10, 25], []
[2025-01-29 13:26:12,313][__main__][INFO] - [0, 10, 26], []
[2025-01-29 13:26:12,342][__main__][INFO] - [0, 10], [26]
[2025-01-29 13:26:12,502][__main__][INFO] - [0, 10, 27], []
[2025-01-29 13:26:12,654][__main__][INFO] - [0, 10, 28], []
[2025-01-29 13:26:12,680][__main__][INFO] - [0, 10, 29], []
[2025-01-29 13:26:12,708][__main__][INFO] - [0, 10, 30], []
[2025-01-29 13:26:12,820][__main__][INFO] - [0, 10, 36], []
[2025-01-29 13:26:12,979][__main__][INFO] - [0, 10, 37], []
[2025-01-29 13:26:13,066][__main__][INFO] - [0, 10, 38], []
[2025-01-29 13:26:13,125][__main__][INFO] - [0, 10, 39], []
[2025-01-29 13:26:13,175][__main__][INFO] - [0, 10, 40], []
[2025-01-29 13:26:13,203][__main__][INFO] - [0, 10, 41], []
[2025-01-29 13:26:13,233][__main__][INFO] - [0, 10], [41]
[2025-01-29 13:26:13,386][__main__][INFO] - [0, 10, 42], []
[2025-01-29 13:26:13,414][__main__][INFO] - [0, 10], [42]
[2025-01-29 13:26:13,577][__main__][INFO] - [0, 10, 43], []
[2025-01-29 13:26:13,604][__main__][INFO] - [0, 10], [43]
[2025-01-29 13:26:13,759][__main__][INFO] - [0, 10, 44], []
[2025-01-29 13:26:13,847][__main__][INFO] - [0, 10, 45], []
[2025-01-29 13:26:13,875][__main__][INFO] - [0, 10, 46], []
[2025-01-29 13:26:13,958][__main__][INFO] - [0, 10, 47], []
[2025-01-29 13:26:14,147][__main__][INFO] - [0, 10, 50], []
[2025-01-29 13:26:14,180][__main__][INFO] - [0, 10, 51], []
[2025-01-29 13:26:14,215][__main__][INFO] - [0, 10, 52], []
[2025-01-29 13:26:14,250][__main__][INFO] - [0, 10, 53], []
[2025-01-29 13:26:14,286][__main__][INFO] - [0, 10, 54], []
[2025-01-29 13:26:14,320][__main__][INFO] - [0, 10, 55], []
[2025-01-29 13:26:14,352][__main__][INFO] - [0, 10, 56], []
[2025-01-29 13:26:14,384][__main__][INFO] - [0, 10, 57], []
[2025-01-29 13:26:14,415][__main__][INFO] - [0, 10, 58], []
[2025-01-29 13:26:14,446][__main__][INFO] - [0, 10, 59], []
[2025-01-29 13:26:14,523][__main__][INFO] - [0, 11, 20], []
[2025-01-29 13:26:14,680][__main__][INFO] - [0, 11, 21], []
[2025-01-29 13:26:14,712][__main__][INFO] - [0, 11, 22], []
[2025-01-29 13:26:14,743][__main__][INFO] - [0, 11, 23], []
[2025-01-29 13:26:14,771][__main__][INFO] - [0, 11, 24], []
[2025-01-29 13:26:14,814][__main__][INFO] - [0, 11, 26], []
[2025-01-29 13:26:14,846][__main__][INFO] - [0, 11], [26]
[2025-01-29 13:26:15,008][__main__][INFO] - [0, 11, 27], []
[2025-01-29 13:26:15,164][__main__][INFO] - [0, 11, 28], []
[2025-01-29 13:26:15,191][__main__][INFO] - [0, 11, 29], []
[2025-01-29 13:26:15,220][__main__][INFO] - [0, 11, 30], []
[2025-01-29 13:26:15,249][__main__][INFO] - [0, 11, 31], []
[2025-01-29 13:26:15,275][__main__][INFO] - [0, 11, 32], []
[2025-01-29 13:26:15,381][__main__][INFO] - [0, 11, 36], []
[2025-01-29 13:26:15,515][__main__][INFO] - [0, 11, 37], []
[2025-01-29 13:26:15,617][__main__][INFO] - [0, 11, 38], []
[2025-01-29 13:26:15,674][__main__][INFO] - [0, 11, 39], []
[2025-01-29 13:26:15,722][__main__][INFO] - [0, 11, 40], []
[2025-01-29 13:26:15,750][__main__][INFO] - [0, 11, 41], []
[2025-01-29 13:26:15,785][__main__][INFO] - [0, 11], [41]
[2025-01-29 13:26:15,945][__main__][INFO] - [0, 11, 42], []
[2025-01-29 13:26:15,972][__main__][INFO] - [0, 11], [42]
[2025-01-29 13:26:16,142][__main__][INFO] - [0, 11, 43], []
[2025-01-29 13:26:16,169][__main__][INFO] - [0, 11], [43]
[2025-01-29 13:26:16,339][__main__][INFO] - [0, 11, 44], []
[2025-01-29 13:26:16,503][__main__][INFO] - [0, 11, 45], []
[2025-01-29 13:26:16,550][__main__][INFO] - [0, 11, 47], []
[2025-01-29 13:26:16,646][__main__][INFO] - [0, 11, 48], []
[2025-01-29 13:26:16,734][__main__][INFO] - [0, 11, 49], []
[2025-01-29 13:26:16,760][__main__][INFO] - [0, 11, 50], []
[2025-01-29 13:26:16,798][__main__][INFO] - [0, 11, 51], []
[2025-01-29 13:26:16,833][__main__][INFO] - [0, 11, 52], []
[2025-01-29 13:26:16,868][__main__][INFO] - [0, 11, 53], []
[2025-01-29 13:26:16,904][__main__][INFO] - [0, 11, 54], []
[2025-01-29 13:26:16,938][__main__][INFO] - [0, 11, 55], []
[2025-01-29 13:26:16,972][__main__][INFO] - [0, 11, 56], []
[2025-01-29 13:26:17,004][__main__][INFO] - [0, 11, 57], []
[2025-01-29 13:26:17,035][__main__][INFO] - [0, 11, 58], []
[2025-01-29 13:26:17,066][__main__][INFO] - [0, 11, 59], []
[2025-01-29 13:26:17,143][__main__][INFO] - [0, 12, 20], []
[2025-01-29 13:26:17,303][__main__][INFO] - [0, 12, 21], []
[2025-01-29 13:26:17,340][__main__][INFO] - [0, 12, 22], []
[2025-01-29 13:26:17,377][__main__][INFO] - [0, 12, 23], []
[2025-01-29 13:26:17,406][__main__][INFO] - [0, 12, 24], []
[2025-01-29 13:26:17,432][__main__][INFO] - [0, 12, 25], []
[2025-01-29 13:26:17,459][__main__][INFO] - [0, 12, 26], []
[2025-01-29 13:26:17,493][__main__][INFO] - [0, 12], [26]
[2025-01-29 13:26:17,672][__main__][INFO] - [0, 12, 27], []
[2025-01-29 13:26:17,827][__main__][INFO] - [0, 12, 28], []
[2025-01-29 13:26:17,869][__main__][INFO] - [0, 12, 29], []
[2025-01-29 13:26:17,895][__main__][INFO] - [0, 12, 30], []
[2025-01-29 13:26:17,922][__main__][INFO] - [0, 12, 31], []
[2025-01-29 13:26:17,948][__main__][INFO] - [0, 12, 32], []
[2025-01-29 13:26:18,135][__main__][INFO] - [0, 12, 33], []
[2025-01-29 13:26:18,161][__main__][INFO] - [0, 12, 34], []
[2025-01-29 13:26:18,188][__main__][INFO] - [0, 12, 35], []
[2025-01-29 13:26:18,232][__main__][INFO] - [0, 12, 37], []
[2025-01-29 13:26:18,351][__main__][INFO] - [0, 12, 38], []
[2025-01-29 13:26:18,409][__main__][INFO] - [0, 12, 39], []
[2025-01-29 13:26:18,458][__main__][INFO] - [0, 12, 40], []
[2025-01-29 13:26:18,487][__main__][INFO] - [0, 12, 41], []
[2025-01-29 13:26:18,537][__main__][INFO] - [0, 12], [41]
[2025-01-29 13:26:18,701][__main__][INFO] - [0, 12, 42], []
[2025-01-29 13:26:18,729][__main__][INFO] - [0, 12], [42]
[2025-01-29 13:26:18,916][__main__][INFO] - [0, 12, 43], []
[2025-01-29 13:26:18,945][__main__][INFO] - [0, 12], [43]
[2025-01-29 13:26:19,133][__main__][INFO] - [0, 12, 44], []
[2025-01-29 13:26:19,315][__main__][INFO] - [0, 12, 45], []
[2025-01-29 13:26:19,377][__main__][INFO] - [0, 12, 48], []
[2025-01-29 13:26:19,557][__main__][INFO] - [0, 12, 49], []
[2025-01-29 13:26:19,591][__main__][INFO] - [0, 12, 50], []
[2025-01-29 13:26:19,635][__main__][INFO] - [0, 12, 51], []
[2025-01-29 13:26:19,668][__main__][INFO] - [0, 12, 52], []
[2025-01-29 13:26:19,704][__main__][INFO] - [0, 12, 53], []
[2025-01-29 13:26:19,741][__main__][INFO] - [0, 12, 54], []
[2025-01-29 13:26:19,776][__main__][INFO] - [0, 12, 55], []
[2025-01-29 13:26:19,811][__main__][INFO] - [0, 12, 56], []
[2025-01-29 13:26:19,845][__main__][INFO] - [0, 12, 57], []
[2025-01-29 13:26:19,877][__main__][INFO] - [0, 12, 58], []
[2025-01-29 13:26:19,907][__main__][INFO] - [0, 12, 59], []
[2025-01-29 13:26:19,980][__main__][INFO] - [0, 13, 20], []
[2025-01-29 13:26:20,116][__main__][INFO] - [0, 13, 21], []
[2025-01-29 13:26:20,160][__main__][INFO] - [0, 13, 22], []
[2025-01-29 13:26:20,206][__main__][INFO] - [0, 13, 23], []
[2025-01-29 13:26:20,236][__main__][INFO] - [0, 13, 24], []
[2025-01-29 13:26:20,262][__main__][INFO] - [0, 13, 25], []
[2025-01-29 13:26:20,289][__main__][INFO] - [0, 13, 26], []
[2025-01-29 13:26:20,323][__main__][INFO] - [0, 13], [26]
[2025-01-29 13:26:20,497][__main__][INFO] - [0, 13, 27], []
[2025-01-29 13:26:20,626][__main__][INFO] - [0, 13, 28], []
[2025-01-29 13:26:20,677][__main__][INFO] - [0, 13, 29], []
[2025-01-29 13:26:20,719][__main__][INFO] - [0, 13, 30], []
[2025-01-29 13:26:20,748][__main__][INFO] - [0, 13, 31], []
[2025-01-29 13:26:20,775][__main__][INFO] - [0, 13, 32], []
[2025-01-29 13:26:20,958][__main__][INFO] - [0, 13, 33], []
[2025-01-29 13:26:20,985][__main__][INFO] - [0, 13, 34], []
[2025-01-29 13:26:21,011][__main__][INFO] - [0, 13, 35], []
[2025-01-29 13:26:21,054][__main__][INFO] - [0, 13, 37], []
[2025-01-29 13:26:21,166][__main__][INFO] - [0, 13, 38], []
[2025-01-29 13:26:21,224][__main__][INFO] - [0, 13, 39], []
[2025-01-29 13:26:21,271][__main__][INFO] - [0, 13, 40], []
[2025-01-29 13:26:21,299][__main__][INFO] - [0, 13, 41], []
[2025-01-29 13:26:21,366][__main__][INFO] - [0, 13], [41]
[2025-01-29 13:26:21,502][__main__][INFO] - [0, 13, 42], []
[2025-01-29 13:26:21,529][__main__][INFO] - [0, 13], [42]
[2025-01-29 13:26:21,709][__main__][INFO] - [0, 13, 43], []
[2025-01-29 13:26:21,737][__main__][INFO] - [0, 13], [43]
[2025-01-29 13:26:21,924][__main__][INFO] - [0, 13, 44], []
[2025-01-29 13:26:22,104][__main__][INFO] - [0, 13, 45], []
[2025-01-29 13:26:22,168][__main__][INFO] - [0, 13, 48], []
[2025-01-29 13:26:22,335][__main__][INFO] - [0, 13, 49], []
[2025-01-29 13:26:22,374][__main__][INFO] - [0, 13, 50], []
[2025-01-29 13:26:22,408][__main__][INFO] - [0, 13, 51], []
[2025-01-29 13:26:22,441][__main__][INFO] - [0, 13, 52], []
[2025-01-29 13:26:22,475][__main__][INFO] - [0, 13, 53], []
[2025-01-29 13:26:22,509][__main__][INFO] - [0, 13, 54], []
[2025-01-29 13:26:22,543][__main__][INFO] - [0, 13, 55], []
[2025-01-29 13:26:22,576][__main__][INFO] - [0, 13, 56], []
[2025-01-29 13:26:22,607][__main__][INFO] - [0, 13, 57], []
[2025-01-29 13:26:22,639][__main__][INFO] - [0, 13, 58], []
[2025-01-29 13:26:22,670][__main__][INFO] - [0, 13, 59], []
[2025-01-29 13:26:22,763][__main__][INFO] - [0, 14, 20], []
[2025-01-29 13:26:22,879][__main__][INFO] - [0, 14, 21], []
[2025-01-29 13:26:22,906][__main__][INFO] - [0, 14, 22], []
[2025-01-29 13:26:22,933][__main__][INFO] - [0, 14, 23], []
[2025-01-29 13:26:22,959][__main__][INFO] - [0, 14, 24], []
[2025-01-29 13:26:22,986][__main__][INFO] - [0, 14, 25], []
[2025-01-29 13:26:23,012][__main__][INFO] - [0, 14, 26], []
[2025-01-29 13:26:23,049][__main__][INFO] - [0, 14], [26]
[2025-01-29 13:26:23,224][__main__][INFO] - [0, 14, 27], []
[2025-01-29 13:26:23,339][__main__][INFO] - [0, 14, 28], []
[2025-01-29 13:26:23,367][__main__][INFO] - [0, 14, 29], []
[2025-01-29 13:26:23,394][__main__][INFO] - [0, 14, 30], []
[2025-01-29 13:26:23,420][__main__][INFO] - [0, 14, 31], []
[2025-01-29 13:26:23,446][__main__][INFO] - [0, 14, 32], []
[2025-01-29 13:26:23,632][__main__][INFO] - [0, 14, 33], []
[2025-01-29 13:26:23,675][__main__][INFO] - [0, 14, 35], []
[2025-01-29 13:26:23,717][__main__][INFO] - [0, 14, 37], []
[2025-01-29 13:26:23,840][__main__][INFO] - [0, 14, 38], []
[2025-01-29 13:26:23,895][__main__][INFO] - [0, 14, 39], []
[2025-01-29 13:26:23,941][__main__][INFO] - [0, 14, 40], []
[2025-01-29 13:26:23,969][__main__][INFO] - [0, 14, 41], []
[2025-01-29 13:26:23,997][__main__][INFO] - [0, 14], [41]
[2025-01-29 13:26:24,123][__main__][INFO] - [0, 14, 42], []
[2025-01-29 13:26:24,152][__main__][INFO] - [0, 14], [42]
[2025-01-29 13:26:24,340][__main__][INFO] - [0, 14, 43], []
[2025-01-29 13:26:24,369][__main__][INFO] - [0, 14], [43]
[2025-01-29 13:26:24,551][__main__][INFO] - [0, 14, 44], []
[2025-01-29 13:26:24,732][__main__][INFO] - [0, 14, 45], []
[2025-01-29 13:26:24,794][__main__][INFO] - [0, 14, 48], []
[2025-01-29 13:26:24,981][__main__][INFO] - [0, 14, 49], []
[2025-01-29 13:26:25,011][__main__][INFO] - [0, 14, 50], []
[2025-01-29 13:26:25,044][__main__][INFO] - [0, 14, 51], []
[2025-01-29 13:26:25,078][__main__][INFO] - [0, 14, 52], []
[2025-01-29 13:26:25,111][__main__][INFO] - [0, 14, 53], []
[2025-01-29 13:26:25,146][__main__][INFO] - [0, 14, 54], []
[2025-01-29 13:26:25,179][__main__][INFO] - [0, 14, 55], []
[2025-01-29 13:26:25,212][__main__][INFO] - [0, 14, 56], []
[2025-01-29 13:26:25,246][__main__][INFO] - [0, 14, 57], []
[2025-01-29 13:26:25,276][__main__][INFO] - [0, 14, 58], []
[2025-01-29 13:26:25,307][__main__][INFO] - [0, 14, 59], []
[2025-01-29 13:26:25,408][__main__][INFO] - [0, 15, 20], []
[2025-01-29 13:26:25,529][__main__][INFO] - [0, 15, 21], []
[2025-01-29 13:26:25,580][__main__][INFO] - [0, 15, 22], []
[2025-01-29 13:26:25,637][__main__][INFO] - [0, 15, 23], []
[2025-01-29 13:26:25,668][__main__][INFO] - [0, 15, 24], []
[2025-01-29 13:26:25,694][__main__][INFO] - [0, 15, 25], []
[2025-01-29 13:26:25,720][__main__][INFO] - [0, 15, 26], []
[2025-01-29 13:26:25,765][__main__][INFO] - [0, 15], [26]
[2025-01-29 13:26:25,931][__main__][INFO] - [0, 15, 27], []
[2025-01-29 13:26:26,050][__main__][INFO] - [0, 15, 28], []
[2025-01-29 13:26:26,098][__main__][INFO] - [0, 15, 29], []
[2025-01-29 13:26:26,163][__main__][INFO] - [0, 15, 30], []
[2025-01-29 13:26:26,191][__main__][INFO] - [0, 15, 31], []
[2025-01-29 13:26:26,218][__main__][INFO] - [0, 15, 32], []
[2025-01-29 13:26:26,407][__main__][INFO] - [0, 15, 33], []
[2025-01-29 13:26:26,452][__main__][INFO] - [0, 15, 35], []
[2025-01-29 13:26:26,496][__main__][INFO] - [0, 15, 37], []
[2025-01-29 13:26:26,620][__main__][INFO] - [0, 15, 38], []
[2025-01-29 13:26:26,677][__main__][INFO] - [0, 15, 39], []
[2025-01-29 13:26:26,721][__main__][INFO] - [0, 15, 40], []
[2025-01-29 13:26:26,750][__main__][INFO] - [0, 15, 41], []
[2025-01-29 13:26:26,838][__main__][INFO] - [0, 15], [41]
[2025-01-29 13:26:26,960][__main__][INFO] - [0, 15, 42], []
[2025-01-29 13:26:26,988][__main__][INFO] - [0, 15], [42]
[2025-01-29 13:26:27,185][__main__][INFO] - [0, 15, 43], []
[2025-01-29 13:26:27,215][__main__][INFO] - [0, 15], [43]
[2025-01-29 13:26:27,402][__main__][INFO] - [0, 15, 44], []
[2025-01-29 13:26:27,586][__main__][INFO] - [0, 15, 45], []
[2025-01-29 13:26:27,635][__main__][INFO] - [0, 15, 47], []
[2025-01-29 13:26:27,767][__main__][INFO] - [0, 15, 48], []
[2025-01-29 13:26:27,840][__main__][INFO] - [0, 15, 49], []
[2025-01-29 13:26:27,866][__main__][INFO] - [0, 15, 50], []
[2025-01-29 13:26:27,898][__main__][INFO] - [0, 15, 51], []
[2025-01-29 13:26:27,930][__main__][INFO] - [0, 15, 52], []
[2025-01-29 13:26:27,962][__main__][INFO] - [0, 15, 53], []
[2025-01-29 13:26:27,994][__main__][INFO] - [0, 15, 54], []
[2025-01-29 13:26:28,027][__main__][INFO] - [0, 15, 55], []
[2025-01-29 13:26:28,060][__main__][INFO] - [0, 15, 56], []
[2025-01-29 13:26:28,093][__main__][INFO] - [0, 15, 57], []
[2025-01-29 13:26:28,126][__main__][INFO] - [0, 15, 58], []
[2025-01-29 13:26:28,158][__main__][INFO] - [0, 15, 59], []
[2025-01-29 13:26:28,268][__main__][INFO] - [0, 16, 20], []
[2025-01-29 13:26:28,400][__main__][INFO] - [0, 16, 21], []
[2025-01-29 13:26:28,426][__main__][INFO] - [0, 16, 22], []
[2025-01-29 13:26:28,473][__main__][INFO] - [0, 16, 23], []
[2025-01-29 13:26:28,503][__main__][INFO] - [0, 16, 24], []
[2025-01-29 13:26:28,528][__main__][INFO] - [0, 16, 25], []
[2025-01-29 13:26:28,553][__main__][INFO] - [0, 16, 26], []
[2025-01-29 13:26:28,608][__main__][INFO] - [0, 16], [26]
[2025-01-29 13:26:28,767][__main__][INFO] - [0, 16, 27], []
[2025-01-29 13:26:28,897][__main__][INFO] - [0, 16, 28], []
[2025-01-29 13:26:28,936][__main__][INFO] - [0, 16, 29], []
[2025-01-29 13:26:28,999][__main__][INFO] - [0, 16, 30], []
[2025-01-29 13:26:29,027][__main__][INFO] - [0, 16, 31], []
[2025-01-29 13:26:29,052][__main__][INFO] - [0, 16, 32], []
[2025-01-29 13:26:29,239][__main__][INFO] - [0, 16, 33], []
[2025-01-29 13:26:29,284][__main__][INFO] - [0, 16, 35], []
[2025-01-29 13:26:29,328][__main__][INFO] - [0, 16, 37], []
[2025-01-29 13:26:29,447][__main__][INFO] - [0, 16, 38], []
[2025-01-29 13:26:29,510][__main__][INFO] - [0, 16, 39], []
[2025-01-29 13:26:29,552][__main__][INFO] - [0, 16, 40], []
[2025-01-29 13:26:29,580][__main__][INFO] - [0, 16, 41], []
[2025-01-29 13:26:29,653][__main__][INFO] - [0, 16], [41]
[2025-01-29 13:26:29,789][__main__][INFO] - [0, 16, 42], []
[2025-01-29 13:26:29,820][__main__][INFO] - [0, 16], [42]
[2025-01-29 13:26:30,011][__main__][INFO] - [0, 16, 43], []
[2025-01-29 13:26:30,042][__main__][INFO] - [0, 16], [43]
[2025-01-29 13:26:30,224][__main__][INFO] - [0, 16, 44], []
[2025-01-29 13:26:30,407][__main__][INFO] - [0, 16, 45], []
[2025-01-29 13:26:30,458][__main__][INFO] - [0, 16, 47], []
[2025-01-29 13:26:30,683][__main__][INFO] - [0, 16, 50], []
[2025-01-29 13:26:30,715][__main__][INFO] - [0, 16, 51], []
[2025-01-29 13:26:30,748][__main__][INFO] - [0, 16, 52], []
[2025-01-29 13:26:30,781][__main__][INFO] - [0, 16, 53], []
[2025-01-29 13:26:30,813][__main__][INFO] - [0, 16, 54], []
[2025-01-29 13:26:30,846][__main__][INFO] - [0, 16, 55], []
[2025-01-29 13:26:30,879][__main__][INFO] - [0, 16, 56], []
[2025-01-29 13:26:30,912][__main__][INFO] - [0, 16, 57], []
[2025-01-29 13:26:30,944][__main__][INFO] - [0, 16, 58], []
[2025-01-29 13:26:30,975][__main__][INFO] - [0, 16, 59], []
[2025-01-29 13:26:31,086][__main__][INFO] - [0, 17, 20], []
[2025-01-29 13:26:31,207][__main__][INFO] - [0, 17, 21], []
[2025-01-29 13:26:31,233][__main__][INFO] - [0, 17, 22], []
[2025-01-29 13:26:31,274][__main__][INFO] - [0, 17, 23], []
[2025-01-29 13:26:31,304][__main__][INFO] - [0, 17, 24], []
[2025-01-29 13:26:31,331][__main__][INFO] - [0, 17, 25], []
[2025-01-29 13:26:31,357][__main__][INFO] - [0, 17, 26], []
[2025-01-29 13:26:31,418][__main__][INFO] - [0, 17], [26]
[2025-01-29 13:26:31,545][__main__][INFO] - [0, 17, 27], []
[2025-01-29 13:26:31,663][__main__][INFO] - [0, 17, 28], []
[2025-01-29 13:26:31,689][__main__][INFO] - [0, 17, 29], []
[2025-01-29 13:26:31,743][__main__][INFO] - [0, 17, 30], []
[2025-01-29 13:26:31,769][__main__][INFO] - [0, 17, 31], []
[2025-01-29 13:26:31,795][__main__][INFO] - [0, 17, 32], []
[2025-01-29 13:26:31,965][__main__][INFO] - [0, 17, 33], []
[2025-01-29 13:26:32,010][__main__][INFO] - [0, 17, 35], []
[2025-01-29 13:26:32,053][__main__][INFO] - [0, 17, 37], []
[2025-01-29 13:26:32,155][__main__][INFO] - [0, 17, 38], []
[2025-01-29 13:26:32,214][__main__][INFO] - [0, 17, 39], []
[2025-01-29 13:26:32,252][__main__][INFO] - [0, 17, 40], []
[2025-01-29 13:26:32,279][__main__][INFO] - [0, 17, 41], []
[2025-01-29 13:26:32,342][__main__][INFO] - [0, 17], [41]
[2025-01-29 13:26:32,464][__main__][INFO] - [0, 17, 42], []
[2025-01-29 13:26:32,498][__main__][INFO] - [0, 17], [42]
[2025-01-29 13:26:32,653][__main__][INFO] - [0, 17, 43], []
[2025-01-29 13:26:32,685][__main__][INFO] - [0, 17], [43]
[2025-01-29 13:26:32,846][__main__][INFO] - [0, 17, 44], []
[2025-01-29 13:26:33,005][__main__][INFO] - [0, 17, 45], []
[2025-01-29 13:26:33,056][__main__][INFO] - [0, 17, 47], []
[2025-01-29 13:26:33,256][__main__][INFO] - [0, 17, 50], []
[2025-01-29 13:26:33,287][__main__][INFO] - [0, 17, 51], []
[2025-01-29 13:26:33,318][__main__][INFO] - [0, 17, 52], []
[2025-01-29 13:26:33,350][__main__][INFO] - [0, 17, 53], []
[2025-01-29 13:26:33,383][__main__][INFO] - [0, 17, 54], []
[2025-01-29 13:26:33,415][__main__][INFO] - [0, 17, 55], []
[2025-01-29 13:26:33,448][__main__][INFO] - [0, 17, 56], []
[2025-01-29 13:26:33,480][__main__][INFO] - [0, 17, 57], []
[2025-01-29 13:26:33,512][__main__][INFO] - [0, 17, 58], []
[2025-01-29 13:26:33,544][__main__][INFO] - [0, 17, 59], []
[2025-01-29 13:26:33,638][__main__][INFO] - [0, 18, 20], []
[2025-01-29 13:26:33,707][__main__][INFO] - [0, 18, 21], []
[2025-01-29 13:26:33,734][__main__][INFO] - [0, 18, 22], []
[2025-01-29 13:26:33,760][__main__][INFO] - [0, 18, 23], []
[2025-01-29 13:26:33,790][__main__][INFO] - [0, 18, 24], []
[2025-01-29 13:26:33,816][__main__][INFO] - [0, 18, 25], []
[2025-01-29 13:26:33,842][__main__][INFO] - [0, 18, 26], []
[2025-01-29 13:26:33,894][__main__][INFO] - [0, 18], [26]
[2025-01-29 13:26:33,952][__main__][INFO] - [0, 18, 27], []
[2025-01-29 13:26:34,020][__main__][INFO] - [0, 18, 28], []
[2025-01-29 13:26:34,050][__main__][INFO] - [0, 18, 29], []
[2025-01-29 13:26:34,091][__main__][INFO] - [0, 18, 30], []
[2025-01-29 13:26:34,117][__main__][INFO] - [0, 18, 31], []
[2025-01-29 13:26:34,144][__main__][INFO] - [0, 18, 32], []
[2025-01-29 13:26:34,235][__main__][INFO] - [0, 18, 33], []
[2025-01-29 13:26:34,313][__main__][INFO] - [0, 18, 37], []
[2025-01-29 13:26:34,375][__main__][INFO] - [0, 18, 38], []
[2025-01-29 13:26:34,412][__main__][INFO] - [0, 18, 39], []
[2025-01-29 13:26:34,446][__main__][INFO] - [0, 18, 40], []
[2025-01-29 13:26:34,473][__main__][INFO] - [0, 18, 41], []
[2025-01-29 13:26:34,517][__main__][INFO] - [0, 18], [41]
[2025-01-29 13:26:34,583][__main__][INFO] - [0, 18, 42], []
[2025-01-29 13:26:34,618][__main__][INFO] - [0, 18], [42]
[2025-01-29 13:26:34,696][__main__][INFO] - [0, 18, 43], []
[2025-01-29 13:26:34,727][__main__][INFO] - [0, 18], [43]
[2025-01-29 13:26:34,809][__main__][INFO] - [0, 18, 44], []
[2025-01-29 13:26:34,889][__main__][INFO] - [0, 18, 45], []
[2025-01-29 13:26:34,939][__main__][INFO] - [0, 18, 47], []
[2025-01-29 13:26:35,059][__main__][INFO] - [0, 18, 50], []
[2025-01-29 13:26:35,090][__main__][INFO] - [0, 18, 51], []
[2025-01-29 13:26:35,120][__main__][INFO] - [0, 18, 52], []
[2025-01-29 13:26:35,151][__main__][INFO] - [0, 18, 53], []
[2025-01-29 13:26:35,182][__main__][INFO] - [0, 18, 54], []
[2025-01-29 13:26:35,212][__main__][INFO] - [0, 18, 55], []
[2025-01-29 13:26:35,242][__main__][INFO] - [0, 18, 56], []
[2025-01-29 13:26:35,272][__main__][INFO] - [0, 18, 57], []
[2025-01-29 13:26:35,301][__main__][INFO] - [0, 18, 58], []
[2025-01-29 13:26:35,330][__main__][INFO] - [0, 18, 59], []
[2025-01-29 13:26:35,391][__main__][INFO] - [0, 19, 20], []
[2025-01-29 13:26:35,444][__main__][INFO] - [0, 19, 21], []
[2025-01-29 13:26:35,470][__main__][INFO] - [0, 19, 22], []
[2025-01-29 13:26:35,495][__main__][INFO] - [0, 19, 23], []
[2025-01-29 13:26:35,522][__main__][INFO] - [0, 19, 24], []
[2025-01-29 13:26:35,565][__main__][INFO] - [0, 19, 26], []
[2025-01-29 13:26:35,619][__main__][INFO] - [0, 19], [26]
[2025-01-29 13:26:35,653][__main__][INFO] - [0, 19, 27], []
[2025-01-29 13:26:35,706][__main__][INFO] - [0, 19, 28], []
[2025-01-29 13:26:35,732][__main__][INFO] - [0, 19, 29], []
[2025-01-29 13:26:35,766][__main__][INFO] - [0, 19, 30], []
[2025-01-29 13:26:35,809][__main__][INFO] - [0, 19, 32], []
[2025-01-29 13:26:35,872][__main__][INFO] - [0, 19, 33], []
[2025-01-29 13:26:35,950][__main__][INFO] - [0, 19, 37], []
[2025-01-29 13:26:35,998][__main__][INFO] - [0, 19, 38], []
[2025-01-29 13:26:36,029][__main__][INFO] - [0, 19, 39], []
[2025-01-29 13:26:36,061][__main__][INFO] - [0, 19, 40], []
[2025-01-29 13:26:36,088][__main__][INFO] - [0, 19, 41], []
[2025-01-29 13:26:36,124][__main__][INFO] - [0, 19], [41]
[2025-01-29 13:26:36,177][__main__][INFO] - [0, 19, 42], []
[2025-01-29 13:26:36,215][__main__][INFO] - [0, 19], [42]
[2025-01-29 13:26:36,265][__main__][INFO] - [0, 19, 43], []
[2025-01-29 13:26:36,297][__main__][INFO] - [0, 19], [43]
[2025-01-29 13:26:36,354][__main__][INFO] - [0, 19, 44], []
[2025-01-29 13:26:36,404][__main__][INFO] - [0, 19, 45], []
[2025-01-29 13:26:36,459][__main__][INFO] - [0, 19, 47], []
[2025-01-29 13:26:36,555][__main__][INFO] - [0, 19, 50], []
[2025-01-29 13:26:36,586][__main__][INFO] - [0, 19, 51], []
[2025-01-29 13:26:36,614][__main__][INFO] - [0, 19, 52], []
[2025-01-29 13:26:36,644][__main__][INFO] - [0, 19, 53], []
[2025-01-29 13:26:36,673][__main__][INFO] - [0, 19, 54], []
[2025-01-29 13:26:36,702][__main__][INFO] - [0, 19, 55], []
[2025-01-29 13:26:36,730][__main__][INFO] - [0, 19, 56], []
[2025-01-29 13:26:36,759][__main__][INFO] - [0, 19, 57], []
[2025-01-29 13:26:36,787][__main__][INFO] - [0, 19, 58], []
[2025-01-29 13:26:36,813][__main__][INFO] - [0, 19, 59], []
[2025-01-29 13:26:36,862][__main__][INFO] - [0, 20, 26], []
[2025-01-29 13:26:37,056][__main__][INFO] - [0, 20], [26]
[2025-01-29 13:26:38,111][__main__][INFO] - [0, 20, 27], []
[2025-01-29 13:26:39,572][__main__][INFO] - [0, 20, 31], []
[2025-01-29 13:26:39,600][__main__][INFO] - [0, 20, 32], []
[2025-01-29 13:26:40,581][__main__][INFO] - [0, 20, 33], []
[2025-01-29 13:26:40,616][__main__][INFO] - [0, 20, 34], []
[2025-01-29 13:26:40,643][__main__][INFO] - [0, 20, 35], []
[2025-01-29 13:26:40,672][__main__][INFO] - [0, 20, 36], []
[2025-01-29 13:26:40,938][__main__][INFO] - [0, 20, 37], []
[2025-01-29 13:26:41,524][__main__][INFO] - [0, 20, 38], []
[2025-01-29 13:26:41,855][__main__][INFO] - [0, 20, 39], []
[2025-01-29 13:26:42,023][__main__][INFO] - [0, 20, 40], []
[2025-01-29 13:26:42,079][__main__][INFO] - [0, 20], [41]
[2025-01-29 13:26:43,490][__main__][INFO] - [0, 20, 42], []
[2025-01-29 13:26:43,547][__main__][INFO] - [0, 20], [42]
[2025-01-29 13:26:44,806][__main__][INFO] - [0, 20, 43], []
[2025-01-29 13:26:44,856][__main__][INFO] - [0, 20], [43]
[2025-01-29 13:26:46,158][__main__][INFO] - [0, 20, 44], []
[2025-01-29 13:26:47,298][__main__][INFO] - [0, 20, 45], []
[2025-01-29 13:26:47,374][__main__][INFO] - [0, 20, 46], []
[2025-01-29 13:26:47,478][__main__][INFO] - [0, 20, 47], []
[2025-01-29 13:26:48,188][__main__][INFO] - [0, 20, 48], []
[2025-01-29 13:26:48,665][__main__][INFO] - [0, 20, 49], []
[2025-01-29 13:26:48,707][__main__][INFO] - [0, 20, 50], []
[2025-01-29 13:26:48,795][__main__][INFO] - [0, 20, 51], []
[2025-01-29 13:26:48,863][__main__][INFO] - [0, 20, 52], []
[2025-01-29 13:26:48,936][__main__][INFO] - [0, 20, 53], []
[2025-01-29 13:26:49,014][__main__][INFO] - [0, 20, 54], []
[2025-01-29 13:26:49,087][__main__][INFO] - [0, 20, 55], []
[2025-01-29 13:26:49,160][__main__][INFO] - [0, 20, 56], []
[2025-01-29 13:26:49,229][__main__][INFO] - [0, 20, 57], []
[2025-01-29 13:26:49,292][__main__][INFO] - [0, 20, 58], []
[2025-01-29 13:26:49,350][__main__][INFO] - [0, 20, 59], []
[2025-01-29 13:26:49,753][__main__][INFO] - [0, 21, 26], []
[2025-01-29 13:26:49,797][__main__][INFO] - [0, 21], [26]
[2025-01-29 13:26:49,969][__main__][INFO] - [0, 21, 28], []
[2025-01-29 13:26:50,035][__main__][INFO] - [0, 21, 29], []
[2025-01-29 13:26:50,161][__main__][INFO] - [0, 21, 30], []
[2025-01-29 13:26:50,209][__main__][INFO] - [0, 21, 32], []
[2025-01-29 13:26:50,380][__main__][INFO] - [0, 21, 33], []
[2025-01-29 13:26:50,438][__main__][INFO] - [0, 21, 36], []
[2025-01-29 13:26:50,469][__main__][INFO] - [0, 21, 37], []
[2025-01-29 13:26:50,615][__main__][INFO] - [0, 21, 38], []
[2025-01-29 13:26:50,647][__main__][INFO] - [0, 21, 39], []
[2025-01-29 13:26:50,691][__main__][INFO] - [0, 21, 40], []
[2025-01-29 13:26:50,717][__main__][INFO] - [0, 21, 41], []
[2025-01-29 13:26:50,888][__main__][INFO] - [0, 21], [41]
[2025-01-29 13:26:50,920][__main__][INFO] - [0, 21, 42], []
[2025-01-29 13:26:50,946][__main__][INFO] - [0, 21], [42]
[2025-01-29 13:26:51,120][__main__][INFO] - [0, 21, 43], []
[2025-01-29 13:26:51,146][__main__][INFO] - [0, 21], [43]
[2025-01-29 13:26:51,320][__main__][INFO] - [0, 21, 44], []
[2025-01-29 13:26:51,490][__main__][INFO] - [0, 21, 45], []
[2025-01-29 13:26:51,521][__main__][INFO] - [0, 21, 46], []
[2025-01-29 13:26:51,547][__main__][INFO] - [0, 21, 47], []
[2025-01-29 13:26:51,650][__main__][INFO] - [0, 21, 48], []
[2025-01-29 13:26:51,737][__main__][INFO] - [0, 21, 49], []
[2025-01-29 13:26:51,767][__main__][INFO] - [0, 21, 50], []
[2025-01-29 13:26:51,794][__main__][INFO] - [0, 21, 51], []
[2025-01-29 13:26:51,826][__main__][INFO] - [0, 21, 52], []
[2025-01-29 13:26:51,860][__main__][INFO] - [0, 21, 53], []
[2025-01-29 13:26:51,893][__main__][INFO] - [0, 21, 54], []
[2025-01-29 13:26:51,919][__main__][INFO] - [0, 21, 55], []
[2025-01-29 13:26:51,951][__main__][INFO] - [0, 21, 56], []
[2025-01-29 13:26:51,983][__main__][INFO] - [0, 21, 57], []
[2025-01-29 13:26:52,010][__main__][INFO] - [0, 21, 58], []
[2025-01-29 13:26:52,035][__main__][INFO] - [0, 21, 59], []
[2025-01-29 13:26:52,134][__main__][INFO] - [0, 22, 26], []
[2025-01-29 13:26:52,180][__main__][INFO] - [0, 22], [26]
[2025-01-29 13:26:52,358][__main__][INFO] - [0, 22, 28], []
[2025-01-29 13:26:52,462][__main__][INFO] - [0, 22, 29], []
[2025-01-29 13:26:52,556][__main__][INFO] - [0, 22, 30], []
[2025-01-29 13:26:52,602][__main__][INFO] - [0, 22, 32], []
[2025-01-29 13:26:52,784][__main__][INFO] - [0, 22, 33], []
[2025-01-29 13:26:52,844][__main__][INFO] - [0, 22, 36], []
[2025-01-29 13:26:52,876][__main__][INFO] - [0, 22, 37], []
[2025-01-29 13:26:53,029][__main__][INFO] - [0, 22, 38], []
[2025-01-29 13:26:53,063][__main__][INFO] - [0, 22, 39], []
[2025-01-29 13:26:53,090][__main__][INFO] - [0, 22, 40], []
[2025-01-29 13:26:53,115][__main__][INFO] - [0, 22, 41], []
[2025-01-29 13:26:53,296][__main__][INFO] - [0, 22], [41]
[2025-01-29 13:26:53,327][__main__][INFO] - [0, 22, 42], []
[2025-01-29 13:26:53,359][__main__][INFO] - [0, 22], [42]
[2025-01-29 13:26:53,538][__main__][INFO] - [0, 22, 43], []
[2025-01-29 13:26:53,565][__main__][INFO] - [0, 22], [43]
[2025-01-29 13:26:53,745][__main__][INFO] - [0, 22, 44], []
[2025-01-29 13:26:53,926][__main__][INFO] - [0, 22, 45], []
[2025-01-29 13:26:53,952][__main__][INFO] - [0, 22, 46], []
[2025-01-29 13:26:53,980][__main__][INFO] - [0, 22, 47], []
[2025-01-29 13:26:54,083][__main__][INFO] - [0, 22, 48], []
[2025-01-29 13:26:54,182][__main__][INFO] - [0, 22, 49], []
[2025-01-29 13:26:54,212][__main__][INFO] - [0, 22, 50], []
[2025-01-29 13:26:54,246][__main__][INFO] - [0, 22, 51], []
[2025-01-29 13:26:54,283][__main__][INFO] - [0, 22, 52], []
[2025-01-29 13:26:54,310][__main__][INFO] - [0, 22, 53], []
[2025-01-29 13:26:54,337][__main__][INFO] - [0, 22, 54], []
[2025-01-29 13:26:54,375][__main__][INFO] - [0, 22, 55], []
[2025-01-29 13:26:54,411][__main__][INFO] - [0, 22, 56], []
[2025-01-29 13:26:54,445][__main__][INFO] - [0, 22, 57], []
[2025-01-29 13:26:54,472][__main__][INFO] - [0, 22, 58], []
[2025-01-29 13:26:54,503][__main__][INFO] - [0, 22, 59], []
[2025-01-29 13:26:54,566][__main__][INFO] - [0, 23, 26], []
[2025-01-29 13:26:54,598][__main__][INFO] - [0, 23], [26]
[2025-01-29 13:26:54,664][__main__][INFO] - [0, 23, 28], []
[2025-01-29 13:26:54,697][__main__][INFO] - [0, 23, 29], []
[2025-01-29 13:26:54,740][__main__][INFO] - [0, 23, 30], []
[2025-01-29 13:26:54,784][__main__][INFO] - [0, 23, 32], []
[2025-01-29 13:26:54,838][__main__][INFO] - [0, 23, 33], []
[2025-01-29 13:26:54,899][__main__][INFO] - [0, 23, 36], []
[2025-01-29 13:26:54,927][__main__][INFO] - [0, 23, 37], []
[2025-01-29 13:26:54,975][__main__][INFO] - [0, 23, 38], []
[2025-01-29 13:26:55,004][__main__][INFO] - [0, 23, 39], []
[2025-01-29 13:26:55,034][__main__][INFO] - [0, 23, 40], []
[2025-01-29 13:26:55,061][__main__][INFO] - [0, 23, 41], []
[2025-01-29 13:26:55,112][__main__][INFO] - [0, 23], [41]
[2025-01-29 13:26:55,142][__main__][INFO] - [0, 23, 42], []
[2025-01-29 13:26:55,170][__main__][INFO] - [0, 23], [42]
[2025-01-29 13:26:55,224][__main__][INFO] - [0, 23, 43], []
[2025-01-29 13:26:55,250][__main__][INFO] - [0, 23], [43]
[2025-01-29 13:26:55,304][__main__][INFO] - [0, 23, 44], []
[2025-01-29 13:26:55,357][__main__][INFO] - [0, 23, 45], []
[2025-01-29 13:26:55,386][__main__][INFO] - [0, 23, 46], []
[2025-01-29 13:26:55,412][__main__][INFO] - [0, 23, 47], []
[2025-01-29 13:26:55,456][__main__][INFO] - [0, 23, 48], []
[2025-01-29 13:26:55,492][__main__][INFO] - [0, 23, 49], []
[2025-01-29 13:26:55,518][__main__][INFO] - [0, 23, 50], []
[2025-01-29 13:26:55,547][__main__][INFO] - [0, 23, 51], []
[2025-01-29 13:26:55,575][__main__][INFO] - [0, 23, 52], []
[2025-01-29 13:26:55,601][__main__][INFO] - [0, 23, 53], []
[2025-01-29 13:26:55,629][__main__][INFO] - [0, 23, 54], []
[2025-01-29 13:26:55,657][__main__][INFO] - [0, 23, 55], []
[2025-01-29 13:26:55,686][__main__][INFO] - [0, 23, 56], []
[2025-01-29 13:26:55,714][__main__][INFO] - [0, 23, 57], []
[2025-01-29 13:26:55,742][__main__][INFO] - [0, 23, 58], []
[2025-01-29 13:26:55,769][__main__][INFO] - [0, 23, 59], []
[2025-01-29 13:26:55,820][__main__][INFO] - [0, 24, 26], []
[2025-01-29 13:26:55,845][__main__][INFO] - [0, 24], [26]
[2025-01-29 13:26:55,887][__main__][INFO] - [0, 24, 28], []
[2025-01-29 13:26:55,913][__main__][INFO] - [0, 24, 29], []
[2025-01-29 13:26:55,940][__main__][INFO] - [0, 24, 30], []
[2025-01-29 13:26:55,983][__main__][INFO] - [0, 24, 32], []
[2025-01-29 13:26:56,059][__main__][INFO] - [0, 24, 36], []
[2025-01-29 13:26:56,086][__main__][INFO] - [0, 24, 37], []
[2025-01-29 13:26:56,112][__main__][INFO] - [0, 24, 38], []
[2025-01-29 13:26:56,138][__main__][INFO] - [0, 24, 39], []
[2025-01-29 13:26:56,181][__main__][INFO] - [0, 24, 41], []
[2025-01-29 13:26:56,208][__main__][INFO] - [0, 24], [41]
[2025-01-29 13:26:56,234][__main__][INFO] - [0, 24, 42], []
[2025-01-29 13:26:56,260][__main__][INFO] - [0, 24], [42]
[2025-01-29 13:26:56,287][__main__][INFO] - [0, 24, 43], []
[2025-01-29 13:26:56,313][__main__][INFO] - [0, 24], [43]
[2025-01-29 13:26:56,338][__main__][INFO] - [0, 24, 44], []
[2025-01-29 13:26:56,363][__main__][INFO] - [0, 24, 45], []
[2025-01-29 13:26:56,405][__main__][INFO] - [0, 24, 47], []
[2025-01-29 13:26:56,430][__main__][INFO] - [0, 24, 48], []
[2025-01-29 13:26:56,457][__main__][INFO] - [0, 24, 49], []
[2025-01-29 13:26:56,483][__main__][INFO] - [0, 24, 50], []
[2025-01-29 13:26:56,509][__main__][INFO] - [0, 24, 51], []
[2025-01-29 13:26:56,535][__main__][INFO] - [0, 24, 52], []
[2025-01-29 13:26:56,562][__main__][INFO] - [0, 24, 53], []
[2025-01-29 13:26:56,588][__main__][INFO] - [0, 24, 54], []
[2025-01-29 13:26:56,614][__main__][INFO] - [0, 24, 55], []
[2025-01-29 13:26:56,640][__main__][INFO] - [0, 24, 56], []
[2025-01-29 13:26:56,666][__main__][INFO] - [0, 24, 57], []
[2025-01-29 13:26:56,693][__main__][INFO] - [0, 24, 58], []
[2025-01-29 13:26:56,719][__main__][INFO] - [0, 24, 59], []
[2025-01-29 13:26:56,761][__main__][INFO] - [0, 25, 26], []
[2025-01-29 13:26:56,787][__main__][INFO] - [0, 25], [26]
[2025-01-29 13:26:56,830][__main__][INFO] - [0, 25, 28], []
[2025-01-29 13:26:56,857][__main__][INFO] - [0, 25, 29], []
[2025-01-29 13:26:56,882][__main__][INFO] - [0, 25, 30], []
[2025-01-29 13:26:56,923][__main__][INFO] - [0, 25, 32], []
[2025-01-29 13:26:56,999][__main__][INFO] - [0, 25, 36], []
[2025-01-29 13:26:57,025][__main__][INFO] - [0, 25, 37], []
[2025-01-29 13:26:57,051][__main__][INFO] - [0, 25, 38], []
[2025-01-29 13:26:57,077][__main__][INFO] - [0, 25, 39], []
[2025-01-29 13:26:57,120][__main__][INFO] - [0, 25, 41], []
[2025-01-29 13:26:57,147][__main__][INFO] - [0, 25], [41]
[2025-01-29 13:26:57,190][__main__][INFO] - [0, 25], [42]
[2025-01-29 13:26:57,233][__main__][INFO] - [0, 25], [43]
[2025-01-29 13:26:57,259][__main__][INFO] - [0, 25, 44], []
[2025-01-29 13:26:57,286][__main__][INFO] - [0, 25, 45], []
[2025-01-29 13:26:57,328][__main__][INFO] - [0, 25, 47], []
[2025-01-29 13:26:57,355][__main__][INFO] - [0, 25, 48], []
[2025-01-29 13:26:57,397][__main__][INFO] - [0, 25, 50], []
[2025-01-29 13:26:57,422][__main__][INFO] - [0, 25, 51], []
[2025-01-29 13:26:57,479][__main__][INFO] - [0, 25, 54], []
[2025-01-29 13:26:57,505][__main__][INFO] - [0, 25, 55], []
[2025-01-29 13:26:57,531][__main__][INFO] - [0, 25, 56], []
[2025-01-29 13:26:57,557][__main__][INFO] - [0, 25, 57], []
[2025-01-29 13:26:57,583][__main__][INFO] - [0, 25, 58], []
[2025-01-29 13:26:57,610][__main__][INFO] - [0, 25, 59], []
[2025-01-29 13:26:57,652][__main__][INFO] - [0, 26, 27], []
[2025-01-29 13:26:57,844][__main__][INFO] - [0, 26, 28], []
[2025-01-29 13:26:57,871][__main__][INFO] - [0, 26, 29], []
[2025-01-29 13:26:57,928][__main__][INFO] - [0, 26, 30], []
[2025-01-29 13:26:57,955][__main__][INFO] - [0, 26, 31], []
[2025-01-29 13:26:57,980][__main__][INFO] - [0, 26, 32], []
[2025-01-29 13:26:58,240][__main__][INFO] - [0, 26, 33], []
[2025-01-29 13:26:58,286][__main__][INFO] - [0, 26, 35], []
[2025-01-29 13:26:58,312][__main__][INFO] - [0, 26, 36], []
[2025-01-29 13:26:58,345][__main__][INFO] - [0, 26, 37], []
[2025-01-29 13:26:58,488][__main__][INFO] - [0, 26, 38], []
[2025-01-29 13:26:58,554][__main__][INFO] - [0, 26, 39], []
[2025-01-29 13:26:58,606][__main__][INFO] - [0, 26, 40], []
[2025-01-29 13:26:58,635][__main__][INFO] - [0, 26, 41], []
[2025-01-29 13:26:58,706][__main__][INFO] - [0, 26], [41]
[2025-01-29 13:26:58,906][__main__][INFO] - [0, 26, 42], []
[2025-01-29 13:26:58,979][__main__][INFO] - [0, 26], [42]
[2025-01-29 13:26:59,167][__main__][INFO] - [0, 26, 43], []
[2025-01-29 13:26:59,228][__main__][INFO] - [0, 26], [43]
[2025-01-29 13:26:59,436][__main__][INFO] - [0, 26, 44], []
[2025-01-29 13:26:59,596][__main__][INFO] - [0, 26, 45], []
[2025-01-29 13:26:59,689][__main__][INFO] - [0, 26, 46], []
[2025-01-29 13:26:59,716][__main__][INFO] - [0, 26, 47], []
[2025-01-29 13:26:59,929][__main__][INFO] - [0, 26, 48], []
[2025-01-29 13:26:59,991][__main__][INFO] - [0, 26, 49], []
[2025-01-29 13:27:00,018][__main__][INFO] - [0, 26, 50], []
[2025-01-29 13:27:00,066][__main__][INFO] - [0, 26, 51], []
[2025-01-29 13:27:00,105][__main__][INFO] - [0, 26, 52], []
[2025-01-29 13:27:00,144][__main__][INFO] - [0, 26, 53], []
[2025-01-29 13:27:00,183][__main__][INFO] - [0, 26, 54], []
[2025-01-29 13:27:00,220][__main__][INFO] - [0, 26, 55], []
[2025-01-29 13:27:00,255][__main__][INFO] - [0, 26, 56], []
[2025-01-29 13:27:00,289][__main__][INFO] - [0, 26, 57], []
[2025-01-29 13:27:00,321][__main__][INFO] - [0, 26, 58], []
[2025-01-29 13:27:00,354][__main__][INFO] - [0, 26, 59], []
[2025-01-29 13:27:00,429][__main__][INFO] - [0, 27], [26]
[2025-01-29 13:27:01,436][__main__][INFO] - [0, 28], [26]
[2025-01-29 13:27:01,579][__main__][INFO] - [0, 29], [26]
[2025-01-29 13:27:01,766][__main__][INFO] - [0, 30], [26]
[2025-01-29 13:27:01,805][__main__][INFO] - [0, 31], [26]
[2025-01-29 13:27:01,833][__main__][INFO] - [0, 32], [26]
[2025-01-29 13:27:02,950][__main__][INFO] - [0, 33], [26]
[2025-01-29 13:27:02,983][__main__][INFO] - [0, 34], [26]
[2025-01-29 13:27:03,011][__main__][INFO] - [0, 35], [26]
[2025-01-29 13:27:03,039][__main__][INFO] - [0, 36], [26]
[2025-01-29 13:27:03,309][__main__][INFO] - [0, 37], [26]
[2025-01-29 13:27:04,076][__main__][INFO] - [0, 38], [26]
[2025-01-29 13:27:04,382][__main__][INFO] - [0, 39], [26]
[2025-01-29 13:27:04,577][__main__][INFO] - [0, 40], [26]
[2025-01-29 13:27:04,615][__main__][INFO] - [0, 41], [26]
[2025-01-29 13:27:04,941][__main__][INFO] - [0], [26, 41]
[2025-01-29 13:27:06,042][__main__][INFO] - [0], [26, 42]
[2025-01-29 13:27:07,629][__main__][INFO] - [0], [26, 43]
[2025-01-29 13:27:09,157][__main__][INFO] - [0, 44], [26]
[2025-01-29 13:27:10,620][__main__][INFO] - [0, 46], [26]
[2025-01-29 13:27:10,704][__main__][INFO] - [0, 47], [26]
[2025-01-29 13:27:11,406][__main__][INFO] - [0, 48], [26]
[2025-01-29 13:27:12,028][__main__][INFO] - [0, 49], [26]
[2025-01-29 13:27:12,080][__main__][INFO] - [0, 50], [26]
[2025-01-29 13:27:12,167][__main__][INFO] - [0, 51], [26]
[2025-01-29 13:27:12,243][__main__][INFO] - [0, 52], [26]
[2025-01-29 13:27:12,325][__main__][INFO] - [0, 53], [26]
[2025-01-29 13:27:12,414][__main__][INFO] - [0, 54], [26]
[2025-01-29 13:27:12,499][__main__][INFO] - [0, 55], [26]
[2025-01-29 13:27:12,580][__main__][INFO] - [0, 56], [26]
[2025-01-29 13:27:12,655][__main__][INFO] - [0, 57], [26]
[2025-01-29 13:27:12,726][__main__][INFO] - [0, 58], [26]
[2025-01-29 13:27:12,792][__main__][INFO] - [0, 59], [26]
[2025-01-29 13:27:13,263][__main__][INFO] - [0, 27, 32], []
[2025-01-29 13:27:14,207][__main__][INFO] - [0, 27, 33], []
[2025-01-29 13:27:14,242][__main__][INFO] - [0, 27, 34], []
[2025-01-29 13:27:14,269][__main__][INFO] - [0, 27, 35], []
[2025-01-29 13:27:14,298][__main__][INFO] - [0, 27, 36], []
[2025-01-29 13:27:14,558][__main__][INFO] - [0, 27, 37], []
[2025-01-29 13:27:15,133][__main__][INFO] - [0, 27, 38], []
[2025-01-29 13:27:15,468][__main__][INFO] - [0, 27, 39], []
[2025-01-29 13:27:15,641][__main__][INFO] - [0, 27, 40], []
[2025-01-29 13:27:15,696][__main__][INFO] - [0, 27], [41]
[2025-01-29 13:27:17,088][__main__][INFO] - [0, 27, 42], []
[2025-01-29 13:27:17,145][__main__][INFO] - [0, 27], [42]
[2025-01-29 13:27:18,418][__main__][INFO] - [0, 27, 43], []
[2025-01-29 13:27:18,467][__main__][INFO] - [0, 27], [43]
[2025-01-29 13:27:19,764][__main__][INFO] - [0, 27, 44], []
[2025-01-29 13:27:20,901][__main__][INFO] - [0, 27, 45], []
[2025-01-29 13:27:20,974][__main__][INFO] - [0, 27, 46], []
[2025-01-29 13:27:21,053][__main__][INFO] - [0, 27, 47], []
[2025-01-29 13:27:21,738][__main__][INFO] - [0, 27, 48], []
[2025-01-29 13:27:22,218][__main__][INFO] - [0, 27, 49], []
[2025-01-29 13:27:22,260][__main__][INFO] - [0, 27, 50], []
[2025-01-29 13:27:22,347][__main__][INFO] - [0, 27, 51], []
[2025-01-29 13:27:22,415][__main__][INFO] - [0, 27, 52], []
[2025-01-29 13:27:22,489][__main__][INFO] - [0, 27, 53], []
[2025-01-29 13:27:22,567][__main__][INFO] - [0, 27, 54], []
[2025-01-29 13:27:22,639][__main__][INFO] - [0, 27, 55], []
[2025-01-29 13:27:22,709][__main__][INFO] - [0, 27, 56], []
[2025-01-29 13:27:22,780][__main__][INFO] - [0, 27, 57], []
[2025-01-29 13:27:22,844][__main__][INFO] - [0, 27, 58], []
[2025-01-29 13:27:22,902][__main__][INFO] - [0, 27, 59], []
[2025-01-29 13:27:23,297][__main__][INFO] - [0, 28, 32], []
[2025-01-29 13:27:23,452][__main__][INFO] - [0, 28, 33], []
[2025-01-29 13:27:23,511][__main__][INFO] - [0, 28, 36], []
[2025-01-29 13:27:23,538][__main__][INFO] - [0, 28, 37], []
[2025-01-29 13:27:23,677][__main__][INFO] - [0, 28, 38], []
[2025-01-29 13:27:23,708][__main__][INFO] - [0, 28, 39], []
[2025-01-29 13:27:23,747][__main__][INFO] - [0, 28, 40], []
[2025-01-29 13:27:23,773][__main__][INFO] - [0, 28, 41], []
[2025-01-29 13:27:23,954][__main__][INFO] - [0, 28, 42], []
[2025-01-29 13:27:23,981][__main__][INFO] - [0, 28], [42]
[2025-01-29 13:27:24,153][__main__][INFO] - [0, 28, 43], []
[2025-01-29 13:27:24,181][__main__][INFO] - [0, 28], [43]
[2025-01-29 13:27:24,333][__main__][INFO] - [0, 28, 44], []
[2025-01-29 13:27:24,486][__main__][INFO] - [0, 28, 45], []
[2025-01-29 13:27:24,512][__main__][INFO] - [0, 28, 46], []
[2025-01-29 13:27:24,539][__main__][INFO] - [0, 28, 47], []
[2025-01-29 13:27:24,610][__main__][INFO] - [0, 28, 48], []
[2025-01-29 13:27:24,711][__main__][INFO] - [0, 28, 49], []
[2025-01-29 13:27:24,741][__main__][INFO] - [0, 28, 50], []
[2025-01-29 13:27:24,777][__main__][INFO] - [0, 28, 51], []
[2025-01-29 13:27:24,812][__main__][INFO] - [0, 28, 52], []
[2025-01-29 13:27:24,839][__main__][INFO] - [0, 28, 53], []
[2025-01-29 13:27:24,876][__main__][INFO] - [0, 28, 54], []
[2025-01-29 13:27:24,910][__main__][INFO] - [0, 28, 55], []
[2025-01-29 13:27:24,943][__main__][INFO] - [0, 28, 56], []
[2025-01-29 13:27:24,975][__main__][INFO] - [0, 28, 57], []
[2025-01-29 13:27:25,001][__main__][INFO] - [0, 28, 58], []
[2025-01-29 13:27:25,027][__main__][INFO] - [0, 28, 59], []
[2025-01-29 13:27:25,091][__main__][INFO] - [0, 29, 32], []
[2025-01-29 13:27:25,311][__main__][INFO] - [0, 29, 33], []
[2025-01-29 13:27:25,355][__main__][INFO] - [0, 29, 35], []
[2025-01-29 13:27:25,381][__main__][INFO] - [0, 29, 36], []
[2025-01-29 13:27:25,411][__main__][INFO] - [0, 29, 37], []
[2025-01-29 13:27:25,595][__main__][INFO] - [0, 29, 38], []
[2025-01-29 13:27:25,631][__main__][INFO] - [0, 29, 39], []
[2025-01-29 13:27:25,679][__main__][INFO] - [0, 29, 40], []
[2025-01-29 13:27:25,705][__main__][INFO] - [0, 29, 41], []
[2025-01-29 13:27:25,952][__main__][INFO] - [0, 29, 42], []
[2025-01-29 13:27:25,986][__main__][INFO] - [0, 29], [42]
[2025-01-29 13:27:26,198][__main__][INFO] - [0, 29, 43], []
[2025-01-29 13:27:26,224][__main__][INFO] - [0, 29], [43]
[2025-01-29 13:27:26,442][__main__][INFO] - [0, 29, 44], []
[2025-01-29 13:27:26,653][__main__][INFO] - [0, 29, 45], []
[2025-01-29 13:27:26,689][__main__][INFO] - [0, 29, 46], []
[2025-01-29 13:27:26,716][__main__][INFO] - [0, 29, 47], []
[2025-01-29 13:27:26,861][__main__][INFO] - [0, 29, 48], []
[2025-01-29 13:27:26,952][__main__][INFO] - [0, 29, 49], []
[2025-01-29 13:27:26,982][__main__][INFO] - [0, 29, 50], []
[2025-01-29 13:27:27,015][__main__][INFO] - [0, 29, 51], []
[2025-01-29 13:27:27,050][__main__][INFO] - [0, 29, 52], []
[2025-01-29 13:27:27,087][__main__][INFO] - [0, 29, 53], []
[2025-01-29 13:27:27,124][__main__][INFO] - [0, 29, 54], []
[2025-01-29 13:27:27,159][__main__][INFO] - [0, 29, 55], []
[2025-01-29 13:27:27,195][__main__][INFO] - [0, 29, 56], []
[2025-01-29 13:27:27,230][__main__][INFO] - [0, 29, 57], []
[2025-01-29 13:27:27,264][__main__][INFO] - [0, 29, 58], []
[2025-01-29 13:27:27,297][__main__][INFO] - [0, 29, 59], []
[2025-01-29 13:27:27,400][__main__][INFO] - [0, 30, 32], []
[2025-01-29 13:27:27,436][__main__][INFO] - [0, 30, 33], []
[2025-01-29 13:27:27,496][__main__][INFO] - [0, 30, 36], []
[2025-01-29 13:27:27,526][__main__][INFO] - [0, 30, 37], []
[2025-01-29 13:27:27,558][__main__][INFO] - [0, 30, 38], []
[2025-01-29 13:27:27,588][__main__][INFO] - [0, 30, 39], []
[2025-01-29 13:27:27,618][__main__][INFO] - [0, 30, 40], []
[2025-01-29 13:27:27,662][__main__][INFO] - [0, 30], [41]
[2025-01-29 13:27:27,702][__main__][INFO] - [0, 30, 42], []
[2025-01-29 13:27:27,728][__main__][INFO] - [0, 30], [42]
[2025-01-29 13:27:27,768][__main__][INFO] - [0, 30, 43], []
[2025-01-29 13:27:27,794][__main__][INFO] - [0, 30], [43]
[2025-01-29 13:27:27,835][__main__][INFO] - [0, 30, 44], []
[2025-01-29 13:27:27,873][__main__][INFO] - [0, 30, 45], []
[2025-01-29 13:27:27,900][__main__][INFO] - [0, 30, 46], []
[2025-01-29 13:27:27,925][__main__][INFO] - [0, 30, 47], []
[2025-01-29 13:27:27,958][__main__][INFO] - [0, 30, 48], []
[2025-01-29 13:27:27,990][__main__][INFO] - [0, 30, 49], []
[2025-01-29 13:27:28,017][__main__][INFO] - [0, 30, 50], []
[2025-01-29 13:27:28,045][__main__][INFO] - [0, 30, 51], []
[2025-01-29 13:27:28,073][__main__][INFO] - [0, 30, 52], []
[2025-01-29 13:27:28,099][__main__][INFO] - [0, 30, 53], []
[2025-01-29 13:27:28,125][__main__][INFO] - [0, 30, 54], []
[2025-01-29 13:27:28,153][__main__][INFO] - [0, 30, 55], []
[2025-01-29 13:27:28,181][__main__][INFO] - [0, 30, 56], []
[2025-01-29 13:27:28,208][__main__][INFO] - [0, 30, 57], []
[2025-01-29 13:27:28,235][__main__][INFO] - [0, 30, 58], []
[2025-01-29 13:27:28,262][__main__][INFO] - [0, 30, 59], []
[2025-01-29 13:27:28,309][__main__][INFO] - [0, 31, 32], []
[2025-01-29 13:27:28,387][__main__][INFO] - [0, 31, 36], []
[2025-01-29 13:27:28,414][__main__][INFO] - [0, 31, 37], []
[2025-01-29 13:27:28,441][__main__][INFO] - [0, 31, 38], []
[2025-01-29 13:27:28,466][__main__][INFO] - [0, 31, 39], []
[2025-01-29 13:27:28,525][__main__][INFO] - [0, 31], [41]
[2025-01-29 13:27:28,570][__main__][INFO] - [0, 31], [42]
[2025-01-29 13:27:28,615][__main__][INFO] - [0, 31], [43]
[2025-01-29 13:27:28,644][__main__][INFO] - [0, 31, 44], []
[2025-01-29 13:27:28,706][__main__][INFO] - [0, 31, 47], []
[2025-01-29 13:27:28,734][__main__][INFO] - [0, 31, 48], []
[2025-01-29 13:27:28,779][__main__][INFO] - [0, 31, 50], []
[2025-01-29 13:27:28,805][__main__][INFO] - [0, 31, 51], []
[2025-01-29 13:27:28,831][__main__][INFO] - [0, 31, 52], []
[2025-01-29 13:27:28,858][__main__][INFO] - [0, 31, 53], []
[2025-01-29 13:27:28,884][__main__][INFO] - [0, 31, 54], []
[2025-01-29 13:27:28,910][__main__][INFO] - [0, 31, 55], []
[2025-01-29 13:27:28,953][__main__][INFO] - [0, 31, 57], []
[2025-01-29 13:27:28,994][__main__][INFO] - [0, 31, 59], []
[2025-01-29 13:27:29,036][__main__][INFO] - [0, 32, 37], []
[2025-01-29 13:27:29,823][__main__][INFO] - [0, 32, 38], []
[2025-01-29 13:27:30,110][__main__][INFO] - [0, 32, 39], []
[2025-01-29 13:27:30,290][__main__][INFO] - [0, 32, 40], []
[2025-01-29 13:27:30,327][__main__][INFO] - [0, 32, 41], []
[2025-01-29 13:27:30,697][__main__][INFO] - [0, 32], [41]
[2025-01-29 13:27:31,704][__main__][INFO] - [0, 32, 42], []
[2025-01-29 13:27:31,774][__main__][INFO] - [0, 32], [42]
[2025-01-29 13:27:33,253][__main__][INFO] - [0, 32, 43], []
[2025-01-29 13:27:33,310][__main__][INFO] - [0, 32], [43]
[2025-01-29 13:27:34,799][__main__][INFO] - [0, 32, 44], []
[2025-01-29 13:27:36,273][__main__][INFO] - [0, 32, 45], []
[2025-01-29 13:27:36,400][__main__][INFO] - [0, 32, 47], []
[2025-01-29 13:27:37,082][__main__][INFO] - [0, 32, 48], []
[2025-01-29 13:27:37,706][__main__][INFO] - [0, 32, 49], []
[2025-01-29 13:27:37,757][__main__][INFO] - [0, 32, 50], []
[2025-01-29 13:27:37,854][__main__][INFO] - [0, 32, 51], []
[2025-01-29 13:27:37,929][__main__][INFO] - [0, 32, 52], []
[2025-01-29 13:27:38,010][__main__][INFO] - [0, 32, 53], []
[2025-01-29 13:27:38,098][__main__][INFO] - [0, 32, 54], []
[2025-01-29 13:27:38,182][__main__][INFO] - [0, 32, 55], []
[2025-01-29 13:27:38,258][__main__][INFO] - [0, 32, 56], []
[2025-01-29 13:27:38,333][__main__][INFO] - [0, 32, 57], []
[2025-01-29 13:27:38,402][__main__][INFO] - [0, 32, 58], []
[2025-01-29 13:27:38,465][__main__][INFO] - [0, 32, 59], []
[2025-01-29 13:27:38,886][__main__][INFO] - [0, 33, 37], []
[2025-01-29 13:27:38,917][__main__][INFO] - [0, 33, 38], []
[2025-01-29 13:27:38,946][__main__][INFO] - [0, 33, 39], []
[2025-01-29 13:27:38,974][__main__][INFO] - [0, 33, 40], []
[2025-01-29 13:27:39,002][__main__][INFO] - [0, 33, 41], []
[2025-01-29 13:27:39,037][__main__][INFO] - [0, 33], [41]
[2025-01-29 13:27:39,073][__main__][INFO] - [0, 33, 42], []
[2025-01-29 13:27:39,100][__main__][INFO] - [0, 33], [42]
[2025-01-29 13:27:39,135][__main__][INFO] - [0, 33, 43], []
[2025-01-29 13:27:39,161][__main__][INFO] - [0, 33], [43]
[2025-01-29 13:27:39,195][__main__][INFO] - [0, 33, 44], []
[2025-01-29 13:27:39,229][__main__][INFO] - [0, 33, 45], []
[2025-01-29 13:27:39,274][__main__][INFO] - [0, 33, 47], []
[2025-01-29 13:27:39,306][__main__][INFO] - [0, 33, 48], []
[2025-01-29 13:27:39,336][__main__][INFO] - [0, 33, 49], []
[2025-01-29 13:27:39,364][__main__][INFO] - [0, 33, 50], []
[2025-01-29 13:27:39,390][__main__][INFO] - [0, 33, 51], []
[2025-01-29 13:27:39,416][__main__][INFO] - [0, 33, 52], []
[2025-01-29 13:27:39,444][__main__][INFO] - [0, 33, 53], []
[2025-01-29 13:27:39,472][__main__][INFO] - [0, 33, 54], []
[2025-01-29 13:27:39,499][__main__][INFO] - [0, 33, 55], []
[2025-01-29 13:27:39,527][__main__][INFO] - [0, 33, 56], []
[2025-01-29 13:27:39,555][__main__][INFO] - [0, 33, 57], []
[2025-01-29 13:27:39,582][__main__][INFO] - [0, 33, 58], []
[2025-01-29 13:27:39,608][__main__][INFO] - [0, 33, 59], []
[2025-01-29 13:27:39,654][__main__][INFO] - [0, 34, 37], []
[2025-01-29 13:27:39,681][__main__][INFO] - [0, 34, 38], []
[2025-01-29 13:27:39,707][__main__][INFO] - [0, 34, 39], []
[2025-01-29 13:27:39,765][__main__][INFO] - [0, 34], [41]
[2025-01-29 13:27:39,810][__main__][INFO] - [0, 34], [42]
[2025-01-29 13:27:39,855][__main__][INFO] - [0, 34], [43]
[2025-01-29 13:27:39,883][__main__][INFO] - [0, 34, 44], []
[2025-01-29 13:27:39,961][__main__][INFO] - [0, 34, 48], []
[2025-01-29 13:27:39,990][__main__][INFO] - [0, 34, 49], []
[2025-01-29 13:27:40,017][__main__][INFO] - [0, 34, 50], []
[2025-01-29 13:27:40,177][__main__][INFO] - [0, 34, 59], []
[2025-01-29 13:27:40,220][__main__][INFO] - [0, 35, 37], []
[2025-01-29 13:27:40,246][__main__][INFO] - [0, 35, 38], []
[2025-01-29 13:27:40,272][__main__][INFO] - [0, 35, 39], []
[2025-01-29 13:27:40,316][__main__][INFO] - [0, 35, 41], []
[2025-01-29 13:27:40,342][__main__][INFO] - [0, 35], [41]
[2025-01-29 13:27:40,387][__main__][INFO] - [0, 35], [42]
[2025-01-29 13:27:40,433][__main__][INFO] - [0, 35], [43]
[2025-01-29 13:27:40,461][__main__][INFO] - [0, 35, 44], []
[2025-01-29 13:27:40,523][__main__][INFO] - [0, 35, 47], []
[2025-01-29 13:27:40,550][__main__][INFO] - [0, 35, 48], []
[2025-01-29 13:27:40,595][__main__][INFO] - [0, 35, 50], []
[2025-01-29 13:27:40,622][__main__][INFO] - [0, 35, 51], []
[2025-01-29 13:27:40,665][__main__][INFO] - [0, 35, 53], []
[2025-01-29 13:27:40,756][__main__][INFO] - [0, 35, 58], []
[2025-01-29 13:27:40,782][__main__][INFO] - [0, 35, 59], []
[2025-01-29 13:27:40,825][__main__][INFO] - [0, 36, 37], []
[2025-01-29 13:27:40,967][__main__][INFO] - [0, 36, 38], []
[2025-01-29 13:27:41,053][__main__][INFO] - [0, 36, 39], []
[2025-01-29 13:27:41,120][__main__][INFO] - [0, 36, 40], []
[2025-01-29 13:27:41,150][__main__][INFO] - [0, 36, 41], []
[2025-01-29 13:27:41,185][__main__][INFO] - [0, 36], [41]
[2025-01-29 13:27:41,452][__main__][INFO] - [0, 36, 42], []
[2025-01-29 13:27:41,480][__main__][INFO] - [0, 36], [42]
[2025-01-29 13:27:41,764][__main__][INFO] - [0, 36, 43], []
[2025-01-29 13:27:41,793][__main__][INFO] - [0, 36], [43]
[2025-01-29 13:27:42,073][__main__][INFO] - [0, 36, 44], []
[2025-01-29 13:27:42,275][__main__][INFO] - [0, 36, 45], []
[2025-01-29 13:27:42,305][__main__][INFO] - [0, 36, 46], []
[2025-01-29 13:27:42,386][__main__][INFO] - [0, 36, 47], []
[2025-01-29 13:27:42,625][__main__][INFO] - [0, 36, 48], []
[2025-01-29 13:27:42,696][__main__][INFO] - [0, 36, 50], []
[2025-01-29 13:27:42,735][__main__][INFO] - [0, 36, 51], []
[2025-01-29 13:27:42,776][__main__][INFO] - [0, 36, 52], []
[2025-01-29 13:27:42,818][__main__][INFO] - [0, 36, 53], []
[2025-01-29 13:27:42,860][__main__][INFO] - [0, 36, 54], []
[2025-01-29 13:27:42,899][__main__][INFO] - [0, 36, 55], []
[2025-01-29 13:27:42,935][__main__][INFO] - [0, 36, 56], []
[2025-01-29 13:27:42,970][__main__][INFO] - [0, 36, 57], []
[2025-01-29 13:27:43,005][__main__][INFO] - [0, 36, 58], []
[2025-01-29 13:27:43,039][__main__][INFO] - [0, 36, 59], []
[2025-01-29 13:27:43,142][__main__][INFO] - [0, 37, 41], []
[2025-01-29 13:27:43,447][__main__][INFO] - [0, 37], [41]
[2025-01-29 13:27:44,054][__main__][INFO] - [0, 37, 42], []
[2025-01-29 13:27:44,104][__main__][INFO] - [0, 37], [42]
[2025-01-29 13:27:45,027][__main__][INFO] - [0, 37, 43], []
[2025-01-29 13:27:45,070][__main__][INFO] - [0, 37], [43]
[2025-01-29 13:27:46,022][__main__][INFO] - [0, 37, 44], []
[2025-01-29 13:27:46,882][__main__][INFO] - [0, 37, 45], []
[2025-01-29 13:27:46,942][__main__][INFO] - [0, 37, 46], []
[2025-01-29 13:27:46,993][__main__][INFO] - [0, 37, 47], []
[2025-01-29 13:27:47,499][__main__][INFO] - [0, 37, 48], []
[2025-01-29 13:27:47,876][__main__][INFO] - [0, 37, 49], []
[2025-01-29 13:27:47,917][__main__][INFO] - [0, 37, 50], []
[2025-01-29 13:27:47,990][__main__][INFO] - [0, 37, 51], []
[2025-01-29 13:27:48,057][__main__][INFO] - [0, 37, 52], []
[2025-01-29 13:27:48,129][__main__][INFO] - [0, 37, 53], []
[2025-01-29 13:27:48,200][__main__][INFO] - [0, 37, 54], []
[2025-01-29 13:27:48,266][__main__][INFO] - [0, 37, 55], []
[2025-01-29 13:27:48,328][__main__][INFO] - [0, 37, 56], []
[2025-01-29 13:27:48,386][__main__][INFO] - [0, 37, 57], []
[2025-01-29 13:27:48,438][__main__][INFO] - [0, 37, 58], []
[2025-01-29 13:27:48,489][__main__][INFO] - [0, 37, 59], []
[2025-01-29 13:27:48,769][__main__][INFO] - [0, 38, 41], []
[2025-01-29 13:27:48,809][__main__][INFO] - [0, 38], [41]
[2025-01-29 13:27:49,141][__main__][INFO] - [0, 38, 42], []
[2025-01-29 13:27:49,177][__main__][INFO] - [0, 38], [42]
[2025-01-29 13:27:49,535][__main__][INFO] - [0, 38, 43], []
[2025-01-29 13:27:49,568][__main__][INFO] - [0, 38], [43]
[2025-01-29 13:27:49,923][__main__][INFO] - [0, 38, 44], []
[2025-01-29 13:27:50,244][__main__][INFO] - [0, 38, 45], []
[2025-01-29 13:27:50,282][__main__][INFO] - [0, 38, 46], []
[2025-01-29 13:27:50,324][__main__][INFO] - [0, 38, 47], []
[2025-01-29 13:27:50,529][__main__][INFO] - [0, 38, 48], []
[2025-01-29 13:27:50,670][__main__][INFO] - [0, 38, 49], []
[2025-01-29 13:27:50,701][__main__][INFO] - [0, 38, 50], []
[2025-01-29 13:27:50,740][__main__][INFO] - [0, 38, 51], []
[2025-01-29 13:27:50,774][__main__][INFO] - [0, 38, 52], []
[2025-01-29 13:27:50,811][__main__][INFO] - [0, 38, 53], []
[2025-01-29 13:27:50,849][__main__][INFO] - [0, 38, 54], []
[2025-01-29 13:27:50,886][__main__][INFO] - [0, 38, 55], []
[2025-01-29 13:27:50,923][__main__][INFO] - [0, 38, 56], []
[2025-01-29 13:27:50,959][__main__][INFO] - [0, 38, 57], []
[2025-01-29 13:27:50,996][__main__][INFO] - [0, 38, 58], []
[2025-01-29 13:27:51,032][__main__][INFO] - [0, 38, 59], []
[2025-01-29 13:27:51,197][__main__][INFO] - [0, 39, 41], []
[2025-01-29 13:27:51,259][__main__][INFO] - [0, 39], [41]
[2025-01-29 13:27:51,440][__main__][INFO] - [0, 39, 42], []
[2025-01-29 13:27:51,471][__main__][INFO] - [0, 39], [42]
[2025-01-29 13:27:51,696][__main__][INFO] - [0, 39, 43], []
[2025-01-29 13:27:51,728][__main__][INFO] - [0, 39], [43]
[2025-01-29 13:27:51,960][__main__][INFO] - [0, 39, 44], []
[2025-01-29 13:27:52,163][__main__][INFO] - [0, 39, 45], []
[2025-01-29 13:27:52,199][__main__][INFO] - [0, 39, 46], []
[2025-01-29 13:27:52,235][__main__][INFO] - [0, 39, 47], []
[2025-01-29 13:27:52,366][__main__][INFO] - [0, 39, 48], []
[2025-01-29 13:27:52,471][__main__][INFO] - [0, 39, 49], []
[2025-01-29 13:27:52,501][__main__][INFO] - [0, 39, 50], []
[2025-01-29 13:27:52,539][__main__][INFO] - [0, 39, 51], []
[2025-01-29 13:27:52,572][__main__][INFO] - [0, 39, 52], []
[2025-01-29 13:27:52,607][__main__][INFO] - [0, 39, 53], []
[2025-01-29 13:27:52,644][__main__][INFO] - [0, 39, 54], []
[2025-01-29 13:27:52,680][__main__][INFO] - [0, 39, 55], []
[2025-01-29 13:27:52,716][__main__][INFO] - [0, 39, 56], []
[2025-01-29 13:27:52,751][__main__][INFO] - [0, 39, 57], []
[2025-01-29 13:27:52,784][__main__][INFO] - [0, 39, 58], []
[2025-01-29 13:27:52,817][__main__][INFO] - [0, 39, 59], []
[2025-01-29 13:27:52,905][__main__][INFO] - [0, 40, 41], []
[2025-01-29 13:27:52,931][__main__][INFO] - [0, 40], [41]
[2025-01-29 13:27:52,971][__main__][INFO] - [0, 40, 42], []
[2025-01-29 13:27:52,999][__main__][INFO] - [0, 40], [42]
[2025-01-29 13:27:53,038][__main__][INFO] - [0, 40, 43], []
[2025-01-29 13:27:53,065][__main__][INFO] - [0, 40], [43]
[2025-01-29 13:27:53,104][__main__][INFO] - [0, 40, 44], []
[2025-01-29 13:27:53,142][__main__][INFO] - [0, 40, 45], []
[2025-01-29 13:27:53,169][__main__][INFO] - [0, 40, 46], []
[2025-01-29 13:27:53,197][__main__][INFO] - [0, 40, 47], []
[2025-01-29 13:27:53,231][__main__][INFO] - [0, 40, 48], []
[2025-01-29 13:27:53,263][__main__][INFO] - [0, 40, 49], []
[2025-01-29 13:27:53,290][__main__][INFO] - [0, 40, 50], []
[2025-01-29 13:27:53,318][__main__][INFO] - [0, 40, 51], []
[2025-01-29 13:27:53,345][__main__][INFO] - [0, 40, 52], []
[2025-01-29 13:27:53,371][__main__][INFO] - [0, 40, 53], []
[2025-01-29 13:27:53,399][__main__][INFO] - [0, 40, 54], []
[2025-01-29 13:27:53,427][__main__][INFO] - [0, 40, 55], []
[2025-01-29 13:27:53,454][__main__][INFO] - [0, 40, 56], []
[2025-01-29 13:27:53,482][__main__][INFO] - [0, 40, 57], []
[2025-01-29 13:27:53,509][__main__][INFO] - [0, 40, 58], []
[2025-01-29 13:27:53,537][__main__][INFO] - [0, 40, 59], []
[2025-01-29 13:27:53,583][__main__][INFO] - [0, 41, 42], []
[2025-01-29 13:27:53,619][__main__][INFO] - [0, 41], [42]
[2025-01-29 13:27:53,994][__main__][INFO] - [0, 41, 43], []
[2025-01-29 13:27:54,020][__main__][INFO] - [0, 41], [43]
[2025-01-29 13:27:54,391][__main__][INFO] - [0, 41, 44], []
[2025-01-29 13:27:54,759][__main__][INFO] - [0, 41, 45], []
[2025-01-29 13:27:54,799][__main__][INFO] - [0, 41, 46], []
[2025-01-29 13:27:54,827][__main__][INFO] - [0, 41, 47], []
[2025-01-29 13:27:55,027][__main__][INFO] - [0, 41, 48], []
[2025-01-29 13:27:55,198][__main__][INFO] - [0, 41, 49], []
[2025-01-29 13:27:55,232][__main__][INFO] - [0, 41, 50], []
[2025-01-29 13:27:55,276][__main__][INFO] - [0, 41, 51], []
[2025-01-29 13:27:55,319][__main__][INFO] - [0, 41, 52], []
[2025-01-29 13:27:55,367][__main__][INFO] - [0, 41, 53], []
[2025-01-29 13:27:55,416][__main__][INFO] - [0, 41, 54], []
[2025-01-29 13:27:55,461][__main__][INFO] - [0, 41, 55], []
[2025-01-29 13:27:55,503][__main__][INFO] - [0, 41, 56], []
[2025-01-29 13:27:55,544][__main__][INFO] - [0, 41, 57], []
[2025-01-29 13:27:55,583][__main__][INFO] - [0, 41, 58], []
[2025-01-29 13:27:55,619][__main__][INFO] - [0, 41, 59], []
[2025-01-29 13:27:55,746][__main__][INFO] - [0, 42], [41]
[2025-01-29 13:27:55,803][__main__][INFO] - [0], [41, 42]
[2025-01-29 13:27:57,173][__main__][INFO] - [0, 43], [41]
[2025-01-29 13:27:57,223][__main__][INFO] - [0], [41, 43]
[2025-01-29 13:27:58,578][__main__][INFO] - [0, 44], [41]
[2025-01-29 13:27:59,755][__main__][INFO] - [0, 45], [41]
[2025-01-29 13:27:59,834][__main__][INFO] - [0, 46], [41]
[2025-01-29 13:27:59,916][__main__][INFO] - [0, 47], [41]
[2025-01-29 13:28:00,616][__main__][INFO] - [0, 48], [41]
[2025-01-29 13:28:01,103][__main__][INFO] - [0, 49], [41]
[2025-01-29 13:28:01,145][__main__][INFO] - [0, 50], [41]
[2025-01-29 13:28:01,235][__main__][INFO] - [0, 51], [41]
[2025-01-29 13:28:01,303][__main__][INFO] - [0, 52], [41]
[2025-01-29 13:28:01,379][__main__][INFO] - [0, 53], [41]
[2025-01-29 13:28:01,460][__main__][INFO] - [0, 54], [41]
[2025-01-29 13:28:01,537][__main__][INFO] - [0, 55], [41]
[2025-01-29 13:28:01,608][__main__][INFO] - [0, 56], [41]
[2025-01-29 13:28:01,676][__main__][INFO] - [0, 57], [41]
[2025-01-29 13:28:01,740][__main__][INFO] - [0, 58], [41]
[2025-01-29 13:28:01,799][__main__][INFO] - [0, 59], [41]
[2025-01-29 13:28:02,198][__main__][INFO] - [0, 42, 43], []
[2025-01-29 13:28:02,234][__main__][INFO] - [0, 42], [43]
[2025-01-29 13:28:02,291][__main__][INFO] - [0, 42, 44], []
[2025-01-29 13:28:02,346][__main__][INFO] - [0, 42, 45], []
[2025-01-29 13:28:02,384][__main__][INFO] - [0, 42, 46], []
[2025-01-29 13:28:02,412][__main__][INFO] - [0, 42, 47], []
[2025-01-29 13:28:02,479][__main__][INFO] - [0, 42, 48], []
[2025-01-29 13:28:02,510][__main__][INFO] - [0, 42, 49], []
[2025-01-29 13:28:02,537][__main__][INFO] - [0, 42, 50], []
[2025-01-29 13:28:02,568][__main__][INFO] - [0, 42, 51], []
[2025-01-29 13:28:02,597][__main__][INFO] - [0, 42, 52], []
[2025-01-29 13:28:02,627][__main__][INFO] - [0, 42, 53], []
[2025-01-29 13:28:02,657][__main__][INFO] - [0, 42, 54], []
[2025-01-29 13:28:02,686][__main__][INFO] - [0, 42, 55], []
[2025-01-29 13:28:02,713][__main__][INFO] - [0, 42, 56], []
[2025-01-29 13:28:02,740][__main__][INFO] - [0, 42, 57], []
[2025-01-29 13:28:02,768][__main__][INFO] - [0, 42, 58], []
[2025-01-29 13:28:02,795][__main__][INFO] - [0, 42, 59], []
[2025-01-29 13:28:02,847][__main__][INFO] - [0, 43], [42]
[2025-01-29 13:28:02,895][__main__][INFO] - [0], [42, 43]
[2025-01-29 13:28:04,772][__main__][INFO] - [0, 44], [42]
[2025-01-29 13:28:06,461][__main__][INFO] - [0, 45], [42]
[2025-01-29 13:28:06,535][__main__][INFO] - [0, 46], [42]
[2025-01-29 13:28:06,619][__main__][INFO] - [0, 47], [42]
[2025-01-29 13:28:07,516][__main__][INFO] - [0, 48], [42]
[2025-01-29 13:28:08,194][__main__][INFO] - [0, 49], [42]
[2025-01-29 13:28:08,246][__main__][INFO] - [0, 50], [42]
[2025-01-29 13:28:08,353][__main__][INFO] - [0, 51], [42]
[2025-01-29 13:28:08,440][__main__][INFO] - [0, 52], [42]
[2025-01-29 13:28:08,539][__main__][INFO] - [0, 53], [42]
[2025-01-29 13:28:08,644][__main__][INFO] - [0, 54], [42]
[2025-01-29 13:28:08,739][__main__][INFO] - [0, 55], [42]
[2025-01-29 13:28:08,827][__main__][INFO] - [0, 56], [42]
[2025-01-29 13:28:08,912][__main__][INFO] - [0, 57], [42]
[2025-01-29 13:28:08,991][__main__][INFO] - [0, 58], [42]
[2025-01-29 13:28:09,067][__main__][INFO] - [0, 59], [42]
[2025-01-29 13:28:09,560][__main__][INFO] - [0, 43, 44], []
[2025-01-29 13:28:09,606][__main__][INFO] - [0, 43, 45], []
[2025-01-29 13:28:09,642][__main__][INFO] - [0, 43, 46], []
[2025-01-29 13:28:09,667][__main__][INFO] - [0, 43, 47], []
[2025-01-29 13:28:09,718][__main__][INFO] - [0, 43, 48], []
[2025-01-29 13:28:09,750][__main__][INFO] - [0, 43, 49], []
[2025-01-29 13:28:09,777][__main__][INFO] - [0, 43, 50], []
[2025-01-29 13:28:09,808][__main__][INFO] - [0, 43, 51], []
[2025-01-29 13:28:09,837][__main__][INFO] - [0, 43, 52], []
[2025-01-29 13:28:09,866][__main__][INFO] - [0, 43, 53], []
[2025-01-29 13:28:09,895][__main__][INFO] - [0, 43, 54], []
[2025-01-29 13:28:09,924][__main__][INFO] - [0, 43, 55], []
[2025-01-29 13:28:09,953][__main__][INFO] - [0, 43, 56], []
[2025-01-29 13:28:09,979][__main__][INFO] - [0, 43, 57], []
[2025-01-29 13:28:10,007][__main__][INFO] - [0, 43, 58], []
[2025-01-29 13:28:10,035][__main__][INFO] - [0, 43, 59], []
[2025-01-29 13:28:10,083][__main__][INFO] - [0, 44], [43]
[2025-01-29 13:28:11,795][__main__][INFO] - [0, 45], [43]
[2025-01-29 13:28:11,874][__main__][INFO] - [0, 46], [43]
[2025-01-29 13:28:11,956][__main__][INFO] - [0, 47], [43]
[2025-01-29 13:28:12,919][__main__][INFO] - [0, 48], [43]
[2025-01-29 13:28:13,596][__main__][INFO] - [0, 49], [43]
[2025-01-29 13:28:13,647][__main__][INFO] - [0, 50], [43]
[2025-01-29 13:28:13,752][__main__][INFO] - [0, 51], [43]
[2025-01-29 13:28:13,840][__main__][INFO] - [0, 52], [43]
[2025-01-29 13:28:13,939][__main__][INFO] - [0, 53], [43]
[2025-01-29 13:28:14,042][__main__][INFO] - [0, 54], [43]
[2025-01-29 13:28:14,139][__main__][INFO] - [0, 55], [43]
[2025-01-29 13:28:14,229][__main__][INFO] - [0, 56], [43]
[2025-01-29 13:28:14,314][__main__][INFO] - [0, 57], [43]
[2025-01-29 13:28:14,392][__main__][INFO] - [0, 58], [43]
[2025-01-29 13:28:14,462][__main__][INFO] - [0, 59], [43]
[2025-01-29 13:28:14,979][__main__][INFO] - [0, 44, 47], []
[2025-01-29 13:28:15,784][__main__][INFO] - [0, 44, 48], []
[2025-01-29 13:28:16,423][__main__][INFO] - [0, 44, 49], []
[2025-01-29 13:28:16,475][__main__][INFO] - [0, 44, 50], []
[2025-01-29 13:28:16,568][__main__][INFO] - [0, 44, 51], []
[2025-01-29 13:28:16,646][__main__][INFO] - [0, 44, 52], []
[2025-01-29 13:28:16,734][__main__][INFO] - [0, 44, 53], []
[2025-01-29 13:28:16,830][__main__][INFO] - [0, 44, 54], []
[2025-01-29 13:28:16,922][__main__][INFO] - [0, 44, 55], []
[2025-01-29 13:28:17,006][__main__][INFO] - [0, 44, 56], []
[2025-01-29 13:28:17,085][__main__][INFO] - [0, 44, 57], []
[2025-01-29 13:28:17,159][__main__][INFO] - [0, 44, 58], []
[2025-01-29 13:28:17,226][__main__][INFO] - [0, 44, 59], []
[2025-01-29 13:28:17,702][__main__][INFO] - [0, 45, 47], []
[2025-01-29 13:28:17,772][__main__][INFO] - [0, 45, 48], []
[2025-01-29 13:28:17,813][__main__][INFO] - [0, 45, 49], []
[2025-01-29 13:28:17,841][__main__][INFO] - [0, 45, 50], []
[2025-01-29 13:28:17,878][__main__][INFO] - [0, 45, 51], []
[2025-01-29 13:28:17,910][__main__][INFO] - [0, 45, 52], []
[2025-01-29 13:28:17,941][__main__][INFO] - [0, 45, 53], []
[2025-01-29 13:28:17,971][__main__][INFO] - [0, 45, 54], []
[2025-01-29 13:28:18,001][__main__][INFO] - [0, 45, 55], []
[2025-01-29 13:28:18,031][__main__][INFO] - [0, 45, 56], []
[2025-01-29 13:28:18,060][__main__][INFO] - [0, 45, 57], []
[2025-01-29 13:28:18,086][__main__][INFO] - [0, 45, 58], []
[2025-01-29 13:28:18,114][__main__][INFO] - [0, 45, 59], []
[2025-01-29 13:28:18,165][__main__][INFO] - [0, 46, 47], []
[2025-01-29 13:28:18,277][__main__][INFO] - [0, 46, 50], []
[2025-01-29 13:28:18,306][__main__][INFO] - [0, 46, 51], []
[2025-01-29 13:28:18,336][__main__][INFO] - [0, 46, 52], []
[2025-01-29 13:28:18,367][__main__][INFO] - [0, 46, 53], []
[2025-01-29 13:28:18,397][__main__][INFO] - [0, 46, 54], []
[2025-01-29 13:28:18,426][__main__][INFO] - [0, 46, 55], []
[2025-01-29 13:28:18,456][__main__][INFO] - [0, 46, 56], []
[2025-01-29 13:28:18,485][__main__][INFO] - [0, 46, 57], []
[2025-01-29 13:28:18,514][__main__][INFO] - [0, 46, 58], []
[2025-01-29 13:28:18,542][__main__][INFO] - [0, 46, 59], []
[2025-01-29 13:28:18,600][__main__][INFO] - [0, 47, 50], []
[2025-01-29 13:28:18,663][__main__][INFO] - [0, 47, 51], []
[2025-01-29 13:28:18,725][__main__][INFO] - [0, 47, 52], []
[2025-01-29 13:28:18,790][__main__][INFO] - [0, 47, 53], []
[2025-01-29 13:28:18,857][__main__][INFO] - [0, 47, 54], []
[2025-01-29 13:28:18,920][__main__][INFO] - [0, 47, 55], []
[2025-01-29 13:28:18,980][__main__][INFO] - [0, 47, 56], []
[2025-01-29 13:28:19,036][__main__][INFO] - [0, 47, 57], []
[2025-01-29 13:28:19,090][__main__][INFO] - [0, 47, 58], []
[2025-01-29 13:28:19,140][__main__][INFO] - [0, 47, 59], []
[2025-01-29 13:28:19,434][__main__][INFO] - [0, 48, 50], []
[2025-01-29 13:28:19,499][__main__][INFO] - [0, 48, 51], []
[2025-01-29 13:28:19,549][__main__][INFO] - [0, 48, 52], []
[2025-01-29 13:28:19,602][__main__][INFO] - [0, 48, 53], []
[2025-01-29 13:28:19,660][__main__][INFO] - [0, 48, 54], []
[2025-01-29 13:28:19,714][__main__][INFO] - [0, 48, 55], []
[2025-01-29 13:28:19,766][__main__][INFO] - [0, 48, 56], []
[2025-01-29 13:28:19,816][__main__][INFO] - [0, 48, 57], []
[2025-01-29 13:28:19,862][__main__][INFO] - [0, 48, 58], []
[2025-01-29 13:28:19,905][__main__][INFO] - [0, 48, 59], []
[2025-01-29 13:28:20,127][__main__][INFO] - [0, 49, 50], []
[2025-01-29 13:28:20,156][__main__][INFO] - [0, 49, 51], []
[2025-01-29 13:28:20,184][__main__][INFO] - [0, 49, 52], []
[2025-01-29 13:28:20,212][__main__][INFO] - [0, 49, 53], []
[2025-01-29 13:28:20,241][__main__][INFO] - [0, 49, 54], []
[2025-01-29 13:28:20,269][__main__][INFO] - [0, 49, 55], []
[2025-01-29 13:28:20,297][__main__][INFO] - [0, 49, 56], []
[2025-01-29 13:28:20,325][__main__][INFO] - [0, 49, 57], []
[2025-01-29 13:28:20,353][__main__][INFO] - [0, 49, 58], []
[2025-01-29 13:28:20,379][__main__][INFO] - [0, 49, 59], []
[2025-01-29 13:28:20,440][__main__][INFO] - [1, 10], [0]
[2025-01-29 13:28:20,483][__main__][INFO] - [1, 11], [0]
[2025-01-29 13:28:20,531][__main__][INFO] - [1, 12], [0]
[2025-01-29 13:28:20,582][__main__][INFO] - [1, 13], [0]
[2025-01-29 13:28:20,627][__main__][INFO] - [1, 14], [0]
[2025-01-29 13:28:20,671][__main__][INFO] - [1, 15], [0]
[2025-01-29 13:28:20,713][__main__][INFO] - [1, 16], [0]
[2025-01-29 13:28:20,750][__main__][INFO] - [1, 17], [0]
[2025-01-29 13:28:20,782][__main__][INFO] - [1, 18], [0]
[2025-01-29 13:28:20,811][__main__][INFO] - [1, 19], [0]
[2025-01-29 13:28:20,838][__main__][INFO] - [1, 20], [0]
[2025-01-29 13:28:20,949][__main__][INFO] - [1, 21], [0]
[2025-01-29 13:28:20,974][__main__][INFO] - [1, 22], [0]
[2025-01-29 13:28:21,106][__main__][INFO] - [1, 26], [0]
[2025-01-29 13:28:21,146][__main__][INFO] - [1], [0, 26]
[2025-01-29 13:28:21,300][__main__][INFO] - [1, 27], [0]
[2025-01-29 13:28:21,411][__main__][INFO] - [1, 28], [0]
[2025-01-29 13:28:21,467][__main__][INFO] - [1, 29], [0]
[2025-01-29 13:28:21,512][__main__][INFO] - [1, 30], [0]
[2025-01-29 13:28:21,538][__main__][INFO] - [1, 31], [0]
[2025-01-29 13:28:21,564][__main__][INFO] - [1, 32], [0]
[2025-01-29 13:28:21,691][__main__][INFO] - [1, 33], [0]
[2025-01-29 13:28:21,721][__main__][INFO] - [1, 34], [0]
[2025-01-29 13:28:21,748][__main__][INFO] - [1, 35], [0]
[2025-01-29 13:28:21,774][__main__][INFO] - [1, 36], [0]
[2025-01-29 13:28:21,833][__main__][INFO] - [1, 37], [0]
[2025-01-29 13:28:21,965][__main__][INFO] - [1, 38], [0]
[2025-01-29 13:28:21,998][__main__][INFO] - [1, 39], [0]
[2025-01-29 13:28:22,042][__main__][INFO] - [1, 40], [0]
[2025-01-29 13:28:22,068][__main__][INFO] - [1, 41], [0]
[2025-01-29 13:28:22,147][__main__][INFO] - [1], [0, 41]
[2025-01-29 13:28:22,259][__main__][INFO] - [1, 42], [0]
[2025-01-29 13:28:22,289][__main__][INFO] - [1], [0, 42]
[2025-01-29 13:28:22,461][__main__][INFO] - [1, 43], [0]
[2025-01-29 13:28:22,490][__main__][INFO] - [1], [0, 43]
[2025-01-29 13:28:22,659][__main__][INFO] - [1, 44], [0]
[2025-01-29 13:28:22,811][__main__][INFO] - [1, 45], [0]
[2025-01-29 13:28:22,838][__main__][INFO] - [1, 46], [0]
[2025-01-29 13:28:22,871][__main__][INFO] - [1, 47], [0]
[2025-01-29 13:28:23,073][__main__][INFO] - [1, 50], [0]
[2025-01-29 13:28:23,110][__main__][INFO] - [1, 51], [0]
[2025-01-29 13:28:23,145][__main__][INFO] - [1, 52], [0]
[2025-01-29 13:28:23,183][__main__][INFO] - [1, 53], [0]
[2025-01-29 13:28:23,222][__main__][INFO] - [1, 54], [0]
[2025-01-29 13:28:23,249][__main__][INFO] - [1, 55], [0]
[2025-01-29 13:28:23,284][__main__][INFO] - [1, 56], [0]
[2025-01-29 13:28:23,318][__main__][INFO] - [1, 57], [0]
[2025-01-29 13:28:23,350][__main__][INFO] - [1, 58], [0]
[2025-01-29 13:28:23,377][__main__][INFO] - [1, 59], [0]
[2025-01-29 13:28:23,434][__main__][INFO] - [2, 10], [0]
[2025-01-29 13:28:23,541][__main__][INFO] - [2, 11], [0]
[2025-01-29 13:28:23,657][__main__][INFO] - [2, 12], [0]
[2025-01-29 13:28:23,788][__main__][INFO] - [2, 13], [0]
[2025-01-29 13:28:23,915][__main__][INFO] - [2, 14], [0]
[2025-01-29 13:28:24,064][__main__][INFO] - [2, 15], [0]
[2025-01-29 13:28:24,190][__main__][INFO] - [2, 16], [0]
[2025-01-29 13:28:24,329][__main__][INFO] - [2, 17], [0]
[2025-01-29 13:28:24,449][__main__][INFO] - [2, 18], [0]
[2025-01-29 13:28:24,515][__main__][INFO] - [2, 19], [0]
[2025-01-29 13:28:24,559][__main__][INFO] - [2, 20], [0]
[2025-01-29 13:28:25,513][__main__][INFO] - [2, 21], [0]
[2025-01-29 13:28:25,540][__main__][INFO] - [2, 22], [0]
[2025-01-29 13:28:25,651][__main__][INFO] - [2, 23], [0]
[2025-01-29 13:28:25,701][__main__][INFO] - [2, 24], [0]
[2025-01-29 13:28:25,726][__main__][INFO] - [2, 25], [0]
[2025-01-29 13:28:25,752][__main__][INFO] - [2, 26], [0]
[2025-01-29 13:28:25,946][__main__][INFO] - [2], [0, 26]
[2025-01-29 13:28:26,813][__main__][INFO] - [2, 27], [0]
[2025-01-29 13:28:27,720][__main__][INFO] - [2, 28], [0]
[2025-01-29 13:28:27,801][__main__][INFO] - [2, 29], [0]
[2025-01-29 13:28:27,886][__main__][INFO] - [2, 30], [0]
[2025-01-29 13:28:27,920][__main__][INFO] - [2, 31], [0]
[2025-01-29 13:28:27,946][__main__][INFO] - [2, 32], [0]
[2025-01-29 13:28:28,656][__main__][INFO] - [2, 33], [0]
[2025-01-29 13:28:28,781][__main__][INFO] - [2, 34], [0]
[2025-01-29 13:28:28,813][__main__][INFO] - [2, 35], [0]
[2025-01-29 13:28:28,851][__main__][INFO] - [2, 36], [0]
[2025-01-29 13:28:29,036][__main__][INFO] - [2, 37], [0]
[2025-01-29 13:28:29,600][__main__][INFO] - [2, 38], [0]
[2025-01-29 13:28:29,865][__main__][INFO] - [2, 39], [0]
[2025-01-29 13:28:30,030][__main__][INFO] - [2, 40], [0]
[2025-01-29 13:28:30,067][__main__][INFO] - [2, 41], [0]
[2025-01-29 13:28:30,214][__main__][INFO] - [2], [0, 41]
[2025-01-29 13:28:31,178][__main__][INFO] - [2, 42], [0]
[2025-01-29 13:28:31,251][__main__][INFO] - [2], [0, 42]
[2025-01-29 13:28:32,317][__main__][INFO] - [2, 43], [0]
[2025-01-29 13:28:32,362][__main__][INFO] - [2], [0, 43]
[2025-01-29 13:28:33,522][__main__][INFO] - [2, 44], [0]
[2025-01-29 13:28:34,539][__main__][INFO] - [2, 45], [0]
[2025-01-29 13:28:34,611][__main__][INFO] - [2, 46], [0]
[2025-01-29 13:28:34,671][__main__][INFO] - [2, 47], [0]
[2025-01-29 13:28:35,965][__main__][INFO] - [2, 50], [0]
[2025-01-29 13:28:36,046][__main__][INFO] - [2, 51], [0]
[2025-01-29 13:28:36,103][__main__][INFO] - [2, 52], [0]
[2025-01-29 13:28:36,168][__main__][INFO] - [2, 53], [0]
[2025-01-29 13:28:36,240][__main__][INFO] - [2, 54], [0]
[2025-01-29 13:28:36,307][__main__][INFO] - [2, 55], [0]
[2025-01-29 13:28:36,370][__main__][INFO] - [2, 56], [0]
[2025-01-29 13:28:36,431][__main__][INFO] - [2, 57], [0]
[2025-01-29 13:28:36,491][__main__][INFO] - [2, 58], [0]
[2025-01-29 13:28:36,547][__main__][INFO] - [2, 59], [0]
[2025-01-29 13:28:36,919][__main__][INFO] - [3, 10], [0]
[2025-01-29 13:28:36,958][__main__][INFO] - [3, 11], [0]
[2025-01-29 13:28:36,996][__main__][INFO] - [3, 12], [0]
[2025-01-29 13:28:37,031][__main__][INFO] - [3, 13], [0]
[2025-01-29 13:28:37,064][__main__][INFO] - [3, 14], [0]
[2025-01-29 13:28:37,096][__main__][INFO] - [3, 15], [0]
[2025-01-29 13:28:37,127][__main__][INFO] - [3, 16], [0]
[2025-01-29 13:28:37,157][__main__][INFO] - [3, 17], [0]
[2025-01-29 13:28:37,184][__main__][INFO] - [3, 18], [0]
[2025-01-29 13:28:37,210][__main__][INFO] - [3, 19], [0]
[2025-01-29 13:28:37,237][__main__][INFO] - [3, 20], [0]
[2025-01-29 13:28:37,314][__main__][INFO] - [3, 21], [0]
[2025-01-29 13:28:37,344][__main__][INFO] - [3, 22], [0]
[2025-01-29 13:28:37,371][__main__][INFO] - [3, 23], [0]
[2025-01-29 13:28:37,414][__main__][INFO] - [3, 25], [0]
[2025-01-29 13:28:37,440][__main__][INFO] - [3, 26], [0]
[2025-01-29 13:28:37,473][__main__][INFO] - [3], [0, 26]
[2025-01-29 13:28:37,552][__main__][INFO] - [3, 27], [0]
[2025-01-29 13:28:37,629][__main__][INFO] - [3, 28], [0]
[2025-01-29 13:28:37,655][__main__][INFO] - [3, 29], [0]
[2025-01-29 13:28:37,682][__main__][INFO] - [3, 30], [0]
[2025-01-29 13:28:37,710][__main__][INFO] - [3, 31], [0]
[2025-01-29 13:28:37,736][__main__][INFO] - [3, 32], [0]
[2025-01-29 13:28:37,795][__main__][INFO] - [3, 33], [0]
[2025-01-29 13:28:37,824][__main__][INFO] - [3, 34], [0]
[2025-01-29 13:28:37,851][__main__][INFO] - [3, 35], [0]
[2025-01-29 13:28:37,878][__main__][INFO] - [3, 36], [0]
[2025-01-29 13:28:37,927][__main__][INFO] - [3, 37], [0]
[2025-01-29 13:28:37,967][__main__][INFO] - [3, 38], [0]
[2025-01-29 13:28:38,026][__main__][INFO] - [3, 39], [0]
[2025-01-29 13:28:38,059][__main__][INFO] - [3, 40], [0]
[2025-01-29 13:28:38,085][__main__][INFO] - [3, 41], [0]
[2025-01-29 13:28:38,110][__main__][INFO] - [3], [0, 41]
[2025-01-29 13:28:38,191][__main__][INFO] - [3, 42], [0]
[2025-01-29 13:28:38,219][__main__][INFO] - [3], [0, 42]
[2025-01-29 13:28:38,307][__main__][INFO] - [3, 43], [0]
[2025-01-29 13:28:38,335][__main__][INFO] - [3], [0, 43]
[2025-01-29 13:28:38,421][__main__][INFO] - [3, 44], [0]
[2025-01-29 13:28:38,497][__main__][INFO] - [3, 45], [0]
[2025-01-29 13:28:38,527][__main__][INFO] - [3, 46], [0]
[2025-01-29 13:28:38,559][__main__][INFO] - [3, 47], [0]
[2025-01-29 13:28:38,679][__main__][INFO] - [3, 50], [0]
[2025-01-29 13:28:38,710][__main__][INFO] - [3, 51], [0]
[2025-01-29 13:28:38,739][__main__][INFO] - [3, 52], [0]
[2025-01-29 13:28:38,769][__main__][INFO] - [3, 53], [0]
[2025-01-29 13:28:38,799][__main__][INFO] - [3, 54], [0]
[2025-01-29 13:28:38,828][__main__][INFO] - [3, 55], [0]
[2025-01-29 13:28:38,858][__main__][INFO] - [3, 56], [0]
[2025-01-29 13:28:38,887][__main__][INFO] - [3, 57], [0]
[2025-01-29 13:28:38,916][__main__][INFO] - [3, 58], [0]
[2025-01-29 13:28:38,945][__main__][INFO] - [3, 59], [0]
[2025-01-29 13:28:39,005][__main__][INFO] - [4, 10], [0]
[2025-01-29 13:28:39,055][__main__][INFO] - [4, 11], [0]
[2025-01-29 13:28:39,081][__main__][INFO] - [4, 12], [0]
[2025-01-29 13:28:39,131][__main__][INFO] - [4, 13], [0]
[2025-01-29 13:28:39,180][__main__][INFO] - [4, 14], [0]
[2025-01-29 13:28:39,206][__main__][INFO] - [4, 15], [0]
[2025-01-29 13:28:39,233][__main__][INFO] - [4, 16], [0]
[2025-01-29 13:28:39,259][__main__][INFO] - [4, 17], [0]
[2025-01-29 13:28:39,300][__main__][INFO] - [4, 18], [0]
[2025-01-29 13:28:39,326][__main__][INFO] - [4, 19], [0]
[2025-01-29 13:28:39,352][__main__][INFO] - [4, 20], [0]
[2025-01-29 13:28:39,442][__main__][INFO] - [4, 21], [0]
[2025-01-29 13:28:39,576][__main__][INFO] - [4, 22], [0]
[2025-01-29 13:28:39,603][__main__][INFO] - [4, 23], [0]
[2025-01-29 13:28:39,628][__main__][INFO] - [4, 24], [0]
[2025-01-29 13:28:39,653][__main__][INFO] - [4, 25], [0]
[2025-01-29 13:28:39,678][__main__][INFO] - [4, 26], [0]
[2025-01-29 13:28:39,704][__main__][INFO] - [4], [0, 26]
[2025-01-29 13:28:39,896][__main__][INFO] - [4, 27], [0]
[2025-01-29 13:28:39,987][__main__][INFO] - [4, 28], [0]
[2025-01-29 13:28:40,044][__main__][INFO] - [4, 29], [0]
[2025-01-29 13:28:40,138][__main__][INFO] - [4, 30], [0]
[2025-01-29 13:28:40,164][__main__][INFO] - [4, 31], [0]
[2025-01-29 13:28:40,188][__main__][INFO] - [4, 32], [0]
[2025-01-29 13:28:40,351][__main__][INFO] - [4, 33], [0]
[2025-01-29 13:28:40,383][__main__][INFO] - [4, 34], [0]
[2025-01-29 13:28:40,411][__main__][INFO] - [4, 35], [0]
[2025-01-29 13:28:40,437][__main__][INFO] - [4, 36], [0]
[2025-01-29 13:28:40,494][__main__][INFO] - [4, 37], [0]
[2025-01-29 13:28:40,674][__main__][INFO] - [4, 38], [0]
[2025-01-29 13:28:40,709][__main__][INFO] - [4, 39], [0]
[2025-01-29 13:28:40,755][__main__][INFO] - [4, 40], [0]
[2025-01-29 13:28:40,781][__main__][INFO] - [4, 41], [0]
[2025-01-29 13:28:40,915][__main__][INFO] - [4], [0, 41]
[2025-01-29 13:28:41,011][__main__][INFO] - [4, 42], [0]
[2025-01-29 13:28:41,037][__main__][INFO] - [4], [0, 42]
[2025-01-29 13:28:41,244][__main__][INFO] - [4, 43], [0]
[2025-01-29 13:28:41,269][__main__][INFO] - [4], [0, 43]
[2025-01-29 13:28:41,471][__main__][INFO] - [4, 44], [0]
[2025-01-29 13:28:41,663][__main__][INFO] - [4, 45], [0]
[2025-01-29 13:28:41,689][__main__][INFO] - [4, 46], [0]
[2025-01-29 13:28:41,724][__main__][INFO] - [4, 47], [0]
[2025-01-29 13:28:41,969][__main__][INFO] - [4, 50], [0]
[2025-01-29 13:28:42,005][__main__][INFO] - [4, 51], [0]
[2025-01-29 13:28:42,032][__main__][INFO] - [4, 52], [0]
[2025-01-29 13:28:42,065][__main__][INFO] - [4, 53], [0]
[2025-01-29 13:28:42,092][__main__][INFO] - [4, 54], [0]
[2025-01-29 13:28:42,118][__main__][INFO] - [4, 55], [0]
[2025-01-29 13:28:42,145][__main__][INFO] - [4, 56], [0]
[2025-01-29 13:28:42,179][__main__][INFO] - [4, 57], [0]
[2025-01-29 13:28:42,212][__main__][INFO] - [4, 58], [0]
[2025-01-29 13:28:42,244][__main__][INFO] - [4, 59], [0]
[2025-01-29 13:28:42,358][__main__][INFO] - [5, 10], [0]
[2025-01-29 13:28:42,389][__main__][INFO] - [5, 11], [0]
[2025-01-29 13:28:42,422][__main__][INFO] - [5, 12], [0]
[2025-01-29 13:28:42,457][__main__][INFO] - [5, 13], [0]
[2025-01-29 13:28:42,490][__main__][INFO] - [5, 14], [0]
[2025-01-29 13:28:42,517][__main__][INFO] - [5, 15], [0]
[2025-01-29 13:28:42,551][__main__][INFO] - [5, 16], [0]
[2025-01-29 13:28:42,578][__main__][INFO] - [5, 17], [0]
[2025-01-29 13:28:42,609][__main__][INFO] - [5, 18], [0]
[2025-01-29 13:28:42,635][__main__][INFO] - [5, 19], [0]
[2025-01-29 13:28:42,662][__main__][INFO] - [5, 20], [0]
[2025-01-29 13:28:42,756][__main__][INFO] - [5, 22], [0]
[2025-01-29 13:28:42,785][__main__][INFO] - [5, 23], [0]
[2025-01-29 13:28:42,811][__main__][INFO] - [5, 24], [0]
[2025-01-29 13:28:42,855][__main__][INFO] - [5, 26], [0]
[2025-01-29 13:28:42,891][__main__][INFO] - [5], [0, 26]
[2025-01-29 13:28:42,962][__main__][INFO] - [5, 27], [0]
[2025-01-29 13:28:43,043][__main__][INFO] - [5, 28], [0]
[2025-01-29 13:28:43,071][__main__][INFO] - [5, 29], [0]
[2025-01-29 13:28:43,100][__main__][INFO] - [5, 30], [0]
[2025-01-29 13:28:43,127][__main__][INFO] - [5, 31], [0]
[2025-01-29 13:28:43,153][__main__][INFO] - [5, 32], [0]
[2025-01-29 13:28:43,215][__main__][INFO] - [5, 33], [0]
[2025-01-29 13:28:43,249][__main__][INFO] - [5, 34], [0]
[2025-01-29 13:28:43,275][__main__][INFO] - [5, 35], [0]
[2025-01-29 13:28:43,303][__main__][INFO] - [5, 36], [0]
[2025-01-29 13:28:43,339][__main__][INFO] - [5, 37], [0]
[2025-01-29 13:28:43,405][__main__][INFO] - [5, 38], [0]
[2025-01-29 13:28:43,435][__main__][INFO] - [5, 39], [0]
[2025-01-29 13:28:43,469][__main__][INFO] - [5, 40], [0]
[2025-01-29 13:28:43,496][__main__][INFO] - [5, 41], [0]
[2025-01-29 13:28:43,527][__main__][INFO] - [5], [0, 41]
[2025-01-29 13:28:43,604][__main__][INFO] - [5, 42], [0]
[2025-01-29 13:28:43,633][__main__][INFO] - [5], [0, 42]
[2025-01-29 13:28:43,717][__main__][INFO] - [5, 43], [0]
[2025-01-29 13:28:43,746][__main__][INFO] - [5], [0, 43]
[2025-01-29 13:28:43,826][__main__][INFO] - [5, 44], [0]
[2025-01-29 13:28:43,900][__main__][INFO] - [5, 45], [0]
[2025-01-29 13:28:43,925][__main__][INFO] - [5, 46], [0]
[2025-01-29 13:28:43,954][__main__][INFO] - [5, 47], [0]
[2025-01-29 13:28:44,071][__main__][INFO] - [5, 50], [0]
[2025-01-29 13:28:44,108][__main__][INFO] - [5, 51], [0]
[2025-01-29 13:28:44,138][__main__][INFO] - [5, 52], [0]
[2025-01-29 13:28:44,168][__main__][INFO] - [5, 53], [0]
[2025-01-29 13:28:44,195][__main__][INFO] - [5, 54], [0]
[2025-01-29 13:28:44,225][__main__][INFO] - [5, 55], [0]
[2025-01-29 13:28:44,251][__main__][INFO] - [5, 56], [0]
[2025-01-29 13:28:44,277][__main__][INFO] - [5, 57], [0]
[2025-01-29 13:28:44,304][__main__][INFO] - [5, 58], [0]
[2025-01-29 13:28:44,332][__main__][INFO] - [5, 59], [0]
[2025-01-29 13:28:44,386][__main__][INFO] - [6, 10], [0]
[2025-01-29 13:28:44,414][__main__][INFO] - [6, 11], [0]
[2025-01-29 13:28:44,441][__main__][INFO] - [6, 12], [0]
[2025-01-29 13:28:44,468][__main__][INFO] - [6, 13], [0]
[2025-01-29 13:28:44,496][__main__][INFO] - [6, 14], [0]
[2025-01-29 13:28:44,523][__main__][INFO] - [6, 15], [0]
[2025-01-29 13:28:44,551][__main__][INFO] - [6, 16], [0]
[2025-01-29 13:28:44,579][__main__][INFO] - [6, 17], [0]
[2025-01-29 13:28:44,607][__main__][INFO] - [6, 18], [0]
[2025-01-29 13:28:44,634][__main__][INFO] - [6, 19], [0]
[2025-01-29 13:28:44,661][__main__][INFO] - [6, 20], [0]
[2025-01-29 13:28:44,714][__main__][INFO] - [6, 22], [0]
[2025-01-29 13:28:44,792][__main__][INFO] - [6, 26], [0]
[2025-01-29 13:28:44,820][__main__][INFO] - [6], [0, 26]
[2025-01-29 13:28:44,855][__main__][INFO] - [6, 27], [0]
[2025-01-29 13:28:44,892][__main__][INFO] - [6, 28], [0]
[2025-01-29 13:28:44,919][__main__][INFO] - [6, 29], [0]
[2025-01-29 13:28:44,977][__main__][INFO] - [6, 32], [0]
[2025-01-29 13:28:45,009][__main__][INFO] - [6, 33], [0]
[2025-01-29 13:28:45,069][__main__][INFO] - [6, 36], [0]
[2025-01-29 13:28:45,098][__main__][INFO] - [6, 37], [0]
[2025-01-29 13:28:45,131][__main__][INFO] - [6, 38], [0]
[2025-01-29 13:28:45,160][__main__][INFO] - [6, 39], [0]
[2025-01-29 13:28:45,186][__main__][INFO] - [6, 40], [0]
[2025-01-29 13:28:45,213][__main__][INFO] - [6, 41], [0]
[2025-01-29 13:28:45,239][__main__][INFO] - [6], [0, 41]
[2025-01-29 13:28:45,276][__main__][INFO] - [6, 42], [0]
[2025-01-29 13:28:45,303][__main__][INFO] - [6], [0, 42]
[2025-01-29 13:28:45,340][__main__][INFO] - [6, 43], [0]
[2025-01-29 13:28:45,368][__main__][INFO] - [6], [0, 43]
[2025-01-29 13:28:45,405][__main__][INFO] - [6, 44], [0]
[2025-01-29 13:28:45,440][__main__][INFO] - [6, 45], [0]
[2025-01-29 13:28:45,468][__main__][INFO] - [6, 46], [0]
[2025-01-29 13:28:45,496][__main__][INFO] - [6, 47], [0]
[2025-01-29 13:28:45,564][__main__][INFO] - [6, 50], [0]
[2025-01-29 13:28:45,591][__main__][INFO] - [6, 51], [0]
[2025-01-29 13:28:45,618][__main__][INFO] - [6, 52], [0]
[2025-01-29 13:28:45,646][__main__][INFO] - [6, 53], [0]
[2025-01-29 13:28:45,673][__main__][INFO] - [6, 54], [0]
[2025-01-29 13:28:45,701][__main__][INFO] - [6, 55], [0]
[2025-01-29 13:28:45,729][__main__][INFO] - [6, 56], [0]
[2025-01-29 13:28:45,757][__main__][INFO] - [6, 57], [0]
[2025-01-29 13:28:45,784][__main__][INFO] - [6, 58], [0]
[2025-01-29 13:28:45,811][__main__][INFO] - [6, 59], [0]
[2025-01-29 13:28:45,856][__main__][INFO] - [7, 10], [0]
[2025-01-29 13:28:45,882][__main__][INFO] - [7, 11], [0]
[2025-01-29 13:28:45,909][__main__][INFO] - [7, 12], [0]
[2025-01-29 13:28:45,935][__main__][INFO] - [7, 13], [0]
[2025-01-29 13:28:45,962][__main__][INFO] - [7, 14], [0]
[2025-01-29 13:28:45,988][__main__][INFO] - [7, 15], [0]
[2025-01-29 13:28:46,015][__main__][INFO] - [7, 16], [0]
[2025-01-29 13:28:46,041][__main__][INFO] - [7, 17], [0]
[2025-01-29 13:28:46,097][__main__][INFO] - [7, 20], [0]
[2025-01-29 13:28:46,189][__main__][INFO] - [7, 25], [0]
[2025-01-29 13:28:46,216][__main__][INFO] - [7, 26], [0]
[2025-01-29 13:28:46,242][__main__][INFO] - [7], [0, 26]
[2025-01-29 13:28:46,269][__main__][INFO] - [7, 27], [0]
[2025-01-29 13:28:46,295][__main__][INFO] - [7, 28], [0]
[2025-01-29 13:28:46,321][__main__][INFO] - [7, 29], [0]
[2025-01-29 13:28:46,365][__main__][INFO] - [7, 31], [0]
[2025-01-29 13:28:46,391][__main__][INFO] - [7, 32], [0]
[2025-01-29 13:28:46,417][__main__][INFO] - [7, 33], [0]
[2025-01-29 13:28:46,477][__main__][INFO] - [7, 36], [0]
[2025-01-29 13:28:46,504][__main__][INFO] - [7, 37], [0]
[2025-01-29 13:28:46,530][__main__][INFO] - [7, 38], [0]
[2025-01-29 13:28:46,556][__main__][INFO] - [7, 39], [0]
[2025-01-29 13:28:46,598][__main__][INFO] - [7, 41], [0]
[2025-01-29 13:28:46,623][__main__][INFO] - [7], [0, 41]
[2025-01-29 13:28:46,649][__main__][INFO] - [7, 42], [0]
[2025-01-29 13:28:46,675][__main__][INFO] - [7], [0, 42]
[2025-01-29 13:28:46,701][__main__][INFO] - [7, 43], [0]
[2025-01-29 13:28:46,727][__main__][INFO] - [7], [0, 43]
[2025-01-29 13:28:46,754][__main__][INFO] - [7, 44], [0]
[2025-01-29 13:28:46,780][__main__][INFO] - [7, 45], [0]
[2025-01-29 13:28:46,807][__main__][INFO] - [7, 46], [0]
[2025-01-29 13:28:46,833][__main__][INFO] - [7, 47], [0]
[2025-01-29 13:28:46,893][__main__][INFO] - [7, 50], [0]
[2025-01-29 13:28:46,919][__main__][INFO] - [7, 51], [0]
[2025-01-29 13:28:46,946][__main__][INFO] - [7, 52], [0]
[2025-01-29 13:28:46,972][__main__][INFO] - [7, 53], [0]
[2025-01-29 13:28:46,999][__main__][INFO] - [7, 54], [0]
[2025-01-29 13:28:47,025][__main__][INFO] - [7, 55], [0]
[2025-01-29 13:28:47,051][__main__][INFO] - [7, 56], [0]
[2025-01-29 13:28:47,078][__main__][INFO] - [7, 57], [0]
[2025-01-29 13:28:47,104][__main__][INFO] - [7, 58], [0]
[2025-01-29 13:28:47,130][__main__][INFO] - [7, 59], [0]
[2025-01-29 13:28:47,170][__main__][INFO] - [8, 10], [0]
[2025-01-29 13:28:47,195][__main__][INFO] - [8, 11], [0]
[2025-01-29 13:28:47,222][__main__][INFO] - [8, 12], [0]
[2025-01-29 13:28:47,248][__main__][INFO] - [8, 13], [0]
[2025-01-29 13:28:47,275][__main__][INFO] - [8, 14], [0]
[2025-01-29 13:28:47,302][__main__][INFO] - [8, 15], [0]
[2025-01-29 13:28:47,330][__main__][INFO] - [8, 16], [0]
[2025-01-29 13:28:47,357][__main__][INFO] - [8, 17], [0]
[2025-01-29 13:28:47,417][__main__][INFO] - [8, 20], [0]
[2025-01-29 13:28:47,463][__main__][INFO] - [8, 22], [0]
[2025-01-29 13:28:47,539][__main__][INFO] - [8, 26], [0]
[2025-01-29 13:28:47,567][__main__][INFO] - [8], [0, 26]
[2025-01-29 13:28:47,596][__main__][INFO] - [8, 27], [0]
[2025-01-29 13:28:47,625][__main__][INFO] - [8, 28], [0]
[2025-01-29 13:28:47,651][__main__][INFO] - [8, 29], [0]
[2025-01-29 13:28:47,707][__main__][INFO] - [8, 32], [0]
[2025-01-29 13:28:47,735][__main__][INFO] - [8, 33], [0]
[2025-01-29 13:28:47,796][__main__][INFO] - [8, 36], [0]
[2025-01-29 13:28:47,823][__main__][INFO] - [8, 37], [0]
[2025-01-29 13:28:47,852][__main__][INFO] - [8, 38], [0]
[2025-01-29 13:28:47,879][__main__][INFO] - [8, 39], [0]
[2025-01-29 13:28:47,923][__main__][INFO] - [8, 41], [0]
[2025-01-29 13:28:47,950][__main__][INFO] - [8], [0, 41]
[2025-01-29 13:28:47,979][__main__][INFO] - [8, 42], [0]
[2025-01-29 13:28:48,007][__main__][INFO] - [8], [0, 42]
[2025-01-29 13:28:48,039][__main__][INFO] - [8, 43], [0]
[2025-01-29 13:28:48,066][__main__][INFO] - [8], [0, 43]
[2025-01-29 13:28:48,095][__main__][INFO] - [8, 44], [0]
[2025-01-29 13:28:48,125][__main__][INFO] - [8, 45], [0]
[2025-01-29 13:28:48,168][__main__][INFO] - [8, 47], [0]
[2025-01-29 13:28:48,229][__main__][INFO] - [8, 50], [0]
[2025-01-29 13:28:48,255][__main__][INFO] - [8, 51], [0]
[2025-01-29 13:28:48,281][__main__][INFO] - [8, 52], [0]
[2025-01-29 13:28:48,307][__main__][INFO] - [8, 53], [0]
[2025-01-29 13:28:48,334][__main__][INFO] - [8, 54], [0]
[2025-01-29 13:28:48,361][__main__][INFO] - [8, 55], [0]
[2025-01-29 13:28:48,388][__main__][INFO] - [8, 56], [0]
[2025-01-29 13:28:48,415][__main__][INFO] - [8, 57], [0]
[2025-01-29 13:28:48,459][__main__][INFO] - [8, 59], [0]
[2025-01-29 13:28:48,517][__main__][INFO] - [10, 20], [0]
[2025-01-29 13:28:48,688][__main__][INFO] - [10, 21], [0]
[2025-01-29 13:28:48,717][__main__][INFO] - [10, 22], [0]
[2025-01-29 13:28:48,745][__main__][INFO] - [10, 23], [0]
[2025-01-29 13:28:48,770][__main__][INFO] - [10, 24], [0]
[2025-01-29 13:28:48,796][__main__][INFO] - [10, 25], [0]
[2025-01-29 13:28:48,821][__main__][INFO] - [10, 26], [0]
[2025-01-29 13:28:48,852][__main__][INFO] - [10], [0, 26]
[2025-01-29 13:28:49,016][__main__][INFO] - [10, 27], [0]
[2025-01-29 13:28:49,187][__main__][INFO] - [10, 28], [0]
[2025-01-29 13:28:49,214][__main__][INFO] - [10, 29], [0]
[2025-01-29 13:28:49,240][__main__][INFO] - [10, 30], [0]
[2025-01-29 13:28:49,347][__main__][INFO] - [10, 36], [0]
[2025-01-29 13:28:49,512][__main__][INFO] - [10, 37], [0]
[2025-01-29 13:28:49,606][__main__][INFO] - [10, 38], [0]
[2025-01-29 13:28:49,669][__main__][INFO] - [10, 39], [0]
[2025-01-29 13:28:49,719][__main__][INFO] - [10, 40], [0]
[2025-01-29 13:28:49,748][__main__][INFO] - [10, 41], [0]
[2025-01-29 13:28:49,774][__main__][INFO] - [10], [0, 41]
[2025-01-29 13:28:49,934][__main__][INFO] - [10, 42], [0]
[2025-01-29 13:28:49,960][__main__][INFO] - [10], [0, 42]
[2025-01-29 13:28:50,131][__main__][INFO] - [10, 43], [0]
[2025-01-29 13:28:50,159][__main__][INFO] - [10], [0, 43]
[2025-01-29 13:28:50,324][__main__][INFO] - [10, 44], [0]
[2025-01-29 13:28:50,419][__main__][INFO] - [10, 45], [0]
[2025-01-29 13:28:50,448][__main__][INFO] - [10, 46], [0]
[2025-01-29 13:28:50,533][__main__][INFO] - [10, 47], [0]
[2025-01-29 13:28:50,732][__main__][INFO] - [10, 50], [0]
[2025-01-29 13:28:50,766][__main__][INFO] - [10, 51], [0]
[2025-01-29 13:28:50,801][__main__][INFO] - [10, 52], [0]
[2025-01-29 13:28:50,838][__main__][INFO] - [10, 53], [0]
[2025-01-29 13:28:50,873][__main__][INFO] - [10, 54], [0]
[2025-01-29 13:28:50,906][__main__][INFO] - [10, 55], [0]
[2025-01-29 13:28:50,939][__main__][INFO] - [10, 56], [0]
[2025-01-29 13:28:50,971][__main__][INFO] - [10, 57], [0]
[2025-01-29 13:28:51,002][__main__][INFO] - [10, 58], [0]
[2025-01-29 13:28:51,033][__main__][INFO] - [10, 59], [0]
[2025-01-29 13:28:51,111][__main__][INFO] - [11, 20], [0]
[2025-01-29 23:48:57,663][__main__][INFO] - In total, there are 5772124799 possible subgroups
[2025-01-29 23:48:57,691][__main__][INFO] - [0], []
[2025-01-29 23:48:59,401][__main__][INFO] - [], [0]
[2025-01-29 23:49:01,091][__main__][INFO] - [1], []
[2025-01-29 23:49:01,343][__main__][INFO] - [2], []
[2025-01-29 23:49:03,598][__main__][INFO] - [3], []
[2025-01-29 23:49:03,719][__main__][INFO] - [4], []
[2025-01-29 23:49:04,050][__main__][INFO] - [5], []
[2025-01-29 23:49:04,157][__main__][INFO] - [6], []
[2025-01-29 23:49:04,192][__main__][INFO] - [7], []
[2025-01-29 23:49:04,207][__main__][INFO] - [8], []
[2025-01-29 23:49:04,227][__main__][INFO] - [9], []
[2025-01-29 23:49:04,242][__main__][INFO] - [10], []
[2025-01-29 23:49:04,489][__main__][INFO] - [11], []
[2025-01-29 23:49:04,764][__main__][INFO] - [12], []
[2025-01-29 23:49:05,060][__main__][INFO] - [13], []
[2025-01-29 23:49:05,346][__main__][INFO] - [14], []
[2025-01-29 23:49:05,630][__main__][INFO] - [15], []
[2025-01-29 23:49:05,927][__main__][INFO] - [16], []
[2025-01-29 23:49:06,222][__main__][INFO] - [17], []
[2025-01-29 23:49:06,466][__main__][INFO] - [18], []
[2025-01-29 23:49:06,587][__main__][INFO] - [19], []
[2025-01-29 23:49:06,655][__main__][INFO] - [20], []
[2025-01-29 23:49:09,375][__main__][INFO] - [21], []
[2025-01-29 23:49:09,622][__main__][INFO] - [22], []
[2025-01-29 23:49:09,892][__main__][INFO] - [23], []
[2025-01-29 23:49:09,953][__main__][INFO] - [24], []
[2025-01-29 23:49:09,975][__main__][INFO] - [25], []
[2025-01-29 23:49:09,994][__main__][INFO] - [26], []
[2025-01-29 23:49:10,550][__main__][INFO] - [], [26]
[2025-01-29 23:49:13,391][__main__][INFO] - [27], []
[2025-01-29 23:49:16,119][__main__][INFO] - [28], []
[2025-01-29 23:49:16,343][__main__][INFO] - [29], []
[2025-01-29 23:49:16,649][__main__][INFO] - [30], []
[2025-01-29 23:49:16,688][__main__][INFO] - [31], []
[2025-01-29 23:49:16,706][__main__][INFO] - [32], []
[2025-01-29 23:49:19,403][__main__][INFO] - [33], []
[2025-01-29 23:49:19,537][__main__][INFO] - [34], []
[2025-01-29 23:49:19,558][__main__][INFO] - [35], []
[2025-01-29 23:49:19,586][__main__][INFO] - [36], []
[2025-01-29 23:49:20,052][__main__][INFO] - [37], []
[2025-01-29 23:49:21,871][__main__][INFO] - [38], []
[2025-01-29 23:49:22,482][__main__][INFO] - [39], []
[2025-01-29 23:49:22,886][__main__][INFO] - [40], []
[2025-01-29 23:49:22,926][__main__][INFO] - [41], []
[2025-01-29 23:49:23,487][__main__][INFO] - [], [41]
[2025-01-29 23:49:26,350][__main__][INFO] - [42], []
[2025-01-29 23:49:26,468][__main__][INFO] - [], [42]
[2025-01-29 23:49:30,379][__main__][INFO] - [43], []
[2025-01-29 23:49:30,452][__main__][INFO] - [], [43]
[2025-01-29 23:49:34,493][__main__][INFO] - [44], []
[2025-01-29 23:49:38,016][__main__][INFO] - [45], []
[2025-01-29 23:49:38,160][__main__][INFO] - [46], []
[2025-01-29 23:49:38,267][__main__][INFO] - [47], []
[2025-01-29 23:49:41,448][__main__][INFO] - [48], []
[2025-01-29 23:49:41,986][__main__][INFO] - [49], []
[2025-01-29 23:49:42,022][__main__][INFO] - [50], []
[2025-01-29 23:49:42,190][__main__][INFO] - [51], []
[2025-01-29 23:49:42,307][__main__][INFO] - [52], []
[2025-01-29 23:49:42,445][__main__][INFO] - [53], []
[2025-01-29 23:49:42,599][__main__][INFO] - [54], []
[2025-01-29 23:49:42,739][__main__][INFO] - [55], []
[2025-01-29 23:49:42,866][__main__][INFO] - [56], []
[2025-01-29 23:49:42,982][__main__][INFO] - [57], []
[2025-01-29 23:49:43,090][__main__][INFO] - [58], []
[2025-01-29 23:49:43,182][__main__][INFO] - [59], []
[2025-01-29 23:49:44,050][__main__][INFO] - [0, 1], []
[2025-01-29 23:49:44,181][__main__][INFO] - [0, 2], []
[2025-01-29 23:49:45,090][__main__][INFO] - [0, 3], []
[2025-01-29 23:49:45,156][__main__][INFO] - [0, 4], []
[2025-01-29 23:49:45,341][__main__][INFO] - [0, 5], []
[2025-01-29 23:49:45,402][__main__][INFO] - [0, 6], []
[2025-01-29 23:49:45,426][__main__][INFO] - [0, 7], []
[2025-01-29 23:49:45,442][__main__][INFO] - [0, 8], []
[2025-01-29 23:49:45,474][__main__][INFO] - [0, 10], []
[2025-01-29 23:49:45,594][__main__][INFO] - [0, 11], []
[2025-01-29 23:49:45,729][__main__][INFO] - [0, 12], []
[2025-01-29 23:49:45,876][__main__][INFO] - [0, 13], []
[2025-01-29 23:49:46,017][__main__][INFO] - [0, 14], []
[2025-01-29 23:49:46,164][__main__][INFO] - [0, 15], []
[2025-01-29 23:49:46,313][__main__][INFO] - [0, 16], []
[2025-01-29 23:49:46,461][__main__][INFO] - [0, 17], []
[2025-01-29 23:49:46,589][__main__][INFO] - [0, 18], []
[2025-01-29 23:49:46,655][__main__][INFO] - [0, 19], []
[2025-01-29 23:49:46,702][__main__][INFO] - [0, 20], []
[2025-01-29 23:49:47,771][__main__][INFO] - [0, 21], []
[2025-01-29 23:49:47,908][__main__][INFO] - [0, 22], []
[2025-01-29 23:49:48,053][__main__][INFO] - [0, 23], []
[2025-01-29 23:49:48,093][__main__][INFO] - [0, 24], []
[2025-01-29 23:49:48,109][__main__][INFO] - [0, 25], []
[2025-01-29 23:49:48,126][__main__][INFO] - [0, 26], []
[2025-01-29 23:49:48,336][__main__][INFO] - [0], [26]
[2025-01-29 23:49:49,566][__main__][INFO] - [0, 27], []
[2025-01-29 23:49:50,620][__main__][INFO] - [0, 28], []
[2025-01-29 23:49:50,741][__main__][INFO] - [0, 29], []
[2025-01-29 23:49:50,915][__main__][INFO] - [0, 30], []
[2025-01-29 23:49:50,943][__main__][INFO] - [0, 31], []
[2025-01-29 23:49:50,961][__main__][INFO] - [0, 32], []
[2025-01-29 23:49:52,216][__main__][INFO] - [0, 33], []
[2025-01-29 23:49:52,240][__main__][INFO] - [0, 34], []
[2025-01-29 23:49:52,258][__main__][INFO] - [0, 35], []
[2025-01-29 23:49:52,277][__main__][INFO] - [0, 36], []
[2025-01-29 23:49:52,500][__main__][INFO] - [0, 37], []
[2025-01-29 23:49:53,259][__main__][INFO] - [0, 38], []
[2025-01-29 23:49:53,539][__main__][INFO] - [0, 39], []
[2025-01-29 23:49:53,719][__main__][INFO] - [0, 40], []
[2025-01-29 23:49:53,747][__main__][INFO] - [0, 41], []
[2025-01-29 23:49:54,045][__main__][INFO] - [0], [41]
[2025-01-29 23:49:55,138][__main__][INFO] - [0, 42], []
[2025-01-29 23:49:55,191][__main__][INFO] - [0], [42]
[2025-01-29 23:49:56,705][__main__][INFO] - [0, 43], []
[2025-01-29 23:49:56,760][__main__][INFO] - [0], [43]
[2025-01-29 23:49:58,301][__main__][INFO] - [0, 44], []
[2025-01-29 23:49:59,697][__main__][INFO] - [0, 45], []
[2025-01-29 23:49:59,765][__main__][INFO] - [0, 46], []
[2025-01-29 23:49:59,826][__main__][INFO] - [0, 47], []
[2025-01-29 23:50:00,598][__main__][INFO] - [0, 48], []
[2025-01-29 23:50:01,140][__main__][INFO] - [0, 49], []
[2025-01-29 23:50:01,177][__main__][INFO] - [0, 50], []
[2025-01-29 23:50:01,261][__main__][INFO] - [0, 51], []
[2025-01-29 23:50:01,329][__main__][INFO] - [0, 52], []
[2025-01-29 23:50:01,405][__main__][INFO] - [0, 53], []
[2025-01-29 23:50:01,486][__main__][INFO] - [0, 54], []
[2025-01-29 23:50:01,560][__main__][INFO] - [0, 55], []
[2025-01-29 23:50:01,628][__main__][INFO] - [0, 56], []
[2025-01-29 23:50:01,692][__main__][INFO] - [0, 57], []
[2025-01-29 23:50:01,752][__main__][INFO] - [0, 58], []
[2025-01-29 23:50:01,806][__main__][INFO] - [0, 59], []
[2025-01-29 23:50:02,213][__main__][INFO] - [1], [0]
[2025-01-29 23:50:02,343][__main__][INFO] - [2], [0]
[2025-01-29 23:50:03,250][__main__][INFO] - [3], [0]
[2025-01-29 23:50:03,315][__main__][INFO] - [4], [0]
[2025-01-29 23:50:03,474][__main__][INFO] - [5], [0]
[2025-01-29 23:50:03,535][__main__][INFO] - [6], [0]
[2025-01-29 23:50:03,560][__main__][INFO] - [7], [0]
[2025-01-29 23:50:03,575][__main__][INFO] - [8], [0]
[2025-01-29 23:50:03,608][__main__][INFO] - [10], [0]
[2025-01-29 23:50:03,732][__main__][INFO] - [11], [0]
[2025-01-29 23:50:03,873][__main__][INFO] - [12], [0]
[2025-01-29 23:50:04,031][__main__][INFO] - [13], [0]
[2025-01-29 23:50:04,171][__main__][INFO] - [14], [0]
[2025-01-29 23:50:04,313][__main__][INFO] - [15], [0]
[2025-01-29 23:50:04,454][__main__][INFO] - [16], [0]
[2025-01-29 23:50:04,595][__main__][INFO] - [17], [0]
[2025-01-29 23:50:04,712][__main__][INFO] - [18], [0]
[2025-01-29 23:50:04,771][__main__][INFO] - [19], [0]
[2025-01-29 23:50:04,805][__main__][INFO] - [20], [0]
[2025-01-29 23:50:05,928][__main__][INFO] - [21], [0]
[2025-01-29 23:50:06,041][__main__][INFO] - [22], [0]
[2025-01-29 23:50:06,175][__main__][INFO] - [23], [0]
[2025-01-29 23:50:06,212][__main__][INFO] - [24], [0]
[2025-01-29 23:50:06,232][__main__][INFO] - [25], [0]
[2025-01-29 23:50:06,250][__main__][INFO] - [26], [0]
[2025-01-29 23:50:06,470][__main__][INFO] - [], [0, 26]
[2025-01-29 23:50:07,665][__main__][INFO] - [27], [0]
[2025-01-29 23:50:08,772][__main__][INFO] - [28], [0]
[2025-01-29 23:50:08,884][__main__][INFO] - [29], [0]
[2025-01-29 23:50:09,026][__main__][INFO] - [30], [0]
[2025-01-29 23:50:09,054][__main__][INFO] - [31], [0]
[2025-01-29 23:50:09,069][__main__][INFO] - [32], [0]
[2025-01-29 23:50:09,997][__main__][INFO] - [33], [0]
[2025-01-29 23:50:10,117][__main__][INFO] - [34], [0]
[2025-01-29 23:50:10,139][__main__][INFO] - [35], [0]
[2025-01-29 23:50:10,166][__main__][INFO] - [36], [0]
[2025-01-29 23:50:10,395][__main__][INFO] - [37], [0]
[2025-01-29 23:50:11,143][__main__][INFO] - [38], [0]
[2025-01-29 23:50:11,413][__main__][INFO] - [39], [0]
[2025-01-29 23:50:11,594][__main__][INFO] - [40], [0]
[2025-01-29 23:50:11,622][__main__][INFO] - [41], [0]
[2025-01-29 23:50:11,878][__main__][INFO] - [], [0, 41]
[2025-01-29 23:50:13,050][__main__][INFO] - [42], [0]
[2025-01-29 23:50:13,116][__main__][INFO] - [], [0, 42]
[2025-01-29 23:50:14,605][__main__][INFO] - [43], [0]
[2025-01-29 23:50:14,645][__main__][INFO] - [], [0, 43]
[2025-01-29 23:50:16,200][__main__][INFO] - [44], [0]
[2025-01-29 23:50:17,554][__main__][INFO] - [45], [0]
[2025-01-29 23:50:17,628][__main__][INFO] - [46], [0]
[2025-01-29 23:50:17,690][__main__][INFO] - [47], [0]
[2025-01-29 23:50:19,398][__main__][INFO] - [50], [0]
[2025-01-29 23:50:19,488][__main__][INFO] - [51], [0]
[2025-01-29 23:50:19,547][__main__][INFO] - [52], [0]
[2025-01-29 23:50:19,616][__main__][INFO] - [53], [0]
[2025-01-29 23:50:19,694][__main__][INFO] - [54], [0]
[2025-01-29 23:50:19,766][__main__][INFO] - [55], [0]
[2025-01-29 23:50:19,832][__main__][INFO] - [56], [0]
[2025-01-29 23:50:19,895][__main__][INFO] - [57], [0]
[2025-01-29 23:50:19,954][__main__][INFO] - [58], [0]
[2025-01-29 23:50:20,005][__main__][INFO] - [59], [0]
[2025-01-29 23:50:20,416][__main__][INFO] - [1, 10], []
[2025-01-29 23:50:20,460][__main__][INFO] - [1, 11], []
[2025-01-29 23:50:20,509][__main__][INFO] - [1, 12], []
[2025-01-29 23:50:20,561][__main__][INFO] - [1, 13], []
[2025-01-29 23:50:20,607][__main__][INFO] - [1, 14], []
[2025-01-29 23:50:20,652][__main__][INFO] - [1, 15], []
[2025-01-29 23:50:20,692][__main__][INFO] - [1, 16], []
[2025-01-29 23:50:20,724][__main__][INFO] - [1, 17], []
[2025-01-29 23:50:20,749][__main__][INFO] - [1, 18], []
[2025-01-29 23:50:20,770][__main__][INFO] - [1, 19], []
[2025-01-29 23:50:20,786][__main__][INFO] - [1, 20], []
[2025-01-29 23:50:20,935][__main__][INFO] - [1, 21], []
[2025-01-29 23:50:20,951][__main__][INFO] - [1, 22], []
[2025-01-29 23:50:21,055][__main__][INFO] - [1, 23], []
[2025-01-29 23:50:21,071][__main__][INFO] - [1, 24], []
[2025-01-29 23:50:21,101][__main__][INFO] - [1, 26], []
[2025-01-29 23:50:21,139][__main__][INFO] - [1], [26]
[2025-01-29 23:50:21,359][__main__][INFO] - [1, 27], []
[2025-01-29 23:50:21,505][__main__][INFO] - [1, 28], []
[2025-01-29 23:50:21,575][__main__][INFO] - [1, 29], []
[2025-01-29 23:50:21,627][__main__][INFO] - [1, 30], []
[2025-01-29 23:50:21,644][__main__][INFO] - [1, 31], []
[2025-01-29 23:50:21,660][__main__][INFO] - [1, 32], []
[2025-01-29 23:50:21,850][__main__][INFO] - [1, 33], []
[2025-01-29 23:50:21,870][__main__][INFO] - [1, 34], []
[2025-01-29 23:50:21,886][__main__][INFO] - [1, 35], []
[2025-01-29 23:50:21,903][__main__][INFO] - [1, 36], []
[2025-01-29 23:50:21,974][__main__][INFO] - [1, 37], []
[2025-01-29 23:50:22,170][__main__][INFO] - [1, 38], []
[2025-01-29 23:50:22,199][__main__][INFO] - [1, 39], []
[2025-01-29 23:50:22,246][__main__][INFO] - [1, 40], []
[2025-01-29 23:50:22,264][__main__][INFO] - [1, 41], []
[2025-01-29 23:50:22,371][__main__][INFO] - [1], [41]
[2025-01-29 23:50:22,524][__main__][INFO] - [1, 42], []
[2025-01-29 23:50:22,545][__main__][INFO] - [1], [42]
[2025-01-29 23:50:22,789][__main__][INFO] - [1, 43], []
[2025-01-29 23:50:22,810][__main__][INFO] - [1], [43]
[2025-01-29 23:50:23,053][__main__][INFO] - [1, 44], []
[2025-01-29 23:50:23,281][__main__][INFO] - [1, 45], []
[2025-01-29 23:50:23,306][__main__][INFO] - [1, 46], []
[2025-01-29 23:50:23,334][__main__][INFO] - [1, 47], []
[2025-01-29 23:50:23,516][__main__][INFO] - [1, 48], []
[2025-01-29 23:50:23,589][__main__][INFO] - [1, 49], []
[2025-01-29 23:50:23,608][__main__][INFO] - [1, 50], []
[2025-01-29 23:50:23,640][__main__][INFO] - [1, 51], []
[2025-01-29 23:50:23,671][__main__][INFO] - [1, 52], []
[2025-01-29 23:50:23,707][__main__][INFO] - [1, 53], []
[2025-01-29 23:50:23,742][__main__][INFO] - [1, 54], []
[2025-01-29 23:50:23,774][__main__][INFO] - [1, 55], []
[2025-01-29 23:50:23,803][__main__][INFO] - [1, 56], []
[2025-01-29 23:50:23,830][__main__][INFO] - [1, 57], []
[2025-01-29 23:50:23,855][__main__][INFO] - [1, 58], []
[2025-01-29 23:50:23,871][__main__][INFO] - [1, 59], []
[2025-01-29 23:50:23,925][__main__][INFO] - [2, 10], []
[2025-01-29 23:50:24,067][__main__][INFO] - [2, 11], []
[2025-01-29 23:50:24,225][__main__][INFO] - [2, 12], []
[2025-01-29 23:50:24,404][__main__][INFO] - [2, 13], []
[2025-01-29 23:50:24,575][__main__][INFO] - [2, 14], []
[2025-01-29 23:50:24,749][__main__][INFO] - [2, 15], []
[2025-01-29 23:50:24,933][__main__][INFO] - [2, 16], []
[2025-01-29 23:50:25,133][__main__][INFO] - [2, 17], []
[2025-01-29 23:50:25,313][__main__][INFO] - [2, 18], []
[2025-01-29 23:50:25,401][__main__][INFO] - [2, 19], []
[2025-01-29 23:50:25,456][__main__][INFO] - [2, 20], []
[2025-01-29 23:50:26,997][__main__][INFO] - [2, 21], []
[2025-01-29 23:50:27,033][__main__][INFO] - [2, 22], []
[2025-01-29 23:50:27,194][__main__][INFO] - [2, 23], []
[2025-01-29 23:50:27,253][__main__][INFO] - [2, 24], []
[2025-01-29 23:50:27,270][__main__][INFO] - [2, 25], []
[2025-01-29 23:50:27,287][__main__][INFO] - [2, 26], []
[2025-01-29 23:50:27,609][__main__][INFO] - [2], [26]
[2025-01-29 23:50:29,080][__main__][INFO] - [2, 27], []
[2025-01-29 23:50:30,609][__main__][INFO] - [2, 28], []
[2025-01-29 23:50:30,715][__main__][INFO] - [2, 29], []
[2025-01-29 23:50:30,838][__main__][INFO] - [2, 30], []
[2025-01-29 23:50:30,867][__main__][INFO] - [2, 31], []
[2025-01-29 23:50:30,885][__main__][INFO] - [2, 32], []
[2025-01-29 23:50:32,304][__main__][INFO] - [2, 33], []
[2025-01-29 23:50:32,406][__main__][INFO] - [2, 34], []
[2025-01-29 23:50:32,427][__main__][INFO] - [2, 35], []
[2025-01-29 23:50:32,454][__main__][INFO] - [2, 36], []
[2025-01-29 23:50:32,714][__main__][INFO] - [2, 37], []
[2025-01-29 23:50:33,600][__main__][INFO] - [2, 38], []
[2025-01-29 23:50:34,024][__main__][INFO] - [2, 39], []
[2025-01-29 23:50:34,270][__main__][INFO] - [2, 40], []
[2025-01-29 23:50:34,306][__main__][INFO] - [2, 41], []
[2025-01-29 23:50:34,538][__main__][INFO] - [2], [41]
[2025-01-29 23:50:36,174][__main__][INFO] - [2, 42], []
[2025-01-29 23:50:36,261][__main__][INFO] - [2], [42]
[2025-01-29 23:50:38,211][__main__][INFO] - [2, 43], []
[2025-01-29 23:50:38,263][__main__][INFO] - [2], [43]
[2025-01-29 23:50:40,266][__main__][INFO] - [2, 44], []
[2025-01-29 23:50:42,101][__main__][INFO] - [2, 45], []
[2025-01-29 23:50:42,198][__main__][INFO] - [2, 46], []
[2025-01-29 23:50:42,270][__main__][INFO] - [2, 47], []
[2025-01-29 23:50:43,891][__main__][INFO] - [2, 48], []
[2025-01-29 23:50:44,212][__main__][INFO] - [2, 49], []
[2025-01-29 23:50:44,240][__main__][INFO] - [2, 50], []
[2025-01-29 23:50:44,340][__main__][INFO] - [2, 51], []
[2025-01-29 23:50:44,413][__main__][INFO] - [2, 52], []
[2025-01-29 23:50:44,496][__main__][INFO] - [2, 53], []
[2025-01-29 23:50:44,590][__main__][INFO] - [2, 54], []
[2025-01-29 23:50:44,677][__main__][INFO] - [2, 55], []
[2025-01-29 23:50:44,758][__main__][INFO] - [2, 56], []
[2025-01-29 23:50:44,834][__main__][INFO] - [2, 57], []
[2025-01-29 23:50:44,906][__main__][INFO] - [2, 58], []
[2025-01-29 23:50:44,970][__main__][INFO] - [2, 59], []
[2025-01-29 23:50:45,543][__main__][INFO] - [3, 10], []
[2025-01-29 23:50:45,580][__main__][INFO] - [3, 11], []
[2025-01-29 23:50:45,615][__main__][INFO] - [3, 12], []
[2025-01-29 23:50:45,645][__main__][INFO] - [3, 13], []
[2025-01-29 23:50:45,670][__main__][INFO] - [3, 14], []
[2025-01-29 23:50:45,694][__main__][INFO] - [3, 15], []
[2025-01-29 23:50:45,716][__main__][INFO] - [3, 16], []
[2025-01-29 23:50:45,738][__main__][INFO] - [3, 17], []
[2025-01-29 23:50:45,754][__main__][INFO] - [3, 18], []
[2025-01-29 23:50:45,770][__main__][INFO] - [3, 19], []
[2025-01-29 23:50:45,785][__main__][INFO] - [3, 20], []
[2025-01-29 23:50:45,887][__main__][INFO] - [3, 21], []
[2025-01-29 23:50:45,908][__main__][INFO] - [3, 22], []
[2025-01-29 23:50:45,923][__main__][INFO] - [3, 23], []
[2025-01-29 23:50:45,939][__main__][INFO] - [3, 24], []
[2025-01-29 23:50:45,955][__main__][INFO] - [3, 25], []
[2025-01-29 23:50:45,971][__main__][INFO] - [3, 26], []
[2025-01-29 23:50:45,997][__main__][INFO] - [3], [26]
[2025-01-29 23:50:46,101][__main__][INFO] - [3, 27], []
[2025-01-29 23:50:46,202][__main__][INFO] - [3, 28], []
[2025-01-29 23:50:46,219][__main__][INFO] - [3, 29], []
[2025-01-29 23:50:46,235][__main__][INFO] - [3, 30], []
[2025-01-29 23:50:46,252][__main__][INFO] - [3, 31], []
[2025-01-29 23:50:46,268][__main__][INFO] - [3, 32], []
[2025-01-29 23:50:46,340][__main__][INFO] - [3, 33], []
[2025-01-29 23:50:46,359][__main__][INFO] - [3, 34], []
[2025-01-29 23:50:46,375][__main__][INFO] - [3, 35], []
[2025-01-29 23:50:46,391][__main__][INFO] - [3, 36], []
[2025-01-29 23:50:46,444][__main__][INFO] - [3, 37], []
[2025-01-29 23:50:46,480][__main__][INFO] - [3, 38], []
[2025-01-29 23:50:46,550][__main__][INFO] - [3, 39], []
[2025-01-29 23:50:46,578][__main__][INFO] - [3, 40], []
[2025-01-29 23:50:46,594][__main__][INFO] - [3, 41], []
[2025-01-29 23:50:46,609][__main__][INFO] - [3], [41]
[2025-01-29 23:50:46,715][__main__][INFO] - [3, 42], []
[2025-01-29 23:50:46,733][__main__][INFO] - [3], [42]
[2025-01-29 23:50:46,850][__main__][INFO] - [3, 43], []
[2025-01-29 23:50:46,868][__main__][INFO] - [3], [43]
[2025-01-29 23:50:46,984][__main__][INFO] - [3, 44], []
[2025-01-29 23:50:47,082][__main__][INFO] - [3, 45], []
[2025-01-29 23:50:47,104][__main__][INFO] - [3, 46], []
[2025-01-29 23:50:47,129][__main__][INFO] - [3, 47], []
[2025-01-29 23:50:47,222][__main__][INFO] - [3, 48], []
[2025-01-29 23:50:47,259][__main__][INFO] - [3, 49], []
[2025-01-29 23:50:47,276][__main__][INFO] - [3, 50], []
[2025-01-29 23:50:47,298][__main__][INFO] - [3, 51], []
[2025-01-29 23:50:47,318][__main__][INFO] - [3, 52], []
[2025-01-29 23:50:47,338][__main__][INFO] - [3, 53], []
[2025-01-29 23:50:47,359][__main__][INFO] - [3, 54], []
[2025-01-29 23:50:47,379][__main__][INFO] - [3, 55], []
[2025-01-29 23:50:47,399][__main__][INFO] - [3, 56], []
[2025-01-29 23:50:47,419][__main__][INFO] - [3, 57], []
[2025-01-29 23:50:47,438][__main__][INFO] - [3, 58], []
[2025-01-29 23:50:47,457][__main__][INFO] - [3, 59], []
[2025-01-29 23:50:47,515][__main__][INFO] - [4, 10], []
[2025-01-29 23:50:47,557][__main__][INFO] - [4, 11], []
[2025-01-29 23:50:47,601][__main__][INFO] - [4, 12], []
[2025-01-29 23:50:47,653][__main__][INFO] - [4, 13], []
[2025-01-29 23:50:47,707][__main__][INFO] - [4, 14], []
[2025-01-29 23:50:47,724][__main__][INFO] - [4, 15], []
[2025-01-29 23:50:47,740][__main__][INFO] - [4, 16], []
[2025-01-29 23:50:47,789][__main__][INFO] - [4, 17], []
[2025-01-29 23:50:47,832][__main__][INFO] - [4, 18], []
[2025-01-29 23:50:47,847][__main__][INFO] - [4, 19], []
[2025-01-29 23:50:47,869][__main__][INFO] - [4, 20], []
[2025-01-29 23:50:47,987][__main__][INFO] - [4, 21], []
[2025-01-29 23:50:48,198][__main__][INFO] - [4, 22], []
[2025-01-29 23:50:48,215][__main__][INFO] - [4, 23], []
[2025-01-29 23:50:48,230][__main__][INFO] - [4, 24], []
[2025-01-29 23:50:48,247][__main__][INFO] - [4, 25], []
[2025-01-29 23:50:48,262][__main__][INFO] - [4, 26], []
[2025-01-29 23:50:48,305][__main__][INFO] - [4], [26]
[2025-01-29 23:50:48,605][__main__][INFO] - [4, 27], []
[2025-01-29 23:50:48,725][__main__][INFO] - [4, 28], []
[2025-01-29 23:50:48,794][__main__][INFO] - [4, 29], []
[2025-01-29 23:50:48,940][__main__][INFO] - [4, 30], []
[2025-01-29 23:50:48,956][__main__][INFO] - [4, 31], []
[2025-01-29 23:50:48,972][__main__][INFO] - [4, 32], []
[2025-01-29 23:50:49,236][__main__][INFO] - [4, 33], []
[2025-01-29 23:50:49,258][__main__][INFO] - [4, 34], []
[2025-01-29 23:50:49,274][__main__][INFO] - [4, 35], []
[2025-01-29 23:50:49,290][__main__][INFO] - [4, 36], []
[2025-01-29 23:50:49,353][__main__][INFO] - [4, 37], []
[2025-01-29 23:50:49,610][__main__][INFO] - [4, 38], []
[2025-01-29 23:50:49,643][__main__][INFO] - [4, 39], []
[2025-01-29 23:50:49,694][__main__][INFO] - [4, 40], []
[2025-01-29 23:50:49,711][__main__][INFO] - [4, 41], []
[2025-01-29 23:50:49,916][__main__][INFO] - [4], [41]
[2025-01-29 23:50:50,042][__main__][INFO] - [4, 42], []
[2025-01-29 23:50:50,058][__main__][INFO] - [4], [42]
[2025-01-29 23:50:50,376][__main__][INFO] - [4, 43], []
[2025-01-29 23:50:50,397][__main__][INFO] - [4], [43]
[2025-01-29 23:50:50,718][__main__][INFO] - [4, 44], []
[2025-01-29 23:50:51,023][__main__][INFO] - [4, 45], []
[2025-01-29 23:50:51,049][__main__][INFO] - [4, 46], []
[2025-01-29 23:50:51,077][__main__][INFO] - [4, 47], []
[2025-01-29 23:50:51,321][__main__][INFO] - [4, 48], []
[2025-01-29 23:50:51,411][__main__][INFO] - [4, 49], []
[2025-01-29 23:50:51,430][__main__][INFO] - [4, 50], []
[2025-01-29 23:50:51,462][__main__][INFO] - [4, 51], []
[2025-01-29 23:50:51,487][__main__][INFO] - [4, 52], []
[2025-01-29 23:50:51,515][__main__][INFO] - [4, 53], []
[2025-01-29 23:50:51,543][__main__][INFO] - [4, 54], []
[2025-01-29 23:50:51,563][__main__][INFO] - [4, 55], []
[2025-01-29 23:50:51,580][__main__][INFO] - [4, 56], []
[2025-01-29 23:50:51,608][__main__][INFO] - [4, 57], []
[2025-01-29 23:50:51,635][__main__][INFO] - [4, 58], []
[2025-01-29 23:50:51,661][__main__][INFO] - [4, 59], []
[2025-01-29 23:50:51,821][__main__][INFO] - [5, 10], []
[2025-01-29 23:50:51,845][__main__][INFO] - [5, 11], []
[2025-01-29 23:50:51,870][__main__][INFO] - [5, 12], []
[2025-01-29 23:50:51,899][__main__][INFO] - [5, 13], []
[2025-01-29 23:50:51,926][__main__][INFO] - [5, 14], []
[2025-01-29 23:50:51,942][__main__][INFO] - [5, 15], []
[2025-01-29 23:50:51,970][__main__][INFO] - [5, 16], []
[2025-01-29 23:50:51,986][__main__][INFO] - [5, 17], []
[2025-01-29 23:50:52,011][__main__][INFO] - [5, 18], []
[2025-01-29 23:50:52,027][__main__][INFO] - [5, 19], []
[2025-01-29 23:50:52,043][__main__][INFO] - [5, 20], []
[2025-01-29 23:50:52,145][__main__][INFO] - [5, 21], []
[2025-01-29 23:50:52,161][__main__][INFO] - [5, 22], []
[2025-01-29 23:50:52,180][__main__][INFO] - [5, 23], []
[2025-01-29 23:50:52,196][__main__][INFO] - [5, 24], []
[2025-01-29 23:50:52,230][__main__][INFO] - [5, 26], []
[2025-01-29 23:50:52,263][__main__][INFO] - [5], [26]
[2025-01-29 23:50:52,352][__main__][INFO] - [5, 27], []
[2025-01-29 23:50:52,454][__main__][INFO] - [5, 28], []
[2025-01-29 23:50:52,472][__main__][INFO] - [5, 29], []
[2025-01-29 23:50:52,493][__main__][INFO] - [5, 30], []
[2025-01-29 23:50:52,509][__main__][INFO] - [5, 31], []
[2025-01-29 23:50:52,525][__main__][INFO] - [5, 32], []
[2025-01-29 23:50:52,607][__main__][INFO] - [5, 33], []
[2025-01-29 23:50:52,630][__main__][INFO] - [5, 34], []
[2025-01-29 23:50:52,646][__main__][INFO] - [5, 35], []
[2025-01-29 23:50:52,663][__main__][INFO] - [5, 36], []
[2025-01-29 23:50:52,693][__main__][INFO] - [5, 37], []
[2025-01-29 23:50:52,773][__main__][INFO] - [5, 38], []
[2025-01-29 23:50:52,797][__main__][INFO] - [5, 39], []
[2025-01-29 23:50:52,825][__main__][INFO] - [5, 40], []
[2025-01-29 23:50:52,841][__main__][INFO] - [5, 41], []
[2025-01-29 23:50:52,863][__main__][INFO] - [5], [41]
[2025-01-29 23:50:52,962][__main__][INFO] - [5, 42], []
[2025-01-29 23:50:52,980][__main__][INFO] - [5], [42]
[2025-01-29 23:50:53,085][__main__][INFO] - [5, 43], []
[2025-01-29 23:50:53,104][__main__][INFO] - [5], [43]
[2025-01-29 23:50:53,207][__main__][INFO] - [5, 44], []
[2025-01-29 23:50:53,301][__main__][INFO] - [5, 45], []
[2025-01-29 23:50:53,317][__main__][INFO] - [5, 46], []
[2025-01-29 23:50:53,336][__main__][INFO] - [5, 47], []
[2025-01-29 23:50:53,423][__main__][INFO] - [5, 48], []
[2025-01-29 23:50:53,456][__main__][INFO] - [5, 49], []
[2025-01-29 23:50:53,472][__main__][INFO] - [5, 50], []
[2025-01-29 23:50:53,500][__main__][INFO] - [5, 51], []
[2025-01-29 23:50:53,521][__main__][INFO] - [5, 52], []
[2025-01-29 23:50:53,541][__main__][INFO] - [5, 53], []
[2025-01-29 23:50:53,562][__main__][INFO] - [5, 54], []
[2025-01-29 23:50:53,582][__main__][INFO] - [5, 55], []
[2025-01-29 23:50:53,598][__main__][INFO] - [5, 56], []
[2025-01-29 23:50:53,614][__main__][INFO] - [5, 57], []
[2025-01-29 23:50:53,630][__main__][INFO] - [5, 58], []
[2025-01-29 23:50:53,648][__main__][INFO] - [5, 59], []
[2025-01-29 23:50:53,696][__main__][INFO] - [6, 10], []
[2025-01-29 23:50:53,713][__main__][INFO] - [6, 11], []
[2025-01-29 23:50:53,731][__main__][INFO] - [6, 12], []
[2025-01-29 23:50:53,749][__main__][INFO] - [6, 13], []
[2025-01-29 23:50:53,766][__main__][INFO] - [6, 14], []
[2025-01-29 23:50:53,784][__main__][INFO] - [6, 15], []
[2025-01-29 23:50:53,802][__main__][INFO] - [6, 16], []
[2025-01-29 23:50:53,819][__main__][INFO] - [6, 17], []
[2025-01-29 23:50:53,837][__main__][INFO] - [6, 18], []
[2025-01-29 23:50:53,853][__main__][INFO] - [6, 19], []
[2025-01-29 23:50:53,869][__main__][INFO] - [6, 20], []
[2025-01-29 23:50:53,916][__main__][INFO] - [6, 22], []
[2025-01-29 23:50:53,975][__main__][INFO] - [6, 26], []
[2025-01-29 23:50:53,994][__main__][INFO] - [6], [26]
[2025-01-29 23:50:54,026][__main__][INFO] - [6, 27], []
[2025-01-29 23:50:54,059][__main__][INFO] - [6, 28], []
[2025-01-29 23:50:54,074][__main__][INFO] - [6, 29], []
[2025-01-29 23:50:54,091][__main__][INFO] - [6, 30], []
[2025-01-29 23:50:54,119][__main__][INFO] - [6, 32], []
[2025-01-29 23:50:54,148][__main__][INFO] - [6, 33], []
[2025-01-29 23:50:54,193][__main__][INFO] - [6, 36], []
[2025-01-29 23:50:54,212][__main__][INFO] - [6, 37], []
[2025-01-29 23:50:54,241][__main__][INFO] - [6, 38], []
[2025-01-29 23:50:54,258][__main__][INFO] - [6, 39], []
[2025-01-29 23:50:54,276][__main__][INFO] - [6, 40], []
[2025-01-29 23:50:54,292][__main__][INFO] - [6, 41], []
[2025-01-29 23:50:54,309][__main__][INFO] - [6], [41]
[2025-01-29 23:50:54,342][__main__][INFO] - [6, 42], []
[2025-01-29 23:50:54,359][__main__][INFO] - [6], [42]
[2025-01-29 23:50:54,394][__main__][INFO] - [6, 43], []
[2025-01-29 23:50:54,410][__main__][INFO] - [6], [43]
[2025-01-29 23:50:54,445][__main__][INFO] - [6, 44], []
[2025-01-29 23:50:54,477][__main__][INFO] - [6, 45], []
[2025-01-29 23:50:54,494][__main__][INFO] - [6, 46], []
[2025-01-29 23:50:54,510][__main__][INFO] - [6, 47], []
[2025-01-29 23:50:54,540][__main__][INFO] - [6, 48], []
[2025-01-29 23:50:54,559][__main__][INFO] - [6, 49], []
[2025-01-29 23:50:54,575][__main__][INFO] - [6, 50], []
[2025-01-29 23:50:54,592][__main__][INFO] - [6, 51], []
[2025-01-29 23:50:54,609][__main__][INFO] - [6, 52], []
[2025-01-29 23:50:54,626][__main__][INFO] - [6, 53], []
[2025-01-29 23:50:54,643][__main__][INFO] - [6, 54], []
[2025-01-29 23:50:54,660][__main__][INFO] - [6, 55], []
[2025-01-29 23:50:54,677][__main__][INFO] - [6, 56], []
[2025-01-29 23:50:54,694][__main__][INFO] - [6, 57], []
[2025-01-29 23:50:54,711][__main__][INFO] - [6, 58], []
[2025-01-29 23:50:54,727][__main__][INFO] - [6, 59], []
[2025-01-29 23:50:54,759][__main__][INFO] - [7, 10], []
[2025-01-29 23:50:54,774][__main__][INFO] - [7, 11], []
[2025-01-29 23:50:54,790][__main__][INFO] - [7, 12], []
[2025-01-29 23:50:54,805][__main__][INFO] - [7, 13], []
[2025-01-29 23:50:54,821][__main__][INFO] - [7, 14], []
[2025-01-29 23:50:54,836][__main__][INFO] - [7, 15], []
[2025-01-29 23:50:54,852][__main__][INFO] - [7, 16], []
[2025-01-29 23:50:54,867][__main__][INFO] - [7, 17], []
[2025-01-29 23:50:54,883][__main__][INFO] - [7, 18], []
[2025-01-29 23:50:54,912][__main__][INFO] - [7, 20], []
[2025-01-29 23:50:54,942][__main__][INFO] - [7, 22], []
[2025-01-29 23:50:54,985][__main__][INFO] - [7, 25], []
[2025-01-29 23:50:55,000][__main__][INFO] - [7, 26], []
[2025-01-29 23:50:55,016][__main__][INFO] - [7], [26]
[2025-01-29 23:50:55,031][__main__][INFO] - [7, 27], []
[2025-01-29 23:50:55,047][__main__][INFO] - [7, 28], []
[2025-01-29 23:50:55,062][__main__][INFO] - [7, 29], []
[2025-01-29 23:50:55,078][__main__][INFO] - [7, 30], []
[2025-01-29 23:50:55,093][__main__][INFO] - [7, 31], []
[2025-01-29 23:50:55,109][__main__][INFO] - [7, 32], []
[2025-01-29 23:50:55,124][__main__][INFO] - [7, 33], []
[2025-01-29 23:50:55,167][__main__][INFO] - [7, 36], []
[2025-01-29 23:50:55,183][__main__][INFO] - [7, 37], []
[2025-01-29 23:50:55,199][__main__][INFO] - [7, 38], []
[2025-01-29 23:50:55,214][__main__][INFO] - [7, 39], []
[2025-01-29 23:50:55,244][__main__][INFO] - [7, 41], []
[2025-01-29 23:50:55,260][__main__][INFO] - [7], [41]
[2025-01-29 23:50:55,275][__main__][INFO] - [7, 42], []
[2025-01-29 23:50:55,291][__main__][INFO] - [7], [42]
[2025-01-29 23:50:55,306][__main__][INFO] - [7, 43], []
[2025-01-29 23:50:55,321][__main__][INFO] - [7], [43]
[2025-01-29 23:50:55,337][__main__][INFO] - [7, 44], []
[2025-01-29 23:50:55,353][__main__][INFO] - [7, 45], []
[2025-01-29 23:50:55,368][__main__][INFO] - [7, 46], []
[2025-01-29 23:50:55,384][__main__][INFO] - [7, 47], []
[2025-01-29 23:50:55,399][__main__][INFO] - [7, 48], []
[2025-01-29 23:50:55,429][__main__][INFO] - [7, 50], []
[2025-01-29 23:50:55,444][__main__][INFO] - [7, 51], []
[2025-01-29 23:50:55,460][__main__][INFO] - [7, 52], []
[2025-01-29 23:50:55,475][__main__][INFO] - [7, 53], []
[2025-01-29 23:50:55,491][__main__][INFO] - [7, 54], []
[2025-01-29 23:50:55,506][__main__][INFO] - [7, 55], []
[2025-01-29 23:50:55,521][__main__][INFO] - [7, 56], []
[2025-01-29 23:50:55,537][__main__][INFO] - [7, 57], []
[2025-01-29 23:50:55,552][__main__][INFO] - [7, 58], []
[2025-01-29 23:50:55,567][__main__][INFO] - [7, 59], []
[2025-01-29 23:50:55,597][__main__][INFO] - [8, 10], []
[2025-01-29 23:50:55,613][__main__][INFO] - [8, 11], []
[2025-01-29 23:50:55,629][__main__][INFO] - [8, 12], []
[2025-01-29 23:50:55,645][__main__][INFO] - [8, 13], []
[2025-01-29 23:50:55,660][__main__][INFO] - [8, 14], []
[2025-01-29 23:50:55,676][__main__][INFO] - [8, 15], []
[2025-01-29 23:50:55,692][__main__][INFO] - [8, 16], []
[2025-01-29 23:50:55,709][__main__][INFO] - [8, 17], []
[2025-01-29 23:50:55,752][__main__][INFO] - [8, 20], []
[2025-01-29 23:50:55,785][__main__][INFO] - [8, 22], []
[2025-01-29 23:50:55,843][__main__][INFO] - [8, 26], []
[2025-01-29 23:50:55,860][__main__][INFO] - [8], [26]
[2025-01-29 23:50:55,879][__main__][INFO] - [8, 27], []
[2025-01-29 23:50:55,897][__main__][INFO] - [8, 28], []
[2025-01-29 23:50:55,913][__main__][INFO] - [8, 29], []
[2025-01-29 23:50:55,957][__main__][INFO] - [8, 32], []
[2025-01-29 23:50:55,977][__main__][INFO] - [8, 33], []
[2025-01-29 23:50:56,021][__main__][INFO] - [8, 36], []
[2025-01-29 23:50:56,038][__main__][INFO] - [8, 37], []
[2025-01-29 23:50:56,057][__main__][INFO] - [8, 38], []
[2025-01-29 23:50:56,073][__main__][INFO] - [8, 39], []
[2025-01-29 23:50:56,103][__main__][INFO] - [8, 41], []
[2025-01-29 23:50:56,118][__main__][INFO] - [8], [41]
[2025-01-29 23:50:56,138][__main__][INFO] - [8, 42], []
[2025-01-29 23:50:56,154][__main__][INFO] - [8], [42]
[2025-01-29 23:50:56,174][__main__][INFO] - [8, 43], []
[2025-01-29 23:50:56,190][__main__][INFO] - [8], [43]
[2025-01-29 23:50:56,209][__main__][INFO] - [8, 44], []
[2025-01-29 23:50:56,228][__main__][INFO] - [8, 45], []
[2025-01-29 23:50:56,244][__main__][INFO] - [8, 46], []
[2025-01-29 23:50:56,260][__main__][INFO] - [8, 47], []
[2025-01-29 23:50:56,279][__main__][INFO] - [8, 48], []
[2025-01-29 23:50:56,310][__main__][INFO] - [8, 50], []
[2025-01-29 23:50:56,326][__main__][INFO] - [8, 51], []
[2025-01-29 23:50:56,341][__main__][INFO] - [8, 52], []
[2025-01-29 23:50:56,357][__main__][INFO] - [8, 53], []
[2025-01-29 23:50:56,373][__main__][INFO] - [8, 54], []
[2025-01-29 23:50:56,389][__main__][INFO] - [8, 55], []
[2025-01-29 23:50:56,404][__main__][INFO] - [8, 56], []
[2025-01-29 23:50:56,420][__main__][INFO] - [8, 57], []
[2025-01-29 23:50:56,436][__main__][INFO] - [8, 58], []
[2025-01-29 23:50:56,452][__main__][INFO] - [8, 59], []
[2025-01-29 23:50:56,618][__main__][INFO] - [9, 20], []
[2025-01-29 23:50:56,732][__main__][INFO] - [9, 27], []
[2025-01-29 23:50:56,803][__main__][INFO] - [9, 32], []
[2025-01-29 23:50:56,944][__main__][INFO] - [9], [41]
[2025-01-29 23:50:56,973][__main__][INFO] - [9], [42]
[2025-01-29 23:50:57,003][__main__][INFO] - [9], [43]
[2025-01-29 23:50:57,255][__main__][INFO] - [10, 20], []
[2025-01-29 23:50:57,486][__main__][INFO] - [10, 21], []
[2025-01-29 23:50:57,507][__main__][INFO] - [10, 22], []
[2025-01-29 23:50:57,527][__main__][INFO] - [10, 23], []
[2025-01-29 23:50:57,543][__main__][INFO] - [10, 24], []
[2025-01-29 23:50:57,558][__main__][INFO] - [10, 25], []
[2025-01-29 23:50:57,574][__main__][INFO] - [10, 26], []
[2025-01-29 23:50:57,594][__main__][INFO] - [10], [26]
[2025-01-29 23:50:57,827][__main__][INFO] - [10, 27], []
[2025-01-29 23:50:58,054][__main__][INFO] - [10, 28], []
[2025-01-29 23:50:58,071][__main__][INFO] - [10, 29], []
[2025-01-29 23:50:58,088][__main__][INFO] - [10, 30], []
[2025-01-29 23:50:58,108][__main__][INFO] - [10, 31], []
[2025-01-29 23:50:58,179][__main__][INFO] - [10, 36], []
[2025-01-29 23:50:58,430][__main__][INFO] - [10, 37], []
[2025-01-29 23:50:58,548][__main__][INFO] - [10, 38], []
[2025-01-29 23:50:58,618][__main__][INFO] - [10, 39], []
[2025-01-29 23:50:58,672][__main__][INFO] - [10, 40], []
[2025-01-29 23:50:58,690][__main__][INFO] - [10, 41], []
[2025-01-29 23:50:58,712][__main__][INFO] - [10], [41]
[2025-01-29 23:50:58,946][__main__][INFO] - [10, 42], []
[2025-01-29 23:50:58,963][__main__][INFO] - [10], [42]
[2025-01-29 23:50:59,205][__main__][INFO] - [10, 43], []
[2025-01-29 23:50:59,223][__main__][INFO] - [10], [43]
[2025-01-29 23:50:59,471][__main__][INFO] - [10, 44], []
[2025-01-29 23:50:59,590][__main__][INFO] - [10, 45], []
[2025-01-29 23:50:59,610][__main__][INFO] - [10, 46], []
[2025-01-29 23:50:59,717][__main__][INFO] - [10, 47], []
[2025-01-29 23:50:59,996][__main__][INFO] - [10, 50], []
[2025-01-29 23:51:00,024][__main__][INFO] - [10, 51], []
[2025-01-29 23:51:00,052][__main__][INFO] - [10, 52], []
[2025-01-29 23:51:00,082][__main__][INFO] - [10, 53], []
[2025-01-29 23:51:00,112][__main__][INFO] - [10, 54], []
[2025-01-29 23:51:00,139][__main__][INFO] - [10, 55], []
[2025-01-29 23:51:00,164][__main__][INFO] - [10, 56], []
[2025-01-29 23:51:00,189][__main__][INFO] - [10, 57], []
[2025-01-29 23:51:00,212][__main__][INFO] - [10, 58], []
[2025-01-29 23:51:00,234][__main__][INFO] - [10, 59], []
[2025-01-29 23:51:00,318][__main__][INFO] - [11, 20], []
[2025-01-29 23:51:00,563][__main__][INFO] - [11, 21], []
[2025-01-29 23:51:00,586][__main__][INFO] - [11, 22], []
[2025-01-29 23:51:00,609][__main__][INFO] - [11, 23], []
[2025-01-29 23:51:00,627][__main__][INFO] - [11, 24], []
[2025-01-29 23:51:00,642][__main__][INFO] - [11, 25], []
[2025-01-29 23:51:00,658][__main__][INFO] - [11, 26], []
[2025-01-29 23:51:00,687][__main__][INFO] - [11], [26]
[2025-01-29 23:51:00,944][__main__][INFO] - [11, 27], []
[2025-01-29 23:51:01,192][__main__][INFO] - [11, 28], []
[2025-01-29 23:51:01,209][__main__][INFO] - [11, 29], []
[2025-01-29 23:51:01,229][__main__][INFO] - [11, 30], []
[2025-01-29 23:51:01,248][__main__][INFO] - [11, 31], []
[2025-01-29 23:51:01,264][__main__][INFO] - [11, 32], []
[2025-01-29 23:51:01,345][__main__][INFO] - [11, 34], []
[2025-01-29 23:51:01,375][__main__][INFO] - [11, 36], []
[2025-01-29 23:51:01,572][__main__][INFO] - [11, 37], []
[2025-01-29 23:51:01,716][__main__][INFO] - [11, 38], []
[2025-01-29 23:51:01,785][__main__][INFO] - [11, 39], []
[2025-01-29 23:51:01,838][__main__][INFO] - [11, 40], []
[2025-01-29 23:51:01,857][__main__][INFO] - [11, 41], []
[2025-01-29 23:51:01,886][__main__][INFO] - [11], [41]
[2025-01-29 23:51:02,135][__main__][INFO] - [11, 42], []
[2025-01-29 23:51:02,153][__main__][INFO] - [11], [42]
[2025-01-29 23:51:02,425][__main__][INFO] - [11, 43], []
[2025-01-29 23:51:02,443][__main__][INFO] - [11], [43]
[2025-01-29 23:51:02,710][__main__][INFO] - [11, 44], []
[2025-01-29 23:51:02,968][__main__][INFO] - [11, 45], []
[2025-01-29 23:51:03,007][__main__][INFO] - [11, 47], []
[2025-01-29 23:51:03,208][__main__][INFO] - [11, 48], []
[2025-01-29 23:51:03,274][__main__][INFO] - [11, 49], []
[2025-01-29 23:51:03,291][__main__][INFO] - [11, 50], []
[2025-01-29 23:51:03,326][__main__][INFO] - [11, 51], []
[2025-01-29 23:51:03,354][__main__][INFO] - [11, 52], []
[2025-01-29 23:51:03,385][__main__][INFO] - [11, 53], []
[2025-01-29 23:51:03,415][__main__][INFO] - [11, 54], []
[2025-01-29 23:51:03,442][__main__][INFO] - [11, 55], []
[2025-01-29 23:51:03,468][__main__][INFO] - [11, 56], []
[2025-01-29 23:51:03,493][__main__][INFO] - [11, 57], []
[2025-01-29 23:51:03,516][__main__][INFO] - [11, 58], []
[2025-01-29 23:51:03,539][__main__][INFO] - [11, 59], []
[2025-01-29 23:51:03,624][__main__][INFO] - [12, 20], []
[2025-01-29 23:51:03,869][__main__][INFO] - [12, 21], []
[2025-01-29 23:51:03,903][__main__][INFO] - [12, 22], []
[2025-01-29 23:51:03,937][__main__][INFO] - [12, 23], []
[2025-01-29 23:51:03,956][__main__][INFO] - [12, 24], []
[2025-01-29 23:51:03,972][__main__][INFO] - [12, 25], []
[2025-01-29 23:51:03,988][__main__][INFO] - [12, 26], []
[2025-01-29 23:51:04,018][__main__][INFO] - [12], [26]
[2025-01-29 23:51:04,298][__main__][INFO] - [12, 27], []
[2025-01-29 23:51:04,541][__main__][INFO] - [12, 28], []
[2025-01-29 23:51:04,580][__main__][INFO] - [12, 29], []
[2025-01-29 23:51:04,597][__main__][INFO] - [12, 30], []
[2025-01-29 23:51:04,616][__main__][INFO] - [12, 31], []
[2025-01-29 23:51:04,633][__main__][INFO] - [12, 32], []
[2025-01-29 23:51:04,920][__main__][INFO] - [12, 33], []
[2025-01-29 23:51:04,940][__main__][INFO] - [12, 34], []
[2025-01-29 23:51:04,959][__main__][INFO] - [12, 35], []
[2025-01-29 23:51:04,990][__main__][INFO] - [12, 37], []
[2025-01-29 23:51:05,159][__main__][INFO] - [12, 38], []
[2025-01-29 23:51:05,229][__main__][INFO] - [12, 39], []
[2025-01-29 23:51:05,285][__main__][INFO] - [12, 40], []
[2025-01-29 23:51:05,303][__main__][INFO] - [12, 41], []
[2025-01-29 23:51:05,354][__main__][INFO] - [12], [41]
[2025-01-29 23:51:05,608][__main__][INFO] - [12, 42], []
[2025-01-29 23:51:05,626][__main__][INFO] - [12], [42]
[2025-01-29 23:51:05,921][__main__][INFO] - [12, 43], []
[2025-01-29 23:51:05,941][__main__][INFO] - [12], [43]
[2025-01-29 23:51:06,234][__main__][INFO] - [12, 44], []
[2025-01-29 23:51:06,520][__main__][INFO] - [12, 45], []
[2025-01-29 23:51:06,559][__main__][INFO] - [12, 47], []
[2025-01-29 23:51:06,724][__main__][INFO] - [12, 48], []
[2025-01-29 23:51:06,864][__main__][INFO] - [12, 49], []
[2025-01-29 23:51:06,887][__main__][INFO] - [12, 50], []
[2025-01-29 23:51:06,935][__main__][INFO] - [12, 51], []
[2025-01-29 23:51:06,962][__main__][INFO] - [12, 52], []
[2025-01-29 23:51:06,992][__main__][INFO] - [12, 53], []
[2025-01-29 23:51:07,025][__main__][INFO] - [12, 54], []
[2025-01-29 23:51:07,055][__main__][INFO] - [12, 55], []
[2025-01-29 23:51:07,084][__main__][INFO] - [12, 56], []
[2025-01-29 23:51:07,113][__main__][INFO] - [12, 57], []
[2025-01-29 23:51:07,139][__main__][INFO] - [12, 58], []
[2025-01-29 23:51:07,164][__main__][INFO] - [12, 59], []
[2025-01-29 23:51:07,252][__main__][INFO] - [13, 20], []
[2025-01-29 23:51:07,451][__main__][INFO] - [13, 21], []
[2025-01-29 23:51:07,495][__main__][INFO] - [13, 22], []
[2025-01-29 23:51:07,543][__main__][INFO] - [13, 23], []
[2025-01-29 23:51:07,564][__main__][INFO] - [13, 24], []
[2025-01-29 23:51:07,581][__main__][INFO] - [13, 25], []
[2025-01-29 23:51:07,597][__main__][INFO] - [13, 26], []
[2025-01-29 23:51:07,628][__main__][INFO] - [13], [26]
[2025-01-29 23:51:07,888][__main__][INFO] - [13, 27], []
[2025-01-29 23:51:08,082][__main__][INFO] - [13, 28], []
[2025-01-29 23:51:08,137][__main__][INFO] - [13, 29], []
[2025-01-29 23:51:08,175][__main__][INFO] - [13, 30], []
[2025-01-29 23:51:08,195][__main__][INFO] - [13, 31], []
[2025-01-29 23:51:08,211][__main__][INFO] - [13, 32], []
[2025-01-29 23:51:08,473][__main__][INFO] - [13, 33], []
[2025-01-29 23:51:08,494][__main__][INFO] - [13, 34], []
[2025-01-29 23:51:08,512][__main__][INFO] - [13, 35], []
[2025-01-29 23:51:08,543][__main__][INFO] - [13, 37], []
[2025-01-29 23:51:08,701][__main__][INFO] - [13, 38], []
[2025-01-29 23:51:08,765][__main__][INFO] - [13, 39], []
[2025-01-29 23:51:08,815][__main__][INFO] - [13, 40], []
[2025-01-29 23:51:08,834][__main__][INFO] - [13, 41], []
[2025-01-29 23:51:08,914][__main__][INFO] - [13], [41]
[2025-01-29 23:51:09,110][__main__][INFO] - [13, 42], []
[2025-01-29 23:51:09,128][__main__][INFO] - [13], [42]
[2025-01-29 23:51:09,404][__main__][INFO] - [13, 43], []
[2025-01-29 23:51:09,423][__main__][INFO] - [13], [43]
[2025-01-29 23:51:09,702][__main__][INFO] - [13, 44], []
[2025-01-29 23:51:09,970][__main__][INFO] - [13, 45], []
[2025-01-29 23:51:10,009][__main__][INFO] - [13, 47], []
[2025-01-29 23:51:10,151][__main__][INFO] - [13, 48], []
[2025-01-29 23:51:10,281][__main__][INFO] - [13, 49], []
[2025-01-29 23:51:10,307][__main__][INFO] - [13, 50], []
[2025-01-29 23:51:10,336][__main__][INFO] - [13, 51], []
[2025-01-29 23:51:10,360][__main__][INFO] - [13, 52], []
[2025-01-29 23:51:10,386][__main__][INFO] - [13, 53], []
[2025-01-29 23:51:10,414][__main__][INFO] - [13, 54], []
[2025-01-29 23:51:10,441][__main__][INFO] - [13, 55], []
[2025-01-29 23:51:10,466][__main__][INFO] - [13, 56], []
[2025-01-29 23:51:10,492][__main__][INFO] - [13, 57], []
[2025-01-29 23:51:10,518][__main__][INFO] - [13, 58], []
[2025-01-29 23:51:10,541][__main__][INFO] - [13, 59], []
[2025-01-29 23:51:10,652][__main__][INFO] - [14, 20], []
[2025-01-29 23:51:10,819][__main__][INFO] - [14, 21], []
[2025-01-29 23:51:10,836][__main__][INFO] - [14, 22], []
[2025-01-29 23:51:10,901][__main__][INFO] - [14, 23], []
[2025-01-29 23:51:10,923][__main__][INFO] - [14, 24], []
[2025-01-29 23:51:10,939][__main__][INFO] - [14, 25], []
[2025-01-29 23:51:10,954][__main__][INFO] - [14, 26], []
[2025-01-29 23:51:10,987][__main__][INFO] - [14], [26]
[2025-01-29 23:51:11,242][__main__][INFO] - [14, 27], []
[2025-01-29 23:51:11,406][__main__][INFO] - [14, 28], []
[2025-01-29 23:51:11,466][__main__][INFO] - [14, 29], []
[2025-01-29 23:51:11,526][__main__][INFO] - [14, 30], []
[2025-01-29 23:51:11,544][__main__][INFO] - [14, 31], []
[2025-01-29 23:51:11,560][__main__][INFO] - [14, 32], []
[2025-01-29 23:51:11,823][__main__][INFO] - [14, 33], []
[2025-01-29 23:51:11,846][__main__][INFO] - [14, 34], []
[2025-01-29 23:51:11,863][__main__][INFO] - [14, 35], []
[2025-01-29 23:51:11,895][__main__][INFO] - [14, 37], []
[2025-01-29 23:51:12,064][__main__][INFO] - [14, 38], []
[2025-01-29 23:51:12,126][__main__][INFO] - [14, 39], []
[2025-01-29 23:51:12,171][__main__][INFO] - [14, 40], []
[2025-01-29 23:51:12,190][__main__][INFO] - [14, 41], []
[2025-01-29 23:51:12,300][__main__][INFO] - [14], [41]
[2025-01-29 23:51:12,471][__main__][INFO] - [14, 42], []
[2025-01-29 23:51:12,491][__main__][INFO] - [14], [42]
[2025-01-29 23:51:12,764][__main__][INFO] - [14, 43], []
[2025-01-29 23:51:12,783][__main__][INFO] - [14], [43]
[2025-01-29 23:51:13,063][__main__][INFO] - [14, 44], []
[2025-01-29 23:51:13,338][__main__][INFO] - [14, 45], []
[2025-01-29 23:51:13,376][__main__][INFO] - [14, 47], []
[2025-01-29 23:51:13,518][__main__][INFO] - [14, 48], []
[2025-01-29 23:51:13,659][__main__][INFO] - [14, 49], []
[2025-01-29 23:51:13,678][__main__][INFO] - [14, 50], []
[2025-01-29 23:51:13,706][__main__][INFO] - [14, 51], []
[2025-01-29 23:51:13,731][__main__][INFO] - [14, 52], []
[2025-01-29 23:51:13,757][__main__][INFO] - [14, 53], []
[2025-01-29 23:51:13,785][__main__][INFO] - [14, 54], []
[2025-01-29 23:51:13,811][__main__][INFO] - [14, 55], []
[2025-01-29 23:51:13,837][__main__][INFO] - [14, 56], []
[2025-01-29 23:51:13,863][__main__][INFO] - [14, 57], []
[2025-01-29 23:51:13,889][__main__][INFO] - [14, 58], []
[2025-01-29 23:51:13,912][__main__][INFO] - [14, 59], []
[2025-01-29 23:51:14,033][__main__][INFO] - [15, 20], []
[2025-01-29 23:51:14,204][__main__][INFO] - [15, 21], []
[2025-01-29 23:51:14,255][__main__][INFO] - [15, 22], []
[2025-01-29 23:51:14,318][__main__][INFO] - [15, 23], []
[2025-01-29 23:51:14,341][__main__][INFO] - [15, 24], []
[2025-01-29 23:51:14,357][__main__][INFO] - [15, 25], []
[2025-01-29 23:51:14,373][__main__][INFO] - [15, 26], []
[2025-01-29 23:51:14,418][__main__][INFO] - [15], [26]
[2025-01-29 23:51:14,656][__main__][INFO] - [15, 27], []
[2025-01-29 23:51:14,825][__main__][INFO] - [15, 28], []
[2025-01-29 23:51:14,874][__main__][INFO] - [15, 29], []
[2025-01-29 23:51:14,943][__main__][INFO] - [15, 30], []
[2025-01-29 23:51:14,962][__main__][INFO] - [15, 31], []
[2025-01-29 23:51:14,978][__main__][INFO] - [15, 32], []
[2025-01-29 23:51:15,241][__main__][INFO] - [15, 33], []
[2025-01-29 23:51:15,267][__main__][INFO] - [15, 34], []
[2025-01-29 23:51:15,283][__main__][INFO] - [15, 35], []
[2025-01-29 23:51:15,314][__main__][INFO] - [15, 37], []
[2025-01-29 23:51:15,483][__main__][INFO] - [15, 38], []
[2025-01-29 23:51:15,549][__main__][INFO] - [15, 39], []
[2025-01-29 23:51:15,594][__main__][INFO] - [15, 40], []
[2025-01-29 23:51:15,613][__main__][INFO] - [15, 41], []
[2025-01-29 23:51:15,719][__main__][INFO] - [15], [41]
[2025-01-29 23:51:15,897][__main__][INFO] - [15, 42], []
[2025-01-29 23:51:15,918][__main__][INFO] - [15], [42]
[2025-01-29 23:51:16,198][__main__][INFO] - [15, 43], []
[2025-01-29 23:51:16,220][__main__][INFO] - [15], [43]
[2025-01-29 23:51:16,496][__main__][INFO] - [15, 44], []
[2025-01-29 23:51:16,765][__main__][INFO] - [15, 45], []
[2025-01-29 23:51:16,805][__main__][INFO] - [15, 47], []
[2025-01-29 23:51:17,033][__main__][INFO] - [15, 48], []
[2025-01-29 23:51:17,088][__main__][INFO] - [15, 49], []
[2025-01-29 23:51:17,104][__main__][INFO] - [15, 50], []
[2025-01-29 23:51:17,130][__main__][INFO] - [15, 51], []
[2025-01-29 23:51:17,154][__main__][INFO] - [15, 52], []
[2025-01-29 23:51:17,178][__main__][INFO] - [15, 53], []
[2025-01-29 23:51:17,204][__main__][INFO] - [15, 54], []
[2025-01-29 23:51:17,230][__main__][INFO] - [15, 55], []
[2025-01-29 23:51:17,255][__main__][INFO] - [15, 56], []
[2025-01-29 23:51:17,280][__main__][INFO] - [15, 57], []
[2025-01-29 23:51:17,305][__main__][INFO] - [15, 58], []
[2025-01-29 23:51:17,328][__main__][INFO] - [15, 59], []
[2025-01-29 23:51:17,461][__main__][INFO] - [16, 20], []
[2025-01-29 23:51:17,645][__main__][INFO] - [16, 21], []
[2025-01-29 23:51:17,662][__main__][INFO] - [16, 22], []
[2025-01-29 23:51:17,712][__main__][INFO] - [16, 23], []
[2025-01-29 23:51:17,733][__main__][INFO] - [16, 24], []
[2025-01-29 23:51:17,749][__main__][INFO] - [16, 25], []
[2025-01-29 23:51:17,765][__main__][INFO] - [16, 26], []
[2025-01-29 23:51:17,826][__main__][INFO] - [16], [26]
[2025-01-29 23:51:18,048][__main__][INFO] - [16, 27], []
[2025-01-29 23:51:18,240][__main__][INFO] - [16, 28], []
[2025-01-29 23:51:18,274][__main__][INFO] - [16, 29], []
[2025-01-29 23:51:18,343][__main__][INFO] - [16, 30], []
[2025-01-29 23:51:18,361][__main__][INFO] - [16, 31], []
[2025-01-29 23:51:18,378][__main__][INFO] - [16, 32], []
[2025-01-29 23:51:18,640][__main__][INFO] - [16, 33], []
[2025-01-29 23:51:18,683][__main__][INFO] - [16, 35], []
[2025-01-29 23:51:18,715][__main__][INFO] - [16, 37], []
[2025-01-29 23:51:18,881][__main__][INFO] - [16, 38], []
[2025-01-29 23:51:18,953][__main__][INFO] - [16, 39], []
[2025-01-29 23:51:18,994][__main__][INFO] - [16, 40], []
[2025-01-29 23:51:19,013][__main__][INFO] - [16, 41], []
[2025-01-29 23:51:19,104][__main__][INFO] - [16], [41]
[2025-01-29 23:51:19,300][__main__][INFO] - [16, 42], []
[2025-01-29 23:51:19,326][__main__][INFO] - [16], [42]
[2025-01-29 23:51:19,597][__main__][INFO] - [16, 43], []
[2025-01-29 23:51:19,620][__main__][INFO] - [16], [43]
[2025-01-29 23:51:19,898][__main__][INFO] - [16, 44], []
[2025-01-29 23:51:20,169][__main__][INFO] - [16, 45], []
[2025-01-29 23:51:20,212][__main__][INFO] - [16, 47], []
[2025-01-29 23:51:20,535][__main__][INFO] - [16, 50], []
[2025-01-29 23:51:20,562][__main__][INFO] - [16, 51], []
[2025-01-29 23:51:20,587][__main__][INFO] - [16, 52], []
[2025-01-29 23:51:20,612][__main__][INFO] - [16, 53], []
[2025-01-29 23:51:20,637][__main__][INFO] - [16, 54], []
[2025-01-29 23:51:20,661][__main__][INFO] - [16, 55], []
[2025-01-29 23:51:20,686][__main__][INFO] - [16, 56], []
[2025-01-29 23:51:20,711][__main__][INFO] - [16, 57], []
[2025-01-29 23:51:20,735][__main__][INFO] - [16, 58], []
[2025-01-29 23:51:20,758][__main__][INFO] - [16, 59], []
[2025-01-29 23:51:20,892][__main__][INFO] - [17, 20], []
[2025-01-29 23:51:21,059][__main__][INFO] - [17, 21], []
[2025-01-29 23:51:21,101][__main__][INFO] - [17, 22], []
[2025-01-29 23:51:21,138][__main__][INFO] - [17, 23], []
[2025-01-29 23:51:21,159][__main__][INFO] - [17, 24], []
[2025-01-29 23:51:21,175][__main__][INFO] - [17, 25], []
[2025-01-29 23:51:21,191][__main__][INFO] - [17, 26], []
[2025-01-29 23:51:21,264][__main__][INFO] - [17], [26]
[2025-01-29 23:51:21,429][__main__][INFO] - [17, 27], []
[2025-01-29 23:51:21,603][__main__][INFO] - [17, 28], []
[2025-01-29 23:51:21,630][__main__][INFO] - [17, 29], []
[2025-01-29 23:51:21,690][__main__][INFO] - [17, 30], []
[2025-01-29 23:51:21,706][__main__][INFO] - [17, 31], []
[2025-01-29 23:51:21,721][__main__][INFO] - [17, 32], []
[2025-01-29 23:51:21,920][__main__][INFO] - [17, 33], []
[2025-01-29 23:51:21,977][__main__][INFO] - [17, 35], []
[2025-01-29 23:51:22,010][__main__][INFO] - [17, 37], []
[2025-01-29 23:51:22,148][__main__][INFO] - [17, 38], []
[2025-01-29 23:51:22,211][__main__][INFO] - [17, 39], []
[2025-01-29 23:51:22,246][__main__][INFO] - [17, 40], []
[2025-01-29 23:51:22,264][__main__][INFO] - [17, 41], []
[2025-01-29 23:51:22,334][__main__][INFO] - [17], [41]
[2025-01-29 23:51:22,502][__main__][INFO] - [17, 42], []
[2025-01-29 23:51:22,535][__main__][INFO] - [17], [42]
[2025-01-29 23:51:22,748][__main__][INFO] - [17, 43], []
[2025-01-29 23:51:22,772][__main__][INFO] - [17], [43]
[2025-01-29 23:51:23,002][__main__][INFO] - [17, 44], []
[2025-01-29 23:51:23,223][__main__][INFO] - [17, 45], []
[2025-01-29 23:51:23,265][__main__][INFO] - [17, 47], []
[2025-01-29 23:51:23,537][__main__][INFO] - [17, 50], []
[2025-01-29 23:51:23,560][__main__][INFO] - [17, 51], []
[2025-01-29 23:51:23,583][__main__][INFO] - [17, 52], []
[2025-01-29 23:51:23,609][__main__][INFO] - [17, 53], []
[2025-01-29 23:51:23,634][__main__][INFO] - [17, 54], []
[2025-01-29 23:51:23,659][__main__][INFO] - [17, 55], []
[2025-01-29 23:51:23,683][__main__][INFO] - [17, 56], []
[2025-01-29 23:51:23,708][__main__][INFO] - [17, 57], []
[2025-01-29 23:51:23,730][__main__][INFO] - [17, 58], []
[2025-01-29 23:51:23,753][__main__][INFO] - [17, 59], []
[2025-01-29 23:51:23,858][__main__][INFO] - [18, 20], []
[2025-01-29 23:51:23,938][__main__][INFO] - [18, 21], []
[2025-01-29 23:51:23,953][__main__][INFO] - [18, 22], []
[2025-01-29 23:51:23,969][__main__][INFO] - [18, 23], []
[2025-01-29 23:51:23,988][__main__][INFO] - [18, 24], []
[2025-01-29 23:51:24,004][__main__][INFO] - [18, 25], []
[2025-01-29 23:51:24,019][__main__][INFO] - [18, 26], []
[2025-01-29 23:51:24,078][__main__][INFO] - [18], [26]
[2025-01-29 23:51:24,141][__main__][INFO] - [18, 27], []
[2025-01-29 23:51:24,220][__main__][INFO] - [18, 28], []
[2025-01-29 23:51:24,241][__main__][INFO] - [18, 29], []
[2025-01-29 23:51:24,276][__main__][INFO] - [18, 30], []
[2025-01-29 23:51:24,292][__main__][INFO] - [18, 31], []
[2025-01-29 23:51:24,307][__main__][INFO] - [18, 32], []
[2025-01-29 23:51:24,398][__main__][INFO] - [18, 33], []
[2025-01-29 23:51:24,442][__main__][INFO] - [18, 35], []
[2025-01-29 23:51:24,474][__main__][INFO] - [18, 37], []
[2025-01-29 23:51:24,546][__main__][INFO] - [18, 38], []
[2025-01-29 23:51:24,579][__main__][INFO] - [18, 39], []
[2025-01-29 23:51:24,605][__main__][INFO] - [18, 40], []
[2025-01-29 23:51:24,622][__main__][INFO] - [18, 41], []
[2025-01-29 23:51:24,663][__main__][INFO] - [18], [41]
[2025-01-29 23:51:24,744][__main__][INFO] - [18, 42], []
[2025-01-29 23:51:24,777][__main__][INFO] - [18], [42]
[2025-01-29 23:51:24,869][__main__][INFO] - [18, 43], []
[2025-01-29 23:51:24,891][__main__][INFO] - [18], [43]
[2025-01-29 23:51:24,997][__main__][INFO] - [18, 44], []
[2025-01-29 23:51:25,095][__main__][INFO] - [18, 45], []
[2025-01-29 23:51:25,135][__main__][INFO] - [18, 47], []
[2025-01-29 23:51:25,280][__main__][INFO] - [18, 50], []
[2025-01-29 23:51:25,301][__main__][INFO] - [18, 51], []
[2025-01-29 23:51:25,321][__main__][INFO] - [18, 52], []
[2025-01-29 23:51:25,342][__main__][INFO] - [18, 53], []
[2025-01-29 23:51:25,364][__main__][INFO] - [18, 54], []
[2025-01-29 23:51:25,385][__main__][INFO] - [18, 55], []
[2025-01-29 23:51:25,405][__main__][INFO] - [18, 56], []
[2025-01-29 23:51:25,425][__main__][INFO] - [18, 57], []
[2025-01-29 23:51:25,444][__main__][INFO] - [18, 58], []
[2025-01-29 23:51:25,463][__main__][INFO] - [18, 59], []
[2025-01-29 23:51:25,514][__main__][INFO] - [19, 20], []
[2025-01-29 23:51:25,565][__main__][INFO] - [19, 21], []
[2025-01-29 23:51:25,580][__main__][INFO] - [19, 22], []
[2025-01-29 23:51:25,596][__main__][INFO] - [19, 23], []
[2025-01-29 23:51:25,613][__main__][INFO] - [19, 24], []
[2025-01-29 23:51:25,642][__main__][INFO] - [19, 26], []
[2025-01-29 23:51:25,695][__main__][INFO] - [19], [26]
[2025-01-29 23:51:25,722][__main__][INFO] - [19, 27], []
[2025-01-29 23:51:25,774][__main__][INFO] - [19, 28], []
[2025-01-29 23:51:25,789][__main__][INFO] - [19, 29], []
[2025-01-29 23:51:25,815][__main__][INFO] - [19, 30], []
[2025-01-29 23:51:25,844][__main__][INFO] - [19, 32], []
[2025-01-29 23:51:25,897][__main__][INFO] - [19, 33], []
[2025-01-29 23:51:25,936][__main__][INFO] - [19, 35], []
[2025-01-29 23:51:25,966][__main__][INFO] - [19, 37], []
[2025-01-29 23:51:26,011][__main__][INFO] - [19, 38], []
[2025-01-29 23:51:26,034][__main__][INFO] - [19, 39], []
[2025-01-29 23:51:26,057][__main__][INFO] - [19, 40], []
[2025-01-29 23:51:26,073][__main__][INFO] - [19, 41], []
[2025-01-29 23:51:26,100][__main__][INFO] - [19], [41]
[2025-01-29 23:51:26,151][__main__][INFO] - [19, 42], []
[2025-01-29 23:51:26,184][__main__][INFO] - [19], [42]
[2025-01-29 23:51:26,229][__main__][INFO] - [19, 43], []
[2025-01-29 23:51:26,251][__main__][INFO] - [19], [43]
[2025-01-29 23:51:26,307][__main__][INFO] - [19, 44], []
[2025-01-29 23:51:26,356][__main__][INFO] - [19, 45], []
[2025-01-29 23:51:26,398][__main__][INFO] - [19, 47], []
[2025-01-29 23:51:26,493][__main__][INFO] - [19, 50], []
[2025-01-29 23:51:26,515][__main__][INFO] - [19, 51], []
[2025-01-29 23:51:26,533][__main__][INFO] - [19, 52], []
[2025-01-29 23:51:26,552][__main__][INFO] - [19, 53], []
[2025-01-29 23:51:26,571][__main__][INFO] - [19, 54], []
[2025-01-29 23:51:26,590][__main__][INFO] - [19, 55], []
[2025-01-29 23:51:26,608][__main__][INFO] - [19, 56], []
[2025-01-29 23:51:26,625][__main__][INFO] - [19, 57], []
[2025-01-29 23:51:26,643][__main__][INFO] - [19, 58], []
[2025-01-29 23:51:26,658][__main__][INFO] - [19, 59], []
[2025-01-29 23:51:26,697][__main__][INFO] - [20, 26], []
[2025-01-29 23:51:27,072][__main__][INFO] - [20], [26]
[2025-01-29 23:51:28,848][__main__][INFO] - [20, 27], []
[2025-01-29 23:51:31,554][__main__][INFO] - [20, 28], []
[2025-01-29 23:51:31,570][__main__][INFO] - [20, 29], []
[2025-01-29 23:51:31,600][__main__][INFO] - [20, 31], []
[2025-01-29 23:51:31,619][__main__][INFO] - [20, 32], []
[2025-01-29 23:51:33,129][__main__][INFO] - [20, 33], []
[2025-01-29 23:51:33,256][__main__][INFO] - [20, 34], []
[2025-01-29 23:51:33,278][__main__][INFO] - [20, 35], []
[2025-01-29 23:51:33,306][__main__][INFO] - [20, 36], []
[2025-01-29 23:51:33,726][__main__][INFO] - [20, 37], []
[2025-01-29 23:51:34,727][__main__][INFO] - [20, 38], []
[2025-01-29 23:51:35,265][__main__][INFO] - [20, 39], []
[2025-01-29 23:51:35,542][__main__][INFO] - [20, 40], []
[2025-01-29 23:51:35,581][__main__][INFO] - [20, 41], []
[2025-01-29 23:51:35,597][__main__][INFO] - [20], [41]
[2025-01-29 23:51:38,296][__main__][INFO] - [20, 42], []
[2025-01-29 23:51:38,384][__main__][INFO] - [20], [42]
[2025-01-29 23:51:40,730][__main__][INFO] - [20, 43], []
[2025-01-29 23:51:40,786][__main__][INFO] - [20], [43]
[2025-01-29 23:51:43,224][__main__][INFO] - [20, 44], []
[2025-01-29 23:51:45,345][__main__][INFO] - [20, 45], []
[2025-01-29 23:51:45,457][__main__][INFO] - [20, 46], []
[2025-01-29 23:51:45,561][__main__][INFO] - [20, 47], []
[2025-01-29 23:51:47,512][__main__][INFO] - [20, 48], []
[2025-01-29 23:51:47,877][__main__][INFO] - [20, 49], []
[2025-01-29 23:51:47,906][__main__][INFO] - [20, 50], []
[2025-01-29 23:51:48,035][__main__][INFO] - [20, 51], []
[2025-01-29 23:51:48,117][__main__][INFO] - [20, 52], []
[2025-01-29 23:51:48,210][__main__][INFO] - [20, 53], []
[2025-01-29 23:51:48,313][__main__][INFO] - [20, 54], []
[2025-01-29 23:51:48,409][__main__][INFO] - [20, 55], []
[2025-01-29 23:51:48,500][__main__][INFO] - [20, 56], []
[2025-01-29 23:51:48,584][__main__][INFO] - [20, 57], []
[2025-01-29 23:51:48,662][__main__][INFO] - [20, 58], []
[2025-01-29 23:51:48,732][__main__][INFO] - [20, 59], []
[2025-01-29 23:51:49,348][__main__][INFO] - [21, 26], []
[2025-01-29 23:51:49,388][__main__][INFO] - [21], [26]
[2025-01-29 23:51:49,611][__main__][INFO] - [21, 28], []
[2025-01-29 23:51:49,685][__main__][INFO] - [21, 29], []
[2025-01-29 23:51:49,843][__main__][INFO] - [21, 30], []
[2025-01-29 23:51:49,881][__main__][INFO] - [21, 32], []
[2025-01-29 23:51:50,101][__main__][INFO] - [21, 33], []
[2025-01-29 23:51:50,122][__main__][INFO] - [21, 34], []
[2025-01-29 23:51:50,139][__main__][INFO] - [21, 35], []
[2025-01-29 23:51:50,155][__main__][INFO] - [21, 36], []
[2025-01-29 23:51:50,180][__main__][INFO] - [21, 37], []
[2025-01-29 23:51:50,371][__main__][INFO] - [21, 38], []
[2025-01-29 23:51:50,395][__main__][INFO] - [21, 39], []
[2025-01-29 23:51:50,436][__main__][INFO] - [21, 40], []
[2025-01-29 23:51:50,452][__main__][INFO] - [21, 41], []
[2025-01-29 23:51:50,678][__main__][INFO] - [21], [41]
[2025-01-29 23:51:50,703][__main__][INFO] - [21, 42], []
[2025-01-29 23:51:50,719][__main__][INFO] - [21], [42]
[2025-01-29 23:51:50,948][__main__][INFO] - [21, 43], []
[2025-01-29 23:51:50,964][__main__][INFO] - [21], [43]
[2025-01-29 23:51:51,197][__main__][INFO] - [21, 44], []
[2025-01-29 23:51:51,424][__main__][INFO] - [21, 45], []
[2025-01-29 23:51:51,448][__main__][INFO] - [21, 46], []
[2025-01-29 23:51:51,465][__main__][INFO] - [21, 47], []
[2025-01-29 23:51:51,652][__main__][INFO] - [21, 48], []
[2025-01-29 23:51:51,721][__main__][INFO] - [21, 49], []
[2025-01-29 23:51:51,740][__main__][INFO] - [21, 50], []
[2025-01-29 23:51:51,767][__main__][INFO] - [21, 51], []
[2025-01-29 23:51:51,792][__main__][INFO] - [21, 52], []
[2025-01-29 23:51:51,818][__main__][INFO] - [21, 53], []
[2025-01-29 23:51:51,845][__main__][INFO] - [21, 54], []
[2025-01-29 23:51:51,861][__main__][INFO] - [21, 55], []
[2025-01-29 23:51:51,884][__main__][INFO] - [21, 56], []
[2025-01-29 23:51:51,908][__main__][INFO] - [21, 57], []
[2025-01-29 23:51:51,933][__main__][INFO] - [21, 58], []
[2025-01-29 23:51:51,949][__main__][INFO] - [21, 59], []
[2025-01-29 23:51:52,065][__main__][INFO] - [22, 26], []
[2025-01-29 23:51:52,112][__main__][INFO] - [22], [26]
[2025-01-29 23:51:52,363][__main__][INFO] - [22, 28], []
[2025-01-29 23:51:52,508][__main__][INFO] - [22, 29], []
[2025-01-29 23:51:52,627][__main__][INFO] - [22, 30], []
[2025-01-29 23:51:52,666][__main__][INFO] - [22, 32], []
[2025-01-29 23:51:52,930][__main__][INFO] - [22, 33], []
[2025-01-29 23:51:52,951][__main__][INFO] - [22, 34], []
[2025-01-29 23:51:52,968][__main__][INFO] - [22, 35], []
[2025-01-29 23:51:52,984][__main__][INFO] - [22, 36], []
[2025-01-29 23:51:53,009][__main__][INFO] - [22, 37], []
[2025-01-29 23:51:53,222][__main__][INFO] - [22, 38], []
[2025-01-29 23:51:53,249][__main__][INFO] - [22, 39], []
[2025-01-29 23:51:53,293][__main__][INFO] - [22, 40], []
[2025-01-29 23:51:53,309][__main__][INFO] - [22, 41], []
[2025-01-29 23:51:53,564][__main__][INFO] - [22], [41]
[2025-01-29 23:51:53,588][__main__][INFO] - [22, 42], []
[2025-01-29 23:51:53,611][__main__][INFO] - [22], [42]
[2025-01-29 23:51:53,871][__main__][INFO] - [22, 43], []
[2025-01-29 23:51:53,893][__main__][INFO] - [22], [43]
[2025-01-29 23:51:54,149][__main__][INFO] - [22, 44], []
[2025-01-29 23:51:54,404][__main__][INFO] - [22, 45], []
[2025-01-29 23:51:54,420][__main__][INFO] - [22, 46], []
[2025-01-29 23:51:54,438][__main__][INFO] - [22, 47], []
[2025-01-29 23:51:54,634][__main__][INFO] - [22, 48], []
[2025-01-29 23:51:54,708][__main__][INFO] - [22, 49], []
[2025-01-29 23:51:54,728][__main__][INFO] - [22, 50], []
[2025-01-29 23:51:54,756][__main__][INFO] - [22, 51], []
[2025-01-29 23:51:54,787][__main__][INFO] - [22, 52], []
[2025-01-29 23:51:54,822][__main__][INFO] - [22, 53], []
[2025-01-29 23:51:54,860][__main__][INFO] - [22, 54], []
[2025-01-29 23:51:54,894][__main__][INFO] - [22, 55], []
[2025-01-29 23:51:54,924][__main__][INFO] - [22, 56], []
[2025-01-29 23:51:54,951][__main__][INFO] - [22, 57], []
[2025-01-29 23:51:54,977][__main__][INFO] - [22, 58], []
[2025-01-29 23:51:55,000][__main__][INFO] - [22, 59], []
[2025-01-29 23:51:55,061][__main__][INFO] - [23, 26], []
[2025-01-29 23:51:55,083][__main__][INFO] - [23], [26]
[2025-01-29 23:51:55,150][__main__][INFO] - [23, 28], []
[2025-01-29 23:51:55,177][__main__][INFO] - [23, 29], []
[2025-01-29 23:51:55,217][__main__][INFO] - [23, 30], []
[2025-01-29 23:51:55,252][__main__][INFO] - [23, 32], []
[2025-01-29 23:51:55,309][__main__][INFO] - [23, 33], []
[2025-01-29 23:51:55,340][__main__][INFO] - [23, 35], []
[2025-01-29 23:51:55,356][__main__][INFO] - [23, 36], []
[2025-01-29 23:51:55,374][__main__][INFO] - [23, 37], []
[2025-01-29 23:51:55,420][__main__][INFO] - [23, 38], []
[2025-01-29 23:51:55,441][__main__][INFO] - [23, 39], []
[2025-01-29 23:51:55,461][__main__][INFO] - [23, 40], []
[2025-01-29 23:51:55,476][__main__][INFO] - [23, 41], []
[2025-01-29 23:51:55,530][__main__][INFO] - [23], [41]
[2025-01-29 23:51:55,550][__main__][INFO] - [23, 42], []
[2025-01-29 23:51:55,568][__main__][INFO] - [23], [42]
[2025-01-29 23:51:55,627][__main__][INFO] - [23, 43], []
[2025-01-29 23:51:55,643][__main__][INFO] - [23], [43]
[2025-01-29 23:51:55,703][__main__][INFO] - [23, 44], []
[2025-01-29 23:51:55,761][__main__][INFO] - [23, 45], []
[2025-01-29 23:51:55,779][__main__][INFO] - [23, 46], []
[2025-01-29 23:51:55,794][__main__][INFO] - [23, 47], []
[2025-01-29 23:51:55,845][__main__][INFO] - [23, 48], []
[2025-01-29 23:51:55,868][__main__][INFO] - [23, 49], []
[2025-01-29 23:51:55,884][__main__][INFO] - [23, 50], []
[2025-01-29 23:51:55,903][__main__][INFO] - [23, 51], []
[2025-01-29 23:51:55,920][__main__][INFO] - [23, 52], []
[2025-01-29 23:51:55,936][__main__][INFO] - [23, 53], []
[2025-01-29 23:51:55,954][__main__][INFO] - [23, 54], []
[2025-01-29 23:51:55,971][__main__][INFO] - [23, 55], []
[2025-01-29 23:51:55,989][__main__][INFO] - [23, 56], []
[2025-01-29 23:51:56,007][__main__][INFO] - [23, 57], []
[2025-01-29 23:51:56,024][__main__][INFO] - [23, 58], []
[2025-01-29 23:51:56,041][__main__][INFO] - [23, 59], []
[2025-01-29 23:51:56,089][__main__][INFO] - [24, 26], []
[2025-01-29 23:51:56,105][__main__][INFO] - [24], [26]
[2025-01-29 23:51:56,141][__main__][INFO] - [24, 28], []
[2025-01-29 23:51:56,156][__main__][INFO] - [24, 29], []
[2025-01-29 23:51:56,176][__main__][INFO] - [24, 30], []
[2025-01-29 23:51:56,205][__main__][INFO] - [24, 32], []
[2025-01-29 23:51:56,221][__main__][INFO] - [24, 33], []
[2025-01-29 23:51:56,264][__main__][INFO] - [24, 36], []
[2025-01-29 23:51:56,279][__main__][INFO] - [24, 37], []
[2025-01-29 23:51:56,300][__main__][INFO] - [24, 38], []
[2025-01-29 23:51:56,316][__main__][INFO] - [24, 39], []
[2025-01-29 23:51:56,346][__main__][INFO] - [24, 41], []
[2025-01-29 23:51:56,368][__main__][INFO] - [24], [41]
[2025-01-29 23:51:56,384][__main__][INFO] - [24, 42], []
[2025-01-29 23:51:56,399][__main__][INFO] - [24], [42]
[2025-01-29 23:51:56,424][__main__][INFO] - [24, 43], []
[2025-01-29 23:51:56,440][__main__][INFO] - [24], [43]
[2025-01-29 23:51:56,465][__main__][INFO] - [24, 44], []
[2025-01-29 23:51:56,488][__main__][INFO] - [24, 45], []
[2025-01-29 23:51:56,518][__main__][INFO] - [24, 47], []
[2025-01-29 23:51:56,539][__main__][INFO] - [24, 48], []
[2025-01-29 23:51:56,555][__main__][INFO] - [24, 49], []
[2025-01-29 23:51:56,571][__main__][INFO] - [24, 50], []
[2025-01-29 23:51:56,586][__main__][INFO] - [24, 51], []
[2025-01-29 23:51:56,602][__main__][INFO] - [24, 52], []
[2025-01-29 23:51:56,617][__main__][INFO] - [24, 53], []
[2025-01-29 23:51:56,633][__main__][INFO] - [24, 54], []
[2025-01-29 23:51:56,649][__main__][INFO] - [24, 55], []
[2025-01-29 23:51:56,665][__main__][INFO] - [24, 56], []
[2025-01-29 23:51:56,681][__main__][INFO] - [24, 57], []
[2025-01-29 23:51:56,696][__main__][INFO] - [24, 58], []
[2025-01-29 23:51:56,712][__main__][INFO] - [24, 59], []
[2025-01-29 23:51:56,741][__main__][INFO] - [25, 26], []
[2025-01-29 23:51:56,756][__main__][INFO] - [25], [26]
[2025-01-29 23:51:56,789][__main__][INFO] - [25, 28], []
[2025-01-29 23:51:56,805][__main__][INFO] - [25, 29], []
[2025-01-29 23:51:56,822][__main__][INFO] - [25, 30], []
[2025-01-29 23:51:56,851][__main__][INFO] - [25, 32], []
[2025-01-29 23:51:56,912][__main__][INFO] - [25, 36], []
[2025-01-29 23:51:56,927][__main__][INFO] - [25, 37], []
[2025-01-29 23:51:56,945][__main__][INFO] - [25, 38], []
[2025-01-29 23:51:56,961][__main__][INFO] - [25, 39], []
[2025-01-29 23:51:56,991][__main__][INFO] - [25, 41], []
[2025-01-29 23:51:57,010][__main__][INFO] - [25], [41]
[2025-01-29 23:51:57,025][__main__][INFO] - [25, 42], []
[2025-01-29 23:51:57,041][__main__][INFO] - [25], [42]
[2025-01-29 23:51:57,060][__main__][INFO] - [25, 43], []
[2025-01-29 23:51:57,076][__main__][INFO] - [25], [43]
[2025-01-29 23:51:57,095][__main__][INFO] - [25, 44], []
[2025-01-29 23:51:57,114][__main__][INFO] - [25, 45], []
[2025-01-29 23:51:57,143][__main__][INFO] - [25, 47], []
[2025-01-29 23:51:57,162][__main__][INFO] - [25, 48], []
[2025-01-29 23:51:57,191][__main__][INFO] - [25, 50], []
[2025-01-29 23:51:57,207][__main__][INFO] - [25, 51], []
[2025-01-29 23:51:57,222][__main__][INFO] - [25, 52], []
[2025-01-29 23:51:57,238][__main__][INFO] - [25, 53], []
[2025-01-29 23:51:57,254][__main__][INFO] - [25, 54], []
[2025-01-29 23:51:57,270][__main__][INFO] - [25, 55], []
[2025-01-29 23:51:57,285][__main__][INFO] - [25, 56], []
[2025-01-29 23:51:57,301][__main__][INFO] - [25, 57], []
[2025-01-29 23:51:57,317][__main__][INFO] - [25, 58], []
[2025-01-29 23:51:57,332][__main__][INFO] - [25, 59], []
[2025-01-29 23:51:57,364][__main__][INFO] - [26, 27], []
[2025-01-29 23:51:57,732][__main__][INFO] - [26, 28], []
[2025-01-29 23:51:57,765][__main__][INFO] - [26, 29], []
[2025-01-29 23:51:57,823][__main__][INFO] - [26, 30], []
[2025-01-29 23:51:57,841][__main__][INFO] - [26, 31], []
[2025-01-29 23:51:57,856][__main__][INFO] - [26, 32], []
[2025-01-29 23:51:58,230][__main__][INFO] - [26, 33], []
[2025-01-29 23:51:58,282][__main__][INFO] - [26, 34], []
[2025-01-29 23:51:58,300][__main__][INFO] - [26, 35], []
[2025-01-29 23:51:58,319][__main__][INFO] - [26, 36], []
[2025-01-29 23:51:58,348][__main__][INFO] - [26, 37], []
[2025-01-29 23:51:58,582][__main__][INFO] - [26, 38], []
[2025-01-29 23:51:58,671][__main__][INFO] - [26, 39], []
[2025-01-29 23:51:58,732][__main__][INFO] - [26, 40], []
[2025-01-29 23:51:58,751][__main__][INFO] - [26, 41], []
[2025-01-29 23:51:58,830][__main__][INFO] - [26], [41]
[2025-01-29 23:51:59,212][__main__][INFO] - [26, 42], []
[2025-01-29 23:51:59,331][__main__][INFO] - [26], [42]
[2025-01-29 23:51:59,629][__main__][INFO] - [26, 43], []
[2025-01-29 23:51:59,704][__main__][INFO] - [26], [43]
[2025-01-29 23:52:00,075][__main__][INFO] - [26, 44], []
[2025-01-29 23:52:00,343][__main__][INFO] - [26, 45], []
[2025-01-29 23:52:00,488][__main__][INFO] - [26, 46], []
[2025-01-29 23:52:00,506][__main__][INFO] - [26, 47], []
[2025-01-29 23:52:00,965][__main__][INFO] - [26, 48], []
[2025-01-29 23:52:01,009][__main__][INFO] - [26, 49], []
[2025-01-29 23:52:01,026][__main__][INFO] - [26, 50], []
[2025-01-29 23:52:01,077][__main__][INFO] - [26, 51], []
[2025-01-29 23:52:01,114][__main__][INFO] - [26, 52], []
[2025-01-29 23:52:01,152][__main__][INFO] - [26, 53], []
[2025-01-29 23:52:01,188][__main__][INFO] - [26, 54], []
[2025-01-29 23:52:01,222][__main__][INFO] - [26, 55], []
[2025-01-29 23:52:01,253][__main__][INFO] - [26, 56], []
[2025-01-29 23:52:01,281][__main__][INFO] - [26, 57], []
[2025-01-29 23:52:01,307][__main__][INFO] - [26, 58], []
[2025-01-29 23:52:01,332][__main__][INFO] - [26, 59], []
[2025-01-29 23:52:01,419][__main__][INFO] - [27], [26]
[2025-01-29 23:52:03,163][__main__][INFO] - [28], [26]
[2025-01-29 23:52:03,363][__main__][INFO] - [29], [26]
[2025-01-29 23:52:03,616][__main__][INFO] - [30], [26]
[2025-01-29 23:52:03,653][__main__][INFO] - [31], [26]
[2025-01-29 23:52:03,671][__main__][INFO] - [32], [26]
[2025-01-29 23:52:05,469][__main__][INFO] - [33], [26]
[2025-01-29 23:52:05,549][__main__][INFO] - [34], [26]
[2025-01-29 23:52:05,571][__main__][INFO] - [35], [26]
[2025-01-29 23:52:05,596][__main__][INFO] - [36], [26]
[2025-01-29 23:52:06,022][__main__][INFO] - [37], [26]
[2025-01-29 23:52:07,319][__main__][INFO] - [38], [26]
[2025-01-29 23:52:07,781][__main__][INFO] - [39], [26]
[2025-01-29 23:52:08,089][__main__][INFO] - [40], [26]
[2025-01-29 23:52:08,125][__main__][INFO] - [41], [26]
[2025-01-29 23:52:08,604][__main__][INFO] - [], [26, 41]
[2025-01-29 23:52:10,479][__main__][INFO] - [], [26, 42]
[2025-01-29 23:52:13,333][__main__][INFO] - [], [26, 43]
[2025-01-29 23:52:16,164][__main__][INFO] - [44], [26]
[2025-01-29 23:52:18,786][__main__][INFO] - [46], [26]
[2025-01-29 23:52:18,895][__main__][INFO] - [47], [26]
[2025-01-29 23:52:20,803][__main__][INFO] - [48], [26]
[2025-01-29 23:52:21,293][__main__][INFO] - [49], [26]
[2025-01-29 23:52:21,328][__main__][INFO] - [50], [26]
[2025-01-29 23:52:21,447][__main__][INFO] - [51], [26]
[2025-01-29 23:52:21,534][__main__][INFO] - [52], [26]
[2025-01-29 23:52:21,647][__main__][INFO] - [53], [26]
[2025-01-29 23:52:21,770][__main__][INFO] - [54], [26]
[2025-01-29 23:52:21,884][__main__][INFO] - [55], [26]
[2025-01-29 23:52:21,988][__main__][INFO] - [56], [26]
[2025-01-29 23:52:22,087][__main__][INFO] - [57], [26]
[2025-01-29 23:52:22,177][__main__][INFO] - [58], [26]
[2025-01-29 23:52:22,256][__main__][INFO] - [59], [26]
[2025-01-29 23:52:22,990][__main__][INFO] - [27, 32], []
[2025-01-29 23:52:24,489][__main__][INFO] - [27, 33], []
[2025-01-29 23:52:24,604][__main__][INFO] - [27, 34], []
[2025-01-29 23:52:24,626][__main__][INFO] - [27, 35], []
[2025-01-29 23:52:24,654][__main__][INFO] - [27, 36], []
[2025-01-29 23:52:25,074][__main__][INFO] - [27, 37], []
[2025-01-29 23:52:26,089][__main__][INFO] - [27, 38], []
[2025-01-29 23:52:26,616][__main__][INFO] - [27, 39], []
[2025-01-29 23:52:26,894][__main__][INFO] - [27, 40], []
[2025-01-29 23:52:26,946][__main__][INFO] - [27], [41]
[2025-01-29 23:52:29,661][__main__][INFO] - [27, 42], []
[2025-01-29 23:52:29,750][__main__][INFO] - [27], [42]
[2025-01-29 23:52:32,101][__main__][INFO] - [27, 43], []
[2025-01-29 23:52:32,156][__main__][INFO] - [27], [43]
[2025-01-29 23:52:34,594][__main__][INFO] - [27, 44], []
[2025-01-29 23:52:36,641][__main__][INFO] - [27, 45], []
[2025-01-29 23:52:36,753][__main__][INFO] - [27, 46], []
[2025-01-29 23:52:36,858][__main__][INFO] - [27, 47], []
[2025-01-29 23:52:38,788][__main__][INFO] - [27, 48], []
[2025-01-29 23:52:39,147][__main__][INFO] - [27, 49], []
[2025-01-29 23:52:39,176][__main__][INFO] - [27, 50], []
[2025-01-29 23:52:39,305][__main__][INFO] - [27, 51], []
[2025-01-29 23:52:39,386][__main__][INFO] - [27, 52], []
[2025-01-29 23:52:39,478][__main__][INFO] - [27, 53], []
[2025-01-29 23:52:39,580][__main__][INFO] - [27, 54], []
[2025-01-29 23:52:39,674][__main__][INFO] - [27, 55], []
[2025-01-29 23:52:39,766][__main__][INFO] - [27, 56], []
[2025-01-29 23:52:39,849][__main__][INFO] - [27, 57], []
[2025-01-29 23:52:39,928][__main__][INFO] - [27, 58], []
[2025-01-29 23:52:39,997][__main__][INFO] - [27, 59], []
[2025-01-29 23:52:40,607][__main__][INFO] - [28, 32], []
[2025-01-29 23:52:40,819][__main__][INFO] - [28, 33], []
[2025-01-29 23:52:40,850][__main__][INFO] - [28, 35], []
[2025-01-29 23:52:40,865][__main__][INFO] - [28, 36], []
[2025-01-29 23:52:40,881][__main__][INFO] - [28, 37], []
[2025-01-29 23:52:41,063][__main__][INFO] - [28, 38], []
[2025-01-29 23:52:41,086][__main__][INFO] - [28, 39], []
[2025-01-29 23:52:41,122][__main__][INFO] - [28, 40], []
[2025-01-29 23:52:41,138][__main__][INFO] - [28, 41], []
[2025-01-29 23:52:41,376][__main__][INFO] - [28, 42], []
[2025-01-29 23:52:41,393][__main__][INFO] - [28], [42]
[2025-01-29 23:52:41,609][__main__][INFO] - [28, 43], []
[2025-01-29 23:52:41,630][__main__][INFO] - [28], [43]
[2025-01-29 23:52:41,848][__main__][INFO] - [28, 44], []
[2025-01-29 23:52:42,061][__main__][INFO] - [28, 45], []
[2025-01-29 23:52:42,078][__main__][INFO] - [28, 46], []
[2025-01-29 23:52:42,093][__main__][INFO] - [28, 47], []
[2025-01-29 23:52:42,244][__main__][INFO] - [28, 48], []
[2025-01-29 23:52:42,321][__main__][INFO] - [28, 49], []
[2025-01-29 23:52:42,340][__main__][INFO] - [28, 50], []
[2025-01-29 23:52:42,370][__main__][INFO] - [28, 51], []
[2025-01-29 23:52:42,398][__main__][INFO] - [28, 52], []
[2025-01-29 23:52:42,429][__main__][INFO] - [28, 53], []
[2025-01-29 23:52:42,460][__main__][INFO] - [28, 54], []
[2025-01-29 23:52:42,487][__main__][INFO] - [28, 55], []
[2025-01-29 23:52:42,513][__main__][INFO] - [28, 56], []
[2025-01-29 23:52:42,537][__main__][INFO] - [28, 57], []
[2025-01-29 23:52:42,559][__main__][INFO] - [28, 58], []
[2025-01-29 23:52:42,580][__main__][INFO] - [28, 59], []
[2025-01-29 23:52:42,643][__main__][INFO] - [29, 32], []
[2025-01-29 23:52:42,936][__main__][INFO] - [29, 33], []
[2025-01-29 23:52:42,958][__main__][INFO] - [29, 34], []
[2025-01-29 23:52:42,974][__main__][INFO] - [29, 35], []
[2025-01-29 23:52:42,991][__main__][INFO] - [29, 36], []
[2025-01-29 23:52:43,011][__main__][INFO] - [29, 37], []
[2025-01-29 23:52:43,250][__main__][INFO] - [29, 38], []
[2025-01-29 23:52:43,279][__main__][INFO] - [29, 39], []
[2025-01-29 23:52:43,326][__main__][INFO] - [29, 40], []
[2025-01-29 23:52:43,341][__main__][INFO] - [29, 41], []
[2025-01-29 23:52:43,666][__main__][INFO] - [29, 42], []
[2025-01-29 23:52:43,694][__main__][INFO] - [29], [42]
[2025-01-29 23:52:43,982][__main__][INFO] - [29, 43], []
[2025-01-29 23:52:44,005][__main__][INFO] - [29], [43]
[2025-01-29 23:52:44,302][__main__][INFO] - [29, 44], []
[2025-01-29 23:52:44,591][__main__][INFO] - [29, 45], []
[2025-01-29 23:52:44,620][__main__][INFO] - [29, 46], []
[2025-01-29 23:52:44,637][__main__][INFO] - [29, 47], []
[2025-01-29 23:52:44,882][__main__][INFO] - [29, 48], []
[2025-01-29 23:52:44,949][__main__][INFO] - [29, 49], []
[2025-01-29 23:52:44,968][__main__][INFO] - [29, 50], []
[2025-01-29 23:52:44,994][__main__][INFO] - [29, 51], []
[2025-01-29 23:52:45,021][__main__][INFO] - [29, 52], []
[2025-01-29 23:52:45,050][__main__][INFO] - [29, 53], []
[2025-01-29 23:52:45,080][__main__][INFO] - [29, 54], []
[2025-01-29 23:52:45,109][__main__][INFO] - [29, 55], []
[2025-01-29 23:52:45,137][__main__][INFO] - [29, 56], []
[2025-01-29 23:52:45,165][__main__][INFO] - [29, 57], []
[2025-01-29 23:52:45,192][__main__][INFO] - [29, 58], []
[2025-01-29 23:52:45,217][__main__][INFO] - [29, 59], []
[2025-01-29 23:52:45,338][__main__][INFO] - [30, 32], []
[2025-01-29 23:52:45,370][__main__][INFO] - [30, 33], []
[2025-01-29 23:52:45,386][__main__][INFO] - [30, 34], []
[2025-01-29 23:52:45,402][__main__][INFO] - [30, 35], []
[2025-01-29 23:52:45,417][__main__][INFO] - [30, 36], []
[2025-01-29 23:52:45,438][__main__][INFO] - [30, 37], []
[2025-01-29 23:52:45,462][__main__][INFO] - [30, 38], []
[2025-01-29 23:52:45,483][__main__][INFO] - [30, 39], []
[2025-01-29 23:52:45,504][__main__][INFO] - [30, 40], []
[2025-01-29 23:52:45,534][__main__][INFO] - [30], [41]
[2025-01-29 23:52:45,574][__main__][INFO] - [30, 42], []
[2025-01-29 23:52:45,590][__main__][INFO] - [30], [42]
[2025-01-29 23:52:45,628][__main__][INFO] - [30, 43], []
[2025-01-29 23:52:45,644][__main__][INFO] - [30], [43]
[2025-01-29 23:52:45,683][__main__][INFO] - [30, 44], []
[2025-01-29 23:52:45,719][__main__][INFO] - [30, 45], []
[2025-01-29 23:52:45,735][__main__][INFO] - [30, 46], []
[2025-01-29 23:52:45,753][__main__][INFO] - [30, 47], []
[2025-01-29 23:52:45,785][__main__][INFO] - [30, 48], []
[2025-01-29 23:52:45,806][__main__][INFO] - [30, 49], []
[2025-01-29 23:52:45,822][__main__][INFO] - [30, 50], []
[2025-01-29 23:52:45,839][__main__][INFO] - [30, 51], []
[2025-01-29 23:52:45,856][__main__][INFO] - [30, 52], []
[2025-01-29 23:52:45,873][__main__][INFO] - [30, 53], []
[2025-01-29 23:52:45,890][__main__][INFO] - [30, 54], []
[2025-01-29 23:52:45,907][__main__][INFO] - [30, 55], []
[2025-01-29 23:52:45,924][__main__][INFO] - [30, 56], []
[2025-01-29 23:52:45,941][__main__][INFO] - [30, 57], []
[2025-01-29 23:52:45,956][__main__][INFO] - [30, 58], []
[2025-01-29 23:52:45,973][__main__][INFO] - [30, 59], []
[2025-01-29 23:52:46,009][__main__][INFO] - [31, 32], []
[2025-01-29 23:52:46,027][__main__][INFO] - [31, 33], []
[2025-01-29 23:52:46,070][__main__][INFO] - [31, 36], []
[2025-01-29 23:52:46,086][__main__][INFO] - [31, 37], []
[2025-01-29 23:52:46,103][__main__][INFO] - [31, 38], []
[2025-01-29 23:52:46,119][__main__][INFO] - [31, 39], []
[2025-01-29 23:52:46,162][__main__][INFO] - [31], [41]
[2025-01-29 23:52:46,182][__main__][INFO] - [31, 42], []
[2025-01-29 23:52:46,197][__main__][INFO] - [31], [42]
[2025-01-29 23:52:46,216][__main__][INFO] - [31, 43], []
[2025-01-29 23:52:46,231][__main__][INFO] - [31], [43]
[2025-01-29 23:52:46,250][__main__][INFO] - [31, 44], []
[2025-01-29 23:52:46,268][__main__][INFO] - [31, 45], []
[2025-01-29 23:52:46,298][__main__][INFO] - [31, 47], []
[2025-01-29 23:52:46,316][__main__][INFO] - [31, 48], []
[2025-01-29 23:52:46,346][__main__][INFO] - [31, 50], []
[2025-01-29 23:52:46,362][__main__][INFO] - [31, 51], []
[2025-01-29 23:52:46,377][__main__][INFO] - [31, 52], []
[2025-01-29 23:52:46,393][__main__][INFO] - [31, 53], []
[2025-01-29 23:52:46,408][__main__][INFO] - [31, 54], []
[2025-01-29 23:52:46,424][__main__][INFO] - [31, 55], []
[2025-01-29 23:52:46,439][__main__][INFO] - [31, 56], []
[2025-01-29 23:52:46,454][__main__][INFO] - [31, 57], []
[2025-01-29 23:52:46,469][__main__][INFO] - [31, 58], []
[2025-01-29 23:52:46,485][__main__][INFO] - [31, 59], []
[2025-01-29 23:52:46,515][__main__][INFO] - [32, 37], []
[2025-01-29 23:52:47,759][__main__][INFO] - [32, 38], []
[2025-01-29 23:52:48,149][__main__][INFO] - [32, 39], []
[2025-01-29 23:52:48,403][__main__][INFO] - [32, 40], []
[2025-01-29 23:52:48,436][__main__][INFO] - [32, 41], []
[2025-01-29 23:52:48,971][__main__][INFO] - [32], [41]
[2025-01-29 23:52:50,539][__main__][INFO] - [32, 42], []
[2025-01-29 23:52:50,620][__main__][INFO] - [32], [42]
[2025-01-29 23:52:53,035][__main__][INFO] - [32, 43], []
[2025-01-29 23:52:53,097][__main__][INFO] - [32], [43]
[2025-01-29 23:52:55,555][__main__][INFO] - [32, 44], []
[2025-01-29 23:52:57,845][__main__][INFO] - [32, 45], []
[2025-01-29 23:52:57,971][__main__][INFO] - [32, 47], []
[2025-01-29 23:52:59,698][__main__][INFO] - [32, 48], []
[2025-01-29 23:53:00,188][__main__][INFO] - [32, 49], []
[2025-01-29 23:53:00,224][__main__][INFO] - [32, 50], []
[2025-01-29 23:53:00,351][__main__][INFO] - [32, 51], []
[2025-01-29 23:53:00,436][__main__][INFO] - [32, 52], []
[2025-01-29 23:53:00,531][__main__][INFO] - [32, 53], []
[2025-01-29 23:53:00,640][__main__][INFO] - [32, 54], []
[2025-01-29 23:53:00,741][__main__][INFO] - [32, 55], []
[2025-01-29 23:53:00,832][__main__][INFO] - [32, 56], []
[2025-01-29 23:53:00,920][__main__][INFO] - [32, 57], []
[2025-01-29 23:53:00,999][__main__][INFO] - [32, 58], []
[2025-01-29 23:53:01,068][__main__][INFO] - [32, 59], []
[2025-01-29 23:53:01,684][__main__][INFO] - [33, 37], []
[2025-01-29 23:53:01,752][__main__][INFO] - [33, 38], []
[2025-01-29 23:53:01,793][__main__][INFO] - [33, 39], []
[2025-01-29 23:53:01,821][__main__][INFO] - [33, 40], []
[2025-01-29 23:53:01,839][__main__][INFO] - [33, 41], []
[2025-01-29 23:53:01,862][__main__][INFO] - [33], [41]
[2025-01-29 23:53:01,982][__main__][INFO] - [33, 42], []
[2025-01-29 23:53:02,013][__main__][INFO] - [33], [42]
[2025-01-29 23:53:02,118][__main__][INFO] - [33, 43], []
[2025-01-29 23:53:02,138][__main__][INFO] - [33], [43]
[2025-01-29 23:53:02,263][__main__][INFO] - [33, 44], []
[2025-01-29 23:53:02,382][__main__][INFO] - [33, 45], []
[2025-01-29 23:53:02,420][__main__][INFO] - [33, 47], []
[2025-01-29 23:53:02,549][__main__][INFO] - [33, 48], []
[2025-01-29 23:53:02,568][__main__][INFO] - [33, 49], []
[2025-01-29 23:53:02,584][__main__][INFO] - [33, 50], []
[2025-01-29 23:53:02,604][__main__][INFO] - [33, 51], []
[2025-01-29 23:53:02,622][__main__][INFO] - [33, 52], []
[2025-01-29 23:53:02,642][__main__][INFO] - [33, 53], []
[2025-01-29 23:53:02,662][__main__][INFO] - [33, 54], []
[2025-01-29 23:53:02,682][__main__][INFO] - [33, 55], []
[2025-01-29 23:53:02,703][__main__][INFO] - [33, 56], []
[2025-01-29 23:53:02,723][__main__][INFO] - [33, 57], []
[2025-01-29 23:53:02,743][__main__][INFO] - [33, 58], []
[2025-01-29 23:53:02,763][__main__][INFO] - [33, 59], []
[2025-01-29 23:53:02,827][__main__][INFO] - [34, 37], []
[2025-01-29 23:53:02,847][__main__][INFO] - [34, 38], []
[2025-01-29 23:53:02,864][__main__][INFO] - [34, 39], []
[2025-01-29 23:53:02,881][__main__][INFO] - [34, 40], []
[2025-01-29 23:53:02,898][__main__][INFO] - [34, 41], []
[2025-01-29 23:53:02,915][__main__][INFO] - [34], [41]
[2025-01-29 23:53:02,936][__main__][INFO] - [34, 42], []
[2025-01-29 23:53:02,952][__main__][INFO] - [34], [42]
[2025-01-29 23:53:02,988][__main__][INFO] - [34], [43]
[2025-01-29 23:53:03,010][__main__][INFO] - [34, 44], []
[2025-01-29 23:53:03,060][__main__][INFO] - [34, 47], []
[2025-01-29 23:53:03,081][__main__][INFO] - [34, 48], []
[2025-01-29 23:53:03,097][__main__][INFO] - [34, 49], []
[2025-01-29 23:53:03,113][__main__][INFO] - [34, 50], []
[2025-01-29 23:53:03,146][__main__][INFO] - [34, 52], []
[2025-01-29 23:53:03,162][__main__][INFO] - [34, 53], []
[2025-01-29 23:53:03,178][__main__][INFO] - [34, 54], []
[2025-01-29 23:53:03,194][__main__][INFO] - [34, 55], []
[2025-01-29 23:53:03,210][__main__][INFO] - [34, 56], []
[2025-01-29 23:53:03,227][__main__][INFO] - [34, 57], []
[2025-01-29 23:53:03,243][__main__][INFO] - [34, 58], []
[2025-01-29 23:53:03,258][__main__][INFO] - [34, 59], []
[2025-01-29 23:53:03,289][__main__][INFO] - [35, 37], []
[2025-01-29 23:53:03,311][__main__][INFO] - [35, 38], []
[2025-01-29 23:53:03,331][__main__][INFO] - [35, 39], []
[2025-01-29 23:53:03,347][__main__][INFO] - [35, 40], []
[2025-01-29 23:53:03,363][__main__][INFO] - [35, 41], []
[2025-01-29 23:53:03,380][__main__][INFO] - [35], [41]
[2025-01-29 23:53:03,407][__main__][INFO] - [35, 42], []
[2025-01-29 23:53:03,425][__main__][INFO] - [35], [42]
[2025-01-29 23:53:03,451][__main__][INFO] - [35, 43], []
[2025-01-29 23:53:03,467][__main__][INFO] - [35], [43]
[2025-01-29 23:53:03,495][__main__][INFO] - [35, 44], []
[2025-01-29 23:53:03,522][__main__][INFO] - [35, 45], []
[2025-01-29 23:53:03,552][__main__][INFO] - [35, 47], []
[2025-01-29 23:53:03,580][__main__][INFO] - [35, 48], []
[2025-01-29 23:53:03,610][__main__][INFO] - [35, 50], []
[2025-01-29 23:53:03,626][__main__][INFO] - [35, 51], []
[2025-01-29 23:53:03,642][__main__][INFO] - [35, 52], []
[2025-01-29 23:53:03,659][__main__][INFO] - [35, 53], []
[2025-01-29 23:53:03,675][__main__][INFO] - [35, 54], []
[2025-01-29 23:53:03,691][__main__][INFO] - [35, 55], []
[2025-01-29 23:53:03,708][__main__][INFO] - [35, 56], []
[2025-01-29 23:53:03,725][__main__][INFO] - [35, 57], []
[2025-01-29 23:53:03,741][__main__][INFO] - [35, 58], []
[2025-01-29 23:53:03,757][__main__][INFO] - [35, 59], []
[2025-01-29 23:53:03,791][__main__][INFO] - [36, 37], []
[2025-01-29 23:53:04,008][__main__][INFO] - [36, 38], []
[2025-01-29 23:53:04,121][__main__][INFO] - [36, 39], []
[2025-01-29 23:53:04,204][__main__][INFO] - [36, 40], []
[2025-01-29 23:53:04,223][__main__][INFO] - [36, 41], []
[2025-01-29 23:53:04,254][__main__][INFO] - [36], [41]
[2025-01-29 23:53:04,690][__main__][INFO] - [36, 42], []
[2025-01-29 23:53:04,708][__main__][INFO] - [36], [42]
[2025-01-29 23:53:05,162][__main__][INFO] - [36, 43], []
[2025-01-29 23:53:05,181][__main__][INFO] - [36], [43]
[2025-01-29 23:53:05,634][__main__][INFO] - [36, 44], []
[2025-01-29 23:53:05,947][__main__][INFO] - [36, 45], []
[2025-01-29 23:53:05,973][__main__][INFO] - [36, 46], []
[2025-01-29 23:53:06,081][__main__][INFO] - [36, 47], []
[2025-01-29 23:53:06,505][__main__][INFO] - [36, 48], []
[2025-01-29 23:53:06,558][__main__][INFO] - [36, 50], []
[2025-01-29 23:53:06,598][__main__][INFO] - [36, 51], []
[2025-01-29 23:53:06,637][__main__][INFO] - [36, 52], []
[2025-01-29 23:53:06,681][__main__][INFO] - [36, 53], []
[2025-01-29 23:53:06,723][__main__][INFO] - [36, 54], []
[2025-01-29 23:53:06,760][__main__][INFO] - [36, 55], []
[2025-01-29 23:53:06,795][__main__][INFO] - [36, 56], []
[2025-01-29 23:53:06,828][__main__][INFO] - [36, 57], []
[2025-01-29 23:53:06,858][__main__][INFO] - [36, 58], []
[2025-01-29 23:53:06,886][__main__][INFO] - [36, 59], []
[2025-01-29 23:53:07,020][__main__][INFO] - [37, 41], []
[2025-01-29 23:53:07,467][__main__][INFO] - [37], [41]
[2025-01-29 23:53:08,519][__main__][INFO] - [37, 42], []
[2025-01-29 23:53:08,584][__main__][INFO] - [37], [42]
[2025-01-29 23:53:10,195][__main__][INFO] - [37, 43], []
[2025-01-29 23:53:10,251][__main__][INFO] - [37], [43]
[2025-01-29 23:53:11,935][__main__][INFO] - [37, 44], []
[2025-01-29 23:53:13,399][__main__][INFO] - [37, 45], []
[2025-01-29 23:53:13,474][__main__][INFO] - [37, 46], []
[2025-01-29 23:53:13,533][__main__][INFO] - [37, 47], []
[2025-01-29 23:53:14,812][__main__][INFO] - [37, 48], []
[2025-01-29 23:53:15,100][__main__][INFO] - [37, 49], []
[2025-01-29 23:53:15,128][__main__][INFO] - [37, 50], []
[2025-01-29 23:53:15,226][__main__][INFO] - [37, 51], []
[2025-01-29 23:53:15,301][__main__][INFO] - [37, 52], []
[2025-01-29 23:53:15,388][__main__][INFO] - [37, 53], []
[2025-01-29 23:53:15,479][__main__][INFO] - [37, 54], []
[2025-01-29 23:53:15,559][__main__][INFO] - [37, 55], []
[2025-01-29 23:53:15,632][__main__][INFO] - [37, 56], []
[2025-01-29 23:53:15,699][__main__][INFO] - [37, 57], []
[2025-01-29 23:53:15,760][__main__][INFO] - [37, 58], []
[2025-01-29 23:53:15,816][__main__][INFO] - [37, 59], []
[2025-01-29 23:53:16,223][__main__][INFO] - [38, 41], []
[2025-01-29 23:53:16,261][__main__][INFO] - [38], [41]
[2025-01-29 23:53:16,801][__main__][INFO] - [38, 42], []
[2025-01-29 23:53:16,835][__main__][INFO] - [38], [42]
[2025-01-29 23:53:17,392][__main__][INFO] - [38, 43], []
[2025-01-29 23:53:17,417][__main__][INFO] - [38], [43]
[2025-01-29 23:53:17,990][__main__][INFO] - [38, 44], []
[2025-01-29 23:53:18,505][__main__][INFO] - [38, 45], []
[2025-01-29 23:53:18,542][__main__][INFO] - [38, 46], []
[2025-01-29 23:53:18,581][__main__][INFO] - [38, 47], []
[2025-01-29 23:53:19,034][__main__][INFO] - [38, 48], []
[2025-01-29 23:53:19,140][__main__][INFO] - [38, 49], []
[2025-01-29 23:53:19,161][__main__][INFO] - [38, 50], []
[2025-01-29 23:53:19,197][__main__][INFO] - [38, 51], []
[2025-01-29 23:53:19,226][__main__][INFO] - [38, 52], []
[2025-01-29 23:53:19,256][__main__][INFO] - [38, 53], []
[2025-01-29 23:53:19,289][__main__][INFO] - [38, 54], []
[2025-01-29 23:53:19,320][__main__][INFO] - [38, 55], []
[2025-01-29 23:53:19,354][__main__][INFO] - [38, 56], []
[2025-01-29 23:53:19,386][__main__][INFO] - [38, 57], []
[2025-01-29 23:53:19,418][__main__][INFO] - [38, 58], []
[2025-01-29 23:53:19,448][__main__][INFO] - [38, 59], []
[2025-01-29 23:53:19,680][__main__][INFO] - [39, 41], []
[2025-01-29 23:53:19,749][__main__][INFO] - [39], [41]
[2025-01-29 23:53:20,045][__main__][INFO] - [39, 42], []
[2025-01-29 23:53:20,072][__main__][INFO] - [39], [42]
[2025-01-29 23:53:20,453][__main__][INFO] - [39, 43], []
[2025-01-29 23:53:20,476][__main__][INFO] - [39], [43]
[2025-01-29 23:53:20,870][__main__][INFO] - [39, 44], []
[2025-01-29 23:53:21,208][__main__][INFO] - [39, 45], []
[2025-01-29 23:53:21,241][__main__][INFO] - [39, 46], []
[2025-01-29 23:53:21,273][__main__][INFO] - [39, 47], []
[2025-01-29 23:53:21,579][__main__][INFO] - [39, 48], []
[2025-01-29 23:53:21,661][__main__][INFO] - [39, 49], []
[2025-01-29 23:53:21,681][__main__][INFO] - [39, 50], []
[2025-01-29 23:53:21,720][__main__][INFO] - [39, 51], []
[2025-01-29 23:53:21,748][__main__][INFO] - [39, 52], []
[2025-01-29 23:53:21,778][__main__][INFO] - [39, 53], []
[2025-01-29 23:53:21,811][__main__][INFO] - [39, 54], []
[2025-01-29 23:53:21,846][__main__][INFO] - [39, 55], []
[2025-01-29 23:53:21,876][__main__][INFO] - [39, 56], []
[2025-01-29 23:53:21,906][__main__][INFO] - [39, 57], []
[2025-01-29 23:53:21,934][__main__][INFO] - [39, 58], []
[2025-01-29 23:53:21,960][__main__][INFO] - [39, 59], []
[2025-01-29 23:53:22,067][__main__][INFO] - [40, 41], []
[2025-01-29 23:53:22,083][__main__][INFO] - [40], [41]
[2025-01-29 23:53:22,122][__main__][INFO] - [40, 42], []
[2025-01-29 23:53:22,139][__main__][INFO] - [40], [42]
[2025-01-29 23:53:22,179][__main__][INFO] - [40, 43], []
[2025-01-29 23:53:22,196][__main__][INFO] - [40], [43]
[2025-01-29 23:53:22,235][__main__][INFO] - [40, 44], []
[2025-01-29 23:53:22,272][__main__][INFO] - [40, 45], []
[2025-01-29 23:53:22,290][__main__][INFO] - [40, 46], []
[2025-01-29 23:53:22,307][__main__][INFO] - [40, 47], []
[2025-01-29 23:53:22,341][__main__][INFO] - [40, 48], []
[2025-01-29 23:53:22,362][__main__][INFO] - [40, 49], []
[2025-01-29 23:53:22,377][__main__][INFO] - [40, 50], []
[2025-01-29 23:53:22,395][__main__][INFO] - [40, 51], []
[2025-01-29 23:53:22,412][__main__][INFO] - [40, 52], []
[2025-01-29 23:53:22,428][__main__][INFO] - [40, 53], []
[2025-01-29 23:53:22,447][__main__][INFO] - [40, 54], []
[2025-01-29 23:53:22,464][__main__][INFO] - [40, 55], []
[2025-01-29 23:53:22,481][__main__][INFO] - [40, 56], []
[2025-01-29 23:53:22,498][__main__][INFO] - [40, 57], []
[2025-01-29 23:53:22,515][__main__][INFO] - [40, 58], []
[2025-01-29 23:53:22,532][__main__][INFO] - [40, 59], []
[2025-01-29 23:53:22,570][__main__][INFO] - [41, 42], []
[2025-01-29 23:53:22,601][__main__][INFO] - [41], [42]
[2025-01-29 23:53:23,147][__main__][INFO] - [41, 43], []
[2025-01-29 23:53:23,173][__main__][INFO] - [41], [43]
[2025-01-29 23:53:23,725][__main__][INFO] - [41, 44], []
[2025-01-29 23:53:24,253][__main__][INFO] - [41, 45], []
[2025-01-29 23:53:24,286][__main__][INFO] - [41, 46], []
[2025-01-29 23:53:24,304][__main__][INFO] - [41, 47], []
[2025-01-29 23:53:24,711][__main__][INFO] - [41, 48], []
[2025-01-29 23:53:24,845][__main__][INFO] - [41, 49], []
[2025-01-29 23:53:24,868][__main__][INFO] - [41, 50], []
[2025-01-29 23:53:24,909][__main__][INFO] - [41, 51], []
[2025-01-29 23:53:24,950][__main__][INFO] - [41, 52], []
[2025-01-29 23:53:24,997][__main__][INFO] - [41, 53], []
[2025-01-29 23:53:25,046][__main__][INFO] - [41, 54], []
[2025-01-29 23:53:25,090][__main__][INFO] - [41, 55], []
[2025-01-29 23:53:25,130][__main__][INFO] - [41, 56], []
[2025-01-29 23:53:25,167][__main__][INFO] - [41, 57], []
[2025-01-29 23:53:25,203][__main__][INFO] - [41, 58], []
[2025-01-29 23:53:25,233][__main__][INFO] - [41, 59], []
[2025-01-29 23:53:25,397][__main__][INFO] - [42], [41]
[2025-01-29 23:53:25,487][__main__][INFO] - [], [41, 42]
[2025-01-29 23:53:28,005][__main__][INFO] - [43], [41]
[2025-01-29 23:53:28,062][__main__][INFO] - [], [41, 43]
[2025-01-29 23:53:30,671][__main__][INFO] - [44], [41]
[2025-01-29 23:53:32,876][__main__][INFO] - [45], [41]
[2025-01-29 23:53:32,988][__main__][INFO] - [46], [41]
[2025-01-29 23:53:33,093][__main__][INFO] - [47], [41]
[2025-01-29 23:53:35,137][__main__][INFO] - [48], [41]
[2025-01-29 23:53:35,513][__main__][INFO] - [49], [41]
[2025-01-29 23:53:35,543][__main__][INFO] - [50], [41]
[2025-01-29 23:53:35,674][__main__][INFO] - [51], [41]
[2025-01-29 23:53:35,758][__main__][INFO] - [52], [41]
[2025-01-29 23:53:35,852][__main__][INFO] - [53], [41]
[2025-01-29 23:53:35,957][__main__][INFO] - [54], [41]
[2025-01-29 23:53:36,054][__main__][INFO] - [55], [41]
[2025-01-29 23:53:36,148][__main__][INFO] - [56], [41]
[2025-01-29 23:53:36,235][__main__][INFO] - [57], [41]
[2025-01-29 23:53:36,316][__main__][INFO] - [58], [41]
[2025-01-29 23:53:36,387][__main__][INFO] - [59], [41]
[2025-01-29 23:53:37,047][__main__][INFO] - [42, 43], []
[2025-01-29 23:53:37,077][__main__][INFO] - [42], [43]
[2025-01-29 23:53:37,165][__main__][INFO] - [42, 44], []
[2025-01-29 23:53:37,243][__main__][INFO] - [42, 45], []
[2025-01-29 23:53:37,280][__main__][INFO] - [42, 46], []
[2025-01-29 23:53:37,297][__main__][INFO] - [42, 47], []
[2025-01-29 23:53:37,408][__main__][INFO] - [42, 48], []
[2025-01-29 23:53:37,427][__main__][INFO] - [42, 49], []
[2025-01-29 23:53:37,444][__main__][INFO] - [42, 50], []
[2025-01-29 23:53:37,466][__main__][INFO] - [42, 51], []
[2025-01-29 23:53:37,486][__main__][INFO] - [42, 52], []
[2025-01-29 23:53:37,508][__main__][INFO] - [42, 53], []
[2025-01-29 23:53:37,528][__main__][INFO] - [42, 54], []
[2025-01-29 23:53:37,548][__main__][INFO] - [42, 55], []
[2025-01-29 23:53:37,568][__main__][INFO] - [42, 56], []
[2025-01-29 23:53:37,587][__main__][INFO] - [42, 57], []
[2025-01-29 23:53:37,606][__main__][INFO] - [42, 58], []
[2025-01-29 23:53:37,625][__main__][INFO] - [42, 59], []
[2025-01-29 23:53:37,672][__main__][INFO] - [43], [42]
[2025-01-29 23:53:37,723][__main__][INFO] - [], [42, 43]
[2025-01-29 23:53:41,330][__main__][INFO] - [44], [42]
[2025-01-29 23:53:44,467][__main__][INFO] - [45], [42]
[2025-01-29 23:53:44,571][__main__][INFO] - [46], [42]
[2025-01-29 23:53:44,681][__main__][INFO] - [47], [42]
[2025-01-29 23:53:47,337][__main__][INFO] - [48], [42]
[2025-01-29 23:53:47,863][__main__][INFO] - [49], [42]
[2025-01-29 23:53:47,899][__main__][INFO] - [50], [42]
[2025-01-29 23:53:48,056][__main__][INFO] - [51], [42]
[2025-01-29 23:53:48,169][__main__][INFO] - [52], [42]
[2025-01-29 23:53:48,297][__main__][INFO] - [53], [42]
[2025-01-29 23:53:48,441][__main__][INFO] - [54], [42]
[2025-01-29 23:53:48,572][__main__][INFO] - [55], [42]
[2025-01-29 23:53:48,691][__main__][INFO] - [56], [42]
[2025-01-29 23:53:48,803][__main__][INFO] - [57], [42]
[2025-01-29 23:53:48,906][__main__][INFO] - [58], [42]
[2025-01-29 23:53:48,995][__main__][INFO] - [59], [42]
[2025-01-29 23:53:49,785][__main__][INFO] - [43, 44], []
[2025-01-29 23:53:49,835][__main__][INFO] - [43, 45], []
[2025-01-29 23:53:49,866][__main__][INFO] - [43, 46], []
[2025-01-29 23:53:49,882][__main__][INFO] - [43, 47], []
[2025-01-29 23:53:49,948][__main__][INFO] - [43, 48], []
[2025-01-29 23:53:49,969][__main__][INFO] - [43, 49], []
[2025-01-29 23:53:49,985][__main__][INFO] - [43, 50], []
[2025-01-29 23:53:50,007][__main__][INFO] - [43, 51], []
[2025-01-29 23:53:50,026][__main__][INFO] - [43, 52], []
[2025-01-29 23:53:50,046][__main__][INFO] - [43, 53], []
[2025-01-29 23:53:50,065][__main__][INFO] - [43, 54], []
[2025-01-29 23:53:50,084][__main__][INFO] - [43, 55], []
[2025-01-29 23:53:50,102][__main__][INFO] - [43, 56], []
[2025-01-29 23:53:50,120][__main__][INFO] - [43, 57], []
[2025-01-29 23:53:50,137][__main__][INFO] - [43, 58], []
[2025-01-29 23:53:50,154][__main__][INFO] - [43, 59], []
[2025-01-29 23:53:50,192][__main__][INFO] - [44], [43]
[2025-01-29 23:53:53,464][__main__][INFO] - [45], [43]
[2025-01-29 23:53:53,578][__main__][INFO] - [46], [43]
[2025-01-29 23:53:53,688][__main__][INFO] - [47], [43]
[2025-01-29 23:53:56,475][__main__][INFO] - [48], [43]
[2025-01-29 23:53:57,002][__main__][INFO] - [49], [43]
[2025-01-29 23:53:57,038][__main__][INFO] - [50], [43]
[2025-01-29 23:53:57,197][__main__][INFO] - [51], [43]
[2025-01-29 23:53:57,310][__main__][INFO] - [52], [43]
[2025-01-29 23:53:57,445][__main__][INFO] - [53], [43]
[2025-01-29 23:53:57,603][__main__][INFO] - [54], [43]
[2025-01-29 23:53:57,737][__main__][INFO] - [55], [43]
[2025-01-29 23:53:57,861][__main__][INFO] - [56], [43]
[2025-01-29 23:53:57,976][__main__][INFO] - [57], [43]
[2025-01-29 23:53:58,080][__main__][INFO] - [58], [43]
[2025-01-29 23:53:58,171][__main__][INFO] - [59], [43]
[2025-01-29 23:53:58,977][__main__][INFO] - [44, 47], []
[2025-01-29 23:54:01,360][__main__][INFO] - [44, 48], []
[2025-01-29 23:54:01,871][__main__][INFO] - [44, 49], []
[2025-01-29 23:54:01,907][__main__][INFO] - [44, 50], []
[2025-01-29 23:54:02,039][__main__][INFO] - [44, 51], []
[2025-01-29 23:54:02,135][__main__][INFO] - [44, 52], []
[2025-01-29 23:54:02,250][__main__][INFO] - [44, 53], []
[2025-01-29 23:54:02,380][__main__][INFO] - [44, 54], []
[2025-01-29 23:54:02,502][__main__][INFO] - [44, 55], []
[2025-01-29 23:54:02,613][__main__][INFO] - [44, 56], []
[2025-01-29 23:54:02,720][__main__][INFO] - [44, 57], []
[2025-01-29 23:54:02,818][__main__][INFO] - [44, 58], []
[2025-01-29 23:54:02,903][__main__][INFO] - [44, 59], []
[2025-01-29 23:54:03,657][__main__][INFO] - [45, 47], []
[2025-01-29 23:54:03,779][__main__][INFO] - [45, 48], []
[2025-01-29 23:54:03,807][__main__][INFO] - [45, 49], []
[2025-01-29 23:54:03,824][__main__][INFO] - [45, 50], []
[2025-01-29 23:54:03,856][__main__][INFO] - [45, 51], []
[2025-01-29 23:54:03,880][__main__][INFO] - [45, 52], []
[2025-01-29 23:54:03,903][__main__][INFO] - [45, 53], []
[2025-01-29 23:54:03,925][__main__][INFO] - [45, 54], []
[2025-01-29 23:54:03,947][__main__][INFO] - [45, 55], []
[2025-01-29 23:54:03,967][__main__][INFO] - [45, 56], []
[2025-01-29 23:54:03,986][__main__][INFO] - [45, 57], []
[2025-01-29 23:54:04,004][__main__][INFO] - [45, 58], []
[2025-01-29 23:54:04,023][__main__][INFO] - [45, 59], []
[2025-01-29 23:54:04,065][__main__][INFO] - [46, 47], []
[2025-01-29 23:54:04,202][__main__][INFO] - [46, 50], []
[2025-01-29 23:54:04,222][__main__][INFO] - [46, 51], []
[2025-01-29 23:54:04,242][__main__][INFO] - [46, 52], []
[2025-01-29 23:54:04,264][__main__][INFO] - [46, 53], []
[2025-01-29 23:54:04,285][__main__][INFO] - [46, 54], []
[2025-01-29 23:54:04,304][__main__][INFO] - [46, 55], []
[2025-01-29 23:54:04,324][__main__][INFO] - [46, 56], []
[2025-01-29 23:54:04,343][__main__][INFO] - [46, 57], []
[2025-01-29 23:54:04,362][__main__][INFO] - [46, 58], []
[2025-01-29 23:54:04,380][__main__][INFO] - [46, 59], []
[2025-01-29 23:54:04,432][__main__][INFO] - [47, 50], []
[2025-01-29 23:54:04,558][__main__][INFO] - [47, 51], []
[2025-01-29 23:54:04,650][__main__][INFO] - [47, 52], []
[2025-01-29 23:54:04,757][__main__][INFO] - [47, 53], []
[2025-01-29 23:54:04,873][__main__][INFO] - [47, 54], []
[2025-01-29 23:54:04,979][__main__][INFO] - [47, 55], []
[2025-01-29 23:54:05,077][__main__][INFO] - [47, 56], []
[2025-01-29 23:54:05,169][__main__][INFO] - [47, 57], []
[2025-01-29 23:54:05,253][__main__][INFO] - [47, 58], []
[2025-01-29 23:54:05,327][__main__][INFO] - [47, 59], []
[2025-01-29 23:54:05,960][__main__][INFO] - [48, 50], []
[2025-01-29 23:54:06,008][__main__][INFO] - [48, 51], []
[2025-01-29 23:54:06,042][__main__][INFO] - [48, 52], []
[2025-01-29 23:54:06,079][__main__][INFO] - [48, 53], []
[2025-01-29 23:54:06,119][__main__][INFO] - [48, 54], []
[2025-01-29 23:54:06,157][__main__][INFO] - [48, 55], []
[2025-01-29 23:54:06,193][__main__][INFO] - [48, 56], []
[2025-01-29 23:54:06,227][__main__][INFO] - [48, 57], []
[2025-01-29 23:54:06,261][__main__][INFO] - [48, 58], []
[2025-01-29 23:54:06,289][__main__][INFO] - [48, 59], []
[2025-01-29 23:54:06,457][__main__][INFO] - [49, 50], []
[2025-01-29 23:54:06,474][__main__][INFO] - [49, 51], []
[2025-01-29 23:54:06,491][__main__][INFO] - [49, 52], []
[2025-01-29 23:54:06,508][__main__][INFO] - [49, 53], []
[2025-01-29 23:54:06,524][__main__][INFO] - [49, 54], []
[2025-01-29 23:54:06,542][__main__][INFO] - [49, 55], []
[2025-01-29 23:54:06,564][__main__][INFO] - [49, 56], []
[2025-01-29 23:54:06,584][__main__][INFO] - [49, 57], []
[2025-01-29 23:54:06,601][__main__][INFO] - [49, 58], []
[2025-01-29 23:54:06,618][__main__][INFO] - [49, 59], []
[2025-01-29 23:54:06,682][__main__][INFO] - [0, 1, 10], []
[2025-01-29 23:54:06,713][__main__][INFO] - [0, 1, 11], []
[2025-01-29 23:54:06,745][__main__][INFO] - [0, 1, 12], []
[2025-01-29 23:54:06,781][__main__][INFO] - [0, 1, 13], []
[2025-01-29 23:54:06,813][__main__][INFO] - [0, 1, 14], []
[2025-01-29 23:54:06,844][__main__][INFO] - [0, 1, 15], []
[2025-01-29 23:54:06,874][__main__][INFO] - [0, 1, 16], []
[2025-01-29 23:54:06,891][__main__][INFO] - [0, 1, 17], []
[2025-01-29 23:54:06,913][__main__][INFO] - [0, 1, 18], []
[2025-01-29 23:54:06,932][__main__][INFO] - [0, 1, 19], []
[2025-01-29 23:54:06,949][__main__][INFO] - [0, 1, 20], []
[2025-01-29 23:54:07,032][__main__][INFO] - [0, 1, 21], []
[2025-01-29 23:54:07,049][__main__][INFO] - [0, 1, 22], []
[2025-01-29 23:54:07,155][__main__][INFO] - [0, 1, 26], []
[2025-01-29 23:54:07,183][__main__][INFO] - [0, 1], [26]
[2025-01-29 23:54:07,305][__main__][INFO] - [0, 1, 27], []
[2025-01-29 23:54:07,390][__main__][INFO] - [0, 1, 28], []
[2025-01-29 23:54:07,431][__main__][INFO] - [0, 1, 29], []
[2025-01-29 23:54:07,449][__main__][INFO] - [0, 1, 30], []
[2025-01-29 23:54:07,466][__main__][INFO] - [0, 1, 31], []
[2025-01-29 23:54:07,483][__main__][INFO] - [0, 1, 32], []
[2025-01-29 23:54:07,587][__main__][INFO] - [0, 1, 33], []
[2025-01-29 23:54:07,618][__main__][INFO] - [0, 1, 35], []
[2025-01-29 23:54:07,635][__main__][INFO] - [0, 1, 36], []
[2025-01-29 23:54:07,677][__main__][INFO] - [0, 1, 37], []
[2025-01-29 23:54:07,776][__main__][INFO] - [0, 1, 38], []
[2025-01-29 23:54:07,800][__main__][INFO] - [0, 1, 39], []
[2025-01-29 23:54:07,832][__main__][INFO] - [0, 1, 40], []
[2025-01-29 23:54:07,849][__main__][INFO] - [0, 1, 41], []
[2025-01-29 23:54:07,910][__main__][INFO] - [0, 1], [41]
[2025-01-29 23:54:07,994][__main__][INFO] - [0, 1, 42], []
[2025-01-29 23:54:08,013][__main__][INFO] - [0, 1], [42]
[2025-01-29 23:54:08,141][__main__][INFO] - [0, 1, 43], []
[2025-01-29 23:54:08,160][__main__][INFO] - [0, 1], [43]
[2025-01-29 23:54:08,287][__main__][INFO] - [0, 1, 44], []
[2025-01-29 23:54:08,406][__main__][INFO] - [0, 1, 45], []
[2025-01-29 23:54:08,427][__main__][INFO] - [0, 1, 46], []
[2025-01-29 23:54:08,450][__main__][INFO] - [0, 1, 47], []
[2025-01-29 23:54:08,516][__main__][INFO] - [0, 1, 48], []
[2025-01-29 23:54:08,590][__main__][INFO] - [0, 1, 49], []
[2025-01-29 23:54:08,610][__main__][INFO] - [0, 1, 50], []
[2025-01-29 23:54:08,634][__main__][INFO] - [0, 1, 51], []
[2025-01-29 23:54:08,659][__main__][INFO] - [0, 1, 52], []
[2025-01-29 23:54:08,686][__main__][INFO] - [0, 1, 53], []
[2025-01-29 23:54:08,712][__main__][INFO] - [0, 1, 54], []
[2025-01-29 23:54:08,737][__main__][INFO] - [0, 1, 55], []
[2025-01-29 23:54:08,760][__main__][INFO] - [0, 1, 56], []
[2025-01-29 23:54:08,782][__main__][INFO] - [0, 1, 57], []
[2025-01-29 23:54:08,803][__main__][INFO] - [0, 1, 58], []
[2025-01-29 23:54:08,819][__main__][INFO] - [0, 1, 59], []
[2025-01-29 23:54:08,861][__main__][INFO] - [0, 2, 10], []
[2025-01-29 23:54:08,939][__main__][INFO] - [0, 2, 11], []
[2025-01-29 23:54:09,023][__main__][INFO] - [0, 2, 12], []
[2025-01-29 23:54:09,118][__main__][INFO] - [0, 2, 13], []
[2025-01-29 23:54:09,211][__main__][INFO] - [0, 2, 14], []
[2025-01-29 23:54:09,306][__main__][INFO] - [0, 2, 15], []
[2025-01-29 23:54:09,408][__main__][INFO] - [0, 2, 16], []
[2025-01-29 23:54:09,516][__main__][INFO] - [0, 2, 17], []
[2025-01-29 23:54:09,616][__main__][INFO] - [0, 2, 18], []
[2025-01-29 23:54:09,670][__main__][INFO] - [0, 2, 19], []
[2025-01-29 23:54:09,709][__main__][INFO] - [0, 2, 20], []
[2025-01-29 23:54:10,397][__main__][INFO] - [0, 2, 21], []
[2025-01-29 23:54:10,425][__main__][INFO] - [0, 2, 22], []
[2025-01-29 23:54:10,518][__main__][INFO] - [0, 2, 23], []
[2025-01-29 23:54:10,557][__main__][INFO] - [0, 2, 24], []
[2025-01-29 23:54:10,574][__main__][INFO] - [0, 2, 25], []
[2025-01-29 23:54:10,590][__main__][INFO] - [0, 2, 26], []
[2025-01-29 23:54:10,727][__main__][INFO] - [0, 2], [26]
[2025-01-29 23:54:11,412][__main__][INFO] - [0, 2, 27], []
[2025-01-29 23:54:12,076][__main__][INFO] - [0, 2, 28], []
[2025-01-29 23:54:12,138][__main__][INFO] - [0, 2, 29], []
[2025-01-29 23:54:12,214][__main__][INFO] - [0, 2, 30], []
[2025-01-29 23:54:12,238][__main__][INFO] - [0, 2, 31], []
[2025-01-29 23:54:12,256][__main__][INFO] - [0, 2, 32], []
[2025-01-29 23:54:12,974][__main__][INFO] - [0, 2, 33], []
[2025-01-29 23:54:12,997][__main__][INFO] - [0, 2, 34], []
[2025-01-29 23:54:13,014][__main__][INFO] - [0, 2, 35], []
[2025-01-29 23:54:13,032][__main__][INFO] - [0, 2, 36], []
[2025-01-29 23:54:13,162][__main__][INFO] - [0, 2, 37], []
[2025-01-29 23:54:13,578][__main__][INFO] - [0, 2, 38], []
[2025-01-29 23:54:13,796][__main__][INFO] - [0, 2, 39], []
[2025-01-29 23:54:13,913][__main__][INFO] - [0, 2, 40], []
[2025-01-29 23:54:13,939][__main__][INFO] - [0, 2, 41], []
[2025-01-29 23:54:14,067][__main__][INFO] - [0, 2], [41]
[2025-01-29 23:54:14,756][__main__][INFO] - [0, 2, 42], []
[2025-01-29 23:54:14,800][__main__][INFO] - [0, 2], [42]
[2025-01-29 23:54:15,655][__main__][INFO] - [0, 2, 43], []
[2025-01-29 23:54:15,690][__main__][INFO] - [0, 2], [43]
[2025-01-29 23:54:16,537][__main__][INFO] - [0, 2, 44], []
[2025-01-29 23:54:17,316][__main__][INFO] - [0, 2, 45], []
[2025-01-29 23:54:17,366][__main__][INFO] - [0, 2, 46], []
[2025-01-29 23:54:17,409][__main__][INFO] - [0, 2, 47], []
[2025-01-29 23:54:17,888][__main__][INFO] - [0, 2, 48], []
[2025-01-29 23:54:18,200][__main__][INFO] - [0, 2, 49], []
[2025-01-29 23:54:18,229][__main__][INFO] - [0, 2, 50], []
[2025-01-29 23:54:18,285][__main__][INFO] - [0, 2, 51], []
[2025-01-29 23:54:18,333][__main__][INFO] - [0, 2, 52], []
[2025-01-29 23:54:18,384][__main__][INFO] - [0, 2, 53], []
[2025-01-29 23:54:18,439][__main__][INFO] - [0, 2, 54], []
[2025-01-29 23:54:18,490][__main__][INFO] - [0, 2, 55], []
[2025-01-29 23:54:18,539][__main__][INFO] - [0, 2, 56], []
[2025-01-29 23:54:18,584][__main__][INFO] - [0, 2, 57], []
[2025-01-29 23:54:18,626][__main__][INFO] - [0, 2, 58], []
[2025-01-29 23:54:18,666][__main__][INFO] - [0, 2, 59], []
[2025-01-29 23:54:18,947][__main__][INFO] - [0, 3, 10], []
[2025-01-29 23:54:18,975][__main__][INFO] - [0, 3, 11], []
[2025-01-29 23:54:19,001][__main__][INFO] - [0, 3, 12], []
[2025-01-29 23:54:19,026][__main__][INFO] - [0, 3, 13], []
[2025-01-29 23:54:19,047][__main__][INFO] - [0, 3, 14], []
[2025-01-29 23:54:19,068][__main__][INFO] - [0, 3, 15], []
[2025-01-29 23:54:19,088][__main__][INFO] - [0, 3, 16], []
[2025-01-29 23:54:19,107][__main__][INFO] - [0, 3, 17], []
[2025-01-29 23:54:19,124][__main__][INFO] - [0, 3, 18], []
[2025-01-29 23:54:19,141][__main__][INFO] - [0, 3, 19], []
[2025-01-29 23:54:19,157][__main__][INFO] - [0, 3, 20], []
[2025-01-29 23:54:19,215][__main__][INFO] - [0, 3, 21], []
[2025-01-29 23:54:19,231][__main__][INFO] - [0, 3, 22], []
[2025-01-29 23:54:19,247][__main__][INFO] - [0, 3, 23], []
[2025-01-29 23:54:19,264][__main__][INFO] - [0, 3, 24], []
[2025-01-29 23:54:19,280][__main__][INFO] - [0, 3, 25], []
[2025-01-29 23:54:19,296][__main__][INFO] - [0, 3, 26], []
[2025-01-29 23:54:19,318][__main__][INFO] - [0, 3], [26]
[2025-01-29 23:54:19,378][__main__][INFO] - [0, 3, 27], []
[2025-01-29 23:54:19,435][__main__][INFO] - [0, 3, 28], []
[2025-01-29 23:54:19,451][__main__][INFO] - [0, 3, 29], []
[2025-01-29 23:54:19,468][__main__][INFO] - [0, 3, 30], []
[2025-01-29 23:54:19,484][__main__][INFO] - [0, 3, 31], []
[2025-01-29 23:54:19,500][__main__][INFO] - [0, 3, 32], []
[2025-01-29 23:54:19,545][__main__][INFO] - [0, 3, 33], []
[2025-01-29 23:54:19,576][__main__][INFO] - [0, 3, 35], []
[2025-01-29 23:54:19,592][__main__][INFO] - [0, 3, 36], []
[2025-01-29 23:54:19,626][__main__][INFO] - [0, 3, 37], []
[2025-01-29 23:54:19,652][__main__][INFO] - [0, 3, 38], []
[2025-01-29 23:54:19,696][__main__][INFO] - [0, 3, 39], []
[2025-01-29 23:54:19,718][__main__][INFO] - [0, 3, 40], []
[2025-01-29 23:54:19,735][__main__][INFO] - [0, 3, 41], []
[2025-01-29 23:54:19,751][__main__][INFO] - [0, 3], [41]
[2025-01-29 23:54:19,811][__main__][INFO] - [0, 3, 42], []
[2025-01-29 23:54:19,827][__main__][INFO] - [0, 3], [42]
[2025-01-29 23:54:19,893][__main__][INFO] - [0, 3, 43], []
[2025-01-29 23:54:19,910][__main__][INFO] - [0, 3], [43]
[2025-01-29 23:54:19,976][__main__][INFO] - [0, 3, 44], []
[2025-01-29 23:54:20,032][__main__][INFO] - [0, 3, 45], []
[2025-01-29 23:54:20,052][__main__][INFO] - [0, 3, 46], []
[2025-01-29 23:54:20,073][__main__][INFO] - [0, 3, 47], []
[2025-01-29 23:54:20,113][__main__][INFO] - [0, 3, 48], []
[2025-01-29 23:54:20,151][__main__][INFO] - [0, 3, 49], []
[2025-01-29 23:54:20,169][__main__][INFO] - [0, 3, 50], []
[2025-01-29 23:54:20,188][__main__][INFO] - [0, 3, 51], []
[2025-01-29 23:54:20,207][__main__][INFO] - [0, 3, 52], []
[2025-01-29 23:54:20,226][__main__][INFO] - [0, 3, 53], []
[2025-01-29 23:54:20,245][__main__][INFO] - [0, 3, 54], []
[2025-01-29 23:54:20,264][__main__][INFO] - [0, 3, 55], []
[2025-01-29 23:54:20,282][__main__][INFO] - [0, 3, 56], []
[2025-01-29 23:54:20,301][__main__][INFO] - [0, 3, 57], []
[2025-01-29 23:54:20,316][__main__][INFO] - [0, 3, 58], []
[2025-01-29 23:54:20,332][__main__][INFO] - [0, 3, 59], []
[2025-01-29 23:54:20,377][__main__][INFO] - [0, 4, 10], []
[2025-01-29 23:54:20,406][__main__][INFO] - [0, 4, 11], []
[2025-01-29 23:54:20,437][__main__][INFO] - [0, 4, 12], []
[2025-01-29 23:54:20,471][__main__][INFO] - [0, 4, 13], []
[2025-01-29 23:54:20,508][__main__][INFO] - [0, 4, 14], []
[2025-01-29 23:54:20,524][__main__][INFO] - [0, 4, 15], []
[2025-01-29 23:54:20,541][__main__][INFO] - [0, 4, 16], []
[2025-01-29 23:54:20,577][__main__][INFO] - [0, 4, 17], []
[2025-01-29 23:54:20,608][__main__][INFO] - [0, 4, 18], []
[2025-01-29 23:54:20,626][__main__][INFO] - [0, 4, 19], []
[2025-01-29 23:54:20,646][__main__][INFO] - [0, 4, 20], []
[2025-01-29 23:54:20,713][__main__][INFO] - [0, 4, 21], []
[2025-01-29 23:54:20,839][__main__][INFO] - [0, 4, 22], []
[2025-01-29 23:54:20,855][__main__][INFO] - [0, 4, 23], []
[2025-01-29 23:54:20,872][__main__][INFO] - [0, 4, 24], []
[2025-01-29 23:54:20,889][__main__][INFO] - [0, 4, 25], []
[2025-01-29 23:54:20,905][__main__][INFO] - [0, 4, 26], []
[2025-01-29 23:54:20,937][__main__][INFO] - [0, 4], [26]
[2025-01-29 23:54:21,102][__main__][INFO] - [0, 4, 27], []
[2025-01-29 23:54:21,168][__main__][INFO] - [0, 4, 28], []
[2025-01-29 23:54:21,215][__main__][INFO] - [0, 4, 29], []
[2025-01-29 23:54:21,303][__main__][INFO] - [0, 4, 30], []
[2025-01-29 23:54:21,321][__main__][INFO] - [0, 4, 31], []
[2025-01-29 23:54:21,337][__main__][INFO] - [0, 4, 32], []
[2025-01-29 23:54:21,493][__main__][INFO] - [0, 4, 33], []
[2025-01-29 23:54:21,524][__main__][INFO] - [0, 4, 35], []
[2025-01-29 23:54:21,542][__main__][INFO] - [0, 4, 36], []
[2025-01-29 23:54:21,587][__main__][INFO] - [0, 4, 37], []
[2025-01-29 23:54:21,741][__main__][INFO] - [0, 4, 38], []
[2025-01-29 23:54:21,768][__main__][INFO] - [0, 4, 39], []
[2025-01-29 23:54:21,805][__main__][INFO] - [0, 4, 40], []
[2025-01-29 23:54:21,824][__main__][INFO] - [0, 4, 41], []
[2025-01-29 23:54:21,953][__main__][INFO] - [0, 4], [41]
[2025-01-29 23:54:22,026][__main__][INFO] - [0, 4, 42], []
[2025-01-29 23:54:22,043][__main__][INFO] - [0, 4], [42]
[2025-01-29 23:54:22,226][__main__][INFO] - [0, 4, 43], []
[2025-01-29 23:54:22,248][__main__][INFO] - [0, 4], [43]
[2025-01-29 23:54:22,433][__main__][INFO] - [0, 4, 44], []
[2025-01-29 23:54:22,601][__main__][INFO] - [0, 4, 45], []
[2025-01-29 23:54:22,624][__main__][INFO] - [0, 4, 46], []
[2025-01-29 23:54:22,646][__main__][INFO] - [0, 4, 47], []
[2025-01-29 23:54:22,745][__main__][INFO] - [0, 4, 48], []
[2025-01-29 23:54:22,836][__main__][INFO] - [0, 4, 49], []
[2025-01-29 23:54:22,856][__main__][INFO] - [0, 4, 50], []
[2025-01-29 23:54:22,881][__main__][INFO] - [0, 4, 51], []
[2025-01-29 23:54:22,904][__main__][INFO] - [0, 4, 52], []
[2025-01-29 23:54:22,928][__main__][INFO] - [0, 4, 53], []
[2025-01-29 23:54:22,951][__main__][INFO] - [0, 4, 54], []
[2025-01-29 23:54:22,968][__main__][INFO] - [0, 4, 55], []
[2025-01-29 23:54:22,985][__main__][INFO] - [0, 4, 56], []
[2025-01-29 23:54:23,008][__main__][INFO] - [0, 4, 57], []
[2025-01-29 23:54:23,024][__main__][INFO] - [0, 4, 58], []
[2025-01-29 23:54:23,040][__main__][INFO] - [0, 4, 59], []
[2025-01-29 23:54:23,138][__main__][INFO] - [0, 5, 10], []
[2025-01-29 23:54:23,155][__main__][INFO] - [0, 5, 11], []
[2025-01-29 23:54:23,171][__main__][INFO] - [0, 5, 12], []
[2025-01-29 23:54:23,188][__main__][INFO] - [0, 5, 13], []
[2025-01-29 23:54:23,209][__main__][INFO] - [0, 5, 14], []
[2025-01-29 23:54:23,226][__main__][INFO] - [0, 5, 15], []
[2025-01-29 23:54:23,248][__main__][INFO] - [0, 5, 16], []
[2025-01-29 23:54:23,265][__main__][INFO] - [0, 5, 17], []
[2025-01-29 23:54:23,282][__main__][INFO] - [0, 5, 18], []
[2025-01-29 23:54:23,299][__main__][INFO] - [0, 5, 19], []
[2025-01-29 23:54:23,315][__main__][INFO] - [0, 5, 20], []
[2025-01-29 23:54:23,387][__main__][INFO] - [0, 5, 22], []
[2025-01-29 23:54:23,403][__main__][INFO] - [0, 5, 23], []
[2025-01-29 23:54:23,419][__main__][INFO] - [0, 5, 24], []
[2025-01-29 23:54:23,450][__main__][INFO] - [0, 5, 26], []
[2025-01-29 23:54:23,475][__main__][INFO] - [0, 5], [26]
[2025-01-29 23:54:23,527][__main__][INFO] - [0, 5, 27], []
[2025-01-29 23:54:23,584][__main__][INFO] - [0, 5, 28], []
[2025-01-29 23:54:23,601][__main__][INFO] - [0, 5, 29], []
[2025-01-29 23:54:23,618][__main__][INFO] - [0, 5, 30], []
[2025-01-29 23:54:23,649][__main__][INFO] - [0, 5, 32], []
[2025-01-29 23:54:23,702][__main__][INFO] - [0, 5, 33], []
[2025-01-29 23:54:23,718][__main__][INFO] - [0, 5, 34], []
[2025-01-29 23:54:23,735][__main__][INFO] - [0, 5, 35], []
[2025-01-29 23:54:23,751][__main__][INFO] - [0, 5, 36], []
[2025-01-29 23:54:23,768][__main__][INFO] - [0, 5, 37], []
[2025-01-29 23:54:23,815][__main__][INFO] - [0, 5, 38], []
[2025-01-29 23:54:23,832][__main__][INFO] - [0, 5, 39], []
[2025-01-29 23:54:23,849][__main__][INFO] - [0, 5, 40], []
[2025-01-29 23:54:23,866][__main__][INFO] - [0, 5, 41], []
[2025-01-29 23:54:23,883][__main__][INFO] - [0, 5], [41]
[2025-01-29 23:54:23,940][__main__][INFO] - [0, 5, 42], []
[2025-01-29 23:54:23,957][__main__][INFO] - [0, 5], [42]
[2025-01-29 23:54:24,017][__main__][INFO] - [0, 5, 43], []
[2025-01-29 23:54:24,036][__main__][INFO] - [0, 5], [43]
[2025-01-29 23:54:24,094][__main__][INFO] - [0, 5, 44], []
[2025-01-29 23:54:24,149][__main__][INFO] - [0, 5, 45], []
[2025-01-29 23:54:24,166][__main__][INFO] - [0, 5, 46], []
[2025-01-29 23:54:24,183][__main__][INFO] - [0, 5, 47], []
[2025-01-29 23:54:24,200][__main__][INFO] - [0, 5, 48], []
[2025-01-29 23:54:24,234][__main__][INFO] - [0, 5, 49], []
[2025-01-29 23:54:24,250][__main__][INFO] - [0, 5, 50], []
[2025-01-29 23:54:24,267][__main__][INFO] - [0, 5, 51], []
[2025-01-29 23:54:24,284][__main__][INFO] - [0, 5, 52], []
[2025-01-29 23:54:24,301][__main__][INFO] - [0, 5, 53], []
[2025-01-29 23:54:24,321][__main__][INFO] - [0, 5, 54], []
[2025-01-29 23:54:24,337][__main__][INFO] - [0, 5, 55], []
[2025-01-29 23:54:24,354][__main__][INFO] - [0, 5, 56], []
[2025-01-29 23:54:24,370][__main__][INFO] - [0, 5, 57], []
[2025-01-29 23:54:24,387][__main__][INFO] - [0, 5, 58], []
[2025-01-29 23:54:24,405][__main__][INFO] - [0, 5, 59], []
[2025-01-29 23:54:24,435][__main__][INFO] - [0, 6, 10], []
[2025-01-29 23:54:24,453][__main__][INFO] - [0, 6, 11], []
[2025-01-29 23:54:24,471][__main__][INFO] - [0, 6, 12], []
[2025-01-29 23:54:24,489][__main__][INFO] - [0, 6, 13], []
[2025-01-29 23:54:24,507][__main__][INFO] - [0, 6, 14], []
[2025-01-29 23:54:24,525][__main__][INFO] - [0, 6, 15], []
[2025-01-29 23:54:24,543][__main__][INFO] - [0, 6, 16], []
[2025-01-29 23:54:24,561][__main__][INFO] - [0, 6, 17], []
[2025-01-29 23:54:24,578][__main__][INFO] - [0, 6, 18], []
[2025-01-29 23:54:24,595][__main__][INFO] - [0, 6, 19], []
[2025-01-29 23:54:24,613][__main__][INFO] - [0, 6, 20], []
[2025-01-29 23:54:24,651][__main__][INFO] - [0, 6, 22], []
[2025-01-29 23:54:24,711][__main__][INFO] - [0, 6, 26], []
[2025-01-29 23:54:24,729][__main__][INFO] - [0, 6], [26]
[2025-01-29 23:54:24,753][__main__][INFO] - [0, 6, 27], []
[2025-01-29 23:54:24,778][__main__][INFO] - [0, 6, 28], []
[2025-01-29 23:54:24,795][__main__][INFO] - [0, 6, 29], []
[2025-01-29 23:54:24,840][__main__][INFO] - [0, 6, 32], []
[2025-01-29 23:54:24,907][__main__][INFO] - [0, 6, 36], []
[2025-01-29 23:54:24,925][__main__][INFO] - [0, 6, 37], []
[2025-01-29 23:54:24,948][__main__][INFO] - [0, 6, 38], []
[2025-01-29 23:54:24,965][__main__][INFO] - [0, 6, 39], []
[2025-01-29 23:54:24,998][__main__][INFO] - [0, 6, 41], []
[2025-01-29 23:54:25,016][__main__][INFO] - [0, 6], [41]
[2025-01-29 23:54:25,040][__main__][INFO] - [0, 6, 42], []
[2025-01-29 23:54:25,058][__main__][INFO] - [0, 6], [42]
[2025-01-29 23:54:25,083][__main__][INFO] - [0, 6, 43], []
[2025-01-29 23:54:25,100][__main__][INFO] - [0, 6], [43]
[2025-01-29 23:54:25,125][__main__][INFO] - [0, 6, 44], []
[2025-01-29 23:54:25,150][__main__][INFO] - [0, 6, 45], []
[2025-01-29 23:54:25,168][__main__][INFO] - [0, 6, 46], []
[2025-01-29 23:54:25,185][__main__][INFO] - [0, 6, 47], []
[2025-01-29 23:54:25,206][__main__][INFO] - [0, 6, 48], []
[2025-01-29 23:54:25,227][__main__][INFO] - [0, 6, 49], []
[2025-01-29 23:54:25,244][__main__][INFO] - [0, 6, 50], []
[2025-01-29 23:54:25,262][__main__][INFO] - [0, 6, 51], []
[2025-01-29 23:54:25,279][__main__][INFO] - [0, 6, 52], []
[2025-01-29 23:54:25,297][__main__][INFO] - [0, 6, 53], []
[2025-01-29 23:54:25,315][__main__][INFO] - [0, 6, 54], []
[2025-01-29 23:54:25,332][__main__][INFO] - [0, 6, 55], []
[2025-01-29 23:54:25,350][__main__][INFO] - [0, 6, 56], []
[2025-01-29 23:54:25,367][__main__][INFO] - [0, 6, 57], []
[2025-01-29 23:54:25,385][__main__][INFO] - [0, 6, 58], []
[2025-01-29 23:54:25,402][__main__][INFO] - [0, 6, 59], []
[2025-01-29 23:54:25,434][__main__][INFO] - [0, 7, 10], []
[2025-01-29 23:54:25,450][__main__][INFO] - [0, 7, 11], []
[2025-01-29 23:54:25,467][__main__][INFO] - [0, 7, 12], []
[2025-01-29 23:54:25,483][__main__][INFO] - [0, 7, 13], []
[2025-01-29 23:54:25,500][__main__][INFO] - [0, 7, 14], []
[2025-01-29 23:54:25,517][__main__][INFO] - [0, 7, 15], []
[2025-01-29 23:54:25,533][__main__][INFO] - [0, 7, 16], []
[2025-01-29 23:54:25,550][__main__][INFO] - [0, 7, 17], []
[2025-01-29 23:54:25,567][__main__][INFO] - [0, 7, 18], []
[2025-01-29 23:54:25,597][__main__][INFO] - [0, 7, 20], []
[2025-01-29 23:54:25,671][__main__][INFO] - [0, 7, 25], []
[2025-01-29 23:54:25,687][__main__][INFO] - [0, 7, 26], []
[2025-01-29 23:54:25,704][__main__][INFO] - [0, 7], [26]
[2025-01-29 23:54:25,721][__main__][INFO] - [0, 7, 27], []
[2025-01-29 23:54:25,737][__main__][INFO] - [0, 7, 28], []
[2025-01-29 23:54:25,753][__main__][INFO] - [0, 7, 29], []
[2025-01-29 23:54:25,784][__main__][INFO] - [0, 7, 31], []
[2025-01-29 23:54:25,800][__main__][INFO] - [0, 7, 32], []
[2025-01-29 23:54:25,859][__main__][INFO] - [0, 7, 36], []
[2025-01-29 23:54:25,875][__main__][INFO] - [0, 7, 37], []
[2025-01-29 23:54:25,892][__main__][INFO] - [0, 7, 38], []
[2025-01-29 23:54:25,908][__main__][INFO] - [0, 7, 39], []
[2025-01-29 23:54:25,939][__main__][INFO] - [0, 7, 41], []
[2025-01-29 23:54:25,956][__main__][INFO] - [0, 7], [41]
[2025-01-29 23:54:25,987][__main__][INFO] - [0, 7], [42]
[2025-01-29 23:54:26,017][__main__][INFO] - [0, 7], [43]
[2025-01-29 23:54:26,034][__main__][INFO] - [0, 7, 44], []
[2025-01-29 23:54:26,050][__main__][INFO] - [0, 7, 45], []
[2025-01-29 23:54:26,066][__main__][INFO] - [0, 7, 46], []
[2025-01-29 23:54:26,083][__main__][INFO] - [0, 7, 47], []
[2025-01-29 23:54:26,099][__main__][INFO] - [0, 7, 48], []
[2025-01-29 23:54:26,130][__main__][INFO] - [0, 7, 50], []
[2025-01-29 23:54:26,146][__main__][INFO] - [0, 7, 51], []
[2025-01-29 23:54:26,163][__main__][INFO] - [0, 7, 52], []
[2025-01-29 23:54:26,179][__main__][INFO] - [0, 7, 53], []
[2025-01-29 23:54:26,196][__main__][INFO] - [0, 7, 54], []
[2025-01-29 23:54:26,212][__main__][INFO] - [0, 7, 55], []
[2025-01-29 23:54:26,229][__main__][INFO] - [0, 7, 56], []
[2025-01-29 23:54:26,245][__main__][INFO] - [0, 7, 57], []
[2025-01-29 23:54:26,261][__main__][INFO] - [0, 7, 58], []
[2025-01-29 23:54:26,278][__main__][INFO] - [0, 7, 59], []
[2025-01-29 23:54:26,308][__main__][INFO] - [0, 8, 10], []
[2025-01-29 23:54:26,325][__main__][INFO] - [0, 8, 11], []
[2025-01-29 23:54:26,343][__main__][INFO] - [0, 8, 12], []
[2025-01-29 23:54:26,360][__main__][INFO] - [0, 8, 13], []
[2025-01-29 23:54:26,376][__main__][INFO] - [0, 8, 14], []
[2025-01-29 23:54:26,394][__main__][INFO] - [0, 8, 15], []
[2025-01-29 23:54:26,410][__main__][INFO] - [0, 8, 16], []
[2025-01-29 23:54:26,427][__main__][INFO] - [0, 8, 17], []
[2025-01-29 23:54:26,472][__main__][INFO] - [0, 8, 20], []
[2025-01-29 23:54:26,506][__main__][INFO] - [0, 8, 22], []
[2025-01-29 23:54:26,565][__main__][INFO] - [0, 8, 26], []
[2025-01-29 23:54:26,583][__main__][INFO] - [0, 8], [26]
[2025-01-29 23:54:26,602][__main__][INFO] - [0, 8, 27], []
[2025-01-29 23:54:26,620][__main__][INFO] - [0, 8, 28], []
[2025-01-29 23:54:26,637][__main__][INFO] - [0, 8, 29], []
[2025-01-29 23:54:26,683][__main__][INFO] - [0, 8, 32], []
[2025-01-29 23:54:26,744][__main__][INFO] - [0, 8, 36], []
[2025-01-29 23:54:26,762][__main__][INFO] - [0, 8, 37], []
[2025-01-29 23:54:26,780][__main__][INFO] - [0, 8, 38], []
[2025-01-29 23:54:26,797][__main__][INFO] - [0, 8, 39], []
[2025-01-29 23:54:26,828][__main__][INFO] - [0, 8, 41], []
[2025-01-29 23:54:26,845][__main__][INFO] - [0, 8], [41]
[2025-01-29 23:54:26,878][__main__][INFO] - [0, 8], [42]
[2025-01-29 23:54:26,911][__main__][INFO] - [0, 8], [43]
[2025-01-29 23:54:26,931][__main__][INFO] - [0, 8, 44], []
[2025-01-29 23:54:26,964][__main__][INFO] - [0, 8, 46], []
[2025-01-29 23:54:26,980][__main__][INFO] - [0, 8, 47], []
[2025-01-29 23:54:26,998][__main__][INFO] - [0, 8, 48], []
[2025-01-29 23:54:27,030][__main__][INFO] - [0, 8, 50], []
[2025-01-29 23:54:27,048][__main__][INFO] - [0, 8, 51], []
[2025-01-29 23:54:27,064][__main__][INFO] - [0, 8, 52], []
[2025-01-29 23:54:27,081][__main__][INFO] - [0, 8, 53], []
[2025-01-29 23:54:27,098][__main__][INFO] - [0, 8, 54], []
[2025-01-29 23:54:27,116][__main__][INFO] - [0, 8, 55], []
[2025-01-29 23:54:27,132][__main__][INFO] - [0, 8, 56], []
[2025-01-29 23:54:27,150][__main__][INFO] - [0, 8, 57], []
[2025-01-29 23:54:27,167][__main__][INFO] - [0, 8, 58], []
[2025-01-29 23:54:27,184][__main__][INFO] - [0, 8, 59], []
[2025-01-29 23:54:27,228][__main__][INFO] - [0, 10, 20], []
[2025-01-29 23:54:27,343][__main__][INFO] - [0, 10, 21], []
[2025-01-29 23:54:27,363][__main__][INFO] - [0, 10, 22], []
[2025-01-29 23:54:27,382][__main__][INFO] - [0, 10, 23], []
[2025-01-29 23:54:27,398][__main__][INFO] - [0, 10, 24], []
[2025-01-29 23:54:27,415][__main__][INFO] - [0, 10, 25], []
[2025-01-29 23:54:27,432][__main__][INFO] - [0, 10, 26], []
[2025-01-29 23:54:27,451][__main__][INFO] - [0, 10], [26]
[2025-01-29 23:54:27,574][__main__][INFO] - [0, 10, 27], []
[2025-01-29 23:54:27,690][__main__][INFO] - [0, 10, 28], []
[2025-01-29 23:54:27,707][__main__][INFO] - [0, 10, 29], []
[2025-01-29 23:54:27,725][__main__][INFO] - [0, 10, 30], []
[2025-01-29 23:54:27,814][__main__][INFO] - [0, 10, 36], []
[2025-01-29 23:54:27,938][__main__][INFO] - [0, 10, 37], []
[2025-01-29 23:54:28,004][__main__][INFO] - [0, 10, 38], []
[2025-01-29 23:54:28,047][__main__][INFO] - [0, 10, 39], []
[2025-01-29 23:54:28,083][__main__][INFO] - [0, 10, 40], []
[2025-01-29 23:54:28,101][__main__][INFO] - [0, 10, 41], []
[2025-01-29 23:54:28,121][__main__][INFO] - [0, 10], [41]
[2025-01-29 23:54:28,239][__main__][INFO] - [0, 10, 42], []
[2025-01-29 23:54:28,257][__main__][INFO] - [0, 10], [42]
[2025-01-29 23:54:28,381][__main__][INFO] - [0, 10, 43], []
[2025-01-29 23:54:28,399][__main__][INFO] - [0, 10], [43]
[2025-01-29 23:54:28,520][__main__][INFO] - [0, 10, 44], []
[2025-01-29 23:54:28,587][__main__][INFO] - [0, 10, 45], []
[2025-01-29 23:54:28,606][__main__][INFO] - [0, 10, 46], []
[2025-01-29 23:54:28,669][__main__][INFO] - [0, 10, 47], []
[2025-01-29 23:54:28,818][__main__][INFO] - [0, 10, 50], []
[2025-01-29 23:54:28,841][__main__][INFO] - [0, 10, 51], []
[2025-01-29 23:54:28,864][__main__][INFO] - [0, 10, 52], []
[2025-01-29 23:54:28,888][__main__][INFO] - [0, 10, 53], []
[2025-01-29 23:54:28,913][__main__][INFO] - [0, 10, 54], []
[2025-01-29 23:54:28,934][__main__][INFO] - [0, 10, 55], []
[2025-01-29 23:54:28,956][__main__][INFO] - [0, 10, 56], []
[2025-01-29 23:54:28,977][__main__][INFO] - [0, 10, 57], []
[2025-01-29 23:54:28,998][__main__][INFO] - [0, 10, 58], []
[2025-01-29 23:54:29,018][__main__][INFO] - [0, 10, 59], []
[2025-01-29 23:54:29,076][__main__][INFO] - [0, 11, 20], []
[2025-01-29 23:54:29,198][__main__][INFO] - [0, 11, 21], []
[2025-01-29 23:54:29,220][__main__][INFO] - [0, 11, 22], []
[2025-01-29 23:54:29,241][__main__][INFO] - [0, 11, 23], []
[2025-01-29 23:54:29,259][__main__][INFO] - [0, 11, 24], []
[2025-01-29 23:54:29,290][__main__][INFO] - [0, 11, 26], []
[2025-01-29 23:54:29,311][__main__][INFO] - [0, 11], [26]
[2025-01-29 23:54:29,438][__main__][INFO] - [0, 11, 27], []
[2025-01-29 23:54:29,560][__main__][INFO] - [0, 11, 28], []
[2025-01-29 23:54:29,577][__main__][INFO] - [0, 11, 29], []
[2025-01-29 23:54:29,597][__main__][INFO] - [0, 11, 30], []
[2025-01-29 23:54:29,616][__main__][INFO] - [0, 11, 31], []
[2025-01-29 23:54:29,632][__main__][INFO] - [0, 11, 32], []
[2025-01-29 23:54:29,716][__main__][INFO] - [0, 11, 36], []
[2025-01-29 23:54:29,817][__main__][INFO] - [0, 11, 37], []
[2025-01-29 23:54:29,894][__main__][INFO] - [0, 11, 38], []
[2025-01-29 23:54:29,936][__main__][INFO] - [0, 11, 39], []
[2025-01-29 23:54:29,971][__main__][INFO] - [0, 11, 40], []
[2025-01-29 23:54:29,989][__main__][INFO] - [0, 11, 41], []
[2025-01-29 23:54:30,013][__main__][INFO] - [0, 11], [41]
[2025-01-29 23:54:30,138][__main__][INFO] - [0, 11, 42], []
[2025-01-29 23:54:30,156][__main__][INFO] - [0, 11], [42]
[2025-01-29 23:54:30,288][__main__][INFO] - [0, 11, 43], []
[2025-01-29 23:54:30,306][__main__][INFO] - [0, 11], [43]
[2025-01-29 23:54:30,437][__main__][INFO] - [0, 11, 44], []
[2025-01-29 23:54:30,565][__main__][INFO] - [0, 11, 45], []
[2025-01-29 23:54:30,599][__main__][INFO] - [0, 11, 47], []
[2025-01-29 23:54:30,671][__main__][INFO] - [0, 11, 48], []
[2025-01-29 23:54:30,738][__main__][INFO] - [0, 11, 49], []
[2025-01-29 23:54:30,755][__main__][INFO] - [0, 11, 50], []
[2025-01-29 23:54:30,782][__main__][INFO] - [0, 11, 51], []
[2025-01-29 23:54:30,805][__main__][INFO] - [0, 11, 52], []
[2025-01-29 23:54:30,828][__main__][INFO] - [0, 11, 53], []
[2025-01-29 23:54:30,853][__main__][INFO] - [0, 11, 54], []
[2025-01-29 23:54:30,876][__main__][INFO] - [0, 11, 55], []
[2025-01-29 23:54:30,898][__main__][INFO] - [0, 11, 56], []
[2025-01-29 23:54:30,920][__main__][INFO] - [0, 11, 57], []
[2025-01-29 23:54:30,940][__main__][INFO] - [0, 11, 58], []
[2025-01-29 23:54:30,960][__main__][INFO] - [0, 11, 59], []
[2025-01-29 23:54:31,017][__main__][INFO] - [0, 12, 20], []
[2025-01-29 23:54:31,140][__main__][INFO] - [0, 12, 21], []
[2025-01-29 23:54:31,165][__main__][INFO] - [0, 12, 22], []
[2025-01-29 23:54:31,191][__main__][INFO] - [0, 12, 23], []
[2025-01-29 23:54:31,209][__main__][INFO] - [0, 12, 24], []
[2025-01-29 23:54:31,226][__main__][INFO] - [0, 12, 25], []
[2025-01-29 23:54:31,243][__main__][INFO] - [0, 12, 26], []
[2025-01-29 23:54:31,266][__main__][INFO] - [0, 12], [26]
[2025-01-29 23:54:31,405][__main__][INFO] - [0, 12, 27], []
[2025-01-29 23:54:31,525][__main__][INFO] - [0, 12, 28], []
[2025-01-29 23:54:31,555][__main__][INFO] - [0, 12, 29], []
[2025-01-29 23:54:31,572][__main__][INFO] - [0, 12, 30], []
[2025-01-29 23:54:31,589][__main__][INFO] - [0, 12, 31], []
[2025-01-29 23:54:31,605][__main__][INFO] - [0, 12, 32], []
[2025-01-29 23:54:31,748][__main__][INFO] - [0, 12, 33], []
[2025-01-29 23:54:31,765][__main__][INFO] - [0, 12, 34], []
[2025-01-29 23:54:31,783][__main__][INFO] - [0, 12, 35], []
[2025-01-29 23:54:31,814][__main__][INFO] - [0, 12, 37], []
[2025-01-29 23:54:31,905][__main__][INFO] - [0, 12, 38], []
[2025-01-29 23:54:31,948][__main__][INFO] - [0, 12, 39], []
[2025-01-29 23:54:31,983][__main__][INFO] - [0, 12, 40], []
[2025-01-29 23:54:32,001][__main__][INFO] - [0, 12, 41], []
[2025-01-29 23:54:32,037][__main__][INFO] - [0, 12], [41]
[2025-01-29 23:54:32,162][__main__][INFO] - [0, 12, 42], []
[2025-01-29 23:54:32,180][__main__][INFO] - [0, 12], [42]
[2025-01-29 23:54:32,325][__main__][INFO] - [0, 12, 43], []
[2025-01-29 23:54:32,344][__main__][INFO] - [0, 12], [43]
[2025-01-29 23:54:32,488][__main__][INFO] - [0, 12, 44], []
[2025-01-29 23:54:32,630][__main__][INFO] - [0, 12, 45], []
[2025-01-29 23:54:32,679][__main__][INFO] - [0, 12, 48], []
[2025-01-29 23:54:32,815][__main__][INFO] - [0, 12, 49], []
[2025-01-29 23:54:32,838][__main__][INFO] - [0, 12, 50], []
[2025-01-29 23:54:32,870][__main__][INFO] - [0, 12, 51], []
[2025-01-29 23:54:32,893][__main__][INFO] - [0, 12, 52], []
[2025-01-29 23:54:32,917][__main__][INFO] - [0, 12, 53], []
[2025-01-29 23:54:32,942][__main__][INFO] - [0, 12, 54], []
[2025-01-29 23:54:32,966][__main__][INFO] - [0, 12, 55], []
[2025-01-29 23:54:32,989][__main__][INFO] - [0, 12, 56], []
[2025-01-29 23:54:33,011][__main__][INFO] - [0, 12, 57], []
[2025-01-29 23:54:33,033][__main__][INFO] - [0, 12, 58], []
[2025-01-29 23:54:33,053][__main__][INFO] - [0, 12, 59], []
[2025-01-29 23:54:33,109][__main__][INFO] - [0, 13, 20], []
[2025-01-29 23:54:33,213][__main__][INFO] - [0, 13, 21], []
[2025-01-29 23:54:33,243][__main__][INFO] - [0, 13, 22], []
[2025-01-29 23:54:33,276][__main__][INFO] - [0, 13, 23], []
[2025-01-29 23:54:33,296][__main__][INFO] - [0, 13, 24], []
[2025-01-29 23:54:33,313][__main__][INFO] - [0, 13, 25], []
[2025-01-29 23:54:33,330][__main__][INFO] - [0, 13, 26], []
[2025-01-29 23:54:33,353][__main__][INFO] - [0, 13], [26]
[2025-01-29 23:54:33,486][__main__][INFO] - [0, 13, 27], []
[2025-01-29 23:54:33,586][__main__][INFO] - [0, 13, 28], []
[2025-01-29 23:54:33,623][__main__][INFO] - [0, 13, 29], []
[2025-01-29 23:54:33,653][__main__][INFO] - [0, 13, 30], []
[2025-01-29 23:54:33,672][__main__][INFO] - [0, 13, 31], []
[2025-01-29 23:54:33,690][__main__][INFO] - [0, 13, 32], []
[2025-01-29 23:54:33,837][__main__][INFO] - [0, 13, 33], []
[2025-01-29 23:54:33,856][__main__][INFO] - [0, 13, 34], []
[2025-01-29 23:54:33,874][__main__][INFO] - [0, 13, 35], []
[2025-01-29 23:54:33,905][__main__][INFO] - [0, 13, 37], []
[2025-01-29 23:54:33,991][__main__][INFO] - [0, 13, 38], []
[2025-01-29 23:54:34,033][__main__][INFO] - [0, 13, 39], []
[2025-01-29 23:54:34,065][__main__][INFO] - [0, 13, 40], []
[2025-01-29 23:54:34,084][__main__][INFO] - [0, 13, 41], []
[2025-01-29 23:54:34,135][__main__][INFO] - [0, 13], [41]
[2025-01-29 23:54:34,238][__main__][INFO] - [0, 13, 42], []
[2025-01-29 23:54:34,257][__main__][INFO] - [0, 13], [42]
[2025-01-29 23:54:34,398][__main__][INFO] - [0, 13, 43], []
[2025-01-29 23:54:34,416][__main__][INFO] - [0, 13], [43]
[2025-01-29 23:54:34,559][__main__][INFO] - [0, 13, 44], []
[2025-01-29 23:54:34,697][__main__][INFO] - [0, 13, 45], []
[2025-01-29 23:54:34,745][__main__][INFO] - [0, 13, 48], []
[2025-01-29 23:54:34,873][__main__][INFO] - [0, 13, 49], []
[2025-01-29 23:54:34,900][__main__][INFO] - [0, 13, 50], []
[2025-01-29 23:54:34,923][__main__][INFO] - [0, 13, 51], []
[2025-01-29 23:54:34,945][__main__][INFO] - [0, 13, 52], []
[2025-01-29 23:54:34,968][__main__][INFO] - [0, 13, 53], []
[2025-01-29 23:54:34,991][__main__][INFO] - [0, 13, 54], []
[2025-01-29 23:54:35,013][__main__][INFO] - [0, 13, 55], []
[2025-01-29 23:54:35,035][__main__][INFO] - [0, 13, 56], []
[2025-01-29 23:54:35,057][__main__][INFO] - [0, 13, 57], []
[2025-01-29 23:54:35,079][__main__][INFO] - [0, 13, 58], []
[2025-01-29 23:54:35,101][__main__][INFO] - [0, 13, 59], []
[2025-01-29 23:54:35,172][__main__][INFO] - [0, 14, 20], []
[2025-01-29 23:54:35,263][__main__][INFO] - [0, 14, 21], []
[2025-01-29 23:54:35,281][__main__][INFO] - [0, 14, 22], []
[2025-01-29 23:54:35,299][__main__][INFO] - [0, 14, 23], []
[2025-01-29 23:54:35,316][__main__][INFO] - [0, 14, 24], []
[2025-01-29 23:54:35,333][__main__][INFO] - [0, 14, 25], []
[2025-01-29 23:54:35,350][__main__][INFO] - [0, 14, 26], []
[2025-01-29 23:54:35,375][__main__][INFO] - [0, 14], [26]
[2025-01-29 23:54:35,509][__main__][INFO] - [0, 14, 27], []
[2025-01-29 23:54:35,595][__main__][INFO] - [0, 14, 28], []
[2025-01-29 23:54:35,612][__main__][INFO] - [0, 14, 29], []
[2025-01-29 23:54:35,629][__main__][INFO] - [0, 14, 30], []
[2025-01-29 23:54:35,646][__main__][INFO] - [0, 14, 31], []
[2025-01-29 23:54:35,663][__main__][INFO] - [0, 14, 32], []
[2025-01-29 23:54:35,806][__main__][INFO] - [0, 14, 33], []
[2025-01-29 23:54:35,838][__main__][INFO] - [0, 14, 35], []
[2025-01-29 23:54:35,870][__main__][INFO] - [0, 14, 37], []
[2025-01-29 23:54:35,964][__main__][INFO] - [0, 14, 38], []
[2025-01-29 23:54:36,003][__main__][INFO] - [0, 14, 39], []
[2025-01-29 23:54:36,035][__main__][INFO] - [0, 14, 40], []
[2025-01-29 23:54:36,054][__main__][INFO] - [0, 14, 41], []
[2025-01-29 23:54:36,071][__main__][INFO] - [0, 14], [41]
[2025-01-29 23:54:36,159][__main__][INFO] - [0, 14, 42], []
[2025-01-29 23:54:36,178][__main__][INFO] - [0, 14], [42]
[2025-01-29 23:54:36,321][__main__][INFO] - [0, 14, 43], []
[2025-01-29 23:54:36,341][__main__][INFO] - [0, 14], [43]
[2025-01-29 23:54:36,482][__main__][INFO] - [0, 14, 44], []
[2025-01-29 23:54:36,632][__main__][INFO] - [0, 14, 45], []
[2025-01-29 23:54:36,681][__main__][INFO] - [0, 14, 48], []
[2025-01-29 23:54:36,823][__main__][INFO] - [0, 14, 49], []
[2025-01-29 23:54:36,844][__main__][INFO] - [0, 14, 50], []
[2025-01-29 23:54:36,867][__main__][INFO] - [0, 14, 51], []
[2025-01-29 23:54:36,889][__main__][INFO] - [0, 14, 52], []
[2025-01-29 23:54:36,911][__main__][INFO] - [0, 14, 53], []
[2025-01-29 23:54:36,935][__main__][INFO] - [0, 14, 54], []
[2025-01-29 23:54:36,957][__main__][INFO] - [0, 14, 55], []
[2025-01-29 23:54:36,980][__main__][INFO] - [0, 14, 56], []
[2025-01-29 23:54:37,002][__main__][INFO] - [0, 14, 57], []
[2025-01-29 23:54:37,023][__main__][INFO] - [0, 14, 58], []
[2025-01-29 23:54:37,044][__main__][INFO] - [0, 14, 59], []
[2025-01-29 23:54:37,121][__main__][INFO] - [0, 15, 20], []
[2025-01-29 23:54:37,212][__main__][INFO] - [0, 15, 21], []
[2025-01-29 23:54:37,249][__main__][INFO] - [0, 15, 22], []
[2025-01-29 23:54:37,290][__main__][INFO] - [0, 15, 23], []
[2025-01-29 23:54:37,310][__main__][INFO] - [0, 15, 24], []
[2025-01-29 23:54:37,327][__main__][INFO] - [0, 15, 25], []
[2025-01-29 23:54:37,344][__main__][INFO] - [0, 15, 26], []
[2025-01-29 23:54:37,374][__main__][INFO] - [0, 15], [26]
[2025-01-29 23:54:37,502][__main__][INFO] - [0, 15, 27], []
[2025-01-29 23:54:37,593][__main__][INFO] - [0, 15, 28], []
[2025-01-29 23:54:37,627][__main__][INFO] - [0, 15, 29], []
[2025-01-29 23:54:37,674][__main__][INFO] - [0, 15, 30], []
[2025-01-29 23:54:37,693][__main__][INFO] - [0, 15, 31], []
[2025-01-29 23:54:37,709][__main__][INFO] - [0, 15, 32], []
[2025-01-29 23:54:37,857][__main__][INFO] - [0, 15, 33], []
[2025-01-29 23:54:37,889][__main__][INFO] - [0, 15, 35], []
[2025-01-29 23:54:37,920][__main__][INFO] - [0, 15, 37], []
[2025-01-29 23:54:38,013][__main__][INFO] - [0, 15, 38], []
[2025-01-29 23:54:38,055][__main__][INFO] - [0, 15, 39], []
[2025-01-29 23:54:38,086][__main__][INFO] - [0, 15, 40], []
[2025-01-29 23:54:38,104][__main__][INFO] - [0, 15, 41], []
[2025-01-29 23:54:38,170][__main__][INFO] - [0, 15], [41]
[2025-01-29 23:54:38,263][__main__][INFO] - [0, 15, 42], []
[2025-01-29 23:54:38,282][__main__][INFO] - [0, 15], [42]
[2025-01-29 23:54:38,430][__main__][INFO] - [0, 15, 43], []
[2025-01-29 23:54:38,450][__main__][INFO] - [0, 15], [43]
[2025-01-29 23:54:38,594][__main__][INFO] - [0, 15, 44], []
[2025-01-29 23:54:38,736][__main__][INFO] - [0, 15, 45], []
[2025-01-29 23:54:38,773][__main__][INFO] - [0, 15, 47], []
[2025-01-29 23:54:38,872][__main__][INFO] - [0, 15, 48], []
[2025-01-29 23:54:38,927][__main__][INFO] - [0, 15, 49], []
[2025-01-29 23:54:38,944][__main__][INFO] - [0, 15, 50], []
[2025-01-29 23:54:38,966][__main__][INFO] - [0, 15, 51], []
[2025-01-29 23:54:38,987][__main__][INFO] - [0, 15, 52], []
[2025-01-29 23:54:39,008][__main__][INFO] - [0, 15, 53], []
[2025-01-29 23:54:39,031][__main__][INFO] - [0, 15, 54], []
[2025-01-29 23:54:39,053][__main__][INFO] - [0, 15, 55], []
[2025-01-29 23:54:39,076][__main__][INFO] - [0, 15, 56], []
[2025-01-29 23:54:39,098][__main__][INFO] - [0, 15, 57], []
[2025-01-29 23:54:39,120][__main__][INFO] - [0, 15, 58], []
[2025-01-29 23:54:39,141][__main__][INFO] - [0, 15, 59], []
[2025-01-29 23:54:39,224][__main__][INFO] - [0, 16, 20], []
[2025-01-29 23:54:39,323][__main__][INFO] - [0, 16, 21], []
[2025-01-29 23:54:39,341][__main__][INFO] - [0, 16, 22], []
[2025-01-29 23:54:39,375][__main__][INFO] - [0, 16, 23], []
[2025-01-29 23:54:39,395][__main__][INFO] - [0, 16, 24], []
[2025-01-29 23:54:39,412][__main__][INFO] - [0, 16, 25], []
[2025-01-29 23:54:39,428][__main__][INFO] - [0, 16, 26], []
[2025-01-29 23:54:39,467][__main__][INFO] - [0, 16], [26]
[2025-01-29 23:54:39,589][__main__][INFO] - [0, 16, 27], []
[2025-01-29 23:54:39,689][__main__][INFO] - [0, 16, 28], []
[2025-01-29 23:54:39,716][__main__][INFO] - [0, 16, 29], []
[2025-01-29 23:54:39,761][__main__][INFO] - [0, 16, 30], []
[2025-01-29 23:54:39,780][__main__][INFO] - [0, 16, 31], []
[2025-01-29 23:54:39,797][__main__][INFO] - [0, 16, 32], []
[2025-01-29 23:54:39,940][__main__][INFO] - [0, 16, 33], []
[2025-01-29 23:54:39,973][__main__][INFO] - [0, 16, 35], []
[2025-01-29 23:54:40,005][__main__][INFO] - [0, 16, 37], []
[2025-01-29 23:54:40,096][__main__][INFO] - [0, 16, 38], []
[2025-01-29 23:54:40,142][__main__][INFO] - [0, 16, 39], []
[2025-01-29 23:54:40,170][__main__][INFO] - [0, 16, 40], []
[2025-01-29 23:54:40,189][__main__][INFO] - [0, 16, 41], []
[2025-01-29 23:54:40,245][__main__][INFO] - [0, 16], [41]
[2025-01-29 23:54:40,349][__main__][INFO] - [0, 16, 42], []
[2025-01-29 23:54:40,370][__main__][INFO] - [0, 16], [42]
[2025-01-29 23:54:40,515][__main__][INFO] - [0, 16, 43], []
[2025-01-29 23:54:40,537][__main__][INFO] - [0, 16], [43]
[2025-01-29 23:54:40,679][__main__][INFO] - [0, 16, 44], []
[2025-01-29 23:54:40,816][__main__][INFO] - [0, 16, 45], []
[2025-01-29 23:54:40,854][__main__][INFO] - [0, 16, 47], []
[2025-01-29 23:54:41,031][__main__][INFO] - [0, 16, 50], []
[2025-01-29 23:54:41,053][__main__][INFO] - [0, 16, 51], []
[2025-01-29 23:54:41,075][__main__][INFO] - [0, 16, 52], []
[2025-01-29 23:54:41,096][__main__][INFO] - [0, 16, 53], []
[2025-01-29 23:54:41,118][__main__][INFO] - [0, 16, 54], []
[2025-01-29 23:54:41,140][__main__][INFO] - [0, 16, 55], []
[2025-01-29 23:54:41,162][__main__][INFO] - [0, 16, 56], []
[2025-01-29 23:54:41,184][__main__][INFO] - [0, 16, 57], []
[2025-01-29 23:54:41,204][__main__][INFO] - [0, 16, 58], []
[2025-01-29 23:54:41,225][__main__][INFO] - [0, 16, 59], []
[2025-01-29 23:54:41,309][__main__][INFO] - [0, 17, 20], []
[2025-01-29 23:54:41,399][__main__][INFO] - [0, 17, 21], []
[2025-01-29 23:54:41,416][__main__][INFO] - [0, 17, 22], []
[2025-01-29 23:54:41,445][__main__][INFO] - [0, 17, 23], []
[2025-01-29 23:54:41,464][__main__][INFO] - [0, 17, 24], []
[2025-01-29 23:54:41,481][__main__][INFO] - [0, 17, 25], []
[2025-01-29 23:54:41,497][__main__][INFO] - [0, 17, 26], []
[2025-01-29 23:54:41,541][__main__][INFO] - [0, 17], [26]
[2025-01-29 23:54:41,637][__main__][INFO] - [0, 17, 27], []
[2025-01-29 23:54:41,727][__main__][INFO] - [0, 17, 28], []
[2025-01-29 23:54:41,744][__main__][INFO] - [0, 17, 29], []
[2025-01-29 23:54:41,785][__main__][INFO] - [0, 17, 30], []
[2025-01-29 23:54:41,802][__main__][INFO] - [0, 17, 31], []
[2025-01-29 23:54:41,819][__main__][INFO] - [0, 17, 32], []
[2025-01-29 23:54:41,946][__main__][INFO] - [0, 17, 33], []
[2025-01-29 23:54:41,979][__main__][INFO] - [0, 17, 35], []
[2025-01-29 23:54:42,010][__main__][INFO] - [0, 17, 37], []
[2025-01-29 23:54:42,088][__main__][INFO] - [0, 17, 38], []
[2025-01-29 23:54:42,131][__main__][INFO] - [0, 17, 39], []
[2025-01-29 23:54:42,158][__main__][INFO] - [0, 17, 40], []
[2025-01-29 23:54:42,176][__main__][INFO] - [0, 17, 41], []
[2025-01-29 23:54:42,222][__main__][INFO] - [0, 17], [41]
[2025-01-29 23:54:42,314][__main__][INFO] - [0, 17, 42], []
[2025-01-29 23:54:42,337][__main__][INFO] - [0, 17], [42]
[2025-01-29 23:54:42,455][__main__][INFO] - [0, 17, 43], []
[2025-01-29 23:54:42,476][__main__][INFO] - [0, 17], [43]
[2025-01-29 23:54:42,599][__main__][INFO] - [0, 17, 44], []
[2025-01-29 23:54:42,720][__main__][INFO] - [0, 17, 45], []
[2025-01-29 23:54:42,758][__main__][INFO] - [0, 17, 47], []
[2025-01-29 23:54:42,913][__main__][INFO] - [0, 17, 50], []
[2025-01-29 23:54:42,934][__main__][INFO] - [0, 17, 51], []
[2025-01-29 23:54:42,956][__main__][INFO] - [0, 17, 52], []
[2025-01-29 23:54:42,978][__main__][INFO] - [0, 17, 53], []
[2025-01-29 23:54:43,000][__main__][INFO] - [0, 17, 54], []
[2025-01-29 23:54:43,022][__main__][INFO] - [0, 17, 55], []
[2025-01-29 23:54:43,043][__main__][INFO] - [0, 17, 56], []
[2025-01-29 23:54:43,065][__main__][INFO] - [0, 17, 57], []
[2025-01-29 23:54:43,085][__main__][INFO] - [0, 17, 58], []
[2025-01-29 23:54:43,106][__main__][INFO] - [0, 17, 59], []
[2025-01-29 23:54:43,173][__main__][INFO] - [0, 18, 20], []
[2025-01-29 23:54:43,224][__main__][INFO] - [0, 18, 21], []
[2025-01-29 23:54:43,240][__main__][INFO] - [0, 18, 22], []
[2025-01-29 23:54:43,257][__main__][INFO] - [0, 18, 23], []
[2025-01-29 23:54:43,276][__main__][INFO] - [0, 18, 24], []
[2025-01-29 23:54:43,293][__main__][INFO] - [0, 18, 25], []
[2025-01-29 23:54:43,309][__main__][INFO] - [0, 18, 26], []
[2025-01-29 23:54:43,348][__main__][INFO] - [0, 18], [26]
[2025-01-29 23:54:43,390][__main__][INFO] - [0, 18, 27], []
[2025-01-29 23:54:43,439][__main__][INFO] - [0, 18, 28], []
[2025-01-29 23:54:43,461][__main__][INFO] - [0, 18, 29], []
[2025-01-29 23:54:43,489][__main__][INFO] - [0, 18, 30], []
[2025-01-29 23:54:43,506][__main__][INFO] - [0, 18, 31], []
[2025-01-29 23:54:43,523][__main__][INFO] - [0, 18, 32], []
[2025-01-29 23:54:43,590][__main__][INFO] - [0, 18, 33], []
[2025-01-29 23:54:43,650][__main__][INFO] - [0, 18, 37], []
[2025-01-29 23:54:43,695][__main__][INFO] - [0, 18, 38], []
[2025-01-29 23:54:43,722][__main__][INFO] - [0, 18, 39], []
[2025-01-29 23:54:43,745][__main__][INFO] - [0, 18, 40], []
[2025-01-29 23:54:43,762][__main__][INFO] - [0, 18, 41], []
[2025-01-29 23:54:43,794][__main__][INFO] - [0, 18], [41]
[2025-01-29 23:54:43,843][__main__][INFO] - [0, 18, 42], []
[2025-01-29 23:54:43,866][__main__][INFO] - [0, 18], [42]
[2025-01-29 23:54:43,924][__main__][INFO] - [0, 18, 43], []
[2025-01-29 23:54:43,946][__main__][INFO] - [0, 18], [43]
[2025-01-29 23:54:44,007][__main__][INFO] - [0, 18, 44], []
[2025-01-29 23:54:44,066][__main__][INFO] - [0, 18, 45], []
[2025-01-29 23:54:44,103][__main__][INFO] - [0, 18, 47], []
[2025-01-29 23:54:44,198][__main__][INFO] - [0, 18, 50], []
[2025-01-29 23:54:44,219][__main__][INFO] - [0, 18, 51], []
[2025-01-29 23:54:44,239][__main__][INFO] - [0, 18, 52], []
[2025-01-29 23:54:44,259][__main__][INFO] - [0, 18, 53], []
[2025-01-29 23:54:44,279][__main__][INFO] - [0, 18, 54], []
[2025-01-29 23:54:44,299][__main__][INFO] - [0, 18, 55], []
[2025-01-29 23:54:44,318][__main__][INFO] - [0, 18, 56], []
[2025-01-29 23:54:44,337][__main__][INFO] - [0, 18, 57], []
[2025-01-29 23:54:44,355][__main__][INFO] - [0, 18, 58], []
[2025-01-29 23:54:44,374][__main__][INFO] - [0, 18, 59], []
[2025-01-29 23:54:44,416][__main__][INFO] - [0, 19, 20], []
[2025-01-29 23:54:44,455][__main__][INFO] - [0, 19, 21], []
[2025-01-29 23:54:44,472][__main__][INFO] - [0, 19, 22], []
[2025-01-29 23:54:44,488][__main__][INFO] - [0, 19, 23], []
[2025-01-29 23:54:44,507][__main__][INFO] - [0, 19, 24], []
[2025-01-29 23:54:44,537][__main__][INFO] - [0, 19, 26], []
[2025-01-29 23:54:44,576][__main__][INFO] - [0, 19], [26]
[2025-01-29 23:54:44,599][__main__][INFO] - [0, 19, 27], []
[2025-01-29 23:54:44,636][__main__][INFO] - [0, 19, 28], []
[2025-01-29 23:54:44,653][__main__][INFO] - [0, 19, 29], []
[2025-01-29 23:54:44,676][__main__][INFO] - [0, 19, 30], []
[2025-01-29 23:54:44,707][__main__][INFO] - [0, 19, 32], []
[2025-01-29 23:54:44,752][__main__][INFO] - [0, 19, 33], []
[2025-01-29 23:54:44,813][__main__][INFO] - [0, 19, 37], []
[2025-01-29 23:54:44,846][__main__][INFO] - [0, 19, 38], []
[2025-01-29 23:54:44,868][__main__][INFO] - [0, 19, 39], []
[2025-01-29 23:54:44,890][__main__][INFO] - [0, 19, 40], []
[2025-01-29 23:54:44,907][__main__][INFO] - [0, 19, 41], []
[2025-01-29 23:54:44,931][__main__][INFO] - [0, 19], [41]
[2025-01-29 23:54:44,970][__main__][INFO] - [0, 19, 42], []
[2025-01-29 23:54:44,996][__main__][INFO] - [0, 19], [42]
[2025-01-29 23:54:45,031][__main__][INFO] - [0, 19, 43], []
[2025-01-29 23:54:45,052][__main__][INFO] - [0, 19], [43]
[2025-01-29 23:54:45,094][__main__][INFO] - [0, 19, 44], []
[2025-01-29 23:54:45,129][__main__][INFO] - [0, 19, 45], []
[2025-01-29 23:54:45,169][__main__][INFO] - [0, 19, 47], []
[2025-01-29 23:54:45,245][__main__][INFO] - [0, 19, 50], []
[2025-01-29 23:54:45,267][__main__][INFO] - [0, 19, 51], []
[2025-01-29 23:54:45,286][__main__][INFO] - [0, 19, 52], []
[2025-01-29 23:54:45,306][__main__][INFO] - [0, 19, 53], []
[2025-01-29 23:54:45,325][__main__][INFO] - [0, 19, 54], []
[2025-01-29 23:54:45,344][__main__][INFO] - [0, 19, 55], []
[2025-01-29 23:54:45,362][__main__][INFO] - [0, 19, 56], []
[2025-01-29 23:54:45,380][__main__][INFO] - [0, 19, 57], []
[2025-01-29 23:54:45,398][__main__][INFO] - [0, 19, 58], []
[2025-01-29 23:54:45,415][__main__][INFO] - [0, 19, 59], []
[2025-01-29 23:54:45,450][__main__][INFO] - [0, 20, 26], []
[2025-01-29 23:54:45,592][__main__][INFO] - [0, 20], [26]
[2025-01-29 23:54:46,399][__main__][INFO] - [0, 20, 27], []
[2025-01-29 23:54:47,507][__main__][INFO] - [0, 20, 31], []
[2025-01-29 23:54:47,526][__main__][INFO] - [0, 20, 32], []
[2025-01-29 23:54:48,267][__main__][INFO] - [0, 20, 33], []
[2025-01-29 23:54:48,292][__main__][INFO] - [0, 20, 34], []
[2025-01-29 23:54:48,311][__main__][INFO] - [0, 20, 35], []
[2025-01-29 23:54:48,329][__main__][INFO] - [0, 20, 36], []
[2025-01-29 23:54:48,532][__main__][INFO] - [0, 20, 37], []
[2025-01-29 23:54:48,982][__main__][INFO] - [0, 20, 38], []
[2025-01-29 23:54:49,236][__main__][INFO] - [0, 20, 39], []
[2025-01-29 23:54:49,365][__main__][INFO] - [0, 20, 40], []
[2025-01-29 23:54:49,407][__main__][INFO] - [0, 20], [41]
[2025-01-29 23:54:50,458][__main__][INFO] - [0, 20, 42], []
[2025-01-29 23:54:50,501][__main__][INFO] - [0, 20], [42]
[2025-01-29 23:54:51,468][__main__][INFO] - [0, 20, 43], []
[2025-01-29 23:54:51,504][__main__][INFO] - [0, 20], [43]
[2025-01-29 23:54:52,495][__main__][INFO] - [0, 20, 44], []
[2025-01-29 23:54:53,361][__main__][INFO] - [0, 20, 45], []
[2025-01-29 23:54:53,416][__main__][INFO] - [0, 20, 46], []
[2025-01-29 23:54:53,475][__main__][INFO] - [0, 20, 47], []
[2025-01-29 23:54:54,006][__main__][INFO] - [0, 20, 48], []
[2025-01-29 23:54:54,370][__main__][INFO] - [0, 20, 49], []
[2025-01-29 23:54:54,400][__main__][INFO] - [0, 20, 50], []
[2025-01-29 23:54:54,466][__main__][INFO] - [0, 20, 51], []
[2025-01-29 23:54:54,517][__main__][INFO] - [0, 20, 52], []
[2025-01-29 23:54:54,571][__main__][INFO] - [0, 20, 53], []
[2025-01-29 23:54:54,631][__main__][INFO] - [0, 20, 54], []
[2025-01-29 23:54:54,685][__main__][INFO] - [0, 20, 55], []
[2025-01-29 23:54:54,738][__main__][INFO] - [0, 20, 56], []
[2025-01-29 23:54:54,788][__main__][INFO] - [0, 20, 57], []
[2025-01-29 23:54:54,834][__main__][INFO] - [0, 20, 58], []
[2025-01-29 23:54:54,877][__main__][INFO] - [0, 20, 59], []
[2025-01-29 23:54:55,188][__main__][INFO] - [0, 21, 26], []
[2025-01-29 23:54:55,220][__main__][INFO] - [0, 21], [26]
[2025-01-29 23:54:55,355][__main__][INFO] - [0, 21, 28], []
[2025-01-29 23:54:55,404][__main__][INFO] - [0, 21, 29], []
[2025-01-29 23:54:55,499][__main__][INFO] - [0, 21, 30], []
[2025-01-29 23:54:55,536][__main__][INFO] - [0, 21, 32], []
[2025-01-29 23:54:55,670][__main__][INFO] - [0, 21, 33], []
[2025-01-29 23:54:55,716][__main__][INFO] - [0, 21, 36], []
[2025-01-29 23:54:55,738][__main__][INFO] - [0, 21, 37], []
[2025-01-29 23:54:55,850][__main__][INFO] - [0, 21, 38], []
[2025-01-29 23:54:55,873][__main__][INFO] - [0, 21, 39], []
[2025-01-29 23:54:55,904][__main__][INFO] - [0, 21, 40], []
[2025-01-29 23:54:55,921][__main__][INFO] - [0, 21, 41], []
[2025-01-29 23:54:56,054][__main__][INFO] - [0, 21], [41]
[2025-01-29 23:54:56,076][__main__][INFO] - [0, 21, 42], []
[2025-01-29 23:54:56,094][__main__][INFO] - [0, 21], [42]
[2025-01-29 23:54:56,227][__main__][INFO] - [0, 21, 43], []
[2025-01-29 23:54:56,244][__main__][INFO] - [0, 21], [43]
[2025-01-29 23:54:56,381][__main__][INFO] - [0, 21, 44], []
[2025-01-29 23:54:56,512][__main__][INFO] - [0, 21, 45], []
[2025-01-29 23:54:56,534][__main__][INFO] - [0, 21, 46], []
[2025-01-29 23:54:56,552][__main__][INFO] - [0, 21, 47], []
[2025-01-29 23:54:56,631][__main__][INFO] - [0, 21, 48], []
[2025-01-29 23:54:56,698][__main__][INFO] - [0, 21, 49], []
[2025-01-29 23:54:56,717][__main__][INFO] - [0, 21, 50], []
[2025-01-29 23:54:56,734][__main__][INFO] - [0, 21, 51], []
[2025-01-29 23:54:56,756][__main__][INFO] - [0, 21, 52], []
[2025-01-29 23:54:56,780][__main__][INFO] - [0, 21, 53], []
[2025-01-29 23:54:56,802][__main__][INFO] - [0, 21, 54], []
[2025-01-29 23:54:56,819][__main__][INFO] - [0, 21, 55], []
[2025-01-29 23:54:56,840][__main__][INFO] - [0, 21, 56], []
[2025-01-29 23:54:56,861][__main__][INFO] - [0, 21, 57], []
[2025-01-29 23:54:56,878][__main__][INFO] - [0, 21, 58], []
[2025-01-29 23:54:56,895][__main__][INFO] - [0, 21, 59], []
[2025-01-29 23:54:56,971][__main__][INFO] - [0, 22, 26], []
[2025-01-29 23:54:57,005][__main__][INFO] - [0, 22], [26]
[2025-01-29 23:54:57,144][__main__][INFO] - [0, 22, 28], []
[2025-01-29 23:54:57,222][__main__][INFO] - [0, 22, 29], []
[2025-01-29 23:54:57,294][__main__][INFO] - [0, 22, 30], []
[2025-01-29 23:54:57,330][__main__][INFO] - [0, 22, 32], []
[2025-01-29 23:54:57,471][__main__][INFO] - [0, 22, 33], []
[2025-01-29 23:54:57,517][__main__][INFO] - [0, 22, 36], []
[2025-01-29 23:54:57,539][__main__][INFO] - [0, 22, 37], []
[2025-01-29 23:54:57,655][__main__][INFO] - [0, 22, 38], []
[2025-01-29 23:54:57,678][__main__][INFO] - [0, 22, 39], []
[2025-01-29 23:54:57,696][__main__][INFO] - [0, 22, 40], []
[2025-01-29 23:54:57,713][__main__][INFO] - [0, 22, 41], []
[2025-01-29 23:54:57,854][__main__][INFO] - [0, 22], [41]
[2025-01-29 23:54:57,876][__main__][INFO] - [0, 22, 42], []
[2025-01-29 23:54:57,898][__main__][INFO] - [0, 22], [42]
[2025-01-29 23:54:58,039][__main__][INFO] - [0, 22, 43], []
[2025-01-29 23:54:58,056][__main__][INFO] - [0, 22], [43]
[2025-01-29 23:54:58,196][__main__][INFO] - [0, 22, 44], []
[2025-01-29 23:54:58,335][__main__][INFO] - [0, 22, 45], []
[2025-01-29 23:54:58,352][__main__][INFO] - [0, 22, 46], []
[2025-01-29 23:54:58,370][__main__][INFO] - [0, 22, 47], []
[2025-01-29 23:54:58,446][__main__][INFO] - [0, 22, 48], []
[2025-01-29 23:54:58,521][__main__][INFO] - [0, 22, 49], []
[2025-01-29 23:54:58,542][__main__][INFO] - [0, 22, 50], []
[2025-01-29 23:54:58,566][__main__][INFO] - [0, 22, 51], []
[2025-01-29 23:54:58,591][__main__][INFO] - [0, 22, 52], []
[2025-01-29 23:54:58,608][__main__][INFO] - [0, 22, 53], []
[2025-01-29 23:54:58,626][__main__][INFO] - [0, 22, 54], []
[2025-01-29 23:54:58,652][__main__][INFO] - [0, 22, 55], []
[2025-01-29 23:54:58,677][__main__][INFO] - [0, 22, 56], []
[2025-01-29 23:54:58,700][__main__][INFO] - [0, 22, 57], []
[2025-01-29 23:54:58,717][__main__][INFO] - [0, 22, 58], []
[2025-01-29 23:54:58,737][__main__][INFO] - [0, 22, 59], []
[2025-01-29 23:54:58,784][__main__][INFO] - [0, 23, 26], []
[2025-01-29 23:54:58,805][__main__][INFO] - [0, 23], [26]
[2025-01-29 23:54:58,855][__main__][INFO] - [0, 23, 28], []
[2025-01-29 23:54:58,877][__main__][INFO] - [0, 23, 29], []
[2025-01-29 23:54:58,908][__main__][INFO] - [0, 23, 30], []
[2025-01-29 23:54:58,942][__main__][INFO] - [0, 23, 32], []
[2025-01-29 23:54:58,981][__main__][INFO] - [0, 23, 33], []
[2025-01-29 23:54:59,027][__main__][INFO] - [0, 23, 36], []
[2025-01-29 23:54:59,045][__main__][INFO] - [0, 23, 37], []
[2025-01-29 23:54:59,078][__main__][INFO] - [0, 23, 38], []
[2025-01-29 23:54:59,098][__main__][INFO] - [0, 23, 39], []
[2025-01-29 23:54:59,118][__main__][INFO] - [0, 23, 40], []
[2025-01-29 23:54:59,135][__main__][INFO] - [0, 23, 41], []
[2025-01-29 23:54:59,173][__main__][INFO] - [0, 23], [41]
[2025-01-29 23:54:59,193][__main__][INFO] - [0, 23, 42], []
[2025-01-29 23:54:59,211][__main__][INFO] - [0, 23], [42]
[2025-01-29 23:54:59,250][__main__][INFO] - [0, 23, 43], []
[2025-01-29 23:54:59,267][__main__][INFO] - [0, 23], [43]
[2025-01-29 23:54:59,307][__main__][INFO] - [0, 23, 44], []
[2025-01-29 23:54:59,346][__main__][INFO] - [0, 23, 45], []
[2025-01-29 23:54:59,364][__main__][INFO] - [0, 23, 46], []
[2025-01-29 23:54:59,381][__main__][INFO] - [0, 23, 47], []
[2025-01-29 23:54:59,411][__main__][INFO] - [0, 23, 48], []
[2025-01-29 23:54:59,437][__main__][INFO] - [0, 23, 49], []
[2025-01-29 23:54:59,454][__main__][INFO] - [0, 23, 50], []
[2025-01-29 23:54:59,472][__main__][INFO] - [0, 23, 51], []
[2025-01-29 23:54:59,490][__main__][INFO] - [0, 23, 52], []
[2025-01-29 23:54:59,507][__main__][INFO] - [0, 23, 53], []
[2025-01-29 23:54:59,526][__main__][INFO] - [0, 23, 54], []
[2025-01-29 23:54:59,543][__main__][INFO] - [0, 23, 55], []
[2025-01-29 23:54:59,562][__main__][INFO] - [0, 23, 56], []
[2025-01-29 23:54:59,580][__main__][INFO] - [0, 23, 57], []
[2025-01-29 23:54:59,598][__main__][INFO] - [0, 23, 58], []
[2025-01-29 23:54:59,615][__main__][INFO] - [0, 23, 59], []
[2025-01-29 23:54:59,654][__main__][INFO] - [0, 24, 26], []
[2025-01-29 23:54:59,671][__main__][INFO] - [0, 24], [26]
[2025-01-29 23:54:59,702][__main__][INFO] - [0, 24, 28], []
[2025-01-29 23:54:59,719][__main__][INFO] - [0, 24, 29], []
[2025-01-29 23:54:59,736][__main__][INFO] - [0, 24, 30], []
[2025-01-29 23:54:59,767][__main__][INFO] - [0, 24, 32], []
[2025-01-29 23:54:59,826][__main__][INFO] - [0, 24, 36], []
[2025-01-29 23:54:59,843][__main__][INFO] - [0, 24, 37], []
[2025-01-29 23:54:59,860][__main__][INFO] - [0, 24, 38], []
[2025-01-29 23:54:59,877][__main__][INFO] - [0, 24, 39], []
[2025-01-29 23:54:59,907][__main__][INFO] - [0, 24, 41], []
[2025-01-29 23:54:59,925][__main__][INFO] - [0, 24], [41]
[2025-01-29 23:54:59,942][__main__][INFO] - [0, 24, 42], []
[2025-01-29 23:54:59,958][__main__][INFO] - [0, 24], [42]
[2025-01-29 23:54:59,975][__main__][INFO] - [0, 24, 43], []
[2025-01-29 23:54:59,992][__main__][INFO] - [0, 24], [43]
[2025-01-29 23:55:00,009][__main__][INFO] - [0, 24, 44], []
[2025-01-29 23:55:00,027][__main__][INFO] - [0, 24, 45], []
[2025-01-29 23:55:00,059][__main__][INFO] - [0, 24, 47], []
[2025-01-29 23:55:00,076][__main__][INFO] - [0, 24, 48], []
[2025-01-29 23:55:00,093][__main__][INFO] - [0, 24, 49], []
[2025-01-29 23:55:00,110][__main__][INFO] - [0, 24, 50], []
[2025-01-29 23:55:00,127][__main__][INFO] - [0, 24, 51], []
[2025-01-29 23:55:00,144][__main__][INFO] - [0, 24, 52], []
[2025-01-29 23:55:00,161][__main__][INFO] - [0, 24, 53], []
[2025-01-29 23:55:00,178][__main__][INFO] - [0, 24, 54], []
[2025-01-29 23:55:00,194][__main__][INFO] - [0, 24, 55], []
[2025-01-29 23:55:00,211][__main__][INFO] - [0, 24, 56], []
[2025-01-29 23:55:00,228][__main__][INFO] - [0, 24, 57], []
[2025-01-29 23:55:00,245][__main__][INFO] - [0, 24, 58], []
[2025-01-29 23:55:00,261][__main__][INFO] - [0, 24, 59], []
[2025-01-29 23:55:00,291][__main__][INFO] - [0, 25, 26], []
[2025-01-29 23:55:00,308][__main__][INFO] - [0, 25], [26]
[2025-01-29 23:55:00,339][__main__][INFO] - [0, 25, 28], []
[2025-01-29 23:55:00,355][__main__][INFO] - [0, 25, 29], []
[2025-01-29 23:55:00,372][__main__][INFO] - [0, 25, 30], []
[2025-01-29 23:55:00,403][__main__][INFO] - [0, 25, 32], []
[2025-01-29 23:55:00,462][__main__][INFO] - [0, 25, 36], []
[2025-01-29 23:55:00,478][__main__][INFO] - [0, 25, 37], []
[2025-01-29 23:55:00,495][__main__][INFO] - [0, 25, 38], []
[2025-01-29 23:55:00,512][__main__][INFO] - [0, 25, 39], []
[2025-01-29 23:55:00,542][__main__][INFO] - [0, 25, 41], []
[2025-01-29 23:55:00,559][__main__][INFO] - [0, 25], [41]
[2025-01-29 23:55:00,590][__main__][INFO] - [0, 25], [42]
[2025-01-29 23:55:00,621][__main__][INFO] - [0, 25], [43]
[2025-01-29 23:55:00,638][__main__][INFO] - [0, 25, 44], []
[2025-01-29 23:55:00,655][__main__][INFO] - [0, 25, 45], []
[2025-01-29 23:55:00,686][__main__][INFO] - [0, 25, 47], []
[2025-01-29 23:55:00,703][__main__][INFO] - [0, 25, 48], []
[2025-01-29 23:55:00,733][__main__][INFO] - [0, 25, 50], []
[2025-01-29 23:55:00,750][__main__][INFO] - [0, 25, 51], []
[2025-01-29 23:55:00,795][__main__][INFO] - [0, 25, 54], []
[2025-01-29 23:55:00,811][__main__][INFO] - [0, 25, 55], []
[2025-01-29 23:55:00,828][__main__][INFO] - [0, 25, 56], []
[2025-01-29 23:55:00,845][__main__][INFO] - [0, 25, 57], []
[2025-01-29 23:55:00,861][__main__][INFO] - [0, 25, 58], []
[2025-01-29 23:55:00,878][__main__][INFO] - [0, 25, 59], []
[2025-01-29 23:55:00,908][__main__][INFO] - [0, 26, 27], []
[2025-01-29 23:55:01,049][__main__][INFO] - [0, 26, 28], []
[2025-01-29 23:55:01,070][__main__][INFO] - [0, 26, 29], []
[2025-01-29 23:55:01,113][__main__][INFO] - [0, 26, 30], []
[2025-01-29 23:55:01,131][__main__][INFO] - [0, 26, 31], []
[2025-01-29 23:55:01,148][__main__][INFO] - [0, 26, 32], []
[2025-01-29 23:55:01,342][__main__][INFO] - [0, 26, 33], []
[2025-01-29 23:55:01,377][__main__][INFO] - [0, 26, 35], []
[2025-01-29 23:55:01,394][__main__][INFO] - [0, 26, 36], []
[2025-01-29 23:55:01,416][__main__][INFO] - [0, 26, 37], []
[2025-01-29 23:55:01,526][__main__][INFO] - [0, 26, 38], []
[2025-01-29 23:55:01,574][__main__][INFO] - [0, 26, 39], []
[2025-01-29 23:55:01,611][__main__][INFO] - [0, 26, 40], []
[2025-01-29 23:55:01,631][__main__][INFO] - [0, 26, 41], []
[2025-01-29 23:55:01,684][__main__][INFO] - [0, 26], [41]
[2025-01-29 23:55:01,832][__main__][INFO] - [0, 26, 42], []
[2025-01-29 23:55:01,885][__main__][INFO] - [0, 26], [42]
[2025-01-29 23:55:02,027][__main__][INFO] - [0, 26, 43], []
[2025-01-29 23:55:02,072][__main__][INFO] - [0, 26], [43]
[2025-01-29 23:55:02,224][__main__][INFO] - [0, 26, 44], []
[2025-01-29 23:55:02,343][__main__][INFO] - [0, 26, 45], []
[2025-01-29 23:55:02,414][__main__][INFO] - [0, 26, 46], []
[2025-01-29 23:55:02,432][__main__][INFO] - [0, 26, 47], []
[2025-01-29 23:55:02,587][__main__][INFO] - [0, 26, 48], []
[2025-01-29 23:55:02,632][__main__][INFO] - [0, 26, 49], []
[2025-01-29 23:55:02,650][__main__][INFO] - [0, 26, 50], []
[2025-01-29 23:55:02,684][__main__][INFO] - [0, 26, 51], []
[2025-01-29 23:55:02,712][__main__][INFO] - [0, 26, 52], []
[2025-01-29 23:55:02,739][__main__][INFO] - [0, 26, 53], []
[2025-01-29 23:55:02,766][__main__][INFO] - [0, 26, 54], []
[2025-01-29 23:55:02,792][__main__][INFO] - [0, 26, 55], []
[2025-01-29 23:55:02,815][__main__][INFO] - [0, 26, 56], []
[2025-01-29 23:55:02,838][__main__][INFO] - [0, 26, 57], []
[2025-01-29 23:55:02,860][__main__][INFO] - [0, 26, 58], []
[2025-01-29 23:55:02,882][__main__][INFO] - [0, 26, 59], []
[2025-01-29 23:55:02,938][__main__][INFO] - [0, 27], [26]
[2025-01-29 23:55:03,720][__main__][INFO] - [0, 28], [26]
[2025-01-29 23:55:03,831][__main__][INFO] - [0, 29], [26]
[2025-01-29 23:55:03,976][__main__][INFO] - [0, 30], [26]
[2025-01-29 23:55:04,003][__main__][INFO] - [0, 31], [26]
[2025-01-29 23:55:04,023][__main__][INFO] - [0, 32], [26]
[2025-01-29 23:55:04,891][__main__][INFO] - [0, 33], [26]
[2025-01-29 23:55:04,914][__main__][INFO] - [0, 34], [26]
[2025-01-29 23:55:04,933][__main__][INFO] - [0, 35], [26]
[2025-01-29 23:55:04,952][__main__][INFO] - [0, 36], [26]
[2025-01-29 23:55:05,162][__main__][INFO] - [0, 37], [26]
[2025-01-29 23:55:05,758][__main__][INFO] - [0, 38], [26]
[2025-01-29 23:55:05,994][__main__][INFO] - [0, 39], [26]
[2025-01-29 23:55:06,143][__main__][INFO] - [0, 40], [26]
[2025-01-29 23:55:06,170][__main__][INFO] - [0, 41], [26]
[2025-01-29 23:55:06,423][__main__][INFO] - [0], [26, 41]
[2025-01-29 23:55:07,274][__main__][INFO] - [0], [26, 42]
[2025-01-29 23:55:08,486][__main__][INFO] - [0], [26, 43]
[2025-01-29 23:55:09,672][__main__][INFO] - [0, 44], [26]
[2025-01-29 23:55:10,813][__main__][INFO] - [0, 46], [26]
[2025-01-29 23:55:10,878][__main__][INFO] - [0, 47], [26]
[2025-01-29 23:55:11,415][__main__][INFO] - [0, 48], [26]
[2025-01-29 23:55:11,897][__main__][INFO] - [0, 49], [26]
[2025-01-29 23:55:11,934][__main__][INFO] - [0, 50], [26]
[2025-01-29 23:55:11,997][__main__][INFO] - [0, 51], [26]
[2025-01-29 23:55:12,053][__main__][INFO] - [0, 52], [26]
[2025-01-29 23:55:12,116][__main__][INFO] - [0, 53], [26]
[2025-01-29 23:55:12,184][__main__][INFO] - [0, 54], [26]
[2025-01-29 23:55:12,248][__main__][INFO] - [0, 55], [26]
[2025-01-29 23:55:12,307][__main__][INFO] - [0, 56], [26]
[2025-01-29 23:55:12,365][__main__][INFO] - [0, 57], [26]
[2025-01-29 23:55:12,418][__main__][INFO] - [0, 58], [26]
[2025-01-29 23:55:12,466][__main__][INFO] - [0, 59], [26]
[2025-01-29 23:55:12,831][__main__][INFO] - [0, 27, 32], []
[2025-01-29 23:55:13,554][__main__][INFO] - [0, 27, 33], []
[2025-01-29 23:55:13,578][__main__][INFO] - [0, 27, 34], []
[2025-01-29 23:55:13,597][__main__][INFO] - [0, 27, 35], []
[2025-01-29 23:55:13,615][__main__][INFO] - [0, 27, 36], []
[2025-01-29 23:55:13,819][__main__][INFO] - [0, 27, 37], []
[2025-01-29 23:55:14,263][__main__][INFO] - [0, 27, 38], []
[2025-01-29 23:55:14,517][__main__][INFO] - [0, 27, 39], []
[2025-01-29 23:55:14,647][__main__][INFO] - [0, 27, 40], []
[2025-01-29 23:55:14,690][__main__][INFO] - [0, 27], [41]
[2025-01-29 23:55:15,743][__main__][INFO] - [0, 27, 42], []
[2025-01-29 23:55:15,786][__main__][INFO] - [0, 27], [42]
[2025-01-29 23:55:16,767][__main__][INFO] - [0, 27, 43], []
[2025-01-29 23:55:16,803][__main__][INFO] - [0, 27], [43]
[2025-01-29 23:55:17,792][__main__][INFO] - [0, 27, 44], []
[2025-01-29 23:55:18,656][__main__][INFO] - [0, 27, 45], []
[2025-01-29 23:55:18,711][__main__][INFO] - [0, 27, 46], []
[2025-01-29 23:55:18,770][__main__][INFO] - [0, 27, 47], []
[2025-01-29 23:55:19,297][__main__][INFO] - [0, 27, 48], []
[2025-01-29 23:55:19,660][__main__][INFO] - [0, 27, 49], []
[2025-01-29 23:55:19,691][__main__][INFO] - [0, 27, 50], []
[2025-01-29 23:55:19,757][__main__][INFO] - [0, 27, 51], []
[2025-01-29 23:55:19,808][__main__][INFO] - [0, 27, 52], []
[2025-01-29 23:55:19,862][__main__][INFO] - [0, 27, 53], []
[2025-01-29 23:55:19,921][__main__][INFO] - [0, 27, 54], []
[2025-01-29 23:55:19,976][__main__][INFO] - [0, 27, 55], []
[2025-01-29 23:55:20,028][__main__][INFO] - [0, 27, 56], []
[2025-01-29 23:55:20,078][__main__][INFO] - [0, 27, 57], []
[2025-01-29 23:55:20,125][__main__][INFO] - [0, 27, 58], []
[2025-01-29 23:55:20,167][__main__][INFO] - [0, 27, 59], []
[2025-01-29 23:55:20,472][__main__][INFO] - [0, 28, 32], []
[2025-01-29 23:55:20,590][__main__][INFO] - [0, 28, 33], []
[2025-01-29 23:55:20,636][__main__][INFO] - [0, 28, 36], []
[2025-01-29 23:55:20,653][__main__][INFO] - [0, 28, 37], []
[2025-01-29 23:55:20,754][__main__][INFO] - [0, 28, 38], []
[2025-01-29 23:55:20,775][__main__][INFO] - [0, 28, 39], []
[2025-01-29 23:55:20,803][__main__][INFO] - [0, 28, 40], []
[2025-01-29 23:55:20,820][__main__][INFO] - [0, 28, 41], []
[2025-01-29 23:55:20,957][__main__][INFO] - [0, 28, 42], []
[2025-01-29 23:55:20,975][__main__][INFO] - [0, 28], [42]
[2025-01-29 23:55:21,094][__main__][INFO] - [0, 28, 43], []
[2025-01-29 23:55:21,112][__main__][INFO] - [0, 28], [43]
[2025-01-29 23:55:21,229][__main__][INFO] - [0, 28, 44], []
[2025-01-29 23:55:21,346][__main__][INFO] - [0, 28, 45], []
[2025-01-29 23:55:21,364][__main__][INFO] - [0, 28, 46], []
[2025-01-29 23:55:21,381][__main__][INFO] - [0, 28, 47], []
[2025-01-29 23:55:21,433][__main__][INFO] - [0, 28, 48], []
[2025-01-29 23:55:21,510][__main__][INFO] - [0, 28, 49], []
[2025-01-29 23:55:21,530][__main__][INFO] - [0, 28, 50], []
[2025-01-29 23:55:21,556][__main__][INFO] - [0, 28, 51], []
[2025-01-29 23:55:21,581][__main__][INFO] - [0, 28, 52], []
[2025-01-29 23:55:21,599][__main__][INFO] - [0, 28, 53], []
[2025-01-29 23:55:21,625][__main__][INFO] - [0, 28, 54], []
[2025-01-29 23:55:21,649][__main__][INFO] - [0, 28, 55], []
[2025-01-29 23:55:21,671][__main__][INFO] - [0, 28, 56], []
[2025-01-29 23:55:21,693][__main__][INFO] - [0, 28, 57], []
[2025-01-29 23:55:21,710][__main__][INFO] - [0, 28, 58], []
[2025-01-29 23:55:21,727][__main__][INFO] - [0, 28, 59], []
[2025-01-29 23:55:21,777][__main__][INFO] - [0, 29, 32], []
[2025-01-29 23:55:21,952][__main__][INFO] - [0, 29, 33], []
[2025-01-29 23:55:21,985][__main__][INFO] - [0, 29, 35], []
[2025-01-29 23:55:22,003][__main__][INFO] - [0, 29, 36], []
[2025-01-29 23:55:22,024][__main__][INFO] - [0, 29, 37], []
[2025-01-29 23:55:22,171][__main__][INFO] - [0, 29, 38], []
[2025-01-29 23:55:22,197][__main__][INFO] - [0, 29, 39], []
[2025-01-29 23:55:22,232][__main__][INFO] - [0, 29, 40], []
[2025-01-29 23:55:22,250][__main__][INFO] - [0, 29, 41], []
[2025-01-29 23:55:22,448][__main__][INFO] - [0, 29, 42], []
[2025-01-29 23:55:22,473][__main__][INFO] - [0, 29], [42]
[2025-01-29 23:55:22,644][__main__][INFO] - [0, 29, 43], []
[2025-01-29 23:55:22,662][__main__][INFO] - [0, 29], [43]
[2025-01-29 23:55:22,835][__main__][INFO] - [0, 29, 44], []
[2025-01-29 23:55:22,997][__main__][INFO] - [0, 29, 45], []
[2025-01-29 23:55:23,023][__main__][INFO] - [0, 29, 46], []
[2025-01-29 23:55:23,041][__main__][INFO] - [0, 29, 47], []
[2025-01-29 23:55:23,153][__main__][INFO] - [0, 29, 48], []
[2025-01-29 23:55:23,222][__main__][INFO] - [0, 29, 49], []
[2025-01-29 23:55:23,241][__main__][INFO] - [0, 29, 50], []
[2025-01-29 23:55:23,264][__main__][INFO] - [0, 29, 51], []
[2025-01-29 23:55:23,288][__main__][INFO] - [0, 29, 52], []
[2025-01-29 23:55:23,313][__main__][INFO] - [0, 29, 53], []
[2025-01-29 23:55:23,338][__main__][INFO] - [0, 29, 54], []
[2025-01-29 23:55:23,362][__main__][INFO] - [0, 29, 55], []
[2025-01-29 23:55:23,386][__main__][INFO] - [0, 29, 56], []
[2025-01-29 23:55:23,409][__main__][INFO] - [0, 29, 57], []
[2025-01-29 23:55:23,432][__main__][INFO] - [0, 29, 58], []
[2025-01-29 23:55:23,454][__main__][INFO] - [0, 29, 59], []
[2025-01-29 23:55:23,535][__main__][INFO] - [0, 30, 32], []
[2025-01-29 23:55:23,560][__main__][INFO] - [0, 30, 33], []
[2025-01-29 23:55:23,606][__main__][INFO] - [0, 30, 36], []
[2025-01-29 23:55:23,626][__main__][INFO] - [0, 30, 37], []
[2025-01-29 23:55:23,647][__main__][INFO] - [0, 30, 38], []
[2025-01-29 23:55:23,667][__main__][INFO] - [0, 30, 39], []
[2025-01-29 23:55:23,687][__main__][INFO] - [0, 30, 40], []
[2025-01-29 23:55:23,718][__main__][INFO] - [0, 30], [41]
[2025-01-29 23:55:23,746][__main__][INFO] - [0, 30, 42], []
[2025-01-29 23:55:23,763][__main__][INFO] - [0, 30], [42]
[2025-01-29 23:55:23,791][__main__][INFO] - [0, 30, 43], []
[2025-01-29 23:55:23,808][__main__][INFO] - [0, 30], [43]
[2025-01-29 23:55:23,836][__main__][INFO] - [0, 30, 44], []
[2025-01-29 23:55:23,862][__main__][INFO] - [0, 30, 45], []
[2025-01-29 23:55:23,880][__main__][INFO] - [0, 30, 46], []
[2025-01-29 23:55:23,897][__main__][INFO] - [0, 30, 47], []
[2025-01-29 23:55:23,919][__main__][INFO] - [0, 30, 48], []
[2025-01-29 23:55:23,941][__main__][INFO] - [0, 30, 49], []
[2025-01-29 23:55:23,959][__main__][INFO] - [0, 30, 50], []
[2025-01-29 23:55:23,976][__main__][INFO] - [0, 30, 51], []
[2025-01-29 23:55:23,994][__main__][INFO] - [0, 30, 52], []
[2025-01-29 23:55:24,011][__main__][INFO] - [0, 30, 53], []
[2025-01-29 23:55:24,028][__main__][INFO] - [0, 30, 54], []
[2025-01-29 23:55:24,045][__main__][INFO] - [0, 30, 55], []
[2025-01-29 23:55:24,064][__main__][INFO] - [0, 30, 56], []
[2025-01-29 23:55:24,082][__main__][INFO] - [0, 30, 57], []
[2025-01-29 23:55:24,099][__main__][INFO] - [0, 30, 58], []
[2025-01-29 23:55:24,116][__main__][INFO] - [0, 30, 59], []
[2025-01-29 23:55:24,151][__main__][INFO] - [0, 31, 32], []
[2025-01-29 23:55:24,213][__main__][INFO] - [0, 31, 36], []
[2025-01-29 23:55:24,230][__main__][INFO] - [0, 31, 37], []
[2025-01-29 23:55:24,248][__main__][INFO] - [0, 31, 38], []
[2025-01-29 23:55:24,265][__main__][INFO] - [0, 31, 39], []
[2025-01-29 23:55:24,311][__main__][INFO] - [0, 31], [41]
[2025-01-29 23:55:24,344][__main__][INFO] - [0, 31], [42]
[2025-01-29 23:55:24,377][__main__][INFO] - [0, 31], [43]
[2025-01-29 23:55:24,395][__main__][INFO] - [0, 31, 44], []
[2025-01-29 23:55:24,442][__main__][INFO] - [0, 31, 47], []
[2025-01-29 23:55:24,460][__main__][INFO] - [0, 31, 48], []
[2025-01-29 23:55:24,492][__main__][INFO] - [0, 31, 50], []
[2025-01-29 23:55:24,509][__main__][INFO] - [0, 31, 51], []
[2025-01-29 23:55:24,526][__main__][INFO] - [0, 31, 52], []
[2025-01-29 23:55:24,543][__main__][INFO] - [0, 31, 53], []
[2025-01-29 23:55:24,559][__main__][INFO] - [0, 31, 54], []
[2025-01-29 23:55:24,576][__main__][INFO] - [0, 31, 55], []
[2025-01-29 23:55:24,607][__main__][INFO] - [0, 31, 57], []
[2025-01-29 23:55:24,638][__main__][INFO] - [0, 31, 59], []
[2025-01-29 23:55:24,669][__main__][INFO] - [0, 32, 37], []
[2025-01-29 23:55:25,290][__main__][INFO] - [0, 32, 38], []
[2025-01-29 23:55:25,508][__main__][INFO] - [0, 32, 39], []
[2025-01-29 23:55:25,643][__main__][INFO] - [0, 32, 40], []
[2025-01-29 23:55:25,669][__main__][INFO] - [0, 32, 41], []
[2025-01-29 23:55:25,956][__main__][INFO] - [0, 32], [41]
[2025-01-29 23:55:26,711][__main__][INFO] - [0, 32, 42], []
[2025-01-29 23:55:26,763][__main__][INFO] - [0, 32], [42]
[2025-01-29 23:55:27,884][__main__][INFO] - [0, 32, 43], []
[2025-01-29 23:55:27,926][__main__][INFO] - [0, 32], [43]
[2025-01-29 23:55:29,058][__main__][INFO] - [0, 32, 44], []
[2025-01-29 23:55:30,159][__main__][INFO] - [0, 32, 45], []
[2025-01-29 23:55:30,238][__main__][INFO] - [0, 32, 47], []
[2025-01-29 23:55:30,758][__main__][INFO] - [0, 32, 48], []
[2025-01-29 23:55:31,240][__main__][INFO] - [0, 32, 49], []
[2025-01-29 23:55:31,277][__main__][INFO] - [0, 32, 50], []
[2025-01-29 23:55:31,349][__main__][INFO] - [0, 32, 51], []
[2025-01-29 23:55:31,405][__main__][INFO] - [0, 32, 52], []
[2025-01-29 23:55:31,466][__main__][INFO] - [0, 32, 53], []
[2025-01-29 23:55:31,533][__main__][INFO] - [0, 32, 54], []
[2025-01-29 23:55:31,593][__main__][INFO] - [0, 32, 55], []
[2025-01-29 23:55:31,650][__main__][INFO] - [0, 32, 56], []
[2025-01-29 23:55:31,705][__main__][INFO] - [0, 32, 57], []
[2025-01-29 23:55:31,757][__main__][INFO] - [0, 32, 58], []
[2025-01-29 23:55:31,802][__main__][INFO] - [0, 32, 59], []
[2025-01-29 23:55:32,134][__main__][INFO] - [0, 33, 37], []
[2025-01-29 23:55:32,154][__main__][INFO] - [0, 33, 38], []
[2025-01-29 23:55:32,173][__main__][INFO] - [0, 33, 39], []
[2025-01-29 23:55:32,191][__main__][INFO] - [0, 33, 40], []
[2025-01-29 23:55:32,209][__main__][INFO] - [0, 33, 41], []
[2025-01-29 23:55:32,227][__main__][INFO] - [0, 33], [41]
[2025-01-29 23:55:32,251][__main__][INFO] - [0, 33, 42], []
[2025-01-29 23:55:32,269][__main__][INFO] - [0, 33], [42]
[2025-01-29 23:55:32,292][__main__][INFO] - [0, 33, 43], []
[2025-01-29 23:55:32,310][__main__][INFO] - [0, 33], [43]
[2025-01-29 23:55:32,333][__main__][INFO] - [0, 33, 44], []
[2025-01-29 23:55:32,357][__main__][INFO] - [0, 33, 45], []
[2025-01-29 23:55:32,389][__main__][INFO] - [0, 33, 47], []
[2025-01-29 23:55:32,410][__main__][INFO] - [0, 33, 48], []
[2025-01-29 23:55:32,429][__main__][INFO] - [0, 33, 49], []
[2025-01-29 23:55:32,446][__main__][INFO] - [0, 33, 50], []
[2025-01-29 23:55:32,463][__main__][INFO] - [0, 33, 51], []
[2025-01-29 23:55:32,481][__main__][INFO] - [0, 33, 52], []
[2025-01-29 23:55:32,499][__main__][INFO] - [0, 33, 53], []
[2025-01-29 23:55:32,516][__main__][INFO] - [0, 33, 54], []
[2025-01-29 23:55:32,534][__main__][INFO] - [0, 33, 55], []
[2025-01-29 23:55:32,552][__main__][INFO] - [0, 33, 56], []
[2025-01-29 23:55:32,570][__main__][INFO] - [0, 33, 57], []
[2025-01-29 23:55:32,587][__main__][INFO] - [0, 33, 58], []
[2025-01-29 23:55:32,604][__main__][INFO] - [0, 33, 59], []
[2025-01-29 23:55:32,637][__main__][INFO] - [0, 34, 37], []
[2025-01-29 23:55:32,655][__main__][INFO] - [0, 34, 38], []
[2025-01-29 23:55:32,672][__main__][INFO] - [0, 34, 39], []
[2025-01-29 23:55:32,717][__main__][INFO] - [0, 34], [41]
[2025-01-29 23:55:32,750][__main__][INFO] - [0, 34], [42]
[2025-01-29 23:55:32,782][__main__][INFO] - [0, 34], [43]
[2025-01-29 23:55:32,800][__main__][INFO] - [0, 34, 44], []
[2025-01-29 23:55:32,860][__main__][INFO] - [0, 34, 48], []
[2025-01-29 23:55:32,878][__main__][INFO] - [0, 34, 49], []
[2025-01-29 23:55:32,895][__main__][INFO] - [0, 34, 50], []
[2025-01-29 23:55:33,026][__main__][INFO] - [0, 34, 59], []
[2025-01-29 23:55:33,057][__main__][INFO] - [0, 35, 37], []
[2025-01-29 23:55:33,075][__main__][INFO] - [0, 35, 38], []
[2025-01-29 23:55:33,092][__main__][INFO] - [0, 35, 39], []
[2025-01-29 23:55:33,123][__main__][INFO] - [0, 35, 41], []
[2025-01-29 23:55:33,140][__main__][INFO] - [0, 35], [41]
[2025-01-29 23:55:33,173][__main__][INFO] - [0, 35], [42]
[2025-01-29 23:55:33,206][__main__][INFO] - [0, 35], [43]
[2025-01-29 23:55:33,224][__main__][INFO] - [0, 35, 44], []
[2025-01-29 23:55:33,271][__main__][INFO] - [0, 35, 47], []
[2025-01-29 23:55:33,289][__main__][INFO] - [0, 35, 48], []
[2025-01-29 23:55:33,321][__main__][INFO] - [0, 35, 50], []
[2025-01-29 23:55:33,338][__main__][INFO] - [0, 35, 51], []
[2025-01-29 23:55:33,369][__main__][INFO] - [0, 35, 53], []
[2025-01-29 23:55:33,443][__main__][INFO] - [0, 35, 58], []
[2025-01-29 23:55:33,460][__main__][INFO] - [0, 35, 59], []
[2025-01-29 23:55:33,491][__main__][INFO] - [0, 36, 37], []
[2025-01-29 23:55:33,601][__main__][INFO] - [0, 36, 38], []
[2025-01-29 23:55:33,664][__main__][INFO] - [0, 36, 39], []
[2025-01-29 23:55:33,714][__main__][INFO] - [0, 36, 40], []
[2025-01-29 23:55:33,733][__main__][INFO] - [0, 36, 41], []
[2025-01-29 23:55:33,758][__main__][INFO] - [0, 36], [41]
[2025-01-29 23:55:33,965][__main__][INFO] - [0, 36, 42], []
[2025-01-29 23:55:33,984][__main__][INFO] - [0, 36], [42]
[2025-01-29 23:55:34,205][__main__][INFO] - [0, 36, 43], []
[2025-01-29 23:55:34,236][__main__][INFO] - [0, 36], [43]
[2025-01-29 23:55:34,454][__main__][INFO] - [0, 36, 44], []
[2025-01-29 23:55:34,609][__main__][INFO] - [0, 36, 45], []
[2025-01-29 23:55:34,629][__main__][INFO] - [0, 36, 46], []
[2025-01-29 23:55:34,690][__main__][INFO] - [0, 36, 47], []
[2025-01-29 23:55:34,876][__main__][INFO] - [0, 36, 48], []
[2025-01-29 23:55:34,929][__main__][INFO] - [0, 36, 50], []
[2025-01-29 23:55:34,956][__main__][INFO] - [0, 36, 51], []
[2025-01-29 23:55:34,984][__main__][INFO] - [0, 36, 52], []
[2025-01-29 23:55:35,014][__main__][INFO] - [0, 36, 53], []
[2025-01-29 23:55:35,044][__main__][INFO] - [0, 36, 54], []
[2025-01-29 23:55:35,071][__main__][INFO] - [0, 36, 55], []
[2025-01-29 23:55:35,097][__main__][INFO] - [0, 36, 56], []
[2025-01-29 23:55:35,121][__main__][INFO] - [0, 36, 57], []
[2025-01-29 23:55:35,145][__main__][INFO] - [0, 36, 58], []
[2025-01-29 23:55:35,168][__main__][INFO] - [0, 36, 59], []
[2025-01-29 23:55:35,251][__main__][INFO] - [0, 37, 41], []
[2025-01-29 23:55:35,490][__main__][INFO] - [0, 37], [41]
[2025-01-29 23:55:35,956][__main__][INFO] - [0, 37, 42], []
[2025-01-29 23:55:35,992][__main__][INFO] - [0, 37], [42]
[2025-01-29 23:55:36,724][__main__][INFO] - [0, 37, 43], []
[2025-01-29 23:55:36,757][__main__][INFO] - [0, 37], [43]
[2025-01-29 23:55:37,502][__main__][INFO] - [0, 37, 44], []
[2025-01-29 23:55:38,189][__main__][INFO] - [0, 37, 45], []
[2025-01-29 23:55:38,233][__main__][INFO] - [0, 37, 46], []
[2025-01-29 23:55:38,270][__main__][INFO] - [0, 37, 47], []
[2025-01-29 23:55:38,655][__main__][INFO] - [0, 37, 48], []
[2025-01-29 23:55:38,947][__main__][INFO] - [0, 37, 49], []
[2025-01-29 23:55:38,976][__main__][INFO] - [0, 37, 50], []
[2025-01-29 23:55:39,031][__main__][INFO] - [0, 37, 51], []
[2025-01-29 23:55:39,079][__main__][INFO] - [0, 37, 52], []
[2025-01-29 23:55:39,134][__main__][INFO] - [0, 37, 53], []
[2025-01-29 23:55:39,188][__main__][INFO] - [0, 37, 54], []
[2025-01-29 23:55:39,238][__main__][INFO] - [0, 37, 55], []
[2025-01-29 23:55:39,284][__main__][INFO] - [0, 37, 56], []
[2025-01-29 23:55:39,327][__main__][INFO] - [0, 37, 57], []
[2025-01-29 23:55:39,365][__main__][INFO] - [0, 37, 58], []
[2025-01-29 23:55:39,401][__main__][INFO] - [0, 37, 59], []
[2025-01-29 23:55:39,616][__main__][INFO] - [0, 38, 41], []
[2025-01-29 23:55:39,645][__main__][INFO] - [0, 38], [41]
[2025-01-29 23:55:39,902][__main__][INFO] - [0, 38, 42], []
[2025-01-29 23:55:39,927][__main__][INFO] - [0, 38], [42]
[2025-01-29 23:55:40,198][__main__][INFO] - [0, 38, 43], []
[2025-01-29 23:55:40,221][__main__][INFO] - [0, 38], [43]
[2025-01-29 23:55:40,492][__main__][INFO] - [0, 38, 44], []
[2025-01-29 23:55:40,738][__main__][INFO] - [0, 38, 45], []
[2025-01-29 23:55:40,764][__main__][INFO] - [0, 38, 46], []
[2025-01-29 23:55:40,794][__main__][INFO] - [0, 38, 47], []
[2025-01-29 23:55:40,952][__main__][INFO] - [0, 38, 48], []
[2025-01-29 23:55:41,060][__main__][INFO] - [0, 38, 49], []
[2025-01-29 23:55:41,081][__main__][INFO] - [0, 38, 50], []
[2025-01-29 23:55:41,108][__main__][INFO] - [0, 38, 51], []
[2025-01-29 23:55:41,131][__main__][INFO] - [0, 38, 52], []
[2025-01-29 23:55:41,156][__main__][INFO] - [0, 38, 53], []
[2025-01-29 23:55:41,182][__main__][INFO] - [0, 38, 54], []
[2025-01-29 23:55:41,208][__main__][INFO] - [0, 38, 55], []
[2025-01-29 23:55:41,234][__main__][INFO] - [0, 38, 56], []
[2025-01-29 23:55:41,260][__main__][INFO] - [0, 38, 57], []
[2025-01-29 23:55:41,284][__main__][INFO] - [0, 38, 58], []
[2025-01-29 23:55:41,309][__main__][INFO] - [0, 38, 59], []
[2025-01-29 23:55:41,439][__main__][INFO] - [0, 39, 41], []
[2025-01-29 23:55:41,485][__main__][INFO] - [0, 39], [41]
[2025-01-29 23:55:41,621][__main__][INFO] - [0, 39, 42], []
[2025-01-29 23:55:41,643][__main__][INFO] - [0, 39], [42]
[2025-01-29 23:55:41,815][__main__][INFO] - [0, 39, 43], []
[2025-01-29 23:55:41,836][__main__][INFO] - [0, 39], [43]
[2025-01-29 23:55:42,010][__main__][INFO] - [0, 39, 44], []
[2025-01-29 23:55:42,165][__main__][INFO] - [0, 39, 45], []
[2025-01-29 23:55:42,190][__main__][INFO] - [0, 39, 46], []
[2025-01-29 23:55:42,216][__main__][INFO] - [0, 39, 47], []
[2025-01-29 23:55:42,312][__main__][INFO] - [0, 39, 48], []
[2025-01-29 23:55:42,391][__main__][INFO] - [0, 39, 49], []
[2025-01-29 23:55:42,411][__main__][INFO] - [0, 39, 50], []
[2025-01-29 23:55:42,438][__main__][INFO] - [0, 39, 51], []
[2025-01-29 23:55:42,461][__main__][INFO] - [0, 39, 52], []
[2025-01-29 23:55:42,485][__main__][INFO] - [0, 39, 53], []
[2025-01-29 23:55:42,510][__main__][INFO] - [0, 39, 54], []
[2025-01-29 23:55:42,535][__main__][INFO] - [0, 39, 55], []
[2025-01-29 23:55:42,558][__main__][INFO] - [0, 39, 56], []
[2025-01-29 23:55:42,582][__main__][INFO] - [0, 39, 57], []
[2025-01-29 23:55:42,605][__main__][INFO] - [0, 39, 58], []
[2025-01-29 23:55:42,627][__main__][INFO] - [0, 39, 59], []
[2025-01-29 23:55:42,694][__main__][INFO] - [0, 40, 41], []
[2025-01-29 23:55:42,711][__main__][INFO] - [0, 40], [41]
[2025-01-29 23:55:42,738][__main__][INFO] - [0, 40, 42], []
[2025-01-29 23:55:42,755][__main__][INFO] - [0, 40], [42]
[2025-01-29 23:55:42,783][__main__][INFO] - [0, 40, 43], []
[2025-01-29 23:55:42,800][__main__][INFO] - [0, 40], [43]
[2025-01-29 23:55:42,828][__main__][INFO] - [0, 40, 44], []
[2025-01-29 23:55:42,854][__main__][INFO] - [0, 40, 45], []
[2025-01-29 23:55:42,871][__main__][INFO] - [0, 40, 46], []
[2025-01-29 23:55:42,889][__main__][INFO] - [0, 40, 47], []
[2025-01-29 23:55:42,912][__main__][INFO] - [0, 40, 48], []
[2025-01-29 23:55:42,933][__main__][INFO] - [0, 40, 49], []
[2025-01-29 23:55:42,950][__main__][INFO] - [0, 40, 50], []
[2025-01-29 23:55:42,968][__main__][INFO] - [0, 40, 51], []
[2025-01-29 23:55:42,985][__main__][INFO] - [0, 40, 52], []
[2025-01-29 23:55:43,002][__main__][INFO] - [0, 40, 53], []
[2025-01-29 23:55:43,020][__main__][INFO] - [0, 40, 54], []
[2025-01-29 23:55:43,038][__main__][INFO] - [0, 40, 55], []
[2025-01-29 23:55:43,056][__main__][INFO] - [0, 40, 56], []
[2025-01-29 23:55:43,073][__main__][INFO] - [0, 40, 57], []
[2025-01-29 23:55:43,091][__main__][INFO] - [0, 40, 58], []
[2025-01-29 23:55:43,108][__main__][INFO] - [0, 40, 59], []
[2025-01-29 23:55:43,143][__main__][INFO] - [0, 41, 42], []
[2025-01-29 23:55:43,168][__main__][INFO] - [0, 41], [42]
[2025-01-29 23:55:43,456][__main__][INFO] - [0, 41, 43], []
[2025-01-29 23:55:43,474][__main__][INFO] - [0, 41], [43]
[2025-01-29 23:55:43,762][__main__][INFO] - [0, 41, 44], []
[2025-01-29 23:55:44,047][__main__][INFO] - [0, 41, 45], []
[2025-01-29 23:55:44,075][__main__][INFO] - [0, 41, 46], []
[2025-01-29 23:55:44,093][__main__][INFO] - [0, 41, 47], []
[2025-01-29 23:55:44,249][__main__][INFO] - [0, 41, 48], []
[2025-01-29 23:55:44,386][__main__][INFO] - [0, 41, 49], []
[2025-01-29 23:55:44,410][__main__][INFO] - [0, 41, 50], []
[2025-01-29 23:55:44,443][__main__][INFO] - [0, 41, 51], []
[2025-01-29 23:55:44,474][__main__][INFO] - [0, 41, 52], []
[2025-01-29 23:55:44,508][__main__][INFO] - [0, 41, 53], []
[2025-01-29 23:55:44,543][__main__][INFO] - [0, 41, 54], []
[2025-01-29 23:55:44,574][__main__][INFO] - [0, 41, 55], []
[2025-01-29 23:55:44,603][__main__][INFO] - [0, 41, 56], []
[2025-01-29 23:55:44,632][__main__][INFO] - [0, 41, 57], []
[2025-01-29 23:55:44,659][__main__][INFO] - [0, 41, 58], []
[2025-01-29 23:55:44,683][__main__][INFO] - [0, 41, 59], []
[2025-01-29 23:55:44,785][__main__][INFO] - [0, 42], [41]
[2025-01-29 23:55:44,826][__main__][INFO] - [0], [41, 42]
[2025-01-29 23:55:45,874][__main__][INFO] - [0, 43], [41]
[2025-01-29 23:55:45,910][__main__][INFO] - [0], [41, 43]
[2025-01-29 23:55:46,935][__main__][INFO] - [0, 44], [41]
[2025-01-29 23:55:47,837][__main__][INFO] - [0, 45], [41]
[2025-01-29 23:55:47,893][__main__][INFO] - [0, 46], [41]
[2025-01-29 23:55:47,954][__main__][INFO] - [0, 47], [41]
[2025-01-29 23:55:48,496][__main__][INFO] - [0, 48], [41]
[2025-01-29 23:55:48,874][__main__][INFO] - [0, 49], [41]
[2025-01-29 23:55:48,904][__main__][INFO] - [0, 50], [41]
[2025-01-29 23:55:48,971][__main__][INFO] - [0, 51], [41]
[2025-01-29 23:55:49,023][__main__][INFO] - [0, 52], [41]
[2025-01-29 23:55:49,079][__main__][INFO] - [0, 53], [41]
[2025-01-29 23:55:49,138][__main__][INFO] - [0, 54], [41]
[2025-01-29 23:55:49,194][__main__][INFO] - [0, 55], [41]
[2025-01-29 23:55:49,249][__main__][INFO] - [0, 56], [41]
[2025-01-29 23:55:49,300][__main__][INFO] - [0, 57], [41]
[2025-01-29 23:55:49,347][__main__][INFO] - [0, 58], [41]
[2025-01-29 23:55:49,393][__main__][INFO] - [0, 59], [41]
[2025-01-29 23:55:49,707][__main__][INFO] - [0, 42, 43], []
[2025-01-29 23:55:49,733][__main__][INFO] - [0, 42], [43]
[2025-01-29 23:55:49,774][__main__][INFO] - [0, 42, 44], []
[2025-01-29 23:55:49,812][__main__][INFO] - [0, 42, 45], []
[2025-01-29 23:55:49,839][__main__][INFO] - [0, 42, 46], []
[2025-01-29 23:55:49,856][__main__][INFO] - [0, 42, 47], []
[2025-01-29 23:55:49,905][__main__][INFO] - [0, 42, 48], []
[2025-01-29 23:55:49,925][__main__][INFO] - [0, 42, 49], []
[2025-01-29 23:55:49,942][__main__][INFO] - [0, 42, 50], []
[2025-01-29 23:55:49,962][__main__][INFO] - [0, 42, 51], []
[2025-01-29 23:55:49,982][__main__][INFO] - [0, 42, 52], []
[2025-01-29 23:55:50,002][__main__][INFO] - [0, 42, 53], []
[2025-01-29 23:55:50,021][__main__][INFO] - [0, 42, 54], []
[2025-01-29 23:55:50,041][__main__][INFO] - [0, 42, 55], []
[2025-01-29 23:55:50,059][__main__][INFO] - [0, 42, 56], []
[2025-01-29 23:55:50,078][__main__][INFO] - [0, 42, 57], []
[2025-01-29 23:55:50,096][__main__][INFO] - [0, 42, 58], []
[2025-01-29 23:55:50,115][__main__][INFO] - [0, 42, 59], []
[2025-01-29 23:55:50,153][__main__][INFO] - [0, 43], [42]
[2025-01-29 23:55:50,186][__main__][INFO] - [0], [42, 43]
[2025-01-29 23:55:51,625][__main__][INFO] - [0, 44], [42]
[2025-01-29 23:55:52,920][__main__][INFO] - [0, 45], [42]
[2025-01-29 23:55:52,976][__main__][INFO] - [0, 46], [42]
[2025-01-29 23:55:53,039][__main__][INFO] - [0, 47], [42]
[2025-01-29 23:55:53,730][__main__][INFO] - [0, 48], [42]
[2025-01-29 23:55:54,254][__main__][INFO] - [0, 49], [42]
[2025-01-29 23:55:54,292][__main__][INFO] - [0, 50], [42]
[2025-01-29 23:55:54,373][__main__][INFO] - [0, 51], [42]
[2025-01-29 23:55:54,440][__main__][INFO] - [0, 52], [42]
[2025-01-29 23:55:54,513][__main__][INFO] - [0, 53], [42]
[2025-01-29 23:55:54,593][__main__][INFO] - [0, 54], [42]
[2025-01-29 23:55:54,664][__main__][INFO] - [0, 55], [42]
[2025-01-29 23:55:54,731][__main__][INFO] - [0, 56], [42]
[2025-01-29 23:55:54,794][__main__][INFO] - [0, 57], [42]
[2025-01-29 23:55:54,852][__main__][INFO] - [0, 58], [42]
[2025-01-29 23:55:54,904][__main__][INFO] - [0, 59], [42]
[2025-01-29 23:55:55,296][__main__][INFO] - [0, 43, 44], []
[2025-01-29 23:55:55,330][__main__][INFO] - [0, 43, 45], []
[2025-01-29 23:55:55,354][__main__][INFO] - [0, 43, 46], []
[2025-01-29 23:55:55,370][__main__][INFO] - [0, 43, 47], []
[2025-01-29 23:55:55,407][__main__][INFO] - [0, 43, 48], []
[2025-01-29 23:55:55,429][__main__][INFO] - [0, 43, 49], []
[2025-01-29 23:55:55,446][__main__][INFO] - [0, 43, 50], []
[2025-01-29 23:55:55,466][__main__][INFO] - [0, 43, 51], []
[2025-01-29 23:55:55,485][__main__][INFO] - [0, 43, 52], []
[2025-01-29 23:55:55,505][__main__][INFO] - [0, 43, 53], []
[2025-01-29 23:55:55,524][__main__][INFO] - [0, 43, 54], []
[2025-01-29 23:55:55,543][__main__][INFO] - [0, 43, 55], []
[2025-01-29 23:55:55,561][__main__][INFO] - [0, 43, 56], []
[2025-01-29 23:55:55,578][__main__][INFO] - [0, 43, 57], []
[2025-01-29 23:55:55,596][__main__][INFO] - [0, 43, 58], []
[2025-01-29 23:55:55,614][__main__][INFO] - [0, 43, 59], []
[2025-01-29 23:55:55,649][__main__][INFO] - [0, 44], [43]
[2025-01-29 23:55:56,974][__main__][INFO] - [0, 45], [43]
[2025-01-29 23:55:57,033][__main__][INFO] - [0, 46], [43]
[2025-01-29 23:55:57,097][__main__][INFO] - [0, 47], [43]
[2025-01-29 23:55:57,813][__main__][INFO] - [0, 48], [43]
[2025-01-29 23:55:58,336][__main__][INFO] - [0, 49], [43]
[2025-01-29 23:55:58,375][__main__][INFO] - [0, 50], [43]
[2025-01-29 23:55:58,457][__main__][INFO] - [0, 51], [43]
[2025-01-29 23:55:58,524][__main__][INFO] - [0, 52], [43]
[2025-01-29 23:55:58,597][__main__][INFO] - [0, 53], [43]
[2025-01-29 23:55:58,677][__main__][INFO] - [0, 54], [43]
[2025-01-29 23:55:58,749][__main__][INFO] - [0, 55], [43]
[2025-01-29 23:55:58,817][__main__][INFO] - [0, 56], [43]
[2025-01-29 23:55:58,881][__main__][INFO] - [0, 57], [43]
[2025-01-29 23:55:58,940][__main__][INFO] - [0, 58], [43]
[2025-01-29 23:55:58,994][__main__][INFO] - [0, 59], [43]
[2025-01-29 23:55:59,394][__main__][INFO] - [0, 44, 47], []
[2025-01-29 23:56:00,006][__main__][INFO] - [0, 44, 48], []
[2025-01-29 23:56:00,510][__main__][INFO] - [0, 44, 49], []
[2025-01-29 23:56:00,548][__main__][INFO] - [0, 44, 50], []
[2025-01-29 23:56:00,617][__main__][INFO] - [0, 44, 51], []
[2025-01-29 23:56:00,676][__main__][INFO] - [0, 44, 52], []
[2025-01-29 23:56:00,743][__main__][INFO] - [0, 44, 53], []
[2025-01-29 23:56:00,816][__main__][INFO] - [0, 44, 54], []
[2025-01-29 23:56:00,883][__main__][INFO] - [0, 44, 55], []
[2025-01-29 23:56:00,945][__main__][INFO] - [0, 44, 56], []
[2025-01-29 23:56:01,006][__main__][INFO] - [0, 44, 57], []
[2025-01-29 23:56:01,061][__main__][INFO] - [0, 44, 58], []
[2025-01-29 23:56:01,111][__main__][INFO] - [0, 44, 59], []
[2025-01-29 23:56:01,486][__main__][INFO] - [0, 45, 47], []
[2025-01-29 23:56:01,538][__main__][INFO] - [0, 45, 48], []
[2025-01-29 23:56:01,568][__main__][INFO] - [0, 45, 49], []
[2025-01-29 23:56:01,586][__main__][INFO] - [0, 45, 50], []
[2025-01-29 23:56:01,612][__main__][INFO] - [0, 45, 51], []
[2025-01-29 23:56:01,633][__main__][INFO] - [0, 45, 52], []
[2025-01-29 23:56:01,653][__main__][INFO] - [0, 45, 53], []
[2025-01-29 23:56:01,673][__main__][INFO] - [0, 45, 54], []
[2025-01-29 23:56:01,693][__main__][INFO] - [0, 45, 55], []
[2025-01-29 23:56:01,713][__main__][INFO] - [0, 45, 56], []
[2025-01-29 23:56:01,731][__main__][INFO] - [0, 45, 57], []
[2025-01-29 23:56:01,748][__main__][INFO] - [0, 45, 58], []
[2025-01-29 23:56:01,766][__main__][INFO] - [0, 45, 59], []
[2025-01-29 23:56:01,805][__main__][INFO] - [0, 46, 47], []
[2025-01-29 23:56:01,896][__main__][INFO] - [0, 46, 50], []
[2025-01-29 23:56:01,915][__main__][INFO] - [0, 46, 51], []
[2025-01-29 23:56:01,935][__main__][INFO] - [0, 46, 52], []
[2025-01-29 23:56:01,955][__main__][INFO] - [0, 46, 53], []
[2025-01-29 23:56:01,975][__main__][INFO] - [0, 46, 54], []
[2025-01-29 23:56:01,994][__main__][INFO] - [0, 46, 55], []
[2025-01-29 23:56:02,013][__main__][INFO] - [0, 46, 56], []
[2025-01-29 23:56:02,032][__main__][INFO] - [0, 46, 57], []
[2025-01-29 23:56:02,050][__main__][INFO] - [0, 46, 58], []
[2025-01-29 23:56:02,068][__main__][INFO] - [0, 46, 59], []
[2025-01-29 23:56:02,111][__main__][INFO] - [0, 47, 50], []
[2025-01-29 23:56:02,158][__main__][INFO] - [0, 47, 51], []
[2025-01-29 23:56:02,203][__main__][INFO] - [0, 47, 52], []
[2025-01-29 23:56:02,252][__main__][INFO] - [0, 47, 53], []
[2025-01-29 23:56:02,302][__main__][INFO] - [0, 47, 54], []
[2025-01-29 23:56:02,348][__main__][INFO] - [0, 47, 55], []
[2025-01-29 23:56:02,391][__main__][INFO] - [0, 47, 56], []
[2025-01-29 23:56:02,432][__main__][INFO] - [0, 47, 57], []
[2025-01-29 23:56:02,471][__main__][INFO] - [0, 47, 58], []
[2025-01-29 23:56:02,507][__main__][INFO] - [0, 47, 59], []
[2025-01-29 23:56:02,737][__main__][INFO] - [0, 48, 50], []
[2025-01-29 23:56:02,785][__main__][INFO] - [0, 48, 51], []
[2025-01-29 23:56:02,820][__main__][INFO] - [0, 48, 52], []
[2025-01-29 23:56:02,858][__main__][INFO] - [0, 48, 53], []
[2025-01-29 23:56:02,899][__main__][INFO] - [0, 48, 54], []
[2025-01-29 23:56:02,938][__main__][INFO] - [0, 48, 55], []
[2025-01-29 23:56:02,975][__main__][INFO] - [0, 48, 56], []
[2025-01-29 23:56:03,011][__main__][INFO] - [0, 48, 57], []
[2025-01-29 23:56:03,045][__main__][INFO] - [0, 48, 58], []
[2025-01-29 23:56:03,075][__main__][INFO] - [0, 48, 59], []
[2025-01-29 23:56:03,244][__main__][INFO] - [0, 49, 50], []
[2025-01-29 23:56:03,263][__main__][INFO] - [0, 49, 51], []
[2025-01-29 23:56:03,281][__main__][INFO] - [0, 49, 52], []
[2025-01-29 23:56:03,299][__main__][INFO] - [0, 49, 53], []
[2025-01-29 23:56:03,318][__main__][INFO] - [0, 49, 54], []
[2025-01-29 23:56:03,336][__main__][INFO] - [0, 49, 55], []
[2025-01-29 23:56:03,354][__main__][INFO] - [0, 49, 56], []
[2025-01-29 23:56:03,372][__main__][INFO] - [0, 49, 57], []
[2025-01-29 23:56:03,390][__main__][INFO] - [0, 49, 58], []
[2025-01-29 23:56:03,407][__main__][INFO] - [0, 49, 59], []
[2025-01-29 23:56:03,458][__main__][INFO] - [1, 10], [0]
[2025-01-29 23:56:03,488][__main__][INFO] - [1, 11], [0]
[2025-01-29 23:56:03,521][__main__][INFO] - [1, 12], [0]
[2025-01-29 23:56:03,557][__main__][INFO] - [1, 13], [0]
[2025-01-29 23:56:03,588][__main__][INFO] - [1, 14], [0]
[2025-01-29 23:56:03,620][__main__][INFO] - [1, 15], [0]
[2025-01-29 23:56:03,648][__main__][INFO] - [1, 16], [0]
[2025-01-29 23:56:03,673][__main__][INFO] - [1, 17], [0]
[2025-01-29 23:56:03,694][__main__][INFO] - [1, 18], [0]
[2025-01-29 23:56:03,713][__main__][INFO] - [1, 19], [0]
[2025-01-29 23:56:03,729][__main__][INFO] - [1, 20], [0]
[2025-01-29 23:56:03,813][__main__][INFO] - [1, 21], [0]
[2025-01-29 23:56:03,829][__main__][INFO] - [1, 22], [0]
[2025-01-29 23:56:03,933][__main__][INFO] - [1, 26], [0]
[2025-01-29 23:56:03,961][__main__][INFO] - [1], [0, 26]
[2025-01-29 23:56:04,080][__main__][INFO] - [1, 27], [0]
[2025-01-29 23:56:04,163][__main__][INFO] - [1, 28], [0]
[2025-01-29 23:56:04,205][__main__][INFO] - [1, 29], [0]
[2025-01-29 23:56:04,237][__main__][INFO] - [1, 30], [0]
[2025-01-29 23:56:04,254][__main__][INFO] - [1, 31], [0]
[2025-01-29 23:56:04,270][__main__][INFO] - [1, 32], [0]
[2025-01-29 23:56:04,368][__main__][INFO] - [1, 33], [0]
[2025-01-29 23:56:04,388][__main__][INFO] - [1, 34], [0]
[2025-01-29 23:56:04,404][__main__][INFO] - [1, 35], [0]
[2025-01-29 23:56:04,421][__main__][INFO] - [1, 36], [0]
[2025-01-29 23:56:04,465][__main__][INFO] - [1, 37], [0]
[2025-01-29 23:56:04,568][__main__][INFO] - [1, 38], [0]
[2025-01-29 23:56:04,591][__main__][INFO] - [1, 39], [0]
[2025-01-29 23:56:04,622][__main__][INFO] - [1, 40], [0]
[2025-01-29 23:56:04,638][__main__][INFO] - [1, 41], [0]
[2025-01-29 23:56:04,697][__main__][INFO] - [1], [0, 41]
[2025-01-29 23:56:04,782][__main__][INFO] - [1, 42], [0]
[2025-01-29 23:56:04,801][__main__][INFO] - [1], [0, 42]
[2025-01-29 23:56:04,931][__main__][INFO] - [1, 43], [0]
[2025-01-29 23:56:04,951][__main__][INFO] - [1], [0, 43]
[2025-01-29 23:56:05,082][__main__][INFO] - [1, 44], [0]
[2025-01-29 23:56:05,201][__main__][INFO] - [1, 45], [0]
[2025-01-29 23:56:05,219][__main__][INFO] - [1, 46], [0]
[2025-01-29 23:56:05,241][__main__][INFO] - [1, 47], [0]
[2025-01-29 23:56:05,402][__main__][INFO] - [1, 50], [0]
[2025-01-29 23:56:05,428][__main__][INFO] - [1, 51], [0]
[2025-01-29 23:56:05,452][__main__][INFO] - [1, 52], [0]
[2025-01-29 23:56:05,477][__main__][INFO] - [1, 53], [0]
[2025-01-29 23:56:05,504][__main__][INFO] - [1, 54], [0]
[2025-01-29 23:56:05,521][__main__][INFO] - [1, 55], [0]
[2025-01-29 23:56:05,544][__main__][INFO] - [1, 56], [0]
[2025-01-29 23:56:05,566][__main__][INFO] - [1, 57], [0]
[2025-01-29 23:56:05,587][__main__][INFO] - [1, 58], [0]
[2025-01-29 23:56:05,603][__main__][INFO] - [1, 59], [0]
[2025-01-29 23:56:05,646][__main__][INFO] - [2, 10], [0]
[2025-01-29 23:56:05,727][__main__][INFO] - [2, 11], [0]
[2025-01-29 23:56:05,815][__main__][INFO] - [2, 12], [0]
[2025-01-29 23:56:05,914][__main__][INFO] - [2, 13], [0]
[2025-01-29 23:56:06,006][__main__][INFO] - [2, 14], [0]
[2025-01-29 23:56:06,098][__main__][INFO] - [2, 15], [0]
[2025-01-29 23:56:06,195][__main__][INFO] - [2, 16], [0]
[2025-01-29 23:56:06,298][__main__][INFO] - [2, 17], [0]
[2025-01-29 23:56:06,389][__main__][INFO] - [2, 18], [0]
[2025-01-29 23:56:06,436][__main__][INFO] - [2, 19], [0]
[2025-01-29 23:56:06,467][__main__][INFO] - [2, 20], [0]
[2025-01-29 23:56:07,169][__main__][INFO] - [2, 21], [0]
[2025-01-29 23:56:07,186][__main__][INFO] - [2, 22], [0]
[2025-01-29 23:56:07,270][__main__][INFO] - [2, 23], [0]
[2025-01-29 23:56:07,306][__main__][INFO] - [2, 24], [0]
[2025-01-29 23:56:07,323][__main__][INFO] - [2, 25], [0]
[2025-01-29 23:56:07,341][__main__][INFO] - [2, 26], [0]
[2025-01-29 23:56:07,478][__main__][INFO] - [2], [0, 26]
[2025-01-29 23:56:08,144][__main__][INFO] - [2, 27], [0]
[2025-01-29 23:56:08,825][__main__][INFO] - [2, 28], [0]
[2025-01-29 23:56:08,886][__main__][INFO] - [2, 29], [0]
[2025-01-29 23:56:08,950][__main__][INFO] - [2, 30], [0]
[2025-01-29 23:56:08,973][__main__][INFO] - [2, 31], [0]
[2025-01-29 23:56:08,990][__main__][INFO] - [2, 32], [0]
[2025-01-29 23:56:09,536][__main__][INFO] - [2, 33], [0]
[2025-01-29 23:56:09,629][__main__][INFO] - [2, 34], [0]
[2025-01-29 23:56:09,650][__main__][INFO] - [2, 35], [0]
[2025-01-29 23:56:09,676][__main__][INFO] - [2, 36], [0]
[2025-01-29 23:56:09,813][__main__][INFO] - [2, 37], [0]
[2025-01-29 23:56:10,221][__main__][INFO] - [2, 38], [0]
[2025-01-29 23:56:10,421][__main__][INFO] - [2, 39], [0]
[2025-01-29 23:56:10,543][__main__][INFO] - [2, 40], [0]
[2025-01-29 23:56:10,569][__main__][INFO] - [2, 41], [0]
[2025-01-29 23:56:10,684][__main__][INFO] - [2], [0, 41]
[2025-01-29 23:56:11,404][__main__][INFO] - [2, 42], [0]
[2025-01-29 23:56:11,458][__main__][INFO] - [2], [0, 42]
[2025-01-29 23:56:12,271][__main__][INFO] - [2, 43], [0]
[2025-01-29 23:56:12,303][__main__][INFO] - [2], [0, 43]
[2025-01-29 23:56:13,152][__main__][INFO] - [2, 44], [0]
[2025-01-29 23:56:13,925][__main__][INFO] - [2, 45], [0]
[2025-01-29 23:56:13,977][__main__][INFO] - [2, 46], [0]
[2025-01-29 23:56:14,022][__main__][INFO] - [2, 47], [0]
[2025-01-29 23:56:14,969][__main__][INFO] - [2, 50], [0]
[2025-01-29 23:56:15,029][__main__][INFO] - [2, 51], [0]
[2025-01-29 23:56:15,070][__main__][INFO] - [2, 52], [0]
[2025-01-29 23:56:15,118][__main__][INFO] - [2, 53], [0]
[2025-01-29 23:56:15,171][__main__][INFO] - [2, 54], [0]
[2025-01-29 23:56:15,220][__main__][INFO] - [2, 55], [0]
[2025-01-29 23:56:15,266][__main__][INFO] - [2, 56], [0]
[2025-01-29 23:56:15,310][__main__][INFO] - [2, 57], [0]
[2025-01-29 23:56:15,353][__main__][INFO] - [2, 58], [0]
[2025-01-29 23:56:15,393][__main__][INFO] - [2, 59], [0]
[2025-01-29 23:56:15,683][__main__][INFO] - [3, 10], [0]
[2025-01-29 23:56:15,712][__main__][INFO] - [3, 11], [0]
[2025-01-29 23:56:15,738][__main__][INFO] - [3, 12], [0]
[2025-01-29 23:56:15,762][__main__][INFO] - [3, 13], [0]
[2025-01-29 23:56:15,783][__main__][INFO] - [3, 14], [0]
[2025-01-29 23:56:15,804][__main__][INFO] - [3, 15], [0]
[2025-01-29 23:56:15,824][__main__][INFO] - [3, 16], [0]
[2025-01-29 23:56:15,844][__main__][INFO] - [3, 17], [0]
[2025-01-29 23:56:15,861][__main__][INFO] - [3, 18], [0]
[2025-01-29 23:56:15,877][__main__][INFO] - [3, 19], [0]
[2025-01-29 23:56:15,893][__main__][INFO] - [3, 20], [0]
[2025-01-29 23:56:15,951][__main__][INFO] - [3, 21], [0]
[2025-01-29 23:56:15,971][__main__][INFO] - [3, 22], [0]
[2025-01-29 23:56:15,988][__main__][INFO] - [3, 23], [0]
[2025-01-29 23:56:16,018][__main__][INFO] - [3, 25], [0]
[2025-01-29 23:56:16,035][__main__][INFO] - [3, 26], [0]
[2025-01-29 23:56:16,057][__main__][INFO] - [3], [0, 26]
[2025-01-29 23:56:16,116][__main__][INFO] - [3, 27], [0]
[2025-01-29 23:56:16,175][__main__][INFO] - [3, 28], [0]
[2025-01-29 23:56:16,191][__main__][INFO] - [3, 29], [0]
[2025-01-29 23:56:16,208][__main__][INFO] - [3, 30], [0]
[2025-01-29 23:56:16,225][__main__][INFO] - [3, 31], [0]
[2025-01-29 23:56:16,242][__main__][INFO] - [3, 32], [0]
[2025-01-29 23:56:16,283][__main__][INFO] - [3, 33], [0]
[2025-01-29 23:56:16,302][__main__][INFO] - [3, 34], [0]
[2025-01-29 23:56:16,319][__main__][INFO] - [3, 35], [0]
[2025-01-29 23:56:16,336][__main__][INFO] - [3, 36], [0]
[2025-01-29 23:56:16,371][__main__][INFO] - [3, 37], [0]
[2025-01-29 23:56:16,398][__main__][INFO] - [3, 38], [0]
[2025-01-29 23:56:16,441][__main__][INFO] - [3, 39], [0]
[2025-01-29 23:56:16,464][__main__][INFO] - [3, 40], [0]
[2025-01-29 23:56:16,480][__main__][INFO] - [3, 41], [0]
[2025-01-29 23:56:16,496][__main__][INFO] - [3], [0, 41]
[2025-01-29 23:56:16,556][__main__][INFO] - [3, 42], [0]
[2025-01-29 23:56:16,574][__main__][INFO] - [3], [0, 42]
[2025-01-29 23:56:16,639][__main__][INFO] - [3, 43], [0]
[2025-01-29 23:56:16,657][__main__][INFO] - [3], [0, 43]
[2025-01-29 23:56:16,722][__main__][INFO] - [3, 44], [0]
[2025-01-29 23:56:16,778][__main__][INFO] - [3, 45], [0]
[2025-01-29 23:56:16,798][__main__][INFO] - [3, 46], [0]
[2025-01-29 23:56:16,819][__main__][INFO] - [3, 47], [0]
[2025-01-29 23:56:16,914][__main__][INFO] - [3, 50], [0]
[2025-01-29 23:56:16,934][__main__][INFO] - [3, 51], [0]
[2025-01-29 23:56:16,953][__main__][INFO] - [3, 52], [0]
[2025-01-29 23:56:16,972][__main__][INFO] - [3, 53], [0]
[2025-01-29 23:56:16,991][__main__][INFO] - [3, 54], [0]
[2025-01-29 23:56:17,010][__main__][INFO] - [3, 55], [0]
[2025-01-29 23:56:17,029][__main__][INFO] - [3, 56], [0]
[2025-01-29 23:56:17,048][__main__][INFO] - [3, 57], [0]
[2025-01-29 23:56:17,067][__main__][INFO] - [3, 58], [0]
[2025-01-29 23:56:17,085][__main__][INFO] - [3, 59], [0]
[2025-01-29 23:56:17,130][__main__][INFO] - [4, 10], [0]
[2025-01-29 23:56:17,160][__main__][INFO] - [4, 11], [0]
[2025-01-29 23:56:17,177][__main__][INFO] - [4, 12], [0]
[2025-01-29 23:56:17,213][__main__][INFO] - [4, 13], [0]
[2025-01-29 23:56:17,247][__main__][INFO] - [4, 14], [0]
[2025-01-29 23:56:17,265][__main__][INFO] - [4, 15], [0]
[2025-01-29 23:56:17,282][__main__][INFO] - [4, 16], [0]
[2025-01-29 23:56:17,299][__main__][INFO] - [4, 17], [0]
[2025-01-29 23:56:17,327][__main__][INFO] - [4, 18], [0]
[2025-01-29 23:56:17,343][__main__][INFO] - [4, 19], [0]
[2025-01-29 23:56:17,360][__main__][INFO] - [4, 20], [0]
[2025-01-29 23:56:17,429][__main__][INFO] - [4, 21], [0]
[2025-01-29 23:56:17,531][__main__][INFO] - [4, 22], [0]
[2025-01-29 23:56:17,548][__main__][INFO] - [4, 23], [0]
[2025-01-29 23:56:17,565][__main__][INFO] - [4, 24], [0]
[2025-01-29 23:56:17,582][__main__][INFO] - [4, 25], [0]
[2025-01-29 23:56:17,598][__main__][INFO] - [4, 26], [0]
[2025-01-29 23:56:17,615][__main__][INFO] - [4], [0, 26]
[2025-01-29 23:56:17,764][__main__][INFO] - [4, 27], [0]
[2025-01-29 23:56:17,834][__main__][INFO] - [4, 28], [0]
[2025-01-29 23:56:17,875][__main__][INFO] - [4, 29], [0]
[2025-01-29 23:56:17,947][__main__][INFO] - [4, 30], [0]
[2025-01-29 23:56:17,965][__main__][INFO] - [4, 31], [0]
[2025-01-29 23:56:17,981][__main__][INFO] - [4, 32], [0]
[2025-01-29 23:56:18,107][__main__][INFO] - [4, 33], [0]
[2025-01-29 23:56:18,130][__main__][INFO] - [4, 34], [0]
[2025-01-29 23:56:18,147][__main__][INFO] - [4, 35], [0]
[2025-01-29 23:56:18,164][__main__][INFO] - [4, 36], [0]
[2025-01-29 23:56:18,206][__main__][INFO] - [4, 37], [0]
[2025-01-29 23:56:18,335][__main__][INFO] - [4, 38], [0]
[2025-01-29 23:56:18,360][__main__][INFO] - [4, 39], [0]
[2025-01-29 23:56:18,393][__main__][INFO] - [4, 40], [0]
[2025-01-29 23:56:18,410][__main__][INFO] - [4, 41], [0]
[2025-01-29 23:56:18,511][__main__][INFO] - [4], [0, 41]
[2025-01-29 23:56:18,583][__main__][INFO] - [4, 42], [0]
[2025-01-29 23:56:18,600][__main__][INFO] - [4], [0, 42]
[2025-01-29 23:56:18,759][__main__][INFO] - [4, 43], [0]
[2025-01-29 23:56:18,776][__main__][INFO] - [4], [0, 43]
[2025-01-29 23:56:18,933][__main__][INFO] - [4, 44], [0]
[2025-01-29 23:56:19,083][__main__][INFO] - [4, 45], [0]
[2025-01-29 23:56:19,101][__main__][INFO] - [4, 46], [0]
[2025-01-29 23:56:19,124][__main__][INFO] - [4, 47], [0]
[2025-01-29 23:56:19,315][__main__][INFO] - [4, 50], [0]
[2025-01-29 23:56:19,340][__main__][INFO] - [4, 51], [0]
[2025-01-29 23:56:19,356][__main__][INFO] - [4, 52], [0]
[2025-01-29 23:56:19,379][__main__][INFO] - [4, 53], [0]
[2025-01-29 23:56:19,396][__main__][INFO] - [4, 54], [0]
[2025-01-29 23:56:19,413][__main__][INFO] - [4, 55], [0]
[2025-01-29 23:56:19,429][__main__][INFO] - [4, 56], [0]
[2025-01-29 23:56:19,452][__main__][INFO] - [4, 57], [0]
[2025-01-29 23:56:19,474][__main__][INFO] - [4, 58], [0]
[2025-01-29 23:56:19,495][__main__][INFO] - [4, 59], [0]
[2025-01-29 23:56:19,585][__main__][INFO] - [5, 10], [0]
[2025-01-29 23:56:19,607][__main__][INFO] - [5, 11], [0]
[2025-01-29 23:56:19,630][__main__][INFO] - [5, 12], [0]
[2025-01-29 23:56:19,654][__main__][INFO] - [5, 13], [0]
[2025-01-29 23:56:19,676][__main__][INFO] - [5, 14], [0]
[2025-01-29 23:56:19,693][__main__][INFO] - [5, 15], [0]
[2025-01-29 23:56:19,716][__main__][INFO] - [5, 16], [0]
[2025-01-29 23:56:19,733][__main__][INFO] - [5, 17], [0]
[2025-01-29 23:56:19,753][__main__][INFO] - [5, 18], [0]
[2025-01-29 23:56:19,770][__main__][INFO] - [5, 19], [0]
[2025-01-29 23:56:19,787][__main__][INFO] - [5, 20], [0]
[2025-01-29 23:56:19,859][__main__][INFO] - [5, 22], [0]
[2025-01-29 23:56:19,878][__main__][INFO] - [5, 23], [0]
[2025-01-29 23:56:19,895][__main__][INFO] - [5, 24], [0]
[2025-01-29 23:56:19,928][__main__][INFO] - [5, 26], [0]
[2025-01-29 23:56:19,954][__main__][INFO] - [5], [0, 26]
[2025-01-29 23:56:20,008][__main__][INFO] - [5, 27], [0]
[2025-01-29 23:56:20,066][__main__][INFO] - [5, 28], [0]
[2025-01-29 23:56:20,084][__main__][INFO] - [5, 29], [0]
[2025-01-29 23:56:20,103][__main__][INFO] - [5, 30], [0]
[2025-01-29 23:56:20,120][__main__][INFO] - [5, 31], [0]
[2025-01-29 23:56:20,137][__main__][INFO] - [5, 32], [0]
[2025-01-29 23:56:20,183][__main__][INFO] - [5, 33], [0]
[2025-01-29 23:56:20,205][__main__][INFO] - [5, 34], [0]
[2025-01-29 23:56:20,222][__main__][INFO] - [5, 35], [0]
[2025-01-29 23:56:20,240][__main__][INFO] - [5, 36], [0]
[2025-01-29 23:56:20,264][__main__][INFO] - [5, 37], [0]
[2025-01-29 23:56:20,314][__main__][INFO] - [5, 38], [0]
[2025-01-29 23:56:20,335][__main__][INFO] - [5, 39], [0]
[2025-01-29 23:56:20,358][__main__][INFO] - [5, 40], [0]
[2025-01-29 23:56:20,374][__main__][INFO] - [5, 41], [0]
[2025-01-29 23:56:20,395][__main__][INFO] - [5], [0, 41]
[2025-01-29 23:56:20,453][__main__][INFO] - [5, 42], [0]
[2025-01-29 23:56:20,471][__main__][INFO] - [5], [0, 42]
[2025-01-29 23:56:20,533][__main__][INFO] - [5, 43], [0]
[2025-01-29 23:56:20,551][__main__][INFO] - [5], [0, 43]
[2025-01-29 23:56:20,612][__main__][INFO] - [5, 44], [0]
[2025-01-29 23:56:20,667][__main__][INFO] - [5, 45], [0]
[2025-01-29 23:56:20,684][__main__][INFO] - [5, 46], [0]
[2025-01-29 23:56:20,705][__main__][INFO] - [5, 47], [0]
[2025-01-29 23:56:20,796][__main__][INFO] - [5, 50], [0]
[2025-01-29 23:56:20,821][__main__][INFO] - [5, 51], [0]
[2025-01-29 23:56:20,841][__main__][INFO] - [5, 52], [0]
[2025-01-29 23:56:20,861][__main__][INFO] - [5, 53], [0]
[2025-01-29 23:56:20,878][__main__][INFO] - [5, 54], [0]
[2025-01-29 23:56:20,897][__main__][INFO] - [5, 55], [0]
[2025-01-29 23:56:20,914][__main__][INFO] - [5, 56], [0]
[2025-01-29 23:56:20,930][__main__][INFO] - [5, 57], [0]
[2025-01-29 23:56:20,946][__main__][INFO] - [5, 58], [0]
[2025-01-29 23:56:20,964][__main__][INFO] - [5, 59], [0]
[2025-01-29 23:56:21,004][__main__][INFO] - [6, 10], [0]
[2025-01-29 23:56:21,022][__main__][INFO] - [6, 11], [0]
[2025-01-29 23:56:21,040][__main__][INFO] - [6, 12], [0]
[2025-01-29 23:56:21,059][__main__][INFO] - [6, 13], [0]
[2025-01-29 23:56:21,076][__main__][INFO] - [6, 14], [0]
[2025-01-29 23:56:21,094][__main__][INFO] - [6, 15], [0]
[2025-01-29 23:56:21,112][__main__][INFO] - [6, 16], [0]
[2025-01-29 23:56:21,131][__main__][INFO] - [6, 17], [0]
[2025-01-29 23:56:21,148][__main__][INFO] - [6, 18], [0]
[2025-01-29 23:56:21,166][__main__][INFO] - [6, 19], [0]
[2025-01-29 23:56:21,182][__main__][INFO] - [6, 20], [0]
[2025-01-29 23:56:21,221][__main__][INFO] - [6, 22], [0]
[2025-01-29 23:56:21,281][__main__][INFO] - [6, 26], [0]
[2025-01-29 23:56:21,299][__main__][INFO] - [6], [0, 26]
[2025-01-29 23:56:21,323][__main__][INFO] - [6, 27], [0]
[2025-01-29 23:56:21,347][__main__][INFO] - [6, 28], [0]
[2025-01-29 23:56:21,364][__main__][INFO] - [6, 29], [0]
[2025-01-29 23:56:21,409][__main__][INFO] - [6, 32], [0]
[2025-01-29 23:56:21,432][__main__][INFO] - [6, 33], [0]
[2025-01-29 23:56:21,478][__main__][INFO] - [6, 36], [0]
[2025-01-29 23:56:21,497][__main__][INFO] - [6, 37], [0]
[2025-01-29 23:56:21,519][__main__][INFO] - [6, 38], [0]
[2025-01-29 23:56:21,537][__main__][INFO] - [6, 39], [0]
[2025-01-29 23:56:21,556][__main__][INFO] - [6, 40], [0]
[2025-01-29 23:56:21,575][__main__][INFO] - [6, 41], [0]
[2025-01-29 23:56:21,593][__main__][INFO] - [6], [0, 41]
[2025-01-29 23:56:21,619][__main__][INFO] - [6, 42], [0]
[2025-01-29 23:56:21,637][__main__][INFO] - [6], [0, 42]
[2025-01-29 23:56:21,663][__main__][INFO] - [6, 43], [0]
[2025-01-29 23:56:21,680][__main__][INFO] - [6], [0, 43]
[2025-01-29 23:56:21,706][__main__][INFO] - [6, 44], [0]
[2025-01-29 23:56:21,730][__main__][INFO] - [6, 45], [0]
[2025-01-29 23:56:21,748][__main__][INFO] - [6, 46], [0]
[2025-01-29 23:56:21,766][__main__][INFO] - [6, 47], [0]
[2025-01-29 23:56:21,820][__main__][INFO] - [6, 50], [0]
[2025-01-29 23:56:21,837][__main__][INFO] - [6, 51], [0]
[2025-01-29 23:56:21,855][__main__][INFO] - [6, 52], [0]
[2025-01-29 23:56:21,873][__main__][INFO] - [6, 53], [0]
[2025-01-29 23:56:21,891][__main__][INFO] - [6, 54], [0]
[2025-01-29 23:56:21,909][__main__][INFO] - [6, 55], [0]
[2025-01-29 23:56:21,926][__main__][INFO] - [6, 56], [0]
[2025-01-29 23:56:21,944][__main__][INFO] - [6, 57], [0]
[2025-01-29 23:56:21,961][__main__][INFO] - [6, 58], [0]
[2025-01-29 23:56:21,978][__main__][INFO] - [6, 59], [0]
[2025-01-29 23:56:22,010][__main__][INFO] - [7, 10], [0]
[2025-01-29 23:56:22,027][__main__][INFO] - [7, 11], [0]
[2025-01-29 23:56:22,043][__main__][INFO] - [7, 12], [0]
[2025-01-29 23:56:22,059][__main__][INFO] - [7, 13], [0]
[2025-01-29 23:56:22,076][__main__][INFO] - [7, 14], [0]
[2025-01-29 23:56:22,092][__main__][INFO] - [7, 15], [0]
[2025-01-29 23:56:22,109][__main__][INFO] - [7, 16], [0]
[2025-01-29 23:56:22,126][__main__][INFO] - [7, 17], [0]
[2025-01-29 23:56:22,171][__main__][INFO] - [7, 20], [0]
[2025-01-29 23:56:22,245][__main__][INFO] - [7, 25], [0]
[2025-01-29 23:56:22,261][__main__][INFO] - [7, 26], [0]
[2025-01-29 23:56:22,278][__main__][INFO] - [7], [0, 26]
[2025-01-29 23:56:22,294][__main__][INFO] - [7, 27], [0]
[2025-01-29 23:56:22,311][__main__][INFO] - [7, 28], [0]
[2025-01-29 23:56:22,328][__main__][INFO] - [7, 29], [0]
[2025-01-29 23:56:22,358][__main__][INFO] - [7, 31], [0]
[2025-01-29 23:56:22,375][__main__][INFO] - [7, 32], [0]
[2025-01-29 23:56:22,391][__main__][INFO] - [7, 33], [0]
[2025-01-29 23:56:22,436][__main__][INFO] - [7, 36], [0]
[2025-01-29 23:56:22,453][__main__][INFO] - [7, 37], [0]
[2025-01-29 23:56:22,469][__main__][INFO] - [7, 38], [0]
[2025-01-29 23:56:22,486][__main__][INFO] - [7, 39], [0]
[2025-01-29 23:56:22,519][__main__][INFO] - [7, 41], [0]
[2025-01-29 23:56:22,547][__main__][INFO] - [7], [0, 41]
[2025-01-29 23:56:22,564][__main__][INFO] - [7, 42], [0]
[2025-01-29 23:56:22,581][__main__][INFO] - [7], [0, 42]
[2025-01-29 23:56:22,597][__main__][INFO] - [7, 43], [0]
[2025-01-29 23:56:22,614][__main__][INFO] - [7], [0, 43]
[2025-01-29 23:56:22,630][__main__][INFO] - [7, 44], [0]
[2025-01-29 23:56:22,647][__main__][INFO] - [7, 45], [0]
[2025-01-29 23:56:22,664][__main__][INFO] - [7, 46], [0]
[2025-01-29 23:56:22,680][__main__][INFO] - [7, 47], [0]
[2025-01-29 23:56:22,725][__main__][INFO] - [7, 50], [0]
[2025-01-29 23:56:22,742][__main__][INFO] - [7, 51], [0]
[2025-01-29 23:56:22,758][__main__][INFO] - [7, 52], [0]
[2025-01-29 23:56:22,775][__main__][INFO] - [7, 53], [0]
[2025-01-29 23:56:22,791][__main__][INFO] - [7, 54], [0]
[2025-01-29 23:56:22,808][__main__][INFO] - [7, 55], [0]
[2025-01-29 23:56:22,824][__main__][INFO] - [7, 56], [0]
[2025-01-29 23:56:22,841][__main__][INFO] - [7, 57], [0]
[2025-01-29 23:56:22,857][__main__][INFO] - [7, 58], [0]
[2025-01-29 23:56:22,873][__main__][INFO] - [7, 59], [0]
[2025-01-29 23:56:22,904][__main__][INFO] - [8, 10], [0]
[2025-01-29 23:56:22,921][__main__][INFO] - [8, 11], [0]
[2025-01-29 23:56:22,939][__main__][INFO] - [8, 12], [0]
[2025-01-29 23:56:22,956][__main__][INFO] - [8, 13], [0]
[2025-01-29 23:56:22,973][__main__][INFO] - [8, 14], [0]
[2025-01-29 23:56:22,991][__main__][INFO] - [8, 15], [0]
[2025-01-29 23:56:23,008][__main__][INFO] - [8, 16], [0]
[2025-01-29 23:56:23,027][__main__][INFO] - [8, 17], [0]
[2025-01-29 23:56:23,073][__main__][INFO] - [8, 20], [0]
[2025-01-29 23:56:23,106][__main__][INFO] - [8, 22], [0]
[2025-01-29 23:56:23,165][__main__][INFO] - [8, 26], [0]
[2025-01-29 23:56:23,183][__main__][INFO] - [8], [0, 26]
[2025-01-29 23:56:23,202][__main__][INFO] - [8, 27], [0]
[2025-01-29 23:56:23,220][__main__][INFO] - [8, 28], [0]
[2025-01-29 23:56:23,237][__main__][INFO] - [8, 29], [0]
[2025-01-29 23:56:23,282][__main__][INFO] - [8, 32], [0]
[2025-01-29 23:56:23,300][__main__][INFO] - [8, 33], [0]
[2025-01-29 23:56:23,346][__main__][INFO] - [8, 36], [0]
[2025-01-29 23:56:23,364][__main__][INFO] - [8, 37], [0]
[2025-01-29 23:56:23,382][__main__][INFO] - [8, 38], [0]
[2025-01-29 23:56:23,400][__main__][INFO] - [8, 39], [0]
[2025-01-29 23:56:23,431][__main__][INFO] - [8, 41], [0]
[2025-01-29 23:56:23,448][__main__][INFO] - [8], [0, 41]
[2025-01-29 23:56:23,466][__main__][INFO] - [8, 42], [0]
[2025-01-29 23:56:23,484][__main__][INFO] - [8], [0, 42]
[2025-01-29 23:56:23,503][__main__][INFO] - [8, 43], [0]
[2025-01-29 23:56:23,520][__main__][INFO] - [8], [0, 43]
[2025-01-29 23:56:23,539][__main__][INFO] - [8, 44], [0]
[2025-01-29 23:56:23,558][__main__][INFO] - [8, 45], [0]
[2025-01-29 23:56:23,590][__main__][INFO] - [8, 47], [0]
[2025-01-29 23:56:23,638][__main__][INFO] - [8, 50], [0]
[2025-01-29 23:56:23,655][__main__][INFO] - [8, 51], [0]
[2025-01-29 23:56:23,672][__main__][INFO] - [8, 52], [0]
[2025-01-29 23:56:23,689][__main__][INFO] - [8, 53], [0]
[2025-01-29 23:56:23,706][__main__][INFO] - [8, 54], [0]
[2025-01-29 23:56:23,723][__main__][INFO] - [8, 55], [0]
[2025-01-29 23:56:23,740][__main__][INFO] - [8, 56], [0]
[2025-01-29 23:56:23,757][__main__][INFO] - [8, 57], [0]
[2025-01-29 23:56:23,789][__main__][INFO] - [8, 59], [0]
[2025-01-29 23:56:23,833][__main__][INFO] - [10, 20], [0]
[2025-01-29 23:56:23,956][__main__][INFO] - [10, 21], [0]
[2025-01-29 23:56:23,976][__main__][INFO] - [10, 22], [0]
[2025-01-29 23:56:23,994][__main__][INFO] - [10, 23], [0]
[2025-01-29 23:56:24,011][__main__][INFO] - [10, 24], [0]
[2025-01-29 23:56:24,028][__main__][INFO] - [10, 25], [0]
[2025-01-29 23:56:24,046][__main__][INFO] - [10, 26], [0]
[2025-01-29 23:56:24,067][__main__][INFO] - [10], [0, 26]
[2025-01-29 23:56:24,190][__main__][INFO] - [10, 27], [0]
[2025-01-29 23:56:24,312][__main__][INFO] - [10, 28], [0]
[2025-01-29 23:56:24,330][__main__][INFO] - [10, 29], [0]
[2025-01-29 23:56:24,347][__main__][INFO] - [10, 30], [0]
[2025-01-29 23:56:24,437][__main__][INFO] - [10, 36], [0]
[2025-01-29 23:56:24,565][__main__][INFO] - [10, 37], [0]
[2025-01-29 23:56:24,635][__main__][INFO] - [10, 38], [0]
[2025-01-29 23:56:24,680][__main__][INFO] - [10, 39], [0]
[2025-01-29 23:56:24,716][__main__][INFO] - [10, 40], [0]
[2025-01-29 23:56:24,734][__main__][INFO] - [10, 41], [0]
[2025-01-29 23:56:24,751][__main__][INFO] - [10], [0, 41]
[2025-01-29 23:56:24,873][__main__][INFO] - [10, 42], [0]
[2025-01-29 23:56:24,890][__main__][INFO] - [10], [0, 42]
[2025-01-29 23:56:25,018][__main__][INFO] - [10, 43], [0]
[2025-01-29 23:56:25,036][__main__][INFO] - [10], [0, 43]
[2025-01-29 23:56:25,164][__main__][INFO] - [10, 44], [0]
[2025-01-29 23:56:25,232][__main__][INFO] - [10, 45], [0]
[2025-01-29 23:56:25,251][__main__][INFO] - [10, 46], [0]
[2025-01-29 23:56:25,315][__main__][INFO] - [10, 47], [0]
[2025-01-29 23:56:25,470][__main__][INFO] - [10, 50], [0]
[2025-01-29 23:56:25,494][__main__][INFO] - [10, 51], [0]
[2025-01-29 23:56:25,517][__main__][INFO] - [10, 52], [0]
[2025-01-29 23:56:25,542][__main__][INFO] - [10, 53], [0]
[2025-01-29 23:56:25,566][__main__][INFO] - [10, 54], [0]
[2025-01-29 23:56:25,589][__main__][INFO] - [10, 55], [0]
[2025-01-29 23:56:25,611][__main__][INFO] - [10, 56], [0]
[2025-01-29 23:56:25,632][__main__][INFO] - [10, 57], [0]
[2025-01-29 23:56:25,653][__main__][INFO] - [10, 58], [0]
[2025-01-29 23:56:25,673][__main__][INFO] - [10, 59], [0]
[2025-01-29 23:56:25,730][__main__][INFO] - [11, 20], [0]
[2025-01-29 23:56:25,858][__main__][INFO] - [11, 21], [0]
[2025-01-29 23:56:25,876][__main__][INFO] - [11, 22], [0]
[2025-01-29 23:56:25,897][__main__][INFO] - [11, 23], [0]
[2025-01-29 23:56:25,914][__main__][INFO] - [11, 24], [0]
[2025-01-29 23:56:25,931][__main__][INFO] - [11, 25], [0]
[2025-01-29 23:56:25,949][__main__][INFO] - [11, 26], [0]
[2025-01-29 23:56:25,972][__main__][INFO] - [11], [0, 26]
[2025-01-29 23:56:26,103][__main__][INFO] - [11, 27], [0]
[2025-01-29 23:56:26,233][__main__][INFO] - [11, 28], [0]
[2025-01-29 23:56:26,251][__main__][INFO] - [11, 29], [0]
[2025-01-29 23:56:26,268][__main__][INFO] - [11, 30], [0]
[2025-01-29 23:56:26,287][__main__][INFO] - [11, 31], [0]
[2025-01-29 23:56:26,304][__main__][INFO] - [11, 32], [0]
[2025-01-29 23:56:26,361][__main__][INFO] - [11, 34], [0]
[2025-01-29 23:56:26,392][__main__][INFO] - [11, 36], [0]
[2025-01-29 23:56:26,501][__main__][INFO] - [11, 37], [0]
[2025-01-29 23:56:26,582][__main__][INFO] - [11, 38], [0]
[2025-01-29 23:56:26,625][__main__][INFO] - [11, 39], [0]
[2025-01-29 23:56:26,661][__main__][INFO] - [11, 40], [0]
[2025-01-29 23:56:26,679][__main__][INFO] - [11, 41], [0]
[2025-01-29 23:56:26,697][__main__][INFO] - [11], [0, 41]
[2025-01-29 23:56:26,830][__main__][INFO] - [11, 42], [0]
[2025-01-29 23:56:26,848][__main__][INFO] - [11], [0, 42]
[2025-01-29 23:56:26,990][__main__][INFO] - [11, 43], [0]
[2025-01-29 23:56:27,008][__main__][INFO] - [11], [0, 43]
[2025-01-29 23:56:27,148][__main__][INFO] - [11, 44], [0]
[2025-01-29 23:56:27,284][__main__][INFO] - [11, 45], [0]
[2025-01-29 23:56:27,321][__main__][INFO] - [11, 47], [0]
[2025-01-29 23:56:27,493][__main__][INFO] - [11, 50], [0]
[2025-01-29 23:56:27,520][__main__][INFO] - [11, 51], [0]
[2025-01-29 23:56:27,545][__main__][INFO] - [11, 52], [0]
[2025-01-29 23:56:27,569][__main__][INFO] - [11, 53], [0]
[2025-01-29 23:56:27,594][__main__][INFO] - [11, 54], [0]
[2025-01-29 23:56:27,616][__main__][INFO] - [11, 55], [0]
[2025-01-29 23:56:27,639][__main__][INFO] - [11, 56], [0]
[2025-01-29 23:56:27,661][__main__][INFO] - [11, 57], [0]
[2025-01-29 23:56:27,683][__main__][INFO] - [11, 58], [0]
[2025-01-29 23:56:27,703][__main__][INFO] - [11, 59], [0]
[2025-01-29 23:56:27,762][__main__][INFO] - [12, 20], [0]
[2025-01-29 23:56:27,899][__main__][INFO] - [12, 21], [0]
[2025-01-29 23:56:27,925][__main__][INFO] - [12, 22], [0]
[2025-01-29 23:56:27,951][__main__][INFO] - [12, 23], [0]
[2025-01-29 23:56:27,970][__main__][INFO] - [12, 24], [0]
[2025-01-29 23:56:27,986][__main__][INFO] - [12, 25], [0]
[2025-01-29 23:56:28,003][__main__][INFO] - [12, 26], [0]
[2025-01-29 23:56:28,028][__main__][INFO] - [12], [0, 26]
[2025-01-29 23:56:28,179][__main__][INFO] - [12, 27], [0]
[2025-01-29 23:56:28,311][__main__][INFO] - [12, 28], [0]
[2025-01-29 23:56:28,339][__main__][INFO] - [12, 29], [0]
[2025-01-29 23:56:28,357][__main__][INFO] - [12, 30], [0]
[2025-01-29 23:56:28,375][__main__][INFO] - [12, 31], [0]
[2025-01-29 23:56:28,392][__main__][INFO] - [12, 32], [0]
[2025-01-29 23:56:28,540][__main__][INFO] - [12, 33], [0]
[2025-01-29 23:56:28,559][__main__][INFO] - [12, 34], [0]
[2025-01-29 23:56:28,580][__main__][INFO] - [12, 35], [0]
[2025-01-29 23:56:28,612][__main__][INFO] - [12, 37], [0]
[2025-01-29 23:56:28,705][__main__][INFO] - [12, 38], [0]
[2025-01-29 23:56:28,749][__main__][INFO] - [12, 39], [0]
[2025-01-29 23:56:28,786][__main__][INFO] - [12, 40], [0]
[2025-01-29 23:56:28,804][__main__][INFO] - [12, 41], [0]
[2025-01-29 23:56:28,839][__main__][INFO] - [12], [0, 41]
[2025-01-29 23:56:28,975][__main__][INFO] - [12, 42], [0]
[2025-01-29 23:56:28,994][__main__][INFO] - [12], [0, 42]
[2025-01-29 23:56:29,149][__main__][INFO] - [12, 43], [0]
[2025-01-29 23:56:29,168][__main__][INFO] - [12], [0, 43]
[2025-01-29 23:56:29,324][__main__][INFO] - [12, 44], [0]
[2025-01-29 23:56:29,473][__main__][INFO] - [12, 45], [0]
[2025-01-29 23:56:29,509][__main__][INFO] - [12, 47], [0]
[2025-01-29 23:56:29,699][__main__][INFO] - [12, 50], [0]
[2025-01-29 23:56:29,734][__main__][INFO] - [12, 51], [0]
[2025-01-29 23:56:29,756][__main__][INFO] - [12, 52], [0]
[2025-01-29 23:56:29,779][__main__][INFO] - [12, 53], [0]
[2025-01-29 23:56:29,803][__main__][INFO] - [12, 54], [0]
[2025-01-29 23:56:29,828][__main__][INFO] - [12, 55], [0]
[2025-01-29 23:56:29,851][__main__][INFO] - [12, 56], [0]
[2025-01-29 23:56:29,874][__main__][INFO] - [12, 57], [0]
[2025-01-29 23:56:29,896][__main__][INFO] - [12, 58], [0]
[2025-01-29 23:56:29,917][__main__][INFO] - [12, 59], [0]
[2025-01-29 23:56:29,978][__main__][INFO] - [13, 20], [0]
[2025-01-29 23:56:30,083][__main__][INFO] - [13, 21], [0]
[2025-01-29 23:56:30,113][__main__][INFO] - [13, 22], [0]
[2025-01-29 23:56:30,145][__main__][INFO] - [13, 23], [0]
[2025-01-29 23:56:30,165][__main__][INFO] - [13, 24], [0]
[2025-01-29 23:56:30,183][__main__][INFO] - [13, 25], [0]
[2025-01-29 23:56:30,200][__main__][INFO] - [13, 26], [0]
[2025-01-29 23:56:30,225][__main__][INFO] - [13], [0, 26]
[2025-01-29 23:56:30,353][__main__][INFO] - [13, 27], [0]
[2025-01-29 23:56:30,455][__main__][INFO] - [13, 28], [0]
[2025-01-29 23:56:30,490][__main__][INFO] - [13, 29], [0]
[2025-01-29 23:56:30,517][__main__][INFO] - [13, 30], [0]
[2025-01-29 23:56:30,536][__main__][INFO] - [13, 31], [0]
[2025-01-29 23:56:30,553][__main__][INFO] - [13, 32], [0]
[2025-01-29 23:56:30,681][__main__][INFO] - [13, 33], [0]
[2025-01-29 23:56:30,703][__main__][INFO] - [13, 34], [0]
[2025-01-29 23:56:30,722][__main__][INFO] - [13, 35], [0]
[2025-01-29 23:56:30,754][__main__][INFO] - [13, 37], [0]
[2025-01-29 23:56:30,839][__main__][INFO] - [13, 38], [0]
[2025-01-29 23:56:30,879][__main__][INFO] - [13, 39], [0]
[2025-01-29 23:56:30,913][__main__][INFO] - [13, 40], [0]
[2025-01-29 23:56:30,932][__main__][INFO] - [13, 41], [0]
[2025-01-29 23:56:30,979][__main__][INFO] - [13], [0, 41]
[2025-01-29 23:56:31,082][__main__][INFO] - [13, 42], [0]
[2025-01-29 23:56:31,101][__main__][INFO] - [13], [0, 42]
[2025-01-29 23:56:31,240][__main__][INFO] - [13, 43], [0]
[2025-01-29 23:56:31,259][__main__][INFO] - [13], [0, 43]
[2025-01-29 23:56:31,397][__main__][INFO] - [13, 44], [0]
[2025-01-29 23:56:31,530][__main__][INFO] - [13, 45], [0]
[2025-01-29 23:56:31,567][__main__][INFO] - [13, 47], [0]
[2025-01-29 23:56:31,738][__main__][INFO] - [13, 50], [0]
[2025-01-29 23:56:31,763][__main__][INFO] - [13, 51], [0]
[2025-01-29 23:56:31,784][__main__][INFO] - [13, 52], [0]
[2025-01-29 23:56:31,806][__main__][INFO] - [13, 53], [0]
[2025-01-29 23:56:31,829][__main__][INFO] - [13, 54], [0]
[2025-01-29 23:56:31,851][__main__][INFO] - [13, 55], [0]
[2025-01-29 23:56:31,873][__main__][INFO] - [13, 56], [0]
[2025-01-29 23:56:31,895][__main__][INFO] - [13, 57], [0]
[2025-01-29 23:56:31,917][__main__][INFO] - [13, 58], [0]
[2025-01-29 23:56:31,938][__main__][INFO] - [13, 59], [0]
[2025-01-29 23:56:32,010][__main__][INFO] - [14, 20], [0]
[2025-01-29 23:56:32,100][__main__][INFO] - [14, 21], [0]
[2025-01-29 23:56:32,117][__main__][INFO] - [14, 22], [0]
[2025-01-29 23:56:32,157][__main__][INFO] - [14, 23], [0]
[2025-01-29 23:56:32,178][__main__][INFO] - [14, 24], [0]
[2025-01-29 23:56:32,195][__main__][INFO] - [14, 25], [0]
[2025-01-29 23:56:32,212][__main__][INFO] - [14, 26], [0]
[2025-01-29 23:56:32,237][__main__][INFO] - [14], [0, 26]
[2025-01-29 23:56:32,366][__main__][INFO] - [14, 27], [0]
[2025-01-29 23:56:32,457][__main__][INFO] - [14, 28], [0]
[2025-01-29 23:56:32,496][__main__][INFO] - [14, 29], [0]
[2025-01-29 23:56:32,533][__main__][INFO] - [14, 30], [0]
[2025-01-29 23:56:32,552][__main__][INFO] - [14, 31], [0]
[2025-01-29 23:56:32,568][__main__][INFO] - [14, 32], [0]
[2025-01-29 23:56:32,699][__main__][INFO] - [14, 33], [0]
[2025-01-29 23:56:32,721][__main__][INFO] - [14, 34], [0]
[2025-01-29 23:56:32,739][__main__][INFO] - [14, 35], [0]
[2025-01-29 23:56:32,772][__main__][INFO] - [14, 37], [0]
[2025-01-29 23:56:32,864][__main__][INFO] - [14, 38], [0]
[2025-01-29 23:56:32,902][__main__][INFO] - [14, 39], [0]
[2025-01-29 23:56:32,933][__main__][INFO] - [14, 40], [0]
[2025-01-29 23:56:32,952][__main__][INFO] - [14, 41], [0]
[2025-01-29 23:56:33,013][__main__][INFO] - [14], [0, 41]
[2025-01-29 23:56:33,107][__main__][INFO] - [14, 42], [0]
[2025-01-29 23:56:33,126][__main__][INFO] - [14], [0, 42]
[2025-01-29 23:56:33,265][__main__][INFO] - [14, 43], [0]
[2025-01-29 23:56:33,284][__main__][INFO] - [14], [0, 43]
[2025-01-29 23:56:33,426][__main__][INFO] - [14, 44], [0]
[2025-01-29 23:56:33,562][__main__][INFO] - [14, 45], [0]
[2025-01-29 23:56:33,597][__main__][INFO] - [14, 47], [0]
[2025-01-29 23:56:33,769][__main__][INFO] - [14, 50], [0]
[2025-01-29 23:56:33,792][__main__][INFO] - [14, 51], [0]
[2025-01-29 23:56:33,813][__main__][INFO] - [14, 52], [0]
[2025-01-29 23:56:33,835][__main__][INFO] - [14, 53], [0]
[2025-01-29 23:56:33,857][__main__][INFO] - [14, 54], [0]
[2025-01-29 23:56:33,879][__main__][INFO] - [14, 55], [0]
[2025-01-29 23:56:33,901][__main__][INFO] - [14, 56], [0]
[2025-01-29 23:56:33,924][__main__][INFO] - [14, 57], [0]
[2025-01-29 23:56:33,945][__main__][INFO] - [14, 58], [0]
[2025-01-29 23:56:33,966][__main__][INFO] - [14, 59], [0]
[2025-01-29 23:56:34,043][__main__][INFO] - [15, 20], [0]
[2025-01-29 23:56:34,132][__main__][INFO] - [15, 21], [0]
[2025-01-29 23:56:34,150][__main__][INFO] - [15, 22], [0]
[2025-01-29 23:56:34,189][__main__][INFO] - [15, 23], [0]
[2025-01-29 23:56:34,206][__main__][INFO] - [15, 24], [0]
[2025-01-29 23:56:34,223][__main__][INFO] - [15, 25], [0]
[2025-01-29 23:56:34,241][__main__][INFO] - [15, 26], [0]
[2025-01-29 23:56:34,271][__main__][INFO] - [15], [0, 26]
[2025-01-29 23:56:34,392][__main__][INFO] - [15, 27], [0]
[2025-01-29 23:56:34,482][__main__][INFO] - [15, 28], [0]
[2025-01-29 23:56:34,514][__main__][INFO] - [15, 29], [0]
[2025-01-29 23:56:34,555][__main__][INFO] - [15, 30], [0]
[2025-01-29 23:56:34,573][__main__][INFO] - [15, 31], [0]
[2025-01-29 23:56:34,590][__main__][INFO] - [15, 32], [0]
[2025-01-29 23:56:34,718][__main__][INFO] - [15, 33], [0]
[2025-01-29 23:56:34,743][__main__][INFO] - [15, 34], [0]
[2025-01-29 23:56:34,761][__main__][INFO] - [15, 35], [0]
[2025-01-29 23:56:34,794][__main__][INFO] - [15, 37], [0]
[2025-01-29 23:56:34,884][__main__][INFO] - [15, 38], [0]
[2025-01-29 23:56:34,924][__main__][INFO] - [15, 39], [0]
[2025-01-29 23:56:34,955][__main__][INFO] - [15, 40], [0]
[2025-01-29 23:56:34,973][__main__][INFO] - [15, 41], [0]
[2025-01-29 23:56:35,031][__main__][INFO] - [15], [0, 41]
[2025-01-29 23:56:35,122][__main__][INFO] - [15, 42], [0]
[2025-01-29 23:56:35,142][__main__][INFO] - [15], [0, 42]
[2025-01-29 23:56:35,278][__main__][INFO] - [15, 43], [0]
[2025-01-29 23:56:35,298][__main__][INFO] - [15], [0, 43]
[2025-01-29 23:56:35,431][__main__][INFO] - [15, 44], [0]
[2025-01-29 23:56:35,564][__main__][INFO] - [15, 45], [0]
[2025-01-29 23:56:35,601][__main__][INFO] - [15, 47], [0]
[2025-01-29 23:56:35,771][__main__][INFO] - [15, 50], [0]
[2025-01-29 23:56:35,794][__main__][INFO] - [15, 51], [0]
[2025-01-29 23:56:35,815][__main__][INFO] - [15, 52], [0]
[2025-01-29 23:56:35,836][__main__][INFO] - [15, 53], [0]
[2025-01-29 23:56:35,858][__main__][INFO] - [15, 54], [0]
[2025-01-29 23:56:35,879][__main__][INFO] - [15, 55], [0]
[2025-01-29 23:56:35,901][__main__][INFO] - [15, 56], [0]
[2025-01-29 23:56:35,922][__main__][INFO] - [15, 57], [0]
[2025-01-29 23:56:35,943][__main__][INFO] - [15, 58], [0]
[2025-01-29 23:56:35,963][__main__][INFO] - [15, 59], [0]
[2025-01-29 23:56:36,044][__main__][INFO] - [16, 20], [0]
[2025-01-29 23:56:36,140][__main__][INFO] - [16, 21], [0]
[2025-01-29 23:56:36,158][__main__][INFO] - [16, 22], [0]
[2025-01-29 23:56:36,191][__main__][INFO] - [16, 23], [0]
[2025-01-29 23:56:36,211][__main__][INFO] - [16, 24], [0]
[2025-01-29 23:56:36,228][__main__][INFO] - [16, 25], [0]
[2025-01-29 23:56:36,245][__main__][INFO] - [16, 26], [0]
[2025-01-29 23:56:36,284][__main__][INFO] - [16], [0, 26]
[2025-01-29 23:56:36,396][__main__][INFO] - [16, 27], [0]
[2025-01-29 23:56:36,495][__main__][INFO] - [16, 28], [0]
[2025-01-29 23:56:36,522][__main__][INFO] - [16, 29], [0]
[2025-01-29 23:56:36,567][__main__][INFO] - [16, 30], [0]
[2025-01-29 23:56:36,587][__main__][INFO] - [16, 31], [0]
[2025-01-29 23:56:36,604][__main__][INFO] - [16, 32], [0]
[2025-01-29 23:56:36,731][__main__][INFO] - [16, 33], [0]
[2025-01-29 23:56:36,775][__main__][INFO] - [16, 35], [0]
[2025-01-29 23:56:36,808][__main__][INFO] - [16, 37], [0]
[2025-01-29 23:56:36,900][__main__][INFO] - [16, 38], [0]
[2025-01-29 23:56:36,943][__main__][INFO] - [16, 39], [0]
[2025-01-29 23:56:36,973][__main__][INFO] - [16, 40], [0]
[2025-01-29 23:56:36,992][__main__][INFO] - [16, 41], [0]
[2025-01-29 23:56:37,044][__main__][INFO] - [16], [0, 41]
[2025-01-29 23:56:37,144][__main__][INFO] - [16, 42], [0]
[2025-01-29 23:56:37,167][__main__][INFO] - [16], [0, 42]
[2025-01-29 23:56:37,303][__main__][INFO] - [16, 43], [0]
[2025-01-29 23:56:37,325][__main__][INFO] - [16], [0, 43]
[2025-01-29 23:56:37,464][__main__][INFO] - [16, 44], [0]
[2025-01-29 23:56:37,597][__main__][INFO] - [16, 45], [0]
[2025-01-29 23:56:37,636][__main__][INFO] - [16, 47], [0]
[2025-01-29 23:56:37,810][__main__][INFO] - [16, 50], [0]
[2025-01-29 23:56:37,833][__main__][INFO] - [16, 51], [0]
[2025-01-29 23:56:37,855][__main__][INFO] - [16, 52], [0]
[2025-01-29 23:56:37,878][__main__][INFO] - [16, 53], [0]
[2025-01-29 23:56:37,900][__main__][INFO] - [16, 54], [0]
[2025-01-29 23:56:37,922][__main__][INFO] - [16, 55], [0]
[2025-01-29 23:56:37,943][__main__][INFO] - [16, 56], [0]
[2025-01-29 23:56:37,965][__main__][INFO] - [16, 57], [0]
[2025-01-29 23:56:37,987][__main__][INFO] - [16, 58], [0]
[2025-01-29 23:56:38,008][__main__][INFO] - [16, 59], [0]
[2025-01-29 23:56:38,089][__main__][INFO] - [17, 20], [0]
[2025-01-29 23:56:38,175][__main__][INFO] - [17, 21], [0]
[2025-01-29 23:56:38,203][__main__][INFO] - [17, 22], [0]
[2025-01-29 23:56:38,220][__main__][INFO] - [17, 23], [0]
[2025-01-29 23:56:38,240][__main__][INFO] - [17, 24], [0]
[2025-01-29 23:56:38,257][__main__][INFO] - [17, 25], [0]
[2025-01-29 23:56:38,274][__main__][INFO] - [17, 26], [0]
[2025-01-29 23:56:38,317][__main__][INFO] - [17], [0, 26]
[2025-01-29 23:56:38,400][__main__][INFO] - [17, 27], [0]
[2025-01-29 23:56:38,484][__main__][INFO] - [17, 28], [0]
[2025-01-29 23:56:38,506][__main__][INFO] - [17, 29], [0]
[2025-01-29 23:56:38,541][__main__][INFO] - [17, 30], [0]
[2025-01-29 23:56:38,558][__main__][INFO] - [17, 31], [0]
[2025-01-29 23:56:38,575][__main__][INFO] - [17, 32], [0]
[2025-01-29 23:56:38,652][__main__][INFO] - [17, 33], [0]
[2025-01-29 23:56:38,708][__main__][INFO] - [17, 35], [0]
[2025-01-29 23:56:38,742][__main__][INFO] - [17, 37], [0]
[2025-01-29 23:56:38,815][__main__][INFO] - [17, 38], [0]
[2025-01-29 23:56:38,852][__main__][INFO] - [17, 39], [0]
[2025-01-29 23:56:38,879][__main__][INFO] - [17, 40], [0]
[2025-01-29 23:56:38,898][__main__][INFO] - [17, 41], [0]
[2025-01-29 23:56:38,938][__main__][INFO] - [17], [0, 41]
[2025-01-29 23:56:39,023][__main__][INFO] - [17, 42], [0]
[2025-01-29 23:56:39,051][__main__][INFO] - [17], [0, 42]
[2025-01-29 23:56:39,151][__main__][INFO] - [17, 43], [0]
[2025-01-29 23:56:39,172][__main__][INFO] - [17], [0, 43]
[2025-01-29 23:56:39,280][__main__][INFO] - [17, 44], [0]
[2025-01-29 23:56:39,387][__main__][INFO] - [17, 45], [0]
[2025-01-29 23:56:39,424][__main__][INFO] - [17, 47], [0]
[2025-01-29 23:56:39,571][__main__][INFO] - [17, 50], [0]
[2025-01-29 23:56:39,592][__main__][INFO] - [17, 51], [0]
[2025-01-29 23:56:39,612][__main__][INFO] - [17, 52], [0]
[2025-01-29 23:56:39,633][__main__][INFO] - [17, 53], [0]
[2025-01-29 23:56:39,654][__main__][INFO] - [17, 54], [0]
[2025-01-29 23:56:39,675][__main__][INFO] - [17, 55], [0]
[2025-01-29 23:56:39,696][__main__][INFO] - [17, 56], [0]
[2025-01-29 23:56:39,717][__main__][INFO] - [17, 57], [0]
[2025-01-29 23:56:39,737][__main__][INFO] - [17, 58], [0]
[2025-01-29 23:56:39,758][__main__][INFO] - [17, 59], [0]
[2025-01-29 23:56:39,826][__main__][INFO] - [18, 20], [0]
[2025-01-29 23:56:39,871][__main__][INFO] - [18, 21], [0]
[2025-01-29 23:56:39,888][__main__][INFO] - [18, 22], [0]
[2025-01-29 23:56:39,904][__main__][INFO] - [18, 23], [0]
[2025-01-29 23:56:39,923][__main__][INFO] - [18, 24], [0]
[2025-01-29 23:56:39,954][__main__][INFO] - [18, 26], [0]
[2025-01-29 23:56:39,989][__main__][INFO] - [18], [0, 26]
[2025-01-29 23:56:40,026][__main__][INFO] - [18, 27], [0]
[2025-01-29 23:56:40,073][__main__][INFO] - [18, 28], [0]
[2025-01-29 23:56:40,090][__main__][INFO] - [18, 29], [0]
[2025-01-29 23:56:40,115][__main__][INFO] - [18, 30], [0]
[2025-01-29 23:56:40,131][__main__][INFO] - [18, 31], [0]
[2025-01-29 23:56:40,148][__main__][INFO] - [18, 32], [0]
[2025-01-29 23:56:40,186][__main__][INFO] - [18, 33], [0]
[2025-01-29 23:56:40,232][__main__][INFO] - [18, 35], [0]
[2025-01-29 23:56:40,267][__main__][INFO] - [18, 37], [0]
[2025-01-29 23:56:40,308][__main__][INFO] - [18, 38], [0]
[2025-01-29 23:56:40,332][__main__][INFO] - [18, 39], [0]
[2025-01-29 23:56:40,353][__main__][INFO] - [18, 40], [0]
[2025-01-29 23:56:40,371][__main__][INFO] - [18, 41], [0]
[2025-01-29 23:56:40,398][__main__][INFO] - [18], [0, 41]
[2025-01-29 23:56:40,443][__main__][INFO] - [18, 42], [0]
[2025-01-29 23:56:40,469][__main__][INFO] - [18], [0, 42]
[2025-01-29 23:56:40,516][__main__][INFO] - [18, 43], [0]
[2025-01-29 23:56:40,535][__main__][INFO] - [18], [0, 43]
[2025-01-29 23:56:40,590][__main__][INFO] - [18, 44], [0]
[2025-01-29 23:56:40,643][__main__][INFO] - [18, 45], [0]
[2025-01-29 23:56:40,679][__main__][INFO] - [18, 47], [0]
[2025-01-29 23:56:40,765][__main__][INFO] - [18, 50], [0]
[2025-01-29 23:56:40,784][__main__][INFO] - [18, 51], [0]
[2025-01-29 23:56:40,803][__main__][INFO] - [18, 52], [0]
[2025-01-29 23:56:40,823][__main__][INFO] - [18, 53], [0]
[2025-01-29 23:56:40,842][__main__][INFO] - [18, 54], [0]
[2025-01-29 23:56:40,861][__main__][INFO] - [18, 55], [0]
[2025-01-29 23:56:40,880][__main__][INFO] - [18, 56], [0]
[2025-01-29 23:56:40,899][__main__][INFO] - [18, 57], [0]
[2025-01-29 23:56:40,917][__main__][INFO] - [18, 58], [0]
[2025-01-29 23:56:40,936][__main__][INFO] - [18, 59], [0]
[2025-01-29 23:56:40,978][__main__][INFO] - [19, 20], [0]
[2025-01-29 23:56:41,008][__main__][INFO] - [19, 21], [0]
[2025-01-29 23:56:41,025][__main__][INFO] - [19, 22], [0]
[2025-01-29 23:56:41,042][__main__][INFO] - [19, 23], [0]
[2025-01-29 23:56:41,087][__main__][INFO] - [19, 26], [0]
[2025-01-29 23:56:41,116][__main__][INFO] - [19], [0, 26]
[2025-01-29 23:56:41,138][__main__][INFO] - [19, 27], [0]
[2025-01-29 23:56:41,168][__main__][INFO] - [19, 28], [0]
[2025-01-29 23:56:41,185][__main__][INFO] - [19, 29], [0]
[2025-01-29 23:56:41,202][__main__][INFO] - [19, 30], [0]
[2025-01-29 23:56:41,233][__main__][INFO] - [19, 32], [0]
[2025-01-29 23:56:41,257][__main__][INFO] - [19, 33], [0]
[2025-01-29 23:56:41,297][__main__][INFO] - [19, 35], [0]
[2025-01-29 23:56:41,329][__main__][INFO] - [19, 37], [0]
[2025-01-29 23:56:41,357][__main__][INFO] - [19, 38], [0]
[2025-01-29 23:56:41,377][__main__][INFO] - [19, 39], [0]
[2025-01-29 23:56:41,397][__main__][INFO] - [19, 40], [0]
[2025-01-29 23:56:41,414][__main__][INFO] - [19, 41], [0]
[2025-01-29 23:56:41,431][__main__][INFO] - [19], [0, 41]
[2025-01-29 23:56:41,461][__main__][INFO] - [19, 42], [0]
[2025-01-29 23:56:41,485][__main__][INFO] - [19], [0, 42]
[2025-01-29 23:56:41,511][__main__][INFO] - [19, 43], [0]
[2025-01-29 23:56:41,530][__main__][INFO] - [19], [0, 43]
[2025-01-29 23:56:41,562][__main__][INFO] - [19, 44], [0]
[2025-01-29 23:56:41,593][__main__][INFO] - [19, 45], [0]
[2025-01-29 23:56:41,628][__main__][INFO] - [19, 47], [0]
[2025-01-29 23:56:41,693][__main__][INFO] - [19, 50], [0]
[2025-01-29 23:56:41,712][__main__][INFO] - [19, 51], [0]
[2025-01-29 23:56:41,730][__main__][INFO] - [19, 52], [0]
[2025-01-29 23:56:41,748][__main__][INFO] - [19, 53], [0]
[2025-01-29 23:56:41,767][__main__][INFO] - [19, 54], [0]
[2025-01-29 23:56:41,785][__main__][INFO] - [19, 55], [0]
[2025-01-29 23:56:41,804][__main__][INFO] - [19, 56], [0]
[2025-01-29 23:56:41,822][__main__][INFO] - [19, 57], [0]
[2025-01-29 23:56:41,839][__main__][INFO] - [19, 58], [0]
[2025-01-29 23:56:41,856][__main__][INFO] - [19, 59], [0]
[2025-01-29 23:56:41,892][__main__][INFO] - [20, 26], [0]
[2025-01-29 23:56:42,053][__main__][INFO] - [20], [0, 26]
[2025-01-29 23:56:42,858][__main__][INFO] - [20, 27], [0]
[2025-01-29 23:56:43,994][__main__][INFO] - [20, 31], [0]
[2025-01-29 23:56:44,011][__main__][INFO] - [20, 32], [0]
[2025-01-29 23:56:44,586][__main__][INFO] - [20, 33], [0]
[2025-01-29 23:56:44,693][__main__][INFO] - [20, 34], [0]
[2025-01-29 23:56:44,716][__main__][INFO] - [20, 35], [0]
[2025-01-29 23:56:44,743][__main__][INFO] - [20, 36], [0]
[2025-01-29 23:56:44,954][__main__][INFO] - [20, 37], [0]
[2025-01-29 23:56:45,427][__main__][INFO] - [20, 38], [0]
[2025-01-29 23:56:45,669][__main__][INFO] - [20, 39], [0]
[2025-01-29 23:56:45,803][__main__][INFO] - [20, 40], [0]
[2025-01-29 23:56:45,831][__main__][INFO] - [20, 41], [0]
[2025-01-29 23:56:45,849][__main__][INFO] - [20], [0, 41]
[2025-01-29 23:56:46,972][__main__][INFO] - [20, 42], [0]
[2025-01-29 23:56:47,030][__main__][INFO] - [20], [0, 42]
[2025-01-29 23:56:48,006][__main__][INFO] - [20, 43], [0]
[2025-01-29 23:56:48,041][__main__][INFO] - [20], [0, 43]
[2025-01-29 23:56:49,070][__main__][INFO] - [20, 44], [0]
[2025-01-29 23:56:49,952][__main__][INFO] - [20, 45], [0]
[2025-01-29 23:56:50,015][__main__][INFO] - [20, 46], [0]
[2025-01-29 23:56:50,076][__main__][INFO] - [20, 47], [0]
[2025-01-29 23:56:51,229][__main__][INFO] - [20, 50], [0]
[2025-01-29 23:56:51,305][__main__][INFO] - [20, 51], [0]
[2025-01-29 23:56:51,351][__main__][INFO] - [20, 52], [0]
[2025-01-29 23:56:51,402][__main__][INFO] - [20, 53], [0]
[2025-01-29 23:56:51,458][__main__][INFO] - [20, 54], [0]
[2025-01-29 23:56:51,512][__main__][INFO] - [20, 55], [0]
[2025-01-29 23:56:51,568][__main__][INFO] - [20, 56], [0]
[2025-01-29 23:56:51,626][__main__][INFO] - [20, 57], [0]
[2025-01-29 23:56:51,675][__main__][INFO] - [20, 58], [0]
[2025-01-29 23:56:51,719][__main__][INFO] - [20, 59], [0]
[2025-01-29 23:56:52,044][__main__][INFO] - [21, 26], [0]
[2025-01-29 23:56:52,062][__main__][INFO] - [21], [0, 26]
[2025-01-29 23:56:52,183][__main__][INFO] - [21, 28], [0]
[2025-01-29 23:56:52,227][__main__][INFO] - [21, 29], [0]
[2025-01-29 23:56:52,305][__main__][INFO] - [21, 30], [0]
[2025-01-29 23:56:52,341][__main__][INFO] - [21, 32], [0]
[2025-01-29 23:56:52,443][__main__][INFO] - [21, 33], [0]
[2025-01-29 23:56:52,464][__main__][INFO] - [21, 34], [0]
[2025-01-29 23:56:52,481][__main__][INFO] - [21, 35], [0]
[2025-01-29 23:56:52,498][__main__][INFO] - [21, 36], [0]
[2025-01-29 23:56:52,519][__main__][INFO] - [21, 37], [0]
[2025-01-29 23:56:52,614][__main__][INFO] - [21, 38], [0]
[2025-01-29 23:56:52,635][__main__][INFO] - [21, 39], [0]
[2025-01-29 23:56:52,662][__main__][INFO] - [21, 40], [0]
[2025-01-29 23:56:52,679][__main__][INFO] - [21, 41], [0]
[2025-01-29 23:56:52,790][__main__][INFO] - [21], [0, 41]
[2025-01-29 23:56:52,810][__main__][INFO] - [21, 42], [0]
[2025-01-29 23:56:52,828][__main__][INFO] - [21], [0, 42]
[2025-01-29 23:56:52,939][__main__][INFO] - [21, 43], [0]
[2025-01-29 23:56:52,956][__main__][INFO] - [21], [0, 43]
[2025-01-29 23:56:53,067][__main__][INFO] - [21, 44], [0]
[2025-01-29 23:56:53,177][__main__][INFO] - [21, 45], [0]
[2025-01-29 23:56:53,195][__main__][INFO] - [21, 46], [0]
[2025-01-29 23:56:53,213][__main__][INFO] - [21, 47], [0]
[2025-01-29 23:56:53,356][__main__][INFO] - [21, 50], [0]
[2025-01-29 23:56:53,379][__main__][INFO] - [21, 51], [0]
[2025-01-29 23:56:53,396][__main__][INFO] - [21, 52], [0]
[2025-01-29 23:56:53,413][__main__][INFO] - [21, 53], [0]
[2025-01-29 23:56:53,435][__main__][INFO] - [21, 54], [0]
[2025-01-29 23:56:53,451][__main__][INFO] - [21, 55], [0]
[2025-01-29 23:56:53,468][__main__][INFO] - [21, 56], [0]
[2025-01-29 23:56:53,485][__main__][INFO] - [21, 57], [0]
[2025-01-29 23:56:53,505][__main__][INFO] - [21, 58], [0]
[2025-01-29 23:56:53,522][__main__][INFO] - [21, 59], [0]
[2025-01-29 23:56:53,590][__main__][INFO] - [22, 26], [0]
[2025-01-29 23:56:53,619][__main__][INFO] - [22], [0, 26]
[2025-01-29 23:56:53,754][__main__][INFO] - [22, 28], [0]
[2025-01-29 23:56:53,831][__main__][INFO] - [22, 29], [0]
[2025-01-29 23:56:53,892][__main__][INFO] - [22, 30], [0]
[2025-01-29 23:56:53,928][__main__][INFO] - [22, 32], [0]
[2025-01-29 23:56:54,052][__main__][INFO] - [22, 33], [0]
[2025-01-29 23:56:54,073][__main__][INFO] - [22, 34], [0]
[2025-01-29 23:56:54,091][__main__][INFO] - [22, 35], [0]
[2025-01-29 23:56:54,108][__main__][INFO] - [22, 36], [0]
[2025-01-29 23:56:54,130][__main__][INFO] - [22, 37], [0]
[2025-01-29 23:56:54,237][__main__][INFO] - [22, 38], [0]
[2025-01-29 23:56:54,259][__main__][INFO] - [22, 39], [0]
[2025-01-29 23:56:54,290][__main__][INFO] - [22, 40], [0]
[2025-01-29 23:56:54,307][__main__][INFO] - [22, 41], [0]
[2025-01-29 23:56:54,436][__main__][INFO] - [22], [0, 41]
[2025-01-29 23:56:54,457][__main__][INFO] - [22, 42], [0]
[2025-01-29 23:56:54,478][__main__][INFO] - [22], [0, 42]
[2025-01-29 23:56:54,608][__main__][INFO] - [22, 43], [0]
[2025-01-29 23:56:54,628][__main__][INFO] - [22], [0, 43]
[2025-01-29 23:56:54,758][__main__][INFO] - [22, 44], [0]
[2025-01-29 23:56:54,887][__main__][INFO] - [22, 45], [0]
[2025-01-29 23:56:54,904][__main__][INFO] - [22, 46], [0]
[2025-01-29 23:56:54,921][__main__][INFO] - [22, 47], [0]
[2025-01-29 23:56:55,085][__main__][INFO] - [22, 50], [0]
[2025-01-29 23:56:55,103][__main__][INFO] - [22, 51], [0]
[2025-01-29 23:56:55,127][__main__][INFO] - [22, 52], [0]
[2025-01-29 23:56:55,154][__main__][INFO] - [22, 53], [0]
[2025-01-29 23:56:55,182][__main__][INFO] - [22, 54], [0]
[2025-01-29 23:56:55,208][__main__][INFO] - [22, 55], [0]
[2025-01-29 23:56:55,232][__main__][INFO] - [22, 56], [0]
[2025-01-29 23:56:55,255][__main__][INFO] - [22, 57], [0]
[2025-01-29 23:56:55,277][__main__][INFO] - [22, 58], [0]
[2025-01-29 23:56:55,298][__main__][INFO] - [22, 59], [0]
[2025-01-29 23:56:55,344][__main__][INFO] - [23, 26], [0]
[2025-01-29 23:56:55,364][__main__][INFO] - [23], [0, 26]
[2025-01-29 23:56:55,412][__main__][INFO] - [23, 28], [0]
[2025-01-29 23:56:55,434][__main__][INFO] - [23, 29], [0]
[2025-01-29 23:56:55,462][__main__][INFO] - [23, 30], [0]
[2025-01-29 23:56:55,496][__main__][INFO] - [23, 32], [0]
[2025-01-29 23:56:55,530][__main__][INFO] - [23, 33], [0]
[2025-01-29 23:56:55,563][__main__][INFO] - [23, 35], [0]
[2025-01-29 23:56:55,579][__main__][INFO] - [23, 36], [0]
[2025-01-29 23:56:55,596][__main__][INFO] - [23, 37], [0]
[2025-01-29 23:56:55,626][__main__][INFO] - [23, 38], [0]
[2025-01-29 23:56:55,646][__main__][INFO] - [23, 39], [0]
[2025-01-29 23:56:55,666][__main__][INFO] - [23, 40], [0]
[2025-01-29 23:56:55,683][__main__][INFO] - [23, 41], [0]
[2025-01-29 23:56:55,717][__main__][INFO] - [23], [0, 41]
[2025-01-29 23:56:55,737][__main__][INFO] - [23, 42], [0]
[2025-01-29 23:56:55,755][__main__][INFO] - [23], [0, 42]
[2025-01-29 23:56:55,791][__main__][INFO] - [23, 43], [0]
[2025-01-29 23:56:55,809][__main__][INFO] - [23], [0, 43]
[2025-01-29 23:56:55,846][__main__][INFO] - [23, 44], [0]
[2025-01-29 23:56:55,882][__main__][INFO] - [23, 45], [0]
[2025-01-29 23:56:55,899][__main__][INFO] - [23, 46], [0]
[2025-01-29 23:56:55,916][__main__][INFO] - [23, 47], [0]
[2025-01-29 23:56:55,982][__main__][INFO] - [23, 50], [0]
[2025-01-29 23:56:55,999][__main__][INFO] - [23, 51], [0]
[2025-01-29 23:56:56,016][__main__][INFO] - [23, 52], [0]
[2025-01-29 23:56:56,033][__main__][INFO] - [23, 53], [0]
[2025-01-29 23:56:56,050][__main__][INFO] - [23, 54], [0]
[2025-01-29 23:56:56,067][__main__][INFO] - [23, 55], [0]
[2025-01-29 23:56:56,084][__main__][INFO] - [23, 56], [0]
[2025-01-29 23:56:56,103][__main__][INFO] - [23, 57], [0]
[2025-01-29 23:56:56,120][__main__][INFO] - [23, 58], [0]
[2025-01-29 23:56:56,137][__main__][INFO] - [23, 59], [0]
[2025-01-29 23:56:56,177][__main__][INFO] - [24, 26], [0]
[2025-01-29 23:56:56,194][__main__][INFO] - [24], [0, 26]
[2025-01-29 23:56:56,229][__main__][INFO] - [24, 28], [0]
[2025-01-29 23:56:56,246][__main__][INFO] - [24, 29], [0]
[2025-01-29 23:56:56,265][__main__][INFO] - [24, 30], [0]
[2025-01-29 23:56:56,296][__main__][INFO] - [24, 32], [0]
[2025-01-29 23:56:56,313][__main__][INFO] - [24, 33], [0]
[2025-01-29 23:56:56,359][__main__][INFO] - [24, 36], [0]
[2025-01-29 23:56:56,376][__main__][INFO] - [24, 37], [0]
[2025-01-29 23:56:56,396][__main__][INFO] - [24, 38], [0]
[2025-01-29 23:56:56,413][__main__][INFO] - [24, 39], [0]
[2025-01-29 23:56:56,444][__main__][INFO] - [24, 41], [0]
[2025-01-29 23:56:56,464][__main__][INFO] - [24], [0, 41]
[2025-01-29 23:56:56,481][__main__][INFO] - [24, 42], [0]
[2025-01-29 23:56:56,498][__main__][INFO] - [24], [0, 42]
[2025-01-29 23:56:56,533][__main__][INFO] - [24], [0, 43]
[2025-01-29 23:56:56,554][__main__][INFO] - [24, 44], [0]
[2025-01-29 23:56:56,575][__main__][INFO] - [24, 45], [0]
[2025-01-29 23:56:56,606][__main__][INFO] - [24, 47], [0]
[2025-01-29 23:56:56,656][__main__][INFO] - [24, 50], [0]
[2025-01-29 23:56:56,673][__main__][INFO] - [24, 51], [0]
[2025-01-29 23:56:56,690][__main__][INFO] - [24, 52], [0]
[2025-01-29 23:56:56,707][__main__][INFO] - [24, 53], [0]
[2025-01-29 23:56:56,724][__main__][INFO] - [24, 54], [0]
[2025-01-29 23:56:56,741][__main__][INFO] - [24, 55], [0]
[2025-01-29 23:56:56,758][__main__][INFO] - [24, 56], [0]
[2025-01-29 23:56:56,775][__main__][INFO] - [24, 57], [0]
[2025-01-29 23:56:56,792][__main__][INFO] - [24, 58], [0]
[2025-01-29 23:56:56,809][__main__][INFO] - [24, 59], [0]
[2025-01-29 23:56:56,839][__main__][INFO] - [25, 26], [0]
[2025-01-29 23:56:56,856][__main__][INFO] - [25], [0, 26]
[2025-01-29 23:56:56,889][__main__][INFO] - [25, 28], [0]
[2025-01-29 23:56:56,905][__main__][INFO] - [25, 29], [0]
[2025-01-29 23:56:56,923][__main__][INFO] - [25, 30], [0]
[2025-01-29 23:56:56,954][__main__][INFO] - [25, 32], [0]
[2025-01-29 23:56:57,015][__main__][INFO] - [25, 36], [0]
[2025-01-29 23:56:57,032][__main__][INFO] - [25, 37], [0]
[2025-01-29 23:56:57,050][__main__][INFO] - [25, 38], [0]
[2025-01-29 23:56:57,067][__main__][INFO] - [25, 39], [0]
[2025-01-29 23:56:57,098][__main__][INFO] - [25, 41], [0]
[2025-01-29 23:56:57,117][__main__][INFO] - [25], [0, 41]
[2025-01-29 23:56:57,149][__main__][INFO] - [25], [0, 42]
[2025-01-29 23:56:57,182][__main__][INFO] - [25], [0, 43]
[2025-01-29 23:56:57,200][__main__][INFO] - [25, 44], [0]
[2025-01-29 23:56:57,247][__main__][INFO] - [25, 47], [0]
[2025-01-29 23:56:57,295][__main__][INFO] - [25, 50], [0]
[2025-01-29 23:56:57,312][__main__][INFO] - [25, 51], [0]
[2025-01-29 23:56:57,357][__main__][INFO] - [25, 54], [0]
[2025-01-29 23:56:57,374][__main__][INFO] - [25, 55], [0]
[2025-01-29 23:56:57,405][__main__][INFO] - [25, 57], [0]
[2025-01-29 23:56:57,436][__main__][INFO] - [25, 59], [0]
[2025-01-29 23:56:57,468][__main__][INFO] - [26, 27], [0]
[2025-01-29 23:56:57,628][__main__][INFO] - [26, 28], [0]
[2025-01-29 23:56:57,653][__main__][INFO] - [26, 29], [0]
[2025-01-29 23:56:57,686][__main__][INFO] - [26, 30], [0]
[2025-01-29 23:56:57,704][__main__][INFO] - [26, 31], [0]
[2025-01-29 23:56:57,721][__main__][INFO] - [26, 32], [0]
[2025-01-29 23:56:57,847][__main__][INFO] - [26, 33], [0]
[2025-01-29 23:56:57,897][__main__][INFO] - [26, 34], [0]
[2025-01-29 23:56:57,915][__main__][INFO] - [26, 35], [0]
[2025-01-29 23:56:57,935][__main__][INFO] - [26, 36], [0]
[2025-01-29 23:56:57,960][__main__][INFO] - [26, 37], [0]
[2025-01-29 23:56:58,066][__main__][INFO] - [26, 38], [0]
[2025-01-29 23:56:58,113][__main__][INFO] - [26, 39], [0]
[2025-01-29 23:56:58,149][__main__][INFO] - [26, 40], [0]
[2025-01-29 23:56:58,168][__main__][INFO] - [26, 41], [0]
[2025-01-29 23:56:58,210][__main__][INFO] - [26], [0, 41]
[2025-01-29 23:56:58,374][__main__][INFO] - [26, 42], [0]
[2025-01-29 23:56:58,441][__main__][INFO] - [26], [0, 42]
[2025-01-29 23:56:58,562][__main__][INFO] - [26, 43], [0]
[2025-01-29 23:56:58,603][__main__][INFO] - [26], [0, 43]
[2025-01-29 23:56:58,765][__main__][INFO] - [26, 44], [0]
[2025-01-29 23:56:58,882][__main__][INFO] - [26, 45], [0]
[2025-01-29 23:56:58,958][__main__][INFO] - [26, 46], [0]
[2025-01-29 23:56:58,976][__main__][INFO] - [26, 47], [0]
[2025-01-29 23:56:59,229][__main__][INFO] - [26, 50], [0]
[2025-01-29 23:56:59,263][__main__][INFO] - [26, 51], [0]
[2025-01-29 23:56:59,289][__main__][INFO] - [26, 52], [0]
[2025-01-29 23:56:59,317][__main__][INFO] - [26, 53], [0]
[2025-01-29 23:56:59,343][__main__][INFO] - [26, 54], [0]
[2025-01-29 23:56:59,368][__main__][INFO] - [26, 55], [0]
[2025-01-29 23:56:59,392][__main__][INFO] - [26, 56], [0]
[2025-01-29 23:56:59,414][__main__][INFO] - [26, 57], [0]
[2025-01-29 23:56:59,437][__main__][INFO] - [26, 58], [0]
[2025-01-29 23:56:59,458][__main__][INFO] - [26, 59], [0]
[2025-01-29 23:56:59,516][__main__][INFO] - [27], [0, 26]
[2025-01-29 23:57:00,310][__main__][INFO] - [28], [0, 26]
[2025-01-29 23:57:00,418][__main__][INFO] - [29], [0, 26]
[2025-01-29 23:57:00,539][__main__][INFO] - [30], [0, 26]
[2025-01-29 23:57:00,567][__main__][INFO] - [31], [0, 26]
[2025-01-29 23:57:00,584][__main__][INFO] - [32], [0, 26]
[2025-01-29 23:57:01,299][__main__][INFO] - [33], [0, 26]
[2025-01-29 23:57:01,373][__main__][INFO] - [34], [0, 26]
[2025-01-29 23:57:01,397][__main__][INFO] - [35], [0, 26]
[2025-01-29 23:57:01,422][__main__][INFO] - [36], [0, 26]
[2025-01-29 23:57:01,638][__main__][INFO] - [37], [0, 26]
[2025-01-29 23:57:02,228][__main__][INFO] - [38], [0, 26]
[2025-01-29 23:57:02,442][__main__][INFO] - [39], [0, 26]
[2025-01-29 23:57:02,587][__main__][INFO] - [40], [0, 26]
[2025-01-29 23:57:02,614][__main__][INFO] - [41], [0, 26]
[2025-01-29 23:57:02,842][__main__][INFO] - [], [0, 26, 41]
[2025-01-29 23:57:03,689][__main__][INFO] - [], [0, 26, 42]
[2025-01-29 23:57:04,872][__main__][INFO] - [], [0, 26, 43]
[2025-01-29 23:57:06,045][__main__][INFO] - [44], [0, 26]
[2025-01-29 23:57:07,183][__main__][INFO] - [46], [0, 26]
[2025-01-29 23:57:07,249][__main__][INFO] - [47], [0, 26]
[2025-01-29 23:57:08,446][__main__][INFO] - [50], [0, 26]
[2025-01-29 23:57:08,515][__main__][INFO] - [51], [0, 26]
[2025-01-29 23:57:08,563][__main__][INFO] - [52], [0, 26]
[2025-01-29 23:57:08,619][__main__][INFO] - [53], [0, 26]
[2025-01-29 23:57:08,683][__main__][INFO] - [54], [0, 26]
[2025-01-29 23:57:08,743][__main__][INFO] - [55], [0, 26]
[2025-01-29 23:57:08,800][__main__][INFO] - [56], [0, 26]
[2025-01-29 23:57:08,856][__main__][INFO] - [57], [0, 26]
[2025-01-29 23:57:08,907][__main__][INFO] - [58], [0, 26]
[2025-01-29 23:57:08,954][__main__][INFO] - [59], [0, 26]
[2025-01-29 23:57:09,320][__main__][INFO] - [27, 32], [0]
[2025-01-29 23:57:09,883][__main__][INFO] - [27, 33], [0]
[2025-01-29 23:57:09,989][__main__][INFO] - [27, 34], [0]
[2025-01-29 23:57:10,012][__main__][INFO] - [27, 35], [0]
[2025-01-29 23:57:10,039][__main__][INFO] - [27, 36], [0]
[2025-01-29 23:57:10,251][__main__][INFO] - [27, 37], [0]
[2025-01-29 23:57:10,716][__main__][INFO] - [27, 38], [0]
[2025-01-29 23:57:10,957][__main__][INFO] - [27, 39], [0]
[2025-01-29 23:57:11,103][__main__][INFO] - [27, 40], [0]
[2025-01-29 23:57:11,146][__main__][INFO] - [27], [0, 41]
[2025-01-29 23:57:12,252][__main__][INFO] - [27, 42], [0]
[2025-01-29 23:57:12,308][__main__][INFO] - [27], [0, 42]
[2025-01-29 23:57:13,279][__main__][INFO] - [27, 43], [0]
[2025-01-29 23:57:13,314][__main__][INFO] - [27], [0, 43]
[2025-01-29 23:57:14,325][__main__][INFO] - [27, 44], [0]
[2025-01-29 23:57:15,191][__main__][INFO] - [27, 45], [0]
[2025-01-29 23:57:15,254][__main__][INFO] - [27, 46], [0]
[2025-01-29 23:57:15,316][__main__][INFO] - [27, 47], [0]
[2025-01-29 23:57:16,441][__main__][INFO] - [27, 50], [0]
[2025-01-29 23:57:16,516][__main__][INFO] - [27, 51], [0]
[2025-01-29 23:57:16,564][__main__][INFO] - [27, 52], [0]
[2025-01-29 23:57:16,615][__main__][INFO] - [27, 53], [0]
[2025-01-29 23:57:16,671][__main__][INFO] - [27, 54], [0]
[2025-01-29 23:57:16,724][__main__][INFO] - [27, 55], [0]
[2025-01-29 23:57:16,775][__main__][INFO] - [27, 56], [0]
[2025-01-29 23:57:16,824][__main__][INFO] - [27, 57], [0]
[2025-01-29 23:57:16,870][__main__][INFO] - [27, 58], [0]
[2025-01-29 23:57:16,913][__main__][INFO] - [27, 59], [0]
[2025-01-29 23:57:17,236][__main__][INFO] - [28, 32], [0]
[2025-01-29 23:57:17,343][__main__][INFO] - [28, 33], [0]
[2025-01-29 23:57:17,376][__main__][INFO] - [28, 35], [0]
[2025-01-29 23:57:17,393][__main__][INFO] - [28, 36], [0]
[2025-01-29 23:57:17,410][__main__][INFO] - [28, 37], [0]
[2025-01-29 23:57:17,506][__main__][INFO] - [28, 38], [0]
[2025-01-29 23:57:17,527][__main__][INFO] - [28, 39], [0]
[2025-01-29 23:57:17,553][__main__][INFO] - [28, 40], [0]
[2025-01-29 23:57:17,570][__main__][INFO] - [28, 41], [0]
[2025-01-29 23:57:17,698][__main__][INFO] - [28, 42], [0]
[2025-01-29 23:57:17,715][__main__][INFO] - [28], [0, 42]
[2025-01-29 23:57:17,829][__main__][INFO] - [28, 43], [0]
[2025-01-29 23:57:17,849][__main__][INFO] - [28], [0, 43]
[2025-01-29 23:57:17,962][__main__][INFO] - [28, 44], [0]
[2025-01-29 23:57:18,074][__main__][INFO] - [28, 45], [0]
[2025-01-29 23:57:18,092][__main__][INFO] - [28, 46], [0]
[2025-01-29 23:57:18,109][__main__][INFO] - [28, 47], [0]
[2025-01-29 23:57:18,253][__main__][INFO] - [28, 50], [0]
[2025-01-29 23:57:18,278][__main__][INFO] - [28, 51], [0]
[2025-01-29 23:57:18,300][__main__][INFO] - [28, 52], [0]
[2025-01-29 23:57:18,324][__main__][INFO] - [28, 53], [0]
[2025-01-29 23:57:18,350][__main__][INFO] - [28, 54], [0]
[2025-01-29 23:57:18,373][__main__][INFO] - [28, 55], [0]
[2025-01-29 23:57:18,395][__main__][INFO] - [28, 56], [0]
[2025-01-29 23:57:18,416][__main__][INFO] - [28, 57], [0]
[2025-01-29 23:57:18,436][__main__][INFO] - [28, 58], [0]
[2025-01-29 23:57:18,455][__main__][INFO] - [28, 59], [0]
[2025-01-29 23:57:18,504][__main__][INFO] - [29, 32], [0]
[2025-01-29 23:57:18,635][__main__][INFO] - [29, 33], [0]
[2025-01-29 23:57:18,657][__main__][INFO] - [29, 34], [0]
[2025-01-29 23:57:18,676][__main__][INFO] - [29, 35], [0]
[2025-01-29 23:57:18,694][__main__][INFO] - [29, 36], [0]
[2025-01-29 23:57:18,711][__main__][INFO] - [29, 37], [0]
[2025-01-29 23:57:18,825][__main__][INFO] - [29, 38], [0]
[2025-01-29 23:57:18,849][__main__][INFO] - [29, 39], [0]
[2025-01-29 23:57:18,880][__main__][INFO] - [29, 40], [0]
[2025-01-29 23:57:18,897][__main__][INFO] - [29, 41], [0]
[2025-01-29 23:57:19,053][__main__][INFO] - [29, 42], [0]
[2025-01-29 23:57:19,077][__main__][INFO] - [29], [0, 42]
[2025-01-29 23:57:19,214][__main__][INFO] - [29, 43], [0]
[2025-01-29 23:57:19,234][__main__][INFO] - [29], [0, 43]
[2025-01-29 23:57:19,374][__main__][INFO] - [29, 44], [0]
[2025-01-29 23:57:19,510][__main__][INFO] - [29, 45], [0]
[2025-01-29 23:57:19,528][__main__][INFO] - [29, 46], [0]
[2025-01-29 23:57:19,545][__main__][INFO] - [29, 47], [0]
[2025-01-29 23:57:19,718][__main__][INFO] - [29, 50], [0]
[2025-01-29 23:57:19,736][__main__][INFO] - [29, 51], [0]
[2025-01-29 23:57:19,753][__main__][INFO] - [29, 52], [0]
[2025-01-29 23:57:19,770][__main__][INFO] - [29, 53], [0]
[2025-01-29 23:57:19,787][__main__][INFO] - [29, 54], [0]
[2025-01-29 23:57:19,811][__main__][INFO] - [29, 55], [0]
[2025-01-29 23:57:19,833][__main__][INFO] - [29, 56], [0]
[2025-01-29 23:57:19,855][__main__][INFO] - [29, 57], [0]
[2025-01-29 23:57:19,877][__main__][INFO] - [29, 58], [0]
[2025-01-29 23:57:19,894][__main__][INFO] - [29, 59], [0]
[2025-01-29 23:57:19,966][__main__][INFO] - [30, 32], [0]
[2025-01-29 23:57:19,991][__main__][INFO] - [30, 33], [0]
[2025-01-29 23:57:20,010][__main__][INFO] - [30, 34], [0]
[2025-01-29 23:57:20,026][__main__][INFO] - [30, 35], [0]
[2025-01-29 23:57:20,043][__main__][INFO] - [30, 36], [0]
[2025-01-29 23:57:20,063][__main__][INFO] - [30, 37], [0]
[2025-01-29 23:57:20,084][__main__][INFO] - [30, 38], [0]
[2025-01-29 23:57:20,104][__main__][INFO] - [30, 39], [0]
[2025-01-29 23:57:20,125][__main__][INFO] - [30, 40], [0]
[2025-01-29 23:57:20,158][__main__][INFO] - [30], [0, 41]
[2025-01-29 23:57:20,187][__main__][INFO] - [30, 42], [0]
[2025-01-29 23:57:20,205][__main__][INFO] - [30], [0, 42]
[2025-01-29 23:57:20,232][__main__][INFO] - [30, 43], [0]
[2025-01-29 23:57:20,250][__main__][INFO] - [30], [0, 43]
[2025-01-29 23:57:20,278][__main__][INFO] - [30, 44], [0]
[2025-01-29 23:57:20,305][__main__][INFO] - [30, 45], [0]
[2025-01-29 23:57:20,322][__main__][INFO] - [30, 46], [0]
[2025-01-29 23:57:20,340][__main__][INFO] - [30, 47], [0]
[2025-01-29 23:57:20,397][__main__][INFO] - [30, 50], [0]
[2025-01-29 23:57:20,414][__main__][INFO] - [30, 51], [0]
[2025-01-29 23:57:20,431][__main__][INFO] - [30, 52], [0]
[2025-01-29 23:57:20,448][__main__][INFO] - [30, 53], [0]
[2025-01-29 23:57:20,466][__main__][INFO] - [30, 54], [0]
[2025-01-29 23:57:20,484][__main__][INFO] - [30, 55], [0]
[2025-01-29 23:57:20,502][__main__][INFO] - [30, 56], [0]
[2025-01-29 23:57:20,519][__main__][INFO] - [30, 57], [0]
[2025-01-29 23:57:20,535][__main__][INFO] - [30, 58], [0]
[2025-01-29 23:57:20,552][__main__][INFO] - [30, 59], [0]
[2025-01-29 23:57:20,587][__main__][INFO] - [31, 32], [0]
[2025-01-29 23:57:20,604][__main__][INFO] - [31, 33], [0]
[2025-01-29 23:57:20,650][__main__][INFO] - [31, 36], [0]
[2025-01-29 23:57:20,667][__main__][INFO] - [31, 37], [0]
[2025-01-29 23:57:20,683][__main__][INFO] - [31, 38], [0]
[2025-01-29 23:57:20,700][__main__][INFO] - [31, 39], [0]
[2025-01-29 23:57:20,745][__main__][INFO] - [31], [0, 41]
[2025-01-29 23:57:20,762][__main__][INFO] - [31, 42], [0]
[2025-01-29 23:57:20,779][__main__][INFO] - [31], [0, 42]
[2025-01-29 23:57:20,810][__main__][INFO] - [31], [0, 43]
[2025-01-29 23:57:20,827][__main__][INFO] - [31, 44], [0]
[2025-01-29 23:57:20,845][__main__][INFO] - [31, 45], [0]
[2025-01-29 23:57:20,876][__main__][INFO] - [31, 47], [0]
[2025-01-29 23:57:20,921][__main__][INFO] - [31, 50], [0]
[2025-01-29 23:57:20,938][__main__][INFO] - [31, 51], [0]
[2025-01-29 23:57:20,956][__main__][INFO] - [31, 52], [0]
[2025-01-29 23:57:20,973][__main__][INFO] - [31, 53], [0]
[2025-01-29 23:57:20,990][__main__][INFO] - [31, 54], [0]
[2025-01-29 23:57:21,007][__main__][INFO] - [31, 55], [0]
[2025-01-29 23:57:21,024][__main__][INFO] - [31, 56], [0]
[2025-01-29 23:57:21,069][__main__][INFO] - [31, 59], [0]
[2025-01-29 23:57:21,100][__main__][INFO] - [32, 37], [0]
[2025-01-29 23:57:21,604][__main__][INFO] - [32, 38], [0]
[2025-01-29 23:57:21,766][__main__][INFO] - [32, 39], [0]
[2025-01-29 23:57:21,879][__main__][INFO] - [32, 40], [0]
[2025-01-29 23:57:21,905][__main__][INFO] - [32, 41], [0]
[2025-01-29 23:57:22,146][__main__][INFO] - [32], [0, 41]
[2025-01-29 23:57:22,741][__main__][INFO] - [32, 42], [0]
[2025-01-29 23:57:22,783][__main__][INFO] - [32], [0, 42]
[2025-01-29 23:57:23,667][__main__][INFO] - [32, 43], [0]
[2025-01-29 23:57:23,701][__main__][INFO] - [32], [0, 43]
[2025-01-29 23:57:24,576][__main__][INFO] - [32, 44], [0]
[2025-01-29 23:57:25,412][__main__][INFO] - [32, 45], [0]
[2025-01-29 23:57:25,481][__main__][INFO] - [32, 47], [0]
[2025-01-29 23:57:26,460][__main__][INFO] - [32, 50], [0]
[2025-01-29 23:57:26,528][__main__][INFO] - [32, 51], [0]
[2025-01-29 23:57:26,571][__main__][INFO] - [32, 52], [0]
[2025-01-29 23:57:26,620][__main__][INFO] - [32, 53], [0]
[2025-01-29 23:57:26,675][__main__][INFO] - [32, 54], [0]
[2025-01-29 23:57:26,726][__main__][INFO] - [32, 55], [0]
[2025-01-29 23:57:26,774][__main__][INFO] - [32, 56], [0]
[2025-01-29 23:57:26,820][__main__][INFO] - [32, 57], [0]
[2025-01-29 23:57:26,864][__main__][INFO] - [32, 58], [0]
[2025-01-29 23:57:26,903][__main__][INFO] - [32, 59], [0]
[2025-01-29 23:57:27,192][__main__][INFO] - [33, 37], [0]
[2025-01-29 23:57:27,258][__main__][INFO] - [33, 38], [0]
[2025-01-29 23:57:27,296][__main__][INFO] - [33, 39], [0]
[2025-01-29 23:57:27,324][__main__][INFO] - [33, 40], [0]
[2025-01-29 23:57:27,343][__main__][INFO] - [33, 41], [0]
[2025-01-29 23:57:27,367][__main__][INFO] - [33], [0, 41]
[2025-01-29 23:57:27,476][__main__][INFO] - [33, 42], [0]
[2025-01-29 23:57:27,508][__main__][INFO] - [33], [0, 42]
[2025-01-29 23:57:27,601][__main__][INFO] - [33, 43], [0]
[2025-01-29 23:57:27,623][__main__][INFO] - [33], [0, 43]
[2025-01-29 23:57:27,736][__main__][INFO] - [33, 44], [0]
[2025-01-29 23:57:27,841][__main__][INFO] - [33, 45], [0]
[2025-01-29 23:57:27,880][__main__][INFO] - [33, 47], [0]
[2025-01-29 23:57:28,032][__main__][INFO] - [33, 50], [0]
[2025-01-29 23:57:28,053][__main__][INFO] - [33, 51], [0]
[2025-01-29 23:57:28,073][__main__][INFO] - [33, 52], [0]
[2025-01-29 23:57:28,093][__main__][INFO] - [33, 53], [0]
[2025-01-29 23:57:28,115][__main__][INFO] - [33, 54], [0]
[2025-01-29 23:57:28,136][__main__][INFO] - [33, 55], [0]
[2025-01-29 23:57:28,157][__main__][INFO] - [33, 56], [0]
[2025-01-29 23:57:28,178][__main__][INFO] - [33, 57], [0]
[2025-01-29 23:57:28,199][__main__][INFO] - [33, 58], [0]
[2025-01-29 23:57:28,222][__main__][INFO] - [33, 59], [0]
[2025-01-29 23:57:28,284][__main__][INFO] - [34, 37], [0]
[2025-01-29 23:57:28,304][__main__][INFO] - [34, 38], [0]
[2025-01-29 23:57:28,323][__main__][INFO] - [34, 39], [0]
[2025-01-29 23:57:28,341][__main__][INFO] - [34, 40], [0]
[2025-01-29 23:57:28,358][__main__][INFO] - [34, 41], [0]
[2025-01-29 23:57:28,375][__main__][INFO] - [34], [0, 41]
[2025-01-29 23:57:28,397][__main__][INFO] - [34, 42], [0]
[2025-01-29 23:57:28,414][__main__][INFO] - [34], [0, 42]
[2025-01-29 23:57:28,451][__main__][INFO] - [34], [0, 43]
[2025-01-29 23:57:28,473][__main__][INFO] - [34, 44], [0]
[2025-01-29 23:57:28,524][__main__][INFO] - [34, 47], [0]
[2025-01-29 23:57:28,576][__main__][INFO] - [34, 50], [0]
[2025-01-29 23:57:28,609][__main__][INFO] - [34, 52], [0]
[2025-01-29 23:57:28,627][__main__][INFO] - [34, 53], [0]
[2025-01-29 23:57:28,644][__main__][INFO] - [34, 54], [0]
[2025-01-29 23:57:28,662][__main__][INFO] - [34, 55], [0]
[2025-01-29 23:57:28,679][__main__][INFO] - [34, 56], [0]
[2025-01-29 23:57:28,697][__main__][INFO] - [34, 57], [0]
[2025-01-29 23:57:28,714][__main__][INFO] - [34, 58], [0]
[2025-01-29 23:57:28,732][__main__][INFO] - [34, 59], [0]
[2025-01-29 23:57:28,763][__main__][INFO] - [35, 37], [0]
[2025-01-29 23:57:28,786][__main__][INFO] - [35, 38], [0]
[2025-01-29 23:57:28,806][__main__][INFO] - [35, 39], [0]
[2025-01-29 23:57:28,824][__main__][INFO] - [35, 40], [0]
[2025-01-29 23:57:28,842][__main__][INFO] - [35, 41], [0]
[2025-01-29 23:57:28,860][__main__][INFO] - [35], [0, 41]
[2025-01-29 23:57:28,887][__main__][INFO] - [35, 42], [0]
[2025-01-29 23:57:28,906][__main__][INFO] - [35], [0, 42]
[2025-01-29 23:57:28,932][__main__][INFO] - [35, 43], [0]
[2025-01-29 23:57:28,950][__main__][INFO] - [35], [0, 43]
[2025-01-29 23:57:28,978][__main__][INFO] - [35, 44], [0]
[2025-01-29 23:57:29,005][__main__][INFO] - [35, 45], [0]
[2025-01-29 23:57:29,037][__main__][INFO] - [35, 47], [0]
[2025-01-29 23:57:29,095][__main__][INFO] - [35, 50], [0]
[2025-01-29 23:57:29,112][__main__][INFO] - [35, 51], [0]
[2025-01-29 23:57:29,129][__main__][INFO] - [35, 52], [0]
[2025-01-29 23:57:29,147][__main__][INFO] - [35, 53], [0]
[2025-01-29 23:57:29,165][__main__][INFO] - [35, 54], [0]
[2025-01-29 23:57:29,183][__main__][INFO] - [35, 55], [0]
[2025-01-29 23:57:29,202][__main__][INFO] - [35, 56], [0]
[2025-01-29 23:57:29,219][__main__][INFO] - [35, 57], [0]
[2025-01-29 23:57:29,237][__main__][INFO] - [35, 58], [0]
[2025-01-29 23:57:29,254][__main__][INFO] - [35, 59], [0]
[2025-01-29 23:57:29,289][__main__][INFO] - [36, 37], [0]
[2025-01-29 23:57:29,410][__main__][INFO] - [36, 38], [0]
[2025-01-29 23:57:29,477][__main__][INFO] - [36, 39], [0]
[2025-01-29 23:57:29,526][__main__][INFO] - [36, 40], [0]
[2025-01-29 23:57:29,545][__main__][INFO] - [36, 41], [0]
[2025-01-29 23:57:29,562][__main__][INFO] - [36], [0, 41]
[2025-01-29 23:57:29,791][__main__][INFO] - [36, 42], [0]
[2025-01-29 23:57:29,809][__main__][INFO] - [36], [0, 42]
[2025-01-29 23:57:30,042][__main__][INFO] - [36, 43], [0]
[2025-01-29 23:57:30,061][__main__][INFO] - [36], [0, 43]
[2025-01-29 23:57:30,295][__main__][INFO] - [36, 44], [0]
[2025-01-29 23:57:30,455][__main__][INFO] - [36, 45], [0]
[2025-01-29 23:57:30,478][__main__][INFO] - [36, 46], [0]
[2025-01-29 23:57:30,541][__main__][INFO] - [36, 47], [0]
[2025-01-29 23:57:30,803][__main__][INFO] - [36, 50], [0]
[2025-01-29 23:57:30,832][__main__][INFO] - [36, 51], [0]
[2025-01-29 23:57:30,861][__main__][INFO] - [36, 52], [0]
[2025-01-29 23:57:30,893][__main__][INFO] - [36, 53], [0]
[2025-01-29 23:57:30,922][__main__][INFO] - [36, 54], [0]
[2025-01-29 23:57:30,950][__main__][INFO] - [36, 55], [0]
[2025-01-29 23:57:30,976][__main__][INFO] - [36, 56], [0]
[2025-01-29 23:57:31,001][__main__][INFO] - [36, 57], [0]
[2025-01-29 23:57:31,025][__main__][INFO] - [36, 58], [0]
[2025-01-29 23:57:31,047][__main__][INFO] - [36, 59], [0]
[2025-01-29 23:57:31,129][__main__][INFO] - [37, 41], [0]
[2025-01-29 23:57:31,331][__main__][INFO] - [37], [0, 41]
[2025-01-29 23:57:31,819][__main__][INFO] - [37, 42], [0]
[2025-01-29 23:57:31,861][__main__][INFO] - [37], [0, 42]
[2025-01-29 23:57:32,543][__main__][INFO] - [37, 43], [0]
[2025-01-29 23:57:32,573][__main__][INFO] - [37], [0, 43]
[2025-01-29 23:57:33,291][__main__][INFO] - [37, 44], [0]
[2025-01-29 23:57:33,949][__main__][INFO] - [37, 45], [0]
[2025-01-29 23:57:33,994][__main__][INFO] - [37, 46], [0]
[2025-01-29 23:57:34,033][__main__][INFO] - [37, 47], [0]
[2025-01-29 23:57:34,824][__main__][INFO] - [37, 50], [0]
[2025-01-29 23:57:34,884][__main__][INFO] - [37, 51], [0]
[2025-01-29 23:57:34,927][__main__][INFO] - [37, 52], [0]
[2025-01-29 23:57:34,978][__main__][INFO] - [37, 53], [0]
[2025-01-29 23:57:35,031][__main__][INFO] - [37, 54], [0]
[2025-01-29 23:57:35,080][__main__][INFO] - [37, 55], [0]
[2025-01-29 23:57:35,126][__main__][INFO] - [37, 56], [0]
[2025-01-29 23:57:35,168][__main__][INFO] - [37, 57], [0]
[2025-01-29 23:57:35,208][__main__][INFO] - [37, 58], [0]
[2025-01-29 23:57:35,244][__main__][INFO] - [37, 59], [0]
[2025-01-29 23:57:35,460][__main__][INFO] - [38, 41], [0]
[2025-01-29 23:57:35,487][__main__][INFO] - [38], [0, 41]
[2025-01-29 23:57:35,737][__main__][INFO] - [38, 42], [0]
[2025-01-29 23:57:35,764][__main__][INFO] - [38], [0, 42]
[2025-01-29 23:57:36,009][__main__][INFO] - [38, 43], [0]
[2025-01-29 23:57:36,031][__main__][INFO] - [38], [0, 43]
[2025-01-29 23:57:36,293][__main__][INFO] - [38, 44], [0]
[2025-01-29 23:57:36,522][__main__][INFO] - [38, 45], [0]
[2025-01-29 23:57:36,551][__main__][INFO] - [38, 46], [0]
[2025-01-29 23:57:36,582][__main__][INFO] - [38, 47], [0]
[2025-01-29 23:57:36,894][__main__][INFO] - [38, 50], [0]
[2025-01-29 23:57:36,924][__main__][INFO] - [38, 51], [0]
[2025-01-29 23:57:36,947][__main__][INFO] - [38, 52], [0]
[2025-01-29 23:57:36,971][__main__][INFO] - [38, 53], [0]
[2025-01-29 23:57:36,997][__main__][INFO] - [38, 54], [0]
[2025-01-29 23:57:37,021][__main__][INFO] - [38, 55], [0]
[2025-01-29 23:57:37,047][__main__][INFO] - [38, 56], [0]
[2025-01-29 23:57:37,073][__main__][INFO] - [38, 57], [0]
[2025-01-29 23:57:37,098][__main__][INFO] - [38, 58], [0]
[2025-01-29 23:57:37,122][__main__][INFO] - [38, 59], [0]
[2025-01-29 23:57:37,254][__main__][INFO] - [39, 41], [0]
[2025-01-29 23:57:37,296][__main__][INFO] - [39], [0, 41]
[2025-01-29 23:57:37,442][__main__][INFO] - [39, 42], [0]
[2025-01-29 23:57:37,464][__main__][INFO] - [39], [0, 42]
[2025-01-29 23:57:37,637][__main__][INFO] - [39, 43], [0]
[2025-01-29 23:57:37,657][__main__][INFO] - [39], [0, 43]
[2025-01-29 23:57:37,838][__main__][INFO] - [39, 44], [0]
[2025-01-29 23:57:37,992][__main__][INFO] - [39, 45], [0]
[2025-01-29 23:57:38,017][__main__][INFO] - [39, 46], [0]
[2025-01-29 23:57:38,043][__main__][INFO] - [39, 47], [0]
[2025-01-29 23:57:38,255][__main__][INFO] - [39, 50], [0]
[2025-01-29 23:57:38,283][__main__][INFO] - [39, 51], [0]
[2025-01-29 23:57:38,306][__main__][INFO] - [39, 52], [0]
[2025-01-29 23:57:38,329][__main__][INFO] - [39, 53], [0]
[2025-01-29 23:57:38,353][__main__][INFO] - [39, 54], [0]
[2025-01-29 23:57:38,377][__main__][INFO] - [39, 55], [0]
[2025-01-29 23:57:38,401][__main__][INFO] - [39, 56], [0]
[2025-01-29 23:57:38,424][__main__][INFO] - [39, 57], [0]
[2025-01-29 23:57:38,446][__main__][INFO] - [39, 58], [0]
[2025-01-29 23:57:38,468][__main__][INFO] - [39, 59], [0]
[2025-01-29 23:57:38,536][__main__][INFO] - [40, 41], [0]
[2025-01-29 23:57:38,553][__main__][INFO] - [40], [0, 41]
[2025-01-29 23:57:38,580][__main__][INFO] - [40, 42], [0]
[2025-01-29 23:57:38,598][__main__][INFO] - [40], [0, 42]
[2025-01-29 23:57:38,625][__main__][INFO] - [40, 43], [0]
[2025-01-29 23:57:38,643][__main__][INFO] - [40], [0, 43]
[2025-01-29 23:57:38,670][__main__][INFO] - [40, 44], [0]
[2025-01-29 23:57:38,697][__main__][INFO] - [40, 45], [0]
[2025-01-29 23:57:38,714][__main__][INFO] - [40, 46], [0]
[2025-01-29 23:57:38,732][__main__][INFO] - [40, 47], [0]
[2025-01-29 23:57:38,788][__main__][INFO] - [40, 50], [0]
[2025-01-29 23:57:38,807][__main__][INFO] - [40, 51], [0]
[2025-01-29 23:57:38,824][__main__][INFO] - [40, 52], [0]
[2025-01-29 23:57:38,842][__main__][INFO] - [40, 53], [0]
[2025-01-29 23:57:38,860][__main__][INFO] - [40, 54], [0]
[2025-01-29 23:57:38,878][__main__][INFO] - [40, 55], [0]
[2025-01-29 23:57:38,896][__main__][INFO] - [40, 56], [0]
[2025-01-29 23:57:38,914][__main__][INFO] - [40, 57], [0]
[2025-01-29 23:57:38,932][__main__][INFO] - [40, 58], [0]
[2025-01-29 23:57:38,949][__main__][INFO] - [40, 59], [0]
[2025-01-29 23:57:38,983][__main__][INFO] - [41, 42], [0]
[2025-01-29 23:57:39,007][__main__][INFO] - [41], [0, 42]
[2025-01-29 23:57:39,253][__main__][INFO] - [41, 43], [0]
[2025-01-29 23:57:39,275][__main__][INFO] - [41], [0, 43]
[2025-01-29 23:57:39,525][__main__][INFO] - [41, 44], [0]
[2025-01-29 23:57:39,773][__main__][INFO] - [41, 45], [0]
[2025-01-29 23:57:39,791][__main__][INFO] - [41, 46], [0]
[2025-01-29 23:57:39,808][__main__][INFO] - [41, 47], [0]
[2025-01-29 23:57:40,096][__main__][INFO] - [41, 50], [0]
[2025-01-29 23:57:40,125][__main__][INFO] - [41, 51], [0]
[2025-01-29 23:57:40,153][__main__][INFO] - [41, 52], [0]
[2025-01-29 23:57:40,183][__main__][INFO] - [41, 53], [0]
[2025-01-29 23:57:40,220][__main__][INFO] - [41, 54], [0]
[2025-01-29 23:57:40,251][__main__][INFO] - [41, 55], [0]
[2025-01-29 23:57:40,279][__main__][INFO] - [41, 56], [0]
[2025-01-29 23:57:40,307][__main__][INFO] - [41, 57], [0]
[2025-01-29 23:57:40,333][__main__][INFO] - [41, 58], [0]
[2025-01-29 23:57:40,357][__main__][INFO] - [41, 59], [0]
[2025-01-29 23:57:40,451][__main__][INFO] - [42], [0, 41]
[2025-01-29 23:57:40,506][__main__][INFO] - [], [0, 41, 42]
[2025-01-29 23:57:41,530][__main__][INFO] - [43], [0, 41]
[2025-01-29 23:57:41,565][__main__][INFO] - [], [0, 41, 43]
[2025-01-29 23:57:42,639][__main__][INFO] - [44], [0, 41]
[2025-01-29 23:57:43,560][__main__][INFO] - [45], [0, 41]
[2025-01-29 23:57:43,624][__main__][INFO] - [46], [0, 41]
[2025-01-29 23:57:43,685][__main__][INFO] - [47], [0, 41]
[2025-01-29 23:57:44,893][__main__][INFO] - [50], [0, 41]
[2025-01-29 23:57:44,969][__main__][INFO] - [51], [0, 41]
[2025-01-29 23:57:45,016][__main__][INFO] - [52], [0, 41]
[2025-01-29 23:57:45,068][__main__][INFO] - [53], [0, 41]
[2025-01-29 23:57:45,126][__main__][INFO] - [54], [0, 41]
[2025-01-29 23:57:45,181][__main__][INFO] - [55], [0, 41]
[2025-01-29 23:57:45,232][__main__][INFO] - [56], [0, 41]
[2025-01-29 23:57:45,283][__main__][INFO] - [57], [0, 41]
[2025-01-29 23:57:45,332][__main__][INFO] - [58], [0, 41]
[2025-01-29 23:57:45,376][__main__][INFO] - [59], [0, 41]
[2025-01-29 23:57:45,697][__main__][INFO] - [42, 43], [0]
[2025-01-29 23:57:45,722][__main__][INFO] - [42], [0, 43]
[2025-01-29 23:57:45,777][__main__][INFO] - [42, 44], [0]
[2025-01-29 23:57:45,827][__main__][INFO] - [42, 45], [0]
[2025-01-29 23:57:45,853][__main__][INFO] - [42, 46], [0]
[2025-01-29 23:57:45,870][__main__][INFO] - [42, 47], [0]
[2025-01-29 23:57:45,966][__main__][INFO] - [42, 50], [0]
[2025-01-29 23:57:45,987][__main__][INFO] - [42, 51], [0]
[2025-01-29 23:57:46,005][__main__][INFO] - [42, 52], [0]
[2025-01-29 23:57:46,025][__main__][INFO] - [42, 53], [0]
[2025-01-29 23:57:46,045][__main__][INFO] - [42, 54], [0]
[2025-01-29 23:57:46,065][__main__][INFO] - [42, 55], [0]
[2025-01-29 23:57:46,085][__main__][INFO] - [42, 56], [0]
[2025-01-29 23:57:46,104][__main__][INFO] - [42, 57], [0]
[2025-01-29 23:57:46,123][__main__][INFO] - [42, 58], [0]
[2025-01-29 23:57:46,142][__main__][INFO] - [42, 59], [0]
[2025-01-29 23:57:46,183][__main__][INFO] - [43], [0, 42]
[2025-01-29 23:57:46,215][__main__][INFO] - [], [0, 42, 43]
[2025-01-29 23:57:47,633][__main__][INFO] - [44], [0, 42]
[2025-01-29 23:57:48,875][__main__][INFO] - [45], [0, 42]
[2025-01-29 23:57:48,933][__main__][INFO] - [46], [0, 42]
[2025-01-29 23:57:48,996][__main__][INFO] - [47], [0, 42]
[2025-01-29 23:57:50,531][__main__][INFO] - [50], [0, 42]
[2025-01-29 23:57:50,616][__main__][INFO] - [51], [0, 42]
[2025-01-29 23:57:50,674][__main__][INFO] - [52], [0, 42]
[2025-01-29 23:57:50,741][__main__][INFO] - [53], [0, 42]
[2025-01-29 23:57:50,814][__main__][INFO] - [54], [0, 42]
[2025-01-29 23:57:50,881][__main__][INFO] - [55], [0, 42]
[2025-01-29 23:57:50,943][__main__][INFO] - [56], [0, 42]
[2025-01-29 23:57:51,004][__main__][INFO] - [57], [0, 42]
[2025-01-29 23:57:51,061][__main__][INFO] - [58], [0, 42]
[2025-01-29 23:57:51,112][__main__][INFO] - [59], [0, 42]
[2025-01-29 23:57:51,503][__main__][INFO] - [43, 44], [0]
[2025-01-29 23:57:51,535][__main__][INFO] - [43, 45], [0]
[2025-01-29 23:57:51,561][__main__][INFO] - [43, 46], [0]
[2025-01-29 23:57:51,580][__main__][INFO] - [43, 47], [0]
[2025-01-29 23:57:51,651][__main__][INFO] - [43, 50], [0]
[2025-01-29 23:57:51,672][__main__][INFO] - [43, 51], [0]
[2025-01-29 23:57:51,691][__main__][INFO] - [43, 52], [0]
[2025-01-29 23:57:51,711][__main__][INFO] - [43, 53], [0]
[2025-01-29 23:57:51,730][__main__][INFO] - [43, 54], [0]
[2025-01-29 23:57:51,748][__main__][INFO] - [43, 55], [0]
[2025-01-29 23:57:51,767][__main__][INFO] - [43, 56], [0]
[2025-01-29 23:57:51,786][__main__][INFO] - [43, 57], [0]
[2025-01-29 23:57:51,804][__main__][INFO] - [43, 58], [0]
[2025-01-29 23:57:51,822][__main__][INFO] - [43, 59], [0]
[2025-01-29 23:57:51,857][__main__][INFO] - [44], [0, 43]
[2025-01-29 23:57:53,166][__main__][INFO] - [45], [0, 43]
[2025-01-29 23:57:53,229][__main__][INFO] - [46], [0, 43]
[2025-01-29 23:57:53,293][__main__][INFO] - [47], [0, 43]
[2025-01-29 23:57:54,915][__main__][INFO] - [50], [0, 43]
[2025-01-29 23:57:55,001][__main__][INFO] - [51], [0, 43]
[2025-01-29 23:57:55,060][__main__][INFO] - [52], [0, 43]
[2025-01-29 23:57:55,128][__main__][INFO] - [53], [0, 43]
[2025-01-29 23:57:55,202][__main__][INFO] - [54], [0, 43]
[2025-01-29 23:57:55,273][__main__][INFO] - [55], [0, 43]
[2025-01-29 23:57:55,337][__main__][INFO] - [56], [0, 43]
[2025-01-29 23:57:55,401][__main__][INFO] - [57], [0, 43]
[2025-01-29 23:57:55,460][__main__][INFO] - [58], [0, 43]
[2025-01-29 23:57:55,514][__main__][INFO] - [59], [0, 43]
[2025-01-29 23:57:55,911][__main__][INFO] - [44, 47], [0]
[2025-01-29 23:57:57,299][__main__][INFO] - [44, 50], [0]
[2025-01-29 23:57:57,373][__main__][INFO] - [44, 51], [0]
[2025-01-29 23:57:57,424][__main__][INFO] - [44, 52], [0]
[2025-01-29 23:57:57,484][__main__][INFO] - [44, 53], [0]
[2025-01-29 23:57:57,551][__main__][INFO] - [44, 54], [0]
[2025-01-29 23:57:57,615][__main__][INFO] - [44, 55], [0]
[2025-01-29 23:57:57,674][__main__][INFO] - [44, 56], [0]
[2025-01-29 23:57:57,732][__main__][INFO] - [44, 57], [0]
[2025-01-29 23:57:57,788][__main__][INFO] - [44, 58], [0]
[2025-01-29 23:57:57,837][__main__][INFO] - [44, 59], [0]
[2025-01-29 23:57:58,210][__main__][INFO] - [45, 47], [0]
[2025-01-29 23:57:58,315][__main__][INFO] - [45, 50], [0]
[2025-01-29 23:57:58,341][__main__][INFO] - [45, 51], [0]
[2025-01-29 23:57:58,362][__main__][INFO] - [45, 52], [0]
[2025-01-29 23:57:58,383][__main__][INFO] - [45, 53], [0]
[2025-01-29 23:57:58,403][__main__][INFO] - [45, 54], [0]
[2025-01-29 23:57:58,423][__main__][INFO] - [45, 55], [0]
[2025-01-29 23:57:58,442][__main__][INFO] - [45, 56], [0]
[2025-01-29 23:57:58,462][__main__][INFO] - [45, 57], [0]
[2025-01-29 23:57:58,481][__main__][INFO] - [45, 58], [0]
[2025-01-29 23:57:58,499][__main__][INFO] - [45, 59], [0]
[2025-01-29 23:57:58,537][__main__][INFO] - [46, 47], [0]
[2025-01-29 23:57:58,628][__main__][INFO] - [46, 50], [0]
[2025-01-29 23:57:58,649][__main__][INFO] - [46, 51], [0]
[2025-01-29 23:57:58,668][__main__][INFO] - [46, 52], [0]
[2025-01-29 23:57:58,689][__main__][INFO] - [46, 53], [0]
[2025-01-29 23:57:58,709][__main__][INFO] - [46, 54], [0]
[2025-01-29 23:57:58,728][__main__][INFO] - [46, 55], [0]
[2025-01-29 23:57:58,747][__main__][INFO] - [46, 56], [0]
[2025-01-29 23:57:58,766][__main__][INFO] - [46, 57], [0]
[2025-01-29 23:57:58,785][__main__][INFO] - [46, 58], [0]
[2025-01-29 23:57:58,801][__main__][INFO] - [46, 59], [0]
[2025-01-29 23:57:58,844][__main__][INFO] - [47, 50], [0]
[2025-01-29 23:57:58,936][__main__][INFO] - [47, 51], [0]
[2025-01-29 23:57:58,996][__main__][INFO] - [47, 52], [0]
[2025-01-29 23:57:59,068][__main__][INFO] - [47, 53], [0]
[2025-01-29 23:57:59,146][__main__][INFO] - [47, 54], [0]
[2025-01-29 23:57:59,222][__main__][INFO] - [47, 55], [0]
[2025-01-29 23:57:59,301][__main__][INFO] - [47, 56], [0]
[2025-01-29 23:57:59,365][__main__][INFO] - [47, 57], [0]
[2025-01-29 23:57:59,424][__main__][INFO] - [47, 58], [0]
[2025-01-29 23:57:59,477][__main__][INFO] - [47, 59], [0]
[2025-01-29 23:57:59,938][__main__][INFO] - [1, 10, 20], []
[2025-01-29 23:57:59,996][__main__][INFO] - [1, 10, 22], []
[2025-01-29 23:58:00,057][__main__][INFO] - [1, 10, 26], []
[2025-01-29 23:58:00,075][__main__][INFO] - [1, 10], [26]
[2025-01-29 23:58:00,117][__main__][INFO] - [1, 10, 27], []
[2025-01-29 23:58:00,161][__main__][INFO] - [1, 10, 28], []
[2025-01-29 23:58:00,178][__main__][INFO] - [1, 10, 29], []
[2025-01-29 23:58:00,195][__main__][INFO] - [1, 10, 30], []
[2025-01-29 23:58:00,284][__main__][INFO] - [1, 10, 36], []
[2025-01-29 23:58:00,328][__main__][INFO] - [1, 10, 37], []
[2025-01-29 23:58:00,363][__main__][INFO] - [1, 10, 38], []
[2025-01-29 23:58:00,383][__main__][INFO] - [1, 10, 39], []
[2025-01-29 23:58:00,405][__main__][INFO] - [1, 10, 40], []
[2025-01-29 23:58:00,422][__main__][INFO] - [1, 10, 41], []
[2025-01-29 23:58:00,439][__main__][INFO] - [1, 10], [41]
[2025-01-29 23:58:00,484][__main__][INFO] - [1, 10, 42], []
[2025-01-29 23:58:00,501][__main__][INFO] - [1, 10], [42]
[2025-01-29 23:58:00,547][__main__][INFO] - [1, 10, 43], []
[2025-01-29 23:58:00,564][__main__][INFO] - [1, 10], [43]
[2025-01-29 23:58:00,609][__main__][INFO] - [1, 10, 44], []
[2025-01-29 23:58:00,639][__main__][INFO] - [1, 10, 45], []
[2025-01-29 23:58:00,656][__main__][INFO] - [1, 10, 46], []
[2025-01-29 23:58:00,685][__main__][INFO] - [1, 10, 47], []
[2025-01-29 23:58:00,758][__main__][INFO] - [1, 10, 50], []
[2025-01-29 23:58:00,777][__main__][INFO] - [1, 10, 51], []
[2025-01-29 23:58:00,794][__main__][INFO] - [1, 10, 52], []
[2025-01-29 23:58:00,815][__main__][INFO] - [1, 10, 53], []
[2025-01-29 23:58:00,832][__main__][INFO] - [1, 10, 54], []
[2025-01-29 23:58:00,849][__main__][INFO] - [1, 10, 55], []
[2025-01-29 23:58:00,868][__main__][INFO] - [1, 10, 56], []
[2025-01-29 23:58:00,885][__main__][INFO] - [1, 10, 57], []
[2025-01-29 23:58:00,902][__main__][INFO] - [1, 10, 58], []
[2025-01-29 23:58:00,918][__main__][INFO] - [1, 10, 59], []
[2025-01-29 23:58:00,949][__main__][INFO] - [1, 11, 20], []
[2025-01-29 23:58:01,011][__main__][INFO] - [1, 11, 22], []
[2025-01-29 23:58:01,071][__main__][INFO] - [1, 11, 26], []
[2025-01-29 23:58:01,090][__main__][INFO] - [1, 11], [26]
[2025-01-29 23:58:01,139][__main__][INFO] - [1, 11, 27], []
[2025-01-29 23:58:01,186][__main__][INFO] - [1, 11, 28], []
[2025-01-29 23:58:01,204][__main__][INFO] - [1, 11, 29], []
[2025-01-29 23:58:01,221][__main__][INFO] - [1, 11, 30], []
[2025-01-29 23:58:01,253][__main__][INFO] - [1, 11, 32], []
[2025-01-29 23:58:01,321][__main__][INFO] - [1, 11, 36], []
[2025-01-29 23:58:01,361][__main__][INFO] - [1, 11, 37], []
[2025-01-29 23:58:01,401][__main__][INFO] - [1, 11, 38], []
[2025-01-29 23:58:01,419][__main__][INFO] - [1, 11, 39], []
[2025-01-29 23:58:01,440][__main__][INFO] - [1, 11, 40], []
[2025-01-29 23:58:01,458][__main__][INFO] - [1, 11, 41], []
[2025-01-29 23:58:01,475][__main__][INFO] - [1, 11], [41]
[2025-01-29 23:58:01,522][__main__][INFO] - [1, 11, 42], []
[2025-01-29 23:58:01,540][__main__][INFO] - [1, 11], [42]
[2025-01-29 23:58:01,589][__main__][INFO] - [1, 11, 43], []
[2025-01-29 23:58:01,607][__main__][INFO] - [1, 11], [43]
[2025-01-29 23:58:01,656][__main__][INFO] - [1, 11, 44], []
[2025-01-29 23:58:01,705][__main__][INFO] - [1, 11, 45], []
[2025-01-29 23:58:01,738][__main__][INFO] - [1, 11, 47], []
[2025-01-29 23:58:01,780][__main__][INFO] - [1, 11, 48], []
[2025-01-29 23:58:01,813][__main__][INFO] - [1, 11, 50], []
[2025-01-29 23:58:01,834][__main__][INFO] - [1, 11, 51], []
[2025-01-29 23:58:01,851][__main__][INFO] - [1, 11, 52], []
[2025-01-29 23:58:01,868][__main__][INFO] - [1, 11, 53], []
[2025-01-29 23:58:01,889][__main__][INFO] - [1, 11, 54], []
[2025-01-29 23:58:01,906][__main__][INFO] - [1, 11, 55], []
[2025-01-29 23:58:01,925][__main__][INFO] - [1, 11, 56], []
[2025-01-29 23:58:01,943][__main__][INFO] - [1, 11, 57], []
[2025-01-29 23:58:01,961][__main__][INFO] - [1, 11, 58], []
[2025-01-29 23:58:01,978][__main__][INFO] - [1, 11, 59], []
[2025-01-29 23:58:02,011][__main__][INFO] - [1, 12, 20], []
[2025-01-29 23:58:02,070][__main__][INFO] - [1, 12, 22], []
[2025-01-29 23:58:02,132][__main__][INFO] - [1, 12, 26], []
[2025-01-29 23:58:02,151][__main__][INFO] - [1, 12], [26]
[2025-01-29 23:58:02,203][__main__][INFO] - [1, 12, 27], []
[2025-01-29 23:58:02,249][__main__][INFO] - [1, 12, 28], []
[2025-01-29 23:58:02,267][__main__][INFO] - [1, 12, 29], []
[2025-01-29 23:58:02,284][__main__][INFO] - [1, 12, 30], []
[2025-01-29 23:58:02,316][__main__][INFO] - [1, 12, 32], []
[2025-01-29 23:58:02,369][__main__][INFO] - [1, 12, 33], []
[2025-01-29 23:58:02,386][__main__][INFO] - [1, 12, 34], []
[2025-01-29 23:58:02,403][__main__][INFO] - [1, 12, 35], []
[2025-01-29 23:58:02,434][__main__][INFO] - [1, 12, 37], []
[2025-01-29 23:58:02,477][__main__][INFO] - [1, 12, 38], []
[2025-01-29 23:58:02,496][__main__][INFO] - [1, 12, 39], []
[2025-01-29 23:58:02,518][__main__][INFO] - [1, 12, 40], []
[2025-01-29 23:58:02,536][__main__][INFO] - [1, 12, 41], []
[2025-01-29 23:58:02,552][__main__][INFO] - [1, 12], [41]
[2025-01-29 23:58:02,598][__main__][INFO] - [1, 12, 42], []
[2025-01-29 23:58:02,615][__main__][INFO] - [1, 12], [42]
[2025-01-29 23:58:02,668][__main__][INFO] - [1, 12, 43], []
[2025-01-29 23:58:02,686][__main__][INFO] - [1, 12], [43]
[2025-01-29 23:58:02,739][__main__][INFO] - [1, 12, 44], []
[2025-01-29 23:58:02,791][__main__][INFO] - [1, 12, 45], []
[2025-01-29 23:58:02,822][__main__][INFO] - [1, 12, 47], []
[2025-01-29 23:58:02,859][__main__][INFO] - [1, 12, 48], []
[2025-01-29 23:58:02,892][__main__][INFO] - [1, 12, 49], []
[2025-01-29 23:58:02,909][__main__][INFO] - [1, 12, 50], []
[2025-01-29 23:58:02,929][__main__][INFO] - [1, 12, 51], []
[2025-01-29 23:58:02,948][__main__][INFO] - [1, 12, 52], []
[2025-01-29 23:58:02,965][__main__][INFO] - [1, 12, 53], []
[2025-01-29 23:58:02,985][__main__][INFO] - [1, 12, 54], []
[2025-01-29 23:58:03,002][__main__][INFO] - [1, 12, 55], []
[2025-01-29 23:58:03,019][__main__][INFO] - [1, 12, 56], []
[2025-01-29 23:58:03,036][__main__][INFO] - [1, 12, 57], []
[2025-01-29 23:58:03,052][__main__][INFO] - [1, 12, 58], []
[2025-01-29 23:58:03,069][__main__][INFO] - [1, 12, 59], []
[2025-01-29 23:58:03,100][__main__][INFO] - [1, 13, 20], []
[2025-01-29 23:58:03,147][__main__][INFO] - [1, 13, 22], []
[2025-01-29 23:58:03,221][__main__][INFO] - [1, 13, 26], []
[2025-01-29 23:58:03,238][__main__][INFO] - [1, 13], [26]
[2025-01-29 23:58:03,283][__main__][INFO] - [1, 13, 27], []
[2025-01-29 23:58:03,316][__main__][INFO] - [1, 13, 28], []
[2025-01-29 23:58:03,341][__main__][INFO] - [1, 13, 29], []
[2025-01-29 23:58:03,358][__main__][INFO] - [1, 13, 30], []
[2025-01-29 23:58:03,375][__main__][INFO] - [1, 13, 31], []
[2025-01-29 23:58:03,392][__main__][INFO] - [1, 13, 32], []
[2025-01-29 23:58:03,438][__main__][INFO] - [1, 13, 33], []
[2025-01-29 23:58:03,498][__main__][INFO] - [1, 13, 37], []
[2025-01-29 23:58:03,537][__main__][INFO] - [1, 13, 38], []
[2025-01-29 23:58:03,556][__main__][INFO] - [1, 13, 39], []
[2025-01-29 23:58:03,573][__main__][INFO] - [1, 13, 40], []
[2025-01-29 23:58:03,590][__main__][INFO] - [1, 13, 41], []
[2025-01-29 23:58:03,618][__main__][INFO] - [1, 13], [41]
[2025-01-29 23:58:03,652][__main__][INFO] - [1, 13, 42], []
[2025-01-29 23:58:03,669][__main__][INFO] - [1, 13], [42]
[2025-01-29 23:58:03,715][__main__][INFO] - [1, 13, 43], []
[2025-01-29 23:58:03,733][__main__][INFO] - [1, 13], [43]
[2025-01-29 23:58:03,779][__main__][INFO] - [1, 13, 44], []
[2025-01-29 23:58:03,824][__main__][INFO] - [1, 13, 45], []
[2025-01-29 23:58:03,856][__main__][INFO] - [1, 13, 47], []
[2025-01-29 23:58:03,888][__main__][INFO] - [1, 13, 48], []
[2025-01-29 23:58:03,918][__main__][INFO] - [1, 13, 49], []
[2025-01-29 23:58:03,936][__main__][INFO] - [1, 13, 50], []
[2025-01-29 23:58:03,953][__main__][INFO] - [1, 13, 51], []
[2025-01-29 23:58:03,972][__main__][INFO] - [1, 13, 52], []
[2025-01-29 23:58:03,989][__main__][INFO] - [1, 13, 53], []
[2025-01-29 23:58:04,006][__main__][INFO] - [1, 13, 54], []
[2025-01-29 23:58:04,025][__main__][INFO] - [1, 13, 55], []
[2025-01-29 23:58:04,044][__main__][INFO] - [1, 13, 56], []
[2025-01-29 23:58:04,061][__main__][INFO] - [1, 13, 57], []
[2025-01-29 23:58:04,079][__main__][INFO] - [1, 13, 58], []
[2025-01-29 23:58:04,096][__main__][INFO] - [1, 13, 59], []
[2025-01-29 23:58:04,127][__main__][INFO] - [1, 14, 20], []
[2025-01-29 23:58:04,167][__main__][INFO] - [1, 14, 22], []
[2025-01-29 23:58:04,245][__main__][INFO] - [1, 14, 26], []
[2025-01-29 23:58:04,262][__main__][INFO] - [1, 14], [26]
[2025-01-29 23:58:04,305][__main__][INFO] - [1, 14, 27], []
[2025-01-29 23:58:04,331][__main__][INFO] - [1, 14, 28], []
[2025-01-29 23:58:04,348][__main__][INFO] - [1, 14, 29], []
[2025-01-29 23:58:04,371][__main__][INFO] - [1, 14, 30], []
[2025-01-29 23:58:04,402][__main__][INFO] - [1, 14, 32], []
[2025-01-29 23:58:04,447][__main__][INFO] - [1, 14, 33], []
[2025-01-29 23:58:04,479][__main__][INFO] - [1, 14, 35], []
[2025-01-29 23:58:04,510][__main__][INFO] - [1, 14, 37], []
[2025-01-29 23:58:04,550][__main__][INFO] - [1, 14, 38], []
[2025-01-29 23:58:04,568][__main__][INFO] - [1, 14, 39], []
[2025-01-29 23:58:04,588][__main__][INFO] - [1, 14, 40], []
[2025-01-29 23:58:04,606][__main__][INFO] - [1, 14, 41], []
[2025-01-29 23:58:04,641][__main__][INFO] - [1, 14], [41]
[2025-01-29 23:58:04,668][__main__][INFO] - [1, 14, 42], []
[2025-01-29 23:58:04,686][__main__][INFO] - [1, 14], [42]
[2025-01-29 23:58:04,731][__main__][INFO] - [1, 14, 43], []
[2025-01-29 23:58:04,748][__main__][INFO] - [1, 14], [43]
[2025-01-29 23:58:04,794][__main__][INFO] - [1, 14, 44], []
[2025-01-29 23:58:04,840][__main__][INFO] - [1, 14, 45], []
[2025-01-29 23:58:04,871][__main__][INFO] - [1, 14, 47], []
[2025-01-29 23:58:04,903][__main__][INFO] - [1, 14, 48], []
[2025-01-29 23:58:04,935][__main__][INFO] - [1, 14, 49], []
[2025-01-29 23:58:04,951][__main__][INFO] - [1, 14, 50], []
[2025-01-29 23:58:04,968][__main__][INFO] - [1, 14, 51], []
[2025-01-29 23:58:04,985][__main__][INFO] - [1, 14, 52], []
[2025-01-29 23:58:05,005][__main__][INFO] - [1, 14, 53], []
[2025-01-29 23:58:05,022][__main__][INFO] - [1, 14, 54], []
[2025-01-29 23:58:05,038][__main__][INFO] - [1, 14, 55], []
[2025-01-29 23:58:05,055][__main__][INFO] - [1, 14, 56], []
[2025-01-29 23:58:05,074][__main__][INFO] - [1, 14, 57], []
[2025-01-29 23:58:05,092][__main__][INFO] - [1, 14, 58], []
[2025-01-29 23:58:05,109][__main__][INFO] - [1, 14, 59], []
[2025-01-29 23:58:05,144][__main__][INFO] - [1, 15, 20], []
[2025-01-29 23:58:05,181][__main__][INFO] - [1, 15, 22], []
[2025-01-29 23:58:05,240][__main__][INFO] - [1, 15, 26], []
[2025-01-29 23:58:05,261][__main__][INFO] - [1, 15], [26]
[2025-01-29 23:58:05,300][__main__][INFO] - [1, 15, 27], []
[2025-01-29 23:58:05,323][__main__][INFO] - [1, 15, 28], []
[2025-01-29 23:58:05,340][__main__][INFO] - [1, 15, 29], []
[2025-01-29 23:58:05,357][__main__][INFO] - [1, 15, 30], []
[2025-01-29 23:58:05,388][__main__][INFO] - [1, 15, 32], []
[2025-01-29 23:58:05,430][__main__][INFO] - [1, 15, 33], []
[2025-01-29 23:58:05,490][__main__][INFO] - [1, 15, 37], []
[2025-01-29 23:58:05,528][__main__][INFO] - [1, 15, 38], []
[2025-01-29 23:58:05,545][__main__][INFO] - [1, 15, 39], []
[2025-01-29 23:58:05,562][__main__][INFO] - [1, 15, 40], []
[2025-01-29 23:58:05,579][__main__][INFO] - [1, 15, 41], []
[2025-01-29 23:58:05,597][__main__][INFO] - [1, 15], [41]
[2025-01-29 23:58:05,620][__main__][INFO] - [1, 15, 42], []
[2025-01-29 23:58:05,638][__main__][INFO] - [1, 15], [42]
[2025-01-29 23:58:05,679][__main__][INFO] - [1, 15, 43], []
[2025-01-29 23:58:05,698][__main__][INFO] - [1, 15], [43]
[2025-01-29 23:58:05,740][__main__][INFO] - [1, 15, 44], []
[2025-01-29 23:58:05,781][__main__][INFO] - [1, 15, 45], []
[2025-01-29 23:58:05,812][__main__][INFO] - [1, 15, 47], []
[2025-01-29 23:58:05,849][__main__][INFO] - [1, 15, 48], []
[2025-01-29 23:58:05,881][__main__][INFO] - [1, 15, 50], []
[2025-01-29 23:58:05,899][__main__][INFO] - [1, 15, 51], []
[2025-01-29 23:58:05,916][__main__][INFO] - [1, 15, 52], []
[2025-01-29 23:58:05,933][__main__][INFO] - [1, 15, 53], []
[2025-01-29 23:58:05,950][__main__][INFO] - [1, 15, 54], []
[2025-01-29 23:58:05,967][__main__][INFO] - [1, 15, 55], []
[2025-01-29 23:58:05,984][__main__][INFO] - [1, 15, 56], []
[2025-01-29 23:58:06,000][__main__][INFO] - [1, 15, 57], []
[2025-01-29 23:58:06,017][__main__][INFO] - [1, 15, 58], []
[2025-01-29 23:58:06,034][__main__][INFO] - [1, 15, 59], []
[2025-01-29 23:58:06,068][__main__][INFO] - [1, 16, 20], []
[2025-01-29 23:58:06,104][__main__][INFO] - [1, 16, 22], []
[2025-01-29 23:58:06,175][__main__][INFO] - [1, 16, 26], []
[2025-01-29 23:58:06,191][__main__][INFO] - [1, 16], [26]
[2025-01-29 23:58:06,221][__main__][INFO] - [1, 16, 27], []
[2025-01-29 23:58:06,242][__main__][INFO] - [1, 16, 28], []
[2025-01-29 23:58:06,263][__main__][INFO] - [1, 16, 29], []
[2025-01-29 23:58:06,280][__main__][INFO] - [1, 16, 30], []
[2025-01-29 23:58:06,311][__main__][INFO] - [1, 16, 32], []
[2025-01-29 23:58:06,344][__main__][INFO] - [1, 16, 33], []
[2025-01-29 23:58:06,403][__main__][INFO] - [1, 16, 37], []
[2025-01-29 23:58:06,433][__main__][INFO] - [1, 16, 38], []
[2025-01-29 23:58:06,450][__main__][INFO] - [1, 16, 39], []
[2025-01-29 23:58:06,481][__main__][INFO] - [1, 16, 41], []
[2025-01-29 23:58:06,509][__main__][INFO] - [1, 16], [41]
[2025-01-29 23:58:06,530][__main__][INFO] - [1, 16, 42], []
[2025-01-29 23:58:06,551][__main__][INFO] - [1, 16], [42]
[2025-01-29 23:58:06,588][__main__][INFO] - [1, 16, 43], []
[2025-01-29 23:58:06,605][__main__][INFO] - [1, 16], [43]
[2025-01-29 23:58:06,638][__main__][INFO] - [1, 16, 44], []
[2025-01-29 23:58:06,671][__main__][INFO] - [1, 16, 45], []
[2025-01-29 23:58:06,704][__main__][INFO] - [1, 16, 47], []
[2025-01-29 23:58:06,765][__main__][INFO] - [1, 16, 50], []
[2025-01-29 23:58:06,782][__main__][INFO] - [1, 16, 51], []
[2025-01-29 23:58:06,799][__main__][INFO] - [1, 16, 52], []
[2025-01-29 23:58:06,816][__main__][INFO] - [1, 16, 53], []
[2025-01-29 23:58:06,833][__main__][INFO] - [1, 16, 54], []
[2025-01-29 23:58:06,850][__main__][INFO] - [1, 16, 55], []
[2025-01-29 23:58:06,868][__main__][INFO] - [1, 16, 56], []
[2025-01-29 23:58:06,885][__main__][INFO] - [1, 16, 57], []
[2025-01-29 23:58:06,902][__main__][INFO] - [1, 16, 58], []
[2025-01-29 23:58:06,918][__main__][INFO] - [1, 16, 59], []
[2025-01-29 23:58:06,952][__main__][INFO] - [1, 17, 20], []
[2025-01-29 23:58:06,972][__main__][INFO] - [1, 17, 21], []
[2025-01-29 23:58:06,988][__main__][INFO] - [1, 17, 22], []
[2025-01-29 23:58:07,048][__main__][INFO] - [1, 17, 26], []
[2025-01-29 23:58:07,068][__main__][INFO] - [1, 17], [26]
[2025-01-29 23:58:07,091][__main__][INFO] - [1, 17, 27], []
[2025-01-29 23:58:07,111][__main__][INFO] - [1, 17, 28], []
[2025-01-29 23:58:07,127][__main__][INFO] - [1, 17, 29], []
[2025-01-29 23:58:07,144][__main__][INFO] - [1, 17, 30], []
[2025-01-29 23:58:07,176][__main__][INFO] - [1, 17, 32], []
[2025-01-29 23:58:07,202][__main__][INFO] - [1, 17, 33], []
[2025-01-29 23:58:07,262][__main__][INFO] - [1, 17, 37], []
[2025-01-29 23:58:07,286][__main__][INFO] - [1, 17, 38], []
[2025-01-29 23:58:07,303][__main__][INFO] - [1, 17, 39], []
[2025-01-29 23:58:07,334][__main__][INFO] - [1, 17, 41], []
[2025-01-29 23:58:07,350][__main__][INFO] - [1, 17], [41]
[2025-01-29 23:58:07,370][__main__][INFO] - [1, 17, 42], []
[2025-01-29 23:58:07,389][__main__][INFO] - [1, 17], [42]
[2025-01-29 23:58:07,414][__main__][INFO] - [1, 17, 43], []
[2025-01-29 23:58:07,432][__main__][INFO] - [1, 17], [43]
[2025-01-29 23:58:07,457][__main__][INFO] - [1, 17, 44], []
[2025-01-29 23:58:07,483][__main__][INFO] - [1, 17, 45], []
[2025-01-29 23:58:07,513][__main__][INFO] - [1, 17, 47], []
[2025-01-29 23:58:07,568][__main__][INFO] - [1, 17, 50], []
[2025-01-29 23:58:07,585][__main__][INFO] - [1, 17, 51], []
[2025-01-29 23:58:07,602][__main__][INFO] - [1, 17, 52], []
[2025-01-29 23:58:07,620][__main__][INFO] - [1, 17, 53], []
[2025-01-29 23:58:07,638][__main__][INFO] - [1, 17, 54], []
[2025-01-29 23:58:07,654][__main__][INFO] - [1, 17, 55], []
[2025-01-29 23:58:07,672][__main__][INFO] - [1, 17, 56], []
[2025-01-29 23:58:07,688][__main__][INFO] - [1, 17, 57], []
[2025-01-29 23:58:07,705][__main__][INFO] - [1, 17, 58], []
[2025-01-29 23:58:07,721][__main__][INFO] - [1, 17, 59], []
[2025-01-29 23:58:07,753][__main__][INFO] - [1, 18, 20], []
[2025-01-29 23:58:07,786][__main__][INFO] - [1, 18, 22], []
[2025-01-29 23:58:07,844][__main__][INFO] - [1, 18, 26], []
[2025-01-29 23:58:07,864][__main__][INFO] - [1, 18], [26]
[2025-01-29 23:58:07,881][__main__][INFO] - [1, 18, 27], []
[2025-01-29 23:58:07,899][__main__][INFO] - [1, 18, 28], []
[2025-01-29 23:58:07,916][__main__][INFO] - [1, 18, 29], []
[2025-01-29 23:58:07,961][__main__][INFO] - [1, 18, 32], []
[2025-01-29 23:58:07,982][__main__][INFO] - [1, 18, 33], []
[2025-01-29 23:58:08,041][__main__][INFO] - [1, 18, 37], []
[2025-01-29 23:58:08,062][__main__][INFO] - [1, 18, 38], []
[2025-01-29 23:58:08,079][__main__][INFO] - [1, 18, 39], []
[2025-01-29 23:58:08,110][__main__][INFO] - [1, 18, 41], []
[2025-01-29 23:58:08,127][__main__][INFO] - [1, 18], [41]
[2025-01-29 23:58:08,145][__main__][INFO] - [1, 18, 42], []
[2025-01-29 23:58:08,164][__main__][INFO] - [1, 18], [42]
[2025-01-29 23:58:08,184][__main__][INFO] - [1, 18, 43], []
[2025-01-29 23:58:08,200][__main__][INFO] - [1, 18], [43]
[2025-01-29 23:58:08,221][__main__][INFO] - [1, 18, 44], []
[2025-01-29 23:58:08,241][__main__][INFO] - [1, 18, 45], []
[2025-01-29 23:58:08,272][__main__][INFO] - [1, 18, 47], []
[2025-01-29 23:58:08,322][__main__][INFO] - [1, 18, 50], []
[2025-01-29 23:58:08,338][__main__][INFO] - [1, 18, 51], []
[2025-01-29 23:58:08,355][__main__][INFO] - [1, 18, 52], []
[2025-01-29 23:58:08,372][__main__][INFO] - [1, 18, 53], []
[2025-01-29 23:58:08,390][__main__][INFO] - [1, 18, 54], []
[2025-01-29 23:58:08,407][__main__][INFO] - [1, 18, 55], []
[2025-01-29 23:58:08,424][__main__][INFO] - [1, 18, 56], []
[2025-01-29 23:58:08,440][__main__][INFO] - [1, 18, 57], []
[2025-01-29 23:58:08,458][__main__][INFO] - [1, 18, 58], []
[2025-01-29 23:58:08,475][__main__][INFO] - [1, 18, 59], []
[2025-01-29 23:58:08,506][__main__][INFO] - [1, 19, 20], []
[2025-01-29 23:58:08,537][__main__][INFO] - [1, 19, 22], []
[2025-01-29 23:58:08,596][__main__][INFO] - [1, 19, 26], []
[2025-01-29 23:58:08,613][__main__][INFO] - [1, 19], [26]
[2025-01-29 23:58:08,630][__main__][INFO] - [1, 19, 27], []
[2025-01-29 23:58:08,647][__main__][INFO] - [1, 19, 28], []
[2025-01-29 23:58:08,664][__main__][INFO] - [1, 19, 29], []
[2025-01-29 23:58:08,709][__main__][INFO] - [1, 19, 32], []
[2025-01-29 23:58:08,726][__main__][INFO] - [1, 19, 33], []
[2025-01-29 23:58:08,785][__main__][INFO] - [1, 19, 37], []
[2025-01-29 23:58:08,816][__main__][INFO] - [1, 19, 39], []
[2025-01-29 23:58:08,847][__main__][INFO] - [1, 19, 41], []
[2025-01-29 23:58:08,864][__main__][INFO] - [1, 19], [41]
[2025-01-29 23:58:08,880][__main__][INFO] - [1, 19, 42], []
[2025-01-29 23:58:08,897][__main__][INFO] - [1, 19], [42]
[2025-01-29 23:58:08,915][__main__][INFO] - [1, 19, 43], []
[2025-01-29 23:58:08,932][__main__][INFO] - [1, 19], [43]
[2025-01-29 23:58:08,949][__main__][INFO] - [1, 19, 44], []
[2025-01-29 23:58:08,965][__main__][INFO] - [1, 19, 45], []
[2025-01-29 23:58:08,997][__main__][INFO] - [1, 19, 47], []
[2025-01-29 23:58:09,041][__main__][INFO] - [1, 19, 50], []
[2025-01-29 23:58:09,058][__main__][INFO] - [1, 19, 51], []
[2025-01-29 23:58:09,075][__main__][INFO] - [1, 19, 52], []
[2025-01-29 23:58:09,092][__main__][INFO] - [1, 19, 53], []
[2025-01-29 23:58:09,108][__main__][INFO] - [1, 19, 54], []
[2025-01-29 23:58:09,125][__main__][INFO] - [1, 19, 55], []
[2025-01-29 23:58:09,142][__main__][INFO] - [1, 19, 56], []
[2025-01-29 23:58:09,187][__main__][INFO] - [1, 19, 59], []
[2025-01-29 23:58:09,217][__main__][INFO] - [1, 20, 26], []
[2025-01-29 23:58:09,245][__main__][INFO] - [1, 20], [26]
[2025-01-29 23:58:09,380][__main__][INFO] - [1, 20, 27], []
[2025-01-29 23:58:09,570][__main__][INFO] - [1, 20, 31], []
[2025-01-29 23:58:09,588][__main__][INFO] - [1, 20, 32], []
[2025-01-29 23:58:09,682][__main__][INFO] - [1, 20, 33], []
[2025-01-29 23:58:09,701][__main__][INFO] - [1, 20, 34], []
[2025-01-29 23:58:09,720][__main__][INFO] - [1, 20, 35], []
[2025-01-29 23:58:09,737][__main__][INFO] - [1, 20, 36], []
[2025-01-29 23:58:09,802][__main__][INFO] - [1, 20, 37], []
[2025-01-29 23:58:09,911][__main__][INFO] - [1, 20, 38], []
[2025-01-29 23:58:09,938][__main__][INFO] - [1, 20, 39], []
[2025-01-29 23:58:09,973][__main__][INFO] - [1, 20, 40], []
[2025-01-29 23:58:10,006][__main__][INFO] - [1, 20], [41]
[2025-01-29 23:58:10,156][__main__][INFO] - [1, 20, 42], []
[2025-01-29 23:58:10,176][__main__][INFO] - [1, 20], [42]
[2025-01-29 23:58:10,323][__main__][INFO] - [1, 20, 43], []
[2025-01-29 23:58:10,342][__main__][INFO] - [1, 20], [43]
[2025-01-29 23:58:10,490][__main__][INFO] - [1, 20, 44], []
[2025-01-29 23:58:10,621][__main__][INFO] - [1, 20, 45], []
[2025-01-29 23:58:10,643][__main__][INFO] - [1, 20, 46], []
[2025-01-29 23:58:10,671][__main__][INFO] - [1, 20, 47], []
[2025-01-29 23:58:10,783][__main__][INFO] - [1, 20, 48], []
[2025-01-29 23:58:10,832][__main__][INFO] - [1, 20, 49], []
[2025-01-29 23:58:10,850][__main__][INFO] - [1, 20, 50], []
[2025-01-29 23:58:10,878][__main__][INFO] - [1, 20, 51], []
[2025-01-29 23:58:10,905][__main__][INFO] - [1, 20, 52], []
[2025-01-29 23:58:10,932][__main__][INFO] - [1, 20, 53], []
[2025-01-29 23:58:10,959][__main__][INFO] - [1, 20, 54], []
[2025-01-29 23:58:10,985][__main__][INFO] - [1, 20, 55], []
[2025-01-29 23:58:11,009][__main__][INFO] - [1, 20, 56], []
[2025-01-29 23:58:11,032][__main__][INFO] - [1, 20, 57], []
[2025-01-29 23:58:11,054][__main__][INFO] - [1, 20, 58], []
[2025-01-29 23:58:11,071][__main__][INFO] - [1, 20, 59], []
[2025-01-29 23:58:11,130][__main__][INFO] - [1, 21], [26]
[2025-01-29 23:58:11,161][__main__][INFO] - [1, 21, 28], []
[2025-01-29 23:58:11,178][__main__][INFO] - [1, 21, 29], []
[2025-01-29 23:58:11,195][__main__][INFO] - [1, 21, 30], []
[2025-01-29 23:58:11,226][__main__][INFO] - [1, 21, 32], []
[2025-01-29 23:58:11,300][__main__][INFO] - [1, 21, 37], []
[2025-01-29 23:58:11,334][__main__][INFO] - [1, 21, 39], []
[2025-01-29 23:58:11,365][__main__][INFO] - [1, 21, 41], []
[2025-01-29 23:58:11,381][__main__][INFO] - [1, 21], [41]
[2025-01-29 23:58:11,412][__main__][INFO] - [1, 21], [42]
[2025-01-29 23:58:11,443][__main__][INFO] - [1, 21], [43]
[2025-01-29 23:58:11,459][__main__][INFO] - [1, 21, 44], []
[2025-01-29 23:58:11,504][__main__][INFO] - [1, 21, 47], []
[2025-01-29 23:58:11,680][__main__][INFO] - [1, 21, 59], []
[2025-01-29 23:58:11,711][__main__][INFO] - [1, 22, 26], []
[2025-01-29 23:58:11,728][__main__][INFO] - [1, 22], [26]
[2025-01-29 23:58:11,838][__main__][INFO] - [1, 22, 28], []
[2025-01-29 23:58:11,906][__main__][INFO] - [1, 22, 29], []
[2025-01-29 23:58:11,958][__main__][INFO] - [1, 22, 30], []
[2025-01-29 23:58:11,990][__main__][INFO] - [1, 22, 32], []
[2025-01-29 23:58:12,094][__main__][INFO] - [1, 22, 33], []
[2025-01-29 23:58:12,127][__main__][INFO] - [1, 22, 35], []
[2025-01-29 23:58:12,145][__main__][INFO] - [1, 22, 36], []
[2025-01-29 23:58:12,162][__main__][INFO] - [1, 22, 37], []
[2025-01-29 23:58:12,252][__main__][INFO] - [1, 22, 38], []
[2025-01-29 23:58:12,271][__main__][INFO] - [1, 22, 39], []
[2025-01-29 23:58:12,288][__main__][INFO] - [1, 22, 40], []
[2025-01-29 23:58:12,306][__main__][INFO] - [1, 22, 41], []
[2025-01-29 23:58:12,411][__main__][INFO] - [1, 22], [41]
[2025-01-29 23:58:12,429][__main__][INFO] - [1, 22, 42], []
[2025-01-29 23:58:12,447][__main__][INFO] - [1, 22], [42]
[2025-01-29 23:58:12,552][__main__][INFO] - [1, 22, 43], []
[2025-01-29 23:58:12,570][__main__][INFO] - [1, 22], [43]
[2025-01-29 23:58:12,673][__main__][INFO] - [1, 22, 44], []
[2025-01-29 23:58:12,773][__main__][INFO] - [1, 22, 45], []
[2025-01-29 23:58:12,790][__main__][INFO] - [1, 22, 46], []
[2025-01-29 23:58:12,807][__main__][INFO] - [1, 22, 47], []
[2025-01-29 23:58:12,886][__main__][INFO] - [1, 22, 48], []
[2025-01-29 23:58:12,903][__main__][INFO] - [1, 22, 49], []
[2025-01-29 23:58:12,922][__main__][INFO] - [1, 22, 50], []
[2025-01-29 23:58:12,939][__main__][INFO] - [1, 22, 51], []
[2025-01-29 23:58:12,962][__main__][INFO] - [1, 22, 52], []
[2025-01-29 23:58:12,979][__main__][INFO] - [1, 22, 53], []
[2025-01-29 23:58:12,996][__main__][INFO] - [1, 22, 54], []
[2025-01-29 23:58:13,013][__main__][INFO] - [1, 22, 55], []
[2025-01-29 23:58:13,035][__main__][INFO] - [1, 22, 56], []
[2025-01-29 23:58:13,052][__main__][INFO] - [1, 22, 57], []
[2025-01-29 23:58:13,072][__main__][INFO] - [1, 22, 58], []
[2025-01-29 23:58:13,088][__main__][INFO] - [1, 22, 59], []
[2025-01-29 23:58:13,133][__main__][INFO] - [1, 23], [26]
[2025-01-29 23:58:13,220][__main__][INFO] - [1, 23, 32], []
[2025-01-29 23:58:13,392][__main__][INFO] - [1, 23], [42]
[2025-01-29 23:58:13,423][__main__][INFO] - [1, 23], [43]
[2025-01-29 23:58:13,440][__main__][INFO] - [1, 23, 44], []
[2025-01-29 23:58:13,910][__main__][INFO] - [1, 24, 41], []
[2025-01-29 23:58:13,955][__main__][INFO] - [1, 24], [42]
[2025-01-29 23:58:13,985][__main__][INFO] - [1, 24], [43]
[2025-01-29 23:58:14,002][__main__][INFO] - [1, 24, 44], []
[2025-01-29 23:58:14,257][__main__][INFO] - [1, 26, 27], []
[2025-01-29 23:58:14,284][__main__][INFO] - [1, 26, 28], []
[2025-01-29 23:58:14,301][__main__][INFO] - [1, 26, 29], []
[2025-01-29 23:58:14,318][__main__][INFO] - [1, 26, 30], []
[2025-01-29 23:58:14,349][__main__][INFO] - [1, 26, 32], []
[2025-01-29 23:58:14,385][__main__][INFO] - [1, 26, 33], []
[2025-01-29 23:58:14,431][__main__][INFO] - [1, 26, 36], []
[2025-01-29 23:58:14,451][__main__][INFO] - [1, 26, 37], []
[2025-01-29 23:58:14,484][__main__][INFO] - [1, 26, 38], []
[2025-01-29 23:58:14,502][__main__][INFO] - [1, 26, 39], []
[2025-01-29 23:58:14,519][__main__][INFO] - [1, 26, 40], []
[2025-01-29 23:58:14,536][__main__][INFO] - [1, 26, 41], []
[2025-01-29 23:58:14,553][__main__][INFO] - [1, 26], [41]
[2025-01-29 23:58:14,581][__main__][INFO] - [1, 26, 42], []
[2025-01-29 23:58:14,603][__main__][INFO] - [1, 26], [42]
[2025-01-29 23:58:14,635][__main__][INFO] - [1, 26, 43], []
[2025-01-29 23:58:14,657][__main__][INFO] - [1, 26], [43]
[2025-01-29 23:58:14,689][__main__][INFO] - [1, 26, 44], []
[2025-01-29 23:58:14,718][__main__][INFO] - [1, 26, 45], []
[2025-01-29 23:58:14,743][__main__][INFO] - [1, 26, 46], []
[2025-01-29 23:58:14,759][__main__][INFO] - [1, 26, 47], []
[2025-01-29 23:58:14,794][__main__][INFO] - [1, 26, 48], []
[2025-01-29 23:58:14,814][__main__][INFO] - [1, 26, 49], []
[2025-01-29 23:58:14,831][__main__][INFO] - [1, 26, 50], []
[2025-01-29 23:58:14,852][__main__][INFO] - [1, 26, 51], []
[2025-01-29 23:58:14,869][__main__][INFO] - [1, 26, 52], []
[2025-01-29 23:58:14,886][__main__][INFO] - [1, 26, 53], []
[2025-01-29 23:58:14,905][__main__][INFO] - [1, 26, 54], []
[2025-01-29 23:58:14,922][__main__][INFO] - [1, 26, 55], []
[2025-01-29 23:58:14,940][__main__][INFO] - [1, 26, 56], []
[2025-01-29 23:58:14,957][__main__][INFO] - [1, 26, 57], []
[2025-01-29 23:58:14,975][__main__][INFO] - [1, 26, 58], []
[2025-01-29 23:58:14,991][__main__][INFO] - [1, 26, 59], []
[2025-01-29 23:58:15,023][__main__][INFO] - [1, 27], [26]
[2025-01-29 23:58:15,161][__main__][INFO] - [1, 28], [26]
[2025-01-29 23:58:15,221][__main__][INFO] - [1, 29], [26]
[2025-01-29 23:58:15,265][__main__][INFO] - [1, 30], [26]
[2025-01-29 23:58:15,283][__main__][INFO] - [1, 31], [26]
[2025-01-29 23:58:15,299][__main__][INFO] - [1, 32], [26]
[2025-01-29 23:58:15,464][__main__][INFO] - [1, 33], [26]
[2025-01-29 23:58:15,484][__main__][INFO] - [1, 34], [26]
[2025-01-29 23:58:15,501][__main__][INFO] - [1, 35], [26]
[2025-01-29 23:58:15,518][__main__][INFO] - [1, 36], [26]
[2025-01-29 23:58:15,585][__main__][INFO] - [1, 37], [26]
[2025-01-29 23:58:15,750][__main__][INFO] - [1, 38], [26]
[2025-01-29 23:58:15,778][__main__][INFO] - [1, 39], [26]
[2025-01-29 23:58:15,821][__main__][INFO] - [1, 40], [26]
[2025-01-29 23:58:15,839][__main__][INFO] - [1, 41], [26]
[2025-01-29 23:58:15,931][__main__][INFO] - [1], [26, 41]
[2025-01-29 23:58:16,085][__main__][INFO] - [1], [26, 42]
[2025-01-29 23:58:16,324][__main__][INFO] - [1], [26, 43]
[2025-01-29 23:58:16,546][__main__][INFO] - [1, 44], [26]
[2025-01-29 23:58:16,767][__main__][INFO] - [1, 46], [26]
[2025-01-29 23:58:16,796][__main__][INFO] - [1, 47], [26]
[2025-01-29 23:58:16,956][__main__][INFO] - [1, 48], [26]
[2025-01-29 23:58:17,026][__main__][INFO] - [1, 49], [26]
[2025-01-29 23:58:17,046][__main__][INFO] - [1, 50], [26]
[2025-01-29 23:58:17,075][__main__][INFO] - [1, 51], [26]
[2025-01-29 23:58:17,105][__main__][INFO] - [1, 52], [26]
[2025-01-29 23:58:17,139][__main__][INFO] - [1, 53], [26]
[2025-01-29 23:58:17,173][__main__][INFO] - [1, 54], [26]
[2025-01-29 23:58:17,205][__main__][INFO] - [1, 55], [26]
[2025-01-29 23:58:17,233][__main__][INFO] - [1, 56], [26]
[2025-01-29 23:58:17,260][__main__][INFO] - [1, 57], [26]
[2025-01-29 23:58:17,285][__main__][INFO] - [1, 58], [26]
[2025-01-29 23:58:17,302][__main__][INFO] - [1, 59], [26]
[2025-01-29 23:58:17,355][__main__][INFO] - [1, 27, 32], []
[2025-01-29 23:58:17,448][__main__][INFO] - [1, 27, 33], []
[2025-01-29 23:58:17,468][__main__][INFO] - [1, 27, 34], []
[2025-01-29 23:58:17,484][__main__][INFO] - [1, 27, 35], []
[2025-01-29 23:58:17,501][__main__][INFO] - [1, 27, 36], []
[2025-01-29 23:58:17,568][__main__][INFO] - [1, 27, 37], []
[2025-01-29 23:58:17,677][__main__][INFO] - [1, 27, 38], []
[2025-01-29 23:58:17,703][__main__][INFO] - [1, 27, 39], []
[2025-01-29 23:58:17,738][__main__][INFO] - [1, 27, 40], []
[2025-01-29 23:58:17,770][__main__][INFO] - [1, 27], [41]
[2025-01-29 23:58:17,919][__main__][INFO] - [1, 27, 42], []
[2025-01-29 23:58:17,939][__main__][INFO] - [1, 27], [42]
[2025-01-29 23:58:18,084][__main__][INFO] - [1, 27, 43], []
[2025-01-29 23:58:18,103][__main__][INFO] - [1, 27], [43]
[2025-01-29 23:58:18,251][__main__][INFO] - [1, 27, 44], []
[2025-01-29 23:58:18,380][__main__][INFO] - [1, 27, 45], []
[2025-01-29 23:58:18,402][__main__][INFO] - [1, 27, 46], []
[2025-01-29 23:58:18,430][__main__][INFO] - [1, 27, 47], []
[2025-01-29 23:58:18,544][__main__][INFO] - [1, 27, 48], []
[2025-01-29 23:58:18,592][__main__][INFO] - [1, 27, 49], []
[2025-01-29 23:58:18,610][__main__][INFO] - [1, 27, 50], []
[2025-01-29 23:58:18,637][__main__][INFO] - [1, 27, 51], []
[2025-01-29 23:58:18,663][__main__][INFO] - [1, 27, 52], []
[2025-01-29 23:58:18,690][__main__][INFO] - [1, 27, 53], []
[2025-01-29 23:58:18,717][__main__][INFO] - [1, 27, 54], []
[2025-01-29 23:58:18,744][__main__][INFO] - [1, 27, 55], []
[2025-01-29 23:58:18,768][__main__][INFO] - [1, 27, 56], []
[2025-01-29 23:58:18,791][__main__][INFO] - [1, 27, 57], []
[2025-01-29 23:58:18,813][__main__][INFO] - [1, 27, 58], []
[2025-01-29 23:58:18,830][__main__][INFO] - [1, 27, 59], []
[2025-01-29 23:58:18,875][__main__][INFO] - [1, 28, 32], []
[2025-01-29 23:58:18,936][__main__][INFO] - [1, 28, 33], []
[2025-01-29 23:58:18,982][__main__][INFO] - [1, 28, 36], []
[2025-01-29 23:58:18,999][__main__][INFO] - [1, 28, 37], []
[2025-01-29 23:58:19,055][__main__][INFO] - [1, 28, 38], []
[2025-01-29 23:58:19,072][__main__][INFO] - [1, 28, 39], []
[2025-01-29 23:58:19,103][__main__][INFO] - [1, 28, 41], []
[2025-01-29 23:58:19,182][__main__][INFO] - [1, 28, 42], []
[2025-01-29 23:58:19,199][__main__][INFO] - [1, 28], [42]
[2025-01-29 23:58:19,262][__main__][INFO] - [1, 28, 43], []
[2025-01-29 23:58:19,279][__main__][INFO] - [1, 28], [43]
[2025-01-29 23:58:19,341][__main__][INFO] - [1, 28, 44], []
[2025-01-29 23:58:19,404][__main__][INFO] - [1, 28, 45], []
[2025-01-29 23:58:19,421][__main__][INFO] - [1, 28, 46], []
[2025-01-29 23:58:19,438][__main__][INFO] - [1, 28, 47], []
[2025-01-29 23:58:19,487][__main__][INFO] - [1, 28, 48], []
[2025-01-29 23:58:19,504][__main__][INFO] - [1, 28, 49], []
[2025-01-29 23:58:19,522][__main__][INFO] - [1, 28, 50], []
[2025-01-29 23:58:19,539][__main__][INFO] - [1, 28, 51], []
[2025-01-29 23:58:19,560][__main__][INFO] - [1, 28, 52], []
[2025-01-29 23:58:19,577][__main__][INFO] - [1, 28, 53], []
[2025-01-29 23:58:19,594][__main__][INFO] - [1, 28, 54], []
[2025-01-29 23:58:19,610][__main__][INFO] - [1, 28, 55], []
[2025-01-29 23:58:19,630][__main__][INFO] - [1, 28, 56], []
[2025-01-29 23:58:19,647][__main__][INFO] - [1, 28, 57], []
[2025-01-29 23:58:19,666][__main__][INFO] - [1, 28, 58], []
[2025-01-29 23:58:19,682][__main__][INFO] - [1, 28, 59], []
[2025-01-29 23:58:19,713][__main__][INFO] - [1, 29, 32], []
[2025-01-29 23:58:19,761][__main__][INFO] - [1, 29, 33], []
[2025-01-29 23:58:19,792][__main__][INFO] - [1, 29, 35], []
[2025-01-29 23:58:19,809][__main__][INFO] - [1, 29, 36], []
[2025-01-29 23:58:19,826][__main__][INFO] - [1, 29, 37], []
[2025-01-29 23:58:19,868][__main__][INFO] - [1, 29, 38], []
[2025-01-29 23:58:19,885][__main__][INFO] - [1, 29, 39], []
[2025-01-29 23:58:19,902][__main__][INFO] - [1, 29, 40], []
[2025-01-29 23:58:19,919][__main__][INFO] - [1, 29, 41], []
[2025-01-29 23:58:19,983][__main__][INFO] - [1, 29, 42], []
[2025-01-29 23:58:20,000][__main__][INFO] - [1, 29], [42]
[2025-01-29 23:58:20,049][__main__][INFO] - [1, 29, 43], []
[2025-01-29 23:58:20,066][__main__][INFO] - [1, 29], [43]
[2025-01-29 23:58:20,114][__main__][INFO] - [1, 29, 44], []
[2025-01-29 23:58:20,161][__main__][INFO] - [1, 29, 45], []
[2025-01-29 23:58:20,192][__main__][INFO] - [1, 29, 47], []
[2025-01-29 23:58:20,235][__main__][INFO] - [1, 29, 48], []
[2025-01-29 23:58:20,252][__main__][INFO] - [1, 29, 49], []
[2025-01-29 23:58:20,269][__main__][INFO] - [1, 29, 50], []
[2025-01-29 23:58:20,286][__main__][INFO] - [1, 29, 51], []
[2025-01-29 23:58:20,303][__main__][INFO] - [1, 29, 52], []
[2025-01-29 23:58:20,320][__main__][INFO] - [1, 29, 53], []
[2025-01-29 23:58:20,336][__main__][INFO] - [1, 29, 54], []
[2025-01-29 23:58:20,353][__main__][INFO] - [1, 29, 55], []
[2025-01-29 23:58:20,370][__main__][INFO] - [1, 29, 56], []
[2025-01-29 23:58:20,387][__main__][INFO] - [1, 29, 57], []
[2025-01-29 23:58:20,405][__main__][INFO] - [1, 29, 58], []
[2025-01-29 23:58:20,422][__main__][INFO] - [1, 29, 59], []
[2025-01-29 23:58:20,453][__main__][INFO] - [1, 30, 32], []
[2025-01-29 23:58:20,512][__main__][INFO] - [1, 30, 36], []
[2025-01-29 23:58:20,529][__main__][INFO] - [1, 30, 37], []
[2025-01-29 23:58:20,546][__main__][INFO] - [1, 30, 38], []
[2025-01-29 23:58:20,563][__main__][INFO] - [1, 30, 39], []
[2025-01-29 23:58:20,608][__main__][INFO] - [1, 30], [41]
[2025-01-29 23:58:20,640][__main__][INFO] - [1, 30], [42]
[2025-01-29 23:58:20,671][__main__][INFO] - [1, 30], [43]
[2025-01-29 23:58:20,688][__main__][INFO] - [1, 30, 44], []
[2025-01-29 23:58:20,720][__main__][INFO] - [1, 30, 46], []
[2025-01-29 23:58:20,737][__main__][INFO] - [1, 30, 47], []
[2025-01-29 23:58:20,754][__main__][INFO] - [1, 30, 48], []
[2025-01-29 23:58:20,785][__main__][INFO] - [1, 30, 50], []
[2025-01-29 23:58:20,802][__main__][INFO] - [1, 30, 51], []
[2025-01-29 23:58:20,819][__main__][INFO] - [1, 30, 52], []
[2025-01-29 23:58:20,835][__main__][INFO] - [1, 30, 53], []
[2025-01-29 23:58:20,852][__main__][INFO] - [1, 30, 54], []
[2025-01-29 23:58:20,869][__main__][INFO] - [1, 30, 55], []
[2025-01-29 23:58:20,886][__main__][INFO] - [1, 30, 56], []
[2025-01-29 23:58:20,903][__main__][INFO] - [1, 30, 57], []
[2025-01-29 23:58:20,933][__main__][INFO] - [1, 30, 59], []
[2025-01-29 23:58:20,964][__main__][INFO] - [1, 31, 32], []
[2025-01-29 23:58:21,038][__main__][INFO] - [1, 31, 37], []
[2025-01-29 23:58:21,069][__main__][INFO] - [1, 31, 39], []
[2025-01-29 23:58:21,117][__main__][INFO] - [1, 31], [41]
[2025-01-29 23:58:21,148][__main__][INFO] - [1, 31], [42]
[2025-01-29 23:58:21,179][__main__][INFO] - [1, 31], [43]
[2025-01-29 23:58:21,196][__main__][INFO] - [1, 31, 44], []
[2025-01-29 23:58:21,241][__main__][INFO] - [1, 31, 47], []
[2025-01-29 23:58:21,258][__main__][INFO] - [1, 31, 48], []
[2025-01-29 23:58:21,444][__main__][INFO] - [1, 32, 37], []
[2025-01-29 23:58:21,592][__main__][INFO] - [1, 32, 38], []
[2025-01-29 23:58:21,618][__main__][INFO] - [1, 32, 39], []
[2025-01-29 23:58:21,656][__main__][INFO] - [1, 32, 40], []
[2025-01-29 23:58:21,675][__main__][INFO] - [1, 32, 41], []
[2025-01-29 23:58:21,773][__main__][INFO] - [1, 32], [41]
[2025-01-29 23:58:21,869][__main__][INFO] - [1, 32, 42], []
[2025-01-29 23:58:21,890][__main__][INFO] - [1, 32], [42]
[2025-01-29 23:58:22,070][__main__][INFO] - [1, 32, 43], []
[2025-01-29 23:58:22,092][__main__][INFO] - [1, 32], [43]
[2025-01-29 23:58:22,271][__main__][INFO] - [1, 32, 44], []
[2025-01-29 23:58:22,448][__main__][INFO] - [1, 32, 45], []
[2025-01-29 23:58:22,480][__main__][INFO] - [1, 32, 47], []
[2025-01-29 23:58:22,605][__main__][INFO] - [1, 32, 48], []
[2025-01-29 23:58:22,674][__main__][INFO] - [1, 32, 49], []
[2025-01-29 23:58:22,694][__main__][INFO] - [1, 32, 50], []
[2025-01-29 23:58:22,722][__main__][INFO] - [1, 32, 51], []
[2025-01-29 23:58:22,749][__main__][INFO] - [1, 32, 52], []
[2025-01-29 23:58:22,778][__main__][INFO] - [1, 32, 53], []
[2025-01-29 23:58:22,808][__main__][INFO] - [1, 32, 54], []
[2025-01-29 23:58:22,837][__main__][INFO] - [1, 32, 55], []
[2025-01-29 23:58:22,864][__main__][INFO] - [1, 32, 56], []
[2025-01-29 23:58:22,890][__main__][INFO] - [1, 32, 57], []
[2025-01-29 23:58:22,914][__main__][INFO] - [1, 32, 58], []
[2025-01-29 23:58:22,930][__main__][INFO] - [1, 32, 59], []
[2025-01-29 23:58:22,981][__main__][INFO] - [1, 33, 37], []
[2025-01-29 23:58:23,000][__main__][INFO] - [1, 33, 38], []
[2025-01-29 23:58:23,016][__main__][INFO] - [1, 33, 39], []
[2025-01-29 23:58:23,048][__main__][INFO] - [1, 33, 41], []
[2025-01-29 23:58:23,065][__main__][INFO] - [1, 33], [41]
[2025-01-29 23:58:23,084][__main__][INFO] - [1, 33, 42], []
[2025-01-29 23:58:23,102][__main__][INFO] - [1, 33], [42]
[2025-01-29 23:58:23,122][__main__][INFO] - [1, 33, 43], []
[2025-01-29 23:58:23,139][__main__][INFO] - [1, 33], [43]
[2025-01-29 23:58:23,159][__main__][INFO] - [1, 33, 44], []
[2025-01-29 23:58:23,179][__main__][INFO] - [1, 33, 45], []
[2025-01-29 23:58:23,210][__main__][INFO] - [1, 33, 47], []
[2025-01-29 23:58:23,230][__main__][INFO] - [1, 33, 48], []
[2025-01-29 23:58:23,261][__main__][INFO] - [1, 33, 50], []
[2025-01-29 23:58:23,277][__main__][INFO] - [1, 33, 51], []
[2025-01-29 23:58:23,294][__main__][INFO] - [1, 33, 52], []
[2025-01-29 23:58:23,312][__main__][INFO] - [1, 33, 53], []
[2025-01-29 23:58:23,329][__main__][INFO] - [1, 33, 54], []
[2025-01-29 23:58:23,346][__main__][INFO] - [1, 33, 55], []
[2025-01-29 23:58:23,363][__main__][INFO] - [1, 33, 56], []
[2025-01-29 23:58:23,380][__main__][INFO] - [1, 33, 57], []
[2025-01-29 23:58:23,396][__main__][INFO] - [1, 33, 58], []
[2025-01-29 23:58:23,413][__main__][INFO] - [1, 33, 59], []
[2025-01-29 23:58:23,446][__main__][INFO] - [1, 34, 37], []
[2025-01-29 23:58:23,463][__main__][INFO] - [1, 34, 38], []
[2025-01-29 23:58:23,522][__main__][INFO] - [1, 34], [41]
[2025-01-29 23:58:23,553][__main__][INFO] - [1, 34], [42]
[2025-01-29 23:58:23,584][__main__][INFO] - [1, 34], [43]
[2025-01-29 23:58:23,600][__main__][INFO] - [1, 34, 44], []
[2025-01-29 23:58:23,645][__main__][INFO] - [1, 34, 47], []
[2025-01-29 23:58:23,690][__main__][INFO] - [1, 34, 50], []
[2025-01-29 23:58:23,847][__main__][INFO] - [1, 35, 37], []
[2025-01-29 23:58:23,877][__main__][INFO] - [1, 35, 39], []
[2025-01-29 23:58:23,908][__main__][INFO] - [1, 35, 41], []
[2025-01-29 23:58:23,924][__main__][INFO] - [1, 35], [41]
[2025-01-29 23:58:23,955][__main__][INFO] - [1, 35], [42]
[2025-01-29 23:58:23,985][__main__][INFO] - [1, 35], [43]
[2025-01-29 23:58:24,002][__main__][INFO] - [1, 35, 44], []
[2025-01-29 23:58:24,046][__main__][INFO] - [1, 35, 47], []
[2025-01-29 23:58:24,063][__main__][INFO] - [1, 35, 48], []
[2025-01-29 23:58:24,219][__main__][INFO] - [1, 35, 59], []
[2025-01-29 23:58:24,249][__main__][INFO] - [1, 36, 37], []
[2025-01-29 23:58:24,302][__main__][INFO] - [1, 36, 38], []
[2025-01-29 23:58:24,323][__main__][INFO] - [1, 36, 39], []
[2025-01-29 23:58:24,347][__main__][INFO] - [1, 36, 40], []
[2025-01-29 23:58:24,365][__main__][INFO] - [1, 36, 41], []
[2025-01-29 23:58:24,381][__main__][INFO] - [1, 36], [41]
[2025-01-29 23:58:24,448][__main__][INFO] - [1, 36, 42], []
[2025-01-29 23:58:24,466][__main__][INFO] - [1, 36], [42]
[2025-01-29 23:58:24,536][__main__][INFO] - [1, 36, 43], []
[2025-01-29 23:58:24,552][__main__][INFO] - [1, 36], [43]
[2025-01-29 23:58:24,621][__main__][INFO] - [1, 36, 44], []
[2025-01-29 23:58:24,675][__main__][INFO] - [1, 36, 45], []
[2025-01-29 23:58:24,693][__main__][INFO] - [1, 36, 46], []
[2025-01-29 23:58:24,721][__main__][INFO] - [1, 36, 47], []
[2025-01-29 23:58:24,786][__main__][INFO] - [1, 36, 48], []
[2025-01-29 23:58:24,818][__main__][INFO] - [1, 36, 50], []
[2025-01-29 23:58:24,839][__main__][INFO] - [1, 36, 51], []
[2025-01-29 23:58:24,856][__main__][INFO] - [1, 36, 52], []
[2025-01-29 23:58:24,879][__main__][INFO] - [1, 36, 53], []
[2025-01-29 23:58:24,901][__main__][INFO] - [1, 36, 54], []
[2025-01-29 23:58:24,918][__main__][INFO] - [1, 36, 55], []
[2025-01-29 23:58:24,937][__main__][INFO] - [1, 36, 56], []
[2025-01-29 23:58:24,956][__main__][INFO] - [1, 36, 57], []
[2025-01-29 23:58:24,973][__main__][INFO] - [1, 36, 58], []
[2025-01-29 23:58:24,989][__main__][INFO] - [1, 36, 59], []
[2025-01-29 23:58:25,023][__main__][INFO] - [1, 37, 41], []
[2025-01-29 23:58:25,109][__main__][INFO] - [1, 37], [41]
[2025-01-29 23:58:25,221][__main__][INFO] - [1, 37, 42], []
[2025-01-29 23:58:25,242][__main__][INFO] - [1, 37], [42]
[2025-01-29 23:58:25,422][__main__][INFO] - [1, 37, 43], []
[2025-01-29 23:58:25,443][__main__][INFO] - [1, 37], [43]
[2025-01-29 23:58:25,628][__main__][INFO] - [1, 37, 44], []
[2025-01-29 23:58:25,799][__main__][INFO] - [1, 37, 45], []
[2025-01-29 23:58:25,817][__main__][INFO] - [1, 37, 46], []
[2025-01-29 23:58:25,842][__main__][INFO] - [1, 37, 47], []
[2025-01-29 23:58:25,978][__main__][INFO] - [1, 37, 48], []
[2025-01-29 23:58:26,037][__main__][INFO] - [1, 37, 49], []
[2025-01-29 23:58:26,057][__main__][INFO] - [1, 37, 50], []
[2025-01-29 23:58:26,086][__main__][INFO] - [1, 37, 51], []
[2025-01-29 23:58:26,115][__main__][INFO] - [1, 37, 52], []
[2025-01-29 23:58:26,146][__main__][INFO] - [1, 37, 53], []
[2025-01-29 23:58:26,177][__main__][INFO] - [1, 37, 54], []
[2025-01-29 23:58:26,195][__main__][INFO] - [1, 37, 55], []
[2025-01-29 23:58:26,221][__main__][INFO] - [1, 37, 56], []
[2025-01-29 23:58:26,246][__main__][INFO] - [1, 37, 57], []
[2025-01-29 23:58:26,268][__main__][INFO] - [1, 37, 58], []
[2025-01-29 23:58:26,285][__main__][INFO] - [1, 37, 59], []
[2025-01-29 23:58:26,333][__main__][INFO] - [1, 38, 41], []
[2025-01-29 23:58:26,349][__main__][INFO] - [1, 38], [41]
[2025-01-29 23:58:26,376][__main__][INFO] - [1, 38, 42], []
[2025-01-29 23:58:26,393][__main__][INFO] - [1, 38], [42]
[2025-01-29 23:58:26,422][__main__][INFO] - [1, 38, 43], []
[2025-01-29 23:58:26,438][__main__][INFO] - [1, 38], [43]
[2025-01-29 23:58:26,466][__main__][INFO] - [1, 38, 44], []
[2025-01-29 23:58:26,493][__main__][INFO] - [1, 38, 45], []
[2025-01-29 23:58:26,509][__main__][INFO] - [1, 38, 46], []
[2025-01-29 23:58:26,527][__main__][INFO] - [1, 38, 47], []
[2025-01-29 23:58:26,553][__main__][INFO] - [1, 38, 48], []
[2025-01-29 23:58:26,573][__main__][INFO] - [1, 38, 49], []
[2025-01-29 23:58:26,589][__main__][INFO] - [1, 38, 50], []
[2025-01-29 23:58:26,607][__main__][INFO] - [1, 38, 51], []
[2025-01-29 23:58:26,624][__main__][INFO] - [1, 38, 52], []
[2025-01-29 23:58:26,643][__main__][INFO] - [1, 38, 53], []
[2025-01-29 23:58:26,660][__main__][INFO] - [1, 38, 54], []
[2025-01-29 23:58:26,678][__main__][INFO] - [1, 38, 55], []
[2025-01-29 23:58:26,695][__main__][INFO] - [1, 38, 56], []
[2025-01-29 23:58:26,711][__main__][INFO] - [1, 38, 57], []
[2025-01-29 23:58:26,729][__main__][INFO] - [1, 38, 58], []
[2025-01-29 23:58:26,746][__main__][INFO] - [1, 38, 59], []
[2025-01-29 23:58:26,776][__main__][INFO] - [1, 39, 41], []
[2025-01-29 23:58:26,793][__main__][INFO] - [1, 39], [41]
[2025-01-29 23:58:26,828][__main__][INFO] - [1, 39, 42], []
[2025-01-29 23:58:26,845][__main__][INFO] - [1, 39], [42]
[2025-01-29 23:58:26,891][__main__][INFO] - [1, 39, 43], []
[2025-01-29 23:58:26,908][__main__][INFO] - [1, 39], [43]
[2025-01-29 23:58:26,953][__main__][INFO] - [1, 39, 44], []
[2025-01-29 23:58:26,996][__main__][INFO] - [1, 39, 45], []
[2025-01-29 23:58:27,013][__main__][INFO] - [1, 39, 46], []
[2025-01-29 23:58:27,032][__main__][INFO] - [1, 39, 47], []
[2025-01-29 23:58:27,070][__main__][INFO] - [1, 39, 48], []
[2025-01-29 23:58:27,087][__main__][INFO] - [1, 39, 49], []
[2025-01-29 23:58:27,103][__main__][INFO] - [1, 39, 50], []
[2025-01-29 23:58:27,122][__main__][INFO] - [1, 39, 51], []
[2025-01-29 23:58:27,139][__main__][INFO] - [1, 39, 52], []
[2025-01-29 23:58:27,156][__main__][INFO] - [1, 39, 53], []
[2025-01-29 23:58:27,173][__main__][INFO] - [1, 39, 54], []
[2025-01-29 23:58:27,189][__main__][INFO] - [1, 39, 55], []
[2025-01-29 23:58:27,206][__main__][INFO] - [1, 39, 56], []
[2025-01-29 23:58:27,223][__main__][INFO] - [1, 39, 57], []
[2025-01-29 23:58:27,239][__main__][INFO] - [1, 39, 58], []
[2025-01-29 23:58:27,256][__main__][INFO] - [1, 39, 59], []
[2025-01-29 23:58:27,290][__main__][INFO] - [1, 40, 41], []
[2025-01-29 23:58:27,307][__main__][INFO] - [1, 40], [41]
[2025-01-29 23:58:27,339][__main__][INFO] - [1, 40], [42]
[2025-01-29 23:58:27,371][__main__][INFO] - [1, 40], [43]
[2025-01-29 23:58:27,388][__main__][INFO] - [1, 40, 44], []
[2025-01-29 23:58:27,421][__main__][INFO] - [1, 40, 46], []
[2025-01-29 23:58:27,437][__main__][INFO] - [1, 40, 47], []
[2025-01-29 23:58:27,455][__main__][INFO] - [1, 40, 48], []
[2025-01-29 23:58:27,487][__main__][INFO] - [1, 40, 50], []
[2025-01-29 23:58:27,503][__main__][INFO] - [1, 40, 51], []
[2025-01-29 23:58:27,535][__main__][INFO] - [1, 40, 53], []
[2025-01-29 23:58:27,565][__main__][INFO] - [1, 40, 55], []
[2025-01-29 23:58:27,582][__main__][INFO] - [1, 40, 56], []
[2025-01-29 23:58:27,627][__main__][INFO] - [1, 40, 59], []
[2025-01-29 23:58:27,658][__main__][INFO] - [1, 41, 42], []
[2025-01-29 23:58:27,674][__main__][INFO] - [1, 41], [42]
[2025-01-29 23:58:27,778][__main__][INFO] - [1, 41, 43], []
[2025-01-29 23:58:27,795][__main__][INFO] - [1, 41], [43]
[2025-01-29 23:58:27,894][__main__][INFO] - [1, 41, 44], []
[2025-01-29 23:58:27,991][__main__][INFO] - [1, 41, 45], []
[2025-01-29 23:58:28,008][__main__][INFO] - [1, 41, 46], []
[2025-01-29 23:58:28,025][__main__][INFO] - [1, 41, 47], []
[2025-01-29 23:58:28,103][__main__][INFO] - [1, 41, 48], []
[2025-01-29 23:58:28,121][__main__][INFO] - [1, 41, 49], []
[2025-01-29 23:58:28,139][__main__][INFO] - [1, 41, 50], []
[2025-01-29 23:58:28,156][__main__][INFO] - [1, 41, 51], []
[2025-01-29 23:58:28,179][__main__][INFO] - [1, 41, 52], []
[2025-01-29 23:58:28,196][__main__][INFO] - [1, 41, 53], []
[2025-01-29 23:58:28,213][__main__][INFO] - [1, 41, 54], []
[2025-01-29 23:58:28,230][__main__][INFO] - [1, 41, 55], []
[2025-01-29 23:58:28,252][__main__][INFO] - [1, 41, 56], []
[2025-01-29 23:58:28,269][__main__][INFO] - [1, 41, 57], []
[2025-01-29 23:58:28,289][__main__][INFO] - [1, 41, 58], []
[2025-01-29 23:58:28,306][__main__][INFO] - [1, 41, 59], []
[2025-01-29 23:58:28,336][__main__][INFO] - [1, 42], [41]
[2025-01-29 23:58:28,355][__main__][INFO] - [1], [41, 42]
[2025-01-29 23:58:28,505][__main__][INFO] - [1, 43], [41]
[2025-01-29 23:58:28,525][__main__][INFO] - [1], [41, 43]
[2025-01-29 23:58:28,674][__main__][INFO] - [1, 44], [41]
[2025-01-29 23:58:28,807][__main__][INFO] - [1, 45], [41]
[2025-01-29 23:58:28,829][__main__][INFO] - [1, 46], [41]
[2025-01-29 23:58:28,858][__main__][INFO] - [1, 47], [41]
[2025-01-29 23:58:28,970][__main__][INFO] - [1, 48], [41]
[2025-01-29 23:58:29,021][__main__][INFO] - [1, 49], [41]
[2025-01-29 23:58:29,038][__main__][INFO] - [1, 50], [41]
[2025-01-29 23:58:29,065][__main__][INFO] - [1, 51], [41]
[2025-01-29 23:58:29,091][__main__][INFO] - [1, 52], [41]
[2025-01-29 23:58:29,119][__main__][INFO] - [1, 53], [41]
[2025-01-29 23:58:29,146][__main__][INFO] - [1, 54], [41]
[2025-01-29 23:58:29,173][__main__][INFO] - [1, 55], [41]
[2025-01-29 23:58:29,198][__main__][INFO] - [1, 56], [41]
[2025-01-29 23:58:29,221][__main__][INFO] - [1, 57], [41]
[2025-01-29 23:58:29,243][__main__][INFO] - [1, 58], [41]
[2025-01-29 23:58:29,259][__main__][INFO] - [1, 59], [41]
[2025-01-29 23:58:29,304][__main__][INFO] - [1, 42, 43], []
[2025-01-29 23:58:29,323][__main__][INFO] - [1, 42], [43]
[2025-01-29 23:58:29,343][__main__][INFO] - [1, 42, 44], []
[2025-01-29 23:58:29,362][__main__][INFO] - [1, 42, 45], []
[2025-01-29 23:58:29,380][__main__][INFO] - [1, 42, 46], []
[2025-01-29 23:58:29,397][__main__][INFO] - [1, 42, 47], []
[2025-01-29 23:58:29,418][__main__][INFO] - [1, 42, 48], []
[2025-01-29 23:58:29,449][__main__][INFO] - [1, 42, 50], []
[2025-01-29 23:58:29,466][__main__][INFO] - [1, 42, 51], []
[2025-01-29 23:58:29,483][__main__][INFO] - [1, 42, 52], []
[2025-01-29 23:58:29,500][__main__][INFO] - [1, 42, 53], []
[2025-01-29 23:58:29,517][__main__][INFO] - [1, 42, 54], []
[2025-01-29 23:58:29,534][__main__][INFO] - [1, 42, 55], []
[2025-01-29 23:58:29,550][__main__][INFO] - [1, 42, 56], []
[2025-01-29 23:58:29,567][__main__][INFO] - [1, 42, 57], []
[2025-01-29 23:58:29,584][__main__][INFO] - [1, 42, 58], []
[2025-01-29 23:58:29,601][__main__][INFO] - [1, 42, 59], []
[2025-01-29 23:58:29,633][__main__][INFO] - [1, 43], [42]
[2025-01-29 23:58:29,653][__main__][INFO] - [1], [42, 43]
[2025-01-29 23:58:29,889][__main__][INFO] - [1, 44], [42]
[2025-01-29 23:58:30,113][__main__][INFO] - [1, 45], [42]
[2025-01-29 23:58:30,131][__main__][INFO] - [1, 46], [42]
[2025-01-29 23:58:30,159][__main__][INFO] - [1, 47], [42]
[2025-01-29 23:58:30,337][__main__][INFO] - [1, 48], [42]
[2025-01-29 23:58:30,411][__main__][INFO] - [1, 49], [42]
[2025-01-29 23:58:30,432][__main__][INFO] - [1, 50], [42]
[2025-01-29 23:58:30,464][__main__][INFO] - [1, 51], [42]
[2025-01-29 23:58:30,496][__main__][INFO] - [1, 52], [42]
[2025-01-29 23:58:30,533][__main__][INFO] - [1, 53], [42]
[2025-01-29 23:58:30,568][__main__][INFO] - [1, 54], [42]
[2025-01-29 23:58:30,601][__main__][INFO] - [1, 55], [42]
[2025-01-29 23:58:30,631][__main__][INFO] - [1, 56], [42]
[2025-01-29 23:58:30,660][__main__][INFO] - [1, 57], [42]
[2025-01-29 23:58:30,686][__main__][INFO] - [1, 58], [42]
[2025-01-29 23:58:30,703][__main__][INFO] - [1, 59], [42]
[2025-01-29 23:58:30,758][__main__][INFO] - [1, 43, 44], []
[2025-01-29 23:58:30,778][__main__][INFO] - [1, 43, 45], []
[2025-01-29 23:58:30,795][__main__][INFO] - [1, 43, 46], []
[2025-01-29 23:58:30,812][__main__][INFO] - [1, 43, 47], []
[2025-01-29 23:58:30,833][__main__][INFO] - [1, 43, 48], []
[2025-01-29 23:58:30,865][__main__][INFO] - [1, 43, 50], []
[2025-01-29 23:58:30,883][__main__][INFO] - [1, 43, 51], []
[2025-01-29 23:58:30,900][__main__][INFO] - [1, 43, 52], []
[2025-01-29 23:58:30,917][__main__][INFO] - [1, 43, 53], []
[2025-01-29 23:58:30,935][__main__][INFO] - [1, 43, 54], []
[2025-01-29 23:58:30,952][__main__][INFO] - [1, 43, 55], []
[2025-01-29 23:58:30,970][__main__][INFO] - [1, 43, 56], []
[2025-01-29 23:58:30,986][__main__][INFO] - [1, 43, 57], []
[2025-01-29 23:58:31,003][__main__][INFO] - [1, 43, 58], []
[2025-01-29 23:58:31,020][__main__][INFO] - [1, 43, 59], []
[2025-01-29 23:58:31,050][__main__][INFO] - [1, 44], [43]
[2025-01-29 23:58:31,268][__main__][INFO] - [1, 45], [43]
[2025-01-29 23:58:31,291][__main__][INFO] - [1, 46], [43]
[2025-01-29 23:58:31,320][__main__][INFO] - [1, 47], [43]
[2025-01-29 23:58:31,494][__main__][INFO] - [1, 48], [43]
[2025-01-29 23:58:31,566][__main__][INFO] - [1, 49], [43]
[2025-01-29 23:58:31,588][__main__][INFO] - [1, 50], [43]
[2025-01-29 23:58:31,619][__main__][INFO] - [1, 51], [43]
[2025-01-29 23:58:31,650][__main__][INFO] - [1, 52], [43]
[2025-01-29 23:58:31,686][__main__][INFO] - [1, 53], [43]
[2025-01-29 23:58:31,722][__main__][INFO] - [1, 54], [43]
[2025-01-29 23:58:31,755][__main__][INFO] - [1, 55], [43]
[2025-01-29 23:58:31,785][__main__][INFO] - [1, 56], [43]
[2025-01-29 23:58:31,813][__main__][INFO] - [1, 57], [43]
[2025-01-29 23:58:31,839][__main__][INFO] - [1, 58], [43]
[2025-01-29 23:58:31,856][__main__][INFO] - [1, 59], [43]
[2025-01-29 23:58:31,910][__main__][INFO] - [1, 44, 47], []
[2025-01-29 23:58:32,071][__main__][INFO] - [1, 44, 48], []
[2025-01-29 23:58:32,144][__main__][INFO] - [1, 44, 49], []
[2025-01-29 23:58:32,164][__main__][INFO] - [1, 44, 50], []
[2025-01-29 23:58:32,193][__main__][INFO] - [1, 44, 51], []
[2025-01-29 23:58:32,222][__main__][INFO] - [1, 44, 52], []
[2025-01-29 23:58:32,256][__main__][INFO] - [1, 44, 53], []
[2025-01-29 23:58:32,290][__main__][INFO] - [1, 44, 54], []
[2025-01-29 23:58:32,321][__main__][INFO] - [1, 44, 55], []
[2025-01-29 23:58:32,351][__main__][INFO] - [1, 44, 56], []
[2025-01-29 23:58:32,379][__main__][INFO] - [1, 44, 57], []
[2025-01-29 23:58:32,405][__main__][INFO] - [1, 44, 58], []
[2025-01-29 23:58:32,422][__main__][INFO] - [1, 44, 59], []
[2025-01-29 23:58:32,475][__main__][INFO] - [1, 45, 47], []
[2025-01-29 23:58:32,499][__main__][INFO] - [1, 45, 48], []
[2025-01-29 23:58:32,530][__main__][INFO] - [1, 45, 50], []
[2025-01-29 23:58:32,547][__main__][INFO] - [1, 45, 51], []
[2025-01-29 23:58:32,564][__main__][INFO] - [1, 45, 52], []
[2025-01-29 23:58:32,580][__main__][INFO] - [1, 45, 53], []
[2025-01-29 23:58:32,597][__main__][INFO] - [1, 45, 54], []
[2025-01-29 23:58:32,614][__main__][INFO] - [1, 45, 55], []
[2025-01-29 23:58:32,631][__main__][INFO] - [1, 45, 56], []
[2025-01-29 23:58:32,647][__main__][INFO] - [1, 45, 57], []
[2025-01-29 23:58:32,663][__main__][INFO] - [1, 45, 58], []
[2025-01-29 23:58:32,680][__main__][INFO] - [1, 45, 59], []
[2025-01-29 23:58:32,711][__main__][INFO] - [1, 46, 47], []
[2025-01-29 23:58:32,768][__main__][INFO] - [1, 46, 50], []
[2025-01-29 23:58:32,786][__main__][INFO] - [1, 46, 51], []
[2025-01-29 23:58:32,802][__main__][INFO] - [1, 46, 52], []
[2025-01-29 23:58:32,821][__main__][INFO] - [1, 46, 53], []
[2025-01-29 23:58:32,838][__main__][INFO] - [1, 46, 54], []
[2025-01-29 23:58:32,854][__main__][INFO] - [1, 46, 55], []
[2025-01-29 23:58:32,873][__main__][INFO] - [1, 46, 56], []
[2025-01-29 23:58:32,890][__main__][INFO] - [1, 46, 57], []
[2025-01-29 23:58:32,906][__main__][INFO] - [1, 46, 58], []
[2025-01-29 23:58:32,923][__main__][INFO] - [1, 46, 59], []
[2025-01-29 23:58:32,953][__main__][INFO] - [1, 47, 50], []
[2025-01-29 23:58:32,982][__main__][INFO] - [1, 47, 51], []
[2025-01-29 23:58:33,010][__main__][INFO] - [1, 47, 52], []
[2025-01-29 23:58:33,040][__main__][INFO] - [1, 47, 53], []
[2025-01-29 23:58:33,071][__main__][INFO] - [1, 47, 54], []
[2025-01-29 23:58:33,088][__main__][INFO] - [1, 47, 55], []
[2025-01-29 23:58:33,114][__main__][INFO] - [1, 47, 56], []
[2025-01-29 23:58:33,139][__main__][INFO] - [1, 47, 57], []
[2025-01-29 23:58:33,162][__main__][INFO] - [1, 47, 58], []
[2025-01-29 23:58:33,178][__main__][INFO] - [1, 47, 59], []
[2025-01-29 23:58:33,226][__main__][INFO] - [1, 48, 50], []
[2025-01-29 23:58:33,247][__main__][INFO] - [1, 48, 51], []
[2025-01-29 23:58:33,268][__main__][INFO] - [1, 48, 52], []
[2025-01-29 23:58:33,284][__main__][INFO] - [1, 48, 53], []
[2025-01-29 23:58:33,301][__main__][INFO] - [1, 48, 54], []
[2025-01-29 23:58:33,323][__main__][INFO] - [1, 48, 55], []
[2025-01-29 23:58:33,340][__main__][INFO] - [1, 48, 56], []
[2025-01-29 23:58:33,360][__main__][INFO] - [1, 48, 57], []
[2025-01-29 23:58:33,377][__main__][INFO] - [1, 48, 58], []
[2025-01-29 23:58:33,393][__main__][INFO] - [1, 48, 59], []
[2025-01-29 23:58:33,432][__main__][INFO] - [1, 49, 50], []
[2025-01-29 23:58:33,448][__main__][INFO] - [1, 49, 51], []
[2025-01-29 23:58:33,465][__main__][INFO] - [1, 49, 52], []
[2025-01-29 23:58:33,481][__main__][INFO] - [1, 49, 53], []
[2025-01-29 23:58:33,498][__main__][INFO] - [1, 49, 54], []
[2025-01-29 23:58:33,514][__main__][INFO] - [1, 49, 55], []
[2025-01-29 23:58:33,531][__main__][INFO] - [1, 49, 56], []
[2025-01-29 23:58:33,548][__main__][INFO] - [1, 49, 57], []
[2025-01-29 23:58:33,579][__main__][INFO] - [1, 49, 59], []
[2025-01-29 23:58:33,622][__main__][INFO] - [2, 10, 20], []
[2025-01-29 23:58:33,761][__main__][INFO] - [2, 10, 21], []
[2025-01-29 23:58:33,779][__main__][INFO] - [2, 10, 22], []
[2025-01-29 23:58:33,798][__main__][INFO] - [2, 10, 23], []
[2025-01-29 23:58:33,816][__main__][INFO] - [2, 10, 24], []
[2025-01-29 23:58:33,833][__main__][INFO] - [2, 10, 25], []
[2025-01-29 23:58:33,850][__main__][INFO] - [2, 10, 26], []
[2025-01-29 23:58:33,870][__main__][INFO] - [2, 10], [26]
[2025-01-29 23:58:34,010][__main__][INFO] - [2, 10, 27], []
[2025-01-29 23:58:34,151][__main__][INFO] - [2, 10, 28], []
[2025-01-29 23:58:34,168][__main__][INFO] - [2, 10, 29], []
[2025-01-29 23:58:34,187][__main__][INFO] - [2, 10, 30], []
[2025-01-29 23:58:34,276][__main__][INFO] - [2, 10, 36], []
[2025-01-29 23:58:34,418][__main__][INFO] - [2, 10, 37], []
[2025-01-29 23:58:34,491][__main__][INFO] - [2, 10, 38], []
[2025-01-29 23:58:34,541][__main__][INFO] - [2, 10, 39], []
[2025-01-29 23:58:34,580][__main__][INFO] - [2, 10, 40], []
[2025-01-29 23:58:34,599][__main__][INFO] - [2, 10, 41], []
[2025-01-29 23:58:34,618][__main__][INFO] - [2, 10], [41]
[2025-01-29 23:58:34,761][__main__][INFO] - [2, 10, 42], []
[2025-01-29 23:58:34,779][__main__][INFO] - [2, 10], [42]
[2025-01-29 23:58:34,920][__main__][INFO] - [2, 10, 43], []
[2025-01-29 23:58:34,938][__main__][INFO] - [2, 10], [43]
[2025-01-29 23:58:35,079][__main__][INFO] - [2, 10, 44], []
[2025-01-29 23:58:35,155][__main__][INFO] - [2, 10, 45], []
[2025-01-29 23:58:35,175][__main__][INFO] - [2, 10, 46], []
[2025-01-29 23:58:35,248][__main__][INFO] - [2, 10, 47], []
[2025-01-29 23:58:35,424][__main__][INFO] - [2, 10, 50], []
[2025-01-29 23:58:35,447][__main__][INFO] - [2, 10, 51], []
[2025-01-29 23:58:35,472][__main__][INFO] - [2, 10, 52], []
[2025-01-29 23:58:35,497][__main__][INFO] - [2, 10, 53], []
[2025-01-29 23:58:35,524][__main__][INFO] - [2, 10, 54], []
[2025-01-29 23:58:35,549][__main__][INFO] - [2, 10, 55], []
[2025-01-29 23:58:35,572][__main__][INFO] - [2, 10, 56], []
[2025-01-29 23:58:35,594][__main__][INFO] - [2, 10, 57], []
[2025-01-29 23:58:35,615][__main__][INFO] - [2, 10, 58], []
[2025-01-29 23:58:35,636][__main__][INFO] - [2, 10, 59], []
[2025-01-29 23:58:35,700][__main__][INFO] - [2, 11, 20], []
[2025-01-29 23:58:35,851][__main__][INFO] - [2, 11, 21], []
[2025-01-29 23:58:35,868][__main__][INFO] - [2, 11, 22], []
[2025-01-29 23:58:35,890][__main__][INFO] - [2, 11, 23], []
[2025-01-29 23:58:35,909][__main__][INFO] - [2, 11, 24], []
[2025-01-29 23:58:35,926][__main__][INFO] - [2, 11, 25], []
[2025-01-29 23:58:35,943][__main__][INFO] - [2, 11, 26], []
[2025-01-29 23:58:35,966][__main__][INFO] - [2, 11], [26]
[2025-01-29 23:58:36,117][__main__][INFO] - [2, 11, 27], []
[2025-01-29 23:58:36,265][__main__][INFO] - [2, 11, 28], []
[2025-01-29 23:58:36,282][__main__][INFO] - [2, 11, 29], []
[2025-01-29 23:58:36,299][__main__][INFO] - [2, 11, 30], []
[2025-01-29 23:58:36,333][__main__][INFO] - [2, 11, 32], []
[2025-01-29 23:58:36,392][__main__][INFO] - [2, 11, 34], []
[2025-01-29 23:58:36,423][__main__][INFO] - [2, 11, 36], []
[2025-01-29 23:58:36,547][__main__][INFO] - [2, 11, 37], []
[2025-01-29 23:58:36,635][__main__][INFO] - [2, 11, 38], []
[2025-01-29 23:58:36,687][__main__][INFO] - [2, 11, 39], []
[2025-01-29 23:58:36,726][__main__][INFO] - [2, 11, 40], []
[2025-01-29 23:58:36,746][__main__][INFO] - [2, 11, 41], []
[2025-01-29 23:58:36,764][__main__][INFO] - [2, 11], [41]
[2025-01-29 23:58:36,920][__main__][INFO] - [2, 11, 42], []
[2025-01-29 23:58:36,939][__main__][INFO] - [2, 11], [42]
[2025-01-29 23:58:37,105][__main__][INFO] - [2, 11, 43], []
[2025-01-29 23:58:37,124][__main__][INFO] - [2, 11], [43]
[2025-01-29 23:58:37,288][__main__][INFO] - [2, 11, 44], []
[2025-01-29 23:58:37,449][__main__][INFO] - [2, 11, 45], []
[2025-01-29 23:58:37,487][__main__][INFO] - [2, 11, 47], []
[2025-01-29 23:58:37,613][__main__][INFO] - [2, 11, 48], []
[2025-01-29 23:58:37,658][__main__][INFO] - [2, 11, 49], []
[2025-01-29 23:58:37,676][__main__][INFO] - [2, 11, 50], []
[2025-01-29 23:58:37,703][__main__][INFO] - [2, 11, 51], []
[2025-01-29 23:58:37,728][__main__][INFO] - [2, 11, 52], []
[2025-01-29 23:58:37,753][__main__][INFO] - [2, 11, 53], []
[2025-01-29 23:58:37,778][__main__][INFO] - [2, 11, 54], []
[2025-01-29 23:58:37,802][__main__][INFO] - [2, 11, 55], []
[2025-01-29 23:58:37,826][__main__][INFO] - [2, 11, 56], []
[2025-01-29 23:58:37,848][__main__][INFO] - [2, 11, 57], []
[2025-01-29 23:58:37,870][__main__][INFO] - [2, 11, 58], []
[2025-01-29 23:58:37,891][__main__][INFO] - [2, 11, 59], []
[2025-01-29 23:58:37,960][__main__][INFO] - [2, 12, 20], []
[2025-01-29 23:58:38,119][__main__][INFO] - [2, 12, 21], []
[2025-01-29 23:58:38,136][__main__][INFO] - [2, 12, 22], []
[2025-01-29 23:58:38,163][__main__][INFO] - [2, 12, 23], []
[2025-01-29 23:58:38,183][__main__][INFO] - [2, 12, 24], []
[2025-01-29 23:58:38,200][__main__][INFO] - [2, 12, 25], []
[2025-01-29 23:58:38,217][__main__][INFO] - [2, 12, 26], []
[2025-01-29 23:58:38,242][__main__][INFO] - [2, 12], [26]
[2025-01-29 23:58:38,406][__main__][INFO] - [2, 12, 27], []
[2025-01-29 23:58:38,566][__main__][INFO] - [2, 12, 28], []
[2025-01-29 23:58:38,592][__main__][INFO] - [2, 12, 29], []
[2025-01-29 23:58:38,610][__main__][INFO] - [2, 12, 30], []
[2025-01-29 23:58:38,629][__main__][INFO] - [2, 12, 31], []
[2025-01-29 23:58:38,646][__main__][INFO] - [2, 12, 32], []
[2025-01-29 23:58:38,816][__main__][INFO] - [2, 12, 33], []
[2025-01-29 23:58:38,836][__main__][INFO] - [2, 12, 34], []
[2025-01-29 23:58:38,856][__main__][INFO] - [2, 12, 35], []
[2025-01-29 23:58:38,888][__main__][INFO] - [2, 12, 37], []
[2025-01-29 23:58:38,983][__main__][INFO] - [2, 12, 38], []
[2025-01-29 23:58:39,038][__main__][INFO] - [2, 12, 39], []
[2025-01-29 23:58:39,079][__main__][INFO] - [2, 12, 40], []
[2025-01-29 23:58:39,098][__main__][INFO] - [2, 12, 41], []
[2025-01-29 23:58:39,128][__main__][INFO] - [2, 12], [41]
[2025-01-29 23:58:39,292][__main__][INFO] - [2, 12, 42], []
[2025-01-29 23:58:39,311][__main__][INFO] - [2, 12], [42]
[2025-01-29 23:58:39,491][__main__][INFO] - [2, 12, 43], []
[2025-01-29 23:58:39,510][__main__][INFO] - [2, 12], [43]
[2025-01-29 23:58:39,687][__main__][INFO] - [2, 12, 44], []
[2025-01-29 23:58:39,863][__main__][INFO] - [2, 12, 45], []
[2025-01-29 23:58:39,899][__main__][INFO] - [2, 12, 47], []
[2025-01-29 23:58:39,997][__main__][INFO] - [2, 12, 48], []
[2025-01-29 23:58:40,084][__main__][INFO] - [2, 12, 49], []
[2025-01-29 23:58:40,105][__main__][INFO] - [2, 12, 50], []
[2025-01-29 23:58:40,141][__main__][INFO] - [2, 12, 51], []
[2025-01-29 23:58:40,164][__main__][INFO] - [2, 12, 52], []
[2025-01-29 23:58:40,189][__main__][INFO] - [2, 12, 53], []
[2025-01-29 23:58:40,216][__main__][INFO] - [2, 12, 54], []
[2025-01-29 23:58:40,242][__main__][INFO] - [2, 12, 55], []
[2025-01-29 23:58:40,267][__main__][INFO] - [2, 12, 56], []
[2025-01-29 23:58:40,291][__main__][INFO] - [2, 12, 57], []
[2025-01-29 23:58:40,314][__main__][INFO] - [2, 12, 58], []
[2025-01-29 23:58:40,336][__main__][INFO] - [2, 12, 59], []
[2025-01-29 23:58:40,403][__main__][INFO] - [2, 13, 20], []
[2025-01-29 23:58:40,538][__main__][INFO] - [2, 13, 21], []
[2025-01-29 23:58:40,555][__main__][INFO] - [2, 13, 22], []
[2025-01-29 23:58:40,590][__main__][INFO] - [2, 13, 23], []
[2025-01-29 23:58:40,612][__main__][INFO] - [2, 13, 24], []
[2025-01-29 23:58:40,629][__main__][INFO] - [2, 13, 25], []
[2025-01-29 23:58:40,646][__main__][INFO] - [2, 13, 26], []
[2025-01-29 23:58:40,673][__main__][INFO] - [2, 13], [26]
[2025-01-29 23:58:40,832][__main__][INFO] - [2, 13, 27], []
[2025-01-29 23:58:40,969][__main__][INFO] - [2, 13, 28], []
[2025-01-29 23:58:41,004][__main__][INFO] - [2, 13, 29], []
[2025-01-29 23:58:41,029][__main__][INFO] - [2, 13, 30], []
[2025-01-29 23:58:41,047][__main__][INFO] - [2, 13, 31], []
[2025-01-29 23:58:41,065][__main__][INFO] - [2, 13, 32], []
[2025-01-29 23:58:41,229][__main__][INFO] - [2, 13, 33], []
[2025-01-29 23:58:41,250][__main__][INFO] - [2, 13, 34], []
[2025-01-29 23:58:41,269][__main__][INFO] - [2, 13, 35], []
[2025-01-29 23:58:41,301][__main__][INFO] - [2, 13, 37], []
[2025-01-29 23:58:41,394][__main__][INFO] - [2, 13, 38], []
[2025-01-29 23:58:41,449][__main__][INFO] - [2, 13, 39], []
[2025-01-29 23:58:41,488][__main__][INFO] - [2, 13, 40], []
[2025-01-29 23:58:41,507][__main__][INFO] - [2, 13, 41], []
[2025-01-29 23:58:41,550][__main__][INFO] - [2, 13], [41]
[2025-01-29 23:58:41,688][__main__][INFO] - [2, 13, 42], []
[2025-01-29 23:58:41,706][__main__][INFO] - [2, 13], [42]
[2025-01-29 23:58:41,876][__main__][INFO] - [2, 13, 43], []
[2025-01-29 23:58:41,896][__main__][INFO] - [2, 13], [43]
[2025-01-29 23:58:42,066][__main__][INFO] - [2, 13, 44], []
[2025-01-29 23:58:42,231][__main__][INFO] - [2, 13, 45], []
[2025-01-29 23:58:42,267][__main__][INFO] - [2, 13, 47], []
[2025-01-29 23:58:42,361][__main__][INFO] - [2, 13, 48], []
[2025-01-29 23:58:42,445][__main__][INFO] - [2, 13, 49], []
[2025-01-29 23:58:42,468][__main__][INFO] - [2, 13, 50], []
[2025-01-29 23:58:42,493][__main__][INFO] - [2, 13, 51], []
[2025-01-29 23:58:42,515][__main__][INFO] - [2, 13, 52], []
[2025-01-29 23:58:42,537][__main__][INFO] - [2, 13, 53], []
[2025-01-29 23:58:42,562][__main__][INFO] - [2, 13, 54], []
[2025-01-29 23:58:42,586][__main__][INFO] - [2, 13, 55], []
[2025-01-29 23:58:42,609][__main__][INFO] - [2, 13, 56], []
[2025-01-29 23:58:42,632][__main__][INFO] - [2, 13, 57], []
[2025-01-29 23:58:42,655][__main__][INFO] - [2, 13, 58], []
[2025-01-29 23:58:42,677][__main__][INFO] - [2, 13, 59], []
[2025-01-29 23:58:42,762][__main__][INFO] - [2, 14, 20], []
[2025-01-29 23:58:42,887][__main__][INFO] - [2, 14, 21], []
[2025-01-29 23:58:42,905][__main__][INFO] - [2, 14, 22], []
[2025-01-29 23:58:42,949][__main__][INFO] - [2, 14, 23], []
[2025-01-29 23:58:42,971][__main__][INFO] - [2, 14, 24], []
[2025-01-29 23:58:42,988][__main__][INFO] - [2, 14, 25], []
[2025-01-29 23:58:43,005][__main__][INFO] - [2, 14, 26], []
[2025-01-29 23:58:43,032][__main__][INFO] - [2, 14], [26]
[2025-01-29 23:58:43,189][__main__][INFO] - [2, 14, 27], []
[2025-01-29 23:58:43,316][__main__][INFO] - [2, 14, 28], []
[2025-01-29 23:58:43,354][__main__][INFO] - [2, 14, 29], []
[2025-01-29 23:58:43,371][__main__][INFO] - [2, 14, 30], []
[2025-01-29 23:58:43,390][__main__][INFO] - [2, 14, 31], []
[2025-01-29 23:58:43,407][__main__][INFO] - [2, 14, 32], []
[2025-01-29 23:58:43,573][__main__][INFO] - [2, 14, 33], []
[2025-01-29 23:58:43,594][__main__][INFO] - [2, 14, 34], []
[2025-01-29 23:58:43,612][__main__][INFO] - [2, 14, 35], []
[2025-01-29 23:58:43,644][__main__][INFO] - [2, 14, 37], []
[2025-01-29 23:58:43,742][__main__][INFO] - [2, 14, 38], []
[2025-01-29 23:58:43,794][__main__][INFO] - [2, 14, 39], []
[2025-01-29 23:58:43,829][__main__][INFO] - [2, 14, 40], []
[2025-01-29 23:58:43,848][__main__][INFO] - [2, 14, 41], []
[2025-01-29 23:58:43,902][__main__][INFO] - [2, 14], [41]
[2025-01-29 23:58:44,031][__main__][INFO] - [2, 14, 42], []
[2025-01-29 23:58:44,051][__main__][INFO] - [2, 14], [42]
[2025-01-29 23:58:44,221][__main__][INFO] - [2, 14, 43], []
[2025-01-29 23:58:44,240][__main__][INFO] - [2, 14], [43]
[2025-01-29 23:58:44,411][__main__][INFO] - [2, 14, 44], []
[2025-01-29 23:58:44,580][__main__][INFO] - [2, 14, 45], []
[2025-01-29 23:58:44,616][__main__][INFO] - [2, 14, 47], []
[2025-01-29 23:58:44,709][__main__][INFO] - [2, 14, 48], []
[2025-01-29 23:58:44,797][__main__][INFO] - [2, 14, 49], []
[2025-01-29 23:58:44,816][__main__][INFO] - [2, 14, 50], []
[2025-01-29 23:58:44,840][__main__][INFO] - [2, 14, 51], []
[2025-01-29 23:58:44,862][__main__][INFO] - [2, 14, 52], []
[2025-01-29 23:58:44,884][__main__][INFO] - [2, 14, 53], []
[2025-01-29 23:58:44,907][__main__][INFO] - [2, 14, 54], []
[2025-01-29 23:58:44,930][__main__][INFO] - [2, 14, 55], []
[2025-01-29 23:58:44,953][__main__][INFO] - [2, 14, 56], []
[2025-01-29 23:58:44,976][__main__][INFO] - [2, 14, 57], []
[2025-01-29 23:58:44,999][__main__][INFO] - [2, 14, 58], []
[2025-01-29 23:58:45,020][__main__][INFO] - [2, 14, 59], []
[2025-01-29 23:58:45,111][__main__][INFO] - [2, 15, 20], []
[2025-01-29 23:58:45,247][__main__][INFO] - [2, 15, 21], []
[2025-01-29 23:58:45,268][__main__][INFO] - [2, 15, 22], []
[2025-01-29 23:58:45,311][__main__][INFO] - [2, 15, 23], []
[2025-01-29 23:58:45,334][__main__][INFO] - [2, 15, 24], []
[2025-01-29 23:58:45,351][__main__][INFO] - [2, 15, 25], []
[2025-01-29 23:58:45,368][__main__][INFO] - [2, 15, 26], []
[2025-01-29 23:58:45,402][__main__][INFO] - [2, 15], [26]
[2025-01-29 23:58:45,560][__main__][INFO] - [2, 15, 27], []
[2025-01-29 23:58:45,696][__main__][INFO] - [2, 15, 28], []
[2025-01-29 23:58:45,727][__main__][INFO] - [2, 15, 29], []
[2025-01-29 23:58:45,762][__main__][INFO] - [2, 15, 30], []
[2025-01-29 23:58:45,781][__main__][INFO] - [2, 15, 31], []
[2025-01-29 23:58:45,799][__main__][INFO] - [2, 15, 32], []
[2025-01-29 23:58:45,978][__main__][INFO] - [2, 15, 33], []
[2025-01-29 23:58:46,001][__main__][INFO] - [2, 15, 34], []
[2025-01-29 23:58:46,019][__main__][INFO] - [2, 15, 35], []
[2025-01-29 23:58:46,052][__main__][INFO] - [2, 15, 37], []
[2025-01-29 23:58:46,153][__main__][INFO] - [2, 15, 38], []
[2025-01-29 23:58:46,211][__main__][INFO] - [2, 15, 39], []
[2025-01-29 23:58:46,246][__main__][INFO] - [2, 15, 40], []
[2025-01-29 23:58:46,266][__main__][INFO] - [2, 15, 41], []
[2025-01-29 23:58:46,317][__main__][INFO] - [2, 15], [41]
[2025-01-29 23:58:46,457][__main__][INFO] - [2, 15, 42], []
[2025-01-29 23:58:46,477][__main__][INFO] - [2, 15], [42]
[2025-01-29 23:58:46,658][__main__][INFO] - [2, 15, 43], []
[2025-01-29 23:58:46,678][__main__][INFO] - [2, 15], [43]
[2025-01-29 23:58:46,857][__main__][INFO] - [2, 15, 44], []
[2025-01-29 23:58:47,035][__main__][INFO] - [2, 15, 45], []
[2025-01-29 23:58:47,073][__main__][INFO] - [2, 15, 47], []
[2025-01-29 23:58:47,224][__main__][INFO] - [2, 15, 48], []
[2025-01-29 23:58:47,265][__main__][INFO] - [2, 15, 49], []
[2025-01-29 23:58:47,282][__main__][INFO] - [2, 15, 50], []
[2025-01-29 23:58:47,305][__main__][INFO] - [2, 15, 51], []
[2025-01-29 23:58:47,327][__main__][INFO] - [2, 15, 52], []
[2025-01-29 23:58:47,349][__main__][INFO] - [2, 15, 53], []
[2025-01-29 23:58:47,372][__main__][INFO] - [2, 15, 54], []
[2025-01-29 23:58:47,394][__main__][INFO] - [2, 15, 55], []
[2025-01-29 23:58:47,416][__main__][INFO] - [2, 15, 56], []
[2025-01-29 23:58:47,439][__main__][INFO] - [2, 15, 57], []
[2025-01-29 23:58:47,461][__main__][INFO] - [2, 15, 58], []
[2025-01-29 23:58:47,483][__main__][INFO] - [2, 15, 59], []
[2025-01-29 23:58:47,590][__main__][INFO] - [2, 16, 20], []
[2025-01-29 23:58:47,754][__main__][INFO] - [2, 16, 21], []
[2025-01-29 23:58:47,776][__main__][INFO] - [2, 16, 22], []
[2025-01-29 23:58:47,813][__main__][INFO] - [2, 16, 23], []
[2025-01-29 23:58:47,836][__main__][INFO] - [2, 16, 24], []
[2025-01-29 23:58:47,853][__main__][INFO] - [2, 16, 25], []
[2025-01-29 23:58:47,870][__main__][INFO] - [2, 16, 26], []
[2025-01-29 23:58:47,918][__main__][INFO] - [2, 16], [26]
[2025-01-29 23:58:48,080][__main__][INFO] - [2, 16, 27], []
[2025-01-29 23:58:48,240][__main__][INFO] - [2, 16, 28], []
[2025-01-29 23:58:48,266][__main__][INFO] - [2, 16, 29], []
[2025-01-29 23:58:48,303][__main__][INFO] - [2, 16, 30], []
[2025-01-29 23:58:48,322][__main__][INFO] - [2, 16, 31], []
[2025-01-29 23:58:48,340][__main__][INFO] - [2, 16, 32], []
[2025-01-29 23:58:48,521][__main__][INFO] - [2, 16, 33], []
[2025-01-29 23:58:48,562][__main__][INFO] - [2, 16, 35], []
[2025-01-29 23:58:48,595][__main__][INFO] - [2, 16, 37], []
[2025-01-29 23:58:48,702][__main__][INFO] - [2, 16, 38], []
[2025-01-29 23:58:48,768][__main__][INFO] - [2, 16, 39], []
[2025-01-29 23:58:48,801][__main__][INFO] - [2, 16, 40], []
[2025-01-29 23:58:48,821][__main__][INFO] - [2, 16, 41], []
[2025-01-29 23:58:48,868][__main__][INFO] - [2, 16], [41]
[2025-01-29 23:58:49,028][__main__][INFO] - [2, 16, 42], []
[2025-01-29 23:58:49,052][__main__][INFO] - [2, 16], [42]
[2025-01-29 23:58:49,238][__main__][INFO] - [2, 16, 43], []
[2025-01-29 23:58:49,260][__main__][INFO] - [2, 16], [43]
[2025-01-29 23:58:49,448][__main__][INFO] - [2, 16, 44], []
[2025-01-29 23:58:49,638][__main__][INFO] - [2, 16, 45], []
[2025-01-29 23:58:49,678][__main__][INFO] - [2, 16, 47], []
[2025-01-29 23:58:49,908][__main__][INFO] - [2, 16, 50], []
[2025-01-29 23:58:49,933][__main__][INFO] - [2, 16, 51], []
[2025-01-29 23:58:49,955][__main__][INFO] - [2, 16, 52], []
[2025-01-29 23:58:49,978][__main__][INFO] - [2, 16, 53], []
[2025-01-29 23:58:50,001][__main__][INFO] - [2, 16, 54], []
[2025-01-29 23:58:50,024][__main__][INFO] - [2, 16, 55], []
[2025-01-29 23:58:50,048][__main__][INFO] - [2, 16, 56], []
[2025-01-29 23:58:50,071][__main__][INFO] - [2, 16, 57], []
[2025-01-29 23:58:50,093][__main__][INFO] - [2, 16, 58], []
[2025-01-29 23:58:50,116][__main__][INFO] - [2, 16, 59], []
[2025-01-29 23:58:50,227][__main__][INFO] - [2, 17, 20], []
[2025-01-29 23:58:50,368][__main__][INFO] - [2, 17, 21], []
[2025-01-29 23:58:50,386][__main__][INFO] - [2, 17, 22], []
[2025-01-29 23:58:50,416][__main__][INFO] - [2, 17, 23], []
[2025-01-29 23:58:50,439][__main__][INFO] - [2, 17, 24], []
[2025-01-29 23:58:50,471][__main__][INFO] - [2, 17, 26], []
[2025-01-29 23:58:50,527][__main__][INFO] - [2, 17], [26]
[2025-01-29 23:58:50,654][__main__][INFO] - [2, 17, 27], []
[2025-01-29 23:58:50,797][__main__][INFO] - [2, 17, 28], []
[2025-01-29 23:58:50,819][__main__][INFO] - [2, 17, 29], []
[2025-01-29 23:58:50,853][__main__][INFO] - [2, 17, 30], []
[2025-01-29 23:58:50,870][__main__][INFO] - [2, 17, 31], []
[2025-01-29 23:58:50,887][__main__][INFO] - [2, 17, 32], []
[2025-01-29 23:58:51,029][__main__][INFO] - [2, 17, 33], []
[2025-01-29 23:58:51,082][__main__][INFO] - [2, 17, 35], []
[2025-01-29 23:58:51,117][__main__][INFO] - [2, 17, 37], []
[2025-01-29 23:58:51,214][__main__][INFO] - [2, 17, 38], []
[2025-01-29 23:58:51,274][__main__][INFO] - [2, 17, 39], []
[2025-01-29 23:58:51,304][__main__][INFO] - [2, 17, 40], []
[2025-01-29 23:58:51,324][__main__][INFO] - [2, 17, 41], []
[2025-01-29 23:58:51,362][__main__][INFO] - [2, 17], [41]
[2025-01-29 23:58:51,506][__main__][INFO] - [2, 17, 42], []
[2025-01-29 23:58:51,536][__main__][INFO] - [2, 17], [42]
[2025-01-29 23:58:51,698][__main__][INFO] - [2, 17, 43], []
[2025-01-29 23:58:51,721][__main__][INFO] - [2, 17], [43]
[2025-01-29 23:58:51,887][__main__][INFO] - [2, 17, 44], []
[2025-01-29 23:58:52,051][__main__][INFO] - [2, 17, 45], []
[2025-01-29 23:58:52,090][__main__][INFO] - [2, 17, 47], []
[2025-01-29 23:58:52,300][__main__][INFO] - [2, 17, 50], []
[2025-01-29 23:58:52,322][__main__][INFO] - [2, 17, 51], []
[2025-01-29 23:58:52,344][__main__][INFO] - [2, 17, 52], []
[2025-01-29 23:58:52,367][__main__][INFO] - [2, 17, 53], []
[2025-01-29 23:58:52,391][__main__][INFO] - [2, 17, 54], []
[2025-01-29 23:58:52,414][__main__][INFO] - [2, 17, 55], []
[2025-01-29 23:58:52,437][__main__][INFO] - [2, 17, 56], []
[2025-01-29 23:58:52,460][__main__][INFO] - [2, 17, 57], []
[2025-01-29 23:58:52,483][__main__][INFO] - [2, 17, 58], []
[2025-01-29 23:58:52,505][__main__][INFO] - [2, 17, 59], []
[2025-01-29 23:58:52,595][__main__][INFO] - [2, 18, 20], []
[2025-01-29 23:58:52,668][__main__][INFO] - [2, 18, 21], []
[2025-01-29 23:58:52,685][__main__][INFO] - [2, 18, 22], []
[2025-01-29 23:58:52,702][__main__][INFO] - [2, 18, 23], []
[2025-01-29 23:58:52,722][__main__][INFO] - [2, 18, 24], []
[2025-01-29 23:58:52,753][__main__][INFO] - [2, 18, 26], []
[2025-01-29 23:58:52,800][__main__][INFO] - [2, 18], [26]
[2025-01-29 23:58:52,853][__main__][INFO] - [2, 18, 27], []
[2025-01-29 23:58:52,924][__main__][INFO] - [2, 18, 28], []
[2025-01-29 23:58:52,944][__main__][INFO] - [2, 18, 29], []
[2025-01-29 23:58:52,970][__main__][INFO] - [2, 18, 30], []
[2025-01-29 23:58:52,987][__main__][INFO] - [2, 18, 31], []
[2025-01-29 23:58:53,004][__main__][INFO] - [2, 18, 32], []
[2025-01-29 23:58:53,073][__main__][INFO] - [2, 18, 33], []
[2025-01-29 23:58:53,116][__main__][INFO] - [2, 18, 35], []
[2025-01-29 23:58:53,150][__main__][INFO] - [2, 18, 37], []
[2025-01-29 23:58:53,203][__main__][INFO] - [2, 18, 38], []
[2025-01-29 23:58:53,236][__main__][INFO] - [2, 18, 39], []
[2025-01-29 23:58:53,260][__main__][INFO] - [2, 18, 40], []
[2025-01-29 23:58:53,278][__main__][INFO] - [2, 18, 41], []
[2025-01-29 23:58:53,307][__main__][INFO] - [2, 18], [41]
[2025-01-29 23:58:53,378][__main__][INFO] - [2, 18, 42], []
[2025-01-29 23:58:53,407][__main__][INFO] - [2, 18], [42]
[2025-01-29 23:58:53,479][__main__][INFO] - [2, 18, 43], []
[2025-01-29 23:58:53,500][__main__][INFO] - [2, 18], [43]
[2025-01-29 23:58:53,582][__main__][INFO] - [2, 18, 44], []
[2025-01-29 23:58:53,659][__main__][INFO] - [2, 18, 45], []
[2025-01-29 23:58:53,697][__main__][INFO] - [2, 18, 47], []
[2025-01-29 23:58:53,815][__main__][INFO] - [2, 18, 50], []
[2025-01-29 23:58:53,836][__main__][INFO] - [2, 18, 51], []
[2025-01-29 23:58:53,856][__main__][INFO] - [2, 18, 52], []
[2025-01-29 23:58:53,877][__main__][INFO] - [2, 18, 53], []
[2025-01-29 23:58:53,899][__main__][INFO] - [2, 18, 54], []
[2025-01-29 23:58:53,920][__main__][INFO] - [2, 18, 55], []
[2025-01-29 23:58:53,940][__main__][INFO] - [2, 18, 56], []
[2025-01-29 23:58:53,960][__main__][INFO] - [2, 18, 57], []
[2025-01-29 23:58:53,980][__main__][INFO] - [2, 18, 58], []
[2025-01-29 23:58:53,999][__main__][INFO] - [2, 18, 59], []
[2025-01-29 23:58:54,048][__main__][INFO] - [2, 19, 20], []
[2025-01-29 23:58:54,095][__main__][INFO] - [2, 19, 21], []
[2025-01-29 23:58:54,112][__main__][INFO] - [2, 19, 22], []
[2025-01-29 23:58:54,129][__main__][INFO] - [2, 19, 23], []
[2025-01-29 23:58:54,148][__main__][INFO] - [2, 19, 24], []
[2025-01-29 23:58:54,179][__main__][INFO] - [2, 19, 26], []
[2025-01-29 23:58:54,223][__main__][INFO] - [2, 19], [26]
[2025-01-29 23:58:54,248][__main__][INFO] - [2, 19, 27], []
[2025-01-29 23:58:54,296][__main__][INFO] - [2, 19, 28], []
[2025-01-29 23:58:54,314][__main__][INFO] - [2, 19, 29], []
[2025-01-29 23:58:54,336][__main__][INFO] - [2, 19, 30], []
[2025-01-29 23:58:54,367][__main__][INFO] - [2, 19, 32], []
[2025-01-29 23:58:54,411][__main__][INFO] - [2, 19, 33], []
[2025-01-29 23:58:54,450][__main__][INFO] - [2, 19, 35], []
[2025-01-29 23:58:54,482][__main__][INFO] - [2, 19, 37], []
[2025-01-29 23:58:54,518][__main__][INFO] - [2, 19, 38], []
[2025-01-29 23:58:54,543][__main__][INFO] - [2, 19, 39], []
[2025-01-29 23:58:54,565][__main__][INFO] - [2, 19, 40], []
[2025-01-29 23:58:54,583][__main__][INFO] - [2, 19, 41], []
[2025-01-29 23:58:54,606][__main__][INFO] - [2, 19], [41]
[2025-01-29 23:58:54,653][__main__][INFO] - [2, 19, 42], []
[2025-01-29 23:58:54,683][__main__][INFO] - [2, 19], [42]
[2025-01-29 23:58:54,722][__main__][INFO] - [2, 19, 43], []
[2025-01-29 23:58:54,744][__main__][INFO] - [2, 19], [43]
[2025-01-29 23:58:54,791][__main__][INFO] - [2, 19, 44], []
[2025-01-29 23:58:54,834][__main__][INFO] - [2, 19, 45], []
[2025-01-29 23:58:54,876][__main__][INFO] - [2, 19, 47], []
[2025-01-29 23:58:54,959][__main__][INFO] - [2, 19, 50], []
[2025-01-29 23:58:54,980][__main__][INFO] - [2, 19, 51], []
[2025-01-29 23:58:54,999][__main__][INFO] - [2, 19, 52], []
[2025-01-29 23:58:55,019][__main__][INFO] - [2, 19, 53], []
[2025-01-29 23:58:55,038][__main__][INFO] - [2, 19, 54], []
[2025-01-29 23:58:55,058][__main__][INFO] - [2, 19, 55], []
[2025-01-29 23:58:55,077][__main__][INFO] - [2, 19, 56], []
[2025-01-29 23:58:55,095][__main__][INFO] - [2, 19, 57], []
[2025-01-29 23:58:55,114][__main__][INFO] - [2, 19, 58], []
[2025-01-29 23:58:55,130][__main__][INFO] - [2, 19, 59], []
[2025-01-29 23:58:55,169][__main__][INFO] - [2, 20, 26], []
[2025-01-29 23:58:55,407][__main__][INFO] - [2, 20], [26]
[2025-01-29 23:58:56,487][__main__][INFO] - [2, 20, 27], []
