[2025-01-29 13:08:42,292][__main__][INFO] - In total, there are 18381599 possible subgroups
[2025-01-29 13:08:42,349][__main__][INFO] - [0], []
[2025-01-29 13:08:42,387][__main__][INFO] - [1], []
[2025-01-29 13:08:42,890][__main__][INFO] - [2], []
[2025-01-29 13:08:43,446][__main__][INFO] - [3], []
[2025-01-29 13:08:43,970][__main__][INFO] - [4], []
[2025-01-29 13:08:44,529][__main__][INFO] - [5], []
[2025-01-29 13:08:45,055][__main__][INFO] - [6], []
[2025-01-29 13:08:45,555][__main__][INFO] - [7], []
[2025-01-29 13:08:45,964][__main__][INFO] - [8], []
[2025-01-29 13:08:46,150][__main__][INFO] - [9], []
[2025-01-29 13:08:46,260][__main__][INFO] - [10], []
[2025-01-29 13:08:47,191][__main__][INFO] - [], [10]
[2025-01-29 13:08:51,081][__main__][INFO] - [11], []
[2025-01-29 13:08:54,354][__main__][INFO] - [12], []
[2025-01-29 13:08:54,804][__main__][INFO] - [13], []
[2025-01-29 13:08:55,427][__main__][INFO] - [14], []
[2025-01-29 13:08:55,538][__main__][INFO] - [15], []
[2025-01-29 13:08:55,586][__main__][INFO] - [16], []
[2025-01-29 13:08:59,296][__main__][INFO] - [17], []
[2025-01-29 13:08:59,511][__main__][INFO] - [18], []
[2025-01-29 13:08:59,545][__main__][INFO] - [19], []
[2025-01-29 13:08:59,601][__main__][INFO] - [20], []
[2025-01-29 13:09:00,451][__main__][INFO] - [21], []
[2025-01-29 13:09:03,119][__main__][INFO] - [22], []
[2025-01-29 13:09:04,036][__main__][INFO] - [23], []
[2025-01-29 13:09:04,658][__main__][INFO] - [24], []
[2025-01-29 13:09:04,731][__main__][INFO] - [25], []
[2025-01-29 13:09:05,902][__main__][INFO] - [], [25]
[2025-01-29 13:09:09,488][__main__][INFO] - [26], []
[2025-01-29 13:09:09,728][__main__][INFO] - [], [26]
[2025-01-29 13:09:14,620][__main__][INFO] - [27], []
[2025-01-29 13:09:14,775][__main__][INFO] - [], [27]
[2025-01-29 13:09:19,779][__main__][INFO] - [28], []
[2025-01-29 13:09:24,342][__main__][INFO] - [29], []
[2025-01-29 13:09:24,626][__main__][INFO] - [30], []
[2025-01-29 13:09:24,663][__main__][INFO] - [31], []
[2025-01-29 13:09:26,877][__main__][INFO] - [], [31]
[2025-01-29 13:09:29,167][__main__][INFO] - [32], []
[2025-01-29 13:09:29,598][__main__][INFO] - [33], []
[2025-01-29 13:09:32,055][__main__][INFO] - [34], []
[2025-01-29 13:09:32,264][__main__][INFO] - [35], []
[2025-01-29 13:09:32,847][__main__][INFO] - [36], []
[2025-01-29 13:09:33,033][__main__][INFO] - [37], []
[2025-01-29 13:09:33,088][__main__][INFO] - [38], []
[2025-01-29 13:09:33,133][__main__][INFO] - [39], []
[2025-01-29 13:09:33,174][__main__][INFO] - [40], []
[2025-01-29 13:09:33,273][__main__][INFO] - [0, 10], []
[2025-01-29 13:09:33,316][__main__][INFO] - [0], [10]
[2025-01-29 13:09:33,361][__main__][INFO] - [0, 11], []
[2025-01-29 13:09:33,405][__main__][INFO] - [0, 12], []
[2025-01-29 13:09:33,446][__main__][INFO] - [0, 13], []
[2025-01-29 13:09:33,487][__main__][INFO] - [0, 14], []
[2025-01-29 13:09:33,529][__main__][INFO] - [0, 15], []
[2025-01-29 13:09:33,690][__main__][INFO] - [0, 20], []
[2025-01-29 13:09:33,735][__main__][INFO] - [0, 21], []
[2025-01-29 13:09:33,778][__main__][INFO] - [0, 22], []
[2025-01-29 13:09:33,820][__main__][INFO] - [0, 23], []
[2025-01-29 13:09:33,863][__main__][INFO] - [0, 24], []
[2025-01-29 13:09:33,904][__main__][INFO] - [0, 25], []
[2025-01-29 13:09:33,945][__main__][INFO] - [0], [25]
[2025-01-29 13:09:33,989][__main__][INFO] - [0, 26], []
[2025-01-29 13:09:34,030][__main__][INFO] - [0], [26]
[2025-01-29 13:09:34,075][__main__][INFO] - [0, 27], []
[2025-01-29 13:09:34,116][__main__][INFO] - [0], [27]
[2025-01-29 13:09:34,161][__main__][INFO] - [0, 28], []
[2025-01-29 13:09:34,204][__main__][INFO] - [0, 29], []
[2025-01-29 13:09:34,246][__main__][INFO] - [0, 30], []
[2025-01-29 13:09:34,289][__main__][INFO] - [0, 31], []
[2025-01-29 13:09:34,332][__main__][INFO] - [0], [31]
[2025-01-29 13:09:34,375][__main__][INFO] - [0, 32], []
[2025-01-29 13:09:34,417][__main__][INFO] - [0, 33], []
[2025-01-29 13:09:34,460][__main__][INFO] - [0, 34], []
[2025-01-29 13:09:34,502][__main__][INFO] - [0, 35], []
[2025-01-29 13:09:34,543][__main__][INFO] - [0, 36], []
[2025-01-29 13:09:34,584][__main__][INFO] - [0, 37], []
[2025-01-29 13:09:34,625][__main__][INFO] - [0, 38], []
[2025-01-29 13:09:34,666][__main__][INFO] - [0, 39], []
[2025-01-29 13:09:34,766][__main__][INFO] - [1, 10], []
[2025-01-29 13:09:34,827][__main__][INFO] - [1], [10]
[2025-01-29 13:09:35,313][__main__][INFO] - [1, 11], []
[2025-01-29 13:09:35,781][__main__][INFO] - [1, 12], []
[2025-01-29 13:09:35,839][__main__][INFO] - [1, 13], []
[2025-01-29 13:09:35,888][__main__][INFO] - [1, 14], []
[2025-01-29 13:09:35,935][__main__][INFO] - [1, 15], []
[2025-01-29 13:09:35,977][__main__][INFO] - [1, 16], []
[2025-01-29 13:09:36,112][__main__][INFO] - [1, 17], []
[2025-01-29 13:09:36,154][__main__][INFO] - [1, 18], []
[2025-01-29 13:09:36,195][__main__][INFO] - [1, 19], []
[2025-01-29 13:09:36,237][__main__][INFO] - [1, 20], []
[2025-01-29 13:09:36,629][__main__][INFO] - [1, 21], []
[2025-01-29 13:09:36,926][__main__][INFO] - [1, 22], []
[2025-01-29 13:09:37,068][__main__][INFO] - [1, 23], []
[2025-01-29 13:09:37,177][__main__][INFO] - [1, 24], []
[2025-01-29 13:09:37,222][__main__][INFO] - [1, 25], []
[2025-01-29 13:09:37,288][__main__][INFO] - [1], [25]
[2025-01-29 13:09:37,765][__main__][INFO] - [1, 26], []
[2025-01-29 13:09:37,809][__main__][INFO] - [1], [26]
[2025-01-29 13:09:38,317][__main__][INFO] - [1, 27], []
[2025-01-29 13:09:38,362][__main__][INFO] - [1], [27]
[2025-01-29 13:09:38,870][__main__][INFO] - [1, 28], []
[2025-01-29 13:09:39,364][__main__][INFO] - [1, 29], []
[2025-01-29 13:09:39,449][__main__][INFO] - [1, 31], []
[2025-01-29 13:09:39,697][__main__][INFO] - [1], [31]
[2025-01-29 13:09:39,971][__main__][INFO] - [1, 32], []
[2025-01-29 13:09:40,101][__main__][INFO] - [1, 33], []
[2025-01-29 13:09:40,388][__main__][INFO] - [1, 34], []
[2025-01-29 13:09:40,459][__main__][INFO] - [1, 35], []
[2025-01-29 13:09:40,550][__main__][INFO] - [1, 36], []
[2025-01-29 13:09:40,606][__main__][INFO] - [1, 37], []
[2025-01-29 13:09:40,650][__main__][INFO] - [1, 38], []
[2025-01-29 13:09:40,693][__main__][INFO] - [1, 39], []
[2025-01-29 13:09:40,793][__main__][INFO] - [2, 10], []
[2025-01-29 13:09:40,861][__main__][INFO] - [2], [10]
[2025-01-29 13:09:41,401][__main__][INFO] - [2, 11], []
[2025-01-29 13:09:41,877][__main__][INFO] - [2, 12], []
[2025-01-29 13:09:41,964][__main__][INFO] - [2, 13], []
[2025-01-29 13:09:42,025][__main__][INFO] - [2, 14], []
[2025-01-29 13:09:42,071][__main__][INFO] - [2, 15], []
[2025-01-29 13:09:42,114][__main__][INFO] - [2, 16], []
[2025-01-29 13:09:42,656][__main__][INFO] - [2, 17], []
[2025-01-29 13:09:42,701][__main__][INFO] - [2, 18], []
[2025-01-29 13:09:42,742][__main__][INFO] - [2, 19], []
[2025-01-29 13:09:42,815][__main__][INFO] - [2, 21], []
[2025-01-29 13:09:43,153][__main__][INFO] - [2, 22], []
[2025-01-29 13:09:43,294][__main__][INFO] - [2, 23], []
[2025-01-29 13:09:43,410][__main__][INFO] - [2, 24], []
[2025-01-29 13:09:43,455][__main__][INFO] - [2, 25], []
[2025-01-29 13:09:43,566][__main__][INFO] - [2], [25]
[2025-01-29 13:09:44,053][__main__][INFO] - [2, 26], []
[2025-01-29 13:09:44,097][__main__][INFO] - [2], [26]
[2025-01-29 13:09:44,663][__main__][INFO] - [2, 27], []
[2025-01-29 13:09:44,709][__main__][INFO] - [2], [27]
[2025-01-29 13:09:45,268][__main__][INFO] - [2, 28], []
[2025-01-29 13:09:45,820][__main__][INFO] - [2, 29], []
[2025-01-29 13:09:45,906][__main__][INFO] - [2, 31], []
[2025-01-29 13:09:46,176][__main__][INFO] - [2], [31]
[2025-01-29 13:09:46,465][__main__][INFO] - [2, 32], []
[2025-01-29 13:09:46,568][__main__][INFO] - [2, 33], []
[2025-01-29 13:09:46,877][__main__][INFO] - [2, 34], []
[2025-01-29 13:09:46,940][__main__][INFO] - [2, 35], []
[2025-01-29 13:09:47,039][__main__][INFO] - [2, 36], []
[2025-01-29 13:09:47,099][__main__][INFO] - [2, 37], []
[2025-01-29 13:09:47,143][__main__][INFO] - [2, 38], []
[2025-01-29 13:09:47,186][__main__][INFO] - [2, 39], []
[2025-01-29 13:09:47,287][__main__][INFO] - [3, 10], []
[2025-01-29 13:09:47,355][__main__][INFO] - [3], [10]
[2025-01-29 13:09:47,832][__main__][INFO] - [3, 11], []
[2025-01-29 13:09:48,201][__main__][INFO] - [3, 12], []
[2025-01-29 13:09:48,316][__main__][INFO] - [3, 13], []
[2025-01-29 13:09:48,400][__main__][INFO] - [3, 14], []
[2025-01-29 13:09:48,446][__main__][INFO] - [3, 15], []
[2025-01-29 13:09:48,488][__main__][INFO] - [3, 16], []
[2025-01-29 13:09:48,985][__main__][INFO] - [3, 17], []
[2025-01-29 13:09:49,036][__main__][INFO] - [3, 18], []
[2025-01-29 13:09:49,077][__main__][INFO] - [3, 19], []
[2025-01-29 13:09:49,149][__main__][INFO] - [3, 21], []
[2025-01-29 13:09:49,466][__main__][INFO] - [3, 22], []
[2025-01-29 13:09:49,597][__main__][INFO] - [3, 23], []
[2025-01-29 13:09:49,698][__main__][INFO] - [3, 24], []
[2025-01-29 13:09:49,744][__main__][INFO] - [3, 25], []
[2025-01-29 13:09:49,910][__main__][INFO] - [3], [25]
[2025-01-29 13:09:50,286][__main__][INFO] - [3, 26], []
[2025-01-29 13:09:50,330][__main__][INFO] - [3], [26]
[2025-01-29 13:09:50,836][__main__][INFO] - [3, 27], []
[2025-01-29 13:09:50,882][__main__][INFO] - [3], [27]
[2025-01-29 13:09:51,395][__main__][INFO] - [3, 28], []
[2025-01-29 13:09:51,899][__main__][INFO] - [3, 29], []
[2025-01-29 13:09:51,983][__main__][INFO] - [3, 31], []
[2025-01-29 13:09:52,237][__main__][INFO] - [3], [31]
[2025-01-29 13:09:52,501][__main__][INFO] - [3, 32], []
[2025-01-29 13:09:52,591][__main__][INFO] - [3, 33], []
[2025-01-29 13:09:52,882][__main__][INFO] - [3, 34], []
[2025-01-29 13:09:52,940][__main__][INFO] - [3, 35], []
[2025-01-29 13:09:53,044][__main__][INFO] - [3, 36], []
[2025-01-29 13:09:53,101][__main__][INFO] - [3, 37], []
[2025-01-29 13:09:53,145][__main__][INFO] - [3, 38], []
[2025-01-29 13:09:53,187][__main__][INFO] - [3, 39], []
[2025-01-29 13:09:53,288][__main__][INFO] - [4, 10], []
[2025-01-29 13:09:53,363][__main__][INFO] - [4], [10]
[2025-01-29 13:09:53,838][__main__][INFO] - [4, 11], []
[2025-01-29 13:09:54,148][__main__][INFO] - [4, 12], []
[2025-01-29 13:09:54,279][__main__][INFO] - [4, 13], []
[2025-01-29 13:09:54,409][__main__][INFO] - [4, 14], []
[2025-01-29 13:09:54,454][__main__][INFO] - [4, 15], []
[2025-01-29 13:09:54,497][__main__][INFO] - [4, 16], []
[2025-01-29 13:09:55,007][__main__][INFO] - [4, 17], []
[2025-01-29 13:09:55,059][__main__][INFO] - [4, 18], []
[2025-01-29 13:09:55,100][__main__][INFO] - [4, 19], []
[2025-01-29 13:09:55,173][__main__][INFO] - [4, 21], []
[2025-01-29 13:09:55,519][__main__][INFO] - [4, 22], []
[2025-01-29 13:09:55,642][__main__][INFO] - [4, 23], []
[2025-01-29 13:09:55,739][__main__][INFO] - [4, 24], []
[2025-01-29 13:09:55,785][__main__][INFO] - [4, 25], []
[2025-01-29 13:09:56,018][__main__][INFO] - [4], [25]
[2025-01-29 13:09:56,342][__main__][INFO] - [4, 26], []
[2025-01-29 13:09:56,389][__main__][INFO] - [4], [26]
[2025-01-29 13:09:56,907][__main__][INFO] - [4, 27], []
[2025-01-29 13:09:56,954][__main__][INFO] - [4], [27]
[2025-01-29 13:09:57,477][__main__][INFO] - [4, 28], []
[2025-01-29 13:09:58,002][__main__][INFO] - [4, 29], []
[2025-01-29 13:09:58,087][__main__][INFO] - [4, 31], []
[2025-01-29 13:09:58,356][__main__][INFO] - [4], [31]
[2025-01-29 13:09:58,615][__main__][INFO] - [4, 32], []
[2025-01-29 13:09:58,705][__main__][INFO] - [4, 33], []
[2025-01-29 13:09:59,000][__main__][INFO] - [4, 34], []
[2025-01-29 13:09:59,054][__main__][INFO] - [4, 35], []
[2025-01-29 13:09:59,167][__main__][INFO] - [4, 36], []
[2025-01-29 13:09:59,224][__main__][INFO] - [4, 37], []
[2025-01-29 13:09:59,268][__main__][INFO] - [4, 38], []
[2025-01-29 13:09:59,310][__main__][INFO] - [4, 39], []
[2025-01-29 13:09:59,411][__main__][INFO] - [5, 10], []
[2025-01-29 13:09:59,501][__main__][INFO] - [5], [10]
[2025-01-29 13:09:59,947][__main__][INFO] - [5, 11], []
[2025-01-29 13:10:00,259][__main__][INFO] - [5, 12], []
[2025-01-29 13:10:00,361][__main__][INFO] - [5, 13], []
[2025-01-29 13:10:00,511][__main__][INFO] - [5, 14], []
[2025-01-29 13:10:00,557][__main__][INFO] - [5, 15], []
[2025-01-29 13:10:00,600][__main__][INFO] - [5, 16], []
[2025-01-29 13:10:01,083][__main__][INFO] - [5, 17], []
[2025-01-29 13:10:01,140][__main__][INFO] - [5, 18], []
[2025-01-29 13:10:01,181][__main__][INFO] - [5, 19], []
[2025-01-29 13:10:01,254][__main__][INFO] - [5, 21], []
[2025-01-29 13:10:01,581][__main__][INFO] - [5, 22], []
[2025-01-29 13:10:01,711][__main__][INFO] - [5, 23], []
[2025-01-29 13:10:01,803][__main__][INFO] - [5, 24], []
[2025-01-29 13:10:01,849][__main__][INFO] - [5, 25], []
[2025-01-29 13:10:02,077][__main__][INFO] - [5], [25]
[2025-01-29 13:10:02,398][__main__][INFO] - [5, 26], []
[2025-01-29 13:10:02,450][__main__][INFO] - [5], [26]
[2025-01-29 13:10:02,950][__main__][INFO] - [5, 27], []
[2025-01-29 13:10:03,000][__main__][INFO] - [5], [27]
[2025-01-29 13:10:03,503][__main__][INFO] - [5, 28], []
[2025-01-29 13:10:04,016][__main__][INFO] - [5, 29], []
[2025-01-29 13:10:04,103][__main__][INFO] - [5, 31], []
[2025-01-29 13:10:04,365][__main__][INFO] - [5], [31]
[2025-01-29 13:10:04,625][__main__][INFO] - [5, 32], []
[2025-01-29 13:10:04,739][__main__][INFO] - [5, 33], []
[2025-01-29 13:10:05,051][__main__][INFO] - [5, 34], []
[2025-01-29 13:10:05,102][__main__][INFO] - [5, 35], []
[2025-01-29 13:10:05,205][__main__][INFO] - [5, 36], []
[2025-01-29 13:10:05,264][__main__][INFO] - [5, 37], []
[2025-01-29 13:10:05,308][__main__][INFO] - [5, 38], []
[2025-01-29 13:10:05,350][__main__][INFO] - [5, 39], []
[2025-01-29 13:10:05,451][__main__][INFO] - [6, 10], []
[2025-01-29 13:10:05,568][__main__][INFO] - [6], [10]
[2025-01-29 13:10:05,983][__main__][INFO] - [6, 11], []
[2025-01-29 13:10:06,318][__main__][INFO] - [6, 12], []
[2025-01-29 13:10:06,395][__main__][INFO] - [6, 13], []
[2025-01-29 13:10:06,541][__main__][INFO] - [6, 14], []
[2025-01-29 13:10:06,587][__main__][INFO] - [6, 15], []
[2025-01-29 13:10:06,630][__main__][INFO] - [6, 16], []
[2025-01-29 13:10:07,099][__main__][INFO] - [6, 17], []
[2025-01-29 13:10:07,191][__main__][INFO] - [6, 19], []
[2025-01-29 13:10:07,264][__main__][INFO] - [6, 21], []
[2025-01-29 13:10:07,585][__main__][INFO] - [6, 22], []
[2025-01-29 13:10:07,721][__main__][INFO] - [6, 23], []
[2025-01-29 13:10:07,806][__main__][INFO] - [6, 24], []
[2025-01-29 13:10:07,852][__main__][INFO] - [6, 25], []
[2025-01-29 13:10:08,038][__main__][INFO] - [6], [25]
[2025-01-29 13:10:08,377][__main__][INFO] - [6, 26], []
[2025-01-29 13:10:08,433][__main__][INFO] - [6], [26]
[2025-01-29 13:10:08,915][__main__][INFO] - [6, 27], []
[2025-01-29 13:10:08,967][__main__][INFO] - [6], [27]
[2025-01-29 13:10:09,453][__main__][INFO] - [6, 28], []
[2025-01-29 13:10:09,932][__main__][INFO] - [6, 29], []
[2025-01-29 13:10:10,023][__main__][INFO] - [6, 31], []
[2025-01-29 13:10:10,283][__main__][INFO] - [6], [31]
[2025-01-29 13:10:10,526][__main__][INFO] - [6, 32], []
[2025-01-29 13:10:10,594][__main__][INFO] - [6, 33], []
[2025-01-29 13:10:10,920][__main__][INFO] - [6, 34], []
[2025-01-29 13:10:10,970][__main__][INFO] - [6, 35], []
[2025-01-29 13:10:11,067][__main__][INFO] - [6, 36], []
[2025-01-29 13:10:11,126][__main__][INFO] - [6, 37], []
[2025-01-29 13:10:11,169][__main__][INFO] - [6, 38], []
[2025-01-29 13:10:11,212][__main__][INFO] - [6, 39], []
[2025-01-29 13:10:11,312][__main__][INFO] - [7, 10], []
[2025-01-29 13:10:11,441][__main__][INFO] - [7], [10]
[2025-01-29 13:10:11,748][__main__][INFO] - [7, 11], []
[2025-01-29 13:10:12,032][__main__][INFO] - [7, 12], []
[2025-01-29 13:10:12,093][__main__][INFO] - [7, 13], []
[2025-01-29 13:10:12,213][__main__][INFO] - [7, 14], []
[2025-01-29 13:10:12,257][__main__][INFO] - [7, 15], []
[2025-01-29 13:10:12,299][__main__][INFO] - [7, 16], []
[2025-01-29 13:10:12,647][__main__][INFO] - [7, 17], []
[2025-01-29 13:10:12,759][__main__][INFO] - [7, 19], []
[2025-01-29 13:10:12,834][__main__][INFO] - [7, 21], []
[2025-01-29 13:10:13,090][__main__][INFO] - [7, 22], []
[2025-01-29 13:10:13,209][__main__][INFO] - [7, 23], []
[2025-01-29 13:10:13,282][__main__][INFO] - [7, 24], []
[2025-01-29 13:10:13,327][__main__][INFO] - [7, 25], []
[2025-01-29 13:10:13,471][__main__][INFO] - [7], [25]
[2025-01-29 13:10:13,763][__main__][INFO] - [7, 26], []
[2025-01-29 13:10:13,830][__main__][INFO] - [7], [26]
[2025-01-29 13:10:14,197][__main__][INFO] - [7, 27], []
[2025-01-29 13:10:14,251][__main__][INFO] - [7], [27]
[2025-01-29 13:10:14,638][__main__][INFO] - [7, 28], []
[2025-01-29 13:10:15,020][__main__][INFO] - [7, 29], []
[2025-01-29 13:10:15,109][__main__][INFO] - [7, 31], []
[2025-01-29 13:10:15,333][__main__][INFO] - [7], [31]
[2025-01-29 13:10:15,526][__main__][INFO] - [7, 32], []
[2025-01-29 13:10:15,581][__main__][INFO] - [7, 33], []
[2025-01-29 13:10:15,860][__main__][INFO] - [7, 34], []
[2025-01-29 13:10:15,907][__main__][INFO] - [7, 35], []
[2025-01-29 13:10:15,991][__main__][INFO] - [7, 36], []
[2025-01-29 13:10:16,044][__main__][INFO] - [7, 37], []
[2025-01-29 13:10:16,087][__main__][INFO] - [7, 38], []
[2025-01-29 13:10:16,130][__main__][INFO] - [7, 39], []
[2025-01-29 13:10:16,231][__main__][INFO] - [8, 10], []
[2025-01-29 13:10:16,338][__main__][INFO] - [8], [10]
[2025-01-29 13:10:16,460][__main__][INFO] - [8, 11], []
[2025-01-29 13:10:16,598][__main__][INFO] - [8, 12], []
[2025-01-29 13:10:16,647][__main__][INFO] - [8, 13], []
[2025-01-29 13:10:16,724][__main__][INFO] - [8, 14], []
[2025-01-29 13:10:16,767][__main__][INFO] - [8, 15], []
[2025-01-29 13:10:16,809][__main__][INFO] - [8, 16], []
[2025-01-29 13:10:16,967][__main__][INFO] - [8, 17], []
[2025-01-29 13:10:17,060][__main__][INFO] - [8, 19], []
[2025-01-29 13:10:17,135][__main__][INFO] - [8, 21], []
[2025-01-29 13:10:17,266][__main__][INFO] - [8, 22], []
[2025-01-29 13:10:17,334][__main__][INFO] - [8, 23], []
[2025-01-29 13:10:17,391][__main__][INFO] - [8, 24], []
[2025-01-29 13:10:17,437][__main__][INFO] - [8, 25], []
[2025-01-29 13:10:17,523][__main__][INFO] - [8], [25]
[2025-01-29 13:10:17,665][__main__][INFO] - [8, 26], []
[2025-01-29 13:10:17,729][__main__][INFO] - [8], [26]
[2025-01-29 13:10:17,892][__main__][INFO] - [8, 27], []
[2025-01-29 13:10:17,942][__main__][INFO] - [8], [27]
[2025-01-29 13:10:18,121][__main__][INFO] - [8, 28], []
[2025-01-29 13:10:18,291][__main__][INFO] - [8, 29], []
[2025-01-29 13:10:18,378][__main__][INFO] - [8, 31], []
[2025-01-29 13:10:18,497][__main__][INFO] - [8], [31]
[2025-01-29 13:10:18,598][__main__][INFO] - [8, 32], []
[2025-01-29 13:10:18,645][__main__][INFO] - [8, 33], []
[2025-01-29 13:10:18,789][__main__][INFO] - [8, 34], []
[2025-01-29 13:10:18,833][__main__][INFO] - [8, 35], []
[2025-01-29 13:10:18,891][__main__][INFO] - [8, 36], []
[2025-01-29 13:10:18,938][__main__][INFO] - [8, 37], []
[2025-01-29 13:10:18,980][__main__][INFO] - [8, 38], []
[2025-01-29 13:10:19,022][__main__][INFO] - [8, 39], []
[2025-01-29 13:10:19,122][__main__][INFO] - [9, 10], []
[2025-01-29 13:10:19,219][__main__][INFO] - [9], [10]
[2025-01-29 13:10:19,277][__main__][INFO] - [9, 11], []
[2025-01-29 13:10:19,370][__main__][INFO] - [9, 12], []
[2025-01-29 13:10:19,415][__main__][INFO] - [9, 13], []
[2025-01-29 13:10:19,472][__main__][INFO] - [9, 14], []
[2025-01-29 13:10:19,514][__main__][INFO] - [9, 15], []
[2025-01-29 13:10:19,554][__main__][INFO] - [9, 16], []
[2025-01-29 13:10:19,651][__main__][INFO] - [9, 17], []
[2025-01-29 13:10:19,736][__main__][INFO] - [9, 19], []
[2025-01-29 13:10:19,808][__main__][INFO] - [9, 21], []
[2025-01-29 13:10:19,895][__main__][INFO] - [9, 22], []
[2025-01-29 13:10:19,948][__main__][INFO] - [9, 23], []
[2025-01-29 13:10:20,000][__main__][INFO] - [9, 24], []
[2025-01-29 13:10:20,042][__main__][INFO] - [9, 25], []
[2025-01-29 13:10:20,103][__main__][INFO] - [9], [25]
[2025-01-29 13:10:20,195][__main__][INFO] - [9, 26], []
[2025-01-29 13:10:20,260][__main__][INFO] - [9], [26]
[2025-01-29 13:10:20,346][__main__][INFO] - [9, 27], []
[2025-01-29 13:10:20,398][__main__][INFO] - [9], [27]
[2025-01-29 13:10:20,498][__main__][INFO] - [9, 28], []
[2025-01-29 13:10:20,589][__main__][INFO] - [9, 29], []
[2025-01-29 13:10:20,681][__main__][INFO] - [9, 31], []
[2025-01-29 13:10:20,767][__main__][INFO] - [9], [31]
[2025-01-29 13:10:20,833][__main__][INFO] - [9, 32], []
[2025-01-29 13:10:20,877][__main__][INFO] - [9, 33], []
[2025-01-29 13:10:20,969][__main__][INFO] - [9, 34], []
[2025-01-29 13:10:21,012][__main__][INFO] - [9, 35], []
[2025-01-29 13:10:21,062][__main__][INFO] - [9, 36], []
[2025-01-29 13:10:21,106][__main__][INFO] - [9, 37], []
[2025-01-29 13:10:21,147][__main__][INFO] - [9, 38], []
[2025-01-29 13:10:21,188][__main__][INFO] - [9, 39], []
[2025-01-29 13:10:21,286][__main__][INFO] - [10, 11], []
[2025-01-29 13:10:21,771][__main__][INFO] - [10, 12], []
[2025-01-29 13:10:21,850][__main__][INFO] - [10, 13], []
[2025-01-29 13:10:21,981][__main__][INFO] - [10, 14], []
[2025-01-29 13:10:22,028][__main__][INFO] - [10, 15], []
[2025-01-29 13:10:22,071][__main__][INFO] - [10, 16], []
[2025-01-29 13:10:22,712][__main__][INFO] - [10, 17], []
[2025-01-29 13:10:22,806][__main__][INFO] - [10, 18], []
[2025-01-29 13:10:22,847][__main__][INFO] - [10, 19], []
[2025-01-29 13:10:22,893][__main__][INFO] - [10, 20], []
[2025-01-29 13:10:22,956][__main__][INFO] - [10, 21], []
[2025-01-29 13:10:23,330][__main__][INFO] - [10, 22], []
[2025-01-29 13:10:23,474][__main__][INFO] - [10, 23], []
[2025-01-29 13:10:23,598][__main__][INFO] - [10, 24], []
[2025-01-29 13:10:23,646][__main__][INFO] - [10, 25], []
[2025-01-29 13:10:23,850][__main__][INFO] - [10], [25]
[2025-01-29 13:10:24,378][__main__][INFO] - [10, 26], []
[2025-01-29 13:10:24,588][__main__][INFO] - [10], [26]
[2025-01-29 13:10:25,095][__main__][INFO] - [10, 27], []
[2025-01-29 13:10:25,256][__main__][INFO] - [10], [27]
[2025-01-29 13:10:25,826][__main__][INFO] - [10, 28], []
[2025-01-29 13:10:26,270][__main__][INFO] - [10, 29], []
[2025-01-29 13:10:26,525][__main__][INFO] - [10, 30], []
[2025-01-29 13:10:26,566][__main__][INFO] - [10, 31], []
[2025-01-29 13:10:26,897][__main__][INFO] - [10], [31]
[2025-01-29 13:10:27,254][__main__][INFO] - [10, 32], []
[2025-01-29 13:10:27,334][__main__][INFO] - [10, 33], []
[2025-01-29 13:10:27,682][__main__][INFO] - [10, 34], []
[2025-01-29 13:10:27,744][__main__][INFO] - [10, 35], []
[2025-01-29 13:10:27,836][__main__][INFO] - [10, 36], []
[2025-01-29 13:10:27,906][__main__][INFO] - [10, 37], []
[2025-01-29 13:10:27,953][__main__][INFO] - [10, 38], []
[2025-01-29 13:10:27,996][__main__][INFO] - [10, 39], []
[2025-01-29 13:10:28,039][__main__][INFO] - [10, 40], []
[2025-01-29 13:10:28,110][__main__][INFO] - [11], [10]
[2025-01-29 13:10:30,780][__main__][INFO] - [12], [10]
[2025-01-29 13:10:31,173][__main__][INFO] - [13], [10]
[2025-01-29 13:10:31,672][__main__][INFO] - [14], [10]
[2025-01-29 13:10:31,749][__main__][INFO] - [15], [10]
[2025-01-29 13:10:31,796][__main__][INFO] - [16], [10]
[2025-01-29 13:10:34,461][__main__][INFO] - [17], [10]
[2025-01-29 13:10:34,600][__main__][INFO] - [18], [10]
[2025-01-29 13:10:34,641][__main__][INFO] - [19], [10]
[2025-01-29 13:10:34,696][__main__][INFO] - [20], [10]
[2025-01-29 13:10:35,506][__main__][INFO] - [21], [10]
[2025-01-29 13:10:37,622][__main__][INFO] - [22], [10]
[2025-01-29 13:10:38,435][__main__][INFO] - [23], [10]
[2025-01-29 13:10:38,923][__main__][INFO] - [24], [10]
[2025-01-29 13:10:38,992][__main__][INFO] - [25], [10]
[2025-01-29 13:10:39,880][__main__][INFO] - [], [10, 25]
[2025-01-29 13:10:42,690][__main__][INFO] - [], [10, 26]
[2025-01-29 13:10:46,551][__main__][INFO] - [], [10, 27]
[2025-01-29 13:10:50,430][__main__][INFO] - [28], [10]
[2025-01-29 13:10:54,069][__main__][INFO] - [30], [10]
[2025-01-29 13:10:54,115][__main__][INFO] - [31], [10]
[2025-01-29 13:10:55,877][__main__][INFO] - [], [10, 31]
[2025-01-29 13:10:57,599][__main__][INFO] - [32], [10]
[2025-01-29 13:10:57,977][__main__][INFO] - [33], [10]
[2025-01-29 13:11:00,040][__main__][INFO] - [34], [10]
[2025-01-29 13:11:00,217][__main__][INFO] - [35], [10]
[2025-01-29 13:11:00,720][__main__][INFO] - [36], [10]
[2025-01-29 13:11:00,873][__main__][INFO] - [37], [10]
[2025-01-29 13:11:00,928][__main__][INFO] - [38], [10]
[2025-01-29 13:11:00,977][__main__][INFO] - [39], [10]
[2025-01-29 13:11:01,024][__main__][INFO] - [40], [10]
[2025-01-29 13:11:01,095][__main__][INFO] - [11, 16], []
[2025-01-29 13:11:03,176][__main__][INFO] - [11, 17], []
[2025-01-29 13:11:03,351][__main__][INFO] - [11, 18], []
[2025-01-29 13:11:03,393][__main__][INFO] - [11, 19], []
[2025-01-29 13:11:03,451][__main__][INFO] - [11, 20], []
[2025-01-29 13:11:04,251][__main__][INFO] - [11, 21], []
[2025-01-29 13:11:05,825][__main__][INFO] - [11, 22], []
[2025-01-29 13:11:06,662][__main__][INFO] - [11, 23], []
[2025-01-29 13:11:07,101][__main__][INFO] - [11, 24], []
[2025-01-29 13:11:07,206][__main__][INFO] - [11], [25]
[2025-01-29 13:11:10,468][__main__][INFO] - [11, 26], []
[2025-01-29 13:11:10,609][__main__][INFO] - [11], [26]
[2025-01-29 13:11:13,665][__main__][INFO] - [11, 27], []
[2025-01-29 13:11:13,772][__main__][INFO] - [11], [27]
[2025-01-29 13:11:16,899][__main__][INFO] - [11, 28], []
[2025-01-29 13:11:19,708][__main__][INFO] - [11, 29], []
[2025-01-29 13:11:19,888][__main__][INFO] - [11, 30], []
[2025-01-29 13:11:19,932][__main__][INFO] - [11, 31], []
[2025-01-29 13:11:21,407][__main__][INFO] - [11], [31]
[2025-01-29 13:11:22,891][__main__][INFO] - [11, 32], []
[2025-01-29 13:11:23,153][__main__][INFO] - [11, 33], []
[2025-01-29 13:11:25,126][__main__][INFO] - [11, 34], []
[2025-01-29 13:11:25,299][__main__][INFO] - [11, 35], []
[2025-01-29 13:11:25,512][__main__][INFO] - [11, 36], []
[2025-01-29 13:11:25,680][__main__][INFO] - [11, 37], []
[2025-01-29 13:11:25,739][__main__][INFO] - [11, 38], []
[2025-01-29 13:11:25,786][__main__][INFO] - [11, 39], []
[2025-01-29 13:11:25,833][__main__][INFO] - [11, 40], []
[2025-01-29 13:11:25,904][__main__][INFO] - [12, 16], []
[2025-01-29 13:11:26,329][__main__][INFO] - [12, 17], []
[2025-01-29 13:11:26,404][__main__][INFO] - [12, 19], []
[2025-01-29 13:11:26,447][__main__][INFO] - [12, 20], []
[2025-01-29 13:11:26,507][__main__][INFO] - [12, 21], []
[2025-01-29 13:11:26,868][__main__][INFO] - [12, 22], []
[2025-01-29 13:11:26,922][__main__][INFO] - [12, 23], []
[2025-01-29 13:11:27,002][__main__][INFO] - [12, 24], []
[2025-01-29 13:11:27,044][__main__][INFO] - [12, 25], []
[2025-01-29 13:11:27,529][__main__][INFO] - [12, 26], []
[2025-01-29 13:11:27,579][__main__][INFO] - [12], [26]
[2025-01-29 13:11:28,015][__main__][INFO] - [12, 27], []
[2025-01-29 13:11:28,064][__main__][INFO] - [12], [27]
[2025-01-29 13:11:28,496][__main__][INFO] - [12, 28], []
[2025-01-29 13:11:28,925][__main__][INFO] - [12, 29], []
[2025-01-29 13:11:28,977][__main__][INFO] - [12, 30], []
[2025-01-29 13:11:29,019][__main__][INFO] - [12, 31], []
[2025-01-29 13:11:29,245][__main__][INFO] - [12], [31]
[2025-01-29 13:11:29,469][__main__][INFO] - [12, 32], []
[2025-01-29 13:11:29,587][__main__][INFO] - [12, 33], []
[2025-01-29 13:11:29,771][__main__][INFO] - [12, 34], []
[2025-01-29 13:11:29,819][__main__][INFO] - [12, 35], []
[2025-01-29 13:11:29,949][__main__][INFO] - [12, 36], []
[2025-01-29 13:11:29,994][__main__][INFO] - [12, 37], []
[2025-01-29 13:11:30,037][__main__][INFO] - [12, 38], []
[2025-01-29 13:11:30,080][__main__][INFO] - [12, 39], []
[2025-01-29 13:11:30,182][__main__][INFO] - [13, 16], []
[2025-01-29 13:11:30,764][__main__][INFO] - [13, 17], []
[2025-01-29 13:11:30,819][__main__][INFO] - [13, 18], []
[2025-01-29 13:11:30,861][__main__][INFO] - [13, 19], []
[2025-01-29 13:11:30,905][__main__][INFO] - [13, 20], []
[2025-01-29 13:11:30,954][__main__][INFO] - [13, 21], []
[2025-01-29 13:11:31,432][__main__][INFO] - [13, 22], []
[2025-01-29 13:11:31,499][__main__][INFO] - [13, 23], []
[2025-01-29 13:11:31,597][__main__][INFO] - [13, 24], []
[2025-01-29 13:11:31,641][__main__][INFO] - [13, 25], []
[2025-01-29 13:11:32,312][__main__][INFO] - [13, 26], []
[2025-01-29 13:11:32,375][__main__][INFO] - [13], [26]
[2025-01-29 13:11:32,970][__main__][INFO] - [13, 27], []
[2025-01-29 13:11:33,026][__main__][INFO] - [13], [27]
[2025-01-29 13:11:33,625][__main__][INFO] - [13, 28], []
[2025-01-29 13:11:34,201][__main__][INFO] - [13, 29], []
[2025-01-29 13:11:34,267][__main__][INFO] - [13, 30], []
[2025-01-29 13:11:34,309][__main__][INFO] - [13, 31], []
[2025-01-29 13:11:34,624][__main__][INFO] - [13], [31]
[2025-01-29 13:11:34,901][__main__][INFO] - [13, 32], []
[2025-01-29 13:11:34,996][__main__][INFO] - [13, 33], []
[2025-01-29 13:11:35,207][__main__][INFO] - [13, 34], []
[2025-01-29 13:11:35,258][__main__][INFO] - [13, 35], []
[2025-01-29 13:11:35,513][__main__][INFO] - [13, 36], []
[2025-01-29 13:11:35,561][__main__][INFO] - [13, 37], []
[2025-01-29 13:11:35,604][__main__][INFO] - [13, 38], []
[2025-01-29 13:11:35,647][__main__][INFO] - [13, 39], []
[2025-01-29 13:11:35,749][__main__][INFO] - [14, 16], []
[2025-01-29 13:11:35,819][__main__][INFO] - [14, 17], []
[2025-01-29 13:11:35,864][__main__][INFO] - [14, 18], []
[2025-01-29 13:11:35,906][__main__][INFO] - [14, 19], []
[2025-01-29 13:11:35,948][__main__][INFO] - [14, 20], []
[2025-01-29 13:11:35,999][__main__][INFO] - [14, 21], []
[2025-01-29 13:11:36,056][__main__][INFO] - [14, 22], []
[2025-01-29 13:11:36,106][__main__][INFO] - [14, 23], []
[2025-01-29 13:11:36,159][__main__][INFO] - [14, 24], []
[2025-01-29 13:11:36,232][__main__][INFO] - [14], [25]
[2025-01-29 13:11:36,318][__main__][INFO] - [14, 26], []
[2025-01-29 13:11:36,362][__main__][INFO] - [14], [26]
[2025-01-29 13:11:36,446][__main__][INFO] - [14, 27], []
[2025-01-29 13:11:36,489][__main__][INFO] - [14], [27]
[2025-01-29 13:11:36,573][__main__][INFO] - [14, 28], []
[2025-01-29 13:11:36,651][__main__][INFO] - [14, 29], []
[2025-01-29 13:11:36,695][__main__][INFO] - [14, 30], []
[2025-01-29 13:11:36,737][__main__][INFO] - [14, 31], []
[2025-01-29 13:11:36,796][__main__][INFO] - [14], [31]
[2025-01-29 13:11:36,858][__main__][INFO] - [14, 32], []
[2025-01-29 13:11:36,903][__main__][INFO] - [14, 33], []
[2025-01-29 13:11:36,962][__main__][INFO] - [14, 34], []
[2025-01-29 13:11:37,007][__main__][INFO] - [14, 35], []
[2025-01-29 13:11:37,056][__main__][INFO] - [14, 36], []
[2025-01-29 13:11:37,099][__main__][INFO] - [14, 37], []
[2025-01-29 13:11:37,141][__main__][INFO] - [14, 38], []
[2025-01-29 13:11:37,273][__main__][INFO] - [15, 16], []
[2025-01-29 13:11:37,321][__main__][INFO] - [15, 17], []
[2025-01-29 13:11:37,425][__main__][INFO] - [15, 20], []
[2025-01-29 13:11:37,466][__main__][INFO] - [15, 21], []
[2025-01-29 13:11:37,513][__main__][INFO] - [15, 22], []
[2025-01-29 13:11:37,556][__main__][INFO] - [15, 23], []
[2025-01-29 13:11:37,600][__main__][INFO] - [15, 24], []
[2025-01-29 13:11:37,672][__main__][INFO] - [15], [25]
[2025-01-29 13:11:37,722][__main__][INFO] - [15, 26], []
[2025-01-29 13:11:37,764][__main__][INFO] - [15], [26]
[2025-01-29 13:11:37,813][__main__][INFO] - [15, 27], []
[2025-01-29 13:11:37,856][__main__][INFO] - [15], [27]
[2025-01-29 13:11:37,905][__main__][INFO] - [15, 28], []
[2025-01-29 13:11:37,954][__main__][INFO] - [15, 29], []
[2025-01-29 13:11:38,027][__main__][INFO] - [15, 31], []
[2025-01-29 13:11:38,072][__main__][INFO] - [15], [31]
[2025-01-29 13:11:38,117][__main__][INFO] - [15, 32], []
[2025-01-29 13:11:38,160][__main__][INFO] - [15, 33], []
[2025-01-29 13:11:38,205][__main__][INFO] - [15, 34], []
[2025-01-29 13:11:38,248][__main__][INFO] - [15, 35], []
[2025-01-29 13:11:38,291][__main__][INFO] - [15, 36], []
[2025-01-29 13:11:38,364][__main__][INFO] - [15, 38], []
[2025-01-29 13:11:38,496][__main__][INFO] - [16, 21], []
[2025-01-29 13:11:40,461][__main__][INFO] - [16, 22], []
[2025-01-29 13:11:41,107][__main__][INFO] - [16, 23], []
[2025-01-29 13:11:41,529][__main__][INFO] - [16, 24], []
[2025-01-29 13:11:41,598][__main__][INFO] - [16, 25], []
[2025-01-29 13:11:42,645][__main__][INFO] - [16], [25]
[2025-01-29 13:11:44,885][__main__][INFO] - [16, 26], []
[2025-01-29 13:11:45,036][__main__][INFO] - [16], [26]
[2025-01-29 13:11:48,366][__main__][INFO] - [16, 27], []
[2025-01-29 13:11:48,496][__main__][INFO] - [16], [27]
[2025-01-29 13:11:51,845][__main__][INFO] - [16, 28], []
[2025-01-29 13:11:55,083][__main__][INFO] - [16, 29], []
[2025-01-29 13:11:55,313][__main__][INFO] - [16, 31], []
[2025-01-29 13:11:57,003][__main__][INFO] - [16], [31]
[2025-01-29 13:11:58,439][__main__][INFO] - [16, 32], []
[2025-01-29 13:11:58,753][__main__][INFO] - [16, 33], []
[2025-01-29 13:12:00,517][__main__][INFO] - [16, 34], []
[2025-01-29 13:12:00,645][__main__][INFO] - [16, 35], []
[2025-01-29 13:12:01,107][__main__][INFO] - [16, 36], []
[2025-01-29 13:12:01,250][__main__][INFO] - [16, 37], []
[2025-01-29 13:12:01,306][__main__][INFO] - [16, 38], []
[2025-01-29 13:12:01,355][__main__][INFO] - [16, 39], []
[2025-01-29 13:12:01,402][__main__][INFO] - [16, 40], []
[2025-01-29 13:12:01,473][__main__][INFO] - [17, 21], []
[2025-01-29 13:12:01,593][__main__][INFO] - [17, 22], []
[2025-01-29 13:12:01,672][__main__][INFO] - [17, 23], []
[2025-01-29 13:12:01,733][__main__][INFO] - [17, 24], []
[2025-01-29 13:12:01,777][__main__][INFO] - [17, 25], []
[2025-01-29 13:12:01,835][__main__][INFO] - [17], [25]
[2025-01-29 13:12:02,038][__main__][INFO] - [17, 26], []
[2025-01-29 13:12:02,126][__main__][INFO] - [17], [26]
[2025-01-29 13:12:02,305][__main__][INFO] - [17, 27], []
[2025-01-29 13:12:02,354][__main__][INFO] - [17], [27]
[2025-01-29 13:12:02,567][__main__][INFO] - [17, 28], []
[2025-01-29 13:12:02,759][__main__][INFO] - [17, 29], []
[2025-01-29 13:12:02,843][__main__][INFO] - [17, 31], []
[2025-01-29 13:12:02,897][__main__][INFO] - [17], [31]
[2025-01-29 13:12:03,086][__main__][INFO] - [17, 32], []
[2025-01-29 13:12:03,132][__main__][INFO] - [17, 33], []
[2025-01-29 13:12:03,278][__main__][INFO] - [17, 34], []
[2025-01-29 13:12:03,325][__main__][INFO] - [17, 35], []
[2025-01-29 13:12:03,375][__main__][INFO] - [17, 36], []
[2025-01-29 13:12:03,425][__main__][INFO] - [17, 37], []
[2025-01-29 13:12:03,469][__main__][INFO] - [17, 38], []
[2025-01-29 13:12:03,512][__main__][INFO] - [17, 39], []
[2025-01-29 13:12:03,614][__main__][INFO] - [18, 21], []
[2025-01-29 13:12:03,656][__main__][INFO] - [18, 22], []
[2025-01-29 13:12:03,698][__main__][INFO] - [18, 23], []
[2025-01-29 13:12:03,739][__main__][INFO] - [18, 24], []
[2025-01-29 13:12:03,781][__main__][INFO] - [18, 25], []
[2025-01-29 13:12:03,822][__main__][INFO] - [18], [25]
[2025-01-29 13:12:03,863][__main__][INFO] - [18, 26], []
[2025-01-29 13:12:03,905][__main__][INFO] - [18], [26]
[2025-01-29 13:12:03,977][__main__][INFO] - [18], [27]
[2025-01-29 13:12:04,019][__main__][INFO] - [18, 28], []
[2025-01-29 13:12:04,061][__main__][INFO] - [18, 29], []
[2025-01-29 13:12:04,133][__main__][INFO] - [18, 31], []
[2025-01-29 13:12:04,175][__main__][INFO] - [18], [31]
[2025-01-29 13:12:04,217][__main__][INFO] - [18, 32], []
[2025-01-29 13:12:04,259][__main__][INFO] - [18, 33], []
[2025-01-29 13:12:04,300][__main__][INFO] - [18, 34], []
[2025-01-29 13:12:04,341][__main__][INFO] - [18, 35], []
[2025-01-29 13:12:04,383][__main__][INFO] - [18, 36], []
[2025-01-29 13:12:04,425][__main__][INFO] - [18, 37], []
[2025-01-29 13:12:04,586][__main__][INFO] - [19, 21], []
[2025-01-29 13:12:04,638][__main__][INFO] - [19, 22], []
[2025-01-29 13:12:04,685][__main__][INFO] - [19, 23], []
[2025-01-29 13:12:04,730][__main__][INFO] - [19, 24], []
[2025-01-29 13:12:04,773][__main__][INFO] - [19, 25], []
[2025-01-29 13:12:04,817][__main__][INFO] - [19], [25]
[2025-01-29 13:12:04,876][__main__][INFO] - [19, 26], []
[2025-01-29 13:12:04,921][__main__][INFO] - [19], [26]
[2025-01-29 13:12:04,981][__main__][INFO] - [19, 27], []
[2025-01-29 13:12:05,024][__main__][INFO] - [19], [27]
[2025-01-29 13:12:05,086][__main__][INFO] - [19, 28], []
[2025-01-29 13:12:05,148][__main__][INFO] - [19, 29], []
[2025-01-29 13:12:05,222][__main__][INFO] - [19, 31], []
[2025-01-29 13:12:05,267][__main__][INFO] - [19], [31]
[2025-01-29 13:12:05,326][__main__][INFO] - [19, 32], []
[2025-01-29 13:12:05,369][__main__][INFO] - [19, 33], []
[2025-01-29 13:12:05,424][__main__][INFO] - [19, 34], []
[2025-01-29 13:12:05,467][__main__][INFO] - [19, 35], []
[2025-01-29 13:12:05,511][__main__][INFO] - [19, 36], []
[2025-01-29 13:12:05,554][__main__][INFO] - [19, 37], []
[2025-01-29 13:12:05,597][__main__][INFO] - [19, 38], []
[2025-01-29 13:12:05,729][__main__][INFO] - [20, 21], []
[2025-01-29 13:12:06,196][__main__][INFO] - [20, 22], []
[2025-01-29 13:12:06,432][__main__][INFO] - [20, 23], []
[2025-01-29 13:12:06,605][__main__][INFO] - [20, 24], []
[2025-01-29 13:12:06,653][__main__][INFO] - [20, 25], []
[2025-01-29 13:12:06,722][__main__][INFO] - [20], [25]
[2025-01-29 13:12:07,539][__main__][INFO] - [20, 26], []
[2025-01-29 13:12:07,580][__main__][INFO] - [20], [26]
[2025-01-29 13:12:08,418][__main__][INFO] - [20, 27], []
[2025-01-29 13:12:08,464][__main__][INFO] - [20], [27]
[2025-01-29 13:12:09,310][__main__][INFO] - [20, 28], []
[2025-01-29 13:12:09,907][__main__][INFO] - [20, 29], []
[2025-01-29 13:12:09,963][__main__][INFO] - [20, 30], []
[2025-01-29 13:12:10,007][__main__][INFO] - [20, 31], []
[2025-01-29 13:12:10,410][__main__][INFO] - [20], [31]
[2025-01-29 13:12:10,836][__main__][INFO] - [20, 32], []
[2025-01-29 13:12:10,970][__main__][INFO] - [20, 33], []
[2025-01-29 13:12:11,434][__main__][INFO] - [20, 34], []
[2025-01-29 13:12:11,538][__main__][INFO] - [20, 35], []
[2025-01-29 13:12:11,660][__main__][INFO] - [20, 36], []
[2025-01-29 13:12:11,725][__main__][INFO] - [20, 37], []
[2025-01-29 13:12:11,771][__main__][INFO] - [20, 38], []
[2025-01-29 13:12:11,815][__main__][INFO] - [20, 39], []
[2025-01-29 13:12:11,914][__main__][INFO] - [21, 25], []
[2025-01-29 13:12:12,761][__main__][INFO] - [21], [25]
[2025-01-29 13:12:14,405][__main__][INFO] - [21, 26], []
[2025-01-29 13:12:14,522][__main__][INFO] - [21], [26]
[2025-01-29 13:12:16,988][__main__][INFO] - [21, 27], []
[2025-01-29 13:12:17,081][__main__][INFO] - [21], [27]
[2025-01-29 13:12:19,585][__main__][INFO] - [21, 28], []
[2025-01-29 13:12:21,903][__main__][INFO] - [21, 29], []
[2025-01-29 13:12:22,045][__main__][INFO] - [21, 30], []
[2025-01-29 13:12:22,087][__main__][INFO] - [21, 31], []
[2025-01-29 13:12:23,291][__main__][INFO] - [21], [31]
[2025-01-29 13:12:24,462][__main__][INFO] - [21, 32], []
[2025-01-29 13:12:24,788][__main__][INFO] - [21, 33], []
[2025-01-29 13:12:26,039][__main__][INFO] - [21, 34], []
[2025-01-29 13:12:26,110][__main__][INFO] - [21, 35], []
[2025-01-29 13:12:26,555][__main__][INFO] - [21, 36], []
[2025-01-29 13:12:26,696][__main__][INFO] - [21, 37], []
[2025-01-29 13:12:26,750][__main__][INFO] - [21, 38], []
[2025-01-29 13:12:26,797][__main__][INFO] - [21, 39], []
[2025-01-29 13:12:26,843][__main__][INFO] - [21, 40], []
[2025-01-29 13:12:26,915][__main__][INFO] - [22, 25], []
[2025-01-29 13:12:26,997][__main__][INFO] - [22], [25]
[2025-01-29 13:12:27,841][__main__][INFO] - [22, 26], []
[2025-01-29 13:12:27,909][__main__][INFO] - [22], [26]
[2025-01-29 13:12:28,795][__main__][INFO] - [22, 27], []
[2025-01-29 13:12:28,852][__main__][INFO] - [22], [27]
[2025-01-29 13:12:29,744][__main__][INFO] - [22, 28], []
[2025-01-29 13:12:30,547][__main__][INFO] - [22, 29], []
[2025-01-29 13:12:30,621][__main__][INFO] - [22, 30], []
[2025-01-29 13:12:30,663][__main__][INFO] - [22, 31], []
[2025-01-29 13:12:31,110][__main__][INFO] - [22], [31]
[2025-01-29 13:12:31,535][__main__][INFO] - [22, 32], []
[2025-01-29 13:12:31,595][__main__][INFO] - [22, 33], []
[2025-01-29 13:12:32,239][__main__][INFO] - [22, 34], []
[2025-01-29 13:12:32,371][__main__][INFO] - [22, 35], []
[2025-01-29 13:12:32,445][__main__][INFO] - [22, 36], []
[2025-01-29 13:12:32,498][__main__][INFO] - [22, 37], []
[2025-01-29 13:12:32,542][__main__][INFO] - [22, 38], []
[2025-01-29 13:12:32,586][__main__][INFO] - [22, 39], []
[2025-01-29 13:12:32,629][__main__][INFO] - [22, 40], []
[2025-01-29 13:12:32,700][__main__][INFO] - [23, 25], []
[2025-01-29 13:12:32,848][__main__][INFO] - [23], [25]
[2025-01-29 13:12:33,317][__main__][INFO] - [23, 26], []
[2025-01-29 13:12:33,376][__main__][INFO] - [23], [26]
[2025-01-29 13:12:33,952][__main__][INFO] - [23, 27], []
[2025-01-29 13:12:34,006][__main__][INFO] - [23], [27]
[2025-01-29 13:12:34,592][__main__][INFO] - [23, 28], []
[2025-01-29 13:12:35,115][__main__][INFO] - [23, 29], []
[2025-01-29 13:12:35,183][__main__][INFO] - [23, 30], []
[2025-01-29 13:12:35,225][__main__][INFO] - [23, 31], []
[2025-01-29 13:12:35,516][__main__][INFO] - [23], [31]
[2025-01-29 13:12:35,810][__main__][INFO] - [23, 32], []
[2025-01-29 13:12:35,897][__main__][INFO] - [23, 33], []
[2025-01-29 13:12:36,232][__main__][INFO] - [23, 34], []
[2025-01-29 13:12:36,293][__main__][INFO] - [23, 35], []
[2025-01-29 13:12:36,388][__main__][INFO] - [23, 36], []
[2025-01-29 13:12:36,447][__main__][INFO] - [23, 37], []
[2025-01-29 13:12:36,492][__main__][INFO] - [23, 38], []
[2025-01-29 13:12:36,535][__main__][INFO] - [23, 39], []
[2025-01-29 13:12:36,637][__main__][INFO] - [24, 25], []
[2025-01-29 13:12:36,682][__main__][INFO] - [24], [25]
[2025-01-29 13:12:36,758][__main__][INFO] - [24, 26], []
[2025-01-29 13:12:36,802][__main__][INFO] - [24], [26]
[2025-01-29 13:12:36,879][__main__][INFO] - [24, 27], []
[2025-01-29 13:12:36,923][__main__][INFO] - [24], [27]
[2025-01-29 13:12:37,000][__main__][INFO] - [24, 28], []
[2025-01-29 13:12:37,074][__main__][INFO] - [24, 29], []
[2025-01-29 13:12:37,118][__main__][INFO] - [24, 30], []
[2025-01-29 13:12:37,160][__main__][INFO] - [24, 31], []
[2025-01-29 13:12:37,218][__main__][INFO] - [24], [31]
[2025-01-29 13:12:37,276][__main__][INFO] - [24, 32], []
[2025-01-29 13:12:37,321][__main__][INFO] - [24, 33], []
[2025-01-29 13:12:37,387][__main__][INFO] - [24, 34], []
[2025-01-29 13:12:37,431][__main__][INFO] - [24, 35], []
[2025-01-29 13:12:37,475][__main__][INFO] - [24, 36], []
[2025-01-29 13:12:37,518][__main__][INFO] - [24, 37], []
[2025-01-29 13:12:37,561][__main__][INFO] - [24, 38], []
[2025-01-29 13:12:37,692][__main__][INFO] - [25, 26], []
[2025-01-29 13:12:37,767][__main__][INFO] - [25], [26]
[2025-01-29 13:12:38,841][__main__][INFO] - [25, 27], []
[2025-01-29 13:12:38,908][__main__][INFO] - [25], [27]
[2025-01-29 13:12:40,003][__main__][INFO] - [25, 28], []
[2025-01-29 13:12:41,051][__main__][INFO] - [25, 29], []
[2025-01-29 13:12:41,131][__main__][INFO] - [25, 30], []
[2025-01-29 13:12:41,172][__main__][INFO] - [25, 31], []
[2025-01-29 13:12:41,715][__main__][INFO] - [25], [31]
[2025-01-29 13:12:42,221][__main__][INFO] - [25, 32], []
[2025-01-29 13:12:42,401][__main__][INFO] - [25, 33], []
[2025-01-29 13:12:42,776][__main__][INFO] - [25, 34], []
[2025-01-29 13:12:42,834][__main__][INFO] - [25, 35], []
[2025-01-29 13:12:43,194][__main__][INFO] - [25, 36], []
[2025-01-29 13:12:43,245][__main__][INFO] - [25, 37], []
[2025-01-29 13:12:43,290][__main__][INFO] - [25, 38], []
[2025-01-29 13:12:43,335][__main__][INFO] - [25, 39], []
[2025-01-29 13:12:43,437][__main__][INFO] - [26], [25]
[2025-01-29 13:12:43,583][__main__][INFO] - [], [25, 26]
[2025-01-29 13:12:46,833][__main__][INFO] - [27], [25]
[2025-01-29 13:12:46,944][__main__][INFO] - [], [25, 27]
[2025-01-29 13:12:50,304][__main__][INFO] - [28], [25]
[2025-01-29 13:12:53,258][__main__][INFO] - [29], [25]
[2025-01-29 13:12:53,447][__main__][INFO] - [30], [25]
[2025-01-29 13:12:53,491][__main__][INFO] - [31], [25]
[2025-01-29 13:12:55,008][__main__][INFO] - [], [25, 31]
[2025-01-29 13:12:56,569][__main__][INFO] - [32], [25]
[2025-01-29 13:12:56,838][__main__][INFO] - [33], [25]
[2025-01-29 13:12:58,869][__main__][INFO] - [34], [25]
[2025-01-29 13:12:59,053][__main__][INFO] - [35], [25]
[2025-01-29 13:12:59,284][__main__][INFO] - [36], [25]
[2025-01-29 13:12:59,458][__main__][INFO] - [37], [25]
[2025-01-29 13:12:59,517][__main__][INFO] - [38], [25]
[2025-01-29 13:12:59,565][__main__][INFO] - [39], [25]
[2025-01-29 13:12:59,612][__main__][INFO] - [40], [25]
[2025-01-29 13:12:59,684][__main__][INFO] - [26, 27], []
[2025-01-29 13:12:59,752][__main__][INFO] - [26], [27]
[2025-01-29 13:12:59,903][__main__][INFO] - [26, 28], []
[2025-01-29 13:13:00,042][__main__][INFO] - [26, 29], []
[2025-01-29 13:13:00,119][__main__][INFO] - [26, 30], []
[2025-01-29 13:13:00,161][__main__][INFO] - [26, 31], []
[2025-01-29 13:13:00,258][__main__][INFO] - [26], [31]
[2025-01-29 13:13:00,376][__main__][INFO] - [26, 32], []
[2025-01-29 13:13:00,426][__main__][INFO] - [26, 33], []
[2025-01-29 13:13:00,549][__main__][INFO] - [26, 34], []
[2025-01-29 13:13:00,595][__main__][INFO] - [26, 35], []
[2025-01-29 13:13:00,649][__main__][INFO] - [26, 36], []
[2025-01-29 13:13:00,695][__main__][INFO] - [26, 37], []
[2025-01-29 13:13:00,739][__main__][INFO] - [26, 38], []
[2025-01-29 13:13:00,781][__main__][INFO] - [26, 39], []
[2025-01-29 13:13:00,882][__main__][INFO] - [27], [26]
[2025-01-29 13:13:00,989][__main__][INFO] - [], [26, 27]
[2025-01-29 13:13:05,594][__main__][INFO] - [28], [26]
[2025-01-29 13:13:09,757][__main__][INFO] - [29], [26]
[2025-01-29 13:13:09,942][__main__][INFO] - [30], [26]
[2025-01-29 13:13:09,986][__main__][INFO] - [31], [26]
[2025-01-29 13:13:12,019][__main__][INFO] - [], [26, 31]
[2025-01-29 13:13:14,061][__main__][INFO] - [32], [26]
[2025-01-29 13:13:14,477][__main__][INFO] - [33], [26]
[2025-01-29 13:13:16,788][__main__][INFO] - [34], [26]
[2025-01-29 13:13:16,986][__main__][INFO] - [35], [26]
[2025-01-29 13:13:17,546][__main__][INFO] - [36], [26]
[2025-01-29 13:13:17,728][__main__][INFO] - [37], [26]
[2025-01-29 13:13:17,788][__main__][INFO] - [38], [26]
[2025-01-29 13:13:17,838][__main__][INFO] - [39], [26]
[2025-01-29 13:13:17,886][__main__][INFO] - [40], [26]
[2025-01-29 13:13:17,957][__main__][INFO] - [27, 28], []
[2025-01-29 13:13:18,060][__main__][INFO] - [27, 29], []
[2025-01-29 13:13:18,130][__main__][INFO] - [27, 30], []
[2025-01-29 13:13:18,171][__main__][INFO] - [27, 31], []
[2025-01-29 13:13:18,257][__main__][INFO] - [27], [31]
[2025-01-29 13:13:18,342][__main__][INFO] - [27, 32], []
[2025-01-29 13:13:18,391][__main__][INFO] - [27, 33], []
[2025-01-29 13:13:18,478][__main__][INFO] - [27, 34], []
[2025-01-29 13:13:18,523][__main__][INFO] - [27, 35], []
[2025-01-29 13:13:18,574][__main__][INFO] - [27, 36], []
[2025-01-29 13:13:18,620][__main__][INFO] - [27, 37], []
[2025-01-29 13:13:18,663][__main__][INFO] - [27, 38], []
[2025-01-29 13:13:18,706][__main__][INFO] - [27, 39], []
[2025-01-29 13:13:18,807][__main__][INFO] - [28], [27]
[2025-01-29 13:13:23,022][__main__][INFO] - [29], [27]
[2025-01-29 13:13:23,215][__main__][INFO] - [30], [27]
[2025-01-29 13:13:23,258][__main__][INFO] - [31], [27]
[2025-01-29 13:13:25,276][__main__][INFO] - [], [27, 31]
[2025-01-29 13:13:27,378][__main__][INFO] - [32], [27]
[2025-01-29 13:13:27,790][__main__][INFO] - [33], [27]
[2025-01-29 13:13:30,179][__main__][INFO] - [34], [27]
[2025-01-29 13:13:30,377][__main__][INFO] - [35], [27]
[2025-01-29 13:13:30,934][__main__][INFO] - [36], [27]
[2025-01-29 13:13:31,112][__main__][INFO] - [37], [27]
[2025-01-29 13:13:31,173][__main__][INFO] - [38], [27]
[2025-01-29 13:13:31,223][__main__][INFO] - [39], [27]
[2025-01-29 13:13:31,271][__main__][INFO] - [40], [27]
[2025-01-29 13:13:31,342][__main__][INFO] - [28, 31], []
[2025-01-29 13:13:33,223][__main__][INFO] - [28], [31]
[2025-01-29 13:13:35,148][__main__][INFO] - [28, 32], []
[2025-01-29 13:13:35,532][__main__][INFO] - [28, 33], []
[2025-01-29 13:13:37,721][__main__][INFO] - [28, 34], []
[2025-01-29 13:13:37,892][__main__][INFO] - [28, 35], []
[2025-01-29 13:13:38,407][__main__][INFO] - [28, 36], []
[2025-01-29 13:13:38,573][__main__][INFO] - [28, 37], []
[2025-01-29 13:13:38,631][__main__][INFO] - [28, 38], []
[2025-01-29 13:13:38,681][__main__][INFO] - [28, 39], []
[2025-01-29 13:13:38,728][__main__][INFO] - [28, 40], []
[2025-01-29 13:13:38,799][__main__][INFO] - [29, 31], []
[2025-01-29 13:13:38,921][__main__][INFO] - [29], [31]
[2025-01-29 13:13:39,049][__main__][INFO] - [29, 32], []
[2025-01-29 13:13:39,104][__main__][INFO] - [29, 33], []
[2025-01-29 13:13:39,238][__main__][INFO] - [29, 34], []
[2025-01-29 13:13:39,287][__main__][INFO] - [29, 35], []
[2025-01-29 13:13:39,344][__main__][INFO] - [29, 36], []
[2025-01-29 13:13:39,397][__main__][INFO] - [29, 37], []
[2025-01-29 13:13:39,440][__main__][INFO] - [29, 38], []
[2025-01-29 13:13:39,483][__main__][INFO] - [29, 39], []
[2025-01-29 13:13:39,584][__main__][INFO] - [30, 31], []
[2025-01-29 13:13:39,626][__main__][INFO] - [30], [31]
[2025-01-29 13:13:39,668][__main__][INFO] - [30, 32], []
[2025-01-29 13:13:39,709][__main__][INFO] - [30, 33], []
[2025-01-29 13:13:39,752][__main__][INFO] - [30, 34], []
[2025-01-29 13:13:39,793][__main__][INFO] - [30, 35], []
[2025-01-29 13:13:39,835][__main__][INFO] - [30, 36], []
[2025-01-29 13:13:39,876][__main__][INFO] - [30, 37], []
[2025-01-29 13:13:39,917][__main__][INFO] - [30, 38], []
[2025-01-29 13:13:39,958][__main__][INFO] - [30, 39], []
[2025-01-29 13:13:40,058][__main__][INFO] - [31, 32], []
[2025-01-29 13:13:40,263][__main__][INFO] - [31, 33], []
[2025-01-29 13:13:41,401][__main__][INFO] - [31, 34], []
[2025-01-29 13:13:41,512][__main__][INFO] - [31, 35], []
[2025-01-29 13:13:41,797][__main__][INFO] - [31, 36], []
[2025-01-29 13:13:41,899][__main__][INFO] - [31, 37], []
[2025-01-29 13:13:41,949][__main__][INFO] - [31, 38], []
[2025-01-29 13:13:41,994][__main__][INFO] - [31, 39], []
[2025-01-29 13:13:42,039][__main__][INFO] - [31, 40], []
[2025-01-29 13:13:42,110][__main__][INFO] - [32], [31]
[2025-01-29 13:13:42,325][__main__][INFO] - [33], [31]
[2025-01-29 13:13:43,454][__main__][INFO] - [34], [31]
[2025-01-29 13:13:43,567][__main__][INFO] - [35], [31]
[2025-01-29 13:13:43,827][__main__][INFO] - [36], [31]
[2025-01-29 13:13:43,933][__main__][INFO] - [37], [31]
[2025-01-29 13:13:43,983][__main__][INFO] - [38], [31]
[2025-01-29 13:13:44,029][__main__][INFO] - [39], [31]
[2025-01-29 13:13:44,074][__main__][INFO] - [40], [31]
[2025-01-29 13:13:44,203][__main__][INFO] - [0, 10, 11], []
[2025-01-29 13:13:44,250][__main__][INFO] - [0, 10, 12], []
[2025-01-29 13:13:44,328][__main__][INFO] - [0, 10, 14], []
[2025-01-29 13:13:44,531][__main__][INFO] - [0, 10, 20], []
[2025-01-29 13:13:44,579][__main__][INFO] - [0, 10, 21], []
[2025-01-29 13:13:44,626][__main__][INFO] - [0, 10, 22], []
[2025-01-29 13:13:44,673][__main__][INFO] - [0, 10, 23], []
[2025-01-29 13:13:44,721][__main__][INFO] - [0, 10, 24], []
[2025-01-29 13:13:44,768][__main__][INFO] - [0, 10, 25], []
[2025-01-29 13:13:44,816][__main__][INFO] - [0, 10], [25]
[2025-01-29 13:13:44,863][__main__][INFO] - [0, 10, 26], []
[2025-01-29 13:13:44,911][__main__][INFO] - [0, 10], [26]
[2025-01-29 13:13:44,958][__main__][INFO] - [0, 10, 27], []
[2025-01-29 13:13:45,006][__main__][INFO] - [0, 10], [27]
[2025-01-29 13:13:45,053][__main__][INFO] - [0, 10, 28], []
[2025-01-29 13:13:45,101][__main__][INFO] - [0, 10, 29], []
[2025-01-29 13:13:45,148][__main__][INFO] - [0, 10, 30], []
[2025-01-29 13:13:45,196][__main__][INFO] - [0, 10, 31], []
[2025-01-29 13:13:45,243][__main__][INFO] - [0, 10], [31]
[2025-01-29 13:13:45,291][__main__][INFO] - [0, 10, 32], []
[2025-01-29 13:13:45,338][__main__][INFO] - [0, 10, 33], []
[2025-01-29 13:13:45,386][__main__][INFO] - [0, 10, 34], []
[2025-01-29 13:13:45,433][__main__][INFO] - [0, 10, 35], []
[2025-01-29 13:13:45,481][__main__][INFO] - [0, 10, 36], []
[2025-01-29 13:13:45,528][__main__][INFO] - [0, 10, 37], []
[2025-01-29 13:13:45,699][__main__][INFO] - [0, 11], [10]
[2025-01-29 13:13:45,749][__main__][INFO] - [0, 12], [10]
[2025-01-29 13:13:45,797][__main__][INFO] - [0, 13], [10]
[2025-01-29 13:13:45,844][__main__][INFO] - [0, 14], [10]
[2025-01-29 13:13:45,892][__main__][INFO] - [0, 15], [10]
[2025-01-29 13:13:46,063][__main__][INFO] - [0, 20], [10]
[2025-01-29 13:13:46,115][__main__][INFO] - [0, 21], [10]
[2025-01-29 13:13:46,164][__main__][INFO] - [0, 22], [10]
[2025-01-29 13:13:46,213][__main__][INFO] - [0, 23], [10]
[2025-01-29 13:13:46,262][__main__][INFO] - [0, 24], [10]
[2025-01-29 13:13:46,309][__main__][INFO] - [0, 25], [10]
[2025-01-29 13:13:46,357][__main__][INFO] - [0], [10, 25]
[2025-01-29 13:13:46,439][__main__][INFO] - [0], [10, 26]
[2025-01-29 13:13:46,521][__main__][INFO] - [0], [10, 27]
[2025-01-29 13:13:46,572][__main__][INFO] - [0, 28], [10]
[2025-01-29 13:13:46,653][__main__][INFO] - [0, 30], [10]
[2025-01-29 13:13:46,702][__main__][INFO] - [0, 31], [10]
[2025-01-29 13:13:46,752][__main__][INFO] - [0], [10, 31]
[2025-01-29 13:13:46,801][__main__][INFO] - [0, 32], [10]
[2025-01-29 13:13:46,849][__main__][INFO] - [0, 33], [10]
[2025-01-29 13:13:46,899][__main__][INFO] - [0, 34], [10]
[2025-01-29 13:13:46,947][__main__][INFO] - [0, 35], [10]
[2025-01-29 13:13:46,995][__main__][INFO] - [0, 36], [10]
[2025-01-29 13:13:47,043][__main__][INFO] - [0, 37], [10]
[2025-01-29 13:13:47,090][__main__][INFO] - [0, 38], [10]
[2025-01-29 13:13:47,138][__main__][INFO] - [0, 39], [10]
[2025-01-29 13:13:47,371][__main__][INFO] - [0, 11, 20], []
[2025-01-29 13:13:47,425][__main__][INFO] - [0, 11, 21], []
[2025-01-29 13:13:47,474][__main__][INFO] - [0, 11, 22], []
[2025-01-29 13:13:47,522][__main__][INFO] - [0, 11, 23], []
[2025-01-29 13:13:47,571][__main__][INFO] - [0, 11, 24], []
[2025-01-29 13:13:47,649][__main__][INFO] - [0, 11], [25]
[2025-01-29 13:13:47,700][__main__][INFO] - [0, 11, 26], []
[2025-01-29 13:13:47,748][__main__][INFO] - [0, 11], [26]
[2025-01-29 13:13:47,799][__main__][INFO] - [0, 11, 27], []
[2025-01-29 13:13:47,846][__main__][INFO] - [0, 11], [27]
[2025-01-29 13:13:47,897][__main__][INFO] - [0, 11, 28], []
[2025-01-29 13:13:47,946][__main__][INFO] - [0, 11, 29], []
[2025-01-29 13:13:47,994][__main__][INFO] - [0, 11, 30], []
[2025-01-29 13:13:48,043][__main__][INFO] - [0, 11, 31], []
[2025-01-29 13:13:48,092][__main__][INFO] - [0, 11], [31]
[2025-01-29 13:13:48,142][__main__][INFO] - [0, 11, 32], []
[2025-01-29 13:13:48,190][__main__][INFO] - [0, 11, 33], []
[2025-01-29 13:13:48,239][__main__][INFO] - [0, 11, 34], []
[2025-01-29 13:13:48,287][__main__][INFO] - [0, 11, 35], []
[2025-01-29 13:13:48,335][__main__][INFO] - [0, 11, 36], []
[2025-01-29 13:13:48,382][__main__][INFO] - [0, 11, 37], []
[2025-01-29 13:13:48,430][__main__][INFO] - [0, 11, 38], []
[2025-01-29 13:13:48,477][__main__][INFO] - [0, 11, 39], []
[2025-01-29 13:13:48,710][__main__][INFO] - [0, 12, 20], []
[2025-01-29 13:13:48,758][__main__][INFO] - [0, 12, 21], []
[2025-01-29 13:13:48,805][__main__][INFO] - [0, 12, 22], []
[2025-01-29 13:13:48,853][__main__][INFO] - [0, 12, 23], []
[2025-01-29 13:13:48,931][__main__][INFO] - [0, 12, 25], []
[2025-01-29 13:13:49,041][__main__][INFO] - [0, 12], [26]
[2025-01-29 13:13:49,119][__main__][INFO] - [0, 12], [27]
[2025-01-29 13:13:49,167][__main__][INFO] - [0, 12, 28], []
[2025-01-29 13:13:49,215][__main__][INFO] - [0, 12, 29], []
[2025-01-29 13:13:49,262][__main__][INFO] - [0, 12, 30], []
[2025-01-29 13:13:49,309][__main__][INFO] - [0, 12, 31], []
[2025-01-29 13:13:49,357][__main__][INFO] - [0, 12], [31]
[2025-01-29 13:13:49,404][__main__][INFO] - [0, 12, 32], []
[2025-01-29 13:13:49,452][__main__][INFO] - [0, 12, 33], []
[2025-01-29 13:13:49,499][__main__][INFO] - [0, 12, 34], []
[2025-01-29 13:13:49,546][__main__][INFO] - [0, 12, 35], []
[2025-01-29 13:13:49,594][__main__][INFO] - [0, 12, 36], []
[2025-01-29 13:13:49,919][__main__][INFO] - [0, 13, 20], []
[2025-01-29 13:13:49,967][__main__][INFO] - [0, 13, 21], []
[2025-01-29 13:13:50,046][__main__][INFO] - [0, 13, 23], []
[2025-01-29 13:13:50,124][__main__][INFO] - [0, 13, 25], []
[2025-01-29 13:13:50,233][__main__][INFO] - [0, 13], [26]
[2025-01-29 13:13:50,312][__main__][INFO] - [0, 13], [27]
[2025-01-29 13:13:50,360][__main__][INFO] - [0, 13, 28], []
[2025-01-29 13:13:50,438][__main__][INFO] - [0, 13, 30], []
[2025-01-29 13:13:50,485][__main__][INFO] - [0, 13, 31], []
[2025-01-29 13:13:50,533][__main__][INFO] - [0, 13], [31]
[2025-01-29 13:13:50,580][__main__][INFO] - [0, 13, 32], []
[2025-01-29 13:13:50,628][__main__][INFO] - [0, 13, 33], []
[2025-01-29 13:13:50,675][__main__][INFO] - [0, 13, 34], []
[2025-01-29 13:13:50,723][__main__][INFO] - [0, 13, 35], []
[2025-01-29 13:13:50,770][__main__][INFO] - [0, 13, 36], []
[2025-01-29 13:13:51,096][__main__][INFO] - [0, 14, 20], []
[2025-01-29 13:13:51,144][__main__][INFO] - [0, 14, 21], []
[2025-01-29 13:13:51,191][__main__][INFO] - [0, 14, 22], []
[2025-01-29 13:13:51,238][__main__][INFO] - [0, 14, 23], []
[2025-01-29 13:13:51,348][__main__][INFO] - [0, 14], [25]
[2025-01-29 13:13:51,427][__main__][INFO] - [0, 14], [26]
[2025-01-29 13:13:51,505][__main__][INFO] - [0, 14], [27]
[2025-01-29 13:13:51,553][__main__][INFO] - [0, 14, 28], []
[2025-01-29 13:13:51,631][__main__][INFO] - [0, 14, 30], []
[2025-01-29 13:13:51,679][__main__][INFO] - [0, 14, 31], []
[2025-01-29 13:13:51,726][__main__][INFO] - [0, 14], [31]
[2025-01-29 13:13:51,774][__main__][INFO] - [0, 14, 32], []
[2025-01-29 13:13:51,821][__main__][INFO] - [0, 14, 33], []
[2025-01-29 13:13:51,869][__main__][INFO] - [0, 14, 34], []
[2025-01-29 13:13:51,916][__main__][INFO] - [0, 14, 35], []
[2025-01-29 13:13:51,964][__main__][INFO] - [0, 14, 36], []
[2025-01-29 13:13:52,290][__main__][INFO] - [0, 15, 20], []
[2025-01-29 13:13:52,492][__main__][INFO] - [0, 15], [25]
[2025-01-29 13:13:52,571][__main__][INFO] - [0, 15], [26]
[2025-01-29 13:13:52,649][__main__][INFO] - [0, 15], [27]
[2025-01-29 13:13:53,281][__main__][INFO] - [0, 20, 21], []
[2025-01-29 13:13:53,331][__main__][INFO] - [0, 20, 22], []
[2025-01-29 13:13:53,379][__main__][INFO] - [0, 20, 23], []
[2025-01-29 13:13:53,427][__main__][INFO] - [0, 20, 24], []
[2025-01-29 13:13:53,475][__main__][INFO] - [0, 20, 25], []
[2025-01-29 13:13:53,522][__main__][INFO] - [0, 20], [25]
[2025-01-29 13:13:53,573][__main__][INFO] - [0, 20, 26], []
[2025-01-29 13:13:53,621][__main__][INFO] - [0, 20], [26]
[2025-01-29 13:13:53,672][__main__][INFO] - [0, 20, 27], []
[2025-01-29 13:13:53,720][__main__][INFO] - [0, 20], [27]
[2025-01-29 13:13:53,771][__main__][INFO] - [0, 20, 28], []
[2025-01-29 13:13:53,822][__main__][INFO] - [0, 20, 29], []
[2025-01-29 13:13:53,869][__main__][INFO] - [0, 20, 30], []
[2025-01-29 13:13:53,919][__main__][INFO] - [0, 20, 31], []
[2025-01-29 13:13:53,968][__main__][INFO] - [0, 20], [31]
[2025-01-29 13:13:54,018][__main__][INFO] - [0, 20, 32], []
[2025-01-29 13:13:54,066][__main__][INFO] - [0, 20, 33], []
[2025-01-29 13:13:54,115][__main__][INFO] - [0, 20, 34], []
[2025-01-29 13:13:54,164][__main__][INFO] - [0, 20, 35], []
[2025-01-29 13:13:54,212][__main__][INFO] - [0, 20, 36], []
[2025-01-29 13:13:54,259][__main__][INFO] - [0, 20, 37], []
[2025-01-29 13:13:54,306][__main__][INFO] - [0, 20, 38], []
[2025-01-29 13:13:54,354][__main__][INFO] - [0, 20, 39], []
[2025-01-29 13:13:54,462][__main__][INFO] - [0, 21, 25], []
[2025-01-29 13:13:54,509][__main__][INFO] - [0, 21], [25]
[2025-01-29 13:13:54,559][__main__][INFO] - [0, 21, 26], []
[2025-01-29 13:13:54,606][__main__][INFO] - [0, 21], [26]
[2025-01-29 13:13:54,656][__main__][INFO] - [0, 21, 27], []
[2025-01-29 13:13:54,703][__main__][INFO] - [0, 21], [27]
[2025-01-29 13:13:54,753][__main__][INFO] - [0, 21, 28], []
[2025-01-29 13:13:54,801][__main__][INFO] - [0, 21, 29], []
[2025-01-29 13:13:54,849][__main__][INFO] - [0, 21, 30], []
[2025-01-29 13:13:54,897][__main__][INFO] - [0, 21, 31], []
[2025-01-29 13:13:54,946][__main__][INFO] - [0, 21], [31]
[2025-01-29 13:13:54,994][__main__][INFO] - [0, 21, 32], []
[2025-01-29 13:13:55,042][__main__][INFO] - [0, 21, 33], []
[2025-01-29 13:13:55,091][__main__][INFO] - [0, 21, 34], []
[2025-01-29 13:13:55,138][__main__][INFO] - [0, 21, 35], []
[2025-01-29 13:13:55,186][__main__][INFO] - [0, 21, 36], []
[2025-01-29 13:13:55,234][__main__][INFO] - [0, 21, 37], []
[2025-01-29 13:13:55,281][__main__][INFO] - [0, 21, 38], []
[2025-01-29 13:13:55,328][__main__][INFO] - [0, 21, 39], []
[2025-01-29 13:13:55,437][__main__][INFO] - [0, 22, 25], []
[2025-01-29 13:13:55,484][__main__][INFO] - [0, 22], [25]
[2025-01-29 13:13:55,533][__main__][INFO] - [0, 22, 26], []
[2025-01-29 13:13:55,580][__main__][INFO] - [0, 22], [26]
[2025-01-29 13:13:55,629][__main__][INFO] - [0, 22, 27], []
[2025-01-29 13:13:55,676][__main__][INFO] - [0, 22], [27]
[2025-01-29 13:13:55,725][__main__][INFO] - [0, 22, 28], []
[2025-01-29 13:13:55,773][__main__][INFO] - [0, 22, 29], []
[2025-01-29 13:13:55,821][__main__][INFO] - [0, 22, 30], []
[2025-01-29 13:13:55,869][__main__][INFO] - [0, 22, 31], []
[2025-01-29 13:13:55,917][__main__][INFO] - [0, 22], [31]
[2025-01-29 13:13:55,965][__main__][INFO] - [0, 22, 32], []
[2025-01-29 13:13:56,013][__main__][INFO] - [0, 22, 33], []
[2025-01-29 13:13:56,061][__main__][INFO] - [0, 22, 34], []
[2025-01-29 13:13:56,109][__main__][INFO] - [0, 22, 35], []
[2025-01-29 13:13:56,156][__main__][INFO] - [0, 22, 36], []
[2025-01-29 13:13:56,204][__main__][INFO] - [0, 22, 37], []
[2025-01-29 13:13:56,251][__main__][INFO] - [0, 22, 38], []
[2025-01-29 13:13:56,390][__main__][INFO] - [0, 23, 25], []
[2025-01-29 13:13:56,438][__main__][INFO] - [0, 23], [25]
[2025-01-29 13:13:56,486][__main__][INFO] - [0, 23, 26], []
[2025-01-29 13:13:56,533][__main__][INFO] - [0, 23], [26]
[2025-01-29 13:13:56,582][__main__][INFO] - [0, 23, 27], []
[2025-01-29 13:13:56,629][__main__][INFO] - [0, 23], [27]
[2025-01-29 13:13:56,677][__main__][INFO] - [0, 23, 28], []
[2025-01-29 13:13:56,725][__main__][INFO] - [0, 23, 29], []
[2025-01-29 13:13:56,772][__main__][INFO] - [0, 23, 30], []
[2025-01-29 13:13:56,820][__main__][INFO] - [0, 23, 31], []
[2025-01-29 13:13:56,868][__main__][INFO] - [0, 23], [31]
[2025-01-29 13:13:56,916][__main__][INFO] - [0, 23, 32], []
[2025-01-29 13:13:56,964][__main__][INFO] - [0, 23, 33], []
[2025-01-29 13:13:57,012][__main__][INFO] - [0, 23, 34], []
[2025-01-29 13:13:57,059][__main__][INFO] - [0, 23, 35], []
[2025-01-29 13:13:57,107][__main__][INFO] - [0, 23, 36], []
[2025-01-29 13:13:57,154][__main__][INFO] - [0, 23, 37], []
[2025-01-29 13:13:57,202][__main__][INFO] - [0, 23, 38], []
[2025-01-29 13:13:57,249][__main__][INFO] - [0, 23, 39], []
[2025-01-29 13:13:57,388][__main__][INFO] - [0, 24], [25]
[2025-01-29 13:13:57,467][__main__][INFO] - [0, 24], [26]
[2025-01-29 13:13:57,545][__main__][INFO] - [0, 24], [27]
[2025-01-29 13:13:57,592][__main__][INFO] - [0, 24, 28], []
[2025-01-29 13:13:57,671][__main__][INFO] - [0, 24, 30], []
[2025-01-29 13:13:57,718][__main__][INFO] - [0, 24, 31], []
[2025-01-29 13:13:57,766][__main__][INFO] - [0, 24], [31]
[2025-01-29 13:13:57,813][__main__][INFO] - [0, 24, 32], []
[2025-01-29 13:13:57,861][__main__][INFO] - [0, 24, 33], []
[2025-01-29 13:13:57,908][__main__][INFO] - [0, 24, 34], []
[2025-01-29 13:13:57,955][__main__][INFO] - [0, 24, 35], []
[2025-01-29 13:13:58,003][__main__][INFO] - [0, 24, 36], []
[2025-01-29 13:13:58,235][__main__][INFO] - [0, 25], [26]
[2025-01-29 13:13:58,314][__main__][INFO] - [0, 25], [27]
[2025-01-29 13:13:58,361][__main__][INFO] - [0, 25, 28], []
[2025-01-29 13:13:58,409][__main__][INFO] - [0, 25, 29], []
[2025-01-29 13:13:58,456][__main__][INFO] - [0, 25, 30], []
[2025-01-29 13:13:58,503][__main__][INFO] - [0, 25, 31], []
[2025-01-29 13:13:58,551][__main__][INFO] - [0, 25], [31]
[2025-01-29 13:13:58,598][__main__][INFO] - [0, 25, 32], []
[2025-01-29 13:13:58,646][__main__][INFO] - [0, 25, 33], []
[2025-01-29 13:13:58,693][__main__][INFO] - [0, 25, 34], []
[2025-01-29 13:13:58,741][__main__][INFO] - [0, 25, 35], []
[2025-01-29 13:13:58,788][__main__][INFO] - [0, 25, 36], []
[2025-01-29 13:13:58,990][__main__][INFO] - [0, 26], [25]
[2025-01-29 13:13:59,037][__main__][INFO] - [0], [25, 26]
[2025-01-29 13:13:59,088][__main__][INFO] - [0, 27], [25]
[2025-01-29 13:13:59,135][__main__][INFO] - [0], [25, 27]
[2025-01-29 13:13:59,186][__main__][INFO] - [0, 28], [25]
[2025-01-29 13:13:59,236][__main__][INFO] - [0, 29], [25]
[2025-01-29 13:13:59,283][__main__][INFO] - [0, 30], [25]
[2025-01-29 13:13:59,333][__main__][INFO] - [0, 31], [25]
[2025-01-29 13:13:59,382][__main__][INFO] - [0], [25, 31]
[2025-01-29 13:13:59,432][__main__][INFO] - [0, 32], [25]
[2025-01-29 13:13:59,480][__main__][INFO] - [0, 33], [25]
[2025-01-29 13:13:59,529][__main__][INFO] - [0, 34], [25]
[2025-01-29 13:13:59,577][__main__][INFO] - [0, 35], [25]
[2025-01-29 13:13:59,625][__main__][INFO] - [0, 36], [25]
[2025-01-29 13:13:59,673][__main__][INFO] - [0, 37], [25]
[2025-01-29 13:13:59,720][__main__][INFO] - [0, 38], [25]
[2025-01-29 13:13:59,768][__main__][INFO] - [0, 39], [25]
[2025-01-29 13:13:59,876][__main__][INFO] - [0, 26, 27], []
[2025-01-29 13:13:59,924][__main__][INFO] - [0, 26], [27]
[2025-01-29 13:13:59,971][__main__][INFO] - [0, 26, 28], []
[2025-01-29 13:14:00,018][__main__][INFO] - [0, 26, 29], []
[2025-01-29 13:14:00,065][__main__][INFO] - [0, 26, 30], []
[2025-01-29 13:14:00,113][__main__][INFO] - [0, 26, 31], []
[2025-01-29 13:14:00,160][__main__][INFO] - [0, 26], [31]
[2025-01-29 13:14:00,208][__main__][INFO] - [0, 26, 32], []
[2025-01-29 13:14:00,255][__main__][INFO] - [0, 26, 33], []
[2025-01-29 13:14:00,302][__main__][INFO] - [0, 26, 34], []
[2025-01-29 13:14:00,350][__main__][INFO] - [0, 26, 35], []
[2025-01-29 13:14:00,582][__main__][INFO] - [0, 27], [26]
[2025-01-29 13:14:00,630][__main__][INFO] - [0], [26, 27]
[2025-01-29 13:14:00,681][__main__][INFO] - [0, 28], [26]
[2025-01-29 13:14:00,730][__main__][INFO] - [0, 29], [26]
[2025-01-29 13:14:00,778][__main__][INFO] - [0, 30], [26]
[2025-01-29 13:14:00,827][__main__][INFO] - [0, 31], [26]
[2025-01-29 13:14:00,877][__main__][INFO] - [0], [26, 31]
[2025-01-29 13:14:00,926][__main__][INFO] - [0, 32], [26]
[2025-01-29 13:14:00,974][__main__][INFO] - [0, 33], [26]
[2025-01-29 13:14:01,024][__main__][INFO] - [0, 34], [26]
[2025-01-29 13:14:01,072][__main__][INFO] - [0, 35], [26]
[2025-01-29 13:14:01,120][__main__][INFO] - [0, 36], [26]
[2025-01-29 13:14:01,168][__main__][INFO] - [0, 37], [26]
[2025-01-29 13:14:01,215][__main__][INFO] - [0, 38], [26]
[2025-01-29 13:14:01,263][__main__][INFO] - [0, 39], [26]
[2025-01-29 13:14:01,371][__main__][INFO] - [0, 27, 28], []
[2025-01-29 13:14:01,419][__main__][INFO] - [0, 27, 29], []
[2025-01-29 13:14:01,466][__main__][INFO] - [0, 27, 30], []
[2025-01-29 13:14:01,513][__main__][INFO] - [0, 27, 31], []
[2025-01-29 13:14:01,561][__main__][INFO] - [0, 27], [31]
[2025-01-29 13:14:01,608][__main__][INFO] - [0, 27, 32], []
[2025-01-29 13:14:01,655][__main__][INFO] - [0, 27, 33], []
[2025-01-29 13:14:01,703][__main__][INFO] - [0, 27, 34], []
[2025-01-29 13:14:01,750][__main__][INFO] - [0, 27, 35], []
[2025-01-29 13:14:01,797][__main__][INFO] - [0, 27, 36], []
[2025-01-29 13:14:01,999][__main__][INFO] - [0, 28], [27]
[2025-01-29 13:14:02,048][__main__][INFO] - [0, 29], [27]
[2025-01-29 13:14:02,096][__main__][INFO] - [0, 30], [27]
[2025-01-29 13:14:02,145][__main__][INFO] - [0, 31], [27]
[2025-01-29 13:14:02,194][__main__][INFO] - [0], [27, 31]
[2025-01-29 13:14:02,244][__main__][INFO] - [0, 32], [27]
[2025-01-29 13:14:02,293][__main__][INFO] - [0, 33], [27]
[2025-01-29 13:14:02,343][__main__][INFO] - [0, 34], [27]
[2025-01-29 13:14:02,391][__main__][INFO] - [0, 35], [27]
[2025-01-29 13:14:02,441][__main__][INFO] - [0, 36], [27]
[2025-01-29 13:14:02,489][__main__][INFO] - [0, 37], [27]
[2025-01-29 13:14:02,537][__main__][INFO] - [0, 38], [27]
[2025-01-29 13:14:02,584][__main__][INFO] - [0, 39], [27]
[2025-01-29 13:14:02,693][__main__][INFO] - [0, 28, 31], []
[2025-01-29 13:14:02,741][__main__][INFO] - [0, 28], [31]
[2025-01-29 13:14:02,790][__main__][INFO] - [0, 28, 32], []
[2025-01-29 13:14:02,837][__main__][INFO] - [0, 28, 33], []
[2025-01-29 13:14:02,886][__main__][INFO] - [0, 28, 34], []
[2025-01-29 13:14:02,933][__main__][INFO] - [0, 28, 35], []
[2025-01-29 13:14:02,981][__main__][INFO] - [0, 28, 36], []
[2025-01-29 13:14:03,029][__main__][INFO] - [0, 28, 37], []
[2025-01-29 13:14:03,076][__main__][INFO] - [0, 28, 38], []
[2025-01-29 13:14:03,123][__main__][INFO] - [0, 28, 39], []
[2025-01-29 13:14:03,232][__main__][INFO] - [0, 29, 31], []
[2025-01-29 13:14:03,279][__main__][INFO] - [0, 29], [31]
[2025-01-29 13:14:03,326][__main__][INFO] - [0, 29, 32], []
[2025-01-29 13:14:03,374][__main__][INFO] - [0, 29, 33], []
[2025-01-29 13:14:03,421][__main__][INFO] - [0, 29, 34], []
[2025-01-29 13:14:03,468][__main__][INFO] - [0, 29, 35], []
[2025-01-29 13:14:03,516][__main__][INFO] - [0, 29, 36], []
[2025-01-29 13:14:03,717][__main__][INFO] - [0, 30, 31], []
[2025-01-29 13:14:03,765][__main__][INFO] - [0, 30], [31]
[2025-01-29 13:14:03,813][__main__][INFO] - [0, 30, 32], []
[2025-01-29 13:14:03,861][__main__][INFO] - [0, 30, 33], []
[2025-01-29 13:14:03,909][__main__][INFO] - [0, 30, 34], []
[2025-01-29 13:14:03,957][__main__][INFO] - [0, 30, 35], []
[2025-01-29 13:14:04,005][__main__][INFO] - [0, 30, 36], []
[2025-01-29 13:14:04,052][__main__][INFO] - [0, 30, 37], []
[2025-01-29 13:14:04,099][__main__][INFO] - [0, 30, 38], []
[2025-01-29 13:14:04,147][__main__][INFO] - [0, 30, 39], []
[2025-01-29 13:14:04,255][__main__][INFO] - [0, 31, 32], []
[2025-01-29 13:14:04,303][__main__][INFO] - [0, 31, 33], []
[2025-01-29 13:14:04,351][__main__][INFO] - [0, 31, 34], []
[2025-01-29 13:14:04,399][__main__][INFO] - [0, 31, 35], []
[2025-01-29 13:14:04,446][__main__][INFO] - [0, 31, 36], []
[2025-01-29 13:14:04,494][__main__][INFO] - [0, 31, 37], []
[2025-01-29 13:14:04,541][__main__][INFO] - [0, 31, 38], []
[2025-01-29 13:14:04,589][__main__][INFO] - [0, 31, 39], []
[2025-01-29 13:14:04,697][__main__][INFO] - [0, 32], [31]
[2025-01-29 13:14:04,745][__main__][INFO] - [0, 33], [31]
[2025-01-29 13:14:04,793][__main__][INFO] - [0, 34], [31]
[2025-01-29 13:14:04,841][__main__][INFO] - [0, 35], [31]
[2025-01-29 13:14:04,889][__main__][INFO] - [0, 36], [31]
[2025-01-29 13:14:04,936][__main__][INFO] - [0, 37], [31]
[2025-01-29 13:14:04,984][__main__][INFO] - [0, 38], [31]
[2025-01-29 13:14:05,031][__main__][INFO] - [0, 39], [31]
[2025-01-29 13:14:05,168][__main__][INFO] - [1, 10, 11], []
[2025-01-29 13:14:05,235][__main__][INFO] - [1, 10, 12], []
[2025-01-29 13:14:05,284][__main__][INFO] - [1, 10, 13], []
[2025-01-29 13:14:05,332][__main__][INFO] - [1, 10, 14], []
[2025-01-29 13:14:05,410][__main__][INFO] - [1, 10, 16], []
[2025-01-29 13:14:05,557][__main__][INFO] - [1, 10, 20], []
[2025-01-29 13:14:05,618][__main__][INFO] - [1, 10, 21], []
[2025-01-29 13:14:05,676][__main__][INFO] - [1, 10, 22], []
[2025-01-29 13:14:05,729][__main__][INFO] - [1, 10, 23], []
[2025-01-29 13:14:05,780][__main__][INFO] - [1, 10, 24], []
[2025-01-29 13:14:05,827][__main__][INFO] - [1, 10, 25], []
[2025-01-29 13:14:05,877][__main__][INFO] - [1, 10], [25]
[2025-01-29 13:14:05,944][__main__][INFO] - [1, 10, 26], []
[2025-01-29 13:14:05,994][__main__][INFO] - [1, 10], [26]
[2025-01-29 13:14:06,060][__main__][INFO] - [1, 10, 27], []
[2025-01-29 13:14:06,111][__main__][INFO] - [1, 10], [27]
[2025-01-29 13:14:06,174][__main__][INFO] - [1, 10, 28], []
[2025-01-29 13:14:06,227][__main__][INFO] - [1, 10, 29], []
[2025-01-29 13:14:06,320][__main__][INFO] - [1, 10, 31], []
[2025-01-29 13:14:06,375][__main__][INFO] - [1, 10], [31]
[2025-01-29 13:14:06,434][__main__][INFO] - [1, 10, 32], []
[2025-01-29 13:14:06,485][__main__][INFO] - [1, 10, 33], []
[2025-01-29 13:14:06,542][__main__][INFO] - [1, 10, 34], []
[2025-01-29 13:14:06,592][__main__][INFO] - [1, 10, 35], []
[2025-01-29 13:14:06,641][__main__][INFO] - [1, 10, 36], []
[2025-01-29 13:14:06,691][__main__][INFO] - [1, 10, 37], []
[2025-01-29 13:14:06,862][__main__][INFO] - [1, 11], [10]
[2025-01-29 13:14:07,316][__main__][INFO] - [1, 12], [10]
[2025-01-29 13:14:07,380][__main__][INFO] - [1, 13], [10]
[2025-01-29 13:14:07,434][__main__][INFO] - [1, 14], [10]
[2025-01-29 13:14:07,487][__main__][INFO] - [1, 15], [10]
[2025-01-29 13:14:07,535][__main__][INFO] - [1, 16], [10]
[2025-01-29 13:14:07,668][__main__][INFO] - [1, 17], [10]
[2025-01-29 13:14:07,717][__main__][INFO] - [1, 18], [10]
[2025-01-29 13:14:07,796][__main__][INFO] - [1, 20], [10]
[2025-01-29 13:14:08,180][__main__][INFO] - [1, 21], [10]
[2025-01-29 13:14:08,471][__main__][INFO] - [1, 22], [10]
[2025-01-29 13:14:08,614][__main__][INFO] - [1, 23], [10]
[2025-01-29 13:14:08,725][__main__][INFO] - [1, 24], [10]
[2025-01-29 13:14:08,776][__main__][INFO] - [1, 25], [10]
[2025-01-29 13:14:08,847][__main__][INFO] - [1], [10, 25]
[2025-01-29 13:14:09,330][__main__][INFO] - [1], [10, 26]
[2025-01-29 13:14:09,852][__main__][INFO] - [1], [10, 27]
[2025-01-29 13:14:10,342][__main__][INFO] - [1, 28], [10]
[2025-01-29 13:14:10,894][__main__][INFO] - [1, 31], [10]
[2025-01-29 13:14:11,139][__main__][INFO] - [1], [10, 31]
[2025-01-29 13:14:11,400][__main__][INFO] - [1, 32], [10]
[2025-01-29 13:14:11,500][__main__][INFO] - [1, 33], [10]
[2025-01-29 13:14:11,780][__main__][INFO] - [1, 34], [10]
[2025-01-29 13:14:11,855][__main__][INFO] - [1, 35], [10]
[2025-01-29 13:14:11,949][__main__][INFO] - [1, 36], [10]
[2025-01-29 13:14:12,010][__main__][INFO] - [1, 37], [10]
[2025-01-29 13:14:12,060][__main__][INFO] - [1, 38], [10]
[2025-01-29 13:14:12,109][__main__][INFO] - [1, 39], [10]
[2025-01-29 13:14:12,219][__main__][INFO] - [1, 11, 16], []
[2025-01-29 13:14:12,347][__main__][INFO] - [1, 11, 17], []
[2025-01-29 13:14:12,395][__main__][INFO] - [1, 11, 18], []
[2025-01-29 13:14:12,443][__main__][INFO] - [1, 11, 19], []
[2025-01-29 13:14:12,490][__main__][INFO] - [1, 11, 20], []
[2025-01-29 13:14:12,861][__main__][INFO] - [1, 11, 21], []
[2025-01-29 13:14:13,133][__main__][INFO] - [1, 11, 22], []
[2025-01-29 13:14:13,277][__main__][INFO] - [1, 11, 23], []
[2025-01-29 13:14:13,384][__main__][INFO] - [1, 11, 24], []
[2025-01-29 13:14:13,466][__main__][INFO] - [1, 11], [25]
[2025-01-29 13:14:13,934][__main__][INFO] - [1, 11, 26], []
[2025-01-29 13:14:13,984][__main__][INFO] - [1, 11], [26]
[2025-01-29 13:14:14,452][__main__][INFO] - [1, 11, 27], []
[2025-01-29 13:14:14,503][__main__][INFO] - [1, 11], [27]
[2025-01-29 13:14:14,964][__main__][INFO] - [1, 11, 28], []
[2025-01-29 13:14:15,411][__main__][INFO] - [1, 11, 29], []
[2025-01-29 13:14:15,502][__main__][INFO] - [1, 11, 31], []
[2025-01-29 13:14:15,741][__main__][INFO] - [1, 11], [31]
[2025-01-29 13:14:15,995][__main__][INFO] - [1, 11, 32], []
[2025-01-29 13:14:16,092][__main__][INFO] - [1, 11, 33], []
[2025-01-29 13:14:16,369][__main__][INFO] - [1, 11, 34], []
[2025-01-29 13:14:16,442][__main__][INFO] - [1, 11, 35], []
[2025-01-29 13:14:16,527][__main__][INFO] - [1, 11, 36], []
[2025-01-29 13:14:16,587][__main__][INFO] - [1, 11, 37], []
[2025-01-29 13:14:16,636][__main__][INFO] - [1, 11, 38], []
[2025-01-29 13:14:16,684][__main__][INFO] - [1, 11, 39], []
[2025-01-29 13:14:16,790][__main__][INFO] - [1, 12, 16], []
[2025-01-29 13:14:16,932][__main__][INFO] - [1, 12, 20], []
[2025-01-29 13:14:16,989][__main__][INFO] - [1, 12, 21], []
[2025-01-29 13:14:17,049][__main__][INFO] - [1, 12, 22], []
[2025-01-29 13:14:17,097][__main__][INFO] - [1, 12, 23], []
[2025-01-29 13:14:17,175][__main__][INFO] - [1, 12, 25], []
[2025-01-29 13:14:17,269][__main__][INFO] - [1, 12, 26], []
[2025-01-29 13:14:17,315][__main__][INFO] - [1, 12], [26]
[2025-01-29 13:14:17,423][__main__][INFO] - [1, 12, 27], []
[2025-01-29 13:14:17,475][__main__][INFO] - [1, 12], [27]
[2025-01-29 13:14:17,538][__main__][INFO] - [1, 12, 28], []
[2025-01-29 13:14:17,601][__main__][INFO] - [1, 12, 29], []
[2025-01-29 13:14:17,679][__main__][INFO] - [1, 12, 31], []
[2025-01-29 13:14:17,733][__main__][INFO] - [1, 12], [31]
[2025-01-29 13:14:17,787][__main__][INFO] - [1, 12, 32], []
[2025-01-29 13:14:17,837][__main__][INFO] - [1, 12, 33], []
[2025-01-29 13:14:17,890][__main__][INFO] - [1, 12, 34], []
[2025-01-29 13:14:17,937][__main__][INFO] - [1, 12, 35], []
[2025-01-29 13:14:17,989][__main__][INFO] - [1, 12, 36], []
[2025-01-29 13:14:18,184][__main__][INFO] - [1, 13, 16], []
[2025-01-29 13:14:18,323][__main__][INFO] - [1, 13, 20], []
[2025-01-29 13:14:18,374][__main__][INFO] - [1, 13, 21], []
[2025-01-29 13:14:18,426][__main__][INFO] - [1, 13, 22], []
[2025-01-29 13:14:18,473][__main__][INFO] - [1, 13, 23], []
[2025-01-29 13:14:18,552][__main__][INFO] - [1, 13, 25], []
[2025-01-29 13:14:18,666][__main__][INFO] - [1, 13], [26]
[2025-01-29 13:14:18,720][__main__][INFO] - [1, 13, 27], []
[2025-01-29 13:14:18,767][__main__][INFO] - [1, 13], [27]
[2025-01-29 13:14:18,821][__main__][INFO] - [1, 13, 28], []
[2025-01-29 13:14:18,874][__main__][INFO] - [1, 13, 29], []
[2025-01-29 13:14:18,951][__main__][INFO] - [1, 13, 31], []
[2025-01-29 13:14:19,001][__main__][INFO] - [1, 13], [31]
[2025-01-29 13:14:19,052][__main__][INFO] - [1, 13, 32], []
[2025-01-29 13:14:19,099][__main__][INFO] - [1, 13, 33], []
[2025-01-29 13:14:19,148][__main__][INFO] - [1, 13, 34], []
[2025-01-29 13:14:19,196][__main__][INFO] - [1, 13, 35], []
[2025-01-29 13:14:19,245][__main__][INFO] - [1, 13, 36], []
[2025-01-29 13:14:19,440][__main__][INFO] - [1, 14, 16], []
[2025-01-29 13:14:19,578][__main__][INFO] - [1, 14, 20], []
[2025-01-29 13:14:19,628][__main__][INFO] - [1, 14, 21], []
[2025-01-29 13:14:19,677][__main__][INFO] - [1, 14, 22], []
[2025-01-29 13:14:19,725][__main__][INFO] - [1, 14, 23], []
[2025-01-29 13:14:19,833][__main__][INFO] - [1, 14], [25]
[2025-01-29 13:14:19,914][__main__][INFO] - [1, 14], [26]
[2025-01-29 13:14:19,965][__main__][INFO] - [1, 14, 27], []
[2025-01-29 13:14:20,012][__main__][INFO] - [1, 14], [27]
[2025-01-29 13:14:20,063][__main__][INFO] - [1, 14, 28], []
[2025-01-29 13:14:20,114][__main__][INFO] - [1, 14, 29], []
[2025-01-29 13:14:20,190][__main__][INFO] - [1, 14, 31], []
[2025-01-29 13:14:20,240][__main__][INFO] - [1, 14], [31]
[2025-01-29 13:14:20,289][__main__][INFO] - [1, 14, 32], []
[2025-01-29 13:14:20,336][__main__][INFO] - [1, 14, 33], []
[2025-01-29 13:14:20,386][__main__][INFO] - [1, 14, 34], []
[2025-01-29 13:14:20,434][__main__][INFO] - [1, 14, 35], []
[2025-01-29 13:14:20,483][__main__][INFO] - [1, 14, 36], []
[2025-01-29 13:14:20,679][__main__][INFO] - [1, 15, 16], []
[2025-01-29 13:14:20,818][__main__][INFO] - [1, 15, 20], []
[2025-01-29 13:14:20,864][__main__][INFO] - [1, 15, 21], []
[2025-01-29 13:14:21,032][__main__][INFO] - [1, 15], [25]
[2025-01-29 13:14:21,110][__main__][INFO] - [1, 15], [26]
[2025-01-29 13:14:21,187][__main__][INFO] - [1, 15], [27]
[2025-01-29 13:14:21,234][__main__][INFO] - [1, 15, 28], []
[2025-01-29 13:14:21,341][__main__][INFO] - [1, 15, 31], []
[2025-01-29 13:14:21,388][__main__][INFO] - [1, 15], [31]
[2025-01-29 13:14:21,732][__main__][INFO] - [1, 16, 21], []
[2025-01-29 13:14:21,833][__main__][INFO] - [1, 16, 22], []
[2025-01-29 13:14:21,898][__main__][INFO] - [1, 16, 23], []
[2025-01-29 13:14:21,958][__main__][INFO] - [1, 16, 24], []
[2025-01-29 13:14:22,005][__main__][INFO] - [1, 16, 25], []
[2025-01-29 13:14:22,060][__main__][INFO] - [1, 16], [25]
[2025-01-29 13:14:22,190][__main__][INFO] - [1, 16, 26], []
[2025-01-29 13:14:22,238][__main__][INFO] - [1, 16], [26]
[2025-01-29 13:14:22,379][__main__][INFO] - [1, 16, 27], []
[2025-01-29 13:14:22,428][__main__][INFO] - [1, 16], [27]
[2025-01-29 13:14:22,565][__main__][INFO] - [1, 16, 28], []
[2025-01-29 13:14:22,699][__main__][INFO] - [1, 16, 29], []
[2025-01-29 13:14:22,780][__main__][INFO] - [1, 16, 31], []
[2025-01-29 13:14:22,868][__main__][INFO] - [1, 16], [31]
[2025-01-29 13:14:22,959][__main__][INFO] - [1, 16, 32], []
[2025-01-29 13:14:23,017][__main__][INFO] - [1, 16, 33], []
[2025-01-29 13:14:23,111][__main__][INFO] - [1, 16, 34], []
[2025-01-29 13:14:23,163][__main__][INFO] - [1, 16, 35], []
[2025-01-29 13:14:23,221][__main__][INFO] - [1, 16, 36], []
[2025-01-29 13:14:23,271][__main__][INFO] - [1, 16, 37], []
[2025-01-29 13:14:23,319][__main__][INFO] - [1, 16, 38], []
[2025-01-29 13:14:23,367][__main__][INFO] - [1, 16, 39], []
[2025-01-29 13:14:23,474][__main__][INFO] - [1, 17, 21], []
[2025-01-29 13:14:23,641][__main__][INFO] - [1, 17], [25]
[2025-01-29 13:14:23,718][__main__][INFO] - [1, 17], [26]
[2025-01-29 13:14:23,796][__main__][INFO] - [1, 17], [27]
[2025-01-29 13:14:23,843][__main__][INFO] - [1, 17, 28], []
[2025-01-29 13:14:23,980][__main__][INFO] - [1, 17], [31]
[2025-01-29 13:14:24,058][__main__][INFO] - [1, 17, 33], []
[2025-01-29 13:14:24,345][__main__][INFO] - [1, 18, 21], []
[2025-01-29 13:14:24,391][__main__][INFO] - [1, 18, 22], []
[2025-01-29 13:14:24,528][__main__][INFO] - [1, 18], [25]
[2025-01-29 13:14:24,604][__main__][INFO] - [1, 18], [26]
[2025-01-29 13:14:24,681][__main__][INFO] - [1, 18], [27]
[2025-01-29 13:14:24,727][__main__][INFO] - [1, 18, 28], []
[2025-01-29 13:14:24,864][__main__][INFO] - [1, 18], [31]
[2025-01-29 13:14:24,941][__main__][INFO] - [1, 18, 33], []
[2025-01-29 13:14:25,377][__main__][INFO] - [1, 19], [25]
[2025-01-29 13:14:25,456][__main__][INFO] - [1, 19], [26]
[2025-01-29 13:14:25,535][__main__][INFO] - [1, 19], [27]
[2025-01-29 13:14:26,043][__main__][INFO] - [1, 20, 21], []
[2025-01-29 13:14:26,292][__main__][INFO] - [1, 20, 22], []
[2025-01-29 13:14:26,419][__main__][INFO] - [1, 20, 23], []
[2025-01-29 13:14:26,518][__main__][INFO] - [1, 20, 24], []
[2025-01-29 13:14:26,568][__main__][INFO] - [1, 20, 25], []
[2025-01-29 13:14:26,631][__main__][INFO] - [1, 20], [25]
[2025-01-29 13:14:27,003][__main__][INFO] - [1, 20, 26], []
[2025-01-29 13:14:27,050][__main__][INFO] - [1, 20], [26]
[2025-01-29 13:14:27,454][__main__][INFO] - [1, 20, 27], []
[2025-01-29 13:14:27,504][__main__][INFO] - [1, 20], [27]
[2025-01-29 13:14:27,892][__main__][INFO] - [1, 20, 28], []
[2025-01-29 13:14:28,273][__main__][INFO] - [1, 20, 29], []
[2025-01-29 13:14:28,362][__main__][INFO] - [1, 20, 31], []
[2025-01-29 13:14:28,564][__main__][INFO] - [1, 20], [31]
[2025-01-29 13:14:28,779][__main__][INFO] - [1, 20, 32], []
[2025-01-29 13:14:28,868][__main__][INFO] - [1, 20, 33], []
[2025-01-29 13:14:29,101][__main__][INFO] - [1, 20, 34], []
[2025-01-29 13:14:29,171][__main__][INFO] - [1, 20, 35], []
[2025-01-29 13:14:29,254][__main__][INFO] - [1, 20, 36], []
[2025-01-29 13:14:29,312][__main__][INFO] - [1, 20, 37], []
[2025-01-29 13:14:29,362][__main__][INFO] - [1, 20, 38], []
[2025-01-29 13:14:29,410][__main__][INFO] - [1, 20, 39], []
[2025-01-29 13:14:29,518][__main__][INFO] - [1, 21, 25], []
[2025-01-29 13:14:29,585][__main__][INFO] - [1, 21], [25]
[2025-01-29 13:14:29,865][__main__][INFO] - [1, 21, 26], []
[2025-01-29 13:14:29,914][__main__][INFO] - [1, 21], [26]
[2025-01-29 13:14:30,214][__main__][INFO] - [1, 21, 27], []
[2025-01-29 13:14:30,264][__main__][INFO] - [1, 21], [27]
[2025-01-29 13:14:30,559][__main__][INFO] - [1, 21, 28], []
[2025-01-29 13:14:30,849][__main__][INFO] - [1, 21, 29], []
[2025-01-29 13:14:30,934][__main__][INFO] - [1, 21, 31], []
[2025-01-29 13:14:31,094][__main__][INFO] - [1, 21], [31]
[2025-01-29 13:14:31,265][__main__][INFO] - [1, 21, 32], []
[2025-01-29 13:14:31,355][__main__][INFO] - [1, 21, 33], []
[2025-01-29 13:14:31,526][__main__][INFO] - [1, 21, 34], []
[2025-01-29 13:14:31,577][__main__][INFO] - [1, 21, 35], []
[2025-01-29 13:14:31,660][__main__][INFO] - [1, 21, 36], []
[2025-01-29 13:14:31,717][__main__][INFO] - [1, 21, 37], []
[2025-01-29 13:14:31,766][__main__][INFO] - [1, 21, 38], []
[2025-01-29 13:14:31,814][__main__][INFO] - [1, 21, 39], []
[2025-01-29 13:14:31,924][__main__][INFO] - [1, 22, 25], []
[2025-01-29 13:14:31,973][__main__][INFO] - [1, 22], [25]
[2025-01-29 13:14:32,116][__main__][INFO] - [1, 22, 26], []
[2025-01-29 13:14:32,164][__main__][INFO] - [1, 22], [26]
[2025-01-29 13:14:32,307][__main__][INFO] - [1, 22, 27], []
[2025-01-29 13:14:32,356][__main__][INFO] - [1, 22], [27]
[2025-01-29 13:14:32,509][__main__][INFO] - [1, 22, 28], []
[2025-01-29 13:14:32,652][__main__][INFO] - [1, 22, 29], []
[2025-01-29 13:14:32,734][__main__][INFO] - [1, 22, 31], []
[2025-01-29 13:14:32,826][__main__][INFO] - [1, 22], [31]
[2025-01-29 13:14:32,920][__main__][INFO] - [1, 22, 32], []
[2025-01-29 13:14:32,971][__main__][INFO] - [1, 22, 33], []
[2025-01-29 13:14:33,077][__main__][INFO] - [1, 22, 34], []
[2025-01-29 13:14:33,144][__main__][INFO] - [1, 22, 35], []
[2025-01-29 13:14:33,195][__main__][INFO] - [1, 22, 36], []
[2025-01-29 13:14:33,244][__main__][INFO] - [1, 22, 37], []
[2025-01-29 13:14:33,292][__main__][INFO] - [1, 22, 38], []
[2025-01-29 13:14:33,340][__main__][INFO] - [1, 22, 39], []
[2025-01-29 13:14:33,449][__main__][INFO] - [1, 23, 25], []
[2025-01-29 13:14:33,501][__main__][INFO] - [1, 23], [25]
[2025-01-29 13:14:33,611][__main__][INFO] - [1, 23, 26], []
[2025-01-29 13:14:33,659][__main__][INFO] - [1, 23], [26]
[2025-01-29 13:14:33,772][__main__][INFO] - [1, 23, 27], []
[2025-01-29 13:14:33,820][__main__][INFO] - [1, 23], [27]
[2025-01-29 13:14:33,934][__main__][INFO] - [1, 23, 28], []
[2025-01-29 13:14:34,047][__main__][INFO] - [1, 23, 29], []
[2025-01-29 13:14:34,127][__main__][INFO] - [1, 23, 31], []
[2025-01-29 13:14:34,204][__main__][INFO] - [1, 23], [31]
[2025-01-29 13:14:34,282][__main__][INFO] - [1, 23, 32], []
[2025-01-29 13:14:34,337][__main__][INFO] - [1, 23, 33], []
[2025-01-29 13:14:34,421][__main__][INFO] - [1, 23, 34], []
[2025-01-29 13:14:34,472][__main__][INFO] - [1, 23, 35], []
[2025-01-29 13:14:34,526][__main__][INFO] - [1, 23, 36], []
[2025-01-29 13:14:34,576][__main__][INFO] - [1, 23, 37], []
[2025-01-29 13:14:34,624][__main__][INFO] - [1, 23, 38], []
[2025-01-29 13:14:34,670][__main__][INFO] - [1, 23, 39], []
[2025-01-29 13:14:34,807][__main__][INFO] - [1, 24], [25]
[2025-01-29 13:14:34,888][__main__][INFO] - [1, 24], [26]
[2025-01-29 13:14:34,970][__main__][INFO] - [1, 24], [27]
[2025-01-29 13:14:35,020][__main__][INFO] - [1, 24, 28], []
[2025-01-29 13:14:35,071][__main__][INFO] - [1, 24, 29], []
[2025-01-29 13:14:35,148][__main__][INFO] - [1, 24, 31], []
[2025-01-29 13:14:35,197][__main__][INFO] - [1, 24], [31]
[2025-01-29 13:14:35,247][__main__][INFO] - [1, 24, 32], []
[2025-01-29 13:14:35,295][__main__][INFO] - [1, 24, 33], []
[2025-01-29 13:14:35,344][__main__][INFO] - [1, 24, 34], []
[2025-01-29 13:14:35,392][__main__][INFO] - [1, 24, 35], []
[2025-01-29 13:14:35,439][__main__][INFO] - [1, 24, 36], []
[2025-01-29 13:14:35,637][__main__][INFO] - [1, 25, 26], []
[2025-01-29 13:14:35,684][__main__][INFO] - [1, 25], [26]
[2025-01-29 13:14:35,755][__main__][INFO] - [1, 25, 27], []
[2025-01-29 13:14:35,803][__main__][INFO] - [1, 25], [27]
[2025-01-29 13:14:35,875][__main__][INFO] - [1, 25, 28], []
[2025-01-29 13:14:35,946][__main__][INFO] - [1, 25, 29], []
[2025-01-29 13:14:36,024][__main__][INFO] - [1, 25, 31], []
[2025-01-29 13:14:36,082][__main__][INFO] - [1, 25], [31]
[2025-01-29 13:14:36,141][__main__][INFO] - [1, 25, 32], []
[2025-01-29 13:14:36,192][__main__][INFO] - [1, 25, 33], []
[2025-01-29 13:14:36,247][__main__][INFO] - [1, 25, 34], []
[2025-01-29 13:14:36,295][__main__][INFO] - [1, 25, 35], []
[2025-01-29 13:14:36,351][__main__][INFO] - [1, 25, 36], []
[2025-01-29 13:14:36,429][__main__][INFO] - [1, 25, 38], []
[2025-01-29 13:14:36,567][__main__][INFO] - [1, 26], [25]
[2025-01-29 13:14:36,617][__main__][INFO] - [1], [25, 26]
[2025-01-29 13:14:37,091][__main__][INFO] - [1, 27], [25]
[2025-01-29 13:14:37,141][__main__][INFO] - [1], [25, 27]
[2025-01-29 13:14:37,608][__main__][INFO] - [1, 28], [25]
[2025-01-29 13:14:38,068][__main__][INFO] - [1, 29], [25]
[2025-01-29 13:14:38,159][__main__][INFO] - [1, 31], [25]
[2025-01-29 13:14:38,396][__main__][INFO] - [1], [25, 31]
[2025-01-29 13:14:38,646][__main__][INFO] - [1, 32], [25]
[2025-01-29 13:14:38,744][__main__][INFO] - [1, 33], [25]
[2025-01-29 13:14:39,019][__main__][INFO] - [1, 34], [25]
[2025-01-29 13:14:39,094][__main__][INFO] - [1, 35], [25]
[2025-01-29 13:14:39,180][__main__][INFO] - [1, 36], [25]
[2025-01-29 13:14:39,241][__main__][INFO] - [1, 37], [25]
[2025-01-29 13:14:39,291][__main__][INFO] - [1, 38], [25]
[2025-01-29 13:14:39,340][__main__][INFO] - [1, 39], [25]
[2025-01-29 13:14:39,448][__main__][INFO] - [1, 26, 27], []
[2025-01-29 13:14:39,495][__main__][INFO] - [1, 26], [27]
[2025-01-29 13:14:39,544][__main__][INFO] - [1, 26, 28], []
[2025-01-29 13:14:39,593][__main__][INFO] - [1, 26, 29], []
[2025-01-29 13:14:39,672][__main__][INFO] - [1, 26, 31], []
[2025-01-29 13:14:39,720][__main__][INFO] - [1, 26], [31]
[2025-01-29 13:14:39,769][__main__][INFO] - [1, 26, 32], []
[2025-01-29 13:14:39,817][__main__][INFO] - [1, 26, 33], []
[2025-01-29 13:14:39,865][__main__][INFO] - [1, 26, 34], []
[2025-01-29 13:14:39,912][__main__][INFO] - [1, 26, 35], []
[2025-01-29 13:14:40,142][__main__][INFO] - [1, 27], [26]
[2025-01-29 13:14:40,192][__main__][INFO] - [1], [26, 27]
[2025-01-29 13:14:40,688][__main__][INFO] - [1, 28], [26]
[2025-01-29 13:14:41,190][__main__][INFO] - [1, 29], [26]
[2025-01-29 13:14:41,280][__main__][INFO] - [1, 31], [26]
[2025-01-29 13:14:41,542][__main__][INFO] - [1], [26, 31]
[2025-01-29 13:14:41,812][__main__][INFO] - [1, 32], [26]
[2025-01-29 13:14:41,913][__main__][INFO] - [1, 33], [26]
[2025-01-29 13:14:42,201][__main__][INFO] - [1, 34], [26]
[2025-01-29 13:14:42,277][__main__][INFO] - [1, 35], [26]
[2025-01-29 13:14:42,373][__main__][INFO] - [1, 36], [26]
[2025-01-29 13:14:42,436][__main__][INFO] - [1, 37], [26]
[2025-01-29 13:14:42,486][__main__][INFO] - [1, 38], [26]
[2025-01-29 13:14:42,534][__main__][INFO] - [1, 39], [26]
[2025-01-29 13:14:42,643][__main__][INFO] - [1, 27, 28], []
[2025-01-29 13:14:42,692][__main__][INFO] - [1, 27, 29], []
[2025-01-29 13:14:42,771][__main__][INFO] - [1, 27, 31], []
[2025-01-29 13:14:42,820][__main__][INFO] - [1, 27], [31]
[2025-01-29 13:14:42,870][__main__][INFO] - [1, 27, 32], []
[2025-01-29 13:14:42,918][__main__][INFO] - [1, 27, 33], []
[2025-01-29 13:14:42,967][__main__][INFO] - [1, 27, 34], []
[2025-01-29 13:14:43,015][__main__][INFO] - [1, 27, 35], []
[2025-01-29 13:14:43,063][__main__][INFO] - [1, 27, 36], []
[2025-01-29 13:14:43,262][__main__][INFO] - [1, 28], [27]
[2025-01-29 13:14:43,743][__main__][INFO] - [1, 29], [27]
[2025-01-29 13:14:43,832][__main__][INFO] - [1, 31], [27]
[2025-01-29 13:14:44,080][__main__][INFO] - [1], [27, 31]
[2025-01-29 13:14:44,344][__main__][INFO] - [1, 32], [27]
[2025-01-29 13:14:44,444][__main__][INFO] - [1, 33], [27]
[2025-01-29 13:14:44,732][__main__][INFO] - [1, 34], [27]
[2025-01-29 13:14:44,808][__main__][INFO] - [1, 35], [27]
[2025-01-29 13:14:44,903][__main__][INFO] - [1, 36], [27]
[2025-01-29 13:14:44,965][__main__][INFO] - [1, 37], [27]
[2025-01-29 13:14:45,014][__main__][INFO] - [1, 38], [27]
[2025-01-29 13:14:45,063][__main__][INFO] - [1, 39], [27]
[2025-01-29 13:14:45,171][__main__][INFO] - [1, 28, 31], []
[2025-01-29 13:14:45,421][__main__][INFO] - [1, 28], [31]
[2025-01-29 13:14:45,683][__main__][INFO] - [1, 28, 32], []
[2025-01-29 13:14:45,783][__main__][INFO] - [1, 28, 33], []
[2025-01-29 13:14:46,070][__main__][INFO] - [1, 28, 34], []
[2025-01-29 13:14:46,144][__main__][INFO] - [1, 28, 35], []
[2025-01-29 13:14:46,240][__main__][INFO] - [1, 28, 36], []
[2025-01-29 13:14:46,301][__main__][INFO] - [1, 28, 37], []
[2025-01-29 13:14:46,350][__main__][INFO] - [1, 28, 38], []
[2025-01-29 13:14:46,398][__main__][INFO] - [1, 28, 39], []
[2025-01-29 13:14:46,504][__main__][INFO] - [1, 29, 31], []
[2025-01-29 13:14:46,555][__main__][INFO] - [1, 29], [31]
[2025-01-29 13:14:46,609][__main__][INFO] - [1, 29, 32], []
[2025-01-29 13:14:46,658][__main__][INFO] - [1, 29, 33], []
[2025-01-29 13:14:46,711][__main__][INFO] - [1, 29, 34], []
[2025-01-29 13:14:46,760][__main__][INFO] - [1, 29, 35], []
[2025-01-29 13:14:46,808][__main__][INFO] - [1, 29, 36], []
[2025-01-29 13:14:46,855][__main__][INFO] - [1, 29, 37], []
[2025-01-29 13:14:47,054][__main__][INFO] - [1, 31, 32], []
[2025-01-29 13:14:47,125][__main__][INFO] - [1, 31, 33], []
[2025-01-29 13:14:47,276][__main__][INFO] - [1, 31, 34], []
[2025-01-29 13:14:47,335][__main__][INFO] - [1, 31, 35], []
[2025-01-29 13:14:47,406][__main__][INFO] - [1, 31, 36], []
[2025-01-29 13:14:47,460][__main__][INFO] - [1, 31, 37], []
[2025-01-29 13:14:47,509][__main__][INFO] - [1, 31, 38], []
[2025-01-29 13:14:47,557][__main__][INFO] - [1, 31, 39], []
[2025-01-29 13:14:47,666][__main__][INFO] - [1, 32], [31]
[2025-01-29 13:14:47,739][__main__][INFO] - [1, 33], [31]
[2025-01-29 13:14:47,902][__main__][INFO] - [1, 34], [31]
[2025-01-29 13:14:47,963][__main__][INFO] - [1, 35], [31]
[2025-01-29 13:14:48,032][__main__][INFO] - [1, 36], [31]
[2025-01-29 13:14:48,087][__main__][INFO] - [1, 37], [31]
[2025-01-29 13:14:48,135][__main__][INFO] - [1, 38], [31]
[2025-01-29 13:14:48,183][__main__][INFO] - [1, 39], [31]
[2025-01-29 13:14:48,320][__main__][INFO] - [2, 10, 11], []
[2025-01-29 13:14:48,389][__main__][INFO] - [2, 10, 12], []
[2025-01-29 13:14:48,437][__main__][INFO] - [2, 10, 13], []
[2025-01-29 13:14:48,485][__main__][INFO] - [2, 10, 14], []
[2025-01-29 13:14:48,564][__main__][INFO] - [2, 10, 16], []
[2025-01-29 13:14:48,636][__main__][INFO] - [2, 10, 17], []
[2025-01-29 13:14:48,684][__main__][INFO] - [2, 10, 18], []
[2025-01-29 13:14:48,730][__main__][INFO] - [2, 10, 19], []
[2025-01-29 13:14:48,808][__main__][INFO] - [2, 10, 21], []
[2025-01-29 13:14:48,867][__main__][INFO] - [2, 10, 22], []
[2025-01-29 13:14:48,920][__main__][INFO] - [2, 10, 23], []
[2025-01-29 13:14:48,972][__main__][INFO] - [2, 10, 24], []
[2025-01-29 13:14:49,020][__main__][INFO] - [2, 10, 25], []
[2025-01-29 13:14:49,070][__main__][INFO] - [2, 10], [25]
[2025-01-29 13:14:49,139][__main__][INFO] - [2, 10, 26], []
[2025-01-29 13:14:49,190][__main__][INFO] - [2, 10], [26]
[2025-01-29 13:14:49,258][__main__][INFO] - [2, 10, 27], []
[2025-01-29 13:14:49,310][__main__][INFO] - [2, 10], [27]
[2025-01-29 13:14:49,377][__main__][INFO] - [2, 10, 28], []
[2025-01-29 13:14:49,432][__main__][INFO] - [2, 10, 29], []
[2025-01-29 13:14:49,525][__main__][INFO] - [2, 10, 31], []
[2025-01-29 13:14:49,582][__main__][INFO] - [2, 10], [31]
[2025-01-29 13:14:49,642][__main__][INFO] - [2, 10, 32], []
[2025-01-29 13:14:49,693][__main__][INFO] - [2, 10, 33], []
[2025-01-29 13:14:49,752][__main__][INFO] - [2, 10, 34], []
[2025-01-29 13:14:49,801][__main__][INFO] - [2, 10, 35], []
[2025-01-29 13:14:49,851][__main__][INFO] - [2, 10, 36], []
[2025-01-29 13:14:49,900][__main__][INFO] - [2, 10, 37], []
[2025-01-29 13:14:49,978][__main__][INFO] - [2, 10, 39], []
[2025-01-29 13:14:50,086][__main__][INFO] - [2, 11], [10]
[2025-01-29 13:14:50,534][__main__][INFO] - [2, 12], [10]
[2025-01-29 13:14:50,626][__main__][INFO] - [2, 13], [10]
[2025-01-29 13:14:50,692][__main__][INFO] - [2, 14], [10]
[2025-01-29 13:14:50,744][__main__][INFO] - [2, 15], [10]
[2025-01-29 13:14:50,793][__main__][INFO] - [2, 16], [10]
[2025-01-29 13:14:51,310][__main__][INFO] - [2, 17], [10]
[2025-01-29 13:14:51,361][__main__][INFO] - [2, 18], [10]
[2025-01-29 13:14:51,408][__main__][INFO] - [2, 19], [10]
[2025-01-29 13:14:51,488][__main__][INFO] - [2, 21], [10]
[2025-01-29 13:14:51,813][__main__][INFO] - [2, 22], [10]
[2025-01-29 13:14:51,954][__main__][INFO] - [2, 23], [10]
[2025-01-29 13:14:52,071][__main__][INFO] - [2, 24], [10]
[2025-01-29 13:14:52,121][__main__][INFO] - [2, 25], [10]
[2025-01-29 13:14:52,233][__main__][INFO] - [2], [10, 25]
[2025-01-29 13:14:52,721][__main__][INFO] - [2], [10, 26]
[2025-01-29 13:14:53,296][__main__][INFO] - [2], [10, 27]
[2025-01-29 13:14:53,834][__main__][INFO] - [2, 28], [10]
[2025-01-29 13:14:54,430][__main__][INFO] - [2, 31], [10]
[2025-01-29 13:14:54,694][__main__][INFO] - [2], [10, 31]
[2025-01-29 13:14:54,971][__main__][INFO] - [2, 32], [10]
[2025-01-29 13:14:55,076][__main__][INFO] - [2, 33], [10]
[2025-01-29 13:14:55,375][__main__][INFO] - [2, 34], [10]
[2025-01-29 13:14:55,442][__main__][INFO] - [2, 35], [10]
[2025-01-29 13:14:55,546][__main__][INFO] - [2, 36], [10]
[2025-01-29 13:14:55,610][__main__][INFO] - [2, 37], [10]
[2025-01-29 13:14:55,660][__main__][INFO] - [2, 38], [10]
[2025-01-29 13:14:55,709][__main__][INFO] - [2, 39], [10]
[2025-01-29 13:14:55,817][__main__][INFO] - [2, 11, 16], []
[2025-01-29 13:14:56,278][__main__][INFO] - [2, 11, 17], []
[2025-01-29 13:14:56,329][__main__][INFO] - [2, 11, 18], []
[2025-01-29 13:14:56,375][__main__][INFO] - [2, 11, 19], []
[2025-01-29 13:14:56,455][__main__][INFO] - [2, 11, 21], []
[2025-01-29 13:14:56,737][__main__][INFO] - [2, 11, 22], []
[2025-01-29 13:14:56,879][__main__][INFO] - [2, 11, 23], []
[2025-01-29 13:14:56,985][__main__][INFO] - [2, 11, 24], []
[2025-01-29 13:14:57,066][__main__][INFO] - [2, 11], [25]
[2025-01-29 13:14:57,549][__main__][INFO] - [2, 11, 26], []
[2025-01-29 13:14:57,598][__main__][INFO] - [2, 11], [26]
[2025-01-29 13:14:58,067][__main__][INFO] - [2, 11, 27], []
[2025-01-29 13:14:58,118][__main__][INFO] - [2, 11], [27]
[2025-01-29 13:14:58,588][__main__][INFO] - [2, 11, 28], []
[2025-01-29 13:14:59,047][__main__][INFO] - [2, 11, 29], []
[2025-01-29 13:14:59,138][__main__][INFO] - [2, 11, 31], []
[2025-01-29 13:14:59,374][__main__][INFO] - [2, 11], [31]
[2025-01-29 13:14:59,625][__main__][INFO] - [2, 11, 32], []
[2025-01-29 13:14:59,722][__main__][INFO] - [2, 11, 33], []
[2025-01-29 13:15:00,012][__main__][INFO] - [2, 11, 34], []
[2025-01-29 13:15:00,079][__main__][INFO] - [2, 11, 35], []
[2025-01-29 13:15:00,157][__main__][INFO] - [2, 11, 36], []
[2025-01-29 13:15:00,222][__main__][INFO] - [2, 11, 37], []
[2025-01-29 13:15:00,272][__main__][INFO] - [2, 11, 38], []
[2025-01-29 13:15:00,320][__main__][INFO] - [2, 11, 39], []
[2025-01-29 13:15:00,428][__main__][INFO] - [2, 12, 16], []
[2025-01-29 13:15:00,521][__main__][INFO] - [2, 12, 17], []
[2025-01-29 13:15:00,660][__main__][INFO] - [2, 12, 21], []
[2025-01-29 13:15:00,744][__main__][INFO] - [2, 12, 22], []
[2025-01-29 13:15:00,793][__main__][INFO] - [2, 12, 23], []
[2025-01-29 13:15:00,846][__main__][INFO] - [2, 12, 24], []
[2025-01-29 13:15:00,893][__main__][INFO] - [2, 12, 25], []
[2025-01-29 13:15:01,017][__main__][INFO] - [2, 12, 26], []
[2025-01-29 13:15:01,065][__main__][INFO] - [2, 12], [26]
[2025-01-29 13:15:01,157][__main__][INFO] - [2, 12, 27], []
[2025-01-29 13:15:01,205][__main__][INFO] - [2, 12], [27]
[2025-01-29 13:15:01,297][__main__][INFO] - [2, 12, 28], []
[2025-01-29 13:15:01,390][__main__][INFO] - [2, 12, 29], []
[2025-01-29 13:15:01,469][__main__][INFO] - [2, 12, 31], []
[2025-01-29 13:15:01,537][__main__][INFO] - [2, 12], [31]
[2025-01-29 13:15:01,605][__main__][INFO] - [2, 12, 32], []
[2025-01-29 13:15:01,660][__main__][INFO] - [2, 12, 33], []
[2025-01-29 13:15:01,722][__main__][INFO] - [2, 12, 34], []
[2025-01-29 13:15:01,770][__main__][INFO] - [2, 12, 35], []
[2025-01-29 13:15:01,832][__main__][INFO] - [2, 12, 36], []
[2025-01-29 13:15:01,881][__main__][INFO] - [2, 12, 37], []
[2025-01-29 13:15:01,928][__main__][INFO] - [2, 12, 38], []
[2025-01-29 13:15:02,067][__main__][INFO] - [2, 13, 16], []
[2025-01-29 13:15:02,132][__main__][INFO] - [2, 13, 17], []
[2025-01-29 13:15:02,180][__main__][INFO] - [2, 13, 18], []
[2025-01-29 13:15:02,226][__main__][INFO] - [2, 13, 19], []
[2025-01-29 13:15:02,305][__main__][INFO] - [2, 13, 21], []
[2025-01-29 13:15:02,365][__main__][INFO] - [2, 13, 22], []
[2025-01-29 13:15:02,424][__main__][INFO] - [2, 13, 23], []
[2025-01-29 13:15:02,475][__main__][INFO] - [2, 13, 24], []
[2025-01-29 13:15:02,559][__main__][INFO] - [2, 13, 25], []
[2025-01-29 13:15:02,659][__main__][INFO] - [2, 13, 26], []
[2025-01-29 13:15:02,707][__main__][INFO] - [2, 13], [26]
[2025-01-29 13:15:02,775][__main__][INFO] - [2, 13, 27], []
[2025-01-29 13:15:02,824][__main__][INFO] - [2, 13], [27]
[2025-01-29 13:15:02,890][__main__][INFO] - [2, 13, 28], []
[2025-01-29 13:15:02,956][__main__][INFO] - [2, 13, 29], []
[2025-01-29 13:15:03,035][__main__][INFO] - [2, 13, 31], []
[2025-01-29 13:15:03,090][__main__][INFO] - [2, 13], [31]
[2025-01-29 13:15:03,147][__main__][INFO] - [2, 13, 32], []
[2025-01-29 13:15:03,196][__main__][INFO] - [2, 13, 33], []
[2025-01-29 13:15:03,250][__main__][INFO] - [2, 13, 34], []
[2025-01-29 13:15:03,297][__main__][INFO] - [2, 13, 35], []
[2025-01-29 13:15:03,353][__main__][INFO] - [2, 13, 36], []
[2025-01-29 13:15:03,431][__main__][INFO] - [2, 13, 38], []
[2025-01-29 13:15:03,569][__main__][INFO] - [2, 14, 16], []
[2025-01-29 13:15:03,621][__main__][INFO] - [2, 14, 17], []
[2025-01-29 13:15:03,669][__main__][INFO] - [2, 14, 18], []
[2025-01-29 13:15:03,776][__main__][INFO] - [2, 14, 21], []
[2025-01-29 13:15:03,825][__main__][INFO] - [2, 14, 22], []
[2025-01-29 13:15:03,874][__main__][INFO] - [2, 14, 23], []
[2025-01-29 13:15:03,984][__main__][INFO] - [2, 14], [25]
[2025-01-29 13:15:04,067][__main__][INFO] - [2, 14], [26]
[2025-01-29 13:15:04,150][__main__][INFO] - [2, 14], [27]
[2025-01-29 13:15:04,202][__main__][INFO] - [2, 14, 28], []
[2025-01-29 13:15:04,254][__main__][INFO] - [2, 14, 29], []
[2025-01-29 13:15:04,332][__main__][INFO] - [2, 14, 31], []
[2025-01-29 13:15:04,382][__main__][INFO] - [2, 14], [31]
[2025-01-29 13:15:04,432][__main__][INFO] - [2, 14, 32], []
[2025-01-29 13:15:04,480][__main__][INFO] - [2, 14, 33], []
[2025-01-29 13:15:04,529][__main__][INFO] - [2, 14, 34], []
[2025-01-29 13:15:04,577][__main__][INFO] - [2, 14, 35], []
[2025-01-29 13:15:04,626][__main__][INFO] - [2, 14, 36], []
[2025-01-29 13:15:04,825][__main__][INFO] - [2, 15, 16], []
[2025-01-29 13:15:04,994][__main__][INFO] - [2, 15, 21], []
[2025-01-29 13:15:05,042][__main__][INFO] - [2, 15, 22], []
[2025-01-29 13:15:05,090][__main__][INFO] - [2, 15, 23], []
[2025-01-29 13:15:05,199][__main__][INFO] - [2, 15], [25]
[2025-01-29 13:15:05,278][__main__][INFO] - [2, 15], [26]
[2025-01-29 13:15:05,356][__main__][INFO] - [2, 15], [27]
[2025-01-29 13:15:05,404][__main__][INFO] - [2, 15, 28], []
[2025-01-29 13:15:05,514][__main__][INFO] - [2, 15, 31], []
[2025-01-29 13:15:05,561][__main__][INFO] - [2, 15], [31]
[2025-01-29 13:15:05,609][__main__][INFO] - [2, 15, 32], []
[2025-01-29 13:15:05,657][__main__][INFO] - [2, 15, 33], []
[2025-01-29 13:15:05,735][__main__][INFO] - [2, 15, 35], []
[2025-01-29 13:15:05,844][__main__][INFO] - [2, 15, 38], []
[2025-01-29 13:15:05,982][__main__][INFO] - [2, 16, 21], []
[2025-01-29 13:15:06,316][__main__][INFO] - [2, 16, 22], []
[2025-01-29 13:15:06,459][__main__][INFO] - [2, 16, 23], []
[2025-01-29 13:15:06,577][__main__][INFO] - [2, 16, 24], []
[2025-01-29 13:15:06,628][__main__][INFO] - [2, 16, 25], []
[2025-01-29 13:15:06,742][__main__][INFO] - [2, 16], [25]
[2025-01-29 13:15:07,205][__main__][INFO] - [2, 16, 26], []
[2025-01-29 13:15:07,255][__main__][INFO] - [2, 16], [26]
[2025-01-29 13:15:07,798][__main__][INFO] - [2, 16, 27], []
[2025-01-29 13:15:07,850][__main__][INFO] - [2, 16], [27]
[2025-01-29 13:15:08,388][__main__][INFO] - [2, 16, 28], []
[2025-01-29 13:15:08,908][__main__][INFO] - [2, 16, 29], []
[2025-01-29 13:15:09,001][__main__][INFO] - [2, 16, 31], []
[2025-01-29 13:15:09,271][__main__][INFO] - [2, 16], [31]
[2025-01-29 13:15:09,552][__main__][INFO] - [2, 16, 32], []
[2025-01-29 13:15:09,659][__main__][INFO] - [2, 16, 33], []
[2025-01-29 13:15:09,965][__main__][INFO] - [2, 16, 34], []
[2025-01-29 13:15:10,032][__main__][INFO] - [2, 16, 35], []
[2025-01-29 13:15:10,136][__main__][INFO] - [2, 16, 36], []
[2025-01-29 13:15:10,200][__main__][INFO] - [2, 16, 37], []
[2025-01-29 13:15:10,250][__main__][INFO] - [2, 16, 38], []
[2025-01-29 13:15:10,298][__main__][INFO] - [2, 16, 39], []
[2025-01-29 13:15:10,406][__main__][INFO] - [2, 17, 21], []
[2025-01-29 13:15:10,455][__main__][INFO] - [2, 17, 22], []
[2025-01-29 13:15:10,503][__main__][INFO] - [2, 17, 23], []
[2025-01-29 13:15:10,551][__main__][INFO] - [2, 17, 24], []
[2025-01-29 13:15:10,599][__main__][INFO] - [2, 17, 25], []
[2025-01-29 13:15:10,646][__main__][INFO] - [2, 17], [25]
[2025-01-29 13:15:10,697][__main__][INFO] - [2, 17, 26], []
[2025-01-29 13:15:10,746][__main__][INFO] - [2, 17], [26]
[2025-01-29 13:15:10,829][__main__][INFO] - [2, 17], [27]
[2025-01-29 13:15:10,881][__main__][INFO] - [2, 17, 28], []
[2025-01-29 13:15:10,932][__main__][INFO] - [2, 17, 29], []
[2025-01-29 13:15:11,012][__main__][INFO] - [2, 17, 31], []
[2025-01-29 13:15:11,060][__main__][INFO] - [2, 17], [31]
[2025-01-29 13:15:11,110][__main__][INFO] - [2, 17, 32], []
[2025-01-29 13:15:11,158][__main__][INFO] - [2, 17, 33], []
[2025-01-29 13:15:11,207][__main__][INFO] - [2, 17, 34], []
[2025-01-29 13:15:11,255][__main__][INFO] - [2, 17, 35], []
[2025-01-29 13:15:11,303][__main__][INFO] - [2, 17, 36], []
[2025-01-29 13:15:11,500][__main__][INFO] - [2, 18, 21], []
[2025-01-29 13:15:11,547][__main__][INFO] - [2, 18, 22], []
[2025-01-29 13:15:11,593][__main__][INFO] - [2, 18, 23], []
[2025-01-29 13:15:11,670][__main__][INFO] - [2, 18, 25], []
[2025-01-29 13:15:11,717][__main__][INFO] - [2, 18], [25]
[2025-01-29 13:15:11,794][__main__][INFO] - [2, 18], [26]
[2025-01-29 13:15:11,871][__main__][INFO] - [2, 18], [27]
[2025-01-29 13:15:11,917][__main__][INFO] - [2, 18, 28], []
[2025-01-29 13:15:12,025][__main__][INFO] - [2, 18, 31], []
[2025-01-29 13:15:12,071][__main__][INFO] - [2, 18], [31]
[2025-01-29 13:15:12,118][__main__][INFO] - [2, 18, 32], []
[2025-01-29 13:15:12,164][__main__][INFO] - [2, 18, 33], []
[2025-01-29 13:15:12,212][__main__][INFO] - [2, 18, 34], []
[2025-01-29 13:15:12,259][__main__][INFO] - [2, 18, 35], []
[2025-01-29 13:15:12,306][__main__][INFO] - [2, 18, 36], []
[2025-01-29 13:15:12,507][__main__][INFO] - [2, 19, 21], []
[2025-01-29 13:15:12,555][__main__][INFO] - [2, 19, 22], []
[2025-01-29 13:15:12,603][__main__][INFO] - [2, 19, 23], []
[2025-01-29 13:15:12,681][__main__][INFO] - [2, 19, 25], []
[2025-01-29 13:15:12,729][__main__][INFO] - [2, 19], [25]
[2025-01-29 13:15:12,808][__main__][INFO] - [2, 19], [26]
[2025-01-29 13:15:12,887][__main__][INFO] - [2, 19], [27]
[2025-01-29 13:15:12,936][__main__][INFO] - [2, 19, 28], []
[2025-01-29 13:15:13,045][__main__][INFO] - [2, 19, 31], []
[2025-01-29 13:15:13,093][__main__][INFO] - [2, 19], [31]
[2025-01-29 13:15:13,142][__main__][INFO] - [2, 19, 32], []
[2025-01-29 13:15:13,189][__main__][INFO] - [2, 19, 33], []
[2025-01-29 13:15:13,238][__main__][INFO] - [2, 19, 34], []
[2025-01-29 13:15:13,285][__main__][INFO] - [2, 19, 35], []
[2025-01-29 13:15:13,333][__main__][INFO] - [2, 19, 36], []
[2025-01-29 13:15:13,560][__main__][INFO] - [2, 21, 25], []
[2025-01-29 13:15:13,660][__main__][INFO] - [2, 21], [25]
[2025-01-29 13:15:13,948][__main__][INFO] - [2, 21, 26], []
[2025-01-29 13:15:13,997][__main__][INFO] - [2, 21], [26]
[2025-01-29 13:15:14,334][__main__][INFO] - [2, 21, 27], []
[2025-01-29 13:15:14,384][__main__][INFO] - [2, 21], [27]
[2025-01-29 13:15:14,723][__main__][INFO] - [2, 21, 28], []
[2025-01-29 13:15:15,052][__main__][INFO] - [2, 21, 29], []
[2025-01-29 13:15:15,138][__main__][INFO] - [2, 21, 31], []
[2025-01-29 13:15:15,315][__main__][INFO] - [2, 21], [31]
[2025-01-29 13:15:15,502][__main__][INFO] - [2, 21, 32], []
[2025-01-29 13:15:15,595][__main__][INFO] - [2, 21, 33], []
[2025-01-29 13:15:15,778][__main__][INFO] - [2, 21, 34], []
[2025-01-29 13:15:15,829][__main__][INFO] - [2, 21, 35], []
[2025-01-29 13:15:15,921][__main__][INFO] - [2, 21, 36], []
[2025-01-29 13:15:15,980][__main__][INFO] - [2, 21, 37], []
[2025-01-29 13:15:16,029][__main__][INFO] - [2, 21, 38], []
[2025-01-29 13:15:16,077][__main__][INFO] - [2, 21, 39], []
[2025-01-29 13:15:16,185][__main__][INFO] - [2, 22, 25], []
[2025-01-29 13:15:16,235][__main__][INFO] - [2, 22], [25]
[2025-01-29 13:15:16,376][__main__][INFO] - [2, 22, 26], []
[2025-01-29 13:15:16,424][__main__][INFO] - [2, 22], [26]
[2025-01-29 13:15:16,570][__main__][INFO] - [2, 22, 27], []
[2025-01-29 13:15:16,619][__main__][INFO] - [2, 22], [27]
[2025-01-29 13:15:16,765][__main__][INFO] - [2, 22, 28], []
[2025-01-29 13:15:16,909][__main__][INFO] - [2, 22, 29], []
[2025-01-29 13:15:16,990][__main__][INFO] - [2, 22, 31], []
[2025-01-29 13:15:17,083][__main__][INFO] - [2, 22], [31]
[2025-01-29 13:15:17,176][__main__][INFO] - [2, 22, 32], []
[2025-01-29 13:15:17,227][__main__][INFO] - [2, 22, 33], []
[2025-01-29 13:15:17,339][__main__][INFO] - [2, 22, 34], []
[2025-01-29 13:15:17,398][__main__][INFO] - [2, 22, 35], []
[2025-01-29 13:15:17,451][__main__][INFO] - [2, 22, 36], []
[2025-01-29 13:15:17,500][__main__][INFO] - [2, 22, 37], []
[2025-01-29 13:15:17,548][__main__][INFO] - [2, 22, 38], []
[2025-01-29 13:15:17,596][__main__][INFO] - [2, 22, 39], []
[2025-01-29 13:15:17,704][__main__][INFO] - [2, 23, 25], []
[2025-01-29 13:15:17,760][__main__][INFO] - [2, 23], [25]
[2025-01-29 13:15:17,870][__main__][INFO] - [2, 23, 26], []
[2025-01-29 13:15:17,917][__main__][INFO] - [2, 23], [26]
[2025-01-29 13:15:18,037][__main__][INFO] - [2, 23, 27], []
[2025-01-29 13:15:18,085][__main__][INFO] - [2, 23], [27]
[2025-01-29 13:15:18,206][__main__][INFO] - [2, 23, 28], []
[2025-01-29 13:15:18,325][__main__][INFO] - [2, 23, 29], []
[2025-01-29 13:15:18,406][__main__][INFO] - [2, 23, 31], []
[2025-01-29 13:15:18,486][__main__][INFO] - [2, 23], [31]
[2025-01-29 13:15:18,568][__main__][INFO] - [2, 23, 32], []
[2025-01-29 13:15:18,623][__main__][INFO] - [2, 23, 33], []
[2025-01-29 13:15:18,709][__main__][INFO] - [2, 23, 34], []
[2025-01-29 13:15:18,759][__main__][INFO] - [2, 23, 35], []
[2025-01-29 13:15:18,814][__main__][INFO] - [2, 23, 36], []
[2025-01-29 13:15:18,864][__main__][INFO] - [2, 23, 37], []
[2025-01-29 13:15:18,912][__main__][INFO] - [2, 23, 38], []
[2025-01-29 13:15:18,960][__main__][INFO] - [2, 23, 39], []
[2025-01-29 13:15:19,067][__main__][INFO] - [2, 24, 25], []
[2025-01-29 13:15:19,114][__main__][INFO] - [2, 24], [25]
[2025-01-29 13:15:19,195][__main__][INFO] - [2, 24], [26]
[2025-01-29 13:15:19,276][__main__][INFO] - [2, 24], [27]
[2025-01-29 13:15:19,327][__main__][INFO] - [2, 24, 28], []
[2025-01-29 13:15:19,378][__main__][INFO] - [2, 24, 29], []
[2025-01-29 13:15:19,456][__main__][INFO] - [2, 24, 31], []
[2025-01-29 13:15:19,505][__main__][INFO] - [2, 24], [31]
[2025-01-29 13:15:19,554][__main__][INFO] - [2, 24, 32], []
[2025-01-29 13:15:19,602][__main__][INFO] - [2, 24, 33], []
[2025-01-29 13:15:19,652][__main__][INFO] - [2, 24, 34], []
[2025-01-29 13:15:19,701][__main__][INFO] - [2, 24, 35], []
[2025-01-29 13:15:19,749][__main__][INFO] - [2, 24, 36], []
[2025-01-29 13:15:19,951][__main__][INFO] - [2, 25, 26], []
[2025-01-29 13:15:19,999][__main__][INFO] - [2, 25], [26]
[2025-01-29 13:15:20,113][__main__][INFO] - [2, 25, 27], []
[2025-01-29 13:15:20,161][__main__][INFO] - [2, 25], [27]
[2025-01-29 13:15:20,275][__main__][INFO] - [2, 25, 28], []
[2025-01-29 13:15:20,390][__main__][INFO] - [2, 25, 29], []
[2025-01-29 13:15:20,468][__main__][INFO] - [2, 25, 31], []
[2025-01-29 13:15:20,547][__main__][INFO] - [2, 25], [31]
[2025-01-29 13:15:20,625][__main__][INFO] - [2, 25, 32], []
[2025-01-29 13:15:20,682][__main__][INFO] - [2, 25, 33], []
[2025-01-29 13:15:20,750][__main__][INFO] - [2, 25, 34], []
[2025-01-29 13:15:20,799][__main__][INFO] - [2, 25, 35], []
[2025-01-29 13:15:20,869][__main__][INFO] - [2, 25, 36], []
[2025-01-29 13:15:20,917][__main__][INFO] - [2, 25, 37], []
[2025-01-29 13:15:20,965][__main__][INFO] - [2, 25, 38], []
[2025-01-29 13:15:21,103][__main__][INFO] - [2, 26], [25]
[2025-01-29 13:15:21,153][__main__][INFO] - [2], [25, 26]
[2025-01-29 13:15:21,632][__main__][INFO] - [2, 27], [25]
[2025-01-29 13:15:21,683][__main__][INFO] - [2], [25, 27]
[2025-01-29 13:15:22,160][__main__][INFO] - [2, 28], [25]
[2025-01-29 13:15:22,631][__main__][INFO] - [2, 29], [25]
[2025-01-29 13:15:22,723][__main__][INFO] - [2, 31], [25]
[2025-01-29 13:15:22,964][__main__][INFO] - [2], [25, 31]
[2025-01-29 13:15:23,215][__main__][INFO] - [2, 32], [25]
[2025-01-29 13:15:23,312][__main__][INFO] - [2, 33], [25]
[2025-01-29 13:15:23,601][__main__][INFO] - [2, 34], [25]
[2025-01-29 13:15:23,668][__main__][INFO] - [2, 35], [25]
[2025-01-29 13:15:23,749][__main__][INFO] - [2, 36], [25]
[2025-01-29 13:15:23,814][__main__][INFO] - [2, 37], [25]
[2025-01-29 13:15:23,864][__main__][INFO] - [2, 38], [25]
[2025-01-29 13:15:23,913][__main__][INFO] - [2, 39], [25]
[2025-01-29 13:15:24,021][__main__][INFO] - [2, 26, 27], []
[2025-01-29 13:15:24,068][__main__][INFO] - [2, 26], [27]
[2025-01-29 13:15:24,118][__main__][INFO] - [2, 26, 28], []
[2025-01-29 13:15:24,168][__main__][INFO] - [2, 26, 29], []
[2025-01-29 13:15:24,248][__main__][INFO] - [2, 26, 31], []
[2025-01-29 13:15:24,297][__main__][INFO] - [2, 26], [31]
[2025-01-29 13:15:24,346][__main__][INFO] - [2, 26, 32], []
[2025-01-29 13:15:24,395][__main__][INFO] - [2, 26, 33], []
[2025-01-29 13:15:24,444][__main__][INFO] - [2, 26, 34], []
[2025-01-29 13:15:24,492][__main__][INFO] - [2, 26, 35], []
[2025-01-29 13:15:24,539][__main__][INFO] - [2, 26, 36], []
[2025-01-29 13:15:24,737][__main__][INFO] - [2, 27], [26]
[2025-01-29 13:15:24,788][__main__][INFO] - [2], [26, 27]
[2025-01-29 13:15:25,345][__main__][INFO] - [2, 28], [26]
[2025-01-29 13:15:25,896][__main__][INFO] - [2, 29], [26]
[2025-01-29 13:15:25,987][__main__][INFO] - [2, 31], [26]
[2025-01-29 13:15:26,262][__main__][INFO] - [2], [26, 31]
[2025-01-29 13:15:26,548][__main__][INFO] - [2, 32], [26]
[2025-01-29 13:15:26,656][__main__][INFO] - [2, 33], [26]
[2025-01-29 13:15:26,974][__main__][INFO] - [2, 34], [26]
[2025-01-29 13:15:27,044][__main__][INFO] - [2, 35], [26]
[2025-01-29 13:15:27,149][__main__][INFO] - [2, 36], [26]
[2025-01-29 13:15:27,215][__main__][INFO] - [2, 37], [26]
[2025-01-29 13:15:27,266][__main__][INFO] - [2, 38], [26]
[2025-01-29 13:15:27,315][__main__][INFO] - [2, 39], [26]
[2025-01-29 13:15:27,426][__main__][INFO] - [2, 27, 28], []
[2025-01-29 13:15:27,476][__main__][INFO] - [2, 27, 29], []
[2025-01-29 13:15:27,555][__main__][INFO] - [2, 27, 31], []
[2025-01-29 13:15:27,604][__main__][INFO] - [2, 27], [31]
[2025-01-29 13:15:27,653][__main__][INFO] - [2, 27, 32], []
[2025-01-29 13:15:27,702][__main__][INFO] - [2, 27, 33], []
[2025-01-29 13:15:27,751][__main__][INFO] - [2, 27, 34], []
[2025-01-29 13:15:27,799][__main__][INFO] - [2, 27, 35], []
[2025-01-29 13:15:27,847][__main__][INFO] - [2, 27, 36], []
[2025-01-29 13:15:28,045][__main__][INFO] - [2, 28], [27]
[2025-01-29 13:15:28,590][__main__][INFO] - [2, 29], [27]
[2025-01-29 13:15:28,680][__main__][INFO] - [2, 31], [27]
[2025-01-29 13:15:28,950][__main__][INFO] - [2], [27, 31]
[2025-01-29 13:15:29,239][__main__][INFO] - [2, 32], [27]
[2025-01-29 13:15:29,347][__main__][INFO] - [2, 33], [27]
[2025-01-29 13:15:29,665][__main__][INFO] - [2, 34], [27]
[2025-01-29 13:15:29,734][__main__][INFO] - [2, 35], [27]
[2025-01-29 13:15:29,837][__main__][INFO] - [2, 36], [27]
[2025-01-29 13:15:29,902][__main__][INFO] - [2, 37], [27]
[2025-01-29 13:15:29,952][__main__][INFO] - [2, 38], [27]
[2025-01-29 13:15:30,000][__main__][INFO] - [2, 39], [27]
[2025-01-29 13:15:30,110][__main__][INFO] - [2, 28, 31], []
[2025-01-29 13:15:30,380][__main__][INFO] - [2, 28], [31]
[2025-01-29 13:15:30,665][__main__][INFO] - [2, 28, 32], []
[2025-01-29 13:15:30,772][__main__][INFO] - [2, 28, 33], []
[2025-01-29 13:15:31,076][__main__][INFO] - [2, 28, 34], []
[2025-01-29 13:15:31,144][__main__][INFO] - [2, 28, 35], []
[2025-01-29 13:15:31,249][__main__][INFO] - [2, 28, 36], []
[2025-01-29 13:15:31,313][__main__][INFO] - [2, 28, 37], []
[2025-01-29 13:15:31,363][__main__][INFO] - [2, 28, 38], []
[2025-01-29 13:15:31,411][__main__][INFO] - [2, 28, 39], []
[2025-01-29 13:15:31,519][__main__][INFO] - [2, 29, 31], []
[2025-01-29 13:15:31,571][__main__][INFO] - [2, 29], [31]
[2025-01-29 13:15:31,627][__main__][INFO] - [2, 29, 32], []
[2025-01-29 13:15:31,676][__main__][INFO] - [2, 29, 33], []
[2025-01-29 13:15:31,730][__main__][INFO] - [2, 29, 34], []
[2025-01-29 13:15:31,778][__main__][INFO] - [2, 29, 35], []
[2025-01-29 13:15:31,827][__main__][INFO] - [2, 29, 36], []
[2025-01-29 13:15:31,875][__main__][INFO] - [2, 29, 37], []
[2025-01-29 13:15:31,953][__main__][INFO] - [2, 29, 39], []
[2025-01-29 13:15:32,090][__main__][INFO] - [2, 31, 32], []
[2025-01-29 13:15:32,163][__main__][INFO] - [2, 31, 33], []
[2025-01-29 13:15:32,328][__main__][INFO] - [2, 31, 34], []
[2025-01-29 13:15:32,385][__main__][INFO] - [2, 31, 35], []
[2025-01-29 13:15:32,464][__main__][INFO] - [2, 31, 36], []
[2025-01-29 13:15:32,519][__main__][INFO] - [2, 31, 37], []
[2025-01-29 13:15:32,567][__main__][INFO] - [2, 31, 38], []
[2025-01-29 13:15:32,616][__main__][INFO] - [2, 31, 39], []
[2025-01-29 13:15:32,724][__main__][INFO] - [2, 32], [31]
[2025-01-29 13:15:32,800][__main__][INFO] - [2, 33], [31]
[2025-01-29 13:15:32,971][__main__][INFO] - [2, 34], [31]
[2025-01-29 13:15:33,028][__main__][INFO] - [2, 35], [31]
[2025-01-29 13:15:33,101][__main__][INFO] - [2, 36], [31]
[2025-01-29 13:15:33,158][__main__][INFO] - [2, 37], [31]
[2025-01-29 13:15:33,207][__main__][INFO] - [2, 38], [31]
[2025-01-29 13:15:33,255][__main__][INFO] - [2, 39], [31]
[2025-01-29 13:15:33,391][__main__][INFO] - [3, 10, 11], []
[2025-01-29 13:15:33,457][__main__][INFO] - [3, 10, 12], []
[2025-01-29 13:15:33,506][__main__][INFO] - [3, 10, 13], []
[2025-01-29 13:15:33,555][__main__][INFO] - [3, 10, 14], []
[2025-01-29 13:15:33,633][__main__][INFO] - [3, 10, 16], []
[2025-01-29 13:15:33,703][__main__][INFO] - [3, 10, 17], []
[2025-01-29 13:15:33,782][__main__][INFO] - [3, 10, 19], []
[2025-01-29 13:15:33,860][__main__][INFO] - [3, 10, 21], []
[2025-01-29 13:15:33,919][__main__][INFO] - [3, 10, 22], []
[2025-01-29 13:15:33,972][__main__][INFO] - [3, 10, 23], []
[2025-01-29 13:15:34,023][__main__][INFO] - [3, 10, 24], []
[2025-01-29 13:15:34,070][__main__][INFO] - [3, 10, 25], []
[2025-01-29 13:15:34,122][__main__][INFO] - [3, 10], [25]
[2025-01-29 13:15:34,189][__main__][INFO] - [3, 10, 26], []
[2025-01-29 13:15:34,239][__main__][INFO] - [3, 10], [26]
[2025-01-29 13:15:34,307][__main__][INFO] - [3, 10, 27], []
[2025-01-29 13:15:34,358][__main__][INFO] - [3, 10], [27]
[2025-01-29 13:15:34,424][__main__][INFO] - [3, 10, 28], []
[2025-01-29 13:15:34,481][__main__][INFO] - [3, 10, 29], []
[2025-01-29 13:15:34,571][__main__][INFO] - [3, 10, 31], []
[2025-01-29 13:15:34,627][__main__][INFO] - [3, 10], [31]
[2025-01-29 13:15:34,687][__main__][INFO] - [3, 10, 32], []
[2025-01-29 13:15:34,737][__main__][INFO] - [3, 10, 33], []
[2025-01-29 13:15:34,796][__main__][INFO] - [3, 10, 34], []
[2025-01-29 13:15:34,845][__main__][INFO] - [3, 10, 35], []
[2025-01-29 13:15:34,894][__main__][INFO] - [3, 10, 36], []
[2025-01-29 13:15:34,943][__main__][INFO] - [3, 10, 37], []
[2025-01-29 13:15:35,022][__main__][INFO] - [3, 10, 39], []
[2025-01-29 13:15:35,129][__main__][INFO] - [3, 11], [10]
[2025-01-29 13:15:35,473][__main__][INFO] - [3, 12], [10]
[2025-01-29 13:15:35,594][__main__][INFO] - [3, 13], [10]
[2025-01-29 13:15:35,682][__main__][INFO] - [3, 14], [10]
[2025-01-29 13:15:35,733][__main__][INFO] - [3, 15], [10]
[2025-01-29 13:15:35,781][__main__][INFO] - [3, 16], [10]
[2025-01-29 13:15:36,257][__main__][INFO] - [3, 17], [10]
[2025-01-29 13:15:36,312][__main__][INFO] - [3, 18], [10]
[2025-01-29 13:15:36,358][__main__][INFO] - [3, 19], [10]
[2025-01-29 13:15:36,437][__main__][INFO] - [3, 21], [10]
[2025-01-29 13:15:36,743][__main__][INFO] - [3, 22], [10]
[2025-01-29 13:15:36,875][__main__][INFO] - [3, 23], [10]
[2025-01-29 13:15:36,979][__main__][INFO] - [3, 24], [10]
[2025-01-29 13:15:37,030][__main__][INFO] - [3, 25], [10]
[2025-01-29 13:15:37,194][__main__][INFO] - [3], [10, 25]
[2025-01-29 13:15:37,581][__main__][INFO] - [3], [10, 26]
[2025-01-29 13:15:38,098][__main__][INFO] - [3], [10, 27]
[2025-01-29 13:15:38,582][__main__][INFO] - [3, 28], [10]
[2025-01-29 13:15:39,124][__main__][INFO] - [3, 31], [10]
[2025-01-29 13:15:39,373][__main__][INFO] - [3], [10, 31]
[2025-01-29 13:15:39,626][__main__][INFO] - [3, 32], [10]
[2025-01-29 13:15:39,719][__main__][INFO] - [3, 33], [10]
[2025-01-29 13:15:39,998][__main__][INFO] - [3, 34], [10]
[2025-01-29 13:15:40,059][__main__][INFO] - [3, 35], [10]
[2025-01-29 13:15:40,168][__main__][INFO] - [3, 36], [10]
[2025-01-29 13:15:40,229][__main__][INFO] - [3, 37], [10]
[2025-01-29 13:15:40,279][__main__][INFO] - [3, 38], [10]
[2025-01-29 13:15:40,328][__main__][INFO] - [3, 39], [10]
[2025-01-29 13:15:40,437][__main__][INFO] - [3, 11, 16], []
[2025-01-29 13:15:40,788][__main__][INFO] - [3, 11, 17], []
[2025-01-29 13:15:40,842][__main__][INFO] - [3, 11, 18], []
[2025-01-29 13:15:40,889][__main__][INFO] - [3, 11, 19], []
[2025-01-29 13:15:40,969][__main__][INFO] - [3, 11, 21], []
[2025-01-29 13:15:41,175][__main__][INFO] - [3, 11, 22], []
[2025-01-29 13:15:41,305][__main__][INFO] - [3, 11, 23], []
[2025-01-29 13:15:41,397][__main__][INFO] - [3, 11, 24], []
[2025-01-29 13:15:41,479][__main__][INFO] - [3, 11], [25]
[2025-01-29 13:15:41,853][__main__][INFO] - [3, 11, 26], []
[2025-01-29 13:15:41,903][__main__][INFO] - [3, 11], [26]
[2025-01-29 13:15:42,266][__main__][INFO] - [3, 11, 27], []
[2025-01-29 13:15:42,317][__main__][INFO] - [3, 11], [27]
[2025-01-29 13:15:42,691][__main__][INFO] - [3, 11, 28], []
[2025-01-29 13:15:43,043][__main__][INFO] - [3, 11, 29], []
[2025-01-29 13:15:43,132][__main__][INFO] - [3, 11, 31], []
[2025-01-29 13:15:43,326][__main__][INFO] - [3, 11], [31]
[2025-01-29 13:15:43,526][__main__][INFO] - [3, 11, 32], []
[2025-01-29 13:15:43,600][__main__][INFO] - [3, 11, 33], []
[2025-01-29 13:15:43,847][__main__][INFO] - [3, 11, 34], []
[2025-01-29 13:15:43,908][__main__][INFO] - [3, 11, 35], []
[2025-01-29 13:15:43,978][__main__][INFO] - [3, 11, 36], []
[2025-01-29 13:15:44,039][__main__][INFO] - [3, 11, 37], []
[2025-01-29 13:15:44,088][__main__][INFO] - [3, 11, 38], []
[2025-01-29 13:15:44,136][__main__][INFO] - [3, 11, 39], []
[2025-01-29 13:15:44,242][__main__][INFO] - [3, 12, 16], []
[2025-01-29 13:15:44,364][__main__][INFO] - [3, 12, 17], []
[2025-01-29 13:15:44,501][__main__][INFO] - [3, 12, 21], []
[2025-01-29 13:15:44,611][__main__][INFO] - [3, 12, 22], []
[2025-01-29 13:15:44,661][__main__][INFO] - [3, 12, 23], []
[2025-01-29 13:15:44,714][__main__][INFO] - [3, 12, 24], []
[2025-01-29 13:15:44,761][__main__][INFO] - [3, 12, 25], []
[2025-01-29 13:15:44,914][__main__][INFO] - [3, 12, 26], []
[2025-01-29 13:15:44,962][__main__][INFO] - [3, 12], [26]
[2025-01-29 13:15:45,082][__main__][INFO] - [3, 12, 27], []
[2025-01-29 13:15:45,130][__main__][INFO] - [3, 12], [27]
[2025-01-29 13:15:45,252][__main__][INFO] - [3, 12, 28], []
[2025-01-29 13:15:45,375][__main__][INFO] - [3, 12, 29], []
[2025-01-29 13:15:45,453][__main__][INFO] - [3, 12, 31], []
[2025-01-29 13:15:45,532][__main__][INFO] - [3, 12], [31]
[2025-01-29 13:15:45,615][__main__][INFO] - [3, 12, 32], []
[2025-01-29 13:15:45,676][__main__][INFO] - [3, 12, 33], []
[2025-01-29 13:15:45,751][__main__][INFO] - [3, 12, 34], []
[2025-01-29 13:15:45,799][__main__][INFO] - [3, 12, 35], []
[2025-01-29 13:15:45,865][__main__][INFO] - [3, 12, 36], []
[2025-01-29 13:15:45,913][__main__][INFO] - [3, 12, 37], []
[2025-01-29 13:15:45,960][__main__][INFO] - [3, 12, 38], []
[2025-01-29 13:15:46,007][__main__][INFO] - [3, 12, 39], []
[2025-01-29 13:15:46,114][__main__][INFO] - [3, 13, 16], []
[2025-01-29 13:15:46,203][__main__][INFO] - [3, 13, 17], []
[2025-01-29 13:15:46,251][__main__][INFO] - [3, 13, 18], []
[2025-01-29 13:15:46,298][__main__][INFO] - [3, 13, 19], []
[2025-01-29 13:15:46,375][__main__][INFO] - [3, 13, 21], []
[2025-01-29 13:15:46,454][__main__][INFO] - [3, 13, 22], []
[2025-01-29 13:15:46,503][__main__][INFO] - [3, 13, 23], []
[2025-01-29 13:15:46,555][__main__][INFO] - [3, 13, 24], []
[2025-01-29 13:15:46,603][__main__][INFO] - [3, 13, 25], []
[2025-01-29 13:15:46,722][__main__][INFO] - [3, 13, 26], []
[2025-01-29 13:15:46,770][__main__][INFO] - [3, 13], [26]
[2025-01-29 13:15:46,858][__main__][INFO] - [3, 13, 27], []
[2025-01-29 13:15:46,906][__main__][INFO] - [3, 13], [27]
[2025-01-29 13:15:46,994][__main__][INFO] - [3, 13, 28], []
[2025-01-29 13:15:47,083][__main__][INFO] - [3, 13, 29], []
[2025-01-29 13:15:47,161][__main__][INFO] - [3, 13, 31], []
[2025-01-29 13:15:47,230][__main__][INFO] - [3, 13], [31]
[2025-01-29 13:15:47,296][__main__][INFO] - [3, 13, 32], []
[2025-01-29 13:15:47,348][__main__][INFO] - [3, 13, 33], []
[2025-01-29 13:15:47,415][__main__][INFO] - [3, 13, 34], []
[2025-01-29 13:15:47,464][__main__][INFO] - [3, 13, 35], []
[2025-01-29 13:15:47,529][__main__][INFO] - [3, 13, 36], []
[2025-01-29 13:15:47,578][__main__][INFO] - [3, 13, 37], []
[2025-01-29 13:15:47,626][__main__][INFO] - [3, 13, 38], []
[2025-01-29 13:15:47,782][__main__][INFO] - [3, 14, 16], []
[2025-01-29 13:15:47,857][__main__][INFO] - [3, 14, 17], []
[2025-01-29 13:15:47,998][__main__][INFO] - [3, 14, 21], []
[2025-01-29 13:15:48,047][__main__][INFO] - [3, 14, 22], []
[2025-01-29 13:15:48,096][__main__][INFO] - [3, 14, 23], []
[2025-01-29 13:15:48,207][__main__][INFO] - [3, 14], [25]
[2025-01-29 13:15:48,292][__main__][INFO] - [3, 14], [26]
[2025-01-29 13:15:48,375][__main__][INFO] - [3, 14], [27]
[2025-01-29 13:15:48,427][__main__][INFO] - [3, 14, 28], []
[2025-01-29 13:15:48,479][__main__][INFO] - [3, 14, 29], []
[2025-01-29 13:15:48,558][__main__][INFO] - [3, 14, 31], []
[2025-01-29 13:15:48,607][__main__][INFO] - [3, 14], [31]
[2025-01-29 13:15:48,658][__main__][INFO] - [3, 14, 32], []
[2025-01-29 13:15:48,706][__main__][INFO] - [3, 14, 33], []
[2025-01-29 13:15:48,756][__main__][INFO] - [3, 14, 34], []
[2025-01-29 13:15:48,805][__main__][INFO] - [3, 14, 35], []
[2025-01-29 13:15:48,854][__main__][INFO] - [3, 14, 36], []
[2025-01-29 13:15:49,055][__main__][INFO] - [3, 15, 16], []
[2025-01-29 13:15:49,104][__main__][INFO] - [3, 15, 17], []
[2025-01-29 13:15:49,244][__main__][INFO] - [3, 15, 21], []
[2025-01-29 13:15:49,293][__main__][INFO] - [3, 15, 22], []
[2025-01-29 13:15:49,341][__main__][INFO] - [3, 15, 23], []
[2025-01-29 13:15:49,451][__main__][INFO] - [3, 15], [25]
[2025-01-29 13:15:49,530][__main__][INFO] - [3, 15], [26]
[2025-01-29 13:15:49,610][__main__][INFO] - [3, 15], [27]
[2025-01-29 13:15:49,659][__main__][INFO] - [3, 15, 28], []
[2025-01-29 13:15:49,769][__main__][INFO] - [3, 15, 31], []
[2025-01-29 13:15:49,818][__main__][INFO] - [3, 15], [31]
[2025-01-29 13:15:49,866][__main__][INFO] - [3, 15, 32], []
[2025-01-29 13:15:49,915][__main__][INFO] - [3, 15, 33], []
[2025-01-29 13:15:49,994][__main__][INFO] - [3, 15, 35], []
[2025-01-29 13:15:50,227][__main__][INFO] - [3, 16, 21], []
[2025-01-29 13:15:50,542][__main__][INFO] - [3, 16, 22], []
[2025-01-29 13:15:50,676][__main__][INFO] - [3, 16, 23], []
[2025-01-29 13:15:50,781][__main__][INFO] - [3, 16, 24], []
[2025-01-29 13:15:50,833][__main__][INFO] - [3, 16, 25], []
[2025-01-29 13:15:51,003][__main__][INFO] - [3, 16], [25]
[2025-01-29 13:15:51,373][__main__][INFO] - [3, 16, 26], []
[2025-01-29 13:15:51,424][__main__][INFO] - [3, 16], [26]
[2025-01-29 13:15:51,927][__main__][INFO] - [3, 16, 27], []
[2025-01-29 13:15:51,980][__main__][INFO] - [3, 16], [27]
[2025-01-29 13:15:52,477][__main__][INFO] - [3, 16, 28], []
[2025-01-29 13:15:52,966][__main__][INFO] - [3, 16, 29], []
[2025-01-29 13:15:53,058][__main__][INFO] - [3, 16, 31], []
[2025-01-29 13:15:53,318][__main__][INFO] - [3, 16], [31]
[2025-01-29 13:15:53,571][__main__][INFO] - [3, 16, 32], []
[2025-01-29 13:15:53,666][__main__][INFO] - [3, 16, 33], []
[2025-01-29 13:15:53,956][__main__][INFO] - [3, 16, 34], []
[2025-01-29 13:15:54,020][__main__][INFO] - [3, 16, 35], []
[2025-01-29 13:15:54,132][__main__][INFO] - [3, 16, 36], []
[2025-01-29 13:15:54,195][__main__][INFO] - [3, 16, 37], []
[2025-01-29 13:15:54,246][__main__][INFO] - [3, 16, 38], []
[2025-01-29 13:15:54,296][__main__][INFO] - [3, 16, 39], []
[2025-01-29 13:15:54,407][__main__][INFO] - [3, 17, 21], []
[2025-01-29 13:15:54,460][__main__][INFO] - [3, 17, 22], []
[2025-01-29 13:15:54,511][__main__][INFO] - [3, 17, 23], []
[2025-01-29 13:15:54,561][__main__][INFO] - [3, 17, 24], []
[2025-01-29 13:15:54,610][__main__][INFO] - [3, 17, 25], []
[2025-01-29 13:15:54,660][__main__][INFO] - [3, 17], [25]
[2025-01-29 13:15:54,717][__main__][INFO] - [3, 17, 26], []
[2025-01-29 13:15:54,766][__main__][INFO] - [3, 17], [26]
[2025-01-29 13:15:54,824][__main__][INFO] - [3, 17, 27], []
[2025-01-29 13:15:54,873][__main__][INFO] - [3, 17], [27]
[2025-01-29 13:15:54,931][__main__][INFO] - [3, 17, 28], []
[2025-01-29 13:15:54,988][__main__][INFO] - [3, 17, 29], []
[2025-01-29 13:15:55,068][__main__][INFO] - [3, 17, 31], []
[2025-01-29 13:15:55,117][__main__][INFO] - [3, 17], [31]
[2025-01-29 13:15:55,173][__main__][INFO] - [3, 17, 32], []
[2025-01-29 13:15:55,223][__main__][INFO] - [3, 17, 33], []
[2025-01-29 13:15:55,277][__main__][INFO] - [3, 17, 34], []
[2025-01-29 13:15:55,326][__main__][INFO] - [3, 17, 35], []
[2025-01-29 13:15:55,376][__main__][INFO] - [3, 17, 36], []
[2025-01-29 13:15:55,426][__main__][INFO] - [3, 17, 37], []
[2025-01-29 13:15:55,598][__main__][INFO] - [3, 18, 21], []
[2025-01-29 13:15:55,645][__main__][INFO] - [3, 18, 22], []
[2025-01-29 13:15:55,693][__main__][INFO] - [3, 18, 23], []
[2025-01-29 13:15:55,742][__main__][INFO] - [3, 18, 24], []
[2025-01-29 13:15:55,790][__main__][INFO] - [3, 18, 25], []
[2025-01-29 13:15:55,838][__main__][INFO] - [3, 18], [25]
[2025-01-29 13:15:55,918][__main__][INFO] - [3, 18], [26]
[2025-01-29 13:15:55,997][__main__][INFO] - [3, 18], [27]
[2025-01-29 13:15:56,046][__main__][INFO] - [3, 18, 28], []
[2025-01-29 13:15:56,154][__main__][INFO] - [3, 18, 31], []
[2025-01-29 13:15:56,202][__main__][INFO] - [3, 18], [31]
[2025-01-29 13:15:56,282][__main__][INFO] - [3, 18, 33], []
[2025-01-29 13:15:56,331][__main__][INFO] - [3, 18, 34], []
[2025-01-29 13:15:56,379][__main__][INFO] - [3, 18, 35], []
[2025-01-29 13:15:56,427][__main__][INFO] - [3, 18, 36], []
[2025-01-29 13:15:56,629][__main__][INFO] - [3, 19, 21], []
[2025-01-29 13:15:56,679][__main__][INFO] - [3, 19, 22], []
[2025-01-29 13:15:56,728][__main__][INFO] - [3, 19, 23], []
[2025-01-29 13:15:56,809][__main__][INFO] - [3, 19, 25], []
[2025-01-29 13:15:56,858][__main__][INFO] - [3, 19], [25]
[2025-01-29 13:15:56,940][__main__][INFO] - [3, 19], [26]
[2025-01-29 13:15:57,021][__main__][INFO] - [3, 19], [27]
[2025-01-29 13:15:57,071][__main__][INFO] - [3, 19, 28], []
[2025-01-29 13:15:57,183][__main__][INFO] - [3, 19, 31], []
[2025-01-29 13:15:57,233][__main__][INFO] - [3, 19], [31]
[2025-01-29 13:15:57,283][__main__][INFO] - [3, 19, 32], []
[2025-01-29 13:15:57,332][__main__][INFO] - [3, 19, 33], []
[2025-01-29 13:15:57,381][__main__][INFO] - [3, 19, 34], []
[2025-01-29 13:15:57,431][__main__][INFO] - [3, 19, 35], []
[2025-01-29 13:15:57,480][__main__][INFO] - [3, 19, 36], []
[2025-01-29 13:15:57,712][__main__][INFO] - [3, 21, 25], []
[2025-01-29 13:15:57,865][__main__][INFO] - [3, 21], [25]
[2025-01-29 13:15:58,076][__main__][INFO] - [3, 21, 26], []
[2025-01-29 13:15:58,125][__main__][INFO] - [3, 21], [26]
[2025-01-29 13:15:58,447][__main__][INFO] - [3, 21, 27], []
[2025-01-29 13:15:58,498][__main__][INFO] - [3, 21], [27]
[2025-01-29 13:15:58,822][__main__][INFO] - [3, 21, 28], []
[2025-01-29 13:15:59,142][__main__][INFO] - [3, 21, 29], []
[2025-01-29 13:15:59,229][__main__][INFO] - [3, 21, 31], []
[2025-01-29 13:15:59,403][__main__][INFO] - [3, 21], [31]
[2025-01-29 13:15:59,581][__main__][INFO] - [3, 21, 32], []
[2025-01-29 13:15:59,668][__main__][INFO] - [3, 21, 33], []
[2025-01-29 13:15:59,842][__main__][INFO] - [3, 21, 34], []
[2025-01-29 13:15:59,895][__main__][INFO] - [3, 21, 35], []
[2025-01-29 13:15:59,993][__main__][INFO] - [3, 21, 36], []
[2025-01-29 13:16:00,053][__main__][INFO] - [3, 21, 37], []
[2025-01-29 13:16:00,104][__main__][INFO] - [3, 21, 38], []
[2025-01-29 13:16:00,152][__main__][INFO] - [3, 21, 39], []
[2025-01-29 13:16:00,263][__main__][INFO] - [3, 22, 25], []
[2025-01-29 13:16:00,316][__main__][INFO] - [3, 22], [25]
[2025-01-29 13:16:00,451][__main__][INFO] - [3, 22, 26], []
[2025-01-29 13:16:00,500][__main__][INFO] - [3, 22], [26]
[2025-01-29 13:16:00,638][__main__][INFO] - [3, 22, 27], []
[2025-01-29 13:16:00,687][__main__][INFO] - [3, 22], [27]
[2025-01-29 13:16:00,825][__main__][INFO] - [3, 22, 28], []
[2025-01-29 13:16:00,962][__main__][INFO] - [3, 22, 29], []
[2025-01-29 13:16:01,045][__main__][INFO] - [3, 22, 31], []
[2025-01-29 13:16:01,138][__main__][INFO] - [3, 22], [31]
[2025-01-29 13:16:01,227][__main__][INFO] - [3, 22, 32], []
[2025-01-29 13:16:01,278][__main__][INFO] - [3, 22, 33], []
[2025-01-29 13:16:01,392][__main__][INFO] - [3, 22, 34], []
[2025-01-29 13:16:01,450][__main__][INFO] - [3, 22, 35], []
[2025-01-29 13:16:01,502][__main__][INFO] - [3, 22, 36], []
[2025-01-29 13:16:01,553][__main__][INFO] - [3, 22, 37], []
[2025-01-29 13:16:01,601][__main__][INFO] - [3, 22, 38], []
[2025-01-29 13:16:01,650][__main__][INFO] - [3, 22, 39], []
[2025-01-29 13:16:01,760][__main__][INFO] - [3, 23, 25], []
[2025-01-29 13:16:01,821][__main__][INFO] - [3, 23], [25]
[2025-01-29 13:16:01,916][__main__][INFO] - [3, 23, 26], []
[2025-01-29 13:16:01,965][__main__][INFO] - [3, 23], [26]
[2025-01-29 13:16:02,073][__main__][INFO] - [3, 23, 27], []
[2025-01-29 13:16:02,122][__main__][INFO] - [3, 23], [27]
[2025-01-29 13:16:02,232][__main__][INFO] - [3, 23, 28], []
[2025-01-29 13:16:02,338][__main__][INFO] - [3, 23, 29], []
[2025-01-29 13:16:02,434][__main__][INFO] - [3, 23, 31], []
[2025-01-29 13:16:02,509][__main__][INFO] - [3, 23], [31]
[2025-01-29 13:16:02,587][__main__][INFO] - [3, 23, 32], []
[2025-01-29 13:16:02,641][__main__][INFO] - [3, 23, 33], []
[2025-01-29 13:16:02,726][__main__][INFO] - [3, 23, 34], []
[2025-01-29 13:16:02,778][__main__][INFO] - [3, 23, 35], []
[2025-01-29 13:16:02,833][__main__][INFO] - [3, 23, 36], []
[2025-01-29 13:16:02,885][__main__][INFO] - [3, 23, 37], []
[2025-01-29 13:16:02,934][__main__][INFO] - [3, 23, 38], []
[2025-01-29 13:16:02,983][__main__][INFO] - [3, 23, 39], []
[2025-01-29 13:16:03,095][__main__][INFO] - [3, 24, 25], []
[2025-01-29 13:16:03,143][__main__][INFO] - [3, 24], [25]
[2025-01-29 13:16:03,227][__main__][INFO] - [3, 24], [26]
[2025-01-29 13:16:03,280][__main__][INFO] - [3, 24, 27], []
[2025-01-29 13:16:03,329][__main__][INFO] - [3, 24], [27]
[2025-01-29 13:16:03,382][__main__][INFO] - [3, 24, 28], []
[2025-01-29 13:16:03,435][__main__][INFO] - [3, 24, 29], []
[2025-01-29 13:16:03,516][__main__][INFO] - [3, 24, 31], []
[2025-01-29 13:16:03,567][__main__][INFO] - [3, 24], [31]
[2025-01-29 13:16:03,618][__main__][INFO] - [3, 24, 32], []
[2025-01-29 13:16:03,666][__main__][INFO] - [3, 24, 33], []
[2025-01-29 13:16:03,717][__main__][INFO] - [3, 24, 34], []
[2025-01-29 13:16:03,766][__main__][INFO] - [3, 24, 35], []
[2025-01-29 13:16:03,815][__main__][INFO] - [3, 24, 36], []
[2025-01-29 13:16:04,021][__main__][INFO] - [3, 25, 26], []
[2025-01-29 13:16:04,070][__main__][INFO] - [3, 25], [26]
[2025-01-29 13:16:04,242][__main__][INFO] - [3, 25, 27], []
[2025-01-29 13:16:04,292][__main__][INFO] - [3, 25], [27]
[2025-01-29 13:16:04,464][__main__][INFO] - [3, 25, 28], []
[2025-01-29 13:16:04,636][__main__][INFO] - [3, 25, 29], []
[2025-01-29 13:16:04,716][__main__][INFO] - [3, 25, 31], []
[2025-01-29 13:16:04,823][__main__][INFO] - [3, 25], [31]
[2025-01-29 13:16:04,929][__main__][INFO] - [3, 25, 32], []
[2025-01-29 13:16:04,997][__main__][INFO] - [3, 25, 33], []
[2025-01-29 13:16:05,088][__main__][INFO] - [3, 25, 34], []
[2025-01-29 13:16:05,138][__main__][INFO] - [3, 25, 35], []
[2025-01-29 13:16:05,223][__main__][INFO] - [3, 25, 36], []
[2025-01-29 13:16:05,273][__main__][INFO] - [3, 25, 37], []
[2025-01-29 13:16:05,323][__main__][INFO] - [3, 25, 38], []
[2025-01-29 13:16:05,372][__main__][INFO] - [3, 25, 39], []
[2025-01-29 13:16:05,483][__main__][INFO] - [3, 26], [25]
[2025-01-29 13:16:05,534][__main__][INFO] - [3], [25, 26]
[2025-01-29 13:16:05,914][__main__][INFO] - [3, 27], [25]
[2025-01-29 13:16:05,967][__main__][INFO] - [3], [25, 27]
[2025-01-29 13:16:06,345][__main__][INFO] - [3, 28], [25]
[2025-01-29 13:16:06,710][__main__][INFO] - [3, 29], [25]
[2025-01-29 13:16:06,800][__main__][INFO] - [3, 31], [25]
[2025-01-29 13:16:06,999][__main__][INFO] - [3], [25, 31]
[2025-01-29 13:16:07,205][__main__][INFO] - [3, 32], [25]
[2025-01-29 13:16:07,282][__main__][INFO] - [3, 33], [25]
[2025-01-29 13:16:07,531][__main__][INFO] - [3, 34], [25]
[2025-01-29 13:16:07,594][__main__][INFO] - [3, 35], [25]
[2025-01-29 13:16:07,666][__main__][INFO] - [3, 36], [25]
[2025-01-29 13:16:07,728][__main__][INFO] - [3, 37], [25]
[2025-01-29 13:16:07,779][__main__][INFO] - [3, 38], [25]
[2025-01-29 13:16:07,828][__main__][INFO] - [3, 39], [25]
[2025-01-29 13:16:07,940][__main__][INFO] - [3, 26, 27], []
[2025-01-29 13:16:07,989][__main__][INFO] - [3, 26], [27]
[2025-01-29 13:16:08,041][__main__][INFO] - [3, 26, 28], []
[2025-01-29 13:16:08,091][__main__][INFO] - [3, 26, 29], []
[2025-01-29 13:16:08,173][__main__][INFO] - [3, 26, 31], []
[2025-01-29 13:16:08,222][__main__][INFO] - [3, 26], [31]
[2025-01-29 13:16:08,272][__main__][INFO] - [3, 26, 32], []
[2025-01-29 13:16:08,322][__main__][INFO] - [3, 26, 33], []
[2025-01-29 13:16:08,372][__main__][INFO] - [3, 26, 34], []
[2025-01-29 13:16:08,421][__main__][INFO] - [3, 26, 35], []
[2025-01-29 13:16:08,471][__main__][INFO] - [3, 26, 36], []
[2025-01-29 13:16:08,676][__main__][INFO] - [3, 27], [26]
[2025-01-29 13:16:08,728][__main__][INFO] - [3], [26, 27]
[2025-01-29 13:16:09,244][__main__][INFO] - [3, 28], [26]
[2025-01-29 13:16:09,749][__main__][INFO] - [3, 29], [26]
[2025-01-29 13:16:09,840][__main__][INFO] - [3, 31], [26]
[2025-01-29 13:16:10,100][__main__][INFO] - [3], [26, 31]
[2025-01-29 13:16:10,366][__main__][INFO] - [3, 32], [26]
[2025-01-29 13:16:10,464][__main__][INFO] - [3, 33], [26]
[2025-01-29 13:16:10,765][__main__][INFO] - [3, 34], [26]
[2025-01-29 13:16:10,829][__main__][INFO] - [3, 35], [26]
[2025-01-29 13:16:10,941][__main__][INFO] - [3, 36], [26]
[2025-01-29 13:16:11,006][__main__][INFO] - [3, 37], [26]
[2025-01-29 13:16:11,057][__main__][INFO] - [3, 38], [26]
[2025-01-29 13:16:11,107][__main__][INFO] - [3, 39], [26]
[2025-01-29 13:16:11,218][__main__][INFO] - [3, 27, 28], []
[2025-01-29 13:16:11,268][__main__][INFO] - [3, 27, 29], []
[2025-01-29 13:16:11,350][__main__][INFO] - [3, 27, 31], []
[2025-01-29 13:16:11,400][__main__][INFO] - [3, 27], [31]
[2025-01-29 13:16:11,451][__main__][INFO] - [3, 27, 32], []
[2025-01-29 13:16:11,501][__main__][INFO] - [3, 27, 33], []
[2025-01-29 13:16:11,551][__main__][INFO] - [3, 27, 34], []
[2025-01-29 13:16:11,601][__main__][INFO] - [3, 27, 35], []
[2025-01-29 13:16:11,650][__main__][INFO] - [3, 27, 36], []
[2025-01-29 13:16:11,853][__main__][INFO] - [3, 28], [27]
[2025-01-29 13:16:12,358][__main__][INFO] - [3, 29], [27]
[2025-01-29 13:16:12,450][__main__][INFO] - [3, 31], [27]
[2025-01-29 13:16:12,707][__main__][INFO] - [3], [27, 31]
[2025-01-29 13:16:12,976][__main__][INFO] - [3, 32], [27]
[2025-01-29 13:16:13,074][__main__][INFO] - [3, 33], [27]
[2025-01-29 13:16:13,372][__main__][INFO] - [3, 34], [27]
[2025-01-29 13:16:13,436][__main__][INFO] - [3, 35], [27]
[2025-01-29 13:16:13,548][__main__][INFO] - [3, 36], [27]
[2025-01-29 13:16:13,613][__main__][INFO] - [3, 37], [27]
[2025-01-29 13:16:13,664][__main__][INFO] - [3, 38], [27]
[2025-01-29 13:16:13,714][__main__][INFO] - [3, 39], [27]
[2025-01-29 13:16:13,824][__main__][INFO] - [3, 28, 31], []
[2025-01-29 13:16:14,081][__main__][INFO] - [3, 28], [31]
[2025-01-29 13:16:14,345][__main__][INFO] - [3, 28, 32], []
[2025-01-29 13:16:14,442][__main__][INFO] - [3, 28, 33], []
[2025-01-29 13:16:14,737][__main__][INFO] - [3, 28, 34], []
[2025-01-29 13:16:14,802][__main__][INFO] - [3, 28, 35], []
[2025-01-29 13:16:14,913][__main__][INFO] - [3, 28, 36], []
[2025-01-29 13:16:14,976][__main__][INFO] - [3, 28, 37], []
[2025-01-29 13:16:15,027][__main__][INFO] - [3, 28, 38], []
[2025-01-29 13:16:15,077][__main__][INFO] - [3, 28, 39], []
[2025-01-29 13:16:15,189][__main__][INFO] - [3, 29, 31], []
[2025-01-29 13:16:15,242][__main__][INFO] - [3, 29], [31]
[2025-01-29 13:16:15,298][__main__][INFO] - [3, 29, 32], []
[2025-01-29 13:16:15,348][__main__][INFO] - [3, 29, 33], []
[2025-01-29 13:16:15,403][__main__][INFO] - [3, 29, 34], []
[2025-01-29 13:16:15,453][__main__][INFO] - [3, 29, 35], []
[2025-01-29 13:16:15,503][__main__][INFO] - [3, 29, 36], []
[2025-01-29 13:16:15,553][__main__][INFO] - [3, 29, 37], []
[2025-01-29 13:16:15,759][__main__][INFO] - [3, 31, 32], []
[2025-01-29 13:16:15,827][__main__][INFO] - [3, 31, 33], []
[2025-01-29 13:16:15,989][__main__][INFO] - [3, 31, 34], []
[2025-01-29 13:16:16,045][__main__][INFO] - [3, 31, 35], []
[2025-01-29 13:16:16,124][__main__][INFO] - [3, 31, 36], []
[2025-01-29 13:16:16,179][__main__][INFO] - [3, 31, 37], []
[2025-01-29 13:16:16,229][__main__][INFO] - [3, 31, 38], []
[2025-01-29 13:16:16,278][__main__][INFO] - [3, 31, 39], []
[2025-01-29 13:16:16,387][__main__][INFO] - [3, 32], [31]
[2025-01-29 13:16:16,459][__main__][INFO] - [3, 33], [31]
[2025-01-29 13:16:16,626][__main__][INFO] - [3, 34], [31]
[2025-01-29 13:16:16,682][__main__][INFO] - [3, 35], [31]
[2025-01-29 13:16:16,758][__main__][INFO] - [3, 36], [31]
[2025-01-29 13:16:16,814][__main__][INFO] - [3, 37], [31]
[2025-01-29 13:16:16,863][__main__][INFO] - [3, 38], [31]
[2025-01-29 13:16:16,912][__main__][INFO] - [3, 39], [31]
[2025-01-29 13:16:17,052][__main__][INFO] - [4, 10, 11], []
[2025-01-29 13:16:17,123][__main__][INFO] - [4, 10, 12], []
[2025-01-29 13:16:17,175][__main__][INFO] - [4, 10, 13], []
[2025-01-29 13:16:17,228][__main__][INFO] - [4, 10, 14], []
[2025-01-29 13:16:17,277][__main__][INFO] - [4, 10, 15], []
[2025-01-29 13:16:17,325][__main__][INFO] - [4, 10, 16], []
[2025-01-29 13:16:17,410][__main__][INFO] - [4, 10, 17], []
[2025-01-29 13:16:17,492][__main__][INFO] - [4, 10, 19], []
[2025-01-29 13:16:17,573][__main__][INFO] - [4, 10, 21], []
[2025-01-29 13:16:17,638][__main__][INFO] - [4, 10, 22], []
[2025-01-29 13:16:17,693][__main__][INFO] - [4, 10, 23], []
[2025-01-29 13:16:17,747][__main__][INFO] - [4, 10, 24], []
[2025-01-29 13:16:17,797][__main__][INFO] - [4, 10, 25], []
[2025-01-29 13:16:17,853][__main__][INFO] - [4, 10], [25]
[2025-01-29 13:16:17,924][__main__][INFO] - [4, 10, 26], []
[2025-01-29 13:16:17,978][__main__][INFO] - [4, 10], [26]
[2025-01-29 13:16:18,051][__main__][INFO] - [4, 10, 27], []
[2025-01-29 13:16:18,106][__main__][INFO] - [4, 10], [27]
[2025-01-29 13:16:18,178][__main__][INFO] - [4, 10, 28], []
[2025-01-29 13:16:18,242][__main__][INFO] - [4, 10, 29], []
[2025-01-29 13:16:18,336][__main__][INFO] - [4, 10, 31], []
[2025-01-29 13:16:18,397][__main__][INFO] - [4, 10], [31]
[2025-01-29 13:16:18,461][__main__][INFO] - [4, 10, 32], []
[2025-01-29 13:16:18,513][__main__][INFO] - [4, 10, 33], []
[2025-01-29 13:16:18,576][__main__][INFO] - [4, 10, 34], []
[2025-01-29 13:16:18,627][__main__][INFO] - [4, 10, 35], []
[2025-01-29 13:16:18,678][__main__][INFO] - [4, 10, 36], []
[2025-01-29 13:16:18,729][__main__][INFO] - [4, 10, 37], []
[2025-01-29 13:16:18,779][__main__][INFO] - [4, 10, 38], []
[2025-01-29 13:16:18,828][__main__][INFO] - [4, 10, 39], []
[2025-01-29 13:16:18,937][__main__][INFO] - [4, 11], [10]
[2025-01-29 13:16:19,227][__main__][INFO] - [4, 12], [10]
[2025-01-29 13:16:19,363][__main__][INFO] - [4, 13], [10]
[2025-01-29 13:16:19,496][__main__][INFO] - [4, 14], [10]
[2025-01-29 13:16:19,549][__main__][INFO] - [4, 15], [10]
[2025-01-29 13:16:19,599][__main__][INFO] - [4, 16], [10]
[2025-01-29 13:16:20,086][__main__][INFO] - [4, 17], [10]
[2025-01-29 13:16:20,143][__main__][INFO] - [4, 18], [10]
[2025-01-29 13:16:20,192][__main__][INFO] - [4, 19], [10]
[2025-01-29 13:16:20,274][__main__][INFO] - [4, 21], [10]
[2025-01-29 13:16:20,607][__main__][INFO] - [4, 22], [10]
[2025-01-29 13:16:20,733][__main__][INFO] - [4, 23], [10]
[2025-01-29 13:16:20,830][__main__][INFO] - [4, 24], [10]
[2025-01-29 13:16:20,882][__main__][INFO] - [4, 25], [10]
[2025-01-29 13:16:21,110][__main__][INFO] - [4], [10, 25]
[2025-01-29 13:16:21,440][__main__][INFO] - [4], [10, 26]
[2025-01-29 13:16:21,964][__main__][INFO] - [4], [10, 27]
[2025-01-29 13:16:22,454][__main__][INFO] - [4, 28], [10]
[2025-01-29 13:16:23,005][__main__][INFO] - [4, 31], [10]
[2025-01-29 13:16:23,264][__main__][INFO] - [4], [10, 31]
[2025-01-29 13:16:23,519][__main__][INFO] - [4, 32], [10]
[2025-01-29 13:16:23,612][__main__][INFO] - [4, 33], [10]
[2025-01-29 13:16:23,901][__main__][INFO] - [4, 34], [10]
[2025-01-29 13:16:23,960][__main__][INFO] - [4, 35], [10]
[2025-01-29 13:16:24,078][__main__][INFO] - [4, 36], [10]
[2025-01-29 13:16:24,140][__main__][INFO] - [4, 37], [10]
[2025-01-29 13:16:24,191][__main__][INFO] - [4, 38], [10]
[2025-01-29 13:16:24,241][__main__][INFO] - [4, 39], [10]
[2025-01-29 13:16:24,353][__main__][INFO] - [4, 11, 16], []
[2025-01-29 13:16:24,656][__main__][INFO] - [4, 11, 17], []
[2025-01-29 13:16:24,713][__main__][INFO] - [4, 11, 18], []
[2025-01-29 13:16:24,761][__main__][INFO] - [4, 11, 19], []
[2025-01-29 13:16:24,843][__main__][INFO] - [4, 11, 21], []
[2025-01-29 13:16:25,025][__main__][INFO] - [4, 11, 22], []
[2025-01-29 13:16:25,146][__main__][INFO] - [4, 11, 23], []
[2025-01-29 13:16:25,228][__main__][INFO] - [4, 11, 24], []
[2025-01-29 13:16:25,312][__main__][INFO] - [4, 11], [25]
[2025-01-29 13:16:25,629][__main__][INFO] - [4, 11, 26], []
[2025-01-29 13:16:25,681][__main__][INFO] - [4, 11], [26]
[2025-01-29 13:16:25,997][__main__][INFO] - [4, 11, 27], []
[2025-01-29 13:16:26,050][__main__][INFO] - [4, 11], [27]
[2025-01-29 13:16:26,361][__main__][INFO] - [4, 11, 28], []
[2025-01-29 13:16:26,661][__main__][INFO] - [4, 11, 29], []
[2025-01-29 13:16:26,752][__main__][INFO] - [4, 11, 31], []
[2025-01-29 13:16:26,922][__main__][INFO] - [4, 11], [31]
[2025-01-29 13:16:27,097][__main__][INFO] - [4, 11, 32], []
[2025-01-29 13:16:27,161][__main__][INFO] - [4, 11, 33], []
[2025-01-29 13:16:27,390][__main__][INFO] - [4, 11, 34], []
[2025-01-29 13:16:27,447][__main__][INFO] - [4, 11, 35], []
[2025-01-29 13:16:27,506][__main__][INFO] - [4, 11, 36], []
[2025-01-29 13:16:27,568][__main__][INFO] - [4, 11, 37], []
[2025-01-29 13:16:27,619][__main__][INFO] - [4, 11, 38], []
[2025-01-29 13:16:27,668][__main__][INFO] - [4, 11, 39], []
[2025-01-29 13:16:27,780][__main__][INFO] - [4, 12, 16], []
[2025-01-29 13:16:27,920][__main__][INFO] - [4, 12, 17], []
[2025-01-29 13:16:28,062][__main__][INFO] - [4, 12, 21], []
[2025-01-29 13:16:28,187][__main__][INFO] - [4, 12, 22], []
[2025-01-29 13:16:28,238][__main__][INFO] - [4, 12, 23], []
[2025-01-29 13:16:28,294][__main__][INFO] - [4, 12, 24], []
[2025-01-29 13:16:28,344][__main__][INFO] - [4, 12, 25], []
[2025-01-29 13:16:28,516][__main__][INFO] - [4, 12, 26], []
[2025-01-29 13:16:28,566][__main__][INFO] - [4, 12], [26]
[2025-01-29 13:16:28,705][__main__][INFO] - [4, 12, 27], []
[2025-01-29 13:16:28,754][__main__][INFO] - [4, 12], [27]
[2025-01-29 13:16:28,893][__main__][INFO] - [4, 12, 28], []
[2025-01-29 13:16:29,030][__main__][INFO] - [4, 12, 29], []
[2025-01-29 13:16:29,112][__main__][INFO] - [4, 12, 31], []
[2025-01-29 13:16:29,202][__main__][INFO] - [4, 12], [31]
[2025-01-29 13:16:29,294][__main__][INFO] - [4, 12, 32], []
[2025-01-29 13:16:29,363][__main__][INFO] - [4, 12, 33], []
[2025-01-29 13:16:29,446][__main__][INFO] - [4, 12, 34], []
[2025-01-29 13:16:29,496][__main__][INFO] - [4, 12, 35], []
[2025-01-29 13:16:29,562][__main__][INFO] - [4, 12, 36], []
[2025-01-29 13:16:29,611][__main__][INFO] - [4, 12, 37], []
[2025-01-29 13:16:29,661][__main__][INFO] - [4, 12, 38], []
[2025-01-29 13:16:29,710][__main__][INFO] - [4, 12, 39], []
[2025-01-29 13:16:29,821][__main__][INFO] - [4, 13, 16], []
[2025-01-29 13:16:29,956][__main__][INFO] - [4, 13, 17], []
[2025-01-29 13:16:30,005][__main__][INFO] - [4, 13, 18], []
[2025-01-29 13:16:30,053][__main__][INFO] - [4, 13, 19], []
[2025-01-29 13:16:30,134][__main__][INFO] - [4, 13, 21], []
[2025-01-29 13:16:30,255][__main__][INFO] - [4, 13, 22], []
[2025-01-29 13:16:30,309][__main__][INFO] - [4, 13, 23], []
[2025-01-29 13:16:30,366][__main__][INFO] - [4, 13, 24], []
[2025-01-29 13:16:30,416][__main__][INFO] - [4, 13, 25], []
[2025-01-29 13:16:30,586][__main__][INFO] - [4, 13, 26], []
[2025-01-29 13:16:30,635][__main__][INFO] - [4, 13], [26]
[2025-01-29 13:16:30,772][__main__][INFO] - [4, 13, 27], []
[2025-01-29 13:16:30,821][__main__][INFO] - [4, 13], [27]
[2025-01-29 13:16:30,960][__main__][INFO] - [4, 13, 28], []
[2025-01-29 13:16:31,096][__main__][INFO] - [4, 13, 29], []
[2025-01-29 13:16:31,178][__main__][INFO] - [4, 13, 31], []
[2025-01-29 13:16:31,273][__main__][INFO] - [4, 13], [31]
[2025-01-29 13:16:31,358][__main__][INFO] - [4, 13, 32], []
[2025-01-29 13:16:31,416][__main__][INFO] - [4, 13, 33], []
[2025-01-29 13:16:31,490][__main__][INFO] - [4, 13, 34], []
[2025-01-29 13:16:31,540][__main__][INFO] - [4, 13, 35], []
[2025-01-29 13:16:31,628][__main__][INFO] - [4, 13, 36], []
[2025-01-29 13:16:31,678][__main__][INFO] - [4, 13, 37], []
[2025-01-29 13:16:31,727][__main__][INFO] - [4, 13, 38], []
[2025-01-29 13:16:31,777][__main__][INFO] - [4, 13, 39], []
[2025-01-29 13:16:31,888][__main__][INFO] - [4, 14, 16], []
[2025-01-29 13:16:31,940][__main__][INFO] - [4, 14, 17], []
[2025-01-29 13:16:32,082][__main__][INFO] - [4, 14, 21], []
[2025-01-29 13:16:32,133][__main__][INFO] - [4, 14, 22], []
[2025-01-29 13:16:32,184][__main__][INFO] - [4, 14, 23], []
[2025-01-29 13:16:32,297][__main__][INFO] - [4, 14], [25]
[2025-01-29 13:16:32,381][__main__][INFO] - [4, 14], [26]
[2025-01-29 13:16:32,447][__main__][INFO] - [4, 14, 27], []
[2025-01-29 13:16:32,495][__main__][INFO] - [4, 14], [27]
[2025-01-29 13:16:32,547][__main__][INFO] - [4, 14, 28], []
[2025-01-29 13:16:32,600][__main__][INFO] - [4, 14, 29], []
[2025-01-29 13:16:32,681][__main__][INFO] - [4, 14, 31], []
[2025-01-29 13:16:32,732][__main__][INFO] - [4, 14], [31]
[2025-01-29 13:16:32,783][__main__][INFO] - [4, 14, 32], []
[2025-01-29 13:16:32,834][__main__][INFO] - [4, 14, 33], []
[2025-01-29 13:16:32,922][__main__][INFO] - [4, 14, 34], []
[2025-01-29 13:16:32,972][__main__][INFO] - [4, 14, 35], []
[2025-01-29 13:16:33,021][__main__][INFO] - [4, 14, 36], []
[2025-01-29 13:16:33,227][__main__][INFO] - [4, 15, 16], []
[2025-01-29 13:16:33,403][__main__][INFO] - [4, 15, 21], []
[2025-01-29 13:16:33,452][__main__][INFO] - [4, 15, 22], []
[2025-01-29 13:16:33,500][__main__][INFO] - [4, 15, 23], []
[2025-01-29 13:16:33,611][__main__][INFO] - [4, 15], [25]
[2025-01-29 13:16:33,695][__main__][INFO] - [4, 15], [26]
[2025-01-29 13:16:33,777][__main__][INFO] - [4, 15], [27]
[2025-01-29 13:16:33,827][__main__][INFO] - [4, 15, 28], []
[2025-01-29 13:16:33,940][__main__][INFO] - [4, 15, 31], []
[2025-01-29 13:16:33,989][__main__][INFO] - [4, 15], [31]
[2025-01-29 13:16:34,038][__main__][INFO] - [4, 15, 32], []
[2025-01-29 13:16:34,088][__main__][INFO] - [4, 15, 33], []
[2025-01-29 13:16:34,137][__main__][INFO] - [4, 15, 34], []
[2025-01-29 13:16:34,186][__main__][INFO] - [4, 15, 35], []
[2025-01-29 13:16:34,299][__main__][INFO] - [4, 15, 38], []
[2025-01-29 13:16:34,441][__main__][INFO] - [4, 16, 21], []
[2025-01-29 13:16:34,788][__main__][INFO] - [4, 16, 22], []
[2025-01-29 13:16:34,917][__main__][INFO] - [4, 16, 23], []
[2025-01-29 13:16:35,016][__main__][INFO] - [4, 16, 24], []
[2025-01-29 13:16:35,068][__main__][INFO] - [4, 16, 25], []
[2025-01-29 13:16:35,303][__main__][INFO] - [4, 16], [25]
[2025-01-29 13:16:35,611][__main__][INFO] - [4, 16, 26], []
[2025-01-29 13:16:35,664][__main__][INFO] - [4, 16], [26]
[2025-01-29 13:16:36,172][__main__][INFO] - [4, 16, 27], []
[2025-01-29 13:16:36,226][__main__][INFO] - [4, 16], [27]
[2025-01-29 13:16:36,733][__main__][INFO] - [4, 16, 28], []
[2025-01-29 13:16:37,235][__main__][INFO] - [4, 16, 29], []
[2025-01-29 13:16:37,328][__main__][INFO] - [4, 16, 31], []
[2025-01-29 13:16:37,597][__main__][INFO] - [4, 16], [31]
[2025-01-29 13:16:37,849][__main__][INFO] - [4, 16, 32], []
[2025-01-29 13:16:37,946][__main__][INFO] - [4, 16, 33], []
[2025-01-29 13:16:38,239][__main__][INFO] - [4, 16, 34], []
[2025-01-29 13:16:38,299][__main__][INFO] - [4, 16, 35], []
[2025-01-29 13:16:38,419][__main__][INFO] - [4, 16, 36], []
[2025-01-29 13:16:38,482][__main__][INFO] - [4, 16, 37], []
[2025-01-29 13:16:38,532][__main__][INFO] - [4, 16, 38], []
[2025-01-29 13:16:38,581][__main__][INFO] - [4, 16, 39], []
[2025-01-29 13:16:38,693][__main__][INFO] - [4, 17, 21], []
[2025-01-29 13:16:38,747][__main__][INFO] - [4, 17, 22], []
[2025-01-29 13:16:38,798][__main__][INFO] - [4, 17, 23], []
[2025-01-29 13:16:38,849][__main__][INFO] - [4, 17, 24], []
[2025-01-29 13:16:38,898][__main__][INFO] - [4, 17, 25], []
[2025-01-29 13:16:38,949][__main__][INFO] - [4, 17], [25]
[2025-01-29 13:16:39,006][__main__][INFO] - [4, 17, 26], []
[2025-01-29 13:16:39,054][__main__][INFO] - [4, 17], [26]
[2025-01-29 13:16:39,113][__main__][INFO] - [4, 17, 27], []
[2025-01-29 13:16:39,162][__main__][INFO] - [4, 17], [27]
[2025-01-29 13:16:39,221][__main__][INFO] - [4, 17, 28], []
[2025-01-29 13:16:39,279][__main__][INFO] - [4, 17, 29], []
[2025-01-29 13:16:39,361][__main__][INFO] - [4, 17, 31], []
[2025-01-29 13:16:39,411][__main__][INFO] - [4, 17], [31]
[2025-01-29 13:16:39,468][__main__][INFO] - [4, 17, 32], []
[2025-01-29 13:16:39,517][__main__][INFO] - [4, 17, 33], []
[2025-01-29 13:16:39,571][__main__][INFO] - [4, 17, 34], []
[2025-01-29 13:16:39,621][__main__][INFO] - [4, 17, 35], []
[2025-01-29 13:16:39,670][__main__][INFO] - [4, 17, 36], []
[2025-01-29 13:16:39,720][__main__][INFO] - [4, 17, 37], []
[2025-01-29 13:16:39,894][__main__][INFO] - [4, 18, 21], []
[2025-01-29 13:16:39,942][__main__][INFO] - [4, 18, 22], []
[2025-01-29 13:16:39,990][__main__][INFO] - [4, 18, 23], []
[2025-01-29 13:16:40,068][__main__][INFO] - [4, 18, 25], []
[2025-01-29 13:16:40,116][__main__][INFO] - [4, 18], [25]
[2025-01-29 13:16:40,196][__main__][INFO] - [4, 18], [26]
[2025-01-29 13:16:40,275][__main__][INFO] - [4, 18], [27]
[2025-01-29 13:16:40,323][__main__][INFO] - [4, 18, 28], []
[2025-01-29 13:16:40,435][__main__][INFO] - [4, 18, 31], []
[2025-01-29 13:16:40,483][__main__][INFO] - [4, 18], [31]
[2025-01-29 13:16:40,561][__main__][INFO] - [4, 18, 33], []
[2025-01-29 13:16:40,671][__main__][INFO] - [4, 18, 36], []
[2025-01-29 13:16:40,875][__main__][INFO] - [4, 19, 21], []
[2025-01-29 13:16:40,925][__main__][INFO] - [4, 19, 22], []
[2025-01-29 13:16:40,974][__main__][INFO] - [4, 19, 23], []
[2025-01-29 13:16:41,053][__main__][INFO] - [4, 19, 25], []
[2025-01-29 13:16:41,102][__main__][INFO] - [4, 19], [25]
[2025-01-29 13:16:41,152][__main__][INFO] - [4, 19, 26], []
[2025-01-29 13:16:41,201][__main__][INFO] - [4, 19], [26]
[2025-01-29 13:16:41,283][__main__][INFO] - [4, 19], [27]
[2025-01-29 13:16:41,334][__main__][INFO] - [4, 19, 28], []
[2025-01-29 13:16:41,384][__main__][INFO] - [4, 19, 29], []
[2025-01-29 13:16:41,465][__main__][INFO] - [4, 19, 31], []
[2025-01-29 13:16:41,514][__main__][INFO] - [4, 19], [31]
[2025-01-29 13:16:41,564][__main__][INFO] - [4, 19, 32], []
[2025-01-29 13:16:41,612][__main__][INFO] - [4, 19, 33], []
[2025-01-29 13:16:41,662][__main__][INFO] - [4, 19, 34], []
[2025-01-29 13:16:41,711][__main__][INFO] - [4, 19, 35], []
[2025-01-29 13:16:41,760][__main__][INFO] - [4, 19, 36], []
[2025-01-29 13:16:41,996][__main__][INFO] - [4, 21, 25], []
[2025-01-29 13:16:42,198][__main__][INFO] - [4, 21], [25]
[2025-01-29 13:16:42,387][__main__][INFO] - [4, 21, 26], []
[2025-01-29 13:16:42,439][__main__][INFO] - [4, 21], [26]
[2025-01-29 13:16:42,792][__main__][INFO] - [4, 21, 27], []
[2025-01-29 13:16:42,843][__main__][INFO] - [4, 21], [27]
[2025-01-29 13:16:43,191][__main__][INFO] - [4, 21, 28], []
[2025-01-29 13:16:43,535][__main__][INFO] - [4, 21, 29], []
[2025-01-29 13:16:43,620][__main__][INFO] - [4, 21, 31], []
[2025-01-29 13:16:43,810][__main__][INFO] - [4, 21], [31]
[2025-01-29 13:16:43,996][__main__][INFO] - [4, 21, 32], []
[2025-01-29 13:16:44,083][__main__][INFO] - [4, 21, 33], []
[2025-01-29 13:16:44,272][__main__][INFO] - [4, 21, 34], []
[2025-01-29 13:16:44,325][__main__][INFO] - [4, 21, 35], []
[2025-01-29 13:16:44,432][__main__][INFO] - [4, 21, 36], []
[2025-01-29 13:16:44,492][__main__][INFO] - [4, 21, 37], []
[2025-01-29 13:16:44,542][__main__][INFO] - [4, 21, 38], []
[2025-01-29 13:16:44,591][__main__][INFO] - [4, 21, 39], []
[2025-01-29 13:16:44,701][__main__][INFO] - [4, 22, 25], []
[2025-01-29 13:16:44,757][__main__][INFO] - [4, 22], [25]
[2025-01-29 13:16:44,881][__main__][INFO] - [4, 22, 26], []
[2025-01-29 13:16:44,931][__main__][INFO] - [4, 22], [26]
[2025-01-29 13:16:45,062][__main__][INFO] - [4, 22, 27], []
[2025-01-29 13:16:45,111][__main__][INFO] - [4, 22], [27]
[2025-01-29 13:16:45,243][__main__][INFO] - [4, 22, 28], []
[2025-01-29 13:16:45,370][__main__][INFO] - [4, 22, 29], []
[2025-01-29 13:16:45,453][__main__][INFO] - [4, 22, 31], []
[2025-01-29 13:16:45,540][__main__][INFO] - [4, 22], [31]
[2025-01-29 13:16:45,628][__main__][INFO] - [4, 22, 32], []
[2025-01-29 13:16:45,678][__main__][INFO] - [4, 22, 33], []
[2025-01-29 13:16:45,787][__main__][INFO] - [4, 22, 34], []
[2025-01-29 13:16:45,842][__main__][INFO] - [4, 22, 35], []
[2025-01-29 13:16:45,894][__main__][INFO] - [4, 22, 36], []
[2025-01-29 13:16:45,944][__main__][INFO] - [4, 22, 37], []
[2025-01-29 13:16:45,993][__main__][INFO] - [4, 22, 38], []
[2025-01-29 13:16:46,042][__main__][INFO] - [4, 22, 39], []
[2025-01-29 13:16:46,152][__main__][INFO] - [4, 23, 25], []
[2025-01-29 13:16:46,217][__main__][INFO] - [4, 23], [25]
[2025-01-29 13:16:46,300][__main__][INFO] - [4, 23, 26], []
[2025-01-29 13:16:46,350][__main__][INFO] - [4, 23], [26]
[2025-01-29 13:16:46,452][__main__][INFO] - [4, 23, 27], []
[2025-01-29 13:16:46,502][__main__][INFO] - [4, 23], [27]
[2025-01-29 13:16:46,603][__main__][INFO] - [4, 23, 28], []
[2025-01-29 13:16:46,702][__main__][INFO] - [4, 23, 29], []
[2025-01-29 13:16:46,784][__main__][INFO] - [4, 23, 31], []
[2025-01-29 13:16:46,857][__main__][INFO] - [4, 23], [31]
[2025-01-29 13:16:46,930][__main__][INFO] - [4, 23, 32], []
[2025-01-29 13:16:46,984][__main__][INFO] - [4, 23, 33], []
[2025-01-29 13:16:47,064][__main__][INFO] - [4, 23, 34], []
[2025-01-29 13:16:47,114][__main__][INFO] - [4, 23, 35], []
[2025-01-29 13:16:47,168][__main__][INFO] - [4, 23, 36], []
[2025-01-29 13:16:47,219][__main__][INFO] - [4, 23, 37], []
[2025-01-29 13:16:47,268][__main__][INFO] - [4, 23, 38], []
[2025-01-29 13:16:47,317][__main__][INFO] - [4, 23, 39], []
[2025-01-29 13:16:47,431][__main__][INFO] - [4, 24, 25], []
[2025-01-29 13:16:47,480][__main__][INFO] - [4, 24], [25]
[2025-01-29 13:16:47,533][__main__][INFO] - [4, 24, 26], []
[2025-01-29 13:16:47,582][__main__][INFO] - [4, 24], [26]
[2025-01-29 13:16:47,633][__main__][INFO] - [4, 24, 27], []
[2025-01-29 13:16:47,682][__main__][INFO] - [4, 24], [27]
[2025-01-29 13:16:47,735][__main__][INFO] - [4, 24, 28], []
[2025-01-29 13:16:47,787][__main__][INFO] - [4, 24, 29], []
[2025-01-29 13:16:47,868][__main__][INFO] - [4, 24, 31], []
[2025-01-29 13:16:47,919][__main__][INFO] - [4, 24], [31]
[2025-01-29 13:16:47,970][__main__][INFO] - [4, 24, 32], []
[2025-01-29 13:16:48,019][__main__][INFO] - [4, 24, 33], []
[2025-01-29 13:16:48,071][__main__][INFO] - [4, 24, 34], []
[2025-01-29 13:16:48,120][__main__][INFO] - [4, 24, 35], []
[2025-01-29 13:16:48,168][__main__][INFO] - [4, 24, 36], []
[2025-01-29 13:16:48,373][__main__][INFO] - [4, 25, 26], []
[2025-01-29 13:16:48,423][__main__][INFO] - [4, 25], [26]
[2025-01-29 13:16:48,658][__main__][INFO] - [4, 25, 27], []
[2025-01-29 13:16:48,709][__main__][INFO] - [4, 25], [27]
[2025-01-29 13:16:48,943][__main__][INFO] - [4, 25, 28], []
[2025-01-29 13:16:49,175][__main__][INFO] - [4, 25, 29], []
[2025-01-29 13:16:49,258][__main__][INFO] - [4, 25, 31], []
[2025-01-29 13:16:49,397][__main__][INFO] - [4, 25], [31]
[2025-01-29 13:16:49,528][__main__][INFO] - [4, 25, 32], []
[2025-01-29 13:16:49,607][__main__][INFO] - [4, 25, 33], []
[2025-01-29 13:16:49,718][__main__][INFO] - [4, 25, 34], []
[2025-01-29 13:16:49,769][__main__][INFO] - [4, 25, 35], []
[2025-01-29 13:16:49,876][__main__][INFO] - [4, 25, 36], []
[2025-01-29 13:16:49,926][__main__][INFO] - [4, 25, 37], []
[2025-01-29 13:16:49,976][__main__][INFO] - [4, 25, 38], []
[2025-01-29 13:16:50,025][__main__][INFO] - [4, 25, 39], []
[2025-01-29 13:16:50,135][__main__][INFO] - [4, 26], [25]
[2025-01-29 13:16:50,186][__main__][INFO] - [4], [25, 26]
[2025-01-29 13:16:50,504][__main__][INFO] - [4, 27], [25]
[2025-01-29 13:16:50,557][__main__][INFO] - [4], [25, 27]
[2025-01-29 13:16:50,874][__main__][INFO] - [4, 28], [25]
[2025-01-29 13:16:51,183][__main__][INFO] - [4, 29], [25]
[2025-01-29 13:16:51,275][__main__][INFO] - [4, 31], [25]
[2025-01-29 13:16:51,450][__main__][INFO] - [4], [25, 31]
[2025-01-29 13:16:51,628][__main__][INFO] - [4, 32], [25]
[2025-01-29 13:16:51,692][__main__][INFO] - [4, 33], [25]
[2025-01-29 13:16:51,927][__main__][INFO] - [4, 34], [25]
[2025-01-29 13:16:51,986][__main__][INFO] - [4, 35], [25]
[2025-01-29 13:16:52,047][__main__][INFO] - [4, 36], [25]
[2025-01-29 13:16:52,109][__main__][INFO] - [4, 37], [25]
[2025-01-29 13:16:52,159][__main__][INFO] - [4, 38], [25]
[2025-01-29 13:16:52,208][__main__][INFO] - [4, 39], [25]
[2025-01-29 13:16:52,320][__main__][INFO] - [4, 26, 27], []
[2025-01-29 13:16:52,370][__main__][INFO] - [4, 26], [27]
[2025-01-29 13:16:52,422][__main__][INFO] - [4, 26, 28], []
[2025-01-29 13:16:52,474][__main__][INFO] - [4, 26, 29], []
[2025-01-29 13:16:52,557][__main__][INFO] - [4, 26, 31], []
[2025-01-29 13:16:52,607][__main__][INFO] - [4, 26], [31]
[2025-01-29 13:16:52,658][__main__][INFO] - [4, 26, 32], []
[2025-01-29 13:16:52,707][__main__][INFO] - [4, 26, 33], []
[2025-01-29 13:16:52,758][__main__][INFO] - [4, 26, 34], []
[2025-01-29 13:16:52,807][__main__][INFO] - [4, 26, 35], []
[2025-01-29 13:16:52,857][__main__][INFO] - [4, 26, 36], []
[2025-01-29 13:16:53,062][__main__][INFO] - [4, 27], [26]
[2025-01-29 13:16:53,115][__main__][INFO] - [4], [26, 27]
[2025-01-29 13:16:53,636][__main__][INFO] - [4, 28], [26]
[2025-01-29 13:16:54,146][__main__][INFO] - [4, 29], [26]
[2025-01-29 13:16:54,237][__main__][INFO] - [4, 31], [26]
[2025-01-29 13:16:54,505][__main__][INFO] - [4], [26, 31]
[2025-01-29 13:16:54,771][__main__][INFO] - [4, 32], [26]
[2025-01-29 13:16:54,867][__main__][INFO] - [4, 33], [26]
[2025-01-29 13:16:55,170][__main__][INFO] - [4, 34], [26]
[2025-01-29 13:16:55,231][__main__][INFO] - [4, 35], [26]
[2025-01-29 13:16:55,351][__main__][INFO] - [4, 36], [26]
[2025-01-29 13:16:55,416][__main__][INFO] - [4, 37], [26]
[2025-01-29 13:16:55,467][__main__][INFO] - [4, 38], [26]
[2025-01-29 13:16:55,517][__main__][INFO] - [4, 39], [26]
[2025-01-29 13:16:55,629][__main__][INFO] - [4, 27, 28], []
[2025-01-29 13:16:55,680][__main__][INFO] - [4, 27, 29], []
[2025-01-29 13:16:55,762][__main__][INFO] - [4, 27, 31], []
[2025-01-29 13:16:55,814][__main__][INFO] - [4, 27], [31]
[2025-01-29 13:16:55,865][__main__][INFO] - [4, 27, 32], []
[2025-01-29 13:16:55,915][__main__][INFO] - [4, 27, 33], []
[2025-01-29 13:16:55,966][__main__][INFO] - [4, 27, 34], []
[2025-01-29 13:16:56,015][__main__][INFO] - [4, 27, 35], []
[2025-01-29 13:16:56,065][__main__][INFO] - [4, 27, 36], []
[2025-01-29 13:16:56,268][__main__][INFO] - [4, 28], [27]
[2025-01-29 13:16:56,785][__main__][INFO] - [4, 29], [27]
[2025-01-29 13:16:56,877][__main__][INFO] - [4, 31], [27]
[2025-01-29 13:16:57,146][__main__][INFO] - [4], [27, 31]
[2025-01-29 13:16:57,413][__main__][INFO] - [4, 32], [27]
[2025-01-29 13:16:57,509][__main__][INFO] - [4, 33], [27]
[2025-01-29 13:16:57,811][__main__][INFO] - [4, 34], [27]
[2025-01-29 13:16:57,872][__main__][INFO] - [4, 35], [27]
[2025-01-29 13:16:57,992][__main__][INFO] - [4, 36], [27]
[2025-01-29 13:16:58,055][__main__][INFO] - [4, 37], [27]
[2025-01-29 13:16:58,107][__main__][INFO] - [4, 38], [27]
[2025-01-29 13:16:58,157][__main__][INFO] - [4, 39], [27]
[2025-01-29 13:16:58,267][__main__][INFO] - [4, 28, 31], []
[2025-01-29 13:16:58,535][__main__][INFO] - [4, 28], [31]
[2025-01-29 13:16:58,794][__main__][INFO] - [4, 28, 32], []
[2025-01-29 13:16:58,888][__main__][INFO] - [4, 28, 33], []
[2025-01-29 13:16:59,180][__main__][INFO] - [4, 28, 34], []
[2025-01-29 13:16:59,240][__main__][INFO] - [4, 28, 35], []
[2025-01-29 13:16:59,359][__main__][INFO] - [4, 28, 36], []
[2025-01-29 13:16:59,421][__main__][INFO] - [4, 28, 37], []
[2025-01-29 13:16:59,472][__main__][INFO] - [4, 28, 38], []
[2025-01-29 13:16:59,522][__main__][INFO] - [4, 28, 39], []
[2025-01-29 13:16:59,633][__main__][INFO] - [4, 29, 31], []
[2025-01-29 13:16:59,687][__main__][INFO] - [4, 29], [31]
[2025-01-29 13:16:59,742][__main__][INFO] - [4, 29, 32], []
[2025-01-29 13:16:59,792][__main__][INFO] - [4, 29, 33], []
[2025-01-29 13:16:59,847][__main__][INFO] - [4, 29, 34], []
[2025-01-29 13:16:59,897][__main__][INFO] - [4, 29, 35], []
[2025-01-29 13:16:59,947][__main__][INFO] - [4, 29, 36], []
[2025-01-29 13:16:59,997][__main__][INFO] - [4, 29, 37], []
[2025-01-29 13:17:00,078][__main__][INFO] - [4, 29, 39], []
[2025-01-29 13:17:00,218][__main__][INFO] - [4, 31, 32], []
[2025-01-29 13:17:00,287][__main__][INFO] - [4, 31, 33], []
[2025-01-29 13:17:00,453][__main__][INFO] - [4, 31, 34], []
[2025-01-29 13:17:00,508][__main__][INFO] - [4, 31, 35], []
[2025-01-29 13:17:00,592][__main__][INFO] - [4, 31, 36], []
[2025-01-29 13:17:00,647][__main__][INFO] - [4, 31, 37], []
[2025-01-29 13:17:00,697][__main__][INFO] - [4, 31, 38], []
[2025-01-29 13:17:00,746][__main__][INFO] - [4, 31, 39], []
[2025-01-29 13:17:00,856][__main__][INFO] - [4, 32], [31]
[2025-01-29 13:17:00,927][__main__][INFO] - [4, 33], [31]
[2025-01-29 13:17:01,096][__main__][INFO] - [4, 34], [31]
[2025-01-29 13:17:01,150][__main__][INFO] - [4, 35], [31]
[2025-01-29 13:17:01,228][__main__][INFO] - [4, 36], [31]
[2025-01-29 13:17:01,284][__main__][INFO] - [4, 37], [31]
[2025-01-29 13:17:01,334][__main__][INFO] - [4, 38], [31]
[2025-01-29 13:17:01,383][__main__][INFO] - [4, 39], [31]
[2025-01-29 13:17:01,523][__main__][INFO] - [5, 10, 11], []
[2025-01-29 13:17:01,602][__main__][INFO] - [5, 10, 12], []
[2025-01-29 13:17:01,656][__main__][INFO] - [5, 10, 13], []
[2025-01-29 13:17:01,711][__main__][INFO] - [5, 10, 14], []
[2025-01-29 13:17:01,759][__main__][INFO] - [5, 10, 15], []
[2025-01-29 13:17:01,809][__main__][INFO] - [5, 10, 16], []
[2025-01-29 13:17:01,901][__main__][INFO] - [5, 10, 17], []
[2025-01-29 13:17:01,984][__main__][INFO] - [5, 10, 19], []
[2025-01-29 13:17:02,065][__main__][INFO] - [5, 10, 21], []
[2025-01-29 13:17:02,138][__main__][INFO] - [5, 10, 22], []
[2025-01-29 13:17:02,196][__main__][INFO] - [5, 10, 23], []
[2025-01-29 13:17:02,249][__main__][INFO] - [5, 10, 24], []
[2025-01-29 13:17:02,299][__main__][INFO] - [5, 10, 25], []
[2025-01-29 13:17:02,360][__main__][INFO] - [5, 10], [25]
[2025-01-29 13:17:02,447][__main__][INFO] - [5, 10, 26], []
[2025-01-29 13:17:02,504][__main__][INFO] - [5, 10], [26]
[2025-01-29 13:17:02,587][__main__][INFO] - [5, 10, 27], []
[2025-01-29 13:17:02,645][__main__][INFO] - [5, 10], [27]
[2025-01-29 13:17:02,729][__main__][INFO] - [5, 10, 28], []
[2025-01-29 13:17:02,803][__main__][INFO] - [5, 10, 29], []
[2025-01-29 13:17:02,899][__main__][INFO] - [5, 10, 31], []
[2025-01-29 13:17:02,969][__main__][INFO] - [5, 10], [31]
[2025-01-29 13:17:03,040][__main__][INFO] - [5, 10, 32], []
[2025-01-29 13:17:03,093][__main__][INFO] - [5, 10, 33], []
[2025-01-29 13:17:03,165][__main__][INFO] - [5, 10, 34], []
[2025-01-29 13:17:03,215][__main__][INFO] - [5, 10, 35], []
[2025-01-29 13:17:03,266][__main__][INFO] - [5, 10, 36], []
[2025-01-29 13:17:03,318][__main__][INFO] - [5, 10, 37], []
[2025-01-29 13:17:03,368][__main__][INFO] - [5, 10, 38], []
[2025-01-29 13:17:03,417][__main__][INFO] - [5, 10, 39], []
[2025-01-29 13:17:03,528][__main__][INFO] - [5, 11], [10]
[2025-01-29 13:17:03,802][__main__][INFO] - [5, 12], [10]
[2025-01-29 13:17:03,908][__main__][INFO] - [5, 13], [10]
[2025-01-29 13:17:04,057][__main__][INFO] - [5, 14], [10]
[2025-01-29 13:17:04,110][__main__][INFO] - [5, 15], [10]
[2025-01-29 13:17:04,159][__main__][INFO] - [5, 16], [10]
[2025-01-29 13:17:04,605][__main__][INFO] - [5, 17], [10]
[2025-01-29 13:17:04,667][__main__][INFO] - [5, 18], [10]
[2025-01-29 13:17:04,715][__main__][INFO] - [5, 19], [10]
[2025-01-29 13:17:04,795][__main__][INFO] - [5, 21], [10]
[2025-01-29 13:17:05,107][__main__][INFO] - [5, 22], [10]
[2025-01-29 13:17:05,233][__main__][INFO] - [5, 23], [10]
[2025-01-29 13:17:05,322][__main__][INFO] - [5, 24], [10]
[2025-01-29 13:17:05,375][__main__][INFO] - [5, 25], [10]
[2025-01-29 13:17:05,590][__main__][INFO] - [5], [10, 25]
[2025-01-29 13:17:05,905][__main__][INFO] - [5], [10, 26]
[2025-01-29 13:17:06,399][__main__][INFO] - [5], [10, 27]
[2025-01-29 13:17:06,868][__main__][INFO] - [5, 28], [10]
[2025-01-29 13:17:07,396][__main__][INFO] - [5, 31], [10]
[2025-01-29 13:17:07,641][__main__][INFO] - [5], [10, 31]
[2025-01-29 13:17:07,876][__main__][INFO] - [5, 32], [10]
[2025-01-29 13:17:07,959][__main__][INFO] - [5, 33], [10]
[2025-01-29 13:17:08,251][__main__][INFO] - [5, 34], [10]
[2025-01-29 13:17:08,306][__main__][INFO] - [5, 35], [10]
[2025-01-29 13:17:08,413][__main__][INFO] - [5, 36], [10]
[2025-01-29 13:17:08,474][__main__][INFO] - [5, 37], [10]
[2025-01-29 13:17:08,525][__main__][INFO] - [5, 38], [10]
[2025-01-29 13:17:08,575][__main__][INFO] - [5, 39], [10]
[2025-01-29 13:17:08,687][__main__][INFO] - [5, 11, 16], []
[2025-01-29 13:17:08,980][__main__][INFO] - [5, 11, 17], []
[2025-01-29 13:17:09,041][__main__][INFO] - [5, 11, 18], []
[2025-01-29 13:17:09,089][__main__][INFO] - [5, 11, 19], []
[2025-01-29 13:17:09,172][__main__][INFO] - [5, 11, 21], []
[2025-01-29 13:17:09,350][__main__][INFO] - [5, 11, 22], []
[2025-01-29 13:17:09,476][__main__][INFO] - [5, 11, 23], []
[2025-01-29 13:17:09,555][__main__][INFO] - [5, 11, 24], []
[2025-01-29 13:17:09,639][__main__][INFO] - [5, 11], [25]
[2025-01-29 13:17:09,960][__main__][INFO] - [5, 11, 26], []
[2025-01-29 13:17:10,014][__main__][INFO] - [5, 11], [26]
[2025-01-29 13:17:10,315][__main__][INFO] - [5, 11, 27], []
[2025-01-29 13:17:10,369][__main__][INFO] - [5, 11], [27]
[2025-01-29 13:17:10,679][__main__][INFO] - [5, 11, 28], []
[2025-01-29 13:17:10,986][__main__][INFO] - [5, 11, 29], []
[2025-01-29 13:17:11,078][__main__][INFO] - [5, 11, 31], []
[2025-01-29 13:17:11,250][__main__][INFO] - [5, 11], [31]
[2025-01-29 13:17:11,419][__main__][INFO] - [5, 11, 32], []
[2025-01-29 13:17:11,476][__main__][INFO] - [5, 11, 33], []
[2025-01-29 13:17:11,723][__main__][INFO] - [5, 11, 34], []
[2025-01-29 13:17:11,777][__main__][INFO] - [5, 11, 35], []
[2025-01-29 13:17:11,832][__main__][INFO] - [5, 11, 36], []
[2025-01-29 13:17:11,895][__main__][INFO] - [5, 11, 37], []
[2025-01-29 13:17:11,945][__main__][INFO] - [5, 11, 38], []
[2025-01-29 13:17:11,995][__main__][INFO] - [5, 11, 39], []
[2025-01-29 13:17:12,106][__main__][INFO] - [5, 12, 16], []
[2025-01-29 13:17:12,216][__main__][INFO] - [5, 12, 17], []
[2025-01-29 13:17:12,356][__main__][INFO] - [5, 12, 21], []
[2025-01-29 13:17:12,455][__main__][INFO] - [5, 12, 22], []
[2025-01-29 13:17:12,506][__main__][INFO] - [5, 12, 23], []
[2025-01-29 13:17:12,561][__main__][INFO] - [5, 12, 24], []
[2025-01-29 13:17:12,610][__main__][INFO] - [5, 12, 25], []
[2025-01-29 13:17:12,752][__main__][INFO] - [5, 12, 26], []
[2025-01-29 13:17:12,801][__main__][INFO] - [5, 12], [26]
[2025-01-29 13:17:12,912][__main__][INFO] - [5, 12, 27], []
[2025-01-29 13:17:12,962][__main__][INFO] - [5, 12], [27]
[2025-01-29 13:17:13,069][__main__][INFO] - [5, 12, 28], []
[2025-01-29 13:17:13,178][__main__][INFO] - [5, 12, 29], []
[2025-01-29 13:17:13,259][__main__][INFO] - [5, 12, 31], []
[2025-01-29 13:17:13,336][__main__][INFO] - [5, 12], [31]
[2025-01-29 13:17:13,412][__main__][INFO] - [5, 12, 32], []
[2025-01-29 13:17:13,475][__main__][INFO] - [5, 12, 33], []
[2025-01-29 13:17:13,548][__main__][INFO] - [5, 12, 34], []
[2025-01-29 13:17:13,598][__main__][INFO] - [5, 12, 35], []
[2025-01-29 13:17:13,656][__main__][INFO] - [5, 12, 36], []
[2025-01-29 13:17:13,706][__main__][INFO] - [5, 12, 37], []
[2025-01-29 13:17:13,755][__main__][INFO] - [5, 12, 38], []
[2025-01-29 13:17:13,804][__main__][INFO] - [5, 12, 39], []
[2025-01-29 13:17:13,914][__main__][INFO] - [5, 13, 16], []
[2025-01-29 13:17:14,069][__main__][INFO] - [5, 13, 17], []
[2025-01-29 13:17:14,151][__main__][INFO] - [5, 13, 19], []
[2025-01-29 13:17:14,231][__main__][INFO] - [5, 13, 21], []
[2025-01-29 13:17:14,369][__main__][INFO] - [5, 13, 22], []
[2025-01-29 13:17:14,423][__main__][INFO] - [5, 13, 23], []
[2025-01-29 13:17:14,481][__main__][INFO] - [5, 13, 24], []
[2025-01-29 13:17:14,531][__main__][INFO] - [5, 13, 25], []
[2025-01-29 13:17:14,719][__main__][INFO] - [5, 13, 26], []
[2025-01-29 13:17:14,769][__main__][INFO] - [5, 13], [26]
[2025-01-29 13:17:14,927][__main__][INFO] - [5, 13, 27], []
[2025-01-29 13:17:14,977][__main__][INFO] - [5, 13], [27]
[2025-01-29 13:17:15,133][__main__][INFO] - [5, 13, 28], []
[2025-01-29 13:17:15,289][__main__][INFO] - [5, 13, 29], []
[2025-01-29 13:17:15,369][__main__][INFO] - [5, 13, 31], []
[2025-01-29 13:17:15,471][__main__][INFO] - [5, 13], [31]
[2025-01-29 13:17:15,566][__main__][INFO] - [5, 13, 32], []
[2025-01-29 13:17:15,628][__main__][INFO] - [5, 13, 33], []
[2025-01-29 13:17:15,710][__main__][INFO] - [5, 13, 34], []
[2025-01-29 13:17:15,761][__main__][INFO] - [5, 13, 35], []
[2025-01-29 13:17:15,851][__main__][INFO] - [5, 13, 36], []
[2025-01-29 13:17:15,900][__main__][INFO] - [5, 13, 37], []
[2025-01-29 13:17:15,950][__main__][INFO] - [5, 13, 38], []
[2025-01-29 13:17:15,999][__main__][INFO] - [5, 13, 39], []
[2025-01-29 13:17:16,110][__main__][INFO] - [5, 14, 16], []
[2025-01-29 13:17:16,162][__main__][INFO] - [5, 14, 17], []
[2025-01-29 13:17:16,306][__main__][INFO] - [5, 14, 21], []
[2025-01-29 13:17:16,355][__main__][INFO] - [5, 14, 22], []
[2025-01-29 13:17:16,405][__main__][INFO] - [5, 14, 23], []
[2025-01-29 13:17:16,455][__main__][INFO] - [5, 14, 24], []
[2025-01-29 13:17:16,534][__main__][INFO] - [5, 14], [25]
[2025-01-29 13:17:16,587][__main__][INFO] - [5, 14, 26], []
[2025-01-29 13:17:16,636][__main__][INFO] - [5, 14], [26]
[2025-01-29 13:17:16,689][__main__][INFO] - [5, 14, 27], []
[2025-01-29 13:17:16,739][__main__][INFO] - [5, 14], [27]
[2025-01-29 13:17:16,792][__main__][INFO] - [5, 14, 28], []
[2025-01-29 13:17:16,844][__main__][INFO] - [5, 14, 29], []
[2025-01-29 13:17:16,924][__main__][INFO] - [5, 14, 31], []
[2025-01-29 13:17:16,975][__main__][INFO] - [5, 14], [31]
[2025-01-29 13:17:17,026][__main__][INFO] - [5, 14, 32], []
[2025-01-29 13:17:17,075][__main__][INFO] - [5, 14, 33], []
[2025-01-29 13:17:17,126][__main__][INFO] - [5, 14, 34], []
[2025-01-29 13:17:17,176][__main__][INFO] - [5, 14, 35], []
[2025-01-29 13:17:17,225][__main__][INFO] - [5, 14, 36], []
[2025-01-29 13:17:17,434][__main__][INFO] - [5, 15, 16], []
[2025-01-29 13:17:17,609][__main__][INFO] - [5, 15, 21], []
[2025-01-29 13:17:17,659][__main__][INFO] - [5, 15, 22], []
[2025-01-29 13:17:17,802][__main__][INFO] - [5, 15], [25]
[2025-01-29 13:17:17,882][__main__][INFO] - [5, 15], [26]
[2025-01-29 13:17:17,963][__main__][INFO] - [5, 15], [27]
[2025-01-29 13:17:18,034][__main__][INFO] - [5, 15, 28], []
[2025-01-29 13:17:18,164][__main__][INFO] - [5, 15, 31], []
[2025-01-29 13:17:18,214][__main__][INFO] - [5, 15], [31]
[2025-01-29 13:17:18,265][__main__][INFO] - [5, 15, 32], []
[2025-01-29 13:17:18,314][__main__][INFO] - [5, 15, 33], []
[2025-01-29 13:17:18,363][__main__][INFO] - [5, 15, 34], []
[2025-01-29 13:17:18,442][__main__][INFO] - [5, 15, 36], []
[2025-01-29 13:17:18,523][__main__][INFO] - [5, 15, 38], []
[2025-01-29 13:17:18,665][__main__][INFO] - [5, 16, 21], []
[2025-01-29 13:17:18,996][__main__][INFO] - [5, 16, 22], []
[2025-01-29 13:17:19,128][__main__][INFO] - [5, 16, 23], []
[2025-01-29 13:17:19,222][__main__][INFO] - [5, 16, 24], []
[2025-01-29 13:17:19,275][__main__][INFO] - [5, 16, 25], []
[2025-01-29 13:17:19,503][__main__][INFO] - [5, 16], [25]
[2025-01-29 13:17:19,807][__main__][INFO] - [5, 16, 26], []
[2025-01-29 13:17:19,863][__main__][INFO] - [5, 16], [26]
[2025-01-29 13:17:20,343][__main__][INFO] - [5, 16, 27], []
[2025-01-29 13:17:20,399][__main__][INFO] - [5, 16], [27]
[2025-01-29 13:17:20,880][__main__][INFO] - [5, 16, 28], []
[2025-01-29 13:17:21,357][__main__][INFO] - [5, 16, 29], []
[2025-01-29 13:17:21,451][__main__][INFO] - [5, 16, 31], []
[2025-01-29 13:17:21,715][__main__][INFO] - [5, 16], [31]
[2025-01-29 13:17:21,953][__main__][INFO] - [5, 16, 32], []
[2025-01-29 13:17:22,040][__main__][INFO] - [5, 16, 33], []
[2025-01-29 13:17:22,346][__main__][INFO] - [5, 16, 34], []
[2025-01-29 13:17:22,403][__main__][INFO] - [5, 16, 35], []
[2025-01-29 13:17:22,512][__main__][INFO] - [5, 16, 36], []
[2025-01-29 13:17:22,575][__main__][INFO] - [5, 16, 37], []
[2025-01-29 13:17:22,626][__main__][INFO] - [5, 16, 38], []
[2025-01-29 13:17:22,676][__main__][INFO] - [5, 16, 39], []
[2025-01-29 13:17:22,788][__main__][INFO] - [5, 17, 21], []
[2025-01-29 13:17:22,844][__main__][INFO] - [5, 17, 22], []
[2025-01-29 13:17:22,897][__main__][INFO] - [5, 17, 23], []
[2025-01-29 13:17:22,947][__main__][INFO] - [5, 17, 24], []
[2025-01-29 13:17:22,995][__main__][INFO] - [5, 17, 25], []
[2025-01-29 13:17:23,046][__main__][INFO] - [5, 17], [25]
[2025-01-29 13:17:23,108][__main__][INFO] - [5, 17, 26], []
[2025-01-29 13:17:23,158][__main__][INFO] - [5, 17], [26]
[2025-01-29 13:17:23,221][__main__][INFO] - [5, 17, 27], []
[2025-01-29 13:17:23,270][__main__][INFO] - [5, 17], [27]
[2025-01-29 13:17:23,334][__main__][INFO] - [5, 17, 28], []
[2025-01-29 13:17:23,397][__main__][INFO] - [5, 17, 29], []
[2025-01-29 13:17:23,477][__main__][INFO] - [5, 17, 31], []
[2025-01-29 13:17:23,528][__main__][INFO] - [5, 17], [31]
[2025-01-29 13:17:23,589][__main__][INFO] - [5, 17, 32], []
[2025-01-29 13:17:23,638][__main__][INFO] - [5, 17, 33], []
[2025-01-29 13:17:23,697][__main__][INFO] - [5, 17, 34], []
[2025-01-29 13:17:23,746][__main__][INFO] - [5, 17, 35], []
[2025-01-29 13:17:23,796][__main__][INFO] - [5, 17, 36], []
[2025-01-29 13:17:23,846][__main__][INFO] - [5, 17, 37], []
[2025-01-29 13:17:23,895][__main__][INFO] - [5, 17, 38], []
[2025-01-29 13:17:24,036][__main__][INFO] - [5, 18, 21], []
[2025-01-29 13:17:24,115][__main__][INFO] - [5, 18, 23], []
[2025-01-29 13:17:24,226][__main__][INFO] - [5, 18], [25]
[2025-01-29 13:17:24,306][__main__][INFO] - [5, 18], [26]
[2025-01-29 13:17:24,386][__main__][INFO] - [5, 18], [27]
[2025-01-29 13:17:24,433][__main__][INFO] - [5, 18, 28], []
[2025-01-29 13:17:24,575][__main__][INFO] - [5, 18], [31]
[2025-01-29 13:17:24,655][__main__][INFO] - [5, 18, 33], []
[2025-01-29 13:17:24,952][__main__][INFO] - [5, 19, 21], []
[2025-01-29 13:17:25,001][__main__][INFO] - [5, 19, 22], []
[2025-01-29 13:17:25,051][__main__][INFO] - [5, 19, 23], []
[2025-01-29 13:17:25,131][__main__][INFO] - [5, 19, 25], []
[2025-01-29 13:17:25,181][__main__][INFO] - [5, 19], [25]
[2025-01-29 13:17:25,232][__main__][INFO] - [5, 19, 26], []
[2025-01-29 13:17:25,281][__main__][INFO] - [5, 19], [26]
[2025-01-29 13:17:25,363][__main__][INFO] - [5, 19], [27]
[2025-01-29 13:17:25,414][__main__][INFO] - [5, 19, 28], []
[2025-01-29 13:17:25,464][__main__][INFO] - [5, 19, 29], []
[2025-01-29 13:17:25,543][__main__][INFO] - [5, 19, 31], []
[2025-01-29 13:17:25,593][__main__][INFO] - [5, 19], [31]
[2025-01-29 13:17:25,644][__main__][INFO] - [5, 19, 32], []
[2025-01-29 13:17:25,693][__main__][INFO] - [5, 19, 33], []
[2025-01-29 13:17:25,743][__main__][INFO] - [5, 19, 34], []
[2025-01-29 13:17:25,792][__main__][INFO] - [5, 19, 35], []
[2025-01-29 13:17:25,841][__main__][INFO] - [5, 19, 36], []
[2025-01-29 13:17:26,074][__main__][INFO] - [5, 21, 25], []
[2025-01-29 13:17:26,279][__main__][INFO] - [5, 21], [25]
[2025-01-29 13:17:26,463][__main__][INFO] - [5, 21, 26], []
[2025-01-29 13:17:26,515][__main__][INFO] - [5, 21], [26]
[2025-01-29 13:17:26,847][__main__][INFO] - [5, 21, 27], []
[2025-01-29 13:17:26,901][__main__][INFO] - [5, 21], [27]
[2025-01-29 13:17:27,237][__main__][INFO] - [5, 21, 28], []
[2025-01-29 13:17:27,571][__main__][INFO] - [5, 21, 29], []
[2025-01-29 13:17:27,661][__main__][INFO] - [5, 21, 31], []
[2025-01-29 13:17:27,848][__main__][INFO] - [5, 21], [31]
[2025-01-29 13:17:28,028][__main__][INFO] - [5, 21, 32], []
[2025-01-29 13:17:28,108][__main__][INFO] - [5, 21, 33], []
[2025-01-29 13:17:28,303][__main__][INFO] - [5, 21, 34], []
[2025-01-29 13:17:28,355][__main__][INFO] - [5, 21, 35], []
[2025-01-29 13:17:28,455][__main__][INFO] - [5, 21, 36], []
[2025-01-29 13:17:28,515][__main__][INFO] - [5, 21, 37], []
[2025-01-29 13:17:28,565][__main__][INFO] - [5, 21, 38], []
[2025-01-29 13:17:28,615][__main__][INFO] - [5, 21, 39], []
[2025-01-29 13:17:28,726][__main__][INFO] - [5, 22, 25], []
[2025-01-29 13:17:28,782][__main__][INFO] - [5, 22], [25]
[2025-01-29 13:17:28,913][__main__][INFO] - [5, 22, 26], []
[2025-01-29 13:17:28,963][__main__][INFO] - [5, 22], [26]
[2025-01-29 13:17:29,097][__main__][INFO] - [5, 22, 27], []
[2025-01-29 13:17:29,147][__main__][INFO] - [5, 22], [27]
[2025-01-29 13:17:29,282][__main__][INFO] - [5, 22, 28], []
[2025-01-29 13:17:29,421][__main__][INFO] - [5, 22, 29], []
[2025-01-29 13:17:29,503][__main__][INFO] - [5, 22, 31], []
[2025-01-29 13:17:29,594][__main__][INFO] - [5, 22], [31]
[2025-01-29 13:17:29,681][__main__][INFO] - [5, 22, 32], []
[2025-01-29 13:17:29,731][__main__][INFO] - [5, 22, 33], []
[2025-01-29 13:17:29,850][__main__][INFO] - [5, 22, 34], []
[2025-01-29 13:17:29,904][__main__][INFO] - [5, 22, 35], []
[2025-01-29 13:17:29,955][__main__][INFO] - [5, 22, 36], []
[2025-01-29 13:17:30,004][__main__][INFO] - [5, 22, 37], []
[2025-01-29 13:17:30,053][__main__][INFO] - [5, 22, 38], []
[2025-01-29 13:17:30,102][__main__][INFO] - [5, 22, 39], []
[2025-01-29 13:17:30,213][__main__][INFO] - [5, 23, 25], []
[2025-01-29 13:17:30,278][__main__][INFO] - [5, 23], [25]
[2025-01-29 13:17:30,358][__main__][INFO] - [5, 23, 26], []
[2025-01-29 13:17:30,408][__main__][INFO] - [5, 23], [26]
[2025-01-29 13:17:30,503][__main__][INFO] - [5, 23, 27], []
[2025-01-29 13:17:30,553][__main__][INFO] - [5, 23], [27]
[2025-01-29 13:17:30,649][__main__][INFO] - [5, 23, 28], []
[2025-01-29 13:17:30,745][__main__][INFO] - [5, 23, 29], []
[2025-01-29 13:17:30,828][__main__][INFO] - [5, 23, 31], []
[2025-01-29 13:17:30,900][__main__][INFO] - [5, 23], [31]
[2025-01-29 13:17:30,971][__main__][INFO] - [5, 23, 32], []
[2025-01-29 13:17:31,023][__main__][INFO] - [5, 23, 33], []
[2025-01-29 13:17:31,099][__main__][INFO] - [5, 23, 34], []
[2025-01-29 13:17:31,149][__main__][INFO] - [5, 23, 35], []
[2025-01-29 13:17:31,204][__main__][INFO] - [5, 23, 36], []
[2025-01-29 13:17:31,254][__main__][INFO] - [5, 23, 37], []
[2025-01-29 13:17:31,304][__main__][INFO] - [5, 23, 38], []
[2025-01-29 13:17:31,353][__main__][INFO] - [5, 23, 39], []
[2025-01-29 13:17:31,463][__main__][INFO] - [5, 24, 25], []
[2025-01-29 13:17:31,512][__main__][INFO] - [5, 24], [25]
[2025-01-29 13:17:31,565][__main__][INFO] - [5, 24, 26], []
[2025-01-29 13:17:31,614][__main__][INFO] - [5, 24], [26]
[2025-01-29 13:17:31,667][__main__][INFO] - [5, 24, 27], []
[2025-01-29 13:17:31,716][__main__][INFO] - [5, 24], [27]
[2025-01-29 13:17:31,770][__main__][INFO] - [5, 24, 28], []
[2025-01-29 13:17:31,823][__main__][INFO] - [5, 24, 29], []
[2025-01-29 13:17:31,903][__main__][INFO] - [5, 24, 31], []
[2025-01-29 13:17:31,954][__main__][INFO] - [5, 24], [31]
[2025-01-29 13:17:32,005][__main__][INFO] - [5, 24, 32], []
[2025-01-29 13:17:32,053][__main__][INFO] - [5, 24, 33], []
[2025-01-29 13:17:32,105][__main__][INFO] - [5, 24, 34], []
[2025-01-29 13:17:32,154][__main__][INFO] - [5, 24, 35], []
[2025-01-29 13:17:32,203][__main__][INFO] - [5, 24, 36], []
[2025-01-29 13:17:32,411][__main__][INFO] - [5, 25, 26], []
[2025-01-29 13:17:32,468][__main__][INFO] - [5, 25], [26]
[2025-01-29 13:17:32,719][__main__][INFO] - [5, 25, 27], []
[2025-01-29 13:17:32,771][__main__][INFO] - [5, 25], [27]
[2025-01-29 13:17:33,006][__main__][INFO] - [5, 25, 28], []
[2025-01-29 13:17:33,231][__main__][INFO] - [5, 25, 29], []
[2025-01-29 13:17:33,315][__main__][INFO] - [5, 25, 31], []
[2025-01-29 13:17:33,448][__main__][INFO] - [5, 25], [31]
[2025-01-29 13:17:33,579][__main__][INFO] - [5, 25, 32], []
[2025-01-29 13:17:33,657][__main__][INFO] - [5, 25, 33], []
[2025-01-29 13:17:33,766][__main__][INFO] - [5, 25, 34], []
[2025-01-29 13:17:33,818][__main__][INFO] - [5, 25, 35], []
[2025-01-29 13:17:33,923][__main__][INFO] - [5, 25, 36], []
[2025-01-29 13:17:33,974][__main__][INFO] - [5, 25, 37], []
[2025-01-29 13:17:34,023][__main__][INFO] - [5, 25, 38], []
[2025-01-29 13:17:34,071][__main__][INFO] - [5, 25, 39], []
[2025-01-29 13:17:34,182][__main__][INFO] - [5, 26], [25]
[2025-01-29 13:17:34,236][__main__][INFO] - [5], [25, 26]
[2025-01-29 13:17:34,559][__main__][INFO] - [5, 27], [25]
[2025-01-29 13:17:34,613][__main__][INFO] - [5], [25, 27]
[2025-01-29 13:17:34,941][__main__][INFO] - [5, 28], [25]
[2025-01-29 13:17:35,258][__main__][INFO] - [5, 29], [25]
[2025-01-29 13:17:35,351][__main__][INFO] - [5, 31], [25]
[2025-01-29 13:17:35,525][__main__][INFO] - [5], [25, 31]
[2025-01-29 13:17:35,704][__main__][INFO] - [5, 32], [25]
[2025-01-29 13:17:35,762][__main__][INFO] - [5, 33], [25]
[2025-01-29 13:17:36,018][__main__][INFO] - [5, 34], [25]
[2025-01-29 13:17:36,073][__main__][INFO] - [5, 35], [25]
[2025-01-29 13:17:36,129][__main__][INFO] - [5, 36], [25]
[2025-01-29 13:17:36,193][__main__][INFO] - [5, 37], [25]
[2025-01-29 13:17:36,244][__main__][INFO] - [5, 38], [25]
[2025-01-29 13:17:36,294][__main__][INFO] - [5, 39], [25]
[2025-01-29 13:17:36,405][__main__][INFO] - [5, 26, 27], []
[2025-01-29 13:17:36,455][__main__][INFO] - [5, 26], [27]
[2025-01-29 13:17:36,510][__main__][INFO] - [5, 26, 28], []
[2025-01-29 13:17:36,564][__main__][INFO] - [5, 26, 29], []
[2025-01-29 13:17:36,646][__main__][INFO] - [5, 26, 31], []
[2025-01-29 13:17:36,698][__main__][INFO] - [5, 26], [31]
[2025-01-29 13:17:36,751][__main__][INFO] - [5, 26, 32], []
[2025-01-29 13:17:36,801][__main__][INFO] - [5, 26, 33], []
[2025-01-29 13:17:36,854][__main__][INFO] - [5, 26, 34], []
[2025-01-29 13:17:36,903][__main__][INFO] - [5, 26, 35], []
[2025-01-29 13:17:36,953][__main__][INFO] - [5, 26, 36], []
[2025-01-29 13:17:37,002][__main__][INFO] - [5, 26, 37], []
[2025-01-29 13:17:37,173][__main__][INFO] - [5, 27], [26]
[2025-01-29 13:17:37,228][__main__][INFO] - [5], [26, 27]
[2025-01-29 13:17:37,743][__main__][INFO] - [5, 28], [26]
[2025-01-29 13:17:38,233][__main__][INFO] - [5, 29], [26]
[2025-01-29 13:17:38,326][__main__][INFO] - [5, 31], [26]
[2025-01-29 13:17:38,595][__main__][INFO] - [5], [26, 31]
[2025-01-29 13:17:38,859][__main__][INFO] - [5, 32], [26]
[2025-01-29 13:17:38,946][__main__][INFO] - [5, 33], [26]
[2025-01-29 13:17:39,270][__main__][INFO] - [5, 34], [26]
[2025-01-29 13:17:39,327][__main__][INFO] - [5, 35], [26]
[2025-01-29 13:17:39,439][__main__][INFO] - [5, 36], [26]
[2025-01-29 13:17:39,504][__main__][INFO] - [5, 37], [26]
[2025-01-29 13:17:39,555][__main__][INFO] - [5, 38], [26]
[2025-01-29 13:17:39,605][__main__][INFO] - [5, 39], [26]
[2025-01-29 13:17:39,715][__main__][INFO] - [5, 27, 28], []
[2025-01-29 13:17:39,769][__main__][INFO] - [5, 27, 29], []
[2025-01-29 13:17:39,852][__main__][INFO] - [5, 27, 31], []
[2025-01-29 13:17:39,905][__main__][INFO] - [5, 27], [31]
[2025-01-29 13:17:39,958][__main__][INFO] - [5, 27, 32], []
[2025-01-29 13:17:40,008][__main__][INFO] - [5, 27, 33], []
[2025-01-29 13:17:40,061][__main__][INFO] - [5, 27, 34], []
[2025-01-29 13:17:40,109][__main__][INFO] - [5, 27, 35], []
[2025-01-29 13:17:40,158][__main__][INFO] - [5, 27, 36], []
[2025-01-29 13:17:40,208][__main__][INFO] - [5, 27, 37], []
[2025-01-29 13:17:40,257][__main__][INFO] - [5, 27, 38], []
[2025-01-29 13:17:40,399][__main__][INFO] - [5, 28], [27]
[2025-01-29 13:17:40,901][__main__][INFO] - [5, 29], [27]
[2025-01-29 13:17:40,994][__main__][INFO] - [5, 31], [27]
[2025-01-29 13:17:41,264][__main__][INFO] - [5], [27, 31]
[2025-01-29 13:17:41,521][__main__][INFO] - [5, 32], [27]
[2025-01-29 13:17:41,608][__main__][INFO] - [5, 33], [27]
[2025-01-29 13:17:41,925][__main__][INFO] - [5, 34], [27]
[2025-01-29 13:17:41,983][__main__][INFO] - [5, 35], [27]
[2025-01-29 13:17:42,095][__main__][INFO] - [5, 36], [27]
[2025-01-29 13:17:42,159][__main__][INFO] - [5, 37], [27]
[2025-01-29 13:17:42,210][__main__][INFO] - [5, 38], [27]
[2025-01-29 13:17:42,260][__main__][INFO] - [5, 39], [27]
[2025-01-29 13:17:42,371][__main__][INFO] - [5, 28, 31], []
[2025-01-29 13:17:42,632][__main__][INFO] - [5, 28], [31]
[2025-01-29 13:17:42,884][__main__][INFO] - [5, 28, 32], []
[2025-01-29 13:17:42,971][__main__][INFO] - [5, 28, 33], []
[2025-01-29 13:17:43,282][__main__][INFO] - [5, 28, 34], []
[2025-01-29 13:17:43,339][__main__][INFO] - [5, 28, 35], []
[2025-01-29 13:17:43,451][__main__][INFO] - [5, 28, 36], []
[2025-01-29 13:17:43,514][__main__][INFO] - [5, 28, 37], []
[2025-01-29 13:17:43,565][__main__][INFO] - [5, 28, 38], []
[2025-01-29 13:17:43,615][__main__][INFO] - [5, 28, 39], []
[2025-01-29 13:17:43,724][__main__][INFO] - [5, 29, 31], []
[2025-01-29 13:17:43,780][__main__][INFO] - [5, 29], [31]
[2025-01-29 13:17:43,837][__main__][INFO] - [5, 29, 32], []
[2025-01-29 13:17:43,887][__main__][INFO] - [5, 29, 33], []
[2025-01-29 13:17:43,944][__main__][INFO] - [5, 29, 34], []
[2025-01-29 13:17:43,994][__main__][INFO] - [5, 29, 35], []
[2025-01-29 13:17:44,044][__main__][INFO] - [5, 29, 36], []
[2025-01-29 13:17:44,095][__main__][INFO] - [5, 29, 37], []
[2025-01-29 13:17:44,296][__main__][INFO] - [5, 31, 32], []
[2025-01-29 13:17:44,363][__main__][INFO] - [5, 31, 33], []
[2025-01-29 13:17:44,536][__main__][INFO] - [5, 31, 34], []
[2025-01-29 13:17:44,590][__main__][INFO] - [5, 31, 35], []
[2025-01-29 13:17:44,669][__main__][INFO] - [5, 31, 36], []
[2025-01-29 13:17:44,724][__main__][INFO] - [5, 31, 37], []
[2025-01-29 13:17:44,774][__main__][INFO] - [5, 31, 38], []
[2025-01-29 13:17:44,823][__main__][INFO] - [5, 31, 39], []
[2025-01-29 13:17:44,934][__main__][INFO] - [5, 32], [31]
[2025-01-29 13:17:45,002][__main__][INFO] - [5, 33], [31]
[2025-01-29 13:17:45,172][__main__][INFO] - [5, 34], [31]
[2025-01-29 13:17:45,224][__main__][INFO] - [5, 35], [31]
[2025-01-29 13:17:45,298][__main__][INFO] - [5, 36], [31]
[2025-01-29 13:17:45,354][__main__][INFO] - [5, 37], [31]
[2025-01-29 13:17:45,404][__main__][INFO] - [5, 38], [31]
[2025-01-29 13:17:45,454][__main__][INFO] - [5, 39], [31]
[2025-01-29 13:17:45,594][__main__][INFO] - [6, 10, 11], []
[2025-01-29 13:17:45,692][__main__][INFO] - [6, 10, 12], []
[2025-01-29 13:17:45,745][__main__][INFO] - [6, 10, 13], []
[2025-01-29 13:17:45,806][__main__][INFO] - [6, 10, 14], []
[2025-01-29 13:17:45,855][__main__][INFO] - [6, 10, 15], []
[2025-01-29 13:17:45,904][__main__][INFO] - [6, 10, 16], []
[2025-01-29 13:17:46,019][__main__][INFO] - [6, 10, 17], []
[2025-01-29 13:17:46,105][__main__][INFO] - [6, 10, 19], []
[2025-01-29 13:17:46,184][__main__][INFO] - [6, 10, 21], []
[2025-01-29 13:17:46,272][__main__][INFO] - [6, 10, 22], []
[2025-01-29 13:17:46,335][__main__][INFO] - [6, 10, 23], []
[2025-01-29 13:17:46,392][__main__][INFO] - [6, 10, 24], []
[2025-01-29 13:17:46,443][__main__][INFO] - [6, 10, 25], []
[2025-01-29 13:17:46,509][__main__][INFO] - [6, 10], [25]
[2025-01-29 13:17:46,611][__main__][INFO] - [6, 10, 26], []
[2025-01-29 13:17:46,674][__main__][INFO] - [6, 10], [26]
[2025-01-29 13:17:46,777][__main__][INFO] - [6, 10, 27], []
[2025-01-29 13:17:46,837][__main__][INFO] - [6, 10], [27]
[2025-01-29 13:17:46,944][__main__][INFO] - [6, 10, 28], []
[2025-01-29 13:17:47,039][__main__][INFO] - [6, 10, 29], []
[2025-01-29 13:17:47,140][__main__][INFO] - [6, 10, 31], []
[2025-01-29 13:17:47,220][__main__][INFO] - [6, 10], [31]
[2025-01-29 13:17:47,302][__main__][INFO] - [6, 10, 32], []
[2025-01-29 13:17:47,356][__main__][INFO] - [6, 10, 33], []
[2025-01-29 13:17:47,450][__main__][INFO] - [6, 10, 34], []
[2025-01-29 13:17:47,501][__main__][INFO] - [6, 10, 35], []
[2025-01-29 13:17:47,556][__main__][INFO] - [6, 10, 36], []
[2025-01-29 13:17:47,610][__main__][INFO] - [6, 10, 37], []
[2025-01-29 13:17:47,660][__main__][INFO] - [6, 10, 38], []
[2025-01-29 13:17:47,708][__main__][INFO] - [6, 10, 39], []
[2025-01-29 13:17:47,818][__main__][INFO] - [6, 11], [10]
[2025-01-29 13:17:48,107][__main__][INFO] - [6, 12], [10]
[2025-01-29 13:17:48,186][__main__][INFO] - [6, 13], [10]
[2025-01-29 13:17:48,328][__main__][INFO] - [6, 14], [10]
[2025-01-29 13:17:48,381][__main__][INFO] - [6, 15], [10]
[2025-01-29 13:17:48,431][__main__][INFO] - [6, 16], [10]
[2025-01-29 13:17:48,842][__main__][INFO] - [6, 17], [10]
[2025-01-29 13:17:48,936][__main__][INFO] - [6, 19], [10]
[2025-01-29 13:17:49,018][__main__][INFO] - [6, 21], [10]
[2025-01-29 13:17:49,302][__main__][INFO] - [6, 22], [10]
[2025-01-29 13:17:49,433][__main__][INFO] - [6, 23], [10]
[2025-01-29 13:17:49,517][__main__][INFO] - [6, 24], [10]
[2025-01-29 13:17:49,570][__main__][INFO] - [6, 25], [10]
[2025-01-29 13:17:49,746][__main__][INFO] - [6], [10, 25]
[2025-01-29 13:17:50,073][__main__][INFO] - [6], [10, 26]
[2025-01-29 13:17:50,543][__main__][INFO] - [6], [10, 27]
[2025-01-29 13:17:50,975][__main__][INFO] - [6, 28], [10]
[2025-01-29 13:17:51,471][__main__][INFO] - [6, 31], [10]
[2025-01-29 13:17:51,702][__main__][INFO] - [6], [10, 31]
[2025-01-29 13:17:51,920][__main__][INFO] - [6, 32], [10]
[2025-01-29 13:17:51,990][__main__][INFO] - [6, 33], [10]
[2025-01-29 13:17:52,284][__main__][INFO] - [6, 34], [10]
[2025-01-29 13:17:52,339][__main__][INFO] - [6, 35], [10]
[2025-01-29 13:17:52,440][__main__][INFO] - [6, 36], [10]
[2025-01-29 13:17:52,500][__main__][INFO] - [6, 37], [10]
[2025-01-29 13:17:52,551][__main__][INFO] - [6, 38], [10]
[2025-01-29 13:17:52,600][__main__][INFO] - [6, 39], [10]
[2025-01-29 13:17:52,711][__main__][INFO] - [6, 11, 16], []
[2025-01-29 13:17:53,027][__main__][INFO] - [6, 11, 17], []
[2025-01-29 13:17:53,124][__main__][INFO] - [6, 11, 19], []
[2025-01-29 13:17:53,205][__main__][INFO] - [6, 11, 21], []
[2025-01-29 13:17:53,401][__main__][INFO] - [6, 11, 22], []
[2025-01-29 13:17:53,537][__main__][INFO] - [6, 11, 23], []
[2025-01-29 13:17:53,614][__main__][INFO] - [6, 11, 24], []
[2025-01-29 13:17:53,699][__main__][INFO] - [6, 11], [25]
[2025-01-29 13:17:54,046][__main__][INFO] - [6, 11, 26], []
[2025-01-29 13:17:54,105][__main__][INFO] - [6, 11], [26]
[2025-01-29 13:17:54,431][__main__][INFO] - [6, 11, 27], []
[2025-01-29 13:17:54,487][__main__][INFO] - [6, 11], [27]
[2025-01-29 13:17:54,825][__main__][INFO] - [6, 11, 28], []
[2025-01-29 13:17:55,147][__main__][INFO] - [6, 11, 29], []
[2025-01-29 13:17:55,240][__main__][INFO] - [6, 11, 31], []
[2025-01-29 13:17:55,426][__main__][INFO] - [6, 11], [31]
[2025-01-29 13:17:55,609][__main__][INFO] - [6, 11, 32], []
[2025-01-29 13:17:55,664][__main__][INFO] - [6, 11, 33], []
[2025-01-29 13:17:55,943][__main__][INFO] - [6, 11, 34], []
[2025-01-29 13:17:55,997][__main__][INFO] - [6, 11, 35], []
[2025-01-29 13:17:56,052][__main__][INFO] - [6, 11, 36], []
[2025-01-29 13:17:56,116][__main__][INFO] - [6, 11, 37], []
[2025-01-29 13:17:56,167][__main__][INFO] - [6, 11, 38], []
[2025-01-29 13:17:56,216][__main__][INFO] - [6, 11, 39], []
[2025-01-29 13:17:56,326][__main__][INFO] - [6, 12, 16], []
[2025-01-29 13:17:56,411][__main__][INFO] - [6, 12, 17], []
[2025-01-29 13:17:56,554][__main__][INFO] - [6, 12, 21], []
[2025-01-29 13:17:56,633][__main__][INFO] - [6, 12, 22], []
[2025-01-29 13:17:56,683][__main__][INFO] - [6, 12, 23], []
[2025-01-29 13:17:56,766][__main__][INFO] - [6, 12, 25], []
[2025-01-29 13:17:56,882][__main__][INFO] - [6, 12, 26], []
[2025-01-29 13:17:56,932][__main__][INFO] - [6, 12], [26]
[2025-01-29 13:17:57,016][__main__][INFO] - [6, 12, 27], []
[2025-01-29 13:17:57,067][__main__][INFO] - [6, 12], [27]
[2025-01-29 13:17:57,149][__main__][INFO] - [6, 12, 28], []
[2025-01-29 13:17:57,232][__main__][INFO] - [6, 12, 29], []
[2025-01-29 13:17:57,312][__main__][INFO] - [6, 12, 31], []
[2025-01-29 13:17:57,378][__main__][INFO] - [6, 12], [31]
[2025-01-29 13:17:57,442][__main__][INFO] - [6, 12, 32], []
[2025-01-29 13:17:57,498][__main__][INFO] - [6, 12, 33], []
[2025-01-29 13:17:57,561][__main__][INFO] - [6, 12, 34], []
[2025-01-29 13:17:57,610][__main__][INFO] - [6, 12, 35], []
[2025-01-29 13:17:57,667][__main__][INFO] - [6, 12, 36], []
[2025-01-29 13:17:57,717][__main__][INFO] - [6, 12, 37], []
[2025-01-29 13:17:57,766][__main__][INFO] - [6, 12, 38], []
[2025-01-29 13:17:57,813][__main__][INFO] - [6, 12, 39], []
[2025-01-29 13:17:57,923][__main__][INFO] - [6, 13, 16], []
[2025-01-29 13:17:58,076][__main__][INFO] - [6, 13, 17], []
[2025-01-29 13:17:58,158][__main__][INFO] - [6, 13, 19], []
[2025-01-29 13:17:58,238][__main__][INFO] - [6, 13, 21], []
[2025-01-29 13:17:58,371][__main__][INFO] - [6, 13, 22], []
[2025-01-29 13:17:58,424][__main__][INFO] - [6, 13, 23], []
[2025-01-29 13:17:58,482][__main__][INFO] - [6, 13, 24], []
[2025-01-29 13:17:58,532][__main__][INFO] - [6, 13, 25], []
[2025-01-29 13:17:58,717][__main__][INFO] - [6, 13, 26], []
[2025-01-29 13:17:58,768][__main__][INFO] - [6, 13], [26]
[2025-01-29 13:17:58,919][__main__][INFO] - [6, 13, 27], []
[2025-01-29 13:17:58,969][__main__][INFO] - [6, 13], [27]
[2025-01-29 13:17:59,119][__main__][INFO] - [6, 13, 28], []
[2025-01-29 13:17:59,273][__main__][INFO] - [6, 13, 29], []
[2025-01-29 13:17:59,355][__main__][INFO] - [6, 13, 31], []
[2025-01-29 13:17:59,456][__main__][INFO] - [6, 13], [31]
[2025-01-29 13:17:59,547][__main__][INFO] - [6, 13, 32], []
[2025-01-29 13:17:59,607][__main__][INFO] - [6, 13, 33], []
[2025-01-29 13:17:59,689][__main__][INFO] - [6, 13, 34], []
[2025-01-29 13:17:59,740][__main__][INFO] - [6, 13, 35], []
[2025-01-29 13:17:59,828][__main__][INFO] - [6, 13, 36], []
[2025-01-29 13:17:59,878][__main__][INFO] - [6, 13, 37], []
[2025-01-29 13:17:59,927][__main__][INFO] - [6, 13, 38], []
[2025-01-29 13:17:59,976][__main__][INFO] - [6, 13, 39], []
[2025-01-29 13:18:00,087][__main__][INFO] - [6, 14, 16], []
[2025-01-29 13:18:00,140][__main__][INFO] - [6, 14, 17], []
[2025-01-29 13:18:00,283][__main__][INFO] - [6, 14, 21], []
[2025-01-29 13:18:00,333][__main__][INFO] - [6, 14, 22], []
[2025-01-29 13:18:00,383][__main__][INFO] - [6, 14, 23], []
[2025-01-29 13:18:00,495][__main__][INFO] - [6, 14], [25]
[2025-01-29 13:18:00,549][__main__][INFO] - [6, 14, 26], []
[2025-01-29 13:18:00,598][__main__][INFO] - [6, 14], [26]
[2025-01-29 13:18:00,651][__main__][INFO] - [6, 14, 27], []
[2025-01-29 13:18:00,701][__main__][INFO] - [6, 14], [27]
[2025-01-29 13:18:00,754][__main__][INFO] - [6, 14, 28], []
[2025-01-29 13:18:00,807][__main__][INFO] - [6, 14, 29], []
[2025-01-29 13:18:00,887][__main__][INFO] - [6, 14, 31], []
[2025-01-29 13:18:00,937][__main__][INFO] - [6, 14], [31]
[2025-01-29 13:18:00,988][__main__][INFO] - [6, 14, 32], []
[2025-01-29 13:18:01,037][__main__][INFO] - [6, 14, 33], []
[2025-01-29 13:18:01,089][__main__][INFO] - [6, 14, 34], []
[2025-01-29 13:18:01,138][__main__][INFO] - [6, 14, 35], []
[2025-01-29 13:18:01,188][__main__][INFO] - [6, 14, 36], []
[2025-01-29 13:18:01,391][__main__][INFO] - [6, 15, 16], []
[2025-01-29 13:18:01,566][__main__][INFO] - [6, 15, 21], []
[2025-01-29 13:18:01,615][__main__][INFO] - [6, 15, 22], []
[2025-01-29 13:18:01,665][__main__][INFO] - [6, 15, 23], []
[2025-01-29 13:18:01,777][__main__][INFO] - [6, 15], [25]
[2025-01-29 13:18:01,856][__main__][INFO] - [6, 15], [26]
[2025-01-29 13:18:01,937][__main__][INFO] - [6, 15], [27]
[2025-01-29 13:18:01,987][__main__][INFO] - [6, 15, 28], []
[2025-01-29 13:18:02,100][__main__][INFO] - [6, 15, 31], []
[2025-01-29 13:18:02,149][__main__][INFO] - [6, 15], [31]
[2025-01-29 13:18:02,230][__main__][INFO] - [6, 15, 33], []
[2025-01-29 13:18:02,407][__main__][INFO] - [6, 15, 38], []
[2025-01-29 13:18:02,550][__main__][INFO] - [6, 16, 21], []
[2025-01-29 13:18:02,859][__main__][INFO] - [6, 16, 22], []
[2025-01-29 13:18:02,997][__main__][INFO] - [6, 16, 23], []
[2025-01-29 13:18:03,087][__main__][INFO] - [6, 16, 24], []
[2025-01-29 13:18:03,140][__main__][INFO] - [6, 16, 25], []
[2025-01-29 13:18:03,373][__main__][INFO] - [6, 16], [25]
[2025-01-29 13:18:03,702][__main__][INFO] - [6, 16, 26], []
[2025-01-29 13:18:03,763][__main__][INFO] - [6, 16], [26]
[2025-01-29 13:18:04,233][__main__][INFO] - [6, 16, 27], []
[2025-01-29 13:18:04,293][__main__][INFO] - [6, 16], [27]
[2025-01-29 13:18:04,765][__main__][INFO] - [6, 16, 28], []
[2025-01-29 13:18:05,234][__main__][INFO] - [6, 16, 29], []
[2025-01-29 13:18:05,332][__main__][INFO] - [6, 16, 31], []
[2025-01-29 13:18:05,602][__main__][INFO] - [6, 16], [31]
[2025-01-29 13:18:05,833][__main__][INFO] - [6, 16, 32], []
[2025-01-29 13:18:05,905][__main__][INFO] - [6, 16, 33], []
[2025-01-29 13:18:06,228][__main__][INFO] - [6, 16, 34], []
[2025-01-29 13:18:06,284][__main__][INFO] - [6, 16, 35], []
[2025-01-29 13:18:06,390][__main__][INFO] - [6, 16, 36], []
[2025-01-29 13:18:06,454][__main__][INFO] - [6, 16, 37], []
[2025-01-29 13:18:06,504][__main__][INFO] - [6, 16, 38], []
[2025-01-29 13:18:06,554][__main__][INFO] - [6, 16, 39], []
[2025-01-29 13:18:06,665][__main__][INFO] - [6, 17, 21], []
[2025-01-29 13:18:06,725][__main__][INFO] - [6, 17, 22], []
[2025-01-29 13:18:06,779][__main__][INFO] - [6, 17, 23], []
[2025-01-29 13:18:06,830][__main__][INFO] - [6, 17, 24], []
[2025-01-29 13:18:06,879][__main__][INFO] - [6, 17, 25], []
[2025-01-29 13:18:06,929][__main__][INFO] - [6, 17], [25]
[2025-01-29 13:18:06,996][__main__][INFO] - [6, 17, 26], []
[2025-01-29 13:18:07,047][__main__][INFO] - [6, 17], [26]
[2025-01-29 13:18:07,114][__main__][INFO] - [6, 17, 27], []
[2025-01-29 13:18:07,164][__main__][INFO] - [6, 17], [27]
[2025-01-29 13:18:07,233][__main__][INFO] - [6, 17, 28], []
[2025-01-29 13:18:07,300][__main__][INFO] - [6, 17, 29], []
[2025-01-29 13:18:07,381][__main__][INFO] - [6, 17, 31], []
[2025-01-29 13:18:07,430][__main__][INFO] - [6, 17], [31]
[2025-01-29 13:18:07,497][__main__][INFO] - [6, 17, 32], []
[2025-01-29 13:18:07,547][__main__][INFO] - [6, 17, 33], []
[2025-01-29 13:18:07,609][__main__][INFO] - [6, 17, 34], []
[2025-01-29 13:18:07,658][__main__][INFO] - [6, 17, 35], []
[2025-01-29 13:18:07,709][__main__][INFO] - [6, 17, 36], []
[2025-01-29 13:18:07,760][__main__][INFO] - [6, 17, 37], []
[2025-01-29 13:18:07,840][__main__][INFO] - [6, 17, 39], []
[2025-01-29 13:18:07,980][__main__][INFO] - [6, 19, 21], []
[2025-01-29 13:18:08,030][__main__][INFO] - [6, 19, 22], []
[2025-01-29 13:18:08,079][__main__][INFO] - [6, 19, 23], []
[2025-01-29 13:18:08,160][__main__][INFO] - [6, 19, 25], []
[2025-01-29 13:18:08,209][__main__][INFO] - [6, 19], [25]
[2025-01-29 13:18:08,260][__main__][INFO] - [6, 19, 26], []
[2025-01-29 13:18:08,309][__main__][INFO] - [6, 19], [26]
[2025-01-29 13:18:08,360][__main__][INFO] - [6, 19, 27], []
[2025-01-29 13:18:08,407][__main__][INFO] - [6, 19], [27]
[2025-01-29 13:18:08,457][__main__][INFO] - [6, 19, 28], []
[2025-01-29 13:18:08,507][__main__][INFO] - [6, 19, 29], []
[2025-01-29 13:18:08,587][__main__][INFO] - [6, 19, 31], []
[2025-01-29 13:18:08,637][__main__][INFO] - [6, 19], [31]
[2025-01-29 13:18:08,718][__main__][INFO] - [6, 19, 33], []
[2025-01-29 13:18:08,800][__main__][INFO] - [6, 19, 35], []
[2025-01-29 13:18:08,849][__main__][INFO] - [6, 19, 36], []
[2025-01-29 13:18:09,082][__main__][INFO] - [6, 21, 25], []
[2025-01-29 13:18:09,251][__main__][INFO] - [6, 21], [25]
[2025-01-29 13:18:09,449][__main__][INFO] - [6, 21, 26], []
[2025-01-29 13:18:09,506][__main__][INFO] - [6, 21], [26]
[2025-01-29 13:18:09,825][__main__][INFO] - [6, 21, 27], []
[2025-01-29 13:18:09,880][__main__][INFO] - [6, 21], [27]
[2025-01-29 13:18:10,198][__main__][INFO] - [6, 21, 28], []
[2025-01-29 13:18:10,514][__main__][INFO] - [6, 21, 29], []
[2025-01-29 13:18:10,607][__main__][INFO] - [6, 21, 31], []
[2025-01-29 13:18:10,789][__main__][INFO] - [6, 21], [31]
[2025-01-29 13:18:10,960][__main__][INFO] - [6, 21, 32], []
[2025-01-29 13:18:11,029][__main__][INFO] - [6, 21, 33], []
[2025-01-29 13:18:11,231][__main__][INFO] - [6, 21, 34], []
[2025-01-29 13:18:11,283][__main__][INFO] - [6, 21, 35], []
[2025-01-29 13:18:11,380][__main__][INFO] - [6, 21, 36], []
[2025-01-29 13:18:11,440][__main__][INFO] - [6, 21, 37], []
[2025-01-29 13:18:11,490][__main__][INFO] - [6, 21, 38], []
[2025-01-29 13:18:11,540][__main__][INFO] - [6, 21, 39], []
[2025-01-29 13:18:11,651][__main__][INFO] - [6, 22, 25], []
[2025-01-29 13:18:11,706][__main__][INFO] - [6, 22], [25]
[2025-01-29 13:18:11,844][__main__][INFO] - [6, 22, 26], []
[2025-01-29 13:18:11,896][__main__][INFO] - [6, 22], [26]
[2025-01-29 13:18:12,038][__main__][INFO] - [6, 22, 27], []
[2025-01-29 13:18:12,089][__main__][INFO] - [6, 22], [27]
[2025-01-29 13:18:12,233][__main__][INFO] - [6, 22, 28], []
[2025-01-29 13:18:12,377][__main__][INFO] - [6, 22, 29], []
[2025-01-29 13:18:12,459][__main__][INFO] - [6, 22, 31], []
[2025-01-29 13:18:12,555][__main__][INFO] - [6, 22], [31]
[2025-01-29 13:18:12,646][__main__][INFO] - [6, 22, 32], []
[2025-01-29 13:18:12,696][__main__][INFO] - [6, 22, 33], []
[2025-01-29 13:18:12,827][__main__][INFO] - [6, 22, 34], []
[2025-01-29 13:18:12,880][__main__][INFO] - [6, 22, 35], []
[2025-01-29 13:18:12,931][__main__][INFO] - [6, 22, 36], []
[2025-01-29 13:18:12,980][__main__][INFO] - [6, 22, 37], []
[2025-01-29 13:18:13,030][__main__][INFO] - [6, 22, 38], []
[2025-01-29 13:18:13,172][__main__][INFO] - [6, 23, 25], []
[2025-01-29 13:18:13,234][__main__][INFO] - [6, 23], [25]
[2025-01-29 13:18:13,313][__main__][INFO] - [6, 23, 26], []
[2025-01-29 13:18:13,364][__main__][INFO] - [6, 23], [26]
[2025-01-29 13:18:13,454][__main__][INFO] - [6, 23, 27], []
[2025-01-29 13:18:13,504][__main__][INFO] - [6, 23], [27]
[2025-01-29 13:18:13,596][__main__][INFO] - [6, 23, 28], []
[2025-01-29 13:18:13,687][__main__][INFO] - [6, 23, 29], []
[2025-01-29 13:18:13,771][__main__][INFO] - [6, 23, 31], []
[2025-01-29 13:18:13,839][__main__][INFO] - [6, 23], [31]
[2025-01-29 13:18:13,908][__main__][INFO] - [6, 23, 32], []
[2025-01-29 13:18:13,958][__main__][INFO] - [6, 23, 33], []
[2025-01-29 13:18:14,033][__main__][INFO] - [6, 23, 34], []
[2025-01-29 13:18:14,083][__main__][INFO] - [6, 23, 35], []
[2025-01-29 13:18:14,137][__main__][INFO] - [6, 23, 36], []
[2025-01-29 13:18:14,188][__main__][INFO] - [6, 23, 37], []
[2025-01-29 13:18:14,268][__main__][INFO] - [6, 23, 39], []
[2025-01-29 13:18:14,379][__main__][INFO] - [6, 24, 25], []
[2025-01-29 13:18:14,428][__main__][INFO] - [6, 24], [25]
[2025-01-29 13:18:14,480][__main__][INFO] - [6, 24, 26], []
[2025-01-29 13:18:14,529][__main__][INFO] - [6, 24], [26]
[2025-01-29 13:18:14,583][__main__][INFO] - [6, 24, 27], []
[2025-01-29 13:18:14,632][__main__][INFO] - [6, 24], [27]
[2025-01-29 13:18:14,685][__main__][INFO] - [6, 24, 28], []
[2025-01-29 13:18:14,739][__main__][INFO] - [6, 24, 29], []
[2025-01-29 13:18:14,820][__main__][INFO] - [6, 24, 31], []
[2025-01-29 13:18:14,871][__main__][INFO] - [6, 24], [31]
[2025-01-29 13:18:14,922][__main__][INFO] - [6, 24, 32], []
[2025-01-29 13:18:14,970][__main__][INFO] - [6, 24, 33], []
[2025-01-29 13:18:15,022][__main__][INFO] - [6, 24, 34], []
[2025-01-29 13:18:15,070][__main__][INFO] - [6, 24, 35], []
[2025-01-29 13:18:15,119][__main__][INFO] - [6, 24, 36], []
[2025-01-29 13:18:15,322][__main__][INFO] - [6, 25, 26], []
[2025-01-29 13:18:15,373][__main__][INFO] - [6, 25], [26]
[2025-01-29 13:18:15,564][__main__][INFO] - [6, 25, 27], []
[2025-01-29 13:18:15,615][__main__][INFO] - [6, 25], [27]
[2025-01-29 13:18:15,803][__main__][INFO] - [6, 25, 28], []
[2025-01-29 13:18:15,993][__main__][INFO] - [6, 25, 29], []
[2025-01-29 13:18:16,077][__main__][INFO] - [6, 25, 31], []
[2025-01-29 13:18:16,195][__main__][INFO] - [6, 25], [31]
[2025-01-29 13:18:16,305][__main__][INFO] - [6, 25, 32], []
[2025-01-29 13:18:16,371][__main__][INFO] - [6, 25, 33], []
[2025-01-29 13:18:16,468][__main__][INFO] - [6, 25, 34], []
[2025-01-29 13:18:16,518][__main__][INFO] - [6, 25, 35], []
[2025-01-29 13:18:16,617][__main__][INFO] - [6, 25, 36], []
[2025-01-29 13:18:16,666][__main__][INFO] - [6, 25, 37], []
[2025-01-29 13:18:16,715][__main__][INFO] - [6, 25, 38], []
[2025-01-29 13:18:16,763][__main__][INFO] - [6, 25, 39], []
[2025-01-29 13:18:16,873][__main__][INFO] - [6, 26], [25]
[2025-01-29 13:18:16,931][__main__][INFO] - [6], [25, 26]
[2025-01-29 13:18:17,273][__main__][INFO] - [6, 27], [25]
[2025-01-29 13:18:17,329][__main__][INFO] - [6], [25, 27]
[2025-01-29 13:18:17,688][__main__][INFO] - [6, 28], [25]
[2025-01-29 13:18:18,021][__main__][INFO] - [6, 29], [25]
[2025-01-29 13:18:18,115][__main__][INFO] - [6, 31], [25]
[2025-01-29 13:18:18,307][__main__][INFO] - [6], [25, 31]
[2025-01-29 13:18:18,492][__main__][INFO] - [6, 32], [25]
[2025-01-29 13:18:18,547][__main__][INFO] - [6, 33], [25]
[2025-01-29 13:18:18,833][__main__][INFO] - [6, 34], [25]
[2025-01-29 13:18:18,887][__main__][INFO] - [6, 35], [25]
[2025-01-29 13:18:18,942][__main__][INFO] - [6, 36], [25]
[2025-01-29 13:18:19,006][__main__][INFO] - [6, 37], [25]
[2025-01-29 13:18:19,056][__main__][INFO] - [6, 38], [25]
[2025-01-29 13:18:19,105][__main__][INFO] - [6, 39], [25]
[2025-01-29 13:18:19,215][__main__][INFO] - [6, 26, 27], []
[2025-01-29 13:18:19,266][__main__][INFO] - [6, 26], [27]
[2025-01-29 13:18:19,325][__main__][INFO] - [6, 26, 28], []
[2025-01-29 13:18:19,383][__main__][INFO] - [6, 26, 29], []
[2025-01-29 13:18:19,465][__main__][INFO] - [6, 26, 31], []
[2025-01-29 13:18:19,518][__main__][INFO] - [6, 26], [31]
[2025-01-29 13:18:19,573][__main__][INFO] - [6, 26, 32], []
[2025-01-29 13:18:19,622][__main__][INFO] - [6, 26, 33], []
[2025-01-29 13:18:19,679][__main__][INFO] - [6, 26, 34], []
[2025-01-29 13:18:19,727][__main__][INFO] - [6, 26, 35], []
[2025-01-29 13:18:19,777][__main__][INFO] - [6, 26, 36], []
[2025-01-29 13:18:19,825][__main__][INFO] - [6, 26, 37], []
[2025-01-29 13:18:19,997][__main__][INFO] - [6, 27], [26]
[2025-01-29 13:18:20,052][__main__][INFO] - [6], [26, 27]
[2025-01-29 13:18:20,546][__main__][INFO] - [6, 28], [26]
[2025-01-29 13:18:21,021][__main__][INFO] - [6, 29], [26]
[2025-01-29 13:18:21,116][__main__][INFO] - [6, 31], [26]
[2025-01-29 13:18:21,379][__main__][INFO] - [6], [26, 31]
[2025-01-29 13:18:21,624][__main__][INFO] - [6, 32], [26]
[2025-01-29 13:18:21,696][__main__][INFO] - [6, 33], [26]
[2025-01-29 13:18:22,020][__main__][INFO] - [6, 34], [26]
[2025-01-29 13:18:22,076][__main__][INFO] - [6, 35], [26]
[2025-01-29 13:18:22,181][__main__][INFO] - [6, 36], [26]
[2025-01-29 13:18:22,245][__main__][INFO] - [6, 37], [26]
[2025-01-29 13:18:22,295][__main__][INFO] - [6, 38], [26]
[2025-01-29 13:18:22,344][__main__][INFO] - [6, 39], [26]
[2025-01-29 13:18:22,455][__main__][INFO] - [6, 27, 28], []
[2025-01-29 13:18:22,510][__main__][INFO] - [6, 27, 29], []
[2025-01-29 13:18:22,592][__main__][INFO] - [6, 27, 31], []
[2025-01-29 13:18:22,645][__main__][INFO] - [6, 27], [31]
[2025-01-29 13:18:22,699][__main__][INFO] - [6, 27, 32], []
[2025-01-29 13:18:22,748][__main__][INFO] - [6, 27, 33], []
[2025-01-29 13:18:22,802][__main__][INFO] - [6, 27, 34], []
[2025-01-29 13:18:22,851][__main__][INFO] - [6, 27, 35], []
[2025-01-29 13:18:22,900][__main__][INFO] - [6, 27, 36], []
[2025-01-29 13:18:22,949][__main__][INFO] - [6, 27, 37], []
[2025-01-29 13:18:23,120][__main__][INFO] - [6, 28], [27]
[2025-01-29 13:18:23,596][__main__][INFO] - [6, 29], [27]
[2025-01-29 13:18:23,691][__main__][INFO] - [6, 31], [27]
[2025-01-29 13:18:23,956][__main__][INFO] - [6], [27, 31]
[2025-01-29 13:18:24,203][__main__][INFO] - [6, 32], [27]
[2025-01-29 13:18:24,274][__main__][INFO] - [6, 33], [27]
[2025-01-29 13:18:24,612][__main__][INFO] - [6, 34], [27]
[2025-01-29 13:18:24,668][__main__][INFO] - [6, 35], [27]
[2025-01-29 13:18:24,774][__main__][INFO] - [6, 36], [27]
[2025-01-29 13:18:24,838][__main__][INFO] - [6, 37], [27]
[2025-01-29 13:18:24,888][__main__][INFO] - [6, 38], [27]
[2025-01-29 13:18:24,937][__main__][INFO] - [6, 39], [27]
[2025-01-29 13:18:25,047][__main__][INFO] - [6, 28, 31], []
[2025-01-29 13:18:25,306][__main__][INFO] - [6, 28], [31]
[2025-01-29 13:18:25,551][__main__][INFO] - [6, 28, 32], []
[2025-01-29 13:18:25,622][__main__][INFO] - [6, 28, 33], []
[2025-01-29 13:18:25,947][__main__][INFO] - [6, 28, 34], []
[2025-01-29 13:18:26,003][__main__][INFO] - [6, 28, 35], []
[2025-01-29 13:18:26,109][__main__][INFO] - [6, 28, 36], []
[2025-01-29 13:18:26,171][__main__][INFO] - [6, 28, 37], []
[2025-01-29 13:18:26,221][__main__][INFO] - [6, 28, 38], []
[2025-01-29 13:18:26,270][__main__][INFO] - [6, 28, 39], []
[2025-01-29 13:18:26,380][__main__][INFO] - [6, 29, 31], []
[2025-01-29 13:18:26,437][__main__][INFO] - [6, 29], [31]
[2025-01-29 13:18:26,494][__main__][INFO] - [6, 29, 32], []
[2025-01-29 13:18:26,544][__main__][INFO] - [6, 29, 33], []
[2025-01-29 13:18:26,603][__main__][INFO] - [6, 29, 34], []
[2025-01-29 13:18:26,652][__main__][INFO] - [6, 29, 35], []
[2025-01-29 13:18:26,702][__main__][INFO] - [6, 29, 36], []
[2025-01-29 13:18:26,752][__main__][INFO] - [6, 29, 37], []
[2025-01-29 13:18:26,955][__main__][INFO] - [6, 31, 32], []
[2025-01-29 13:18:27,014][__main__][INFO] - [6, 31, 33], []
[2025-01-29 13:18:27,198][__main__][INFO] - [6, 31, 34], []
[2025-01-29 13:18:27,250][__main__][INFO] - [6, 31, 35], []
[2025-01-29 13:18:27,327][__main__][INFO] - [6, 31, 36], []
[2025-01-29 13:18:27,383][__main__][INFO] - [6, 31, 37], []
[2025-01-29 13:18:27,433][__main__][INFO] - [6, 31, 38], []
[2025-01-29 13:18:27,482][__main__][INFO] - [6, 31, 39], []
[2025-01-29 13:18:27,591][__main__][INFO] - [6, 32], [31]
[2025-01-29 13:18:27,651][__main__][INFO] - [6, 33], [31]
[2025-01-29 13:18:27,826][__main__][INFO] - [6, 34], [31]
[2025-01-29 13:18:27,878][__main__][INFO] - [6, 35], [31]
[2025-01-29 13:18:27,949][__main__][INFO] - [6, 36], [31]
[2025-01-29 13:18:28,005][__main__][INFO] - [6, 37], [31]
[2025-01-29 13:18:28,054][__main__][INFO] - [6, 38], [31]
[2025-01-29 13:18:28,103][__main__][INFO] - [6, 39], [31]
[2025-01-29 13:18:28,241][__main__][INFO] - [7, 10, 11], []
[2025-01-29 13:18:28,345][__main__][INFO] - [7, 10, 12], []
[2025-01-29 13:18:28,398][__main__][INFO] - [7, 10, 13], []
[2025-01-29 13:18:28,462][__main__][INFO] - [7, 10, 14], []
[2025-01-29 13:18:28,511][__main__][INFO] - [7, 10, 15], []
[2025-01-29 13:18:28,559][__main__][INFO] - [7, 10, 16], []
[2025-01-29 13:18:28,677][__main__][INFO] - [7, 10, 17], []
[2025-01-29 13:18:28,768][__main__][INFO] - [7, 10, 19], []
[2025-01-29 13:18:28,848][__main__][INFO] - [7, 10, 21], []
[2025-01-29 13:18:28,945][__main__][INFO] - [7, 10, 22], []
[2025-01-29 13:18:29,010][__main__][INFO] - [7, 10, 23], []
[2025-01-29 13:18:29,066][__main__][INFO] - [7, 10, 24], []
[2025-01-29 13:18:29,115][__main__][INFO] - [7, 10, 25], []
[2025-01-29 13:18:29,187][__main__][INFO] - [7, 10], [25]
[2025-01-29 13:18:29,295][__main__][INFO] - [7, 10, 26], []
[2025-01-29 13:18:29,369][__main__][INFO] - [7, 10], [26]
[2025-01-29 13:18:29,472][__main__][INFO] - [7, 10, 27], []
[2025-01-29 13:18:29,532][__main__][INFO] - [7, 10], [27]
[2025-01-29 13:18:29,650][__main__][INFO] - [7, 10, 28], []
[2025-01-29 13:18:29,759][__main__][INFO] - [7, 10, 29], []
[2025-01-29 13:18:29,857][__main__][INFO] - [7, 10, 31], []
[2025-01-29 13:18:29,944][__main__][INFO] - [7, 10], [31]
[2025-01-29 13:18:30,030][__main__][INFO] - [7, 10, 32], []
[2025-01-29 13:18:30,082][__main__][INFO] - [7, 10, 33], []
[2025-01-29 13:18:30,184][__main__][INFO] - [7, 10, 34], []
[2025-01-29 13:18:30,234][__main__][INFO] - [7, 10, 35], []
[2025-01-29 13:18:30,289][__main__][INFO] - [7, 10, 36], []
[2025-01-29 13:18:30,341][__main__][INFO] - [7, 10, 37], []
[2025-01-29 13:18:30,390][__main__][INFO] - [7, 10, 38], []
[2025-01-29 13:18:30,438][__main__][INFO] - [7, 10, 39], []
[2025-01-29 13:18:30,547][__main__][INFO] - [7, 11], [10]
[2025-01-29 13:18:30,778][__main__][INFO] - [7, 12], [10]
[2025-01-29 13:18:30,839][__main__][INFO] - [7, 13], [10]
[2025-01-29 13:18:30,950][__main__][INFO] - [7, 14], [10]
[2025-01-29 13:18:31,000][__main__][INFO] - [7, 15], [10]
[2025-01-29 13:18:31,048][__main__][INFO] - [7, 16], [10]
[2025-01-29 13:18:31,325][__main__][INFO] - [7, 17], [10]
[2025-01-29 13:18:31,430][__main__][INFO] - [7, 19], [10]
[2025-01-29 13:18:31,513][__main__][INFO] - [7, 21], [10]
[2025-01-29 13:18:31,726][__main__][INFO] - [7, 22], [10]
[2025-01-29 13:18:31,836][__main__][INFO] - [7, 23], [10]
[2025-01-29 13:18:31,906][__main__][INFO] - [7, 24], [10]
[2025-01-29 13:18:31,957][__main__][INFO] - [7, 25], [10]
[2025-01-29 13:18:32,086][__main__][INFO] - [7], [10, 25]
[2025-01-29 13:18:32,346][__main__][INFO] - [7], [10, 26]
[2025-01-29 13:18:32,712][__main__][INFO] - [7], [10, 27]
[2025-01-29 13:18:33,027][__main__][INFO] - [7, 28], [10]
[2025-01-29 13:18:33,411][__main__][INFO] - [7, 31], [10]
[2025-01-29 13:18:33,598][__main__][INFO] - [7], [10, 31]
[2025-01-29 13:18:33,757][__main__][INFO] - [7, 32], [10]
[2025-01-29 13:18:33,814][__main__][INFO] - [7, 33], [10]
[2025-01-29 13:18:34,046][__main__][INFO] - [7, 34], [10]
[2025-01-29 13:18:34,097][__main__][INFO] - [7, 35], [10]
[2025-01-29 13:18:34,181][__main__][INFO] - [7, 36], [10]
[2025-01-29 13:18:34,236][__main__][INFO] - [7, 37], [10]
[2025-01-29 13:18:34,286][__main__][INFO] - [7, 38], [10]
[2025-01-29 13:18:34,334][__main__][INFO] - [7, 39], [10]
[2025-01-29 13:18:34,444][__main__][INFO] - [7, 11, 16], []
[2025-01-29 13:18:34,685][__main__][INFO] - [7, 11, 17], []
[2025-01-29 13:18:34,798][__main__][INFO] - [7, 11, 19], []
[2025-01-29 13:18:34,882][__main__][INFO] - [7, 11, 21], []
[2025-01-29 13:18:35,049][__main__][INFO] - [7, 11, 22], []
[2025-01-29 13:18:35,171][__main__][INFO] - [7, 11, 23], []
[2025-01-29 13:18:35,238][__main__][INFO] - [7, 11, 24], []
[2025-01-29 13:18:35,321][__main__][INFO] - [7, 11], [25]
[2025-01-29 13:18:35,609][__main__][INFO] - [7, 11, 26], []
[2025-01-29 13:18:35,676][__main__][INFO] - [7, 11], [26]
[2025-01-29 13:18:35,940][__main__][INFO] - [7, 11, 27], []
[2025-01-29 13:18:35,995][__main__][INFO] - [7, 11], [27]
[2025-01-29 13:18:36,275][__main__][INFO] - [7, 11, 28], []
[2025-01-29 13:18:36,550][__main__][INFO] - [7, 11, 29], []
[2025-01-29 13:18:36,641][__main__][INFO] - [7, 11, 31], []
[2025-01-29 13:18:36,813][__main__][INFO] - [7, 11], [31]
[2025-01-29 13:18:36,962][__main__][INFO] - [7, 11, 32], []
[2025-01-29 13:18:37,013][__main__][INFO] - [7, 11, 33], []
[2025-01-29 13:18:37,257][__main__][INFO] - [7, 11, 34], []
[2025-01-29 13:18:37,308][__main__][INFO] - [7, 11, 35], []
[2025-01-29 13:18:37,360][__main__][INFO] - [7, 11, 36], []
[2025-01-29 13:18:37,419][__main__][INFO] - [7, 11, 37], []
[2025-01-29 13:18:37,468][__main__][INFO] - [7, 11, 38], []
[2025-01-29 13:18:37,516][__main__][INFO] - [7, 11, 39], []
[2025-01-29 13:18:37,626][__main__][INFO] - [7, 12, 16], []
[2025-01-29 13:18:37,692][__main__][INFO] - [7, 12, 17], []
[2025-01-29 13:18:37,833][__main__][INFO] - [7, 12, 21], []
[2025-01-29 13:18:37,897][__main__][INFO] - [7, 12, 22], []
[2025-01-29 13:18:37,945][__main__][INFO] - [7, 12, 23], []
[2025-01-29 13:18:38,026][__main__][INFO] - [7, 12, 25], []
[2025-01-29 13:18:38,125][__main__][INFO] - [7, 12, 26], []
[2025-01-29 13:18:38,175][__main__][INFO] - [7, 12], [26]
[2025-01-29 13:18:38,241][__main__][INFO] - [7, 12, 27], []
[2025-01-29 13:18:38,290][__main__][INFO] - [7, 12], [27]
[2025-01-29 13:18:38,357][__main__][INFO] - [7, 12, 28], []
[2025-01-29 13:18:38,421][__main__][INFO] - [7, 12, 29], []
[2025-01-29 13:18:38,502][__main__][INFO] - [7, 12, 31], []
[2025-01-29 13:18:38,559][__main__][INFO] - [7, 12], [31]
[2025-01-29 13:18:38,616][__main__][INFO] - [7, 12, 32], []
[2025-01-29 13:18:38,667][__main__][INFO] - [7, 12, 33], []
[2025-01-29 13:18:38,722][__main__][INFO] - [7, 12, 34], []
[2025-01-29 13:18:38,771][__main__][INFO] - [7, 12, 35], []
[2025-01-29 13:18:38,824][__main__][INFO] - [7, 12, 36], []
[2025-01-29 13:18:38,903][__main__][INFO] - [7, 12, 38], []
[2025-01-29 13:18:39,043][__main__][INFO] - [7, 13, 16], []
[2025-01-29 13:18:39,166][__main__][INFO] - [7, 13, 17], []
[2025-01-29 13:18:39,248][__main__][INFO] - [7, 13, 19], []
[2025-01-29 13:18:39,327][__main__][INFO] - [7, 13, 21], []
[2025-01-29 13:18:39,442][__main__][INFO] - [7, 13, 22], []
[2025-01-29 13:18:39,493][__main__][INFO] - [7, 13, 23], []
[2025-01-29 13:18:39,549][__main__][INFO] - [7, 13, 24], []
[2025-01-29 13:18:39,597][__main__][INFO] - [7, 13, 25], []
[2025-01-29 13:18:39,757][__main__][INFO] - [7, 13, 26], []
[2025-01-29 13:18:39,809][__main__][INFO] - [7, 13], [26]
[2025-01-29 13:18:39,932][__main__][INFO] - [7, 13, 27], []
[2025-01-29 13:18:39,983][__main__][INFO] - [7, 13], [27]
[2025-01-29 13:18:40,107][__main__][INFO] - [7, 13, 28], []
[2025-01-29 13:18:40,228][__main__][INFO] - [7, 13, 29], []
[2025-01-29 13:18:40,310][__main__][INFO] - [7, 13, 31], []
[2025-01-29 13:18:40,399][__main__][INFO] - [7, 13], [31]
[2025-01-29 13:18:40,478][__main__][INFO] - [7, 13, 32], []
[2025-01-29 13:18:40,533][__main__][INFO] - [7, 13, 33], []
[2025-01-29 13:18:40,606][__main__][INFO] - [7, 13, 34], []
[2025-01-29 13:18:40,656][__main__][INFO] - [7, 13, 35], []
[2025-01-29 13:18:40,737][__main__][INFO] - [7, 13, 36], []
[2025-01-29 13:18:40,786][__main__][INFO] - [7, 13, 37], []
[2025-01-29 13:18:40,834][__main__][INFO] - [7, 13, 38], []
[2025-01-29 13:18:40,883][__main__][INFO] - [7, 13, 39], []
[2025-01-29 13:18:40,992][__main__][INFO] - [7, 14, 16], []
[2025-01-29 13:18:41,042][__main__][INFO] - [7, 14, 17], []
[2025-01-29 13:18:41,183][__main__][INFO] - [7, 14, 21], []
[2025-01-29 13:18:41,233][__main__][INFO] - [7, 14, 22], []
[2025-01-29 13:18:41,282][__main__][INFO] - [7, 14, 23], []
[2025-01-29 13:18:41,392][__main__][INFO] - [7, 14], [25]
[2025-01-29 13:18:41,442][__main__][INFO] - [7, 14, 26], []
[2025-01-29 13:18:41,491][__main__][INFO] - [7, 14], [26]
[2025-01-29 13:18:41,541][__main__][INFO] - [7, 14, 27], []
[2025-01-29 13:18:41,590][__main__][INFO] - [7, 14], [27]
[2025-01-29 13:18:41,640][__main__][INFO] - [7, 14, 28], []
[2025-01-29 13:18:41,690][__main__][INFO] - [7, 14, 29], []
[2025-01-29 13:18:41,769][__main__][INFO] - [7, 14, 31], []
[2025-01-29 13:18:41,818][__main__][INFO] - [7, 14], [31]
[2025-01-29 13:18:41,868][__main__][INFO] - [7, 14, 32], []
[2025-01-29 13:18:41,916][__main__][INFO] - [7, 14, 33], []
[2025-01-29 13:18:41,965][__main__][INFO] - [7, 14, 34], []
[2025-01-29 13:18:42,013][__main__][INFO] - [7, 14, 35], []
[2025-01-29 13:18:42,247][__main__][INFO] - [7, 15, 16], []
[2025-01-29 13:18:42,296][__main__][INFO] - [7, 15, 17], []
[2025-01-29 23:38:51,094][__main__][INFO] - In total, there are 18381599 possible subgroups
[2025-01-29 23:38:51,151][__main__][INFO] - [0], []
[2025-01-29 23:38:51,189][__main__][INFO] - [1], []
[2025-01-29 23:38:51,730][__main__][INFO] - [2], []
[2025-01-29 23:38:52,332][__main__][INFO] - [3], []
[2025-01-29 23:38:52,863][__main__][INFO] - [4], []
[2025-01-29 23:38:53,417][__main__][INFO] - [5], []
[2025-01-29 23:38:53,948][__main__][INFO] - [6], []
[2025-01-29 23:38:54,454][__main__][INFO] - [7], []
[2025-01-29 23:38:54,868][__main__][INFO] - [8], []
[2025-01-29 23:38:55,057][__main__][INFO] - [9], []
[2025-01-29 23:38:55,168][__main__][INFO] - [10], []
[2025-01-29 23:38:56,119][__main__][INFO] - [], [10]
[2025-01-29 23:39:00,108][__main__][INFO] - [11], []
[2025-01-29 23:39:03,458][__main__][INFO] - [12], []
[2025-01-29 23:39:03,932][__main__][INFO] - [13], []
[2025-01-29 23:39:04,598][__main__][INFO] - [14], []
[2025-01-29 23:39:04,680][__main__][INFO] - [15], []
[2025-01-29 23:39:04,728][__main__][INFO] - [16], []
[2025-01-29 23:39:08,568][__main__][INFO] - [17], []
[2025-01-29 23:39:08,792][__main__][INFO] - [18], []
[2025-01-29 23:39:08,827][__main__][INFO] - [19], []
[2025-01-29 23:39:08,883][__main__][INFO] - [20], []
[2025-01-29 23:39:09,754][__main__][INFO] - [21], []
[2025-01-29 23:39:12,454][__main__][INFO] - [22], []
[2025-01-29 23:39:13,401][__main__][INFO] - [23], []
[2025-01-29 23:39:14,063][__main__][INFO] - [24], []
[2025-01-29 23:39:14,137][__main__][INFO] - [25], []
[2025-01-29 23:39:15,348][__main__][INFO] - [], [25]
[2025-01-29 23:39:19,051][__main__][INFO] - [26], []
[2025-01-29 23:39:19,273][__main__][INFO] - [], [26]
[2025-01-29 23:39:24,280][__main__][INFO] - [27], []
[2025-01-29 23:39:24,451][__main__][INFO] - [], [27]
[2025-01-29 23:39:29,565][__main__][INFO] - [28], []
[2025-01-29 23:39:34,240][__main__][INFO] - [29], []
[2025-01-29 23:39:34,513][__main__][INFO] - [30], []
[2025-01-29 23:39:34,550][__main__][INFO] - [31], []
[2025-01-29 23:39:36,820][__main__][INFO] - [], [31]
[2025-01-29 23:39:39,159][__main__][INFO] - [32], []
[2025-01-29 23:39:39,593][__main__][INFO] - [33], []
[2025-01-29 23:39:42,092][__main__][INFO] - [34], []
[2025-01-29 23:39:42,313][__main__][INFO] - [35], []
[2025-01-29 23:39:42,886][__main__][INFO] - [36], []
[2025-01-29 23:39:43,075][__main__][INFO] - [37], []
[2025-01-29 23:39:43,130][__main__][INFO] - [38], []
[2025-01-29 23:39:43,174][__main__][INFO] - [39], []
[2025-01-29 23:39:43,214][__main__][INFO] - [40], []
[2025-01-29 23:39:43,311][__main__][INFO] - [0, 10], []
[2025-01-29 23:39:43,352][__main__][INFO] - [0], [10]
[2025-01-29 23:39:43,396][__main__][INFO] - [0, 11], []
[2025-01-29 23:39:43,440][__main__][INFO] - [0, 12], []
[2025-01-29 23:39:43,480][__main__][INFO] - [0, 13], []
[2025-01-29 23:39:43,520][__main__][INFO] - [0, 14], []
[2025-01-29 23:39:43,560][__main__][INFO] - [0, 15], []
[2025-01-29 23:39:43,719][__main__][INFO] - [0, 20], []
[2025-01-29 23:39:43,763][__main__][INFO] - [0, 21], []
[2025-01-29 23:39:43,806][__main__][INFO] - [0, 22], []
[2025-01-29 23:39:43,847][__main__][INFO] - [0, 23], []
[2025-01-29 23:39:43,888][__main__][INFO] - [0, 24], []
[2025-01-29 23:39:43,928][__main__][INFO] - [0, 25], []
[2025-01-29 23:39:43,968][__main__][INFO] - [0], [25]
[2025-01-29 23:39:44,012][__main__][INFO] - [0, 26], []
[2025-01-29 23:39:44,052][__main__][INFO] - [0], [26]
[2025-01-29 23:39:44,096][__main__][INFO] - [0, 27], []
[2025-01-29 23:39:44,136][__main__][INFO] - [0], [27]
[2025-01-29 23:39:44,180][__main__][INFO] - [0, 28], []
[2025-01-29 23:39:44,222][__main__][INFO] - [0, 29], []
[2025-01-29 23:39:44,262][__main__][INFO] - [0, 30], []
[2025-01-29 23:39:44,304][__main__][INFO] - [0, 31], []
[2025-01-29 23:39:44,349][__main__][INFO] - [0], [31]
[2025-01-29 23:39:44,391][__main__][INFO] - [0, 32], []
[2025-01-29 23:39:44,432][__main__][INFO] - [0, 33], []
[2025-01-29 23:39:44,474][__main__][INFO] - [0, 34], []
[2025-01-29 23:39:44,515][__main__][INFO] - [0, 35], []
[2025-01-29 23:39:44,556][__main__][INFO] - [0, 36], []
[2025-01-29 23:39:44,596][__main__][INFO] - [0, 37], []
[2025-01-29 23:39:44,636][__main__][INFO] - [0, 38], []
[2025-01-29 23:39:44,676][__main__][INFO] - [0, 39], []
[2025-01-29 23:39:44,772][__main__][INFO] - [1, 10], []
[2025-01-29 23:39:44,833][__main__][INFO] - [1], [10]
[2025-01-29 23:39:45,320][__main__][INFO] - [1, 11], []
[2025-01-29 23:39:45,793][__main__][INFO] - [1, 12], []
[2025-01-29 23:39:45,851][__main__][INFO] - [1, 13], []
[2025-01-29 23:39:45,899][__main__][INFO] - [1, 14], []
[2025-01-29 23:39:45,945][__main__][INFO] - [1, 15], []
[2025-01-29 23:39:45,986][__main__][INFO] - [1, 16], []
[2025-01-29 23:39:46,121][__main__][INFO] - [1, 17], []
[2025-01-29 23:39:46,162][__main__][INFO] - [1, 18], []
[2025-01-29 23:39:46,202][__main__][INFO] - [1, 19], []
[2025-01-29 23:39:46,243][__main__][INFO] - [1, 20], []
[2025-01-29 23:39:46,643][__main__][INFO] - [1, 21], []
[2025-01-29 23:39:46,944][__main__][INFO] - [1, 22], []
[2025-01-29 23:39:47,087][__main__][INFO] - [1, 23], []
[2025-01-29 23:39:47,197][__main__][INFO] - [1, 24], []
[2025-01-29 23:39:47,242][__main__][INFO] - [1, 25], []
[2025-01-29 23:39:47,311][__main__][INFO] - [1], [25]
[2025-01-29 23:39:47,832][__main__][INFO] - [1, 26], []
[2025-01-29 23:39:47,876][__main__][INFO] - [1], [26]
[2025-01-29 23:39:48,414][__main__][INFO] - [1, 27], []
[2025-01-29 23:39:48,459][__main__][INFO] - [1], [27]
[2025-01-29 23:39:48,975][__main__][INFO] - [1, 28], []
[2025-01-29 23:39:49,503][__main__][INFO] - [1, 29], []
[2025-01-29 23:39:49,589][__main__][INFO] - [1, 31], []
[2025-01-29 23:39:49,847][__main__][INFO] - [1], [31]
[2025-01-29 23:39:50,118][__main__][INFO] - [1, 32], []
[2025-01-29 23:39:50,217][__main__][INFO] - [1, 33], []
[2025-01-29 23:39:50,508][__main__][INFO] - [1, 34], []
[2025-01-29 23:39:50,579][__main__][INFO] - [1, 35], []
[2025-01-29 23:39:50,671][__main__][INFO] - [1, 36], []
[2025-01-29 23:39:50,727][__main__][INFO] - [1, 37], []
[2025-01-29 23:39:50,770][__main__][INFO] - [1, 38], []
[2025-01-29 23:39:50,812][__main__][INFO] - [1, 39], []
[2025-01-29 23:39:50,911][__main__][INFO] - [2, 10], []
[2025-01-29 23:39:50,979][__main__][INFO] - [2], [10]
[2025-01-29 23:39:51,524][__main__][INFO] - [2, 11], []
[2025-01-29 23:39:52,004][__main__][INFO] - [2, 12], []
[2025-01-29 23:39:52,092][__main__][INFO] - [2, 13], []
[2025-01-29 23:39:52,152][__main__][INFO] - [2, 14], []
[2025-01-29 23:39:52,199][__main__][INFO] - [2, 15], []
[2025-01-29 23:39:52,241][__main__][INFO] - [2, 16], []
[2025-01-29 23:39:52,791][__main__][INFO] - [2, 17], []
[2025-01-29 23:39:52,837][__main__][INFO] - [2, 18], []
[2025-01-29 23:39:52,878][__main__][INFO] - [2, 19], []
[2025-01-29 23:39:52,950][__main__][INFO] - [2, 21], []
[2025-01-29 23:39:53,293][__main__][INFO] - [2, 22], []
[2025-01-29 23:39:53,435][__main__][INFO] - [2, 23], []
[2025-01-29 23:39:53,551][__main__][INFO] - [2, 24], []
[2025-01-29 23:39:53,595][__main__][INFO] - [2, 25], []
[2025-01-29 23:39:53,707][__main__][INFO] - [2], [25]
[2025-01-29 23:39:54,201][__main__][INFO] - [2, 26], []
[2025-01-29 23:39:54,246][__main__][INFO] - [2], [26]
[2025-01-29 23:39:54,823][__main__][INFO] - [2, 27], []
[2025-01-29 23:39:54,870][__main__][INFO] - [2], [27]
[2025-01-29 23:39:55,439][__main__][INFO] - [2, 28], []
[2025-01-29 23:39:55,998][__main__][INFO] - [2, 29], []
[2025-01-29 23:39:56,083][__main__][INFO] - [2, 31], []
[2025-01-29 23:39:56,359][__main__][INFO] - [2], [31]
[2025-01-29 23:39:56,651][__main__][INFO] - [2, 32], []
[2025-01-29 23:39:56,755][__main__][INFO] - [2, 33], []
[2025-01-29 23:39:57,068][__main__][INFO] - [2, 34], []
[2025-01-29 23:39:57,131][__main__][INFO] - [2, 35], []
[2025-01-29 23:39:57,232][__main__][INFO] - [2, 36], []
[2025-01-29 23:39:57,293][__main__][INFO] - [2, 37], []
[2025-01-29 23:39:57,336][__main__][INFO] - [2, 38], []
[2025-01-29 23:39:57,378][__main__][INFO] - [2, 39], []
[2025-01-29 23:39:57,477][__main__][INFO] - [3, 10], []
[2025-01-29 23:39:57,544][__main__][INFO] - [3], [10]
[2025-01-29 23:39:58,028][__main__][INFO] - [3, 11], []
[2025-01-29 23:39:58,401][__main__][INFO] - [3, 12], []
[2025-01-29 23:39:58,518][__main__][INFO] - [3, 13], []
[2025-01-29 23:39:58,604][__main__][INFO] - [3, 14], []
[2025-01-29 23:39:58,650][__main__][INFO] - [3, 15], []
[2025-01-29 23:39:58,697][__main__][INFO] - [3, 16], []
[2025-01-29 23:39:59,210][__main__][INFO] - [3, 17], []
[2025-01-29 23:39:59,261][__main__][INFO] - [3, 18], []
[2025-01-29 23:39:59,302][__main__][INFO] - [3, 19], []
[2025-01-29 23:39:59,374][__main__][INFO] - [3, 21], []
[2025-01-29 23:39:59,700][__main__][INFO] - [3, 22], []
[2025-01-29 23:39:59,834][__main__][INFO] - [3, 23], []
[2025-01-29 23:39:59,937][__main__][INFO] - [3, 24], []
[2025-01-29 23:39:59,983][__main__][INFO] - [3, 25], []
[2025-01-29 23:40:00,151][__main__][INFO] - [3], [25]
[2025-01-29 23:40:00,533][__main__][INFO] - [3, 26], []
[2025-01-29 23:40:00,578][__main__][INFO] - [3], [26]
[2025-01-29 23:40:01,100][__main__][INFO] - [3, 27], []
[2025-01-29 23:40:01,146][__main__][INFO] - [3], [27]
[2025-01-29 23:40:01,693][__main__][INFO] - [3, 28], []
[2025-01-29 23:40:02,238][__main__][INFO] - [3, 29], []
[2025-01-29 23:40:02,325][__main__][INFO] - [3, 31], []
[2025-01-29 23:40:02,581][__main__][INFO] - [3], [31]
[2025-01-29 23:40:02,847][__main__][INFO] - [3, 32], []
[2025-01-29 23:40:02,937][__main__][INFO] - [3, 33], []
[2025-01-29 23:40:03,231][__main__][INFO] - [3, 34], []
[2025-01-29 23:40:03,289][__main__][INFO] - [3, 35], []
[2025-01-29 23:40:03,394][__main__][INFO] - [3, 36], []
[2025-01-29 23:40:03,450][__main__][INFO] - [3, 37], []
[2025-01-29 23:40:03,494][__main__][INFO] - [3, 38], []
[2025-01-29 23:40:03,536][__main__][INFO] - [3, 39], []
[2025-01-29 23:40:03,635][__main__][INFO] - [4, 10], []
[2025-01-29 23:40:03,711][__main__][INFO] - [4], [10]
[2025-01-29 23:40:04,218][__main__][INFO] - [4, 11], []
[2025-01-29 23:40:04,536][__main__][INFO] - [4, 12], []
[2025-01-29 23:40:04,669][__main__][INFO] - [4, 13], []
[2025-01-29 23:40:04,800][__main__][INFO] - [4, 14], []
[2025-01-29 23:40:04,846][__main__][INFO] - [4, 15], []
[2025-01-29 23:40:04,888][__main__][INFO] - [4, 16], []
[2025-01-29 23:40:05,405][__main__][INFO] - [4, 17], []
[2025-01-29 23:40:05,458][__main__][INFO] - [4, 18], []
[2025-01-29 23:40:05,499][__main__][INFO] - [4, 19], []
[2025-01-29 23:40:05,571][__main__][INFO] - [4, 21], []
[2025-01-29 23:40:05,923][__main__][INFO] - [4, 22], []
[2025-01-29 23:40:06,048][__main__][INFO] - [4, 23], []
[2025-01-29 23:40:06,144][__main__][INFO] - [4, 24], []
[2025-01-29 23:40:06,189][__main__][INFO] - [4, 25], []
[2025-01-29 23:40:06,420][__main__][INFO] - [4], [25]
[2025-01-29 23:40:06,746][__main__][INFO] - [4, 26], []
[2025-01-29 23:40:06,792][__main__][INFO] - [4], [26]
[2025-01-29 23:40:07,316][__main__][INFO] - [4, 27], []
[2025-01-29 23:40:07,363][__main__][INFO] - [4], [27]
[2025-01-29 23:40:07,890][__main__][INFO] - [4, 28], []
[2025-01-29 23:40:08,408][__main__][INFO] - [4, 29], []
[2025-01-29 23:40:08,492][__main__][INFO] - [4, 31], []
[2025-01-29 23:40:08,759][__main__][INFO] - [4], [31]
[2025-01-29 23:40:09,020][__main__][INFO] - [4, 32], []
[2025-01-29 23:40:09,110][__main__][INFO] - [4, 33], []
[2025-01-29 23:40:09,404][__main__][INFO] - [4, 34], []
[2025-01-29 23:40:09,458][__main__][INFO] - [4, 35], []
[2025-01-29 23:40:09,570][__main__][INFO] - [4, 36], []
[2025-01-29 23:40:09,625][__main__][INFO] - [4, 37], []
[2025-01-29 23:40:09,668][__main__][INFO] - [4, 38], []
[2025-01-29 23:40:09,710][__main__][INFO] - [4, 39], []
[2025-01-29 23:40:09,808][__main__][INFO] - [5, 10], []
[2025-01-29 23:40:09,899][__main__][INFO] - [5], [10]
[2025-01-29 23:40:10,349][__main__][INFO] - [5, 11], []
[2025-01-29 23:40:10,664][__main__][INFO] - [5, 12], []
[2025-01-29 23:40:10,766][__main__][INFO] - [5, 13], []
[2025-01-29 23:40:10,916][__main__][INFO] - [5, 14], []
[2025-01-29 23:40:10,961][__main__][INFO] - [5, 15], []
[2025-01-29 23:40:11,003][__main__][INFO] - [5, 16], []
[2025-01-29 23:40:11,486][__main__][INFO] - [5, 17], []
[2025-01-29 23:40:11,542][__main__][INFO] - [5, 18], []
[2025-01-29 23:40:11,583][__main__][INFO] - [5, 19], []
[2025-01-29 23:40:11,654][__main__][INFO] - [5, 21], []
[2025-01-29 23:40:11,985][__main__][INFO] - [5, 22], []
[2025-01-29 23:40:12,114][__main__][INFO] - [5, 23], []
[2025-01-29 23:40:12,203][__main__][INFO] - [5, 24], []
[2025-01-29 23:40:12,249][__main__][INFO] - [5, 25], []
[2025-01-29 23:40:12,474][__main__][INFO] - [5], [25]
[2025-01-29 23:40:12,800][__main__][INFO] - [5, 26], []
[2025-01-29 23:40:12,849][__main__][INFO] - [5], [26]
[2025-01-29 23:40:13,349][__main__][INFO] - [5, 27], []
[2025-01-29 23:40:13,401][__main__][INFO] - [5], [27]
[2025-01-29 23:40:13,943][__main__][INFO] - [5, 28], []
[2025-01-29 23:40:14,445][__main__][INFO] - [5, 29], []
[2025-01-29 23:40:14,533][__main__][INFO] - [5, 31], []
[2025-01-29 23:40:14,803][__main__][INFO] - [5], [31]
[2025-01-29 23:40:15,063][__main__][INFO] - [5, 32], []
[2025-01-29 23:40:15,144][__main__][INFO] - [5, 33], []
[2025-01-29 23:40:15,464][__main__][INFO] - [5, 34], []
[2025-01-29 23:40:15,519][__main__][INFO] - [5, 35], []
[2025-01-29 23:40:15,627][__main__][INFO] - [5, 36], []
[2025-01-29 23:40:15,688][__main__][INFO] - [5, 37], []
[2025-01-29 23:40:15,732][__main__][INFO] - [5, 38], []
[2025-01-29 23:40:15,777][__main__][INFO] - [5, 39], []
[2025-01-29 23:40:15,881][__main__][INFO] - [6, 10], []
[2025-01-29 23:40:16,002][__main__][INFO] - [6], [10]
[2025-01-29 23:40:16,438][__main__][INFO] - [6, 11], []
[2025-01-29 23:40:16,780][__main__][INFO] - [6, 12], []
[2025-01-29 23:40:16,858][__main__][INFO] - [6, 13], []
[2025-01-29 23:40:17,008][__main__][INFO] - [6, 14], []
[2025-01-29 23:40:17,054][__main__][INFO] - [6, 15], []
[2025-01-29 23:40:17,096][__main__][INFO] - [6, 16], []
[2025-01-29 23:40:17,571][__main__][INFO] - [6, 17], []
[2025-01-29 23:40:17,663][__main__][INFO] - [6, 19], []
[2025-01-29 23:40:17,735][__main__][INFO] - [6, 21], []
[2025-01-29 23:40:18,062][__main__][INFO] - [6, 22], []
[2025-01-29 23:40:18,199][__main__][INFO] - [6, 23], []
[2025-01-29 23:40:18,285][__main__][INFO] - [6, 24], []
[2025-01-29 23:40:18,332][__main__][INFO] - [6, 25], []
[2025-01-29 23:40:18,521][__main__][INFO] - [6], [25]
[2025-01-29 23:40:18,865][__main__][INFO] - [6, 26], []
[2025-01-29 23:40:18,921][__main__][INFO] - [6], [26]
[2025-01-29 23:40:19,412][__main__][INFO] - [6, 27], []
[2025-01-29 23:40:19,466][__main__][INFO] - [6], [27]
[2025-01-29 23:40:19,963][__main__][INFO] - [6, 28], []
[2025-01-29 23:40:20,451][__main__][INFO] - [6, 29], []
[2025-01-29 23:40:20,542][__main__][INFO] - [6, 31], []
[2025-01-29 23:40:20,808][__main__][INFO] - [6], [31]
[2025-01-29 23:40:21,057][__main__][INFO] - [6, 32], []
[2025-01-29 23:40:21,124][__main__][INFO] - [6, 33], []
[2025-01-29 23:40:21,459][__main__][INFO] - [6, 34], []
[2025-01-29 23:40:21,509][__main__][INFO] - [6, 35], []
[2025-01-29 23:40:21,607][__main__][INFO] - [6, 36], []
[2025-01-29 23:40:21,665][__main__][INFO] - [6, 37], []
[2025-01-29 23:40:21,709][__main__][INFO] - [6, 38], []
[2025-01-29 23:40:21,751][__main__][INFO] - [6, 39], []
[2025-01-29 23:40:21,850][__main__][INFO] - [7, 10], []
[2025-01-29 23:40:21,982][__main__][INFO] - [7], [10]
[2025-01-29 23:40:22,293][__main__][INFO] - [7, 11], []
[2025-01-29 23:40:22,581][__main__][INFO] - [7, 12], []
[2025-01-29 23:40:22,643][__main__][INFO] - [7, 13], []
[2025-01-29 23:40:22,764][__main__][INFO] - [7, 14], []
[2025-01-29 23:40:22,808][__main__][INFO] - [7, 15], []
[2025-01-29 23:40:22,850][__main__][INFO] - [7, 16], []
[2025-01-29 23:40:23,204][__main__][INFO] - [7, 17], []
[2025-01-29 23:40:23,332][__main__][INFO] - [7, 19], []
[2025-01-29 23:40:23,406][__main__][INFO] - [7, 21], []
[2025-01-29 23:40:23,666][__main__][INFO] - [7, 22], []
[2025-01-29 23:40:23,787][__main__][INFO] - [7, 23], []
[2025-01-29 23:40:23,859][__main__][INFO] - [7, 24], []
[2025-01-29 23:40:23,904][__main__][INFO] - [7, 25], []
[2025-01-29 23:40:24,047][__main__][INFO] - [7], [25]
[2025-01-29 23:40:24,341][__main__][INFO] - [7, 26], []
[2025-01-29 23:40:24,408][__main__][INFO] - [7], [26]
[2025-01-29 23:40:24,780][__main__][INFO] - [7, 27], []
[2025-01-29 23:40:24,833][__main__][INFO] - [7], [27]
[2025-01-29 23:40:25,225][__main__][INFO] - [7, 28], []
[2025-01-29 23:40:25,605][__main__][INFO] - [7, 29], []
[2025-01-29 23:40:25,693][__main__][INFO] - [7, 31], []
[2025-01-29 23:40:25,919][__main__][INFO] - [7], [31]
[2025-01-29 23:40:26,112][__main__][INFO] - [7, 32], []
[2025-01-29 23:40:26,168][__main__][INFO] - [7, 33], []
[2025-01-29 23:40:26,450][__main__][INFO] - [7, 34], []
[2025-01-29 23:40:26,497][__main__][INFO] - [7, 35], []
[2025-01-29 23:40:26,581][__main__][INFO] - [7, 36], []
[2025-01-29 23:40:26,634][__main__][INFO] - [7, 37], []
[2025-01-29 23:40:26,677][__main__][INFO] - [7, 38], []
[2025-01-29 23:40:26,719][__main__][INFO] - [7, 39], []
[2025-01-29 23:40:26,819][__main__][INFO] - [8, 10], []
[2025-01-29 23:40:26,927][__main__][INFO] - [8], [10]
[2025-01-29 23:40:27,050][__main__][INFO] - [8, 11], []
[2025-01-29 23:40:27,191][__main__][INFO] - [8, 12], []
[2025-01-29 23:40:27,240][__main__][INFO] - [8, 13], []
[2025-01-29 23:40:27,317][__main__][INFO] - [8, 14], []
[2025-01-29 23:40:27,359][__main__][INFO] - [8, 15], []
[2025-01-29 23:40:27,401][__main__][INFO] - [8, 16], []
[2025-01-29 23:40:27,561][__main__][INFO] - [8, 17], []
[2025-01-29 23:40:27,653][__main__][INFO] - [8, 19], []
[2025-01-29 23:40:27,727][__main__][INFO] - [8, 21], []
[2025-01-29 23:40:27,858][__main__][INFO] - [8, 22], []
[2025-01-29 23:40:27,926][__main__][INFO] - [8, 23], []
[2025-01-29 23:40:27,984][__main__][INFO] - [8, 24], []
[2025-01-29 23:40:28,026][__main__][INFO] - [8, 25], []
[2025-01-29 23:40:28,113][__main__][INFO] - [8], [25]
[2025-01-29 23:40:28,256][__main__][INFO] - [8, 26], []
[2025-01-29 23:40:28,320][__main__][INFO] - [8], [26]
[2025-01-29 23:40:28,482][__main__][INFO] - [8, 27], []
[2025-01-29 23:40:28,532][__main__][INFO] - [8], [27]
[2025-01-29 23:40:28,718][__main__][INFO] - [8, 28], []
[2025-01-29 23:40:28,974][__main__][INFO] - [8, 29], []
[2025-01-29 23:40:29,104][__main__][INFO] - [8, 31], []
[2025-01-29 23:40:29,273][__main__][INFO] - [8], [31]
[2025-01-29 23:40:29,398][__main__][INFO] - [8, 32], []
[2025-01-29 23:40:29,447][__main__][INFO] - [8, 33], []
[2025-01-29 23:40:29,600][__main__][INFO] - [8, 34], []
[2025-01-29 23:40:29,647][__main__][INFO] - [8, 35], []
[2025-01-29 23:40:29,708][__main__][INFO] - [8, 36], []
[2025-01-29 23:40:29,758][__main__][INFO] - [8, 37], []
[2025-01-29 23:40:29,801][__main__][INFO] - [8, 38], []
[2025-01-29 23:40:29,845][__main__][INFO] - [8, 39], []
[2025-01-29 23:40:29,952][__main__][INFO] - [9, 10], []
[2025-01-29 23:40:30,055][__main__][INFO] - [9], [10]
[2025-01-29 23:40:30,119][__main__][INFO] - [9, 11], []
[2025-01-29 23:40:30,219][__main__][INFO] - [9, 12], []
[2025-01-29 23:40:30,267][__main__][INFO] - [9, 13], []
[2025-01-29 23:40:30,323][__main__][INFO] - [9, 14], []
[2025-01-29 23:40:30,365][__main__][INFO] - [9, 15], []
[2025-01-29 23:40:30,405][__main__][INFO] - [9, 16], []
[2025-01-29 23:40:30,501][__main__][INFO] - [9, 17], []
[2025-01-29 23:40:30,585][__main__][INFO] - [9, 19], []
[2025-01-29 23:40:30,655][__main__][INFO] - [9, 21], []
[2025-01-29 23:40:30,742][__main__][INFO] - [9, 22], []
[2025-01-29 23:40:30,794][__main__][INFO] - [9, 23], []
[2025-01-29 23:40:30,845][__main__][INFO] - [9, 24], []
[2025-01-29 23:40:30,887][__main__][INFO] - [9, 25], []
[2025-01-29 23:40:30,948][__main__][INFO] - [9], [25]
[2025-01-29 23:40:31,040][__main__][INFO] - [9, 26], []
[2025-01-29 23:40:31,105][__main__][INFO] - [9], [26]
[2025-01-29 23:40:31,191][__main__][INFO] - [9, 27], []
[2025-01-29 23:40:31,243][__main__][INFO] - [9], [27]
[2025-01-29 23:40:31,345][__main__][INFO] - [9, 28], []
[2025-01-29 23:40:31,436][__main__][INFO] - [9, 29], []
[2025-01-29 23:40:31,526][__main__][INFO] - [9, 31], []
[2025-01-29 23:40:31,612][__main__][INFO] - [9], [31]
[2025-01-29 23:40:31,678][__main__][INFO] - [9, 32], []
[2025-01-29 23:40:31,722][__main__][INFO] - [9, 33], []
[2025-01-29 23:40:31,814][__main__][INFO] - [9, 34], []
[2025-01-29 23:40:31,856][__main__][INFO] - [9, 35], []
[2025-01-29 23:40:31,906][__main__][INFO] - [9, 36], []
[2025-01-29 23:40:31,950][__main__][INFO] - [9, 37], []
[2025-01-29 23:40:31,990][__main__][INFO] - [9, 38], []
[2025-01-29 23:40:32,030][__main__][INFO] - [9, 39], []
[2025-01-29 23:40:32,128][__main__][INFO] - [10, 11], []
[2025-01-29 23:40:32,626][__main__][INFO] - [10, 12], []
[2025-01-29 23:40:32,705][__main__][INFO] - [10, 13], []
[2025-01-29 23:40:32,837][__main__][INFO] - [10, 14], []
[2025-01-29 23:40:32,883][__main__][INFO] - [10, 15], []
[2025-01-29 23:40:32,925][__main__][INFO] - [10, 16], []
[2025-01-29 23:40:33,582][__main__][INFO] - [10, 17], []
[2025-01-29 23:40:33,678][__main__][INFO] - [10, 18], []
[2025-01-29 23:40:33,719][__main__][INFO] - [10, 19], []
[2025-01-29 23:40:33,765][__main__][INFO] - [10, 20], []
[2025-01-29 23:40:33,828][__main__][INFO] - [10, 21], []
[2025-01-29 23:40:34,214][__main__][INFO] - [10, 22], []
[2025-01-29 23:40:34,360][__main__][INFO] - [10, 23], []
[2025-01-29 23:40:34,484][__main__][INFO] - [10, 24], []
[2025-01-29 23:40:34,532][__main__][INFO] - [10, 25], []
[2025-01-29 23:40:34,742][__main__][INFO] - [10], [25]
[2025-01-29 23:40:35,276][__main__][INFO] - [10, 26], []
[2025-01-29 23:40:35,490][__main__][INFO] - [10], [26]
[2025-01-29 23:40:36,014][__main__][INFO] - [10, 27], []
[2025-01-29 23:40:36,197][__main__][INFO] - [10], [27]
[2025-01-29 23:40:36,780][__main__][INFO] - [10, 28], []
[2025-01-29 23:40:37,236][__main__][INFO] - [10, 29], []
[2025-01-29 23:40:37,497][__main__][INFO] - [10, 30], []
[2025-01-29 23:40:37,538][__main__][INFO] - [10, 31], []
[2025-01-29 23:40:37,876][__main__][INFO] - [10], [31]
[2025-01-29 23:40:38,239][__main__][INFO] - [10, 32], []
[2025-01-29 23:40:38,321][__main__][INFO] - [10, 33], []
[2025-01-29 23:40:38,679][__main__][INFO] - [10, 34], []
[2025-01-29 23:40:38,742][__main__][INFO] - [10, 35], []
[2025-01-29 23:40:38,835][__main__][INFO] - [10, 36], []
[2025-01-29 23:40:38,906][__main__][INFO] - [10, 37], []
[2025-01-29 23:40:38,952][__main__][INFO] - [10, 38], []
[2025-01-29 23:40:38,995][__main__][INFO] - [10, 39], []
[2025-01-29 23:40:39,038][__main__][INFO] - [10, 40], []
[2025-01-29 23:40:39,108][__main__][INFO] - [11], [10]
[2025-01-29 23:40:41,834][__main__][INFO] - [12], [10]
[2025-01-29 23:40:42,236][__main__][INFO] - [13], [10]
[2025-01-29 23:40:42,749][__main__][INFO] - [14], [10]
[2025-01-29 23:40:42,825][__main__][INFO] - [15], [10]
[2025-01-29 23:40:42,872][__main__][INFO] - [16], [10]
[2025-01-29 23:40:45,657][__main__][INFO] - [17], [10]
[2025-01-29 23:40:45,799][__main__][INFO] - [18], [10]
[2025-01-29 23:40:45,840][__main__][INFO] - [19], [10]
[2025-01-29 23:40:45,895][__main__][INFO] - [20], [10]
[2025-01-29 23:40:46,734][__main__][INFO] - [21], [10]
[2025-01-29 23:40:48,910][__main__][INFO] - [22], [10]
[2025-01-29 23:40:49,716][__main__][INFO] - [23], [10]
[2025-01-29 23:40:50,212][__main__][INFO] - [24], [10]
[2025-01-29 23:40:50,283][__main__][INFO] - [25], [10]
[2025-01-29 23:40:51,194][__main__][INFO] - [], [10, 25]
[2025-01-29 23:40:54,039][__main__][INFO] - [], [10, 26]
[2025-01-29 23:40:58,083][__main__][INFO] - [], [10, 27]
[2025-01-29 23:41:02,095][__main__][INFO] - [28], [10]
[2025-01-29 23:41:05,789][__main__][INFO] - [30], [10]
[2025-01-29 23:41:05,832][__main__][INFO] - [31], [10]
[2025-01-29 23:41:07,589][__main__][INFO] - [], [10, 31]
[2025-01-29 23:41:09,327][__main__][INFO] - [32], [10]
[2025-01-29 23:41:09,704][__main__][INFO] - [33], [10]
[2025-01-29 23:41:11,774][__main__][INFO] - [34], [10]
[2025-01-29 23:41:11,948][__main__][INFO] - [35], [10]
[2025-01-29 23:41:12,456][__main__][INFO] - [36], [10]
[2025-01-29 23:41:12,608][__main__][INFO] - [37], [10]
[2025-01-29 23:41:12,663][__main__][INFO] - [38], [10]
[2025-01-29 23:41:12,712][__main__][INFO] - [39], [10]
[2025-01-29 23:41:12,757][__main__][INFO] - [40], [10]
[2025-01-29 23:41:12,826][__main__][INFO] - [11, 16], []
[2025-01-29 23:41:14,943][__main__][INFO] - [11, 17], []
[2025-01-29 23:41:15,121][__main__][INFO] - [11, 18], []
[2025-01-29 23:41:15,163][__main__][INFO] - [11, 19], []
[2025-01-29 23:41:15,221][__main__][INFO] - [11, 20], []
[2025-01-29 23:41:16,043][__main__][INFO] - [11, 21], []
[2025-01-29 23:41:17,666][__main__][INFO] - [11, 22], []
[2025-01-29 23:41:18,516][__main__][INFO] - [11, 23], []
[2025-01-29 23:41:18,962][__main__][INFO] - [11, 24], []
[2025-01-29 23:41:19,065][__main__][INFO] - [11], [25]
[2025-01-29 23:41:22,418][__main__][INFO] - [11, 26], []
[2025-01-29 23:41:22,561][__main__][INFO] - [11], [26]
[2025-01-29 23:41:25,657][__main__][INFO] - [11, 27], []
[2025-01-29 23:41:25,764][__main__][INFO] - [11], [27]
[2025-01-29 23:41:28,968][__main__][INFO] - [11, 28], []
[2025-01-29 23:41:31,937][__main__][INFO] - [11, 29], []
[2025-01-29 23:41:32,124][__main__][INFO] - [11, 30], []
[2025-01-29 23:41:32,167][__main__][INFO] - [11, 31], []
[2025-01-29 23:41:33,768][__main__][INFO] - [11], [31]
[2025-01-29 23:41:35,375][__main__][INFO] - [11, 32], []
[2025-01-29 23:41:35,648][__main__][INFO] - [11, 33], []
[2025-01-29 23:41:37,788][__main__][INFO] - [11, 34], []
[2025-01-29 23:41:37,960][__main__][INFO] - [11, 35], []
[2025-01-29 23:41:38,170][__main__][INFO] - [11, 36], []
[2025-01-29 23:41:38,338][__main__][INFO] - [11, 37], []
[2025-01-29 23:41:38,397][__main__][INFO] - [11, 38], []
[2025-01-29 23:41:38,443][__main__][INFO] - [11, 39], []
[2025-01-29 23:41:38,489][__main__][INFO] - [11, 40], []
[2025-01-29 23:41:38,560][__main__][INFO] - [12, 16], []
[2025-01-29 23:41:38,991][__main__][INFO] - [12, 17], []
[2025-01-29 23:41:39,065][__main__][INFO] - [12, 19], []
[2025-01-29 23:41:39,107][__main__][INFO] - [12, 20], []
[2025-01-29 23:41:39,167][__main__][INFO] - [12, 21], []
[2025-01-29 23:41:39,534][__main__][INFO] - [12, 22], []
[2025-01-29 23:41:39,588][__main__][INFO] - [12, 23], []
[2025-01-29 23:41:39,666][__main__][INFO] - [12, 24], []
[2025-01-29 23:41:39,708][__main__][INFO] - [12, 25], []
[2025-01-29 23:41:40,199][__main__][INFO] - [12, 26], []
[2025-01-29 23:41:40,248][__main__][INFO] - [12], [26]
[2025-01-29 23:41:40,689][__main__][INFO] - [12, 27], []
[2025-01-29 23:41:40,738][__main__][INFO] - [12], [27]
[2025-01-29 23:41:41,179][__main__][INFO] - [12, 28], []
[2025-01-29 23:41:41,615][__main__][INFO] - [12, 29], []
[2025-01-29 23:41:41,667][__main__][INFO] - [12, 30], []
[2025-01-29 23:41:41,708][__main__][INFO] - [12, 31], []
[2025-01-29 23:41:41,936][__main__][INFO] - [12], [31]
[2025-01-29 23:41:42,162][__main__][INFO] - [12, 32], []
[2025-01-29 23:41:42,280][__main__][INFO] - [12, 33], []
[2025-01-29 23:41:42,464][__main__][INFO] - [12, 34], []
[2025-01-29 23:41:42,512][__main__][INFO] - [12, 35], []
[2025-01-29 23:41:42,640][__main__][INFO] - [12, 36], []
[2025-01-29 23:41:42,685][__main__][INFO] - [12, 37], []
[2025-01-29 23:41:42,727][__main__][INFO] - [12, 38], []
[2025-01-29 23:41:42,769][__main__][INFO] - [12, 39], []
[2025-01-29 23:41:42,867][__main__][INFO] - [13, 16], []
[2025-01-29 23:41:43,456][__main__][INFO] - [13, 17], []
[2025-01-29 23:41:43,510][__main__][INFO] - [13, 18], []
[2025-01-29 23:41:43,551][__main__][INFO] - [13, 19], []
[2025-01-29 23:41:43,594][__main__][INFO] - [13, 20], []
[2025-01-29 23:41:43,642][__main__][INFO] - [13, 21], []
[2025-01-29 23:41:44,138][__main__][INFO] - [13, 22], []
[2025-01-29 23:41:44,205][__main__][INFO] - [13, 23], []
[2025-01-29 23:41:44,306][__main__][INFO] - [13, 24], []
[2025-01-29 23:41:44,350][__main__][INFO] - [13, 25], []
[2025-01-29 23:41:45,032][__main__][INFO] - [13, 26], []
[2025-01-29 23:41:45,095][__main__][INFO] - [13], [26]
[2025-01-29 23:41:45,696][__main__][INFO] - [13, 27], []
[2025-01-29 23:41:45,751][__main__][INFO] - [13], [27]
[2025-01-29 23:41:46,370][__main__][INFO] - [13, 28], []
[2025-01-29 23:41:46,958][__main__][INFO] - [13, 29], []
[2025-01-29 23:41:47,022][__main__][INFO] - [13, 30], []
[2025-01-29 23:41:47,063][__main__][INFO] - [13, 31], []
[2025-01-29 23:41:47,383][__main__][INFO] - [13], [31]
[2025-01-29 23:41:47,666][__main__][INFO] - [13, 32], []
[2025-01-29 23:41:47,759][__main__][INFO] - [13, 33], []
[2025-01-29 23:41:47,969][__main__][INFO] - [13, 34], []
[2025-01-29 23:41:48,019][__main__][INFO] - [13, 35], []
[2025-01-29 23:41:48,275][__main__][INFO] - [13, 36], []
[2025-01-29 23:41:48,322][__main__][INFO] - [13, 37], []
[2025-01-29 23:41:48,364][__main__][INFO] - [13, 38], []
[2025-01-29 23:41:48,407][__main__][INFO] - [13, 39], []
[2025-01-29 23:41:48,507][__main__][INFO] - [14, 16], []
[2025-01-29 23:41:48,576][__main__][INFO] - [14, 17], []
[2025-01-29 23:41:48,619][__main__][INFO] - [14, 18], []
[2025-01-29 23:41:48,659][__main__][INFO] - [14, 19], []
[2025-01-29 23:41:48,700][__main__][INFO] - [14, 20], []
[2025-01-29 23:41:48,749][__main__][INFO] - [14, 21], []
[2025-01-29 23:41:48,804][__main__][INFO] - [14, 22], []
[2025-01-29 23:41:48,853][__main__][INFO] - [14, 23], []
[2025-01-29 23:41:48,904][__main__][INFO] - [14, 24], []
[2025-01-29 23:41:48,975][__main__][INFO] - [14], [25]
[2025-01-29 23:41:49,059][__main__][INFO] - [14, 26], []
[2025-01-29 23:41:49,102][__main__][INFO] - [14], [26]
[2025-01-29 23:41:49,184][__main__][INFO] - [14, 27], []
[2025-01-29 23:41:49,226][__main__][INFO] - [14], [27]
[2025-01-29 23:41:49,310][__main__][INFO] - [14, 28], []
[2025-01-29 23:41:49,388][__main__][INFO] - [14, 29], []
[2025-01-29 23:41:49,432][__main__][INFO] - [14, 30], []
[2025-01-29 23:41:49,472][__main__][INFO] - [14, 31], []
[2025-01-29 23:41:49,531][__main__][INFO] - [14], [31]
[2025-01-29 23:41:49,590][__main__][INFO] - [14, 32], []
[2025-01-29 23:41:49,634][__main__][INFO] - [14, 33], []
[2025-01-29 23:41:49,691][__main__][INFO] - [14, 34], []
[2025-01-29 23:41:49,736][__main__][INFO] - [14, 35], []
[2025-01-29 23:41:49,783][__main__][INFO] - [14, 36], []
[2025-01-29 23:41:49,825][__main__][INFO] - [14, 37], []
[2025-01-29 23:41:49,867][__main__][INFO] - [14, 38], []
[2025-01-29 23:41:49,994][__main__][INFO] - [15, 16], []
[2025-01-29 23:41:50,041][__main__][INFO] - [15, 17], []
[2025-01-29 23:41:50,141][__main__][INFO] - [15, 20], []
[2025-01-29 23:41:50,182][__main__][INFO] - [15, 21], []
[2025-01-29 23:41:50,227][__main__][INFO] - [15, 22], []
[2025-01-29 23:41:50,269][__main__][INFO] - [15, 23], []
[2025-01-29 23:41:50,311][__main__][INFO] - [15, 24], []
[2025-01-29 23:41:50,382][__main__][INFO] - [15], [25]
[2025-01-29 23:41:50,431][__main__][INFO] - [15, 26], []
[2025-01-29 23:41:50,475][__main__][INFO] - [15], [26]
[2025-01-29 23:41:50,523][__main__][INFO] - [15, 27], []
[2025-01-29 23:41:50,564][__main__][INFO] - [15], [27]
[2025-01-29 23:41:50,613][__main__][INFO] - [15, 28], []
[2025-01-29 23:41:50,660][__main__][INFO] - [15, 29], []
[2025-01-29 23:41:50,731][__main__][INFO] - [15, 31], []
[2025-01-29 23:41:50,775][__main__][INFO] - [15], [31]
[2025-01-29 23:41:50,819][__main__][INFO] - [15, 32], []
[2025-01-29 23:41:50,861][__main__][INFO] - [15, 33], []
[2025-01-29 23:41:50,904][__main__][INFO] - [15, 34], []
[2025-01-29 23:41:50,946][__main__][INFO] - [15, 35], []
[2025-01-29 23:41:50,987][__main__][INFO] - [15, 36], []
[2025-01-29 23:41:51,058][__main__][INFO] - [15, 38], []
[2025-01-29 23:41:51,193][__main__][INFO] - [16, 21], []
[2025-01-29 23:41:53,188][__main__][INFO] - [16, 22], []
[2025-01-29 23:41:53,841][__main__][INFO] - [16, 23], []
[2025-01-29 23:41:54,267][__main__][INFO] - [16, 24], []
[2025-01-29 23:41:54,335][__main__][INFO] - [16, 25], []
[2025-01-29 23:41:55,438][__main__][INFO] - [16], [25]
[2025-01-29 23:41:57,832][__main__][INFO] - [16, 26], []
[2025-01-29 23:41:57,984][__main__][INFO] - [16], [26]
[2025-01-29 23:42:01,470][__main__][INFO] - [16, 27], []
[2025-01-29 23:42:01,626][__main__][INFO] - [16], [27]
[2025-01-29 23:42:05,097][__main__][INFO] - [16, 28], []
[2025-01-29 23:42:08,347][__main__][INFO] - [16, 29], []
[2025-01-29 23:42:08,578][__main__][INFO] - [16, 31], []
[2025-01-29 23:42:10,303][__main__][INFO] - [16], [31]
[2025-01-29 23:42:11,746][__main__][INFO] - [16, 32], []
[2025-01-29 23:42:12,063][__main__][INFO] - [16, 33], []
[2025-01-29 23:42:13,858][__main__][INFO] - [16, 34], []
[2025-01-29 23:42:13,987][__main__][INFO] - [16, 35], []
[2025-01-29 23:42:14,452][__main__][INFO] - [16, 36], []
[2025-01-29 23:42:14,596][__main__][INFO] - [16, 37], []
[2025-01-29 23:42:14,651][__main__][INFO] - [16, 38], []
[2025-01-29 23:42:14,698][__main__][INFO] - [16, 39], []
[2025-01-29 23:42:14,744][__main__][INFO] - [16, 40], []
[2025-01-29 23:42:14,813][__main__][INFO] - [17, 21], []
[2025-01-29 23:42:14,931][__main__][INFO] - [17, 22], []
[2025-01-29 23:42:15,009][__main__][INFO] - [17, 23], []
[2025-01-29 23:42:15,068][__main__][INFO] - [17, 24], []
[2025-01-29 23:42:15,111][__main__][INFO] - [17, 25], []
[2025-01-29 23:42:15,167][__main__][INFO] - [17], [25]
[2025-01-29 23:42:15,352][__main__][INFO] - [17, 26], []
[2025-01-29 23:42:15,415][__main__][INFO] - [17], [26]
[2025-01-29 23:42:15,592][__main__][INFO] - [17, 27], []
[2025-01-29 23:42:15,639][__main__][INFO] - [17], [27]
[2025-01-29 23:42:15,841][__main__][INFO] - [17, 28], []
[2025-01-29 23:42:16,032][__main__][INFO] - [17, 29], []
[2025-01-29 23:42:16,114][__main__][INFO] - [17, 31], []
[2025-01-29 23:42:16,168][__main__][INFO] - [17], [31]
[2025-01-29 23:42:16,359][__main__][INFO] - [17, 32], []
[2025-01-29 23:42:16,404][__main__][INFO] - [17, 33], []
[2025-01-29 23:42:16,549][__main__][INFO] - [17, 34], []
[2025-01-29 23:42:16,594][__main__][INFO] - [17, 35], []
[2025-01-29 23:42:16,643][__main__][INFO] - [17, 36], []
[2025-01-29 23:42:16,692][__main__][INFO] - [17, 37], []
[2025-01-29 23:42:16,734][__main__][INFO] - [17, 38], []
[2025-01-29 23:42:16,776][__main__][INFO] - [17, 39], []
[2025-01-29 23:42:16,875][__main__][INFO] - [18, 21], []
[2025-01-29 23:42:16,915][__main__][INFO] - [18, 22], []
[2025-01-29 23:42:16,956][__main__][INFO] - [18, 23], []
[2025-01-29 23:42:16,996][__main__][INFO] - [18, 24], []
[2025-01-29 23:42:17,037][__main__][INFO] - [18, 25], []
[2025-01-29 23:42:17,077][__main__][INFO] - [18], [25]
[2025-01-29 23:42:17,118][__main__][INFO] - [18, 26], []
[2025-01-29 23:42:17,158][__main__][INFO] - [18], [26]
[2025-01-29 23:42:17,229][__main__][INFO] - [18], [27]
[2025-01-29 23:42:17,269][__main__][INFO] - [18, 28], []
[2025-01-29 23:42:17,310][__main__][INFO] - [18, 29], []
[2025-01-29 23:42:17,381][__main__][INFO] - [18, 31], []
[2025-01-29 23:42:17,421][__main__][INFO] - [18], [31]
[2025-01-29 23:42:17,462][__main__][INFO] - [18, 32], []
[2025-01-29 23:42:17,503][__main__][INFO] - [18, 33], []
[2025-01-29 23:42:17,544][__main__][INFO] - [18, 34], []
[2025-01-29 23:42:17,584][__main__][INFO] - [18, 35], []
[2025-01-29 23:42:17,625][__main__][INFO] - [18, 36], []
[2025-01-29 23:42:17,666][__main__][INFO] - [18, 37], []
[2025-01-29 23:42:17,822][__main__][INFO] - [19, 21], []
[2025-01-29 23:42:17,874][__main__][INFO] - [19, 22], []
[2025-01-29 23:42:17,919][__main__][INFO] - [19, 23], []
[2025-01-29 23:42:17,963][__main__][INFO] - [19, 24], []
[2025-01-29 23:42:18,005][__main__][INFO] - [19, 25], []
[2025-01-29 23:42:18,049][__main__][INFO] - [19], [25]
[2025-01-29 23:42:18,108][__main__][INFO] - [19, 26], []
[2025-01-29 23:42:18,152][__main__][INFO] - [19], [26]
[2025-01-29 23:42:18,212][__main__][INFO] - [19, 27], []
[2025-01-29 23:42:18,254][__main__][INFO] - [19], [27]
[2025-01-29 23:42:18,315][__main__][INFO] - [19, 28], []
[2025-01-29 23:42:18,375][__main__][INFO] - [19, 29], []
[2025-01-29 23:42:18,446][__main__][INFO] - [19, 31], []
[2025-01-29 23:42:18,490][__main__][INFO] - [19], [31]
[2025-01-29 23:42:18,547][__main__][INFO] - [19, 32], []
[2025-01-29 23:42:18,590][__main__][INFO] - [19, 33], []
[2025-01-29 23:42:18,644][__main__][INFO] - [19, 34], []
[2025-01-29 23:42:18,685][__main__][INFO] - [19, 35], []
[2025-01-29 23:42:18,728][__main__][INFO] - [19, 36], []
[2025-01-29 23:42:18,769][__main__][INFO] - [19, 37], []
[2025-01-29 23:42:18,810][__main__][INFO] - [19, 38], []
[2025-01-29 23:42:18,937][__main__][INFO] - [20, 21], []
[2025-01-29 23:42:19,414][__main__][INFO] - [20, 22], []
[2025-01-29 23:42:19,652][__main__][INFO] - [20, 23], []
[2025-01-29 23:42:19,823][__main__][INFO] - [20, 24], []
[2025-01-29 23:42:19,871][__main__][INFO] - [20, 25], []
[2025-01-29 23:42:19,939][__main__][INFO] - [20], [25]
[2025-01-29 23:42:20,773][__main__][INFO] - [20, 26], []
[2025-01-29 23:42:20,814][__main__][INFO] - [20], [26]
[2025-01-29 23:42:21,669][__main__][INFO] - [20, 27], []
[2025-01-29 23:42:21,715][__main__][INFO] - [20], [27]
[2025-01-29 23:42:22,584][__main__][INFO] - [20, 28], []
[2025-01-29 23:42:23,191][__main__][INFO] - [20, 29], []
[2025-01-29 23:42:23,248][__main__][INFO] - [20, 30], []
[2025-01-29 23:42:23,291][__main__][INFO] - [20, 31], []
[2025-01-29 23:42:23,710][__main__][INFO] - [20], [31]
[2025-01-29 23:42:24,148][__main__][INFO] - [20, 32], []
[2025-01-29 23:42:24,281][__main__][INFO] - [20, 33], []
[2025-01-29 23:42:24,761][__main__][INFO] - [20, 34], []
[2025-01-29 23:42:24,865][__main__][INFO] - [20, 35], []
[2025-01-29 23:42:24,986][__main__][INFO] - [20, 36], []
[2025-01-29 23:42:25,050][__main__][INFO] - [20, 37], []
[2025-01-29 23:42:25,094][__main__][INFO] - [20, 38], []
[2025-01-29 23:42:25,137][__main__][INFO] - [20, 39], []
[2025-01-29 23:42:25,236][__main__][INFO] - [21, 25], []
[2025-01-29 23:42:26,091][__main__][INFO] - [21], [25]
[2025-01-29 23:42:27,780][__main__][INFO] - [21, 26], []
[2025-01-29 23:42:27,899][__main__][INFO] - [21], [26]
[2025-01-29 23:42:30,423][__main__][INFO] - [21, 27], []
[2025-01-29 23:42:30,517][__main__][INFO] - [21], [27]
[2025-01-29 23:42:33,045][__main__][INFO] - [21, 28], []
[2025-01-29 23:42:35,407][__main__][INFO] - [21, 29], []
[2025-01-29 23:42:35,549][__main__][INFO] - [21, 30], []
[2025-01-29 23:42:35,591][__main__][INFO] - [21, 31], []
[2025-01-29 23:42:36,783][__main__][INFO] - [21], [31]
[2025-01-29 23:42:37,990][__main__][INFO] - [21, 32], []
[2025-01-29 23:42:38,318][__main__][INFO] - [21, 33], []
[2025-01-29 23:42:39,586][__main__][INFO] - [21, 34], []
[2025-01-29 23:42:39,657][__main__][INFO] - [21, 35], []
[2025-01-29 23:42:40,111][__main__][INFO] - [21, 36], []
[2025-01-29 23:42:40,253][__main__][INFO] - [21, 37], []
[2025-01-29 23:42:40,306][__main__][INFO] - [21, 38], []
[2025-01-29 23:42:40,352][__main__][INFO] - [21, 39], []
[2025-01-29 23:42:40,396][__main__][INFO] - [21, 40], []
[2025-01-29 23:42:40,466][__main__][INFO] - [22, 25], []
[2025-01-29 23:42:40,548][__main__][INFO] - [22], [25]
[2025-01-29 23:42:41,397][__main__][INFO] - [22, 26], []
[2025-01-29 23:42:41,465][__main__][INFO] - [22], [26]
[2025-01-29 23:42:42,360][__main__][INFO] - [22, 27], []
[2025-01-29 23:42:42,417][__main__][INFO] - [22], [27]
[2025-01-29 23:42:43,316][__main__][INFO] - [22, 28], []
[2025-01-29 23:42:44,147][__main__][INFO] - [22, 29], []
[2025-01-29 23:42:44,220][__main__][INFO] - [22, 30], []
[2025-01-29 23:42:44,262][__main__][INFO] - [22, 31], []
[2025-01-29 23:42:44,721][__main__][INFO] - [22], [31]
[2025-01-29 23:42:45,150][__main__][INFO] - [22, 32], []
[2025-01-29 23:42:45,210][__main__][INFO] - [22, 33], []
[2025-01-29 23:42:45,858][__main__][INFO] - [22, 34], []
[2025-01-29 23:42:45,990][__main__][INFO] - [22, 35], []
[2025-01-29 23:42:46,056][__main__][INFO] - [22, 36], []
[2025-01-29 23:42:46,108][__main__][INFO] - [22, 37], []
[2025-01-29 23:42:46,152][__main__][INFO] - [22, 38], []
[2025-01-29 23:42:46,195][__main__][INFO] - [22, 39], []
[2025-01-29 23:42:46,237][__main__][INFO] - [22, 40], []
[2025-01-29 23:42:46,307][__main__][INFO] - [23, 25], []
[2025-01-29 23:42:46,462][__main__][INFO] - [23], [25]
[2025-01-29 23:42:46,955][__main__][INFO] - [23, 26], []
[2025-01-29 23:42:47,015][__main__][INFO] - [23], [26]
[2025-01-29 23:42:47,600][__main__][INFO] - [23, 27], []
[2025-01-29 23:42:47,654][__main__][INFO] - [23], [27]
[2025-01-29 23:42:48,252][__main__][INFO] - [23, 28], []
[2025-01-29 23:42:48,776][__main__][INFO] - [23, 29], []
[2025-01-29 23:42:48,844][__main__][INFO] - [23, 30], []
[2025-01-29 23:42:48,884][__main__][INFO] - [23, 31], []
[2025-01-29 23:42:49,175][__main__][INFO] - [23], [31]
[2025-01-29 23:42:49,470][__main__][INFO] - [23, 32], []
[2025-01-29 23:42:49,557][__main__][INFO] - [23, 33], []
[2025-01-29 23:42:49,895][__main__][INFO] - [23, 34], []
[2025-01-29 23:42:49,955][__main__][INFO] - [23, 35], []
[2025-01-29 23:42:50,050][__main__][INFO] - [23, 36], []
[2025-01-29 23:42:50,108][__main__][INFO] - [23, 37], []
[2025-01-29 23:42:50,151][__main__][INFO] - [23, 38], []
[2025-01-29 23:42:50,193][__main__][INFO] - [23, 39], []
[2025-01-29 23:42:50,293][__main__][INFO] - [24, 25], []
[2025-01-29 23:42:50,338][__main__][INFO] - [24], [25]
[2025-01-29 23:42:50,413][__main__][INFO] - [24, 26], []
[2025-01-29 23:42:50,456][__main__][INFO] - [24], [26]
[2025-01-29 23:42:50,532][__main__][INFO] - [24, 27], []
[2025-01-29 23:42:50,574][__main__][INFO] - [24], [27]
[2025-01-29 23:42:50,650][__main__][INFO] - [24, 28], []
[2025-01-29 23:42:50,723][__main__][INFO] - [24, 29], []
[2025-01-29 23:42:50,766][__main__][INFO] - [24, 30], []
[2025-01-29 23:42:50,807][__main__][INFO] - [24, 31], []
[2025-01-29 23:42:50,863][__main__][INFO] - [24], [31]
[2025-01-29 23:42:50,920][__main__][INFO] - [24, 32], []
[2025-01-29 23:42:50,963][__main__][INFO] - [24, 33], []
[2025-01-29 23:42:51,028][__main__][INFO] - [24, 34], []
[2025-01-29 23:42:51,071][__main__][INFO] - [24, 35], []
[2025-01-29 23:42:51,114][__main__][INFO] - [24, 36], []
[2025-01-29 23:42:51,156][__main__][INFO] - [24, 37], []
[2025-01-29 23:42:51,197][__main__][INFO] - [24, 38], []
[2025-01-29 23:42:51,325][__main__][INFO] - [25, 26], []
[2025-01-29 23:42:51,400][__main__][INFO] - [25], [26]
[2025-01-29 23:42:52,492][__main__][INFO] - [25, 27], []
[2025-01-29 23:42:52,558][__main__][INFO] - [25], [27]
[2025-01-29 23:42:53,646][__main__][INFO] - [25, 28], []
[2025-01-29 23:42:54,715][__main__][INFO] - [25, 29], []
[2025-01-29 23:42:54,795][__main__][INFO] - [25, 30], []
[2025-01-29 23:42:54,836][__main__][INFO] - [25, 31], []
[2025-01-29 23:42:55,390][__main__][INFO] - [25], [31]
[2025-01-29 23:42:55,902][__main__][INFO] - [25, 32], []
[2025-01-29 23:42:56,085][__main__][INFO] - [25, 33], []
[2025-01-29 23:42:56,461][__main__][INFO] - [25, 34], []
[2025-01-29 23:42:56,518][__main__][INFO] - [25, 35], []
[2025-01-29 23:42:56,877][__main__][INFO] - [25, 36], []
[2025-01-29 23:42:56,927][__main__][INFO] - [25, 37], []
[2025-01-29 23:42:56,971][__main__][INFO] - [25, 38], []
[2025-01-29 23:42:57,015][__main__][INFO] - [25, 39], []
[2025-01-29 23:42:57,114][__main__][INFO] - [26], [25]
[2025-01-29 23:42:57,262][__main__][INFO] - [], [25, 26]
[2025-01-29 23:43:00,558][__main__][INFO] - [27], [25]
[2025-01-29 23:43:00,669][__main__][INFO] - [], [25, 27]
[2025-01-29 23:43:04,018][__main__][INFO] - [28], [25]
[2025-01-29 23:43:07,010][__main__][INFO] - [29], [25]
[2025-01-29 23:43:07,196][__main__][INFO] - [30], [25]
[2025-01-29 23:43:07,238][__main__][INFO] - [31], [25]
[2025-01-29 23:43:08,777][__main__][INFO] - [], [25, 31]
[2025-01-29 23:43:10,350][__main__][INFO] - [32], [25]
[2025-01-29 23:43:10,623][__main__][INFO] - [33], [25]
[2025-01-29 23:43:12,679][__main__][INFO] - [34], [25]
[2025-01-29 23:43:12,861][__main__][INFO] - [35], [25]
[2025-01-29 23:43:13,086][__main__][INFO] - [36], [25]
[2025-01-29 23:43:13,260][__main__][INFO] - [37], [25]
[2025-01-29 23:43:13,319][__main__][INFO] - [38], [25]
[2025-01-29 23:43:13,367][__main__][INFO] - [39], [25]
[2025-01-29 23:43:13,412][__main__][INFO] - [40], [25]
[2025-01-29 23:43:13,482][__main__][INFO] - [26, 27], []
[2025-01-29 23:43:13,549][__main__][INFO] - [26], [27]
[2025-01-29 23:43:13,701][__main__][INFO] - [26, 28], []
[2025-01-29 23:43:13,848][__main__][INFO] - [26, 29], []
[2025-01-29 23:43:13,925][__main__][INFO] - [26, 30], []
[2025-01-29 23:43:13,966][__main__][INFO] - [26, 31], []
[2025-01-29 23:43:14,068][__main__][INFO] - [26], [31]
[2025-01-29 23:43:14,188][__main__][INFO] - [26, 32], []
[2025-01-29 23:43:14,238][__main__][INFO] - [26, 33], []
[2025-01-29 23:43:14,362][__main__][INFO] - [26, 34], []
[2025-01-29 23:43:14,408][__main__][INFO] - [26, 35], []
[2025-01-29 23:43:14,460][__main__][INFO] - [26, 36], []
[2025-01-29 23:43:14,505][__main__][INFO] - [26, 37], []
[2025-01-29 23:43:14,548][__main__][INFO] - [26, 38], []
[2025-01-29 23:43:14,589][__main__][INFO] - [26, 39], []
[2025-01-29 23:43:14,688][__main__][INFO] - [27], [26]
[2025-01-29 23:43:14,795][__main__][INFO] - [], [26, 27]
[2025-01-29 23:43:19,419][__main__][INFO] - [28], [26]
[2025-01-29 23:43:23,656][__main__][INFO] - [29], [26]
[2025-01-29 23:43:23,845][__main__][INFO] - [30], [26]
[2025-01-29 23:43:23,888][__main__][INFO] - [31], [26]
[2025-01-29 23:43:25,944][__main__][INFO] - [], [26, 31]
[2025-01-29 23:43:28,064][__main__][INFO] - [32], [26]
[2025-01-29 23:43:28,482][__main__][INFO] - [33], [26]
[2025-01-29 23:43:30,832][__main__][INFO] - [34], [26]
[2025-01-29 23:43:31,031][__main__][INFO] - [35], [26]
[2025-01-29 23:43:31,588][__main__][INFO] - [36], [26]
[2025-01-29 23:43:31,792][__main__][INFO] - [37], [26]
[2025-01-29 23:43:31,852][__main__][INFO] - [38], [26]
[2025-01-29 23:43:31,901][__main__][INFO] - [39], [26]
[2025-01-29 23:43:31,948][__main__][INFO] - [40], [26]
[2025-01-29 23:43:32,017][__main__][INFO] - [27, 28], []
[2025-01-29 23:43:32,119][__main__][INFO] - [27, 29], []
[2025-01-29 23:43:32,188][__main__][INFO] - [27, 30], []
[2025-01-29 23:43:32,228][__main__][INFO] - [27, 31], []
[2025-01-29 23:43:32,314][__main__][INFO] - [27], [31]
[2025-01-29 23:43:32,398][__main__][INFO] - [27, 32], []
[2025-01-29 23:43:32,446][__main__][INFO] - [27, 33], []
[2025-01-29 23:43:32,532][__main__][INFO] - [27, 34], []
[2025-01-29 23:43:32,577][__main__][INFO] - [27, 35], []
[2025-01-29 23:43:32,626][__main__][INFO] - [27, 36], []
[2025-01-29 23:43:32,672][__main__][INFO] - [27, 37], []
[2025-01-29 23:43:32,715][__main__][INFO] - [27, 38], []
[2025-01-29 23:43:32,757][__main__][INFO] - [27, 39], []
[2025-01-29 23:43:32,856][__main__][INFO] - [28], [27]
[2025-01-29 23:43:37,168][__main__][INFO] - [29], [27]
[2025-01-29 23:43:37,363][__main__][INFO] - [30], [27]
[2025-01-29 23:43:37,407][__main__][INFO] - [31], [27]
[2025-01-29 23:43:39,475][__main__][INFO] - [], [27, 31]
[2025-01-29 23:43:41,593][__main__][INFO] - [32], [27]
[2025-01-29 23:43:42,008][__main__][INFO] - [33], [27]
[2025-01-29 23:43:44,383][__main__][INFO] - [34], [27]
[2025-01-29 23:43:44,585][__main__][INFO] - [35], [27]
[2025-01-29 23:43:45,150][__main__][INFO] - [36], [27]
[2025-01-29 23:43:45,331][__main__][INFO] - [37], [27]
[2025-01-29 23:43:45,391][__main__][INFO] - [38], [27]
[2025-01-29 23:43:45,441][__main__][INFO] - [39], [27]
[2025-01-29 23:43:45,487][__main__][INFO] - [40], [27]
[2025-01-29 23:43:45,557][__main__][INFO] - [28, 31], []
[2025-01-29 23:43:47,439][__main__][INFO] - [28], [31]
[2025-01-29 23:43:49,391][__main__][INFO] - [28, 32], []
[2025-01-29 23:43:49,769][__main__][INFO] - [28, 33], []
[2025-01-29 23:43:51,996][__main__][INFO] - [28, 34], []
[2025-01-29 23:43:52,169][__main__][INFO] - [28, 35], []
[2025-01-29 23:43:52,697][__main__][INFO] - [28, 36], []
[2025-01-29 23:43:52,861][__main__][INFO] - [28, 37], []
[2025-01-29 23:43:52,919][__main__][INFO] - [28, 38], []
[2025-01-29 23:43:52,968][__main__][INFO] - [28, 39], []
[2025-01-29 23:43:53,014][__main__][INFO] - [28, 40], []
[2025-01-29 23:43:53,084][__main__][INFO] - [29, 31], []
[2025-01-29 23:43:53,207][__main__][INFO] - [29], [31]
[2025-01-29 23:43:53,336][__main__][INFO] - [29, 32], []
[2025-01-29 23:43:53,391][__main__][INFO] - [29, 33], []
[2025-01-29 23:43:53,523][__main__][INFO] - [29, 34], []
[2025-01-29 23:43:53,572][__main__][INFO] - [29, 35], []
[2025-01-29 23:43:53,628][__main__][INFO] - [29, 36], []
[2025-01-29 23:43:53,680][__main__][INFO] - [29, 37], []
[2025-01-29 23:43:53,723][__main__][INFO] - [29, 38], []
[2025-01-29 23:43:53,766][__main__][INFO] - [29, 39], []
[2025-01-29 23:43:53,865][__main__][INFO] - [30, 31], []
[2025-01-29 23:43:53,907][__main__][INFO] - [30], [31]
[2025-01-29 23:43:53,949][__main__][INFO] - [30, 32], []
[2025-01-29 23:43:53,989][__main__][INFO] - [30, 33], []
[2025-01-29 23:43:54,031][__main__][INFO] - [30, 34], []
[2025-01-29 23:43:54,071][__main__][INFO] - [30, 35], []
[2025-01-29 23:43:54,112][__main__][INFO] - [30, 36], []
[2025-01-29 23:43:54,153][__main__][INFO] - [30, 37], []
[2025-01-29 23:43:54,193][__main__][INFO] - [30, 38], []
[2025-01-29 23:43:54,233][__main__][INFO] - [30, 39], []
[2025-01-29 23:43:54,331][__main__][INFO] - [31, 32], []
[2025-01-29 23:43:54,540][__main__][INFO] - [31, 33], []
[2025-01-29 23:43:55,688][__main__][INFO] - [31, 34], []
[2025-01-29 23:43:55,800][__main__][INFO] - [31, 35], []
[2025-01-29 23:43:56,088][__main__][INFO] - [31, 36], []
[2025-01-29 23:43:56,192][__main__][INFO] - [31, 37], []
[2025-01-29 23:43:56,242][__main__][INFO] - [31, 38], []
[2025-01-29 23:43:56,287][__main__][INFO] - [31, 39], []
[2025-01-29 23:43:56,330][__main__][INFO] - [31, 40], []
[2025-01-29 23:43:56,400][__main__][INFO] - [32], [31]
[2025-01-29 23:43:56,615][__main__][INFO] - [33], [31]
[2025-01-29 23:43:57,758][__main__][INFO] - [34], [31]
[2025-01-29 23:43:57,871][__main__][INFO] - [35], [31]
[2025-01-29 23:43:58,135][__main__][INFO] - [36], [31]
[2025-01-29 23:43:58,242][__main__][INFO] - [37], [31]
[2025-01-29 23:43:58,292][__main__][INFO] - [38], [31]
[2025-01-29 23:43:58,337][__main__][INFO] - [39], [31]
[2025-01-29 23:43:58,380][__main__][INFO] - [40], [31]
[2025-01-29 23:43:58,506][__main__][INFO] - [0, 10, 11], []
[2025-01-29 23:43:58,553][__main__][INFO] - [0, 10, 12], []
[2025-01-29 23:43:58,629][__main__][INFO] - [0, 10, 14], []
[2025-01-29 23:43:58,920][__main__][INFO] - [0, 10, 20], []
[2025-01-29 23:43:58,971][__main__][INFO] - [0, 10, 21], []
[2025-01-29 23:43:59,018][__main__][INFO] - [0, 10, 22], []
[2025-01-29 23:43:59,065][__main__][INFO] - [0, 10, 23], []
[2025-01-29 23:43:59,112][__main__][INFO] - [0, 10, 24], []
[2025-01-29 23:43:59,159][__main__][INFO] - [0, 10, 25], []
[2025-01-29 23:43:59,207][__main__][INFO] - [0, 10], [25]
[2025-01-29 23:43:59,254][__main__][INFO] - [0, 10, 26], []
[2025-01-29 23:43:59,302][__main__][INFO] - [0, 10], [26]
[2025-01-29 23:43:59,349][__main__][INFO] - [0, 10, 27], []
[2025-01-29 23:43:59,396][__main__][INFO] - [0, 10], [27]
[2025-01-29 23:43:59,443][__main__][INFO] - [0, 10, 28], []
[2025-01-29 23:43:59,490][__main__][INFO] - [0, 10, 29], []
[2025-01-29 23:43:59,537][__main__][INFO] - [0, 10, 30], []
[2025-01-29 23:43:59,584][__main__][INFO] - [0, 10, 31], []
[2025-01-29 23:43:59,631][__main__][INFO] - [0, 10], [31]
[2025-01-29 23:43:59,678][__main__][INFO] - [0, 10, 32], []
[2025-01-29 23:43:59,725][__main__][INFO] - [0, 10, 33], []
[2025-01-29 23:43:59,773][__main__][INFO] - [0, 10, 34], []
[2025-01-29 23:43:59,820][__main__][INFO] - [0, 10, 35], []
[2025-01-29 23:43:59,867][__main__][INFO] - [0, 10, 36], []
[2025-01-29 23:43:59,914][__main__][INFO] - [0, 10, 37], []
[2025-01-29 23:44:00,081][__main__][INFO] - [0, 11], [10]
[2025-01-29 23:44:00,132][__main__][INFO] - [0, 12], [10]
[2025-01-29 23:44:00,180][__main__][INFO] - [0, 13], [10]
[2025-01-29 23:44:00,228][__main__][INFO] - [0, 14], [10]
[2025-01-29 23:44:00,275][__main__][INFO] - [0, 15], [10]
[2025-01-29 23:44:00,441][__main__][INFO] - [0, 20], [10]
[2025-01-29 23:44:00,492][__main__][INFO] - [0, 21], [10]
[2025-01-29 23:44:00,542][__main__][INFO] - [0, 22], [10]
[2025-01-29 23:44:00,591][__main__][INFO] - [0, 23], [10]
[2025-01-29 23:44:00,638][__main__][INFO] - [0, 24], [10]
[2025-01-29 23:44:00,685][__main__][INFO] - [0, 25], [10]
[2025-01-29 23:44:00,732][__main__][INFO] - [0], [10, 25]
[2025-01-29 23:44:00,813][__main__][INFO] - [0], [10, 26]
[2025-01-29 23:44:00,894][__main__][INFO] - [0], [10, 27]
[2025-01-29 23:44:00,945][__main__][INFO] - [0, 28], [10]
[2025-01-29 23:44:01,024][__main__][INFO] - [0, 30], [10]
[2025-01-29 23:44:01,073][__main__][INFO] - [0, 31], [10]
[2025-01-29 23:44:01,123][__main__][INFO] - [0], [10, 31]
[2025-01-29 23:44:01,172][__main__][INFO] - [0, 32], [10]
[2025-01-29 23:44:01,220][__main__][INFO] - [0, 33], [10]
[2025-01-29 23:44:01,269][__main__][INFO] - [0, 34], [10]
[2025-01-29 23:44:01,317][__main__][INFO] - [0, 35], [10]
[2025-01-29 23:44:01,364][__main__][INFO] - [0, 36], [10]
[2025-01-29 23:44:01,411][__main__][INFO] - [0, 37], [10]
[2025-01-29 23:44:01,458][__main__][INFO] - [0, 38], [10]
[2025-01-29 23:44:01,505][__main__][INFO] - [0, 39], [10]
[2025-01-29 23:44:01,732][__main__][INFO] - [0, 11, 20], []
[2025-01-29 23:44:01,797][__main__][INFO] - [0, 11, 21], []
[2025-01-29 23:44:01,846][__main__][INFO] - [0, 11, 22], []
[2025-01-29 23:44:01,895][__main__][INFO] - [0, 11, 23], []
[2025-01-29 23:44:01,943][__main__][INFO] - [0, 11, 24], []
[2025-01-29 23:44:02,020][__main__][INFO] - [0, 11], [25]
[2025-01-29 23:44:02,071][__main__][INFO] - [0, 11, 26], []
[2025-01-29 23:44:02,118][__main__][INFO] - [0, 11], [26]
[2025-01-29 23:44:02,169][__main__][INFO] - [0, 11, 27], []
[2025-01-29 23:44:02,216][__main__][INFO] - [0, 11], [27]
[2025-01-29 23:44:02,268][__main__][INFO] - [0, 11, 28], []
[2025-01-29 23:44:02,317][__main__][INFO] - [0, 11, 29], []
[2025-01-29 23:44:02,364][__main__][INFO] - [0, 11, 30], []
[2025-01-29 23:44:02,413][__main__][INFO] - [0, 11, 31], []
[2025-01-29 23:44:02,465][__main__][INFO] - [0, 11], [31]
[2025-01-29 23:44:02,513][__main__][INFO] - [0, 11, 32], []
[2025-01-29 23:44:02,561][__main__][INFO] - [0, 11, 33], []
[2025-01-29 23:44:02,610][__main__][INFO] - [0, 11, 34], []
[2025-01-29 23:44:02,658][__main__][INFO] - [0, 11, 35], []
[2025-01-29 23:44:02,706][__main__][INFO] - [0, 11, 36], []
[2025-01-29 23:44:02,753][__main__][INFO] - [0, 11, 37], []
[2025-01-29 23:44:02,800][__main__][INFO] - [0, 11, 38], []
[2025-01-29 23:44:02,847][__main__][INFO] - [0, 11, 39], []
[2025-01-29 23:44:03,072][__main__][INFO] - [0, 12, 20], []
[2025-01-29 23:44:03,119][__main__][INFO] - [0, 12, 21], []
[2025-01-29 23:44:03,167][__main__][INFO] - [0, 12, 22], []
[2025-01-29 23:44:03,214][__main__][INFO] - [0, 12, 23], []
[2025-01-29 23:44:03,291][__main__][INFO] - [0, 12, 25], []
[2025-01-29 23:44:03,398][__main__][INFO] - [0, 12], [26]
[2025-01-29 23:44:03,474][__main__][INFO] - [0, 12], [27]
[2025-01-29 23:44:03,521][__main__][INFO] - [0, 12, 28], []
[2025-01-29 23:44:03,568][__main__][INFO] - [0, 12, 29], []
[2025-01-29 23:44:03,615][__main__][INFO] - [0, 12, 30], []
[2025-01-29 23:44:03,661][__main__][INFO] - [0, 12, 31], []
[2025-01-29 23:44:03,708][__main__][INFO] - [0, 12], [31]
[2025-01-29 23:44:03,756][__main__][INFO] - [0, 12, 32], []
[2025-01-29 23:44:03,803][__main__][INFO] - [0, 12, 33], []
[2025-01-29 23:44:03,850][__main__][INFO] - [0, 12, 34], []
[2025-01-29 23:44:03,897][__main__][INFO] - [0, 12, 35], []
[2025-01-29 23:44:03,944][__main__][INFO] - [0, 12, 36], []
[2025-01-29 23:44:04,259][__main__][INFO] - [0, 13, 20], []
[2025-01-29 23:44:04,306][__main__][INFO] - [0, 13, 21], []
[2025-01-29 23:44:04,383][__main__][INFO] - [0, 13, 23], []
[2025-01-29 23:44:04,460][__main__][INFO] - [0, 13, 25], []
[2025-01-29 23:44:04,567][__main__][INFO] - [0, 13], [26]
[2025-01-29 23:44:04,644][__main__][INFO] - [0, 13], [27]
[2025-01-29 23:44:04,691][__main__][INFO] - [0, 13, 28], []
[2025-01-29 23:44:04,769][__main__][INFO] - [0, 13, 30], []
[2025-01-29 23:44:04,816][__main__][INFO] - [0, 13, 31], []
[2025-01-29 23:44:04,863][__main__][INFO] - [0, 13], [31]
[2025-01-29 23:44:04,909][__main__][INFO] - [0, 13, 32], []
[2025-01-29 23:44:04,957][__main__][INFO] - [0, 13, 33], []
[2025-01-29 23:44:05,003][__main__][INFO] - [0, 13, 34], []
[2025-01-29 23:44:05,050][__main__][INFO] - [0, 13, 35], []
[2025-01-29 23:44:05,097][__main__][INFO] - [0, 13, 36], []
[2025-01-29 23:44:05,412][__main__][INFO] - [0, 14, 20], []
[2025-01-29 23:44:05,459][__main__][INFO] - [0, 14, 21], []
[2025-01-29 23:44:05,506][__main__][INFO] - [0, 14, 22], []
[2025-01-29 23:44:05,553][__main__][INFO] - [0, 14, 23], []
[2025-01-29 23:44:05,660][__main__][INFO] - [0, 14], [25]
[2025-01-29 23:44:05,737][__main__][INFO] - [0, 14], [26]
[2025-01-29 23:44:05,813][__main__][INFO] - [0, 14], [27]
[2025-01-29 23:44:05,859][__main__][INFO] - [0, 14, 28], []
[2025-01-29 23:44:05,936][__main__][INFO] - [0, 14, 30], []
[2025-01-29 23:44:05,982][__main__][INFO] - [0, 14, 31], []
[2025-01-29 23:44:06,029][__main__][INFO] - [0, 14], [31]
[2025-01-29 23:44:06,075][__main__][INFO] - [0, 14, 32], []
[2025-01-29 23:44:06,122][__main__][INFO] - [0, 14, 33], []
[2025-01-29 23:44:06,169][__main__][INFO] - [0, 14, 34], []
[2025-01-29 23:44:06,215][__main__][INFO] - [0, 14, 35], []
[2025-01-29 23:44:06,262][__main__][INFO] - [0, 14, 36], []
[2025-01-29 23:44:06,574][__main__][INFO] - [0, 15, 20], []
[2025-01-29 23:44:06,768][__main__][INFO] - [0, 15], [25]
[2025-01-29 23:44:06,844][__main__][INFO] - [0, 15], [26]
[2025-01-29 23:44:06,920][__main__][INFO] - [0, 15], [27]
[2025-01-29 23:44:07,524][__main__][INFO] - [0, 20, 21], []
[2025-01-29 23:44:07,572][__main__][INFO] - [0, 20, 22], []
[2025-01-29 23:44:07,620][__main__][INFO] - [0, 20, 23], []
[2025-01-29 23:44:07,667][__main__][INFO] - [0, 20, 24], []
[2025-01-29 23:44:07,714][__main__][INFO] - [0, 20, 25], []
[2025-01-29 23:44:07,761][__main__][INFO] - [0, 20], [25]
[2025-01-29 23:44:07,811][__main__][INFO] - [0, 20, 26], []
[2025-01-29 23:44:07,858][__main__][INFO] - [0, 20], [26]
[2025-01-29 23:44:07,908][__main__][INFO] - [0, 20, 27], []
[2025-01-29 23:44:07,955][__main__][INFO] - [0, 20], [27]
[2025-01-29 23:44:08,005][__main__][INFO] - [0, 20, 28], []
[2025-01-29 23:44:08,055][__main__][INFO] - [0, 20, 29], []
[2025-01-29 23:44:08,103][__main__][INFO] - [0, 20, 30], []
[2025-01-29 23:44:08,151][__main__][INFO] - [0, 20, 31], []
[2025-01-29 23:44:08,201][__main__][INFO] - [0, 20], [31]
[2025-01-29 23:44:08,250][__main__][INFO] - [0, 20, 32], []
[2025-01-29 23:44:08,298][__main__][INFO] - [0, 20, 33], []
[2025-01-29 23:44:08,348][__main__][INFO] - [0, 20, 34], []
[2025-01-29 23:44:08,396][__main__][INFO] - [0, 20, 35], []
[2025-01-29 23:44:08,443][__main__][INFO] - [0, 20, 36], []
[2025-01-29 23:44:08,490][__main__][INFO] - [0, 20, 37], []
[2025-01-29 23:44:08,537][__main__][INFO] - [0, 20, 38], []
[2025-01-29 23:44:08,583][__main__][INFO] - [0, 20, 39], []
[2025-01-29 23:44:08,688][__main__][INFO] - [0, 21, 25], []
[2025-01-29 23:44:08,735][__main__][INFO] - [0, 21], [25]
[2025-01-29 23:44:08,784][__main__][INFO] - [0, 21, 26], []
[2025-01-29 23:44:08,831][__main__][INFO] - [0, 21], [26]
[2025-01-29 23:44:08,880][__main__][INFO] - [0, 21, 27], []
[2025-01-29 23:44:08,927][__main__][INFO] - [0, 21], [27]
[2025-01-29 23:44:08,976][__main__][INFO] - [0, 21, 28], []
[2025-01-29 23:44:09,024][__main__][INFO] - [0, 21, 29], []
[2025-01-29 23:44:09,071][__main__][INFO] - [0, 21, 30], []
[2025-01-29 23:44:09,120][__main__][INFO] - [0, 21, 31], []
[2025-01-29 23:44:09,168][__main__][INFO] - [0, 21], [31]
[2025-01-29 23:44:09,216][__main__][INFO] - [0, 21, 32], []
[2025-01-29 23:44:09,263][__main__][INFO] - [0, 21, 33], []
[2025-01-29 23:44:09,312][__main__][INFO] - [0, 21, 34], []
[2025-01-29 23:44:09,359][__main__][INFO] - [0, 21, 35], []
[2025-01-29 23:44:09,407][__main__][INFO] - [0, 21, 36], []
[2025-01-29 23:44:09,454][__main__][INFO] - [0, 21, 37], []
[2025-01-29 23:44:09,501][__main__][INFO] - [0, 21, 38], []
[2025-01-29 23:44:09,548][__main__][INFO] - [0, 21, 39], []
[2025-01-29 23:44:09,654][__main__][INFO] - [0, 22, 25], []
[2025-01-29 23:44:09,701][__main__][INFO] - [0, 22], [25]
[2025-01-29 23:44:09,750][__main__][INFO] - [0, 22, 26], []
[2025-01-29 23:44:09,797][__main__][INFO] - [0, 22], [26]
[2025-01-29 23:44:09,845][__main__][INFO] - [0, 22, 27], []
[2025-01-29 23:44:09,892][__main__][INFO] - [0, 22], [27]
[2025-01-29 23:44:09,940][__main__][INFO] - [0, 22, 28], []
[2025-01-29 23:44:09,988][__main__][INFO] - [0, 22, 29], []
[2025-01-29 23:44:10,035][__main__][INFO] - [0, 22, 30], []
[2025-01-29 23:44:10,084][__main__][INFO] - [0, 22, 31], []
[2025-01-29 23:44:10,131][__main__][INFO] - [0, 22], [31]
[2025-01-29 23:44:10,179][__main__][INFO] - [0, 22, 32], []
[2025-01-29 23:44:10,227][__main__][INFO] - [0, 22, 33], []
[2025-01-29 23:44:10,275][__main__][INFO] - [0, 22, 34], []
[2025-01-29 23:44:10,322][__main__][INFO] - [0, 22, 35], []
[2025-01-29 23:44:10,369][__main__][INFO] - [0, 22, 36], []
[2025-01-29 23:44:10,417][__main__][INFO] - [0, 22, 37], []
[2025-01-29 23:44:10,464][__main__][INFO] - [0, 22, 38], []
[2025-01-29 23:44:10,600][__main__][INFO] - [0, 23, 25], []
[2025-01-29 23:44:10,647][__main__][INFO] - [0, 23], [25]
[2025-01-29 23:44:10,694][__main__][INFO] - [0, 23, 26], []
[2025-01-29 23:44:10,741][__main__][INFO] - [0, 23], [26]
[2025-01-29 23:44:10,789][__main__][INFO] - [0, 23, 27], []
[2025-01-29 23:44:10,842][__main__][INFO] - [0, 23], [27]
[2025-01-29 23:44:10,890][__main__][INFO] - [0, 23, 28], []
[2025-01-29 23:44:10,937][__main__][INFO] - [0, 23, 29], []
[2025-01-29 23:44:10,985][__main__][INFO] - [0, 23, 30], []
[2025-01-29 23:44:11,032][__main__][INFO] - [0, 23, 31], []
[2025-01-29 23:44:11,080][__main__][INFO] - [0, 23], [31]
[2025-01-29 23:44:11,127][__main__][INFO] - [0, 23, 32], []
[2025-01-29 23:44:11,175][__main__][INFO] - [0, 23, 33], []
[2025-01-29 23:44:11,223][__main__][INFO] - [0, 23, 34], []
[2025-01-29 23:44:11,270][__main__][INFO] - [0, 23, 35], []
[2025-01-29 23:44:11,317][__main__][INFO] - [0, 23, 36], []
[2025-01-29 23:44:11,364][__main__][INFO] - [0, 23, 37], []
[2025-01-29 23:44:11,410][__main__][INFO] - [0, 23, 38], []
[2025-01-29 23:44:11,457][__main__][INFO] - [0, 23, 39], []
[2025-01-29 23:44:11,592][__main__][INFO] - [0, 24], [25]
[2025-01-29 23:44:11,668][__main__][INFO] - [0, 24], [26]
[2025-01-29 23:44:11,744][__main__][INFO] - [0, 24], [27]
[2025-01-29 23:44:11,791][__main__][INFO] - [0, 24, 28], []
[2025-01-29 23:44:11,868][__main__][INFO] - [0, 24, 30], []
[2025-01-29 23:44:11,915][__main__][INFO] - [0, 24, 31], []
[2025-01-29 23:44:11,962][__main__][INFO] - [0, 24], [31]
[2025-01-29 23:44:12,009][__main__][INFO] - [0, 24, 32], []
[2025-01-29 23:44:12,056][__main__][INFO] - [0, 24, 33], []
[2025-01-29 23:44:12,103][__main__][INFO] - [0, 24, 34], []
[2025-01-29 23:44:12,150][__main__][INFO] - [0, 24, 35], []
[2025-01-29 23:44:12,197][__main__][INFO] - [0, 24, 36], []
[2025-01-29 23:44:12,424][__main__][INFO] - [0, 25], [26]
[2025-01-29 23:44:12,501][__main__][INFO] - [0, 25], [27]
[2025-01-29 23:44:12,548][__main__][INFO] - [0, 25, 28], []
[2025-01-29 23:44:12,595][__main__][INFO] - [0, 25, 29], []
[2025-01-29 23:44:12,643][__main__][INFO] - [0, 25, 30], []
[2025-01-29 23:44:12,690][__main__][INFO] - [0, 25, 31], []
[2025-01-29 23:44:12,738][__main__][INFO] - [0, 25], [31]
[2025-01-29 23:44:12,785][__main__][INFO] - [0, 25, 32], []
[2025-01-29 23:44:12,833][__main__][INFO] - [0, 25, 33], []
[2025-01-29 23:44:12,880][__main__][INFO] - [0, 25, 34], []
[2025-01-29 23:44:12,928][__main__][INFO] - [0, 25, 35], []
[2025-01-29 23:44:12,975][__main__][INFO] - [0, 25, 36], []
[2025-01-29 23:44:13,172][__main__][INFO] - [0, 26], [25]
[2025-01-29 23:44:13,220][__main__][INFO] - [0], [25, 26]
[2025-01-29 23:44:13,270][__main__][INFO] - [0, 27], [25]
[2025-01-29 23:44:13,317][__main__][INFO] - [0], [25, 27]
[2025-01-29 23:44:13,367][__main__][INFO] - [0, 28], [25]
[2025-01-29 23:44:13,415][__main__][INFO] - [0, 29], [25]
[2025-01-29 23:44:13,462][__main__][INFO] - [0, 30], [25]
[2025-01-29 23:44:13,510][__main__][INFO] - [0, 31], [25]
[2025-01-29 23:44:13,559][__main__][INFO] - [0], [25, 31]
[2025-01-29 23:44:13,608][__main__][INFO] - [0, 32], [25]
[2025-01-29 23:44:13,655][__main__][INFO] - [0, 33], [25]
[2025-01-29 23:44:13,717][__main__][INFO] - [0, 34], [25]
[2025-01-29 23:44:13,765][__main__][INFO] - [0, 35], [25]
[2025-01-29 23:44:13,813][__main__][INFO] - [0, 36], [25]
[2025-01-29 23:44:13,860][__main__][INFO] - [0, 37], [25]
[2025-01-29 23:44:13,907][__main__][INFO] - [0, 38], [25]
[2025-01-29 23:44:13,954][__main__][INFO] - [0, 39], [25]
[2025-01-29 23:44:14,060][__main__][INFO] - [0, 26, 27], []
[2025-01-29 23:44:14,106][__main__][INFO] - [0, 26], [27]
[2025-01-29 23:44:14,153][__main__][INFO] - [0, 26, 28], []
[2025-01-29 23:44:14,200][__main__][INFO] - [0, 26, 29], []
[2025-01-29 23:44:14,248][__main__][INFO] - [0, 26, 30], []
[2025-01-29 23:44:14,295][__main__][INFO] - [0, 26, 31], []
[2025-01-29 23:44:14,343][__main__][INFO] - [0, 26], [31]
[2025-01-29 23:44:14,390][__main__][INFO] - [0, 26, 32], []
[2025-01-29 23:44:14,437][__main__][INFO] - [0, 26, 33], []
[2025-01-29 23:44:14,484][__main__][INFO] - [0, 26, 34], []
[2025-01-29 23:44:14,531][__main__][INFO] - [0, 26, 35], []
[2025-01-29 23:44:14,757][__main__][INFO] - [0, 27], [26]
[2025-01-29 23:44:14,804][__main__][INFO] - [0], [26, 27]
[2025-01-29 23:44:14,855][__main__][INFO] - [0, 28], [26]
[2025-01-29 23:44:14,903][__main__][INFO] - [0, 29], [26]
[2025-01-29 23:44:14,950][__main__][INFO] - [0, 30], [26]
[2025-01-29 23:44:14,999][__main__][INFO] - [0, 31], [26]
[2025-01-29 23:44:15,048][__main__][INFO] - [0], [26, 31]
[2025-01-29 23:44:15,097][__main__][INFO] - [0, 32], [26]
[2025-01-29 23:44:15,144][__main__][INFO] - [0, 33], [26]
[2025-01-29 23:44:15,193][__main__][INFO] - [0, 34], [26]
[2025-01-29 23:44:15,241][__main__][INFO] - [0, 35], [26]
[2025-01-29 23:44:15,289][__main__][INFO] - [0, 36], [26]
[2025-01-29 23:44:15,336][__main__][INFO] - [0, 37], [26]
[2025-01-29 23:44:15,383][__main__][INFO] - [0, 38], [26]
[2025-01-29 23:44:15,430][__main__][INFO] - [0, 39], [26]
[2025-01-29 23:44:15,536][__main__][INFO] - [0, 27, 28], []
[2025-01-29 23:44:15,583][__main__][INFO] - [0, 27, 29], []
[2025-01-29 23:44:15,630][__main__][INFO] - [0, 27, 30], []
[2025-01-29 23:44:15,677][__main__][INFO] - [0, 27, 31], []
[2025-01-29 23:44:15,724][__main__][INFO] - [0, 27], [31]
[2025-01-29 23:44:15,771][__main__][INFO] - [0, 27, 32], []
[2025-01-29 23:44:15,818][__main__][INFO] - [0, 27, 33], []
[2025-01-29 23:44:15,865][__main__][INFO] - [0, 27, 34], []
[2025-01-29 23:44:15,912][__main__][INFO] - [0, 27, 35], []
[2025-01-29 23:44:15,959][__main__][INFO] - [0, 27, 36], []
[2025-01-29 23:44:16,155][__main__][INFO] - [0, 28], [27]
[2025-01-29 23:44:16,204][__main__][INFO] - [0, 29], [27]
[2025-01-29 23:44:16,251][__main__][INFO] - [0, 30], [27]
[2025-01-29 23:44:16,301][__main__][INFO] - [0, 31], [27]
[2025-01-29 23:44:16,349][__main__][INFO] - [0], [27, 31]
[2025-01-29 23:44:16,399][__main__][INFO] - [0, 32], [27]
[2025-01-29 23:44:16,446][__main__][INFO] - [0, 33], [27]
[2025-01-29 23:44:16,495][__main__][INFO] - [0, 34], [27]
[2025-01-29 23:44:16,543][__main__][INFO] - [0, 35], [27]
[2025-01-29 23:44:16,591][__main__][INFO] - [0, 36], [27]
[2025-01-29 23:44:16,638][__main__][INFO] - [0, 37], [27]
[2025-01-29 23:44:16,685][__main__][INFO] - [0, 38], [27]
[2025-01-29 23:44:16,732][__main__][INFO] - [0, 39], [27]
[2025-01-29 23:44:16,844][__main__][INFO] - [0, 28, 31], []
[2025-01-29 23:44:16,911][__main__][INFO] - [0, 28], [31]
[2025-01-29 23:44:16,960][__main__][INFO] - [0, 28, 32], []
[2025-01-29 23:44:17,009][__main__][INFO] - [0, 28, 33], []
[2025-01-29 23:44:17,063][__main__][INFO] - [0, 28, 34], []
[2025-01-29 23:44:17,110][__main__][INFO] - [0, 28, 35], []
[2025-01-29 23:44:17,157][__main__][INFO] - [0, 28, 36], []
[2025-01-29 23:44:17,204][__main__][INFO] - [0, 28, 37], []
[2025-01-29 23:44:17,252][__main__][INFO] - [0, 28, 38], []
[2025-01-29 23:44:17,299][__main__][INFO] - [0, 28, 39], []
[2025-01-29 23:44:17,405][__main__][INFO] - [0, 29, 31], []
[2025-01-29 23:44:17,452][__main__][INFO] - [0, 29], [31]
[2025-01-29 23:44:17,499][__main__][INFO] - [0, 29, 32], []
[2025-01-29 23:44:17,546][__main__][INFO] - [0, 29, 33], []
[2025-01-29 23:44:17,593][__main__][INFO] - [0, 29, 34], []
[2025-01-29 23:44:17,640][__main__][INFO] - [0, 29, 35], []
[2025-01-29 23:44:17,687][__main__][INFO] - [0, 29, 36], []
[2025-01-29 23:44:17,882][__main__][INFO] - [0, 30, 31], []
[2025-01-29 23:44:17,931][__main__][INFO] - [0, 30], [31]
[2025-01-29 23:44:17,979][__main__][INFO] - [0, 30, 32], []
[2025-01-29 23:44:18,026][__main__][INFO] - [0, 30, 33], []
[2025-01-29 23:44:18,074][__main__][INFO] - [0, 30, 34], []
[2025-01-29 23:44:18,122][__main__][INFO] - [0, 30, 35], []
[2025-01-29 23:44:18,169][__main__][INFO] - [0, 30, 36], []
[2025-01-29 23:44:18,217][__main__][INFO] - [0, 30, 37], []
[2025-01-29 23:44:18,264][__main__][INFO] - [0, 30, 38], []
[2025-01-29 23:44:18,311][__main__][INFO] - [0, 30, 39], []
[2025-01-29 23:44:18,417][__main__][INFO] - [0, 31, 32], []
[2025-01-29 23:44:18,465][__main__][INFO] - [0, 31, 33], []
[2025-01-29 23:44:18,513][__main__][INFO] - [0, 31, 34], []
[2025-01-29 23:44:18,560][__main__][INFO] - [0, 31, 35], []
[2025-01-29 23:44:18,607][__main__][INFO] - [0, 31, 36], []
[2025-01-29 23:44:18,654][__main__][INFO] - [0, 31, 37], []
[2025-01-29 23:44:18,701][__main__][INFO] - [0, 31, 38], []
[2025-01-29 23:44:18,749][__main__][INFO] - [0, 31, 39], []
[2025-01-29 23:44:18,854][__main__][INFO] - [0, 32], [31]
[2025-01-29 23:44:18,901][__main__][INFO] - [0, 33], [31]
[2025-01-29 23:44:18,949][__main__][INFO] - [0, 34], [31]
[2025-01-29 23:44:18,995][__main__][INFO] - [0, 35], [31]
[2025-01-29 23:44:19,042][__main__][INFO] - [0, 36], [31]
[2025-01-29 23:44:19,089][__main__][INFO] - [0, 37], [31]
[2025-01-29 23:44:19,135][__main__][INFO] - [0, 38], [31]
[2025-01-29 23:44:19,182][__main__][INFO] - [0, 39], [31]
[2025-01-29 23:44:19,317][__main__][INFO] - [1, 10, 11], []
[2025-01-29 23:44:19,384][__main__][INFO] - [1, 10, 12], []
[2025-01-29 23:44:19,432][__main__][INFO] - [1, 10, 13], []
[2025-01-29 23:44:19,480][__main__][INFO] - [1, 10, 14], []
[2025-01-29 23:44:19,557][__main__][INFO] - [1, 10, 16], []
[2025-01-29 23:44:19,704][__main__][INFO] - [1, 10, 20], []
[2025-01-29 23:44:19,766][__main__][INFO] - [1, 10, 21], []
[2025-01-29 23:44:19,823][__main__][INFO] - [1, 10, 22], []
[2025-01-29 23:44:19,875][__main__][INFO] - [1, 10, 23], []
[2025-01-29 23:44:19,926][__main__][INFO] - [1, 10, 24], []
[2025-01-29 23:44:19,973][__main__][INFO] - [1, 10, 25], []
[2025-01-29 23:44:20,022][__main__][INFO] - [1, 10], [25]
[2025-01-29 23:44:20,088][__main__][INFO] - [1, 10, 26], []
[2025-01-29 23:44:20,138][__main__][INFO] - [1, 10], [26]
[2025-01-29 23:44:20,203][__main__][INFO] - [1, 10, 27], []
[2025-01-29 23:44:20,255][__main__][INFO] - [1, 10], [27]
[2025-01-29 23:44:20,318][__main__][INFO] - [1, 10, 28], []
[2025-01-29 23:44:20,371][__main__][INFO] - [1, 10, 29], []
[2025-01-29 23:44:20,462][__main__][INFO] - [1, 10, 31], []
[2025-01-29 23:44:20,518][__main__][INFO] - [1, 10], [31]
[2025-01-29 23:44:20,576][__main__][INFO] - [1, 10, 32], []
[2025-01-29 23:44:20,626][__main__][INFO] - [1, 10, 33], []
[2025-01-29 23:44:20,683][__main__][INFO] - [1, 10, 34], []
[2025-01-29 23:44:20,733][__main__][INFO] - [1, 10, 35], []
[2025-01-29 23:44:20,783][__main__][INFO] - [1, 10, 36], []
[2025-01-29 23:44:20,832][__main__][INFO] - [1, 10, 37], []
[2025-01-29 23:44:21,000][__main__][INFO] - [1, 11], [10]
[2025-01-29 23:44:21,461][__main__][INFO] - [1, 12], [10]
[2025-01-29 23:44:21,524][__main__][INFO] - [1, 13], [10]
[2025-01-29 23:44:21,578][__main__][INFO] - [1, 14], [10]
[2025-01-29 23:44:21,630][__main__][INFO] - [1, 15], [10]
[2025-01-29 23:44:21,677][__main__][INFO] - [1, 16], [10]
[2025-01-29 23:44:21,813][__main__][INFO] - [1, 17], [10]
[2025-01-29 23:44:21,860][__main__][INFO] - [1, 18], [10]
[2025-01-29 23:44:21,936][__main__][INFO] - [1, 20], [10]
[2025-01-29 23:44:22,332][__main__][INFO] - [1, 21], [10]
[2025-01-29 23:44:22,626][__main__][INFO] - [1, 22], [10]
[2025-01-29 23:44:22,771][__main__][INFO] - [1, 23], [10]
[2025-01-29 23:44:22,882][__main__][INFO] - [1, 24], [10]
[2025-01-29 23:44:22,933][__main__][INFO] - [1, 25], [10]
[2025-01-29 23:44:23,003][__main__][INFO] - [1], [10, 25]
[2025-01-29 23:44:23,496][__main__][INFO] - [1], [10, 26]
[2025-01-29 23:44:24,022][__main__][INFO] - [1], [10, 27]
[2025-01-29 23:44:24,522][__main__][INFO] - [1, 28], [10]
[2025-01-29 23:44:25,075][__main__][INFO] - [1, 31], [10]
[2025-01-29 23:44:25,323][__main__][INFO] - [1], [10, 31]
[2025-01-29 23:44:25,587][__main__][INFO] - [1, 32], [10]
[2025-01-29 23:44:25,689][__main__][INFO] - [1, 33], [10]
[2025-01-29 23:44:25,977][__main__][INFO] - [1, 34], [10]
[2025-01-29 23:44:26,052][__main__][INFO] - [1, 35], [10]
[2025-01-29 23:44:26,147][__main__][INFO] - [1, 36], [10]
[2025-01-29 23:44:26,209][__main__][INFO] - [1, 37], [10]
[2025-01-29 23:44:26,258][__main__][INFO] - [1, 38], [10]
[2025-01-29 23:44:26,307][__main__][INFO] - [1, 39], [10]
[2025-01-29 23:44:26,416][__main__][INFO] - [1, 11, 16], []
[2025-01-29 23:44:26,547][__main__][INFO] - [1, 11, 17], []
[2025-01-29 23:44:26,596][__main__][INFO] - [1, 11, 18], []
[2025-01-29 23:44:26,644][__main__][INFO] - [1, 11, 19], []
[2025-01-29 23:44:26,691][__main__][INFO] - [1, 11, 20], []
[2025-01-29 23:44:27,080][__main__][INFO] - [1, 11, 21], []
[2025-01-29 23:44:27,357][__main__][INFO] - [1, 11, 22], []
[2025-01-29 23:44:27,502][__main__][INFO] - [1, 11, 23], []
[2025-01-29 23:44:27,610][__main__][INFO] - [1, 11, 24], []
[2025-01-29 23:44:27,691][__main__][INFO] - [1, 11], [25]
[2025-01-29 23:44:28,165][__main__][INFO] - [1, 11, 26], []
[2025-01-29 23:44:28,214][__main__][INFO] - [1, 11], [26]
[2025-01-29 23:44:28,694][__main__][INFO] - [1, 11, 27], []
[2025-01-29 23:44:28,745][__main__][INFO] - [1, 11], [27]
[2025-01-29 23:44:29,218][__main__][INFO] - [1, 11, 28], []
[2025-01-29 23:44:29,679][__main__][INFO] - [1, 11, 29], []
[2025-01-29 23:44:29,768][__main__][INFO] - [1, 11, 31], []
[2025-01-29 23:44:30,020][__main__][INFO] - [1, 11], [31]
[2025-01-29 23:44:30,280][__main__][INFO] - [1, 11, 32], []
[2025-01-29 23:44:30,377][__main__][INFO] - [1, 11, 33], []
[2025-01-29 23:44:30,657][__main__][INFO] - [1, 11, 34], []
[2025-01-29 23:44:30,732][__main__][INFO] - [1, 11, 35], []
[2025-01-29 23:44:30,819][__main__][INFO] - [1, 11, 36], []
[2025-01-29 23:44:30,880][__main__][INFO] - [1, 11, 37], []
[2025-01-29 23:44:30,931][__main__][INFO] - [1, 11, 38], []
[2025-01-29 23:44:30,979][__main__][INFO] - [1, 11, 39], []
[2025-01-29 23:44:31,087][__main__][INFO] - [1, 12, 16], []
[2025-01-29 23:44:31,231][__main__][INFO] - [1, 12, 20], []
[2025-01-29 23:44:31,290][__main__][INFO] - [1, 12, 21], []
[2025-01-29 23:44:31,351][__main__][INFO] - [1, 12, 22], []
[2025-01-29 23:44:31,399][__main__][INFO] - [1, 12, 23], []
[2025-01-29 23:44:31,480][__main__][INFO] - [1, 12, 25], []
[2025-01-29 23:44:31,575][__main__][INFO] - [1, 12, 26], []
[2025-01-29 23:44:31,622][__main__][INFO] - [1, 12], [26]
[2025-01-29 23:44:31,687][__main__][INFO] - [1, 12, 27], []
[2025-01-29 23:44:31,735][__main__][INFO] - [1, 12], [27]
[2025-01-29 23:44:31,799][__main__][INFO] - [1, 12, 28], []
[2025-01-29 23:44:31,864][__main__][INFO] - [1, 12, 29], []
[2025-01-29 23:44:31,943][__main__][INFO] - [1, 12, 31], []
[2025-01-29 23:44:31,998][__main__][INFO] - [1, 12], [31]
[2025-01-29 23:44:32,053][__main__][INFO] - [1, 12, 32], []
[2025-01-29 23:44:32,104][__main__][INFO] - [1, 12, 33], []
[2025-01-29 23:44:32,158][__main__][INFO] - [1, 12, 34], []
[2025-01-29 23:44:32,206][__main__][INFO] - [1, 12, 35], []
[2025-01-29 23:44:32,259][__main__][INFO] - [1, 12, 36], []
[2025-01-29 23:44:32,457][__main__][INFO] - [1, 13, 16], []
[2025-01-29 23:44:32,597][__main__][INFO] - [1, 13, 20], []
[2025-01-29 23:44:32,650][__main__][INFO] - [1, 13, 21], []
[2025-01-29 23:44:32,702][__main__][INFO] - [1, 13, 22], []
[2025-01-29 23:44:32,751][__main__][INFO] - [1, 13, 23], []
[2025-01-29 23:44:32,830][__main__][INFO] - [1, 13, 25], []
[2025-01-29 23:44:32,946][__main__][INFO] - [1, 13], [26]
[2025-01-29 23:44:33,001][__main__][INFO] - [1, 13, 27], []
[2025-01-29 23:44:33,049][__main__][INFO] - [1, 13], [27]
[2025-01-29 23:44:33,103][__main__][INFO] - [1, 13, 28], []
[2025-01-29 23:44:33,158][__main__][INFO] - [1, 13, 29], []
[2025-01-29 23:44:33,236][__main__][INFO] - [1, 13, 31], []
[2025-01-29 23:44:33,287][__main__][INFO] - [1, 13], [31]
[2025-01-29 23:44:33,339][__main__][INFO] - [1, 13, 32], []
[2025-01-29 23:44:33,388][__main__][INFO] - [1, 13, 33], []
[2025-01-29 23:44:33,438][__main__][INFO] - [1, 13, 34], []
[2025-01-29 23:44:33,487][__main__][INFO] - [1, 13, 35], []
[2025-01-29 23:44:33,537][__main__][INFO] - [1, 13, 36], []
[2025-01-29 23:44:33,736][__main__][INFO] - [1, 14, 16], []
[2025-01-29 23:44:33,875][__main__][INFO] - [1, 14, 20], []
[2025-01-29 23:44:33,927][__main__][INFO] - [1, 14, 21], []
[2025-01-29 23:44:33,977][__main__][INFO] - [1, 14, 22], []
[2025-01-29 23:44:34,026][__main__][INFO] - [1, 14, 23], []
[2025-01-29 23:44:34,136][__main__][INFO] - [1, 14], [25]
[2025-01-29 23:44:34,220][__main__][INFO] - [1, 14], [26]
[2025-01-29 23:44:34,272][__main__][INFO] - [1, 14, 27], []
[2025-01-29 23:44:34,320][__main__][INFO] - [1, 14], [27]
[2025-01-29 23:44:34,372][__main__][INFO] - [1, 14, 28], []
[2025-01-29 23:44:34,424][__main__][INFO] - [1, 14, 29], []
[2025-01-29 23:44:34,501][__main__][INFO] - [1, 14, 31], []
[2025-01-29 23:44:34,552][__main__][INFO] - [1, 14], [31]
[2025-01-29 23:44:34,601][__main__][INFO] - [1, 14, 32], []
[2025-01-29 23:44:34,650][__main__][INFO] - [1, 14, 33], []
[2025-01-29 23:44:34,700][__main__][INFO] - [1, 14, 34], []
[2025-01-29 23:44:34,748][__main__][INFO] - [1, 14, 35], []
[2025-01-29 23:44:34,797][__main__][INFO] - [1, 14, 36], []
[2025-01-29 23:44:34,993][__main__][INFO] - [1, 15, 16], []
[2025-01-29 23:44:35,131][__main__][INFO] - [1, 15, 20], []
[2025-01-29 23:44:35,178][__main__][INFO] - [1, 15, 21], []
[2025-01-29 23:44:35,346][__main__][INFO] - [1, 15], [25]
[2025-01-29 23:44:35,424][__main__][INFO] - [1, 15], [26]
[2025-01-29 23:44:35,502][__main__][INFO] - [1, 15], [27]
[2025-01-29 23:44:35,550][__main__][INFO] - [1, 15, 28], []
[2025-01-29 23:44:35,658][__main__][INFO] - [1, 15, 31], []
[2025-01-29 23:44:35,706][__main__][INFO] - [1, 15], [31]
[2025-01-29 23:44:36,052][__main__][INFO] - [1, 16, 21], []
[2025-01-29 23:44:36,155][__main__][INFO] - [1, 16, 22], []
[2025-01-29 23:44:36,221][__main__][INFO] - [1, 16, 23], []
[2025-01-29 23:44:36,281][__main__][INFO] - [1, 16, 24], []
[2025-01-29 23:44:36,330][__main__][INFO] - [1, 16, 25], []
[2025-01-29 23:44:36,386][__main__][INFO] - [1, 16], [25]
[2025-01-29 23:44:36,518][__main__][INFO] - [1, 16, 26], []
[2025-01-29 23:44:36,567][__main__][INFO] - [1, 16], [26]
[2025-01-29 23:44:36,708][__main__][INFO] - [1, 16, 27], []
[2025-01-29 23:44:36,757][__main__][INFO] - [1, 16], [27]
[2025-01-29 23:44:36,897][__main__][INFO] - [1, 16, 28], []
[2025-01-29 23:44:37,035][__main__][INFO] - [1, 16, 29], []
[2025-01-29 23:44:37,116][__main__][INFO] - [1, 16, 31], []
[2025-01-29 23:44:37,206][__main__][INFO] - [1, 16], [31]
[2025-01-29 23:44:37,297][__main__][INFO] - [1, 16, 32], []
[2025-01-29 23:44:37,357][__main__][INFO] - [1, 16, 33], []
[2025-01-29 23:44:37,453][__main__][INFO] - [1, 16, 34], []
[2025-01-29 23:44:37,506][__main__][INFO] - [1, 16, 35], []
[2025-01-29 23:44:37,565][__main__][INFO] - [1, 16, 36], []
[2025-01-29 23:44:37,616][__main__][INFO] - [1, 16, 37], []
[2025-01-29 23:44:37,665][__main__][INFO] - [1, 16, 38], []
[2025-01-29 23:44:37,713][__main__][INFO] - [1, 16, 39], []
[2025-01-29 23:44:37,821][__main__][INFO] - [1, 17, 21], []
[2025-01-29 23:44:37,991][__main__][INFO] - [1, 17], [25]
[2025-01-29 23:44:38,069][__main__][INFO] - [1, 17], [26]
[2025-01-29 23:44:38,148][__main__][INFO] - [1, 17], [27]
[2025-01-29 23:44:38,196][__main__][INFO] - [1, 17, 28], []
[2025-01-29 23:44:38,334][__main__][INFO] - [1, 17], [31]
[2025-01-29 23:44:38,413][__main__][INFO] - [1, 17, 33], []
[2025-01-29 23:44:38,699][__main__][INFO] - [1, 18, 21], []
[2025-01-29 23:44:38,746][__main__][INFO] - [1, 18, 22], []
[2025-01-29 23:44:38,884][__main__][INFO] - [1, 18], [25]
[2025-01-29 23:44:38,961][__main__][INFO] - [1, 18], [26]
[2025-01-29 23:44:39,039][__main__][INFO] - [1, 18], [27]
[2025-01-29 23:44:39,086][__main__][INFO] - [1, 18, 28], []
[2025-01-29 23:44:39,223][__main__][INFO] - [1, 18], [31]
[2025-01-29 23:44:39,300][__main__][INFO] - [1, 18, 33], []
[2025-01-29 23:44:39,733][__main__][INFO] - [1, 19], [25]
[2025-01-29 23:44:39,810][__main__][INFO] - [1, 19], [26]
[2025-01-29 23:44:39,888][__main__][INFO] - [1, 19], [27]
[2025-01-29 23:44:40,385][__main__][INFO] - [1, 20, 21], []
[2025-01-29 23:44:40,632][__main__][INFO] - [1, 20, 22], []
[2025-01-29 23:44:40,761][__main__][INFO] - [1, 20, 23], []
[2025-01-29 23:44:40,862][__main__][INFO] - [1, 20, 24], []
[2025-01-29 23:44:40,913][__main__][INFO] - [1, 20, 25], []
[2025-01-29 23:44:40,977][__main__][INFO] - [1, 20], [25]
[2025-01-29 23:44:41,361][__main__][INFO] - [1, 20, 26], []
[2025-01-29 23:44:41,409][__main__][INFO] - [1, 20], [26]
[2025-01-29 23:44:41,802][__main__][INFO] - [1, 20, 27], []
[2025-01-29 23:44:41,852][__main__][INFO] - [1, 20], [27]
[2025-01-29 23:44:42,245][__main__][INFO] - [1, 20, 28], []
[2025-01-29 23:44:42,635][__main__][INFO] - [1, 20, 29], []
[2025-01-29 23:44:42,722][__main__][INFO] - [1, 20, 31], []
[2025-01-29 23:44:42,929][__main__][INFO] - [1, 20], [31]
[2025-01-29 23:44:43,149][__main__][INFO] - [1, 20, 32], []
[2025-01-29 23:44:43,239][__main__][INFO] - [1, 20, 33], []
[2025-01-29 23:44:43,475][__main__][INFO] - [1, 20, 34], []
[2025-01-29 23:44:43,545][__main__][INFO] - [1, 20, 35], []
[2025-01-29 23:44:43,628][__main__][INFO] - [1, 20, 36], []
[2025-01-29 23:44:43,693][__main__][INFO] - [1, 20, 37], []
[2025-01-29 23:44:43,742][__main__][INFO] - [1, 20, 38], []
[2025-01-29 23:44:43,791][__main__][INFO] - [1, 20, 39], []
[2025-01-29 23:44:43,899][__main__][INFO] - [1, 21, 25], []
[2025-01-29 23:44:43,967][__main__][INFO] - [1, 21], [25]
[2025-01-29 23:44:44,252][__main__][INFO] - [1, 21, 26], []
[2025-01-29 23:44:44,302][__main__][INFO] - [1, 21], [26]
[2025-01-29 23:44:44,605][__main__][INFO] - [1, 21, 27], []
[2025-01-29 23:44:44,655][__main__][INFO] - [1, 21], [27]
[2025-01-29 23:44:44,955][__main__][INFO] - [1, 21, 28], []
[2025-01-29 23:44:45,251][__main__][INFO] - [1, 21, 29], []
[2025-01-29 23:44:45,336][__main__][INFO] - [1, 21, 31], []
[2025-01-29 23:44:45,497][__main__][INFO] - [1, 21], [31]
[2025-01-29 23:44:45,669][__main__][INFO] - [1, 21, 32], []
[2025-01-29 23:44:45,758][__main__][INFO] - [1, 21, 33], []
[2025-01-29 23:44:45,928][__main__][INFO] - [1, 21, 34], []
[2025-01-29 23:44:45,980][__main__][INFO] - [1, 21, 35], []
[2025-01-29 23:44:46,063][__main__][INFO] - [1, 21, 36], []
[2025-01-29 23:44:46,120][__main__][INFO] - [1, 21, 37], []
[2025-01-29 23:44:46,170][__main__][INFO] - [1, 21, 38], []
[2025-01-29 23:44:46,218][__main__][INFO] - [1, 21, 39], []
[2025-01-29 23:44:46,325][__main__][INFO] - [1, 22, 25], []
[2025-01-29 23:44:46,374][__main__][INFO] - [1, 22], [25]
[2025-01-29 23:44:46,518][__main__][INFO] - [1, 22, 26], []
[2025-01-29 23:44:46,566][__main__][INFO] - [1, 22], [26]
[2025-01-29 23:44:46,710][__main__][INFO] - [1, 22, 27], []
[2025-01-29 23:44:46,759][__main__][INFO] - [1, 22], [27]
[2025-01-29 23:44:46,907][__main__][INFO] - [1, 22, 28], []
[2025-01-29 23:44:47,067][__main__][INFO] - [1, 22, 29], []
[2025-01-29 23:44:47,149][__main__][INFO] - [1, 22, 31], []
[2025-01-29 23:44:47,242][__main__][INFO] - [1, 22], [31]
[2025-01-29 23:44:47,337][__main__][INFO] - [1, 22, 32], []
[2025-01-29 23:44:47,388][__main__][INFO] - [1, 22, 33], []
[2025-01-29 23:44:47,494][__main__][INFO] - [1, 22, 34], []
[2025-01-29 23:44:47,561][__main__][INFO] - [1, 22, 35], []
[2025-01-29 23:44:47,612][__main__][INFO] - [1, 22, 36], []
[2025-01-29 23:44:47,661][__main__][INFO] - [1, 22, 37], []
[2025-01-29 23:44:47,709][__main__][INFO] - [1, 22, 38], []
[2025-01-29 23:44:47,756][__main__][INFO] - [1, 22, 39], []
[2025-01-29 23:44:47,862][__main__][INFO] - [1, 23, 25], []
[2025-01-29 23:44:47,913][__main__][INFO] - [1, 23], [25]
[2025-01-29 23:44:48,023][__main__][INFO] - [1, 23, 26], []
[2025-01-29 23:44:48,071][__main__][INFO] - [1, 23], [26]
[2025-01-29 23:44:48,186][__main__][INFO] - [1, 23, 27], []
[2025-01-29 23:44:48,234][__main__][INFO] - [1, 23], [27]
[2025-01-29 23:44:48,350][__main__][INFO] - [1, 23, 28], []
[2025-01-29 23:44:48,462][__main__][INFO] - [1, 23, 29], []
[2025-01-29 23:44:48,541][__main__][INFO] - [1, 23, 31], []
[2025-01-29 23:44:48,618][__main__][INFO] - [1, 23], [31]
[2025-01-29 23:44:48,696][__main__][INFO] - [1, 23, 32], []
[2025-01-29 23:44:48,751][__main__][INFO] - [1, 23, 33], []
[2025-01-29 23:44:48,834][__main__][INFO] - [1, 23, 34], []
[2025-01-29 23:44:48,885][__main__][INFO] - [1, 23, 35], []
[2025-01-29 23:44:48,939][__main__][INFO] - [1, 23, 36], []
[2025-01-29 23:44:48,988][__main__][INFO] - [1, 23, 37], []
[2025-01-29 23:44:49,036][__main__][INFO] - [1, 23, 38], []
[2025-01-29 23:44:49,083][__main__][INFO] - [1, 23, 39], []
[2025-01-29 23:44:49,219][__main__][INFO] - [1, 24], [25]
[2025-01-29 23:44:49,300][__main__][INFO] - [1, 24], [26]
[2025-01-29 23:44:49,382][__main__][INFO] - [1, 24], [27]
[2025-01-29 23:44:49,433][__main__][INFO] - [1, 24, 28], []
[2025-01-29 23:44:49,484][__main__][INFO] - [1, 24, 29], []
[2025-01-29 23:44:49,561][__main__][INFO] - [1, 24, 31], []
[2025-01-29 23:44:49,610][__main__][INFO] - [1, 24], [31]
[2025-01-29 23:44:49,660][__main__][INFO] - [1, 24, 32], []
[2025-01-29 23:44:49,708][__main__][INFO] - [1, 24, 33], []
[2025-01-29 23:44:49,757][__main__][INFO] - [1, 24, 34], []
[2025-01-29 23:44:49,805][__main__][INFO] - [1, 24, 35], []
[2025-01-29 23:44:49,852][__main__][INFO] - [1, 24, 36], []
[2025-01-29 23:44:50,046][__main__][INFO] - [1, 25, 26], []
[2025-01-29 23:44:50,092][__main__][INFO] - [1, 25], [26]
[2025-01-29 23:44:50,163][__main__][INFO] - [1, 25, 27], []
[2025-01-29 23:44:50,210][__main__][INFO] - [1, 25], [27]
[2025-01-29 23:44:50,281][__main__][INFO] - [1, 25, 28], []
[2025-01-29 23:44:50,353][__main__][INFO] - [1, 25, 29], []
[2025-01-29 23:44:50,431][__main__][INFO] - [1, 25, 31], []
[2025-01-29 23:44:50,489][__main__][INFO] - [1, 25], [31]
[2025-01-29 23:44:50,547][__main__][INFO] - [1, 25, 32], []
[2025-01-29 23:44:50,598][__main__][INFO] - [1, 25, 33], []
[2025-01-29 23:44:50,653][__main__][INFO] - [1, 25, 34], []
[2025-01-29 23:44:50,701][__main__][INFO] - [1, 25, 35], []
[2025-01-29 23:44:50,757][__main__][INFO] - [1, 25, 36], []
[2025-01-29 23:44:50,835][__main__][INFO] - [1, 25, 38], []
[2025-01-29 23:44:50,971][__main__][INFO] - [1, 26], [25]
[2025-01-29 23:44:51,021][__main__][INFO] - [1], [25, 26]
[2025-01-29 23:44:51,513][__main__][INFO] - [1, 27], [25]
[2025-01-29 23:44:51,564][__main__][INFO] - [1], [25, 27]
[2025-01-29 23:44:52,049][__main__][INFO] - [1, 28], [25]
[2025-01-29 23:44:52,525][__main__][INFO] - [1, 29], [25]
[2025-01-29 23:44:52,614][__main__][INFO] - [1, 31], [25]
[2025-01-29 23:44:52,858][__main__][INFO] - [1], [25, 31]
[2025-01-29 23:44:53,113][__main__][INFO] - [1, 32], [25]
[2025-01-29 23:44:53,212][__main__][INFO] - [1, 33], [25]
[2025-01-29 23:44:53,491][__main__][INFO] - [1, 34], [25]
[2025-01-29 23:44:53,566][__main__][INFO] - [1, 35], [25]
[2025-01-29 23:44:53,653][__main__][INFO] - [1, 36], [25]
[2025-01-29 23:44:53,715][__main__][INFO] - [1, 37], [25]
[2025-01-29 23:44:53,765][__main__][INFO] - [1, 38], [25]
[2025-01-29 23:44:53,813][__main__][INFO] - [1, 39], [25]
[2025-01-29 23:44:53,927][__main__][INFO] - [1, 26, 27], []
[2025-01-29 23:44:53,975][__main__][INFO] - [1, 26], [27]
[2025-01-29 23:44:54,024][__main__][INFO] - [1, 26, 28], []
[2025-01-29 23:44:54,073][__main__][INFO] - [1, 26, 29], []
[2025-01-29 23:44:54,151][__main__][INFO] - [1, 26, 31], []
[2025-01-29 23:44:54,201][__main__][INFO] - [1, 26], [31]
[2025-01-29 23:44:54,249][__main__][INFO] - [1, 26, 32], []
[2025-01-29 23:44:54,298][__main__][INFO] - [1, 26, 33], []
[2025-01-29 23:44:54,346][__main__][INFO] - [1, 26, 34], []
[2025-01-29 23:44:54,393][__main__][INFO] - [1, 26, 35], []
[2025-01-29 23:44:54,619][__main__][INFO] - [1, 27], [26]
[2025-01-29 23:44:54,670][__main__][INFO] - [1], [26, 27]
[2025-01-29 23:44:55,182][__main__][INFO] - [1, 28], [26]
[2025-01-29 23:44:55,679][__main__][INFO] - [1, 29], [26]
[2025-01-29 23:44:55,769][__main__][INFO] - [1, 31], [26]
[2025-01-29 23:44:56,029][__main__][INFO] - [1], [26, 31]
[2025-01-29 23:44:56,312][__main__][INFO] - [1, 32], [26]
[2025-01-29 23:44:56,415][__main__][INFO] - [1, 33], [26]
[2025-01-29 23:44:56,708][__main__][INFO] - [1, 34], [26]
[2025-01-29 23:44:56,784][__main__][INFO] - [1, 35], [26]
[2025-01-29 23:44:56,881][__main__][INFO] - [1, 36], [26]
[2025-01-29 23:44:56,943][__main__][INFO] - [1, 37], [26]
[2025-01-29 23:44:56,993][__main__][INFO] - [1, 38], [26]
[2025-01-29 23:44:57,041][__main__][INFO] - [1, 39], [26]
[2025-01-29 23:44:57,149][__main__][INFO] - [1, 27, 28], []
[2025-01-29 23:44:57,199][__main__][INFO] - [1, 27, 29], []
[2025-01-29 23:44:57,278][__main__][INFO] - [1, 27, 31], []
[2025-01-29 23:44:57,328][__main__][INFO] - [1, 27], [31]
[2025-01-29 23:44:57,377][__main__][INFO] - [1, 27, 32], []
[2025-01-29 23:44:57,425][__main__][INFO] - [1, 27, 33], []
[2025-01-29 23:44:57,475][__main__][INFO] - [1, 27, 34], []
[2025-01-29 23:44:57,523][__main__][INFO] - [1, 27, 35], []
[2025-01-29 23:44:57,572][__main__][INFO] - [1, 27, 36], []
[2025-01-29 23:44:57,768][__main__][INFO] - [1, 28], [27]
[2025-01-29 23:44:58,252][__main__][INFO] - [1, 29], [27]
[2025-01-29 23:44:58,341][__main__][INFO] - [1, 31], [27]
[2025-01-29 23:44:58,591][__main__][INFO] - [1], [27, 31]
[2025-01-29 23:44:58,858][__main__][INFO] - [1, 32], [27]
[2025-01-29 23:44:58,958][__main__][INFO] - [1, 33], [27]
[2025-01-29 23:44:59,246][__main__][INFO] - [1, 34], [27]
[2025-01-29 23:44:59,322][__main__][INFO] - [1, 35], [27]
[2025-01-29 23:44:59,418][__main__][INFO] - [1, 36], [27]
[2025-01-29 23:44:59,479][__main__][INFO] - [1, 37], [27]
[2025-01-29 23:44:59,529][__main__][INFO] - [1, 38], [27]
[2025-01-29 23:44:59,577][__main__][INFO] - [1, 39], [27]
[2025-01-29 23:44:59,683][__main__][INFO] - [1, 28, 31], []
[2025-01-29 23:44:59,935][__main__][INFO] - [1, 28], [31]
[2025-01-29 23:45:00,200][__main__][INFO] - [1, 28, 32], []
[2025-01-29 23:45:00,300][__main__][INFO] - [1, 28, 33], []
[2025-01-29 23:45:00,589][__main__][INFO] - [1, 28, 34], []
[2025-01-29 23:45:00,663][__main__][INFO] - [1, 28, 35], []
[2025-01-29 23:45:00,758][__main__][INFO] - [1, 28, 36], []
[2025-01-29 23:45:00,819][__main__][INFO] - [1, 28, 37], []
[2025-01-29 23:45:00,869][__main__][INFO] - [1, 28, 38], []
[2025-01-29 23:45:00,917][__main__][INFO] - [1, 28, 39], []
[2025-01-29 23:45:01,024][__main__][INFO] - [1, 29, 31], []
[2025-01-29 23:45:01,075][__main__][INFO] - [1, 29], [31]
[2025-01-29 23:45:01,130][__main__][INFO] - [1, 29, 32], []
[2025-01-29 23:45:01,179][__main__][INFO] - [1, 29, 33], []
[2025-01-29 23:45:01,233][__main__][INFO] - [1, 29, 34], []
[2025-01-29 23:45:01,282][__main__][INFO] - [1, 29, 35], []
[2025-01-29 23:45:01,331][__main__][INFO] - [1, 29, 36], []
[2025-01-29 23:45:01,378][__main__][INFO] - [1, 29, 37], []
[2025-01-29 23:45:01,573][__main__][INFO] - [1, 31, 32], []
[2025-01-29 23:45:01,644][__main__][INFO] - [1, 31, 33], []
[2025-01-29 23:45:01,798][__main__][INFO] - [1, 31, 34], []
[2025-01-29 23:45:01,858][__main__][INFO] - [1, 31, 35], []
[2025-01-29 23:45:01,927][__main__][INFO] - [1, 31, 36], []
[2025-01-29 23:45:01,988][__main__][INFO] - [1, 31, 37], []
[2025-01-29 23:45:02,054][__main__][INFO] - [1, 31, 38], []
[2025-01-29 23:45:02,102][__main__][INFO] - [1, 31, 39], []
[2025-01-29 23:45:02,209][__main__][INFO] - [1, 32], [31]
[2025-01-29 23:45:02,284][__main__][INFO] - [1, 33], [31]
[2025-01-29 23:45:02,451][__main__][INFO] - [1, 34], [31]
[2025-01-29 23:45:02,512][__main__][INFO] - [1, 35], [31]
[2025-01-29 23:45:02,581][__main__][INFO] - [1, 36], [31]
[2025-01-29 23:45:02,636][__main__][INFO] - [1, 37], [31]
[2025-01-29 23:45:02,685][__main__][INFO] - [1, 38], [31]
[2025-01-29 23:45:02,733][__main__][INFO] - [1, 39], [31]
[2025-01-29 23:45:02,867][__main__][INFO] - [2, 10, 11], []
[2025-01-29 23:45:02,937][__main__][INFO] - [2, 10, 12], []
[2025-01-29 23:45:02,986][__main__][INFO] - [2, 10, 13], []
[2025-01-29 23:45:03,035][__main__][INFO] - [2, 10, 14], []
[2025-01-29 23:45:03,113][__main__][INFO] - [2, 10, 16], []
[2025-01-29 23:45:03,188][__main__][INFO] - [2, 10, 17], []
[2025-01-29 23:45:03,237][__main__][INFO] - [2, 10, 18], []
[2025-01-29 23:45:03,285][__main__][INFO] - [2, 10, 19], []
[2025-01-29 23:45:03,363][__main__][INFO] - [2, 10, 21], []
[2025-01-29 23:45:03,423][__main__][INFO] - [2, 10, 22], []
[2025-01-29 23:45:03,477][__main__][INFO] - [2, 10, 23], []
[2025-01-29 23:45:03,529][__main__][INFO] - [2, 10, 24], []
[2025-01-29 23:45:03,577][__main__][INFO] - [2, 10, 25], []
[2025-01-29 23:45:03,627][__main__][INFO] - [2, 10], [25]
[2025-01-29 23:45:03,698][__main__][INFO] - [2, 10, 26], []
[2025-01-29 23:45:03,748][__main__][INFO] - [2, 10], [26]
[2025-01-29 23:45:03,817][__main__][INFO] - [2, 10, 27], []
[2025-01-29 23:45:03,870][__main__][INFO] - [2, 10], [27]
[2025-01-29 23:45:03,937][__main__][INFO] - [2, 10, 28], []
[2025-01-29 23:45:03,993][__main__][INFO] - [2, 10, 29], []
[2025-01-29 23:45:04,086][__main__][INFO] - [2, 10, 31], []
[2025-01-29 23:45:04,143][__main__][INFO] - [2, 10], [31]
[2025-01-29 23:45:04,204][__main__][INFO] - [2, 10, 32], []
[2025-01-29 23:45:04,255][__main__][INFO] - [2, 10, 33], []
[2025-01-29 23:45:04,315][__main__][INFO] - [2, 10, 34], []
[2025-01-29 23:45:04,366][__main__][INFO] - [2, 10, 35], []
[2025-01-29 23:45:04,416][__main__][INFO] - [2, 10, 36], []
[2025-01-29 23:45:04,465][__main__][INFO] - [2, 10, 37], []
[2025-01-29 23:45:04,543][__main__][INFO] - [2, 10, 39], []
[2025-01-29 23:45:04,649][__main__][INFO] - [2, 11], [10]
[2025-01-29 23:45:05,107][__main__][INFO] - [2, 12], [10]
[2025-01-29 23:45:05,202][__main__][INFO] - [2, 13], [10]
[2025-01-29 23:45:05,269][__main__][INFO] - [2, 14], [10]
[2025-01-29 23:45:05,322][__main__][INFO] - [2, 15], [10]
[2025-01-29 23:45:05,370][__main__][INFO] - [2, 16], [10]
[2025-01-29 23:45:05,898][__main__][INFO] - [2, 17], [10]
[2025-01-29 23:45:05,950][__main__][INFO] - [2, 18], [10]
[2025-01-29 23:45:05,996][__main__][INFO] - [2, 19], [10]
[2025-01-29 23:45:06,075][__main__][INFO] - [2, 21], [10]
[2025-01-29 23:45:06,408][__main__][INFO] - [2, 22], [10]
[2025-01-29 23:45:06,552][__main__][INFO] - [2, 23], [10]
[2025-01-29 23:45:06,672][__main__][INFO] - [2, 24], [10]
[2025-01-29 23:45:06,723][__main__][INFO] - [2, 25], [10]
[2025-01-29 23:45:06,836][__main__][INFO] - [2], [10, 25]
[2025-01-29 23:45:07,331][__main__][INFO] - [2], [10, 26]
[2025-01-29 23:45:07,926][__main__][INFO] - [2], [10, 27]
[2025-01-29 23:45:08,478][__main__][INFO] - [2, 28], [10]
[2025-01-29 23:45:09,087][__main__][INFO] - [2, 31], [10]
[2025-01-29 23:45:09,360][__main__][INFO] - [2], [10, 31]
[2025-01-29 23:45:09,646][__main__][INFO] - [2, 32], [10]
[2025-01-29 23:45:09,753][__main__][INFO] - [2, 33], [10]
[2025-01-29 23:45:10,062][__main__][INFO] - [2, 34], [10]
[2025-01-29 23:45:10,130][__main__][INFO] - [2, 35], [10]
[2025-01-29 23:45:10,236][__main__][INFO] - [2, 36], [10]
[2025-01-29 23:45:10,301][__main__][INFO] - [2, 37], [10]
[2025-01-29 23:45:10,351][__main__][INFO] - [2, 38], [10]
[2025-01-29 23:45:10,400][__main__][INFO] - [2, 39], [10]
[2025-01-29 23:45:10,506][__main__][INFO] - [2, 11, 16], []
[2025-01-29 23:45:10,975][__main__][INFO] - [2, 11, 17], []
[2025-01-29 23:45:11,026][__main__][INFO] - [2, 11, 18], []
[2025-01-29 23:45:11,074][__main__][INFO] - [2, 11, 19], []
[2025-01-29 23:45:11,153][__main__][INFO] - [2, 11, 21], []
[2025-01-29 23:45:11,442][__main__][INFO] - [2, 11, 22], []
[2025-01-29 23:45:11,585][__main__][INFO] - [2, 11, 23], []
[2025-01-29 23:45:11,693][__main__][INFO] - [2, 11, 24], []
[2025-01-29 23:45:11,774][__main__][INFO] - [2, 11], [25]
[2025-01-29 23:45:12,265][__main__][INFO] - [2, 11, 26], []
[2025-01-29 23:45:12,316][__main__][INFO] - [2, 11], [26]
[2025-01-29 23:45:12,798][__main__][INFO] - [2, 11, 27], []
[2025-01-29 23:45:12,850][__main__][INFO] - [2, 11], [27]
[2025-01-29 23:45:13,335][__main__][INFO] - [2, 11, 28], []
[2025-01-29 23:45:13,804][__main__][INFO] - [2, 11, 29], []
[2025-01-29 23:45:13,896][__main__][INFO] - [2, 11, 31], []
[2025-01-29 23:45:14,140][__main__][INFO] - [2, 11], [31]
[2025-01-29 23:45:14,400][__main__][INFO] - [2, 11, 32], []
[2025-01-29 23:45:14,497][__main__][INFO] - [2, 11, 33], []
[2025-01-29 23:45:14,791][__main__][INFO] - [2, 11, 34], []
[2025-01-29 23:45:14,859][__main__][INFO] - [2, 11, 35], []
[2025-01-29 23:45:14,939][__main__][INFO] - [2, 11, 36], []
[2025-01-29 23:45:15,004][__main__][INFO] - [2, 11, 37], []
[2025-01-29 23:45:15,054][__main__][INFO] - [2, 11, 38], []
[2025-01-29 23:45:15,104][__main__][INFO] - [2, 11, 39], []
[2025-01-29 23:45:15,212][__main__][INFO] - [2, 12, 16], []
[2025-01-29 23:45:15,307][__main__][INFO] - [2, 12, 17], []
[2025-01-29 23:45:15,444][__main__][INFO] - [2, 12, 21], []
[2025-01-29 23:45:15,529][__main__][INFO] - [2, 12, 22], []
[2025-01-29 23:45:15,579][__main__][INFO] - [2, 12, 23], []
[2025-01-29 23:45:15,631][__main__][INFO] - [2, 12, 24], []
[2025-01-29 23:45:15,679][__main__][INFO] - [2, 12, 25], []
[2025-01-29 23:45:15,803][__main__][INFO] - [2, 12, 26], []
[2025-01-29 23:45:15,851][__main__][INFO] - [2, 12], [26]
[2025-01-29 23:45:15,944][__main__][INFO] - [2, 12, 27], []
[2025-01-29 23:45:15,992][__main__][INFO] - [2, 12], [27]
[2025-01-29 23:45:16,086][__main__][INFO] - [2, 12, 28], []
[2025-01-29 23:45:16,181][__main__][INFO] - [2, 12, 29], []
[2025-01-29 23:45:16,261][__main__][INFO] - [2, 12, 31], []
[2025-01-29 23:45:16,330][__main__][INFO] - [2, 12], [31]
[2025-01-29 23:45:16,400][__main__][INFO] - [2, 12, 32], []
[2025-01-29 23:45:16,455][__main__][INFO] - [2, 12, 33], []
[2025-01-29 23:45:16,518][__main__][INFO] - [2, 12, 34], []
[2025-01-29 23:45:16,567][__main__][INFO] - [2, 12, 35], []
[2025-01-29 23:45:16,629][__main__][INFO] - [2, 12, 36], []
[2025-01-29 23:45:16,677][__main__][INFO] - [2, 12, 37], []
[2025-01-29 23:45:16,725][__main__][INFO] - [2, 12, 38], []
[2025-01-29 23:45:16,862][__main__][INFO] - [2, 13, 16], []
[2025-01-29 23:45:16,929][__main__][INFO] - [2, 13, 17], []
[2025-01-29 23:45:16,977][__main__][INFO] - [2, 13, 18], []
[2025-01-29 23:45:17,025][__main__][INFO] - [2, 13, 19], []
[2025-01-29 23:45:17,119][__main__][INFO] - [2, 13, 21], []
[2025-01-29 23:45:17,181][__main__][INFO] - [2, 13, 22], []
[2025-01-29 23:45:17,232][__main__][INFO] - [2, 13, 23], []
[2025-01-29 23:45:17,283][__main__][INFO] - [2, 13, 24], []
[2025-01-29 23:45:17,331][__main__][INFO] - [2, 13, 25], []
[2025-01-29 23:45:17,428][__main__][INFO] - [2, 13, 26], []
[2025-01-29 23:45:17,477][__main__][INFO] - [2, 13], [26]
[2025-01-29 23:45:17,544][__main__][INFO] - [2, 13, 27], []
[2025-01-29 23:45:17,592][__main__][INFO] - [2, 13], [27]
[2025-01-29 23:45:17,659][__main__][INFO] - [2, 13, 28], []
[2025-01-29 23:45:17,727][__main__][INFO] - [2, 13, 29], []
[2025-01-29 23:45:17,805][__main__][INFO] - [2, 13, 31], []
[2025-01-29 23:45:17,861][__main__][INFO] - [2, 13], [31]
[2025-01-29 23:45:17,918][__main__][INFO] - [2, 13, 32], []
[2025-01-29 23:45:17,968][__main__][INFO] - [2, 13, 33], []
[2025-01-29 23:45:18,028][__main__][INFO] - [2, 13, 34], []
[2025-01-29 23:45:18,076][__main__][INFO] - [2, 13, 35], []
[2025-01-29 23:45:18,132][__main__][INFO] - [2, 13, 36], []
[2025-01-29 23:45:18,210][__main__][INFO] - [2, 13, 38], []
[2025-01-29 23:45:18,348][__main__][INFO] - [2, 14, 16], []
[2025-01-29 23:45:18,401][__main__][INFO] - [2, 14, 17], []
[2025-01-29 23:45:18,449][__main__][INFO] - [2, 14, 18], []
[2025-01-29 23:45:18,556][__main__][INFO] - [2, 14, 21], []
[2025-01-29 23:45:18,606][__main__][INFO] - [2, 14, 22], []
[2025-01-29 23:45:18,655][__main__][INFO] - [2, 14, 23], []
[2025-01-29 23:45:18,764][__main__][INFO] - [2, 14], [25]
[2025-01-29 23:45:18,847][__main__][INFO] - [2, 14], [26]
[2025-01-29 23:45:18,929][__main__][INFO] - [2, 14], [27]
[2025-01-29 23:45:18,982][__main__][INFO] - [2, 14, 28], []
[2025-01-29 23:45:19,034][__main__][INFO] - [2, 14, 29], []
[2025-01-29 23:45:19,112][__main__][INFO] - [2, 14, 31], []
[2025-01-29 23:45:19,162][__main__][INFO] - [2, 14], [31]
[2025-01-29 23:45:19,213][__main__][INFO] - [2, 14, 32], []
[2025-01-29 23:45:19,261][__main__][INFO] - [2, 14, 33], []
[2025-01-29 23:45:19,311][__main__][INFO] - [2, 14, 34], []
[2025-01-29 23:45:19,359][__main__][INFO] - [2, 14, 35], []
[2025-01-29 23:45:19,408][__main__][INFO] - [2, 14, 36], []
[2025-01-29 23:45:19,604][__main__][INFO] - [2, 15, 16], []
[2025-01-29 23:45:19,772][__main__][INFO] - [2, 15, 21], []
[2025-01-29 23:45:19,820][__main__][INFO] - [2, 15, 22], []
[2025-01-29 23:45:19,868][__main__][INFO] - [2, 15, 23], []
[2025-01-29 23:45:19,976][__main__][INFO] - [2, 15], [25]
[2025-01-29 23:45:20,054][__main__][INFO] - [2, 15], [26]
[2025-01-29 23:45:20,133][__main__][INFO] - [2, 15], [27]
[2025-01-29 23:45:20,181][__main__][INFO] - [2, 15, 28], []
[2025-01-29 23:45:20,290][__main__][INFO] - [2, 15, 31], []
[2025-01-29 23:45:20,338][__main__][INFO] - [2, 15], [31]
[2025-01-29 23:45:20,386][__main__][INFO] - [2, 15, 32], []
[2025-01-29 23:45:20,435][__main__][INFO] - [2, 15, 33], []
[2025-01-29 23:45:20,513][__main__][INFO] - [2, 15, 35], []
[2025-01-29 23:45:20,621][__main__][INFO] - [2, 15, 38], []
[2025-01-29 23:45:20,757][__main__][INFO] - [2, 16, 21], []
[2025-01-29 23:45:21,106][__main__][INFO] - [2, 16, 22], []
[2025-01-29 23:45:21,251][__main__][INFO] - [2, 16, 23], []
[2025-01-29 23:45:21,373][__main__][INFO] - [2, 16, 24], []
[2025-01-29 23:45:21,424][__main__][INFO] - [2, 16, 25], []
[2025-01-29 23:45:21,541][__main__][INFO] - [2, 16], [25]
[2025-01-29 23:45:22,014][__main__][INFO] - [2, 16, 26], []
[2025-01-29 23:45:22,065][__main__][INFO] - [2, 16], [26]
[2025-01-29 23:45:22,626][__main__][INFO] - [2, 16, 27], []
[2025-01-29 23:45:22,679][__main__][INFO] - [2, 16], [27]
[2025-01-29 23:45:23,231][__main__][INFO] - [2, 16, 28], []
[2025-01-29 23:45:23,769][__main__][INFO] - [2, 16, 29], []
[2025-01-29 23:45:23,861][__main__][INFO] - [2, 16, 31], []
[2025-01-29 23:45:24,139][__main__][INFO] - [2, 16], [31]
[2025-01-29 23:45:24,427][__main__][INFO] - [2, 16, 32], []
[2025-01-29 23:45:24,535][__main__][INFO] - [2, 16, 33], []
[2025-01-29 23:45:24,845][__main__][INFO] - [2, 16, 34], []
[2025-01-29 23:45:24,914][__main__][INFO] - [2, 16, 35], []
[2025-01-29 23:45:25,020][__main__][INFO] - [2, 16, 36], []
[2025-01-29 23:45:25,086][__main__][INFO] - [2, 16, 37], []
[2025-01-29 23:45:25,136][__main__][INFO] - [2, 16, 38], []
[2025-01-29 23:45:25,186][__main__][INFO] - [2, 16, 39], []
[2025-01-29 23:45:25,294][__main__][INFO] - [2, 17, 21], []
[2025-01-29 23:45:25,343][__main__][INFO] - [2, 17, 22], []
[2025-01-29 23:45:25,392][__main__][INFO] - [2, 17, 23], []
[2025-01-29 23:45:25,441][__main__][INFO] - [2, 17, 24], []
[2025-01-29 23:45:25,489][__main__][INFO] - [2, 17, 25], []
[2025-01-29 23:45:25,538][__main__][INFO] - [2, 17], [25]
[2025-01-29 23:45:25,589][__main__][INFO] - [2, 17, 26], []
[2025-01-29 23:45:25,637][__main__][INFO] - [2, 17], [26]
[2025-01-29 23:45:25,718][__main__][INFO] - [2, 17], [27]
[2025-01-29 23:45:25,769][__main__][INFO] - [2, 17, 28], []
[2025-01-29 23:45:25,820][__main__][INFO] - [2, 17, 29], []
[2025-01-29 23:45:25,898][__main__][INFO] - [2, 17, 31], []
[2025-01-29 23:45:25,946][__main__][INFO] - [2, 17], [31]
[2025-01-29 23:45:25,996][__main__][INFO] - [2, 17, 32], []
[2025-01-29 23:45:26,044][__main__][INFO] - [2, 17, 33], []
[2025-01-29 23:45:26,093][__main__][INFO] - [2, 17, 34], []
[2025-01-29 23:45:26,141][__main__][INFO] - [2, 17, 35], []
[2025-01-29 23:45:26,189][__main__][INFO] - [2, 17, 36], []
[2025-01-29 23:45:26,386][__main__][INFO] - [2, 18, 21], []
[2025-01-29 23:45:26,433][__main__][INFO] - [2, 18, 22], []
[2025-01-29 23:45:26,481][__main__][INFO] - [2, 18, 23], []
[2025-01-29 23:45:26,558][__main__][INFO] - [2, 18, 25], []
[2025-01-29 23:45:26,606][__main__][INFO] - [2, 18], [25]
[2025-01-29 23:45:26,683][__main__][INFO] - [2, 18], [26]
[2025-01-29 23:45:26,760][__main__][INFO] - [2, 18], [27]
[2025-01-29 23:45:26,807][__main__][INFO] - [2, 18, 28], []
[2025-01-29 23:45:26,914][__main__][INFO] - [2, 18, 31], []
[2025-01-29 23:45:26,961][__main__][INFO] - [2, 18], [31]
[2025-01-29 23:45:27,008][__main__][INFO] - [2, 18, 32], []
[2025-01-29 23:45:27,055][__main__][INFO] - [2, 18, 33], []
[2025-01-29 23:45:27,102][__main__][INFO] - [2, 18, 34], []
[2025-01-29 23:45:27,149][__main__][INFO] - [2, 18, 35], []
[2025-01-29 23:45:27,197][__main__][INFO] - [2, 18, 36], []
[2025-01-29 23:45:27,392][__main__][INFO] - [2, 19, 21], []
[2025-01-29 23:45:27,441][__main__][INFO] - [2, 19, 22], []
[2025-01-29 23:45:27,489][__main__][INFO] - [2, 19, 23], []
[2025-01-29 23:45:27,568][__main__][INFO] - [2, 19, 25], []
[2025-01-29 23:45:27,616][__main__][INFO] - [2, 19], [25]
[2025-01-29 23:45:27,695][__main__][INFO] - [2, 19], [26]
[2025-01-29 23:45:27,780][__main__][INFO] - [2, 19], [27]
[2025-01-29 23:45:27,830][__main__][INFO] - [2, 19, 28], []
[2025-01-29 23:45:27,939][__main__][INFO] - [2, 19, 31], []
[2025-01-29 23:45:27,987][__main__][INFO] - [2, 19], [31]
[2025-01-29 23:45:28,036][__main__][INFO] - [2, 19, 32], []
[2025-01-29 23:45:28,084][__main__][INFO] - [2, 19, 33], []
[2025-01-29 23:45:28,133][__main__][INFO] - [2, 19, 34], []
[2025-01-29 23:45:28,181][__main__][INFO] - [2, 19, 35], []
[2025-01-29 23:45:28,229][__main__][INFO] - [2, 19, 36], []
[2025-01-29 23:45:28,453][__main__][INFO] - [2, 21, 25], []
[2025-01-29 23:45:28,554][__main__][INFO] - [2, 21], [25]
[2025-01-29 23:45:28,855][__main__][INFO] - [2, 21, 26], []
[2025-01-29 23:45:28,905][__main__][INFO] - [2, 21], [26]
[2025-01-29 23:45:29,254][__main__][INFO] - [2, 21, 27], []
[2025-01-29 23:45:29,304][__main__][INFO] - [2, 21], [27]
[2025-01-29 23:45:29,652][__main__][INFO] - [2, 21, 28], []
[2025-01-29 23:45:29,989][__main__][INFO] - [2, 21, 29], []
[2025-01-29 23:45:30,074][__main__][INFO] - [2, 21, 31], []
[2025-01-29 23:45:30,255][__main__][INFO] - [2, 21], [31]
[2025-01-29 23:45:30,445][__main__][INFO] - [2, 21, 32], []
[2025-01-29 23:45:30,538][__main__][INFO] - [2, 21, 33], []
[2025-01-29 23:45:30,723][__main__][INFO] - [2, 21, 34], []
[2025-01-29 23:45:30,774][__main__][INFO] - [2, 21, 35], []
[2025-01-29 23:45:30,866][__main__][INFO] - [2, 21, 36], []
[2025-01-29 23:45:30,926][__main__][INFO] - [2, 21, 37], []
[2025-01-29 23:45:30,975][__main__][INFO] - [2, 21, 38], []
[2025-01-29 23:45:31,023][__main__][INFO] - [2, 21, 39], []
[2025-01-29 23:45:31,129][__main__][INFO] - [2, 22, 25], []
[2025-01-29 23:45:31,180][__main__][INFO] - [2, 22], [25]
[2025-01-29 23:45:31,325][__main__][INFO] - [2, 22, 26], []
[2025-01-29 23:45:31,373][__main__][INFO] - [2, 22], [26]
[2025-01-29 23:45:31,522][__main__][INFO] - [2, 22, 27], []
[2025-01-29 23:45:31,571][__main__][INFO] - [2, 22], [27]
[2025-01-29 23:45:31,718][__main__][INFO] - [2, 22, 28], []
[2025-01-29 23:45:31,863][__main__][INFO] - [2, 22, 29], []
[2025-01-29 23:45:31,944][__main__][INFO] - [2, 22, 31], []
[2025-01-29 23:45:32,036][__main__][INFO] - [2, 22], [31]
[2025-01-29 23:45:32,136][__main__][INFO] - [2, 22, 32], []
[2025-01-29 23:45:32,206][__main__][INFO] - [2, 22, 33], []
[2025-01-29 23:45:32,323][__main__][INFO] - [2, 22, 34], []
[2025-01-29 23:45:32,383][__main__][INFO] - [2, 22, 35], []
[2025-01-29 23:45:32,434][__main__][INFO] - [2, 22, 36], []
[2025-01-29 23:45:32,484][__main__][INFO] - [2, 22, 37], []
[2025-01-29 23:45:32,532][__main__][INFO] - [2, 22, 38], []
[2025-01-29 23:45:32,580][__main__][INFO] - [2, 22, 39], []
[2025-01-29 23:45:32,687][__main__][INFO] - [2, 23, 25], []
[2025-01-29 23:45:32,744][__main__][INFO] - [2, 23], [25]
[2025-01-29 23:45:32,858][__main__][INFO] - [2, 23, 26], []
[2025-01-29 23:45:32,907][__main__][INFO] - [2, 23], [26]
[2025-01-29 23:45:33,030][__main__][INFO] - [2, 23, 27], []
[2025-01-29 23:45:33,078][__main__][INFO] - [2, 23], [27]
[2025-01-29 23:45:33,201][__main__][INFO] - [2, 23, 28], []
[2025-01-29 23:45:33,321][__main__][INFO] - [2, 23, 29], []
[2025-01-29 23:45:33,401][__main__][INFO] - [2, 23, 31], []
[2025-01-29 23:45:33,482][__main__][INFO] - [2, 23], [31]
[2025-01-29 23:45:33,565][__main__][INFO] - [2, 23, 32], []
[2025-01-29 23:45:33,620][__main__][INFO] - [2, 23, 33], []
[2025-01-29 23:45:33,708][__main__][INFO] - [2, 23, 34], []
[2025-01-29 23:45:33,758][__main__][INFO] - [2, 23, 35], []
[2025-01-29 23:45:33,813][__main__][INFO] - [2, 23, 36], []
[2025-01-29 23:45:33,863][__main__][INFO] - [2, 23, 37], []
[2025-01-29 23:45:33,911][__main__][INFO] - [2, 23, 38], []
[2025-01-29 23:45:33,958][__main__][INFO] - [2, 23, 39], []
[2025-01-29 23:45:34,064][__main__][INFO] - [2, 24, 25], []
[2025-01-29 23:45:34,112][__main__][INFO] - [2, 24], [25]
[2025-01-29 23:45:34,192][__main__][INFO] - [2, 24], [26]
[2025-01-29 23:45:34,272][__main__][INFO] - [2, 24], [27]
[2025-01-29 23:45:34,324][__main__][INFO] - [2, 24, 28], []
[2025-01-29 23:45:34,375][__main__][INFO] - [2, 24, 29], []
[2025-01-29 23:45:34,453][__main__][INFO] - [2, 24, 31], []
[2025-01-29 23:45:34,503][__main__][INFO] - [2, 24], [31]
[2025-01-29 23:45:34,553][__main__][INFO] - [2, 24, 32], []
[2025-01-29 23:45:34,601][__main__][INFO] - [2, 24, 33], []
[2025-01-29 23:45:34,651][__main__][INFO] - [2, 24, 34], []
[2025-01-29 23:45:34,700][__main__][INFO] - [2, 24, 35], []
[2025-01-29 23:45:34,748][__main__][INFO] - [2, 24, 36], []
[2025-01-29 23:45:34,945][__main__][INFO] - [2, 25, 26], []
[2025-01-29 23:45:34,993][__main__][INFO] - [2, 25], [26]
[2025-01-29 23:45:35,110][__main__][INFO] - [2, 25, 27], []
[2025-01-29 23:45:35,158][__main__][INFO] - [2, 25], [27]
[2025-01-29 23:45:35,274][__main__][INFO] - [2, 25, 28], []
[2025-01-29 23:45:35,393][__main__][INFO] - [2, 25, 29], []
[2025-01-29 23:45:35,471][__main__][INFO] - [2, 25, 31], []
[2025-01-29 23:45:35,551][__main__][INFO] - [2, 25], [31]
[2025-01-29 23:45:35,631][__main__][INFO] - [2, 25, 32], []
[2025-01-29 23:45:35,688][__main__][INFO] - [2, 25, 33], []
[2025-01-29 23:45:35,757][__main__][INFO] - [2, 25, 34], []
[2025-01-29 23:45:35,807][__main__][INFO] - [2, 25, 35], []
[2025-01-29 23:45:35,877][__main__][INFO] - [2, 25, 36], []
[2025-01-29 23:45:35,926][__main__][INFO] - [2, 25, 37], []
[2025-01-29 23:45:35,975][__main__][INFO] - [2, 25, 38], []
[2025-01-29 23:45:36,112][__main__][INFO] - [2, 26], [25]
[2025-01-29 23:45:36,162][__main__][INFO] - [2], [25, 26]
[2025-01-29 23:45:36,654][__main__][INFO] - [2, 27], [25]
[2025-01-29 23:45:36,705][__main__][INFO] - [2], [25, 27]
[2025-01-29 23:45:37,200][__main__][INFO] - [2, 28], [25]
[2025-01-29 23:45:37,680][__main__][INFO] - [2, 29], [25]
[2025-01-29 23:45:37,773][__main__][INFO] - [2, 31], [25]
[2025-01-29 23:45:38,018][__main__][INFO] - [2], [25, 31]
[2025-01-29 23:45:38,279][__main__][INFO] - [2, 32], [25]
[2025-01-29 23:45:38,378][__main__][INFO] - [2, 33], [25]
[2025-01-29 23:45:38,674][__main__][INFO] - [2, 34], [25]
[2025-01-29 23:45:38,742][__main__][INFO] - [2, 35], [25]
[2025-01-29 23:45:38,824][__main__][INFO] - [2, 36], [25]
[2025-01-29 23:45:38,890][__main__][INFO] - [2, 37], [25]
[2025-01-29 23:45:38,940][__main__][INFO] - [2, 38], [25]
[2025-01-29 23:45:38,989][__main__][INFO] - [2, 39], [25]
[2025-01-29 23:45:39,097][__main__][INFO] - [2, 26, 27], []
[2025-01-29 23:45:39,145][__main__][INFO] - [2, 26], [27]
[2025-01-29 23:45:39,195][__main__][INFO] - [2, 26, 28], []
[2025-01-29 23:45:39,244][__main__][INFO] - [2, 26, 29], []
[2025-01-29 23:45:39,322][__main__][INFO] - [2, 26, 31], []
[2025-01-29 23:45:39,371][__main__][INFO] - [2, 26], [31]
[2025-01-29 23:45:39,420][__main__][INFO] - [2, 26, 32], []
[2025-01-29 23:45:39,469][__main__][INFO] - [2, 26, 33], []
[2025-01-29 23:45:39,518][__main__][INFO] - [2, 26, 34], []
[2025-01-29 23:45:39,566][__main__][INFO] - [2, 26, 35], []
[2025-01-29 23:45:39,614][__main__][INFO] - [2, 26, 36], []
[2025-01-29 23:45:39,811][__main__][INFO] - [2, 27], [26]
[2025-01-29 23:45:39,862][__main__][INFO] - [2], [26, 27]
[2025-01-29 23:45:40,435][__main__][INFO] - [2, 28], [26]
[2025-01-29 23:45:40,998][__main__][INFO] - [2, 29], [26]
[2025-01-29 23:45:41,090][__main__][INFO] - [2, 31], [26]
[2025-01-29 23:45:41,373][__main__][INFO] - [2], [26, 31]
[2025-01-29 23:45:41,666][__main__][INFO] - [2, 32], [26]
[2025-01-29 23:45:41,775][__main__][INFO] - [2, 33], [26]
[2025-01-29 23:45:42,091][__main__][INFO] - [2, 34], [26]
[2025-01-29 23:45:42,160][__main__][INFO] - [2, 35], [26]
[2025-01-29 23:45:42,266][__main__][INFO] - [2, 36], [26]
[2025-01-29 23:45:42,331][__main__][INFO] - [2, 37], [26]
[2025-01-29 23:45:42,381][__main__][INFO] - [2, 38], [26]
[2025-01-29 23:45:42,430][__main__][INFO] - [2, 39], [26]
[2025-01-29 23:45:42,536][__main__][INFO] - [2, 27, 28], []
[2025-01-29 23:45:42,586][__main__][INFO] - [2, 27, 29], []
[2025-01-29 23:45:42,664][__main__][INFO] - [2, 27, 31], []
[2025-01-29 23:45:42,714][__main__][INFO] - [2, 27], [31]
[2025-01-29 23:45:42,763][__main__][INFO] - [2, 27, 32], []
[2025-01-29 23:45:42,811][__main__][INFO] - [2, 27, 33], []
[2025-01-29 23:45:42,860][__main__][INFO] - [2, 27, 34], []
[2025-01-29 23:45:42,908][__main__][INFO] - [2, 27, 35], []
[2025-01-29 23:45:42,957][__main__][INFO] - [2, 27, 36], []
[2025-01-29 23:45:43,151][__main__][INFO] - [2, 28], [27]
[2025-01-29 23:45:43,709][__main__][INFO] - [2, 29], [27]
[2025-01-29 23:45:43,799][__main__][INFO] - [2, 31], [27]
[2025-01-29 23:45:44,072][__main__][INFO] - [2], [27, 31]
[2025-01-29 23:45:44,370][__main__][INFO] - [2, 32], [27]
[2025-01-29 23:45:44,480][__main__][INFO] - [2, 33], [27]
[2025-01-29 23:45:44,804][__main__][INFO] - [2, 34], [27]
[2025-01-29 23:45:44,873][__main__][INFO] - [2, 35], [27]
[2025-01-29 23:45:44,979][__main__][INFO] - [2, 36], [27]
[2025-01-29 23:45:45,046][__main__][INFO] - [2, 37], [27]
[2025-01-29 23:45:45,096][__main__][INFO] - [2, 38], [27]
[2025-01-29 23:45:45,145][__main__][INFO] - [2, 39], [27]
[2025-01-29 23:45:45,253][__main__][INFO] - [2, 28, 31], []
[2025-01-29 23:45:45,529][__main__][INFO] - [2, 28], [31]
[2025-01-29 23:45:45,822][__main__][INFO] - [2, 28, 32], []
[2025-01-29 23:45:45,929][__main__][INFO] - [2, 28, 33], []
[2025-01-29 23:45:46,240][__main__][INFO] - [2, 28, 34], []
[2025-01-29 23:45:46,309][__main__][INFO] - [2, 28, 35], []
[2025-01-29 23:45:46,416][__main__][INFO] - [2, 28, 36], []
[2025-01-29 23:45:46,481][__main__][INFO] - [2, 28, 37], []
[2025-01-29 23:45:46,531][__main__][INFO] - [2, 28, 38], []
[2025-01-29 23:45:46,580][__main__][INFO] - [2, 28, 39], []
[2025-01-29 23:45:46,687][__main__][INFO] - [2, 29, 31], []
[2025-01-29 23:45:46,740][__main__][INFO] - [2, 29], [31]
[2025-01-29 23:45:46,796][__main__][INFO] - [2, 29, 32], []
[2025-01-29 23:45:46,845][__main__][INFO] - [2, 29, 33], []
[2025-01-29 23:45:46,900][__main__][INFO] - [2, 29, 34], []
[2025-01-29 23:45:46,949][__main__][INFO] - [2, 29, 35], []
[2025-01-29 23:45:46,998][__main__][INFO] - [2, 29, 36], []
[2025-01-29 23:45:47,047][__main__][INFO] - [2, 29, 37], []
[2025-01-29 23:45:47,124][__main__][INFO] - [2, 29, 39], []
[2025-01-29 23:45:47,262][__main__][INFO] - [2, 31, 32], []
[2025-01-29 23:45:47,353][__main__][INFO] - [2, 31, 33], []
[2025-01-29 23:45:47,521][__main__][INFO] - [2, 31, 34], []
[2025-01-29 23:45:47,578][__main__][INFO] - [2, 31, 35], []
[2025-01-29 23:45:47,651][__main__][INFO] - [2, 31, 36], []
[2025-01-29 23:45:47,707][__main__][INFO] - [2, 31, 37], []
[2025-01-29 23:45:47,755][__main__][INFO] - [2, 31, 38], []
[2025-01-29 23:45:47,804][__main__][INFO] - [2, 31, 39], []
[2025-01-29 23:45:47,911][__main__][INFO] - [2, 32], [31]
[2025-01-29 23:45:47,988][__main__][INFO] - [2, 33], [31]
[2025-01-29 23:45:48,162][__main__][INFO] - [2, 34], [31]
[2025-01-29 23:45:48,220][__main__][INFO] - [2, 35], [31]
[2025-01-29 23:45:48,294][__main__][INFO] - [2, 36], [31]
[2025-01-29 23:45:48,352][__main__][INFO] - [2, 37], [31]
[2025-01-29 23:45:48,401][__main__][INFO] - [2, 38], [31]
[2025-01-29 23:45:48,449][__main__][INFO] - [2, 39], [31]
[2025-01-29 23:45:48,584][__main__][INFO] - [3, 10, 11], []
[2025-01-29 23:45:48,651][__main__][INFO] - [3, 10, 12], []
[2025-01-29 23:45:48,701][__main__][INFO] - [3, 10, 13], []
[2025-01-29 23:45:48,750][__main__][INFO] - [3, 10, 14], []
[2025-01-29 23:45:48,828][__main__][INFO] - [3, 10, 16], []
[2025-01-29 23:45:48,899][__main__][INFO] - [3, 10, 17], []
[2025-01-29 23:45:48,984][__main__][INFO] - [3, 10, 19], []
[2025-01-29 23:45:49,062][__main__][INFO] - [3, 10, 21], []
[2025-01-29 23:45:49,122][__main__][INFO] - [3, 10, 22], []
[2025-01-29 23:45:49,175][__main__][INFO] - [3, 10, 23], []
[2025-01-29 23:45:49,226][__main__][INFO] - [3, 10, 24], []
[2025-01-29 23:45:49,274][__main__][INFO] - [3, 10, 25], []
[2025-01-29 23:45:49,326][__main__][INFO] - [3, 10], [25]
[2025-01-29 23:45:49,394][__main__][INFO] - [3, 10, 26], []
[2025-01-29 23:45:49,445][__main__][INFO] - [3, 10], [26]
[2025-01-29 23:45:49,513][__main__][INFO] - [3, 10, 27], []
[2025-01-29 23:45:49,565][__main__][INFO] - [3, 10], [27]
[2025-01-29 23:45:49,633][__main__][INFO] - [3, 10, 28], []
[2025-01-29 23:45:49,690][__main__][INFO] - [3, 10, 29], []
[2025-01-29 23:45:49,781][__main__][INFO] - [3, 10, 31], []
[2025-01-29 23:45:49,838][__main__][INFO] - [3, 10], [31]
[2025-01-29 23:45:49,898][__main__][INFO] - [3, 10, 32], []
[2025-01-29 23:45:49,948][__main__][INFO] - [3, 10, 33], []
[2025-01-29 23:45:50,008][__main__][INFO] - [3, 10, 34], []
[2025-01-29 23:45:50,057][__main__][INFO] - [3, 10, 35], []
[2025-01-29 23:45:50,107][__main__][INFO] - [3, 10, 36], []
[2025-01-29 23:45:50,163][__main__][INFO] - [3, 10, 37], []
[2025-01-29 23:45:50,241][__main__][INFO] - [3, 10, 39], []
[2025-01-29 23:45:50,348][__main__][INFO] - [3, 11], [10]
[2025-01-29 23:45:50,705][__main__][INFO] - [3, 12], [10]
[2025-01-29 23:45:50,834][__main__][INFO] - [3, 13], [10]
[2025-01-29 23:45:50,923][__main__][INFO] - [3, 14], [10]
[2025-01-29 23:45:50,975][__main__][INFO] - [3, 15], [10]
[2025-01-29 23:45:51,023][__main__][INFO] - [3, 16], [10]
[2025-01-29 23:45:51,516][__main__][INFO] - [3, 17], [10]
[2025-01-29 23:45:51,571][__main__][INFO] - [3, 18], [10]
[2025-01-29 23:45:51,618][__main__][INFO] - [3, 19], [10]
[2025-01-29 23:45:51,696][__main__][INFO] - [3, 21], [10]
[2025-01-29 23:45:52,008][__main__][INFO] - [3, 22], [10]
[2025-01-29 23:45:52,143][__main__][INFO] - [3, 23], [10]
[2025-01-29 23:45:52,249][__main__][INFO] - [3, 24], [10]
[2025-01-29 23:45:52,300][__main__][INFO] - [3, 25], [10]
[2025-01-29 23:45:52,469][__main__][INFO] - [3], [10, 25]
[2025-01-29 23:45:52,864][__main__][INFO] - [3], [10, 26]
[2025-01-29 23:45:53,400][__main__][INFO] - [3], [10, 27]
[2025-01-29 23:45:53,891][__main__][INFO] - [3, 28], [10]
[2025-01-29 23:45:54,440][__main__][INFO] - [3, 31], [10]
[2025-01-29 23:45:54,693][__main__][INFO] - [3], [10, 31]
[2025-01-29 23:45:54,954][__main__][INFO] - [3, 32], [10]
[2025-01-29 23:45:55,047][__main__][INFO] - [3, 33], [10]
[2025-01-29 23:45:55,333][__main__][INFO] - [3, 34], [10]
[2025-01-29 23:45:55,395][__main__][INFO] - [3, 35], [10]
[2025-01-29 23:45:55,506][__main__][INFO] - [3, 36], [10]
[2025-01-29 23:45:55,567][__main__][INFO] - [3, 37], [10]
[2025-01-29 23:45:55,616][__main__][INFO] - [3, 38], [10]
[2025-01-29 23:45:55,665][__main__][INFO] - [3, 39], [10]
[2025-01-29 23:45:55,772][__main__][INFO] - [3, 11, 16], []
[2025-01-29 23:45:56,133][__main__][INFO] - [3, 11, 17], []
[2025-01-29 23:45:56,188][__main__][INFO] - [3, 11, 18], []
[2025-01-29 23:45:56,236][__main__][INFO] - [3, 11, 19], []
[2025-01-29 23:45:56,315][__main__][INFO] - [3, 11, 21], []
[2025-01-29 23:45:56,526][__main__][INFO] - [3, 11, 22], []
[2025-01-29 23:45:56,658][__main__][INFO] - [3, 11, 23], []
[2025-01-29 23:45:56,752][__main__][INFO] - [3, 11, 24], []
[2025-01-29 23:45:56,834][__main__][INFO] - [3, 11], [25]
[2025-01-29 23:45:57,221][__main__][INFO] - [3, 11, 26], []
[2025-01-29 23:45:57,272][__main__][INFO] - [3, 11], [26]
[2025-01-29 23:45:57,647][__main__][INFO] - [3, 11, 27], []
[2025-01-29 23:45:57,698][__main__][INFO] - [3, 11], [27]
[2025-01-29 23:45:58,081][__main__][INFO] - [3, 11, 28], []
[2025-01-29 23:45:58,447][__main__][INFO] - [3, 11, 29], []
[2025-01-29 23:45:58,535][__main__][INFO] - [3, 11, 31], []
[2025-01-29 23:45:58,740][__main__][INFO] - [3, 11], [31]
[2025-01-29 23:45:58,946][__main__][INFO] - [3, 11, 32], []
[2025-01-29 23:45:59,021][__main__][INFO] - [3, 11, 33], []
[2025-01-29 23:45:59,273][__main__][INFO] - [3, 11, 34], []
[2025-01-29 23:45:59,335][__main__][INFO] - [3, 11, 35], []
[2025-01-29 23:45:59,406][__main__][INFO] - [3, 11, 36], []
[2025-01-29 23:45:59,467][__main__][INFO] - [3, 11, 37], []
[2025-01-29 23:45:59,517][__main__][INFO] - [3, 11, 38], []
[2025-01-29 23:45:59,566][__main__][INFO] - [3, 11, 39], []
[2025-01-29 23:45:59,673][__main__][INFO] - [3, 12, 16], []
[2025-01-29 23:45:59,797][__main__][INFO] - [3, 12, 17], []
[2025-01-29 23:45:59,935][__main__][INFO] - [3, 12, 21], []
[2025-01-29 23:46:00,048][__main__][INFO] - [3, 12, 22], []
[2025-01-29 23:46:00,098][__main__][INFO] - [3, 12, 23], []
[2025-01-29 23:46:00,154][__main__][INFO] - [3, 12, 24], []
[2025-01-29 23:46:00,202][__main__][INFO] - [3, 12, 25], []
[2025-01-29 23:46:00,357][__main__][INFO] - [3, 12, 26], []
[2025-01-29 23:46:00,406][__main__][INFO] - [3, 12], [26]
[2025-01-29 23:46:00,529][__main__][INFO] - [3, 12, 27], []
[2025-01-29 23:46:00,578][__main__][INFO] - [3, 12], [27]
[2025-01-29 23:46:00,702][__main__][INFO] - [3, 12, 28], []
[2025-01-29 23:46:00,827][__main__][INFO] - [3, 12, 29], []
[2025-01-29 23:46:00,906][__main__][INFO] - [3, 12, 31], []
[2025-01-29 23:46:00,988][__main__][INFO] - [3, 12], [31]
[2025-01-29 23:46:01,072][__main__][INFO] - [3, 12, 32], []
[2025-01-29 23:46:01,134][__main__][INFO] - [3, 12, 33], []
[2025-01-29 23:46:01,210][__main__][INFO] - [3, 12, 34], []
[2025-01-29 23:46:01,259][__main__][INFO] - [3, 12, 35], []
[2025-01-29 23:46:01,326][__main__][INFO] - [3, 12, 36], []
[2025-01-29 23:46:01,375][__main__][INFO] - [3, 12, 37], []
[2025-01-29 23:46:01,423][__main__][INFO] - [3, 12, 38], []
[2025-01-29 23:46:01,471][__main__][INFO] - [3, 12, 39], []
[2025-01-29 23:46:01,578][__main__][INFO] - [3, 13, 16], []
[2025-01-29 23:46:01,668][__main__][INFO] - [3, 13, 17], []
[2025-01-29 23:46:01,717][__main__][INFO] - [3, 13, 18], []
[2025-01-29 23:46:01,764][__main__][INFO] - [3, 13, 19], []
[2025-01-29 23:46:01,842][__main__][INFO] - [3, 13, 21], []
[2025-01-29 23:46:01,923][__main__][INFO] - [3, 13, 22], []
[2025-01-29 23:46:01,973][__main__][INFO] - [3, 13, 23], []
[2025-01-29 23:46:02,026][__main__][INFO] - [3, 13, 24], []
[2025-01-29 23:46:02,074][__main__][INFO] - [3, 13, 25], []
[2025-01-29 23:46:02,195][__main__][INFO] - [3, 13, 26], []
[2025-01-29 23:46:02,245][__main__][INFO] - [3, 13], [26]
[2025-01-29 23:46:02,359][__main__][INFO] - [3, 13, 27], []
[2025-01-29 23:46:02,409][__main__][INFO] - [3, 13], [27]
[2025-01-29 23:46:02,500][__main__][INFO] - [3, 13, 28], []
[2025-01-29 23:46:02,590][__main__][INFO] - [3, 13, 29], []
[2025-01-29 23:46:02,669][__main__][INFO] - [3, 13, 31], []
[2025-01-29 23:46:02,738][__main__][INFO] - [3, 13], [31]
[2025-01-29 23:46:02,804][__main__][INFO] - [3, 13, 32], []
[2025-01-29 23:46:02,856][__main__][INFO] - [3, 13, 33], []
[2025-01-29 23:46:02,917][__main__][INFO] - [3, 13, 34], []
[2025-01-29 23:46:02,965][__main__][INFO] - [3, 13, 35], []
[2025-01-29 23:46:03,031][__main__][INFO] - [3, 13, 36], []
[2025-01-29 23:46:03,079][__main__][INFO] - [3, 13, 37], []
[2025-01-29 23:46:03,126][__main__][INFO] - [3, 13, 38], []
[2025-01-29 23:46:03,263][__main__][INFO] - [3, 14, 16], []
[2025-01-29 23:46:03,315][__main__][INFO] - [3, 14, 17], []
[2025-01-29 23:46:03,453][__main__][INFO] - [3, 14, 21], []
[2025-01-29 23:46:03,502][__main__][INFO] - [3, 14, 22], []
[2025-01-29 23:46:03,551][__main__][INFO] - [3, 14, 23], []
[2025-01-29 23:46:03,660][__main__][INFO] - [3, 14], [25]
[2025-01-29 23:46:03,741][__main__][INFO] - [3, 14], [26]
[2025-01-29 23:46:03,823][__main__][INFO] - [3, 14], [27]
[2025-01-29 23:46:03,874][__main__][INFO] - [3, 14, 28], []
[2025-01-29 23:46:03,926][__main__][INFO] - [3, 14, 29], []
[2025-01-29 23:46:04,005][__main__][INFO] - [3, 14, 31], []
[2025-01-29 23:46:04,054][__main__][INFO] - [3, 14], [31]
[2025-01-29 23:46:04,104][__main__][INFO] - [3, 14, 32], []
[2025-01-29 23:46:04,152][__main__][INFO] - [3, 14, 33], []
[2025-01-29 23:46:04,202][__main__][INFO] - [3, 14, 34], []
[2025-01-29 23:46:04,250][__main__][INFO] - [3, 14, 35], []
[2025-01-29 23:46:04,298][__main__][INFO] - [3, 14, 36], []
[2025-01-29 23:46:04,495][__main__][INFO] - [3, 15, 16], []
[2025-01-29 23:46:04,543][__main__][INFO] - [3, 15, 17], []
[2025-01-29 23:46:04,682][__main__][INFO] - [3, 15, 21], []
[2025-01-29 23:46:04,730][__main__][INFO] - [3, 15, 22], []
[2025-01-29 23:46:04,778][__main__][INFO] - [3, 15, 23], []
[2025-01-29 23:46:04,886][__main__][INFO] - [3, 15], [25]
[2025-01-29 23:46:04,965][__main__][INFO] - [3, 15], [26]
[2025-01-29 23:46:05,044][__main__][INFO] - [3, 15], [27]
[2025-01-29 23:46:05,092][__main__][INFO] - [3, 15, 28], []
[2025-01-29 23:46:05,200][__main__][INFO] - [3, 15, 31], []
[2025-01-29 23:46:05,248][__main__][INFO] - [3, 15], [31]
[2025-01-29 23:46:05,296][__main__][INFO] - [3, 15, 32], []
[2025-01-29 23:46:05,344][__main__][INFO] - [3, 15, 33], []
[2025-01-29 23:46:05,422][__main__][INFO] - [3, 15, 35], []
[2025-01-29 23:46:05,648][__main__][INFO] - [3, 16, 21], []
[2025-01-29 23:46:05,968][__main__][INFO] - [3, 16, 22], []
[2025-01-29 23:46:06,102][__main__][INFO] - [3, 16, 23], []
[2025-01-29 23:46:06,210][__main__][INFO] - [3, 16, 24], []
[2025-01-29 23:46:06,261][__main__][INFO] - [3, 16, 25], []
[2025-01-29 23:46:06,432][__main__][INFO] - [3, 16], [25]
[2025-01-29 23:46:06,807][__main__][INFO] - [3, 16, 26], []
[2025-01-29 23:46:06,857][__main__][INFO] - [3, 16], [26]
[2025-01-29 23:46:07,369][__main__][INFO] - [3, 16, 27], []
[2025-01-29 23:46:07,421][__main__][INFO] - [3, 16], [27]
[2025-01-29 23:46:07,928][__main__][INFO] - [3, 16, 28], []
[2025-01-29 23:46:08,427][__main__][INFO] - [3, 16, 29], []
[2025-01-29 23:46:08,516][__main__][INFO] - [3, 16, 31], []
[2025-01-29 23:46:08,777][__main__][INFO] - [3, 16], [31]
[2025-01-29 23:46:09,037][__main__][INFO] - [3, 16, 32], []
[2025-01-29 23:46:09,134][__main__][INFO] - [3, 16, 33], []
[2025-01-29 23:46:09,423][__main__][INFO] - [3, 16, 34], []
[2025-01-29 23:46:09,487][__main__][INFO] - [3, 16, 35], []
[2025-01-29 23:46:09,597][__main__][INFO] - [3, 16, 36], []
[2025-01-29 23:46:09,659][__main__][INFO] - [3, 16, 37], []
[2025-01-29 23:46:09,708][__main__][INFO] - [3, 16, 38], []
[2025-01-29 23:46:09,757][__main__][INFO] - [3, 16, 39], []
[2025-01-29 23:46:09,864][__main__][INFO] - [3, 17, 21], []
[2025-01-29 23:46:09,917][__main__][INFO] - [3, 17, 22], []
[2025-01-29 23:46:09,967][__main__][INFO] - [3, 17, 23], []
[2025-01-29 23:46:10,016][__main__][INFO] - [3, 17, 24], []
[2025-01-29 23:46:10,064][__main__][INFO] - [3, 17, 25], []
[2025-01-29 23:46:10,114][__main__][INFO] - [3, 17], [25]
[2025-01-29 23:46:10,169][__main__][INFO] - [3, 17, 26], []
[2025-01-29 23:46:10,218][__main__][INFO] - [3, 17], [26]
[2025-01-29 23:46:10,274][__main__][INFO] - [3, 17, 27], []
[2025-01-29 23:46:10,322][__main__][INFO] - [3, 17], [27]
[2025-01-29 23:46:10,378][__main__][INFO] - [3, 17, 28], []
[2025-01-29 23:46:10,434][__main__][INFO] - [3, 17, 29], []
[2025-01-29 23:46:10,513][__main__][INFO] - [3, 17, 31], []
[2025-01-29 23:46:10,562][__main__][INFO] - [3, 17], [31]
[2025-01-29 23:46:10,617][__main__][INFO] - [3, 17, 32], []
[2025-01-29 23:46:10,665][__main__][INFO] - [3, 17, 33], []
[2025-01-29 23:46:10,718][__main__][INFO] - [3, 17, 34], []
[2025-01-29 23:46:10,766][__main__][INFO] - [3, 17, 35], []
[2025-01-29 23:46:10,815][__main__][INFO] - [3, 17, 36], []
[2025-01-29 23:46:10,863][__main__][INFO] - [3, 17, 37], []
[2025-01-29 23:46:11,031][__main__][INFO] - [3, 18, 21], []
[2025-01-29 23:46:11,078][__main__][INFO] - [3, 18, 22], []
[2025-01-29 23:46:11,125][__main__][INFO] - [3, 18, 23], []
[2025-01-29 23:46:11,172][__main__][INFO] - [3, 18, 24], []
[2025-01-29 23:46:11,219][__main__][INFO] - [3, 18, 25], []
[2025-01-29 23:46:11,266][__main__][INFO] - [3, 18], [25]
[2025-01-29 23:46:11,343][__main__][INFO] - [3, 18], [26]
[2025-01-29 23:46:11,420][__main__][INFO] - [3, 18], [27]
[2025-01-29 23:46:11,466][__main__][INFO] - [3, 18, 28], []
[2025-01-29 23:46:11,573][__main__][INFO] - [3, 18, 31], []
[2025-01-29 23:46:11,620][__main__][INFO] - [3, 18], [31]
[2025-01-29 23:46:11,697][__main__][INFO] - [3, 18, 33], []
[2025-01-29 23:46:11,744][__main__][INFO] - [3, 18, 34], []
[2025-01-29 23:46:11,791][__main__][INFO] - [3, 18, 35], []
[2025-01-29 23:46:11,838][__main__][INFO] - [3, 18, 36], []
[2025-01-29 23:46:12,033][__main__][INFO] - [3, 19, 21], []
[2025-01-29 23:46:12,082][__main__][INFO] - [3, 19, 22], []
[2025-01-29 23:46:12,130][__main__][INFO] - [3, 19, 23], []
[2025-01-29 23:46:12,208][__main__][INFO] - [3, 19, 25], []
[2025-01-29 23:46:12,257][__main__][INFO] - [3, 19], [25]
[2025-01-29 23:46:12,335][__main__][INFO] - [3, 19], [26]
[2025-01-29 23:46:12,414][__main__][INFO] - [3, 19], [27]
[2025-01-29 23:46:12,463][__main__][INFO] - [3, 19, 28], []
[2025-01-29 23:46:12,572][__main__][INFO] - [3, 19, 31], []
[2025-01-29 23:46:12,620][__main__][INFO] - [3, 19], [31]
[2025-01-29 23:46:12,668][__main__][INFO] - [3, 19, 32], []
[2025-01-29 23:46:12,717][__main__][INFO] - [3, 19, 33], []
[2025-01-29 23:46:12,765][__main__][INFO] - [3, 19, 34], []
[2025-01-29 23:46:12,813][__main__][INFO] - [3, 19, 35], []
[2025-01-29 23:46:12,861][__main__][INFO] - [3, 19, 36], []
[2025-01-29 23:46:13,087][__main__][INFO] - [3, 21, 25], []
[2025-01-29 23:46:13,238][__main__][INFO] - [3, 21], [25]
[2025-01-29 23:46:13,453][__main__][INFO] - [3, 21, 26], []
[2025-01-29 23:46:13,503][__main__][INFO] - [3, 21], [26]
[2025-01-29 23:46:13,831][__main__][INFO] - [3, 21, 27], []
[2025-01-29 23:46:13,882][__main__][INFO] - [3, 21], [27]
[2025-01-29 23:46:14,216][__main__][INFO] - [3, 21, 28], []
[2025-01-29 23:46:14,532][__main__][INFO] - [3, 21, 29], []
[2025-01-29 23:46:14,616][__main__][INFO] - [3, 21, 31], []
[2025-01-29 23:46:14,789][__main__][INFO] - [3, 21], [31]
[2025-01-29 23:46:14,967][__main__][INFO] - [3, 21, 32], []
[2025-01-29 23:46:15,053][__main__][INFO] - [3, 21, 33], []
[2025-01-29 23:46:15,224][__main__][INFO] - [3, 21, 34], []
[2025-01-29 23:46:15,275][__main__][INFO] - [3, 21, 35], []
[2025-01-29 23:46:15,372][__main__][INFO] - [3, 21, 36], []
[2025-01-29 23:46:15,430][__main__][INFO] - [3, 21, 37], []
[2025-01-29 23:46:15,479][__main__][INFO] - [3, 21, 38], []
[2025-01-29 23:46:15,527][__main__][INFO] - [3, 21, 39], []
[2025-01-29 23:46:15,633][__main__][INFO] - [3, 22, 25], []
[2025-01-29 23:46:15,685][__main__][INFO] - [3, 22], [25]
[2025-01-29 23:46:15,819][__main__][INFO] - [3, 22, 26], []
[2025-01-29 23:46:15,868][__main__][INFO] - [3, 22], [26]
[2025-01-29 23:46:16,006][__main__][INFO] - [3, 22, 27], []
[2025-01-29 23:46:16,055][__main__][INFO] - [3, 22], [27]
[2025-01-29 23:46:16,193][__main__][INFO] - [3, 22, 28], []
[2025-01-29 23:46:16,329][__main__][INFO] - [3, 22, 29], []
[2025-01-29 23:46:16,410][__main__][INFO] - [3, 22, 31], []
[2025-01-29 23:46:16,502][__main__][INFO] - [3, 22], [31]
[2025-01-29 23:46:16,591][__main__][INFO] - [3, 22, 32], []
[2025-01-29 23:46:16,641][__main__][INFO] - [3, 22, 33], []
[2025-01-29 23:46:16,754][__main__][INFO] - [3, 22, 34], []
[2025-01-29 23:46:16,816][__main__][INFO] - [3, 22, 35], []
[2025-01-29 23:46:16,867][__main__][INFO] - [3, 22, 36], []
[2025-01-29 23:46:16,916][__main__][INFO] - [3, 22, 37], []
[2025-01-29 23:46:16,964][__main__][INFO] - [3, 22, 38], []
[2025-01-29 23:46:17,012][__main__][INFO] - [3, 22, 39], []
[2025-01-29 23:46:17,119][__main__][INFO] - [3, 23, 25], []
[2025-01-29 23:46:17,179][__main__][INFO] - [3, 23], [25]
[2025-01-29 23:46:17,278][__main__][INFO] - [3, 23, 26], []
[2025-01-29 23:46:17,328][__main__][INFO] - [3, 23], [26]
[2025-01-29 23:46:17,450][__main__][INFO] - [3, 23, 27], []
[2025-01-29 23:46:17,499][__main__][INFO] - [3, 23], [27]
[2025-01-29 23:46:17,609][__main__][INFO] - [3, 23, 28], []
[2025-01-29 23:46:17,716][__main__][INFO] - [3, 23, 29], []
[2025-01-29 23:46:17,795][__main__][INFO] - [3, 23, 31], []
[2025-01-29 23:46:17,869][__main__][INFO] - [3, 23], [31]
[2025-01-29 23:46:17,947][__main__][INFO] - [3, 23, 32], []
[2025-01-29 23:46:18,000][__main__][INFO] - [3, 23, 33], []
[2025-01-29 23:46:18,082][__main__][INFO] - [3, 23, 34], []
[2025-01-29 23:46:18,132][__main__][INFO] - [3, 23, 35], []
[2025-01-29 23:46:18,186][__main__][INFO] - [3, 23, 36], []
[2025-01-29 23:46:18,236][__main__][INFO] - [3, 23, 37], []
[2025-01-29 23:46:18,284][__main__][INFO] - [3, 23, 38], []
[2025-01-29 23:46:18,333][__main__][INFO] - [3, 23, 39], []
[2025-01-29 23:46:18,440][__main__][INFO] - [3, 24, 25], []
[2025-01-29 23:46:18,488][__main__][INFO] - [3, 24], [25]
[2025-01-29 23:46:18,569][__main__][INFO] - [3, 24], [26]
[2025-01-29 23:46:18,620][__main__][INFO] - [3, 24, 27], []
[2025-01-29 23:46:18,668][__main__][INFO] - [3, 24], [27]
[2025-01-29 23:46:18,720][__main__][INFO] - [3, 24, 28], []
[2025-01-29 23:46:18,772][__main__][INFO] - [3, 24, 29], []
[2025-01-29 23:46:18,850][__main__][INFO] - [3, 24, 31], []
[2025-01-29 23:46:18,899][__main__][INFO] - [3, 24], [31]
[2025-01-29 23:46:18,949][__main__][INFO] - [3, 24, 32], []
[2025-01-29 23:46:18,997][__main__][INFO] - [3, 24, 33], []
[2025-01-29 23:46:19,048][__main__][INFO] - [3, 24, 34], []
[2025-01-29 23:46:19,096][__main__][INFO] - [3, 24, 35], []
[2025-01-29 23:46:19,144][__main__][INFO] - [3, 24, 36], []
[2025-01-29 23:46:19,341][__main__][INFO] - [3, 25, 26], []
[2025-01-29 23:46:19,389][__main__][INFO] - [3, 25], [26]
[2025-01-29 23:46:19,562][__main__][INFO] - [3, 25, 27], []
[2025-01-29 23:46:19,611][__main__][INFO] - [3, 25], [27]
[2025-01-29 23:46:19,783][__main__][INFO] - [3, 25, 28], []
[2025-01-29 23:46:19,953][__main__][INFO] - [3, 25, 29], []
[2025-01-29 23:46:20,033][__main__][INFO] - [3, 25, 31], []
[2025-01-29 23:46:20,139][__main__][INFO] - [3, 25], [31]
[2025-01-29 23:46:20,244][__main__][INFO] - [3, 25, 32], []
[2025-01-29 23:46:20,311][__main__][INFO] - [3, 25, 33], []
[2025-01-29 23:46:20,402][__main__][INFO] - [3, 25, 34], []
[2025-01-29 23:46:20,451][__main__][INFO] - [3, 25, 35], []
[2025-01-29 23:46:20,536][__main__][INFO] - [3, 25, 36], []
[2025-01-29 23:46:20,585][__main__][INFO] - [3, 25, 37], []
[2025-01-29 23:46:20,633][__main__][INFO] - [3, 25, 38], []
[2025-01-29 23:46:20,681][__main__][INFO] - [3, 25, 39], []
[2025-01-29 23:46:20,788][__main__][INFO] - [3, 26], [25]
[2025-01-29 23:46:20,839][__main__][INFO] - [3], [25, 26]
[2025-01-29 23:46:21,229][__main__][INFO] - [3, 27], [25]
[2025-01-29 23:46:21,280][__main__][INFO] - [3], [25, 27]
[2025-01-29 23:46:21,661][__main__][INFO] - [3, 28], [25]
[2025-01-29 23:46:22,027][__main__][INFO] - [3, 29], [25]
[2025-01-29 23:46:22,116][__main__][INFO] - [3, 31], [25]
[2025-01-29 23:46:22,314][__main__][INFO] - [3], [25, 31]
[2025-01-29 23:46:22,521][__main__][INFO] - [3, 32], [25]
[2025-01-29 23:46:22,596][__main__][INFO] - [3, 33], [25]
[2025-01-29 23:46:22,849][__main__][INFO] - [3, 34], [25]
[2025-01-29 23:46:22,911][__main__][INFO] - [3, 35], [25]
[2025-01-29 23:46:22,983][__main__][INFO] - [3, 36], [25]
[2025-01-29 23:46:23,044][__main__][INFO] - [3, 37], [25]
[2025-01-29 23:46:23,093][__main__][INFO] - [3, 38], [25]
[2025-01-29 23:46:23,142][__main__][INFO] - [3, 39], [25]
[2025-01-29 23:46:23,249][__main__][INFO] - [3, 26, 27], []
[2025-01-29 23:46:23,298][__main__][INFO] - [3, 26], [27]
[2025-01-29 23:46:23,348][__main__][INFO] - [3, 26, 28], []
[2025-01-29 23:46:23,397][__main__][INFO] - [3, 26, 29], []
[2025-01-29 23:46:23,476][__main__][INFO] - [3, 26, 31], []
[2025-01-29 23:46:23,525][__main__][INFO] - [3, 26], [31]
[2025-01-29 23:46:23,574][__main__][INFO] - [3, 26, 32], []
[2025-01-29 23:46:23,622][__main__][INFO] - [3, 26, 33], []
[2025-01-29 23:46:23,672][__main__][INFO] - [3, 26, 34], []
[2025-01-29 23:46:23,720][__main__][INFO] - [3, 26, 35], []
[2025-01-29 23:46:23,769][__main__][INFO] - [3, 26, 36], []
[2025-01-29 23:46:23,966][__main__][INFO] - [3, 27], [26]
[2025-01-29 23:46:24,017][__main__][INFO] - [3], [26, 27]
[2025-01-29 23:46:24,544][__main__][INFO] - [3, 28], [26]
[2025-01-29 23:46:25,059][__main__][INFO] - [3, 29], [26]
[2025-01-29 23:46:25,148][__main__][INFO] - [3, 31], [26]
[2025-01-29 23:46:25,410][__main__][INFO] - [3], [26, 31]
[2025-01-29 23:46:25,682][__main__][INFO] - [3, 32], [26]
[2025-01-29 23:46:25,779][__main__][INFO] - [3, 33], [26]
[2025-01-29 23:46:26,081][__main__][INFO] - [3, 34], [26]
[2025-01-29 23:46:26,145][__main__][INFO] - [3, 35], [26]
[2025-01-29 23:46:26,257][__main__][INFO] - [3, 36], [26]
[2025-01-29 23:46:26,320][__main__][INFO] - [3, 37], [26]
[2025-01-29 23:46:26,370][__main__][INFO] - [3, 38], [26]
[2025-01-29 23:46:26,419][__main__][INFO] - [3, 39], [26]
[2025-01-29 23:46:26,526][__main__][INFO] - [3, 27, 28], []
[2025-01-29 23:46:26,576][__main__][INFO] - [3, 27, 29], []
[2025-01-29 23:46:26,655][__main__][INFO] - [3, 27, 31], []
[2025-01-29 23:46:26,705][__main__][INFO] - [3, 27], [31]
[2025-01-29 23:46:26,754][__main__][INFO] - [3, 27, 32], []
[2025-01-29 23:46:26,802][__main__][INFO] - [3, 27, 33], []
[2025-01-29 23:46:26,852][__main__][INFO] - [3, 27, 34], []
[2025-01-29 23:46:26,900][__main__][INFO] - [3, 27, 35], []
[2025-01-29 23:46:26,949][__main__][INFO] - [3, 27, 36], []
[2025-01-29 23:46:27,145][__main__][INFO] - [3, 28], [27]
[2025-01-29 23:46:27,653][__main__][INFO] - [3, 29], [27]
[2025-01-29 23:46:27,742][__main__][INFO] - [3, 31], [27]
[2025-01-29 23:46:27,999][__main__][INFO] - [3], [27, 31]
[2025-01-29 23:46:28,274][__main__][INFO] - [3, 32], [27]
[2025-01-29 23:46:28,370][__main__][INFO] - [3, 33], [27]
[2025-01-29 23:46:28,667][__main__][INFO] - [3, 34], [27]
[2025-01-29 23:46:28,742][__main__][INFO] - [3, 35], [27]
[2025-01-29 23:46:28,885][__main__][INFO] - [3, 36], [27]
[2025-01-29 23:46:28,963][__main__][INFO] - [3, 37], [27]
[2025-01-29 23:46:29,026][__main__][INFO] - [3, 38], [27]
[2025-01-29 23:46:29,085][__main__][INFO] - [3, 39], [27]
[2025-01-29 23:46:29,220][__main__][INFO] - [3, 28, 31], []
[2025-01-29 23:46:29,551][__main__][INFO] - [3, 28], [31]
[2025-01-29 23:46:29,820][__main__][INFO] - [3, 28, 32], []
[2025-01-29 23:46:29,915][__main__][INFO] - [3, 28, 33], []
[2025-01-29 23:46:30,212][__main__][INFO] - [3, 28, 34], []
[2025-01-29 23:46:30,275][__main__][INFO] - [3, 28, 35], []
[2025-01-29 23:46:30,385][__main__][INFO] - [3, 28, 36], []
[2025-01-29 23:46:30,447][__main__][INFO] - [3, 28, 37], []
[2025-01-29 23:46:30,496][__main__][INFO] - [3, 28, 38], []
[2025-01-29 23:46:30,545][__main__][INFO] - [3, 28, 39], []
[2025-01-29 23:46:30,653][__main__][INFO] - [3, 29, 31], []
[2025-01-29 23:46:30,705][__main__][INFO] - [3, 29], [31]
[2025-01-29 23:46:30,760][__main__][INFO] - [3, 29, 32], []
[2025-01-29 23:46:30,808][__main__][INFO] - [3, 29, 33], []
[2025-01-29 23:46:30,863][__main__][INFO] - [3, 29, 34], []
[2025-01-29 23:46:30,911][__main__][INFO] - [3, 29, 35], []
[2025-01-29 23:46:30,960][__main__][INFO] - [3, 29, 36], []
[2025-01-29 23:46:31,009][__main__][INFO] - [3, 29, 37], []
[2025-01-29 23:46:31,204][__main__][INFO] - [3, 31, 32], []
[2025-01-29 23:46:31,272][__main__][INFO] - [3, 31, 33], []
[2025-01-29 23:46:31,433][__main__][INFO] - [3, 31, 34], []
[2025-01-29 23:46:31,488][__main__][INFO] - [3, 31, 35], []
[2025-01-29 23:46:31,565][__main__][INFO] - [3, 31, 36], []
[2025-01-29 23:46:31,619][__main__][INFO] - [3, 31, 37], []
[2025-01-29 23:46:31,668][__main__][INFO] - [3, 31, 38], []
[2025-01-29 23:46:31,716][__main__][INFO] - [3, 31, 39], []
[2025-01-29 23:46:31,823][__main__][INFO] - [3, 32], [31]
[2025-01-29 23:46:31,893][__main__][INFO] - [3, 33], [31]
[2025-01-29 23:46:32,066][__main__][INFO] - [3, 34], [31]
[2025-01-29 23:46:32,121][__main__][INFO] - [3, 35], [31]
[2025-01-29 23:46:32,195][__main__][INFO] - [3, 36], [31]
[2025-01-29 23:46:32,250][__main__][INFO] - [3, 37], [31]
[2025-01-29 23:46:32,299][__main__][INFO] - [3, 38], [31]
[2025-01-29 23:46:32,348][__main__][INFO] - [3, 39], [31]
[2025-01-29 23:46:32,508][__main__][INFO] - [4, 10, 11], []
[2025-01-29 23:46:32,579][__main__][INFO] - [4, 10, 12], []
[2025-01-29 23:46:32,630][__main__][INFO] - [4, 10, 13], []
[2025-01-29 23:46:32,681][__main__][INFO] - [4, 10, 14], []
[2025-01-29 23:46:32,729][__main__][INFO] - [4, 10, 15], []
[2025-01-29 23:46:32,776][__main__][INFO] - [4, 10, 16], []
[2025-01-29 23:46:32,853][__main__][INFO] - [4, 10, 17], []
[2025-01-29 23:46:32,932][__main__][INFO] - [4, 10, 19], []
[2025-01-29 23:46:33,010][__main__][INFO] - [4, 10, 21], []
[2025-01-29 23:46:33,075][__main__][INFO] - [4, 10, 22], []
[2025-01-29 23:46:33,129][__main__][INFO] - [4, 10, 23], []
[2025-01-29 23:46:33,181][__main__][INFO] - [4, 10, 24], []
[2025-01-29 23:46:33,229][__main__][INFO] - [4, 10, 25], []
[2025-01-29 23:46:33,284][__main__][INFO] - [4, 10], [25]
[2025-01-29 23:46:33,355][__main__][INFO] - [4, 10, 26], []
[2025-01-29 23:46:33,408][__main__][INFO] - [4, 10], [26]
[2025-01-29 23:46:33,480][__main__][INFO] - [4, 10, 27], []
[2025-01-29 23:46:33,534][__main__][INFO] - [4, 10], [27]
[2025-01-29 23:46:33,605][__main__][INFO] - [4, 10, 28], []
[2025-01-29 23:46:33,668][__main__][INFO] - [4, 10, 29], []
[2025-01-29 23:46:33,759][__main__][INFO] - [4, 10, 31], []
[2025-01-29 23:46:33,820][__main__][INFO] - [4, 10], [31]
[2025-01-29 23:46:33,882][__main__][INFO] - [4, 10, 32], []
[2025-01-29 23:46:33,933][__main__][INFO] - [4, 10, 33], []
[2025-01-29 23:46:33,995][__main__][INFO] - [4, 10, 34], []
[2025-01-29 23:46:34,045][__main__][INFO] - [4, 10, 35], []
[2025-01-29 23:46:34,095][__main__][INFO] - [4, 10, 36], []
[2025-01-29 23:46:34,145][__main__][INFO] - [4, 10, 37], []
[2025-01-29 23:46:34,193][__main__][INFO] - [4, 10, 38], []
[2025-01-29 23:46:34,241][__main__][INFO] - [4, 10, 39], []
[2025-01-29 23:46:34,348][__main__][INFO] - [4, 11], [10]
[2025-01-29 23:46:34,646][__main__][INFO] - [4, 12], [10]
[2025-01-29 23:46:34,783][__main__][INFO] - [4, 13], [10]
[2025-01-29 23:46:34,916][__main__][INFO] - [4, 14], [10]
[2025-01-29 23:46:34,970][__main__][INFO] - [4, 15], [10]
[2025-01-29 23:46:35,018][__main__][INFO] - [4, 16], [10]
[2025-01-29 23:46:35,512][__main__][INFO] - [4, 17], [10]
[2025-01-29 23:46:35,569][__main__][INFO] - [4, 18], [10]
[2025-01-29 23:46:35,616][__main__][INFO] - [4, 19], [10]
[2025-01-29 23:46:35,694][__main__][INFO] - [4, 21], [10]
[2025-01-29 23:46:36,032][__main__][INFO] - [4, 22], [10]
[2025-01-29 23:46:36,158][__main__][INFO] - [4, 23], [10]
[2025-01-29 23:46:36,255][__main__][INFO] - [4, 24], [10]
[2025-01-29 23:46:36,307][__main__][INFO] - [4, 25], [10]
[2025-01-29 23:46:36,539][__main__][INFO] - [4], [10, 25]
[2025-01-29 23:46:36,869][__main__][INFO] - [4], [10, 26]
[2025-01-29 23:46:37,401][__main__][INFO] - [4], [10, 27]
[2025-01-29 23:46:37,893][__main__][INFO] - [4, 28], [10]
[2025-01-29 23:46:38,453][__main__][INFO] - [4, 31], [10]
[2025-01-29 23:46:38,713][__main__][INFO] - [4], [10, 31]
[2025-01-29 23:46:38,970][__main__][INFO] - [4, 32], [10]
[2025-01-29 23:46:39,063][__main__][INFO] - [4, 33], [10]
[2025-01-29 23:46:39,356][__main__][INFO] - [4, 34], [10]
[2025-01-29 23:46:39,415][__main__][INFO] - [4, 35], [10]
[2025-01-29 23:46:39,531][__main__][INFO] - [4, 36], [10]
[2025-01-29 23:46:39,592][__main__][INFO] - [4, 37], [10]
[2025-01-29 23:46:39,642][__main__][INFO] - [4, 38], [10]
[2025-01-29 23:46:39,690][__main__][INFO] - [4, 39], [10]
[2025-01-29 23:46:39,798][__main__][INFO] - [4, 11, 16], []
[2025-01-29 23:46:40,106][__main__][INFO] - [4, 11, 17], []
[2025-01-29 23:46:40,162][__main__][INFO] - [4, 11, 18], []
[2025-01-29 23:46:40,209][__main__][INFO] - [4, 11, 19], []
[2025-01-29 23:46:40,288][__main__][INFO] - [4, 11, 21], []
[2025-01-29 23:46:40,470][__main__][INFO] - [4, 11, 22], []
[2025-01-29 23:46:40,590][__main__][INFO] - [4, 11, 23], []
[2025-01-29 23:46:40,672][__main__][INFO] - [4, 11, 24], []
[2025-01-29 23:46:40,753][__main__][INFO] - [4, 11], [25]
[2025-01-29 23:46:41,072][__main__][INFO] - [4, 11, 26], []
[2025-01-29 23:46:41,124][__main__][INFO] - [4, 11], [26]
[2025-01-29 23:46:41,446][__main__][INFO] - [4, 11, 27], []
[2025-01-29 23:46:41,498][__main__][INFO] - [4, 11], [27]
[2025-01-29 23:46:41,810][__main__][INFO] - [4, 11, 28], []
[2025-01-29 23:46:42,110][__main__][INFO] - [4, 11, 29], []
[2025-01-29 23:46:42,198][__main__][INFO] - [4, 11, 31], []
[2025-01-29 23:46:42,368][__main__][INFO] - [4, 11], [31]
[2025-01-29 23:46:42,541][__main__][INFO] - [4, 11, 32], []
[2025-01-29 23:46:42,603][__main__][INFO] - [4, 11, 33], []
[2025-01-29 23:46:42,832][__main__][INFO] - [4, 11, 34], []
[2025-01-29 23:46:42,888][__main__][INFO] - [4, 11, 35], []
[2025-01-29 23:46:42,948][__main__][INFO] - [4, 11, 36], []
[2025-01-29 23:46:43,008][__main__][INFO] - [4, 11, 37], []
[2025-01-29 23:46:43,058][__main__][INFO] - [4, 11, 38], []
[2025-01-29 23:46:43,107][__main__][INFO] - [4, 11, 39], []
[2025-01-29 23:46:43,214][__main__][INFO] - [4, 12, 16], []
[2025-01-29 23:46:43,354][__main__][INFO] - [4, 12, 17], []
[2025-01-29 23:46:43,491][__main__][INFO] - [4, 12, 21], []
[2025-01-29 23:46:43,615][__main__][INFO] - [4, 12, 22], []
[2025-01-29 23:46:43,666][__main__][INFO] - [4, 12, 23], []
[2025-01-29 23:46:43,722][__main__][INFO] - [4, 12, 24], []
[2025-01-29 23:46:43,771][__main__][INFO] - [4, 12, 25], []
[2025-01-29 23:46:43,944][__main__][INFO] - [4, 12, 26], []
[2025-01-29 23:46:43,993][__main__][INFO] - [4, 12], [26]
[2025-01-29 23:46:44,135][__main__][INFO] - [4, 12, 27], []
[2025-01-29 23:46:44,184][__main__][INFO] - [4, 12], [27]
[2025-01-29 23:46:44,321][__main__][INFO] - [4, 12, 28], []
[2025-01-29 23:46:44,458][__main__][INFO] - [4, 12, 29], []
[2025-01-29 23:46:44,537][__main__][INFO] - [4, 12, 31], []
[2025-01-29 23:46:44,625][__main__][INFO] - [4, 12], [31]
[2025-01-29 23:46:44,714][__main__][INFO] - [4, 12, 32], []
[2025-01-29 23:46:44,782][__main__][INFO] - [4, 12, 33], []
[2025-01-29 23:46:44,865][__main__][INFO] - [4, 12, 34], []
[2025-01-29 23:46:44,914][__main__][INFO] - [4, 12, 35], []
[2025-01-29 23:46:44,979][__main__][INFO] - [4, 12, 36], []
[2025-01-29 23:46:45,028][__main__][INFO] - [4, 12, 37], []
[2025-01-29 23:46:45,076][__main__][INFO] - [4, 12, 38], []
[2025-01-29 23:46:45,130][__main__][INFO] - [4, 12, 39], []
[2025-01-29 23:46:45,238][__main__][INFO] - [4, 13, 16], []
[2025-01-29 23:46:45,372][__main__][INFO] - [4, 13, 17], []
[2025-01-29 23:46:45,421][__main__][INFO] - [4, 13, 18], []
[2025-01-29 23:46:45,468][__main__][INFO] - [4, 13, 19], []
[2025-01-29 23:46:45,546][__main__][INFO] - [4, 13, 21], []
[2025-01-29 23:46:45,665][__main__][INFO] - [4, 13, 22], []
[2025-01-29 23:46:45,717][__main__][INFO] - [4, 13, 23], []
[2025-01-29 23:46:45,774][__main__][INFO] - [4, 13, 24], []
[2025-01-29 23:46:45,822][__main__][INFO] - [4, 13, 25], []
[2025-01-29 23:46:45,990][__main__][INFO] - [4, 13, 26], []
[2025-01-29 23:46:46,038][__main__][INFO] - [4, 13], [26]
[2025-01-29 23:46:46,173][__main__][INFO] - [4, 13, 27], []
[2025-01-29 23:46:46,222][__main__][INFO] - [4, 13], [27]
[2025-01-29 23:46:46,359][__main__][INFO] - [4, 13, 28], []
[2025-01-29 23:46:46,494][__main__][INFO] - [4, 13, 29], []
[2025-01-29 23:46:46,573][__main__][INFO] - [4, 13, 31], []
[2025-01-29 23:46:46,667][__main__][INFO] - [4, 13], [31]
[2025-01-29 23:46:46,750][__main__][INFO] - [4, 13, 32], []
[2025-01-29 23:46:46,806][__main__][INFO] - [4, 13, 33], []
[2025-01-29 23:46:46,878][__main__][INFO] - [4, 13, 34], []
[2025-01-29 23:46:46,927][__main__][INFO] - [4, 13, 35], []
[2025-01-29 23:46:47,014][__main__][INFO] - [4, 13, 36], []
[2025-01-29 23:46:47,063][__main__][INFO] - [4, 13, 37], []
[2025-01-29 23:46:47,110][__main__][INFO] - [4, 13, 38], []
[2025-01-29 23:46:47,158][__main__][INFO] - [4, 13, 39], []
[2025-01-29 23:46:47,265][__main__][INFO] - [4, 14, 16], []
[2025-01-29 23:46:47,317][__main__][INFO] - [4, 14, 17], []
[2025-01-29 23:46:47,456][__main__][INFO] - [4, 14, 21], []
[2025-01-29 23:46:47,521][__main__][INFO] - [4, 14, 22], []
[2025-01-29 23:46:47,570][__main__][INFO] - [4, 14, 23], []
[2025-01-29 23:46:47,678][__main__][INFO] - [4, 14], [25]
[2025-01-29 23:46:47,760][__main__][INFO] - [4, 14], [26]
[2025-01-29 23:46:47,812][__main__][INFO] - [4, 14, 27], []
[2025-01-29 23:46:47,860][__main__][INFO] - [4, 14], [27]
[2025-01-29 23:46:47,912][__main__][INFO] - [4, 14, 28], []
[2025-01-29 23:46:47,965][__main__][INFO] - [4, 14, 29], []
[2025-01-29 23:46:48,043][__main__][INFO] - [4, 14, 31], []
[2025-01-29 23:46:48,093][__main__][INFO] - [4, 14], [31]
[2025-01-29 23:46:48,142][__main__][INFO] - [4, 14, 32], []
[2025-01-29 23:46:48,191][__main__][INFO] - [4, 14, 33], []
[2025-01-29 23:46:48,241][__main__][INFO] - [4, 14, 34], []
[2025-01-29 23:46:48,289][__main__][INFO] - [4, 14, 35], []
[2025-01-29 23:46:48,337][__main__][INFO] - [4, 14, 36], []
[2025-01-29 23:46:48,532][__main__][INFO] - [4, 15, 16], []
[2025-01-29 23:46:48,699][__main__][INFO] - [4, 15, 21], []
[2025-01-29 23:46:48,747][__main__][INFO] - [4, 15, 22], []
[2025-01-29 23:46:48,795][__main__][INFO] - [4, 15, 23], []
[2025-01-29 23:46:48,902][__main__][INFO] - [4, 15], [25]
[2025-01-29 23:46:48,980][__main__][INFO] - [4, 15], [26]
[2025-01-29 23:46:49,058][__main__][INFO] - [4, 15], [27]
[2025-01-29 23:46:49,106][__main__][INFO] - [4, 15, 28], []
[2025-01-29 23:46:49,215][__main__][INFO] - [4, 15, 31], []
[2025-01-29 23:46:49,269][__main__][INFO] - [4, 15], [31]
[2025-01-29 23:46:49,317][__main__][INFO] - [4, 15, 32], []
[2025-01-29 23:46:49,366][__main__][INFO] - [4, 15, 33], []
[2025-01-29 23:46:49,414][__main__][INFO] - [4, 15, 34], []
[2025-01-29 23:46:49,462][__main__][INFO] - [4, 15, 35], []
[2025-01-29 23:46:49,570][__main__][INFO] - [4, 15, 38], []
[2025-01-29 23:46:49,706][__main__][INFO] - [4, 16, 21], []
[2025-01-29 23:46:50,053][__main__][INFO] - [4, 16, 22], []
[2025-01-29 23:46:50,180][__main__][INFO] - [4, 16, 23], []
[2025-01-29 23:46:50,281][__main__][INFO] - [4, 16, 24], []
[2025-01-29 23:46:50,336][__main__][INFO] - [4, 16, 25], []
[2025-01-29 23:46:50,569][__main__][INFO] - [4, 16], [25]
[2025-01-29 23:46:50,879][__main__][INFO] - [4, 16, 26], []
[2025-01-29 23:46:50,932][__main__][INFO] - [4, 16], [26]
[2025-01-29 23:46:51,441][__main__][INFO] - [4, 16, 27], []
[2025-01-29 23:46:51,494][__main__][INFO] - [4, 16], [27]
[2025-01-29 23:46:52,005][__main__][INFO] - [4, 16, 28], []
[2025-01-29 23:46:52,508][__main__][INFO] - [4, 16, 29], []
[2025-01-29 23:46:52,598][__main__][INFO] - [4, 16, 31], []
[2025-01-29 23:46:52,869][__main__][INFO] - [4, 16], [31]
[2025-01-29 23:46:53,126][__main__][INFO] - [4, 16, 32], []
[2025-01-29 23:46:53,223][__main__][INFO] - [4, 16, 33], []
[2025-01-29 23:46:53,514][__main__][INFO] - [4, 16, 34], []
[2025-01-29 23:46:53,573][__main__][INFO] - [4, 16, 35], []
[2025-01-29 23:46:53,692][__main__][INFO] - [4, 16, 36], []
[2025-01-29 23:46:53,753][__main__][INFO] - [4, 16, 37], []
[2025-01-29 23:46:53,803][__main__][INFO] - [4, 16, 38], []
[2025-01-29 23:46:53,852][__main__][INFO] - [4, 16, 39], []
[2025-01-29 23:46:53,959][__main__][INFO] - [4, 17, 21], []
[2025-01-29 23:46:54,012][__main__][INFO] - [4, 17, 22], []
[2025-01-29 23:46:54,062][__main__][INFO] - [4, 17, 23], []
[2025-01-29 23:46:54,111][__main__][INFO] - [4, 17, 24], []
[2025-01-29 23:46:54,159][__main__][INFO] - [4, 17, 25], []
[2025-01-29 23:46:54,208][__main__][INFO] - [4, 17], [25]
[2025-01-29 23:46:54,264][__main__][INFO] - [4, 17, 26], []
[2025-01-29 23:46:54,313][__main__][INFO] - [4, 17], [26]
[2025-01-29 23:46:54,370][__main__][INFO] - [4, 17, 27], []
[2025-01-29 23:46:54,418][__main__][INFO] - [4, 17], [27]
[2025-01-29 23:46:54,476][__main__][INFO] - [4, 17, 28], []
[2025-01-29 23:46:54,534][__main__][INFO] - [4, 17, 29], []
[2025-01-29 23:46:54,612][__main__][INFO] - [4, 17, 31], []
[2025-01-29 23:46:54,662][__main__][INFO] - [4, 17], [31]
[2025-01-29 23:46:54,718][__main__][INFO] - [4, 17, 32], []
[2025-01-29 23:46:54,766][__main__][INFO] - [4, 17, 33], []
[2025-01-29 23:46:54,820][__main__][INFO] - [4, 17, 34], []
[2025-01-29 23:46:54,869][__main__][INFO] - [4, 17, 35], []
[2025-01-29 23:46:54,917][__main__][INFO] - [4, 17, 36], []
[2025-01-29 23:46:54,966][__main__][INFO] - [4, 17, 37], []
[2025-01-29 23:46:55,132][__main__][INFO] - [4, 18, 21], []
[2025-01-29 23:46:55,179][__main__][INFO] - [4, 18, 22], []
[2025-01-29 23:46:55,226][__main__][INFO] - [4, 18, 23], []
[2025-01-29 23:46:55,303][__main__][INFO] - [4, 18, 25], []
[2025-01-29 23:46:55,351][__main__][INFO] - [4, 18], [25]
[2025-01-29 23:46:55,427][__main__][INFO] - [4, 18], [26]
[2025-01-29 23:46:55,504][__main__][INFO] - [4, 18], [27]
[2025-01-29 23:46:55,551][__main__][INFO] - [4, 18, 28], []
[2025-01-29 23:46:55,657][__main__][INFO] - [4, 18, 31], []
[2025-01-29 23:46:55,705][__main__][INFO] - [4, 18], [31]
[2025-01-29 23:46:55,781][__main__][INFO] - [4, 18, 33], []
[2025-01-29 23:46:55,888][__main__][INFO] - [4, 18, 36], []
[2025-01-29 23:46:56,083][__main__][INFO] - [4, 19, 21], []
[2025-01-29 23:46:56,132][__main__][INFO] - [4, 19, 22], []
[2025-01-29 23:46:56,180][__main__][INFO] - [4, 19, 23], []
[2025-01-29 23:46:56,259][__main__][INFO] - [4, 19, 25], []
[2025-01-29 23:46:56,308][__main__][INFO] - [4, 19], [25]
[2025-01-29 23:46:56,357][__main__][INFO] - [4, 19, 26], []
[2025-01-29 23:46:56,405][__main__][INFO] - [4, 19], [26]
[2025-01-29 23:46:56,484][__main__][INFO] - [4, 19], [27]
[2025-01-29 23:46:56,533][__main__][INFO] - [4, 19, 28], []
[2025-01-29 23:46:56,582][__main__][INFO] - [4, 19, 29], []
[2025-01-29 23:46:56,660][__main__][INFO] - [4, 19, 31], []
[2025-01-29 23:46:56,708][__main__][INFO] - [4, 19], [31]
[2025-01-29 23:46:56,757][__main__][INFO] - [4, 19, 32], []
[2025-01-29 23:46:56,805][__main__][INFO] - [4, 19, 33], []
[2025-01-29 23:46:56,854][__main__][INFO] - [4, 19, 34], []
[2025-01-29 23:46:56,902][__main__][INFO] - [4, 19, 35], []
[2025-01-29 23:46:56,950][__main__][INFO] - [4, 19, 36], []
[2025-01-29 23:46:57,175][__main__][INFO] - [4, 21, 25], []
[2025-01-29 23:46:57,376][__main__][INFO] - [4, 21], [25]
[2025-01-29 23:46:57,562][__main__][INFO] - [4, 21, 26], []
[2025-01-29 23:46:57,612][__main__][INFO] - [4, 21], [26]
[2025-01-29 23:46:57,961][__main__][INFO] - [4, 21, 27], []
[2025-01-29 23:46:58,012][__main__][INFO] - [4, 21], [27]
[2025-01-29 23:46:58,359][__main__][INFO] - [4, 21, 28], []
[2025-01-29 23:46:58,715][__main__][INFO] - [4, 21, 29], []
[2025-01-29 23:46:58,800][__main__][INFO] - [4, 21, 31], []
[2025-01-29 23:46:58,992][__main__][INFO] - [4, 21], [31]
[2025-01-29 23:46:59,178][__main__][INFO] - [4, 21, 32], []
[2025-01-29 23:46:59,264][__main__][INFO] - [4, 21, 33], []
[2025-01-29 23:46:59,455][__main__][INFO] - [4, 21, 34], []
[2025-01-29 23:46:59,506][__main__][INFO] - [4, 21, 35], []
[2025-01-29 23:46:59,612][__main__][INFO] - [4, 21, 36], []
[2025-01-29 23:46:59,670][__main__][INFO] - [4, 21, 37], []
[2025-01-29 23:46:59,720][__main__][INFO] - [4, 21, 38], []
[2025-01-29 23:46:59,768][__main__][INFO] - [4, 21, 39], []
[2025-01-29 23:46:59,875][__main__][INFO] - [4, 22, 25], []
[2025-01-29 23:46:59,930][__main__][INFO] - [4, 22], [25]
[2025-01-29 23:47:00,053][__main__][INFO] - [4, 22, 26], []
[2025-01-29 23:47:00,102][__main__][INFO] - [4, 22], [26]
[2025-01-29 23:47:00,233][__main__][INFO] - [4, 22, 27], []
[2025-01-29 23:47:00,282][__main__][INFO] - [4, 22], [27]
[2025-01-29 23:47:00,413][__main__][INFO] - [4, 22, 28], []
[2025-01-29 23:47:00,539][__main__][INFO] - [4, 22, 29], []
[2025-01-29 23:47:00,619][__main__][INFO] - [4, 22, 31], []
[2025-01-29 23:47:00,705][__main__][INFO] - [4, 22], [31]
[2025-01-29 23:47:00,791][__main__][INFO] - [4, 22, 32], []
[2025-01-29 23:47:00,839][__main__][INFO] - [4, 22, 33], []
[2025-01-29 23:47:00,948][__main__][INFO] - [4, 22, 34], []
[2025-01-29 23:47:01,002][__main__][INFO] - [4, 22, 35], []
[2025-01-29 23:47:01,052][__main__][INFO] - [4, 22, 36], []
[2025-01-29 23:47:01,101][__main__][INFO] - [4, 22, 37], []
[2025-01-29 23:47:01,149][__main__][INFO] - [4, 22, 38], []
[2025-01-29 23:47:01,197][__main__][INFO] - [4, 22, 39], []
[2025-01-29 23:47:01,304][__main__][INFO] - [4, 23, 25], []
[2025-01-29 23:47:01,368][__main__][INFO] - [4, 23], [25]
[2025-01-29 23:47:01,450][__main__][INFO] - [4, 23, 26], []
[2025-01-29 23:47:01,499][__main__][INFO] - [4, 23], [26]
[2025-01-29 23:47:01,599][__main__][INFO] - [4, 23, 27], []
[2025-01-29 23:47:01,648][__main__][INFO] - [4, 23], [27]
[2025-01-29 23:47:01,748][__main__][INFO] - [4, 23, 28], []
[2025-01-29 23:47:01,848][__main__][INFO] - [4, 23, 29], []
[2025-01-29 23:47:01,928][__main__][INFO] - [4, 23, 31], []
[2025-01-29 23:47:02,000][__main__][INFO] - [4, 23], [31]
[2025-01-29 23:47:02,072][__main__][INFO] - [4, 23, 32], []
[2025-01-29 23:47:02,125][__main__][INFO] - [4, 23, 33], []
[2025-01-29 23:47:02,203][__main__][INFO] - [4, 23, 34], []
[2025-01-29 23:47:02,253][__main__][INFO] - [4, 23, 35], []
[2025-01-29 23:47:02,307][__main__][INFO] - [4, 23, 36], []
[2025-01-29 23:47:02,356][__main__][INFO] - [4, 23, 37], []
[2025-01-29 23:47:02,404][__main__][INFO] - [4, 23, 38], []
[2025-01-29 23:47:02,452][__main__][INFO] - [4, 23, 39], []
[2025-01-29 23:47:02,564][__main__][INFO] - [4, 24, 25], []
[2025-01-29 23:47:02,631][__main__][INFO] - [4, 24], [25]
[2025-01-29 23:47:02,683][__main__][INFO] - [4, 24, 26], []
[2025-01-29 23:47:02,732][__main__][INFO] - [4, 24], [26]
[2025-01-29 23:47:02,783][__main__][INFO] - [4, 24, 27], []
[2025-01-29 23:47:02,831][__main__][INFO] - [4, 24], [27]
[2025-01-29 23:47:02,882][__main__][INFO] - [4, 24, 28], []
[2025-01-29 23:47:02,933][__main__][INFO] - [4, 24, 29], []
[2025-01-29 23:47:03,011][__main__][INFO] - [4, 24, 31], []
[2025-01-29 23:47:03,060][__main__][INFO] - [4, 24], [31]
[2025-01-29 23:47:03,110][__main__][INFO] - [4, 24, 32], []
[2025-01-29 23:47:03,157][__main__][INFO] - [4, 24, 33], []
[2025-01-29 23:47:03,208][__main__][INFO] - [4, 24, 34], []
[2025-01-29 23:47:03,256][__main__][INFO] - [4, 24, 35], []
[2025-01-29 23:47:03,305][__main__][INFO] - [4, 24, 36], []
[2025-01-29 23:47:03,501][__main__][INFO] - [4, 25, 26], []
[2025-01-29 23:47:03,550][__main__][INFO] - [4, 25], [26]
[2025-01-29 23:47:03,791][__main__][INFO] - [4, 25, 27], []
[2025-01-29 23:47:03,840][__main__][INFO] - [4, 25], [27]
[2025-01-29 23:47:04,074][__main__][INFO] - [4, 25, 28], []
[2025-01-29 23:47:04,309][__main__][INFO] - [4, 25, 29], []
[2025-01-29 23:47:04,389][__main__][INFO] - [4, 25, 31], []
[2025-01-29 23:47:04,528][__main__][INFO] - [4, 25], [31]
[2025-01-29 23:47:04,656][__main__][INFO] - [4, 25, 32], []
[2025-01-29 23:47:04,735][__main__][INFO] - [4, 25, 33], []
[2025-01-29 23:47:04,846][__main__][INFO] - [4, 25, 34], []
[2025-01-29 23:47:04,896][__main__][INFO] - [4, 25, 35], []
[2025-01-29 23:47:05,001][__main__][INFO] - [4, 25, 36], []
[2025-01-29 23:47:05,051][__main__][INFO] - [4, 25, 37], []
[2025-01-29 23:47:05,099][__main__][INFO] - [4, 25, 38], []
[2025-01-29 23:47:05,147][__main__][INFO] - [4, 25, 39], []
[2025-01-29 23:47:05,255][__main__][INFO] - [4, 26], [25]
[2025-01-29 23:47:05,306][__main__][INFO] - [4], [25, 26]
[2025-01-29 23:47:05,630][__main__][INFO] - [4, 27], [25]
[2025-01-29 23:47:05,681][__main__][INFO] - [4], [25, 27]
[2025-01-29 23:47:06,003][__main__][INFO] - [4, 28], [25]
[2025-01-29 23:47:06,315][__main__][INFO] - [4, 29], [25]
[2025-01-29 23:47:06,402][__main__][INFO] - [4, 31], [25]
[2025-01-29 23:47:06,574][__main__][INFO] - [4], [25, 31]
[2025-01-29 23:47:06,751][__main__][INFO] - [4, 32], [25]
[2025-01-29 23:47:06,814][__main__][INFO] - [4, 33], [25]
[2025-01-29 23:47:07,049][__main__][INFO] - [4, 34], [25]
[2025-01-29 23:47:07,106][__main__][INFO] - [4, 35], [25]
[2025-01-29 23:47:07,166][__main__][INFO] - [4, 36], [25]
[2025-01-29 23:47:07,227][__main__][INFO] - [4, 37], [25]
[2025-01-29 23:47:07,276][__main__][INFO] - [4, 38], [25]
[2025-01-29 23:47:07,325][__main__][INFO] - [4, 39], [25]
[2025-01-29 23:47:07,432][__main__][INFO] - [4, 26, 27], []
[2025-01-29 23:47:07,481][__main__][INFO] - [4, 26], [27]
[2025-01-29 23:47:07,532][__main__][INFO] - [4, 26, 28], []
[2025-01-29 23:47:07,582][__main__][INFO] - [4, 26, 29], []
[2025-01-29 23:47:07,662][__main__][INFO] - [4, 26, 31], []
[2025-01-29 23:47:07,712][__main__][INFO] - [4, 26], [31]
[2025-01-29 23:47:07,762][__main__][INFO] - [4, 26, 32], []
[2025-01-29 23:47:07,811][__main__][INFO] - [4, 26, 33], []
[2025-01-29 23:47:07,861][__main__][INFO] - [4, 26, 34], []
[2025-01-29 23:47:07,909][__main__][INFO] - [4, 26, 35], []
[2025-01-29 23:47:07,958][__main__][INFO] - [4, 26, 36], []
[2025-01-29 23:47:08,154][__main__][INFO] - [4, 27], [26]
[2025-01-29 23:47:08,206][__main__][INFO] - [4], [26, 27]
[2025-01-29 23:47:08,723][__main__][INFO] - [4, 28], [26]
[2025-01-29 23:47:09,240][__main__][INFO] - [4, 29], [26]
[2025-01-29 23:47:09,330][__main__][INFO] - [4, 31], [26]
[2025-01-29 23:47:09,598][__main__][INFO] - [4], [26, 31]
[2025-01-29 23:47:09,863][__main__][INFO] - [4, 32], [26]
[2025-01-29 23:47:09,959][__main__][INFO] - [4, 33], [26]
[2025-01-29 23:47:10,261][__main__][INFO] - [4, 34], [26]
[2025-01-29 23:47:10,321][__main__][INFO] - [4, 35], [26]
[2025-01-29 23:47:10,439][__main__][INFO] - [4, 36], [26]
[2025-01-29 23:47:10,502][__main__][INFO] - [4, 37], [26]
[2025-01-29 23:47:10,551][__main__][INFO] - [4, 38], [26]
[2025-01-29 23:47:10,601][__main__][INFO] - [4, 39], [26]
[2025-01-29 23:47:10,707][__main__][INFO] - [4, 27, 28], []
[2025-01-29 23:47:10,758][__main__][INFO] - [4, 27, 29], []
[2025-01-29 23:47:10,836][__main__][INFO] - [4, 27, 31], []
[2025-01-29 23:47:10,887][__main__][INFO] - [4, 27], [31]
[2025-01-29 23:47:10,937][__main__][INFO] - [4, 27, 32], []
[2025-01-29 23:47:10,985][__main__][INFO] - [4, 27, 33], []
[2025-01-29 23:47:11,034][__main__][INFO] - [4, 27, 34], []
[2025-01-29 23:47:11,082][__main__][INFO] - [4, 27, 35], []
[2025-01-29 23:47:11,131][__main__][INFO] - [4, 27, 36], []
[2025-01-29 23:47:11,327][__main__][INFO] - [4, 28], [27]
[2025-01-29 23:47:11,841][__main__][INFO] - [4, 29], [27]
[2025-01-29 23:47:11,930][__main__][INFO] - [4, 31], [27]
[2025-01-29 23:47:12,200][__main__][INFO] - [4], [27, 31]
[2025-01-29 23:47:12,468][__main__][INFO] - [4, 32], [27]
[2025-01-29 23:47:12,563][__main__][INFO] - [4, 33], [27]
[2025-01-29 23:47:12,863][__main__][INFO] - [4, 34], [27]
[2025-01-29 23:47:12,923][__main__][INFO] - [4, 35], [27]
[2025-01-29 23:47:13,042][__main__][INFO] - [4, 36], [27]
[2025-01-29 23:47:13,104][__main__][INFO] - [4, 37], [27]
[2025-01-29 23:47:13,154][__main__][INFO] - [4, 38], [27]
[2025-01-29 23:47:13,203][__main__][INFO] - [4, 39], [27]
[2025-01-29 23:47:13,310][__main__][INFO] - [4, 28, 31], []
[2025-01-29 23:47:13,578][__main__][INFO] - [4, 28], [31]
[2025-01-29 23:47:13,851][__main__][INFO] - [4, 28, 32], []
[2025-01-29 23:47:13,946][__main__][INFO] - [4, 28, 33], []
[2025-01-29 23:47:14,242][__main__][INFO] - [4, 28, 34], []
[2025-01-29 23:47:14,302][__main__][INFO] - [4, 28, 35], []
[2025-01-29 23:47:14,419][__main__][INFO] - [4, 28, 36], []
[2025-01-29 23:47:14,486][__main__][INFO] - [4, 28, 37], []
[2025-01-29 23:47:14,536][__main__][INFO] - [4, 28, 38], []
[2025-01-29 23:47:14,584][__main__][INFO] - [4, 28, 39], []
[2025-01-29 23:47:14,690][__main__][INFO] - [4, 29, 31], []
[2025-01-29 23:47:14,743][__main__][INFO] - [4, 29], [31]
[2025-01-29 23:47:14,797][__main__][INFO] - [4, 29, 32], []
[2025-01-29 23:47:14,846][__main__][INFO] - [4, 29, 33], []
[2025-01-29 23:47:14,900][__main__][INFO] - [4, 29, 34], []
[2025-01-29 23:47:14,949][__main__][INFO] - [4, 29, 35], []
[2025-01-29 23:47:14,998][__main__][INFO] - [4, 29, 36], []
[2025-01-29 23:47:15,047][__main__][INFO] - [4, 29, 37], []
[2025-01-29 23:47:15,125][__main__][INFO] - [4, 29, 39], []
[2025-01-29 23:47:15,262][__main__][INFO] - [4, 31, 32], []
[2025-01-29 23:47:15,330][__main__][INFO] - [4, 31, 33], []
[2025-01-29 23:47:15,494][__main__][INFO] - [4, 31, 34], []
[2025-01-29 23:47:15,548][__main__][INFO] - [4, 31, 35], []
[2025-01-29 23:47:15,631][__main__][INFO] - [4, 31, 36], []
[2025-01-29 23:47:15,685][__main__][INFO] - [4, 31, 37], []
[2025-01-29 23:47:15,734][__main__][INFO] - [4, 31, 38], []
[2025-01-29 23:47:15,782][__main__][INFO] - [4, 31, 39], []
[2025-01-29 23:47:15,889][__main__][INFO] - [4, 32], [31]
[2025-01-29 23:47:15,960][__main__][INFO] - [4, 33], [31]
[2025-01-29 23:47:16,126][__main__][INFO] - [4, 34], [31]
[2025-01-29 23:47:16,179][__main__][INFO] - [4, 35], [31]
[2025-01-29 23:47:16,256][__main__][INFO] - [4, 36], [31]
[2025-01-29 23:47:16,312][__main__][INFO] - [4, 37], [31]
[2025-01-29 23:47:16,360][__main__][INFO] - [4, 38], [31]
[2025-01-29 23:47:16,409][__main__][INFO] - [4, 39], [31]
[2025-01-29 23:47:16,551][__main__][INFO] - [5, 10, 11], []
[2025-01-29 23:47:16,631][__main__][INFO] - [5, 10, 12], []
[2025-01-29 23:47:16,683][__main__][INFO] - [5, 10, 13], []
[2025-01-29 23:47:16,737][__main__][INFO] - [5, 10, 14], []
[2025-01-29 23:47:16,785][__main__][INFO] - [5, 10, 15], []
[2025-01-29 23:47:16,833][__main__][INFO] - [5, 10, 16], []
[2025-01-29 23:47:16,925][__main__][INFO] - [5, 10, 17], []
[2025-01-29 23:47:17,006][__main__][INFO] - [5, 10, 19], []
[2025-01-29 23:47:17,084][__main__][INFO] - [5, 10, 21], []
[2025-01-29 23:47:17,157][__main__][INFO] - [5, 10, 22], []
[2025-01-29 23:47:17,215][__main__][INFO] - [5, 10, 23], []
[2025-01-29 23:47:17,268][__main__][INFO] - [5, 10, 24], []
[2025-01-29 23:47:17,317][__main__][INFO] - [5, 10, 25], []
[2025-01-29 23:47:17,377][__main__][INFO] - [5, 10], [25]
[2025-01-29 23:47:17,457][__main__][INFO] - [5, 10, 26], []
[2025-01-29 23:47:17,513][__main__][INFO] - [5, 10], [26]
[2025-01-29 23:47:17,597][__main__][INFO] - [5, 10, 27], []
[2025-01-29 23:47:17,669][__main__][INFO] - [5, 10], [27]
[2025-01-29 23:47:17,752][__main__][INFO] - [5, 10, 28], []
[2025-01-29 23:47:17,825][__main__][INFO] - [5, 10, 29], []
[2025-01-29 23:47:17,919][__main__][INFO] - [5, 10, 31], []
[2025-01-29 23:47:17,988][__main__][INFO] - [5, 10], [31]
[2025-01-29 23:47:18,057][__main__][INFO] - [5, 10, 32], []
[2025-01-29 23:47:18,109][__main__][INFO] - [5, 10, 33], []
[2025-01-29 23:47:18,181][__main__][INFO] - [5, 10, 34], []
[2025-01-29 23:47:18,230][__main__][INFO] - [5, 10, 35], []
[2025-01-29 23:47:18,282][__main__][INFO] - [5, 10, 36], []
[2025-01-29 23:47:18,333][__main__][INFO] - [5, 10, 37], []
[2025-01-29 23:47:18,382][__main__][INFO] - [5, 10, 38], []
[2025-01-29 23:47:18,430][__main__][INFO] - [5, 10, 39], []
[2025-01-29 23:47:18,537][__main__][INFO] - [5, 11], [10]
[2025-01-29 23:47:18,812][__main__][INFO] - [5, 12], [10]
[2025-01-29 23:47:18,917][__main__][INFO] - [5, 13], [10]
[2025-01-29 23:47:19,067][__main__][INFO] - [5, 14], [10]
[2025-01-29 23:47:19,118][__main__][INFO] - [5, 15], [10]
[2025-01-29 23:47:19,167][__main__][INFO] - [5, 16], [10]
[2025-01-29 23:47:19,617][__main__][INFO] - [5, 17], [10]
[2025-01-29 23:47:19,678][__main__][INFO] - [5, 18], [10]
[2025-01-29 23:47:19,725][__main__][INFO] - [5, 19], [10]
[2025-01-29 23:47:19,804][__main__][INFO] - [5, 21], [10]
[2025-01-29 23:47:20,116][__main__][INFO] - [5, 22], [10]
[2025-01-29 23:47:20,241][__main__][INFO] - [5, 23], [10]
[2025-01-29 23:47:20,331][__main__][INFO] - [5, 24], [10]
[2025-01-29 23:47:20,382][__main__][INFO] - [5, 25], [10]
[2025-01-29 23:47:20,597][__main__][INFO] - [5], [10, 25]
[2025-01-29 23:47:20,908][__main__][INFO] - [5], [10, 26]
[2025-01-29 23:47:21,406][__main__][INFO] - [5], [10, 27]
[2025-01-29 23:47:21,876][__main__][INFO] - [5, 28], [10]
[2025-01-29 23:47:22,405][__main__][INFO] - [5, 31], [10]
[2025-01-29 23:47:22,647][__main__][INFO] - [5], [10, 31]
[2025-01-29 23:47:22,883][__main__][INFO] - [5, 32], [10]
[2025-01-29 23:47:22,964][__main__][INFO] - [5, 33], [10]
[2025-01-29 23:47:23,253][__main__][INFO] - [5, 34], [10]
[2025-01-29 23:47:23,308][__main__][INFO] - [5, 35], [10]
[2025-01-29 23:47:23,414][__main__][INFO] - [5, 36], [10]
[2025-01-29 23:47:23,474][__main__][INFO] - [5, 37], [10]
[2025-01-29 23:47:23,523][__main__][INFO] - [5, 38], [10]
[2025-01-29 23:47:23,571][__main__][INFO] - [5, 39], [10]
[2025-01-29 23:47:23,677][__main__][INFO] - [5, 11, 16], []
[2025-01-29 23:47:23,969][__main__][INFO] - [5, 11, 17], []
[2025-01-29 23:47:24,030][__main__][INFO] - [5, 11, 18], []
[2025-01-29 23:47:24,081][__main__][INFO] - [5, 11, 19], []
[2025-01-29 23:47:24,161][__main__][INFO] - [5, 11, 21], []
[2025-01-29 23:47:24,338][__main__][INFO] - [5, 11, 22], []
[2025-01-29 23:47:24,463][__main__][INFO] - [5, 11, 23], []
[2025-01-29 23:47:24,539][__main__][INFO] - [5, 11, 24], []
[2025-01-29 23:47:24,621][__main__][INFO] - [5, 11], [25]
[2025-01-29 23:47:24,946][__main__][INFO] - [5, 11, 26], []
[2025-01-29 23:47:24,999][__main__][INFO] - [5, 11], [26]
[2025-01-29 23:47:25,302][__main__][INFO] - [5, 11, 27], []
[2025-01-29 23:47:25,355][__main__][INFO] - [5, 11], [27]
[2025-01-29 23:47:25,666][__main__][INFO] - [5, 11, 28], []
[2025-01-29 23:47:25,979][__main__][INFO] - [5, 11, 29], []
[2025-01-29 23:47:26,068][__main__][INFO] - [5, 11, 31], []
[2025-01-29 23:47:26,240][__main__][INFO] - [5, 11], [31]
[2025-01-29 23:47:26,408][__main__][INFO] - [5, 11, 32], []
[2025-01-29 23:47:26,464][__main__][INFO] - [5, 11, 33], []
[2025-01-29 23:47:26,709][__main__][INFO] - [5, 11, 34], []
[2025-01-29 23:47:26,763][__main__][INFO] - [5, 11, 35], []
[2025-01-29 23:47:26,817][__main__][INFO] - [5, 11, 36], []
[2025-01-29 23:47:26,878][__main__][INFO] - [5, 11, 37], []
[2025-01-29 23:47:26,927][__main__][INFO] - [5, 11, 38], []
[2025-01-29 23:47:26,975][__main__][INFO] - [5, 11, 39], []
[2025-01-29 23:47:27,082][__main__][INFO] - [5, 12, 16], []
[2025-01-29 23:47:27,191][__main__][INFO] - [5, 12, 17], []
[2025-01-29 23:47:27,328][__main__][INFO] - [5, 12, 21], []
[2025-01-29 23:47:27,427][__main__][INFO] - [5, 12, 22], []
[2025-01-29 23:47:27,476][__main__][INFO] - [5, 12, 23], []
[2025-01-29 23:47:27,530][__main__][INFO] - [5, 12, 24], []
[2025-01-29 23:47:27,578][__main__][INFO] - [5, 12, 25], []
[2025-01-29 23:47:27,718][__main__][INFO] - [5, 12, 26], []
[2025-01-29 23:47:27,766][__main__][INFO] - [5, 12], [26]
[2025-01-29 23:47:27,876][__main__][INFO] - [5, 12, 27], []
[2025-01-29 23:47:27,925][__main__][INFO] - [5, 12], [27]
[2025-01-29 23:47:28,032][__main__][INFO] - [5, 12, 28], []
[2025-01-29 23:47:28,140][__main__][INFO] - [5, 12, 29], []
[2025-01-29 23:47:28,219][__main__][INFO] - [5, 12, 31], []
[2025-01-29 23:47:28,295][__main__][INFO] - [5, 12], [31]
[2025-01-29 23:47:28,369][__main__][INFO] - [5, 12, 32], []
[2025-01-29 23:47:28,432][__main__][INFO] - [5, 12, 33], []
[2025-01-29 23:47:28,503][__main__][INFO] - [5, 12, 34], []
[2025-01-29 23:47:28,551][__main__][INFO] - [5, 12, 35], []
[2025-01-29 23:47:28,614][__main__][INFO] - [5, 12, 36], []
[2025-01-29 23:47:28,662][__main__][INFO] - [5, 12, 37], []
[2025-01-29 23:47:28,719][__main__][INFO] - [5, 12, 38], []
[2025-01-29 23:47:28,770][__main__][INFO] - [5, 12, 39], []
[2025-01-29 23:47:28,884][__main__][INFO] - [5, 13, 16], []
[2025-01-29 23:47:29,052][__main__][INFO] - [5, 13, 17], []
[2025-01-29 23:47:29,139][__main__][INFO] - [5, 13, 19], []
[2025-01-29 23:47:29,224][__main__][INFO] - [5, 13, 21], []
[2025-01-29 23:47:29,371][__main__][INFO] - [5, 13, 22], []
[2025-01-29 23:47:29,424][__main__][INFO] - [5, 13, 23], []
[2025-01-29 23:47:29,486][__main__][INFO] - [5, 13, 24], []
[2025-01-29 23:47:29,534][__main__][INFO] - [5, 13, 25], []
[2025-01-29 23:47:29,728][__main__][INFO] - [5, 13, 26], []
[2025-01-29 23:47:29,777][__main__][INFO] - [5, 13], [26]
[2025-01-29 23:47:29,933][__main__][INFO] - [5, 13, 27], []
[2025-01-29 23:47:29,981][__main__][INFO] - [5, 13], [27]
[2025-01-29 23:47:30,136][__main__][INFO] - [5, 13, 28], []
[2025-01-29 23:47:30,292][__main__][INFO] - [5, 13, 29], []
[2025-01-29 23:47:30,371][__main__][INFO] - [5, 13, 31], []
[2025-01-29 23:47:30,473][__main__][INFO] - [5, 13], [31]
[2025-01-29 23:47:30,568][__main__][INFO] - [5, 13, 32], []
[2025-01-29 23:47:30,629][__main__][INFO] - [5, 13, 33], []
[2025-01-29 23:47:30,710][__main__][INFO] - [5, 13, 34], []
[2025-01-29 23:47:30,759][__main__][INFO] - [5, 13, 35], []
[2025-01-29 23:47:30,848][__main__][INFO] - [5, 13, 36], []
[2025-01-29 23:47:30,897][__main__][INFO] - [5, 13, 37], []
[2025-01-29 23:47:30,946][__main__][INFO] - [5, 13, 38], []
[2025-01-29 23:47:30,994][__main__][INFO] - [5, 13, 39], []
[2025-01-29 23:47:31,101][__main__][INFO] - [5, 14, 16], []
[2025-01-29 23:47:31,153][__main__][INFO] - [5, 14, 17], []
[2025-01-29 23:47:31,291][__main__][INFO] - [5, 14, 21], []
[2025-01-29 23:47:31,340][__main__][INFO] - [5, 14, 22], []
[2025-01-29 23:47:31,389][__main__][INFO] - [5, 14, 23], []
[2025-01-29 23:47:31,437][__main__][INFO] - [5, 14, 24], []
[2025-01-29 23:47:31,514][__main__][INFO] - [5, 14], [25]
[2025-01-29 23:47:31,565][__main__][INFO] - [5, 14, 26], []
[2025-01-29 23:47:31,613][__main__][INFO] - [5, 14], [26]
[2025-01-29 23:47:31,666][__main__][INFO] - [5, 14, 27], []
[2025-01-29 23:47:31,714][__main__][INFO] - [5, 14], [27]
[2025-01-29 23:47:31,766][__main__][INFO] - [5, 14, 28], []
[2025-01-29 23:47:31,817][__main__][INFO] - [5, 14, 29], []
[2025-01-29 23:47:31,895][__main__][INFO] - [5, 14, 31], []
[2025-01-29 23:47:31,945][__main__][INFO] - [5, 14], [31]
[2025-01-29 23:47:31,995][__main__][INFO] - [5, 14, 32], []
[2025-01-29 23:47:32,043][__main__][INFO] - [5, 14, 33], []
[2025-01-29 23:47:32,093][__main__][INFO] - [5, 14, 34], []
[2025-01-29 23:47:32,141][__main__][INFO] - [5, 14, 35], []
[2025-01-29 23:47:32,190][__main__][INFO] - [5, 14, 36], []
[2025-01-29 23:47:32,387][__main__][INFO] - [5, 15, 16], []
[2025-01-29 23:47:32,561][__main__][INFO] - [5, 15, 21], []
[2025-01-29 23:47:32,610][__main__][INFO] - [5, 15, 22], []
[2025-01-29 23:47:32,755][__main__][INFO] - [5, 15], [25]
[2025-01-29 23:47:32,852][__main__][INFO] - [5, 15], [26]
[2025-01-29 23:47:32,930][__main__][INFO] - [5, 15], [27]
[2025-01-29 23:47:32,979][__main__][INFO] - [5, 15, 28], []
[2025-01-29 23:47:33,089][__main__][INFO] - [5, 15, 31], []
[2025-01-29 23:47:33,137][__main__][INFO] - [5, 15], [31]
[2025-01-29 23:47:33,185][__main__][INFO] - [5, 15, 32], []
[2025-01-29 23:47:33,234][__main__][INFO] - [5, 15, 33], []
[2025-01-29 23:47:33,282][__main__][INFO] - [5, 15, 34], []
[2025-01-29 23:47:33,360][__main__][INFO] - [5, 15, 36], []
[2025-01-29 23:47:33,438][__main__][INFO] - [5, 15, 38], []
[2025-01-29 23:47:33,574][__main__][INFO] - [5, 16, 21], []
[2025-01-29 23:47:33,905][__main__][INFO] - [5, 16, 22], []
[2025-01-29 23:47:34,037][__main__][INFO] - [5, 16, 23], []
[2025-01-29 23:47:34,130][__main__][INFO] - [5, 16, 24], []
[2025-01-29 23:47:34,181][__main__][INFO] - [5, 16, 25], []
[2025-01-29 23:47:34,411][__main__][INFO] - [5, 16], [25]
[2025-01-29 23:47:34,716][__main__][INFO] - [5, 16, 26], []
[2025-01-29 23:47:34,771][__main__][INFO] - [5, 16], [26]
[2025-01-29 23:47:35,264][__main__][INFO] - [5, 16, 27], []
[2025-01-29 23:47:35,320][__main__][INFO] - [5, 16], [27]
[2025-01-29 23:47:35,808][__main__][INFO] - [5, 16, 28], []
[2025-01-29 23:47:36,284][__main__][INFO] - [5, 16, 29], []
[2025-01-29 23:47:36,376][__main__][INFO] - [5, 16, 31], []
[2025-01-29 23:47:36,637][__main__][INFO] - [5, 16], [31]
[2025-01-29 23:47:36,876][__main__][INFO] - [5, 16, 32], []
[2025-01-29 23:47:36,961][__main__][INFO] - [5, 16, 33], []
[2025-01-29 23:47:37,267][__main__][INFO] - [5, 16, 34], []
[2025-01-29 23:47:37,324][__main__][INFO] - [5, 16, 35], []
[2025-01-29 23:47:37,435][__main__][INFO] - [5, 16, 36], []
[2025-01-29 23:47:37,498][__main__][INFO] - [5, 16, 37], []
[2025-01-29 23:47:37,548][__main__][INFO] - [5, 16, 38], []
[2025-01-29 23:47:37,597][__main__][INFO] - [5, 16, 39], []
[2025-01-29 23:47:37,705][__main__][INFO] - [5, 17, 21], []
[2025-01-29 23:47:37,760][__main__][INFO] - [5, 17, 22], []
[2025-01-29 23:47:37,812][__main__][INFO] - [5, 17, 23], []
[2025-01-29 23:47:37,862][__main__][INFO] - [5, 17, 24], []
[2025-01-29 23:47:37,911][__main__][INFO] - [5, 17, 25], []
[2025-01-29 23:47:37,961][__main__][INFO] - [5, 17], [25]
[2025-01-29 23:47:38,021][__main__][INFO] - [5, 17, 26], []
[2025-01-29 23:47:38,070][__main__][INFO] - [5, 17], [26]
[2025-01-29 23:47:38,131][__main__][INFO] - [5, 17, 27], []
[2025-01-29 23:47:38,179][__main__][INFO] - [5, 17], [27]
[2025-01-29 23:47:38,241][__main__][INFO] - [5, 17, 28], []
[2025-01-29 23:47:38,303][__main__][INFO] - [5, 17, 29], []
[2025-01-29 23:47:38,381][__main__][INFO] - [5, 17, 31], []
[2025-01-29 23:47:38,431][__main__][INFO] - [5, 17], [31]
[2025-01-29 23:47:38,491][__main__][INFO] - [5, 17, 32], []
[2025-01-29 23:47:38,539][__main__][INFO] - [5, 17, 33], []
[2025-01-29 23:47:38,596][__main__][INFO] - [5, 17, 34], []
[2025-01-29 23:47:38,644][__main__][INFO] - [5, 17, 35], []
[2025-01-29 23:47:38,693][__main__][INFO] - [5, 17, 36], []
[2025-01-29 23:47:38,742][__main__][INFO] - [5, 17, 37], []
[2025-01-29 23:47:38,790][__main__][INFO] - [5, 17, 38], []
[2025-01-29 23:47:38,927][__main__][INFO] - [5, 18, 21], []
[2025-01-29 23:47:39,004][__main__][INFO] - [5, 18, 23], []
[2025-01-29 23:47:39,110][__main__][INFO] - [5, 18], [25]
[2025-01-29 23:47:39,187][__main__][INFO] - [5, 18], [26]
[2025-01-29 23:47:39,264][__main__][INFO] - [5, 18], [27]
[2025-01-29 23:47:39,311][__main__][INFO] - [5, 18, 28], []
[2025-01-29 23:47:39,448][__main__][INFO] - [5, 18], [31]
[2025-01-29 23:47:39,524][__main__][INFO] - [5, 18, 33], []
[2025-01-29 23:47:39,808][__main__][INFO] - [5, 19, 21], []
[2025-01-29 23:47:39,857][__main__][INFO] - [5, 19, 22], []
[2025-01-29 23:47:39,905][__main__][INFO] - [5, 19, 23], []
[2025-01-29 23:47:39,983][__main__][INFO] - [5, 19, 25], []
[2025-01-29 23:47:40,032][__main__][INFO] - [5, 19], [25]
[2025-01-29 23:47:40,081][__main__][INFO] - [5, 19, 26], []
[2025-01-29 23:47:40,129][__main__][INFO] - [5, 19], [26]
[2025-01-29 23:47:40,209][__main__][INFO] - [5, 19], [27]
[2025-01-29 23:47:40,258][__main__][INFO] - [5, 19, 28], []
[2025-01-29 23:47:40,308][__main__][INFO] - [5, 19, 29], []
[2025-01-29 23:47:40,385][__main__][INFO] - [5, 19, 31], []
[2025-01-29 23:47:40,433][__main__][INFO] - [5, 19], [31]
[2025-01-29 23:47:40,482][__main__][INFO] - [5, 19, 32], []
[2025-01-29 23:47:40,529][__main__][INFO] - [5, 19, 33], []
[2025-01-29 23:47:40,578][__main__][INFO] - [5, 19, 34], []
[2025-01-29 23:47:40,625][__main__][INFO] - [5, 19, 35], []
[2025-01-29 23:47:40,673][__main__][INFO] - [5, 19, 36], []
[2025-01-29 23:47:40,895][__main__][INFO] - [5, 21, 25], []
[2025-01-29 23:47:41,093][__main__][INFO] - [5, 21], [25]
[2025-01-29 23:47:41,273][__main__][INFO] - [5, 21, 26], []
[2025-01-29 23:47:41,325][__main__][INFO] - [5, 21], [26]
[2025-01-29 23:47:41,657][__main__][INFO] - [5, 21, 27], []
[2025-01-29 23:47:41,710][__main__][INFO] - [5, 21], [27]
[2025-01-29 23:47:42,056][__main__][INFO] - [5, 21, 28], []
[2025-01-29 23:47:42,383][__main__][INFO] - [5, 21, 29], []
[2025-01-29 23:47:42,469][__main__][INFO] - [5, 21, 31], []
[2025-01-29 23:47:42,651][__main__][INFO] - [5, 21], [31]
[2025-01-29 23:47:42,827][__main__][INFO] - [5, 21, 32], []
[2025-01-29 23:47:42,905][__main__][INFO] - [5, 21, 33], []
[2025-01-29 23:47:43,096][__main__][INFO] - [5, 21, 34], []
[2025-01-29 23:47:43,146][__main__][INFO] - [5, 21, 35], []
[2025-01-29 23:47:43,245][__main__][INFO] - [5, 21, 36], []
[2025-01-29 23:47:43,305][__main__][INFO] - [5, 21, 37], []
[2025-01-29 23:47:43,354][__main__][INFO] - [5, 21, 38], []
[2025-01-29 23:47:43,403][__main__][INFO] - [5, 21, 39], []
[2025-01-29 23:47:43,510][__main__][INFO] - [5, 22, 25], []
[2025-01-29 23:47:43,565][__main__][INFO] - [5, 22], [25]
[2025-01-29 23:47:43,701][__main__][INFO] - [5, 22, 26], []
[2025-01-29 23:47:43,752][__main__][INFO] - [5, 22], [26]
[2025-01-29 23:47:43,886][__main__][INFO] - [5, 22, 27], []
[2025-01-29 23:47:43,935][__main__][INFO] - [5, 22], [27]
[2025-01-29 23:47:44,070][__main__][INFO] - [5, 22, 28], []
[2025-01-29 23:47:44,206][__main__][INFO] - [5, 22, 29], []
[2025-01-29 23:47:44,287][__main__][INFO] - [5, 22, 31], []
[2025-01-29 23:47:44,376][__main__][INFO] - [5, 22], [31]
[2025-01-29 23:47:44,463][__main__][INFO] - [5, 22, 32], []
[2025-01-29 23:47:44,512][__main__][INFO] - [5, 22, 33], []
[2025-01-29 23:47:44,629][__main__][INFO] - [5, 22, 34], []
[2025-01-29 23:47:44,682][__main__][INFO] - [5, 22, 35], []
[2025-01-29 23:47:44,732][__main__][INFO] - [5, 22, 36], []
[2025-01-29 23:47:44,780][__main__][INFO] - [5, 22, 37], []
[2025-01-29 23:47:44,828][__main__][INFO] - [5, 22, 38], []
[2025-01-29 23:47:44,877][__main__][INFO] - [5, 22, 39], []
[2025-01-29 23:47:44,984][__main__][INFO] - [5, 23, 25], []
[2025-01-29 23:47:45,047][__main__][INFO] - [5, 23], [25]
[2025-01-29 23:47:45,126][__main__][INFO] - [5, 23, 26], []
[2025-01-29 23:47:45,175][__main__][INFO] - [5, 23], [26]
[2025-01-29 23:47:45,270][__main__][INFO] - [5, 23, 27], []
[2025-01-29 23:47:45,319][__main__][INFO] - [5, 23], [27]
[2025-01-29 23:47:45,413][__main__][INFO] - [5, 23, 28], []
[2025-01-29 23:47:45,512][__main__][INFO] - [5, 23, 29], []
[2025-01-29 23:47:45,598][__main__][INFO] - [5, 23, 31], []
[2025-01-29 23:47:45,674][__main__][INFO] - [5, 23], [31]
[2025-01-29 23:47:45,744][__main__][INFO] - [5, 23, 32], []
[2025-01-29 23:47:45,795][__main__][INFO] - [5, 23, 33], []
[2025-01-29 23:47:45,870][__main__][INFO] - [5, 23, 34], []
[2025-01-29 23:47:45,918][__main__][INFO] - [5, 23, 35], []
[2025-01-29 23:47:45,971][__main__][INFO] - [5, 23, 36], []
[2025-01-29 23:47:46,020][__main__][INFO] - [5, 23, 37], []
[2025-01-29 23:47:46,067][__main__][INFO] - [5, 23, 38], []
[2025-01-29 23:47:46,115][__main__][INFO] - [5, 23, 39], []
[2025-01-29 23:47:46,220][__main__][INFO] - [5, 24, 25], []
[2025-01-29 23:47:46,268][__main__][INFO] - [5, 24], [25]
[2025-01-29 23:47:46,319][__main__][INFO] - [5, 24, 26], []
[2025-01-29 23:47:46,367][__main__][INFO] - [5, 24], [26]
[2025-01-29 23:47:46,419][__main__][INFO] - [5, 24, 27], []
[2025-01-29 23:47:46,467][__main__][INFO] - [5, 24], [27]
[2025-01-29 23:47:46,519][__main__][INFO] - [5, 24, 28], []
[2025-01-29 23:47:46,570][__main__][INFO] - [5, 24, 29], []
[2025-01-29 23:47:46,648][__main__][INFO] - [5, 24, 31], []
[2025-01-29 23:47:46,698][__main__][INFO] - [5, 24], [31]
[2025-01-29 23:47:46,748][__main__][INFO] - [5, 24, 32], []
[2025-01-29 23:47:46,796][__main__][INFO] - [5, 24, 33], []
[2025-01-29 23:47:46,847][__main__][INFO] - [5, 24, 34], []
[2025-01-29 23:47:46,895][__main__][INFO] - [5, 24, 35], []
[2025-01-29 23:47:46,943][__main__][INFO] - [5, 24, 36], []
[2025-01-29 23:47:47,139][__main__][INFO] - [5, 25, 26], []
[2025-01-29 23:47:47,189][__main__][INFO] - [5, 25], [26]
[2025-01-29 23:47:47,411][__main__][INFO] - [5, 25, 27], []
[2025-01-29 23:47:47,461][__main__][INFO] - [5, 25], [27]
[2025-01-29 23:47:47,692][__main__][INFO] - [5, 25, 28], []
[2025-01-29 23:47:47,932][__main__][INFO] - [5, 25, 29], []
[2025-01-29 23:47:48,013][__main__][INFO] - [5, 25, 31], []
[2025-01-29 23:47:48,146][__main__][INFO] - [5, 25], [31]
[2025-01-29 23:47:48,273][__main__][INFO] - [5, 25, 32], []
[2025-01-29 23:47:48,350][__main__][INFO] - [5, 25, 33], []
[2025-01-29 23:47:48,457][__main__][INFO] - [5, 25, 34], []
[2025-01-29 23:47:48,507][__main__][INFO] - [5, 25, 35], []
[2025-01-29 23:47:48,610][__main__][INFO] - [5, 25, 36], []
[2025-01-29 23:47:48,659][__main__][INFO] - [5, 25, 37], []
[2025-01-29 23:47:48,707][__main__][INFO] - [5, 25, 38], []
[2025-01-29 23:47:48,756][__main__][INFO] - [5, 25, 39], []
[2025-01-29 23:47:48,862][__main__][INFO] - [5, 26], [25]
[2025-01-29 23:47:48,915][__main__][INFO] - [5], [25, 26]
[2025-01-29 23:47:49,232][__main__][INFO] - [5, 27], [25]
[2025-01-29 23:47:49,285][__main__][INFO] - [5], [25, 27]
[2025-01-29 23:47:49,606][__main__][INFO] - [5, 28], [25]
[2025-01-29 23:47:49,924][__main__][INFO] - [5, 29], [25]
[2025-01-29 23:47:50,016][__main__][INFO] - [5, 31], [25]
[2025-01-29 23:47:50,190][__main__][INFO] - [5], [25, 31]
[2025-01-29 23:47:50,364][__main__][INFO] - [5, 32], [25]
[2025-01-29 23:47:50,420][__main__][INFO] - [5, 33], [25]
[2025-01-29 23:47:50,669][__main__][INFO] - [5, 34], [25]
[2025-01-29 23:47:50,723][__main__][INFO] - [5, 35], [25]
[2025-01-29 23:47:50,778][__main__][INFO] - [5, 36], [25]
[2025-01-29 23:47:50,839][__main__][INFO] - [5, 37], [25]
[2025-01-29 23:47:50,889][__main__][INFO] - [5, 38], [25]
[2025-01-29 23:47:50,937][__main__][INFO] - [5, 39], [25]
[2025-01-29 23:47:51,043][__main__][INFO] - [5, 26, 27], []
[2025-01-29 23:47:51,092][__main__][INFO] - [5, 26], [27]
[2025-01-29 23:47:51,145][__main__][INFO] - [5, 26, 28], []
[2025-01-29 23:47:51,198][__main__][INFO] - [5, 26, 29], []
[2025-01-29 23:47:51,277][__main__][INFO] - [5, 26, 31], []
[2025-01-29 23:47:51,328][__main__][INFO] - [5, 26], [31]
[2025-01-29 23:47:51,380][__main__][INFO] - [5, 26, 32], []
[2025-01-29 23:47:51,429][__main__][INFO] - [5, 26, 33], []
[2025-01-29 23:47:51,481][__main__][INFO] - [5, 26, 34], []
[2025-01-29 23:47:51,530][__main__][INFO] - [5, 26, 35], []
[2025-01-29 23:47:51,579][__main__][INFO] - [5, 26, 36], []
[2025-01-29 23:47:51,628][__main__][INFO] - [5, 26, 37], []
[2025-01-29 23:47:51,795][__main__][INFO] - [5, 27], [26]
[2025-01-29 23:47:51,849][__main__][INFO] - [5], [26, 27]
[2025-01-29 23:47:52,354][__main__][INFO] - [5, 28], [26]
[2025-01-29 23:47:52,850][__main__][INFO] - [5, 29], [26]
[2025-01-29 23:47:52,941][__main__][INFO] - [5, 31], [26]
[2025-01-29 23:47:53,207][__main__][INFO] - [5], [26, 31]
[2025-01-29 23:47:53,467][__main__][INFO] - [5, 32], [26]
[2025-01-29 23:47:53,553][__main__][INFO] - [5, 33], [26]
[2025-01-29 23:47:53,870][__main__][INFO] - [5, 34], [26]
[2025-01-29 23:47:53,926][__main__][INFO] - [5, 35], [26]
[2025-01-29 23:47:54,035][__main__][INFO] - [5, 36], [26]
[2025-01-29 23:47:54,098][__main__][INFO] - [5, 37], [26]
[2025-01-29 23:47:54,147][__main__][INFO] - [5, 38], [26]
[2025-01-29 23:47:54,196][__main__][INFO] - [5, 39], [26]
[2025-01-29 23:47:54,304][__main__][INFO] - [5, 27, 28], []
[2025-01-29 23:47:54,356][__main__][INFO] - [5, 27, 29], []
[2025-01-29 23:47:54,436][__main__][INFO] - [5, 27, 31], []
[2025-01-29 23:47:54,487][__main__][INFO] - [5, 27], [31]
[2025-01-29 23:47:54,538][__main__][INFO] - [5, 27, 32], []
[2025-01-29 23:47:54,587][__main__][INFO] - [5, 27, 33], []
[2025-01-29 23:47:54,638][__main__][INFO] - [5, 27, 34], []
[2025-01-29 23:47:54,686][__main__][INFO] - [5, 27, 35], []
[2025-01-29 23:47:54,734][__main__][INFO] - [5, 27, 36], []
[2025-01-29 23:47:54,783][__main__][INFO] - [5, 27, 37], []
[2025-01-29 23:47:54,831][__main__][INFO] - [5, 27, 38], []
[2025-01-29 23:47:54,967][__main__][INFO] - [5, 28], [27]
[2025-01-29 23:47:55,464][__main__][INFO] - [5, 29], [27]
[2025-01-29 23:47:55,553][__main__][INFO] - [5, 31], [27]
[2025-01-29 23:47:55,817][__main__][INFO] - [5], [27, 31]
[2025-01-29 23:47:56,071][__main__][INFO] - [5, 32], [27]
[2025-01-29 23:47:56,158][__main__][INFO] - [5, 33], [27]
[2025-01-29 23:47:56,472][__main__][INFO] - [5, 34], [27]
[2025-01-29 23:47:56,529][__main__][INFO] - [5, 35], [27]
[2025-01-29 23:47:56,639][__main__][INFO] - [5, 36], [27]
[2025-01-29 23:47:56,702][__main__][INFO] - [5, 37], [27]
[2025-01-29 23:47:56,752][__main__][INFO] - [5, 38], [27]
[2025-01-29 23:47:56,800][__main__][INFO] - [5, 39], [27]
[2025-01-29 23:47:56,908][__main__][INFO] - [5, 28, 31], []
[2025-01-29 23:47:57,170][__main__][INFO] - [5, 28], [31]
[2025-01-29 23:47:57,423][__main__][INFO] - [5, 28, 32], []
[2025-01-29 23:47:57,508][__main__][INFO] - [5, 28, 33], []
[2025-01-29 23:47:57,814][__main__][INFO] - [5, 28, 34], []
[2025-01-29 23:47:57,870][__main__][INFO] - [5, 28, 35], []
[2025-01-29 23:47:57,979][__main__][INFO] - [5, 28, 36], []
[2025-01-29 23:47:58,040][__main__][INFO] - [5, 28, 37], []
[2025-01-29 23:47:58,090][__main__][INFO] - [5, 28, 38], []
[2025-01-29 23:47:58,138][__main__][INFO] - [5, 28, 39], []
[2025-01-29 23:47:58,245][__main__][INFO] - [5, 29, 31], []
[2025-01-29 23:47:58,299][__main__][INFO] - [5, 29], [31]
[2025-01-29 23:47:58,353][__main__][INFO] - [5, 29, 32], []
[2025-01-29 23:47:58,402][__main__][INFO] - [5, 29, 33], []
[2025-01-29 23:47:58,457][__main__][INFO] - [5, 29, 34], []
[2025-01-29 23:47:58,505][__main__][INFO] - [5, 29, 35], []
[2025-01-29 23:47:58,554][__main__][INFO] - [5, 29, 36], []
[2025-01-29 23:47:58,603][__main__][INFO] - [5, 29, 37], []
[2025-01-29 23:47:58,805][__main__][INFO] - [5, 31, 32], []
[2025-01-29 23:47:58,870][__main__][INFO] - [5, 31, 33], []
[2025-01-29 23:47:59,041][__main__][INFO] - [5, 31, 34], []
[2025-01-29 23:47:59,092][__main__][INFO] - [5, 31, 35], []
[2025-01-29 23:47:59,171][__main__][INFO] - [5, 31, 36], []
[2025-01-29 23:47:59,226][__main__][INFO] - [5, 31, 37], []
[2025-01-29 23:47:59,275][__main__][INFO] - [5, 31, 38], []
[2025-01-29 23:47:59,323][__main__][INFO] - [5, 31, 39], []
[2025-01-29 23:47:59,430][__main__][INFO] - [5, 32], [31]
[2025-01-29 23:47:59,495][__main__][INFO] - [5, 33], [31]
[2025-01-29 23:47:59,660][__main__][INFO] - [5, 34], [31]
[2025-01-29 23:47:59,711][__main__][INFO] - [5, 35], [31]
[2025-01-29 23:47:59,783][__main__][INFO] - [5, 36], [31]
[2025-01-29 23:47:59,838][__main__][INFO] - [5, 37], [31]
[2025-01-29 23:47:59,886][__main__][INFO] - [5, 38], [31]
[2025-01-29 23:47:59,934][__main__][INFO] - [5, 39], [31]
[2025-01-29 23:48:00,068][__main__][INFO] - [6, 10, 11], []
[2025-01-29 23:48:00,165][__main__][INFO] - [6, 10, 12], []
[2025-01-29 23:48:00,218][__main__][INFO] - [6, 10, 13], []
[2025-01-29 23:48:00,276][__main__][INFO] - [6, 10, 14], []
[2025-01-29 23:48:00,325][__main__][INFO] - [6, 10, 15], []
[2025-01-29 23:48:00,373][__main__][INFO] - [6, 10, 16], []
[2025-01-29 23:48:00,486][__main__][INFO] - [6, 10, 17], []
[2025-01-29 23:48:00,569][__main__][INFO] - [6, 10, 19], []
[2025-01-29 23:48:00,647][__main__][INFO] - [6, 10, 21], []
[2025-01-29 23:48:00,734][__main__][INFO] - [6, 10, 22], []
[2025-01-29 23:48:00,796][__main__][INFO] - [6, 10, 23], []
[2025-01-29 23:48:00,852][__main__][INFO] - [6, 10, 24], []
[2025-01-29 23:48:00,901][__main__][INFO] - [6, 10, 25], []
[2025-01-29 23:48:00,967][__main__][INFO] - [6, 10], [25]
[2025-01-29 23:48:01,067][__main__][INFO] - [6, 10, 26], []
[2025-01-29 23:48:01,129][__main__][INFO] - [6, 10], [26]
[2025-01-29 23:48:01,231][__main__][INFO] - [6, 10, 27], []
[2025-01-29 23:48:01,290][__main__][INFO] - [6, 10], [27]
[2025-01-29 23:48:01,394][__main__][INFO] - [6, 10, 28], []
[2025-01-29 23:48:01,488][__main__][INFO] - [6, 10, 29], []
[2025-01-29 23:48:01,585][__main__][INFO] - [6, 10, 31], []
[2025-01-29 23:48:01,665][__main__][INFO] - [6, 10], [31]
[2025-01-29 23:48:01,745][__main__][INFO] - [6, 10, 32], []
[2025-01-29 23:48:01,797][__main__][INFO] - [6, 10, 33], []
[2025-01-29 23:48:01,885][__main__][INFO] - [6, 10, 34], []
[2025-01-29 23:48:01,935][__main__][INFO] - [6, 10, 35], []
[2025-01-29 23:48:01,987][__main__][INFO] - [6, 10, 36], []
[2025-01-29 23:48:02,040][__main__][INFO] - [6, 10, 37], []
[2025-01-29 23:48:02,088][__main__][INFO] - [6, 10, 38], []
[2025-01-29 23:48:02,136][__main__][INFO] - [6, 10, 39], []
[2025-01-29 23:48:02,243][__main__][INFO] - [6, 11], [10]
[2025-01-29 23:48:02,524][__main__][INFO] - [6, 12], [10]
[2025-01-29 23:48:02,602][__main__][INFO] - [6, 13], [10]
[2025-01-29 23:48:02,742][__main__][INFO] - [6, 14], [10]
[2025-01-29 23:48:02,794][__main__][INFO] - [6, 15], [10]
[2025-01-29 23:48:02,859][__main__][INFO] - [6, 16], [10]
[2025-01-29 23:48:03,272][__main__][INFO] - [6, 17], [10]
[2025-01-29 23:48:03,362][__main__][INFO] - [6, 19], [10]
[2025-01-29 23:48:03,440][__main__][INFO] - [6, 21], [10]
[2025-01-29 23:48:03,717][__main__][INFO] - [6, 22], [10]
[2025-01-29 23:48:03,845][__main__][INFO] - [6, 23], [10]
[2025-01-29 23:48:03,926][__main__][INFO] - [6, 24], [10]
[2025-01-29 23:48:03,976][__main__][INFO] - [6, 25], [10]
[2025-01-29 23:48:04,148][__main__][INFO] - [6], [10, 25]
[2025-01-29 23:48:04,470][__main__][INFO] - [6], [10, 26]
[2025-01-29 23:48:04,930][__main__][INFO] - [6], [10, 27]
[2025-01-29 23:48:05,356][__main__][INFO] - [6, 28], [10]
[2025-01-29 23:48:05,841][__main__][INFO] - [6, 31], [10]
[2025-01-29 23:48:06,067][__main__][INFO] - [6], [10, 31]
[2025-01-29 23:48:06,279][__main__][INFO] - [6, 32], [10]
[2025-01-29 23:48:06,346][__main__][INFO] - [6, 33], [10]
[2025-01-29 23:48:06,633][__main__][INFO] - [6, 34], [10]
[2025-01-29 23:48:06,686][__main__][INFO] - [6, 35], [10]
[2025-01-29 23:48:06,784][__main__][INFO] - [6, 36], [10]
[2025-01-29 23:48:06,843][__main__][INFO] - [6, 37], [10]
[2025-01-29 23:48:06,892][__main__][INFO] - [6, 38], [10]
[2025-01-29 23:48:06,940][__main__][INFO] - [6, 39], [10]
[2025-01-29 23:48:07,046][__main__][INFO] - [6, 11, 16], []
[2025-01-29 23:48:07,361][__main__][INFO] - [6, 11, 17], []
[2025-01-29 23:48:07,459][__main__][INFO] - [6, 11, 19], []
[2025-01-29 23:48:07,539][__main__][INFO] - [6, 11, 21], []
[2025-01-29 23:48:07,742][__main__][INFO] - [6, 11, 22], []
[2025-01-29 23:48:07,883][__main__][INFO] - [6, 11, 23], []
[2025-01-29 23:48:07,965][__main__][INFO] - [6, 11, 24], []
[2025-01-29 23:48:08,051][__main__][INFO] - [6, 11], [25]
[2025-01-29 23:48:08,414][__main__][INFO] - [6, 11, 26], []
[2025-01-29 23:48:08,471][__main__][INFO] - [6, 11], [26]
[2025-01-29 23:48:08,811][__main__][INFO] - [6, 11, 27], []
[2025-01-29 23:48:08,869][__main__][INFO] - [6, 11], [27]
[2025-01-29 23:48:09,220][__main__][INFO] - [6, 11, 28], []
[2025-01-29 23:48:09,535][__main__][INFO] - [6, 11, 29], []
[2025-01-29 23:48:09,626][__main__][INFO] - [6, 11, 31], []
[2025-01-29 23:48:09,808][__main__][INFO] - [6, 11], [31]
[2025-01-29 23:48:09,986][__main__][INFO] - [6, 11, 32], []
[2025-01-29 23:48:10,039][__main__][INFO] - [6, 11, 33], []
[2025-01-29 23:48:10,310][__main__][INFO] - [6, 11, 34], []
[2025-01-29 23:48:10,363][__main__][INFO] - [6, 11, 35], []
[2025-01-29 23:48:10,416][__main__][INFO] - [6, 11, 36], []
[2025-01-29 23:48:10,479][__main__][INFO] - [6, 11, 37], []
[2025-01-29 23:48:10,528][__main__][INFO] - [6, 11, 38], []
[2025-01-29 23:48:10,576][__main__][INFO] - [6, 11, 39], []
[2025-01-29 23:48:10,684][__main__][INFO] - [6, 12, 16], []
[2025-01-29 23:48:10,767][__main__][INFO] - [6, 12, 17], []
[2025-01-29 23:48:10,908][__main__][INFO] - [6, 12, 21], []
[2025-01-29 23:48:10,987][__main__][INFO] - [6, 12, 22], []
[2025-01-29 23:48:11,036][__main__][INFO] - [6, 12, 23], []
[2025-01-29 23:48:11,117][__main__][INFO] - [6, 12, 25], []
[2025-01-29 23:48:11,230][__main__][INFO] - [6, 12, 26], []
[2025-01-29 23:48:11,279][__main__][INFO] - [6, 12], [26]
[2025-01-29 23:48:11,361][__main__][INFO] - [6, 12, 27], []
[2025-01-29 23:48:11,410][__main__][INFO] - [6, 12], [27]
[2025-01-29 23:48:11,497][__main__][INFO] - [6, 12, 28], []
[2025-01-29 23:48:11,577][__main__][INFO] - [6, 12, 29], []
[2025-01-29 23:48:11,656][__main__][INFO] - [6, 12, 31], []
[2025-01-29 23:48:11,720][__main__][INFO] - [6, 12], [31]
[2025-01-29 23:48:11,782][__main__][INFO] - [6, 12, 32], []
[2025-01-29 23:48:11,836][__main__][INFO] - [6, 12, 33], []
[2025-01-29 23:48:11,897][__main__][INFO] - [6, 12, 34], []
[2025-01-29 23:48:11,945][__main__][INFO] - [6, 12, 35], []
[2025-01-29 23:48:12,000][__main__][INFO] - [6, 12, 36], []
[2025-01-29 23:48:12,048][__main__][INFO] - [6, 12, 37], []
[2025-01-29 23:48:12,096][__main__][INFO] - [6, 12, 38], []
[2025-01-29 23:48:12,144][__main__][INFO] - [6, 12, 39], []
[2025-01-29 23:48:12,251][__main__][INFO] - [6, 13, 16], []
[2025-01-29 23:48:12,402][__main__][INFO] - [6, 13, 17], []
[2025-01-29 23:48:12,481][__main__][INFO] - [6, 13, 19], []
[2025-01-29 23:48:12,559][__main__][INFO] - [6, 13, 21], []
[2025-01-29 23:48:12,691][__main__][INFO] - [6, 13, 22], []
[2025-01-29 23:48:12,744][__main__][INFO] - [6, 13, 23], []
[2025-01-29 23:48:12,801][__main__][INFO] - [6, 13, 24], []
[2025-01-29 23:48:12,849][__main__][INFO] - [6, 13, 25], []
[2025-01-29 23:48:13,033][__main__][INFO] - [6, 13, 26], []
[2025-01-29 23:48:13,084][__main__][INFO] - [6, 13], [26]
[2025-01-29 23:48:13,233][__main__][INFO] - [6, 13, 27], []
[2025-01-29 23:48:13,283][__main__][INFO] - [6, 13], [27]
[2025-01-29 23:48:13,429][__main__][INFO] - [6, 13, 28], []
[2025-01-29 23:48:13,580][__main__][INFO] - [6, 13, 29], []
[2025-01-29 23:48:13,660][__main__][INFO] - [6, 13, 31], []
[2025-01-29 23:48:13,767][__main__][INFO] - [6, 13], [31]
[2025-01-29 23:48:13,858][__main__][INFO] - [6, 13, 32], []
[2025-01-29 23:48:13,916][__main__][INFO] - [6, 13, 33], []
[2025-01-29 23:48:13,998][__main__][INFO] - [6, 13, 34], []
[2025-01-29 23:48:14,048][__main__][INFO] - [6, 13, 35], []
[2025-01-29 23:48:14,136][__main__][INFO] - [6, 13, 36], []
[2025-01-29 23:48:14,185][__main__][INFO] - [6, 13, 37], []
[2025-01-29 23:48:14,233][__main__][INFO] - [6, 13, 38], []
[2025-01-29 23:48:14,282][__main__][INFO] - [6, 13, 39], []
[2025-01-29 23:48:14,388][__main__][INFO] - [6, 14, 16], []
[2025-01-29 23:48:14,440][__main__][INFO] - [6, 14, 17], []
[2025-01-29 23:48:14,577][__main__][INFO] - [6, 14, 21], []
[2025-01-29 23:48:14,627][__main__][INFO] - [6, 14, 22], []
[2025-01-29 23:48:14,676][__main__][INFO] - [6, 14, 23], []
[2025-01-29 23:48:14,790][__main__][INFO] - [6, 14], [25]
[2025-01-29 23:48:14,842][__main__][INFO] - [6, 14, 26], []
[2025-01-29 23:48:14,890][__main__][INFO] - [6, 14], [26]
[2025-01-29 23:48:14,941][__main__][INFO] - [6, 14, 27], []
[2025-01-29 23:48:14,989][__main__][INFO] - [6, 14], [27]
[2025-01-29 23:48:15,041][__main__][INFO] - [6, 14, 28], []
[2025-01-29 23:48:15,092][__main__][INFO] - [6, 14, 29], []
[2025-01-29 23:48:15,169][__main__][INFO] - [6, 14, 31], []
[2025-01-29 23:48:15,219][__main__][INFO] - [6, 14], [31]
[2025-01-29 23:48:15,269][__main__][INFO] - [6, 14, 32], []
[2025-01-29 23:48:15,317][__main__][INFO] - [6, 14, 33], []
[2025-01-29 23:48:15,367][__main__][INFO] - [6, 14, 34], []
[2025-01-29 23:48:15,415][__main__][INFO] - [6, 14, 35], []
[2025-01-29 23:48:15,464][__main__][INFO] - [6, 14, 36], []
[2025-01-29 23:48:15,659][__main__][INFO] - [6, 15, 16], []
[2025-01-29 23:48:15,826][__main__][INFO] - [6, 15, 21], []
[2025-01-29 23:48:15,875][__main__][INFO] - [6, 15, 22], []
[2025-01-29 23:48:15,923][__main__][INFO] - [6, 15, 23], []
[2025-01-29 23:48:16,032][__main__][INFO] - [6, 15], [25]
[2025-01-29 23:48:16,110][__main__][INFO] - [6, 15], [26]
[2025-01-29 23:48:16,188][__main__][INFO] - [6, 15], [27]
[2025-01-29 23:48:16,237][__main__][INFO] - [6, 15, 28], []
[2025-01-29 23:48:16,345][__main__][INFO] - [6, 15, 31], []
[2025-01-29 23:48:16,393][__main__][INFO] - [6, 15], [31]
[2025-01-29 23:48:16,470][__main__][INFO] - [6, 15, 33], []
[2025-01-29 23:48:16,635][__main__][INFO] - [6, 15, 38], []
[2025-01-29 23:48:16,769][__main__][INFO] - [6, 16, 21], []
[2025-01-29 23:48:17,070][__main__][INFO] - [6, 16, 22], []
[2025-01-29 23:48:17,204][__main__][INFO] - [6, 16, 23], []
[2025-01-29 23:48:17,294][__main__][INFO] - [6, 16, 24], []
[2025-01-29 23:48:17,346][__main__][INFO] - [6, 16, 25], []
[2025-01-29 23:48:17,535][__main__][INFO] - [6, 16], [25]
[2025-01-29 23:48:17,859][__main__][INFO] - [6, 16, 26], []
[2025-01-29 23:48:17,933][__main__][INFO] - [6, 16], [26]
[2025-01-29 23:48:18,398][__main__][INFO] - [6, 16, 27], []
[2025-01-29 23:48:18,455][__main__][INFO] - [6, 16], [27]
[2025-01-29 23:48:18,916][__main__][INFO] - [6, 16, 28], []
[2025-01-29 23:48:19,371][__main__][INFO] - [6, 16, 29], []
[2025-01-29 23:48:19,467][__main__][INFO] - [6, 16, 31], []
[2025-01-29 23:48:19,730][__main__][INFO] - [6, 16], [31]
[2025-01-29 23:48:19,958][__main__][INFO] - [6, 16, 32], []
[2025-01-29 23:48:20,030][__main__][INFO] - [6, 16, 33], []
[2025-01-29 23:48:20,347][__main__][INFO] - [6, 16, 34], []
[2025-01-29 23:48:20,401][__main__][INFO] - [6, 16, 35], []
[2025-01-29 23:48:20,504][__main__][INFO] - [6, 16, 36], []
[2025-01-29 23:48:20,566][__main__][INFO] - [6, 16, 37], []
[2025-01-29 23:48:20,615][__main__][INFO] - [6, 16, 38], []
[2025-01-29 23:48:20,663][__main__][INFO] - [6, 16, 39], []
[2025-01-29 23:48:20,769][__main__][INFO] - [6, 17, 21], []
[2025-01-29 23:48:20,827][__main__][INFO] - [6, 17, 22], []
[2025-01-29 23:48:20,879][__main__][INFO] - [6, 17, 23], []
[2025-01-29 23:48:20,929][__main__][INFO] - [6, 17, 24], []
[2025-01-29 23:48:20,977][__main__][INFO] - [6, 17, 25], []
[2025-01-29 23:48:21,027][__main__][INFO] - [6, 17], [25]
[2025-01-29 23:48:21,091][__main__][INFO] - [6, 17, 26], []
[2025-01-29 23:48:21,140][__main__][INFO] - [6, 17], [26]
[2025-01-29 23:48:21,205][__main__][INFO] - [6, 17, 27], []
[2025-01-29 23:48:21,254][__main__][INFO] - [6, 17], [27]
[2025-01-29 23:48:21,321][__main__][INFO] - [6, 17, 28], []
[2025-01-29 23:48:21,386][__main__][INFO] - [6, 17, 29], []
[2025-01-29 23:48:21,465][__main__][INFO] - [6, 17, 31], []
[2025-01-29 23:48:21,515][__main__][INFO] - [6, 17], [31]
[2025-01-29 23:48:21,579][__main__][INFO] - [6, 17, 32], []
[2025-01-29 23:48:21,628][__main__][INFO] - [6, 17, 33], []
[2025-01-29 23:48:21,688][__main__][INFO] - [6, 17, 34], []
[2025-01-29 23:48:21,736][__main__][INFO] - [6, 17, 35], []
[2025-01-29 23:48:21,785][__main__][INFO] - [6, 17, 36], []
[2025-01-29 23:48:21,835][__main__][INFO] - [6, 17, 37], []
[2025-01-29 23:48:21,912][__main__][INFO] - [6, 17, 39], []
[2025-01-29 23:48:22,048][__main__][INFO] - [6, 19, 21], []
[2025-01-29 23:48:22,096][__main__][INFO] - [6, 19, 22], []
[2025-01-29 23:48:22,145][__main__][INFO] - [6, 19, 23], []
[2025-01-29 23:48:22,223][__main__][INFO] - [6, 19, 25], []
[2025-01-29 23:48:22,271][__main__][INFO] - [6, 19], [25]
[2025-01-29 23:48:22,321][__main__][INFO] - [6, 19, 26], []
[2025-01-29 23:48:22,369][__main__][INFO] - [6, 19], [26]
[2025-01-29 23:48:22,418][__main__][INFO] - [6, 19, 27], []
[2025-01-29 23:48:22,466][__main__][INFO] - [6, 19], [27]
[2025-01-29 23:48:22,515][__main__][INFO] - [6, 19, 28], []
[2025-01-29 23:48:22,564][__main__][INFO] - [6, 19, 29], []
[2025-01-29 23:48:22,640][__main__][INFO] - [6, 19, 31], []
[2025-01-29 23:48:22,689][__main__][INFO] - [6, 19], [31]
[2025-01-29 23:48:22,767][__main__][INFO] - [6, 19, 33], []
[2025-01-29 23:48:22,846][__main__][INFO] - [6, 19, 35], []
[2025-01-29 23:48:22,893][__main__][INFO] - [6, 19, 36], []
[2025-01-29 23:48:23,117][__main__][INFO] - [6, 21, 25], []
[2025-01-29 23:48:23,282][__main__][INFO] - [6, 21], [25]
[2025-01-29 23:48:23,476][__main__][INFO] - [6, 21, 26], []
[2025-01-29 23:48:23,531][__main__][INFO] - [6, 21], [26]
[2025-01-29 23:48:23,847][__main__][INFO] - [6, 21, 27], []
[2025-01-29 23:48:23,902][__main__][INFO] - [6, 21], [27]
[2025-01-29 23:48:24,218][__main__][INFO] - [6, 21, 28], []
[2025-01-29 23:48:24,527][__main__][INFO] - [6, 21, 29], []
[2025-01-29 23:48:24,616][__main__][INFO] - [6, 21, 31], []
[2025-01-29 23:48:24,794][__main__][INFO] - [6, 21], [31]
[2025-01-29 23:48:24,964][__main__][INFO] - [6, 21, 32], []
[2025-01-29 23:48:25,030][__main__][INFO] - [6, 21, 33], []
[2025-01-29 23:48:25,228][__main__][INFO] - [6, 21, 34], []
[2025-01-29 23:48:25,278][__main__][INFO] - [6, 21, 35], []
[2025-01-29 23:48:25,378][__main__][INFO] - [6, 21, 36], []
[2025-01-29 23:48:25,438][__main__][INFO] - [6, 21, 37], []
[2025-01-29 23:48:25,487][__main__][INFO] - [6, 21, 38], []
[2025-01-29 23:48:25,535][__main__][INFO] - [6, 21, 39], []
[2025-01-29 23:48:25,642][__main__][INFO] - [6, 22, 25], []
[2025-01-29 23:48:25,695][__main__][INFO] - [6, 22], [25]
[2025-01-29 23:48:25,832][__main__][INFO] - [6, 22, 26], []
[2025-01-29 23:48:25,883][__main__][INFO] - [6, 22], [26]
[2025-01-29 23:48:26,023][__main__][INFO] - [6, 22, 27], []
[2025-01-29 23:48:26,073][__main__][INFO] - [6, 22], [27]
[2025-01-29 23:48:26,214][__main__][INFO] - [6, 22, 28], []
[2025-01-29 23:48:26,354][__main__][INFO] - [6, 22, 29], []
[2025-01-29 23:48:26,434][__main__][INFO] - [6, 22, 31], []
[2025-01-29 23:48:26,528][__main__][INFO] - [6, 22], [31]
[2025-01-29 23:48:26,619][__main__][INFO] - [6, 22, 32], []
[2025-01-29 23:48:26,669][__main__][INFO] - [6, 22, 33], []
[2025-01-29 23:48:26,802][__main__][INFO] - [6, 22, 34], []
[2025-01-29 23:48:26,858][__main__][INFO] - [6, 22, 35], []
[2025-01-29 23:48:26,910][__main__][INFO] - [6, 22, 36], []
[2025-01-29 23:48:26,961][__main__][INFO] - [6, 22, 37], []
[2025-01-29 23:48:27,012][__main__][INFO] - [6, 22, 38], []
[2025-01-29 23:48:27,153][__main__][INFO] - [6, 23, 25], []
[2025-01-29 23:48:27,218][__main__][INFO] - [6, 23], [25]
[2025-01-29 23:48:27,300][__main__][INFO] - [6, 23, 26], []
[2025-01-29 23:48:27,350][__main__][INFO] - [6, 23], [26]
[2025-01-29 23:48:27,442][__main__][INFO] - [6, 23, 27], []
[2025-01-29 23:48:27,494][__main__][INFO] - [6, 23], [27]
[2025-01-29 23:48:27,588][__main__][INFO] - [6, 23, 28], []
[2025-01-29 23:48:27,681][__main__][INFO] - [6, 23, 29], []
[2025-01-29 23:48:27,766][__main__][INFO] - [6, 23, 31], []
[2025-01-29 23:48:27,837][__main__][INFO] - [6, 23], [31]
[2025-01-29 23:48:27,905][__main__][INFO] - [6, 23, 32], []
[2025-01-29 23:48:27,958][__main__][INFO] - [6, 23, 33], []
[2025-01-29 23:48:28,037][__main__][INFO] - [6, 23, 34], []
[2025-01-29 23:48:28,086][__main__][INFO] - [6, 23, 35], []
[2025-01-29 23:48:28,141][__main__][INFO] - [6, 23, 36], []
[2025-01-29 23:48:28,194][__main__][INFO] - [6, 23, 37], []
[2025-01-29 23:48:28,274][__main__][INFO] - [6, 23, 39], []
[2025-01-29 23:48:28,387][__main__][INFO] - [6, 24, 25], []
[2025-01-29 23:48:28,436][__main__][INFO] - [6, 24], [25]
[2025-01-29 23:48:28,490][__main__][INFO] - [6, 24, 26], []
[2025-01-29 23:48:28,539][__main__][INFO] - [6, 24], [26]
[2025-01-29 23:48:28,593][__main__][INFO] - [6, 24, 27], []
[2025-01-29 23:48:28,645][__main__][INFO] - [6, 24], [27]
[2025-01-29 23:48:28,708][__main__][INFO] - [6, 24, 28], []
[2025-01-29 23:48:28,764][__main__][INFO] - [6, 24, 29], []
[2025-01-29 23:48:28,848][__main__][INFO] - [6, 24, 31], []
[2025-01-29 23:48:28,900][__main__][INFO] - [6, 24], [31]
[2025-01-29 23:48:28,953][__main__][INFO] - [6, 24, 32], []
[2025-01-29 23:48:29,003][__main__][INFO] - [6, 24, 33], []
[2025-01-29 23:48:29,057][__main__][INFO] - [6, 24, 34], []
[2025-01-29 23:48:29,109][__main__][INFO] - [6, 24, 35], []
[2025-01-29 23:48:29,158][__main__][INFO] - [6, 24, 36], []
[2025-01-29 23:48:29,371][__main__][INFO] - [6, 25, 26], []
[2025-01-29 23:48:29,423][__main__][INFO] - [6, 25], [26]
[2025-01-29 23:48:29,620][__main__][INFO] - [6, 25, 27], []
[2025-01-29 23:48:29,675][__main__][INFO] - [6, 25], [27]
[2025-01-29 23:48:29,860][__main__][INFO] - [6, 25, 28], []
[2025-01-29 23:48:30,047][__main__][INFO] - [6, 25, 29], []
[2025-01-29 23:48:30,128][__main__][INFO] - [6, 25, 31], []
[2025-01-29 23:48:30,245][__main__][INFO] - [6, 25], [31]
[2025-01-29 23:48:30,354][__main__][INFO] - [6, 25, 32], []
[2025-01-29 23:48:30,418][__main__][INFO] - [6, 25, 33], []
[2025-01-29 23:48:30,514][__main__][INFO] - [6, 25, 34], []
[2025-01-29 23:48:30,564][__main__][INFO] - [6, 25, 35], []
[2025-01-29 23:48:30,660][__main__][INFO] - [6, 25, 36], []
[2025-01-29 23:48:30,708][__main__][INFO] - [6, 25, 37], []
[2025-01-29 23:48:30,757][__main__][INFO] - [6, 25, 38], []
[2025-01-29 23:48:30,805][__main__][INFO] - [6, 25, 39], []
[2025-01-29 23:48:30,911][__main__][INFO] - [6, 26], [25]
[2025-01-29 23:48:30,970][__main__][INFO] - [6], [25, 26]
[2025-01-29 23:48:31,309][__main__][INFO] - [6, 27], [25]
[2025-01-29 23:48:31,363][__main__][INFO] - [6], [25, 27]
[2025-01-29 23:48:31,700][__main__][INFO] - [6, 28], [25]
[2025-01-29 23:48:32,030][__main__][INFO] - [6, 29], [25]
[2025-01-29 23:48:32,121][__main__][INFO] - [6, 31], [25]
[2025-01-29 23:48:32,308][__main__][INFO] - [6], [25, 31]
[2025-01-29 23:48:32,490][__main__][INFO] - [6, 32], [25]
[2025-01-29 23:48:32,543][__main__][INFO] - [6, 33], [25]
[2025-01-29 23:48:32,833][__main__][INFO] - [6, 34], [25]
[2025-01-29 23:48:32,888][__main__][INFO] - [6, 35], [25]
[2025-01-29 23:48:32,959][__main__][INFO] - [6, 36], [25]
[2025-01-29 23:48:33,024][__main__][INFO] - [6, 37], [25]
[2025-01-29 23:48:33,074][__main__][INFO] - [6, 38], [25]
[2025-01-29 23:48:33,125][__main__][INFO] - [6, 39], [25]
[2025-01-29 23:48:33,237][__main__][INFO] - [6, 26, 27], []
[2025-01-29 23:48:33,289][__main__][INFO] - [6, 26], [27]
[2025-01-29 23:48:33,348][__main__][INFO] - [6, 26, 28], []
[2025-01-29 23:48:33,409][__main__][INFO] - [6, 26, 29], []
[2025-01-29 23:48:33,494][__main__][INFO] - [6, 26, 31], []
[2025-01-29 23:48:33,547][__main__][INFO] - [6, 26], [31]
[2025-01-29 23:48:33,605][__main__][INFO] - [6, 26, 32], []
[2025-01-29 23:48:33,655][__main__][INFO] - [6, 26, 33], []
[2025-01-29 23:48:33,713][__main__][INFO] - [6, 26, 34], []
[2025-01-29 23:48:33,764][__main__][INFO] - [6, 26, 35], []
[2025-01-29 23:48:33,813][__main__][INFO] - [6, 26, 36], []
[2025-01-29 23:48:33,864][__main__][INFO] - [6, 26, 37], []
[2025-01-29 23:48:34,038][__main__][INFO] - [6, 27], [26]
[2025-01-29 23:48:34,093][__main__][INFO] - [6], [26, 27]
[2025-01-29 23:48:34,607][__main__][INFO] - [6, 28], [26]
[2025-01-29 23:48:35,093][__main__][INFO] - [6, 29], [26]
[2025-01-29 23:48:35,186][__main__][INFO] - [6, 31], [26]
[2025-01-29 23:48:35,445][__main__][INFO] - [6], [26, 31]
[2025-01-29 23:48:35,683][__main__][INFO] - [6, 32], [26]
[2025-01-29 23:48:35,754][__main__][INFO] - [6, 33], [26]
[2025-01-29 23:48:36,072][__main__][INFO] - [6, 34], [26]
[2025-01-29 23:48:36,127][__main__][INFO] - [6, 35], [26]
[2025-01-29 23:48:36,230][__main__][INFO] - [6, 36], [26]
[2025-01-29 23:48:36,293][__main__][INFO] - [6, 37], [26]
[2025-01-29 23:48:36,342][__main__][INFO] - [6, 38], [26]
[2025-01-29 23:48:36,391][__main__][INFO] - [6, 39], [26]
[2025-01-29 23:48:36,497][__main__][INFO] - [6, 27, 28], []
[2025-01-29 23:48:36,551][__main__][INFO] - [6, 27, 29], []
[2025-01-29 23:48:36,631][__main__][INFO] - [6, 27, 31], []
[2025-01-29 23:48:36,683][__main__][INFO] - [6, 27], [31]
[2025-01-29 23:48:36,736][__main__][INFO] - [6, 27, 32], []
[2025-01-29 23:48:36,784][__main__][INFO] - [6, 27, 33], []
[2025-01-29 23:48:36,838][__main__][INFO] - [6, 27, 34], []
[2025-01-29 23:48:36,886][__main__][INFO] - [6, 27, 35], []
[2025-01-29 23:48:36,934][__main__][INFO] - [6, 27, 36], []
[2025-01-29 23:48:36,982][__main__][INFO] - [6, 27, 37], []
[2025-01-29 23:48:37,148][__main__][INFO] - [6, 28], [27]
[2025-01-29 23:48:37,619][__main__][INFO] - [6, 29], [27]
[2025-01-29 23:48:37,711][__main__][INFO] - [6, 31], [27]
[2025-01-29 23:48:37,970][__main__][INFO] - [6], [27, 31]
[2025-01-29 23:48:38,212][__main__][INFO] - [6, 32], [27]
[2025-01-29 23:48:38,283][__main__][INFO] - [6, 33], [27]
[2025-01-29 23:48:38,614][__main__][INFO] - [6, 34], [27]
[2025-01-29 23:48:38,669][__main__][INFO] - [6, 35], [27]
[2025-01-29 23:48:38,773][__main__][INFO] - [6, 36], [27]
[2025-01-29 23:48:38,836][__main__][INFO] - [6, 37], [27]
[2025-01-29 23:48:38,885][__main__][INFO] - [6, 38], [27]
[2025-01-29 23:48:38,933][__main__][INFO] - [6, 39], [27]
[2025-01-29 23:48:39,040][__main__][INFO] - [6, 28, 31], []
[2025-01-29 23:48:39,297][__main__][INFO] - [6, 28], [31]
[2025-01-29 23:48:39,535][__main__][INFO] - [6, 28, 32], []
[2025-01-29 23:48:39,605][__main__][INFO] - [6, 28, 33], []
[2025-01-29 23:48:39,920][__main__][INFO] - [6, 28, 34], []
[2025-01-29 23:48:39,974][__main__][INFO] - [6, 28, 35], []
[2025-01-29 23:48:40,077][__main__][INFO] - [6, 28, 36], []
[2025-01-29 23:48:40,139][__main__][INFO] - [6, 28, 37], []
[2025-01-29 23:48:40,187][__main__][INFO] - [6, 28, 38], []
[2025-01-29 23:48:40,236][__main__][INFO] - [6, 28, 39], []
[2025-01-29 23:48:40,343][__main__][INFO] - [6, 29, 31], []
[2025-01-29 23:48:40,399][__main__][INFO] - [6, 29], [31]
[2025-01-29 23:48:40,455][__main__][INFO] - [6, 29, 32], []
[2025-01-29 23:48:40,504][__main__][INFO] - [6, 29, 33], []
[2025-01-29 23:48:40,562][__main__][INFO] - [6, 29, 34], []
[2025-01-29 23:48:40,610][__main__][INFO] - [6, 29, 35], []
[2025-01-29 23:48:40,659][__main__][INFO] - [6, 29, 36], []
[2025-01-29 23:48:40,709][__main__][INFO] - [6, 29, 37], []
[2025-01-29 23:48:40,903][__main__][INFO] - [6, 31, 32], []
[2025-01-29 23:48:40,961][__main__][INFO] - [6, 31, 33], []
[2025-01-29 23:48:41,141][__main__][INFO] - [6, 31, 34], []
[2025-01-29 23:48:41,192][__main__][INFO] - [6, 31, 35], []
[2025-01-29 23:48:41,268][__main__][INFO] - [6, 31, 36], []
[2025-01-29 23:48:41,323][__main__][INFO] - [6, 31, 37], []
[2025-01-29 23:48:41,370][__main__][INFO] - [6, 31, 38], []
[2025-01-29 23:48:41,417][__main__][INFO] - [6, 31, 39], []
[2025-01-29 23:48:41,522][__main__][INFO] - [6, 32], [31]
[2025-01-29 23:48:41,579][__main__][INFO] - [6, 33], [31]
[2025-01-29 23:48:41,750][__main__][INFO] - [6, 34], [31]
[2025-01-29 23:48:41,800][__main__][INFO] - [6, 35], [31]
[2025-01-29 23:48:41,869][__main__][INFO] - [6, 36], [31]
[2025-01-29 23:48:41,922][__main__][INFO] - [6, 37], [31]
[2025-01-29 23:48:41,970][__main__][INFO] - [6, 38], [31]
[2025-01-29 23:48:42,017][__main__][INFO] - [6, 39], [31]
[2025-01-29 23:48:42,150][__main__][INFO] - [7, 10, 11], []
[2025-01-29 23:48:42,253][__main__][INFO] - [7, 10, 12], []
[2025-01-29 23:48:42,305][__main__][INFO] - [7, 10, 13], []
[2025-01-29 23:48:42,368][__main__][INFO] - [7, 10, 14], []
[2025-01-29 23:48:42,415][__main__][INFO] - [7, 10, 15], []
[2025-01-29 23:48:42,463][__main__][INFO] - [7, 10, 16], []
[2025-01-29 23:48:42,579][__main__][INFO] - [7, 10, 17], []
[2025-01-29 23:48:42,667][__main__][INFO] - [7, 10, 19], []
[2025-01-29 23:48:42,745][__main__][INFO] - [7, 10, 21], []
[2025-01-29 23:48:42,841][__main__][INFO] - [7, 10, 22], []
[2025-01-29 23:48:42,904][__main__][INFO] - [7, 10, 23], []
[2025-01-29 23:48:42,960][__main__][INFO] - [7, 10, 24], []
[2025-01-29 23:48:43,008][__main__][INFO] - [7, 10, 25], []
[2025-01-29 23:48:43,079][__main__][INFO] - [7, 10], [25]
[2025-01-29 23:48:43,185][__main__][INFO] - [7, 10, 26], []
[2025-01-29 23:48:43,259][__main__][INFO] - [7, 10], [26]
[2025-01-29 23:48:43,360][__main__][INFO] - [7, 10, 27], []
[2025-01-29 23:48:43,418][__main__][INFO] - [7, 10], [27]
[2025-01-29 23:48:43,532][__main__][INFO] - [7, 10, 28], []
[2025-01-29 23:48:43,640][__main__][INFO] - [7, 10, 29], []
[2025-01-29 23:48:43,745][__main__][INFO] - [7, 10, 31], []
[2025-01-29 23:48:43,833][__main__][INFO] - [7, 10], [31]
[2025-01-29 23:48:43,918][__main__][INFO] - [7, 10, 32], []
[2025-01-29 23:48:43,969][__main__][INFO] - [7, 10, 33], []
[2025-01-29 23:48:44,069][__main__][INFO] - [7, 10, 34], []
[2025-01-29 23:48:44,119][__main__][INFO] - [7, 10, 35], []
[2025-01-29 23:48:44,173][__main__][INFO] - [7, 10, 36], []
[2025-01-29 23:48:44,224][__main__][INFO] - [7, 10, 37], []
[2025-01-29 23:48:44,271][__main__][INFO] - [7, 10, 38], []
[2025-01-29 23:48:44,319][__main__][INFO] - [7, 10, 39], []
[2025-01-29 23:48:44,424][__main__][INFO] - [7, 11], [10]
[2025-01-29 23:48:44,650][__main__][INFO] - [7, 12], [10]
[2025-01-29 23:48:44,710][__main__][INFO] - [7, 13], [10]
[2025-01-29 23:48:44,818][__main__][INFO] - [7, 14], [10]
[2025-01-29 23:48:44,867][__main__][INFO] - [7, 15], [10]
[2025-01-29 23:48:44,914][__main__][INFO] - [7, 16], [10]
[2025-01-29 23:48:45,192][__main__][INFO] - [7, 17], [10]
[2025-01-29 23:48:45,295][__main__][INFO] - [7, 19], [10]
[2025-01-29 23:48:45,375][__main__][INFO] - [7, 21], [10]
[2025-01-29 23:48:45,584][__main__][INFO] - [7, 22], [10]
[2025-01-29 23:48:45,693][__main__][INFO] - [7, 23], [10]
[2025-01-29 23:48:45,761][__main__][INFO] - [7, 24], [10]
[2025-01-29 23:48:45,810][__main__][INFO] - [7, 25], [10]
[2025-01-29 23:48:45,936][__main__][INFO] - [7], [10, 25]
[2025-01-29 23:48:46,194][__main__][INFO] - [7], [10, 26]
[2025-01-29 23:48:46,541][__main__][INFO] - [7], [10, 27]
[2025-01-29 23:48:46,855][__main__][INFO] - [7, 28], [10]
[2025-01-29 23:48:47,232][__main__][INFO] - [7, 31], [10]
[2025-01-29 23:48:47,419][__main__][INFO] - [7], [10, 31]
[2025-01-29 23:48:47,575][__main__][INFO] - [7, 32], [10]
[2025-01-29 23:48:47,630][__main__][INFO] - [7, 33], [10]
[2025-01-29 23:48:47,856][__main__][INFO] - [7, 34], [10]
[2025-01-29 23:48:47,907][__main__][INFO] - [7, 35], [10]
[2025-01-29 23:48:48,004][__main__][INFO] - [7, 36], [10]
[2025-01-29 23:48:48,057][__main__][INFO] - [7, 37], [10]
[2025-01-29 23:48:48,106][__main__][INFO] - [7, 38], [10]
[2025-01-29 23:48:48,152][__main__][INFO] - [7, 39], [10]
[2025-01-29 23:48:48,259][__main__][INFO] - [7, 11, 16], []
[2025-01-29 23:48:48,494][__main__][INFO] - [7, 11, 17], []
[2025-01-29 23:48:48,605][__main__][INFO] - [7, 11, 19], []
[2025-01-29 23:48:48,685][__main__][INFO] - [7, 11, 21], []
[2025-01-29 23:48:48,853][__main__][INFO] - [7, 11, 22], []
[2025-01-29 23:48:48,973][__main__][INFO] - [7, 11, 23], []
[2025-01-29 23:48:49,040][__main__][INFO] - [7, 11, 24], []
[2025-01-29 23:48:49,119][__main__][INFO] - [7, 11], [25]
[2025-01-29 23:48:49,411][__main__][INFO] - [7, 11, 26], []
[2025-01-29 23:48:49,477][__main__][INFO] - [7, 11], [26]
[2025-01-29 23:48:49,742][__main__][INFO] - [7, 11, 27], []
[2025-01-29 23:48:49,796][__main__][INFO] - [7, 11], [27]
[2025-01-29 23:48:50,076][__main__][INFO] - [7, 11, 28], []
[2025-01-29 23:48:50,352][__main__][INFO] - [7, 11, 29], []
[2025-01-29 23:48:50,443][__main__][INFO] - [7, 11, 31], []
[2025-01-29 23:48:50,612][__main__][INFO] - [7, 11], [31]
[2025-01-29 23:48:50,761][__main__][INFO] - [7, 11, 32], []
[2025-01-29 23:48:50,811][__main__][INFO] - [7, 11, 33], []
[2025-01-29 23:48:51,055][__main__][INFO] - [7, 11, 34], []
[2025-01-29 23:48:51,105][__main__][INFO] - [7, 11, 35], []
