[2025-01-29 13:18:50,970][__main__][INFO] - In total, there are 5772124799 possible subgroups
[2025-01-29 13:18:50,999][__main__][INFO] - [0], []
[2025-01-29 13:18:55,198][__main__][INFO] - [], [0]
[2025-01-29 13:18:58,828][__main__][INFO] - [1], []
[2025-01-29 13:18:59,167][__main__][INFO] - [2], []
[2025-01-29 13:19:04,780][__main__][INFO] - [3], []
[2025-01-29 13:19:04,933][__main__][INFO] - [4], []
[2025-01-29 13:19:05,323][__main__][INFO] - [5], []
[2025-01-29 13:19:05,447][__main__][INFO] - [6], []
[2025-01-29 13:19:05,493][__main__][INFO] - [7], []
[2025-01-29 13:19:05,511][__main__][INFO] - [8], []
[2025-01-29 13:19:05,532][__main__][INFO] - [9], []
[2025-01-29 13:19:05,551][__main__][INFO] - [10], []
[2025-01-29 13:19:05,863][__main__][INFO] - [11], []
[2025-01-29 13:19:06,233][__main__][INFO] - [12], []
[2025-01-29 13:19:06,601][__main__][INFO] - [13], []
[2025-01-29 13:19:06,955][__main__][INFO] - [14], []
[2025-01-29 13:19:07,321][__main__][INFO] - [15], []
[2025-01-29 13:19:07,715][__main__][INFO] - [16], []
[2025-01-29 13:19:08,109][__main__][INFO] - [17], []
[2025-01-29 13:19:08,441][__main__][INFO] - [18], []
[2025-01-29 13:19:08,587][__main__][INFO] - [19], []
[2025-01-29 13:19:08,668][__main__][INFO] - [20], []
[2025-01-29 13:19:15,805][__main__][INFO] - [21], []
[2025-01-29 13:19:16,082][__main__][INFO] - [22], []
[2025-01-29 13:19:16,414][__main__][INFO] - [23], []
[2025-01-29 13:19:16,485][__main__][INFO] - [24], []
[2025-01-29 13:19:16,515][__main__][INFO] - [25], []
[2025-01-29 13:19:16,540][__main__][INFO] - [26], []
[2025-01-29 13:19:18,432][__main__][INFO] - [], [26]
[2025-01-29 13:19:25,820][__main__][INFO] - [27], []
[2025-01-29 13:19:31,633][__main__][INFO] - [28], []
[2025-01-29 13:19:31,900][__main__][INFO] - [29], []
[2025-01-29 13:19:32,273][__main__][INFO] - [30], []
[2025-01-29 13:19:32,318][__main__][INFO] - [31], []
[2025-01-29 13:19:32,338][__main__][INFO] - [32], []
[2025-01-29 13:19:40,656][__main__][INFO] - [33], []
[2025-01-29 13:19:40,841][__main__][INFO] - [34], []
[2025-01-29 13:19:40,870][__main__][INFO] - [35], []
[2025-01-29 13:19:40,905][__main__][INFO] - [36], []
[2025-01-29 13:19:41,527][__main__][INFO] - [37], []
[2025-01-29 13:19:45,548][__main__][INFO] - [38], []
[2025-01-29 13:19:46,610][__main__][INFO] - [39], []
[2025-01-29 13:19:47,263][__main__][INFO] - [40], []
[2025-01-29 13:19:47,313][__main__][INFO] - [41], []
[2025-01-29 13:19:48,085][__main__][INFO] - [], [41]
[2025-01-29 13:19:54,830][__main__][INFO] - [42], []
[2025-01-29 13:19:55,012][__main__][INFO] - [], [42]
[2025-01-29 13:20:09,300][__main__][INFO] - [43], []
[2025-01-29 13:20:09,423][__main__][INFO] - [], [43]
[2025-01-29 13:20:20,989][__main__][INFO] - [44], []
[2025-01-29 13:20:30,168][__main__][INFO] - [45], []
[2025-01-29 13:20:30,406][__main__][INFO] - [46], []
[2025-01-29 13:20:30,539][__main__][INFO] - [47], []
[2025-01-29 13:20:41,729][__main__][INFO] - [48], []
[2025-01-29 13:20:42,451][__main__][INFO] - [49], []
[2025-01-29 13:20:42,495][__main__][INFO] - [50], []
[2025-01-29 13:20:42,730][__main__][INFO] - [51], []
[2025-01-29 13:20:42,887][__main__][INFO] - [52], []
[2025-01-29 13:20:43,075][__main__][INFO] - [53], []
[2025-01-29 13:20:43,273][__main__][INFO] - [54], []
[2025-01-29 13:20:43,468][__main__][INFO] - [55], []
[2025-01-29 13:20:43,643][__main__][INFO] - [56], []
[2025-01-29 13:20:43,802][__main__][INFO] - [57], []
[2025-01-29 13:20:43,936][__main__][INFO] - [58], []
[2025-01-29 13:20:44,057][__main__][INFO] - [59], []
[2025-01-29 13:20:45,230][__main__][INFO] - [0, 1], []
[2025-01-29 13:20:45,401][__main__][INFO] - [0, 2], []
[2025-01-29 13:20:46,825][__main__][INFO] - [0, 3], []
[2025-01-29 13:20:46,907][__main__][INFO] - [0, 4], []
[2025-01-29 13:20:47,127][__main__][INFO] - [0, 5], []
[2025-01-29 13:20:47,203][__main__][INFO] - [0, 6], []
[2025-01-29 13:20:47,243][__main__][INFO] - [0, 7], []
[2025-01-29 13:20:47,269][__main__][INFO] - [0, 8], []
[2025-01-29 13:20:47,314][__main__][INFO] - [0, 10], []
[2025-01-29 13:20:47,478][__main__][INFO] - [0, 11], []
[2025-01-29 13:20:47,663][__main__][INFO] - [0, 12], []
[2025-01-29 13:20:47,853][__main__][INFO] - [0, 13], []
[2025-01-29 13:20:48,034][__main__][INFO] - [0, 14], []
[2025-01-29 13:20:48,214][__main__][INFO] - [0, 15], []
[2025-01-29 13:20:48,403][__main__][INFO] - [0, 16], []
[2025-01-29 13:20:48,586][__main__][INFO] - [0, 17], []
[2025-01-29 13:20:48,745][__main__][INFO] - [0, 18], []
[2025-01-29 13:20:48,828][__main__][INFO] - [0, 19], []
[2025-01-29 13:20:48,887][__main__][INFO] - [0, 20], []
[2025-01-29 13:20:50,706][__main__][INFO] - [0, 21], []
[2025-01-29 13:20:50,871][__main__][INFO] - [0, 22], []
[2025-01-29 13:20:51,039][__main__][INFO] - [0, 23], []
[2025-01-29 13:20:51,089][__main__][INFO] - [0, 24], []
[2025-01-29 13:20:51,110][__main__][INFO] - [0, 25], []
[2025-01-29 13:20:51,131][__main__][INFO] - [0, 26], []
[2025-01-29 13:20:51,464][__main__][INFO] - [0], [26]
[2025-01-29 13:20:53,487][__main__][INFO] - [0, 27], []
[2025-01-29 13:20:55,164][__main__][INFO] - [0, 28], []
[2025-01-29 13:20:55,310][__main__][INFO] - [0, 29], []
[2025-01-29 13:20:55,513][__main__][INFO] - [0, 30], []
[2025-01-29 13:20:55,549][__main__][INFO] - [0, 31], []
[2025-01-29 13:20:55,571][__main__][INFO] - [0, 32], []
[2025-01-29 13:20:57,834][__main__][INFO] - [0, 33], []
[2025-01-29 13:20:57,904][__main__][INFO] - [0, 34], []
[2025-01-29 13:20:57,927][__main__][INFO] - [0, 35], []
[2025-01-29 13:20:57,949][__main__][INFO] - [0, 36], []
[2025-01-29 13:20:58,235][__main__][INFO] - [0, 37], []
[2025-01-29 13:20:59,371][__main__][INFO] - [0, 38], []
[2025-01-29 13:20:59,809][__main__][INFO] - [0, 39], []
[2025-01-29 13:21:00,074][__main__][INFO] - [0, 40], []
[2025-01-29 13:21:00,117][__main__][INFO] - [0, 41], []
[2025-01-29 13:21:00,528][__main__][INFO] - [0], [41]
[2025-01-29 13:21:02,425][__main__][INFO] - [0, 42], []
[2025-01-29 13:21:02,495][__main__][INFO] - [0], [42]
[2025-01-29 13:21:05,494][__main__][INFO] - [0, 43], []
[2025-01-29 13:21:05,550][__main__][INFO] - [0], [43]
[2025-01-29 13:21:08,606][__main__][INFO] - [0, 44], []
[2025-01-29 13:21:11,159][__main__][INFO] - [0, 45], []
[2025-01-29 13:21:11,255][__main__][INFO] - [0, 46], []
[2025-01-29 13:21:11,332][__main__][INFO] - [0, 47], []
[2025-01-29 13:21:12,564][__main__][INFO] - [0, 48], []
[2025-01-29 13:21:13,329][__main__][INFO] - [0, 49], []
[2025-01-29 13:21:13,412][__main__][INFO] - [0, 50], []
[2025-01-29 13:21:13,530][__main__][INFO] - [0, 51], []
[2025-01-29 13:21:13,628][__main__][INFO] - [0, 52], []
[2025-01-29 13:21:13,727][__main__][INFO] - [0, 53], []
[2025-01-29 13:21:13,832][__main__][INFO] - [0, 54], []
[2025-01-29 13:21:13,925][__main__][INFO] - [0, 55], []
[2025-01-29 13:21:14,011][__main__][INFO] - [0, 56], []
[2025-01-29 13:21:14,097][__main__][INFO] - [0, 57], []
[2025-01-29 13:21:14,191][__main__][INFO] - [0, 58], []
[2025-01-29 13:21:14,266][__main__][INFO] - [0, 59], []
[2025-01-29 13:21:14,795][__main__][INFO] - [1], [0]
[2025-01-29 13:21:14,977][__main__][INFO] - [2], [0]
[2025-01-29 13:21:16,620][__main__][INFO] - [3], [0]
[2025-01-29 13:21:16,716][__main__][INFO] - [4], [0]
[2025-01-29 13:21:16,907][__main__][INFO] - [5], [0]
[2025-01-29 13:21:16,983][__main__][INFO] - [6], [0]
[2025-01-29 13:21:17,016][__main__][INFO] - [7], [0]
[2025-01-29 13:21:17,036][__main__][INFO] - [8], [0]
[2025-01-29 13:21:17,073][__main__][INFO] - [10], [0]
[2025-01-29 13:21:17,232][__main__][INFO] - [11], [0]
[2025-01-29 13:21:17,407][__main__][INFO] - [12], [0]
[2025-01-29 13:21:17,608][__main__][INFO] - [13], [0]
[2025-01-29 13:21:17,804][__main__][INFO] - [14], [0]
[2025-01-29 13:21:17,984][__main__][INFO] - [15], [0]
[2025-01-29 13:21:18,158][__main__][INFO] - [16], [0]
[2025-01-29 13:21:18,339][__main__][INFO] - [17], [0]
[2025-01-29 13:21:18,498][__main__][INFO] - [18], [0]
[2025-01-29 13:21:18,572][__main__][INFO] - [19], [0]
[2025-01-29 13:21:18,617][__main__][INFO] - [20], [0]
[2025-01-29 13:21:20,617][__main__][INFO] - [21], [0]
[2025-01-29 13:21:20,790][__main__][INFO] - [22], [0]
[2025-01-29 13:21:20,972][__main__][INFO] - [23], [0]
[2025-01-29 13:21:21,024][__main__][INFO] - [24], [0]
[2025-01-29 13:21:21,053][__main__][INFO] - [25], [0]
[2025-01-29 13:21:21,079][__main__][INFO] - [26], [0]
[2025-01-29 13:21:21,583][__main__][INFO] - [], [0, 26]
[2025-01-29 13:21:23,540][__main__][INFO] - [27], [0]
[2025-01-29 13:21:25,469][__main__][INFO] - [28], [0]
[2025-01-29 13:21:25,619][__main__][INFO] - [29], [0]
[2025-01-29 13:21:25,800][__main__][INFO] - [30], [0]
[2025-01-29 13:21:25,836][__main__][INFO] - [31], [0]
[2025-01-29 13:21:25,856][__main__][INFO] - [32], [0]
[2025-01-29 13:21:27,320][__main__][INFO] - [33], [0]
[2025-01-29 13:21:27,504][__main__][INFO] - [34], [0]
[2025-01-29 13:21:27,531][__main__][INFO] - [35], [0]
[2025-01-29 13:21:27,568][__main__][INFO] - [36], [0]
[2025-01-29 13:21:27,862][__main__][INFO] - [37], [0]
[2025-01-29 13:21:29,195][__main__][INFO] - [38], [0]
[2025-01-29 13:21:29,705][__main__][INFO] - [39], [0]
[2025-01-29 13:21:29,956][__main__][INFO] - [40], [0]
[2025-01-29 13:21:29,993][__main__][INFO] - [41], [0]
[2025-01-29 13:21:30,340][__main__][INFO] - [], [0, 41]
[2025-01-29 13:21:32,719][__main__][INFO] - [42], [0]
[2025-01-29 13:21:32,840][__main__][INFO] - [], [0, 42]
[2025-01-29 13:21:35,729][__main__][INFO] - [43], [0]
[2025-01-29 13:21:35,817][__main__][INFO] - [], [0, 43]
[2025-01-29 13:21:39,499][__main__][INFO] - [44], [0]
[2025-01-29 13:21:42,483][__main__][INFO] - [45], [0]
[2025-01-29 13:21:42,636][__main__][INFO] - [46], [0]
[2025-01-29 13:21:42,728][__main__][INFO] - [47], [0]
[2025-01-29 13:21:46,458][__main__][INFO] - [50], [0]
[2025-01-29 13:21:46,573][__main__][INFO] - [51], [0]
[2025-01-29 13:21:46,647][__main__][INFO] - [52], [0]
[2025-01-29 13:21:46,733][__main__][INFO] - [53], [0]
[2025-01-29 13:21:46,826][__main__][INFO] - [54], [0]
[2025-01-29 13:21:46,915][__main__][INFO] - [55], [0]
[2025-01-29 13:21:46,999][__main__][INFO] - [56], [0]
[2025-01-29 13:21:47,079][__main__][INFO] - [57], [0]
[2025-01-29 13:21:47,153][__main__][INFO] - [58], [0]
[2025-01-29 13:21:47,218][__main__][INFO] - [59], [0]
[2025-01-29 13:21:47,734][__main__][INFO] - [1, 10], []
[2025-01-29 13:21:47,810][__main__][INFO] - [1, 11], []
[2025-01-29 13:21:47,869][__main__][INFO] - [1, 12], []
[2025-01-29 13:21:47,934][__main__][INFO] - [1, 13], []
[2025-01-29 13:21:47,989][__main__][INFO] - [1, 14], []
[2025-01-29 13:21:48,042][__main__][INFO] - [1, 15], []
[2025-01-29 13:21:48,091][__main__][INFO] - [1, 16], []
[2025-01-29 13:21:48,130][__main__][INFO] - [1, 17], []
[2025-01-29 13:21:48,160][__main__][INFO] - [1, 18], []
[2025-01-29 13:21:48,184][__main__][INFO] - [1, 19], []
[2025-01-29 13:21:48,204][__main__][INFO] - [1, 20], []
[2025-01-29 13:21:48,387][__main__][INFO] - [1, 21], []
[2025-01-29 13:21:48,408][__main__][INFO] - [1, 22], []
[2025-01-29 13:21:48,533][__main__][INFO] - [1, 23], []
[2025-01-29 13:21:48,553][__main__][INFO] - [1, 24], []
[2025-01-29 13:21:48,589][__main__][INFO] - [1, 26], []
[2025-01-29 13:21:48,633][__main__][INFO] - [1], [26]
[2025-01-29 13:21:48,904][__main__][INFO] - [1, 27], []
[2025-01-29 13:21:49,098][__main__][INFO] - [1, 28], []
[2025-01-29 13:21:49,176][__main__][INFO] - [1, 29], []
[2025-01-29 13:21:49,242][__main__][INFO] - [1, 30], []
[2025-01-29 13:21:49,263][__main__][INFO] - [1, 31], []
[2025-01-29 13:21:49,283][__main__][INFO] - [1, 32], []
[2025-01-29 13:21:49,503][__main__][INFO] - [1, 33], []
[2025-01-29 13:21:49,527][__main__][INFO] - [1, 34], []
[2025-01-29 13:21:49,547][__main__][INFO] - [1, 35], []
[2025-01-29 13:21:49,567][__main__][INFO] - [1, 36], []
[2025-01-29 13:21:49,655][__main__][INFO] - [1, 37], []
[2025-01-29 13:21:49,888][__main__][INFO] - [1, 38], []
[2025-01-29 13:21:49,921][__main__][INFO] - [1, 39], []
[2025-01-29 13:21:49,973][__main__][INFO] - [1, 40], []
[2025-01-29 13:21:49,995][__main__][INFO] - [1, 41], []
[2025-01-29 13:21:50,118][__main__][INFO] - [1], [41]
[2025-01-29 13:21:50,302][__main__][INFO] - [1, 42], []
[2025-01-29 13:21:50,327][__main__][INFO] - [1], [42]
[2025-01-29 13:21:50,632][__main__][INFO] - [1, 43], []
[2025-01-29 13:21:50,657][__main__][INFO] - [1], [43]
[2025-01-29 13:21:50,948][__main__][INFO] - [1, 44], []
[2025-01-29 13:21:51,218][__main__][INFO] - [1, 45], []
[2025-01-29 13:21:51,252][__main__][INFO] - [1, 46], []
[2025-01-29 13:21:51,287][__main__][INFO] - [1, 47], []
[2025-01-29 13:21:51,511][__main__][INFO] - [1, 48], []
[2025-01-29 13:21:51,597][__main__][INFO] - [1, 49], []
[2025-01-29 13:21:51,622][__main__][INFO] - [1, 50], []
[2025-01-29 13:21:51,660][__main__][INFO] - [1, 51], []
[2025-01-29 13:21:51,698][__main__][INFO] - [1, 52], []
[2025-01-29 13:21:51,740][__main__][INFO] - [1, 53], []
[2025-01-29 13:21:51,782][__main__][INFO] - [1, 54], []
[2025-01-29 13:21:51,825][__main__][INFO] - [1, 55], []
[2025-01-29 13:21:51,860][__main__][INFO] - [1, 56], []
[2025-01-29 13:21:51,893][__main__][INFO] - [1, 57], []
[2025-01-29 13:21:51,923][__main__][INFO] - [1, 58], []
[2025-01-29 13:21:51,943][__main__][INFO] - [1, 59], []
[2025-01-29 13:21:52,004][__main__][INFO] - [2, 10], []
[2025-01-29 13:21:52,180][__main__][INFO] - [2, 11], []
[2025-01-29 13:21:52,377][__main__][INFO] - [2, 12], []
[2025-01-29 13:21:52,601][__main__][INFO] - [2, 13], []
[2025-01-29 13:21:52,816][__main__][INFO] - [2, 14], []
[2025-01-29 13:21:53,033][__main__][INFO] - [2, 15], []
[2025-01-29 13:21:53,261][__main__][INFO] - [2, 16], []
[2025-01-29 13:21:53,518][__main__][INFO] - [2, 17], []
[2025-01-29 13:21:53,744][__main__][INFO] - [2, 18], []
[2025-01-29 13:21:53,865][__main__][INFO] - [2, 19], []
[2025-01-29 13:21:53,934][__main__][INFO] - [2, 20], []
[2025-01-29 13:21:56,810][__main__][INFO] - [2, 21], []
[2025-01-29 13:21:56,850][__main__][INFO] - [2, 22], []
[2025-01-29 13:21:57,042][__main__][INFO] - [2, 23], []
[2025-01-29 13:21:57,112][__main__][INFO] - [2, 24], []
[2025-01-29 13:21:57,133][__main__][INFO] - [2, 25], []
[2025-01-29 13:21:57,155][__main__][INFO] - [2, 26], []
[2025-01-29 13:21:57,910][__main__][INFO] - [2], [26]
[2025-01-29 13:22:00,435][__main__][INFO] - [2, 27], []
[2025-01-29 13:22:03,116][__main__][INFO] - [2, 28], []
[2025-01-29 13:22:03,246][__main__][INFO] - [2, 29], []
[2025-01-29 13:22:03,391][__main__][INFO] - [2, 30], []
[2025-01-29 13:22:03,428][__main__][INFO] - [2, 31], []
[2025-01-29 13:22:03,451][__main__][INFO] - [2, 32], []
[2025-01-29 13:22:06,112][__main__][INFO] - [2, 33], []
[2025-01-29 13:22:06,277][__main__][INFO] - [2, 34], []
[2025-01-29 13:22:06,304][__main__][INFO] - [2, 35], []
[2025-01-29 13:22:06,343][__main__][INFO] - [2, 36], []
[2025-01-29 13:22:06,680][__main__][INFO] - [2, 37], []
[2025-01-29 13:22:07,999][__main__][INFO] - [2, 38], []
[2025-01-29 13:22:08,605][__main__][INFO] - [2, 39], []
[2025-01-29 13:22:08,972][__main__][INFO] - [2, 40], []
[2025-01-29 13:22:09,018][__main__][INFO] - [2, 41], []
[2025-01-29 13:22:09,302][__main__][INFO] - [2], [41]
[2025-01-29 13:22:12,388][__main__][INFO] - [2, 42], []
[2025-01-29 13:22:12,522][__main__][INFO] - [2], [42]
[2025-01-29 13:22:16,654][__main__][INFO] - [2, 43], []
[2025-01-29 13:22:16,728][__main__][INFO] - [2], [43]
[2025-01-29 13:22:20,874][__main__][INFO] - [2, 44], []
[2025-01-29 13:22:24,421][__main__][INFO] - [2, 45], []
[2025-01-29 13:22:24,547][__main__][INFO] - [2, 46], []
[2025-01-29 13:22:24,639][__main__][INFO] - [2, 47], []
[2025-01-29 13:22:28,123][__main__][INFO] - [2, 48], []
[2025-01-29 13:22:28,512][__main__][INFO] - [2, 49], []
[2025-01-29 13:22:28,551][__main__][INFO] - [2, 50], []
[2025-01-29 13:22:28,680][__main__][INFO] - [2, 51], []
[2025-01-29 13:22:28,770][__main__][INFO] - [2, 52], []
[2025-01-29 13:22:28,878][__main__][INFO] - [2, 53], []
[2025-01-29 13:22:28,999][__main__][INFO] - [2, 54], []
[2025-01-29 13:22:29,110][__main__][INFO] - [2, 55], []
[2025-01-29 13:22:29,231][__main__][INFO] - [2, 56], []
[2025-01-29 13:22:29,350][__main__][INFO] - [2, 57], []
[2025-01-29 13:22:29,439][__main__][INFO] - [2, 58], []
[2025-01-29 13:22:29,520][__main__][INFO] - [2, 59], []
[2025-01-29 13:22:30,241][__main__][INFO] - [3, 10], []
[2025-01-29 13:22:30,287][__main__][INFO] - [3, 11], []
[2025-01-29 13:22:30,330][__main__][INFO] - [3, 12], []
[2025-01-29 13:22:30,366][__main__][INFO] - [3, 13], []
[2025-01-29 13:22:30,397][__main__][INFO] - [3, 14], []
[2025-01-29 13:22:30,426][__main__][INFO] - [3, 15], []
[2025-01-29 13:22:30,453][__main__][INFO] - [3, 16], []
[2025-01-29 13:22:30,480][__main__][INFO] - [3, 17], []
[2025-01-29 13:22:30,500][__main__][INFO] - [3, 18], []
[2025-01-29 13:22:30,520][__main__][INFO] - [3, 19], []
[2025-01-29 13:22:30,540][__main__][INFO] - [3, 20], []
[2025-01-29 13:22:30,666][__main__][INFO] - [3, 21], []
[2025-01-29 13:22:30,697][__main__][INFO] - [3, 22], []
[2025-01-29 13:22:30,717][__main__][INFO] - [3, 23], []
[2025-01-29 13:22:30,737][__main__][INFO] - [3, 24], []
[2025-01-29 13:22:30,757][__main__][INFO] - [3, 25], []
[2025-01-29 13:22:30,777][__main__][INFO] - [3, 26], []
[2025-01-29 13:22:30,811][__main__][INFO] - [3], [26]
[2025-01-29 13:22:30,942][__main__][INFO] - [3, 27], []
[2025-01-29 13:22:31,066][__main__][INFO] - [3, 28], []
[2025-01-29 13:22:31,087][__main__][INFO] - [3, 29], []
[2025-01-29 13:22:31,108][__main__][INFO] - [3, 30], []
[2025-01-29 13:22:31,134][__main__][INFO] - [3, 31], []
[2025-01-29 13:22:31,154][__main__][INFO] - [3, 32], []
[2025-01-29 13:22:31,242][__main__][INFO] - [3, 33], []
[2025-01-29 13:22:31,265][__main__][INFO] - [3, 34], []
[2025-01-29 13:22:31,287][__main__][INFO] - [3, 35], []
[2025-01-29 13:22:31,308][__main__][INFO] - [3, 36], []
[2025-01-29 13:22:31,375][__main__][INFO] - [3, 37], []
[2025-01-29 13:22:31,420][__main__][INFO] - [3, 38], []
[2025-01-29 13:22:31,508][__main__][INFO] - [3, 39], []
[2025-01-29 13:22:31,541][__main__][INFO] - [3, 40], []
[2025-01-29 13:22:31,561][__main__][INFO] - [3, 41], []
[2025-01-29 13:22:31,581][__main__][INFO] - [3], [41]
[2025-01-29 13:22:31,711][__main__][INFO] - [3, 42], []
[2025-01-29 13:22:31,734][__main__][INFO] - [3], [42]
[2025-01-29 13:22:31,887][__main__][INFO] - [3, 43], []
[2025-01-29 13:22:31,910][__main__][INFO] - [3], [43]
[2025-01-29 13:22:32,057][__main__][INFO] - [3, 44], []
[2025-01-29 13:22:32,175][__main__][INFO] - [3, 45], []
[2025-01-29 13:22:32,201][__main__][INFO] - [3, 46], []
[2025-01-29 13:22:32,234][__main__][INFO] - [3, 47], []
[2025-01-29 13:22:32,349][__main__][INFO] - [3, 48], []
[2025-01-29 13:22:32,393][__main__][INFO] - [3, 49], []
[2025-01-29 13:22:32,415][__main__][INFO] - [3, 50], []
[2025-01-29 13:22:32,442][__main__][INFO] - [3, 51], []
[2025-01-29 13:22:32,466][__main__][INFO] - [3, 52], []
[2025-01-29 13:22:32,491][__main__][INFO] - [3, 53], []
[2025-01-29 13:22:32,516][__main__][INFO] - [3, 54], []
[2025-01-29 13:22:32,541][__main__][INFO] - [3, 55], []
[2025-01-29 13:22:32,566][__main__][INFO] - [3, 56], []
[2025-01-29 13:22:32,591][__main__][INFO] - [3, 57], []
[2025-01-29 13:22:32,619][__main__][INFO] - [3, 58], []
[2025-01-29 13:22:32,642][__main__][INFO] - [3, 59], []
[2025-01-29 13:22:32,714][__main__][INFO] - [4, 10], []
[2025-01-29 13:22:32,766][__main__][INFO] - [4, 11], []
[2025-01-29 13:22:32,823][__main__][INFO] - [4, 12], []
[2025-01-29 13:22:32,885][__main__][INFO] - [4, 13], []
[2025-01-29 13:22:32,950][__main__][INFO] - [4, 14], []
[2025-01-29 13:22:32,971][__main__][INFO] - [4, 15], []
[2025-01-29 13:22:32,992][__main__][INFO] - [4, 16], []
[2025-01-29 13:22:33,056][__main__][INFO] - [4, 17], []
[2025-01-29 13:22:33,105][__main__][INFO] - [4, 18], []
[2025-01-29 13:22:33,126][__main__][INFO] - [4, 19], []
[2025-01-29 13:22:33,156][__main__][INFO] - [4, 20], []
[2025-01-29 13:22:33,302][__main__][INFO] - [4, 21], []
[2025-01-29 13:22:33,553][__main__][INFO] - [4, 22], []
[2025-01-29 13:22:33,574][__main__][INFO] - [4, 23], []
[2025-01-29 13:22:33,595][__main__][INFO] - [4, 24], []
[2025-01-29 13:22:33,615][__main__][INFO] - [4, 25], []
[2025-01-29 13:22:33,635][__main__][INFO] - [4, 26], []
[2025-01-29 13:22:33,684][__main__][INFO] - [4], [26]
[2025-01-29 13:22:34,039][__main__][INFO] - [4, 27], []
[2025-01-29 13:22:34,188][__main__][INFO] - [4, 28], []
[2025-01-29 13:22:34,270][__main__][INFO] - [4, 29], []
[2025-01-29 13:22:34,444][__main__][INFO] - [4, 30], []
[2025-01-29 13:22:34,464][__main__][INFO] - [4, 31], []
[2025-01-29 13:22:34,485][__main__][INFO] - [4, 32], []
[2025-01-29 13:22:34,802][__main__][INFO] - [4, 33], []
[2025-01-29 13:22:34,832][__main__][INFO] - [4, 34], []
[2025-01-29 13:22:34,853][__main__][INFO] - [4, 35], []
[2025-01-29 13:22:34,874][__main__][INFO] - [4, 36], []
[2025-01-29 13:22:34,948][__main__][INFO] - [4, 37], []
[2025-01-29 13:22:35,260][__main__][INFO] - [4, 38], []
[2025-01-29 13:22:35,298][__main__][INFO] - [4, 39], []
[2025-01-29 13:22:35,357][__main__][INFO] - [4, 40], []
[2025-01-29 13:22:35,378][__main__][INFO] - [4, 41], []
[2025-01-29 13:22:35,626][__main__][INFO] - [4], [41]
[2025-01-29 13:22:35,792][__main__][INFO] - [4, 42], []
[2025-01-29 13:22:35,813][__main__][INFO] - [4], [42]
[2025-01-29 13:22:36,199][__main__][INFO] - [4, 43], []
[2025-01-29 13:22:36,224][__main__][INFO] - [4], [43]
[2025-01-29 13:22:36,607][__main__][INFO] - [4, 44], []
[2025-01-29 13:22:36,971][__main__][INFO] - [4, 45], []
[2025-01-29 13:22:37,001][__main__][INFO] - [4, 46], []
[2025-01-29 13:22:37,035][__main__][INFO] - [4, 47], []
[2025-01-29 13:22:37,328][__main__][INFO] - [4, 48], []
[2025-01-29 13:22:37,436][__main__][INFO] - [4, 49], []
[2025-01-29 13:22:37,461][__main__][INFO] - [4, 50], []
[2025-01-29 13:22:37,498][__main__][INFO] - [4, 51], []
[2025-01-29 13:22:37,531][__main__][INFO] - [4, 52], []
[2025-01-29 13:22:37,565][__main__][INFO] - [4, 53], []
[2025-01-29 13:22:37,598][__main__][INFO] - [4, 54], []
[2025-01-29 13:22:37,619][__main__][INFO] - [4, 55], []
[2025-01-29 13:22:37,639][__main__][INFO] - [4, 56], []
[2025-01-29 13:22:37,671][__main__][INFO] - [4, 57], []
[2025-01-29 13:22:37,707][__main__][INFO] - [4, 58], []
[2025-01-29 13:22:37,754][__main__][INFO] - [4, 59], []
[2025-01-29 13:22:37,940][__main__][INFO] - [5, 10], []
[2025-01-29 13:22:37,986][__main__][INFO] - [5, 11], []
[2025-01-29 13:22:38,021][__main__][INFO] - [5, 12], []
[2025-01-29 13:22:38,058][__main__][INFO] - [5, 13], []
[2025-01-29 13:22:38,090][__main__][INFO] - [5, 14], []
[2025-01-29 13:22:38,110][__main__][INFO] - [5, 15], []
[2025-01-29 13:22:38,143][__main__][INFO] - [5, 16], []
[2025-01-29 13:22:38,163][__main__][INFO] - [5, 17], []
[2025-01-29 13:22:38,192][__main__][INFO] - [5, 18], []
[2025-01-29 13:22:38,212][__main__][INFO] - [5, 19], []
[2025-01-29 13:22:38,232][__main__][INFO] - [5, 20], []
[2025-01-29 13:22:38,350][__main__][INFO] - [5, 21], []
[2025-01-29 13:22:38,370][__main__][INFO] - [5, 22], []
[2025-01-29 13:22:38,397][__main__][INFO] - [5, 23], []
[2025-01-29 13:22:38,417][__main__][INFO] - [5, 24], []
[2025-01-29 13:22:38,460][__main__][INFO] - [5, 26], []
[2025-01-29 13:22:38,496][__main__][INFO] - [5], [26]
[2025-01-29 13:22:38,601][__main__][INFO] - [5, 27], []
[2025-01-29 13:22:38,718][__main__][INFO] - [5, 28], []
[2025-01-29 13:22:38,745][__main__][INFO] - [5, 29], []
[2025-01-29 13:22:38,773][__main__][INFO] - [5, 30], []
[2025-01-29 13:22:38,793][__main__][INFO] - [5, 31], []
[2025-01-29 13:22:38,813][__main__][INFO] - [5, 32], []
[2025-01-29 13:22:38,909][__main__][INFO] - [5, 33], []
[2025-01-29 13:22:38,935][__main__][INFO] - [5, 34], []
[2025-01-29 13:22:38,955][__main__][INFO] - [5, 35], []
[2025-01-29 13:22:38,977][__main__][INFO] - [5, 36], []
[2025-01-29 13:22:39,017][__main__][INFO] - [5, 37], []
[2025-01-29 13:22:39,112][__main__][INFO] - [5, 38], []
[2025-01-29 13:22:39,144][__main__][INFO] - [5, 39], []
[2025-01-29 13:22:39,176][__main__][INFO] - [5, 40], []
[2025-01-29 13:22:39,196][__main__][INFO] - [5, 41], []
[2025-01-29 13:22:39,222][__main__][INFO] - [5], [41]
[2025-01-29 13:22:39,340][__main__][INFO] - [5, 42], []
[2025-01-29 13:22:39,363][__main__][INFO] - [5], [42]
[2025-01-29 13:22:39,484][__main__][INFO] - [5, 43], []
[2025-01-29 13:22:39,508][__main__][INFO] - [5], [43]
[2025-01-29 13:22:39,629][__main__][INFO] - [5, 44], []
[2025-01-29 13:22:39,739][__main__][INFO] - [5, 45], []
[2025-01-29 13:22:39,760][__main__][INFO] - [5, 46], []
[2025-01-29 13:22:39,785][__main__][INFO] - [5, 47], []
[2025-01-29 13:22:39,885][__main__][INFO] - [5, 48], []
[2025-01-29 13:22:39,926][__main__][INFO] - [5, 49], []
[2025-01-29 13:22:39,946][__main__][INFO] - [5, 50], []
[2025-01-29 13:22:39,984][__main__][INFO] - [5, 51], []
[2025-01-29 13:22:40,014][__main__][INFO] - [5, 52], []
[2025-01-29 13:22:40,043][__main__][INFO] - [5, 53], []
[2025-01-29 13:22:40,072][__main__][INFO] - [5, 54], []
[2025-01-29 13:22:40,101][__main__][INFO] - [5, 55], []
[2025-01-29 13:22:40,121][__main__][INFO] - [5, 56], []
[2025-01-29 13:22:40,141][__main__][INFO] - [5, 57], []
[2025-01-29 13:22:40,161][__main__][INFO] - [5, 58], []
[2025-01-29 13:22:40,184][__main__][INFO] - [5, 59], []
[2025-01-29 13:22:40,238][__main__][INFO] - [6, 10], []
[2025-01-29 13:22:40,261][__main__][INFO] - [6, 11], []
[2025-01-29 13:22:40,284][__main__][INFO] - [6, 12], []
[2025-01-29 13:22:40,306][__main__][INFO] - [6, 13], []
[2025-01-29 13:22:40,328][__main__][INFO] - [6, 14], []
[2025-01-29 13:22:40,350][__main__][INFO] - [6, 15], []
[2025-01-29 13:22:40,372][__main__][INFO] - [6, 16], []
[2025-01-29 13:22:40,394][__main__][INFO] - [6, 17], []
[2025-01-29 13:22:40,416][__main__][INFO] - [6, 18], []
[2025-01-29 13:22:40,437][__main__][INFO] - [6, 19], []
[2025-01-29 13:22:40,456][__main__][INFO] - [6, 20], []
[2025-01-29 13:22:40,515][__main__][INFO] - [6, 22], []
[2025-01-29 13:22:40,581][__main__][INFO] - [6, 26], []
[2025-01-29 13:22:40,609][__main__][INFO] - [6], [26]
[2025-01-29 13:22:40,649][__main__][INFO] - [6, 27], []
[2025-01-29 13:22:40,693][__main__][INFO] - [6, 28], []
[2025-01-29 13:22:40,713][__main__][INFO] - [6, 29], []
[2025-01-29 13:22:40,734][__main__][INFO] - [6, 30], []
[2025-01-29 13:22:40,769][__main__][INFO] - [6, 32], []
[2025-01-29 13:22:40,807][__main__][INFO] - [6, 33], []
[2025-01-29 13:22:40,858][__main__][INFO] - [6, 36], []
[2025-01-29 13:22:40,886][__main__][INFO] - [6, 37], []
[2025-01-29 13:22:40,924][__main__][INFO] - [6, 38], []
[2025-01-29 13:22:40,947][__main__][INFO] - [6, 39], []
[2025-01-29 13:22:40,969][__main__][INFO] - [6, 40], []
[2025-01-29 13:22:40,989][__main__][INFO] - [6, 41], []
[2025-01-29 13:22:41,010][__main__][INFO] - [6], [41]
[2025-01-29 13:22:41,054][__main__][INFO] - [6, 42], []
[2025-01-29 13:22:41,076][__main__][INFO] - [6], [42]
[2025-01-29 13:22:41,120][__main__][INFO] - [6, 43], []
[2025-01-29 13:22:41,141][__main__][INFO] - [6], [43]
[2025-01-29 13:22:41,186][__main__][INFO] - [6, 44], []
[2025-01-29 13:22:41,228][__main__][INFO] - [6, 45], []
[2025-01-29 13:22:41,250][__main__][INFO] - [6, 46], []
[2025-01-29 13:22:41,272][__main__][INFO] - [6, 47], []
[2025-01-29 13:22:41,310][__main__][INFO] - [6, 48], []
[2025-01-29 13:22:41,339][__main__][INFO] - [6, 49], []
[2025-01-29 13:22:41,360][__main__][INFO] - [6, 50], []
[2025-01-29 13:22:41,382][__main__][INFO] - [6, 51], []
[2025-01-29 13:22:41,403][__main__][INFO] - [6, 52], []
[2025-01-29 13:22:41,425][__main__][INFO] - [6, 53], []
[2025-01-29 13:22:41,446][__main__][INFO] - [6, 54], []
[2025-01-29 13:22:41,468][__main__][INFO] - [6, 55], []
[2025-01-29 13:22:41,490][__main__][INFO] - [6, 56], []
[2025-01-29 13:22:41,511][__main__][INFO] - [6, 57], []
[2025-01-29 13:22:41,532][__main__][INFO] - [6, 58], []
[2025-01-29 13:22:41,554][__main__][INFO] - [6, 59], []
[2025-01-29 13:22:41,591][__main__][INFO] - [7, 10], []
[2025-01-29 13:22:41,611][__main__][INFO] - [7, 11], []
[2025-01-29 13:22:41,630][__main__][INFO] - [7, 12], []
[2025-01-29 13:22:41,650][__main__][INFO] - [7, 13], []
[2025-01-29 13:22:41,669][__main__][INFO] - [7, 14], []
[2025-01-29 13:22:41,688][__main__][INFO] - [7, 15], []
[2025-01-29 13:22:41,708][__main__][INFO] - [7, 16], []
[2025-01-29 13:22:41,728][__main__][INFO] - [7, 17], []
[2025-01-29 13:22:41,747][__main__][INFO] - [7, 18], []
[2025-01-29 13:22:41,782][__main__][INFO] - [7, 20], []
[2025-01-29 13:22:41,817][__main__][INFO] - [7, 22], []
[2025-01-29 13:22:41,866][__main__][INFO] - [7, 25], []
[2025-01-29 13:22:41,886][__main__][INFO] - [7, 26], []
[2025-01-29 13:22:41,906][__main__][INFO] - [7], [26]
[2025-01-29 13:22:41,926][__main__][INFO] - [7, 27], []
[2025-01-29 13:22:41,946][__main__][INFO] - [7, 28], []
[2025-01-29 13:22:41,966][__main__][INFO] - [7, 29], []
[2025-01-29 13:22:41,986][__main__][INFO] - [7, 30], []
[2025-01-29 13:22:42,005][__main__][INFO] - [7, 31], []
[2025-01-29 13:22:42,025][__main__][INFO] - [7, 32], []
[2025-01-29 13:22:42,045][__main__][INFO] - [7, 33], []
[2025-01-29 13:22:42,095][__main__][INFO] - [7, 36], []
[2025-01-29 13:22:42,114][__main__][INFO] - [7, 37], []
[2025-01-29 13:22:42,134][__main__][INFO] - [7, 38], []
[2025-01-29 13:22:42,154][__main__][INFO] - [7, 39], []
[2025-01-29 13:22:42,189][__main__][INFO] - [7, 41], []
[2025-01-29 13:22:42,209][__main__][INFO] - [7], [41]
[2025-01-29 13:22:42,229][__main__][INFO] - [7, 42], []
[2025-01-29 13:22:42,249][__main__][INFO] - [7], [42]
[2025-01-29 13:22:42,269][__main__][INFO] - [7, 43], []
[2025-01-29 13:22:42,289][__main__][INFO] - [7], [43]
[2025-01-29 13:22:42,309][__main__][INFO] - [7, 44], []
[2025-01-29 13:22:42,329][__main__][INFO] - [7, 45], []
[2025-01-29 13:22:42,349][__main__][INFO] - [7, 46], []
[2025-01-29 13:22:42,369][__main__][INFO] - [7, 47], []
[2025-01-29 13:22:42,388][__main__][INFO] - [7, 48], []
[2025-01-29 13:22:42,423][__main__][INFO] - [7, 50], []
[2025-01-29 13:22:42,443][__main__][INFO] - [7, 51], []
[2025-01-29 13:22:42,463][__main__][INFO] - [7, 52], []
[2025-01-29 13:22:42,482][__main__][INFO] - [7, 53], []
[2025-01-29 13:22:42,502][__main__][INFO] - [7, 54], []
[2025-01-29 13:22:42,522][__main__][INFO] - [7, 55], []
[2025-01-29 13:22:42,542][__main__][INFO] - [7, 56], []
[2025-01-29 13:22:42,562][__main__][INFO] - [7, 57], []
[2025-01-29 13:22:42,581][__main__][INFO] - [7, 58], []
[2025-01-29 13:22:42,601][__main__][INFO] - [7, 59], []
[2025-01-29 13:22:42,636][__main__][INFO] - [8, 10], []
[2025-01-29 13:22:42,657][__main__][INFO] - [8, 11], []
[2025-01-29 13:22:42,677][__main__][INFO] - [8, 12], []
[2025-01-29 13:22:42,697][__main__][INFO] - [8, 13], []
[2025-01-29 13:22:42,716][__main__][INFO] - [8, 14], []
[2025-01-29 13:22:42,737][__main__][INFO] - [8, 15], []
[2025-01-29 13:22:42,758][__main__][INFO] - [8, 16], []
[2025-01-29 13:22:42,779][__main__][INFO] - [8, 17], []
[2025-01-29 13:22:42,828][__main__][INFO] - [8, 20], []
[2025-01-29 13:22:42,867][__main__][INFO] - [8, 22], []
[2025-01-29 13:22:42,931][__main__][INFO] - [8, 26], []
[2025-01-29 13:22:42,953][__main__][INFO] - [8], [26]
[2025-01-29 13:22:42,976][__main__][INFO] - [8, 27], []
[2025-01-29 13:22:42,999][__main__][INFO] - [8, 28], []
[2025-01-29 13:22:43,019][__main__][INFO] - [8, 29], []
[2025-01-29 13:22:43,069][__main__][INFO] - [8, 32], []
[2025-01-29 13:22:43,091][__main__][INFO] - [8, 33], []
[2025-01-29 13:22:43,142][__main__][INFO] - [8, 36], []
[2025-01-29 13:22:43,163][__main__][INFO] - [8, 37], []
[2025-01-29 13:22:43,186][__main__][INFO] - [8, 38], []
[2025-01-29 13:22:43,207][__main__][INFO] - [8, 39], []
[2025-01-29 13:22:43,243][__main__][INFO] - [8, 41], []
[2025-01-29 13:22:43,263][__main__][INFO] - [8], [41]
[2025-01-29 13:22:43,286][__main__][INFO] - [8, 42], []
[2025-01-29 13:22:43,307][__main__][INFO] - [8], [42]
[2025-01-29 13:22:43,331][__main__][INFO] - [8, 43], []
[2025-01-29 13:22:43,352][__main__][INFO] - [8], [43]
[2025-01-29 13:22:43,375][__main__][INFO] - [8, 44], []
[2025-01-29 13:22:43,399][__main__][INFO] - [8, 45], []
[2025-01-29 13:22:43,420][__main__][INFO] - [8, 46], []
[2025-01-29 13:22:43,440][__main__][INFO] - [8, 47], []
[2025-01-29 13:22:43,462][__main__][INFO] - [8, 48], []
[2025-01-29 13:22:43,499][__main__][INFO] - [8, 50], []
[2025-01-29 13:22:43,520][__main__][INFO] - [8, 51], []
[2025-01-29 13:22:43,540][__main__][INFO] - [8, 52], []
[2025-01-29 13:22:43,559][__main__][INFO] - [8, 53], []
[2025-01-29 13:22:43,580][__main__][INFO] - [8, 54], []
[2025-01-29 13:22:43,601][__main__][INFO] - [8, 55], []
[2025-01-29 13:22:43,621][__main__][INFO] - [8, 56], []
[2025-01-29 13:22:43,642][__main__][INFO] - [8, 57], []
[2025-01-29 13:22:43,663][__main__][INFO] - [8, 58], []
[2025-01-29 13:22:43,683][__main__][INFO] - [8, 59], []
[2025-01-29 13:22:43,866][__main__][INFO] - [9, 20], []
[2025-01-29 13:22:43,991][__main__][INFO] - [9, 27], []
[2025-01-29 13:22:44,072][__main__][INFO] - [9, 32], []
[2025-01-29 13:22:44,236][__main__][INFO] - [9], [41]
[2025-01-29 13:22:44,273][__main__][INFO] - [9], [42]
[2025-01-29 13:22:44,309][__main__][INFO] - [9], [43]
[2025-01-29 13:22:44,698][__main__][INFO] - [10, 20], []
[2025-01-29 13:22:45,089][__main__][INFO] - [10, 21], []
[2025-01-29 13:22:45,115][__main__][INFO] - [10, 22], []
[2025-01-29 13:22:45,139][__main__][INFO] - [10, 23], []
[2025-01-29 13:22:45,159][__main__][INFO] - [10, 24], []
[2025-01-29 13:22:45,179][__main__][INFO] - [10, 25], []
[2025-01-29 13:22:45,200][__main__][INFO] - [10, 26], []
[2025-01-29 13:22:45,225][__main__][INFO] - [10], [26]
[2025-01-29 13:22:45,513][__main__][INFO] - [10, 27], []
[2025-01-29 13:22:45,797][__main__][INFO] - [10, 28], []
[2025-01-29 13:22:45,818][__main__][INFO] - [10, 29], []
[2025-01-29 13:22:45,841][__main__][INFO] - [10, 30], []
[2025-01-29 13:22:45,864][__main__][INFO] - [10, 31], []
[2025-01-29 13:22:45,944][__main__][INFO] - [10, 36], []
[2025-01-29 13:22:46,258][__main__][INFO] - [10, 37], []
[2025-01-29 13:22:46,406][__main__][INFO] - [10, 38], []
[2025-01-29 13:22:46,496][__main__][INFO] - [10, 39], []
[2025-01-29 13:22:46,565][__main__][INFO] - [10, 40], []
[2025-01-29 13:22:46,588][__main__][INFO] - [10, 41], []
[2025-01-29 13:22:46,618][__main__][INFO] - [10], [41]
[2025-01-29 13:22:46,915][__main__][INFO] - [10, 42], []
[2025-01-29 13:22:46,937][__main__][INFO] - [10], [42]
[2025-01-29 13:22:47,242][__main__][INFO] - [10, 43], []
[2025-01-29 13:22:47,264][__main__][INFO] - [10], [43]
[2025-01-29 13:22:47,576][__main__][INFO] - [10, 44], []
[2025-01-29 13:22:47,726][__main__][INFO] - [10, 45], []
[2025-01-29 13:22:47,750][__main__][INFO] - [10, 46], []
[2025-01-29 13:22:47,884][__main__][INFO] - [10, 47], []
[2025-01-29 13:22:48,233][__main__][INFO] - [10, 50], []
[2025-01-29 13:22:48,266][__main__][INFO] - [10, 51], []
[2025-01-29 13:22:48,302][__main__][INFO] - [10, 52], []
[2025-01-29 13:22:48,339][__main__][INFO] - [10, 53], []
[2025-01-29 13:22:48,375][__main__][INFO] - [10, 54], []
[2025-01-29 13:22:48,409][__main__][INFO] - [10, 55], []
[2025-01-29 13:22:48,441][__main__][INFO] - [10, 56], []
[2025-01-29 13:22:48,472][__main__][INFO] - [10, 57], []
[2025-01-29 13:22:48,501][__main__][INFO] - [10, 58], []
[2025-01-29 13:22:48,528][__main__][INFO] - [10, 59], []
[2025-01-29 13:22:48,633][__main__][INFO] - [11, 20], []
[2025-01-29 13:22:48,941][__main__][INFO] - [11, 21], []
[2025-01-29 13:22:48,974][__main__][INFO] - [11, 22], []
[2025-01-29 13:22:49,002][__main__][INFO] - [11, 23], []
[2025-01-29 13:22:49,024][__main__][INFO] - [11, 24], []
[2025-01-29 13:22:49,044][__main__][INFO] - [11, 25], []
[2025-01-29 13:22:49,064][__main__][INFO] - [11, 26], []
[2025-01-29 13:22:49,099][__main__][INFO] - [11], [26]
[2025-01-29 13:22:49,423][__main__][INFO] - [11, 27], []
[2025-01-29 13:22:49,735][__main__][INFO] - [11, 28], []
[2025-01-29 13:22:49,756][__main__][INFO] - [11, 29], []
[2025-01-29 13:22:49,786][__main__][INFO] - [11, 30], []
[2025-01-29 13:22:49,809][__main__][INFO] - [11, 31], []
[2025-01-29 13:22:49,829][__main__][INFO] - [11, 32], []
[2025-01-29 13:22:49,928][__main__][INFO] - [11, 34], []
[2025-01-29 13:22:49,964][__main__][INFO] - [11, 36], []
[2025-01-29 13:22:50,214][__main__][INFO] - [11, 37], []
[2025-01-29 13:22:50,392][__main__][INFO] - [11, 38], []
[2025-01-29 13:22:50,479][__main__][INFO] - [11, 39], []
[2025-01-29 13:22:50,546][__main__][INFO] - [11, 40], []
[2025-01-29 13:22:50,569][__main__][INFO] - [11, 41], []
[2025-01-29 13:22:50,606][__main__][INFO] - [11], [41]
[2025-01-29 13:22:50,917][__main__][INFO] - [11, 42], []
[2025-01-29 13:22:50,940][__main__][INFO] - [11], [42]
[2025-01-29 13:22:51,300][__main__][INFO] - [11, 43], []
[2025-01-29 13:22:51,324][__main__][INFO] - [11], [43]
[2025-01-29 13:22:51,673][__main__][INFO] - [11, 44], []
[2025-01-29 13:22:52,002][__main__][INFO] - [11, 45], []
[2025-01-29 13:22:52,046][__main__][INFO] - [11, 47], []
[2025-01-29 13:22:52,298][__main__][INFO] - [11, 48], []
[2025-01-29 13:22:52,380][__main__][INFO] - [11, 49], []
[2025-01-29 13:22:52,402][__main__][INFO] - [11, 50], []
[2025-01-29 13:22:52,449][__main__][INFO] - [11, 51], []
[2025-01-29 13:22:52,484][__main__][INFO] - [11, 52], []
[2025-01-29 13:22:52,521][__main__][INFO] - [11, 53], []
[2025-01-29 13:22:52,562][__main__][INFO] - [11, 54], []
[2025-01-29 13:22:52,600][__main__][INFO] - [11, 55], []
[2025-01-29 13:22:52,658][__main__][INFO] - [11, 56], []
[2025-01-29 13:22:52,689][__main__][INFO] - [11, 57], []
[2025-01-29 13:22:52,718][__main__][INFO] - [11, 58], []
[2025-01-29 13:22:52,746][__main__][INFO] - [11, 59], []
[2025-01-29 13:22:52,851][__main__][INFO] - [12, 20], []
[2025-01-29 13:22:53,159][__main__][INFO] - [12, 21], []
[2025-01-29 13:22:53,199][__main__][INFO] - [12, 22], []
[2025-01-29 13:22:53,240][__main__][INFO] - [12, 23], []
[2025-01-29 13:22:53,263][__main__][INFO] - [12, 24], []
[2025-01-29 13:22:53,284][__main__][INFO] - [12, 25], []
[2025-01-29 13:22:53,304][__main__][INFO] - [12, 26], []
[2025-01-29 13:22:53,342][__main__][INFO] - [12], [26]
[2025-01-29 13:22:53,696][__main__][INFO] - [12, 27], []
[2025-01-29 13:22:54,008][__main__][INFO] - [12, 28], []
[2025-01-29 13:22:54,055][__main__][INFO] - [12, 29], []
[2025-01-29 13:22:54,076][__main__][INFO] - [12, 30], []
[2025-01-29 13:22:54,099][__main__][INFO] - [12, 31], []
[2025-01-29 13:22:54,120][__main__][INFO] - [12, 32], []
[2025-01-29 13:22:54,487][__main__][INFO] - [12, 33], []
[2025-01-29 13:22:54,511][__main__][INFO] - [12, 34], []
[2025-01-29 13:22:54,536][__main__][INFO] - [12, 35], []
[2025-01-29 13:22:54,573][__main__][INFO] - [12, 37], []
[2025-01-29 13:22:54,787][__main__][INFO] - [12, 38], []
[2025-01-29 13:22:54,876][__main__][INFO] - [12, 39], []
[2025-01-29 13:22:54,948][__main__][INFO] - [12, 40], []
[2025-01-29 13:22:54,972][__main__][INFO] - [12, 41], []
[2025-01-29 13:22:55,036][__main__][INFO] - [12], [41]
[2025-01-29 13:22:55,379][__main__][INFO] - [12, 42], []
[2025-01-29 13:22:55,404][__main__][INFO] - [12], [42]
[2025-01-29 13:22:55,770][__main__][INFO] - [12, 43], []
[2025-01-29 13:22:55,794][__main__][INFO] - [12], [43]
[2025-01-29 13:22:56,158][__main__][INFO] - [12, 44], []
[2025-01-29 13:22:56,508][__main__][INFO] - [12, 45], []
[2025-01-29 13:22:56,557][__main__][INFO] - [12, 47], []
[2025-01-29 13:22:56,755][__main__][INFO] - [12, 48], []
[2025-01-29 13:22:56,920][__main__][INFO] - [12, 49], []
[2025-01-29 13:22:56,948][__main__][INFO] - [12, 50], []
[2025-01-29 13:22:57,010][__main__][INFO] - [12, 51], []
[2025-01-29 13:22:57,042][__main__][INFO] - [12, 52], []
[2025-01-29 13:22:57,078][__main__][INFO] - [12, 53], []
[2025-01-29 13:22:57,121][__main__][INFO] - [12, 54], []
[2025-01-29 13:22:57,158][__main__][INFO] - [12, 55], []
[2025-01-29 13:22:57,194][__main__][INFO] - [12, 56], []
[2025-01-29 13:22:57,227][__main__][INFO] - [12, 57], []
[2025-01-29 13:22:57,259][__main__][INFO] - [12, 58], []
[2025-01-29 13:22:57,288][__main__][INFO] - [12, 59], []
[2025-01-29 13:22:57,395][__main__][INFO] - [13, 20], []
[2025-01-29 13:22:57,639][__main__][INFO] - [13, 21], []
[2025-01-29 13:22:57,689][__main__][INFO] - [13, 22], []
[2025-01-29 13:22:57,750][__main__][INFO] - [13, 23], []
[2025-01-29 13:22:57,777][__main__][INFO] - [13, 24], []
[2025-01-29 13:22:57,799][__main__][INFO] - [13, 25], []
[2025-01-29 13:22:57,819][__main__][INFO] - [13, 26], []
[2025-01-29 13:22:57,857][__main__][INFO] - [13], [26]
[2025-01-29 13:22:58,183][__main__][INFO] - [13, 27], []
[2025-01-29 13:22:58,428][__main__][INFO] - [13, 28], []
[2025-01-29 13:22:58,497][__main__][INFO] - [13, 29], []
[2025-01-29 13:22:58,542][__main__][INFO] - [13, 30], []
[2025-01-29 13:22:58,565][__main__][INFO] - [13, 31], []
[2025-01-29 13:22:58,587][__main__][INFO] - [13, 32], []
[2025-01-29 13:22:58,919][__main__][INFO] - [13, 33], []
[2025-01-29 13:22:58,947][__main__][INFO] - [13, 34], []
[2025-01-29 13:22:58,969][__main__][INFO] - [13, 35], []
[2025-01-29 13:22:59,006][__main__][INFO] - [13, 37], []
[2025-01-29 13:22:59,204][__main__][INFO] - [13, 38], []
[2025-01-29 13:22:59,289][__main__][INFO] - [13, 39], []
[2025-01-29 13:22:59,350][__main__][INFO] - [13, 40], []
[2025-01-29 13:22:59,374][__main__][INFO] - [13, 41], []
[2025-01-29 13:22:59,472][__main__][INFO] - [13], [41]
[2025-01-29 13:22:59,716][__main__][INFO] - [13, 42], []
[2025-01-29 13:22:59,739][__main__][INFO] - [13], [42]
[2025-01-29 13:23:00,092][__main__][INFO] - [13, 43], []
[2025-01-29 13:23:00,116][__main__][INFO] - [13], [43]
[2025-01-29 13:23:00,462][__main__][INFO] - [13, 44], []
[2025-01-29 13:23:00,792][__main__][INFO] - [13, 45], []
[2025-01-29 13:23:00,841][__main__][INFO] - [13, 47], []
[2025-01-29 13:23:01,017][__main__][INFO] - [13, 48], []
[2025-01-29 13:23:01,176][__main__][INFO] - [13, 49], []
[2025-01-29 13:23:01,212][__main__][INFO] - [13, 50], []
[2025-01-29 13:23:01,248][__main__][INFO] - [13, 51], []
[2025-01-29 13:23:01,278][__main__][INFO] - [13, 52], []
[2025-01-29 13:23:01,309][__main__][INFO] - [13, 53], []
[2025-01-29 13:23:01,348][__main__][INFO] - [13, 54], []
[2025-01-29 13:23:01,381][__main__][INFO] - [13, 55], []
[2025-01-29 13:23:01,412][__main__][INFO] - [13, 56], []
[2025-01-29 13:23:01,444][__main__][INFO] - [13, 57], []
[2025-01-29 13:23:01,475][__main__][INFO] - [13, 58], []
[2025-01-29 13:23:01,504][__main__][INFO] - [13, 59], []
[2025-01-29 13:23:01,641][__main__][INFO] - [14, 20], []
[2025-01-29 13:23:01,846][__main__][INFO] - [14, 21], []
[2025-01-29 13:23:01,868][__main__][INFO] - [14, 22], []
[2025-01-29 13:23:01,944][__main__][INFO] - [14, 23], []
[2025-01-29 13:23:01,975][__main__][INFO] - [14, 24], []
[2025-01-29 13:23:01,995][__main__][INFO] - [14, 25], []
[2025-01-29 13:23:02,015][__main__][INFO] - [14, 26], []
[2025-01-29 13:23:02,056][__main__][INFO] - [14], [26]
[2025-01-29 13:23:02,370][__main__][INFO] - [14, 27], []
[2025-01-29 13:23:02,573][__main__][INFO] - [14, 28], []
[2025-01-29 13:23:02,646][__main__][INFO] - [14, 29], []
[2025-01-29 13:23:02,721][__main__][INFO] - [14, 30], []
[2025-01-29 13:23:02,744][__main__][INFO] - [14, 31], []
[2025-01-29 13:23:02,765][__main__][INFO] - [14, 32], []
[2025-01-29 13:23:03,087][__main__][INFO] - [14, 33], []
[2025-01-29 13:23:03,119][__main__][INFO] - [14, 34], []
[2025-01-29 13:23:03,141][__main__][INFO] - [14, 35], []
[2025-01-29 13:23:03,178][__main__][INFO] - [14, 37], []
[2025-01-29 13:23:03,386][__main__][INFO] - [14, 38], []
[2025-01-29 13:23:03,463][__main__][INFO] - [14, 39], []
[2025-01-29 13:23:03,520][__main__][INFO] - [14, 40], []
[2025-01-29 13:23:03,543][__main__][INFO] - [14, 41], []
[2025-01-29 13:23:03,676][__main__][INFO] - [14], [41]
[2025-01-29 13:23:03,893][__main__][INFO] - [14, 42], []
[2025-01-29 13:23:03,917][__main__][INFO] - [14], [42]
[2025-01-29 13:23:04,264][__main__][INFO] - [14, 43], []
[2025-01-29 13:23:04,288][__main__][INFO] - [14], [43]
[2025-01-29 13:23:04,649][__main__][INFO] - [14, 44], []
[2025-01-29 13:23:04,988][__main__][INFO] - [14, 45], []
[2025-01-29 13:23:05,036][__main__][INFO] - [14, 47], []
[2025-01-29 13:23:05,208][__main__][INFO] - [14, 48], []
[2025-01-29 13:23:05,382][__main__][INFO] - [14, 49], []
[2025-01-29 13:23:05,406][__main__][INFO] - [14, 50], []
[2025-01-29 13:23:05,439][__main__][INFO] - [14, 51], []
[2025-01-29 13:23:05,469][__main__][INFO] - [14, 52], []
[2025-01-29 13:23:05,500][__main__][INFO] - [14, 53], []
[2025-01-29 13:23:05,534][__main__][INFO] - [14, 54], []
[2025-01-29 13:23:05,566][__main__][INFO] - [14, 55], []
[2025-01-29 13:23:05,598][__main__][INFO] - [14, 56], []
[2025-01-29 13:23:05,630][__main__][INFO] - [14, 57], []
[2025-01-29 13:23:05,660][__main__][INFO] - [14, 58], []
[2025-01-29 13:23:05,689][__main__][INFO] - [14, 59], []
[2025-01-29 13:23:05,837][__main__][INFO] - [15, 20], []
[2025-01-29 13:23:06,059][__main__][INFO] - [15, 21], []
[2025-01-29 13:23:06,125][__main__][INFO] - [15, 22], []
[2025-01-29 13:23:06,198][__main__][INFO] - [15, 23], []
[2025-01-29 13:23:06,224][__main__][INFO] - [15, 24], []
[2025-01-29 13:23:06,245][__main__][INFO] - [15, 25], []
[2025-01-29 13:23:06,266][__main__][INFO] - [15, 26], []
[2025-01-29 13:23:06,320][__main__][INFO] - [15], [26]
[2025-01-29 13:23:06,621][__main__][INFO] - [15, 27], []
[2025-01-29 13:23:06,830][__main__][INFO] - [15, 28], []
[2025-01-29 13:23:06,888][__main__][INFO] - [15, 29], []
[2025-01-29 13:23:06,975][__main__][INFO] - [15, 30], []
[2025-01-29 13:23:06,998][__main__][INFO] - [15, 31], []
[2025-01-29 13:23:07,019][__main__][INFO] - [15, 32], []
[2025-01-29 13:23:07,354][__main__][INFO] - [15, 33], []
[2025-01-29 13:23:07,389][__main__][INFO] - [15, 34], []
[2025-01-29 13:23:07,411][__main__][INFO] - [15, 35], []
[2025-01-29 13:23:07,448][__main__][INFO] - [15, 37], []
[2025-01-29 13:23:07,654][__main__][INFO] - [15, 38], []
[2025-01-29 13:23:07,739][__main__][INFO] - [15, 39], []
[2025-01-29 13:23:07,812][__main__][INFO] - [15, 40], []
[2025-01-29 13:23:07,836][__main__][INFO] - [15, 41], []
[2025-01-29 13:23:07,965][__main__][INFO] - [15], [41]
[2025-01-29 13:23:08,191][__main__][INFO] - [15, 42], []
[2025-01-29 13:23:08,221][__main__][INFO] - [15], [42]
[2025-01-29 13:23:08,592][__main__][INFO] - [15, 43], []
[2025-01-29 13:23:08,622][__main__][INFO] - [15], [43]
[2025-01-29 13:23:08,991][__main__][INFO] - [15, 44], []
[2025-01-29 13:23:09,348][__main__][INFO] - [15, 45], []
[2025-01-29 13:23:09,397][__main__][INFO] - [15, 47], []
[2025-01-29 13:23:09,699][__main__][INFO] - [15, 48], []
[2025-01-29 13:23:09,768][__main__][INFO] - [15, 49], []
[2025-01-29 13:23:09,789][__main__][INFO] - [15, 50], []
[2025-01-29 13:23:09,820][__main__][INFO] - [15, 51], []
[2025-01-29 13:23:09,849][__main__][INFO] - [15, 52], []
[2025-01-29 13:23:09,878][__main__][INFO] - [15, 53], []
[2025-01-29 13:23:09,914][__main__][INFO] - [15, 54], []
[2025-01-29 13:23:09,950][__main__][INFO] - [15, 55], []
[2025-01-29 13:23:09,980][__main__][INFO] - [15, 56], []
[2025-01-29 13:23:10,011][__main__][INFO] - [15, 57], []
[2025-01-29 13:23:10,041][__main__][INFO] - [15, 58], []
[2025-01-29 13:23:10,070][__main__][INFO] - [15, 59], []
[2025-01-29 13:23:10,232][__main__][INFO] - [16, 20], []
[2025-01-29 13:23:10,473][__main__][INFO] - [16, 21], []
[2025-01-29 13:23:10,495][__main__][INFO] - [16, 22], []
[2025-01-29 13:23:10,553][__main__][INFO] - [16, 23], []
[2025-01-29 13:23:10,581][__main__][INFO] - [16, 24], []
[2025-01-29 13:23:10,600][__main__][INFO] - [16, 25], []
[2025-01-29 13:23:10,620][__main__][INFO] - [16, 26], []
[2025-01-29 13:23:10,699][__main__][INFO] - [16], [26]
[2025-01-29 13:23:10,976][__main__][INFO] - [16, 27], []
[2025-01-29 13:23:11,221][__main__][INFO] - [16, 28], []
[2025-01-29 13:23:11,263][__main__][INFO] - [16, 29], []
[2025-01-29 13:23:11,347][__main__][INFO] - [16, 30], []
[2025-01-29 13:23:11,371][__main__][INFO] - [16, 31], []
[2025-01-29 13:23:11,392][__main__][INFO] - [16, 32], []
[2025-01-29 13:23:11,720][__main__][INFO] - [16, 33], []
[2025-01-29 13:23:11,774][__main__][INFO] - [16, 35], []
[2025-01-29 13:23:11,811][__main__][INFO] - [16, 37], []
[2025-01-29 13:23:12,024][__main__][INFO] - [16, 38], []
[2025-01-29 13:23:12,116][__main__][INFO] - [16, 39], []
[2025-01-29 13:23:12,167][__main__][INFO] - [16, 40], []
[2025-01-29 13:23:12,191][__main__][INFO] - [16, 41], []
[2025-01-29 13:23:12,301][__main__][INFO] - [16], [41]
[2025-01-29 13:23:12,558][__main__][INFO] - [16, 42], []
[2025-01-29 13:23:12,592][__main__][INFO] - [16], [42]
[2025-01-29 13:23:12,949][__main__][INFO] - [16, 43], []
[2025-01-29 13:23:12,980][__main__][INFO] - [16], [43]
[2025-01-29 13:23:13,328][__main__][INFO] - [16, 44], []
[2025-01-29 13:23:13,683][__main__][INFO] - [16, 45], []
[2025-01-29 13:23:13,736][__main__][INFO] - [16, 47], []
[2025-01-29 13:23:14,169][__main__][INFO] - [16, 50], []
[2025-01-29 13:23:14,203][__main__][INFO] - [16, 51], []
[2025-01-29 13:23:14,246][__main__][INFO] - [16, 52], []
[2025-01-29 13:23:14,277][__main__][INFO] - [16, 53], []
[2025-01-29 13:23:14,308][__main__][INFO] - [16, 54], []
[2025-01-29 13:23:14,338][__main__][INFO] - [16, 55], []
[2025-01-29 13:23:14,373][__main__][INFO] - [16, 56], []
[2025-01-29 13:23:14,421][__main__][INFO] - [16, 57], []
[2025-01-29 13:23:14,451][__main__][INFO] - [16, 58], []
[2025-01-29 13:23:14,480][__main__][INFO] - [16, 59], []
[2025-01-29 13:23:14,642][__main__][INFO] - [17, 20], []
[2025-01-29 13:23:14,852][__main__][INFO] - [17, 21], []
[2025-01-29 13:23:14,907][__main__][INFO] - [17, 22], []
[2025-01-29 13:23:14,950][__main__][INFO] - [17, 23], []
[2025-01-29 13:23:14,977][__main__][INFO] - [17, 24], []
[2025-01-29 13:23:14,997][__main__][INFO] - [17, 25], []
[2025-01-29 13:23:15,017][__main__][INFO] - [17, 26], []
[2025-01-29 13:23:15,110][__main__][INFO] - [17], [26]
[2025-01-29 13:23:15,317][__main__][INFO] - [17, 27], []
[2025-01-29 13:23:15,525][__main__][INFO] - [17, 28], []
[2025-01-29 13:23:15,561][__main__][INFO] - [17, 29], []
[2025-01-29 13:23:15,633][__main__][INFO] - [17, 30], []
[2025-01-29 13:23:15,653][__main__][INFO] - [17, 31], []
[2025-01-29 13:23:15,673][__main__][INFO] - [17, 32], []
[2025-01-29 13:23:15,936][__main__][INFO] - [17, 33], []
[2025-01-29 13:23:16,005][__main__][INFO] - [17, 35], []
[2025-01-29 13:23:16,045][__main__][INFO] - [17, 37], []
[2025-01-29 13:23:16,213][__main__][INFO] - [17, 38], []
[2025-01-29 13:23:16,292][__main__][INFO] - [17, 39], []
[2025-01-29 13:23:16,339][__main__][INFO] - [17, 40], []
[2025-01-29 13:23:16,362][__main__][INFO] - [17, 41], []
[2025-01-29 13:23:16,446][__main__][INFO] - [17], [41]
[2025-01-29 13:23:16,661][__main__][INFO] - [17, 42], []
[2025-01-29 13:23:16,704][__main__][INFO] - [17], [42]
[2025-01-29 13:23:16,973][__main__][INFO] - [17, 43], []
[2025-01-29 13:23:17,006][__main__][INFO] - [17], [43]
[2025-01-29 13:23:17,313][__main__][INFO] - [17, 44], []
[2025-01-29 13:23:17,608][__main__][INFO] - [17, 45], []
[2025-01-29 13:23:17,659][__main__][INFO] - [17, 47], []
[2025-01-29 13:23:18,027][__main__][INFO] - [17, 50], []
[2025-01-29 13:23:18,055][__main__][INFO] - [17, 51], []
[2025-01-29 13:23:18,084][__main__][INFO] - [17, 52], []
[2025-01-29 13:23:18,114][__main__][INFO] - [17, 53], []
[2025-01-29 13:23:18,148][__main__][INFO] - [17, 54], []
[2025-01-29 13:23:18,183][__main__][INFO] - [17, 55], []
[2025-01-29 13:23:18,217][__main__][INFO] - [17, 56], []
[2025-01-29 13:23:18,247][__main__][INFO] - [17, 57], []
[2025-01-29 13:23:18,275][__main__][INFO] - [17, 58], []
[2025-01-29 13:23:18,303][__main__][INFO] - [17, 59], []
[2025-01-29 13:23:18,431][__main__][INFO] - [18, 20], []
[2025-01-29 13:23:18,531][__main__][INFO] - [18, 21], []
[2025-01-29 13:23:18,552][__main__][INFO] - [18, 22], []
[2025-01-29 13:23:18,572][__main__][INFO] - [18, 23], []
[2025-01-29 13:23:18,595][__main__][INFO] - [18, 24], []
[2025-01-29 13:23:18,615][__main__][INFO] - [18, 25], []
[2025-01-29 13:23:18,634][__main__][INFO] - [18, 26], []
[2025-01-29 13:23:18,709][__main__][INFO] - [18], [26]
[2025-01-29 13:23:18,787][__main__][INFO] - [18, 27], []
[2025-01-29 13:23:18,885][__main__][INFO] - [18, 28], []
[2025-01-29 13:23:18,915][__main__][INFO] - [18, 29], []
[2025-01-29 13:23:18,955][__main__][INFO] - [18, 30], []
[2025-01-29 13:23:18,975][__main__][INFO] - [18, 31], []
[2025-01-29 13:23:18,995][__main__][INFO] - [18, 32], []
[2025-01-29 13:23:19,113][__main__][INFO] - [18, 33], []
[2025-01-29 13:23:19,167][__main__][INFO] - [18, 35], []
[2025-01-29 13:23:19,206][__main__][INFO] - [18, 37], []
[2025-01-29 13:23:19,296][__main__][INFO] - [18, 38], []
[2025-01-29 13:23:19,340][__main__][INFO] - [18, 39], []
[2025-01-29 13:23:19,376][__main__][INFO] - [18, 40], []
[2025-01-29 13:23:19,397][__main__][INFO] - [18, 41], []
[2025-01-29 13:23:19,443][__main__][INFO] - [18], [41]
[2025-01-29 13:23:19,545][__main__][INFO] - [18, 42], []
[2025-01-29 13:23:19,586][__main__][INFO] - [18], [42]
[2025-01-29 13:23:19,704][__main__][INFO] - [18, 43], []
[2025-01-29 13:23:19,735][__main__][INFO] - [18], [43]
[2025-01-29 13:23:19,875][__main__][INFO] - [18, 44], []
[2025-01-29 13:23:19,998][__main__][INFO] - [18, 45], []
[2025-01-29 13:23:20,048][__main__][INFO] - [18, 47], []
[2025-01-29 13:23:20,228][__main__][INFO] - [18, 50], []
[2025-01-29 13:23:20,254][__main__][INFO] - [18, 51], []
[2025-01-29 13:23:20,280][__main__][INFO] - [18, 52], []
[2025-01-29 13:23:20,306][__main__][INFO] - [18, 53], []
[2025-01-29 13:23:20,332][__main__][INFO] - [18, 54], []
[2025-01-29 13:23:20,358][__main__][INFO] - [18, 55], []
[2025-01-29 13:23:20,383][__main__][INFO] - [18, 56], []
[2025-01-29 13:23:20,408][__main__][INFO] - [18, 57], []
[2025-01-29 13:23:20,431][__main__][INFO] - [18, 58], []
[2025-01-29 13:23:20,455][__main__][INFO] - [18, 59], []
[2025-01-29 13:23:20,519][__main__][INFO] - [19, 20], []
[2025-01-29 13:23:20,582][__main__][INFO] - [19, 21], []
[2025-01-29 13:23:20,602][__main__][INFO] - [19, 22], []
[2025-01-29 13:23:20,622][__main__][INFO] - [19, 23], []
[2025-01-29 13:23:20,644][__main__][INFO] - [19, 24], []
[2025-01-29 13:23:20,678][__main__][INFO] - [19, 26], []
[2025-01-29 13:23:20,743][__main__][INFO] - [19], [26]
[2025-01-29 13:23:20,780][__main__][INFO] - [19, 27], []
[2025-01-29 13:23:20,847][__main__][INFO] - [19, 28], []
[2025-01-29 13:23:20,867][__main__][INFO] - [19, 29], []
[2025-01-29 13:23:20,900][__main__][INFO] - [19, 30], []
[2025-01-29 13:23:20,934][__main__][INFO] - [19, 32], []
[2025-01-29 13:23:21,000][__main__][INFO] - [19, 33], []
[2025-01-29 13:23:21,049][__main__][INFO] - [19, 35], []
[2025-01-29 13:23:21,086][__main__][INFO] - [19, 37], []
[2025-01-29 13:23:21,140][__main__][INFO] - [19, 38], []
[2025-01-29 13:23:21,173][__main__][INFO] - [19, 39], []
[2025-01-29 13:23:21,205][__main__][INFO] - [19, 40], []
[2025-01-29 13:23:21,226][__main__][INFO] - [19, 41], []
[2025-01-29 13:23:21,261][__main__][INFO] - [19], [41]
[2025-01-29 13:23:21,325][__main__][INFO] - [19, 42], []
[2025-01-29 13:23:21,367][__main__][INFO] - [19], [42]
[2025-01-29 13:23:21,422][__main__][INFO] - [19, 43], []
[2025-01-29 13:23:21,453][__main__][INFO] - [19], [43]
[2025-01-29 13:23:21,524][__main__][INFO] - [19, 44], []
[2025-01-29 13:23:21,587][__main__][INFO] - [19, 45], []
[2025-01-29 13:23:21,639][__main__][INFO] - [19, 47], []
[2025-01-29 13:23:21,752][__main__][INFO] - [19, 50], []
[2025-01-29 13:23:21,779][__main__][INFO] - [19, 51], []
[2025-01-29 13:23:21,802][__main__][INFO] - [19, 52], []
[2025-01-29 13:23:21,826][__main__][INFO] - [19, 53], []
[2025-01-29 13:23:21,850][__main__][INFO] - [19, 54], []
[2025-01-29 13:23:21,873][__main__][INFO] - [19, 55], []
[2025-01-29 13:23:21,895][__main__][INFO] - [19, 56], []
[2025-01-29 13:23:21,918][__main__][INFO] - [19, 57], []
[2025-01-29 13:23:21,940][__main__][INFO] - [19, 58], []
[2025-01-29 13:23:21,960][__main__][INFO] - [19, 59], []
[2025-01-29 13:23:22,005][__main__][INFO] - [20, 26], []
[2025-01-29 13:23:23,050][__main__][INFO] - [20], [26]
[2025-01-29 13:23:26,068][__main__][INFO] - [20, 27], []
[2025-01-29 13:23:31,882][__main__][INFO] - [20, 28], []
[2025-01-29 13:23:31,904][__main__][INFO] - [20, 29], []
[2025-01-29 13:23:31,940][__main__][INFO] - [20, 31], []
[2025-01-29 13:23:31,963][__main__][INFO] - [20, 32], []
[2025-01-29 13:23:34,767][__main__][INFO] - [20, 33], []
[2025-01-29 13:23:34,921][__main__][INFO] - [20, 34], []
[2025-01-29 13:23:34,949][__main__][INFO] - [20, 35], []
[2025-01-29 13:23:34,985][__main__][INFO] - [20, 36], []
[2025-01-29 13:23:35,532][__main__][INFO] - [20, 37], []
[2025-01-29 13:23:37,020][__main__][INFO] - [20, 38], []
[2025-01-29 13:23:37,828][__main__][INFO] - [20, 39], []
[2025-01-29 13:23:38,278][__main__][INFO] - [20, 40], []
[2025-01-29 13:23:38,328][__main__][INFO] - [20, 41], []
[2025-01-29 13:23:38,349][__main__][INFO] - [20], [41]
[2025-01-29 13:23:45,327][__main__][INFO] - [20, 42], []
[2025-01-29 13:23:45,461][__main__][INFO] - [20], [42]
[2025-01-29 13:23:50,108][__main__][INFO] - [20, 43], []
[2025-01-29 13:23:50,192][__main__][INFO] - [20], [43]
[2025-01-29 13:23:55,431][__main__][INFO] - [20, 44], []
[2025-01-29 13:23:59,691][__main__][INFO] - [20, 45], []
[2025-01-29 13:23:59,838][__main__][INFO] - [20, 46], []
[2025-01-29 13:23:59,981][__main__][INFO] - [20, 47], []
[2025-01-29 13:24:03,808][__main__][INFO] - [20, 48], []
[2025-01-29 13:24:04,289][__main__][INFO] - [20, 49], []
[2025-01-29 13:24:04,328][__main__][INFO] - [20, 50], []
[2025-01-29 13:24:04,491][__main__][INFO] - [20, 51], []
[2025-01-29 13:24:04,592][__main__][INFO] - [20, 52], []
[2025-01-29 13:24:04,708][__main__][INFO] - [20, 53], []
[2025-01-29 13:24:04,842][__main__][INFO] - [20, 54], []
[2025-01-29 13:24:04,962][__main__][INFO] - [20, 55], []
[2025-01-29 13:24:05,079][__main__][INFO] - [20, 56], []
[2025-01-29 13:24:05,184][__main__][INFO] - [20, 57], []
[2025-01-29 13:24:05,281][__main__][INFO] - [20, 58], []
[2025-01-29 13:24:05,369][__main__][INFO] - [20, 59], []
[2025-01-29 13:24:06,163][__main__][INFO] - [21, 26], []
[2025-01-29 13:24:06,211][__main__][INFO] - [21], [26]
[2025-01-29 13:24:06,477][__main__][INFO] - [21, 28], []
[2025-01-29 13:24:06,563][__main__][INFO] - [21, 29], []
[2025-01-29 13:24:06,750][__main__][INFO] - [21, 30], []
[2025-01-29 13:24:06,792][__main__][INFO] - [21, 32], []
[2025-01-29 13:24:07,050][__main__][INFO] - [21, 33], []
[2025-01-29 13:24:07,078][__main__][INFO] - [21, 34], []
[2025-01-29 13:24:07,100][__main__][INFO] - [21, 35], []
[2025-01-29 13:24:07,120][__main__][INFO] - [21, 36], []
[2025-01-29 13:24:07,149][__main__][INFO] - [21, 37], []
[2025-01-29 13:24:07,376][__main__][INFO] - [21, 38], []
[2025-01-29 13:24:07,405][__main__][INFO] - [21, 39], []
[2025-01-29 13:24:07,451][__main__][INFO] - [21, 40], []
[2025-01-29 13:24:07,471][__main__][INFO] - [21, 41], []
[2025-01-29 13:24:07,740][__main__][INFO] - [21], [41]
[2025-01-29 13:24:07,767][__main__][INFO] - [21, 42], []
[2025-01-29 13:24:07,788][__main__][INFO] - [21], [42]
[2025-01-29 13:24:08,054][__main__][INFO] - [21, 43], []
[2025-01-29 13:24:08,075][__main__][INFO] - [21], [43]
[2025-01-29 13:24:08,347][__main__][INFO] - [21, 44], []
[2025-01-29 13:24:08,618][__main__][INFO] - [21, 45], []
[2025-01-29 13:24:08,650][__main__][INFO] - [21, 46], []
[2025-01-29 13:24:08,672][__main__][INFO] - [21, 47], []
[2025-01-29 13:24:08,882][__main__][INFO] - [21, 48], []
[2025-01-29 13:24:08,963][__main__][INFO] - [21, 49], []
[2025-01-29 13:24:08,986][__main__][INFO] - [21, 50], []
[2025-01-29 13:24:09,022][__main__][INFO] - [21, 51], []
[2025-01-29 13:24:09,054][__main__][INFO] - [21, 52], []
[2025-01-29 13:24:09,089][__main__][INFO] - [21, 53], []
[2025-01-29 13:24:09,119][__main__][INFO] - [21, 54], []
[2025-01-29 13:24:09,139][__main__][INFO] - [21, 55], []
[2025-01-29 13:24:09,171][__main__][INFO] - [21, 56], []
[2025-01-29 13:24:09,203][__main__][INFO] - [21, 57], []
[2025-01-29 13:24:09,236][__main__][INFO] - [21, 58], []
[2025-01-29 13:24:09,256][__main__][INFO] - [21, 59], []
[2025-01-29 13:24:09,389][__main__][INFO] - [22, 26], []
[2025-01-29 13:24:09,440][__main__][INFO] - [22], [26]
[2025-01-29 13:24:09,727][__main__][INFO] - [22, 28], []
[2025-01-29 13:24:09,896][__main__][INFO] - [22, 29], []
[2025-01-29 13:24:10,029][__main__][INFO] - [22, 30], []
[2025-01-29 13:24:10,076][__main__][INFO] - [22, 32], []
[2025-01-29 13:24:10,391][__main__][INFO] - [22, 33], []
[2025-01-29 13:24:10,414][__main__][INFO] - [22, 34], []
[2025-01-29 13:24:10,435][__main__][INFO] - [22, 35], []
[2025-01-29 13:24:10,455][__main__][INFO] - [22, 36], []
[2025-01-29 13:24:10,483][__main__][INFO] - [22, 37], []
[2025-01-29 13:24:10,739][__main__][INFO] - [22, 38], []
[2025-01-29 13:24:10,770][__main__][INFO] - [22, 39], []
[2025-01-29 13:24:10,823][__main__][INFO] - [22, 40], []
[2025-01-29 13:24:10,844][__main__][INFO] - [22, 41], []
[2025-01-29 13:24:11,149][__main__][INFO] - [22], [41]
[2025-01-29 13:24:11,181][__main__][INFO] - [22, 42], []
[2025-01-29 13:24:11,208][__main__][INFO] - [22], [42]
[2025-01-29 13:24:11,530][__main__][INFO] - [22, 43], []
[2025-01-29 13:24:11,560][__main__][INFO] - [22], [43]
[2025-01-29 13:24:11,875][__main__][INFO] - [22, 44], []
[2025-01-29 13:24:12,198][__main__][INFO] - [22, 45], []
[2025-01-29 13:24:12,219][__main__][INFO] - [22, 46], []
[2025-01-29 13:24:12,242][__main__][INFO] - [22, 47], []
[2025-01-29 13:24:12,483][__main__][INFO] - [22, 48], []
[2025-01-29 13:24:12,573][__main__][INFO] - [22, 49], []
[2025-01-29 13:24:12,597][__main__][INFO] - [22, 50], []
[2025-01-29 13:24:12,629][__main__][INFO] - [22, 51], []
[2025-01-29 13:24:12,666][__main__][INFO] - [22, 52], []
[2025-01-29 13:24:12,707][__main__][INFO] - [22, 53], []
[2025-01-29 13:24:12,755][__main__][INFO] - [22, 54], []
[2025-01-29 13:24:12,794][__main__][INFO] - [22, 55], []
[2025-01-29 13:24:12,830][__main__][INFO] - [22, 56], []
[2025-01-29 13:24:12,863][__main__][INFO] - [22, 57], []
[2025-01-29 13:24:12,893][__main__][INFO] - [22, 58], []
[2025-01-29 13:24:12,921][__main__][INFO] - [22, 59], []
[2025-01-29 13:24:12,994][__main__][INFO] - [23, 26], []
[2025-01-29 13:24:13,020][__main__][INFO] - [23], [26]
[2025-01-29 13:24:13,099][__main__][INFO] - [23, 28], []
[2025-01-29 13:24:13,135][__main__][INFO] - [23, 29], []
[2025-01-29 13:24:13,184][__main__][INFO] - [23, 30], []
[2025-01-29 13:24:13,224][__main__][INFO] - [23, 32], []
[2025-01-29 13:24:13,292][__main__][INFO] - [23, 33], []
[2025-01-29 13:24:13,329][__main__][INFO] - [23, 35], []
[2025-01-29 13:24:13,350][__main__][INFO] - [23, 36], []
[2025-01-29 13:24:13,372][__main__][INFO] - [23, 37], []
[2025-01-29 13:24:13,428][__main__][INFO] - [23, 38], []
[2025-01-29 13:24:13,453][__main__][INFO] - [23, 39], []
[2025-01-29 13:24:13,478][__main__][INFO] - [23, 40], []
[2025-01-29 13:24:13,498][__main__][INFO] - [23, 41], []
[2025-01-29 13:24:13,562][__main__][INFO] - [23], [41]
[2025-01-29 13:24:13,588][__main__][INFO] - [23, 42], []
[2025-01-29 13:24:13,612][__main__][INFO] - [23], [42]
[2025-01-29 13:24:13,685][__main__][INFO] - [23, 43], []
[2025-01-29 13:24:13,707][__main__][INFO] - [23], [43]
[2025-01-29 13:24:13,778][__main__][INFO] - [23, 44], []
[2025-01-29 13:24:13,846][__main__][INFO] - [23, 45], []
[2025-01-29 13:24:13,873][__main__][INFO] - [23, 46], []
[2025-01-29 13:24:13,894][__main__][INFO] - [23, 47], []
[2025-01-29 13:24:13,956][__main__][INFO] - [23, 48], []
[2025-01-29 13:24:13,984][__main__][INFO] - [23, 49], []
[2025-01-29 13:24:14,004][__main__][INFO] - [23, 50], []
[2025-01-29 13:24:14,027][__main__][INFO] - [23, 51], []
[2025-01-29 13:24:14,049][__main__][INFO] - [23, 52], []
[2025-01-29 13:24:14,069][__main__][INFO] - [23, 53], []
[2025-01-29 13:24:14,091][__main__][INFO] - [23, 54], []
[2025-01-29 13:24:14,113][__main__][INFO] - [23, 55], []
[2025-01-29 13:24:14,135][__main__][INFO] - [23, 56], []
[2025-01-29 13:24:14,157][__main__][INFO] - [23, 57], []
[2025-01-29 13:24:14,179][__main__][INFO] - [23, 58], []
[2025-01-29 13:24:14,204][__main__][INFO] - [23, 59], []
[2025-01-29 13:24:14,268][__main__][INFO] - [24, 26], []
[2025-01-29 13:24:14,313][__main__][INFO] - [24], [26]
[2025-01-29 13:24:14,358][__main__][INFO] - [24, 28], []
[2025-01-29 13:24:14,377][__main__][INFO] - [24, 29], []
[2025-01-29 13:24:14,405][__main__][INFO] - [24, 30], []
[2025-01-29 13:24:14,440][__main__][INFO] - [24, 32], []
[2025-01-29 13:24:14,460][__main__][INFO] - [24, 33], []
[2025-01-29 13:24:14,509][__main__][INFO] - [24, 36], []
[2025-01-29 13:24:14,529][__main__][INFO] - [24, 37], []
[2025-01-29 13:24:14,558][__main__][INFO] - [24, 38], []
[2025-01-29 13:24:14,578][__main__][INFO] - [24, 39], []
[2025-01-29 13:24:14,613][__main__][INFO] - [24, 41], []
[2025-01-29 13:24:14,655][__main__][INFO] - [24], [41]
[2025-01-29 13:24:14,676][__main__][INFO] - [24, 42], []
[2025-01-29 13:24:14,696][__main__][INFO] - [24], [42]
[2025-01-29 13:24:14,738][__main__][INFO] - [24, 43], []
[2025-01-29 13:24:14,758][__main__][INFO] - [24], [43]
[2025-01-29 13:24:14,801][__main__][INFO] - [24, 44], []
[2025-01-29 13:24:14,831][__main__][INFO] - [24, 45], []
[2025-01-29 13:24:14,866][__main__][INFO] - [24, 47], []
[2025-01-29 13:24:14,895][__main__][INFO] - [24, 48], []
[2025-01-29 13:24:14,915][__main__][INFO] - [24, 49], []
[2025-01-29 13:24:14,935][__main__][INFO] - [24, 50], []
[2025-01-29 13:24:14,955][__main__][INFO] - [24, 51], []
[2025-01-29 13:24:14,974][__main__][INFO] - [24, 52], []
[2025-01-29 13:24:14,994][__main__][INFO] - [24, 53], []
[2025-01-29 13:24:15,014][__main__][INFO] - [24, 54], []
[2025-01-29 13:24:15,035][__main__][INFO] - [24, 55], []
[2025-01-29 13:24:15,055][__main__][INFO] - [24, 56], []
[2025-01-29 13:24:15,074][__main__][INFO] - [24, 57], []
[2025-01-29 13:24:15,094][__main__][INFO] - [24, 58], []
[2025-01-29 13:24:15,114][__main__][INFO] - [24, 59], []
[2025-01-29 13:24:15,148][__main__][INFO] - [25, 26], []
[2025-01-29 13:24:15,168][__main__][INFO] - [25], [26]
[2025-01-29 13:24:15,209][__main__][INFO] - [25, 28], []
[2025-01-29 13:24:15,229][__main__][INFO] - [25, 29], []
[2025-01-29 13:24:15,254][__main__][INFO] - [25, 30], []
[2025-01-29 13:24:15,289][__main__][INFO] - [25, 32], []
[2025-01-29 13:24:15,361][__main__][INFO] - [25, 36], []
[2025-01-29 13:24:15,380][__main__][INFO] - [25, 37], []
[2025-01-29 13:24:15,407][__main__][INFO] - [25, 38], []
[2025-01-29 13:24:15,427][__main__][INFO] - [25, 39], []
[2025-01-29 13:24:15,461][__main__][INFO] - [25, 41], []
[2025-01-29 13:24:15,488][__main__][INFO] - [25], [41]
[2025-01-29 13:24:15,509][__main__][INFO] - [25, 42], []
[2025-01-29 13:24:15,528][__main__][INFO] - [25], [42]
[2025-01-29 13:24:15,561][__main__][INFO] - [25, 43], []
[2025-01-29 13:24:15,581][__main__][INFO] - [25], [43]
[2025-01-29 13:24:15,620][__main__][INFO] - [25, 44], []
[2025-01-29 13:24:15,655][__main__][INFO] - [25, 45], []
[2025-01-29 13:24:15,690][__main__][INFO] - [25, 47], []
[2025-01-29 13:24:15,717][__main__][INFO] - [25, 48], []
[2025-01-29 13:24:15,775][__main__][INFO] - [25, 50], []
[2025-01-29 13:24:15,795][__main__][INFO] - [25, 51], []
[2025-01-29 13:24:15,815][__main__][INFO] - [25, 52], []
[2025-01-29 13:24:15,835][__main__][INFO] - [25, 53], []
[2025-01-29 13:24:15,855][__main__][INFO] - [25, 54], []
[2025-01-29 13:24:15,874][__main__][INFO] - [25, 55], []
[2025-01-29 13:24:15,894][__main__][INFO] - [25, 56], []
[2025-01-29 13:24:15,914][__main__][INFO] - [25, 57], []
[2025-01-29 13:24:15,934][__main__][INFO] - [25, 58], []
[2025-01-29 13:24:15,953][__main__][INFO] - [25, 59], []
[2025-01-29 13:24:15,990][__main__][INFO] - [26, 27], []
[2025-01-29 13:24:17,020][__main__][INFO] - [26, 28], []
[2025-01-29 13:24:17,060][__main__][INFO] - [26, 29], []
[2025-01-29 13:24:17,123][__main__][INFO] - [26, 30], []
[2025-01-29 13:24:17,146][__main__][INFO] - [26, 31], []
[2025-01-29 13:24:17,165][__main__][INFO] - [26, 32], []
[2025-01-29 13:24:18,261][__main__][INFO] - [26, 33], []
[2025-01-29 13:24:18,332][__main__][INFO] - [26, 34], []
[2025-01-29 13:24:18,354][__main__][INFO] - [26, 35], []
[2025-01-29 13:24:18,378][__main__][INFO] - [26, 36], []
[2025-01-29 13:24:18,415][__main__][INFO] - [26, 37], []
[2025-01-29 13:24:18,924][__main__][INFO] - [26, 38], []
[2025-01-29 13:24:19,043][__main__][INFO] - [26, 39], []
[2025-01-29 13:24:19,117][__main__][INFO] - [26, 40], []
[2025-01-29 13:24:19,142][__main__][INFO] - [26, 41], []
[2025-01-29 13:24:19,224][__main__][INFO] - [26], [41]
[2025-01-29 13:24:20,074][__main__][INFO] - [26, 42], []
[2025-01-29 13:24:20,275][__main__][INFO] - [26], [42]
[2025-01-29 13:24:21,007][__main__][INFO] - [26, 43], []
[2025-01-29 13:24:21,110][__main__][INFO] - [26], [43]
[2025-01-29 13:24:21,959][__main__][INFO] - [26, 44], []
[2025-01-29 13:24:22,513][__main__][INFO] - [26, 45], []
[2025-01-29 13:24:22,746][__main__][INFO] - [26, 46], []
[2025-01-29 13:24:22,789][__main__][INFO] - [26, 47], []
[2025-01-29 13:24:24,227][__main__][INFO] - [26, 48], []
[2025-01-29 13:24:24,282][__main__][INFO] - [26, 49], []
[2025-01-29 13:24:24,304][__main__][INFO] - [26, 50], []
[2025-01-29 13:24:24,365][__main__][INFO] - [26, 51], []
[2025-01-29 13:24:24,429][__main__][INFO] - [26, 52], []
[2025-01-29 13:24:24,474][__main__][INFO] - [26, 53], []
[2025-01-29 13:24:24,521][__main__][INFO] - [26, 54], []
[2025-01-29 13:24:24,562][__main__][INFO] - [26, 55], []
[2025-01-29 13:24:24,602][__main__][INFO] - [26, 56], []
[2025-01-29 13:24:24,637][__main__][INFO] - [26, 57], []
[2025-01-29 13:24:24,671][__main__][INFO] - [26, 58], []
[2025-01-29 13:24:24,704][__main__][INFO] - [26, 59], []
[2025-01-29 13:24:24,813][__main__][INFO] - [27], [26]
[2025-01-29 13:24:27,751][__main__][INFO] - [28], [26]
[2025-01-29 13:24:27,999][__main__][INFO] - [29], [26]
[2025-01-29 13:24:28,308][__main__][INFO] - [30], [26]
[2025-01-29 13:24:28,352][__main__][INFO] - [31], [26]
[2025-01-29 13:24:28,374][__main__][INFO] - [32], [26]
[2025-01-29 13:24:31,260][__main__][INFO] - [33], [26]
[2025-01-29 13:24:31,364][__main__][INFO] - [34], [26]
[2025-01-29 13:24:31,409][__main__][INFO] - [35], [26]
[2025-01-29 13:24:31,455][__main__][INFO] - [36], [26]
[2025-01-29 13:24:32,028][__main__][INFO] - [37], [26]
[2025-01-29 13:24:34,121][__main__][INFO] - [38], [26]
[2025-01-29 13:24:34,760][__main__][INFO] - [39], [26]
[2025-01-29 13:24:35,229][__main__][INFO] - [40], [26]
[2025-01-29 13:24:35,275][__main__][INFO] - [41], [26]
[2025-01-29 13:24:35,958][__main__][INFO] - [], [26, 41]
[2025-01-29 13:24:39,413][__main__][INFO] - [], [26, 42]
[2025-01-29 13:24:46,800][__main__][INFO] - [], [26, 43]
[2025-01-29 13:24:54,107][__main__][INFO] - [44], [26]
[2025-01-29 13:25:00,997][__main__][INFO] - [46], [26]
[2025-01-29 13:25:01,149][__main__][INFO] - [47], [26]
[2025-01-29 13:25:04,937][__main__][INFO] - [48], [26]
[2025-01-29 13:25:05,639][__main__][INFO] - [49], [26]
[2025-01-29 13:25:05,685][__main__][INFO] - [50], [26]
[2025-01-29 13:25:05,832][__main__][INFO] - [51], [26]
[2025-01-29 13:25:05,941][__main__][INFO] - [52], [26]
[2025-01-29 13:25:06,072][__main__][INFO] - [53], [26]
[2025-01-29 13:25:06,222][__main__][INFO] - [54], [26]
[2025-01-29 13:25:06,357][__main__][INFO] - [55], [26]
[2025-01-29 13:25:06,483][__main__][INFO] - [56], [26]
[2025-01-29 13:25:06,610][__main__][INFO] - [57], [26]
[2025-01-29 13:25:06,724][__main__][INFO] - [58], [26]
[2025-01-29 13:25:06,823][__main__][INFO] - [59], [26]
[2025-01-29 13:25:07,745][__main__][INFO] - [27, 32], []
[2025-01-29 13:25:10,366][__main__][INFO] - [27, 33], []
[2025-01-29 13:25:10,556][__main__][INFO] - [27, 34], []
[2025-01-29 13:25:10,587][__main__][INFO] - [27, 35], []
[2025-01-29 13:25:10,625][__main__][INFO] - [27, 36], []
[2025-01-29 13:25:11,164][__main__][INFO] - [27, 37], []
[2025-01-29 13:25:12,926][__main__][INFO] - [27, 38], []
[2025-01-29 13:25:13,769][__main__][INFO] - [27, 39], []
[2025-01-29 13:25:14,215][__main__][INFO] - [27, 40], []
[2025-01-29 13:25:14,280][__main__][INFO] - [27], [41]
[2025-01-29 13:25:20,023][__main__][INFO] - [27, 42], []
[2025-01-29 13:25:20,161][__main__][INFO] - [27], [42]
[2025-01-29 13:25:25,061][__main__][INFO] - [27, 43], []
[2025-01-29 13:25:25,132][__main__][INFO] - [27], [43]
[2025-01-29 13:25:29,950][__main__][INFO] - [27, 44], []
[2025-01-29 13:25:33,843][__main__][INFO] - [27, 45], []
[2025-01-29 13:25:34,012][__main__][INFO] - [27, 46], []
[2025-01-29 13:25:34,144][__main__][INFO] - [27, 47], []
[2025-01-29 13:25:38,408][__main__][INFO] - [27, 48], []
[2025-01-29 13:25:38,884][__main__][INFO] - [27, 49], []
[2025-01-29 13:25:38,923][__main__][INFO] - [27, 50], []
[2025-01-29 13:25:39,090][__main__][INFO] - [27, 51], []
[2025-01-29 13:25:39,192][__main__][INFO] - [27, 52], []
[2025-01-29 13:25:39,308][__main__][INFO] - [27, 53], []
[2025-01-29 13:25:39,439][__main__][INFO] - [27, 54], []
[2025-01-29 13:25:39,558][__main__][INFO] - [27, 55], []
[2025-01-29 13:25:39,677][__main__][INFO] - [27, 56], []
[2025-01-29 13:25:39,782][__main__][INFO] - [27, 57], []
[2025-01-29 13:25:39,879][__main__][INFO] - [27, 58], []
[2025-01-29 13:25:39,968][__main__][INFO] - [27, 59], []
[2025-01-29 13:25:40,750][__main__][INFO] - [28, 32], []
[2025-01-29 13:25:41,020][__main__][INFO] - [28, 33], []
[2025-01-29 13:25:41,057][__main__][INFO] - [28, 35], []
[2025-01-29 13:25:41,078][__main__][INFO] - [28, 36], []
[2025-01-29 13:25:41,098][__main__][INFO] - [28, 37], []
[2025-01-29 13:25:41,317][__main__][INFO] - [28, 38], []
[2025-01-29 13:25:41,344][__main__][INFO] - [28, 39], []
[2025-01-29 13:25:41,384][__main__][INFO] - [28, 40], []
[2025-01-29 13:25:41,404][__main__][INFO] - [28, 41], []
[2025-01-29 13:25:41,690][__main__][INFO] - [28, 42], []
[2025-01-29 13:25:41,711][__main__][INFO] - [28], [42]
[2025-01-29 13:25:41,988][__main__][INFO] - [28, 43], []
[2025-01-29 13:25:42,017][__main__][INFO] - [28], [43]
[2025-01-29 13:25:42,277][__main__][INFO] - [28, 44], []
[2025-01-29 13:25:42,531][__main__][INFO] - [28, 45], []
[2025-01-29 13:25:42,552][__main__][INFO] - [28, 46], []
[2025-01-29 13:25:42,572][__main__][INFO] - [28, 47], []
[2025-01-29 13:25:42,755][__main__][INFO] - [28, 48], []
[2025-01-29 13:25:42,850][__main__][INFO] - [28, 49], []
[2025-01-29 13:25:42,875][__main__][INFO] - [28, 50], []
[2025-01-29 13:25:42,910][__main__][INFO] - [28, 51], []
[2025-01-29 13:25:42,944][__main__][INFO] - [28, 52], []
[2025-01-29 13:25:42,985][__main__][INFO] - [28, 53], []
[2025-01-29 13:25:43,022][__main__][INFO] - [28, 54], []
[2025-01-29 13:25:43,056][__main__][INFO] - [28, 55], []
[2025-01-29 13:25:43,086][__main__][INFO] - [28, 56], []
[2025-01-29 13:25:43,115][__main__][INFO] - [28, 57], []
[2025-01-29 13:25:43,146][__main__][INFO] - [28, 58], []
[2025-01-29 13:25:43,171][__main__][INFO] - [28, 59], []
[2025-01-29 13:25:43,247][__main__][INFO] - [29, 32], []
[2025-01-29 13:25:43,625][__main__][INFO] - [29, 33], []
[2025-01-29 13:25:43,653][__main__][INFO] - [29, 34], []
[2025-01-29 13:25:43,674][__main__][INFO] - [29, 35], []
[2025-01-29 13:25:43,695][__main__][INFO] - [29, 36], []
[2025-01-29 13:25:43,719][__main__][INFO] - [29, 37], []
[2025-01-29 13:25:44,005][__main__][INFO] - [29, 38], []
[2025-01-29 13:25:44,038][__main__][INFO] - [29, 39], []
[2025-01-29 13:25:44,093][__main__][INFO] - [29, 40], []
[2025-01-29 13:25:44,114][__main__][INFO] - [29, 41], []
[2025-01-29 13:25:44,557][__main__][INFO] - [29, 42], []
[2025-01-29 13:25:44,587][__main__][INFO] - [29], [42]
[2025-01-29 13:25:44,962][__main__][INFO] - [29, 43], []
[2025-01-29 13:25:44,993][__main__][INFO] - [29], [43]
[2025-01-29 13:25:45,361][__main__][INFO] - [29, 44], []
[2025-01-29 13:25:45,708][__main__][INFO] - [29, 45], []
[2025-01-29 13:25:45,743][__main__][INFO] - [29, 46], []
[2025-01-29 13:25:45,765][__main__][INFO] - [29, 47], []
[2025-01-29 13:25:46,074][__main__][INFO] - [29, 48], []
[2025-01-29 13:25:46,159][__main__][INFO] - [29, 49], []
[2025-01-29 13:25:46,187][__main__][INFO] - [29, 50], []
[2025-01-29 13:25:46,217][__main__][INFO] - [29, 51], []
[2025-01-29 13:25:46,252][__main__][INFO] - [29, 52], []
[2025-01-29 13:25:46,290][__main__][INFO] - [29, 53], []
[2025-01-29 13:25:46,326][__main__][INFO] - [29, 54], []
[2025-01-29 13:25:46,360][__main__][INFO] - [29, 55], []
[2025-01-29 13:25:46,393][__main__][INFO] - [29, 56], []
[2025-01-29 13:25:46,425][__main__][INFO] - [29, 57], []
[2025-01-29 13:25:46,456][__main__][INFO] - [29, 58], []
[2025-01-29 13:25:46,486][__main__][INFO] - [29, 59], []
[2025-01-29 13:25:46,632][__main__][INFO] - [30, 32], []
[2025-01-29 13:25:46,670][__main__][INFO] - [30, 33], []
[2025-01-29 13:25:46,691][__main__][INFO] - [30, 34], []
[2025-01-29 13:25:46,711][__main__][INFO] - [30, 35], []
[2025-01-29 13:25:46,730][__main__][INFO] - [30, 36], []
[2025-01-29 13:25:46,754][__main__][INFO] - [30, 37], []
[2025-01-29 13:25:46,785][__main__][INFO] - [30, 38], []
[2025-01-29 13:25:46,809][__main__][INFO] - [30, 39], []
[2025-01-29 13:25:46,834][__main__][INFO] - [30, 40], []
[2025-01-29 13:25:46,869][__main__][INFO] - [30], [41]
[2025-01-29 13:25:46,918][__main__][INFO] - [30, 42], []
[2025-01-29 13:25:46,939][__main__][INFO] - [30], [42]
[2025-01-29 13:25:46,985][__main__][INFO] - [30, 43], []
[2025-01-29 13:25:47,006][__main__][INFO] - [30], [43]
[2025-01-29 13:25:47,052][__main__][INFO] - [30, 44], []
[2025-01-29 13:25:47,095][__main__][INFO] - [30, 45], []
[2025-01-29 13:25:47,116][__main__][INFO] - [30, 46], []
[2025-01-29 13:25:47,138][__main__][INFO] - [30, 47], []
[2025-01-29 13:25:47,177][__main__][INFO] - [30, 48], []
[2025-01-29 13:25:47,202][__main__][INFO] - [30, 49], []
[2025-01-29 13:25:47,223][__main__][INFO] - [30, 50], []
[2025-01-29 13:25:47,244][__main__][INFO] - [30, 51], []
[2025-01-29 13:25:47,265][__main__][INFO] - [30, 52], []
[2025-01-29 13:25:47,287][__main__][INFO] - [30, 53], []
[2025-01-29 13:25:47,308][__main__][INFO] - [30, 54], []
[2025-01-29 13:25:47,329][__main__][INFO] - [30, 55], []
[2025-01-29 13:25:47,351][__main__][INFO] - [30, 56], []
[2025-01-29 13:25:47,372][__main__][INFO] - [30, 57], []
[2025-01-29 13:25:47,392][__main__][INFO] - [30, 58], []
[2025-01-29 13:25:47,413][__main__][INFO] - [30, 59], []
[2025-01-29 13:25:47,454][__main__][INFO] - [31, 32], []
[2025-01-29 13:25:47,476][__main__][INFO] - [31, 33], []
[2025-01-29 13:25:47,525][__main__][INFO] - [31, 36], []
[2025-01-29 13:25:47,544][__main__][INFO] - [31, 37], []
[2025-01-29 13:25:47,570][__main__][INFO] - [31, 38], []
[2025-01-29 13:25:47,589][__main__][INFO] - [31, 39], []
[2025-01-29 13:25:47,640][__main__][INFO] - [31], [41]
[2025-01-29 13:25:47,662][__main__][INFO] - [31, 42], []
[2025-01-29 13:25:47,682][__main__][INFO] - [31], [42]
[2025-01-29 13:25:47,704][__main__][INFO] - [31, 43], []
[2025-01-29 13:25:47,724][__main__][INFO] - [31], [43]
[2025-01-29 13:25:47,747][__main__][INFO] - [31, 44], []
[2025-01-29 13:25:47,769][__main__][INFO] - [31, 45], []
[2025-01-29 13:25:47,803][__main__][INFO] - [31, 47], []
[2025-01-29 13:25:47,829][__main__][INFO] - [31, 48], []
[2025-01-29 13:25:47,865][__main__][INFO] - [31, 50], []
[2025-01-29 13:25:47,885][__main__][INFO] - [31, 51], []
[2025-01-29 13:25:47,905][__main__][INFO] - [31, 52], []
[2025-01-29 13:25:47,924][__main__][INFO] - [31, 53], []
[2025-01-29 13:25:47,944][__main__][INFO] - [31, 54], []
[2025-01-29 13:25:47,964][__main__][INFO] - [31, 55], []
[2025-01-29 13:25:47,983][__main__][INFO] - [31, 56], []
[2025-01-29 13:25:48,003][__main__][INFO] - [31, 57], []
[2025-01-29 13:25:48,023][__main__][INFO] - [31, 58], []
[2025-01-29 13:25:48,042][__main__][INFO] - [31, 59], []
[2025-01-29 13:25:48,078][__main__][INFO] - [32, 37], []
[2025-01-29 13:25:50,313][__main__][INFO] - [32, 38], []
[2025-01-29 13:25:50,855][__main__][INFO] - [32, 39], []
[2025-01-29 13:25:51,203][__main__][INFO] - [32, 40], []
[2025-01-29 13:25:51,245][__main__][INFO] - [32, 41], []
[2025-01-29 13:25:51,936][__main__][INFO] - [32], [41]
[2025-01-29 13:25:55,132][__main__][INFO] - [32, 42], []
[2025-01-29 13:25:55,276][__main__][INFO] - [32], [42]
[2025-01-29 13:26:00,550][__main__][INFO] - [32, 43], []
[2025-01-29 13:26:00,650][__main__][INFO] - [32], [43]
[2025-01-29 13:26:07,631][__main__][INFO] - [32, 44], []
[2025-01-29 13:26:12,387][__main__][INFO] - [32, 45], []
[2025-01-29 13:26:12,554][__main__][INFO] - [32, 47], []
[2025-01-29 13:26:16,258][__main__][INFO] - [32, 48], []
[2025-01-29 13:26:16,925][__main__][INFO] - [32, 49], []
[2025-01-29 13:26:16,970][__main__][INFO] - [32, 50], []
[2025-01-29 13:26:17,129][__main__][INFO] - [32, 51], []
[2025-01-29 13:26:17,231][__main__][INFO] - [32, 52], []
[2025-01-29 13:26:17,346][__main__][INFO] - [32, 53], []
[2025-01-29 13:26:17,487][__main__][INFO] - [32, 54], []
[2025-01-29 13:26:17,619][__main__][INFO] - [32, 55], []
[2025-01-29 13:26:17,741][__main__][INFO] - [32, 56], []
[2025-01-29 13:26:17,848][__main__][INFO] - [32, 57], []
[2025-01-29 13:26:17,949][__main__][INFO] - [32, 58], []
[2025-01-29 13:26:18,039][__main__][INFO] - [32, 59], []
[2025-01-29 13:26:18,818][__main__][INFO] - [33, 37], []
[2025-01-29 13:26:18,901][__main__][INFO] - [33, 38], []
[2025-01-29 13:26:18,953][__main__][INFO] - [33, 39], []
[2025-01-29 13:26:18,990][__main__][INFO] - [33, 40], []
[2025-01-29 13:26:19,013][__main__][INFO] - [33, 41], []
[2025-01-29 13:26:19,040][__main__][INFO] - [33], [41]
[2025-01-29 13:26:19,226][__main__][INFO] - [33, 42], []
[2025-01-29 13:26:19,268][__main__][INFO] - [33], [42]
[2025-01-29 13:26:19,415][__main__][INFO] - [33, 43], []
[2025-01-29 13:26:19,440][__main__][INFO] - [33], [43]
[2025-01-29 13:26:19,605][__main__][INFO] - [33, 44], []
[2025-01-29 13:26:19,785][__main__][INFO] - [33, 45], []
[2025-01-29 13:26:19,833][__main__][INFO] - [33, 47], []
[2025-01-29 13:26:20,008][__main__][INFO] - [33, 48], []
[2025-01-29 13:26:20,032][__main__][INFO] - [33, 49], []
[2025-01-29 13:26:20,053][__main__][INFO] - [33, 50], []
[2025-01-29 13:26:20,078][__main__][INFO] - [33, 51], []
[2025-01-29 13:26:20,101][__main__][INFO] - [33, 52], []
[2025-01-29 13:26:20,125][__main__][INFO] - [33, 53], []
[2025-01-29 13:26:20,149][__main__][INFO] - [33, 54], []
[2025-01-29 13:26:20,179][__main__][INFO] - [33, 55], []
[2025-01-29 13:26:20,207][__main__][INFO] - [33, 56], []
[2025-01-29 13:26:20,236][__main__][INFO] - [33, 57], []
[2025-01-29 13:26:20,290][__main__][INFO] - [33, 58], []
[2025-01-29 13:26:20,315][__main__][INFO] - [33, 59], []
[2025-01-29 13:26:20,392][__main__][INFO] - [34, 37], []
[2025-01-29 13:26:20,417][__main__][INFO] - [34, 38], []
[2025-01-29 13:26:20,439][__main__][INFO] - [34, 39], []
[2025-01-29 13:26:20,460][__main__][INFO] - [34, 40], []
[2025-01-29 13:26:20,479][__main__][INFO] - [34, 41], []
[2025-01-29 13:26:20,499][__main__][INFO] - [34], [41]
[2025-01-29 13:26:20,529][__main__][INFO] - [34, 42], []
[2025-01-29 13:26:20,550][__main__][INFO] - [34], [42]
[2025-01-29 13:26:20,608][__main__][INFO] - [34], [43]
[2025-01-29 13:26:20,651][__main__][INFO] - [34, 44], []
[2025-01-29 13:26:20,724][__main__][INFO] - [34, 47], []
[2025-01-29 13:26:20,750][__main__][INFO] - [34, 48], []
[2025-01-29 13:26:20,771][__main__][INFO] - [34, 49], []
[2025-01-29 13:26:20,792][__main__][INFO] - [34, 50], []
[2025-01-29 13:26:20,830][__main__][INFO] - [34, 52], []
[2025-01-29 13:26:20,850][__main__][INFO] - [34, 53], []
[2025-01-29 13:26:20,871][__main__][INFO] - [34, 54], []
[2025-01-29 13:26:20,892][__main__][INFO] - [34, 55], []
[2025-01-29 13:26:20,913][__main__][INFO] - [34, 56], []
[2025-01-29 13:26:20,934][__main__][INFO] - [34, 57], []
[2025-01-29 13:26:20,955][__main__][INFO] - [34, 58], []
[2025-01-29 13:26:20,976][__main__][INFO] - [34, 59], []
[2025-01-29 13:26:21,012][__main__][INFO] - [35, 37], []
[2025-01-29 13:26:21,054][__main__][INFO] - [35, 38], []
[2025-01-29 13:26:21,077][__main__][INFO] - [35, 39], []
[2025-01-29 13:26:21,098][__main__][INFO] - [35, 40], []
[2025-01-29 13:26:21,119][__main__][INFO] - [35, 41], []
[2025-01-29 13:26:21,139][__main__][INFO] - [35], [41]
[2025-01-29 13:26:21,195][__main__][INFO] - [35, 42], []
[2025-01-29 13:26:21,217][__main__][INFO] - [35], [42]
[2025-01-29 13:26:21,264][__main__][INFO] - [35, 43], []
[2025-01-29 13:26:21,285][__main__][INFO] - [35], [43]
[2025-01-29 13:26:21,321][__main__][INFO] - [35, 44], []
[2025-01-29 13:26:21,357][__main__][INFO] - [35, 45], []
[2025-01-29 13:26:21,393][__main__][INFO] - [35, 47], []
[2025-01-29 13:26:21,430][__main__][INFO] - [35, 48], []
[2025-01-29 13:26:21,466][__main__][INFO] - [35, 50], []
[2025-01-29 13:26:21,486][__main__][INFO] - [35, 51], []
[2025-01-29 13:26:21,507][__main__][INFO] - [35, 52], []
[2025-01-29 13:26:21,528][__main__][INFO] - [35, 53], []
[2025-01-29 13:26:21,549][__main__][INFO] - [35, 54], []
[2025-01-29 13:26:21,570][__main__][INFO] - [35, 55], []
[2025-01-29 13:26:21,591][__main__][INFO] - [35, 56], []
[2025-01-29 13:26:21,612][__main__][INFO] - [35, 57], []
[2025-01-29 13:26:21,633][__main__][INFO] - [35, 58], []
[2025-01-29 13:26:21,654][__main__][INFO] - [35, 59], []
[2025-01-29 13:26:21,693][__main__][INFO] - [36, 37], []
[2025-01-29 13:26:21,967][__main__][INFO] - [36, 38], []
[2025-01-29 13:26:22,110][__main__][INFO] - [36, 39], []
[2025-01-29 13:26:22,212][__main__][INFO] - [36, 40], []
[2025-01-29 13:26:22,237][__main__][INFO] - [36, 41], []
[2025-01-29 13:26:22,271][__main__][INFO] - [36], [41]
[2025-01-29 13:26:22,875][__main__][INFO] - [36, 42], []
[2025-01-29 13:26:22,898][__main__][INFO] - [36], [42]
[2025-01-29 13:26:23,521][__main__][INFO] - [36, 43], []
[2025-01-29 13:26:23,545][__main__][INFO] - [36], [43]
[2025-01-29 13:26:24,174][__main__][INFO] - [36, 44], []
[2025-01-29 13:26:24,583][__main__][INFO] - [36, 45], []
[2025-01-29 13:26:24,616][__main__][INFO] - [36, 46], []
[2025-01-29 13:26:24,752][__main__][INFO] - [36, 47], []
[2025-01-29 13:26:25,302][__main__][INFO] - [36, 48], []
[2025-01-29 13:26:25,366][__main__][INFO] - [36, 50], []
[2025-01-29 13:26:25,416][__main__][INFO] - [36, 51], []
[2025-01-29 13:26:25,466][__main__][INFO] - [36, 52], []
[2025-01-29 13:26:25,522][__main__][INFO] - [36, 53], []
[2025-01-29 13:26:25,575][__main__][INFO] - [36, 54], []
[2025-01-29 13:26:25,623][__main__][INFO] - [36, 55], []
[2025-01-29 13:26:25,668][__main__][INFO] - [36, 56], []
[2025-01-29 13:26:25,711][__main__][INFO] - [36, 57], []
[2025-01-29 13:26:25,751][__main__][INFO] - [36, 58], []
[2025-01-29 13:26:25,784][__main__][INFO] - [36, 59], []
[2025-01-29 13:26:25,946][__main__][INFO] - [37, 41], []
[2025-01-29 13:26:26,557][__main__][INFO] - [37], [41]
[2025-01-29 13:26:28,213][__main__][INFO] - [37, 42], []
[2025-01-29 13:26:28,294][__main__][INFO] - [37], [42]
[2025-01-29 13:26:31,177][__main__][INFO] - [37, 43], []
[2025-01-29 13:26:31,232][__main__][INFO] - [37], [43]
[2025-01-29 13:26:34,615][__main__][INFO] - [37, 44], []
[2025-01-29 13:26:37,200][__main__][INFO] - [37, 45], []
[2025-01-29 13:26:37,293][__main__][INFO] - [37, 46], []
[2025-01-29 13:26:37,371][__main__][INFO] - [37, 47], []
[2025-01-29 13:26:39,920][__main__][INFO] - [37, 48], []
[2025-01-29 13:26:40,292][__main__][INFO] - [37, 49], []
[2025-01-29 13:26:40,330][__main__][INFO] - [37, 50], []
[2025-01-29 13:26:40,453][__main__][INFO] - [37, 51], []
[2025-01-29 13:26:40,544][__main__][INFO] - [37, 52], []
[2025-01-29 13:26:40,650][__main__][INFO] - [37, 53], []
[2025-01-29 13:26:40,760][__main__][INFO] - [37, 54], []
[2025-01-29 13:26:40,862][__main__][INFO] - [37, 55], []
[2025-01-29 13:26:40,954][__main__][INFO] - [37, 56], []
[2025-01-29 13:26:41,039][__main__][INFO] - [37, 57], []
[2025-01-29 13:26:41,113][__main__][INFO] - [37, 58], []
[2025-01-29 13:26:41,182][__main__][INFO] - [37, 59], []
[2025-01-29 13:26:41,686][__main__][INFO] - [38, 41], []
[2025-01-29 13:26:41,730][__main__][INFO] - [38], [41]
[2025-01-29 13:26:42,538][__main__][INFO] - [38, 42], []
[2025-01-29 13:26:42,582][__main__][INFO] - [38], [42]
[2025-01-29 13:26:43,404][__main__][INFO] - [38, 43], []
[2025-01-29 13:26:43,437][__main__][INFO] - [38], [43]
[2025-01-29 13:26:44,313][__main__][INFO] - [38, 44], []
[2025-01-29 13:26:45,106][__main__][INFO] - [38, 45], []
[2025-01-29 13:26:45,152][__main__][INFO] - [38, 46], []
[2025-01-29 13:26:45,201][__main__][INFO] - [38, 47], []
[2025-01-29 13:26:45,898][__main__][INFO] - [38, 48], []
[2025-01-29 13:26:46,033][__main__][INFO] - [38, 49], []
[2025-01-29 13:26:46,058][__main__][INFO] - [38, 50], []
[2025-01-29 13:26:46,104][__main__][INFO] - [38, 51], []
[2025-01-29 13:26:46,142][__main__][INFO] - [38, 52], []
[2025-01-29 13:26:46,181][__main__][INFO] - [38, 53], []
[2025-01-29 13:26:46,225][__main__][INFO] - [38, 54], []
[2025-01-29 13:26:46,266][__main__][INFO] - [38, 55], []
[2025-01-29 13:26:46,309][__main__][INFO] - [38, 56], []
[2025-01-29 13:26:46,352][__main__][INFO] - [38, 57], []
[2025-01-29 13:26:46,394][__main__][INFO] - [38, 58], []
[2025-01-29 13:26:46,435][__main__][INFO] - [38, 59], []
[2025-01-29 13:26:46,719][__main__][INFO] - [39, 41], []
[2025-01-29 13:26:46,798][__main__][INFO] - [39], [41]
[2025-01-29 13:26:47,223][__main__][INFO] - [39, 42], []
[2025-01-29 13:26:47,257][__main__][INFO] - [39], [42]
[2025-01-29 13:26:47,923][__main__][INFO] - [39, 43], []
[2025-01-29 13:26:47,954][__main__][INFO] - [39], [43]
[2025-01-29 13:26:48,556][__main__][INFO] - [39, 44], []
[2025-01-29 13:26:49,117][__main__][INFO] - [39, 45], []
[2025-01-29 13:26:49,157][__main__][INFO] - [39, 46], []
[2025-01-29 13:26:49,201][__main__][INFO] - [39, 47], []
[2025-01-29 13:26:49,655][__main__][INFO] - [39, 48], []
[2025-01-29 13:26:49,774][__main__][INFO] - [39, 49], []
[2025-01-29 13:26:49,797][__main__][INFO] - [39, 50], []
[2025-01-29 13:26:49,844][__main__][INFO] - [39, 51], []
[2025-01-29 13:26:49,880][__main__][INFO] - [39, 52], []
[2025-01-29 13:26:49,918][__main__][INFO] - [39, 53], []
[2025-01-29 13:26:49,972][__main__][INFO] - [39, 54], []
[2025-01-29 13:26:50,025][__main__][INFO] - [39, 55], []
[2025-01-29 13:26:50,075][__main__][INFO] - [39, 56], []
[2025-01-29 13:26:50,125][__main__][INFO] - [39, 57], []
[2025-01-29 13:26:50,173][__main__][INFO] - [39, 58], []
[2025-01-29 13:26:50,207][__main__][INFO] - [39, 59], []
[2025-01-29 13:26:50,332][__main__][INFO] - [40, 41], []
[2025-01-29 13:26:50,352][__main__][INFO] - [40], [41]
[2025-01-29 13:26:50,401][__main__][INFO] - [40, 42], []
[2025-01-29 13:26:50,422][__main__][INFO] - [40], [42]
[2025-01-29 13:26:50,471][__main__][INFO] - [40, 43], []
[2025-01-29 13:26:50,492][__main__][INFO] - [40], [43]
[2025-01-29 13:26:50,540][__main__][INFO] - [40, 44], []
[2025-01-29 13:26:50,586][__main__][INFO] - [40, 45], []
[2025-01-29 13:26:50,608][__main__][INFO] - [40, 46], []
[2025-01-29 13:26:50,629][__main__][INFO] - [40, 47], []
[2025-01-29 13:26:50,672][__main__][INFO] - [40, 48], []
[2025-01-29 13:26:50,697][__main__][INFO] - [40, 49], []
[2025-01-29 13:26:50,717][__main__][INFO] - [40, 50], []
[2025-01-29 13:26:50,739][__main__][INFO] - [40, 51], []
[2025-01-29 13:26:50,760][__main__][INFO] - [40, 52], []
[2025-01-29 13:26:50,781][__main__][INFO] - [40, 53], []
[2025-01-29 13:26:50,802][__main__][INFO] - [40, 54], []
[2025-01-29 13:26:50,824][__main__][INFO] - [40, 55], []
[2025-01-29 13:26:50,845][__main__][INFO] - [40, 56], []
[2025-01-29 13:26:50,866][__main__][INFO] - [40, 57], []
[2025-01-29 13:26:50,888][__main__][INFO] - [40, 58], []
[2025-01-29 13:26:50,909][__main__][INFO] - [40, 59], []
[2025-01-29 13:26:50,955][__main__][INFO] - [41, 42], []
[2025-01-29 13:26:50,988][__main__][INFO] - [41], [42]
[2025-01-29 13:26:51,748][__main__][INFO] - [41, 43], []
[2025-01-29 13:26:51,779][__main__][INFO] - [41], [43]
[2025-01-29 13:26:52,552][__main__][INFO] - [41, 44], []
[2025-01-29 13:26:53,296][__main__][INFO] - [41, 45], []
[2025-01-29 13:26:53,335][__main__][INFO] - [41, 46], []
[2025-01-29 13:26:53,358][__main__][INFO] - [41, 47], []
[2025-01-29 13:26:53,916][__main__][INFO] - [41, 48], []
[2025-01-29 13:26:54,073][__main__][INFO] - [41, 49], []
[2025-01-29 13:26:54,100][__main__][INFO] - [41, 50], []
[2025-01-29 13:26:54,151][__main__][INFO] - [41, 51], []
[2025-01-29 13:26:54,196][__main__][INFO] - [41, 52], []
[2025-01-29 13:26:54,249][__main__][INFO] - [41, 53], []
[2025-01-29 13:26:54,304][__main__][INFO] - [41, 54], []
[2025-01-29 13:26:54,353][__main__][INFO] - [41, 55], []
[2025-01-29 13:26:54,402][__main__][INFO] - [41, 56], []
[2025-01-29 13:26:54,449][__main__][INFO] - [41, 57], []
[2025-01-29 13:26:54,488][__main__][INFO] - [41, 58], []
[2025-01-29 13:26:54,524][__main__][INFO] - [41, 59], []
[2025-01-29 13:26:54,717][__main__][INFO] - [42], [41]
[2025-01-29 13:26:54,840][__main__][INFO] - [], [41, 42]
[2025-01-29 13:27:00,433][__main__][INFO] - [43], [41]
[2025-01-29 13:27:00,524][__main__][INFO] - [], [41, 43]
[2025-01-29 13:27:06,741][__main__][INFO] - [44], [41]
[2025-01-29 13:27:11,710][__main__][INFO] - [45], [41]
[2025-01-29 13:27:11,910][__main__][INFO] - [46], [41]
[2025-01-29 13:27:12,045][__main__][INFO] - [47], [41]
[2025-01-29 13:27:16,651][__main__][INFO] - [48], [41]
[2025-01-29 13:27:17,173][__main__][INFO] - [49], [41]
[2025-01-29 13:27:17,213][__main__][INFO] - [50], [41]
[2025-01-29 13:27:17,390][__main__][INFO] - [51], [41]
[2025-01-29 13:27:17,497][__main__][INFO] - [52], [41]
[2025-01-29 13:27:17,618][__main__][INFO] - [53], [41]
[2025-01-29 13:27:17,753][__main__][INFO] - [54], [41]
[2025-01-29 13:27:17,878][__main__][INFO] - [55], [41]
[2025-01-29 13:27:17,995][__main__][INFO] - [56], [41]
[2025-01-29 13:27:18,106][__main__][INFO] - [57], [41]
[2025-01-29 13:27:18,206][__main__][INFO] - [58], [41]
[2025-01-29 13:27:18,296][__main__][INFO] - [59], [41]
[2025-01-29 13:27:19,137][__main__][INFO] - [42, 43], []
[2025-01-29 13:27:19,175][__main__][INFO] - [42], [43]
[2025-01-29 13:27:19,297][__main__][INFO] - [42, 44], []
[2025-01-29 13:27:19,403][__main__][INFO] - [42, 45], []
[2025-01-29 13:27:19,447][__main__][INFO] - [42, 46], []
[2025-01-29 13:27:19,469][__main__][INFO] - [42, 47], []
[2025-01-29 13:27:19,654][__main__][INFO] - [42, 48], []
[2025-01-29 13:27:19,678][__main__][INFO] - [42, 49], []
[2025-01-29 13:27:19,700][__main__][INFO] - [42, 50], []
[2025-01-29 13:27:19,730][__main__][INFO] - [42, 51], []
[2025-01-29 13:27:19,753][__main__][INFO] - [42, 52], []
[2025-01-29 13:27:19,782][__main__][INFO] - [42, 53], []
[2025-01-29 13:27:19,811][__main__][INFO] - [42, 54], []
[2025-01-29 13:27:19,839][__main__][INFO] - [42, 55], []
[2025-01-29 13:27:19,867][__main__][INFO] - [42, 56], []
[2025-01-29 13:27:19,890][__main__][INFO] - [42, 57], []
[2025-01-29 13:27:19,913][__main__][INFO] - [42, 58], []
[2025-01-29 13:27:19,936][__main__][INFO] - [42, 59], []
[2025-01-29 13:27:19,994][__main__][INFO] - [43], [42]
[2025-01-29 13:27:20,054][__main__][INFO] - [], [42, 43]
[2025-01-29 13:27:31,751][__main__][INFO] - [44], [42]
[2025-01-29 13:27:39,358][__main__][INFO] - [45], [42]
[2025-01-29 13:27:39,497][__main__][INFO] - [46], [42]
[2025-01-29 13:27:39,638][__main__][INFO] - [47], [42]
[2025-01-29 13:27:45,827][__main__][INFO] - [48], [42]
[2025-01-29 13:27:46,555][__main__][INFO] - [49], [42]
[2025-01-29 13:27:46,601][__main__][INFO] - [50], [42]
[2025-01-29 13:27:46,816][__main__][INFO] - [51], [42]
[2025-01-29 13:27:46,969][__main__][INFO] - [52], [42]
[2025-01-29 13:27:47,133][__main__][INFO] - [53], [42]
[2025-01-29 13:27:47,321][__main__][INFO] - [54], [42]
[2025-01-29 13:27:47,498][__main__][INFO] - [55], [42]
[2025-01-29 13:27:47,658][__main__][INFO] - [56], [42]
[2025-01-29 13:27:47,805][__main__][INFO] - [57], [42]
[2025-01-29 13:27:47,929][__main__][INFO] - [58], [42]
[2025-01-29 13:27:48,045][__main__][INFO] - [59], [42]
[2025-01-29 13:27:49,041][__main__][INFO] - [43, 44], []
[2025-01-29 13:27:49,109][__main__][INFO] - [43, 45], []
[2025-01-29 13:27:49,147][__main__][INFO] - [43, 46], []
[2025-01-29 13:27:49,168][__main__][INFO] - [43, 47], []
[2025-01-29 13:27:49,271][__main__][INFO] - [43, 48], []
[2025-01-29 13:27:49,296][__main__][INFO] - [43, 49], []
[2025-01-29 13:27:49,317][__main__][INFO] - [43, 50], []
[2025-01-29 13:27:49,347][__main__][INFO] - [43, 51], []
[2025-01-29 13:27:49,370][__main__][INFO] - [43, 52], []
[2025-01-29 13:27:49,393][__main__][INFO] - [43, 53], []
[2025-01-29 13:27:49,416][__main__][INFO] - [43, 54], []
[2025-01-29 13:27:49,439][__main__][INFO] - [43, 55], []
[2025-01-29 13:27:49,461][__main__][INFO] - [43, 56], []
[2025-01-29 13:27:49,487][__main__][INFO] - [43, 57], []
[2025-01-29 13:27:49,509][__main__][INFO] - [43, 58], []
[2025-01-29 13:27:49,530][__main__][INFO] - [43, 59], []
[2025-01-29 13:27:49,576][__main__][INFO] - [44], [43]
[2025-01-29 13:27:57,654][__main__][INFO] - [45], [43]
[2025-01-29 13:27:57,843][__main__][INFO] - [46], [43]
[2025-01-29 13:27:57,986][__main__][INFO] - [47], [43]
[2025-01-29 13:28:05,307][__main__][INFO] - [48], [43]
[2025-01-29 13:28:06,067][__main__][INFO] - [49], [43]
[2025-01-29 13:28:06,113][__main__][INFO] - [50], [43]
[2025-01-29 13:28:06,325][__main__][INFO] - [51], [43]
[2025-01-29 13:28:06,469][__main__][INFO] - [52], [43]
[2025-01-29 13:28:06,641][__main__][INFO] - [53], [43]
[2025-01-29 13:28:06,834][__main__][INFO] - [54], [43]
[2025-01-29 13:28:07,013][__main__][INFO] - [55], [43]
[2025-01-29 13:28:07,180][__main__][INFO] - [56], [43]
[2025-01-29 13:28:07,332][__main__][INFO] - [57], [43]
[2025-01-29 13:28:07,463][__main__][INFO] - [58], [43]
[2025-01-29 13:28:07,584][__main__][INFO] - [59], [43]
[2025-01-29 13:28:08,629][__main__][INFO] - [44, 47], []
[2025-01-29 13:28:15,536][__main__][INFO] - [44, 48], []
[2025-01-29 13:28:16,206][__main__][INFO] - [44, 49], []
[2025-01-29 13:28:16,252][__main__][INFO] - [44, 50], []
[2025-01-29 13:28:16,417][__main__][INFO] - [44, 51], []
[2025-01-29 13:28:16,539][__main__][INFO] - [44, 52], []
[2025-01-29 13:28:16,681][__main__][INFO] - [44, 53], []
[2025-01-29 13:28:16,845][__main__][INFO] - [44, 54], []
[2025-01-29 13:28:17,007][__main__][INFO] - [44, 55], []
[2025-01-29 13:28:17,145][__main__][INFO] - [44, 56], []
[2025-01-29 13:28:17,284][__main__][INFO] - [44, 57], []
[2025-01-29 13:28:17,407][__main__][INFO] - [44, 58], []
[2025-01-29 13:28:17,511][__main__][INFO] - [44, 59], []
[2025-01-29 13:28:18,474][__main__][INFO] - [45, 47], []
[2025-01-29 13:28:18,677][__main__][INFO] - [45, 48], []
[2025-01-29 13:28:18,715][__main__][INFO] - [45, 49], []
[2025-01-29 13:28:18,737][__main__][INFO] - [45, 50], []
[2025-01-29 13:28:18,778][__main__][INFO] - [45, 51], []
[2025-01-29 13:28:18,811][__main__][INFO] - [45, 52], []
[2025-01-29 13:28:18,841][__main__][INFO] - [45, 53], []
[2025-01-29 13:28:18,871][__main__][INFO] - [45, 54], []
[2025-01-29 13:28:18,900][__main__][INFO] - [45, 55], []
[2025-01-29 13:28:18,928][__main__][INFO] - [45, 56], []
[2025-01-29 13:28:18,951][__main__][INFO] - [45, 57], []
[2025-01-29 13:28:18,974][__main__][INFO] - [45, 58], []
[2025-01-29 13:28:18,996][__main__][INFO] - [45, 59], []
[2025-01-29 13:28:19,048][__main__][INFO] - [46, 47], []
[2025-01-29 13:28:19,217][__main__][INFO] - [46, 50], []
[2025-01-29 13:28:19,243][__main__][INFO] - [46, 51], []
[2025-01-29 13:28:19,269][__main__][INFO] - [46, 52], []
[2025-01-29 13:28:19,296][__main__][INFO] - [46, 53], []
[2025-01-29 13:28:19,322][__main__][INFO] - [46, 54], []
[2025-01-29 13:28:19,347][__main__][INFO] - [46, 55], []
[2025-01-29 13:28:19,372][__main__][INFO] - [46, 56], []
[2025-01-29 13:28:19,396][__main__][INFO] - [46, 57], []
[2025-01-29 13:28:19,420][__main__][INFO] - [46, 58], []
[2025-01-29 13:28:19,443][__main__][INFO] - [46, 59], []
[2025-01-29 13:28:19,505][__main__][INFO] - [47, 50], []
[2025-01-29 13:28:19,674][__main__][INFO] - [47, 51], []
[2025-01-29 13:28:19,789][__main__][INFO] - [47, 52], []
[2025-01-29 13:28:19,927][__main__][INFO] - [47, 53], []
[2025-01-29 13:28:20,071][__main__][INFO] - [47, 54], []
[2025-01-29 13:28:20,213][__main__][INFO] - [47, 55], []
[2025-01-29 13:28:20,344][__main__][INFO] - [47, 56], []
[2025-01-29 13:28:20,459][__main__][INFO] - [47, 57], []
[2025-01-29 13:28:20,567][__main__][INFO] - [47, 58], []
[2025-01-29 13:28:20,658][__main__][INFO] - [47, 59], []
[2025-01-29 13:28:21,505][__main__][INFO] - [48, 50], []
[2025-01-29 13:28:21,566][__main__][INFO] - [48, 51], []
[2025-01-29 13:28:21,610][__main__][INFO] - [48, 52], []
[2025-01-29 13:28:21,658][__main__][INFO] - [48, 53], []
[2025-01-29 13:28:21,711][__main__][INFO] - [48, 54], []
[2025-01-29 13:28:21,760][__main__][INFO] - [48, 55], []
[2025-01-29 13:28:21,807][__main__][INFO] - [48, 56], []
[2025-01-29 13:28:21,852][__main__][INFO] - [48, 57], []
[2025-01-29 13:28:21,895][__main__][INFO] - [48, 58], []
[2025-01-29 13:28:21,935][__main__][INFO] - [48, 59], []
[2025-01-29 13:28:22,139][__main__][INFO] - [49, 50], []
[2025-01-29 13:28:22,161][__main__][INFO] - [49, 51], []
[2025-01-29 13:28:22,183][__main__][INFO] - [49, 52], []
[2025-01-29 13:28:22,204][__main__][INFO] - [49, 53], []
[2025-01-29 13:28:22,225][__main__][INFO] - [49, 54], []
[2025-01-29 13:28:22,247][__main__][INFO] - [49, 55], []
[2025-01-29 13:28:22,268][__main__][INFO] - [49, 56], []
[2025-01-29 13:28:22,289][__main__][INFO] - [49, 57], []
[2025-01-29 13:28:22,310][__main__][INFO] - [49, 58], []
[2025-01-29 13:28:22,332][__main__][INFO] - [49, 59], []
[2025-01-29 13:28:22,400][__main__][INFO] - [0, 1, 10], []
[2025-01-29 13:28:22,440][__main__][INFO] - [0, 1, 11], []
[2025-01-29 13:28:22,481][__main__][INFO] - [0, 1, 12], []
[2025-01-29 13:28:22,529][__main__][INFO] - [0, 1, 13], []
[2025-01-29 13:28:22,569][__main__][INFO] - [0, 1, 14], []
[2025-01-29 13:28:22,609][__main__][INFO] - [0, 1, 15], []
[2025-01-29 13:28:22,650][__main__][INFO] - [0, 1, 16], []
[2025-01-29 13:28:22,672][__main__][INFO] - [0, 1, 17], []
[2025-01-29 13:28:22,701][__main__][INFO] - [0, 1, 18], []
[2025-01-29 13:28:22,725][__main__][INFO] - [0, 1, 19], []
[2025-01-29 13:28:22,748][__main__][INFO] - [0, 1, 20], []
[2025-01-29 13:28:22,851][__main__][INFO] - [0, 1, 21], []
[2025-01-29 13:28:22,874][__main__][INFO] - [0, 1, 22], []
[2025-01-29 13:28:22,996][__main__][INFO] - [0, 1, 26], []
[2025-01-29 13:28:23,028][__main__][INFO] - [0, 1], [26]
[2025-01-29 13:28:23,176][__main__][INFO] - [0, 1, 27], []
[2025-01-29 13:28:23,279][__main__][INFO] - [0, 1, 28], []
[2025-01-29 13:28:23,333][__main__][INFO] - [0, 1, 29], []
[2025-01-29 13:28:23,356][__main__][INFO] - [0, 1, 30], []
[2025-01-29 13:28:23,378][__main__][INFO] - [0, 1, 31], []
[2025-01-29 13:28:23,400][__main__][INFO] - [0, 1, 32], []
[2025-01-29 13:28:23,523][__main__][INFO] - [0, 1, 33], []
[2025-01-29 13:28:23,562][__main__][INFO] - [0, 1, 35], []
[2025-01-29 13:28:23,584][__main__][INFO] - [0, 1, 36], []
[2025-01-29 13:28:23,638][__main__][INFO] - [0, 1, 37], []
[2025-01-29 13:28:23,760][__main__][INFO] - [0, 1, 38], []
[2025-01-29 13:28:23,790][__main__][INFO] - [0, 1, 39], []
[2025-01-29 13:28:23,833][__main__][INFO] - [0, 1, 40], []
[2025-01-29 13:28:23,856][__main__][INFO] - [0, 1, 41], []
[2025-01-29 13:28:23,932][__main__][INFO] - [0, 1], [41]
[2025-01-29 13:28:24,035][__main__][INFO] - [0, 1, 42], []
[2025-01-29 13:28:24,061][__main__][INFO] - [0, 1], [42]
[2025-01-29 13:28:24,217][__main__][INFO] - [0, 1, 43], []
[2025-01-29 13:28:24,247][__main__][INFO] - [0, 1], [43]
[2025-01-29 13:28:24,400][__main__][INFO] - [0, 1, 44], []
[2025-01-29 13:28:24,546][__main__][INFO] - [0, 1, 45], []
[2025-01-29 13:28:24,576][__main__][INFO] - [0, 1, 46], []
[2025-01-29 13:28:24,606][__main__][INFO] - [0, 1, 47], []
[2025-01-29 13:28:24,686][__main__][INFO] - [0, 1, 48], []
[2025-01-29 13:28:24,775][__main__][INFO] - [0, 1, 49], []
[2025-01-29 13:28:24,801][__main__][INFO] - [0, 1, 50], []
[2025-01-29 13:28:24,832][__main__][INFO] - [0, 1, 51], []
[2025-01-29 13:28:24,868][__main__][INFO] - [0, 1, 52], []
[2025-01-29 13:28:24,902][__main__][INFO] - [0, 1, 53], []
[2025-01-29 13:28:24,940][__main__][INFO] - [0, 1, 54], []
[2025-01-29 13:28:24,976][__main__][INFO] - [0, 1, 55], []
[2025-01-29 13:28:25,009][__main__][INFO] - [0, 1, 56], []
[2025-01-29 13:28:25,037][__main__][INFO] - [0, 1, 57], []
[2025-01-29 13:28:25,064][__main__][INFO] - [0, 1, 58], []
[2025-01-29 13:28:25,085][__main__][INFO] - [0, 1, 59], []
[2025-01-29 13:28:25,135][__main__][INFO] - [0, 2, 10], []
[2025-01-29 13:28:25,235][__main__][INFO] - [0, 2, 11], []
[2025-01-29 13:28:25,343][__main__][INFO] - [0, 2, 12], []
[2025-01-29 13:28:25,464][__main__][INFO] - [0, 2, 13], []
[2025-01-29 13:28:25,583][__main__][INFO] - [0, 2, 14], []
[2025-01-29 13:28:25,704][__main__][INFO] - [0, 2, 15], []
[2025-01-29 13:28:25,834][__main__][INFO] - [0, 2, 16], []
[2025-01-29 13:28:25,973][__main__][INFO] - [0, 2, 17], []
[2025-01-29 13:28:26,096][__main__][INFO] - [0, 2, 18], []
[2025-01-29 13:28:26,167][__main__][INFO] - [0, 2, 19], []
[2025-01-29 13:28:26,219][__main__][INFO] - [0, 2, 20], []
[2025-01-29 13:28:27,146][__main__][INFO] - [0, 2, 21], []
[2025-01-29 13:28:27,180][__main__][INFO] - [0, 2, 22], []
[2025-01-29 13:28:27,293][__main__][INFO] - [0, 2, 23], []
[2025-01-29 13:28:27,344][__main__][INFO] - [0, 2, 24], []
[2025-01-29 13:28:27,367][__main__][INFO] - [0, 2, 25], []
[2025-01-29 13:28:27,390][__main__][INFO] - [0, 2, 26], []
[2025-01-29 13:28:27,599][__main__][INFO] - [0, 2], [26]
[2025-01-29 13:28:28,518][__main__][INFO] - [0, 2, 27], []
[2025-01-29 13:28:29,470][__main__][INFO] - [0, 2, 28], []
[2025-01-29 13:28:29,548][__main__][INFO] - [0, 2, 29], []
[2025-01-29 13:28:29,642][__main__][INFO] - [0, 2, 30], []
[2025-01-29 13:28:29,675][__main__][INFO] - [0, 2, 31], []
[2025-01-29 13:28:29,700][__main__][INFO] - [0, 2, 32], []
[2025-01-29 13:28:30,799][__main__][INFO] - [0, 2, 33], []
[2025-01-29 13:28:30,833][__main__][INFO] - [0, 2, 34], []
[2025-01-29 13:28:30,857][__main__][INFO] - [0, 2, 35], []
[2025-01-29 13:28:30,882][__main__][INFO] - [0, 2, 36], []
[2025-01-29 13:28:31,045][__main__][INFO] - [0, 2, 37], []
[2025-01-29 13:28:31,574][__main__][INFO] - [0, 2, 38], []
[2025-01-29 13:28:31,861][__main__][INFO] - [0, 2, 39], []
[2025-01-29 13:28:32,015][__main__][INFO] - [0, 2, 40], []
[2025-01-29 13:28:32,053][__main__][INFO] - [0, 2, 41], []
[2025-01-29 13:28:32,208][__main__][INFO] - [0, 2], [41]
[2025-01-29 13:28:33,214][__main__][INFO] - [0, 2, 42], []
[2025-01-29 13:28:33,269][__main__][INFO] - [0, 2], [42]
[2025-01-29 13:28:34,508][__main__][INFO] - [0, 2, 43], []
[2025-01-29 13:28:34,554][__main__][INFO] - [0, 2], [43]
[2025-01-29 13:28:35,873][__main__][INFO] - [0, 2, 44], []
[2025-01-29 13:28:37,066][__main__][INFO] - [0, 2, 45], []
[2025-01-29 13:28:37,129][__main__][INFO] - [0, 2, 46], []
[2025-01-29 13:28:37,185][__main__][INFO] - [0, 2, 47], []
[2025-01-29 13:28:37,836][__main__][INFO] - [0, 2, 48], []
[2025-01-29 13:28:38,231][__main__][INFO] - [0, 2, 49], []
[2025-01-29 13:28:38,273][__main__][INFO] - [0, 2, 50], []
[2025-01-29 13:28:38,349][__main__][INFO] - [0, 2, 51], []
[2025-01-29 13:28:38,410][__main__][INFO] - [0, 2, 52], []
[2025-01-29 13:28:38,477][__main__][INFO] - [0, 2, 53], []
[2025-01-29 13:28:38,549][__main__][INFO] - [0, 2, 54], []
[2025-01-29 13:28:38,617][__main__][INFO] - [0, 2, 55], []
[2025-01-29 13:28:38,681][__main__][INFO] - [0, 2, 56], []
[2025-01-29 13:28:38,743][__main__][INFO] - [0, 2, 57], []
[2025-01-29 13:28:38,825][__main__][INFO] - [0, 2, 58], []
[2025-01-29 13:28:38,879][__main__][INFO] - [0, 2, 59], []
[2025-01-29 13:28:39,235][__main__][INFO] - [0, 3, 10], []
[2025-01-29 13:28:39,273][__main__][INFO] - [0, 3, 11], []
[2025-01-29 13:28:39,310][__main__][INFO] - [0, 3, 12], []
[2025-01-29 13:28:39,341][__main__][INFO] - [0, 3, 13], []
[2025-01-29 13:28:39,370][__main__][INFO] - [0, 3, 14], []
[2025-01-29 13:28:39,401][__main__][INFO] - [0, 3, 15], []
[2025-01-29 13:28:39,428][__main__][INFO] - [0, 3, 16], []
[2025-01-29 13:28:39,455][__main__][INFO] - [0, 3, 17], []
[2025-01-29 13:28:39,477][__main__][INFO] - [0, 3, 18], []
[2025-01-29 13:28:39,500][__main__][INFO] - [0, 3, 19], []
[2025-01-29 13:28:39,522][__main__][INFO] - [0, 3, 20], []
[2025-01-29 13:28:39,596][__main__][INFO] - [0, 3, 21], []
[2025-01-29 13:28:39,621][__main__][INFO] - [0, 3, 22], []
[2025-01-29 13:28:39,643][__main__][INFO] - [0, 3, 23], []
[2025-01-29 13:28:39,666][__main__][INFO] - [0, 3, 24], []
[2025-01-29 13:28:39,689][__main__][INFO] - [0, 3, 25], []
[2025-01-29 13:28:39,711][__main__][INFO] - [0, 3, 26], []
[2025-01-29 13:28:39,739][__main__][INFO] - [0, 3], [26]
[2025-01-29 13:28:39,823][__main__][INFO] - [0, 3, 27], []
[2025-01-29 13:28:39,897][__main__][INFO] - [0, 3, 28], []
[2025-01-29 13:28:39,920][__main__][INFO] - [0, 3, 29], []
[2025-01-29 13:28:39,942][__main__][INFO] - [0, 3, 30], []
[2025-01-29 13:28:39,965][__main__][INFO] - [0, 3, 31], []
[2025-01-29 13:28:39,987][__main__][INFO] - [0, 3, 32], []
[2025-01-29 13:28:40,044][__main__][INFO] - [0, 3, 33], []
[2025-01-29 13:28:40,083][__main__][INFO] - [0, 3, 35], []
[2025-01-29 13:28:40,105][__main__][INFO] - [0, 3, 36], []
[2025-01-29 13:28:40,149][__main__][INFO] - [0, 3, 37], []
[2025-01-29 13:28:40,182][__main__][INFO] - [0, 3, 38], []
[2025-01-29 13:28:40,242][__main__][INFO] - [0, 3, 39], []
[2025-01-29 13:28:40,272][__main__][INFO] - [0, 3, 40], []
[2025-01-29 13:28:40,295][__main__][INFO] - [0, 3, 41], []
[2025-01-29 13:28:40,317][__main__][INFO] - [0, 3], [41]
[2025-01-29 13:28:40,394][__main__][INFO] - [0, 3, 42], []
[2025-01-29 13:28:40,417][__main__][INFO] - [0, 3], [42]
[2025-01-29 13:28:40,498][__main__][INFO] - [0, 3, 43], []
[2025-01-29 13:28:40,523][__main__][INFO] - [0, 3], [43]
[2025-01-29 13:28:40,605][__main__][INFO] - [0, 3, 44], []
[2025-01-29 13:28:40,676][__main__][INFO] - [0, 3, 45], []
[2025-01-29 13:28:40,701][__main__][INFO] - [0, 3, 46], []
[2025-01-29 13:28:40,731][__main__][INFO] - [0, 3, 47], []
[2025-01-29 13:28:40,785][__main__][INFO] - [0, 3, 48], []
[2025-01-29 13:28:40,831][__main__][INFO] - [0, 3, 49], []
[2025-01-29 13:28:40,856][__main__][INFO] - [0, 3, 50], []
[2025-01-29 13:28:40,883][__main__][INFO] - [0, 3, 51], []
[2025-01-29 13:28:40,908][__main__][INFO] - [0, 3, 52], []
[2025-01-29 13:28:40,933][__main__][INFO] - [0, 3, 53], []
[2025-01-29 13:28:40,959][__main__][INFO] - [0, 3, 54], []
[2025-01-29 13:28:40,985][__main__][INFO] - [0, 3, 55], []
[2025-01-29 13:28:41,010][__main__][INFO] - [0, 3, 56], []
[2025-01-29 13:28:41,035][__main__][INFO] - [0, 3, 57], []
[2025-01-29 13:28:41,058][__main__][INFO] - [0, 3, 58], []
[2025-01-29 13:28:41,080][__main__][INFO] - [0, 3, 59], []
[2025-01-29 13:28:41,133][__main__][INFO] - [0, 4, 10], []
[2025-01-29 13:28:41,171][__main__][INFO] - [0, 4, 11], []
[2025-01-29 13:28:41,214][__main__][INFO] - [0, 4, 12], []
[2025-01-29 13:28:41,262][__main__][INFO] - [0, 4, 13], []
[2025-01-29 13:28:41,309][__main__][INFO] - [0, 4, 14], []
[2025-01-29 13:28:41,333][__main__][INFO] - [0, 4, 15], []
[2025-01-29 13:28:41,355][__main__][INFO] - [0, 4, 16], []
[2025-01-29 13:28:41,405][__main__][INFO] - [0, 4, 17], []
[2025-01-29 13:28:41,449][__main__][INFO] - [0, 4, 18], []
[2025-01-29 13:28:41,472][__main__][INFO] - [0, 4, 19], []
[2025-01-29 13:28:41,503][__main__][INFO] - [0, 4, 20], []
[2025-01-29 13:28:41,585][__main__][INFO] - [0, 4, 21], []
[2025-01-29 13:28:41,743][__main__][INFO] - [0, 4, 22], []
[2025-01-29 13:28:41,766][__main__][INFO] - [0, 4, 23], []
[2025-01-29 13:28:41,789][__main__][INFO] - [0, 4, 24], []
[2025-01-29 13:28:41,812][__main__][INFO] - [0, 4, 25], []
[2025-01-29 13:28:41,834][__main__][INFO] - [0, 4, 26], []
[2025-01-29 13:28:41,873][__main__][INFO] - [0, 4], [26]
[2025-01-29 13:28:42,074][__main__][INFO] - [0, 4, 27], []
[2025-01-29 13:28:42,155][__main__][INFO] - [0, 4, 28], []
[2025-01-29 13:28:42,213][__main__][INFO] - [0, 4, 29], []
[2025-01-29 13:28:42,323][__main__][INFO] - [0, 4, 30], []
[2025-01-29 13:28:42,347][__main__][INFO] - [0, 4, 31], []
[2025-01-29 13:28:42,369][__main__][INFO] - [0, 4, 32], []
[2025-01-29 13:28:42,558][__main__][INFO] - [0, 4, 33], []
[2025-01-29 13:28:42,597][__main__][INFO] - [0, 4, 35], []
[2025-01-29 13:28:42,620][__main__][INFO] - [0, 4, 36], []
[2025-01-29 13:28:42,670][__main__][INFO] - [0, 4, 37], []
[2025-01-29 13:28:42,851][__main__][INFO] - [0, 4, 38], []
[2025-01-29 13:28:42,883][__main__][INFO] - [0, 4, 39], []
[2025-01-29 13:28:42,930][__main__][INFO] - [0, 4, 40], []
[2025-01-29 13:28:42,954][__main__][INFO] - [0, 4, 41], []
[2025-01-29 13:28:43,108][__main__][INFO] - [0, 4], [41]
[2025-01-29 13:28:43,193][__main__][INFO] - [0, 4, 42], []
[2025-01-29 13:28:43,216][__main__][INFO] - [0, 4], [42]
[2025-01-29 13:28:43,428][__main__][INFO] - [0, 4, 43], []
[2025-01-29 13:28:43,455][__main__][INFO] - [0, 4], [43]
[2025-01-29 13:28:43,673][__main__][INFO] - [0, 4, 44], []
[2025-01-29 13:28:43,879][__main__][INFO] - [0, 4, 45], []
[2025-01-29 13:28:43,909][__main__][INFO] - [0, 4, 46], []
[2025-01-29 13:28:43,938][__main__][INFO] - [0, 4, 47], []
[2025-01-29 13:28:44,061][__main__][INFO] - [0, 4, 48], []
[2025-01-29 13:28:44,171][__main__][INFO] - [0, 4, 49], []
[2025-01-29 13:28:44,198][__main__][INFO] - [0, 4, 50], []
[2025-01-29 13:28:44,245][__main__][INFO] - [0, 4, 51], []
[2025-01-29 13:28:44,280][__main__][INFO] - [0, 4, 52], []
[2025-01-29 13:28:44,312][__main__][INFO] - [0, 4, 53], []
[2025-01-29 13:28:44,342][__main__][INFO] - [0, 4, 54], []
[2025-01-29 13:28:44,365][__main__][INFO] - [0, 4, 55], []
[2025-01-29 13:28:44,394][__main__][INFO] - [0, 4, 56], []
[2025-01-29 13:28:44,430][__main__][INFO] - [0, 4, 57], []
[2025-01-29 13:28:44,452][__main__][INFO] - [0, 4, 58], []
[2025-01-29 13:28:44,474][__main__][INFO] - [0, 4, 59], []
[2025-01-29 13:28:44,622][__main__][INFO] - [0, 5, 10], []
[2025-01-29 13:28:44,652][__main__][INFO] - [0, 5, 11], []
[2025-01-29 13:28:44,685][__main__][INFO] - [0, 5, 12], []
[2025-01-29 13:28:44,714][__main__][INFO] - [0, 5, 13], []
[2025-01-29 13:28:44,751][__main__][INFO] - [0, 5, 14], []
[2025-01-29 13:28:44,780][__main__][INFO] - [0, 5, 15], []
[2025-01-29 13:28:44,816][__main__][INFO] - [0, 5, 16], []
[2025-01-29 13:28:44,838][__main__][INFO] - [0, 5, 17], []
[2025-01-29 13:28:44,861][__main__][INFO] - [0, 5, 18], []
[2025-01-29 13:28:44,884][__main__][INFO] - [0, 5, 19], []
[2025-01-29 13:28:44,907][__main__][INFO] - [0, 5, 20], []
[2025-01-29 13:28:44,990][__main__][INFO] - [0, 5, 22], []
[2025-01-29 13:28:45,013][__main__][INFO] - [0, 5, 23], []
[2025-01-29 13:28:45,036][__main__][INFO] - [0, 5, 24], []
[2025-01-29 13:28:45,074][__main__][INFO] - [0, 5, 26], []
[2025-01-29 13:28:45,109][__main__][INFO] - [0, 5], [26]
[2025-01-29 13:28:45,175][__main__][INFO] - [0, 5, 27], []
[2025-01-29 13:28:45,244][__main__][INFO] - [0, 5, 28], []
[2025-01-29 13:28:45,267][__main__][INFO] - [0, 5, 29], []
[2025-01-29 13:28:45,290][__main__][INFO] - [0, 5, 30], []
[2025-01-29 13:28:45,328][__main__][INFO] - [0, 5, 32], []
[2025-01-29 13:28:45,389][__main__][INFO] - [0, 5, 33], []
[2025-01-29 13:28:45,412][__main__][INFO] - [0, 5, 34], []
[2025-01-29 13:28:45,435][__main__][INFO] - [0, 5, 35], []
[2025-01-29 13:28:45,457][__main__][INFO] - [0, 5, 36], []
[2025-01-29 13:28:45,480][__main__][INFO] - [0, 5, 37], []
[2025-01-29 13:28:45,537][__main__][INFO] - [0, 5, 38], []
[2025-01-29 13:28:45,560][__main__][INFO] - [0, 5, 39], []
[2025-01-29 13:28:45,583][__main__][INFO] - [0, 5, 40], []
[2025-01-29 13:28:45,606][__main__][INFO] - [0, 5, 41], []
[2025-01-29 13:28:45,628][__main__][INFO] - [0, 5], [41]
[2025-01-29 13:28:45,696][__main__][INFO] - [0, 5, 42], []
[2025-01-29 13:28:45,719][__main__][INFO] - [0, 5], [42]
[2025-01-29 13:28:45,789][__main__][INFO] - [0, 5, 43], []
[2025-01-29 13:28:45,814][__main__][INFO] - [0, 5], [43]
[2025-01-29 13:28:45,887][__main__][INFO] - [0, 5, 44], []
[2025-01-29 13:28:45,952][__main__][INFO] - [0, 5, 45], []
[2025-01-29 13:28:45,975][__main__][INFO] - [0, 5, 46], []
[2025-01-29 13:28:45,998][__main__][INFO] - [0, 5, 47], []
[2025-01-29 13:28:46,021][__main__][INFO] - [0, 5, 48], []
[2025-01-29 13:28:46,063][__main__][INFO] - [0, 5, 49], []
[2025-01-29 13:28:46,085][__main__][INFO] - [0, 5, 50], []
[2025-01-29 13:28:46,108][__main__][INFO] - [0, 5, 51], []
[2025-01-29 13:28:46,131][__main__][INFO] - [0, 5, 52], []
[2025-01-29 13:28:46,153][__main__][INFO] - [0, 5, 53], []
[2025-01-29 13:28:46,179][__main__][INFO] - [0, 5, 54], []
[2025-01-29 13:28:46,201][__main__][INFO] - [0, 5, 55], []
[2025-01-29 13:28:46,224][__main__][INFO] - [0, 5, 56], []
[2025-01-29 13:28:46,246][__main__][INFO] - [0, 5, 57], []
[2025-01-29 13:28:46,268][__main__][INFO] - [0, 5, 58], []
[2025-01-29 13:28:46,292][__main__][INFO] - [0, 5, 59], []
[2025-01-29 13:28:46,329][__main__][INFO] - [0, 6, 10], []
[2025-01-29 13:28:46,354][__main__][INFO] - [0, 6, 11], []
[2025-01-29 13:28:46,379][__main__][INFO] - [0, 6, 12], []
[2025-01-29 13:28:46,405][__main__][INFO] - [0, 6, 13], []
[2025-01-29 13:28:46,430][__main__][INFO] - [0, 6, 14], []
[2025-01-29 13:28:46,455][__main__][INFO] - [0, 6, 15], []
[2025-01-29 13:28:46,480][__main__][INFO] - [0, 6, 16], []
[2025-01-29 13:28:46,504][__main__][INFO] - [0, 6, 17], []
[2025-01-29 13:28:46,529][__main__][INFO] - [0, 6, 18], []
[2025-01-29 13:28:46,553][__main__][INFO] - [0, 6, 19], []
[2025-01-29 13:28:46,576][__main__][INFO] - [0, 6, 20], []
[2025-01-29 13:28:46,628][__main__][INFO] - [0, 6, 22], []
[2025-01-29 13:28:46,698][__main__][INFO] - [0, 6, 26], []
[2025-01-29 13:28:46,724][__main__][INFO] - [0, 6], [26]
[2025-01-29 13:28:46,761][__main__][INFO] - [0, 6, 27], []
[2025-01-29 13:28:46,797][__main__][INFO] - [0, 6, 28], []
[2025-01-29 13:28:46,820][__main__][INFO] - [0, 6, 29], []
[2025-01-29 13:28:46,875][__main__][INFO] - [0, 6, 32], []
[2025-01-29 13:28:46,956][__main__][INFO] - [0, 6, 36], []
[2025-01-29 13:28:46,981][__main__][INFO] - [0, 6, 37], []
[2025-01-29 13:28:47,015][__main__][INFO] - [0, 6, 38], []
[2025-01-29 13:28:47,040][__main__][INFO] - [0, 6, 39], []
[2025-01-29 13:28:47,080][__main__][INFO] - [0, 6, 41], []
[2025-01-29 13:28:47,105][__main__][INFO] - [0, 6], [41]
[2025-01-29 13:28:47,141][__main__][INFO] - [0, 6, 42], []
[2025-01-29 13:28:47,165][__main__][INFO] - [0, 6], [42]
[2025-01-29 13:28:47,221][__main__][INFO] - [0, 6, 43], []
[2025-01-29 13:28:47,253][__main__][INFO] - [0, 6], [43]
[2025-01-29 13:28:47,298][__main__][INFO] - [0, 6, 44], []
[2025-01-29 13:28:47,342][__main__][INFO] - [0, 6, 45], []
[2025-01-29 13:28:47,374][__main__][INFO] - [0, 6, 46], []
[2025-01-29 13:28:47,406][__main__][INFO] - [0, 6, 47], []
[2025-01-29 13:28:47,446][__main__][INFO] - [0, 6, 48], []
[2025-01-29 13:28:47,486][__main__][INFO] - [0, 6, 49], []
[2025-01-29 13:28:47,519][__main__][INFO] - [0, 6, 50], []
[2025-01-29 13:28:47,552][__main__][INFO] - [0, 6, 51], []
[2025-01-29 13:28:47,586][__main__][INFO] - [0, 6, 52], []
[2025-01-29 13:28:47,619][__main__][INFO] - [0, 6, 53], []
[2025-01-29 13:28:47,653][__main__][INFO] - [0, 6, 54], []
[2025-01-29 13:28:47,685][__main__][INFO] - [0, 6, 55], []
[2025-01-29 13:28:47,714][__main__][INFO] - [0, 6, 56], []
[2025-01-29 13:28:47,738][__main__][INFO] - [0, 6, 57], []
[2025-01-29 13:28:47,762][__main__][INFO] - [0, 6, 58], []
[2025-01-29 13:28:47,786][__main__][INFO] - [0, 6, 59], []
[2025-01-29 13:28:47,826][__main__][INFO] - [0, 7, 10], []
[2025-01-29 13:28:47,849][__main__][INFO] - [0, 7, 11], []
[2025-01-29 13:28:47,873][__main__][INFO] - [0, 7, 12], []
[2025-01-29 13:28:47,896][__main__][INFO] - [0, 7, 13], []
[2025-01-29 13:28:47,920][__main__][INFO] - [0, 7, 14], []
[2025-01-29 13:28:47,943][__main__][INFO] - [0, 7, 15], []
[2025-01-29 13:28:47,966][__main__][INFO] - [0, 7, 16], []
[2025-01-29 13:28:47,990][__main__][INFO] - [0, 7, 17], []
[2025-01-29 13:28:48,013][__main__][INFO] - [0, 7, 18], []
[2025-01-29 13:28:48,052][__main__][INFO] - [0, 7, 20], []
[2025-01-29 13:28:48,136][__main__][INFO] - [0, 7, 25], []
[2025-01-29 13:28:48,160][__main__][INFO] - [0, 7, 26], []
[2025-01-29 13:28:48,183][__main__][INFO] - [0, 7], [26]
[2025-01-29 13:28:48,207][__main__][INFO] - [0, 7, 27], []
[2025-01-29 13:28:48,230][__main__][INFO] - [0, 7, 28], []
[2025-01-29 13:28:48,254][__main__][INFO] - [0, 7, 29], []
[2025-01-29 13:28:48,292][__main__][INFO] - [0, 7, 31], []
[2025-01-29 13:28:48,316][__main__][INFO] - [0, 7, 32], []
[2025-01-29 13:28:48,385][__main__][INFO] - [0, 7, 36], []
[2025-01-29 13:28:48,408][__main__][INFO] - [0, 7, 37], []
[2025-01-29 13:28:48,432][__main__][INFO] - [0, 7, 38], []
[2025-01-29 13:28:48,456][__main__][INFO] - [0, 7, 39], []
[2025-01-29 13:28:48,494][__main__][INFO] - [0, 7, 41], []
[2025-01-29 13:28:48,518][__main__][INFO] - [0, 7], [41]
[2025-01-29 13:28:48,557][__main__][INFO] - [0, 7], [42]
[2025-01-29 13:28:48,596][__main__][INFO] - [0, 7], [43]
[2025-01-29 13:28:48,620][__main__][INFO] - [0, 7, 44], []
[2025-01-29 13:28:48,643][__main__][INFO] - [0, 7, 45], []
[2025-01-29 13:28:48,666][__main__][INFO] - [0, 7, 46], []
[2025-01-29 13:28:48,690][__main__][INFO] - [0, 7, 47], []
[2025-01-29 13:28:48,714][__main__][INFO] - [0, 7, 48], []
[2025-01-29 13:28:48,752][__main__][INFO] - [0, 7, 50], []
[2025-01-29 13:28:48,775][__main__][INFO] - [0, 7, 51], []
[2025-01-29 13:28:48,798][__main__][INFO] - [0, 7, 52], []
[2025-01-29 13:28:48,821][__main__][INFO] - [0, 7, 53], []
[2025-01-29 13:28:48,845][__main__][INFO] - [0, 7, 54], []
[2025-01-29 13:28:48,868][__main__][INFO] - [0, 7, 55], []
[2025-01-29 13:28:48,890][__main__][INFO] - [0, 7, 56], []
[2025-01-29 13:28:48,913][__main__][INFO] - [0, 7, 57], []
[2025-01-29 13:28:48,936][__main__][INFO] - [0, 7, 58], []
[2025-01-29 13:28:48,959][__main__][INFO] - [0, 7, 59], []
[2025-01-29 13:28:48,996][__main__][INFO] - [0, 8, 10], []
[2025-01-29 13:28:49,021][__main__][INFO] - [0, 8, 11], []
[2025-01-29 13:28:49,046][__main__][INFO] - [0, 8, 12], []
[2025-01-29 13:28:49,069][__main__][INFO] - [0, 8, 13], []
[2025-01-29 13:28:49,092][__main__][INFO] - [0, 8, 14], []
[2025-01-29 13:28:49,117][__main__][INFO] - [0, 8, 15], []
[2025-01-29 13:28:49,141][__main__][INFO] - [0, 8, 16], []
[2025-01-29 13:28:49,164][__main__][INFO] - [0, 8, 17], []
[2025-01-29 13:28:49,219][__main__][INFO] - [0, 8, 20], []
[2025-01-29 13:28:49,260][__main__][INFO] - [0, 8, 22], []
[2025-01-29 13:28:49,330][__main__][INFO] - [0, 8, 26], []
[2025-01-29 13:28:49,354][__main__][INFO] - [0, 8], [26]
[2025-01-29 13:28:49,380][__main__][INFO] - [0, 8, 27], []
[2025-01-29 13:28:49,405][__main__][INFO] - [0, 8, 28], []
[2025-01-29 13:28:49,429][__main__][INFO] - [0, 8, 29], []
[2025-01-29 13:28:49,483][__main__][INFO] - [0, 8, 32], []
[2025-01-29 13:28:49,554][__main__][INFO] - [0, 8, 36], []
[2025-01-29 13:28:49,579][__main__][INFO] - [0, 8, 37], []
[2025-01-29 13:28:49,604][__main__][INFO] - [0, 8, 38], []
[2025-01-29 13:28:49,629][__main__][INFO] - [0, 8, 39], []
[2025-01-29 13:28:49,667][__main__][INFO] - [0, 8, 41], []
[2025-01-29 13:28:49,691][__main__][INFO] - [0, 8], [41]
[2025-01-29 13:28:49,732][__main__][INFO] - [0, 8], [42]
[2025-01-29 13:28:49,773][__main__][INFO] - [0, 8], [43]
[2025-01-29 13:28:49,799][__main__][INFO] - [0, 8, 44], []
[2025-01-29 13:28:49,840][__main__][INFO] - [0, 8, 46], []
[2025-01-29 13:28:49,863][__main__][INFO] - [0, 8, 47], []
[2025-01-29 13:28:49,888][__main__][INFO] - [0, 8, 48], []
[2025-01-29 13:28:49,929][__main__][INFO] - [0, 8, 50], []
[2025-01-29 13:28:49,952][__main__][INFO] - [0, 8, 51], []
[2025-01-29 13:28:49,975][__main__][INFO] - [0, 8, 52], []
[2025-01-29 13:28:49,998][__main__][INFO] - [0, 8, 53], []
[2025-01-29 13:28:50,022][__main__][INFO] - [0, 8, 54], []
[2025-01-29 13:28:50,047][__main__][INFO] - [0, 8, 55], []
[2025-01-29 13:28:50,070][__main__][INFO] - [0, 8, 56], []
[2025-01-29 13:28:50,094][__main__][INFO] - [0, 8, 57], []
[2025-01-29 13:28:50,118][__main__][INFO] - [0, 8, 58], []
[2025-01-29 13:28:50,141][__main__][INFO] - [0, 8, 59], []
[2025-01-29 13:28:50,193][__main__][INFO] - [0, 10, 20], []
[2025-01-29 13:28:50,347][__main__][INFO] - [0, 10, 21], []
[2025-01-29 13:28:50,374][__main__][INFO] - [0, 10, 22], []
[2025-01-29 13:28:50,400][__main__][INFO] - [0, 10, 23], []
[2025-01-29 13:28:50,423][__main__][INFO] - [0, 10, 24], []
[2025-01-29 13:28:50,447][__main__][INFO] - [0, 10, 25], []
[2025-01-29 13:28:50,470][__main__][INFO] - [0, 10, 26], []
[2025-01-29 13:28:50,496][__main__][INFO] - [0, 10], [26]
[2025-01-29 13:28:50,651][__main__][INFO] - [0, 10, 27], []
[2025-01-29 13:28:50,799][__main__][INFO] - [0, 10, 28], []
[2025-01-29 13:28:50,823][__main__][INFO] - [0, 10, 29], []
[2025-01-29 13:28:50,848][__main__][INFO] - [0, 10, 30], []
[2025-01-29 13:28:50,950][__main__][INFO] - [0, 10, 36], []
[2025-01-29 23:48:57,320][__main__][INFO] - In total, there are 5772124799 possible subgroups
[2025-01-29 23:48:57,349][__main__][INFO] - [0], []
[2025-01-29 23:49:00,685][__main__][INFO] - [], [0]
[2025-01-29 23:49:03,358][__main__][INFO] - [1], []
[2025-01-29 23:49:03,615][__main__][INFO] - [2], []
[2025-01-29 23:49:07,853][__main__][INFO] - [3], []
[2025-01-29 23:49:07,980][__main__][INFO] - [4], []
[2025-01-29 23:49:08,305][__main__][INFO] - [5], []
[2025-01-29 23:49:08,406][__main__][INFO] - [6], []
[2025-01-29 23:49:08,446][__main__][INFO] - [7], []
[2025-01-29 23:49:08,459][__main__][INFO] - [8], []
[2025-01-29 23:49:08,477][__main__][INFO] - [9], []
[2025-01-29 23:49:08,492][__main__][INFO] - [10], []
[2025-01-29 23:49:08,742][__main__][INFO] - [11], []
[2025-01-29 23:49:09,040][__main__][INFO] - [12], []
[2025-01-29 23:49:09,336][__main__][INFO] - [13], []
[2025-01-29 23:49:09,621][__main__][INFO] - [14], []
[2025-01-29 23:49:09,917][__main__][INFO] - [15], []
[2025-01-29 23:49:10,253][__main__][INFO] - [16], []
[2025-01-29 23:49:10,573][__main__][INFO] - [17], []
[2025-01-29 23:49:10,842][__main__][INFO] - [18], []
[2025-01-29 23:49:10,960][__main__][INFO] - [19], []
[2025-01-29 23:49:11,026][__main__][INFO] - [20], []
[2025-01-29 23:49:16,520][__main__][INFO] - [21], []
[2025-01-29 23:49:16,761][__main__][INFO] - [22], []
[2025-01-29 23:49:17,038][__main__][INFO] - [23], []
[2025-01-29 23:49:17,094][__main__][INFO] - [24], []
[2025-01-29 23:49:17,117][__main__][INFO] - [25], []
[2025-01-29 23:49:17,135][__main__][INFO] - [26], []
[2025-01-29 23:49:18,713][__main__][INFO] - [], [26]
[2025-01-29 23:49:24,744][__main__][INFO] - [27], []
[2025-01-29 23:49:28,984][__main__][INFO] - [28], []
[2025-01-29 23:49:29,206][__main__][INFO] - [29], []
[2025-01-29 23:49:29,512][__main__][INFO] - [30], []
[2025-01-29 23:49:29,548][__main__][INFO] - [31], []
[2025-01-29 23:49:29,564][__main__][INFO] - [32], []
[2025-01-29 23:49:36,434][__main__][INFO] - [33], []
[2025-01-29 23:49:36,579][__main__][INFO] - [34], []
[2025-01-29 23:49:36,603][__main__][INFO] - [35], []
[2025-01-29 23:49:36,630][__main__][INFO] - [36], []
[2025-01-29 23:49:37,124][__main__][INFO] - [37], []
[2025-01-29 23:49:40,164][__main__][INFO] - [38], []
[2025-01-29 23:49:40,979][__main__][INFO] - [39], []
[2025-01-29 23:49:41,463][__main__][INFO] - [40], []
[2025-01-29 23:49:41,502][__main__][INFO] - [41], []
[2025-01-29 23:49:42,133][__main__][INFO] - [], [41]
[2025-01-29 23:49:47,094][__main__][INFO] - [42], []
[2025-01-29 23:49:47,236][__main__][INFO] - [], [42]
[2025-01-29 23:49:59,173][__main__][INFO] - [43], []
[2025-01-29 23:49:59,253][__main__][INFO] - [], [43]
[2025-01-29 23:50:07,927][__main__][INFO] - [44], []
[2025-01-29 23:50:14,849][__main__][INFO] - [45], []
[2025-01-29 23:50:15,017][__main__][INFO] - [46], []
[2025-01-29 23:50:15,124][__main__][INFO] - [47], []
[2025-01-29 23:50:24,585][__main__][INFO] - [48], []
[2025-01-29 23:50:25,159][__main__][INFO] - [49], []
[2025-01-29 23:50:25,195][__main__][INFO] - [50], []
[2025-01-29 23:50:25,383][__main__][INFO] - [51], []
[2025-01-29 23:50:25,512][__main__][INFO] - [52], []
[2025-01-29 23:50:25,664][__main__][INFO] - [53], []
[2025-01-29 23:50:25,826][__main__][INFO] - [54], []
[2025-01-29 23:50:25,986][__main__][INFO] - [55], []
[2025-01-29 23:50:26,126][__main__][INFO] - [56], []
[2025-01-29 23:50:26,287][__main__][INFO] - [57], []
[2025-01-29 23:50:26,398][__main__][INFO] - [58], []
[2025-01-29 23:50:26,497][__main__][INFO] - [59], []
[2025-01-29 23:50:27,425][__main__][INFO] - [0, 1], []
[2025-01-29 23:50:27,553][__main__][INFO] - [0, 2], []
[2025-01-29 23:50:28,650][__main__][INFO] - [0, 3], []
[2025-01-29 23:50:28,716][__main__][INFO] - [0, 4], []
[2025-01-29 23:50:28,895][__main__][INFO] - [0, 5], []
[2025-01-29 23:50:28,952][__main__][INFO] - [0, 6], []
[2025-01-29 23:50:28,977][__main__][INFO] - [0, 7], []
[2025-01-29 23:50:28,993][__main__][INFO] - [0, 8], []
[2025-01-29 23:50:29,024][__main__][INFO] - [0, 10], []
[2025-01-29 23:50:29,147][__main__][INFO] - [0, 11], []
[2025-01-29 23:50:29,286][__main__][INFO] - [0, 12], []
[2025-01-29 23:50:29,430][__main__][INFO] - [0, 13], []
[2025-01-29 23:50:29,571][__main__][INFO] - [0, 14], []
[2025-01-29 23:50:29,717][__main__][INFO] - [0, 15], []
[2025-01-29 23:50:29,870][__main__][INFO] - [0, 16], []
[2025-01-29 23:50:30,021][__main__][INFO] - [0, 17], []
[2025-01-29 23:50:30,151][__main__][INFO] - [0, 18], []
[2025-01-29 23:50:30,219][__main__][INFO] - [0, 19], []
[2025-01-29 23:50:30,265][__main__][INFO] - [0, 20], []
[2025-01-29 23:50:31,646][__main__][INFO] - [0, 21], []
[2025-01-29 23:50:31,778][__main__][INFO] - [0, 22], []
[2025-01-29 23:50:31,917][__main__][INFO] - [0, 23], []
[2025-01-29 23:50:31,955][__main__][INFO] - [0, 24], []
[2025-01-29 23:50:31,971][__main__][INFO] - [0, 25], []
[2025-01-29 23:50:31,987][__main__][INFO] - [0, 26], []
[2025-01-29 23:50:32,250][__main__][INFO] - [0], [26]
[2025-01-29 23:50:33,835][__main__][INFO] - [0, 27], []
[2025-01-29 23:50:35,077][__main__][INFO] - [0, 28], []
[2025-01-29 23:50:35,195][__main__][INFO] - [0, 29], []
[2025-01-29 23:50:35,367][__main__][INFO] - [0, 30], []
[2025-01-29 23:50:35,393][__main__][INFO] - [0, 31], []
[2025-01-29 23:50:35,411][__main__][INFO] - [0, 32], []
[2025-01-29 23:50:37,083][__main__][INFO] - [0, 33], []
[2025-01-29 23:50:37,107][__main__][INFO] - [0, 34], []
[2025-01-29 23:50:37,124][__main__][INFO] - [0, 35], []
[2025-01-29 23:50:37,140][__main__][INFO] - [0, 36], []
[2025-01-29 23:50:37,362][__main__][INFO] - [0, 37], []
[2025-01-29 23:50:38,217][__main__][INFO] - [0, 38], []
[2025-01-29 23:50:38,524][__main__][INFO] - [0, 39], []
[2025-01-29 23:50:38,707][__main__][INFO] - [0, 40], []
[2025-01-29 23:50:38,735][__main__][INFO] - [0, 41], []
[2025-01-29 23:50:39,075][__main__][INFO] - [0], [41]
[2025-01-29 23:50:40,382][__main__][INFO] - [0, 42], []
[2025-01-29 23:50:40,438][__main__][INFO] - [0], [42]
[2025-01-29 23:50:42,758][__main__][INFO] - [0, 43], []
[2025-01-29 23:50:42,805][__main__][INFO] - [0], [43]
[2025-01-29 23:50:45,080][__main__][INFO] - [0, 44], []
[2025-01-29 23:50:46,974][__main__][INFO] - [0, 45], []
[2025-01-29 23:50:47,053][__main__][INFO] - [0, 46], []
[2025-01-29 23:50:47,115][__main__][INFO] - [0, 47], []
[2025-01-29 23:50:48,058][__main__][INFO] - [0, 48], []
[2025-01-29 23:50:48,624][__main__][INFO] - [0, 49], []
[2025-01-29 23:50:48,660][__main__][INFO] - [0, 50], []
[2025-01-29 23:50:48,745][__main__][INFO] - [0, 51], []
[2025-01-29 23:50:48,812][__main__][INFO] - [0, 52], []
[2025-01-29 23:50:48,887][__main__][INFO] - [0, 53], []
[2025-01-29 23:50:48,969][__main__][INFO] - [0, 54], []
[2025-01-29 23:50:49,043][__main__][INFO] - [0, 55], []
[2025-01-29 23:50:49,111][__main__][INFO] - [0, 56], []
[2025-01-29 23:50:49,176][__main__][INFO] - [0, 57], []
[2025-01-29 23:50:49,233][__main__][INFO] - [0, 58], []
[2025-01-29 23:50:49,285][__main__][INFO] - [0, 59], []
[2025-01-29 23:50:49,693][__main__][INFO] - [1], [0]
[2025-01-29 23:50:49,822][__main__][INFO] - [2], [0]
[2025-01-29 23:50:50,990][__main__][INFO] - [3], [0]
[2025-01-29 23:50:51,054][__main__][INFO] - [4], [0]
[2025-01-29 23:50:51,209][__main__][INFO] - [5], [0]
[2025-01-29 23:50:51,269][__main__][INFO] - [6], [0]
[2025-01-29 23:50:51,294][__main__][INFO] - [7], [0]
[2025-01-29 23:50:51,309][__main__][INFO] - [8], [0]
[2025-01-29 23:50:51,340][__main__][INFO] - [10], [0]
[2025-01-29 23:50:51,467][__main__][INFO] - [11], [0]
[2025-01-29 23:50:51,643][__main__][INFO] - [12], [0]
[2025-01-29 23:50:51,805][__main__][INFO] - [13], [0]
[2025-01-29 23:50:51,954][__main__][INFO] - [14], [0]
[2025-01-29 23:50:52,099][__main__][INFO] - [15], [0]
[2025-01-29 23:50:52,241][__main__][INFO] - [16], [0]
[2025-01-29 23:50:52,389][__main__][INFO] - [17], [0]
[2025-01-29 23:50:52,507][__main__][INFO] - [18], [0]
[2025-01-29 23:50:52,566][__main__][INFO] - [19], [0]
[2025-01-29 23:50:52,600][__main__][INFO] - [20], [0]
[2025-01-29 23:50:53,955][__main__][INFO] - [21], [0]
[2025-01-29 23:50:54,064][__main__][INFO] - [22], [0]
[2025-01-29 23:50:54,196][__main__][INFO] - [23], [0]
[2025-01-29 23:50:54,232][__main__][INFO] - [24], [0]
[2025-01-29 23:50:54,253][__main__][INFO] - [25], [0]
[2025-01-29 23:50:54,272][__main__][INFO] - [26], [0]
[2025-01-29 23:50:54,680][__main__][INFO] - [], [0, 26]
[2025-01-29 23:50:56,099][__main__][INFO] - [27], [0]
[2025-01-29 23:50:57,408][__main__][INFO] - [28], [0]
[2025-01-29 23:50:57,516][__main__][INFO] - [29], [0]
[2025-01-29 23:50:57,651][__main__][INFO] - [30], [0]
[2025-01-29 23:50:57,677][__main__][INFO] - [31], [0]
[2025-01-29 23:50:57,693][__main__][INFO] - [32], [0]
[2025-01-29 23:50:58,768][__main__][INFO] - [33], [0]
[2025-01-29 23:50:58,916][__main__][INFO] - [34], [0]
[2025-01-29 23:50:58,936][__main__][INFO] - [35], [0]
[2025-01-29 23:50:58,963][__main__][INFO] - [36], [0]
[2025-01-29 23:50:59,193][__main__][INFO] - [37], [0]
[2025-01-29 23:51:00,235][__main__][INFO] - [38], [0]
[2025-01-29 23:51:00,535][__main__][INFO] - [39], [0]
[2025-01-29 23:51:00,732][__main__][INFO] - [40], [0]
[2025-01-29 23:51:00,760][__main__][INFO] - [41], [0]
[2025-01-29 23:51:01,010][__main__][INFO] - [], [0, 41]
[2025-01-29 23:51:02,778][__main__][INFO] - [42], [0]
[2025-01-29 23:51:02,858][__main__][INFO] - [], [0, 42]
[2025-01-29 23:51:04,876][__main__][INFO] - [43], [0]
[2025-01-29 23:51:04,915][__main__][INFO] - [], [0, 43]
[2025-01-29 23:51:07,657][__main__][INFO] - [44], [0]
[2025-01-29 23:51:09,878][__main__][INFO] - [45], [0]
[2025-01-29 23:51:09,965][__main__][INFO] - [46], [0]
[2025-01-29 23:51:10,028][__main__][INFO] - [47], [0]
[2025-01-29 23:51:12,768][__main__][INFO] - [50], [0]
[2025-01-29 23:51:12,856][__main__][INFO] - [51], [0]
[2025-01-29 23:51:12,914][__main__][INFO] - [52], [0]
[2025-01-29 23:51:12,982][__main__][INFO] - [53], [0]
[2025-01-29 23:51:13,058][__main__][INFO] - [54], [0]
[2025-01-29 23:51:13,130][__main__][INFO] - [55], [0]
[2025-01-29 23:51:13,196][__main__][INFO] - [56], [0]
[2025-01-29 23:51:13,260][__main__][INFO] - [57], [0]
[2025-01-29 23:51:13,321][__main__][INFO] - [58], [0]
[2025-01-29 23:51:13,372][__main__][INFO] - [59], [0]
[2025-01-29 23:51:13,778][__main__][INFO] - [1, 10], []
[2025-01-29 23:51:13,821][__main__][INFO] - [1, 11], []
[2025-01-29 23:51:13,870][__main__][INFO] - [1, 12], []
[2025-01-29 23:51:13,922][__main__][INFO] - [1, 13], []
[2025-01-29 23:51:13,966][__main__][INFO] - [1, 14], []
[2025-01-29 23:51:14,010][__main__][INFO] - [1, 15], []
[2025-01-29 23:51:14,049][__main__][INFO] - [1, 16], []
[2025-01-29 23:51:14,079][__main__][INFO] - [1, 17], []
[2025-01-29 23:51:14,103][__main__][INFO] - [1, 18], []
[2025-01-29 23:51:14,121][__main__][INFO] - [1, 19], []
[2025-01-29 23:51:14,136][__main__][INFO] - [1, 20], []
[2025-01-29 23:51:14,286][__main__][INFO] - [1, 21], []
[2025-01-29 23:51:14,301][__main__][INFO] - [1, 22], []
[2025-01-29 23:51:14,402][__main__][INFO] - [1, 23], []
[2025-01-29 23:51:14,417][__main__][INFO] - [1, 24], []
[2025-01-29 23:51:14,446][__main__][INFO] - [1, 26], []
[2025-01-29 23:51:14,480][__main__][INFO] - [1], [26]
[2025-01-29 23:51:14,699][__main__][INFO] - [1, 27], []
[2025-01-29 23:51:14,848][__main__][INFO] - [1, 28], []
[2025-01-29 23:51:14,909][__main__][INFO] - [1, 29], []
[2025-01-29 23:51:14,958][__main__][INFO] - [1, 30], []
[2025-01-29 23:51:14,973][__main__][INFO] - [1, 31], []
[2025-01-29 23:51:14,989][__main__][INFO] - [1, 32], []
[2025-01-29 23:51:15,172][__main__][INFO] - [1, 33], []
[2025-01-29 23:51:15,190][__main__][INFO] - [1, 34], []
[2025-01-29 23:51:15,206][__main__][INFO] - [1, 35], []
[2025-01-29 23:51:15,221][__main__][INFO] - [1, 36], []
[2025-01-29 23:51:15,291][__main__][INFO] - [1, 37], []
[2025-01-29 23:51:15,479][__main__][INFO] - [1, 38], []
[2025-01-29 23:51:15,505][__main__][INFO] - [1, 39], []
[2025-01-29 23:51:15,547][__main__][INFO] - [1, 40], []
[2025-01-29 23:51:15,564][__main__][INFO] - [1, 41], []
[2025-01-29 23:51:15,665][__main__][INFO] - [1], [41]
[2025-01-29 23:51:15,817][__main__][INFO] - [1, 42], []
[2025-01-29 23:51:15,836][__main__][INFO] - [1], [42]
[2025-01-29 23:51:16,080][__main__][INFO] - [1, 43], []
[2025-01-29 23:51:16,099][__main__][INFO] - [1], [43]
[2025-01-29 23:51:16,341][__main__][INFO] - [1, 44], []
[2025-01-29 23:51:16,569][__main__][INFO] - [1, 45], []
[2025-01-29 23:51:16,594][__main__][INFO] - [1, 46], []
[2025-01-29 23:51:16,621][__main__][INFO] - [1, 47], []
[2025-01-29 23:51:16,805][__main__][INFO] - [1, 48], []
[2025-01-29 23:51:16,900][__main__][INFO] - [1, 49], []
[2025-01-29 23:51:16,919][__main__][INFO] - [1, 50], []
[2025-01-29 23:51:16,950][__main__][INFO] - [1, 51], []
[2025-01-29 23:51:16,980][__main__][INFO] - [1, 52], []
[2025-01-29 23:51:17,014][__main__][INFO] - [1, 53], []
[2025-01-29 23:51:17,049][__main__][INFO] - [1, 54], []
[2025-01-29 23:51:17,083][__main__][INFO] - [1, 55], []
[2025-01-29 23:51:17,110][__main__][INFO] - [1, 56], []
[2025-01-29 23:51:17,136][__main__][INFO] - [1, 57], []
[2025-01-29 23:51:17,160][__main__][INFO] - [1, 58], []
[2025-01-29 23:51:17,175][__main__][INFO] - [1, 59], []
[2025-01-29 23:51:17,226][__main__][INFO] - [2, 10], []
[2025-01-29 23:51:17,369][__main__][INFO] - [2, 11], []
[2025-01-29 23:51:17,529][__main__][INFO] - [2, 12], []
[2025-01-29 23:51:17,711][__main__][INFO] - [2, 13], []
[2025-01-29 23:51:17,886][__main__][INFO] - [2, 14], []
[2025-01-29 23:51:18,065][__main__][INFO] - [2, 15], []
[2025-01-29 23:51:18,252][__main__][INFO] - [2, 16], []
[2025-01-29 23:51:18,460][__main__][INFO] - [2, 17], []
[2025-01-29 23:51:18,640][__main__][INFO] - [2, 18], []
[2025-01-29 23:51:18,736][__main__][INFO] - [2, 19], []
[2025-01-29 23:51:18,791][__main__][INFO] - [2, 20], []
[2025-01-29 23:51:20,854][__main__][INFO] - [2, 21], []
[2025-01-29 23:51:20,885][__main__][INFO] - [2, 22], []
[2025-01-29 23:51:21,041][__main__][INFO] - [2, 23], []
[2025-01-29 23:51:21,097][__main__][INFO] - [2, 24], []
[2025-01-29 23:51:21,113][__main__][INFO] - [2, 25], []
[2025-01-29 23:51:21,130][__main__][INFO] - [2, 26], []
[2025-01-29 23:51:21,745][__main__][INFO] - [2], [26]
[2025-01-29 23:51:23,676][__main__][INFO] - [2, 27], []
[2025-01-29 23:51:25,597][__main__][INFO] - [2, 28], []
[2025-01-29 23:51:25,698][__main__][INFO] - [2, 29], []
[2025-01-29 23:51:25,818][__main__][INFO] - [2, 30], []
[2025-01-29 23:51:25,845][__main__][INFO] - [2, 31], []
[2025-01-29 23:51:25,862][__main__][INFO] - [2, 32], []
[2025-01-29 23:51:27,858][__main__][INFO] - [2, 33], []
[2025-01-29 23:51:27,975][__main__][INFO] - [2, 34], []
[2025-01-29 23:51:27,995][__main__][INFO] - [2, 35], []
[2025-01-29 23:51:28,022][__main__][INFO] - [2, 36], []
[2025-01-29 23:51:28,286][__main__][INFO] - [2, 37], []
[2025-01-29 23:51:29,331][__main__][INFO] - [2, 38], []
[2025-01-29 23:51:29,809][__main__][INFO] - [2, 39], []
[2025-01-29 23:51:30,107][__main__][INFO] - [2, 40], []
[2025-01-29 23:51:30,142][__main__][INFO] - [2, 41], []
[2025-01-29 23:51:30,379][__main__][INFO] - [2], [41]
[2025-01-29 23:51:32,642][__main__][INFO] - [2, 42], []
[2025-01-29 23:51:32,751][__main__][INFO] - [2], [42]
[2025-01-29 23:51:35,686][__main__][INFO] - [2, 43], []
[2025-01-29 23:51:35,743][__main__][INFO] - [2], [43]
[2025-01-29 23:51:38,702][__main__][INFO] - [2, 44], []
[2025-01-29 23:51:41,304][__main__][INFO] - [2, 45], []
[2025-01-29 23:51:41,401][__main__][INFO] - [2, 46], []
[2025-01-29 23:51:41,474][__main__][INFO] - [2, 47], []
[2025-01-29 23:51:44,141][__main__][INFO] - [2, 48], []
[2025-01-29 23:51:44,456][__main__][INFO] - [2, 49], []
[2025-01-29 23:51:44,484][__main__][INFO] - [2, 50], []
[2025-01-29 23:51:44,588][__main__][INFO] - [2, 51], []
[2025-01-29 23:51:44,661][__main__][INFO] - [2, 52], []
[2025-01-29 23:51:44,749][__main__][INFO] - [2, 53], []
[2025-01-29 23:51:44,846][__main__][INFO] - [2, 54], []
[2025-01-29 23:51:44,935][__main__][INFO] - [2, 55], []
[2025-01-29 23:51:45,018][__main__][INFO] - [2, 56], []
[2025-01-29 23:51:45,094][__main__][INFO] - [2, 57], []
[2025-01-29 23:51:45,164][__main__][INFO] - [2, 58], []
[2025-01-29 23:51:45,227][__main__][INFO] - [2, 59], []
[2025-01-29 23:51:45,806][__main__][INFO] - [3, 10], []
[2025-01-29 23:51:45,844][__main__][INFO] - [3, 11], []
[2025-01-29 23:51:45,878][__main__][INFO] - [3, 12], []
[2025-01-29 23:51:45,906][__main__][INFO] - [3, 13], []
[2025-01-29 23:51:45,930][__main__][INFO] - [3, 14], []
[2025-01-29 23:51:45,953][__main__][INFO] - [3, 15], []
[2025-01-29 23:51:45,974][__main__][INFO] - [3, 16], []
[2025-01-29 23:51:45,994][__main__][INFO] - [3, 17], []
[2025-01-29 23:51:46,009][__main__][INFO] - [3, 18], []
[2025-01-29 23:51:46,025][__main__][INFO] - [3, 19], []
[2025-01-29 23:51:46,040][__main__][INFO] - [3, 20], []
[2025-01-29 23:51:46,143][__main__][INFO] - [3, 21], []
[2025-01-29 23:51:46,166][__main__][INFO] - [3, 22], []
[2025-01-29 23:51:46,181][__main__][INFO] - [3, 23], []
[2025-01-29 23:51:46,196][__main__][INFO] - [3, 24], []
[2025-01-29 23:51:46,211][__main__][INFO] - [3, 25], []
[2025-01-29 23:51:46,227][__main__][INFO] - [3, 26], []
[2025-01-29 23:51:46,252][__main__][INFO] - [3], [26]
[2025-01-29 23:51:46,360][__main__][INFO] - [3, 27], []
[2025-01-29 23:51:46,461][__main__][INFO] - [3, 28], []
[2025-01-29 23:51:46,477][__main__][INFO] - [3, 29], []
[2025-01-29 23:51:46,492][__main__][INFO] - [3, 30], []
[2025-01-29 23:51:46,511][__main__][INFO] - [3, 31], []
[2025-01-29 23:51:46,526][__main__][INFO] - [3, 32], []
[2025-01-29 23:51:46,597][__main__][INFO] - [3, 33], []
[2025-01-29 23:51:46,614][__main__][INFO] - [3, 34], []
[2025-01-29 23:51:46,631][__main__][INFO] - [3, 35], []
[2025-01-29 23:51:46,647][__main__][INFO] - [3, 36], []
[2025-01-29 23:51:46,700][__main__][INFO] - [3, 37], []
[2025-01-29 23:51:46,734][__main__][INFO] - [3, 38], []
[2025-01-29 23:51:46,804][__main__][INFO] - [3, 39], []
[2025-01-29 23:51:46,830][__main__][INFO] - [3, 40], []
[2025-01-29 23:51:46,845][__main__][INFO] - [3, 41], []
[2025-01-29 23:51:46,861][__main__][INFO] - [3], [41]
[2025-01-29 23:51:46,965][__main__][INFO] - [3, 42], []
[2025-01-29 23:51:46,983][__main__][INFO] - [3], [42]
[2025-01-29 23:51:47,108][__main__][INFO] - [3, 43], []
[2025-01-29 23:51:47,125][__main__][INFO] - [3], [43]
[2025-01-29 23:51:47,246][__main__][INFO] - [3, 44], []
[2025-01-29 23:51:47,343][__main__][INFO] - [3, 45], []
[2025-01-29 23:51:47,363][__main__][INFO] - [3, 46], []
[2025-01-29 23:51:47,388][__main__][INFO] - [3, 47], []
[2025-01-29 23:51:47,479][__main__][INFO] - [3, 48], []
[2025-01-29 23:51:47,513][__main__][INFO] - [3, 49], []
[2025-01-29 23:51:47,530][__main__][INFO] - [3, 50], []
[2025-01-29 23:51:47,551][__main__][INFO] - [3, 51], []
[2025-01-29 23:51:47,570][__main__][INFO] - [3, 52], []
[2025-01-29 23:51:47,589][__main__][INFO] - [3, 53], []
[2025-01-29 23:51:47,609][__main__][INFO] - [3, 54], []
[2025-01-29 23:51:47,628][__main__][INFO] - [3, 55], []
[2025-01-29 23:51:47,647][__main__][INFO] - [3, 56], []
[2025-01-29 23:51:47,666][__main__][INFO] - [3, 57], []
[2025-01-29 23:51:47,686][__main__][INFO] - [3, 58], []
[2025-01-29 23:51:47,704][__main__][INFO] - [3, 59], []
[2025-01-29 23:51:47,762][__main__][INFO] - [4, 10], []
[2025-01-29 23:51:47,804][__main__][INFO] - [4, 11], []
[2025-01-29 23:51:47,848][__main__][INFO] - [4, 12], []
[2025-01-29 23:51:47,898][__main__][INFO] - [4, 13], []
[2025-01-29 23:51:47,950][__main__][INFO] - [4, 14], []
[2025-01-29 23:51:47,966][__main__][INFO] - [4, 15], []
[2025-01-29 23:51:47,982][__main__][INFO] - [4, 16], []
[2025-01-29 23:51:48,033][__main__][INFO] - [4, 17], []
[2025-01-29 23:51:48,073][__main__][INFO] - [4, 18], []
[2025-01-29 23:51:48,089][__main__][INFO] - [4, 19], []
[2025-01-29 23:51:48,112][__main__][INFO] - [4, 20], []
[2025-01-29 23:51:48,231][__main__][INFO] - [4, 21], []
[2025-01-29 23:51:48,433][__main__][INFO] - [4, 22], []
[2025-01-29 23:51:48,449][__main__][INFO] - [4, 23], []
[2025-01-29 23:51:48,464][__main__][INFO] - [4, 24], []
[2025-01-29 23:51:48,480][__main__][INFO] - [4, 25], []
[2025-01-29 23:51:48,495][__main__][INFO] - [4, 26], []
[2025-01-29 23:51:48,534][__main__][INFO] - [4], [26]
[2025-01-29 23:51:48,826][__main__][INFO] - [4, 27], []
[2025-01-29 23:51:48,946][__main__][INFO] - [4, 28], []
[2025-01-29 23:51:49,013][__main__][INFO] - [4, 29], []
[2025-01-29 23:51:49,158][__main__][INFO] - [4, 30], []
[2025-01-29 23:51:49,174][__main__][INFO] - [4, 31], []
[2025-01-29 23:51:49,190][__main__][INFO] - [4, 32], []
[2025-01-29 23:51:49,448][__main__][INFO] - [4, 33], []
[2025-01-29 23:51:49,471][__main__][INFO] - [4, 34], []
[2025-01-29 23:51:49,487][__main__][INFO] - [4, 35], []
[2025-01-29 23:51:49,503][__main__][INFO] - [4, 36], []
[2025-01-29 23:51:49,564][__main__][INFO] - [4, 37], []
[2025-01-29 23:51:49,818][__main__][INFO] - [4, 38], []
[2025-01-29 23:51:49,848][__main__][INFO] - [4, 39], []
[2025-01-29 23:51:49,895][__main__][INFO] - [4, 40], []
[2025-01-29 23:51:49,912][__main__][INFO] - [4, 41], []
[2025-01-29 23:51:50,117][__main__][INFO] - [4], [41]
[2025-01-29 23:51:50,242][__main__][INFO] - [4, 42], []
[2025-01-29 23:51:50,258][__main__][INFO] - [4], [42]
[2025-01-29 23:51:50,576][__main__][INFO] - [4, 43], []
[2025-01-29 23:51:50,595][__main__][INFO] - [4], [43]
[2025-01-29 23:51:50,915][__main__][INFO] - [4, 44], []
[2025-01-29 23:51:51,210][__main__][INFO] - [4, 45], []
[2025-01-29 23:51:51,234][__main__][INFO] - [4, 46], []
[2025-01-29 23:51:51,260][__main__][INFO] - [4, 47], []
[2025-01-29 23:51:51,499][__main__][INFO] - [4, 48], []
[2025-01-29 23:51:51,592][__main__][INFO] - [4, 49], []
[2025-01-29 23:51:51,611][__main__][INFO] - [4, 50], []
[2025-01-29 23:51:51,642][__main__][INFO] - [4, 51], []
[2025-01-29 23:51:51,668][__main__][INFO] - [4, 52], []
[2025-01-29 23:51:51,696][__main__][INFO] - [4, 53], []
[2025-01-29 23:51:51,723][__main__][INFO] - [4, 54], []
[2025-01-29 23:51:51,738][__main__][INFO] - [4, 55], []
[2025-01-29 23:51:51,754][__main__][INFO] - [4, 56], []
[2025-01-29 23:51:51,780][__main__][INFO] - [4, 57], []
[2025-01-29 23:51:51,808][__main__][INFO] - [4, 58], []
[2025-01-29 23:51:51,836][__main__][INFO] - [4, 59], []
[2025-01-29 23:51:51,996][__main__][INFO] - [5, 10], []
[2025-01-29 23:51:52,031][__main__][INFO] - [5, 11], []
[2025-01-29 23:51:52,057][__main__][INFO] - [5, 12], []
[2025-01-29 23:51:52,086][__main__][INFO] - [5, 13], []
[2025-01-29 23:51:52,112][__main__][INFO] - [5, 14], []
[2025-01-29 23:51:52,128][__main__][INFO] - [5, 15], []
[2025-01-29 23:51:52,154][__main__][INFO] - [5, 16], []
[2025-01-29 23:51:52,170][__main__][INFO] - [5, 17], []
[2025-01-29 23:51:52,194][__main__][INFO] - [5, 18], []
[2025-01-29 23:51:52,210][__main__][INFO] - [5, 19], []
[2025-01-29 23:51:52,225][__main__][INFO] - [5, 20], []
[2025-01-29 23:51:52,323][__main__][INFO] - [5, 21], []
[2025-01-29 23:51:52,339][__main__][INFO] - [5, 22], []
[2025-01-29 23:51:52,361][__main__][INFO] - [5, 23], []
[2025-01-29 23:51:52,376][__main__][INFO] - [5, 24], []
[2025-01-29 23:51:52,412][__main__][INFO] - [5, 26], []
[2025-01-29 23:51:52,442][__main__][INFO] - [5], [26]
[2025-01-29 23:51:52,529][__main__][INFO] - [5, 27], []
[2025-01-29 23:51:52,626][__main__][INFO] - [5, 28], []
[2025-01-29 23:51:52,647][__main__][INFO] - [5, 29], []
[2025-01-29 23:51:52,668][__main__][INFO] - [5, 30], []
[2025-01-29 23:51:52,684][__main__][INFO] - [5, 31], []
[2025-01-29 23:51:52,699][__main__][INFO] - [5, 32], []
[2025-01-29 23:51:52,780][__main__][INFO] - [5, 33], []
[2025-01-29 23:51:52,801][__main__][INFO] - [5, 34], []
[2025-01-29 23:51:52,817][__main__][INFO] - [5, 35], []
[2025-01-29 23:51:52,834][__main__][INFO] - [5, 36], []
[2025-01-29 23:51:52,866][__main__][INFO] - [5, 37], []
[2025-01-29 23:51:52,945][__main__][INFO] - [5, 38], []
[2025-01-29 23:51:52,970][__main__][INFO] - [5, 39], []
[2025-01-29 23:51:52,996][__main__][INFO] - [5, 40], []
[2025-01-29 23:51:53,012][__main__][INFO] - [5, 41], []
[2025-01-29 23:51:53,033][__main__][INFO] - [5], [41]
[2025-01-29 23:51:53,129][__main__][INFO] - [5, 42], []
[2025-01-29 23:51:53,147][__main__][INFO] - [5], [42]
[2025-01-29 23:51:53,246][__main__][INFO] - [5, 43], []
[2025-01-29 23:51:53,264][__main__][INFO] - [5], [43]
[2025-01-29 23:51:53,364][__main__][INFO] - [5, 44], []
[2025-01-29 23:51:53,455][__main__][INFO] - [5, 45], []
[2025-01-29 23:51:53,470][__main__][INFO] - [5, 46], []
[2025-01-29 23:51:53,489][__main__][INFO] - [5, 47], []
[2025-01-29 23:51:53,573][__main__][INFO] - [5, 48], []
[2025-01-29 23:51:53,606][__main__][INFO] - [5, 49], []
[2025-01-29 23:51:53,621][__main__][INFO] - [5, 50], []
[2025-01-29 23:51:53,651][__main__][INFO] - [5, 51], []
[2025-01-29 23:51:53,674][__main__][INFO] - [5, 52], []
[2025-01-29 23:51:53,695][__main__][INFO] - [5, 53], []
[2025-01-29 23:51:53,717][__main__][INFO] - [5, 54], []
[2025-01-29 23:51:53,737][__main__][INFO] - [5, 55], []
[2025-01-29 23:51:53,753][__main__][INFO] - [5, 56], []
[2025-01-29 23:51:53,768][__main__][INFO] - [5, 57], []
[2025-01-29 23:51:53,784][__main__][INFO] - [5, 58], []
[2025-01-29 23:51:53,801][__main__][INFO] - [5, 59], []
[2025-01-29 23:51:53,847][__main__][INFO] - [6, 10], []
[2025-01-29 23:51:53,865][__main__][INFO] - [6, 11], []
[2025-01-29 23:51:53,882][__main__][INFO] - [6, 12], []
[2025-01-29 23:51:53,900][__main__][INFO] - [6, 13], []
[2025-01-29 23:51:53,917][__main__][INFO] - [6, 14], []
[2025-01-29 23:51:53,934][__main__][INFO] - [6, 15], []
[2025-01-29 23:51:53,951][__main__][INFO] - [6, 16], []
[2025-01-29 23:51:53,968][__main__][INFO] - [6, 17], []
[2025-01-29 23:51:53,985][__main__][INFO] - [6, 18], []
[2025-01-29 23:51:54,002][__main__][INFO] - [6, 19], []
[2025-01-29 23:51:54,017][__main__][INFO] - [6, 20], []
[2025-01-29 23:51:54,063][__main__][INFO] - [6, 22], []
[2025-01-29 23:51:54,121][__main__][INFO] - [6, 26], []
[2025-01-29 23:51:54,141][__main__][INFO] - [6], [26]
[2025-01-29 23:51:54,171][__main__][INFO] - [6, 27], []
[2025-01-29 23:51:54,205][__main__][INFO] - [6, 28], []
[2025-01-29 23:51:54,220][__main__][INFO] - [6, 29], []
[2025-01-29 23:51:54,236][__main__][INFO] - [6, 30], []
[2025-01-29 23:51:54,266][__main__][INFO] - [6, 32], []
[2025-01-29 23:51:54,295][__main__][INFO] - [6, 33], []
[2025-01-29 23:51:54,338][__main__][INFO] - [6, 36], []
[2025-01-29 23:51:54,359][__main__][INFO] - [6, 37], []
[2025-01-29 23:51:54,387][__main__][INFO] - [6, 38], []
[2025-01-29 23:51:54,404][__main__][INFO] - [6, 39], []
[2025-01-29 23:51:54,421][__main__][INFO] - [6, 40], []
[2025-01-29 23:51:54,436][__main__][INFO] - [6, 41], []
[2025-01-29 23:51:54,453][__main__][INFO] - [6], [41]
[2025-01-29 23:51:54,486][__main__][INFO] - [6, 42], []
[2025-01-29 23:51:54,503][__main__][INFO] - [6], [42]
[2025-01-29 23:51:54,537][__main__][INFO] - [6, 43], []
[2025-01-29 23:51:54,553][__main__][INFO] - [6], [43]
[2025-01-29 23:51:54,587][__main__][INFO] - [6, 44], []
[2025-01-29 23:51:54,619][__main__][INFO] - [6, 45], []
[2025-01-29 23:51:54,636][__main__][INFO] - [6, 46], []
[2025-01-29 23:51:54,652][__main__][INFO] - [6, 47], []
[2025-01-29 23:51:54,681][__main__][INFO] - [6, 48], []
[2025-01-29 23:51:54,701][__main__][INFO] - [6, 49], []
[2025-01-29 23:51:54,717][__main__][INFO] - [6, 50], []
[2025-01-29 23:51:54,735][__main__][INFO] - [6, 51], []
[2025-01-29 23:51:54,751][__main__][INFO] - [6, 52], []
[2025-01-29 23:51:54,767][__main__][INFO] - [6, 53], []
[2025-01-29 23:51:54,784][__main__][INFO] - [6, 54], []
[2025-01-29 23:51:54,802][__main__][INFO] - [6, 55], []
[2025-01-29 23:51:54,818][__main__][INFO] - [6, 56], []
[2025-01-29 23:51:54,834][__main__][INFO] - [6, 57], []
[2025-01-29 23:51:54,851][__main__][INFO] - [6, 58], []
[2025-01-29 23:51:54,867][__main__][INFO] - [6, 59], []
[2025-01-29 23:51:54,898][__main__][INFO] - [7, 10], []
[2025-01-29 23:51:54,913][__main__][INFO] - [7, 11], []
[2025-01-29 23:51:54,928][__main__][INFO] - [7, 12], []
[2025-01-29 23:51:54,943][__main__][INFO] - [7, 13], []
[2025-01-29 23:51:54,958][__main__][INFO] - [7, 14], []
[2025-01-29 23:51:54,973][__main__][INFO] - [7, 15], []
[2025-01-29 23:51:54,989][__main__][INFO] - [7, 16], []
[2025-01-29 23:51:55,004][__main__][INFO] - [7, 17], []
[2025-01-29 23:51:55,019][__main__][INFO] - [7, 18], []
[2025-01-29 23:51:55,048][__main__][INFO] - [7, 20], []
[2025-01-29 23:51:55,077][__main__][INFO] - [7, 22], []
[2025-01-29 23:51:55,120][__main__][INFO] - [7, 25], []
[2025-01-29 23:51:55,135][__main__][INFO] - [7, 26], []
[2025-01-29 23:51:55,150][__main__][INFO] - [7], [26]
[2025-01-29 23:51:55,166][__main__][INFO] - [7, 27], []
[2025-01-29 23:51:55,181][__main__][INFO] - [7, 28], []
[2025-01-29 23:51:55,196][__main__][INFO] - [7, 29], []
[2025-01-29 23:51:55,212][__main__][INFO] - [7, 30], []
[2025-01-29 23:51:55,227][__main__][INFO] - [7, 31], []
[2025-01-29 23:51:55,242][__main__][INFO] - [7, 32], []
[2025-01-29 23:51:55,257][__main__][INFO] - [7, 33], []
[2025-01-29 23:51:55,299][__main__][INFO] - [7, 36], []
[2025-01-29 23:51:55,314][__main__][INFO] - [7, 37], []
[2025-01-29 23:51:55,329][__main__][INFO] - [7, 38], []
[2025-01-29 23:51:55,344][__main__][INFO] - [7, 39], []
[2025-01-29 23:51:55,373][__main__][INFO] - [7, 41], []
[2025-01-29 23:51:55,388][__main__][INFO] - [7], [41]
[2025-01-29 23:51:55,403][__main__][INFO] - [7, 42], []
[2025-01-29 23:51:55,419][__main__][INFO] - [7], [42]
[2025-01-29 23:51:55,434][__main__][INFO] - [7, 43], []
[2025-01-29 23:51:55,450][__main__][INFO] - [7], [43]
[2025-01-29 23:51:55,465][__main__][INFO] - [7, 44], []
[2025-01-29 23:51:55,479][__main__][INFO] - [7, 45], []
[2025-01-29 23:51:55,494][__main__][INFO] - [7, 46], []
[2025-01-29 23:51:55,509][__main__][INFO] - [7, 47], []
[2025-01-29 23:51:55,524][__main__][INFO] - [7, 48], []
[2025-01-29 23:51:55,553][__main__][INFO] - [7, 50], []
[2025-01-29 23:51:55,569][__main__][INFO] - [7, 51], []
[2025-01-29 23:51:55,584][__main__][INFO] - [7, 52], []
[2025-01-29 23:51:55,599][__main__][INFO] - [7, 53], []
[2025-01-29 23:51:55,614][__main__][INFO] - [7, 54], []
[2025-01-29 23:51:55,629][__main__][INFO] - [7, 55], []
[2025-01-29 23:51:55,644][__main__][INFO] - [7, 56], []
[2025-01-29 23:51:55,659][__main__][INFO] - [7, 57], []
[2025-01-29 23:51:55,674][__main__][INFO] - [7, 58], []
[2025-01-29 23:51:55,689][__main__][INFO] - [7, 59], []
[2025-01-29 23:51:55,718][__main__][INFO] - [8, 10], []
[2025-01-29 23:51:55,734][__main__][INFO] - [8, 11], []
[2025-01-29 23:51:55,750][__main__][INFO] - [8, 12], []
[2025-01-29 23:51:55,765][__main__][INFO] - [8, 13], []
[2025-01-29 23:51:55,780][__main__][INFO] - [8, 14], []
[2025-01-29 23:51:55,796][__main__][INFO] - [8, 15], []
[2025-01-29 23:51:55,812][__main__][INFO] - [8, 16], []
[2025-01-29 23:51:55,828][__main__][INFO] - [8, 17], []
[2025-01-29 23:51:55,870][__main__][INFO] - [8, 20], []
[2025-01-29 23:51:55,902][__main__][INFO] - [8, 22], []
[2025-01-29 23:51:55,957][__main__][INFO] - [8, 26], []
[2025-01-29 23:51:55,974][__main__][INFO] - [8], [26]
[2025-01-29 23:51:55,991][__main__][INFO] - [8, 27], []
[2025-01-29 23:51:56,009][__main__][INFO] - [8, 28], []
[2025-01-29 23:51:56,025][__main__][INFO] - [8, 29], []
[2025-01-29 23:51:56,066][__main__][INFO] - [8, 32], []
[2025-01-29 23:51:56,084][__main__][INFO] - [8, 33], []
[2025-01-29 23:51:56,128][__main__][INFO] - [8, 36], []
[2025-01-29 23:51:56,144][__main__][INFO] - [8, 37], []
[2025-01-29 23:51:56,162][__main__][INFO] - [8, 38], []
[2025-01-29 23:51:56,178][__main__][INFO] - [8, 39], []
[2025-01-29 23:51:56,208][__main__][INFO] - [8, 41], []
[2025-01-29 23:51:56,223][__main__][INFO] - [8], [41]
[2025-01-29 23:51:56,241][__main__][INFO] - [8, 42], []
[2025-01-29 23:51:56,257][__main__][INFO] - [8], [42]
[2025-01-29 23:51:56,275][__main__][INFO] - [8, 43], []
[2025-01-29 23:51:56,291][__main__][INFO] - [8], [43]
[2025-01-29 23:51:56,310][__main__][INFO] - [8, 44], []
[2025-01-29 23:51:56,328][__main__][INFO] - [8, 45], []
[2025-01-29 23:51:56,344][__main__][INFO] - [8, 46], []
[2025-01-29 23:51:56,359][__main__][INFO] - [8, 47], []
[2025-01-29 23:51:56,377][__main__][INFO] - [8, 48], []
[2025-01-29 23:51:56,407][__main__][INFO] - [8, 50], []
[2025-01-29 23:51:56,423][__main__][INFO] - [8, 51], []
[2025-01-29 23:51:56,439][__main__][INFO] - [8, 52], []
[2025-01-29 23:51:56,454][__main__][INFO] - [8, 53], []
[2025-01-29 23:51:56,470][__main__][INFO] - [8, 54], []
[2025-01-29 23:51:56,486][__main__][INFO] - [8, 55], []
[2025-01-29 23:51:56,501][__main__][INFO] - [8, 56], []
[2025-01-29 23:51:56,518][__main__][INFO] - [8, 57], []
[2025-01-29 23:51:56,534][__main__][INFO] - [8, 58], []
[2025-01-29 23:51:56,549][__main__][INFO] - [8, 59], []
[2025-01-29 23:51:56,715][__main__][INFO] - [9, 20], []
[2025-01-29 23:51:56,827][__main__][INFO] - [9, 27], []
[2025-01-29 23:51:56,898][__main__][INFO] - [9, 32], []
[2025-01-29 23:51:57,037][__main__][INFO] - [9], [41]
[2025-01-29 23:51:57,068][__main__][INFO] - [9], [42]
[2025-01-29 23:51:57,098][__main__][INFO] - [9], [43]
[2025-01-29 23:51:57,347][__main__][INFO] - [10, 20], []
[2025-01-29 23:51:57,581][__main__][INFO] - [10, 21], []
[2025-01-29 23:51:57,601][__main__][INFO] - [10, 22], []
[2025-01-29 23:51:57,619][__main__][INFO] - [10, 23], []
[2025-01-29 23:51:57,635][__main__][INFO] - [10, 24], []
[2025-01-29 23:51:57,650][__main__][INFO] - [10, 25], []
[2025-01-29 23:51:57,665][__main__][INFO] - [10, 26], []
[2025-01-29 23:51:57,685][__main__][INFO] - [10], [26]
[2025-01-29 23:51:57,919][__main__][INFO] - [10, 27], []
[2025-01-29 23:51:58,149][__main__][INFO] - [10, 28], []
[2025-01-29 23:51:58,165][__main__][INFO] - [10, 29], []
[2025-01-29 23:51:58,183][__main__][INFO] - [10, 30], []
[2025-01-29 23:51:58,201][__main__][INFO] - [10, 31], []
[2025-01-29 23:51:58,271][__main__][INFO] - [10, 36], []
[2025-01-29 23:51:58,521][__main__][INFO] - [10, 37], []
[2025-01-29 23:51:58,640][__main__][INFO] - [10, 38], []
[2025-01-29 23:51:58,710][__main__][INFO] - [10, 39], []
[2025-01-29 23:51:58,764][__main__][INFO] - [10, 40], []
[2025-01-29 23:51:58,783][__main__][INFO] - [10, 41], []
[2025-01-29 23:51:58,806][__main__][INFO] - [10], [41]
[2025-01-29 23:51:59,043][__main__][INFO] - [10, 42], []
[2025-01-29 23:51:59,060][__main__][INFO] - [10], [42]
[2025-01-29 23:51:59,302][__main__][INFO] - [10, 43], []
[2025-01-29 23:51:59,320][__main__][INFO] - [10], [43]
[2025-01-29 23:51:59,568][__main__][INFO] - [10, 44], []
[2025-01-29 23:51:59,687][__main__][INFO] - [10, 45], []
[2025-01-29 23:51:59,705][__main__][INFO] - [10, 46], []
[2025-01-29 23:51:59,812][__main__][INFO] - [10, 47], []
[2025-01-29 23:52:00,095][__main__][INFO] - [10, 50], []
[2025-01-29 23:52:00,122][__main__][INFO] - [10, 51], []
[2025-01-29 23:52:00,150][__main__][INFO] - [10, 52], []
[2025-01-29 23:52:00,179][__main__][INFO] - [10, 53], []
[2025-01-29 23:52:00,207][__main__][INFO] - [10, 54], []
[2025-01-29 23:52:00,234][__main__][INFO] - [10, 55], []
[2025-01-29 23:52:00,259][__main__][INFO] - [10, 56], []
[2025-01-29 23:52:00,283][__main__][INFO] - [10, 57], []
[2025-01-29 23:52:00,305][__main__][INFO] - [10, 58], []
[2025-01-29 23:52:00,327][__main__][INFO] - [10, 59], []
[2025-01-29 23:52:00,413][__main__][INFO] - [11, 20], []
[2025-01-29 23:52:00,663][__main__][INFO] - [11, 21], []
[2025-01-29 23:52:00,688][__main__][INFO] - [11, 22], []
[2025-01-29 23:52:00,710][__main__][INFO] - [11, 23], []
[2025-01-29 23:52:00,727][__main__][INFO] - [11, 24], []
[2025-01-29 23:52:00,743][__main__][INFO] - [11, 25], []
[2025-01-29 23:52:00,758][__main__][INFO] - [11, 26], []
[2025-01-29 23:52:00,785][__main__][INFO] - [11], [26]
[2025-01-29 23:52:01,043][__main__][INFO] - [11, 27], []
[2025-01-29 23:52:01,298][__main__][INFO] - [11, 28], []
[2025-01-29 23:52:01,314][__main__][INFO] - [11, 29], []
[2025-01-29 23:52:01,336][__main__][INFO] - [11, 30], []
[2025-01-29 23:52:01,354][__main__][INFO] - [11, 31], []
[2025-01-29 23:52:01,369][__main__][INFO] - [11, 32], []
[2025-01-29 23:52:01,451][__main__][INFO] - [11, 34], []
[2025-01-29 23:52:01,480][__main__][INFO] - [11, 36], []
[2025-01-29 23:52:01,683][__main__][INFO] - [11, 37], []
[2025-01-29 23:52:01,827][__main__][INFO] - [11, 38], []
[2025-01-29 23:52:01,895][__main__][INFO] - [11, 39], []
[2025-01-29 23:52:01,946][__main__][INFO] - [11, 40], []
[2025-01-29 23:52:01,964][__main__][INFO] - [11, 41], []
[2025-01-29 23:52:01,993][__main__][INFO] - [11], [41]
[2025-01-29 23:52:02,240][__main__][INFO] - [11, 42], []
[2025-01-29 23:52:02,258][__main__][INFO] - [11], [42]
[2025-01-29 23:52:02,545][__main__][INFO] - [11, 43], []
[2025-01-29 23:52:02,564][__main__][INFO] - [11], [43]
[2025-01-29 23:52:02,847][__main__][INFO] - [11, 44], []
[2025-01-29 23:52:03,104][__main__][INFO] - [11, 45], []
[2025-01-29 23:52:03,140][__main__][INFO] - [11, 47], []
[2025-01-29 23:52:03,346][__main__][INFO] - [11, 48], []
[2025-01-29 23:52:03,411][__main__][INFO] - [11, 49], []
[2025-01-29 23:52:03,428][__main__][INFO] - [11, 50], []
[2025-01-29 23:52:03,463][__main__][INFO] - [11, 51], []
[2025-01-29 23:52:03,492][__main__][INFO] - [11, 52], []
[2025-01-29 23:52:03,521][__main__][INFO] - [11, 53], []
[2025-01-29 23:52:03,552][__main__][INFO] - [11, 54], []
[2025-01-29 23:52:03,582][__main__][INFO] - [11, 55], []
[2025-01-29 23:52:03,608][__main__][INFO] - [11, 56], []
[2025-01-29 23:52:03,632][__main__][INFO] - [11, 57], []
[2025-01-29 23:52:03,655][__main__][INFO] - [11, 58], []
[2025-01-29 23:52:03,677][__main__][INFO] - [11, 59], []
[2025-01-29 23:52:03,764][__main__][INFO] - [12, 20], []
[2025-01-29 23:52:04,009][__main__][INFO] - [12, 21], []
[2025-01-29 23:52:04,041][__main__][INFO] - [12, 22], []
[2025-01-29 23:52:04,072][__main__][INFO] - [12, 23], []
[2025-01-29 23:52:04,093][__main__][INFO] - [12, 24], []
[2025-01-29 23:52:04,109][__main__][INFO] - [12, 25], []
[2025-01-29 23:52:04,124][__main__][INFO] - [12, 26], []
[2025-01-29 23:52:04,154][__main__][INFO] - [12], [26]
[2025-01-29 23:52:04,439][__main__][INFO] - [12, 27], []
[2025-01-29 23:52:04,680][__main__][INFO] - [12, 28], []
[2025-01-29 23:52:04,718][__main__][INFO] - [12, 29], []
[2025-01-29 23:52:04,734][__main__][INFO] - [12, 30], []
[2025-01-29 23:52:04,752][__main__][INFO] - [12, 31], []
[2025-01-29 23:52:04,768][__main__][INFO] - [12, 32], []
[2025-01-29 23:52:05,051][__main__][INFO] - [12, 33], []
[2025-01-29 23:52:05,069][__main__][INFO] - [12, 34], []
[2025-01-29 23:52:05,088][__main__][INFO] - [12, 35], []
[2025-01-29 23:52:05,119][__main__][INFO] - [12, 37], []
[2025-01-29 23:52:05,286][__main__][INFO] - [12, 38], []
[2025-01-29 23:52:05,356][__main__][INFO] - [12, 39], []
[2025-01-29 23:52:05,411][__main__][INFO] - [12, 40], []
[2025-01-29 23:52:05,430][__main__][INFO] - [12, 41], []
[2025-01-29 23:52:05,479][__main__][INFO] - [12], [41]
[2025-01-29 23:52:05,731][__main__][INFO] - [12, 42], []
[2025-01-29 23:52:05,749][__main__][INFO] - [12], [42]
[2025-01-29 23:52:06,043][__main__][INFO] - [12, 43], []
[2025-01-29 23:52:06,062][__main__][INFO] - [12], [43]
[2025-01-29 23:52:06,353][__main__][INFO] - [12, 44], []
[2025-01-29 23:52:06,643][__main__][INFO] - [12, 45], []
[2025-01-29 23:52:06,683][__main__][INFO] - [12, 47], []
[2025-01-29 23:52:06,842][__main__][INFO] - [12, 48], []
[2025-01-29 23:52:06,979][__main__][INFO] - [12, 49], []
[2025-01-29 23:52:07,001][__main__][INFO] - [12, 50], []
[2025-01-29 23:52:07,051][__main__][INFO] - [12, 51], []
[2025-01-29 23:52:07,078][__main__][INFO] - [12, 52], []
[2025-01-29 23:52:07,107][__main__][INFO] - [12, 53], []
[2025-01-29 23:52:07,140][__main__][INFO] - [12, 54], []
[2025-01-29 23:52:07,170][__main__][INFO] - [12, 55], []
[2025-01-29 23:52:07,199][__main__][INFO] - [12, 56], []
[2025-01-29 23:52:07,225][__main__][INFO] - [12, 57], []
[2025-01-29 23:52:07,250][__main__][INFO] - [12, 58], []
[2025-01-29 23:52:07,273][__main__][INFO] - [12, 59], []
[2025-01-29 23:52:07,361][__main__][INFO] - [13, 20], []
[2025-01-29 23:52:07,554][__main__][INFO] - [13, 21], []
[2025-01-29 23:52:07,594][__main__][INFO] - [13, 22], []
[2025-01-29 23:52:07,642][__main__][INFO] - [13, 23], []
[2025-01-29 23:52:07,663][__main__][INFO] - [13, 24], []
[2025-01-29 23:52:07,680][__main__][INFO] - [13, 25], []
[2025-01-29 23:52:07,695][__main__][INFO] - [13, 26], []
[2025-01-29 23:52:07,724][__main__][INFO] - [13], [26]
[2025-01-29 23:52:07,988][__main__][INFO] - [13, 27], []
[2025-01-29 23:52:08,182][__main__][INFO] - [13, 28], []
[2025-01-29 23:52:08,237][__main__][INFO] - [13, 29], []
[2025-01-29 23:52:08,272][__main__][INFO] - [13, 30], []
[2025-01-29 23:52:08,290][__main__][INFO] - [13, 31], []
[2025-01-29 23:52:08,306][__main__][INFO] - [13, 32], []
[2025-01-29 23:52:08,576][__main__][INFO] - [13, 33], []
[2025-01-29 23:52:08,597][__main__][INFO] - [13, 34], []
[2025-01-29 23:52:08,614][__main__][INFO] - [13, 35], []
[2025-01-29 23:52:08,645][__main__][INFO] - [13, 37], []
[2025-01-29 23:52:08,803][__main__][INFO] - [13, 38], []
[2025-01-29 23:52:08,867][__main__][INFO] - [13, 39], []
[2025-01-29 23:52:08,915][__main__][INFO] - [13, 40], []
[2025-01-29 23:52:08,933][__main__][INFO] - [13, 41], []
[2025-01-29 23:52:09,012][__main__][INFO] - [13], [41]
[2025-01-29 23:52:09,208][__main__][INFO] - [13, 42], []
[2025-01-29 23:52:09,227][__main__][INFO] - [13], [42]
[2025-01-29 23:52:09,501][__main__][INFO] - [13, 43], []
[2025-01-29 23:52:09,519][__main__][INFO] - [13], [43]
[2025-01-29 23:52:09,796][__main__][INFO] - [13, 44], []
[2025-01-29 23:52:10,064][__main__][INFO] - [13, 45], []
[2025-01-29 23:52:10,102][__main__][INFO] - [13, 47], []
[2025-01-29 23:52:10,244][__main__][INFO] - [13, 48], []
[2025-01-29 23:52:10,373][__main__][INFO] - [13, 49], []
[2025-01-29 23:52:10,400][__main__][INFO] - [13, 50], []
[2025-01-29 23:52:10,427][__main__][INFO] - [13, 51], []
[2025-01-29 23:52:10,450][__main__][INFO] - [13, 52], []
[2025-01-29 23:52:10,475][__main__][INFO] - [13, 53], []
[2025-01-29 23:52:10,504][__main__][INFO] - [13, 54], []
[2025-01-29 23:52:10,529][__main__][INFO] - [13, 55], []
[2025-01-29 23:52:10,554][__main__][INFO] - [13, 56], []
[2025-01-29 23:52:10,578][__main__][INFO] - [13, 57], []
[2025-01-29 23:52:10,603][__main__][INFO] - [13, 58], []
[2025-01-29 23:52:10,625][__main__][INFO] - [13, 59], []
[2025-01-29 23:52:10,737][__main__][INFO] - [14, 20], []
[2025-01-29 23:52:10,902][__main__][INFO] - [14, 21], []
[2025-01-29 23:52:10,918][__main__][INFO] - [14, 22], []
[2025-01-29 23:52:10,980][__main__][INFO] - [14, 23], []
[2025-01-29 23:52:11,003][__main__][INFO] - [14, 24], []
[2025-01-29 23:52:11,018][__main__][INFO] - [14, 25], []
[2025-01-29 23:52:11,034][__main__][INFO] - [14, 26], []
[2025-01-29 23:52:11,064][__main__][INFO] - [14], [26]
[2025-01-29 23:52:11,323][__main__][INFO] - [14, 27], []
[2025-01-29 23:52:11,485][__main__][INFO] - [14, 28], []
[2025-01-29 23:52:11,542][__main__][INFO] - [14, 29], []
[2025-01-29 23:52:11,601][__main__][INFO] - [14, 30], []
[2025-01-29 23:52:11,619][__main__][INFO] - [14, 31], []
[2025-01-29 23:52:11,634][__main__][INFO] - [14, 32], []
[2025-01-29 23:52:11,894][__main__][INFO] - [14, 33], []
[2025-01-29 23:52:11,918][__main__][INFO] - [14, 34], []
[2025-01-29 23:52:11,934][__main__][INFO] - [14, 35], []
[2025-01-29 23:52:11,965][__main__][INFO] - [14, 37], []
[2025-01-29 23:52:12,134][__main__][INFO] - [14, 38], []
[2025-01-29 23:52:12,195][__main__][INFO] - [14, 39], []
[2025-01-29 23:52:12,239][__main__][INFO] - [14, 40], []
[2025-01-29 23:52:12,257][__main__][INFO] - [14, 41], []
[2025-01-29 23:52:12,365][__main__][INFO] - [14], [41]
[2025-01-29 23:52:12,537][__main__][INFO] - [14, 42], []
[2025-01-29 23:52:12,556][__main__][INFO] - [14], [42]
[2025-01-29 23:52:12,838][__main__][INFO] - [14, 43], []
[2025-01-29 23:52:12,857][__main__][INFO] - [14], [43]
[2025-01-29 23:52:13,147][__main__][INFO] - [14, 44], []
[2025-01-29 23:52:13,421][__main__][INFO] - [14, 45], []
[2025-01-29 23:52:13,458][__main__][INFO] - [14, 47], []
[2025-01-29 23:52:13,599][__main__][INFO] - [14, 48], []
[2025-01-29 23:52:13,738][__main__][INFO] - [14, 49], []
[2025-01-29 23:52:13,757][__main__][INFO] - [14, 50], []
[2025-01-29 23:52:13,782][__main__][INFO] - [14, 51], []
[2025-01-29 23:52:13,805][__main__][INFO] - [14, 52], []
[2025-01-29 23:52:13,830][__main__][INFO] - [14, 53], []
[2025-01-29 23:52:13,857][__main__][INFO] - [14, 54], []
[2025-01-29 23:52:13,882][__main__][INFO] - [14, 55], []
[2025-01-29 23:52:13,906][__main__][INFO] - [14, 56], []
[2025-01-29 23:52:13,931][__main__][INFO] - [14, 57], []
[2025-01-29 23:52:13,955][__main__][INFO] - [14, 58], []
[2025-01-29 23:52:13,978][__main__][INFO] - [14, 59], []
[2025-01-29 23:52:14,100][__main__][INFO] - [15, 20], []
[2025-01-29 23:52:14,275][__main__][INFO] - [15, 21], []
[2025-01-29 23:52:14,327][__main__][INFO] - [15, 22], []
[2025-01-29 23:52:14,386][__main__][INFO] - [15, 23], []
[2025-01-29 23:52:14,408][__main__][INFO] - [15, 24], []
[2025-01-29 23:52:14,423][__main__][INFO] - [15, 25], []
[2025-01-29 23:52:14,440][__main__][INFO] - [15, 26], []
[2025-01-29 23:52:14,482][__main__][INFO] - [15], [26]
[2025-01-29 23:52:14,727][__main__][INFO] - [15, 27], []
[2025-01-29 23:52:14,896][__main__][INFO] - [15, 28], []
[2025-01-29 23:52:14,942][__main__][INFO] - [15, 29], []
[2025-01-29 23:52:15,010][__main__][INFO] - [15, 30], []
[2025-01-29 23:52:15,028][__main__][INFO] - [15, 31], []
[2025-01-29 23:52:15,043][__main__][INFO] - [15, 32], []
[2025-01-29 23:52:15,314][__main__][INFO] - [15, 33], []
[2025-01-29 23:52:15,340][__main__][INFO] - [15, 34], []
[2025-01-29 23:52:15,357][__main__][INFO] - [15, 35], []
[2025-01-29 23:52:15,387][__main__][INFO] - [15, 37], []
[2025-01-29 23:52:15,553][__main__][INFO] - [15, 38], []
[2025-01-29 23:52:15,618][__main__][INFO] - [15, 39], []
[2025-01-29 23:52:15,662][__main__][INFO] - [15, 40], []
[2025-01-29 23:52:15,681][__main__][INFO] - [15, 41], []
[2025-01-29 23:52:15,786][__main__][INFO] - [15], [41]
[2025-01-29 23:52:15,964][__main__][INFO] - [15, 42], []
[2025-01-29 23:52:15,987][__main__][INFO] - [15], [42]
[2025-01-29 23:52:16,285][__main__][INFO] - [15, 43], []
[2025-01-29 23:52:16,308][__main__][INFO] - [15], [43]
[2025-01-29 23:52:16,601][__main__][INFO] - [15, 44], []
[2025-01-29 23:52:16,886][__main__][INFO] - [15, 45], []
[2025-01-29 23:52:16,926][__main__][INFO] - [15, 47], []
[2025-01-29 23:52:17,169][__main__][INFO] - [15, 48], []
[2025-01-29 23:52:17,223][__main__][INFO] - [15, 49], []
[2025-01-29 23:52:17,239][__main__][INFO] - [15, 50], []
[2025-01-29 23:52:17,263][__main__][INFO] - [15, 51], []
[2025-01-29 23:52:17,286][__main__][INFO] - [15, 52], []
[2025-01-29 23:52:17,308][__main__][INFO] - [15, 53], []
[2025-01-29 23:52:17,336][__main__][INFO] - [15, 54], []
[2025-01-29 23:52:17,363][__main__][INFO] - [15, 55], []
[2025-01-29 23:52:17,386][__main__][INFO] - [15, 56], []
[2025-01-29 23:52:17,410][__main__][INFO] - [15, 57], []
[2025-01-29 23:52:17,433][__main__][INFO] - [15, 58], []
[2025-01-29 23:52:17,456][__main__][INFO] - [15, 59], []
[2025-01-29 23:52:17,590][__main__][INFO] - [16, 20], []
[2025-01-29 23:52:17,782][__main__][INFO] - [16, 21], []
[2025-01-29 23:52:17,798][__main__][INFO] - [16, 22], []
[2025-01-29 23:52:17,845][__main__][INFO] - [16, 23], []
[2025-01-29 23:52:17,867][__main__][INFO] - [16, 24], []
[2025-01-29 23:52:17,882][__main__][INFO] - [16, 25], []
[2025-01-29 23:52:17,897][__main__][INFO] - [16, 26], []
[2025-01-29 23:52:17,962][__main__][INFO] - [16], [26]
[2025-01-29 23:52:18,189][__main__][INFO] - [16, 27], []
[2025-01-29 23:52:18,386][__main__][INFO] - [16, 28], []
[2025-01-29 23:52:18,419][__main__][INFO] - [16, 29], []
[2025-01-29 23:52:18,486][__main__][INFO] - [16, 30], []
[2025-01-29 23:52:18,504][__main__][INFO] - [16, 31], []
[2025-01-29 23:52:18,520][__main__][INFO] - [16, 32], []
[2025-01-29 23:52:18,781][__main__][INFO] - [16, 33], []
[2025-01-29 23:52:18,827][__main__][INFO] - [16, 35], []
[2025-01-29 23:52:18,858][__main__][INFO] - [16, 37], []
[2025-01-29 23:52:19,028][__main__][INFO] - [16, 38], []
[2025-01-29 23:52:19,100][__main__][INFO] - [16, 39], []
[2025-01-29 23:52:19,139][__main__][INFO] - [16, 40], []
[2025-01-29 23:52:19,158][__main__][INFO] - [16, 41], []
[2025-01-29 23:52:19,245][__main__][INFO] - [16], [41]
[2025-01-29 23:52:19,451][__main__][INFO] - [16, 42], []
[2025-01-29 23:52:19,476][__main__][INFO] - [16], [42]
[2025-01-29 23:52:19,765][__main__][INFO] - [16, 43], []
[2025-01-29 23:52:19,788][__main__][INFO] - [16], [43]
[2025-01-29 23:52:20,065][__main__][INFO] - [16, 44], []
[2025-01-29 23:52:20,354][__main__][INFO] - [16, 45], []
[2025-01-29 23:52:20,396][__main__][INFO] - [16, 47], []
[2025-01-29 23:52:20,743][__main__][INFO] - [16, 50], []
[2025-01-29 23:52:20,769][__main__][INFO] - [16, 51], []
[2025-01-29 23:52:20,795][__main__][INFO] - [16, 52], []
[2025-01-29 23:52:20,818][__main__][INFO] - [16, 53], []
[2025-01-29 23:52:20,842][__main__][INFO] - [16, 54], []
[2025-01-29 23:52:20,865][__main__][INFO] - [16, 55], []
[2025-01-29 23:52:20,891][__main__][INFO] - [16, 56], []
[2025-01-29 23:52:20,917][__main__][INFO] - [16, 57], []
[2025-01-29 23:52:20,940][__main__][INFO] - [16, 58], []
[2025-01-29 23:52:20,962][__main__][INFO] - [16, 59], []
[2025-01-29 23:52:21,096][__main__][INFO] - [17, 20], []
[2025-01-29 23:52:21,260][__main__][INFO] - [17, 21], []
[2025-01-29 23:52:21,302][__main__][INFO] - [17, 22], []
[2025-01-29 23:52:21,336][__main__][INFO] - [17, 23], []
[2025-01-29 23:52:21,357][__main__][INFO] - [17, 24], []
[2025-01-29 23:52:21,373][__main__][INFO] - [17, 25], []
[2025-01-29 23:52:21,388][__main__][INFO] - [17, 26], []
[2025-01-29 23:52:21,464][__main__][INFO] - [17], [26]
[2025-01-29 23:52:21,638][__main__][INFO] - [17, 27], []
[2025-01-29 23:52:21,806][__main__][INFO] - [17, 28], []
[2025-01-29 23:52:21,834][__main__][INFO] - [17, 29], []
[2025-01-29 23:52:21,892][__main__][INFO] - [17, 30], []
[2025-01-29 23:52:21,907][__main__][INFO] - [17, 31], []
[2025-01-29 23:52:21,923][__main__][INFO] - [17, 32], []
[2025-01-29 23:52:22,133][__main__][INFO] - [17, 33], []
[2025-01-29 23:52:22,188][__main__][INFO] - [17, 35], []
[2025-01-29 23:52:22,221][__main__][INFO] - [17, 37], []
[2025-01-29 23:52:22,356][__main__][INFO] - [17, 38], []
[2025-01-29 23:52:22,418][__main__][INFO] - [17, 39], []
[2025-01-29 23:52:22,453][__main__][INFO] - [17, 40], []
[2025-01-29 23:52:22,471][__main__][INFO] - [17, 41], []
[2025-01-29 23:52:22,539][__main__][INFO] - [17], [41]
[2025-01-29 23:52:22,711][__main__][INFO] - [17, 42], []
[2025-01-29 23:52:22,744][__main__][INFO] - [17], [42]
[2025-01-29 23:52:22,956][__main__][INFO] - [17, 43], []
[2025-01-29 23:52:22,980][__main__][INFO] - [17], [43]
[2025-01-29 23:52:23,226][__main__][INFO] - [17, 44], []
[2025-01-29 23:52:23,466][__main__][INFO] - [17, 45], []
[2025-01-29 23:52:23,507][__main__][INFO] - [17, 47], []
[2025-01-29 23:52:23,804][__main__][INFO] - [17, 50], []
[2025-01-29 23:52:23,826][__main__][INFO] - [17, 51], []
[2025-01-29 23:52:23,848][__main__][INFO] - [17, 52], []
[2025-01-29 23:52:23,872][__main__][INFO] - [17, 53], []
[2025-01-29 23:52:23,897][__main__][INFO] - [17, 54], []
[2025-01-29 23:52:23,923][__main__][INFO] - [17, 55], []
[2025-01-29 23:52:23,948][__main__][INFO] - [17, 56], []
[2025-01-29 23:52:23,971][__main__][INFO] - [17, 57], []
[2025-01-29 23:52:23,993][__main__][INFO] - [17, 58], []
[2025-01-29 23:52:24,015][__main__][INFO] - [17, 59], []
[2025-01-29 23:52:24,119][__main__][INFO] - [18, 20], []
[2025-01-29 23:52:24,198][__main__][INFO] - [18, 21], []
[2025-01-29 23:52:24,214][__main__][INFO] - [18, 22], []
[2025-01-29 23:52:24,229][__main__][INFO] - [18, 23], []
[2025-01-29 23:52:24,248][__main__][INFO] - [18, 24], []
[2025-01-29 23:52:24,262][__main__][INFO] - [18, 25], []
[2025-01-29 23:52:24,277][__main__][INFO] - [18, 26], []
[2025-01-29 23:52:24,340][__main__][INFO] - [18], [26]
[2025-01-29 23:52:24,401][__main__][INFO] - [18, 27], []
[2025-01-29 23:52:24,479][__main__][INFO] - [18, 28], []
[2025-01-29 23:52:24,501][__main__][INFO] - [18, 29], []
[2025-01-29 23:52:24,532][__main__][INFO] - [18, 30], []
[2025-01-29 23:52:24,548][__main__][INFO] - [18, 31], []
[2025-01-29 23:52:24,563][__main__][INFO] - [18, 32], []
[2025-01-29 23:52:24,658][__main__][INFO] - [18, 33], []
[2025-01-29 23:52:24,702][__main__][INFO] - [18, 35], []
[2025-01-29 23:52:24,734][__main__][INFO] - [18, 37], []
[2025-01-29 23:52:24,806][__main__][INFO] - [18, 38], []
[2025-01-29 23:52:24,840][__main__][INFO] - [18, 39], []
[2025-01-29 23:52:24,867][__main__][INFO] - [18, 40], []
[2025-01-29 23:52:24,884][__main__][INFO] - [18, 41], []
[2025-01-29 23:52:24,920][__main__][INFO] - [18], [41]
[2025-01-29 23:52:25,000][__main__][INFO] - [18, 42], []
[2025-01-29 23:52:25,031][__main__][INFO] - [18], [42]
[2025-01-29 23:52:25,128][__main__][INFO] - [18, 43], []
[2025-01-29 23:52:25,150][__main__][INFO] - [18], [43]
[2025-01-29 23:52:25,265][__main__][INFO] - [18, 44], []
[2025-01-29 23:52:25,365][__main__][INFO] - [18, 45], []
[2025-01-29 23:52:25,404][__main__][INFO] - [18, 47], []
[2025-01-29 23:52:25,548][__main__][INFO] - [18, 50], []
[2025-01-29 23:52:25,568][__main__][INFO] - [18, 51], []
[2025-01-29 23:52:25,587][__main__][INFO] - [18, 52], []
[2025-01-29 23:52:25,608][__main__][INFO] - [18, 53], []
[2025-01-29 23:52:25,628][__main__][INFO] - [18, 54], []
[2025-01-29 23:52:25,649][__main__][INFO] - [18, 55], []
[2025-01-29 23:52:25,668][__main__][INFO] - [18, 56], []
[2025-01-29 23:52:25,687][__main__][INFO] - [18, 57], []
[2025-01-29 23:52:25,705][__main__][INFO] - [18, 58], []
[2025-01-29 23:52:25,723][__main__][INFO] - [18, 59], []
[2025-01-29 23:52:25,775][__main__][INFO] - [19, 20], []
[2025-01-29 23:52:25,824][__main__][INFO] - [19, 21], []
[2025-01-29 23:52:25,840][__main__][INFO] - [19, 22], []
[2025-01-29 23:52:25,855][__main__][INFO] - [19, 23], []
[2025-01-29 23:52:25,872][__main__][INFO] - [19, 24], []
[2025-01-29 23:52:25,901][__main__][INFO] - [19, 26], []
[2025-01-29 23:52:25,953][__main__][INFO] - [19], [26]
[2025-01-29 23:52:25,980][__main__][INFO] - [19, 27], []
[2025-01-29 23:52:26,031][__main__][INFO] - [19, 28], []
[2025-01-29 23:52:26,046][__main__][INFO] - [19, 29], []
[2025-01-29 23:52:26,070][__main__][INFO] - [19, 30], []
[2025-01-29 23:52:26,100][__main__][INFO] - [19, 32], []
[2025-01-29 23:52:26,152][__main__][INFO] - [19, 33], []
[2025-01-29 23:52:26,191][__main__][INFO] - [19, 35], []
[2025-01-29 23:52:26,221][__main__][INFO] - [19, 37], []
[2025-01-29 23:52:26,263][__main__][INFO] - [19, 38], []
[2025-01-29 23:52:26,287][__main__][INFO] - [19, 39], []
[2025-01-29 23:52:26,311][__main__][INFO] - [19, 40], []
[2025-01-29 23:52:26,327][__main__][INFO] - [19, 41], []
[2025-01-29 23:52:26,353][__main__][INFO] - [19], [41]
[2025-01-29 23:52:26,402][__main__][INFO] - [19, 42], []
[2025-01-29 23:52:26,435][__main__][INFO] - [19], [42]
[2025-01-29 23:52:26,478][__main__][INFO] - [19, 43], []
[2025-01-29 23:52:26,504][__main__][INFO] - [19], [43]
[2025-01-29 23:52:26,564][__main__][INFO] - [19, 44], []
[2025-01-29 23:52:26,614][__main__][INFO] - [19, 45], []
[2025-01-29 23:52:26,655][__main__][INFO] - [19, 47], []
[2025-01-29 23:52:26,751][__main__][INFO] - [19, 50], []
[2025-01-29 23:52:26,773][__main__][INFO] - [19, 51], []
[2025-01-29 23:52:26,791][__main__][INFO] - [19, 52], []
[2025-01-29 23:52:26,809][__main__][INFO] - [19, 53], []
[2025-01-29 23:52:26,827][__main__][INFO] - [19, 54], []
[2025-01-29 23:52:26,845][__main__][INFO] - [19, 55], []
[2025-01-29 23:52:26,863][__main__][INFO] - [19, 56], []
[2025-01-29 23:52:26,880][__main__][INFO] - [19, 57], []
[2025-01-29 23:52:26,898][__main__][INFO] - [19, 58], []
[2025-01-29 23:52:26,913][__main__][INFO] - [19, 59], []
[2025-01-29 23:52:26,950][__main__][INFO] - [20, 26], []
[2025-01-29 23:52:27,807][__main__][INFO] - [20], [26]
[2025-01-29 23:52:30,008][__main__][INFO] - [20, 27], []
[2025-01-29 23:52:34,229][__main__][INFO] - [20, 28], []
[2025-01-29 23:52:34,245][__main__][INFO] - [20, 29], []
[2025-01-29 23:52:34,274][__main__][INFO] - [20, 31], []
[2025-01-29 23:52:34,292][__main__][INFO] - [20, 32], []
[2025-01-29 23:52:36,359][__main__][INFO] - [20, 33], []
[2025-01-29 23:52:36,479][__main__][INFO] - [20, 34], []
[2025-01-29 23:52:36,501][__main__][INFO] - [20, 35], []
[2025-01-29 23:52:36,527][__main__][INFO] - [20, 36], []
[2025-01-29 23:52:36,979][__main__][INFO] - [20, 37], []
[2025-01-29 23:52:38,126][__main__][INFO] - [20, 38], []
[2025-01-29 23:52:38,721][__main__][INFO] - [20, 39], []
[2025-01-29 23:52:39,077][__main__][INFO] - [20, 40], []
[2025-01-29 23:52:39,114][__main__][INFO] - [20, 41], []
[2025-01-29 23:52:39,130][__main__][INFO] - [20], [41]
[2025-01-29 23:52:44,291][__main__][INFO] - [20, 42], []
[2025-01-29 23:52:44,399][__main__][INFO] - [20], [42]
[2025-01-29 23:52:47,661][__main__][INFO] - [20, 43], []
[2025-01-29 23:52:47,716][__main__][INFO] - [20], [43]
[2025-01-29 23:52:51,479][__main__][INFO] - [20, 44], []
[2025-01-29 23:52:54,524][__main__][INFO] - [20, 45], []
[2025-01-29 23:52:54,647][__main__][INFO] - [20, 46], []
[2025-01-29 23:52:54,754][__main__][INFO] - [20, 47], []
[2025-01-29 23:52:57,398][__main__][INFO] - [20, 48], []
[2025-01-29 23:52:57,780][__main__][INFO] - [20, 49], []
[2025-01-29 23:52:57,810][__main__][INFO] - [20, 50], []
[2025-01-29 23:52:57,939][__main__][INFO] - [20, 51], []
[2025-01-29 23:52:58,019][__main__][INFO] - [20, 52], []
[2025-01-29 23:52:58,114][__main__][INFO] - [20, 53], []
[2025-01-29 23:52:58,221][__main__][INFO] - [20, 54], []
[2025-01-29 23:52:58,317][__main__][INFO] - [20, 55], []
[2025-01-29 23:52:58,411][__main__][INFO] - [20, 56], []
[2025-01-29 23:52:58,494][__main__][INFO] - [20, 57], []
[2025-01-29 23:52:58,570][__main__][INFO] - [20, 58], []
[2025-01-29 23:52:58,640][__main__][INFO] - [20, 59], []
[2025-01-29 23:52:59,286][__main__][INFO] - [21, 26], []
[2025-01-29 23:52:59,323][__main__][INFO] - [21], [26]
[2025-01-29 23:52:59,540][__main__][INFO] - [21, 28], []
[2025-01-29 23:52:59,610][__main__][INFO] - [21, 29], []
[2025-01-29 23:52:59,761][__main__][INFO] - [21, 30], []
[2025-01-29 23:52:59,796][__main__][INFO] - [21, 32], []
[2025-01-29 23:53:00,006][__main__][INFO] - [21, 33], []
[2025-01-29 23:53:00,027][__main__][INFO] - [21, 34], []
[2025-01-29 23:53:00,044][__main__][INFO] - [21, 35], []
[2025-01-29 23:53:00,060][__main__][INFO] - [21, 36], []
[2025-01-29 23:53:00,083][__main__][INFO] - [21, 37], []
[2025-01-29 23:53:00,269][__main__][INFO] - [21, 38], []
[2025-01-29 23:53:00,291][__main__][INFO] - [21, 39], []
[2025-01-29 23:53:00,328][__main__][INFO] - [21, 40], []
[2025-01-29 23:53:00,344][__main__][INFO] - [21, 41], []
[2025-01-29 23:53:00,562][__main__][INFO] - [21], [41]
[2025-01-29 23:53:00,583][__main__][INFO] - [21, 42], []
[2025-01-29 23:53:00,599][__main__][INFO] - [21], [42]
[2025-01-29 23:53:00,821][__main__][INFO] - [21, 43], []
[2025-01-29 23:53:00,837][__main__][INFO] - [21], [43]
[2025-01-29 23:53:01,066][__main__][INFO] - [21, 44], []
[2025-01-29 23:53:01,292][__main__][INFO] - [21, 45], []
[2025-01-29 23:53:01,316][__main__][INFO] - [21, 46], []
[2025-01-29 23:53:01,333][__main__][INFO] - [21, 47], []
[2025-01-29 23:53:01,505][__main__][INFO] - [21, 48], []
[2025-01-29 23:53:01,569][__main__][INFO] - [21, 49], []
[2025-01-29 23:53:01,587][__main__][INFO] - [21, 50], []
[2025-01-29 23:53:01,616][__main__][INFO] - [21, 51], []
[2025-01-29 23:53:01,640][__main__][INFO] - [21, 52], []
[2025-01-29 23:53:01,667][__main__][INFO] - [21, 53], []
[2025-01-29 23:53:01,690][__main__][INFO] - [21, 54], []
[2025-01-29 23:53:01,706][__main__][INFO] - [21, 55], []
[2025-01-29 23:53:01,730][__main__][INFO] - [21, 56], []
[2025-01-29 23:53:01,754][__main__][INFO] - [21, 57], []
[2025-01-29 23:53:01,779][__main__][INFO] - [21, 58], []
[2025-01-29 23:53:01,795][__main__][INFO] - [21, 59], []
[2025-01-29 23:53:01,905][__main__][INFO] - [22, 26], []
[2025-01-29 23:53:01,946][__main__][INFO] - [22], [26]
[2025-01-29 23:53:02,189][__main__][INFO] - [22, 28], []
[2025-01-29 23:53:02,326][__main__][INFO] - [22, 29], []
[2025-01-29 23:53:02,433][__main__][INFO] - [22, 30], []
[2025-01-29 23:53:02,471][__main__][INFO] - [22, 32], []
[2025-01-29 23:53:02,737][__main__][INFO] - [22, 33], []
[2025-01-29 23:53:02,755][__main__][INFO] - [22, 34], []
[2025-01-29 23:53:02,770][__main__][INFO] - [22, 35], []
[2025-01-29 23:53:02,786][__main__][INFO] - [22, 36], []
[2025-01-29 23:53:02,808][__main__][INFO] - [22, 37], []
[2025-01-29 23:53:03,026][__main__][INFO] - [22, 38], []
[2025-01-29 23:53:03,050][__main__][INFO] - [22, 39], []
[2025-01-29 23:53:03,092][__main__][INFO] - [22, 40], []
[2025-01-29 23:53:03,108][__main__][INFO] - [22, 41], []
[2025-01-29 23:53:03,364][__main__][INFO] - [22], [41]
[2025-01-29 23:53:03,388][__main__][INFO] - [22, 42], []
[2025-01-29 23:53:03,409][__main__][INFO] - [22], [42]
[2025-01-29 23:53:03,675][__main__][INFO] - [22, 43], []
[2025-01-29 23:53:03,698][__main__][INFO] - [22], [43]
[2025-01-29 23:53:03,963][__main__][INFO] - [22, 44], []
[2025-01-29 23:53:04,241][__main__][INFO] - [22, 45], []
[2025-01-29 23:53:04,257][__main__][INFO] - [22, 46], []
[2025-01-29 23:53:04,274][__main__][INFO] - [22, 47], []
[2025-01-29 23:53:04,475][__main__][INFO] - [22, 48], []
[2025-01-29 23:53:04,548][__main__][INFO] - [22, 49], []
[2025-01-29 23:53:04,569][__main__][INFO] - [22, 50], []
[2025-01-29 23:53:04,595][__main__][INFO] - [22, 51], []
[2025-01-29 23:53:04,624][__main__][INFO] - [22, 52], []
[2025-01-29 23:53:04,657][__main__][INFO] - [22, 53], []
[2025-01-29 23:53:04,694][__main__][INFO] - [22, 54], []
[2025-01-29 23:53:04,725][__main__][INFO] - [22, 55], []
[2025-01-29 23:53:04,753][__main__][INFO] - [22, 56], []
[2025-01-29 23:53:04,779][__main__][INFO] - [22, 57], []
[2025-01-29 23:53:04,803][__main__][INFO] - [22, 58], []
[2025-01-29 23:53:04,825][__main__][INFO] - [22, 59], []
[2025-01-29 23:53:04,886][__main__][INFO] - [23, 26], []
[2025-01-29 23:53:04,907][__main__][INFO] - [23], [26]
[2025-01-29 23:53:04,973][__main__][INFO] - [23, 28], []
[2025-01-29 23:53:05,000][__main__][INFO] - [23, 29], []
[2025-01-29 23:53:05,038][__main__][INFO] - [23, 30], []
[2025-01-29 23:53:05,071][__main__][INFO] - [23, 32], []
[2025-01-29 23:53:05,128][__main__][INFO] - [23, 33], []
[2025-01-29 23:53:05,159][__main__][INFO] - [23, 35], []
[2025-01-29 23:53:05,174][__main__][INFO] - [23, 36], []
[2025-01-29 23:53:05,191][__main__][INFO] - [23, 37], []
[2025-01-29 23:53:05,236][__main__][INFO] - [23, 38], []
[2025-01-29 23:53:05,255][__main__][INFO] - [23, 39], []
[2025-01-29 23:53:05,273][__main__][INFO] - [23, 40], []
[2025-01-29 23:53:05,289][__main__][INFO] - [23, 41], []
[2025-01-29 23:53:05,340][__main__][INFO] - [23], [41]
[2025-01-29 23:53:05,359][__main__][INFO] - [23, 42], []
[2025-01-29 23:53:05,377][__main__][INFO] - [23], [42]
[2025-01-29 23:53:05,434][__main__][INFO] - [23, 43], []
[2025-01-29 23:53:05,450][__main__][INFO] - [23], [43]
[2025-01-29 23:53:05,508][__main__][INFO] - [23, 44], []
[2025-01-29 23:53:05,563][__main__][INFO] - [23, 45], []
[2025-01-29 23:53:05,582][__main__][INFO] - [23, 46], []
[2025-01-29 23:53:05,598][__main__][INFO] - [23, 47], []
[2025-01-29 23:53:05,646][__main__][INFO] - [23, 48], []
[2025-01-29 23:53:05,668][__main__][INFO] - [23, 49], []
[2025-01-29 23:53:05,684][__main__][INFO] - [23, 50], []
[2025-01-29 23:53:05,702][__main__][INFO] - [23, 51], []
[2025-01-29 23:53:05,719][__main__][INFO] - [23, 52], []
[2025-01-29 23:53:05,734][__main__][INFO] - [23, 53], []
[2025-01-29 23:53:05,751][__main__][INFO] - [23, 54], []
[2025-01-29 23:53:05,768][__main__][INFO] - [23, 55], []
[2025-01-29 23:53:05,785][__main__][INFO] - [23, 56], []
[2025-01-29 23:53:05,802][__main__][INFO] - [23, 57], []
[2025-01-29 23:53:05,819][__main__][INFO] - [23, 58], []
[2025-01-29 23:53:05,836][__main__][INFO] - [23, 59], []
[2025-01-29 23:53:05,883][__main__][INFO] - [24, 26], []
[2025-01-29 23:53:05,898][__main__][INFO] - [24], [26]
[2025-01-29 23:53:05,935][__main__][INFO] - [24, 28], []
[2025-01-29 23:53:05,950][__main__][INFO] - [24, 29], []
[2025-01-29 23:53:05,970][__main__][INFO] - [24, 30], []
[2025-01-29 23:53:05,999][__main__][INFO] - [24, 32], []
[2025-01-29 23:53:06,015][__main__][INFO] - [24, 33], []
[2025-01-29 23:53:06,058][__main__][INFO] - [24, 36], []
[2025-01-29 23:53:06,073][__main__][INFO] - [24, 37], []
[2025-01-29 23:53:06,095][__main__][INFO] - [24, 38], []
[2025-01-29 23:53:06,110][__main__][INFO] - [24, 39], []
[2025-01-29 23:53:06,139][__main__][INFO] - [24, 41], []
[2025-01-29 23:53:06,161][__main__][INFO] - [24], [41]
[2025-01-29 23:53:06,176][__main__][INFO] - [24, 42], []
[2025-01-29 23:53:06,192][__main__][INFO] - [24], [42]
[2025-01-29 23:53:06,215][__main__][INFO] - [24, 43], []
[2025-01-29 23:53:06,230][__main__][INFO] - [24], [43]
[2025-01-29 23:53:06,253][__main__][INFO] - [24, 44], []
[2025-01-29 23:53:06,276][__main__][INFO] - [24, 45], []
[2025-01-29 23:53:06,305][__main__][INFO] - [24, 47], []
[2025-01-29 23:53:06,327][__main__][INFO] - [24, 48], []
[2025-01-29 23:53:06,342][__main__][INFO] - [24, 49], []
[2025-01-29 23:53:06,357][__main__][INFO] - [24, 50], []
[2025-01-29 23:53:06,372][__main__][INFO] - [24, 51], []
[2025-01-29 23:53:06,388][__main__][INFO] - [24, 52], []
[2025-01-29 23:53:06,403][__main__][INFO] - [24, 53], []
[2025-01-29 23:53:06,418][__main__][INFO] - [24, 54], []
[2025-01-29 23:53:06,435][__main__][INFO] - [24, 55], []
[2025-01-29 23:53:06,450][__main__][INFO] - [24, 56], []
[2025-01-29 23:53:06,465][__main__][INFO] - [24, 57], []
[2025-01-29 23:53:06,480][__main__][INFO] - [24, 58], []
[2025-01-29 23:53:06,496][__main__][INFO] - [24, 59], []
[2025-01-29 23:53:06,524][__main__][INFO] - [25, 26], []
[2025-01-29 23:53:06,539][__main__][INFO] - [25], [26]
[2025-01-29 23:53:06,575][__main__][INFO] - [25, 28], []
[2025-01-29 23:53:06,590][__main__][INFO] - [25, 29], []
[2025-01-29 23:53:06,609][__main__][INFO] - [25, 30], []
[2025-01-29 23:53:06,639][__main__][INFO] - [25, 32], []
[2025-01-29 23:53:06,701][__main__][INFO] - [25, 36], []
[2025-01-29 23:53:06,718][__main__][INFO] - [25, 37], []
[2025-01-29 23:53:06,738][__main__][INFO] - [25, 38], []
[2025-01-29 23:53:06,753][__main__][INFO] - [25, 39], []
[2025-01-29 23:53:06,783][__main__][INFO] - [25, 41], []
[2025-01-29 23:53:06,803][__main__][INFO] - [25], [41]
[2025-01-29 23:53:06,818][__main__][INFO] - [25, 42], []
[2025-01-29 23:53:06,834][__main__][INFO] - [25], [42]
[2025-01-29 23:53:06,855][__main__][INFO] - [25, 43], []
[2025-01-29 23:53:06,870][__main__][INFO] - [25], [43]
[2025-01-29 23:53:06,890][__main__][INFO] - [25, 44], []
[2025-01-29 23:53:06,910][__main__][INFO] - [25, 45], []
[2025-01-29 23:53:06,940][__main__][INFO] - [25, 47], []
[2025-01-29 23:53:06,960][__main__][INFO] - [25, 48], []
[2025-01-29 23:53:06,990][__main__][INFO] - [25, 50], []
[2025-01-29 23:53:07,005][__main__][INFO] - [25, 51], []
[2025-01-29 23:53:07,020][__main__][INFO] - [25, 52], []
[2025-01-29 23:53:07,036][__main__][INFO] - [25, 53], []
[2025-01-29 23:53:07,051][__main__][INFO] - [25, 54], []
[2025-01-29 23:53:07,066][__main__][INFO] - [25, 55], []
[2025-01-29 23:53:07,081][__main__][INFO] - [25, 56], []
[2025-01-29 23:53:07,096][__main__][INFO] - [25, 57], []
[2025-01-29 23:53:07,112][__main__][INFO] - [25, 58], []
[2025-01-29 23:53:07,127][__main__][INFO] - [25, 59], []
[2025-01-29 23:53:07,158][__main__][INFO] - [26, 27], []
[2025-01-29 23:53:07,938][__main__][INFO] - [26, 28], []
[2025-01-29 23:53:07,967][__main__][INFO] - [26, 29], []
[2025-01-29 23:53:08,018][__main__][INFO] - [26, 30], []
[2025-01-29 23:53:08,035][__main__][INFO] - [26, 31], []
[2025-01-29 23:53:08,050][__main__][INFO] - [26, 32], []
[2025-01-29 23:53:08,953][__main__][INFO] - [26, 33], []
[2025-01-29 23:53:09,011][__main__][INFO] - [26, 34], []
[2025-01-29 23:53:09,027][__main__][INFO] - [26, 35], []
[2025-01-29 23:53:09,046][__main__][INFO] - [26, 36], []
[2025-01-29 23:53:09,074][__main__][INFO] - [26, 37], []
[2025-01-29 23:53:09,494][__main__][INFO] - [26, 38], []
[2025-01-29 23:53:09,586][__main__][INFO] - [26, 39], []
[2025-01-29 23:53:09,646][__main__][INFO] - [26, 40], []
[2025-01-29 23:53:09,665][__main__][INFO] - [26, 41], []
[2025-01-29 23:53:09,731][__main__][INFO] - [26], [41]
[2025-01-29 23:53:10,349][__main__][INFO] - [26, 42], []
[2025-01-29 23:53:10,491][__main__][INFO] - [26], [42]
[2025-01-29 23:53:11,077][__main__][INFO] - [26, 43], []
[2025-01-29 23:53:11,157][__main__][INFO] - [26], [43]
[2025-01-29 23:53:11,808][__main__][INFO] - [26, 44], []
[2025-01-29 23:53:12,226][__main__][INFO] - [26, 45], []
[2025-01-29 23:53:12,394][__main__][INFO] - [26, 46], []
[2025-01-29 23:53:12,411][__main__][INFO] - [26, 47], []
[2025-01-29 23:53:13,590][__main__][INFO] - [26, 48], []
[2025-01-29 23:53:13,631][__main__][INFO] - [26, 49], []
[2025-01-29 23:53:13,648][__main__][INFO] - [26, 50], []
[2025-01-29 23:53:13,697][__main__][INFO] - [26, 51], []
[2025-01-29 23:53:13,735][__main__][INFO] - [26, 52], []
[2025-01-29 23:53:13,770][__main__][INFO] - [26, 53], []
[2025-01-29 23:53:13,807][__main__][INFO] - [26, 54], []
[2025-01-29 23:53:13,839][__main__][INFO] - [26, 55], []
[2025-01-29 23:53:13,869][__main__][INFO] - [26, 56], []
[2025-01-29 23:53:13,896][__main__][INFO] - [26, 57], []
[2025-01-29 23:53:13,920][__main__][INFO] - [26, 58], []
[2025-01-29 23:53:13,944][__main__][INFO] - [26, 59], []
[2025-01-29 23:53:14,033][__main__][INFO] - [27], [26]
[2025-01-29 23:53:16,178][__main__][INFO] - [28], [26]
[2025-01-29 23:53:16,384][__main__][INFO] - [29], [26]
[2025-01-29 23:53:16,631][__main__][INFO] - [30], [26]
[2025-01-29 23:53:16,666][__main__][INFO] - [31], [26]
[2025-01-29 23:53:16,683][__main__][INFO] - [32], [26]
[2025-01-29 23:53:18,841][__main__][INFO] - [33], [26]
[2025-01-29 23:53:18,922][__main__][INFO] - [34], [26]
[2025-01-29 23:53:18,945][__main__][INFO] - [35], [26]
[2025-01-29 23:53:18,970][__main__][INFO] - [36], [26]
[2025-01-29 23:53:19,432][__main__][INFO] - [37], [26]
[2025-01-29 23:53:21,076][__main__][INFO] - [38], [26]
[2025-01-29 23:53:21,584][__main__][INFO] - [39], [26]
[2025-01-29 23:53:21,964][__main__][INFO] - [40], [26]
[2025-01-29 23:53:22,000][__main__][INFO] - [41], [26]
[2025-01-29 23:53:22,592][__main__][INFO] - [], [26, 41]
[2025-01-29 23:53:25,026][__main__][INFO] - [], [26, 42]
[2025-01-29 23:53:30,778][__main__][INFO] - [], [26, 43]
[2025-01-29 23:53:36,664][__main__][INFO] - [44], [26]
[2025-01-29 23:53:42,094][__main__][INFO] - [46], [26]
[2025-01-29 23:53:42,205][__main__][INFO] - [47], [26]
[2025-01-29 23:53:45,014][__main__][INFO] - [48], [26]
[2025-01-29 23:53:45,538][__main__][INFO] - [49], [26]
[2025-01-29 23:53:45,573][__main__][INFO] - [50], [26]
[2025-01-29 23:53:45,690][__main__][INFO] - [51], [26]
[2025-01-29 23:53:45,780][__main__][INFO] - [52], [26]
[2025-01-29 23:53:45,886][__main__][INFO] - [53], [26]
[2025-01-29 23:53:46,002][__main__][INFO] - [54], [26]
[2025-01-29 23:53:46,109][__main__][INFO] - [55], [26]
[2025-01-29 23:53:46,212][__main__][INFO] - [56], [26]
[2025-01-29 23:53:46,311][__main__][INFO] - [57], [26]
[2025-01-29 23:53:46,402][__main__][INFO] - [58], [26]
[2025-01-29 23:53:46,482][__main__][INFO] - [59], [26]
[2025-01-29 23:53:47,225][__main__][INFO] - [27, 32], []
[2025-01-29 23:53:49,047][__main__][INFO] - [27, 33], []
[2025-01-29 23:53:49,189][__main__][INFO] - [27, 34], []
[2025-01-29 23:53:49,210][__main__][INFO] - [27, 35], []
[2025-01-29 23:53:49,237][__main__][INFO] - [27, 36], []
[2025-01-29 23:53:49,675][__main__][INFO] - [27, 37], []
[2025-01-29 23:53:50,882][__main__][INFO] - [27, 38], []
[2025-01-29 23:53:51,456][__main__][INFO] - [27, 39], []
[2025-01-29 23:53:51,818][__main__][INFO] - [27, 40], []
[2025-01-29 23:53:51,869][__main__][INFO] - [27], [41]
[2025-01-29 23:53:56,086][__main__][INFO] - [27, 42], []
[2025-01-29 23:53:56,198][__main__][INFO] - [27], [42]
[2025-01-29 23:53:59,677][__main__][INFO] - [27, 43], []
[2025-01-29 23:53:59,731][__main__][INFO] - [27], [43]
[2025-01-29 23:54:03,155][__main__][INFO] - [27, 44], []
[2025-01-29 23:54:05,858][__main__][INFO] - [27, 45], []
[2025-01-29 23:54:06,007][__main__][INFO] - [27, 46], []
[2025-01-29 23:54:06,112][__main__][INFO] - [27, 47], []
[2025-01-29 23:54:09,159][__main__][INFO] - [27, 48], []
[2025-01-29 23:54:09,544][__main__][INFO] - [27, 49], []
[2025-01-29 23:54:09,573][__main__][INFO] - [27, 50], []
[2025-01-29 23:54:09,707][__main__][INFO] - [27, 51], []
[2025-01-29 23:54:09,787][__main__][INFO] - [27, 52], []
[2025-01-29 23:54:09,881][__main__][INFO] - [27, 53], []
[2025-01-29 23:54:09,985][__main__][INFO] - [27, 54], []
[2025-01-29 23:54:10,080][__main__][INFO] - [27, 55], []
[2025-01-29 23:54:10,174][__main__][INFO] - [27, 56], []
[2025-01-29 23:54:10,257][__main__][INFO] - [27, 57], []
[2025-01-29 23:54:10,334][__main__][INFO] - [27, 58], []
[2025-01-29 23:54:10,405][__main__][INFO] - [27, 59], []
[2025-01-29 23:54:11,032][__main__][INFO] - [28, 32], []
[2025-01-29 23:54:11,256][__main__][INFO] - [28, 33], []
[2025-01-29 23:54:11,286][__main__][INFO] - [28, 35], []
[2025-01-29 23:54:11,302][__main__][INFO] - [28, 36], []
[2025-01-29 23:54:11,318][__main__][INFO] - [28, 37], []
[2025-01-29 23:54:11,500][__main__][INFO] - [28, 38], []
[2025-01-29 23:54:11,521][__main__][INFO] - [28, 39], []
[2025-01-29 23:54:11,552][__main__][INFO] - [28, 40], []
[2025-01-29 23:54:11,568][__main__][INFO] - [28, 41], []
[2025-01-29 23:54:11,803][__main__][INFO] - [28, 42], []
[2025-01-29 23:54:11,819][__main__][INFO] - [28], [42]
[2025-01-29 23:54:12,052][__main__][INFO] - [28, 43], []
[2025-01-29 23:54:12,073][__main__][INFO] - [28], [43]
[2025-01-29 23:54:12,290][__main__][INFO] - [28, 44], []
[2025-01-29 23:54:12,503][__main__][INFO] - [28, 45], []
[2025-01-29 23:54:12,519][__main__][INFO] - [28, 46], []
[2025-01-29 23:54:12,535][__main__][INFO] - [28, 47], []
[2025-01-29 23:54:12,687][__main__][INFO] - [28, 48], []
[2025-01-29 23:54:12,762][__main__][INFO] - [28, 49], []
[2025-01-29 23:54:12,781][__main__][INFO] - [28, 50], []
[2025-01-29 23:54:12,809][__main__][INFO] - [28, 51], []
[2025-01-29 23:54:12,836][__main__][INFO] - [28, 52], []
[2025-01-29 23:54:12,867][__main__][INFO] - [28, 53], []
[2025-01-29 23:54:12,897][__main__][INFO] - [28, 54], []
[2025-01-29 23:54:12,923][__main__][INFO] - [28, 55], []
[2025-01-29 23:54:12,947][__main__][INFO] - [28, 56], []
[2025-01-29 23:54:12,969][__main__][INFO] - [28, 57], []
[2025-01-29 23:54:12,992][__main__][INFO] - [28, 58], []
[2025-01-29 23:54:13,012][__main__][INFO] - [28, 59], []
[2025-01-29 23:54:13,076][__main__][INFO] - [29, 32], []
[2025-01-29 23:54:13,389][__main__][INFO] - [29, 33], []
[2025-01-29 23:54:13,410][__main__][INFO] - [29, 34], []
[2025-01-29 23:54:13,426][__main__][INFO] - [29, 35], []
[2025-01-29 23:54:13,443][__main__][INFO] - [29, 36], []
[2025-01-29 23:54:13,462][__main__][INFO] - [29, 37], []
[2025-01-29 23:54:13,704][__main__][INFO] - [29, 38], []
[2025-01-29 23:54:13,729][__main__][INFO] - [29, 39], []
[2025-01-29 23:54:13,773][__main__][INFO] - [29, 40], []
[2025-01-29 23:54:13,789][__main__][INFO] - [29, 41], []
[2025-01-29 23:54:14,112][__main__][INFO] - [29, 42], []
[2025-01-29 23:54:14,136][__main__][INFO] - [29], [42]
[2025-01-29 23:54:14,432][__main__][INFO] - [29, 43], []
[2025-01-29 23:54:14,455][__main__][INFO] - [29], [43]
[2025-01-29 23:54:14,751][__main__][INFO] - [29, 44], []
[2025-01-29 23:54:15,036][__main__][INFO] - [29, 45], []
[2025-01-29 23:54:15,063][__main__][INFO] - [29, 46], []
[2025-01-29 23:54:15,079][__main__][INFO] - [29, 47], []
[2025-01-29 23:54:15,337][__main__][INFO] - [29, 48], []
[2025-01-29 23:54:15,403][__main__][INFO] - [29, 49], []
[2025-01-29 23:54:15,424][__main__][INFO] - [29, 50], []
[2025-01-29 23:54:15,447][__main__][INFO] - [29, 51], []
[2025-01-29 23:54:15,473][__main__][INFO] - [29, 52], []
[2025-01-29 23:54:15,502][__main__][INFO] - [29, 53], []
[2025-01-29 23:54:15,530][__main__][INFO] - [29, 54], []
[2025-01-29 23:54:15,557][__main__][INFO] - [29, 55], []
[2025-01-29 23:54:15,583][__main__][INFO] - [29, 56], []
[2025-01-29 23:54:15,608][__main__][INFO] - [29, 57], []
[2025-01-29 23:54:15,633][__main__][INFO] - [29, 58], []
[2025-01-29 23:54:15,656][__main__][INFO] - [29, 59], []
[2025-01-29 23:54:15,775][__main__][INFO] - [30, 32], []
[2025-01-29 23:54:15,804][__main__][INFO] - [30, 33], []
[2025-01-29 23:54:15,820][__main__][INFO] - [30, 34], []
[2025-01-29 23:54:15,836][__main__][INFO] - [30, 35], []
[2025-01-29 23:54:15,851][__main__][INFO] - [30, 36], []
[2025-01-29 23:54:15,870][__main__][INFO] - [30, 37], []
[2025-01-29 23:54:15,894][__main__][INFO] - [30, 38], []
[2025-01-29 23:54:15,913][__main__][INFO] - [30, 39], []
[2025-01-29 23:54:15,932][__main__][INFO] - [30, 40], []
[2025-01-29 23:54:15,961][__main__][INFO] - [30], [41]
[2025-01-29 23:54:15,998][__main__][INFO] - [30, 42], []
[2025-01-29 23:54:16,014][__main__][INFO] - [30], [42]
[2025-01-29 23:54:16,049][__main__][INFO] - [30, 43], []
[2025-01-29 23:54:16,065][__main__][INFO] - [30], [43]
[2025-01-29 23:54:16,103][__main__][INFO] - [30, 44], []
[2025-01-29 23:54:16,135][__main__][INFO] - [30, 45], []
[2025-01-29 23:54:16,151][__main__][INFO] - [30, 46], []
[2025-01-29 23:54:16,168][__main__][INFO] - [30, 47], []
[2025-01-29 23:54:16,199][__main__][INFO] - [30, 48], []
[2025-01-29 23:54:16,218][__main__][INFO] - [30, 49], []
[2025-01-29 23:54:16,234][__main__][INFO] - [30, 50], []
[2025-01-29 23:54:16,251][__main__][INFO] - [30, 51], []
[2025-01-29 23:54:16,267][__main__][INFO] - [30, 52], []
[2025-01-29 23:54:16,284][__main__][INFO] - [30, 53], []
[2025-01-29 23:54:16,301][__main__][INFO] - [30, 54], []
[2025-01-29 23:54:16,317][__main__][INFO] - [30, 55], []
[2025-01-29 23:54:16,334][__main__][INFO] - [30, 56], []
[2025-01-29 23:54:16,350][__main__][INFO] - [30, 57], []
[2025-01-29 23:54:16,366][__main__][INFO] - [30, 58], []
[2025-01-29 23:54:16,382][__main__][INFO] - [30, 59], []
[2025-01-29 23:54:16,416][__main__][INFO] - [31, 32], []
[2025-01-29 23:54:16,433][__main__][INFO] - [31, 33], []
[2025-01-29 23:54:16,475][__main__][INFO] - [31, 36], []
[2025-01-29 23:54:16,490][__main__][INFO] - [31, 37], []
[2025-01-29 23:54:16,509][__main__][INFO] - [31, 38], []
[2025-01-29 23:54:16,525][__main__][INFO] - [31, 39], []
[2025-01-29 23:54:16,568][__main__][INFO] - [31], [41]
[2025-01-29 23:54:16,585][__main__][INFO] - [31, 42], []
[2025-01-29 23:54:16,601][__main__][INFO] - [31], [42]
[2025-01-29 23:54:16,619][__main__][INFO] - [31, 43], []
[2025-01-29 23:54:16,634][__main__][INFO] - [31], [43]
[2025-01-29 23:54:16,651][__main__][INFO] - [31, 44], []
[2025-01-29 23:54:16,668][__main__][INFO] - [31, 45], []
[2025-01-29 23:54:16,697][__main__][INFO] - [31, 47], []
[2025-01-29 23:54:16,716][__main__][INFO] - [31, 48], []
[2025-01-29 23:54:16,747][__main__][INFO] - [31, 50], []
[2025-01-29 23:54:16,762][__main__][INFO] - [31, 51], []
[2025-01-29 23:54:16,778][__main__][INFO] - [31, 52], []
[2025-01-29 23:54:16,793][__main__][INFO] - [31, 53], []
[2025-01-29 23:54:16,808][__main__][INFO] - [31, 54], []
[2025-01-29 23:54:16,823][__main__][INFO] - [31, 55], []
[2025-01-29 23:54:16,838][__main__][INFO] - [31, 56], []
[2025-01-29 23:54:16,854][__main__][INFO] - [31, 57], []
[2025-01-29 23:54:16,869][__main__][INFO] - [31, 58], []
[2025-01-29 23:54:16,885][__main__][INFO] - [31, 59], []
[2025-01-29 23:54:16,915][__main__][INFO] - [32, 37], []
[2025-01-29 23:54:18,700][__main__][INFO] - [32, 38], []
[2025-01-29 23:54:19,124][__main__][INFO] - [32, 39], []
[2025-01-29 23:54:19,398][__main__][INFO] - [32, 40], []
[2025-01-29 23:54:19,429][__main__][INFO] - [32, 41], []
[2025-01-29 23:54:20,000][__main__][INFO] - [32], [41]
[2025-01-29 23:54:22,301][__main__][INFO] - [32, 42], []
[2025-01-29 23:54:22,402][__main__][INFO] - [32], [42]
[2025-01-29 23:54:26,214][__main__][INFO] - [32, 43], []
[2025-01-29 23:54:26,275][__main__][INFO] - [32], [43]
[2025-01-29 23:54:31,927][__main__][INFO] - [32, 44], []
[2025-01-29 23:54:35,483][__main__][INFO] - [32, 45], []
[2025-01-29 23:54:35,615][__main__][INFO] - [32, 47], []
[2025-01-29 23:54:38,400][__main__][INFO] - [32, 48], []
[2025-01-29 23:54:38,928][__main__][INFO] - [32, 49], []
[2025-01-29 23:54:38,963][__main__][INFO] - [32, 50], []
[2025-01-29 23:54:39,088][__main__][INFO] - [32, 51], []
[2025-01-29 23:54:39,168][__main__][INFO] - [32, 52], []
[2025-01-29 23:54:39,264][__main__][INFO] - [32, 53], []
[2025-01-29 23:54:39,387][__main__][INFO] - [32, 54], []
[2025-01-29 23:54:39,498][__main__][INFO] - [32, 55], []
[2025-01-29 23:54:39,597][__main__][INFO] - [32, 56], []
[2025-01-29 23:54:39,686][__main__][INFO] - [32, 57], []
[2025-01-29 23:54:39,774][__main__][INFO] - [32, 58], []
[2025-01-29 23:54:39,850][__main__][INFO] - [32, 59], []
[2025-01-29 23:54:40,468][__main__][INFO] - [33, 37], []
[2025-01-29 23:54:40,532][__main__][INFO] - [33, 38], []
[2025-01-29 23:54:40,571][__main__][INFO] - [33, 39], []
[2025-01-29 23:54:40,599][__main__][INFO] - [33, 40], []
[2025-01-29 23:54:40,617][__main__][INFO] - [33, 41], []
[2025-01-29 23:54:40,638][__main__][INFO] - [33], [41]
[2025-01-29 23:54:40,785][__main__][INFO] - [33, 42], []
[2025-01-29 23:54:40,817][__main__][INFO] - [33], [42]
[2025-01-29 23:54:40,934][__main__][INFO] - [33, 43], []
[2025-01-29 23:54:40,953][__main__][INFO] - [33], [43]
[2025-01-29 23:54:41,080][__main__][INFO] - [33, 44], []
[2025-01-29 23:54:41,228][__main__][INFO] - [33, 45], []
[2025-01-29 23:54:41,265][__main__][INFO] - [33, 47], []
[2025-01-29 23:54:41,401][__main__][INFO] - [33, 48], []
[2025-01-29 23:54:41,420][__main__][INFO] - [33, 49], []
[2025-01-29 23:54:41,436][__main__][INFO] - [33, 50], []
[2025-01-29 23:54:41,456][__main__][INFO] - [33, 51], []
[2025-01-29 23:54:41,473][__main__][INFO] - [33, 52], []
[2025-01-29 23:54:41,491][__main__][INFO] - [33, 53], []
[2025-01-29 23:54:41,509][__main__][INFO] - [33, 54], []
[2025-01-29 23:54:41,530][__main__][INFO] - [33, 55], []
[2025-01-29 23:54:41,551][__main__][INFO] - [33, 56], []
[2025-01-29 23:54:41,572][__main__][INFO] - [33, 57], []
[2025-01-29 23:54:41,592][__main__][INFO] - [33, 58], []
[2025-01-29 23:54:41,611][__main__][INFO] - [33, 59], []
[2025-01-29 23:54:41,674][__main__][INFO] - [34, 37], []
[2025-01-29 23:54:41,693][__main__][INFO] - [34, 38], []
[2025-01-29 23:54:41,710][__main__][INFO] - [34, 39], []
[2025-01-29 23:54:41,726][__main__][INFO] - [34, 40], []
[2025-01-29 23:54:41,741][__main__][INFO] - [34, 41], []
[2025-01-29 23:54:41,757][__main__][INFO] - [34], [41]
[2025-01-29 23:54:41,779][__main__][INFO] - [34, 42], []
[2025-01-29 23:54:41,795][__main__][INFO] - [34], [42]
[2025-01-29 23:54:41,832][__main__][INFO] - [34], [43]
[2025-01-29 23:54:41,854][__main__][INFO] - [34, 44], []
[2025-01-29 23:54:41,903][__main__][INFO] - [34, 47], []
[2025-01-29 23:54:41,923][__main__][INFO] - [34, 48], []
[2025-01-29 23:54:41,939][__main__][INFO] - [34, 49], []
[2025-01-29 23:54:41,955][__main__][INFO] - [34, 50], []
[2025-01-29 23:54:41,986][__main__][INFO] - [34, 52], []
[2025-01-29 23:54:42,002][__main__][INFO] - [34, 53], []
[2025-01-29 23:54:42,018][__main__][INFO] - [34, 54], []
[2025-01-29 23:54:42,035][__main__][INFO] - [34, 55], []
[2025-01-29 23:54:42,051][__main__][INFO] - [34, 56], []
[2025-01-29 23:54:42,067][__main__][INFO] - [34, 57], []
[2025-01-29 23:54:42,083][__main__][INFO] - [34, 58], []
[2025-01-29 23:54:42,099][__main__][INFO] - [34, 59], []
[2025-01-29 23:54:42,129][__main__][INFO] - [35, 37], []
[2025-01-29 23:54:42,151][__main__][INFO] - [35, 38], []
[2025-01-29 23:54:42,169][__main__][INFO] - [35, 39], []
[2025-01-29 23:54:42,185][__main__][INFO] - [35, 40], []
[2025-01-29 23:54:42,201][__main__][INFO] - [35, 41], []
[2025-01-29 23:54:42,217][__main__][INFO] - [35], [41]
[2025-01-29 23:54:42,244][__main__][INFO] - [35, 42], []
[2025-01-29 23:54:42,261][__main__][INFO] - [35], [42]
[2025-01-29 23:54:42,286][__main__][INFO] - [35, 43], []
[2025-01-29 23:54:42,302][__main__][INFO] - [35], [43]
[2025-01-29 23:54:42,329][__main__][INFO] - [35, 44], []
[2025-01-29 23:54:42,356][__main__][INFO] - [35, 45], []
[2025-01-29 23:54:42,386][__main__][INFO] - [35, 47], []
[2025-01-29 23:54:42,413][__main__][INFO] - [35, 48], []
[2025-01-29 23:54:42,443][__main__][INFO] - [35, 50], []
[2025-01-29 23:54:42,458][__main__][INFO] - [35, 51], []
[2025-01-29 23:54:42,474][__main__][INFO] - [35, 52], []
[2025-01-29 23:54:42,490][__main__][INFO] - [35, 53], []
[2025-01-29 23:54:42,507][__main__][INFO] - [35, 54], []
[2025-01-29 23:54:42,523][__main__][INFO] - [35, 55], []
[2025-01-29 23:54:42,539][__main__][INFO] - [35, 56], []
[2025-01-29 23:54:42,555][__main__][INFO] - [35, 57], []
[2025-01-29 23:54:42,571][__main__][INFO] - [35, 58], []
[2025-01-29 23:54:42,588][__main__][INFO] - [35, 59], []
[2025-01-29 23:54:42,620][__main__][INFO] - [36, 37], []
[2025-01-29 23:54:42,834][__main__][INFO] - [36, 38], []
[2025-01-29 23:54:42,944][__main__][INFO] - [36, 39], []
[2025-01-29 23:54:43,024][__main__][INFO] - [36, 40], []
[2025-01-29 23:54:43,043][__main__][INFO] - [36, 41], []
[2025-01-29 23:54:43,070][__main__][INFO] - [36], [41]
[2025-01-29 23:54:43,535][__main__][INFO] - [36, 42], []
[2025-01-29 23:54:43,553][__main__][INFO] - [36], [42]
[2025-01-29 23:54:44,045][__main__][INFO] - [36, 43], []
[2025-01-29 23:54:44,064][__main__][INFO] - [36], [43]
[2025-01-29 23:54:44,560][__main__][INFO] - [36, 44], []
[2025-01-29 23:54:44,885][__main__][INFO] - [36, 45], []
[2025-01-29 23:54:44,910][__main__][INFO] - [36, 46], []
[2025-01-29 23:54:45,017][__main__][INFO] - [36, 47], []
[2025-01-29 23:54:45,450][__main__][INFO] - [36, 48], []
[2025-01-29 23:54:45,501][__main__][INFO] - [36, 50], []
[2025-01-29 23:54:45,540][__main__][INFO] - [36, 51], []
[2025-01-29 23:54:45,583][__main__][INFO] - [36, 52], []
[2025-01-29 23:54:45,627][__main__][INFO] - [36, 53], []
[2025-01-29 23:54:45,669][__main__][INFO] - [36, 54], []
[2025-01-29 23:54:45,707][__main__][INFO] - [36, 55], []
[2025-01-29 23:54:45,743][__main__][INFO] - [36, 56], []
[2025-01-29 23:54:45,775][__main__][INFO] - [36, 57], []
[2025-01-29 23:54:45,806][__main__][INFO] - [36, 58], []
[2025-01-29 23:54:45,833][__main__][INFO] - [36, 59], []
[2025-01-29 23:54:45,967][__main__][INFO] - [37, 41], []
[2025-01-29 23:54:46,484][__main__][INFO] - [37], [41]
[2025-01-29 23:54:47,666][__main__][INFO] - [37, 42], []
[2025-01-29 23:54:47,731][__main__][INFO] - [37], [42]
[2025-01-29 23:54:49,870][__main__][INFO] - [37, 43], []
[2025-01-29 23:54:49,912][__main__][INFO] - [37], [43]
[2025-01-29 23:54:52,572][__main__][INFO] - [37, 44], []
[2025-01-29 23:54:54,571][__main__][INFO] - [37, 45], []
[2025-01-29 23:54:54,654][__main__][INFO] - [37, 46], []
[2025-01-29 23:54:54,713][__main__][INFO] - [37, 47], []
[2025-01-29 23:54:56,652][__main__][INFO] - [37, 48], []
[2025-01-29 23:54:56,950][__main__][INFO] - [37, 49], []
[2025-01-29 23:54:56,978][__main__][INFO] - [37, 50], []
[2025-01-29 23:54:57,075][__main__][INFO] - [37, 51], []
[2025-01-29 23:54:57,148][__main__][INFO] - [37, 52], []
[2025-01-29 23:54:57,236][__main__][INFO] - [37, 53], []
[2025-01-29 23:54:57,327][__main__][INFO] - [37, 54], []
[2025-01-29 23:54:57,408][__main__][INFO] - [37, 55], []
[2025-01-29 23:54:57,480][__main__][INFO] - [37, 56], []
[2025-01-29 23:54:57,546][__main__][INFO] - [37, 57], []
[2025-01-29 23:54:57,604][__main__][INFO] - [37, 58], []
[2025-01-29 23:54:57,657][__main__][INFO] - [37, 59], []
[2025-01-29 23:54:58,061][__main__][INFO] - [38, 41], []
[2025-01-29 23:54:58,094][__main__][INFO] - [38], [41]
[2025-01-29 23:54:58,705][__main__][INFO] - [38, 42], []
[2025-01-29 23:54:58,738][__main__][INFO] - [38], [42]
[2025-01-29 23:54:59,347][__main__][INFO] - [38, 43], []
[2025-01-29 23:54:59,371][__main__][INFO] - [38], [43]
[2025-01-29 23:55:00,029][__main__][INFO] - [38, 44], []
[2025-01-29 23:55:00,641][__main__][INFO] - [38, 45], []
[2025-01-29 23:55:00,675][__main__][INFO] - [38, 46], []
[2025-01-29 23:55:00,713][__main__][INFO] - [38, 47], []
[2025-01-29 23:55:01,261][__main__][INFO] - [38, 48], []
[2025-01-29 23:55:01,367][__main__][INFO] - [38, 49], []
[2025-01-29 23:55:01,387][__main__][INFO] - [38, 50], []
[2025-01-29 23:55:01,422][__main__][INFO] - [38, 51], []
[2025-01-29 23:55:01,450][__main__][INFO] - [38, 52], []
[2025-01-29 23:55:01,480][__main__][INFO] - [38, 53], []
[2025-01-29 23:55:01,513][__main__][INFO] - [38, 54], []
[2025-01-29 23:55:01,545][__main__][INFO] - [38, 55], []
[2025-01-29 23:55:01,578][__main__][INFO] - [38, 56], []
[2025-01-29 23:55:01,610][__main__][INFO] - [38, 57], []
[2025-01-29 23:55:01,642][__main__][INFO] - [38, 58], []
[2025-01-29 23:55:01,673][__main__][INFO] - [38, 59], []
[2025-01-29 23:55:01,908][__main__][INFO] - [39, 41], []
[2025-01-29 23:55:01,971][__main__][INFO] - [39], [41]
[2025-01-29 23:55:02,291][__main__][INFO] - [39, 42], []
[2025-01-29 23:55:02,316][__main__][INFO] - [39], [42]
[2025-01-29 23:55:02,836][__main__][INFO] - [39, 43], []
[2025-01-29 23:55:02,859][__main__][INFO] - [39], [43]
[2025-01-29 23:55:03,315][__main__][INFO] - [39, 44], []
[2025-01-29 23:55:03,764][__main__][INFO] - [39, 45], []
[2025-01-29 23:55:03,795][__main__][INFO] - [39, 46], []
[2025-01-29 23:55:03,828][__main__][INFO] - [39, 47], []
[2025-01-29 23:55:04,164][__main__][INFO] - [39, 48], []
[2025-01-29 23:55:04,241][__main__][INFO] - [39, 49], []
[2025-01-29 23:55:04,259][__main__][INFO] - [39, 50], []
[2025-01-29 23:55:04,295][__main__][INFO] - [39, 51], []
[2025-01-29 23:55:04,322][__main__][INFO] - [39, 52], []
[2025-01-29 23:55:04,350][__main__][INFO] - [39, 53], []
[2025-01-29 23:55:04,382][__main__][INFO] - [39, 54], []
[2025-01-29 23:55:04,412][__main__][INFO] - [39, 55], []
[2025-01-29 23:55:04,440][__main__][INFO] - [39, 56], []
[2025-01-29 23:55:04,469][__main__][INFO] - [39, 57], []
[2025-01-29 23:55:04,495][__main__][INFO] - [39, 58], []
[2025-01-29 23:55:04,521][__main__][INFO] - [39, 59], []
[2025-01-29 23:55:04,623][__main__][INFO] - [40, 41], []
[2025-01-29 23:55:04,638][__main__][INFO] - [40], [41]
[2025-01-29 23:55:04,676][__main__][INFO] - [40, 42], []
[2025-01-29 23:55:04,693][__main__][INFO] - [40], [42]
[2025-01-29 23:55:04,730][__main__][INFO] - [40, 43], []
[2025-01-29 23:55:04,747][__main__][INFO] - [40], [43]
[2025-01-29 23:55:04,784][__main__][INFO] - [40, 44], []
[2025-01-29 23:55:04,819][__main__][INFO] - [40, 45], []
[2025-01-29 23:55:04,835][__main__][INFO] - [40, 46], []
[2025-01-29 23:55:04,852][__main__][INFO] - [40, 47], []
[2025-01-29 23:55:04,885][__main__][INFO] - [40, 48], []
[2025-01-29 23:55:04,904][__main__][INFO] - [40, 49], []
[2025-01-29 23:55:04,919][__main__][INFO] - [40, 50], []
[2025-01-29 23:55:04,936][__main__][INFO] - [40, 51], []
[2025-01-29 23:55:04,953][__main__][INFO] - [40, 52], []
[2025-01-29 23:55:04,969][__main__][INFO] - [40, 53], []
[2025-01-29 23:55:04,986][__main__][INFO] - [40, 54], []
[2025-01-29 23:55:05,002][__main__][INFO] - [40, 55], []
[2025-01-29 23:55:05,019][__main__][INFO] - [40, 56], []
[2025-01-29 23:55:05,034][__main__][INFO] - [40, 57], []
[2025-01-29 23:55:05,051][__main__][INFO] - [40, 58], []
[2025-01-29 23:55:05,068][__main__][INFO] - [40, 59], []
[2025-01-29 23:55:05,105][__main__][INFO] - [41, 42], []
[2025-01-29 23:55:05,131][__main__][INFO] - [41], [42]
[2025-01-29 23:55:05,772][__main__][INFO] - [41, 43], []
[2025-01-29 23:55:05,795][__main__][INFO] - [41], [43]
[2025-01-29 23:55:06,449][__main__][INFO] - [41, 44], []
[2025-01-29 23:55:07,092][__main__][INFO] - [41, 45], []
[2025-01-29 23:55:07,122][__main__][INFO] - [41, 46], []
[2025-01-29 23:55:07,139][__main__][INFO] - [41, 47], []
[2025-01-29 23:55:07,622][__main__][INFO] - [41, 48], []
[2025-01-29 23:55:07,749][__main__][INFO] - [41, 49], []
[2025-01-29 23:55:07,771][__main__][INFO] - [41, 50], []
[2025-01-29 23:55:07,810][__main__][INFO] - [41, 51], []
[2025-01-29 23:55:07,846][__main__][INFO] - [41, 52], []
[2025-01-29 23:55:07,888][__main__][INFO] - [41, 53], []
[2025-01-29 23:55:07,932][__main__][INFO] - [41, 54], []
[2025-01-29 23:55:07,972][__main__][INFO] - [41, 55], []
[2025-01-29 23:55:08,010][__main__][INFO] - [41, 56], []
[2025-01-29 23:55:08,047][__main__][INFO] - [41, 57], []
[2025-01-29 23:55:08,079][__main__][INFO] - [41, 58], []
[2025-01-29 23:55:08,107][__main__][INFO] - [41, 59], []
[2025-01-29 23:55:08,268][__main__][INFO] - [42], [41]
[2025-01-29 23:55:08,364][__main__][INFO] - [], [41, 42]
[2025-01-29 23:55:12,508][__main__][INFO] - [43], [41]
[2025-01-29 23:55:12,582][__main__][INFO] - [], [41, 43]
[2025-01-29 23:55:17,184][__main__][INFO] - [44], [41]
[2025-01-29 23:55:20,774][__main__][INFO] - [45], [41]
[2025-01-29 23:55:20,932][__main__][INFO] - [46], [41]
[2025-01-29 23:55:21,041][__main__][INFO] - [47], [41]
[2025-01-29 23:55:24,289][__main__][INFO] - [48], [41]
[2025-01-29 23:55:24,679][__main__][INFO] - [49], [41]
[2025-01-29 23:55:24,709][__main__][INFO] - [50], [41]
[2025-01-29 23:55:24,849][__main__][INFO] - [51], [41]
[2025-01-29 23:55:24,934][__main__][INFO] - [52], [41]
[2025-01-29 23:55:25,030][__main__][INFO] - [53], [41]
[2025-01-29 23:55:25,143][__main__][INFO] - [54], [41]
[2025-01-29 23:55:25,241][__main__][INFO] - [55], [41]
[2025-01-29 23:55:25,333][__main__][INFO] - [56], [41]
[2025-01-29 23:55:25,423][__main__][INFO] - [57], [41]
[2025-01-29 23:55:25,501][__main__][INFO] - [58], [41]
[2025-01-29 23:55:25,571][__main__][INFO] - [59], [41]
[2025-01-29 23:55:26,238][__main__][INFO] - [42, 43], []
[2025-01-29 23:55:26,267][__main__][INFO] - [42], [43]
[2025-01-29 23:55:26,361][__main__][INFO] - [42, 44], []
[2025-01-29 23:55:26,444][__main__][INFO] - [42, 45], []
[2025-01-29 23:55:26,479][__main__][INFO] - [42, 46], []
[2025-01-29 23:55:26,495][__main__][INFO] - [42, 47], []
[2025-01-29 23:55:26,647][__main__][INFO] - [42, 48], []
[2025-01-29 23:55:26,666][__main__][INFO] - [42, 49], []
[2025-01-29 23:55:26,682][__main__][INFO] - [42, 50], []
[2025-01-29 23:55:26,705][__main__][INFO] - [42, 51], []
[2025-01-29 23:55:26,722][__main__][INFO] - [42, 52], []
[2025-01-29 23:55:26,743][__main__][INFO] - [42, 53], []
[2025-01-29 23:55:26,764][__main__][INFO] - [42, 54], []
[2025-01-29 23:55:26,785][__main__][INFO] - [42, 55], []
[2025-01-29 23:55:26,805][__main__][INFO] - [42, 56], []
[2025-01-29 23:55:26,823][__main__][INFO] - [42, 57], []
[2025-01-29 23:55:26,841][__main__][INFO] - [42, 58], []
[2025-01-29 23:55:26,859][__main__][INFO] - [42, 59], []
[2025-01-29 23:55:26,905][__main__][INFO] - [43], [42]
[2025-01-29 23:55:26,953][__main__][INFO] - [], [42, 43]
[2025-01-29 23:55:36,756][__main__][INFO] - [44], [42]
[2025-01-29 23:55:42,636][__main__][INFO] - [45], [42]
[2025-01-29 23:55:42,749][__main__][INFO] - [46], [42]
[2025-01-29 23:55:42,861][__main__][INFO] - [47], [42]
[2025-01-29 23:55:47,428][__main__][INFO] - [48], [42]
[2025-01-29 23:55:48,007][__main__][INFO] - [49], [42]
[2025-01-29 23:55:48,043][__main__][INFO] - [50], [42]
[2025-01-29 23:55:48,202][__main__][INFO] - [51], [42]
[2025-01-29 23:55:48,312][__main__][INFO] - [52], [42]
[2025-01-29 23:55:48,447][__main__][INFO] - [53], [42]
[2025-01-29 23:55:48,598][__main__][INFO] - [54], [42]
[2025-01-29 23:55:48,740][__main__][INFO] - [55], [42]
[2025-01-29 23:55:48,869][__main__][INFO] - [56], [42]
[2025-01-29 23:55:48,988][__main__][INFO] - [57], [42]
[2025-01-29 23:55:49,089][__main__][INFO] - [58], [42]
[2025-01-29 23:55:49,182][__main__][INFO] - [59], [42]
[2025-01-29 23:55:49,973][__main__][INFO] - [43, 44], []
[2025-01-29 23:55:50,028][__main__][INFO] - [43, 45], []
[2025-01-29 23:55:50,057][__main__][INFO] - [43, 46], []
[2025-01-29 23:55:50,073][__main__][INFO] - [43, 47], []
[2025-01-29 23:55:50,160][__main__][INFO] - [43, 48], []
[2025-01-29 23:55:50,179][__main__][INFO] - [43, 49], []
[2025-01-29 23:55:50,195][__main__][INFO] - [43, 50], []
[2025-01-29 23:55:50,217][__main__][INFO] - [43, 51], []
[2025-01-29 23:55:50,235][__main__][INFO] - [43, 52], []
[2025-01-29 23:55:50,253][__main__][INFO] - [43, 53], []
[2025-01-29 23:55:50,271][__main__][INFO] - [43, 54], []
[2025-01-29 23:55:50,290][__main__][INFO] - [43, 55], []
[2025-01-29 23:55:50,307][__main__][INFO] - [43, 56], []
[2025-01-29 23:55:50,326][__main__][INFO] - [43, 57], []
[2025-01-29 23:55:50,343][__main__][INFO] - [43, 58], []
[2025-01-29 23:55:50,359][__main__][INFO] - [43, 59], []
[2025-01-29 23:55:50,396][__main__][INFO] - [44], [43]
[2025-01-29 23:55:56,617][__main__][INFO] - [45], [43]
[2025-01-29 23:55:56,774][__main__][INFO] - [46], [43]
[2025-01-29 23:55:56,887][__main__][INFO] - [47], [43]
[2025-01-29 23:56:02,268][__main__][INFO] - [48], [43]
[2025-01-29 23:56:02,849][__main__][INFO] - [49], [43]
[2025-01-29 23:56:02,884][__main__][INFO] - [50], [43]
[2025-01-29 23:56:03,051][__main__][INFO] - [51], [43]
[2025-01-29 23:56:03,166][__main__][INFO] - [52], [43]
[2025-01-29 23:56:03,307][__main__][INFO] - [53], [43]
[2025-01-29 23:56:03,461][__main__][INFO] - [54], [43]
[2025-01-29 23:56:03,605][__main__][INFO] - [55], [43]
[2025-01-29 23:56:03,741][__main__][INFO] - [56], [43]
[2025-01-29 23:56:03,866][__main__][INFO] - [57], [43]
[2025-01-29 23:56:03,969][__main__][INFO] - [58], [43]
[2025-01-29 23:56:04,067][__main__][INFO] - [59], [43]
[2025-01-29 23:56:04,890][__main__][INFO] - [44, 47], []
[2025-01-29 23:56:10,540][__main__][INFO] - [44, 48], []
[2025-01-29 23:56:11,070][__main__][INFO] - [44, 49], []
[2025-01-29 23:56:11,105][__main__][INFO] - [44, 50], []
[2025-01-29 23:56:11,237][__main__][INFO] - [44, 51], []
[2025-01-29 23:56:11,337][__main__][INFO] - [44, 52], []
[2025-01-29 23:56:11,452][__main__][INFO] - [44, 53], []
[2025-01-29 23:56:11,582][__main__][INFO] - [44, 54], []
[2025-01-29 23:56:11,712][__main__][INFO] - [44, 55], []
[2025-01-29 23:56:11,824][__main__][INFO] - [44, 56], []
[2025-01-29 23:56:11,938][__main__][INFO] - [44, 57], []
[2025-01-29 23:56:12,036][__main__][INFO] - [44, 58], []
[2025-01-29 23:56:12,118][__main__][INFO] - [44, 59], []
[2025-01-29 23:56:12,889][__main__][INFO] - [45, 47], []
[2025-01-29 23:56:13,063][__main__][INFO] - [45, 48], []
[2025-01-29 23:56:13,091][__main__][INFO] - [45, 49], []
[2025-01-29 23:56:13,107][__main__][INFO] - [45, 50], []
[2025-01-29 23:56:13,139][__main__][INFO] - [45, 51], []
[2025-01-29 23:56:13,162][__main__][INFO] - [45, 52], []
[2025-01-29 23:56:13,184][__main__][INFO] - [45, 53], []
[2025-01-29 23:56:13,206][__main__][INFO] - [45, 54], []
[2025-01-29 23:56:13,228][__main__][INFO] - [45, 55], []
[2025-01-29 23:56:13,249][__main__][INFO] - [45, 56], []
[2025-01-29 23:56:13,266][__main__][INFO] - [45, 57], []
[2025-01-29 23:56:13,283][__main__][INFO] - [45, 58], []
[2025-01-29 23:56:13,301][__main__][INFO] - [45, 59], []
[2025-01-29 23:56:13,342][__main__][INFO] - [46, 47], []
[2025-01-29 23:56:13,478][__main__][INFO] - [46, 50], []
[2025-01-29 23:56:13,498][__main__][INFO] - [46, 51], []
[2025-01-29 23:56:13,518][__main__][INFO] - [46, 52], []
[2025-01-29 23:56:13,539][__main__][INFO] - [46, 53], []
[2025-01-29 23:56:13,559][__main__][INFO] - [46, 54], []
[2025-01-29 23:56:13,579][__main__][INFO] - [46, 55], []
[2025-01-29 23:56:13,598][__main__][INFO] - [46, 56], []
[2025-01-29 23:56:13,617][__main__][INFO] - [46, 57], []
[2025-01-29 23:56:13,636][__main__][INFO] - [46, 58], []
[2025-01-29 23:56:13,654][__main__][INFO] - [46, 59], []
[2025-01-29 23:56:13,706][__main__][INFO] - [47, 50], []
[2025-01-29 23:56:13,843][__main__][INFO] - [47, 51], []
[2025-01-29 23:56:13,933][__main__][INFO] - [47, 52], []
[2025-01-29 23:56:14,046][__main__][INFO] - [47, 53], []
[2025-01-29 23:56:14,162][__main__][INFO] - [47, 54], []
[2025-01-29 23:56:14,278][__main__][INFO] - [47, 55], []
[2025-01-29 23:56:14,385][__main__][INFO] - [47, 56], []
[2025-01-29 23:56:14,479][__main__][INFO] - [47, 57], []
[2025-01-29 23:56:14,568][__main__][INFO] - [47, 58], []
[2025-01-29 23:56:14,642][__main__][INFO] - [47, 59], []
[2025-01-29 23:56:15,315][__main__][INFO] - [48, 50], []
[2025-01-29 23:56:15,363][__main__][INFO] - [48, 51], []
[2025-01-29 23:56:15,397][__main__][INFO] - [48, 52], []
[2025-01-29 23:56:15,434][__main__][INFO] - [48, 53], []
[2025-01-29 23:56:15,475][__main__][INFO] - [48, 54], []
[2025-01-29 23:56:15,513][__main__][INFO] - [48, 55], []
[2025-01-29 23:56:15,549][__main__][INFO] - [48, 56], []
[2025-01-29 23:56:15,584][__main__][INFO] - [48, 57], []
[2025-01-29 23:56:15,617][__main__][INFO] - [48, 58], []
[2025-01-29 23:56:15,647][__main__][INFO] - [48, 59], []
[2025-01-29 23:56:15,813][__main__][INFO] - [49, 50], []
[2025-01-29 23:56:15,830][__main__][INFO] - [49, 51], []
[2025-01-29 23:56:15,847][__main__][INFO] - [49, 52], []
[2025-01-29 23:56:15,864][__main__][INFO] - [49, 53], []
[2025-01-29 23:56:15,881][__main__][INFO] - [49, 54], []
[2025-01-29 23:56:15,898][__main__][INFO] - [49, 55], []
[2025-01-29 23:56:15,914][__main__][INFO] - [49, 56], []
[2025-01-29 23:56:15,931][__main__][INFO] - [49, 57], []
[2025-01-29 23:56:15,947][__main__][INFO] - [49, 58], []
[2025-01-29 23:56:15,963][__main__][INFO] - [49, 59], []
[2025-01-29 23:56:16,024][__main__][INFO] - [0, 1, 10], []
[2025-01-29 23:56:16,054][__main__][INFO] - [0, 1, 11], []
[2025-01-29 23:56:16,086][__main__][INFO] - [0, 1, 12], []
[2025-01-29 23:56:16,122][__main__][INFO] - [0, 1, 13], []
[2025-01-29 23:56:16,153][__main__][INFO] - [0, 1, 14], []
[2025-01-29 23:56:16,184][__main__][INFO] - [0, 1, 15], []
[2025-01-29 23:56:16,215][__main__][INFO] - [0, 1, 16], []
[2025-01-29 23:56:16,231][__main__][INFO] - [0, 1, 17], []
[2025-01-29 23:56:16,252][__main__][INFO] - [0, 1, 18], []
[2025-01-29 23:56:16,270][__main__][INFO] - [0, 1, 19], []
[2025-01-29 23:56:16,286][__main__][INFO] - [0, 1, 20], []
[2025-01-29 23:56:16,368][__main__][INFO] - [0, 1, 21], []
[2025-01-29 23:56:16,384][__main__][INFO] - [0, 1, 22], []
[2025-01-29 23:56:16,485][__main__][INFO] - [0, 1, 26], []
[2025-01-29 23:56:16,510][__main__][INFO] - [0, 1], [26]
[2025-01-29 23:56:16,626][__main__][INFO] - [0, 1, 27], []
[2025-01-29 23:56:16,707][__main__][INFO] - [0, 1, 28], []
[2025-01-29 23:56:16,748][__main__][INFO] - [0, 1, 29], []
[2025-01-29 23:56:16,764][__main__][INFO] - [0, 1, 30], []
[2025-01-29 23:56:16,780][__main__][INFO] - [0, 1, 31], []
[2025-01-29 23:56:16,796][__main__][INFO] - [0, 1, 32], []
[2025-01-29 23:56:16,896][__main__][INFO] - [0, 1, 33], []
[2025-01-29 23:56:16,926][__main__][INFO] - [0, 1, 35], []
[2025-01-29 23:56:16,943][__main__][INFO] - [0, 1, 36], []
[2025-01-29 23:56:16,984][__main__][INFO] - [0, 1, 37], []
[2025-01-29 23:56:17,082][__main__][INFO] - [0, 1, 38], []
[2025-01-29 23:56:17,104][__main__][INFO] - [0, 1, 39], []
[2025-01-29 23:56:17,135][__main__][INFO] - [0, 1, 40], []
[2025-01-29 23:56:17,152][__main__][INFO] - [0, 1, 41], []
[2025-01-29 23:56:17,212][__main__][INFO] - [0, 1], [41]
[2025-01-29 23:56:17,295][__main__][INFO] - [0, 1, 42], []
[2025-01-29 23:56:17,314][__main__][INFO] - [0, 1], [42]
[2025-01-29 23:56:17,439][__main__][INFO] - [0, 1, 43], []
[2025-01-29 23:56:17,459][__main__][INFO] - [0, 1], [43]
[2025-01-29 23:56:17,587][__main__][INFO] - [0, 1, 44], []
[2025-01-29 23:56:17,706][__main__][INFO] - [0, 1, 45], []
[2025-01-29 23:56:17,728][__main__][INFO] - [0, 1, 46], []
[2025-01-29 23:56:17,750][__main__][INFO] - [0, 1, 47], []
[2025-01-29 23:56:17,813][__main__][INFO] - [0, 1, 48], []
[2025-01-29 23:56:17,884][__main__][INFO] - [0, 1, 49], []
[2025-01-29 23:56:17,903][__main__][INFO] - [0, 1, 50], []
[2025-01-29 23:56:17,927][__main__][INFO] - [0, 1, 51], []
[2025-01-29 23:56:17,953][__main__][INFO] - [0, 1, 52], []
[2025-01-29 23:56:17,979][__main__][INFO] - [0, 1, 53], []
[2025-01-29 23:56:18,007][__main__][INFO] - [0, 1, 54], []
[2025-01-29 23:56:18,035][__main__][INFO] - [0, 1, 55], []
[2025-01-29 23:56:18,059][__main__][INFO] - [0, 1, 56], []
[2025-01-29 23:56:18,080][__main__][INFO] - [0, 1, 57], []
[2025-01-29 23:56:18,100][__main__][INFO] - [0, 1, 58], []
[2025-01-29 23:56:18,116][__main__][INFO] - [0, 1, 59], []
[2025-01-29 23:56:18,157][__main__][INFO] - [0, 2, 10], []
[2025-01-29 23:56:18,238][__main__][INFO] - [0, 2, 11], []
[2025-01-29 23:56:18,323][__main__][INFO] - [0, 2, 12], []
[2025-01-29 23:56:18,418][__main__][INFO] - [0, 2, 13], []
[2025-01-29 23:56:18,512][__main__][INFO] - [0, 2, 14], []
[2025-01-29 23:56:18,608][__main__][INFO] - [0, 2, 15], []
[2025-01-29 23:56:18,711][__main__][INFO] - [0, 2, 16], []
[2025-01-29 23:56:18,819][__main__][INFO] - [0, 2, 17], []
[2025-01-29 23:56:18,916][__main__][INFO] - [0, 2, 18], []
[2025-01-29 23:56:18,971][__main__][INFO] - [0, 2, 19], []
[2025-01-29 23:56:19,010][__main__][INFO] - [0, 2, 20], []
[2025-01-29 23:56:19,722][__main__][INFO] - [0, 2, 21], []
[2025-01-29 23:56:19,748][__main__][INFO] - [0, 2, 22], []
[2025-01-29 23:56:19,839][__main__][INFO] - [0, 2, 23], []
[2025-01-29 23:56:19,877][__main__][INFO] - [0, 2, 24], []
[2025-01-29 23:56:19,893][__main__][INFO] - [0, 2, 25], []
[2025-01-29 23:56:19,910][__main__][INFO] - [0, 2, 26], []
[2025-01-29 23:56:20,079][__main__][INFO] - [0, 2], [26]
[2025-01-29 23:56:20,808][__main__][INFO] - [0, 2, 27], []
[2025-01-29 23:56:21,546][__main__][INFO] - [0, 2, 28], []
[2025-01-29 23:56:21,612][__main__][INFO] - [0, 2, 29], []
[2025-01-29 23:56:21,688][__main__][INFO] - [0, 2, 30], []
[2025-01-29 23:56:21,712][__main__][INFO] - [0, 2, 31], []
[2025-01-29 23:56:21,729][__main__][INFO] - [0, 2, 32], []
[2025-01-29 23:56:22,581][__main__][INFO] - [0, 2, 33], []
[2025-01-29 23:56:22,605][__main__][INFO] - [0, 2, 34], []
[2025-01-29 23:56:22,624][__main__][INFO] - [0, 2, 35], []
[2025-01-29 23:56:22,641][__main__][INFO] - [0, 2, 36], []
[2025-01-29 23:56:22,772][__main__][INFO] - [0, 2, 37], []
[2025-01-29 23:56:23,192][__main__][INFO] - [0, 2, 38], []
[2025-01-29 23:56:23,419][__main__][INFO] - [0, 2, 39], []
[2025-01-29 23:56:23,539][__main__][INFO] - [0, 2, 40], []
[2025-01-29 23:56:23,566][__main__][INFO] - [0, 2, 41], []
[2025-01-29 23:56:23,691][__main__][INFO] - [0, 2], [41]
[2025-01-29 23:56:24,455][__main__][INFO] - [0, 2, 42], []
[2025-01-29 23:56:24,497][__main__][INFO] - [0, 2], [42]
[2025-01-29 23:56:25,458][__main__][INFO] - [0, 2, 43], []
[2025-01-29 23:56:25,491][__main__][INFO] - [0, 2], [43]
[2025-01-29 23:56:26,519][__main__][INFO] - [0, 2, 44], []
[2025-01-29 23:56:27,456][__main__][INFO] - [0, 2, 45], []
[2025-01-29 23:56:27,505][__main__][INFO] - [0, 2, 46], []
[2025-01-29 23:56:27,548][__main__][INFO] - [0, 2, 47], []
[2025-01-29 23:56:28,050][__main__][INFO] - [0, 2, 48], []
[2025-01-29 23:56:28,364][__main__][INFO] - [0, 2, 49], []
[2025-01-29 23:56:28,393][__main__][INFO] - [0, 2, 50], []
[2025-01-29 23:56:28,450][__main__][INFO] - [0, 2, 51], []
[2025-01-29 23:56:28,498][__main__][INFO] - [0, 2, 52], []
[2025-01-29 23:56:28,550][__main__][INFO] - [0, 2, 53], []
[2025-01-29 23:56:28,605][__main__][INFO] - [0, 2, 54], []
[2025-01-29 23:56:28,657][__main__][INFO] - [0, 2, 55], []
[2025-01-29 23:56:28,708][__main__][INFO] - [0, 2, 56], []
[2025-01-29 23:56:28,754][__main__][INFO] - [0, 2, 57], []
[2025-01-29 23:56:28,797][__main__][INFO] - [0, 2, 58], []
[2025-01-29 23:56:28,837][__main__][INFO] - [0, 2, 59], []
[2025-01-29 23:56:29,117][__main__][INFO] - [0, 3, 10], []
[2025-01-29 23:56:29,146][__main__][INFO] - [0, 3, 11], []
[2025-01-29 23:56:29,173][__main__][INFO] - [0, 3, 12], []
[2025-01-29 23:56:29,197][__main__][INFO] - [0, 3, 13], []
[2025-01-29 23:56:29,218][__main__][INFO] - [0, 3, 14], []
[2025-01-29 23:56:29,241][__main__][INFO] - [0, 3, 15], []
[2025-01-29 23:56:29,261][__main__][INFO] - [0, 3, 16], []
[2025-01-29 23:56:29,279][__main__][INFO] - [0, 3, 17], []
[2025-01-29 23:56:29,296][__main__][INFO] - [0, 3, 18], []
[2025-01-29 23:56:29,312][__main__][INFO] - [0, 3, 19], []
[2025-01-29 23:56:29,328][__main__][INFO] - [0, 3, 20], []
[2025-01-29 23:56:29,385][__main__][INFO] - [0, 3, 21], []
[2025-01-29 23:56:29,402][__main__][INFO] - [0, 3, 22], []
[2025-01-29 23:56:29,419][__main__][INFO] - [0, 3, 23], []
[2025-01-29 23:56:29,435][__main__][INFO] - [0, 3, 24], []
[2025-01-29 23:56:29,451][__main__][INFO] - [0, 3, 25], []
[2025-01-29 23:56:29,468][__main__][INFO] - [0, 3, 26], []
[2025-01-29 23:56:29,488][__main__][INFO] - [0, 3], [26]
[2025-01-29 23:56:29,547][__main__][INFO] - [0, 3, 27], []
[2025-01-29 23:56:29,603][__main__][INFO] - [0, 3, 28], []
[2025-01-29 23:56:29,619][__main__][INFO] - [0, 3, 29], []
[2025-01-29 23:56:29,636][__main__][INFO] - [0, 3, 30], []
[2025-01-29 23:56:29,652][__main__][INFO] - [0, 3, 31], []
[2025-01-29 23:56:29,669][__main__][INFO] - [0, 3, 32], []
[2025-01-29 23:56:29,713][__main__][INFO] - [0, 3, 33], []
[2025-01-29 23:56:29,744][__main__][INFO] - [0, 3, 35], []
[2025-01-29 23:56:29,761][__main__][INFO] - [0, 3, 36], []
[2025-01-29 23:56:29,794][__main__][INFO] - [0, 3, 37], []
[2025-01-29 23:56:29,819][__main__][INFO] - [0, 3, 38], []
[2025-01-29 23:56:29,863][__main__][INFO] - [0, 3, 39], []
[2025-01-29 23:56:29,885][__main__][INFO] - [0, 3, 40], []
[2025-01-29 23:56:29,901][__main__][INFO] - [0, 3, 41], []
[2025-01-29 23:56:29,917][__main__][INFO] - [0, 3], [41]
[2025-01-29 23:56:29,975][__main__][INFO] - [0, 3, 42], []
[2025-01-29 23:56:29,992][__main__][INFO] - [0, 3], [42]
[2025-01-29 23:56:30,057][__main__][INFO] - [0, 3, 43], []
[2025-01-29 23:56:30,076][__main__][INFO] - [0, 3], [43]
[2025-01-29 23:56:30,140][__main__][INFO] - [0, 3, 44], []
[2025-01-29 23:56:30,196][__main__][INFO] - [0, 3, 45], []
[2025-01-29 23:56:30,214][__main__][INFO] - [0, 3, 46], []
[2025-01-29 23:56:30,236][__main__][INFO] - [0, 3, 47], []
[2025-01-29 23:56:30,276][__main__][INFO] - [0, 3, 48], []
[2025-01-29 23:56:30,311][__main__][INFO] - [0, 3, 49], []
[2025-01-29 23:56:30,328][__main__][INFO] - [0, 3, 50], []
[2025-01-29 23:56:30,348][__main__][INFO] - [0, 3, 51], []
[2025-01-29 23:56:30,367][__main__][INFO] - [0, 3, 52], []
[2025-01-29 23:56:30,385][__main__][INFO] - [0, 3, 53], []
[2025-01-29 23:56:30,404][__main__][INFO] - [0, 3, 54], []
[2025-01-29 23:56:30,422][__main__][INFO] - [0, 3, 55], []
[2025-01-29 23:56:30,441][__main__][INFO] - [0, 3, 56], []
[2025-01-29 23:56:30,459][__main__][INFO] - [0, 3, 57], []
[2025-01-29 23:56:30,475][__main__][INFO] - [0, 3, 58], []
[2025-01-29 23:56:30,491][__main__][INFO] - [0, 3, 59], []
[2025-01-29 23:56:30,534][__main__][INFO] - [0, 4, 10], []
[2025-01-29 23:56:30,563][__main__][INFO] - [0, 4, 11], []
[2025-01-29 23:56:30,595][__main__][INFO] - [0, 4, 12], []
[2025-01-29 23:56:30,630][__main__][INFO] - [0, 4, 13], []
[2025-01-29 23:56:30,666][__main__][INFO] - [0, 4, 14], []
[2025-01-29 23:56:30,682][__main__][INFO] - [0, 4, 15], []
[2025-01-29 23:56:30,699][__main__][INFO] - [0, 4, 16], []
[2025-01-29 23:56:30,735][__main__][INFO] - [0, 4, 17], []
[2025-01-29 23:56:30,768][__main__][INFO] - [0, 4, 18], []
[2025-01-29 23:56:30,784][__main__][INFO] - [0, 4, 19], []
[2025-01-29 23:56:30,807][__main__][INFO] - [0, 4, 20], []
[2025-01-29 23:56:30,872][__main__][INFO] - [0, 4, 21], []
[2025-01-29 23:56:30,996][__main__][INFO] - [0, 4, 22], []
[2025-01-29 23:56:31,012][__main__][INFO] - [0, 4, 23], []
[2025-01-29 23:56:31,028][__main__][INFO] - [0, 4, 24], []
[2025-01-29 23:56:31,045][__main__][INFO] - [0, 4, 25], []
[2025-01-29 23:56:31,061][__main__][INFO] - [0, 4, 26], []
[2025-01-29 23:56:31,091][__main__][INFO] - [0, 4], [26]
[2025-01-29 23:56:31,253][__main__][INFO] - [0, 4, 27], []
[2025-01-29 23:56:31,317][__main__][INFO] - [0, 4, 28], []
[2025-01-29 23:56:31,362][__main__][INFO] - [0, 4, 29], []
[2025-01-29 23:56:31,448][__main__][INFO] - [0, 4, 30], []
[2025-01-29 23:56:31,464][__main__][INFO] - [0, 4, 31], []
[2025-01-29 23:56:31,481][__main__][INFO] - [0, 4, 32], []
[2025-01-29 23:56:31,634][__main__][INFO] - [0, 4, 33], []
[2025-01-29 23:56:31,665][__main__][INFO] - [0, 4, 35], []
[2025-01-29 23:56:31,682][__main__][INFO] - [0, 4, 36], []
[2025-01-29 23:56:31,721][__main__][INFO] - [0, 4, 37], []
[2025-01-29 23:56:31,864][__main__][INFO] - [0, 4, 38], []
[2025-01-29 23:56:31,889][__main__][INFO] - [0, 4, 39], []
[2025-01-29 23:56:31,924][__main__][INFO] - [0, 4, 40], []
[2025-01-29 23:56:31,942][__main__][INFO] - [0, 4, 41], []
[2025-01-29 23:56:32,064][__main__][INFO] - [0, 4], [41]
[2025-01-29 23:56:32,131][__main__][INFO] - [0, 4, 42], []
[2025-01-29 23:56:32,148][__main__][INFO] - [0, 4], [42]
[2025-01-29 23:56:32,321][__main__][INFO] - [0, 4, 43], []
[2025-01-29 23:56:32,340][__main__][INFO] - [0, 4], [43]
[2025-01-29 23:56:32,516][__main__][INFO] - [0, 4, 44], []
[2025-01-29 23:56:32,684][__main__][INFO] - [0, 4, 45], []
[2025-01-29 23:56:32,706][__main__][INFO] - [0, 4, 46], []
[2025-01-29 23:56:32,728][__main__][INFO] - [0, 4, 47], []
[2025-01-29 23:56:32,824][__main__][INFO] - [0, 4, 48], []
[2025-01-29 23:56:32,911][__main__][INFO] - [0, 4, 49], []
[2025-01-29 23:56:32,930][__main__][INFO] - [0, 4, 50], []
[2025-01-29 23:56:32,957][__main__][INFO] - [0, 4, 51], []
[2025-01-29 23:56:32,980][__main__][INFO] - [0, 4, 52], []
[2025-01-29 23:56:33,003][__main__][INFO] - [0, 4, 53], []
[2025-01-29 23:56:33,026][__main__][INFO] - [0, 4, 54], []
[2025-01-29 23:56:33,042][__main__][INFO] - [0, 4, 55], []
[2025-01-29 23:56:33,058][__main__][INFO] - [0, 4, 56], []
[2025-01-29 23:56:33,082][__main__][INFO] - [0, 4, 57], []
[2025-01-29 23:56:33,098][__main__][INFO] - [0, 4, 58], []
[2025-01-29 23:56:33,114][__main__][INFO] - [0, 4, 59], []
[2025-01-29 23:56:33,210][__main__][INFO] - [0, 5, 10], []
[2025-01-29 23:56:33,227][__main__][INFO] - [0, 5, 11], []
[2025-01-29 23:56:33,243][__main__][INFO] - [0, 5, 12], []
[2025-01-29 23:56:33,259][__main__][INFO] - [0, 5, 13], []
[2025-01-29 23:56:33,280][__main__][INFO] - [0, 5, 14], []
[2025-01-29 23:56:33,297][__main__][INFO] - [0, 5, 15], []
[2025-01-29 23:56:33,320][__main__][INFO] - [0, 5, 16], []
[2025-01-29 23:56:33,337][__main__][INFO] - [0, 5, 17], []
[2025-01-29 23:56:33,353][__main__][INFO] - [0, 5, 18], []
[2025-01-29 23:56:33,369][__main__][INFO] - [0, 5, 19], []
[2025-01-29 23:56:33,385][__main__][INFO] - [0, 5, 20], []
[2025-01-29 23:56:33,453][__main__][INFO] - [0, 5, 22], []
[2025-01-29 23:56:33,470][__main__][INFO] - [0, 5, 23], []
[2025-01-29 23:56:33,486][__main__][INFO] - [0, 5, 24], []
[2025-01-29 23:56:33,517][__main__][INFO] - [0, 5, 26], []
[2025-01-29 23:56:33,542][__main__][INFO] - [0, 5], [26]
[2025-01-29 23:56:33,594][__main__][INFO] - [0, 5, 27], []
[2025-01-29 23:56:33,647][__main__][INFO] - [0, 5, 28], []
[2025-01-29 23:56:33,664][__main__][INFO] - [0, 5, 29], []
[2025-01-29 23:56:33,680][__main__][INFO] - [0, 5, 30], []
[2025-01-29 23:56:33,710][__main__][INFO] - [0, 5, 32], []
[2025-01-29 23:56:33,758][__main__][INFO] - [0, 5, 33], []
[2025-01-29 23:56:33,775][__main__][INFO] - [0, 5, 34], []
[2025-01-29 23:56:33,791][__main__][INFO] - [0, 5, 35], []
[2025-01-29 23:56:33,807][__main__][INFO] - [0, 5, 36], []
[2025-01-29 23:56:33,823][__main__][INFO] - [0, 5, 37], []
[2025-01-29 23:56:33,868][__main__][INFO] - [0, 5, 38], []
[2025-01-29 23:56:33,884][__main__][INFO] - [0, 5, 39], []
[2025-01-29 23:56:33,901][__main__][INFO] - [0, 5, 40], []
[2025-01-29 23:56:33,917][__main__][INFO] - [0, 5, 41], []
[2025-01-29 23:56:33,933][__main__][INFO] - [0, 5], [41]
[2025-01-29 23:56:33,987][__main__][INFO] - [0, 5, 42], []
[2025-01-29 23:56:34,003][__main__][INFO] - [0, 5], [42]
[2025-01-29 23:56:34,059][__main__][INFO] - [0, 5, 43], []
[2025-01-29 23:56:34,077][__main__][INFO] - [0, 5], [43]
[2025-01-29 23:56:34,133][__main__][INFO] - [0, 5, 44], []
[2025-01-29 23:56:34,184][__main__][INFO] - [0, 5, 45], []
[2025-01-29 23:56:34,201][__main__][INFO] - [0, 5, 46], []
[2025-01-29 23:56:34,217][__main__][INFO] - [0, 5, 47], []
[2025-01-29 23:56:34,233][__main__][INFO] - [0, 5, 48], []
[2025-01-29 23:56:34,266][__main__][INFO] - [0, 5, 49], []
[2025-01-29 23:56:34,282][__main__][INFO] - [0, 5, 50], []
[2025-01-29 23:56:34,299][__main__][INFO] - [0, 5, 51], []
[2025-01-29 23:56:34,315][__main__][INFO] - [0, 5, 52], []
[2025-01-29 23:56:34,331][__main__][INFO] - [0, 5, 53], []
[2025-01-29 23:56:34,349][__main__][INFO] - [0, 5, 54], []
[2025-01-29 23:56:34,366][__main__][INFO] - [0, 5, 55], []
[2025-01-29 23:56:34,381][__main__][INFO] - [0, 5, 56], []
[2025-01-29 23:56:34,398][__main__][INFO] - [0, 5, 57], []
[2025-01-29 23:56:34,414][__main__][INFO] - [0, 5, 58], []
[2025-01-29 23:56:34,431][__main__][INFO] - [0, 5, 59], []
[2025-01-29 23:56:34,460][__main__][INFO] - [0, 6, 10], []
[2025-01-29 23:56:34,478][__main__][INFO] - [0, 6, 11], []
[2025-01-29 23:56:34,496][__main__][INFO] - [0, 6, 12], []
[2025-01-29 23:56:34,514][__main__][INFO] - [0, 6, 13], []
[2025-01-29 23:56:34,532][__main__][INFO] - [0, 6, 14], []
[2025-01-29 23:56:34,550][__main__][INFO] - [0, 6, 15], []
[2025-01-29 23:56:34,568][__main__][INFO] - [0, 6, 16], []
[2025-01-29 23:56:34,586][__main__][INFO] - [0, 6, 17], []
[2025-01-29 23:56:34,603][__main__][INFO] - [0, 6, 18], []
[2025-01-29 23:56:34,621][__main__][INFO] - [0, 6, 19], []
[2025-01-29 23:56:34,637][__main__][INFO] - [0, 6, 20], []
[2025-01-29 23:56:34,676][__main__][INFO] - [0, 6, 22], []
[2025-01-29 23:56:34,737][__main__][INFO] - [0, 6, 26], []
[2025-01-29 23:56:34,755][__main__][INFO] - [0, 6], [26]
[2025-01-29 23:56:34,780][__main__][INFO] - [0, 6, 27], []
[2025-01-29 23:56:34,806][__main__][INFO] - [0, 6, 28], []
[2025-01-29 23:56:34,824][__main__][INFO] - [0, 6, 29], []
[2025-01-29 23:56:34,868][__main__][INFO] - [0, 6, 32], []
[2025-01-29 23:56:34,934][__main__][INFO] - [0, 6, 36], []
[2025-01-29 23:56:34,952][__main__][INFO] - [0, 6, 37], []
[2025-01-29 23:56:34,976][__main__][INFO] - [0, 6, 38], []
[2025-01-29 23:56:34,994][__main__][INFO] - [0, 6, 39], []
[2025-01-29 23:56:35,025][__main__][INFO] - [0, 6, 41], []
[2025-01-29 23:56:35,043][__main__][INFO] - [0, 6], [41]
[2025-01-29 23:56:35,068][__main__][INFO] - [0, 6, 42], []
[2025-01-29 23:56:35,086][__main__][INFO] - [0, 6], [42]
[2025-01-29 23:56:35,112][__main__][INFO] - [0, 6, 43], []
[2025-01-29 23:56:35,129][__main__][INFO] - [0, 6], [43]
[2025-01-29 23:56:35,156][__main__][INFO] - [0, 6, 44], []
[2025-01-29 23:56:35,181][__main__][INFO] - [0, 6, 45], []
[2025-01-29 23:56:35,198][__main__][INFO] - [0, 6, 46], []
[2025-01-29 23:56:35,216][__main__][INFO] - [0, 6, 47], []
[2025-01-29 23:56:35,238][__main__][INFO] - [0, 6, 48], []
[2025-01-29 23:56:35,259][__main__][INFO] - [0, 6, 49], []
[2025-01-29 23:56:35,277][__main__][INFO] - [0, 6, 50], []
[2025-01-29 23:56:35,295][__main__][INFO] - [0, 6, 51], []
[2025-01-29 23:56:35,313][__main__][INFO] - [0, 6, 52], []
[2025-01-29 23:56:35,330][__main__][INFO] - [0, 6, 53], []
[2025-01-29 23:56:35,348][__main__][INFO] - [0, 6, 54], []
[2025-01-29 23:56:35,366][__main__][INFO] - [0, 6, 55], []
[2025-01-29 23:56:35,384][__main__][INFO] - [0, 6, 56], []
[2025-01-29 23:56:35,401][__main__][INFO] - [0, 6, 57], []
[2025-01-29 23:56:35,418][__main__][INFO] - [0, 6, 58], []
[2025-01-29 23:56:35,434][__main__][INFO] - [0, 6, 59], []
[2025-01-29 23:56:35,466][__main__][INFO] - [0, 7, 10], []
[2025-01-29 23:56:35,482][__main__][INFO] - [0, 7, 11], []
[2025-01-29 23:56:35,498][__main__][INFO] - [0, 7, 12], []
[2025-01-29 23:56:35,514][__main__][INFO] - [0, 7, 13], []
[2025-01-29 23:56:35,530][__main__][INFO] - [0, 7, 14], []
[2025-01-29 23:56:35,547][__main__][INFO] - [0, 7, 15], []
[2025-01-29 23:56:35,563][__main__][INFO] - [0, 7, 16], []
[2025-01-29 23:56:35,580][__main__][INFO] - [0, 7, 17], []
[2025-01-29 23:56:35,596][__main__][INFO] - [0, 7, 18], []
[2025-01-29 23:56:35,627][__main__][INFO] - [0, 7, 20], []
[2025-01-29 23:56:35,699][__main__][INFO] - [0, 7, 25], []
[2025-01-29 23:56:35,715][__main__][INFO] - [0, 7, 26], []
[2025-01-29 23:56:35,732][__main__][INFO] - [0, 7], [26]
[2025-01-29 23:56:35,748][__main__][INFO] - [0, 7, 27], []
[2025-01-29 23:56:35,764][__main__][INFO] - [0, 7, 28], []
[2025-01-29 23:56:35,781][__main__][INFO] - [0, 7, 29], []
[2025-01-29 23:56:35,811][__main__][INFO] - [0, 7, 31], []
[2025-01-29 23:56:35,827][__main__][INFO] - [0, 7, 32], []
[2025-01-29 23:56:35,885][__main__][INFO] - [0, 7, 36], []
[2025-01-29 23:56:35,902][__main__][INFO] - [0, 7, 37], []
[2025-01-29 23:56:35,918][__main__][INFO] - [0, 7, 38], []
[2025-01-29 23:56:35,935][__main__][INFO] - [0, 7, 39], []
[2025-01-29 23:56:35,965][__main__][INFO] - [0, 7, 41], []
[2025-01-29 23:56:35,982][__main__][INFO] - [0, 7], [41]
[2025-01-29 23:56:36,013][__main__][INFO] - [0, 7], [42]
[2025-01-29 23:56:36,043][__main__][INFO] - [0, 7], [43]
[2025-01-29 23:56:36,059][__main__][INFO] - [0, 7, 44], []
[2025-01-29 23:56:36,076][__main__][INFO] - [0, 7, 45], []
[2025-01-29 23:56:36,092][__main__][INFO] - [0, 7, 46], []
[2025-01-29 23:56:36,109][__main__][INFO] - [0, 7, 47], []
[2025-01-29 23:56:36,125][__main__][INFO] - [0, 7, 48], []
[2025-01-29 23:56:36,155][__main__][INFO] - [0, 7, 50], []
[2025-01-29 23:56:36,171][__main__][INFO] - [0, 7, 51], []
[2025-01-29 23:56:36,188][__main__][INFO] - [0, 7, 52], []
[2025-01-29 23:56:36,205][__main__][INFO] - [0, 7, 53], []
[2025-01-29 23:56:36,221][__main__][INFO] - [0, 7, 54], []
[2025-01-29 23:56:36,237][__main__][INFO] - [0, 7, 55], []
[2025-01-29 23:56:36,254][__main__][INFO] - [0, 7, 56], []
[2025-01-29 23:56:36,270][__main__][INFO] - [0, 7, 57], []
[2025-01-29 23:56:36,286][__main__][INFO] - [0, 7, 58], []
[2025-01-29 23:56:36,302][__main__][INFO] - [0, 7, 59], []
[2025-01-29 23:56:36,332][__main__][INFO] - [0, 8, 10], []
[2025-01-29 23:56:36,349][__main__][INFO] - [0, 8, 11], []
[2025-01-29 23:56:36,366][__main__][INFO] - [0, 8, 12], []
[2025-01-29 23:56:36,382][__main__][INFO] - [0, 8, 13], []
[2025-01-29 23:56:36,399][__main__][INFO] - [0, 8, 14], []
[2025-01-29 23:56:36,416][__main__][INFO] - [0, 8, 15], []
[2025-01-29 23:56:36,433][__main__][INFO] - [0, 8, 16], []
[2025-01-29 23:56:36,449][__main__][INFO] - [0, 8, 17], []
[2025-01-29 23:56:36,493][__main__][INFO] - [0, 8, 20], []
[2025-01-29 23:56:36,525][__main__][INFO] - [0, 8, 22], []
[2025-01-29 23:56:36,590][__main__][INFO] - [0, 8, 26], []
[2025-01-29 23:56:36,608][__main__][INFO] - [0, 8], [26]
[2025-01-29 23:56:36,627][__main__][INFO] - [0, 8, 27], []
[2025-01-29 23:56:36,646][__main__][INFO] - [0, 8, 28], []
[2025-01-29 23:56:36,663][__main__][INFO] - [0, 8, 29], []
[2025-01-29 23:56:36,708][__main__][INFO] - [0, 8, 32], []
[2025-01-29 23:56:36,769][__main__][INFO] - [0, 8, 36], []
[2025-01-29 23:56:36,787][__main__][INFO] - [0, 8, 37], []
[2025-01-29 23:56:36,805][__main__][INFO] - [0, 8, 38], []
[2025-01-29 23:56:36,823][__main__][INFO] - [0, 8, 39], []
[2025-01-29 23:56:36,854][__main__][INFO] - [0, 8, 41], []
[2025-01-29 23:56:36,871][__main__][INFO] - [0, 8], [41]
[2025-01-29 23:56:36,904][__main__][INFO] - [0, 8], [42]
[2025-01-29 23:56:36,937][__main__][INFO] - [0, 8], [43]
[2025-01-29 23:56:36,956][__main__][INFO] - [0, 8, 44], []
[2025-01-29 23:56:36,988][__main__][INFO] - [0, 8, 46], []
[2025-01-29 23:56:37,004][__main__][INFO] - [0, 8, 47], []
[2025-01-29 23:56:37,022][__main__][INFO] - [0, 8, 48], []
[2025-01-29 23:56:37,055][__main__][INFO] - [0, 8, 50], []
[2025-01-29 23:56:37,071][__main__][INFO] - [0, 8, 51], []
[2025-01-29 23:56:37,088][__main__][INFO] - [0, 8, 52], []
[2025-01-29 23:56:37,104][__main__][INFO] - [0, 8, 53], []
[2025-01-29 23:56:37,122][__main__][INFO] - [0, 8, 54], []
[2025-01-29 23:56:37,139][__main__][INFO] - [0, 8, 55], []
[2025-01-29 23:56:37,156][__main__][INFO] - [0, 8, 56], []
[2025-01-29 23:56:37,174][__main__][INFO] - [0, 8, 57], []
[2025-01-29 23:56:37,191][__main__][INFO] - [0, 8, 58], []
[2025-01-29 23:56:37,207][__main__][INFO] - [0, 8, 59], []
[2025-01-29 23:56:37,251][__main__][INFO] - [0, 10, 20], []
[2025-01-29 23:56:37,371][__main__][INFO] - [0, 10, 21], []
[2025-01-29 23:56:37,391][__main__][INFO] - [0, 10, 22], []
[2025-01-29 23:56:37,409][__main__][INFO] - [0, 10, 23], []
[2025-01-29 23:56:37,427][__main__][INFO] - [0, 10, 24], []
[2025-01-29 23:56:37,443][__main__][INFO] - [0, 10, 25], []
[2025-01-29 23:56:37,460][__main__][INFO] - [0, 10, 26], []
[2025-01-29 23:56:37,478][__main__][INFO] - [0, 10], [26]
[2025-01-29 23:56:37,602][__main__][INFO] - [0, 10, 27], []
[2025-01-29 23:56:37,719][__main__][INFO] - [0, 10, 28], []
[2025-01-29 23:56:37,736][__main__][INFO] - [0, 10, 29], []
[2025-01-29 23:56:37,754][__main__][INFO] - [0, 10, 30], []
[2025-01-29 23:56:37,843][__main__][INFO] - [0, 10, 36], []
[2025-01-29 23:56:37,967][__main__][INFO] - [0, 10, 37], []
[2025-01-29 23:56:38,035][__main__][INFO] - [0, 10, 38], []
[2025-01-29 23:56:38,081][__main__][INFO] - [0, 10, 39], []
[2025-01-29 23:56:38,118][__main__][INFO] - [0, 10, 40], []
[2025-01-29 23:56:38,137][__main__][INFO] - [0, 10, 41], []
[2025-01-29 23:56:38,159][__main__][INFO] - [0, 10], [41]
[2025-01-29 23:56:38,278][__main__][INFO] - [0, 10, 42], []
[2025-01-29 23:56:38,296][__main__][INFO] - [0, 10], [42]
[2025-01-29 23:56:38,419][__main__][INFO] - [0, 10, 43], []
[2025-01-29 23:56:38,437][__main__][INFO] - [0, 10], [43]
[2025-01-29 23:56:38,556][__main__][INFO] - [0, 10, 44], []
[2025-01-29 23:56:38,624][__main__][INFO] - [0, 10, 45], []
[2025-01-29 23:56:38,643][__main__][INFO] - [0, 10, 46], []
[2025-01-29 23:56:38,705][__main__][INFO] - [0, 10, 47], []
[2025-01-29 23:56:38,855][__main__][INFO] - [0, 10, 50], []
[2025-01-29 23:56:38,877][__main__][INFO] - [0, 10, 51], []
[2025-01-29 23:56:38,901][__main__][INFO] - [0, 10, 52], []
[2025-01-29 23:56:38,924][__main__][INFO] - [0, 10, 53], []
[2025-01-29 23:56:38,948][__main__][INFO] - [0, 10, 54], []
[2025-01-29 23:56:38,969][__main__][INFO] - [0, 10, 55], []
[2025-01-29 23:56:38,992][__main__][INFO] - [0, 10, 56], []
[2025-01-29 23:56:39,012][__main__][INFO] - [0, 10, 57], []
[2025-01-29 23:56:39,032][__main__][INFO] - [0, 10, 58], []
[2025-01-29 23:56:39,052][__main__][INFO] - [0, 10, 59], []
[2025-01-29 23:56:39,109][__main__][INFO] - [0, 11, 20], []
[2025-01-29 23:56:39,229][__main__][INFO] - [0, 11, 21], []
[2025-01-29 23:56:39,252][__main__][INFO] - [0, 11, 22], []
[2025-01-29 23:56:39,273][__main__][INFO] - [0, 11, 23], []
[2025-01-29 23:56:39,290][__main__][INFO] - [0, 11, 24], []
[2025-01-29 23:56:39,321][__main__][INFO] - [0, 11, 26], []
[2025-01-29 23:56:39,341][__main__][INFO] - [0, 11], [26]
[2025-01-29 23:56:39,468][__main__][INFO] - [0, 11, 27], []
[2025-01-29 23:56:39,588][__main__][INFO] - [0, 11, 28], []
[2025-01-29 23:56:39,606][__main__][INFO] - [0, 11, 29], []
[2025-01-29 23:56:39,627][__main__][INFO] - [0, 11, 30], []
[2025-01-29 23:56:39,646][__main__][INFO] - [0, 11, 31], []
[2025-01-29 23:56:39,662][__main__][INFO] - [0, 11, 32], []
[2025-01-29 23:56:39,745][__main__][INFO] - [0, 11, 36], []
[2025-01-29 23:56:39,849][__main__][INFO] - [0, 11, 37], []
[2025-01-29 23:56:39,925][__main__][INFO] - [0, 11, 38], []
[2025-01-29 23:56:39,968][__main__][INFO] - [0, 11, 39], []
[2025-01-29 23:56:40,003][__main__][INFO] - [0, 11, 40], []
[2025-01-29 23:56:40,022][__main__][INFO] - [0, 11, 41], []
[2025-01-29 23:56:40,046][__main__][INFO] - [0, 11], [41]
[2025-01-29 23:56:40,168][__main__][INFO] - [0, 11, 42], []
[2025-01-29 23:56:40,186][__main__][INFO] - [0, 11], [42]
[2025-01-29 23:56:40,319][__main__][INFO] - [0, 11, 43], []
[2025-01-29 23:56:40,337][__main__][INFO] - [0, 11], [43]
[2025-01-29 23:56:40,469][__main__][INFO] - [0, 11, 44], []
[2025-01-29 23:56:40,598][__main__][INFO] - [0, 11, 45], []
[2025-01-29 23:56:40,631][__main__][INFO] - [0, 11, 47], []
[2025-01-29 23:56:40,703][__main__][INFO] - [0, 11, 48], []
[2025-01-29 23:56:40,770][__main__][INFO] - [0, 11, 49], []
[2025-01-29 23:56:40,787][__main__][INFO] - [0, 11, 50], []
[2025-01-29 23:56:40,813][__main__][INFO] - [0, 11, 51], []
[2025-01-29 23:56:40,836][__main__][INFO] - [0, 11, 52], []
[2025-01-29 23:56:40,859][__main__][INFO] - [0, 11, 53], []
[2025-01-29 23:56:40,882][__main__][INFO] - [0, 11, 54], []
[2025-01-29 23:56:40,904][__main__][INFO] - [0, 11, 55], []
[2025-01-29 23:56:40,926][__main__][INFO] - [0, 11, 56], []
[2025-01-29 23:56:40,947][__main__][INFO] - [0, 11, 57], []
[2025-01-29 23:56:40,967][__main__][INFO] - [0, 11, 58], []
[2025-01-29 23:56:40,986][__main__][INFO] - [0, 11, 59], []
[2025-01-29 23:56:41,043][__main__][INFO] - [0, 12, 20], []
[2025-01-29 23:56:41,164][__main__][INFO] - [0, 12, 21], []
[2025-01-29 23:56:41,191][__main__][INFO] - [0, 12, 22], []
[2025-01-29 23:56:41,215][__main__][INFO] - [0, 12, 23], []
[2025-01-29 23:56:41,233][__main__][INFO] - [0, 12, 24], []
[2025-01-29 23:56:41,250][__main__][INFO] - [0, 12, 25], []
[2025-01-29 23:56:41,267][__main__][INFO] - [0, 12, 26], []
[2025-01-29 23:56:41,289][__main__][INFO] - [0, 12], [26]
[2025-01-29 23:56:41,427][__main__][INFO] - [0, 12, 27], []
[2025-01-29 23:56:41,548][__main__][INFO] - [0, 12, 28], []
[2025-01-29 23:56:41,576][__main__][INFO] - [0, 12, 29], []
[2025-01-29 23:56:41,594][__main__][INFO] - [0, 12, 30], []
[2025-01-29 23:56:41,610][__main__][INFO] - [0, 12, 31], []
[2025-01-29 23:56:41,627][__main__][INFO] - [0, 12, 32], []
[2025-01-29 23:56:41,767][__main__][INFO] - [0, 12, 33], []
[2025-01-29 23:56:41,785][__main__][INFO] - [0, 12, 34], []
[2025-01-29 23:56:41,802][__main__][INFO] - [0, 12, 35], []
[2025-01-29 23:56:41,834][__main__][INFO] - [0, 12, 37], []
[2025-01-29 23:56:41,922][__main__][INFO] - [0, 12, 38], []
[2025-01-29 23:56:41,972][__main__][INFO] - [0, 12, 39], []
[2025-01-29 23:56:42,014][__main__][INFO] - [0, 12, 40], []
[2025-01-29 23:56:42,032][__main__][INFO] - [0, 12, 41], []
[2025-01-29 23:56:42,066][__main__][INFO] - [0, 12], [41]
[2025-01-29 23:56:42,199][__main__][INFO] - [0, 12, 42], []
[2025-01-29 23:56:42,219][__main__][INFO] - [0, 12], [42]
[2025-01-29 23:56:42,373][__main__][INFO] - [0, 12, 43], []
[2025-01-29 23:56:42,392][__main__][INFO] - [0, 12], [43]
[2025-01-29 23:56:42,542][__main__][INFO] - [0, 12, 44], []
[2025-01-29 23:56:42,692][__main__][INFO] - [0, 12, 45], []
[2025-01-29 23:56:42,739][__main__][INFO] - [0, 12, 48], []
[2025-01-29 23:56:42,881][__main__][INFO] - [0, 12, 49], []
[2025-01-29 23:56:42,903][__main__][INFO] - [0, 12, 50], []
[2025-01-29 23:56:42,934][__main__][INFO] - [0, 12, 51], []
[2025-01-29 23:56:42,957][__main__][INFO] - [0, 12, 52], []
[2025-01-29 23:56:42,980][__main__][INFO] - [0, 12, 53], []
[2025-01-29 23:56:43,005][__main__][INFO] - [0, 12, 54], []
[2025-01-29 23:56:43,028][__main__][INFO] - [0, 12, 55], []
[2025-01-29 23:56:43,051][__main__][INFO] - [0, 12, 56], []
[2025-01-29 23:56:43,073][__main__][INFO] - [0, 12, 57], []
[2025-01-29 23:56:43,094][__main__][INFO] - [0, 12, 58], []
[2025-01-29 23:56:43,114][__main__][INFO] - [0, 12, 59], []
[2025-01-29 23:56:43,169][__main__][INFO] - [0, 13, 20], []
[2025-01-29 23:56:43,278][__main__][INFO] - [0, 13, 21], []
[2025-01-29 23:56:43,308][__main__][INFO] - [0, 13, 22], []
[2025-01-29 23:56:43,341][__main__][INFO] - [0, 13, 23], []
[2025-01-29 23:56:43,360][__main__][INFO] - [0, 13, 24], []
[2025-01-29 23:56:43,377][__main__][INFO] - [0, 13, 25], []
[2025-01-29 23:56:43,394][__main__][INFO] - [0, 13, 26], []
[2025-01-29 23:56:43,416][__main__][INFO] - [0, 13], [26]
[2025-01-29 23:56:43,554][__main__][INFO] - [0, 13, 27], []
[2025-01-29 23:56:43,661][__main__][INFO] - [0, 13, 28], []
[2025-01-29 23:56:43,697][__main__][INFO] - [0, 13, 29], []
[2025-01-29 23:56:43,725][__main__][INFO] - [0, 13, 30], []
[2025-01-29 23:56:43,742][__main__][INFO] - [0, 13, 31], []
[2025-01-29 23:56:43,760][__main__][INFO] - [0, 13, 32], []
[2025-01-29 23:56:43,911][__main__][INFO] - [0, 13, 33], []
[2025-01-29 23:56:43,930][__main__][INFO] - [0, 13, 34], []
[2025-01-29 23:56:43,947][__main__][INFO] - [0, 13, 35], []
[2025-01-29 23:56:43,978][__main__][INFO] - [0, 13, 37], []
[2025-01-29 23:56:44,070][__main__][INFO] - [0, 13, 38], []
[2025-01-29 23:56:44,120][__main__][INFO] - [0, 13, 39], []
[2025-01-29 23:56:44,153][__main__][INFO] - [0, 13, 40], []
[2025-01-29 23:56:44,171][__main__][INFO] - [0, 13, 41], []
[2025-01-29 23:56:44,222][__main__][INFO] - [0, 13], [41]
[2025-01-29 23:56:44,323][__main__][INFO] - [0, 13, 42], []
[2025-01-29 23:56:44,341][__main__][INFO] - [0, 13], [42]
[2025-01-29 23:56:44,482][__main__][INFO] - [0, 13, 43], []
[2025-01-29 23:56:44,501][__main__][INFO] - [0, 13], [43]
[2025-01-29 23:56:44,642][__main__][INFO] - [0, 13, 44], []
[2025-01-29 23:56:44,780][__main__][INFO] - [0, 13, 45], []
[2025-01-29 23:56:44,828][__main__][INFO] - [0, 13, 48], []
[2025-01-29 23:56:44,957][__main__][INFO] - [0, 13, 49], []
[2025-01-29 23:56:44,985][__main__][INFO] - [0, 13, 50], []
[2025-01-29 23:56:45,008][__main__][INFO] - [0, 13, 51], []
[2025-01-29 23:56:45,029][__main__][INFO] - [0, 13, 52], []
[2025-01-29 23:56:45,051][__main__][INFO] - [0, 13, 53], []
[2025-01-29 23:56:45,073][__main__][INFO] - [0, 13, 54], []
[2025-01-29 23:56:45,096][__main__][INFO] - [0, 13, 55], []
[2025-01-29 23:56:45,117][__main__][INFO] - [0, 13, 56], []
[2025-01-29 23:56:45,139][__main__][INFO] - [0, 13, 57], []
[2025-01-29 23:56:45,161][__main__][INFO] - [0, 13, 58], []
[2025-01-29 23:56:45,181][__main__][INFO] - [0, 13, 59], []
[2025-01-29 23:56:45,252][__main__][INFO] - [0, 14, 20], []
[2025-01-29 23:56:45,341][__main__][INFO] - [0, 14, 21], []
[2025-01-29 23:56:45,358][__main__][INFO] - [0, 14, 22], []
[2025-01-29 23:56:45,375][__main__][INFO] - [0, 14, 23], []
[2025-01-29 23:56:45,393][__main__][INFO] - [0, 14, 24], []
[2025-01-29 23:56:45,409][__main__][INFO] - [0, 14, 25], []
[2025-01-29 23:56:45,425][__main__][INFO] - [0, 14, 26], []
[2025-01-29 23:56:45,451][__main__][INFO] - [0, 14], [26]
[2025-01-29 23:56:45,583][__main__][INFO] - [0, 14, 27], []
[2025-01-29 23:56:45,669][__main__][INFO] - [0, 14, 28], []
[2025-01-29 23:56:45,686][__main__][INFO] - [0, 14, 29], []
[2025-01-29 23:56:45,703][__main__][INFO] - [0, 14, 30], []
[2025-01-29 23:56:45,720][__main__][INFO] - [0, 14, 31], []
[2025-01-29 23:56:45,736][__main__][INFO] - [0, 14, 32], []
[2025-01-29 23:56:45,875][__main__][INFO] - [0, 14, 33], []
[2025-01-29 23:56:45,907][__main__][INFO] - [0, 14, 35], []
[2025-01-29 23:56:45,938][__main__][INFO] - [0, 14, 37], []
[2025-01-29 23:56:46,032][__main__][INFO] - [0, 14, 38], []
[2025-01-29 23:56:46,070][__main__][INFO] - [0, 14, 39], []
[2025-01-29 23:56:46,100][__main__][INFO] - [0, 14, 40], []
[2025-01-29 23:56:46,119][__main__][INFO] - [0, 14, 41], []
[2025-01-29 23:56:46,137][__main__][INFO] - [0, 14], [41]
[2025-01-29 23:56:46,225][__main__][INFO] - [0, 14, 42], []
[2025-01-29 23:56:46,244][__main__][INFO] - [0, 14], [42]
[2025-01-29 23:56:46,384][__main__][INFO] - [0, 14, 43], []
[2025-01-29 23:56:46,403][__main__][INFO] - [0, 14], [43]
[2025-01-29 23:56:46,542][__main__][INFO] - [0, 14, 44], []
[2025-01-29 23:56:46,682][__main__][INFO] - [0, 14, 45], []
[2025-01-29 23:56:46,729][__main__][INFO] - [0, 14, 48], []
[2025-01-29 23:56:46,866][__main__][INFO] - [0, 14, 49], []
[2025-01-29 23:56:46,886][__main__][INFO] - [0, 14, 50], []
[2025-01-29 23:56:46,909][__main__][INFO] - [0, 14, 51], []
[2025-01-29 23:56:46,930][__main__][INFO] - [0, 14, 52], []
[2025-01-29 23:56:46,952][__main__][INFO] - [0, 14, 53], []
[2025-01-29 23:56:46,975][__main__][INFO] - [0, 14, 54], []
[2025-01-29 23:56:46,997][__main__][INFO] - [0, 14, 55], []
[2025-01-29 23:56:47,018][__main__][INFO] - [0, 14, 56], []
[2025-01-29 23:56:47,040][__main__][INFO] - [0, 14, 57], []
[2025-01-29 23:56:47,061][__main__][INFO] - [0, 14, 58], []
[2025-01-29 23:56:47,081][__main__][INFO] - [0, 14, 59], []
[2025-01-29 23:56:47,155][__main__][INFO] - [0, 15, 20], []
[2025-01-29 23:56:47,245][__main__][INFO] - [0, 15, 21], []
[2025-01-29 23:56:47,283][__main__][INFO] - [0, 15, 22], []
[2025-01-29 23:56:47,324][__main__][INFO] - [0, 15, 23], []
[2025-01-29 23:56:47,344][__main__][INFO] - [0, 15, 24], []
[2025-01-29 23:56:47,361][__main__][INFO] - [0, 15, 25], []
[2025-01-29 23:56:47,378][__main__][INFO] - [0, 15, 26], []
[2025-01-29 23:56:47,409][__main__][INFO] - [0, 15], [26]
[2025-01-29 23:56:47,536][__main__][INFO] - [0, 15, 27], []
[2025-01-29 23:56:47,626][__main__][INFO] - [0, 15, 28], []
[2025-01-29 23:56:47,659][__main__][INFO] - [0, 15, 29], []
[2025-01-29 23:56:47,703][__main__][INFO] - [0, 15, 30], []
[2025-01-29 23:56:47,721][__main__][INFO] - [0, 15, 31], []
[2025-01-29 23:56:47,738][__main__][INFO] - [0, 15, 32], []
[2025-01-29 23:56:47,890][__main__][INFO] - [0, 15, 33], []
[2025-01-29 23:56:47,923][__main__][INFO] - [0, 15, 35], []
[2025-01-29 23:56:47,955][__main__][INFO] - [0, 15, 37], []
[2025-01-29 23:56:48,047][__main__][INFO] - [0, 15, 38], []
[2025-01-29 23:56:48,089][__main__][INFO] - [0, 15, 39], []
[2025-01-29 23:56:48,122][__main__][INFO] - [0, 15, 40], []
[2025-01-29 23:56:48,141][__main__][INFO] - [0, 15, 41], []
[2025-01-29 23:56:48,206][__main__][INFO] - [0, 15], [41]
[2025-01-29 23:56:48,300][__main__][INFO] - [0, 15, 42], []
[2025-01-29 23:56:48,319][__main__][INFO] - [0, 15], [42]
[2025-01-29 23:56:48,470][__main__][INFO] - [0, 15, 43], []
[2025-01-29 23:56:48,490][__main__][INFO] - [0, 15], [43]
[2025-01-29 23:56:48,639][__main__][INFO] - [0, 15, 44], []
[2025-01-29 23:56:48,783][__main__][INFO] - [0, 15, 45], []
[2025-01-29 23:56:48,817][__main__][INFO] - [0, 15, 47], []
[2025-01-29 23:56:48,916][__main__][INFO] - [0, 15, 48], []
[2025-01-29 23:56:48,971][__main__][INFO] - [0, 15, 49], []
[2025-01-29 23:56:48,987][__main__][INFO] - [0, 15, 50], []
[2025-01-29 23:56:49,009][__main__][INFO] - [0, 15, 51], []
[2025-01-29 23:56:49,029][__main__][INFO] - [0, 15, 52], []
[2025-01-29 23:56:49,050][__main__][INFO] - [0, 15, 53], []
[2025-01-29 23:56:49,072][__main__][INFO] - [0, 15, 54], []
[2025-01-29 23:56:49,093][__main__][INFO] - [0, 15, 55], []
[2025-01-29 23:56:49,115][__main__][INFO] - [0, 15, 56], []
[2025-01-29 23:56:49,137][__main__][INFO] - [0, 15, 57], []
[2025-01-29 23:56:49,158][__main__][INFO] - [0, 15, 58], []
[2025-01-29 23:56:49,178][__main__][INFO] - [0, 15, 59], []
[2025-01-29 23:56:49,263][__main__][INFO] - [0, 16, 20], []
[2025-01-29 23:56:49,363][__main__][INFO] - [0, 16, 21], []
[2025-01-29 23:56:49,380][__main__][INFO] - [0, 16, 22], []
[2025-01-29 23:56:49,415][__main__][INFO] - [0, 16, 23], []
[2025-01-29 23:56:49,435][__main__][INFO] - [0, 16, 24], []
[2025-01-29 23:56:49,452][__main__][INFO] - [0, 16, 25], []
[2025-01-29 23:56:49,469][__main__][INFO] - [0, 16, 26], []
[2025-01-29 23:56:49,507][__main__][INFO] - [0, 16], [26]
[2025-01-29 23:56:49,630][__main__][INFO] - [0, 16, 27], []
[2025-01-29 23:56:49,731][__main__][INFO] - [0, 16, 28], []
[2025-01-29 23:56:49,756][__main__][INFO] - [0, 16, 29], []
[2025-01-29 23:56:49,800][__main__][INFO] - [0, 16, 30], []
[2025-01-29 23:56:49,819][__main__][INFO] - [0, 16, 31], []
[2025-01-29 23:56:49,837][__main__][INFO] - [0, 16, 32], []
[2025-01-29 23:56:49,983][__main__][INFO] - [0, 16, 33], []
[2025-01-29 23:56:50,015][__main__][INFO] - [0, 16, 35], []
[2025-01-29 23:56:50,047][__main__][INFO] - [0, 16, 37], []
[2025-01-29 23:56:50,138][__main__][INFO] - [0, 16, 38], []
[2025-01-29 23:56:50,185][__main__][INFO] - [0, 16, 39], []
[2025-01-29 23:56:50,213][__main__][INFO] - [0, 16, 40], []
[2025-01-29 23:56:50,232][__main__][INFO] - [0, 16, 41], []
[2025-01-29 23:56:50,286][__main__][INFO] - [0, 16], [41]
[2025-01-29 23:56:50,390][__main__][INFO] - [0, 16, 42], []
[2025-01-29 23:56:50,410][__main__][INFO] - [0, 16], [42]
[2025-01-29 23:56:50,553][__main__][INFO] - [0, 16, 43], []
[2025-01-29 23:56:50,573][__main__][INFO] - [0, 16], [43]
[2025-01-29 23:56:50,716][__main__][INFO] - [0, 16, 44], []
[2025-01-29 23:56:50,853][__main__][INFO] - [0, 16, 45], []
[2025-01-29 23:56:50,889][__main__][INFO] - [0, 16, 47], []
[2025-01-29 23:56:51,067][__main__][INFO] - [0, 16, 50], []
[2025-01-29 23:56:51,089][__main__][INFO] - [0, 16, 51], []
[2025-01-29 23:56:51,110][__main__][INFO] - [0, 16, 52], []
[2025-01-29 23:56:51,132][__main__][INFO] - [0, 16, 53], []
[2025-01-29 23:56:51,152][__main__][INFO] - [0, 16, 54], []
[2025-01-29 23:56:51,173][__main__][INFO] - [0, 16, 55], []
[2025-01-29 23:56:51,195][__main__][INFO] - [0, 16, 56], []
[2025-01-29 23:56:51,215][__main__][INFO] - [0, 16, 57], []
[2025-01-29 23:56:51,236][__main__][INFO] - [0, 16, 58], []
[2025-01-29 23:56:51,256][__main__][INFO] - [0, 16, 59], []
[2025-01-29 23:56:51,340][__main__][INFO] - [0, 17, 20], []
[2025-01-29 23:56:51,430][__main__][INFO] - [0, 17, 21], []
[2025-01-29 23:56:51,448][__main__][INFO] - [0, 17, 22], []
[2025-01-29 23:56:51,476][__main__][INFO] - [0, 17, 23], []
[2025-01-29 23:56:51,497][__main__][INFO] - [0, 17, 24], []
[2025-01-29 23:56:51,514][__main__][INFO] - [0, 17, 25], []
[2025-01-29 23:56:51,530][__main__][INFO] - [0, 17, 26], []
[2025-01-29 23:56:51,583][__main__][INFO] - [0, 17], [26]
[2025-01-29 23:56:51,683][__main__][INFO] - [0, 17, 27], []
[2025-01-29 23:56:51,775][__main__][INFO] - [0, 17, 28], []
[2025-01-29 23:56:51,792][__main__][INFO] - [0, 17, 29], []
[2025-01-29 23:56:51,832][__main__][INFO] - [0, 17, 30], []
[2025-01-29 23:56:51,849][__main__][INFO] - [0, 17, 31], []
[2025-01-29 23:56:51,865][__main__][INFO] - [0, 17, 32], []
[2025-01-29 23:56:51,995][__main__][INFO] - [0, 17, 33], []
[2025-01-29 23:56:52,029][__main__][INFO] - [0, 17, 35], []
[2025-01-29 23:56:52,061][__main__][INFO] - [0, 17, 37], []
[2025-01-29 23:56:52,140][__main__][INFO] - [0, 17, 38], []
[2025-01-29 23:56:52,185][__main__][INFO] - [0, 17, 39], []
[2025-01-29 23:56:52,211][__main__][INFO] - [0, 17, 40], []
[2025-01-29 23:56:52,229][__main__][INFO] - [0, 17, 41], []
[2025-01-29 23:56:52,273][__main__][INFO] - [0, 17], [41]
[2025-01-29 23:56:52,365][__main__][INFO] - [0, 17, 42], []
[2025-01-29 23:56:52,387][__main__][INFO] - [0, 17], [42]
[2025-01-29 23:56:52,505][__main__][INFO] - [0, 17, 43], []
[2025-01-29 23:56:52,525][__main__][INFO] - [0, 17], [43]
[2025-01-29 23:56:52,646][__main__][INFO] - [0, 17, 44], []
[2025-01-29 23:56:52,767][__main__][INFO] - [0, 17, 45], []
[2025-01-29 23:56:52,802][__main__][INFO] - [0, 17, 47], []
[2025-01-29 23:56:52,960][__main__][INFO] - [0, 17, 50], []
[2025-01-29 23:56:52,981][__main__][INFO] - [0, 17, 51], []
[2025-01-29 23:56:53,002][__main__][INFO] - [0, 17, 52], []
[2025-01-29 23:56:53,023][__main__][INFO] - [0, 17, 53], []
[2025-01-29 23:56:53,045][__main__][INFO] - [0, 17, 54], []
[2025-01-29 23:56:53,067][__main__][INFO] - [0, 17, 55], []
[2025-01-29 23:56:53,088][__main__][INFO] - [0, 17, 56], []
[2025-01-29 23:56:53,109][__main__][INFO] - [0, 17, 57], []
[2025-01-29 23:56:53,129][__main__][INFO] - [0, 17, 58], []
[2025-01-29 23:56:53,149][__main__][INFO] - [0, 17, 59], []
[2025-01-29 23:56:53,216][__main__][INFO] - [0, 18, 20], []
[2025-01-29 23:56:53,267][__main__][INFO] - [0, 18, 21], []
[2025-01-29 23:56:53,284][__main__][INFO] - [0, 18, 22], []
[2025-01-29 23:56:53,300][__main__][INFO] - [0, 18, 23], []
[2025-01-29 23:56:53,319][__main__][INFO] - [0, 18, 24], []
[2025-01-29 23:56:53,335][__main__][INFO] - [0, 18, 25], []
[2025-01-29 23:56:53,351][__main__][INFO] - [0, 18, 26], []
[2025-01-29 23:56:53,389][__main__][INFO] - [0, 18], [26]
[2025-01-29 23:56:53,432][__main__][INFO] - [0, 18, 27], []
[2025-01-29 23:56:53,481][__main__][INFO] - [0, 18, 28], []
[2025-01-29 23:56:53,502][__main__][INFO] - [0, 18, 29], []
[2025-01-29 23:56:53,529][__main__][INFO] - [0, 18, 30], []
[2025-01-29 23:56:53,546][__main__][INFO] - [0, 18, 31], []
[2025-01-29 23:56:53,562][__main__][INFO] - [0, 18, 32], []
[2025-01-29 23:56:53,629][__main__][INFO] - [0, 18, 33], []
[2025-01-29 23:56:53,689][__main__][INFO] - [0, 18, 37], []
[2025-01-29 23:56:53,733][__main__][INFO] - [0, 18, 38], []
[2025-01-29 23:56:53,759][__main__][INFO] - [0, 18, 39], []
[2025-01-29 23:56:53,782][__main__][INFO] - [0, 18, 40], []
[2025-01-29 23:56:53,799][__main__][INFO] - [0, 18, 41], []
[2025-01-29 23:56:53,828][__main__][INFO] - [0, 18], [41]
[2025-01-29 23:56:53,877][__main__][INFO] - [0, 18, 42], []
[2025-01-29 23:56:53,899][__main__][INFO] - [0, 18], [42]
[2025-01-29 23:56:53,955][__main__][INFO] - [0, 18, 43], []
[2025-01-29 23:56:53,974][__main__][INFO] - [0, 18], [43]
[2025-01-29 23:56:54,036][__main__][INFO] - [0, 18, 44], []
[2025-01-29 23:56:54,095][__main__][INFO] - [0, 18, 45], []
[2025-01-29 23:56:54,131][__main__][INFO] - [0, 18, 47], []
[2025-01-29 23:56:54,224][__main__][INFO] - [0, 18, 50], []
[2025-01-29 23:56:54,244][__main__][INFO] - [0, 18, 51], []
[2025-01-29 23:56:54,263][__main__][INFO] - [0, 18, 52], []
[2025-01-29 23:56:54,283][__main__][INFO] - [0, 18, 53], []
[2025-01-29 23:56:54,303][__main__][INFO] - [0, 18, 54], []
[2025-01-29 23:56:54,322][__main__][INFO] - [0, 18, 55], []
[2025-01-29 23:56:54,345][__main__][INFO] - [0, 18, 56], []
[2025-01-29 23:56:54,366][__main__][INFO] - [0, 18, 57], []
[2025-01-29 23:56:54,384][__main__][INFO] - [0, 18, 58], []
[2025-01-29 23:56:54,402][__main__][INFO] - [0, 18, 59], []
[2025-01-29 23:56:54,443][__main__][INFO] - [0, 19, 20], []
[2025-01-29 23:56:54,482][__main__][INFO] - [0, 19, 21], []
[2025-01-29 23:56:54,498][__main__][INFO] - [0, 19, 22], []
[2025-01-29 23:56:54,514][__main__][INFO] - [0, 19, 23], []
[2025-01-29 23:56:54,532][__main__][INFO] - [0, 19, 24], []
[2025-01-29 23:56:54,563][__main__][INFO] - [0, 19, 26], []
[2025-01-29 23:56:54,602][__main__][INFO] - [0, 19], [26]
[2025-01-29 23:56:54,624][__main__][INFO] - [0, 19, 27], []
[2025-01-29 23:56:54,663][__main__][INFO] - [0, 19, 28], []
[2025-01-29 23:56:54,679][__main__][INFO] - [0, 19, 29], []
[2025-01-29 23:56:54,703][__main__][INFO] - [0, 19, 30], []
[2025-01-29 23:56:54,733][__main__][INFO] - [0, 19, 32], []
[2025-01-29 23:56:54,779][__main__][INFO] - [0, 19, 33], []
[2025-01-29 23:56:54,838][__main__][INFO] - [0, 19, 37], []
[2025-01-29 23:56:54,872][__main__][INFO] - [0, 19, 38], []
[2025-01-29 23:56:54,894][__main__][INFO] - [0, 19, 39], []
[2025-01-29 23:56:54,915][__main__][INFO] - [0, 19, 40], []
[2025-01-29 23:56:54,933][__main__][INFO] - [0, 19, 41], []
[2025-01-29 23:56:54,958][__main__][INFO] - [0, 19], [41]
[2025-01-29 23:56:54,996][__main__][INFO] - [0, 19, 42], []
[2025-01-29 23:56:55,023][__main__][INFO] - [0, 19], [42]
[2025-01-29 23:56:55,058][__main__][INFO] - [0, 19, 43], []
[2025-01-29 23:56:55,078][__main__][INFO] - [0, 19], [43]
[2025-01-29 23:56:55,119][__main__][INFO] - [0, 19, 44], []
[2025-01-29 23:56:55,154][__main__][INFO] - [0, 19, 45], []
[2025-01-29 23:56:55,193][__main__][INFO] - [0, 19, 47], []
[2025-01-29 23:56:55,267][__main__][INFO] - [0, 19, 50], []
[2025-01-29 23:56:55,288][__main__][INFO] - [0, 19, 51], []
[2025-01-29 23:56:55,306][__main__][INFO] - [0, 19, 52], []
[2025-01-29 23:56:55,325][__main__][INFO] - [0, 19, 53], []
[2025-01-29 23:56:55,343][__main__][INFO] - [0, 19, 54], []
[2025-01-29 23:56:55,361][__main__][INFO] - [0, 19, 55], []
[2025-01-29 23:56:55,379][__main__][INFO] - [0, 19, 56], []
[2025-01-29 23:56:55,396][__main__][INFO] - [0, 19, 57], []
[2025-01-29 23:56:55,413][__main__][INFO] - [0, 19, 58], []
[2025-01-29 23:56:55,430][__main__][INFO] - [0, 19, 59], []
[2025-01-29 23:56:55,464][__main__][INFO] - [0, 20, 26], []
[2025-01-29 23:56:55,664][__main__][INFO] - [0, 20], [26]
[2025-01-29 23:56:56,506][__main__][INFO] - [0, 20, 27], []
[2025-01-29 23:56:57,787][__main__][INFO] - [0, 20, 31], []
[2025-01-29 23:56:57,805][__main__][INFO] - [0, 20, 32], []
[2025-01-29 23:56:58,661][__main__][INFO] - [0, 20, 33], []
[2025-01-29 23:56:58,685][__main__][INFO] - [0, 20, 34], []
[2025-01-29 23:56:58,704][__main__][INFO] - [0, 20, 35], []
[2025-01-29 23:56:58,721][__main__][INFO] - [0, 20, 36], []
[2025-01-29 23:56:58,923][__main__][INFO] - [0, 20, 37], []
[2025-01-29 23:56:59,374][__main__][INFO] - [0, 20, 38], []
[2025-01-29 23:56:59,638][__main__][INFO] - [0, 20, 39], []
[2025-01-29 23:56:59,765][__main__][INFO] - [0, 20, 40], []
[2025-01-29 23:56:59,807][__main__][INFO] - [0, 20], [41]
[2025-01-29 23:57:01,139][__main__][INFO] - [0, 20, 42], []
[2025-01-29 23:57:01,181][__main__][INFO] - [0, 20], [42]
[2025-01-29 23:57:02,259][__main__][INFO] - [0, 20, 43], []
[2025-01-29 23:57:02,294][__main__][INFO] - [0, 20], [43]
[2025-01-29 23:57:03,362][__main__][INFO] - [0, 20, 44], []
[2025-01-29 23:57:04,278][__main__][INFO] - [0, 20, 45], []
[2025-01-29 23:57:04,332][__main__][INFO] - [0, 20, 46], []
[2025-01-29 23:57:04,395][__main__][INFO] - [0, 20, 47], []
[2025-01-29 23:57:04,988][__main__][INFO] - [0, 20, 48], []
[2025-01-29 23:57:05,370][__main__][INFO] - [0, 20, 49], []
[2025-01-29 23:57:05,401][__main__][INFO] - [0, 20, 50], []
[2025-01-29 23:57:05,466][__main__][INFO] - [0, 20, 51], []
[2025-01-29 23:57:05,518][__main__][INFO] - [0, 20, 52], []
[2025-01-29 23:57:05,571][__main__][INFO] - [0, 20, 53], []
[2025-01-29 23:57:05,630][__main__][INFO] - [0, 20, 54], []
[2025-01-29 23:57:05,684][__main__][INFO] - [0, 20, 55], []
[2025-01-29 23:57:05,737][__main__][INFO] - [0, 20, 56], []
[2025-01-29 23:57:05,786][__main__][INFO] - [0, 20, 57], []
[2025-01-29 23:57:05,832][__main__][INFO] - [0, 20, 58], []
[2025-01-29 23:57:05,875][__main__][INFO] - [0, 20, 59], []
[2025-01-29 23:57:06,183][__main__][INFO] - [0, 21, 26], []
[2025-01-29 23:57:06,214][__main__][INFO] - [0, 21], [26]
[2025-01-29 23:57:06,346][__main__][INFO] - [0, 21, 28], []
[2025-01-29 23:57:06,393][__main__][INFO] - [0, 21, 29], []
[2025-01-29 23:57:06,488][__main__][INFO] - [0, 21, 30], []
[2025-01-29 23:57:06,531][__main__][INFO] - [0, 21, 32], []
[2025-01-29 23:57:06,669][__main__][INFO] - [0, 21, 33], []
[2025-01-29 23:57:06,715][__main__][INFO] - [0, 21, 36], []
[2025-01-29 23:57:06,737][__main__][INFO] - [0, 21, 37], []
[2025-01-29 23:57:06,847][__main__][INFO] - [0, 21, 38], []
[2025-01-29 23:57:06,868][__main__][INFO] - [0, 21, 39], []
[2025-01-29 23:57:06,898][__main__][INFO] - [0, 21, 40], []
[2025-01-29 23:57:06,915][__main__][INFO] - [0, 21, 41], []
[2025-01-29 23:57:07,048][__main__][INFO] - [0, 21], [41]
[2025-01-29 23:57:07,069][__main__][INFO] - [0, 21, 42], []
[2025-01-29 23:57:07,086][__main__][INFO] - [0, 21], [42]
[2025-01-29 23:57:07,220][__main__][INFO] - [0, 21, 43], []
[2025-01-29 23:57:07,237][__main__][INFO] - [0, 21], [43]
[2025-01-29 23:57:07,375][__main__][INFO] - [0, 21, 44], []
[2025-01-29 23:57:07,510][__main__][INFO] - [0, 21, 45], []
[2025-01-29 23:57:07,534][__main__][INFO] - [0, 21, 46], []
[2025-01-29 23:57:07,551][__main__][INFO] - [0, 21, 47], []
[2025-01-29 23:57:07,626][__main__][INFO] - [0, 21, 48], []
[2025-01-29 23:57:07,693][__main__][INFO] - [0, 21, 49], []
[2025-01-29 23:57:07,712][__main__][INFO] - [0, 21, 50], []
[2025-01-29 23:57:07,729][__main__][INFO] - [0, 21, 51], []
[2025-01-29 23:57:07,752][__main__][INFO] - [0, 21, 52], []
[2025-01-29 23:57:07,776][__main__][INFO] - [0, 21, 53], []
[2025-01-29 23:57:07,799][__main__][INFO] - [0, 21, 54], []
[2025-01-29 23:57:07,816][__main__][INFO] - [0, 21, 55], []
[2025-01-29 23:57:07,837][__main__][INFO] - [0, 21, 56], []
[2025-01-29 23:57:07,859][__main__][INFO] - [0, 21, 57], []
[2025-01-29 23:57:07,876][__main__][INFO] - [0, 21, 58], []
[2025-01-29 23:57:07,892][__main__][INFO] - [0, 21, 59], []
[2025-01-29 23:57:07,966][__main__][INFO] - [0, 22, 26], []
[2025-01-29 23:57:07,999][__main__][INFO] - [0, 22], [26]
[2025-01-29 23:57:08,133][__main__][INFO] - [0, 22, 28], []
[2025-01-29 23:57:08,208][__main__][INFO] - [0, 22, 29], []
[2025-01-29 23:57:08,276][__main__][INFO] - [0, 22, 30], []
[2025-01-29 23:57:08,310][__main__][INFO] - [0, 22, 32], []
[2025-01-29 23:57:08,445][__main__][INFO] - [0, 22, 33], []
[2025-01-29 23:57:08,490][__main__][INFO] - [0, 22, 36], []
[2025-01-29 23:57:08,513][__main__][INFO] - [0, 22, 37], []
[2025-01-29 23:57:08,626][__main__][INFO] - [0, 22, 38], []
[2025-01-29 23:57:08,648][__main__][INFO] - [0, 22, 39], []
[2025-01-29 23:57:08,666][__main__][INFO] - [0, 22, 40], []
[2025-01-29 23:57:08,681][__main__][INFO] - [0, 22, 41], []
[2025-01-29 23:57:08,821][__main__][INFO] - [0, 22], [41]
[2025-01-29 23:57:08,841][__main__][INFO] - [0, 22, 42], []
[2025-01-29 23:57:08,863][__main__][INFO] - [0, 22], [42]
[2025-01-29 23:57:08,996][__main__][INFO] - [0, 22, 43], []
[2025-01-29 23:57:09,013][__main__][INFO] - [0, 22], [43]
[2025-01-29 23:57:09,152][__main__][INFO] - [0, 22, 44], []
[2025-01-29 23:57:09,287][__main__][INFO] - [0, 22, 45], []
[2025-01-29 23:57:09,304][__main__][INFO] - [0, 22, 46], []
[2025-01-29 23:57:09,322][__main__][INFO] - [0, 22, 47], []
[2025-01-29 23:57:09,394][__main__][INFO] - [0, 22, 48], []
[2025-01-29 23:57:09,468][__main__][INFO] - [0, 22, 49], []
[2025-01-29 23:57:09,487][__main__][INFO] - [0, 22, 50], []
[2025-01-29 23:57:09,510][__main__][INFO] - [0, 22, 51], []
[2025-01-29 23:57:09,534][__main__][INFO] - [0, 22, 52], []
[2025-01-29 23:57:09,551][__main__][INFO] - [0, 22, 53], []
[2025-01-29 23:57:09,568][__main__][INFO] - [0, 22, 54], []
[2025-01-29 23:57:09,593][__main__][INFO] - [0, 22, 55], []
[2025-01-29 23:57:09,617][__main__][INFO] - [0, 22, 56], []
[2025-01-29 23:57:09,639][__main__][INFO] - [0, 22, 57], []
[2025-01-29 23:57:09,655][__main__][INFO] - [0, 22, 58], []
[2025-01-29 23:57:09,677][__main__][INFO] - [0, 22, 59], []
[2025-01-29 23:57:09,723][__main__][INFO] - [0, 23, 26], []
[2025-01-29 23:57:09,743][__main__][INFO] - [0, 23], [26]
[2025-01-29 23:57:09,792][__main__][INFO] - [0, 23, 28], []
[2025-01-29 23:57:09,813][__main__][INFO] - [0, 23, 29], []
[2025-01-29 23:57:09,844][__main__][INFO] - [0, 23, 30], []
[2025-01-29 23:57:09,877][__main__][INFO] - [0, 23, 32], []
[2025-01-29 23:57:09,915][__main__][INFO] - [0, 23, 33], []
[2025-01-29 23:57:09,960][__main__][INFO] - [0, 23, 36], []
[2025-01-29 23:57:09,978][__main__][INFO] - [0, 23, 37], []
[2025-01-29 23:57:10,013][__main__][INFO] - [0, 23, 38], []
[2025-01-29 23:57:10,032][__main__][INFO] - [0, 23, 39], []
[2025-01-29 23:57:10,051][__main__][INFO] - [0, 23, 40], []
[2025-01-29 23:57:10,068][__main__][INFO] - [0, 23, 41], []
[2025-01-29 23:57:10,105][__main__][INFO] - [0, 23], [41]
[2025-01-29 23:57:10,124][__main__][INFO] - [0, 23, 42], []
[2025-01-29 23:57:10,142][__main__][INFO] - [0, 23], [42]
[2025-01-29 23:57:10,180][__main__][INFO] - [0, 23, 43], []
[2025-01-29 23:57:10,197][__main__][INFO] - [0, 23], [43]
[2025-01-29 23:57:10,236][__main__][INFO] - [0, 23, 44], []
[2025-01-29 23:57:10,273][__main__][INFO] - [0, 23, 45], []
[2025-01-29 23:57:10,291][__main__][INFO] - [0, 23, 46], []
[2025-01-29 23:57:10,308][__main__][INFO] - [0, 23, 47], []
[2025-01-29 23:57:10,338][__main__][INFO] - [0, 23, 48], []
[2025-01-29 23:57:10,363][__main__][INFO] - [0, 23, 49], []
[2025-01-29 23:57:10,379][__main__][INFO] - [0, 23, 50], []
[2025-01-29 23:57:10,397][__main__][INFO] - [0, 23, 51], []
[2025-01-29 23:57:10,415][__main__][INFO] - [0, 23, 52], []
[2025-01-29 23:57:10,432][__main__][INFO] - [0, 23, 53], []
[2025-01-29 23:57:10,449][__main__][INFO] - [0, 23, 54], []
[2025-01-29 23:57:10,467][__main__][INFO] - [0, 23, 55], []
[2025-01-29 23:57:10,484][__main__][INFO] - [0, 23, 56], []
[2025-01-29 23:57:10,502][__main__][INFO] - [0, 23, 57], []
[2025-01-29 23:57:10,519][__main__][INFO] - [0, 23, 58], []
[2025-01-29 23:57:10,537][__main__][INFO] - [0, 23, 59], []
[2025-01-29 23:57:10,574][__main__][INFO] - [0, 24, 26], []
[2025-01-29 23:57:10,591][__main__][INFO] - [0, 24], [26]
[2025-01-29 23:57:10,621][__main__][INFO] - [0, 24, 28], []
[2025-01-29 23:57:10,638][__main__][INFO] - [0, 24, 29], []
[2025-01-29 23:57:10,654][__main__][INFO] - [0, 24, 30], []
[2025-01-29 23:57:10,684][__main__][INFO] - [0, 24, 32], []
[2025-01-29 23:57:10,742][__main__][INFO] - [0, 24, 36], []
[2025-01-29 23:57:10,759][__main__][INFO] - [0, 24, 37], []
[2025-01-29 23:57:10,775][__main__][INFO] - [0, 24, 38], []
[2025-01-29 23:57:10,791][__main__][INFO] - [0, 24, 39], []
[2025-01-29 23:57:10,822][__main__][INFO] - [0, 24, 41], []
[2025-01-29 23:57:10,839][__main__][INFO] - [0, 24], [41]
[2025-01-29 23:57:10,856][__main__][INFO] - [0, 24, 42], []
[2025-01-29 23:57:10,872][__main__][INFO] - [0, 24], [42]
[2025-01-29 23:57:10,888][__main__][INFO] - [0, 24, 43], []
[2025-01-29 23:57:10,905][__main__][INFO] - [0, 24], [43]
[2025-01-29 23:57:10,921][__main__][INFO] - [0, 24, 44], []
[2025-01-29 23:57:10,937][__main__][INFO] - [0, 24, 45], []
[2025-01-29 23:57:10,967][__main__][INFO] - [0, 24, 47], []
[2025-01-29 23:57:10,984][__main__][INFO] - [0, 24, 48], []
[2025-01-29 23:57:11,000][__main__][INFO] - [0, 24, 49], []
[2025-01-29 23:57:11,016][__main__][INFO] - [0, 24, 50], []
[2025-01-29 23:57:11,033][__main__][INFO] - [0, 24, 51], []
[2025-01-29 23:57:11,050][__main__][INFO] - [0, 24, 52], []
[2025-01-29 23:57:11,066][__main__][INFO] - [0, 24, 53], []
[2025-01-29 23:57:11,083][__main__][INFO] - [0, 24, 54], []
[2025-01-29 23:57:11,099][__main__][INFO] - [0, 24, 55], []
[2025-01-29 23:57:11,115][__main__][INFO] - [0, 24, 56], []
[2025-01-29 23:57:11,131][__main__][INFO] - [0, 24, 57], []
[2025-01-29 23:57:11,148][__main__][INFO] - [0, 24, 58], []
[2025-01-29 23:57:11,164][__main__][INFO] - [0, 24, 59], []
[2025-01-29 23:57:11,193][__main__][INFO] - [0, 25, 26], []
[2025-01-29 23:57:11,210][__main__][INFO] - [0, 25], [26]
[2025-01-29 23:57:11,240][__main__][INFO] - [0, 25, 28], []
[2025-01-29 23:57:11,257][__main__][INFO] - [0, 25, 29], []
[2025-01-29 23:57:11,273][__main__][INFO] - [0, 25, 30], []
[2025-01-29 23:57:11,303][__main__][INFO] - [0, 25, 32], []
[2025-01-29 23:57:11,362][__main__][INFO] - [0, 25, 36], []
[2025-01-29 23:57:11,378][__main__][INFO] - [0, 25, 37], []
[2025-01-29 23:57:11,395][__main__][INFO] - [0, 25, 38], []
[2025-01-29 23:57:11,411][__main__][INFO] - [0, 25, 39], []
[2025-01-29 23:57:11,442][__main__][INFO] - [0, 25, 41], []
[2025-01-29 23:57:11,458][__main__][INFO] - [0, 25], [41]
[2025-01-29 23:57:11,489][__main__][INFO] - [0, 25], [42]
[2025-01-29 23:57:11,519][__main__][INFO] - [0, 25], [43]
[2025-01-29 23:57:11,536][__main__][INFO] - [0, 25, 44], []
[2025-01-29 23:57:11,553][__main__][INFO] - [0, 25, 45], []
[2025-01-29 23:57:11,583][__main__][INFO] - [0, 25, 47], []
[2025-01-29 23:57:11,599][__main__][INFO] - [0, 25, 48], []
[2025-01-29 23:57:11,630][__main__][INFO] - [0, 25, 50], []
[2025-01-29 23:57:11,646][__main__][INFO] - [0, 25, 51], []
[2025-01-29 23:57:11,690][__main__][INFO] - [0, 25, 54], []
[2025-01-29 23:57:11,706][__main__][INFO] - [0, 25, 55], []
[2025-01-29 23:57:11,722][__main__][INFO] - [0, 25, 56], []
[2025-01-29 23:57:11,738][__main__][INFO] - [0, 25, 57], []
[2025-01-29 23:57:11,755][__main__][INFO] - [0, 25, 58], []
[2025-01-29 23:57:11,771][__main__][INFO] - [0, 25, 59], []
[2025-01-29 23:57:11,800][__main__][INFO] - [0, 26, 27], []
[2025-01-29 23:57:11,954][__main__][INFO] - [0, 26, 28], []
[2025-01-29 23:57:11,971][__main__][INFO] - [0, 26, 29], []
[2025-01-29 23:57:12,010][__main__][INFO] - [0, 26, 30], []
[2025-01-29 23:57:12,028][__main__][INFO] - [0, 26, 31], []
[2025-01-29 23:57:12,044][__main__][INFO] - [0, 26, 32], []
[2025-01-29 23:57:12,342][__main__][INFO] - [0, 26, 33], []
[2025-01-29 23:57:12,375][__main__][INFO] - [0, 26, 35], []
[2025-01-29 23:57:12,393][__main__][INFO] - [0, 26, 36], []
[2025-01-29 23:57:12,413][__main__][INFO] - [0, 26, 37], []
[2025-01-29 23:57:12,525][__main__][INFO] - [0, 26, 38], []
[2025-01-29 23:57:12,574][__main__][INFO] - [0, 26, 39], []
[2025-01-29 23:57:12,609][__main__][INFO] - [0, 26, 40], []
[2025-01-29 23:57:12,628][__main__][INFO] - [0, 26, 41], []
[2025-01-29 23:57:12,675][__main__][INFO] - [0, 26], [41]
[2025-01-29 23:57:12,841][__main__][INFO] - [0, 26, 42], []
[2025-01-29 23:57:12,898][__main__][INFO] - [0, 26], [42]
[2025-01-29 23:57:13,054][__main__][INFO] - [0, 26, 43], []
[2025-01-29 23:57:13,101][__main__][INFO] - [0, 26], [43]
[2025-01-29 23:57:13,270][__main__][INFO] - [0, 26, 44], []
[2025-01-29 23:57:13,424][__main__][INFO] - [0, 26, 45], []
[2025-01-29 23:57:13,503][__main__][INFO] - [0, 26, 46], []
[2025-01-29 23:57:13,521][__main__][INFO] - [0, 26, 47], []
[2025-01-29 23:57:13,730][__main__][INFO] - [0, 26, 48], []
[2025-01-29 23:57:13,773][__main__][INFO] - [0, 26, 49], []
[2025-01-29 23:57:13,791][__main__][INFO] - [0, 26, 50], []
[2025-01-29 23:57:13,825][__main__][INFO] - [0, 26, 51], []
[2025-01-29 23:57:13,853][__main__][INFO] - [0, 26, 52], []
[2025-01-29 23:57:13,880][__main__][INFO] - [0, 26, 53], []
[2025-01-29 23:57:13,906][__main__][INFO] - [0, 26, 54], []
[2025-01-29 23:57:13,931][__main__][INFO] - [0, 26, 55], []
[2025-01-29 23:57:13,955][__main__][INFO] - [0, 26, 56], []
[2025-01-29 23:57:13,978][__main__][INFO] - [0, 26, 57], []
[2025-01-29 23:57:13,998][__main__][INFO] - [0, 26, 58], []
[2025-01-29 23:57:14,018][__main__][INFO] - [0, 26, 59], []
[2025-01-29 23:57:14,073][__main__][INFO] - [0, 27], [26]
[2025-01-29 23:57:14,924][__main__][INFO] - [0, 28], [26]
[2025-01-29 23:57:15,031][__main__][INFO] - [0, 29], [26]
[2025-01-29 23:57:15,174][__main__][INFO] - [0, 30], [26]
[2025-01-29 23:57:15,200][__main__][INFO] - [0, 31], [26]
[2025-01-29 23:57:15,218][__main__][INFO] - [0, 32], [26]
[2025-01-29 23:57:16,275][__main__][INFO] - [0, 33], [26]
[2025-01-29 23:57:16,298][__main__][INFO] - [0, 34], [26]
[2025-01-29 23:57:16,317][__main__][INFO] - [0, 35], [26]
[2025-01-29 23:57:16,335][__main__][INFO] - [0, 36], [26]
[2025-01-29 23:57:16,547][__main__][INFO] - [0, 37], [26]
[2025-01-29 23:57:17,192][__main__][INFO] - [0, 38], [26]
[2025-01-29 23:57:17,424][__main__][INFO] - [0, 39], [26]
[2025-01-29 23:57:17,569][__main__][INFO] - [0, 40], [26]
[2025-01-29 23:57:17,597][__main__][INFO] - [0, 41], [26]
[2025-01-29 23:57:17,855][__main__][INFO] - [0], [26, 41]
[2025-01-29 23:57:18,735][__main__][INFO] - [0], [26, 42]
[2025-01-29 23:57:20,336][__main__][INFO] - [0], [26, 43]
[2025-01-29 23:57:21,923][__main__][INFO] - [0, 44], [26]
[2025-01-29 23:57:23,281][__main__][INFO] - [0, 46], [26]
[2025-01-29 23:57:23,346][__main__][INFO] - [0, 47], [26]
[2025-01-29 23:57:23,924][__main__][INFO] - [0, 48], [26]
[2025-01-29 23:57:24,459][__main__][INFO] - [0, 49], [26]
[2025-01-29 23:57:24,496][__main__][INFO] - [0, 50], [26]
[2025-01-29 23:57:24,561][__main__][INFO] - [0, 51], [26]
[2025-01-29 23:57:24,616][__main__][INFO] - [0, 52], [26]
[2025-01-29 23:57:24,679][__main__][INFO] - [0, 53], [26]
[2025-01-29 23:57:24,747][__main__][INFO] - [0, 54], [26]
[2025-01-29 23:57:24,810][__main__][INFO] - [0, 55], [26]
[2025-01-29 23:57:24,870][__main__][INFO] - [0, 56], [26]
[2025-01-29 23:57:24,927][__main__][INFO] - [0, 57], [26]
[2025-01-29 23:57:24,980][__main__][INFO] - [0, 58], [26]
[2025-01-29 23:57:25,028][__main__][INFO] - [0, 59], [26]
[2025-01-29 23:57:25,397][__main__][INFO] - [0, 27, 32], []
[2025-01-29 23:57:26,229][__main__][INFO] - [0, 27, 33], []
[2025-01-29 23:57:26,253][__main__][INFO] - [0, 27, 34], []
[2025-01-29 23:57:26,273][__main__][INFO] - [0, 27, 35], []
[2025-01-29 23:57:26,291][__main__][INFO] - [0, 27, 36], []
[2025-01-29 23:57:26,499][__main__][INFO] - [0, 27, 37], []
[2025-01-29 23:57:26,981][__main__][INFO] - [0, 27, 38], []
[2025-01-29 23:57:27,244][__main__][INFO] - [0, 27, 39], []
[2025-01-29 23:57:27,376][__main__][INFO] - [0, 27, 40], []
[2025-01-29 23:57:27,418][__main__][INFO] - [0, 27], [41]
[2025-01-29 23:57:28,651][__main__][INFO] - [0, 27, 42], []
[2025-01-29 23:57:28,692][__main__][INFO] - [0, 27], [42]
[2025-01-29 23:57:29,821][__main__][INFO] - [0, 27, 43], []
[2025-01-29 23:57:29,855][__main__][INFO] - [0, 27], [43]
[2025-01-29 23:57:30,974][__main__][INFO] - [0, 27, 44], []
[2025-01-29 23:57:31,983][__main__][INFO] - [0, 27, 45], []
[2025-01-29 23:57:32,038][__main__][INFO] - [0, 27, 46], []
[2025-01-29 23:57:32,102][__main__][INFO] - [0, 27, 47], []
[2025-01-29 23:57:32,644][__main__][INFO] - [0, 27, 48], []
[2025-01-29 23:57:33,028][__main__][INFO] - [0, 27, 49], []
[2025-01-29 23:57:33,060][__main__][INFO] - [0, 27, 50], []
[2025-01-29 23:57:33,126][__main__][INFO] - [0, 27, 51], []
[2025-01-29 23:57:33,176][__main__][INFO] - [0, 27, 52], []
[2025-01-29 23:57:33,230][__main__][INFO] - [0, 27, 53], []
[2025-01-29 23:57:33,289][__main__][INFO] - [0, 27, 54], []
[2025-01-29 23:57:33,343][__main__][INFO] - [0, 27, 55], []
[2025-01-29 23:57:33,394][__main__][INFO] - [0, 27, 56], []
[2025-01-29 23:57:33,444][__main__][INFO] - [0, 27, 57], []
[2025-01-29 23:57:33,491][__main__][INFO] - [0, 27, 58], []
[2025-01-29 23:57:33,535][__main__][INFO] - [0, 27, 59], []
[2025-01-29 23:57:33,844][__main__][INFO] - [0, 28, 32], []
[2025-01-29 23:57:33,955][__main__][INFO] - [0, 28, 33], []
[2025-01-29 23:57:34,001][__main__][INFO] - [0, 28, 36], []
[2025-01-29 23:57:34,017][__main__][INFO] - [0, 28, 37], []
[2025-01-29 23:57:34,114][__main__][INFO] - [0, 28, 38], []
[2025-01-29 23:57:34,134][__main__][INFO] - [0, 28, 39], []
[2025-01-29 23:57:34,161][__main__][INFO] - [0, 28, 40], []
[2025-01-29 23:57:34,178][__main__][INFO] - [0, 28, 41], []
[2025-01-29 23:57:34,312][__main__][INFO] - [0, 28, 42], []
[2025-01-29 23:57:34,329][__main__][INFO] - [0, 28], [42]
[2025-01-29 23:57:34,446][__main__][INFO] - [0, 28, 43], []
[2025-01-29 23:57:34,463][__main__][INFO] - [0, 28], [43]
[2025-01-29 23:57:34,579][__main__][INFO] - [0, 28, 44], []
[2025-01-29 23:57:34,692][__main__][INFO] - [0, 28, 45], []
[2025-01-29 23:57:34,709][__main__][INFO] - [0, 28, 46], []
[2025-01-29 23:57:34,726][__main__][INFO] - [0, 28, 47], []
[2025-01-29 23:57:34,777][__main__][INFO] - [0, 28, 48], []
[2025-01-29 23:57:34,852][__main__][INFO] - [0, 28, 49], []
[2025-01-29 23:57:34,873][__main__][INFO] - [0, 28, 50], []
[2025-01-29 23:57:34,897][__main__][INFO] - [0, 28, 51], []
[2025-01-29 23:57:34,922][__main__][INFO] - [0, 28, 52], []
[2025-01-29 23:57:34,939][__main__][INFO] - [0, 28, 53], []
[2025-01-29 23:57:34,965][__main__][INFO] - [0, 28, 54], []
[2025-01-29 23:57:34,989][__main__][INFO] - [0, 28, 55], []
[2025-01-29 23:57:35,009][__main__][INFO] - [0, 28, 56], []
[2025-01-29 23:57:35,030][__main__][INFO] - [0, 28, 57], []
[2025-01-29 23:57:35,046][__main__][INFO] - [0, 28, 58], []
[2025-01-29 23:57:35,062][__main__][INFO] - [0, 28, 59], []
[2025-01-29 23:57:35,109][__main__][INFO] - [0, 29, 32], []
[2025-01-29 23:57:35,278][__main__][INFO] - [0, 29, 33], []
[2025-01-29 23:57:35,311][__main__][INFO] - [0, 29, 35], []
[2025-01-29 23:57:35,328][__main__][INFO] - [0, 29, 36], []
[2025-01-29 23:57:35,347][__main__][INFO] - [0, 29, 37], []
[2025-01-29 23:57:35,486][__main__][INFO] - [0, 29, 38], []
[2025-01-29 23:57:35,509][__main__][INFO] - [0, 29, 39], []
[2025-01-29 23:57:35,541][__main__][INFO] - [0, 29, 40], []
[2025-01-29 23:57:35,558][__main__][INFO] - [0, 29, 41], []
[2025-01-29 23:57:35,742][__main__][INFO] - [0, 29, 42], []
[2025-01-29 23:57:35,764][__main__][INFO] - [0, 29], [42]
[2025-01-29 23:57:35,929][__main__][INFO] - [0, 29, 43], []
[2025-01-29 23:57:35,946][__main__][INFO] - [0, 29], [43]
[2025-01-29 23:57:36,110][__main__][INFO] - [0, 29, 44], []
[2025-01-29 23:57:36,271][__main__][INFO] - [0, 29, 45], []
[2025-01-29 23:57:36,297][__main__][INFO] - [0, 29, 46], []
[2025-01-29 23:57:36,314][__main__][INFO] - [0, 29, 47], []
[2025-01-29 23:57:36,421][__main__][INFO] - [0, 29, 48], []
[2025-01-29 23:57:36,488][__main__][INFO] - [0, 29, 49], []
[2025-01-29 23:57:36,509][__main__][INFO] - [0, 29, 50], []
[2025-01-29 23:57:36,531][__main__][INFO] - [0, 29, 51], []
[2025-01-29 23:57:36,566][__main__][INFO] - [0, 29, 52], []
[2025-01-29 23:57:36,604][__main__][INFO] - [0, 29, 53], []
[2025-01-29 23:57:36,629][__main__][INFO] - [0, 29, 54], []
[2025-01-29 23:57:36,664][__main__][INFO] - [0, 29, 55], []
[2025-01-29 23:57:36,687][__main__][INFO] - [0, 29, 56], []
[2025-01-29 23:57:36,724][__main__][INFO] - [0, 29, 57], []
[2025-01-29 23:57:36,746][__main__][INFO] - [0, 29, 58], []
[2025-01-29 23:57:36,768][__main__][INFO] - [0, 29, 59], []
[2025-01-29 23:57:36,848][__main__][INFO] - [0, 30, 32], []
[2025-01-29 23:57:36,872][__main__][INFO] - [0, 30, 33], []
[2025-01-29 23:57:36,918][__main__][INFO] - [0, 30, 36], []
[2025-01-29 23:57:36,937][__main__][INFO] - [0, 30, 37], []
[2025-01-29 23:57:36,958][__main__][INFO] - [0, 30, 38], []
[2025-01-29 23:57:36,977][__main__][INFO] - [0, 30, 39], []
[2025-01-29 23:57:36,996][__main__][INFO] - [0, 30, 40], []
[2025-01-29 23:57:37,027][__main__][INFO] - [0, 30], [41]
[2025-01-29 23:57:37,072][__main__][INFO] - [0, 30, 42], []
[2025-01-29 23:57:37,089][__main__][INFO] - [0, 30], [42]
[2025-01-29 23:57:37,132][__main__][INFO] - [0, 30, 43], []
[2025-01-29 23:57:37,148][__main__][INFO] - [0, 30], [43]
[2025-01-29 23:57:37,192][__main__][INFO] - [0, 30, 44], []
[2025-01-29 23:57:37,232][__main__][INFO] - [0, 30, 45], []
[2025-01-29 23:57:37,250][__main__][INFO] - [0, 30, 46], []
[2025-01-29 23:57:37,267][__main__][INFO] - [0, 30, 47], []
[2025-01-29 23:57:37,288][__main__][INFO] - [0, 30, 48], []
[2025-01-29 23:57:37,309][__main__][INFO] - [0, 30, 49], []
[2025-01-29 23:57:37,327][__main__][INFO] - [0, 30, 50], []
[2025-01-29 23:57:37,344][__main__][INFO] - [0, 30, 51], []
[2025-01-29 23:57:37,362][__main__][INFO] - [0, 30, 52], []
[2025-01-29 23:57:37,379][__main__][INFO] - [0, 30, 53], []
[2025-01-29 23:57:37,396][__main__][INFO] - [0, 30, 54], []
[2025-01-29 23:57:37,413][__main__][INFO] - [0, 30, 55], []
[2025-01-29 23:57:37,431][__main__][INFO] - [0, 30, 56], []
[2025-01-29 23:57:37,448][__main__][INFO] - [0, 30, 57], []
[2025-01-29 23:57:37,465][__main__][INFO] - [0, 30, 58], []
[2025-01-29 23:57:37,482][__main__][INFO] - [0, 30, 59], []
[2025-01-29 23:57:37,515][__main__][INFO] - [0, 31, 32], []
[2025-01-29 23:57:37,575][__main__][INFO] - [0, 31, 36], []
[2025-01-29 23:57:37,592][__main__][INFO] - [0, 31, 37], []
[2025-01-29 23:57:37,610][__main__][INFO] - [0, 31, 38], []
[2025-01-29 23:57:37,627][__main__][INFO] - [0, 31, 39], []
[2025-01-29 23:57:37,673][__main__][INFO] - [0, 31], [41]
[2025-01-29 23:57:37,706][__main__][INFO] - [0, 31], [42]
[2025-01-29 23:57:37,739][__main__][INFO] - [0, 31], [43]
[2025-01-29 23:57:37,757][__main__][INFO] - [0, 31, 44], []
[2025-01-29 23:57:37,804][__main__][INFO] - [0, 31, 47], []
[2025-01-29 23:57:37,822][__main__][INFO] - [0, 31, 48], []
[2025-01-29 23:57:37,854][__main__][INFO] - [0, 31, 50], []
[2025-01-29 23:57:37,871][__main__][INFO] - [0, 31, 51], []
[2025-01-29 23:57:37,888][__main__][INFO] - [0, 31, 52], []
[2025-01-29 23:57:37,904][__main__][INFO] - [0, 31, 53], []
[2025-01-29 23:57:37,920][__main__][INFO] - [0, 31, 54], []
[2025-01-29 23:57:37,936][__main__][INFO] - [0, 31, 55], []
[2025-01-29 23:57:37,966][__main__][INFO] - [0, 31, 57], []
[2025-01-29 23:57:37,996][__main__][INFO] - [0, 31, 59], []
[2025-01-29 23:57:38,027][__main__][INFO] - [0, 32, 37], []
[2025-01-29 23:57:38,829][__main__][INFO] - [0, 32, 38], []
[2025-01-29 23:57:39,083][__main__][INFO] - [0, 32, 39], []
[2025-01-29 23:57:39,230][__main__][INFO] - [0, 32, 40], []
[2025-01-29 23:57:39,267][__main__][INFO] - [0, 32, 41], []
[2025-01-29 23:57:39,591][__main__][INFO] - [0, 32], [41]
[2025-01-29 23:57:40,529][__main__][INFO] - [0, 32, 42], []
[2025-01-29 23:57:40,583][__main__][INFO] - [0, 32], [42]
[2025-01-29 23:57:42,191][__main__][INFO] - [0, 32, 43], []
[2025-01-29 23:57:42,257][__main__][INFO] - [0, 32], [43]
[2025-01-29 23:57:43,759][__main__][INFO] - [0, 32, 44], []
[2025-01-29 23:57:45,309][__main__][INFO] - [0, 32, 45], []
[2025-01-29 23:57:45,401][__main__][INFO] - [0, 32, 47], []
[2025-01-29 23:57:46,089][__main__][INFO] - [0, 32, 48], []
[2025-01-29 23:57:46,640][__main__][INFO] - [0, 32, 49], []
[2025-01-29 23:57:46,683][__main__][INFO] - [0, 32, 50], []
[2025-01-29 23:57:46,777][__main__][INFO] - [0, 32, 51], []
[2025-01-29 23:57:46,835][__main__][INFO] - [0, 32, 52], []
[2025-01-29 23:57:46,897][__main__][INFO] - [0, 32, 53], []
[2025-01-29 23:57:46,963][__main__][INFO] - [0, 32, 54], []
[2025-01-29 23:57:47,025][__main__][INFO] - [0, 32, 55], []
[2025-01-29 23:57:47,083][__main__][INFO] - [0, 32, 56], []
[2025-01-29 23:57:47,139][__main__][INFO] - [0, 32, 57], []
[2025-01-29 23:57:47,189][__main__][INFO] - [0, 32, 58], []
[2025-01-29 23:57:47,235][__main__][INFO] - [0, 32, 59], []
[2025-01-29 23:57:47,577][__main__][INFO] - [0, 33, 37], []
[2025-01-29 23:57:47,597][__main__][INFO] - [0, 33, 38], []
[2025-01-29 23:57:47,615][__main__][INFO] - [0, 33, 39], []
[2025-01-29 23:57:47,633][__main__][INFO] - [0, 33, 40], []
[2025-01-29 23:57:47,651][__main__][INFO] - [0, 33, 41], []
[2025-01-29 23:57:47,668][__main__][INFO] - [0, 33], [41]
[2025-01-29 23:57:47,693][__main__][INFO] - [0, 33, 42], []
[2025-01-29 23:57:47,711][__main__][INFO] - [0, 33], [42]
[2025-01-29 23:57:47,735][__main__][INFO] - [0, 33, 43], []
[2025-01-29 23:57:47,752][__main__][INFO] - [0, 33], [43]
[2025-01-29 23:57:47,776][__main__][INFO] - [0, 33, 44], []
[2025-01-29 23:57:47,799][__main__][INFO] - [0, 33, 45], []
[2025-01-29 23:57:47,831][__main__][INFO] - [0, 33, 47], []
[2025-01-29 23:57:47,851][__main__][INFO] - [0, 33, 48], []
[2025-01-29 23:57:47,870][__main__][INFO] - [0, 33, 49], []
[2025-01-29 23:57:47,887][__main__][INFO] - [0, 33, 50], []
[2025-01-29 23:57:47,905][__main__][INFO] - [0, 33, 51], []
[2025-01-29 23:57:47,921][__main__][INFO] - [0, 33, 52], []
[2025-01-29 23:57:47,939][__main__][INFO] - [0, 33, 53], []
[2025-01-29 23:57:47,956][__main__][INFO] - [0, 33, 54], []
[2025-01-29 23:57:47,974][__main__][INFO] - [0, 33, 55], []
[2025-01-29 23:57:47,991][__main__][INFO] - [0, 33, 56], []
[2025-01-29 23:57:48,009][__main__][INFO] - [0, 33, 57], []
[2025-01-29 23:57:48,026][__main__][INFO] - [0, 33, 58], []
[2025-01-29 23:57:48,042][__main__][INFO] - [0, 33, 59], []
[2025-01-29 23:57:48,074][__main__][INFO] - [0, 34, 37], []
[2025-01-29 23:57:48,092][__main__][INFO] - [0, 34, 38], []
[2025-01-29 23:57:48,110][__main__][INFO] - [0, 34, 39], []
[2025-01-29 23:57:48,155][__main__][INFO] - [0, 34], [41]
[2025-01-29 23:57:48,188][__main__][INFO] - [0, 34], [42]
[2025-01-29 23:57:48,220][__main__][INFO] - [0, 34], [43]
[2025-01-29 23:57:48,237][__main__][INFO] - [0, 34, 44], []
[2025-01-29 23:57:48,296][__main__][INFO] - [0, 34, 48], []
[2025-01-29 23:57:48,314][__main__][INFO] - [0, 34, 49], []
[2025-01-29 23:57:48,331][__main__][INFO] - [0, 34, 50], []
[2025-01-29 23:57:48,459][__main__][INFO] - [0, 34, 59], []
[2025-01-29 23:57:48,490][__main__][INFO] - [0, 35, 37], []
[2025-01-29 23:57:48,508][__main__][INFO] - [0, 35, 38], []
[2025-01-29 23:57:48,525][__main__][INFO] - [0, 35, 39], []
[2025-01-29 23:57:48,556][__main__][INFO] - [0, 35, 41], []
[2025-01-29 23:57:48,572][__main__][INFO] - [0, 35], [41]
[2025-01-29 23:57:48,605][__main__][INFO] - [0, 35], [42]
[2025-01-29 23:57:48,637][__main__][INFO] - [0, 35], [43]
[2025-01-29 23:57:48,654][__main__][INFO] - [0, 35, 44], []
[2025-01-29 23:57:48,700][__main__][INFO] - [0, 35, 47], []
[2025-01-29 23:57:48,718][__main__][INFO] - [0, 35, 48], []
[2025-01-29 23:57:48,749][__main__][INFO] - [0, 35, 50], []
[2025-01-29 23:57:48,766][__main__][INFO] - [0, 35, 51], []
[2025-01-29 23:57:48,796][__main__][INFO] - [0, 35, 53], []
[2025-01-29 23:57:48,869][__main__][INFO] - [0, 35, 58], []
[2025-01-29 23:57:48,885][__main__][INFO] - [0, 35, 59], []
[2025-01-29 23:57:48,916][__main__][INFO] - [0, 36, 37], []
[2025-01-29 23:57:49,026][__main__][INFO] - [0, 36, 38], []
[2025-01-29 23:57:49,090][__main__][INFO] - [0, 36, 39], []
[2025-01-29 23:57:49,140][__main__][INFO] - [0, 36, 40], []
[2025-01-29 23:57:49,158][__main__][INFO] - [0, 36, 41], []
[2025-01-29 23:57:49,180][__main__][INFO] - [0, 36], [41]
[2025-01-29 23:57:49,389][__main__][INFO] - [0, 36, 42], []
[2025-01-29 23:57:49,408][__main__][INFO] - [0, 36], [42]
[2025-01-29 23:57:49,628][__main__][INFO] - [0, 36, 43], []
[2025-01-29 23:57:49,647][__main__][INFO] - [0, 36], [43]
[2025-01-29 23:57:49,866][__main__][INFO] - [0, 36, 44], []
[2025-01-29 23:57:50,022][__main__][INFO] - [0, 36, 45], []
[2025-01-29 23:57:50,042][__main__][INFO] - [0, 36, 46], []
[2025-01-29 23:57:50,105][__main__][INFO] - [0, 36, 47], []
[2025-01-29 23:57:50,294][__main__][INFO] - [0, 36, 48], []
[2025-01-29 23:57:50,348][__main__][INFO] - [0, 36, 50], []
[2025-01-29 23:57:50,376][__main__][INFO] - [0, 36, 51], []
[2025-01-29 23:57:50,404][__main__][INFO] - [0, 36, 52], []
[2025-01-29 23:57:50,434][__main__][INFO] - [0, 36, 53], []
[2025-01-29 23:57:50,462][__main__][INFO] - [0, 36, 54], []
[2025-01-29 23:57:50,489][__main__][INFO] - [0, 36, 55], []
[2025-01-29 23:57:50,514][__main__][INFO] - [0, 36, 56], []
[2025-01-29 23:57:50,538][__main__][INFO] - [0, 36, 57], []
[2025-01-29 23:57:50,561][__main__][INFO] - [0, 36, 58], []
[2025-01-29 23:57:50,583][__main__][INFO] - [0, 36, 59], []
[2025-01-29 23:57:50,664][__main__][INFO] - [0, 37, 41], []
[2025-01-29 23:57:50,897][__main__][INFO] - [0, 37], [41]
[2025-01-29 23:57:51,368][__main__][INFO] - [0, 37, 42], []
[2025-01-29 23:57:51,404][__main__][INFO] - [0, 37], [42]
[2025-01-29 23:57:52,280][__main__][INFO] - [0, 37, 43], []
[2025-01-29 23:57:52,310][__main__][INFO] - [0, 37], [43]
[2025-01-29 23:57:53,106][__main__][INFO] - [0, 37, 44], []
[2025-01-29 23:57:53,810][__main__][INFO] - [0, 37, 45], []
[2025-01-29 23:57:53,852][__main__][INFO] - [0, 37, 46], []
[2025-01-29 23:57:53,890][__main__][INFO] - [0, 37, 47], []
[2025-01-29 23:57:54,316][__main__][INFO] - [0, 37, 48], []
[2025-01-29 23:57:54,615][__main__][INFO] - [0, 37, 49], []
[2025-01-29 23:57:54,645][__main__][INFO] - [0, 37, 50], []
[2025-01-29 23:57:54,698][__main__][INFO] - [0, 37, 51], []
[2025-01-29 23:57:54,746][__main__][INFO] - [0, 37, 52], []
[2025-01-29 23:57:54,799][__main__][INFO] - [0, 37, 53], []
[2025-01-29 23:57:54,854][__main__][INFO] - [0, 37, 54], []
[2025-01-29 23:57:54,902][__main__][INFO] - [0, 37, 55], []
[2025-01-29 23:57:54,947][__main__][INFO] - [0, 37, 56], []
[2025-01-29 23:57:54,989][__main__][INFO] - [0, 37, 57], []
[2025-01-29 23:57:55,026][__main__][INFO] - [0, 37, 58], []
[2025-01-29 23:57:55,062][__main__][INFO] - [0, 37, 59], []
[2025-01-29 23:57:55,276][__main__][INFO] - [0, 38, 41], []
[2025-01-29 23:57:55,304][__main__][INFO] - [0, 38], [41]
[2025-01-29 23:57:55,579][__main__][INFO] - [0, 38, 42], []
[2025-01-29 23:57:55,604][__main__][INFO] - [0, 38], [42]
[2025-01-29 23:57:55,881][__main__][INFO] - [0, 38, 43], []
[2025-01-29 23:57:55,904][__main__][INFO] - [0, 38], [43]
[2025-01-29 23:57:56,180][__main__][INFO] - [0, 38, 44], []
[2025-01-29 23:57:56,429][__main__][INFO] - [0, 38, 45], []
[2025-01-29 23:57:56,456][__main__][INFO] - [0, 38, 46], []
[2025-01-29 23:57:56,486][__main__][INFO] - [0, 38, 47], []
[2025-01-29 23:57:56,651][__main__][INFO] - [0, 38, 48], []
[2025-01-29 23:57:56,757][__main__][INFO] - [0, 38, 49], []
[2025-01-29 23:57:56,778][__main__][INFO] - [0, 38, 50], []
[2025-01-29 23:57:56,804][__main__][INFO] - [0, 38, 51], []
[2025-01-29 23:57:56,828][__main__][INFO] - [0, 38, 52], []
[2025-01-29 23:57:56,854][__main__][INFO] - [0, 38, 53], []
[2025-01-29 23:57:56,881][__main__][INFO] - [0, 38, 54], []
[2025-01-29 23:57:56,907][__main__][INFO] - [0, 38, 55], []
[2025-01-29 23:57:56,931][__main__][INFO] - [0, 38, 56], []
[2025-01-29 23:57:56,958][__main__][INFO] - [0, 38, 57], []
[2025-01-29 23:57:56,982][__main__][INFO] - [0, 38, 58], []
[2025-01-29 23:57:57,005][__main__][INFO] - [0, 38, 59], []
[2025-01-29 23:57:57,136][__main__][INFO] - [0, 39, 41], []
[2025-01-29 23:57:57,177][__main__][INFO] - [0, 39], [41]
[2025-01-29 23:57:57,315][__main__][INFO] - [0, 39, 42], []
[2025-01-29 23:57:57,336][__main__][INFO] - [0, 39], [42]
[2025-01-29 23:57:57,510][__main__][INFO] - [0, 39, 43], []
[2025-01-29 23:57:57,530][__main__][INFO] - [0, 39], [43]
[2025-01-29 23:57:57,709][__main__][INFO] - [0, 39, 44], []
[2025-01-29 23:57:57,862][__main__][INFO] - [0, 39, 45], []
[2025-01-29 23:57:57,888][__main__][INFO] - [0, 39, 46], []
[2025-01-29 23:57:57,913][__main__][INFO] - [0, 39, 47], []
[2025-01-29 23:57:58,008][__main__][INFO] - [0, 39, 48], []
[2025-01-29 23:57:58,087][__main__][INFO] - [0, 39, 49], []
[2025-01-29 23:57:58,106][__main__][INFO] - [0, 39, 50], []
[2025-01-29 23:57:58,134][__main__][INFO] - [0, 39, 51], []
[2025-01-29 23:57:58,156][__main__][INFO] - [0, 39, 52], []
[2025-01-29 23:57:58,179][__main__][INFO] - [0, 39, 53], []
[2025-01-29 23:57:58,202][__main__][INFO] - [0, 39, 54], []
[2025-01-29 23:57:58,228][__main__][INFO] - [0, 39, 55], []
[2025-01-29 23:57:58,251][__main__][INFO] - [0, 39, 56], []
[2025-01-29 23:57:58,273][__main__][INFO] - [0, 39, 57], []
[2025-01-29 23:57:58,295][__main__][INFO] - [0, 39, 58], []
[2025-01-29 23:57:58,315][__main__][INFO] - [0, 39, 59], []
[2025-01-29 23:57:58,380][__main__][INFO] - [0, 40, 41], []
[2025-01-29 23:57:58,397][__main__][INFO] - [0, 40], [41]
[2025-01-29 23:57:58,424][__main__][INFO] - [0, 40, 42], []
[2025-01-29 23:57:58,442][__main__][INFO] - [0, 40], [42]
[2025-01-29 23:57:58,469][__main__][INFO] - [0, 40, 43], []
[2025-01-29 23:57:58,487][__main__][INFO] - [0, 40], [43]
[2025-01-29 23:57:58,515][__main__][INFO] - [0, 40, 44], []
[2025-01-29 23:57:58,541][__main__][INFO] - [0, 40, 45], []
[2025-01-29 23:57:58,558][__main__][INFO] - [0, 40, 46], []
[2025-01-29 23:57:58,576][__main__][INFO] - [0, 40, 47], []
[2025-01-29 23:57:58,599][__main__][INFO] - [0, 40, 48], []
[2025-01-29 23:57:58,619][__main__][INFO] - [0, 40, 49], []
[2025-01-29 23:57:58,636][__main__][INFO] - [0, 40, 50], []
[2025-01-29 23:57:58,654][__main__][INFO] - [0, 40, 51], []
[2025-01-29 23:57:58,672][__main__][INFO] - [0, 40, 52], []
[2025-01-29 23:57:58,688][__main__][INFO] - [0, 40, 53], []
[2025-01-29 23:57:58,706][__main__][INFO] - [0, 40, 54], []
[2025-01-29 23:57:58,724][__main__][INFO] - [0, 40, 55], []
[2025-01-29 23:57:58,741][__main__][INFO] - [0, 40, 56], []
[2025-01-29 23:57:58,758][__main__][INFO] - [0, 40, 57], []
[2025-01-29 23:57:58,776][__main__][INFO] - [0, 40, 58], []
[2025-01-29 23:57:58,792][__main__][INFO] - [0, 40, 59], []
[2025-01-29 23:57:58,826][__main__][INFO] - [0, 41, 42], []
[2025-01-29 23:57:58,849][__main__][INFO] - [0, 41], [42]
[2025-01-29 23:57:59,161][__main__][INFO] - [0, 41, 43], []
[2025-01-29 23:57:59,178][__main__][INFO] - [0, 41], [43]
[2025-01-29 23:57:59,473][__main__][INFO] - [0, 41, 44], []
[2025-01-29 23:57:59,761][__main__][INFO] - [0, 41, 45], []
[2025-01-29 23:57:59,788][__main__][INFO] - [0, 41, 46], []
[2025-01-29 23:57:59,806][__main__][INFO] - [0, 41, 47], []
[2025-01-29 23:57:59,953][__main__][INFO] - [0, 41, 48], []
[2025-01-29 23:58:00,085][__main__][INFO] - [0, 41, 49], []
[2025-01-29 23:58:00,107][__main__][INFO] - [0, 41, 50], []
[2025-01-29 23:58:00,138][__main__][INFO] - [0, 41, 51], []
[2025-01-29 23:58:00,167][__main__][INFO] - [0, 41, 52], []
[2025-01-29 23:58:00,201][__main__][INFO] - [0, 41, 53], []
[2025-01-29 23:58:00,234][__main__][INFO] - [0, 41, 54], []
[2025-01-29 23:58:00,264][__main__][INFO] - [0, 41, 55], []
[2025-01-29 23:58:00,292][__main__][INFO] - [0, 41, 56], []
[2025-01-29 23:58:00,318][__main__][INFO] - [0, 41, 57], []
[2025-01-29 23:58:00,343][__main__][INFO] - [0, 41, 58], []
[2025-01-29 23:58:00,366][__main__][INFO] - [0, 41, 59], []
[2025-01-29 23:58:00,466][__main__][INFO] - [0, 42], [41]
[2025-01-29 23:58:00,509][__main__][INFO] - [0], [41, 42]
[2025-01-29 23:58:01,806][__main__][INFO] - [0, 43], [41]
[2025-01-29 23:58:01,841][__main__][INFO] - [0], [41, 43]
[2025-01-29 23:58:03,011][__main__][INFO] - [0, 44], [41]
[2025-01-29 23:58:04,134][__main__][INFO] - [0, 45], [41]
[2025-01-29 23:58:04,190][__main__][INFO] - [0, 46], [41]
[2025-01-29 23:58:04,252][__main__][INFO] - [0, 47], [41]
[2025-01-29 23:58:04,818][__main__][INFO] - [0, 48], [41]
[2025-01-29 23:58:05,212][__main__][INFO] - [0, 49], [41]
[2025-01-29 23:58:05,243][__main__][INFO] - [0, 50], [41]
[2025-01-29 23:58:05,309][__main__][INFO] - [0, 51], [41]
[2025-01-29 23:58:05,360][__main__][INFO] - [0, 52], [41]
[2025-01-29 23:58:05,415][__main__][INFO] - [0, 53], [41]
[2025-01-29 23:58:05,477][__main__][INFO] - [0, 54], [41]
[2025-01-29 23:58:05,534][__main__][INFO] - [0, 55], [41]
[2025-01-29 23:58:05,588][__main__][INFO] - [0, 56], [41]
[2025-01-29 23:58:05,638][__main__][INFO] - [0, 57], [41]
[2025-01-29 23:58:05,692][__main__][INFO] - [0, 58], [41]
[2025-01-29 23:58:05,737][__main__][INFO] - [0, 59], [41]
[2025-01-29 23:58:06,060][__main__][INFO] - [0, 42, 43], []
[2025-01-29 23:58:06,087][__main__][INFO] - [0, 42], [43]
[2025-01-29 23:58:06,149][__main__][INFO] - [0, 42, 44], []
[2025-01-29 23:58:06,186][__main__][INFO] - [0, 42, 45], []
[2025-01-29 23:58:06,212][__main__][INFO] - [0, 42, 46], []
[2025-01-29 23:58:06,230][__main__][INFO] - [0, 42, 47], []
[2025-01-29 23:58:06,280][__main__][INFO] - [0, 42, 48], []
[2025-01-29 23:58:06,299][__main__][INFO] - [0, 42, 49], []
[2025-01-29 23:58:06,317][__main__][INFO] - [0, 42, 50], []
[2025-01-29 23:58:06,336][__main__][INFO] - [0, 42, 51], []
[2025-01-29 23:58:06,355][__main__][INFO] - [0, 42, 52], []
[2025-01-29 23:58:06,374][__main__][INFO] - [0, 42, 53], []
[2025-01-29 23:58:06,393][__main__][INFO] - [0, 42, 54], []
[2025-01-29 23:58:06,412][__main__][INFO] - [0, 42, 55], []
[2025-01-29 23:58:06,429][__main__][INFO] - [0, 42, 56], []
[2025-01-29 23:58:06,448][__main__][INFO] - [0, 42, 57], []
[2025-01-29 23:58:06,466][__main__][INFO] - [0, 42, 58], []
[2025-01-29 23:58:06,484][__main__][INFO] - [0, 42, 59], []
[2025-01-29 23:58:06,520][__main__][INFO] - [0, 43], [42]
[2025-01-29 23:58:06,554][__main__][INFO] - [0], [42, 43]
[2025-01-29 23:58:08,762][__main__][INFO] - [0, 44], [42]
[2025-01-29 23:58:10,665][__main__][INFO] - [0, 45], [42]
[2025-01-29 23:58:10,720][__main__][INFO] - [0, 46], [42]
[2025-01-29 23:58:10,785][__main__][INFO] - [0, 47], [42]
[2025-01-29 23:58:11,695][__main__][INFO] - [0, 48], [42]
[2025-01-29 23:58:12,294][__main__][INFO] - [0, 49], [42]
[2025-01-29 23:58:12,332][__main__][INFO] - [0, 50], [42]
[2025-01-29 23:58:12,415][__main__][INFO] - [0, 51], [42]
[2025-01-29 23:58:12,482][__main__][INFO] - [0, 52], [42]
[2025-01-29 23:58:12,554][__main__][INFO] - [0, 53], [42]
[2025-01-29 23:58:12,633][__main__][INFO] - [0, 54], [42]
[2025-01-29 23:58:12,702][__main__][INFO] - [0, 55], [42]
[2025-01-29 23:58:12,768][__main__][INFO] - [0, 56], [42]
[2025-01-29 23:58:12,832][__main__][INFO] - [0, 57], [42]
[2025-01-29 23:58:12,889][__main__][INFO] - [0, 58], [42]
[2025-01-29 23:58:12,941][__main__][INFO] - [0, 59], [42]
[2025-01-29 23:58:13,333][__main__][INFO] - [0, 43, 44], []
[2025-01-29 23:58:13,365][__main__][INFO] - [0, 43, 45], []
[2025-01-29 23:58:13,390][__main__][INFO] - [0, 43, 46], []
[2025-01-29 23:58:13,407][__main__][INFO] - [0, 43, 47], []
[2025-01-29 23:58:13,443][__main__][INFO] - [0, 43, 48], []
[2025-01-29 23:58:13,463][__main__][INFO] - [0, 43, 49], []
[2025-01-29 23:58:13,481][__main__][INFO] - [0, 43, 50], []
[2025-01-29 23:58:13,500][__main__][INFO] - [0, 43, 51], []
[2025-01-29 23:58:13,519][__main__][INFO] - [0, 43, 52], []
[2025-01-29 23:58:13,538][__main__][INFO] - [0, 43, 53], []
[2025-01-29 23:58:13,556][__main__][INFO] - [0, 43, 54], []
[2025-01-29 23:58:13,575][__main__][INFO] - [0, 43, 55], []
[2025-01-29 23:58:13,593][__main__][INFO] - [0, 43, 56], []
[2025-01-29 23:58:13,609][__main__][INFO] - [0, 43, 57], []
[2025-01-29 23:58:13,627][__main__][INFO] - [0, 43, 58], []
[2025-01-29 23:58:13,644][__main__][INFO] - [0, 43, 59], []
[2025-01-29 23:58:13,677][__main__][INFO] - [0, 44], [43]
[2025-01-29 23:58:15,353][__main__][INFO] - [0, 45], [43]
[2025-01-29 23:58:15,407][__main__][INFO] - [0, 46], [43]
[2025-01-29 23:58:15,470][__main__][INFO] - [0, 47], [43]
[2025-01-29 23:58:16,433][__main__][INFO] - [0, 48], [43]
[2025-01-29 23:58:17,014][__main__][INFO] - [0, 49], [43]
[2025-01-29 23:58:17,049][__main__][INFO] - [0, 50], [43]
[2025-01-29 23:58:17,128][__main__][INFO] - [0, 51], [43]
[2025-01-29 23:58:17,192][__main__][INFO] - [0, 52], [43]
[2025-01-29 23:58:17,263][__main__][INFO] - [0, 53], [43]
[2025-01-29 23:58:17,344][__main__][INFO] - [0, 54], [43]
[2025-01-29 23:58:17,413][__main__][INFO] - [0, 55], [43]
[2025-01-29 23:58:17,478][__main__][INFO] - [0, 56], [43]
[2025-01-29 23:58:17,542][__main__][INFO] - [0, 57], [43]
[2025-01-29 23:58:17,598][__main__][INFO] - [0, 58], [43]
[2025-01-29 23:58:17,652][__main__][INFO] - [0, 59], [43]
[2025-01-29 23:58:18,055][__main__][INFO] - [0, 44, 47], []
[2025-01-29 23:58:18,790][__main__][INFO] - [0, 44, 48], []
[2025-01-29 23:58:19,312][__main__][INFO] - [0, 44, 49], []
[2025-01-29 23:58:19,349][__main__][INFO] - [0, 44, 50], []
[2025-01-29 23:58:19,417][__main__][INFO] - [0, 44, 51], []
[2025-01-29 23:58:19,476][__main__][INFO] - [0, 44, 52], []
[2025-01-29 23:58:19,542][__main__][INFO] - [0, 44, 53], []
[2025-01-29 23:58:19,616][__main__][INFO] - [0, 44, 54], []
[2025-01-29 23:58:19,683][__main__][INFO] - [0, 44, 55], []
[2025-01-29 23:58:19,746][__main__][INFO] - [0, 44, 56], []
[2025-01-29 23:58:19,806][__main__][INFO] - [0, 44, 57], []
[2025-01-29 23:58:19,863][__main__][INFO] - [0, 44, 58], []
[2025-01-29 23:58:19,912][__main__][INFO] - [0, 44, 59], []
[2025-01-29 23:58:20,288][__main__][INFO] - [0, 45, 47], []
[2025-01-29 23:58:20,339][__main__][INFO] - [0, 45, 48], []
[2025-01-29 23:58:20,367][__main__][INFO] - [0, 45, 49], []
[2025-01-29 23:58:20,384][__main__][INFO] - [0, 45, 50], []
[2025-01-29 23:58:20,408][__main__][INFO] - [0, 45, 51], []
[2025-01-29 23:58:20,428][__main__][INFO] - [0, 45, 52], []
[2025-01-29 23:58:20,448][__main__][INFO] - [0, 45, 53], []
[2025-01-29 23:58:20,467][__main__][INFO] - [0, 45, 54], []
[2025-01-29 23:58:20,486][__main__][INFO] - [0, 45, 55], []
[2025-01-29 23:58:20,504][__main__][INFO] - [0, 45, 56], []
[2025-01-29 23:58:20,522][__main__][INFO] - [0, 45, 57], []
[2025-01-29 23:58:20,539][__main__][INFO] - [0, 45, 58], []
[2025-01-29 23:58:20,556][__main__][INFO] - [0, 45, 59], []
[2025-01-29 23:58:20,592][__main__][INFO] - [0, 46, 47], []
[2025-01-29 23:58:20,684][__main__][INFO] - [0, 46, 50], []
[2025-01-29 23:58:20,704][__main__][INFO] - [0, 46, 51], []
[2025-01-29 23:58:20,724][__main__][INFO] - [0, 46, 52], []
[2025-01-29 23:58:20,743][__main__][INFO] - [0, 46, 53], []
[2025-01-29 23:58:20,762][__main__][INFO] - [0, 46, 54], []
[2025-01-29 23:58:20,781][__main__][INFO] - [0, 46, 55], []
[2025-01-29 23:58:20,800][__main__][INFO] - [0, 46, 56], []
[2025-01-29 23:58:20,818][__main__][INFO] - [0, 46, 57], []
[2025-01-29 23:58:20,836][__main__][INFO] - [0, 46, 58], []
[2025-01-29 23:58:20,855][__main__][INFO] - [0, 46, 59], []
[2025-01-29 23:58:20,897][__main__][INFO] - [0, 47, 50], []
[2025-01-29 23:58:20,944][__main__][INFO] - [0, 47, 51], []
[2025-01-29 23:58:20,988][__main__][INFO] - [0, 47, 52], []
[2025-01-29 23:58:21,036][__main__][INFO] - [0, 47, 53], []
[2025-01-29 23:58:21,087][__main__][INFO] - [0, 47, 54], []
[2025-01-29 23:58:21,132][__main__][INFO] - [0, 47, 55], []
[2025-01-29 23:58:21,175][__main__][INFO] - [0, 47, 56], []
[2025-01-29 23:58:21,216][__main__][INFO] - [0, 47, 57], []
[2025-01-29 23:58:21,253][__main__][INFO] - [0, 47, 58], []
[2025-01-29 23:58:21,288][__main__][INFO] - [0, 47, 59], []
[2025-01-29 23:58:21,518][__main__][INFO] - [0, 48, 50], []
[2025-01-29 23:58:21,573][__main__][INFO] - [0, 48, 51], []
[2025-01-29 23:58:21,615][__main__][INFO] - [0, 48, 52], []
[2025-01-29 23:58:21,660][__main__][INFO] - [0, 48, 53], []
[2025-01-29 23:58:21,702][__main__][INFO] - [0, 48, 54], []
[2025-01-29 23:58:21,741][__main__][INFO] - [0, 48, 55], []
[2025-01-29 23:58:21,779][__main__][INFO] - [0, 48, 56], []
[2025-01-29 23:58:21,815][__main__][INFO] - [0, 48, 57], []
[2025-01-29 23:58:21,849][__main__][INFO] - [0, 48, 58], []
[2025-01-29 23:58:21,881][__main__][INFO] - [0, 48, 59], []
[2025-01-29 23:58:22,049][__main__][INFO] - [0, 49, 50], []
[2025-01-29 23:58:22,068][__main__][INFO] - [0, 49, 51], []
[2025-01-29 23:58:22,086][__main__][INFO] - [0, 49, 52], []
[2025-01-29 23:58:22,104][__main__][INFO] - [0, 49, 53], []
[2025-01-29 23:58:22,121][__main__][INFO] - [0, 49, 54], []
[2025-01-29 23:58:22,139][__main__][INFO] - [0, 49, 55], []
[2025-01-29 23:58:22,157][__main__][INFO] - [0, 49, 56], []
[2025-01-29 23:58:22,174][__main__][INFO] - [0, 49, 57], []
[2025-01-29 23:58:22,191][__main__][INFO] - [0, 49, 58], []
[2025-01-29 23:58:22,209][__main__][INFO] - [0, 49, 59], []
[2025-01-29 23:58:22,256][__main__][INFO] - [1, 10], [0]
[2025-01-29 23:58:22,285][__main__][INFO] - [1, 11], [0]
[2025-01-29 23:58:22,318][__main__][INFO] - [1, 12], [0]
[2025-01-29 23:58:22,353][__main__][INFO] - [1, 13], [0]
[2025-01-29 23:58:22,383][__main__][INFO] - [1, 14], [0]
[2025-01-29 23:58:22,413][__main__][INFO] - [1, 15], [0]
[2025-01-29 23:58:22,444][__main__][INFO] - [1, 16], [0]
[2025-01-29 23:58:22,467][__main__][INFO] - [1, 17], [0]
[2025-01-29 23:58:22,487][__main__][INFO] - [1, 18], [0]
[2025-01-29 23:58:22,505][__main__][INFO] - [1, 19], [0]
[2025-01-29 23:58:22,521][__main__][INFO] - [1, 20], [0]
[2025-01-29 23:58:22,603][__main__][INFO] - [1, 21], [0]
[2025-01-29 23:58:22,620][__main__][INFO] - [1, 22], [0]
[2025-01-29 23:58:22,719][__main__][INFO] - [1, 26], [0]
[2025-01-29 23:58:22,744][__main__][INFO] - [1], [0, 26]
[2025-01-29 23:58:22,862][__main__][INFO] - [1, 27], [0]
[2025-01-29 23:58:22,944][__main__][INFO] - [1, 28], [0]
[2025-01-29 23:58:22,984][__main__][INFO] - [1, 29], [0]
[2025-01-29 23:58:23,017][__main__][INFO] - [1, 30], [0]
[2025-01-29 23:58:23,033][__main__][INFO] - [1, 31], [0]
[2025-01-29 23:58:23,049][__main__][INFO] - [1, 32], [0]
[2025-01-29 23:58:23,144][__main__][INFO] - [1, 33], [0]
[2025-01-29 23:58:23,163][__main__][INFO] - [1, 34], [0]
[2025-01-29 23:58:23,180][__main__][INFO] - [1, 35], [0]
[2025-01-29 23:58:23,196][__main__][INFO] - [1, 36], [0]
[2025-01-29 23:58:23,237][__main__][INFO] - [1, 37], [0]
[2025-01-29 23:58:23,339][__main__][INFO] - [1, 38], [0]
[2025-01-29 23:58:23,361][__main__][INFO] - [1, 39], [0]
[2025-01-29 23:58:23,391][__main__][INFO] - [1, 40], [0]
[2025-01-29 23:58:23,407][__main__][INFO] - [1, 41], [0]
[2025-01-29 23:58:23,463][__main__][INFO] - [1], [0, 41]
[2025-01-29 23:58:23,547][__main__][INFO] - [1, 42], [0]
[2025-01-29 23:58:23,566][__main__][INFO] - [1], [0, 42]
[2025-01-29 23:58:23,693][__main__][INFO] - [1, 43], [0]
[2025-01-29 23:58:23,711][__main__][INFO] - [1], [0, 43]
[2025-01-29 23:58:23,840][__main__][INFO] - [1, 44], [0]
[2025-01-29 23:58:23,955][__main__][INFO] - [1, 45], [0]
[2025-01-29 23:58:23,972][__main__][INFO] - [1, 46], [0]
[2025-01-29 23:58:23,994][__main__][INFO] - [1, 47], [0]
[2025-01-29 23:58:24,152][__main__][INFO] - [1, 50], [0]
[2025-01-29 23:58:24,178][__main__][INFO] - [1, 51], [0]
[2025-01-29 23:58:24,200][__main__][INFO] - [1, 52], [0]
[2025-01-29 23:58:24,226][__main__][INFO] - [1, 53], [0]
[2025-01-29 23:58:24,251][__main__][INFO] - [1, 54], [0]
[2025-01-29 23:58:24,267][__main__][INFO] - [1, 55], [0]
[2025-01-29 23:58:24,289][__main__][INFO] - [1, 56], [0]
[2025-01-29 23:58:24,313][__main__][INFO] - [1, 57], [0]
[2025-01-29 23:58:24,334][__main__][INFO] - [1, 58], [0]
[2025-01-29 23:58:24,349][__main__][INFO] - [1, 59], [0]
[2025-01-29 23:58:24,391][__main__][INFO] - [2, 10], [0]
[2025-01-29 23:58:24,474][__main__][INFO] - [2, 11], [0]
[2025-01-29 23:58:24,563][__main__][INFO] - [2, 12], [0]
[2025-01-29 23:58:24,663][__main__][INFO] - [2, 13], [0]
[2025-01-29 23:58:24,755][__main__][INFO] - [2, 14], [0]
[2025-01-29 23:58:24,846][__main__][INFO] - [2, 15], [0]
[2025-01-29 23:58:24,942][__main__][INFO] - [2, 16], [0]
[2025-01-29 23:58:25,046][__main__][INFO] - [2, 17], [0]
[2025-01-29 23:58:25,135][__main__][INFO] - [2, 18], [0]
[2025-01-29 23:58:25,184][__main__][INFO] - [2, 19], [0]
[2025-01-29 23:58:25,215][__main__][INFO] - [2, 20], [0]
[2025-01-29 23:58:26,050][__main__][INFO] - [2, 21], [0]
[2025-01-29 23:58:26,068][__main__][INFO] - [2, 22], [0]
[2025-01-29 23:58:26,150][__main__][INFO] - [2, 23], [0]
[2025-01-29 23:58:26,185][__main__][INFO] - [2, 24], [0]
[2025-01-29 23:58:26,202][__main__][INFO] - [2, 25], [0]
[2025-01-29 23:58:26,219][__main__][INFO] - [2, 26], [0]
[2025-01-29 23:58:26,424][__main__][INFO] - [2], [0, 26]
[2025-01-29 23:58:27,114][__main__][INFO] - [2, 27], [0]
[2025-01-29 23:58:27,856][__main__][INFO] - [2, 28], [0]
[2025-01-29 23:58:27,917][__main__][INFO] - [2, 29], [0]
[2025-01-29 23:58:27,978][__main__][INFO] - [2, 30], [0]
[2025-01-29 23:58:28,003][__main__][INFO] - [2, 31], [0]
[2025-01-29 23:58:28,019][__main__][INFO] - [2, 32], [0]
[2025-01-29 23:58:28,600][__main__][INFO] - [2, 33], [0]
[2025-01-29 23:58:28,696][__main__][INFO] - [2, 34], [0]
[2025-01-29 23:58:28,718][__main__][INFO] - [2, 35], [0]
[2025-01-29 23:58:28,745][__main__][INFO] - [2, 36], [0]
[2025-01-29 23:58:28,883][__main__][INFO] - [2, 37], [0]
[2025-01-29 23:58:29,329][__main__][INFO] - [2, 38], [0]
[2025-01-29 23:58:29,536][__main__][INFO] - [2, 39], [0]
[2025-01-29 23:58:29,656][__main__][INFO] - [2, 40], [0]
[2025-01-29 23:58:29,684][__main__][INFO] - [2, 41], [0]
[2025-01-29 23:58:29,794][__main__][INFO] - [2], [0, 41]
[2025-01-29 23:58:30,623][__main__][INFO] - [2, 42], [0]
[2025-01-29 23:58:30,680][__main__][INFO] - [2], [0, 42]
[2025-01-29 23:58:31,691][__main__][INFO] - [2, 43], [0]
[2025-01-29 23:58:31,724][__main__][INFO] - [2], [0, 43]
[2025-01-29 23:58:32,812][__main__][INFO] - [2, 44], [0]
[2025-01-29 23:58:33,773][__main__][INFO] - [2, 45], [0]
[2025-01-29 23:58:33,828][__main__][INFO] - [2, 46], [0]
[2025-01-29 23:58:33,873][__main__][INFO] - [2, 47], [0]
[2025-01-29 23:58:35,072][__main__][INFO] - [2, 50], [0]
[2025-01-29 23:58:35,132][__main__][INFO] - [2, 51], [0]
[2025-01-29 23:58:35,173][__main__][INFO] - [2, 52], [0]
[2025-01-29 23:58:35,223][__main__][INFO] - [2, 53], [0]
[2025-01-29 23:58:35,278][__main__][INFO] - [2, 54], [0]
[2025-01-29 23:58:35,329][__main__][INFO] - [2, 55], [0]
[2025-01-29 23:58:35,376][__main__][INFO] - [2, 56], [0]
[2025-01-29 23:58:35,422][__main__][INFO] - [2, 57], [0]
[2025-01-29 23:58:35,466][__main__][INFO] - [2, 58], [0]
[2025-01-29 23:58:35,506][__main__][INFO] - [2, 59], [0]
[2025-01-29 23:58:35,803][__main__][INFO] - [3, 10], [0]
[2025-01-29 23:58:35,832][__main__][INFO] - [3, 11], [0]
[2025-01-29 23:58:35,858][__main__][INFO] - [3, 12], [0]
[2025-01-29 23:58:35,880][__main__][INFO] - [3, 13], [0]
[2025-01-29 23:58:35,902][__main__][INFO] - [3, 14], [0]
[2025-01-29 23:58:35,925][__main__][INFO] - [3, 15], [0]
[2025-01-29 23:58:35,944][__main__][INFO] - [3, 16], [0]
[2025-01-29 23:58:35,963][__main__][INFO] - [3, 17], [0]
[2025-01-29 23:58:35,979][__main__][INFO] - [3, 18], [0]
[2025-01-29 23:58:35,996][__main__][INFO] - [3, 19], [0]
[2025-01-29 23:58:36,012][__main__][INFO] - [3, 20], [0]
[2025-01-29 23:58:36,069][__main__][INFO] - [3, 21], [0]
[2025-01-29 23:58:36,090][__main__][INFO] - [3, 22], [0]
[2025-01-29 23:58:36,106][__main__][INFO] - [3, 23], [0]
[2025-01-29 23:58:36,136][__main__][INFO] - [3, 25], [0]
[2025-01-29 23:58:36,153][__main__][INFO] - [3, 26], [0]
[2025-01-29 23:58:36,173][__main__][INFO] - [3], [0, 26]
[2025-01-29 23:58:36,232][__main__][INFO] - [3, 27], [0]
[2025-01-29 23:58:36,290][__main__][INFO] - [3, 28], [0]
[2025-01-29 23:58:36,306][__main__][INFO] - [3, 29], [0]
[2025-01-29 23:58:36,322][__main__][INFO] - [3, 30], [0]
[2025-01-29 23:58:36,340][__main__][INFO] - [3, 31], [0]
[2025-01-29 23:58:36,356][__main__][INFO] - [3, 32], [0]
[2025-01-29 23:58:36,397][__main__][INFO] - [3, 33], [0]
[2025-01-29 23:58:36,415][__main__][INFO] - [3, 34], [0]
[2025-01-29 23:58:36,431][__main__][INFO] - [3, 35], [0]
[2025-01-29 23:58:36,449][__main__][INFO] - [3, 36], [0]
[2025-01-29 23:58:36,483][__main__][INFO] - [3, 37], [0]
[2025-01-29 23:58:36,508][__main__][INFO] - [3, 38], [0]
[2025-01-29 23:58:36,551][__main__][INFO] - [3, 39], [0]
[2025-01-29 23:58:36,576][__main__][INFO] - [3, 40], [0]
[2025-01-29 23:58:36,593][__main__][INFO] - [3, 41], [0]
[2025-01-29 23:58:36,610][__main__][INFO] - [3], [0, 41]
[2025-01-29 23:58:36,669][__main__][INFO] - [3, 42], [0]
[2025-01-29 23:58:36,687][__main__][INFO] - [3], [0, 42]
[2025-01-29 23:58:36,753][__main__][INFO] - [3, 43], [0]
[2025-01-29 23:58:36,771][__main__][INFO] - [3], [0, 43]
[2025-01-29 23:58:36,836][__main__][INFO] - [3, 44], [0]
[2025-01-29 23:58:36,893][__main__][INFO] - [3, 45], [0]
[2025-01-29 23:58:36,913][__main__][INFO] - [3, 46], [0]
[2025-01-29 23:58:36,935][__main__][INFO] - [3, 47], [0]
[2025-01-29 23:58:37,030][__main__][INFO] - [3, 50], [0]
[2025-01-29 23:58:37,051][__main__][INFO] - [3, 51], [0]
[2025-01-29 23:58:37,070][__main__][INFO] - [3, 52], [0]
[2025-01-29 23:58:37,089][__main__][INFO] - [3, 53], [0]
[2025-01-29 23:58:37,108][__main__][INFO] - [3, 54], [0]
[2025-01-29 23:58:37,127][__main__][INFO] - [3, 55], [0]
[2025-01-29 23:58:37,146][__main__][INFO] - [3, 56], [0]
[2025-01-29 23:58:37,165][__main__][INFO] - [3, 57], [0]
[2025-01-29 23:58:37,184][__main__][INFO] - [3, 58], [0]
[2025-01-29 23:58:37,202][__main__][INFO] - [3, 59], [0]
[2025-01-29 23:58:37,246][__main__][INFO] - [4, 10], [0]
[2025-01-29 23:58:37,280][__main__][INFO] - [4, 11], [0]
[2025-01-29 23:58:37,296][__main__][INFO] - [4, 12], [0]
[2025-01-29 23:58:37,332][__main__][INFO] - [4, 13], [0]
[2025-01-29 23:58:37,366][__main__][INFO] - [4, 14], [0]
[2025-01-29 23:58:37,383][__main__][INFO] - [4, 15], [0]
[2025-01-29 23:58:37,400][__main__][INFO] - [4, 16], [0]
[2025-01-29 23:58:37,417][__main__][INFO] - [4, 17], [0]
[2025-01-29 23:58:37,446][__main__][INFO] - [4, 18], [0]
[2025-01-29 23:58:37,463][__main__][INFO] - [4, 19], [0]
[2025-01-29 23:58:37,479][__main__][INFO] - [4, 20], [0]
[2025-01-29 23:58:37,550][__main__][INFO] - [4, 21], [0]
[2025-01-29 23:58:37,649][__main__][INFO] - [4, 22], [0]
[2025-01-29 23:58:37,666][__main__][INFO] - [4, 23], [0]
[2025-01-29 23:58:37,682][__main__][INFO] - [4, 24], [0]
[2025-01-29 23:58:37,698][__main__][INFO] - [4, 25], [0]
[2025-01-29 23:58:37,715][__main__][INFO] - [4, 26], [0]
[2025-01-29 23:58:37,731][__main__][INFO] - [4], [0, 26]
[2025-01-29 23:58:37,877][__main__][INFO] - [4, 27], [0]
[2025-01-29 23:58:37,944][__main__][INFO] - [4, 28], [0]
[2025-01-29 23:58:37,986][__main__][INFO] - [4, 29], [0]
[2025-01-29 23:58:38,055][__main__][INFO] - [4, 30], [0]
[2025-01-29 23:58:38,072][__main__][INFO] - [4, 31], [0]
[2025-01-29 23:58:38,088][__main__][INFO] - [4, 32], [0]
[2025-01-29 23:58:38,209][__main__][INFO] - [4, 33], [0]
[2025-01-29 23:58:38,231][__main__][INFO] - [4, 34], [0]
[2025-01-29 23:58:38,248][__main__][INFO] - [4, 35], [0]
[2025-01-29 23:58:38,264][__main__][INFO] - [4, 36], [0]
[2025-01-29 23:58:38,307][__main__][INFO] - [4, 37], [0]
[2025-01-29 23:58:38,434][__main__][INFO] - [4, 38], [0]
[2025-01-29 23:58:38,460][__main__][INFO] - [4, 39], [0]
[2025-01-29 23:58:38,490][__main__][INFO] - [4, 40], [0]
[2025-01-29 23:58:38,506][__main__][INFO] - [4, 41], [0]
[2025-01-29 23:58:38,603][__main__][INFO] - [4], [0, 41]
[2025-01-29 23:58:38,671][__main__][INFO] - [4, 42], [0]
[2025-01-29 23:58:38,688][__main__][INFO] - [4], [0, 42]
[2025-01-29 23:58:38,843][__main__][INFO] - [4, 43], [0]
[2025-01-29 23:58:38,859][__main__][INFO] - [4], [0, 43]
[2025-01-29 23:58:39,014][__main__][INFO] - [4, 44], [0]
[2025-01-29 23:58:39,163][__main__][INFO] - [4, 45], [0]
[2025-01-29 23:58:39,180][__main__][INFO] - [4, 46], [0]
[2025-01-29 23:58:39,203][__main__][INFO] - [4, 47], [0]
[2025-01-29 23:58:39,387][__main__][INFO] - [4, 50], [0]
[2025-01-29 23:58:39,414][__main__][INFO] - [4, 51], [0]
[2025-01-29 23:58:39,430][__main__][INFO] - [4, 52], [0]
[2025-01-29 23:58:39,453][__main__][INFO] - [4, 53], [0]
[2025-01-29 23:58:39,470][__main__][INFO] - [4, 54], [0]
[2025-01-29 23:58:39,486][__main__][INFO] - [4, 55], [0]
[2025-01-29 23:58:39,502][__main__][INFO] - [4, 56], [0]
[2025-01-29 23:58:39,523][__main__][INFO] - [4, 57], [0]
[2025-01-29 23:58:39,546][__main__][INFO] - [4, 58], [0]
[2025-01-29 23:58:39,566][__main__][INFO] - [4, 59], [0]
[2025-01-29 23:58:39,653][__main__][INFO] - [5, 10], [0]
[2025-01-29 23:58:39,674][__main__][INFO] - [5, 11], [0]
[2025-01-29 23:58:39,695][__main__][INFO] - [5, 12], [0]
[2025-01-29 23:58:39,718][__main__][INFO] - [5, 13], [0]
[2025-01-29 23:58:39,740][__main__][INFO] - [5, 14], [0]
[2025-01-29 23:58:39,756][__main__][INFO] - [5, 15], [0]
[2025-01-29 23:58:39,780][__main__][INFO] - [5, 16], [0]
[2025-01-29 23:58:39,796][__main__][INFO] - [5, 17], [0]
[2025-01-29 23:58:39,816][__main__][INFO] - [5, 18], [0]
[2025-01-29 23:58:39,832][__main__][INFO] - [5, 19], [0]
[2025-01-29 23:58:39,848][__main__][INFO] - [5, 20], [0]
[2025-01-29 23:58:39,920][__main__][INFO] - [5, 22], [0]
[2025-01-29 23:58:39,937][__main__][INFO] - [5, 23], [0]
[2025-01-29 23:58:39,954][__main__][INFO] - [5, 24], [0]
[2025-01-29 23:58:39,986][__main__][INFO] - [5, 26], [0]
[2025-01-29 23:58:40,009][__main__][INFO] - [5], [0, 26]
[2025-01-29 23:58:40,060][__main__][INFO] - [5, 27], [0]
[2025-01-29 23:58:40,117][__main__][INFO] - [5, 28], [0]
[2025-01-29 23:58:40,136][__main__][INFO] - [5, 29], [0]
[2025-01-29 23:58:40,154][__main__][INFO] - [5, 30], [0]
[2025-01-29 23:58:40,170][__main__][INFO] - [5, 31], [0]
[2025-01-29 23:58:40,186][__main__][INFO] - [5, 32], [0]
[2025-01-29 23:58:40,231][__main__][INFO] - [5, 33], [0]
[2025-01-29 23:58:40,253][__main__][INFO] - [5, 34], [0]
[2025-01-29 23:58:40,269][__main__][INFO] - [5, 35], [0]
[2025-01-29 23:58:40,286][__main__][INFO] - [5, 36], [0]
[2025-01-29 23:58:40,312][__main__][INFO] - [5, 37], [0]
[2025-01-29 23:58:40,359][__main__][INFO] - [5, 38], [0]
[2025-01-29 23:58:40,381][__main__][INFO] - [5, 39], [0]
[2025-01-29 23:58:40,403][__main__][INFO] - [5, 40], [0]
[2025-01-29 23:58:40,419][__main__][INFO] - [5, 41], [0]
[2025-01-29 23:58:40,438][__main__][INFO] - [5], [0, 41]
[2025-01-29 23:58:40,495][__main__][INFO] - [5, 42], [0]
[2025-01-29 23:58:40,513][__main__][INFO] - [5], [0, 42]
[2025-01-29 23:58:40,572][__main__][INFO] - [5, 43], [0]
[2025-01-29 23:58:40,590][__main__][INFO] - [5], [0, 43]
[2025-01-29 23:58:40,648][__main__][INFO] - [5, 44], [0]
[2025-01-29 23:58:40,702][__main__][INFO] - [5, 45], [0]
[2025-01-29 23:58:40,719][__main__][INFO] - [5, 46], [0]
[2025-01-29 23:58:40,737][__main__][INFO] - [5, 47], [0]
[2025-01-29 23:58:40,828][__main__][INFO] - [5, 50], [0]
[2025-01-29 23:58:40,855][__main__][INFO] - [5, 51], [0]
[2025-01-29 23:58:40,874][__main__][INFO] - [5, 52], [0]
[2025-01-29 23:58:40,893][__main__][INFO] - [5, 53], [0]
[2025-01-29 23:58:40,910][__main__][INFO] - [5, 54], [0]
[2025-01-29 23:58:40,928][__main__][INFO] - [5, 55], [0]
[2025-01-29 23:58:40,944][__main__][INFO] - [5, 56], [0]
[2025-01-29 23:58:40,960][__main__][INFO] - [5, 57], [0]
[2025-01-29 23:58:40,976][__main__][INFO] - [5, 58], [0]
[2025-01-29 23:58:40,994][__main__][INFO] - [5, 59], [0]
[2025-01-29 23:58:41,031][__main__][INFO] - [6, 10], [0]
[2025-01-29 23:58:41,049][__main__][INFO] - [6, 11], [0]
[2025-01-29 23:58:41,068][__main__][INFO] - [6, 12], [0]
[2025-01-29 23:58:41,086][__main__][INFO] - [6, 13], [0]
[2025-01-29 23:58:41,104][__main__][INFO] - [6, 14], [0]
[2025-01-29 23:58:41,121][__main__][INFO] - [6, 15], [0]
[2025-01-29 23:58:41,139][__main__][INFO] - [6, 16], [0]
[2025-01-29 23:58:41,157][__main__][INFO] - [6, 17], [0]
[2025-01-29 23:58:41,175][__main__][INFO] - [6, 18], [0]
[2025-01-29 23:58:41,192][__main__][INFO] - [6, 19], [0]
[2025-01-29 23:58:41,209][__main__][INFO] - [6, 20], [0]
[2025-01-29 23:58:41,248][__main__][INFO] - [6, 22], [0]
[2025-01-29 23:58:41,306][__main__][INFO] - [6, 26], [0]
[2025-01-29 23:58:41,325][__main__][INFO] - [6], [0, 26]
[2025-01-29 23:58:41,349][__main__][INFO] - [6, 27], [0]
[2025-01-29 23:58:41,374][__main__][INFO] - [6, 28], [0]
[2025-01-29 23:58:41,390][__main__][INFO] - [6, 29], [0]
[2025-01-29 23:58:41,435][__main__][INFO] - [6, 32], [0]
[2025-01-29 23:58:41,458][__main__][INFO] - [6, 33], [0]
[2025-01-29 23:58:41,503][__main__][INFO] - [6, 36], [0]
[2025-01-29 23:58:41,521][__main__][INFO] - [6, 37], [0]
[2025-01-29 23:58:41,544][__main__][INFO] - [6, 38], [0]
[2025-01-29 23:58:41,562][__main__][INFO] - [6, 39], [0]
[2025-01-29 23:58:41,578][__main__][INFO] - [6, 40], [0]
[2025-01-29 23:58:41,595][__main__][INFO] - [6, 41], [0]
[2025-01-29 23:58:41,612][__main__][INFO] - [6], [0, 41]
[2025-01-29 23:58:41,637][__main__][INFO] - [6, 42], [0]
[2025-01-29 23:58:41,655][__main__][INFO] - [6], [0, 42]
[2025-01-29 23:58:41,680][__main__][INFO] - [6, 43], [0]
[2025-01-29 23:58:41,697][__main__][INFO] - [6], [0, 43]
[2025-01-29 23:58:41,723][__main__][INFO] - [6, 44], [0]
[2025-01-29 23:58:41,747][__main__][INFO] - [6, 45], [0]
[2025-01-29 23:58:41,765][__main__][INFO] - [6, 46], [0]
[2025-01-29 23:58:41,783][__main__][INFO] - [6, 47], [0]
[2025-01-29 23:58:41,835][__main__][INFO] - [6, 50], [0]
[2025-01-29 23:58:41,853][__main__][INFO] - [6, 51], [0]
[2025-01-29 23:58:41,871][__main__][INFO] - [6, 52], [0]
[2025-01-29 23:58:41,889][__main__][INFO] - [6, 53], [0]
[2025-01-29 23:58:41,907][__main__][INFO] - [6, 54], [0]
[2025-01-29 23:58:41,925][__main__][INFO] - [6, 55], [0]
[2025-01-29 23:58:41,942][__main__][INFO] - [6, 56], [0]
[2025-01-29 23:58:41,959][__main__][INFO] - [6, 57], [0]
[2025-01-29 23:58:41,977][__main__][INFO] - [6, 58], [0]
[2025-01-29 23:58:41,994][__main__][INFO] - [6, 59], [0]
[2025-01-29 23:58:42,025][__main__][INFO] - [7, 10], [0]
[2025-01-29 23:58:42,041][__main__][INFO] - [7, 11], [0]
[2025-01-29 23:58:42,058][__main__][INFO] - [7, 12], [0]
[2025-01-29 23:58:42,075][__main__][INFO] - [7, 13], [0]
[2025-01-29 23:58:42,091][__main__][INFO] - [7, 14], [0]
[2025-01-29 23:58:42,108][__main__][INFO] - [7, 15], [0]
[2025-01-29 23:58:42,124][__main__][INFO] - [7, 16], [0]
[2025-01-29 23:58:42,140][__main__][INFO] - [7, 17], [0]
[2025-01-29 23:58:42,185][__main__][INFO] - [7, 20], [0]
[2025-01-29 23:58:42,257][__main__][INFO] - [7, 25], [0]
[2025-01-29 23:58:42,274][__main__][INFO] - [7, 26], [0]
[2025-01-29 23:58:42,290][__main__][INFO] - [7], [0, 26]
[2025-01-29 23:58:42,307][__main__][INFO] - [7, 27], [0]
[2025-01-29 23:58:42,324][__main__][INFO] - [7, 28], [0]
[2025-01-29 23:58:42,342][__main__][INFO] - [7, 29], [0]
[2025-01-29 23:58:42,373][__main__][INFO] - [7, 31], [0]
[2025-01-29 23:58:42,391][__main__][INFO] - [7, 32], [0]
[2025-01-29 23:58:42,408][__main__][INFO] - [7, 33], [0]
[2025-01-29 23:58:42,456][__main__][INFO] - [7, 36], [0]
[2025-01-29 23:58:42,474][__main__][INFO] - [7, 37], [0]
[2025-01-29 23:58:42,491][__main__][INFO] - [7, 38], [0]
[2025-01-29 23:58:42,508][__main__][INFO] - [7, 39], [0]
[2025-01-29 23:58:42,540][__main__][INFO] - [7, 41], [0]
[2025-01-29 23:58:42,558][__main__][INFO] - [7], [0, 41]
[2025-01-29 23:58:42,576][__main__][INFO] - [7, 42], [0]
[2025-01-29 23:58:42,593][__main__][INFO] - [7], [0, 42]
[2025-01-29 23:58:42,610][__main__][INFO] - [7, 43], [0]
[2025-01-29 23:58:42,627][__main__][INFO] - [7], [0, 43]
[2025-01-29 23:58:42,645][__main__][INFO] - [7, 44], [0]
[2025-01-29 23:58:42,662][__main__][INFO] - [7, 45], [0]
[2025-01-29 23:58:42,680][__main__][INFO] - [7, 46], [0]
[2025-01-29 23:58:42,697][__main__][INFO] - [7, 47], [0]
[2025-01-29 23:58:42,744][__main__][INFO] - [7, 50], [0]
[2025-01-29 23:58:42,762][__main__][INFO] - [7, 51], [0]
[2025-01-29 23:58:42,779][__main__][INFO] - [7, 52], [0]
[2025-01-29 23:58:42,796][__main__][INFO] - [7, 53], [0]
[2025-01-29 23:58:42,814][__main__][INFO] - [7, 54], [0]
[2025-01-29 23:58:42,831][__main__][INFO] - [7, 55], [0]
[2025-01-29 23:58:42,848][__main__][INFO] - [7, 56], [0]
[2025-01-29 23:58:42,865][__main__][INFO] - [7, 57], [0]
[2025-01-29 23:58:42,882][__main__][INFO] - [7, 58], [0]
[2025-01-29 23:58:42,900][__main__][INFO] - [7, 59], [0]
[2025-01-29 23:58:42,931][__main__][INFO] - [8, 10], [0]
[2025-01-29 23:58:42,948][__main__][INFO] - [8, 11], [0]
[2025-01-29 23:58:42,966][__main__][INFO] - [8, 12], [0]
[2025-01-29 23:58:42,983][__main__][INFO] - [8, 13], [0]
[2025-01-29 23:58:43,000][__main__][INFO] - [8, 14], [0]
[2025-01-29 23:58:43,019][__main__][INFO] - [8, 15], [0]
[2025-01-29 23:58:43,037][__main__][INFO] - [8, 16], [0]
[2025-01-29 23:58:43,055][__main__][INFO] - [8, 17], [0]
[2025-01-29 23:58:43,102][__main__][INFO] - [8, 20], [0]
[2025-01-29 23:58:43,136][__main__][INFO] - [8, 22], [0]
[2025-01-29 23:58:43,198][__main__][INFO] - [8, 26], [0]
[2025-01-29 23:58:43,216][__main__][INFO] - [8], [0, 26]
[2025-01-29 23:58:43,235][__main__][INFO] - [8, 27], [0]
[2025-01-29 23:58:43,255][__main__][INFO] - [8, 28], [0]
[2025-01-29 23:58:43,276][__main__][INFO] - [8, 29], [0]
[2025-01-29 23:58:43,334][__main__][INFO] - [8, 32], [0]
[2025-01-29 23:58:43,352][__main__][INFO] - [8, 33], [0]
[2025-01-29 23:58:43,400][__main__][INFO] - [8, 36], [0]
[2025-01-29 23:58:43,419][__main__][INFO] - [8, 37], [0]
[2025-01-29 23:58:43,437][__main__][INFO] - [8, 38], [0]
[2025-01-29 23:58:43,455][__main__][INFO] - [8, 39], [0]
[2025-01-29 23:58:43,488][__main__][INFO] - [8, 41], [0]
[2025-01-29 23:58:43,506][__main__][INFO] - [8], [0, 41]
[2025-01-29 23:58:43,525][__main__][INFO] - [8, 42], [0]
[2025-01-29 23:58:43,543][__main__][INFO] - [8], [0, 42]
[2025-01-29 23:58:43,562][__main__][INFO] - [8, 43], [0]
[2025-01-29 23:58:43,579][__main__][INFO] - [8], [0, 43]
[2025-01-29 23:58:43,599][__main__][INFO] - [8, 44], [0]
[2025-01-29 23:58:43,618][__main__][INFO] - [8, 45], [0]
[2025-01-29 23:58:43,651][__main__][INFO] - [8, 47], [0]
[2025-01-29 23:58:43,700][__main__][INFO] - [8, 50], [0]
[2025-01-29 23:58:43,718][__main__][INFO] - [8, 51], [0]
[2025-01-29 23:58:43,736][__main__][INFO] - [8, 52], [0]
[2025-01-29 23:58:43,753][__main__][INFO] - [8, 53], [0]
[2025-01-29 23:58:43,771][__main__][INFO] - [8, 54], [0]
[2025-01-29 23:58:43,789][__main__][INFO] - [8, 55], [0]
[2025-01-29 23:58:43,806][__main__][INFO] - [8, 56], [0]
[2025-01-29 23:58:43,824][__main__][INFO] - [8, 57], [0]
[2025-01-29 23:58:43,857][__main__][INFO] - [8, 59], [0]
[2025-01-29 23:58:43,903][__main__][INFO] - [10, 20], [0]
[2025-01-29 23:58:44,028][__main__][INFO] - [10, 21], [0]
[2025-01-29 23:58:44,047][__main__][INFO] - [10, 22], [0]
[2025-01-29 23:58:44,067][__main__][INFO] - [10, 23], [0]
[2025-01-29 23:58:44,084][__main__][INFO] - [10, 24], [0]
[2025-01-29 23:58:44,101][__main__][INFO] - [10, 25], [0]
[2025-01-29 23:58:44,118][__main__][INFO] - [10, 26], [0]
[2025-01-29 23:58:44,140][__main__][INFO] - [10], [0, 26]
[2025-01-29 23:58:44,266][__main__][INFO] - [10, 27], [0]
[2025-01-29 23:58:44,391][__main__][INFO] - [10, 28], [0]
[2025-01-29 23:58:44,408][__main__][INFO] - [10, 29], [0]
[2025-01-29 23:58:44,426][__main__][INFO] - [10, 30], [0]
[2025-01-29 23:58:44,520][__main__][INFO] - [10, 36], [0]
[2025-01-29 23:58:44,649][__main__][INFO] - [10, 37], [0]
[2025-01-29 23:58:44,720][__main__][INFO] - [10, 38], [0]
[2025-01-29 23:58:44,767][__main__][INFO] - [10, 39], [0]
[2025-01-29 23:58:44,805][__main__][INFO] - [10, 40], [0]
[2025-01-29 23:58:44,824][__main__][INFO] - [10, 41], [0]
[2025-01-29 23:58:44,842][__main__][INFO] - [10], [0, 41]
[2025-01-29 23:58:44,966][__main__][INFO] - [10, 42], [0]
[2025-01-29 23:58:44,983][__main__][INFO] - [10], [0, 42]
[2025-01-29 23:58:45,112][__main__][INFO] - [10, 43], [0]
[2025-01-29 23:58:45,131][__main__][INFO] - [10], [0, 43]
[2025-01-29 23:58:45,259][__main__][INFO] - [10, 44], [0]
[2025-01-29 23:58:45,329][__main__][INFO] - [10, 45], [0]
[2025-01-29 23:58:45,349][__main__][INFO] - [10, 46], [0]
[2025-01-29 23:58:45,414][__main__][INFO] - [10, 47], [0]
[2025-01-29 23:58:45,572][__main__][INFO] - [10, 50], [0]
[2025-01-29 23:58:45,596][__main__][INFO] - [10, 51], [0]
[2025-01-29 23:58:45,619][__main__][INFO] - [10, 52], [0]
[2025-01-29 23:58:45,644][__main__][INFO] - [10, 53], [0]
[2025-01-29 23:58:45,669][__main__][INFO] - [10, 54], [0]
[2025-01-29 23:58:45,693][__main__][INFO] - [10, 55], [0]
[2025-01-29 23:58:45,716][__main__][INFO] - [10, 56], [0]
[2025-01-29 23:58:45,738][__main__][INFO] - [10, 57], [0]
[2025-01-29 23:58:45,758][__main__][INFO] - [10, 58], [0]
[2025-01-29 23:58:45,779][__main__][INFO] - [10, 59], [0]
[2025-01-29 23:58:45,840][__main__][INFO] - [11, 20], [0]
[2025-01-29 23:58:45,970][__main__][INFO] - [11, 21], [0]
[2025-01-29 23:58:45,988][__main__][INFO] - [11, 22], [0]
[2025-01-29 23:58:46,010][__main__][INFO] - [11, 23], [0]
[2025-01-29 23:58:46,027][__main__][INFO] - [11, 24], [0]
[2025-01-29 23:58:46,045][__main__][INFO] - [11, 25], [0]
[2025-01-29 23:58:46,062][__main__][INFO] - [11, 26], [0]
[2025-01-29 23:58:46,085][__main__][INFO] - [11], [0, 26]
[2025-01-29 23:58:46,216][__main__][INFO] - [11, 27], [0]
[2025-01-29 23:58:46,347][__main__][INFO] - [11, 28], [0]
[2025-01-29 23:58:46,365][__main__][INFO] - [11, 29], [0]
[2025-01-29 23:58:46,382][__main__][INFO] - [11, 30], [0]
[2025-01-29 23:58:46,401][__main__][INFO] - [11, 31], [0]
[2025-01-29 23:58:46,419][__main__][INFO] - [11, 32], [0]
[2025-01-29 23:58:46,478][__main__][INFO] - [11, 34], [0]
[2025-01-29 23:58:46,510][__main__][INFO] - [11, 36], [0]
[2025-01-29 23:58:46,619][__main__][INFO] - [11, 37], [0]
[2025-01-29 23:58:46,702][__main__][INFO] - [11, 38], [0]
[2025-01-29 23:58:46,747][__main__][INFO] - [11, 39], [0]
[2025-01-29 23:58:46,784][__main__][INFO] - [11, 40], [0]
[2025-01-29 23:58:46,803][__main__][INFO] - [11, 41], [0]
[2025-01-29 23:58:46,820][__main__][INFO] - [11], [0, 41]
[2025-01-29 23:58:46,953][__main__][INFO] - [11, 42], [0]
[2025-01-29 23:58:46,972][__main__][INFO] - [11], [0, 42]
[2025-01-29 23:58:47,116][__main__][INFO] - [11, 43], [0]
[2025-01-29 23:58:47,135][__main__][INFO] - [11], [0, 43]
[2025-01-29 23:58:47,279][__main__][INFO] - [11, 44], [0]
[2025-01-29 23:58:47,411][__main__][INFO] - [11, 45], [0]
[2025-01-29 23:58:47,448][__main__][INFO] - [11, 47], [0]
[2025-01-29 23:58:47,621][__main__][INFO] - [11, 50], [0]
[2025-01-29 23:58:47,649][__main__][INFO] - [11, 51], [0]
[2025-01-29 23:58:47,673][__main__][INFO] - [11, 52], [0]
[2025-01-29 23:58:47,698][__main__][INFO] - [11, 53], [0]
[2025-01-29 23:58:47,723][__main__][INFO] - [11, 54], [0]
[2025-01-29 23:58:47,745][__main__][INFO] - [11, 55], [0]
[2025-01-29 23:58:47,768][__main__][INFO] - [11, 56], [0]
[2025-01-29 23:58:47,790][__main__][INFO] - [11, 57], [0]
[2025-01-29 23:58:47,811][__main__][INFO] - [11, 58], [0]
[2025-01-29 23:58:47,832][__main__][INFO] - [11, 59], [0]
[2025-01-29 23:58:47,892][__main__][INFO] - [12, 20], [0]
[2025-01-29 23:58:48,030][__main__][INFO] - [12, 21], [0]
[2025-01-29 23:58:48,059][__main__][INFO] - [12, 22], [0]
[2025-01-29 23:58:48,086][__main__][INFO] - [12, 23], [0]
[2025-01-29 23:58:48,106][__main__][INFO] - [12, 24], [0]
[2025-01-29 23:58:48,124][__main__][INFO] - [12, 25], [0]
[2025-01-29 23:58:48,142][__main__][INFO] - [12, 26], [0]
[2025-01-29 23:58:48,167][__main__][INFO] - [12], [0, 26]
[2025-01-29 23:58:48,318][__main__][INFO] - [12, 27], [0]
[2025-01-29 23:58:48,451][__main__][INFO] - [12, 28], [0]
[2025-01-29 23:58:48,481][__main__][INFO] - [12, 29], [0]
[2025-01-29 23:58:48,500][__main__][INFO] - [12, 30], [0]
[2025-01-29 23:58:48,519][__main__][INFO] - [12, 31], [0]
[2025-01-29 23:58:48,537][__main__][INFO] - [12, 32], [0]
[2025-01-29 23:58:48,688][__main__][INFO] - [12, 33], [0]
[2025-01-29 23:58:48,708][__main__][INFO] - [12, 34], [0]
[2025-01-29 23:58:48,729][__main__][INFO] - [12, 35], [0]
[2025-01-29 23:58:48,762][__main__][INFO] - [12, 37], [0]
[2025-01-29 23:58:48,856][__main__][INFO] - [12, 38], [0]
[2025-01-29 23:58:48,903][__main__][INFO] - [12, 39], [0]
[2025-01-29 23:58:48,941][__main__][INFO] - [12, 40], [0]
[2025-01-29 23:58:48,960][__main__][INFO] - [12, 41], [0]
[2025-01-29 23:58:48,996][__main__][INFO] - [12], [0, 41]
[2025-01-29 23:58:49,134][__main__][INFO] - [12, 42], [0]
[2025-01-29 23:58:49,153][__main__][INFO] - [12], [0, 42]
[2025-01-29 23:58:49,311][__main__][INFO] - [12, 43], [0]
[2025-01-29 23:58:49,331][__main__][INFO] - [12], [0, 43]
[2025-01-29 23:58:49,487][__main__][INFO] - [12, 44], [0]
[2025-01-29 23:58:49,637][__main__][INFO] - [12, 45], [0]
[2025-01-29 23:58:49,674][__main__][INFO] - [12, 47], [0]
[2025-01-29 23:58:49,863][__main__][INFO] - [12, 50], [0]
[2025-01-29 23:58:49,898][__main__][INFO] - [12, 51], [0]
[2025-01-29 23:58:49,921][__main__][INFO] - [12, 52], [0]
[2025-01-29 23:58:49,944][__main__][INFO] - [12, 53], [0]
[2025-01-29 23:58:49,969][__main__][INFO] - [12, 54], [0]
[2025-01-29 23:58:49,993][__main__][INFO] - [12, 55], [0]
[2025-01-29 23:58:50,017][__main__][INFO] - [12, 56], [0]
[2025-01-29 23:58:50,040][__main__][INFO] - [12, 57], [0]
[2025-01-29 23:58:50,062][__main__][INFO] - [12, 58], [0]
[2025-01-29 23:58:50,084][__main__][INFO] - [12, 59], [0]
[2025-01-29 23:58:50,146][__main__][INFO] - [13, 20], [0]
[2025-01-29 23:58:50,250][__main__][INFO] - [13, 21], [0]
[2025-01-29 23:58:50,281][__main__][INFO] - [13, 22], [0]
[2025-01-29 23:58:50,313][__main__][INFO] - [13, 23], [0]
[2025-01-29 23:58:50,334][__main__][INFO] - [13, 24], [0]
[2025-01-29 23:58:50,353][__main__][INFO] - [13, 25], [0]
[2025-01-29 23:58:50,371][__main__][INFO] - [13, 26], [0]
[2025-01-29 23:58:50,397][__main__][INFO] - [13], [0, 26]
[2025-01-29 23:58:50,526][__main__][INFO] - [13, 27], [0]
[2025-01-29 23:58:50,629][__main__][INFO] - [13, 28], [0]
[2025-01-29 23:58:50,665][__main__][INFO] - [13, 29], [0]
[2025-01-29 23:58:50,691][__main__][INFO] - [13, 30], [0]
[2025-01-29 23:58:50,711][__main__][INFO] - [13, 31], [0]
[2025-01-29 23:58:50,729][__main__][INFO] - [13, 32], [0]
[2025-01-29 23:58:50,859][__main__][INFO] - [13, 33], [0]
[2025-01-29 23:58:50,883][__main__][INFO] - [13, 34], [0]
[2025-01-29 23:58:50,904][__main__][INFO] - [13, 35], [0]
[2025-01-29 23:58:50,938][__main__][INFO] - [13, 37], [0]
[2025-01-29 23:58:51,023][__main__][INFO] - [13, 38], [0]
[2025-01-29 23:58:51,065][__main__][INFO] - [13, 39], [0]
[2025-01-29 23:58:51,099][__main__][INFO] - [13, 40], [0]
[2025-01-29 23:58:51,118][__main__][INFO] - [13, 41], [0]
[2025-01-29 23:58:51,165][__main__][INFO] - [13], [0, 41]
[2025-01-29 23:58:51,268][__main__][INFO] - [13, 42], [0]
[2025-01-29 23:58:51,288][__main__][INFO] - [13], [0, 42]
[2025-01-29 23:58:51,429][__main__][INFO] - [13, 43], [0]
[2025-01-29 23:58:51,448][__main__][INFO] - [13], [0, 43]
[2025-01-29 23:58:51,592][__main__][INFO] - [13, 44], [0]
[2025-01-29 23:58:51,730][__main__][INFO] - [13, 45], [0]
[2025-01-29 23:58:51,765][__main__][INFO] - [13, 47], [0]
[2025-01-29 23:58:51,934][__main__][INFO] - [13, 50], [0]
[2025-01-29 23:58:51,960][__main__][INFO] - [13, 51], [0]
[2025-01-29 23:58:51,979][__main__][INFO] - [13, 52], [0]
[2025-01-29 23:58:52,001][__main__][INFO] - [13, 53], [0]
[2025-01-29 23:58:52,023][__main__][INFO] - [13, 54], [0]
[2025-01-29 23:58:52,044][__main__][INFO] - [13, 55], [0]
[2025-01-29 23:58:52,065][__main__][INFO] - [13, 56], [0]
[2025-01-29 23:58:52,087][__main__][INFO] - [13, 57], [0]
[2025-01-29 23:58:52,108][__main__][INFO] - [13, 58], [0]
[2025-01-29 23:58:52,128][__main__][INFO] - [13, 59], [0]
[2025-01-29 23:58:52,199][__main__][INFO] - [14, 20], [0]
[2025-01-29 23:58:52,288][__main__][INFO] - [14, 21], [0]
[2025-01-29 23:58:52,305][__main__][INFO] - [14, 22], [0]
[2025-01-29 23:58:52,344][__main__][INFO] - [14, 23], [0]
[2025-01-29 23:58:52,364][__main__][INFO] - [14, 24], [0]
[2025-01-29 23:58:52,381][__main__][INFO] - [14, 25], [0]
[2025-01-29 23:58:52,398][__main__][INFO] - [14, 26], [0]
[2025-01-29 23:58:52,423][__main__][INFO] - [14], [0, 26]
[2025-01-29 23:58:52,552][__main__][INFO] - [14, 27], [0]
[2025-01-29 23:58:52,643][__main__][INFO] - [14, 28], [0]
[2025-01-29 23:58:52,682][__main__][INFO] - [14, 29], [0]
[2025-01-29 23:58:52,719][__main__][INFO] - [14, 30], [0]
[2025-01-29 23:58:52,738][__main__][INFO] - [14, 31], [0]
[2025-01-29 23:58:52,754][__main__][INFO] - [14, 32], [0]
[2025-01-29 23:58:52,883][__main__][INFO] - [14, 33], [0]
[2025-01-29 23:58:52,905][__main__][INFO] - [14, 34], [0]
[2025-01-29 23:58:52,923][__main__][INFO] - [14, 35], [0]
[2025-01-29 23:58:52,955][__main__][INFO] - [14, 37], [0]
[2025-01-29 23:58:53,045][__main__][INFO] - [14, 38], [0]
[2025-01-29 23:58:53,085][__main__][INFO] - [14, 39], [0]
[2025-01-29 23:58:53,117][__main__][INFO] - [14, 40], [0]
[2025-01-29 23:58:53,135][__main__][INFO] - [14, 41], [0]
[2025-01-29 23:58:53,195][__main__][INFO] - [14], [0, 41]
[2025-01-29 23:58:53,289][__main__][INFO] - [14, 42], [0]
[2025-01-29 23:58:53,308][__main__][INFO] - [14], [0, 42]
[2025-01-29 23:58:53,448][__main__][INFO] - [14, 43], [0]
[2025-01-29 23:58:53,467][__main__][INFO] - [14], [0, 43]
[2025-01-29 23:58:53,605][__main__][INFO] - [14, 44], [0]
[2025-01-29 23:58:53,744][__main__][INFO] - [14, 45], [0]
[2025-01-29 23:58:53,778][__main__][INFO] - [14, 47], [0]
[2025-01-29 23:58:53,948][__main__][INFO] - [14, 50], [0]
[2025-01-29 23:58:53,972][__main__][INFO] - [14, 51], [0]
[2025-01-29 23:58:53,993][__main__][INFO] - [14, 52], [0]
[2025-01-29 23:58:54,014][__main__][INFO] - [14, 53], [0]
[2025-01-29 23:58:54,036][__main__][INFO] - [14, 54], [0]
[2025-01-29 23:58:54,058][__main__][INFO] - [14, 55], [0]
[2025-01-29 23:58:54,079][__main__][INFO] - [14, 56], [0]
[2025-01-29 23:58:54,101][__main__][INFO] - [14, 57], [0]
[2025-01-29 23:58:54,121][__main__][INFO] - [14, 58], [0]
[2025-01-29 23:58:54,141][__main__][INFO] - [14, 59], [0]
[2025-01-29 23:58:54,218][__main__][INFO] - [15, 20], [0]
[2025-01-29 23:58:54,308][__main__][INFO] - [15, 21], [0]
[2025-01-29 23:58:54,326][__main__][INFO] - [15, 22], [0]
[2025-01-29 23:58:54,365][__main__][INFO] - [15, 23], [0]
[2025-01-29 23:58:54,382][__main__][INFO] - [15, 24], [0]
[2025-01-29 23:58:54,398][__main__][INFO] - [15, 25], [0]
[2025-01-29 23:58:54,416][__main__][INFO] - [15, 26], [0]
[2025-01-29 23:58:54,445][__main__][INFO] - [15], [0, 26]
[2025-01-29 23:58:54,567][__main__][INFO] - [15, 27], [0]
[2025-01-29 23:58:54,657][__main__][INFO] - [15, 28], [0]
[2025-01-29 23:58:54,688][__main__][INFO] - [15, 29], [0]
[2025-01-29 23:58:54,730][__main__][INFO] - [15, 30], [0]
[2025-01-29 23:58:54,747][__main__][INFO] - [15, 31], [0]
[2025-01-29 23:58:54,763][__main__][INFO] - [15, 32], [0]
[2025-01-29 23:58:54,889][__main__][INFO] - [15, 33], [0]
[2025-01-29 23:58:54,914][__main__][INFO] - [15, 34], [0]
[2025-01-29 23:58:54,932][__main__][INFO] - [15, 35], [0]
[2025-01-29 23:58:54,964][__main__][INFO] - [15, 37], [0]
[2025-01-29 23:58:55,053][__main__][INFO] - [15, 38], [0]
[2025-01-29 23:58:55,095][__main__][INFO] - [15, 39], [0]
[2025-01-29 23:58:55,126][__main__][INFO] - [15, 40], [0]
[2025-01-29 23:58:55,145][__main__][INFO] - [15, 41], [0]
[2025-01-29 23:58:55,203][__main__][INFO] - [15], [0, 41]
[2025-01-29 23:58:55,293][__main__][INFO] - [15, 42], [0]
[2025-01-29 23:58:55,313][__main__][INFO] - [15], [0, 42]
[2025-01-29 23:58:55,447][__main__][INFO] - [15, 43], [0]
[2025-01-29 23:58:55,466][__main__][INFO] - [15], [0, 43]
[2025-01-29 23:58:55,599][__main__][INFO] - [15, 44], [0]
[2025-01-29 23:58:55,734][__main__][INFO] - [15, 45], [0]
[2025-01-29 23:58:55,769][__main__][INFO] - [15, 47], [0]
[2025-01-29 23:58:55,936][__main__][INFO] - [15, 50], [0]
[2025-01-29 23:58:55,960][__main__][INFO] - [15, 51], [0]
[2025-01-29 23:58:55,979][__main__][INFO] - [15, 52], [0]
[2025-01-29 23:58:55,999][__main__][INFO] - [15, 53], [0]
[2025-01-29 23:58:56,021][__main__][INFO] - [15, 54], [0]
[2025-01-29 23:58:56,042][__main__][INFO] - [15, 55], [0]
[2025-01-29 23:58:56,062][__main__][INFO] - [15, 56], [0]
[2025-01-29 23:58:56,082][__main__][INFO] - [15, 57], [0]
[2025-01-29 23:58:56,103][__main__][INFO] - [15, 58], [0]
[2025-01-29 23:58:56,123][__main__][INFO] - [15, 59], [0]
[2025-01-29 23:58:56,205][__main__][INFO] - [16, 20], [0]
[2025-01-29 23:58:56,302][__main__][INFO] - [16, 21], [0]
[2025-01-29 23:58:56,319][__main__][INFO] - [16, 22], [0]
[2025-01-29 23:58:56,354][__main__][INFO] - [16, 23], [0]
[2025-01-29 23:58:56,374][__main__][INFO] - [16, 24], [0]
[2025-01-29 23:58:56,390][__main__][INFO] - [16, 25], [0]
[2025-01-29 23:58:56,407][__main__][INFO] - [16, 26], [0]
[2025-01-29 23:58:56,444][__main__][INFO] - [16], [0, 26]
[2025-01-29 23:58:56,558][__main__][INFO] - [16, 27], [0]
[2025-01-29 23:58:56,658][__main__][INFO] - [16, 28], [0]
[2025-01-29 23:58:56,685][__main__][INFO] - [16, 29], [0]
[2025-01-29 23:58:56,726][__main__][INFO] - [16, 30], [0]
[2025-01-29 23:58:56,744][__main__][INFO] - [16, 31], [0]
[2025-01-29 23:58:56,761][__main__][INFO] - [16, 32], [0]
[2025-01-29 23:58:56,885][__main__][INFO] - [16, 33], [0]
[2025-01-29 23:58:56,930][__main__][INFO] - [16, 35], [0]
[2025-01-29 23:58:56,963][__main__][INFO] - [16, 37], [0]
[2025-01-29 23:58:57,055][__main__][INFO] - [16, 38], [0]
[2025-01-29 23:58:57,099][__main__][INFO] - [16, 39], [0]
[2025-01-29 23:58:57,130][__main__][INFO] - [16, 40], [0]
[2025-01-29 23:58:57,149][__main__][INFO] - [16, 41], [0]
[2025-01-29 23:58:57,199][__main__][INFO] - [16], [0, 41]
[2025-01-29 23:58:57,302][__main__][INFO] - [16, 42], [0]
[2025-01-29 23:58:57,324][__main__][INFO] - [16], [0, 42]
