[2025-01-29 13:49:19,215][__main__][INFO] - In total, there are 18381599 possible subgroups
[2025-01-29 13:49:19,271][__main__][INFO] - [0], []
[2025-01-29 13:49:19,310][__main__][INFO] - [1], []
[2025-01-29 13:49:19,860][__main__][INFO] - [2], []
[2025-01-29 13:49:20,472][__main__][INFO] - [3], []
[2025-01-29 13:49:21,021][__main__][INFO] - [4], []
[2025-01-29 13:49:21,623][__main__][INFO] - [5], []
[2025-01-29 13:49:22,205][__main__][INFO] - [6], []
[2025-01-29 13:49:22,783][__main__][INFO] - [7], []
[2025-01-29 13:49:23,245][__main__][INFO] - [8], []
[2025-01-29 13:49:23,453][__main__][INFO] - [9], []
[2025-01-29 13:49:23,574][__main__][INFO] - [10], []
[2025-01-29 13:49:25,793][__main__][INFO] - [], [10]
[2025-01-29 13:49:30,466][__main__][INFO] - [11], []
[2025-01-29 13:49:34,792][__main__][INFO] - [12], []
[2025-01-29 13:49:35,341][__main__][INFO] - [13], []
[2025-01-29 13:49:36,149][__main__][INFO] - [14], []
[2025-01-29 13:49:36,248][__main__][INFO] - [15], []
[2025-01-29 13:49:36,295][__main__][INFO] - [16], []
[2025-01-29 13:49:41,999][__main__][INFO] - [17], []
[2025-01-29 13:49:42,293][__main__][INFO] - [18], []
[2025-01-29 13:49:42,328][__main__][INFO] - [19], []
[2025-01-29 13:49:42,392][__main__][INFO] - [20], []
[2025-01-29 13:49:43,279][__main__][INFO] - [21], []
[2025-01-29 13:49:46,630][__main__][INFO] - [22], []
[2025-01-29 13:49:47,736][__main__][INFO] - [23], []
[2025-01-29 13:49:48,599][__main__][INFO] - [24], []
[2025-01-29 13:49:48,682][__main__][INFO] - [25], []
[2025-01-29 13:49:50,446][__main__][INFO] - [], [25]
[2025-01-29 13:49:55,548][__main__][INFO] - [26], []
[2025-01-29 13:49:55,893][__main__][INFO] - [], [26]
[2025-01-29 13:50:03,209][__main__][INFO] - [27], []
[2025-01-29 13:50:03,494][__main__][INFO] - [], [27]
[2025-01-29 13:50:10,877][__main__][INFO] - [28], []
[2025-01-29 13:50:17,424][__main__][INFO] - [29], []
[2025-01-29 13:50:17,843][__main__][INFO] - [30], []
[2025-01-29 13:50:17,880][__main__][INFO] - [31], []
[2025-01-29 13:50:20,925][__main__][INFO] - [], [31]
[2025-01-29 13:50:24,378][__main__][INFO] - [32], []
[2025-01-29 13:50:24,888][__main__][INFO] - [33], []
[2025-01-29 13:50:27,821][__main__][INFO] - [34], []
[2025-01-29 13:50:28,075][__main__][INFO] - [35], []
[2025-01-29 13:50:28,778][__main__][INFO] - [36], []
[2025-01-29 13:50:28,997][__main__][INFO] - [37], []
[2025-01-29 13:50:29,059][__main__][INFO] - [38], []
[2025-01-29 13:50:29,108][__main__][INFO] - [39], []
[2025-01-29 13:50:29,153][__main__][INFO] - [40], []
[2025-01-29 13:50:29,252][__main__][INFO] - [0, 10], []
[2025-01-29 13:50:29,294][__main__][INFO] - [0], [10]
[2025-01-29 13:50:29,339][__main__][INFO] - [0, 11], []
[2025-01-29 13:50:29,384][__main__][INFO] - [0, 12], []
[2025-01-29 13:50:29,426][__main__][INFO] - [0, 13], []
[2025-01-29 13:50:29,467][__main__][INFO] - [0, 14], []
[2025-01-29 13:50:29,509][__main__][INFO] - [0, 15], []
[2025-01-29 13:50:29,671][__main__][INFO] - [0, 20], []
[2025-01-29 13:50:29,716][__main__][INFO] - [0, 21], []
[2025-01-29 13:50:29,760][__main__][INFO] - [0, 22], []
[2025-01-29 13:50:29,802][__main__][INFO] - [0, 23], []
[2025-01-29 13:50:29,845][__main__][INFO] - [0, 24], []
[2025-01-29 13:50:29,887][__main__][INFO] - [0, 25], []
[2025-01-29 13:50:29,929][__main__][INFO] - [0], [25]
[2025-01-29 13:50:29,974][__main__][INFO] - [0, 26], []
[2025-01-29 13:50:30,016][__main__][INFO] - [0], [26]
[2025-01-29 13:50:30,061][__main__][INFO] - [0, 27], []
[2025-01-29 13:50:30,103][__main__][INFO] - [0], [27]
[2025-01-29 13:50:30,149][__main__][INFO] - [0, 28], []
[2025-01-29 13:50:30,192][__main__][INFO] - [0, 29], []
[2025-01-29 13:50:30,234][__main__][INFO] - [0, 30], []
[2025-01-29 13:50:30,278][__main__][INFO] - [0, 31], []
[2025-01-29 13:50:30,321][__main__][INFO] - [0], [31]
[2025-01-29 13:50:30,364][__main__][INFO] - [0, 32], []
[2025-01-29 13:50:30,407][__main__][INFO] - [0, 33], []
[2025-01-29 13:50:30,451][__main__][INFO] - [0, 34], []
[2025-01-29 13:50:30,493][__main__][INFO] - [0, 35], []
[2025-01-29 13:50:30,535][__main__][INFO] - [0, 36], []
[2025-01-29 13:50:30,577][__main__][INFO] - [0, 37], []
[2025-01-29 13:50:30,618][__main__][INFO] - [0, 38], []
[2025-01-29 13:50:30,660][__main__][INFO] - [0, 39], []
[2025-01-29 13:50:30,760][__main__][INFO] - [1, 10], []
[2025-01-29 13:50:30,825][__main__][INFO] - [1], [10]
[2025-01-29 13:50:31,342][__main__][INFO] - [1, 11], []
[2025-01-29 13:50:31,837][__main__][INFO] - [1, 12], []
[2025-01-29 13:50:31,897][__main__][INFO] - [1, 13], []
[2025-01-29 13:50:31,947][__main__][INFO] - [1, 14], []
[2025-01-29 13:50:31,994][__main__][INFO] - [1, 15], []
[2025-01-29 13:50:32,037][__main__][INFO] - [1, 16], []
[2025-01-29 13:50:32,183][__main__][INFO] - [1, 17], []
[2025-01-29 13:50:32,226][__main__][INFO] - [1, 18], []
[2025-01-29 13:50:32,268][__main__][INFO] - [1, 19], []
[2025-01-29 13:50:32,317][__main__][INFO] - [1, 20], []
[2025-01-29 13:50:32,727][__main__][INFO] - [1, 21], []
[2025-01-29 13:50:33,045][__main__][INFO] - [1, 22], []
[2025-01-29 13:50:33,196][__main__][INFO] - [1, 23], []
[2025-01-29 13:50:33,313][__main__][INFO] - [1, 24], []
[2025-01-29 13:50:33,359][__main__][INFO] - [1, 25], []
[2025-01-29 13:50:33,431][__main__][INFO] - [1], [25]
[2025-01-29 13:50:33,937][__main__][INFO] - [1, 26], []
[2025-01-29 13:50:33,981][__main__][INFO] - [1], [26]
[2025-01-29 13:50:34,514][__main__][INFO] - [1, 27], []
[2025-01-29 13:50:34,559][__main__][INFO] - [1], [27]
[2025-01-29 13:50:35,089][__main__][INFO] - [1, 28], []
[2025-01-29 13:50:35,624][__main__][INFO] - [1, 29], []
[2025-01-29 13:50:35,710][__main__][INFO] - [1, 31], []
[2025-01-29 13:50:35,977][__main__][INFO] - [1], [31]
[2025-01-29 13:50:36,258][__main__][INFO] - [1, 32], []
[2025-01-29 13:50:36,359][__main__][INFO] - [1, 33], []
[2025-01-29 13:50:36,662][__main__][INFO] - [1, 34], []
[2025-01-29 13:50:36,734][__main__][INFO] - [1, 35], []
[2025-01-29 13:50:36,826][__main__][INFO] - [1, 36], []
[2025-01-29 13:50:36,884][__main__][INFO] - [1, 37], []
[2025-01-29 13:50:36,928][__main__][INFO] - [1, 38], []
[2025-01-29 13:50:36,972][__main__][INFO] - [1, 39], []
[2025-01-29 13:50:37,073][__main__][INFO] - [2, 10], []
[2025-01-29 13:50:37,148][__main__][INFO] - [2], [10]
[2025-01-29 13:50:37,727][__main__][INFO] - [2, 11], []
[2025-01-29 13:50:38,230][__main__][INFO] - [2, 12], []
[2025-01-29 13:50:38,323][__main__][INFO] - [2, 13], []
[2025-01-29 13:50:38,389][__main__][INFO] - [2, 14], []
[2025-01-29 13:50:38,436][__main__][INFO] - [2, 15], []
[2025-01-29 13:50:38,479][__main__][INFO] - [2, 16], []
[2025-01-29 13:50:39,070][__main__][INFO] - [2, 17], []
[2025-01-29 13:50:39,117][__main__][INFO] - [2, 18], []
[2025-01-29 13:50:39,158][__main__][INFO] - [2, 19], []
[2025-01-29 13:50:39,233][__main__][INFO] - [2, 21], []
[2025-01-29 13:50:39,595][__main__][INFO] - [2, 22], []
[2025-01-29 13:50:39,745][__main__][INFO] - [2, 23], []
[2025-01-29 13:50:39,870][__main__][INFO] - [2, 24], []
[2025-01-29 13:50:39,916][__main__][INFO] - [2, 25], []
[2025-01-29 13:50:40,038][__main__][INFO] - [2], [25]
[2025-01-29 13:50:40,557][__main__][INFO] - [2, 26], []
[2025-01-29 13:50:40,602][__main__][INFO] - [2], [26]
[2025-01-29 13:50:41,217][__main__][INFO] - [2, 27], []
[2025-01-29 13:50:41,267][__main__][INFO] - [2], [27]
[2025-01-29 13:50:41,874][__main__][INFO] - [2, 28], []
[2025-01-29 13:50:42,453][__main__][INFO] - [2, 29], []
[2025-01-29 13:50:42,544][__main__][INFO] - [2, 31], []
[2025-01-29 13:50:42,836][__main__][INFO] - [2], [31]
[2025-01-29 13:50:43,148][__main__][INFO] - [2, 32], []
[2025-01-29 13:50:43,257][__main__][INFO] - [2, 33], []
[2025-01-29 13:50:43,590][__main__][INFO] - [2, 34], []
[2025-01-29 13:50:43,655][__main__][INFO] - [2, 35], []
[2025-01-29 13:50:43,763][__main__][INFO] - [2, 36], []
[2025-01-29 13:50:43,825][__main__][INFO] - [2, 37], []
[2025-01-29 13:50:43,870][__main__][INFO] - [2, 38], []
[2025-01-29 13:50:43,914][__main__][INFO] - [2, 39], []
[2025-01-29 13:50:44,014][__main__][INFO] - [3, 10], []
[2025-01-29 13:50:44,090][__main__][INFO] - [3], [10]
[2025-01-29 13:50:44,613][__main__][INFO] - [3, 11], []
[2025-01-29 13:50:45,004][__main__][INFO] - [3, 12], []
[2025-01-29 13:50:45,131][__main__][INFO] - [3, 13], []
[2025-01-29 13:50:45,220][__main__][INFO] - [3, 14], []
[2025-01-29 13:50:45,267][__main__][INFO] - [3, 15], []
[2025-01-29 13:50:45,310][__main__][INFO] - [3, 16], []
[2025-01-29 13:50:45,848][__main__][INFO] - [3, 17], []
[2025-01-29 13:50:45,903][__main__][INFO] - [3, 18], []
[2025-01-29 13:50:45,945][__main__][INFO] - [3, 19], []
[2025-01-29 13:50:46,017][__main__][INFO] - [3, 21], []
[2025-01-29 13:50:46,359][__main__][INFO] - [3, 22], []
[2025-01-29 13:50:46,501][__main__][INFO] - [3, 23], []
[2025-01-29 13:50:46,613][__main__][INFO] - [3, 24], []
[2025-01-29 13:50:46,660][__main__][INFO] - [3, 25], []
[2025-01-29 13:50:46,838][__main__][INFO] - [3], [25]
[2025-01-29 13:50:47,243][__main__][INFO] - [3, 26], []
[2025-01-29 13:50:47,292][__main__][INFO] - [3], [26]
[2025-01-29 13:50:47,858][__main__][INFO] - [3, 27], []
[2025-01-29 13:50:47,908][__main__][INFO] - [3], [27]
[2025-01-29 13:50:48,465][__main__][INFO] - [3, 28], []
[2025-01-29 13:50:49,004][__main__][INFO] - [3, 29], []
[2025-01-29 13:50:49,093][__main__][INFO] - [3, 31], []
[2025-01-29 13:50:49,363][__main__][INFO] - [3], [31]
[2025-01-29 13:50:49,646][__main__][INFO] - [3, 32], []
[2025-01-29 13:50:49,742][__main__][INFO] - [3, 33], []
[2025-01-29 13:50:50,073][__main__][INFO] - [3, 34], []
[2025-01-29 13:50:50,132][__main__][INFO] - [3, 35], []
[2025-01-29 13:50:50,245][__main__][INFO] - [3, 36], []
[2025-01-29 13:50:50,303][__main__][INFO] - [3, 37], []
[2025-01-29 13:50:50,348][__main__][INFO] - [3, 38], []
[2025-01-29 13:50:50,391][__main__][INFO] - [3, 39], []
[2025-01-29 13:50:50,493][__main__][INFO] - [4, 10], []
[2025-01-29 13:50:50,578][__main__][INFO] - [4], [10]
[2025-01-29 13:50:51,101][__main__][INFO] - [4, 11], []
[2025-01-29 13:50:51,436][__main__][INFO] - [4, 12], []
[2025-01-29 13:50:51,588][__main__][INFO] - [4, 13], []
[2025-01-29 13:50:51,727][__main__][INFO] - [4, 14], []
[2025-01-29 13:50:51,774][__main__][INFO] - [4, 15], []
[2025-01-29 13:50:51,818][__main__][INFO] - [4, 16], []
[2025-01-29 13:50:52,377][__main__][INFO] - [4, 17], []
[2025-01-29 13:50:52,433][__main__][INFO] - [4, 18], []
[2025-01-29 13:50:52,475][__main__][INFO] - [4, 19], []
[2025-01-29 13:50:52,548][__main__][INFO] - [4, 21], []
[2025-01-29 13:50:52,920][__main__][INFO] - [4, 22], []
[2025-01-29 13:50:53,055][__main__][INFO] - [4, 23], []
[2025-01-29 13:50:53,155][__main__][INFO] - [4, 24], []
[2025-01-29 13:50:53,202][__main__][INFO] - [4, 25], []
[2025-01-29 13:50:53,448][__main__][INFO] - [4], [25]
[2025-01-29 13:50:53,797][__main__][INFO] - [4, 26], []
[2025-01-29 13:50:53,848][__main__][INFO] - [4], [26]
[2025-01-29 13:50:54,425][__main__][INFO] - [4, 27], []
[2025-01-29 13:50:54,477][__main__][INFO] - [4], [27]
[2025-01-29 13:50:55,045][__main__][INFO] - [4, 28], []
[2025-01-29 13:50:55,595][__main__][INFO] - [4, 29], []
[2025-01-29 13:50:55,684][__main__][INFO] - [4, 31], []
[2025-01-29 13:50:55,972][__main__][INFO] - [4], [31]
[2025-01-29 13:50:56,251][__main__][INFO] - [4, 32], []
[2025-01-29 13:50:56,348][__main__][INFO] - [4, 33], []
[2025-01-29 13:50:56,664][__main__][INFO] - [4, 34], []
[2025-01-29 13:50:56,723][__main__][INFO] - [4, 35], []
[2025-01-29 13:50:56,844][__main__][INFO] - [4, 36], []
[2025-01-29 13:50:56,905][__main__][INFO] - [4, 37], []
[2025-01-29 13:50:56,949][__main__][INFO] - [4, 38], []
[2025-01-29 13:50:56,993][__main__][INFO] - [4, 39], []
[2025-01-29 13:50:57,094][__main__][INFO] - [5, 10], []
[2025-01-29 13:50:57,202][__main__][INFO] - [5], [10]
[2025-01-29 13:50:57,697][__main__][INFO] - [5, 11], []
[2025-01-29 13:50:58,025][__main__][INFO] - [5, 12], []
[2025-01-29 13:50:58,135][__main__][INFO] - [5, 13], []
[2025-01-29 13:50:58,297][__main__][INFO] - [5, 14], []
[2025-01-29 13:50:58,344][__main__][INFO] - [5, 15], []
[2025-01-29 13:50:58,388][__main__][INFO] - [5, 16], []
[2025-01-29 13:50:58,925][__main__][INFO] - [5, 17], []
[2025-01-29 13:50:58,986][__main__][INFO] - [5, 18], []
[2025-01-29 13:50:59,027][__main__][INFO] - [5, 19], []
[2025-01-29 13:50:59,101][__main__][INFO] - [5, 21], []
[2025-01-29 13:50:59,456][__main__][INFO] - [5, 22], []
[2025-01-29 13:50:59,593][__main__][INFO] - [5, 23], []
[2025-01-29 13:50:59,691][__main__][INFO] - [5, 24], []
[2025-01-29 13:50:59,738][__main__][INFO] - [5, 25], []
[2025-01-29 13:50:59,974][__main__][INFO] - [5], [25]
[2025-01-29 13:51:00,315][__main__][INFO] - [5, 26], []
[2025-01-29 13:51:00,368][__main__][INFO] - [5], [26]
[2025-01-29 13:51:00,932][__main__][INFO] - [5, 27], []
[2025-01-29 13:51:00,986][__main__][INFO] - [5], [27]
[2025-01-29 13:51:01,541][__main__][INFO] - [5, 28], []
[2025-01-29 13:51:02,074][__main__][INFO] - [5, 29], []
[2025-01-29 13:51:02,166][__main__][INFO] - [5, 31], []
[2025-01-29 13:51:02,438][__main__][INFO] - [5], [31]
[2025-01-29 13:51:02,723][__main__][INFO] - [5, 32], []
[2025-01-29 13:51:02,809][__main__][INFO] - [5, 33], []
[2025-01-29 13:51:03,140][__main__][INFO] - [5, 34], []
[2025-01-29 13:51:03,195][__main__][INFO] - [5, 35], []
[2025-01-29 13:51:03,306][__main__][INFO] - [5, 36], []
[2025-01-29 13:51:03,369][__main__][INFO] - [5, 37], []
[2025-01-29 13:51:03,413][__main__][INFO] - [5, 38], []
[2025-01-29 13:51:03,457][__main__][INFO] - [5, 39], []
[2025-01-29 13:51:03,559][__main__][INFO] - [6, 10], []
[2025-01-29 13:51:03,695][__main__][INFO] - [6], [10]
[2025-01-29 13:51:04,141][__main__][INFO] - [6, 11], []
[2025-01-29 13:51:04,502][__main__][INFO] - [6, 12], []
[2025-01-29 13:51:04,585][__main__][INFO] - [6, 13], []
[2025-01-29 13:51:04,738][__main__][INFO] - [6, 14], []
[2025-01-29 13:51:04,785][__main__][INFO] - [6, 15], []
[2025-01-29 13:51:04,828][__main__][INFO] - [6, 16], []
[2025-01-29 13:51:05,343][__main__][INFO] - [6, 17], []
[2025-01-29 13:51:05,440][__main__][INFO] - [6, 19], []
[2025-01-29 13:51:05,514][__main__][INFO] - [6, 21], []
[2025-01-29 13:51:05,853][__main__][INFO] - [6, 22], []
[2025-01-29 13:51:06,002][__main__][INFO] - [6, 23], []
[2025-01-29 13:51:06,094][__main__][INFO] - [6, 24], []
[2025-01-29 13:51:06,141][__main__][INFO] - [6, 25], []
[2025-01-29 13:51:06,344][__main__][INFO] - [6], [25]
[2025-01-29 13:51:06,721][__main__][INFO] - [6, 26], []
[2025-01-29 13:51:06,781][__main__][INFO] - [6], [26]
[2025-01-29 13:51:07,320][__main__][INFO] - [6, 27], []
[2025-01-29 13:51:07,378][__main__][INFO] - [6], [27]
[2025-01-29 13:51:07,924][__main__][INFO] - [6, 28], []
[2025-01-29 13:51:08,446][__main__][INFO] - [6, 29], []
[2025-01-29 13:51:08,542][__main__][INFO] - [6, 31], []
[2025-01-29 13:51:08,823][__main__][INFO] - [6], [31]
[2025-01-29 13:51:09,093][__main__][INFO] - [6, 32], []
[2025-01-29 13:51:09,164][__main__][INFO] - [6, 33], []
[2025-01-29 13:51:09,521][__main__][INFO] - [6, 34], []
[2025-01-29 13:51:09,575][__main__][INFO] - [6, 35], []
[2025-01-29 13:51:09,681][__main__][INFO] - [6, 36], []
[2025-01-29 13:51:09,743][__main__][INFO] - [6, 37], []
[2025-01-29 13:51:09,788][__main__][INFO] - [6, 38], []
[2025-01-29 13:51:09,831][__main__][INFO] - [6, 39], []
[2025-01-29 13:51:09,933][__main__][INFO] - [7, 10], []
[2025-01-29 13:51:10,081][__main__][INFO] - [7], [10]
[2025-01-29 13:51:10,403][__main__][INFO] - [7, 11], []
[2025-01-29 13:51:10,711][__main__][INFO] - [7, 12], []
[2025-01-29 13:51:10,776][__main__][INFO] - [7, 13], []
[2025-01-29 13:51:10,905][__main__][INFO] - [7, 14], []
[2025-01-29 13:51:10,950][__main__][INFO] - [7, 15], []
[2025-01-29 13:51:10,993][__main__][INFO] - [7, 16], []
[2025-01-29 13:51:11,365][__main__][INFO] - [7, 17], []
[2025-01-29 13:51:11,482][__main__][INFO] - [7, 19], []
[2025-01-29 13:51:11,559][__main__][INFO] - [7, 21], []
[2025-01-29 13:51:11,835][__main__][INFO] - [7, 22], []
[2025-01-29 13:51:11,963][__main__][INFO] - [7, 23], []
[2025-01-29 13:51:12,042][__main__][INFO] - [7, 24], []
[2025-01-29 13:51:12,088][__main__][INFO] - [7, 25], []
[2025-01-29 13:51:12,244][__main__][INFO] - [7], [25]
[2025-01-29 13:51:12,553][__main__][INFO] - [7, 26], []
[2025-01-29 13:51:12,625][__main__][INFO] - [7], [26]
[2025-01-29 13:51:13,031][__main__][INFO] - [7, 27], []
[2025-01-29 13:51:13,089][__main__][INFO] - [7], [27]
[2025-01-29 13:51:13,513][__main__][INFO] - [7, 28], []
[2025-01-29 13:51:13,930][__main__][INFO] - [7, 29], []
[2025-01-29 13:51:14,024][__main__][INFO] - [7, 31], []
[2025-01-29 13:51:14,271][__main__][INFO] - [7], [31]
[2025-01-29 13:51:14,483][__main__][INFO] - [7, 32], []
[2025-01-29 13:51:14,543][__main__][INFO] - [7, 33], []
[2025-01-29 13:51:14,845][__main__][INFO] - [7, 34], []
[2025-01-29 13:51:14,892][__main__][INFO] - [7, 35], []
[2025-01-29 13:51:14,983][__main__][INFO] - [7, 36], []
[2025-01-29 13:51:15,041][__main__][INFO] - [7, 37], []
[2025-01-29 13:51:15,084][__main__][INFO] - [7, 38], []
[2025-01-29 13:51:15,128][__main__][INFO] - [7, 39], []
[2025-01-29 13:51:15,229][__main__][INFO] - [8, 10], []
[2025-01-29 13:51:15,344][__main__][INFO] - [8], [10]
[2025-01-29 13:51:15,477][__main__][INFO] - [8, 11], []
[2025-01-29 13:51:15,626][__main__][INFO] - [8, 12], []
[2025-01-29 13:51:15,677][__main__][INFO] - [8, 13], []
[2025-01-29 13:51:15,759][__main__][INFO] - [8, 14], []
[2025-01-29 13:51:15,802][__main__][INFO] - [8, 15], []
[2025-01-29 13:51:15,845][__main__][INFO] - [8, 16], []
[2025-01-29 13:51:16,022][__main__][INFO] - [8, 17], []
[2025-01-29 13:51:16,119][__main__][INFO] - [8, 19], []
[2025-01-29 13:51:16,195][__main__][INFO] - [8, 21], []
[2025-01-29 13:51:16,337][__main__][INFO] - [8, 22], []
[2025-01-29 13:51:16,410][__main__][INFO] - [8, 23], []
[2025-01-29 13:51:16,473][__main__][INFO] - [8, 24], []
[2025-01-29 13:51:16,517][__main__][INFO] - [8, 25], []
[2025-01-29 13:51:16,610][__main__][INFO] - [8], [25]
[2025-01-29 13:51:16,761][__main__][INFO] - [8, 26], []
[2025-01-29 13:51:16,829][__main__][INFO] - [8], [26]
[2025-01-29 13:51:17,003][__main__][INFO] - [8, 27], []
[2025-01-29 13:51:17,057][__main__][INFO] - [8], [27]
[2025-01-29 13:51:17,249][__main__][INFO] - [8, 28], []
[2025-01-29 13:51:17,437][__main__][INFO] - [8, 29], []
[2025-01-29 13:51:17,528][__main__][INFO] - [8, 31], []
[2025-01-29 13:51:17,658][__main__][INFO] - [8], [31]
[2025-01-29 13:51:17,766][__main__][INFO] - [8, 32], []
[2025-01-29 13:51:17,814][__main__][INFO] - [8, 33], []
[2025-01-29 13:51:17,963][__main__][INFO] - [8, 34], []
[2025-01-29 13:51:18,008][__main__][INFO] - [8, 35], []
[2025-01-29 13:51:18,066][__main__][INFO] - [8, 36], []
[2025-01-29 13:51:18,114][__main__][INFO] - [8, 37], []
[2025-01-29 13:51:18,157][__main__][INFO] - [8, 38], []
[2025-01-29 13:51:18,200][__main__][INFO] - [8, 39], []
[2025-01-29 13:51:18,300][__main__][INFO] - [9, 10], []
[2025-01-29 13:51:18,405][__main__][INFO] - [9], [10]
[2025-01-29 13:51:18,466][__main__][INFO] - [9, 11], []
[2025-01-29 13:51:18,565][__main__][INFO] - [9, 12], []
[2025-01-29 13:51:18,611][__main__][INFO] - [9, 13], []
[2025-01-29 13:51:18,670][__main__][INFO] - [9, 14], []
[2025-01-29 13:51:18,713][__main__][INFO] - [9, 15], []
[2025-01-29 13:51:18,754][__main__][INFO] - [9, 16], []
[2025-01-29 13:51:18,859][__main__][INFO] - [9, 17], []
[2025-01-29 13:51:18,946][__main__][INFO] - [9, 19], []
[2025-01-29 13:51:19,019][__main__][INFO] - [9, 21], []
[2025-01-29 13:51:19,113][__main__][INFO] - [9, 22], []
[2025-01-29 13:51:19,167][__main__][INFO] - [9, 23], []
[2025-01-29 13:51:19,220][__main__][INFO] - [9, 24], []
[2025-01-29 13:51:19,263][__main__][INFO] - [9, 25], []
[2025-01-29 13:51:19,327][__main__][INFO] - [9], [25]
[2025-01-29 13:51:19,428][__main__][INFO] - [9, 26], []
[2025-01-29 13:51:19,498][__main__][INFO] - [9], [26]
[2025-01-29 13:51:19,591][__main__][INFO] - [9, 27], []
[2025-01-29 13:51:19,643][__main__][INFO] - [9], [27]
[2025-01-29 13:51:19,754][__main__][INFO] - [9, 28], []
[2025-01-29 13:51:19,850][__main__][INFO] - [9, 29], []
[2025-01-29 13:51:19,943][__main__][INFO] - [9, 31], []
[2025-01-29 13:51:20,034][__main__][INFO] - [9], [31]
[2025-01-29 13:51:20,106][__main__][INFO] - [9, 32], []
[2025-01-29 13:51:20,151][__main__][INFO] - [9, 33], []
[2025-01-29 13:51:20,252][__main__][INFO] - [9, 34], []
[2025-01-29 13:51:20,295][__main__][INFO] - [9, 35], []
[2025-01-29 13:51:20,346][__main__][INFO] - [9, 36], []
[2025-01-29 13:51:20,391][__main__][INFO] - [9, 37], []
[2025-01-29 13:51:20,432][__main__][INFO] - [9, 38], []
[2025-01-29 13:51:20,474][__main__][INFO] - [9, 39], []
[2025-01-29 13:51:20,574][__main__][INFO] - [10, 11], []
[2025-01-29 13:51:21,511][__main__][INFO] - [10, 12], []
[2025-01-29 13:51:21,607][__main__][INFO] - [10, 13], []
[2025-01-29 13:51:21,773][__main__][INFO] - [10, 14], []
[2025-01-29 13:51:21,824][__main__][INFO] - [10, 15], []
[2025-01-29 13:51:21,867][__main__][INFO] - [10, 16], []
[2025-01-29 13:51:23,292][__main__][INFO] - [10, 17], []
[2025-01-29 13:51:23,408][__main__][INFO] - [10, 18], []
[2025-01-29 13:51:23,449][__main__][INFO] - [10, 19], []
[2025-01-29 13:51:23,499][__main__][INFO] - [10, 20], []
[2025-01-29 13:51:23,563][__main__][INFO] - [10, 21], []
[2025-01-29 13:51:24,198][__main__][INFO] - [10, 22], []
[2025-01-29 13:51:24,381][__main__][INFO] - [10, 23], []
[2025-01-29 13:51:24,559][__main__][INFO] - [10, 24], []
[2025-01-29 13:51:24,611][__main__][INFO] - [10, 25], []
[2025-01-29 13:51:24,926][__main__][INFO] - [10], [25]
[2025-01-29 13:51:26,039][__main__][INFO] - [10, 26], []
[2025-01-29 13:51:26,387][__main__][INFO] - [10], [26]
[2025-01-29 13:51:27,402][__main__][INFO] - [10, 27], []
[2025-01-29 13:51:27,692][__main__][INFO] - [10], [27]
[2025-01-29 13:51:28,808][__main__][INFO] - [10, 28], []
[2025-01-29 13:51:29,710][__main__][INFO] - [10, 29], []
[2025-01-29 13:51:30,134][__main__][INFO] - [10, 30], []
[2025-01-29 13:51:30,176][__main__][INFO] - [10, 31], []
[2025-01-29 13:51:30,714][__main__][INFO] - [10], [31]
[2025-01-29 13:51:31,395][__main__][INFO] - [10, 32], []
[2025-01-29 13:51:31,495][__main__][INFO] - [10, 33], []
[2025-01-29 13:51:32,020][__main__][INFO] - [10, 34], []
[2025-01-29 13:51:32,092][__main__][INFO] - [10, 35], []
[2025-01-29 13:51:32,202][__main__][INFO] - [10, 36], []
[2025-01-29 13:51:32,281][__main__][INFO] - [10, 37], []
[2025-01-29 13:51:32,331][__main__][INFO] - [10, 38], []
[2025-01-29 13:51:32,374][__main__][INFO] - [10, 39], []
[2025-01-29 13:51:32,418][__main__][INFO] - [10, 40], []
[2025-01-29 13:51:32,489][__main__][INFO] - [11], [10]
[2025-01-29 13:51:35,420][__main__][INFO] - [12], [10]
[2025-01-29 13:51:35,856][__main__][INFO] - [13], [10]
[2025-01-29 13:51:36,393][__main__][INFO] - [14], [10]
[2025-01-29 13:51:36,476][__main__][INFO] - [15], [10]
[2025-01-29 13:51:36,527][__main__][INFO] - [16], [10]
[2025-01-29 13:51:39,525][__main__][INFO] - [17], [10]
[2025-01-29 13:51:39,677][__main__][INFO] - [18], [10]
[2025-01-29 13:51:39,719][__main__][INFO] - [19], [10]
[2025-01-29 13:51:39,779][__main__][INFO] - [20], [10]
[2025-01-29 13:51:40,679][__main__][INFO] - [21], [10]
[2025-01-29 13:51:43,037][__main__][INFO] - [22], [10]
[2025-01-29 13:51:43,868][__main__][INFO] - [23], [10]
[2025-01-29 13:51:44,414][__main__][INFO] - [24], [10]
[2025-01-29 13:51:44,489][__main__][INFO] - [25], [10]
[2025-01-29 13:51:45,535][__main__][INFO] - [], [10, 25]
[2025-01-29 13:51:48,652][__main__][INFO] - [], [10, 26]
[2025-01-29 13:51:53,371][__main__][INFO] - [], [10, 27]
[2025-01-29 13:51:57,999][__main__][INFO] - [28], [10]
[2025-01-29 13:52:02,336][__main__][INFO] - [30], [10]
[2025-01-29 13:52:02,379][__main__][INFO] - [31], [10]
[2025-01-29 13:52:04,294][__main__][INFO] - [], [10, 31]
[2025-01-29 13:52:06,262][__main__][INFO] - [32], [10]
[2025-01-29 13:52:06,666][__main__][INFO] - [33], [10]
[2025-01-29 13:52:08,873][__main__][INFO] - [34], [10]
[2025-01-29 13:52:09,060][__main__][INFO] - [35], [10]
[2025-01-29 13:52:09,593][__main__][INFO] - [36], [10]
[2025-01-29 13:52:09,753][__main__][INFO] - [37], [10]
[2025-01-29 13:52:09,813][__main__][INFO] - [38], [10]
[2025-01-29 13:52:09,866][__main__][INFO] - [39], [10]
[2025-01-29 13:52:09,915][__main__][INFO] - [40], [10]
[2025-01-29 13:52:09,987][__main__][INFO] - [11, 16], []
[2025-01-29 13:52:12,497][__main__][INFO] - [11, 17], []
[2025-01-29 13:52:12,701][__main__][INFO] - [11, 18], []
[2025-01-29 13:52:12,743][__main__][INFO] - [11, 19], []
[2025-01-29 13:52:12,806][__main__][INFO] - [11, 20], []
[2025-01-29 13:52:13,671][__main__][INFO] - [11, 21], []
[2025-01-29 13:52:15,449][__main__][INFO] - [11, 22], []
[2025-01-29 13:52:16,362][__main__][INFO] - [11, 23], []
[2025-01-29 13:52:16,856][__main__][INFO] - [11, 24], []
[2025-01-29 13:52:16,964][__main__][INFO] - [11], [25]
[2025-01-29 13:52:21,334][__main__][INFO] - [11, 26], []
[2025-01-29 13:52:21,503][__main__][INFO] - [11], [26]
[2025-01-29 13:52:25,166][__main__][INFO] - [11, 27], []
[2025-01-29 13:52:25,302][__main__][INFO] - [11], [27]
[2025-01-29 13:52:29,016][__main__][INFO] - [11, 28], []
[2025-01-29 13:52:32,382][__main__][INFO] - [11, 29], []
[2025-01-29 13:52:32,607][__main__][INFO] - [11, 30], []
[2025-01-29 13:52:32,650][__main__][INFO] - [11, 31], []
[2025-01-29 13:52:34,300][__main__][INFO] - [11], [31]
[2025-01-29 13:52:36,096][__main__][INFO] - [11, 32], []
[2025-01-29 13:52:36,377][__main__][INFO] - [11, 33], []
[2025-01-29 13:52:38,541][__main__][INFO] - [11, 34], []
[2025-01-29 13:52:38,728][__main__][INFO] - [11, 35], []
[2025-01-29 13:52:38,956][__main__][INFO] - [11, 36], []
[2025-01-29 13:52:39,140][__main__][INFO] - [11, 37], []
[2025-01-29 13:52:39,202][__main__][INFO] - [11, 38], []
[2025-01-29 13:52:39,252][__main__][INFO] - [11, 39], []
[2025-01-29 13:52:39,303][__main__][INFO] - [11, 40], []
[2025-01-29 13:52:39,374][__main__][INFO] - [12, 16], []
[2025-01-29 13:52:39,880][__main__][INFO] - [12, 17], []
[2025-01-29 13:52:39,955][__main__][INFO] - [12, 19], []
[2025-01-29 13:52:39,997][__main__][INFO] - [12, 20], []
[2025-01-29 13:52:40,059][__main__][INFO] - [12, 21], []
[2025-01-29 13:52:40,460][__main__][INFO] - [12, 22], []
[2025-01-29 13:52:40,517][__main__][INFO] - [12, 23], []
[2025-01-29 13:52:40,603][__main__][INFO] - [12, 24], []
[2025-01-29 13:52:40,646][__main__][INFO] - [12, 25], []
[2025-01-29 13:52:41,227][__main__][INFO] - [12, 26], []
[2025-01-29 13:52:41,281][__main__][INFO] - [12], [26]
[2025-01-29 13:52:41,768][__main__][INFO] - [12, 27], []
[2025-01-29 13:52:41,821][__main__][INFO] - [12], [27]
[2025-01-29 13:52:42,322][__main__][INFO] - [12, 28], []
[2025-01-29 13:52:42,805][__main__][INFO] - [12, 29], []
[2025-01-29 13:52:42,861][__main__][INFO] - [12, 30], []
[2025-01-29 13:52:42,902][__main__][INFO] - [12, 31], []
[2025-01-29 13:52:43,151][__main__][INFO] - [12], [31]
[2025-01-29 13:52:43,399][__main__][INFO] - [12, 32], []
[2025-01-29 13:52:43,525][__main__][INFO] - [12, 33], []
[2025-01-29 13:52:43,723][__main__][INFO] - [12, 34], []
[2025-01-29 13:52:43,774][__main__][INFO] - [12, 35], []
[2025-01-29 13:52:43,913][__main__][INFO] - [12, 36], []
[2025-01-29 13:52:43,959][__main__][INFO] - [12, 37], []
[2025-01-29 13:52:44,002][__main__][INFO] - [12, 38], []
[2025-01-29 13:52:44,046][__main__][INFO] - [12, 39], []
[2025-01-29 13:52:44,147][__main__][INFO] - [13, 16], []
[2025-01-29 13:52:44,800][__main__][INFO] - [13, 17], []
[2025-01-29 13:52:44,858][__main__][INFO] - [13, 18], []
[2025-01-29 13:52:44,899][__main__][INFO] - [13, 19], []
[2025-01-29 13:52:44,944][__main__][INFO] - [13, 20], []
[2025-01-29 13:52:44,992][__main__][INFO] - [13, 21], []
[2025-01-29 13:52:45,507][__main__][INFO] - [13, 22], []
[2025-01-29 13:52:45,579][__main__][INFO] - [13, 23], []
[2025-01-29 13:52:45,687][__main__][INFO] - [13, 24], []
[2025-01-29 13:52:45,730][__main__][INFO] - [13, 25], []
[2025-01-29 13:52:46,568][__main__][INFO] - [13, 26], []
[2025-01-29 13:52:46,635][__main__][INFO] - [13], [26]
[2025-01-29 13:52:47,315][__main__][INFO] - [13, 27], []
[2025-01-29 13:52:47,375][__main__][INFO] - [13], [27]
[2025-01-29 13:52:48,080][__main__][INFO] - [13, 28], []
[2025-01-29 13:52:48,757][__main__][INFO] - [13, 29], []
[2025-01-29 13:52:48,828][__main__][INFO] - [13, 30], []
[2025-01-29 13:52:48,869][__main__][INFO] - [13, 31], []
[2025-01-29 13:52:49,220][__main__][INFO] - [13], [31]
[2025-01-29 13:52:49,540][__main__][INFO] - [13, 32], []
[2025-01-29 13:52:49,640][__main__][INFO] - [13, 33], []
[2025-01-29 13:52:49,867][__main__][INFO] - [13, 34], []
[2025-01-29 13:52:49,921][__main__][INFO] - [13, 35], []
[2025-01-29 13:52:50,193][__main__][INFO] - [13, 36], []
[2025-01-29 13:52:50,245][__main__][INFO] - [13, 37], []
[2025-01-29 13:52:50,288][__main__][INFO] - [13, 38], []
[2025-01-29 13:52:50,331][__main__][INFO] - [13, 39], []
[2025-01-29 13:52:50,433][__main__][INFO] - [14, 16], []
[2025-01-29 13:52:50,512][__main__][INFO] - [14, 17], []
[2025-01-29 13:52:50,556][__main__][INFO] - [14, 18], []
[2025-01-29 13:52:50,597][__main__][INFO] - [14, 19], []
[2025-01-29 13:52:50,640][__main__][INFO] - [14, 20], []
[2025-01-29 13:52:50,691][__main__][INFO] - [14, 21], []
[2025-01-29 13:52:50,752][__main__][INFO] - [14, 22], []
[2025-01-29 13:52:50,806][__main__][INFO] - [14, 23], []
[2025-01-29 13:52:50,861][__main__][INFO] - [14, 24], []
[2025-01-29 13:52:50,934][__main__][INFO] - [14], [25]
[2025-01-29 13:52:51,034][__main__][INFO] - [14, 26], []
[2025-01-29 13:52:51,078][__main__][INFO] - [14], [26]
[2025-01-29 13:52:51,172][__main__][INFO] - [14, 27], []
[2025-01-29 13:52:51,215][__main__][INFO] - [14], [27]
[2025-01-29 13:52:51,310][__main__][INFO] - [14, 28], []
[2025-01-29 13:52:51,399][__main__][INFO] - [14, 29], []
[2025-01-29 13:52:51,443][__main__][INFO] - [14, 30], []
[2025-01-29 13:52:51,484][__main__][INFO] - [14, 31], []
[2025-01-29 13:52:51,549][__main__][INFO] - [14], [31]
[2025-01-29 13:52:51,614][__main__][INFO] - [14, 32], []
[2025-01-29 13:52:51,659][__main__][INFO] - [14, 33], []
[2025-01-29 13:52:51,721][__main__][INFO] - [14, 34], []
[2025-01-29 13:52:51,767][__main__][INFO] - [14, 35], []
[2025-01-29 13:52:51,819][__main__][INFO] - [14, 36], []
[2025-01-29 13:52:51,862][__main__][INFO] - [14, 37], []
[2025-01-29 13:52:51,905][__main__][INFO] - [14, 38], []
[2025-01-29 13:52:52,036][__main__][INFO] - [15, 16], []
[2025-01-29 13:52:52,087][__main__][INFO] - [15, 17], []
[2025-01-29 13:52:52,190][__main__][INFO] - [15, 20], []
[2025-01-29 13:52:52,232][__main__][INFO] - [15, 21], []
[2025-01-29 13:52:52,281][__main__][INFO] - [15, 22], []
[2025-01-29 13:52:52,324][__main__][INFO] - [15, 23], []
[2025-01-29 13:52:52,368][__main__][INFO] - [15, 24], []
[2025-01-29 13:52:52,441][__main__][INFO] - [15], [25]
[2025-01-29 13:52:52,494][__main__][INFO] - [15, 26], []
[2025-01-29 13:52:52,537][__main__][INFO] - [15], [26]
[2025-01-29 13:52:52,589][__main__][INFO] - [15, 27], []
[2025-01-29 13:52:52,632][__main__][INFO] - [15], [27]
[2025-01-29 13:52:52,685][__main__][INFO] - [15, 28], []
[2025-01-29 13:52:52,737][__main__][INFO] - [15, 29], []
[2025-01-29 13:52:52,809][__main__][INFO] - [15, 31], []
[2025-01-29 13:52:52,858][__main__][INFO] - [15], [31]
[2025-01-29 13:52:52,906][__main__][INFO] - [15, 32], []
[2025-01-29 13:52:52,949][__main__][INFO] - [15, 33], []
[2025-01-29 13:52:52,994][__main__][INFO] - [15, 34], []
[2025-01-29 13:52:53,037][__main__][INFO] - [15, 35], []
[2025-01-29 13:52:53,080][__main__][INFO] - [15, 36], []
[2025-01-29 13:52:53,153][__main__][INFO] - [15, 38], []
[2025-01-29 13:52:53,285][__main__][INFO] - [16, 21], []
[2025-01-29 13:52:55,628][__main__][INFO] - [16, 22], []
[2025-01-29 13:52:56,355][__main__][INFO] - [16, 23], []
[2025-01-29 13:52:56,883][__main__][INFO] - [16, 24], []
[2025-01-29 13:52:56,957][__main__][INFO] - [16, 25], []
[2025-01-29 13:52:58,313][__main__][INFO] - [16], [25]
[2025-01-29 13:53:01,138][__main__][INFO] - [16, 26], []
[2025-01-29 13:53:01,345][__main__][INFO] - [16], [26]
[2025-01-29 13:53:05,932][__main__][INFO] - [16, 27], []
[2025-01-29 13:53:06,127][__main__][INFO] - [16], [27]
[2025-01-29 13:53:10,623][__main__][INFO] - [16, 28], []
[2025-01-29 13:53:14,968][__main__][INFO] - [16, 29], []
[2025-01-29 13:53:15,282][__main__][INFO] - [16, 31], []
[2025-01-29 13:53:17,418][__main__][INFO] - [16], [31]
[2025-01-29 13:53:19,284][__main__][INFO] - [16, 32], []
[2025-01-29 13:53:19,635][__main__][INFO] - [16, 33], []
[2025-01-29 13:53:21,629][__main__][INFO] - [16, 34], []
[2025-01-29 13:53:21,773][__main__][INFO] - [16, 35], []
[2025-01-29 13:53:22,281][__main__][INFO] - [16, 36], []
[2025-01-29 13:53:22,442][__main__][INFO] - [16, 37], []
[2025-01-29 13:53:22,503][__main__][INFO] - [16, 38], []
[2025-01-29 13:53:22,555][__main__][INFO] - [16, 39], []
[2025-01-29 13:53:22,605][__main__][INFO] - [16, 40], []
[2025-01-29 13:53:22,677][__main__][INFO] - [17, 21], []
[2025-01-29 13:53:22,810][__main__][INFO] - [17, 22], []
[2025-01-29 13:53:22,894][__main__][INFO] - [17, 23], []
[2025-01-29 13:53:22,959][__main__][INFO] - [17, 24], []
[2025-01-29 13:53:23,003][__main__][INFO] - [17, 25], []
[2025-01-29 13:53:23,065][__main__][INFO] - [17], [25]
[2025-01-29 13:53:23,280][__main__][INFO] - [17, 26], []
[2025-01-29 13:53:23,348][__main__][INFO] - [17], [26]
[2025-01-29 13:53:23,568][__main__][INFO] - [17, 27], []
[2025-01-29 13:53:23,620][__main__][INFO] - [17], [27]
[2025-01-29 13:53:23,877][__main__][INFO] - [17, 28], []
[2025-01-29 13:53:24,111][__main__][INFO] - [17, 29], []
[2025-01-29 13:53:24,199][__main__][INFO] - [17, 31], []
[2025-01-29 13:53:24,257][__main__][INFO] - [17], [31]
[2025-01-29 13:53:24,481][__main__][INFO] - [17, 32], []
[2025-01-29 13:53:24,530][__main__][INFO] - [17, 33], []
[2025-01-29 13:53:24,689][__main__][INFO] - [17, 34], []
[2025-01-29 13:53:24,739][__main__][INFO] - [17, 35], []
[2025-01-29 13:53:24,792][__main__][INFO] - [17, 36], []
[2025-01-29 13:53:24,846][__main__][INFO] - [17, 37], []
[2025-01-29 13:53:24,889][__main__][INFO] - [17, 38], []
[2025-01-29 13:53:24,933][__main__][INFO] - [17, 39], []
[2025-01-29 13:53:25,034][__main__][INFO] - [18, 21], []
[2025-01-29 13:53:25,076][__main__][INFO] - [18, 22], []
[2025-01-29 13:53:25,117][__main__][INFO] - [18, 23], []
[2025-01-29 13:53:25,159][__main__][INFO] - [18, 24], []
[2025-01-29 13:53:25,200][__main__][INFO] - [18, 25], []
[2025-01-29 13:53:25,241][__main__][INFO] - [18], [25]
[2025-01-29 13:53:25,283][__main__][INFO] - [18, 26], []
[2025-01-29 13:53:25,325][__main__][INFO] - [18], [26]
[2025-01-29 13:53:25,396][__main__][INFO] - [18], [27]
[2025-01-29 13:53:25,438][__main__][INFO] - [18, 28], []
[2025-01-29 13:53:25,480][__main__][INFO] - [18, 29], []
[2025-01-29 13:53:25,552][__main__][INFO] - [18, 31], []
[2025-01-29 13:53:25,593][__main__][INFO] - [18], [31]
[2025-01-29 13:53:25,635][__main__][INFO] - [18, 32], []
[2025-01-29 13:53:25,677][__main__][INFO] - [18, 33], []
[2025-01-29 13:53:25,718][__main__][INFO] - [18, 34], []
[2025-01-29 13:53:25,760][__main__][INFO] - [18, 35], []
[2025-01-29 13:53:25,801][__main__][INFO] - [18, 36], []
[2025-01-29 13:53:25,843][__main__][INFO] - [18, 37], []
[2025-01-29 13:53:26,003][__main__][INFO] - [19, 21], []
[2025-01-29 13:53:26,059][__main__][INFO] - [19, 22], []
[2025-01-29 13:53:26,105][__main__][INFO] - [19, 23], []
[2025-01-29 13:53:26,150][__main__][INFO] - [19, 24], []
[2025-01-29 13:53:26,192][__main__][INFO] - [19, 25], []
[2025-01-29 13:53:26,236][__main__][INFO] - [19], [25]
[2025-01-29 13:53:26,300][__main__][INFO] - [19, 26], []
[2025-01-29 13:53:26,345][__main__][INFO] - [19], [26]
[2025-01-29 13:53:26,409][__main__][INFO] - [19, 27], []
[2025-01-29 13:53:26,452][__main__][INFO] - [19], [27]
[2025-01-29 13:53:26,518][__main__][INFO] - [19, 28], []
[2025-01-29 13:53:26,584][__main__][INFO] - [19, 29], []
[2025-01-29 13:53:26,658][__main__][INFO] - [19, 31], []
[2025-01-29 13:53:26,702][__main__][INFO] - [19], [31]
[2025-01-29 13:53:26,765][__main__][INFO] - [19, 32], []
[2025-01-29 13:53:26,808][__main__][INFO] - [19, 33], []
[2025-01-29 13:53:26,867][__main__][INFO] - [19, 34], []
[2025-01-29 13:53:26,910][__main__][INFO] - [19, 35], []
[2025-01-29 13:53:26,954][__main__][INFO] - [19, 36], []
[2025-01-29 13:53:26,997][__main__][INFO] - [19, 37], []
[2025-01-29 13:53:27,040][__main__][INFO] - [19, 38], []
[2025-01-29 13:53:27,171][__main__][INFO] - [20, 21], []
[2025-01-29 13:53:27,660][__main__][INFO] - [20, 22], []
[2025-01-29 13:53:27,906][__main__][INFO] - [20, 23], []
[2025-01-29 13:53:28,087][__main__][INFO] - [20, 24], []
[2025-01-29 13:53:28,135][__main__][INFO] - [20, 25], []
[2025-01-29 13:53:28,203][__main__][INFO] - [20], [25]
[2025-01-29 13:53:29,070][__main__][INFO] - [20, 26], []
[2025-01-29 13:53:29,142][__main__][INFO] - [20], [26]
[2025-01-29 13:53:30,054][__main__][INFO] - [20, 27], []
[2025-01-29 13:53:30,100][__main__][INFO] - [20], [27]
[2025-01-29 13:53:31,031][__main__][INFO] - [20, 28], []
[2025-01-29 13:53:31,675][__main__][INFO] - [20, 29], []
[2025-01-29 13:53:31,731][__main__][INFO] - [20, 30], []
[2025-01-29 13:53:31,774][__main__][INFO] - [20, 31], []
[2025-01-29 13:53:32,202][__main__][INFO] - [20], [31]
[2025-01-29 13:53:32,671][__main__][INFO] - [20, 32], []
[2025-01-29 13:53:32,807][__main__][INFO] - [20, 33], []
[2025-01-29 13:53:33,301][__main__][INFO] - [20, 34], []
[2025-01-29 13:53:33,407][__main__][INFO] - [20, 35], []
[2025-01-29 13:53:33,537][__main__][INFO] - [20, 36], []
[2025-01-29 13:53:33,602][__main__][INFO] - [20, 37], []
[2025-01-29 13:53:33,648][__main__][INFO] - [20, 38], []
[2025-01-29 13:53:33,692][__main__][INFO] - [20, 39], []
[2025-01-29 13:53:33,791][__main__][INFO] - [21, 25], []
[2025-01-29 13:53:34,784][__main__][INFO] - [21], [25]
[2025-01-29 13:53:36,719][__main__][INFO] - [21, 26], []
[2025-01-29 13:53:36,861][__main__][INFO] - [21], [26]
[2025-01-29 13:53:39,792][__main__][INFO] - [21, 27], []
[2025-01-29 13:53:39,902][__main__][INFO] - [21], [27]
[2025-01-29 13:53:42,856][__main__][INFO] - [21, 28], []
[2025-01-29 13:53:45,528][__main__][INFO] - [21, 29], []
[2025-01-29 13:53:45,697][__main__][INFO] - [21, 30], []
[2025-01-29 13:53:45,739][__main__][INFO] - [21, 31], []
[2025-01-29 13:53:47,069][__main__][INFO] - [21], [31]
[2025-01-29 13:53:48,464][__main__][INFO] - [21, 32], []
[2025-01-29 13:53:48,810][__main__][INFO] - [21, 33], []
[2025-01-29 13:53:50,140][__main__][INFO] - [21, 34], []
[2025-01-29 13:53:50,216][__main__][INFO] - [21, 35], []
[2025-01-29 13:53:50,689][__main__][INFO] - [21, 36], []
[2025-01-29 13:53:50,839][__main__][INFO] - [21, 37], []
[2025-01-29 13:53:50,896][__main__][INFO] - [21, 38], []
[2025-01-29 13:53:50,946][__main__][INFO] - [21, 39], []
[2025-01-29 13:53:50,992][__main__][INFO] - [21, 40], []
[2025-01-29 13:53:51,063][__main__][INFO] - [22, 25], []
[2025-01-29 13:53:51,156][__main__][INFO] - [22], [25]
[2025-01-29 13:53:52,136][__main__][INFO] - [22, 26], []
[2025-01-29 13:53:52,207][__main__][INFO] - [22], [26]
[2025-01-29 13:53:53,224][__main__][INFO] - [22, 27], []
[2025-01-29 13:53:53,284][__main__][INFO] - [22], [27]
[2025-01-29 13:53:54,330][__main__][INFO] - [22, 28], []
[2025-01-29 13:53:55,265][__main__][INFO] - [22, 29], []
[2025-01-29 13:53:55,345][__main__][INFO] - [22, 30], []
[2025-01-29 13:53:55,387][__main__][INFO] - [22, 31], []
[2025-01-29 13:53:55,869][__main__][INFO] - [22], [31]
[2025-01-29 13:53:56,338][__main__][INFO] - [22, 32], []
[2025-01-29 13:53:56,401][__main__][INFO] - [22, 33], []
[2025-01-29 13:53:57,086][__main__][INFO] - [22, 34], []
[2025-01-29 13:53:57,225][__main__][INFO] - [22, 35], []
[2025-01-29 13:53:57,295][__main__][INFO] - [22, 36], []
[2025-01-29 13:53:57,351][__main__][INFO] - [22, 37], []
[2025-01-29 13:53:57,396][__main__][INFO] - [22, 38], []
[2025-01-29 13:53:57,440][__main__][INFO] - [22, 39], []
[2025-01-29 13:53:57,483][__main__][INFO] - [22, 40], []
[2025-01-29 13:53:57,554][__main__][INFO] - [23, 25], []
[2025-01-29 13:53:57,729][__main__][INFO] - [23], [25]
[2025-01-29 13:53:58,272][__main__][INFO] - [23, 26], []
[2025-01-29 13:53:58,336][__main__][INFO] - [23], [26]
[2025-01-29 13:53:59,087][__main__][INFO] - [23, 27], []
[2025-01-29 13:53:59,146][__main__][INFO] - [23], [27]
[2025-01-29 13:53:59,904][__main__][INFO] - [23, 28], []
[2025-01-29 13:54:00,556][__main__][INFO] - [23, 29], []
[2025-01-29 13:54:00,630][__main__][INFO] - [23, 30], []
[2025-01-29 13:54:00,672][__main__][INFO] - [23, 31], []
[2025-01-29 13:54:00,999][__main__][INFO] - [23], [31]
[2025-01-29 13:54:01,342][__main__][INFO] - [23, 32], []
[2025-01-29 13:54:01,435][__main__][INFO] - [23, 33], []
[2025-01-29 13:54:01,798][__main__][INFO] - [23, 34], []
[2025-01-29 13:54:01,863][__main__][INFO] - [23, 35], []
[2025-01-29 13:54:01,964][__main__][INFO] - [23, 36], []
[2025-01-29 13:54:02,026][__main__][INFO] - [23, 37], []
[2025-01-29 13:54:02,071][__main__][INFO] - [23, 38], []
[2025-01-29 13:54:02,114][__main__][INFO] - [23, 39], []
[2025-01-29 13:54:02,216][__main__][INFO] - [24, 25], []
[2025-01-29 13:54:02,264][__main__][INFO] - [24], [25]
[2025-01-29 13:54:02,345][__main__][INFO] - [24, 26], []
[2025-01-29 13:54:02,389][__main__][INFO] - [24], [26]
[2025-01-29 13:54:02,473][__main__][INFO] - [24, 27], []
[2025-01-29 13:54:02,517][__main__][INFO] - [24], [27]
[2025-01-29 13:54:02,600][__main__][INFO] - [24, 28], []
[2025-01-29 13:54:02,680][__main__][INFO] - [24, 29], []
[2025-01-29 13:54:02,725][__main__][INFO] - [24, 30], []
[2025-01-29 13:54:02,766][__main__][INFO] - [24, 31], []
[2025-01-29 13:54:02,828][__main__][INFO] - [24], [31]
[2025-01-29 13:54:02,890][__main__][INFO] - [24, 32], []
[2025-01-29 13:54:02,934][__main__][INFO] - [24, 33], []
[2025-01-29 13:54:03,005][__main__][INFO] - [24, 34], []
[2025-01-29 13:54:03,049][__main__][INFO] - [24, 35], []
[2025-01-29 13:54:03,092][__main__][INFO] - [24, 36], []
[2025-01-29 13:54:03,135][__main__][INFO] - [24, 37], []
[2025-01-29 13:54:03,178][__main__][INFO] - [24, 38], []
[2025-01-29 13:54:03,309][__main__][INFO] - [25, 26], []
[2025-01-29 13:54:03,397][__main__][INFO] - [25], [26]
[2025-01-29 13:54:04,805][__main__][INFO] - [25, 27], []
[2025-01-29 13:54:04,882][__main__][INFO] - [25], [27]
[2025-01-29 13:54:06,334][__main__][INFO] - [25, 28], []
[2025-01-29 13:54:07,723][__main__][INFO] - [25, 29], []
[2025-01-29 13:54:07,818][__main__][INFO] - [25, 30], []
[2025-01-29 13:54:07,859][__main__][INFO] - [25, 31], []
[2025-01-29 13:54:08,496][__main__][INFO] - [25], [31]
[2025-01-29 13:54:09,129][__main__][INFO] - [25, 32], []
[2025-01-29 13:54:09,325][__main__][INFO] - [25, 33], []
[2025-01-29 13:54:09,731][__main__][INFO] - [25, 34], []
[2025-01-29 13:54:09,793][__main__][INFO] - [25, 35], []
[2025-01-29 13:54:10,176][__main__][INFO] - [25, 36], []
[2025-01-29 13:54:10,230][__main__][INFO] - [25, 37], []
[2025-01-29 13:54:10,275][__main__][INFO] - [25, 38], []
[2025-01-29 13:54:10,320][__main__][INFO] - [25, 39], []
[2025-01-29 13:54:10,422][__main__][INFO] - [26], [25]
[2025-01-29 13:54:10,607][__main__][INFO] - [], [25, 26]
[2025-01-29 13:54:14,811][__main__][INFO] - [27], [25]
[2025-01-29 13:54:14,958][__main__][INFO] - [], [25, 27]
[2025-01-29 13:54:19,172][__main__][INFO] - [28], [25]
[2025-01-29 13:54:22,834][__main__][INFO] - [29], [25]
[2025-01-29 13:54:23,080][__main__][INFO] - [30], [25]
[2025-01-29 13:54:23,124][__main__][INFO] - [31], [25]
[2025-01-29 13:54:24,899][__main__][INFO] - [], [25, 31]
[2025-01-29 13:54:26,889][__main__][INFO] - [32], [25]
[2025-01-29 13:54:27,182][__main__][INFO] - [33], [25]
[2025-01-29 13:54:29,434][__main__][INFO] - [34], [25]
[2025-01-29 13:54:29,663][__main__][INFO] - [35], [25]
[2025-01-29 13:54:29,910][__main__][INFO] - [36], [25]
[2025-01-29 13:54:30,101][__main__][INFO] - [37], [25]
[2025-01-29 13:54:30,164][__main__][INFO] - [38], [25]
[2025-01-29 13:54:30,215][__main__][INFO] - [39], [25]
[2025-01-29 13:54:30,266][__main__][INFO] - [40], [25]
[2025-01-29 13:54:30,337][__main__][INFO] - [26, 27], []
[2025-01-29 13:54:30,414][__main__][INFO] - [26], [27]
[2025-01-29 13:54:30,614][__main__][INFO] - [26, 28], []
[2025-01-29 13:54:30,806][__main__][INFO] - [26, 29], []
[2025-01-29 13:54:30,891][__main__][INFO] - [26, 30], []
[2025-01-29 13:54:30,932][__main__][INFO] - [26, 31], []
[2025-01-29 13:54:31,044][__main__][INFO] - [26], [31]
[2025-01-29 13:54:31,195][__main__][INFO] - [26, 32], []
[2025-01-29 13:54:31,248][__main__][INFO] - [26, 33], []
[2025-01-29 13:54:31,388][__main__][INFO] - [26, 34], []
[2025-01-29 13:54:31,437][__main__][INFO] - [26, 35], []
[2025-01-29 13:54:31,494][__main__][INFO] - [26, 36], []
[2025-01-29 13:54:31,544][__main__][INFO] - [26, 37], []
[2025-01-29 13:54:31,587][__main__][INFO] - [26, 38], []
[2025-01-29 13:54:31,630][__main__][INFO] - [26, 39], []
[2025-01-29 13:54:31,732][__main__][INFO] - [27], [26]
[2025-01-29 13:54:31,880][__main__][INFO] - [], [26, 27]
[2025-01-29 13:54:38,050][__main__][INFO] - [28], [26]
[2025-01-29 13:54:43,567][__main__][INFO] - [29], [26]
[2025-01-29 13:54:43,822][__main__][INFO] - [30], [26]
[2025-01-29 13:54:43,866][__main__][INFO] - [31], [26]
[2025-01-29 13:54:46,425][__main__][INFO] - [], [26, 31]
[2025-01-29 13:54:49,138][__main__][INFO] - [32], [26]
[2025-01-29 13:54:49,592][__main__][INFO] - [33], [26]
[2025-01-29 13:54:52,153][__main__][INFO] - [34], [26]
[2025-01-29 13:54:52,376][__main__][INFO] - [35], [26]
[2025-01-29 13:54:52,993][__main__][INFO] - [36], [26]
[2025-01-29 13:54:53,196][__main__][INFO] - [37], [26]
[2025-01-29 13:54:53,260][__main__][INFO] - [38], [26]
[2025-01-29 13:54:53,315][__main__][INFO] - [39], [26]
[2025-01-29 13:54:53,366][__main__][INFO] - [40], [26]
[2025-01-29 13:54:53,438][__main__][INFO] - [27, 28], []
[2025-01-29 13:54:53,568][__main__][INFO] - [27, 29], []
[2025-01-29 13:54:53,648][__main__][INFO] - [27, 30], []
[2025-01-29 13:54:53,689][__main__][INFO] - [27, 31], []
[2025-01-29 13:54:53,793][__main__][INFO] - [27], [31]
[2025-01-29 13:54:53,900][__main__][INFO] - [27, 32], []
[2025-01-29 13:54:53,953][__main__][INFO] - [27, 33], []
[2025-01-29 13:54:54,052][__main__][INFO] - [27, 34], []
[2025-01-29 13:54:54,100][__main__][INFO] - [27, 35], []
[2025-01-29 13:54:54,153][__main__][INFO] - [27, 36], []
[2025-01-29 13:54:54,204][__main__][INFO] - [27, 37], []
[2025-01-29 13:54:54,247][__main__][INFO] - [27, 38], []
[2025-01-29 13:54:54,290][__main__][INFO] - [27, 39], []
[2025-01-29 13:54:54,391][__main__][INFO] - [28], [27]
[2025-01-29 13:55:00,015][__main__][INFO] - [29], [27]
[2025-01-29 13:55:00,269][__main__][INFO] - [30], [27]
[2025-01-29 13:55:00,313][__main__][INFO] - [31], [27]
[2025-01-29 13:55:02,846][__main__][INFO] - [], [27, 31]
[2025-01-29 13:55:05,616][__main__][INFO] - [32], [27]
[2025-01-29 13:55:06,074][__main__][INFO] - [33], [27]
[2025-01-29 13:55:08,721][__main__][INFO] - [34], [27]
[2025-01-29 13:55:08,943][__main__][INFO] - [35], [27]
[2025-01-29 13:55:09,555][__main__][INFO] - [36], [27]
[2025-01-29 13:55:09,755][__main__][INFO] - [37], [27]
[2025-01-29 13:55:09,820][__main__][INFO] - [38], [27]
[2025-01-29 13:55:09,875][__main__][INFO] - [39], [27]
[2025-01-29 13:55:09,926][__main__][INFO] - [40], [27]
[2025-01-29 13:55:09,998][__main__][INFO] - [28, 31], []
[2025-01-29 13:55:12,297][__main__][INFO] - [28], [31]
[2025-01-29 13:55:14,824][__main__][INFO] - [28, 32], []
[2025-01-29 13:55:15,241][__main__][INFO] - [28, 33], []
[2025-01-29 13:55:17,652][__main__][INFO] - [28, 34], []
[2025-01-29 13:55:17,840][__main__][INFO] - [28, 35], []
[2025-01-29 13:55:18,414][__main__][INFO] - [28, 36], []
[2025-01-29 13:55:18,597][__main__][INFO] - [28, 37], []
[2025-01-29 13:55:18,660][__main__][INFO] - [28, 38], []
[2025-01-29 13:55:18,713][__main__][INFO] - [28, 39], []
[2025-01-29 13:55:18,764][__main__][INFO] - [28, 40], []
[2025-01-29 13:55:18,836][__main__][INFO] - [29, 31], []
[2025-01-29 13:55:18,981][__main__][INFO] - [29], [31]
[2025-01-29 13:55:19,147][__main__][INFO] - [29, 32], []
[2025-01-29 13:55:19,205][__main__][INFO] - [29, 33], []
[2025-01-29 13:55:19,360][__main__][INFO] - [29, 34], []
[2025-01-29 13:55:19,412][__main__][INFO] - [29, 35], []
[2025-01-29 13:55:19,473][__main__][INFO] - [29, 36], []
[2025-01-29 13:55:19,530][__main__][INFO] - [29, 37], []
[2025-01-29 13:55:19,573][__main__][INFO] - [29, 38], []
[2025-01-29 13:55:19,616][__main__][INFO] - [29, 39], []
[2025-01-29 13:55:19,718][__main__][INFO] - [30, 31], []
[2025-01-29 13:55:19,760][__main__][INFO] - [30], [31]
[2025-01-29 13:55:19,803][__main__][INFO] - [30, 32], []
[2025-01-29 13:55:19,845][__main__][INFO] - [30, 33], []
[2025-01-29 13:55:19,887][__main__][INFO] - [30, 34], []
[2025-01-29 13:55:19,928][__main__][INFO] - [30, 35], []
[2025-01-29 13:55:19,970][__main__][INFO] - [30, 36], []
[2025-01-29 13:55:20,012][__main__][INFO] - [30, 37], []
[2025-01-29 13:55:20,053][__main__][INFO] - [30, 38], []
[2025-01-29 13:55:20,095][__main__][INFO] - [30, 39], []
[2025-01-29 13:55:20,196][__main__][INFO] - [31, 32], []
[2025-01-29 13:55:20,418][__main__][INFO] - [31, 33], []
[2025-01-29 13:55:21,661][__main__][INFO] - [31, 34], []
[2025-01-29 13:55:21,780][__main__][INFO] - [31, 35], []
[2025-01-29 13:55:22,103][__main__][INFO] - [31, 36], []
[2025-01-29 13:55:22,213][__main__][INFO] - [31, 37], []
[2025-01-29 13:55:22,267][__main__][INFO] - [31, 38], []
[2025-01-29 13:55:22,316][__main__][INFO] - [31, 39], []
[2025-01-29 13:55:22,361][__main__][INFO] - [31, 40], []
[2025-01-29 13:55:22,431][__main__][INFO] - [32], [31]
[2025-01-29 13:55:22,667][__main__][INFO] - [33], [31]
[2025-01-29 13:55:23,914][__main__][INFO] - [34], [31]
[2025-01-29 13:55:24,037][__main__][INFO] - [35], [31]
[2025-01-29 13:55:24,329][__main__][INFO] - [36], [31]
[2025-01-29 13:55:24,446][__main__][INFO] - [37], [31]
[2025-01-29 13:55:24,499][__main__][INFO] - [38], [31]
[2025-01-29 13:55:24,549][__main__][INFO] - [39], [31]
[2025-01-29 13:55:24,594][__main__][INFO] - [40], [31]
[2025-01-29 13:55:24,724][__main__][INFO] - [0, 10, 11], []
[2025-01-29 13:55:24,772][__main__][INFO] - [0, 10, 12], []
[2025-01-29 13:55:24,852][__main__][INFO] - [0, 10, 14], []
[2025-01-29 13:55:25,054][__main__][INFO] - [0, 10, 20], []
[2025-01-29 13:55:25,102][__main__][INFO] - [0, 10, 21], []
[2025-01-29 13:55:25,150][__main__][INFO] - [0, 10, 22], []
[2025-01-29 13:55:25,199][__main__][INFO] - [0, 10, 23], []
[2025-01-29 13:55:25,247][__main__][INFO] - [0, 10, 24], []
[2025-01-29 13:55:25,295][__main__][INFO] - [0, 10, 25], []
[2025-01-29 13:55:25,343][__main__][INFO] - [0, 10], [25]
[2025-01-29 13:55:25,392][__main__][INFO] - [0, 10, 26], []
[2025-01-29 13:55:25,440][__main__][INFO] - [0, 10], [26]
[2025-01-29 13:55:25,488][__main__][INFO] - [0, 10, 27], []
[2025-01-29 13:55:25,536][__main__][INFO] - [0, 10], [27]
[2025-01-29 13:55:25,585][__main__][INFO] - [0, 10, 28], []
[2025-01-29 13:55:25,633][__main__][INFO] - [0, 10, 29], []
[2025-01-29 13:55:25,681][__main__][INFO] - [0, 10, 30], []
[2025-01-29 13:55:25,730][__main__][INFO] - [0, 10, 31], []
[2025-01-29 13:55:25,778][__main__][INFO] - [0, 10], [31]
[2025-01-29 13:55:25,826][__main__][INFO] - [0, 10, 32], []
[2025-01-29 13:55:25,875][__main__][INFO] - [0, 10, 33], []
[2025-01-29 13:55:25,923][__main__][INFO] - [0, 10, 34], []
[2025-01-29 13:55:25,970][__main__][INFO] - [0, 10, 35], []
[2025-01-29 13:55:26,017][__main__][INFO] - [0, 10, 36], []
[2025-01-29 13:55:26,066][__main__][INFO] - [0, 10, 37], []
[2025-01-29 13:55:26,238][__main__][INFO] - [0, 11], [10]
[2025-01-29 13:55:26,290][__main__][INFO] - [0, 12], [10]
[2025-01-29 13:55:26,338][__main__][INFO] - [0, 13], [10]
[2025-01-29 13:55:26,386][__main__][INFO] - [0, 14], [10]
[2025-01-29 13:55:26,434][__main__][INFO] - [0, 15], [10]
[2025-01-29 13:55:26,606][__main__][INFO] - [0, 20], [10]
[2025-01-29 13:55:26,658][__main__][INFO] - [0, 21], [10]
[2025-01-29 13:55:26,709][__main__][INFO] - [0, 22], [10]
[2025-01-29 13:55:26,759][__main__][INFO] - [0, 23], [10]
[2025-01-29 13:55:26,808][__main__][INFO] - [0, 24], [10]
[2025-01-29 13:55:26,857][__main__][INFO] - [0, 25], [10]
[2025-01-29 13:55:26,905][__main__][INFO] - [0], [10, 25]
[2025-01-29 13:55:26,987][__main__][INFO] - [0], [10, 26]
[2025-01-29 13:55:27,070][__main__][INFO] - [0], [10, 27]
[2025-01-29 13:55:27,123][__main__][INFO] - [0, 28], [10]
[2025-01-29 13:55:27,204][__main__][INFO] - [0, 30], [10]
[2025-01-29 13:55:27,255][__main__][INFO] - [0, 31], [10]
[2025-01-29 13:55:27,305][__main__][INFO] - [0], [10, 31]
[2025-01-29 13:55:27,356][__main__][INFO] - [0, 32], [10]
[2025-01-29 13:55:27,404][__main__][INFO] - [0, 33], [10]
[2025-01-29 13:55:27,455][__main__][INFO] - [0, 34], [10]
[2025-01-29 13:55:27,503][__main__][INFO] - [0, 35], [10]
[2025-01-29 13:55:27,552][__main__][INFO] - [0, 36], [10]
[2025-01-29 13:55:27,600][__main__][INFO] - [0, 37], [10]
[2025-01-29 13:55:27,649][__main__][INFO] - [0, 38], [10]
[2025-01-29 13:55:27,697][__main__][INFO] - [0, 39], [10]
[2025-01-29 13:55:27,931][__main__][INFO] - [0, 11, 20], []
[2025-01-29 13:55:27,983][__main__][INFO] - [0, 11, 21], []
[2025-01-29 13:55:28,033][__main__][INFO] - [0, 11, 22], []
[2025-01-29 13:55:28,082][__main__][INFO] - [0, 11, 23], []
[2025-01-29 13:55:28,131][__main__][INFO] - [0, 11, 24], []
[2025-01-29 13:55:28,211][__main__][INFO] - [0, 11], [25]
[2025-01-29 13:55:28,263][__main__][INFO] - [0, 11, 26], []
[2025-01-29 13:55:28,311][__main__][INFO] - [0, 11], [26]
[2025-01-29 13:55:28,363][__main__][INFO] - [0, 11, 27], []
[2025-01-29 13:55:28,411][__main__][INFO] - [0, 11], [27]
[2025-01-29 13:55:28,463][__main__][INFO] - [0, 11, 28], []
[2025-01-29 13:55:28,512][__main__][INFO] - [0, 11, 29], []
[2025-01-29 13:55:28,560][__main__][INFO] - [0, 11, 30], []
[2025-01-29 13:55:28,610][__main__][INFO] - [0, 11, 31], []
[2025-01-29 13:55:28,660][__main__][INFO] - [0, 11], [31]
[2025-01-29 13:55:28,711][__main__][INFO] - [0, 11, 32], []
[2025-01-29 13:55:28,761][__main__][INFO] - [0, 11, 33], []
[2025-01-29 13:55:28,841][__main__][INFO] - [0, 11, 34], []
[2025-01-29 13:55:28,890][__main__][INFO] - [0, 11, 35], []
[2025-01-29 13:55:28,938][__main__][INFO] - [0, 11, 36], []
[2025-01-29 13:55:28,986][__main__][INFO] - [0, 11, 37], []
[2025-01-29 13:55:29,034][__main__][INFO] - [0, 11, 38], []
[2025-01-29 13:55:29,082][__main__][INFO] - [0, 11, 39], []
[2025-01-29 13:55:29,316][__main__][INFO] - [0, 12, 20], []
[2025-01-29 13:55:29,365][__main__][INFO] - [0, 12, 21], []
[2025-01-29 13:55:29,413][__main__][INFO] - [0, 12, 22], []
[2025-01-29 13:55:29,462][__main__][INFO] - [0, 12, 23], []
[2025-01-29 13:55:29,541][__main__][INFO] - [0, 12, 25], []
[2025-01-29 13:55:29,652][__main__][INFO] - [0, 12], [26]
[2025-01-29 13:55:29,732][__main__][INFO] - [0, 12], [27]
[2025-01-29 13:55:29,780][__main__][INFO] - [0, 12, 28], []
[2025-01-29 13:55:29,828][__main__][INFO] - [0, 12, 29], []
[2025-01-29 13:55:29,876][__main__][INFO] - [0, 12, 30], []
[2025-01-29 13:55:29,925][__main__][INFO] - [0, 12, 31], []
[2025-01-29 13:55:29,973][__main__][INFO] - [0, 12], [31]
[2025-01-29 13:55:30,022][__main__][INFO] - [0, 12, 32], []
[2025-01-29 13:55:30,070][__main__][INFO] - [0, 12, 33], []
[2025-01-29 13:55:30,118][__main__][INFO] - [0, 12, 34], []
[2025-01-29 13:55:30,166][__main__][INFO] - [0, 12, 35], []
[2025-01-29 13:55:30,215][__main__][INFO] - [0, 12, 36], []
[2025-01-29 13:55:30,541][__main__][INFO] - [0, 13, 20], []
[2025-01-29 13:55:30,589][__main__][INFO] - [0, 13, 21], []
[2025-01-29 13:55:30,668][__main__][INFO] - [0, 13, 23], []
[2025-01-29 13:55:30,748][__main__][INFO] - [0, 13, 25], []
[2025-01-29 13:55:30,859][__main__][INFO] - [0, 13], [26]
[2025-01-29 13:55:30,939][__main__][INFO] - [0, 13], [27]
[2025-01-29 13:55:30,988][__main__][INFO] - [0, 13, 28], []
[2025-01-29 13:55:31,066][__main__][INFO] - [0, 13, 30], []
[2025-01-29 13:55:31,114][__main__][INFO] - [0, 13, 31], []
[2025-01-29 13:55:31,163][__main__][INFO] - [0, 13], [31]
[2025-01-29 13:55:31,211][__main__][INFO] - [0, 13, 32], []
[2025-01-29 13:55:31,259][__main__][INFO] - [0, 13, 33], []
[2025-01-29 13:55:31,307][__main__][INFO] - [0, 13, 34], []
[2025-01-29 13:55:31,356][__main__][INFO] - [0, 13, 35], []
[2025-01-29 13:55:31,404][__main__][INFO] - [0, 13, 36], []
[2025-01-29 13:55:31,730][__main__][INFO] - [0, 14, 20], []
[2025-01-29 13:55:31,779][__main__][INFO] - [0, 14, 21], []
[2025-01-29 13:55:31,827][__main__][INFO] - [0, 14, 22], []
[2025-01-29 13:55:31,875][__main__][INFO] - [0, 14, 23], []
[2025-01-29 13:55:31,986][__main__][INFO] - [0, 14], [25]
[2025-01-29 13:55:32,064][__main__][INFO] - [0, 14], [26]
[2025-01-29 13:55:32,143][__main__][INFO] - [0, 14], [27]
[2025-01-29 13:55:32,191][__main__][INFO] - [0, 14, 28], []
[2025-01-29 13:55:32,271][__main__][INFO] - [0, 14, 30], []
[2025-01-29 13:55:32,319][__main__][INFO] - [0, 14, 31], []
[2025-01-29 13:55:32,368][__main__][INFO] - [0, 14], [31]
[2025-01-29 13:55:32,416][__main__][INFO] - [0, 14, 32], []
[2025-01-29 13:55:32,464][__main__][INFO] - [0, 14, 33], []
[2025-01-29 13:55:32,513][__main__][INFO] - [0, 14, 34], []
[2025-01-29 13:55:32,560][__main__][INFO] - [0, 14, 35], []
[2025-01-29 13:55:32,608][__main__][INFO] - [0, 14, 36], []
[2025-01-29 13:55:32,937][__main__][INFO] - [0, 15, 20], []
[2025-01-29 13:55:33,139][__main__][INFO] - [0, 15], [25]
[2025-01-29 13:55:33,219][__main__][INFO] - [0, 15], [26]
[2025-01-29 13:55:33,298][__main__][INFO] - [0, 15], [27]
[2025-01-29 13:55:33,931][__main__][INFO] - [0, 20, 21], []
[2025-01-29 13:55:33,981][__main__][INFO] - [0, 20, 22], []
[2025-01-29 13:55:34,031][__main__][INFO] - [0, 20, 23], []
[2025-01-29 13:55:34,079][__main__][INFO] - [0, 20, 24], []
[2025-01-29 13:55:34,127][__main__][INFO] - [0, 20, 25], []
[2025-01-29 13:55:34,175][__main__][INFO] - [0, 20], [25]
[2025-01-29 13:55:34,228][__main__][INFO] - [0, 20, 26], []
[2025-01-29 13:55:34,276][__main__][INFO] - [0, 20], [26]
[2025-01-29 13:55:34,328][__main__][INFO] - [0, 20, 27], []
[2025-01-29 13:55:34,376][__main__][INFO] - [0, 20], [27]
[2025-01-29 13:55:34,429][__main__][INFO] - [0, 20, 28], []
[2025-01-29 13:55:34,479][__main__][INFO] - [0, 20, 29], []
[2025-01-29 13:55:34,528][__main__][INFO] - [0, 20, 30], []
[2025-01-29 13:55:34,578][__main__][INFO] - [0, 20, 31], []
[2025-01-29 13:55:34,627][__main__][INFO] - [0, 20], [31]
[2025-01-29 13:55:34,678][__main__][INFO] - [0, 20, 32], []
[2025-01-29 13:55:34,727][__main__][INFO] - [0, 20, 33], []
[2025-01-29 13:55:34,777][__main__][INFO] - [0, 20, 34], []
[2025-01-29 13:55:34,826][__main__][INFO] - [0, 20, 35], []
[2025-01-29 13:55:34,875][__main__][INFO] - [0, 20, 36], []
[2025-01-29 13:55:34,924][__main__][INFO] - [0, 20, 37], []
[2025-01-29 13:55:34,972][__main__][INFO] - [0, 20, 38], []
[2025-01-29 13:55:35,020][__main__][INFO] - [0, 20, 39], []
[2025-01-29 13:55:35,127][__main__][INFO] - [0, 21, 25], []
[2025-01-29 13:55:35,175][__main__][INFO] - [0, 21], [25]
[2025-01-29 13:55:35,226][__main__][INFO] - [0, 21, 26], []
[2025-01-29 13:55:35,274][__main__][INFO] - [0, 21], [26]
[2025-01-29 13:55:35,324][__main__][INFO] - [0, 21, 27], []
[2025-01-29 13:55:35,373][__main__][INFO] - [0, 21], [27]
[2025-01-29 13:55:35,423][__main__][INFO] - [0, 21, 28], []
[2025-01-29 13:55:35,473][__main__][INFO] - [0, 21, 29], []
[2025-01-29 13:55:35,521][__main__][INFO] - [0, 21, 30], []
[2025-01-29 13:55:35,570][__main__][INFO] - [0, 21, 31], []
[2025-01-29 13:55:35,618][__main__][INFO] - [0, 21], [31]
[2025-01-29 13:55:35,667][__main__][INFO] - [0, 21, 32], []
[2025-01-29 13:55:35,716][__main__][INFO] - [0, 21, 33], []
[2025-01-29 13:55:35,765][__main__][INFO] - [0, 21, 34], []
[2025-01-29 13:55:35,814][__main__][INFO] - [0, 21, 35], []
[2025-01-29 13:55:35,862][__main__][INFO] - [0, 21, 36], []
[2025-01-29 13:55:35,911][__main__][INFO] - [0, 21, 37], []
[2025-01-29 13:55:35,959][__main__][INFO] - [0, 21, 38], []
[2025-01-29 13:55:36,007][__main__][INFO] - [0, 21, 39], []
[2025-01-29 13:55:36,116][__main__][INFO] - [0, 22, 25], []
[2025-01-29 13:55:36,163][__main__][INFO] - [0, 22], [25]
[2025-01-29 13:55:36,213][__main__][INFO] - [0, 22, 26], []
[2025-01-29 13:55:36,261][__main__][INFO] - [0, 22], [26]
[2025-01-29 13:55:36,310][__main__][INFO] - [0, 22, 27], []
[2025-01-29 13:55:36,358][__main__][INFO] - [0, 22], [27]
[2025-01-29 13:55:36,408][__main__][INFO] - [0, 22, 28], []
[2025-01-29 13:55:36,457][__main__][INFO] - [0, 22, 29], []
[2025-01-29 13:55:36,513][__main__][INFO] - [0, 22, 30], []
[2025-01-29 13:55:36,563][__main__][INFO] - [0, 22, 31], []
[2025-01-29 13:55:36,611][__main__][INFO] - [0, 22], [31]
[2025-01-29 13:55:36,659][__main__][INFO] - [0, 22, 32], []
[2025-01-29 13:55:36,707][__main__][INFO] - [0, 22, 33], []
[2025-01-29 13:55:36,756][__main__][INFO] - [0, 22, 34], []
[2025-01-29 13:55:36,805][__main__][INFO] - [0, 22, 35], []
[2025-01-29 13:55:36,853][__main__][INFO] - [0, 22, 36], []
[2025-01-29 13:55:36,902][__main__][INFO] - [0, 22, 37], []
[2025-01-29 13:55:36,950][__main__][INFO] - [0, 22, 38], []
[2025-01-29 13:55:37,090][__main__][INFO] - [0, 23, 25], []
[2025-01-29 13:55:37,138][__main__][INFO] - [0, 23], [25]
[2025-01-29 13:55:37,186][__main__][INFO] - [0, 23, 26], []
[2025-01-29 13:55:37,234][__main__][INFO] - [0, 23], [26]
[2025-01-29 13:55:37,284][__main__][INFO] - [0, 23, 27], []
[2025-01-29 13:55:37,332][__main__][INFO] - [0, 23], [27]
[2025-01-29 13:55:37,381][__main__][INFO] - [0, 23, 28], []
[2025-01-29 13:55:37,430][__main__][INFO] - [0, 23, 29], []
[2025-01-29 13:55:37,478][__main__][INFO] - [0, 23, 30], []
[2025-01-29 13:55:37,527][__main__][INFO] - [0, 23, 31], []
[2025-01-29 13:55:37,575][__main__][INFO] - [0, 23], [31]
[2025-01-29 13:55:37,624][__main__][INFO] - [0, 23, 32], []
[2025-01-29 13:55:37,672][__main__][INFO] - [0, 23, 33], []
[2025-01-29 13:55:37,720][__main__][INFO] - [0, 23, 34], []
[2025-01-29 13:55:37,769][__main__][INFO] - [0, 23, 35], []
[2025-01-29 13:55:37,817][__main__][INFO] - [0, 23, 36], []
[2025-01-29 13:55:37,865][__main__][INFO] - [0, 23, 37], []
[2025-01-29 13:55:37,914][__main__][INFO] - [0, 23, 38], []
[2025-01-29 13:55:37,962][__main__][INFO] - [0, 23, 39], []
[2025-01-29 13:55:38,102][__main__][INFO] - [0, 24], [25]
[2025-01-29 13:55:38,181][__main__][INFO] - [0, 24], [26]
[2025-01-29 13:55:38,260][__main__][INFO] - [0, 24], [27]
[2025-01-29 13:55:38,309][__main__][INFO] - [0, 24, 28], []
[2025-01-29 13:55:38,388][__main__][INFO] - [0, 24, 30], []
[2025-01-29 13:55:38,436][__main__][INFO] - [0, 24, 31], []
[2025-01-29 13:55:38,485][__main__][INFO] - [0, 24], [31]
[2025-01-29 13:55:38,533][__main__][INFO] - [0, 24, 32], []
[2025-01-29 13:55:38,581][__main__][INFO] - [0, 24, 33], []
[2025-01-29 13:55:38,630][__main__][INFO] - [0, 24, 34], []
[2025-01-29 13:55:38,676][__main__][INFO] - [0, 24, 35], []
[2025-01-29 13:55:38,724][__main__][INFO] - [0, 24, 36], []
[2025-01-29 13:55:38,959][__main__][INFO] - [0, 25], [26]
[2025-01-29 13:55:39,039][__main__][INFO] - [0, 25], [27]
[2025-01-29 13:55:39,087][__main__][INFO] - [0, 25, 28], []
[2025-01-29 13:55:39,135][__main__][INFO] - [0, 25, 29], []
[2025-01-29 13:55:39,182][__main__][INFO] - [0, 25, 30], []
[2025-01-29 13:55:39,230][__main__][INFO] - [0, 25, 31], []
[2025-01-29 13:55:39,278][__main__][INFO] - [0, 25], [31]
[2025-01-29 13:55:39,327][__main__][INFO] - [0, 25, 32], []
[2025-01-29 13:55:39,375][__main__][INFO] - [0, 25, 33], []
[2025-01-29 13:55:39,423][__main__][INFO] - [0, 25, 34], []
[2025-01-29 13:55:39,471][__main__][INFO] - [0, 25, 35], []
[2025-01-29 13:55:39,520][__main__][INFO] - [0, 25, 36], []
[2025-01-29 13:55:39,721][__main__][INFO] - [0, 26], [25]
[2025-01-29 13:55:39,769][__main__][INFO] - [0], [25, 26]
[2025-01-29 13:55:39,821][__main__][INFO] - [0, 27], [25]
[2025-01-29 13:55:39,869][__main__][INFO] - [0], [25, 27]
[2025-01-29 13:55:39,922][__main__][INFO] - [0, 28], [25]
[2025-01-29 13:55:39,972][__main__][INFO] - [0, 29], [25]
[2025-01-29 13:55:40,020][__main__][INFO] - [0, 30], [25]
[2025-01-29 13:55:40,071][__main__][INFO] - [0, 31], [25]
[2025-01-29 13:55:40,121][__main__][INFO] - [0], [25, 31]
[2025-01-29 13:55:40,171][__main__][INFO] - [0, 32], [25]
[2025-01-29 13:55:40,219][__main__][INFO] - [0, 33], [25]
[2025-01-29 13:55:40,270][__main__][INFO] - [0, 34], [25]
[2025-01-29 13:55:40,319][__main__][INFO] - [0, 35], [25]
[2025-01-29 13:55:40,367][__main__][INFO] - [0, 36], [25]
[2025-01-29 13:55:40,416][__main__][INFO] - [0, 37], [25]
[2025-01-29 13:55:40,464][__main__][INFO] - [0, 38], [25]
[2025-01-29 13:55:40,512][__main__][INFO] - [0, 39], [25]
[2025-01-29 13:55:40,622][__main__][INFO] - [0, 26, 27], []
[2025-01-29 13:55:40,670][__main__][INFO] - [0, 26], [27]
[2025-01-29 13:55:40,717][__main__][INFO] - [0, 26, 28], []
[2025-01-29 13:55:40,765][__main__][INFO] - [0, 26, 29], []
[2025-01-29 13:55:40,818][__main__][INFO] - [0, 26, 30], []
[2025-01-29 13:55:40,866][__main__][INFO] - [0, 26, 31], []
[2025-01-29 13:55:40,914][__main__][INFO] - [0, 26], [31]
[2025-01-29 13:55:40,963][__main__][INFO] - [0, 26, 32], []
[2025-01-29 13:55:41,011][__main__][INFO] - [0, 26, 33], []
[2025-01-29 13:55:41,059][__main__][INFO] - [0, 26, 34], []
[2025-01-29 13:55:41,108][__main__][INFO] - [0, 26, 35], []
[2025-01-29 13:55:41,340][__main__][INFO] - [0, 27], [26]
[2025-01-29 13:55:41,389][__main__][INFO] - [0], [26, 27]
[2025-01-29 13:55:41,444][__main__][INFO] - [0, 28], [26]
[2025-01-29 13:55:41,496][__main__][INFO] - [0, 29], [26]
[2025-01-29 13:55:41,545][__main__][INFO] - [0, 30], [26]
[2025-01-29 13:55:41,595][__main__][INFO] - [0, 31], [26]
[2025-01-29 13:55:41,645][__main__][INFO] - [0], [26, 31]
[2025-01-29 13:55:41,696][__main__][INFO] - [0, 32], [26]
[2025-01-29 13:55:41,744][__main__][INFO] - [0, 33], [26]
[2025-01-29 13:55:41,794][__main__][INFO] - [0, 34], [26]
[2025-01-29 13:55:41,843][__main__][INFO] - [0, 35], [26]
[2025-01-29 13:55:41,892][__main__][INFO] - [0, 36], [26]
[2025-01-29 13:55:41,940][__main__][INFO] - [0, 37], [26]
[2025-01-29 13:55:41,989][__main__][INFO] - [0, 38], [26]
[2025-01-29 13:55:42,037][__main__][INFO] - [0, 39], [26]
[2025-01-29 13:55:42,147][__main__][INFO] - [0, 27, 28], []
[2025-01-29 13:55:42,195][__main__][INFO] - [0, 27, 29], []
[2025-01-29 13:55:42,242][__main__][INFO] - [0, 27, 30], []
[2025-01-29 13:55:42,289][__main__][INFO] - [0, 27, 31], []
[2025-01-29 13:55:42,337][__main__][INFO] - [0, 27], [31]
[2025-01-29 13:55:42,386][__main__][INFO] - [0, 27, 32], []
[2025-01-29 13:55:42,434][__main__][INFO] - [0, 27, 33], []
[2025-01-29 13:55:42,482][__main__][INFO] - [0, 27, 34], []
[2025-01-29 13:55:42,530][__main__][INFO] - [0, 27, 35], []
[2025-01-29 13:55:42,578][__main__][INFO] - [0, 27, 36], []
[2025-01-29 13:55:42,779][__main__][INFO] - [0, 28], [27]
[2025-01-29 13:55:42,830][__main__][INFO] - [0, 29], [27]
[2025-01-29 13:55:42,878][__main__][INFO] - [0, 30], [27]
[2025-01-29 13:55:42,928][__main__][INFO] - [0, 31], [27]
[2025-01-29 13:55:42,979][__main__][INFO] - [0], [27, 31]
[2025-01-29 13:55:43,029][__main__][INFO] - [0, 32], [27]
[2025-01-29 13:55:43,078][__main__][INFO] - [0, 33], [27]
[2025-01-29 13:55:43,129][__main__][INFO] - [0, 34], [27]
[2025-01-29 13:55:43,178][__main__][INFO] - [0, 35], [27]
[2025-01-29 13:55:43,226][__main__][INFO] - [0, 36], [27]
[2025-01-29 13:55:43,274][__main__][INFO] - [0, 37], [27]
[2025-01-29 13:55:43,322][__main__][INFO] - [0, 38], [27]
[2025-01-29 13:55:43,370][__main__][INFO] - [0, 39], [27]
[2025-01-29 13:55:43,480][__main__][INFO] - [0, 28, 31], []
[2025-01-29 13:55:43,529][__main__][INFO] - [0, 28], [31]
[2025-01-29 13:55:43,579][__main__][INFO] - [0, 28, 32], []
[2025-01-29 13:55:43,628][__main__][INFO] - [0, 28, 33], []
[2025-01-29 13:55:43,677][__main__][INFO] - [0, 28, 34], []
[2025-01-29 13:55:43,726][__main__][INFO] - [0, 28, 35], []
[2025-01-29 13:55:43,773][__main__][INFO] - [0, 28, 36], []
[2025-01-29 13:55:43,821][__main__][INFO] - [0, 28, 37], []
[2025-01-29 13:55:43,869][__main__][INFO] - [0, 28, 38], []
[2025-01-29 13:55:43,918][__main__][INFO] - [0, 28, 39], []
[2025-01-29 13:55:44,028][__main__][INFO] - [0, 29, 31], []
[2025-01-29 13:55:44,076][__main__][INFO] - [0, 29], [31]
[2025-01-29 13:55:44,125][__main__][INFO] - [0, 29, 32], []
[2025-01-29 13:55:44,173][__main__][INFO] - [0, 29, 33], []
[2025-01-29 13:55:44,222][__main__][INFO] - [0, 29, 34], []
[2025-01-29 13:55:44,269][__main__][INFO] - [0, 29, 35], []
[2025-01-29 13:55:44,317][__main__][INFO] - [0, 29, 36], []
[2025-01-29 13:55:44,520][__main__][INFO] - [0, 30, 31], []
[2025-01-29 13:55:44,570][__main__][INFO] - [0, 30], [31]
[2025-01-29 13:55:44,619][__main__][INFO] - [0, 30, 32], []
[2025-01-29 13:55:44,668][__main__][INFO] - [0, 30, 33], []
[2025-01-29 13:55:44,717][__main__][INFO] - [0, 30, 34], []
[2025-01-29 13:55:44,766][__main__][INFO] - [0, 30, 35], []
[2025-01-29 13:55:44,813][__main__][INFO] - [0, 30, 36], []
[2025-01-29 13:55:44,862][__main__][INFO] - [0, 30, 37], []
[2025-01-29 13:55:44,910][__main__][INFO] - [0, 30, 38], []
[2025-01-29 13:55:44,959][__main__][INFO] - [0, 30, 39], []
[2025-01-29 13:55:45,069][__main__][INFO] - [0, 31, 32], []
[2025-01-29 13:55:45,118][__main__][INFO] - [0, 31, 33], []
[2025-01-29 13:55:45,167][__main__][INFO] - [0, 31, 34], []
[2025-01-29 13:55:45,216][__main__][INFO] - [0, 31, 35], []
[2025-01-29 13:55:45,264][__main__][INFO] - [0, 31, 36], []
[2025-01-29 13:55:45,312][__main__][INFO] - [0, 31, 37], []
[2025-01-29 13:55:45,360][__main__][INFO] - [0, 31, 38], []
[2025-01-29 13:55:45,408][__main__][INFO] - [0, 31, 39], []
[2025-01-29 13:55:45,517][__main__][INFO] - [0, 32], [31]
[2025-01-29 13:55:45,566][__main__][INFO] - [0, 33], [31]
[2025-01-29 13:55:45,615][__main__][INFO] - [0, 34], [31]
[2025-01-29 13:55:45,664][__main__][INFO] - [0, 35], [31]
[2025-01-29 13:55:45,713][__main__][INFO] - [0, 36], [31]
[2025-01-29 13:55:45,761][__main__][INFO] - [0, 37], [31]
[2025-01-29 13:55:45,808][__main__][INFO] - [0, 38], [31]
[2025-01-29 13:55:45,856][__main__][INFO] - [0, 39], [31]
[2025-01-29 13:55:45,994][__main__][INFO] - [1, 10, 11], []
[2025-01-29 13:55:46,064][__main__][INFO] - [1, 10, 12], []
[2025-01-29 13:55:46,114][__main__][INFO] - [1, 10, 13], []
[2025-01-29 13:55:46,164][__main__][INFO] - [1, 10, 14], []
[2025-01-29 13:55:46,243][__main__][INFO] - [1, 10, 16], []
[2025-01-29 13:55:46,394][__main__][INFO] - [1, 10, 20], []
[2025-01-29 13:55:46,456][__main__][INFO] - [1, 10, 21], []
[2025-01-29 13:55:46,514][__main__][INFO] - [1, 10, 22], []
[2025-01-29 13:55:46,568][__main__][INFO] - [1, 10, 23], []
[2025-01-29 13:55:46,620][__main__][INFO] - [1, 10, 24], []
[2025-01-29 13:55:46,668][__main__][INFO] - [1, 10, 25], []
[2025-01-29 13:55:46,718][__main__][INFO] - [1, 10], [25]
[2025-01-29 13:55:46,789][__main__][INFO] - [1, 10, 26], []
[2025-01-29 13:55:46,839][__main__][INFO] - [1, 10], [26]
[2025-01-29 13:55:46,908][__main__][INFO] - [1, 10, 27], []
[2025-01-29 13:55:46,961][__main__][INFO] - [1, 10], [27]
[2025-01-29 13:55:47,028][__main__][INFO] - [1, 10, 28], []
[2025-01-29 13:55:47,082][__main__][INFO] - [1, 10, 29], []
[2025-01-29 13:55:47,176][__main__][INFO] - [1, 10, 31], []
[2025-01-29 13:55:47,232][__main__][INFO] - [1, 10], [31]
[2025-01-29 13:55:47,292][__main__][INFO] - [1, 10, 32], []
[2025-01-29 13:55:47,343][__main__][INFO] - [1, 10, 33], []
[2025-01-29 13:55:47,401][__main__][INFO] - [1, 10, 34], []
[2025-01-29 13:55:47,452][__main__][INFO] - [1, 10, 35], []
[2025-01-29 13:55:47,503][__main__][INFO] - [1, 10, 36], []
[2025-01-29 13:55:47,554][__main__][INFO] - [1, 10, 37], []
[2025-01-29 13:55:47,727][__main__][INFO] - [1, 11], [10]
[2025-01-29 13:55:48,206][__main__][INFO] - [1, 12], [10]
[2025-01-29 13:55:48,272][__main__][INFO] - [1, 13], [10]
[2025-01-29 13:55:48,328][__main__][INFO] - [1, 14], [10]
[2025-01-29 13:55:48,381][__main__][INFO] - [1, 15], [10]
[2025-01-29 13:55:48,430][__main__][INFO] - [1, 16], [10]
[2025-01-29 13:55:48,575][__main__][INFO] - [1, 17], [10]
[2025-01-29 13:55:48,625][__main__][INFO] - [1, 18], [10]
[2025-01-29 13:55:48,704][__main__][INFO] - [1, 20], [10]
[2025-01-29 13:55:49,127][__main__][INFO] - [1, 21], [10]
[2025-01-29 13:55:49,437][__main__][INFO] - [1, 22], [10]
[2025-01-29 13:55:49,588][__main__][INFO] - [1, 23], [10]
[2025-01-29 13:55:49,704][__main__][INFO] - [1, 24], [10]
[2025-01-29 13:55:49,757][__main__][INFO] - [1, 25], [10]
[2025-01-29 13:55:49,833][__main__][INFO] - [1], [10, 25]
[2025-01-29 13:55:50,352][__main__][INFO] - [1], [10, 26]
[2025-01-29 13:55:50,901][__main__][INFO] - [1], [10, 27]
[2025-01-29 13:55:51,429][__main__][INFO] - [1, 28], [10]
[2025-01-29 13:55:52,017][__main__][INFO] - [1, 31], [10]
[2025-01-29 13:55:52,277][__main__][INFO] - [1], [10, 31]
[2025-01-29 13:55:52,544][__main__][INFO] - [1, 32], [10]
[2025-01-29 13:55:52,647][__main__][INFO] - [1, 33], [10]
[2025-01-29 13:55:52,937][__main__][INFO] - [1, 34], [10]
[2025-01-29 13:55:53,014][__main__][INFO] - [1, 35], [10]
[2025-01-29 13:55:53,112][__main__][INFO] - [1, 36], [10]
[2025-01-29 13:55:53,175][__main__][INFO] - [1, 37], [10]
[2025-01-29 13:55:53,226][__main__][INFO] - [1, 38], [10]
[2025-01-29 13:55:53,276][__main__][INFO] - [1, 39], [10]
[2025-01-29 13:55:53,385][__main__][INFO] - [1, 11, 16], []
[2025-01-29 13:55:53,525][__main__][INFO] - [1, 11, 17], []
[2025-01-29 13:55:53,574][__main__][INFO] - [1, 11, 18], []
[2025-01-29 13:55:53,623][__main__][INFO] - [1, 11, 19], []
[2025-01-29 13:55:53,671][__main__][INFO] - [1, 11, 20], []
[2025-01-29 13:55:54,069][__main__][INFO] - [1, 11, 21], []
[2025-01-29 13:55:54,364][__main__][INFO] - [1, 11, 22], []
[2025-01-29 13:55:54,516][__main__][INFO] - [1, 11, 23], []
[2025-01-29 13:55:54,628][__main__][INFO] - [1, 11, 24], []
[2025-01-29 13:55:54,712][__main__][INFO] - [1, 11], [25]
[2025-01-29 13:55:55,214][__main__][INFO] - [1, 11, 26], []
[2025-01-29 13:55:55,265][__main__][INFO] - [1, 11], [26]
[2025-01-29 13:55:55,758][__main__][INFO] - [1, 11, 27], []
[2025-01-29 13:55:55,810][__main__][INFO] - [1, 11], [27]
[2025-01-29 13:55:56,296][__main__][INFO] - [1, 11, 28], []
[2025-01-29 13:55:56,781][__main__][INFO] - [1, 11, 29], []
[2025-01-29 13:55:56,874][__main__][INFO] - [1, 11, 31], []
[2025-01-29 13:55:57,128][__main__][INFO] - [1, 11], [31]
[2025-01-29 13:55:57,397][__main__][INFO] - [1, 11, 32], []
[2025-01-29 13:55:57,499][__main__][INFO] - [1, 11, 33], []
[2025-01-29 13:55:57,782][__main__][INFO] - [1, 11, 34], []
[2025-01-29 13:55:57,860][__main__][INFO] - [1, 11, 35], []
[2025-01-29 13:55:57,948][__main__][INFO] - [1, 11, 36], []
[2025-01-29 13:55:58,012][__main__][INFO] - [1, 11, 37], []
[2025-01-29 13:55:58,063][__main__][INFO] - [1, 11, 38], []
[2025-01-29 13:55:58,113][__main__][INFO] - [1, 11, 39], []
[2025-01-29 13:55:58,224][__main__][INFO] - [1, 12, 16], []
[2025-01-29 13:55:58,373][__main__][INFO] - [1, 12, 20], []
[2025-01-29 13:55:58,432][__main__][INFO] - [1, 12, 21], []
[2025-01-29 13:55:58,495][__main__][INFO] - [1, 12, 22], []
[2025-01-29 13:55:58,545][__main__][INFO] - [1, 12, 23], []
[2025-01-29 13:55:58,627][__main__][INFO] - [1, 12, 25], []
[2025-01-29 13:55:58,725][__main__][INFO] - [1, 12, 26], []
[2025-01-29 13:55:58,773][__main__][INFO] - [1, 12], [26]
[2025-01-29 13:55:58,839][__main__][INFO] - [1, 12, 27], []
[2025-01-29 13:55:58,889][__main__][INFO] - [1, 12], [27]
[2025-01-29 13:55:58,955][__main__][INFO] - [1, 12, 28], []
[2025-01-29 13:55:59,021][__main__][INFO] - [1, 12, 29], []
[2025-01-29 13:55:59,103][__main__][INFO] - [1, 12, 31], []
[2025-01-29 13:55:59,160][__main__][INFO] - [1, 12], [31]
[2025-01-29 13:55:59,217][__main__][INFO] - [1, 12, 32], []
[2025-01-29 13:55:59,269][__main__][INFO] - [1, 12, 33], []
[2025-01-29 13:55:59,324][__main__][INFO] - [1, 12, 34], []
[2025-01-29 13:55:59,374][__main__][INFO] - [1, 12, 35], []
[2025-01-29 13:55:59,428][__main__][INFO] - [1, 12, 36], []
[2025-01-29 13:55:59,632][__main__][INFO] - [1, 13, 16], []
[2025-01-29 13:55:59,778][__main__][INFO] - [1, 13, 20], []
[2025-01-29 13:55:59,831][__main__][INFO] - [1, 13, 21], []
[2025-01-29 13:55:59,885][__main__][INFO] - [1, 13, 22], []
[2025-01-29 13:55:59,935][__main__][INFO] - [1, 13, 23], []
[2025-01-29 13:56:00,016][__main__][INFO] - [1, 13, 25], []
[2025-01-29 13:56:00,135][__main__][INFO] - [1, 13], [26]
[2025-01-29 13:56:00,191][__main__][INFO] - [1, 13, 27], []
[2025-01-29 13:56:00,241][__main__][INFO] - [1, 13], [27]
[2025-01-29 13:56:00,297][__main__][INFO] - [1, 13, 28], []
[2025-01-29 13:56:00,353][__main__][INFO] - [1, 13, 29], []
[2025-01-29 13:56:00,434][__main__][INFO] - [1, 13, 31], []
[2025-01-29 13:56:00,485][__main__][INFO] - [1, 13], [31]
[2025-01-29 13:56:00,538][__main__][INFO] - [1, 13, 32], []
[2025-01-29 13:56:00,588][__main__][INFO] - [1, 13, 33], []
[2025-01-29 13:56:00,639][__main__][INFO] - [1, 13, 34], []
[2025-01-29 13:56:00,688][__main__][INFO] - [1, 13, 35], []
[2025-01-29 13:56:00,741][__main__][INFO] - [1, 13, 36], []
[2025-01-29 13:56:00,945][__main__][INFO] - [1, 14, 16], []
[2025-01-29 13:56:01,089][__main__][INFO] - [1, 14, 20], []
[2025-01-29 13:56:01,141][__main__][INFO] - [1, 14, 21], []
[2025-01-29 13:56:01,192][__main__][INFO] - [1, 14, 22], []
[2025-01-29 13:56:01,242][__main__][INFO] - [1, 14, 23], []
[2025-01-29 13:56:01,356][__main__][INFO] - [1, 14], [25]
[2025-01-29 13:56:01,441][__main__][INFO] - [1, 14], [26]
[2025-01-29 13:56:01,494][__main__][INFO] - [1, 14, 27], []
[2025-01-29 13:56:01,542][__main__][INFO] - [1, 14], [27]
[2025-01-29 13:56:01,596][__main__][INFO] - [1, 14, 28], []
[2025-01-29 13:56:01,649][__main__][INFO] - [1, 14, 29], []
[2025-01-29 13:56:01,728][__main__][INFO] - [1, 14, 31], []
[2025-01-29 13:56:01,780][__main__][INFO] - [1, 14], [31]
[2025-01-29 13:56:01,831][__main__][INFO] - [1, 14, 32], []
[2025-01-29 13:56:01,881][__main__][INFO] - [1, 14, 33], []
[2025-01-29 13:56:01,932][__main__][INFO] - [1, 14, 34], []
[2025-01-29 13:56:01,982][__main__][INFO] - [1, 14, 35], []
[2025-01-29 13:56:02,031][__main__][INFO] - [1, 14, 36], []
[2025-01-29 13:56:02,235][__main__][INFO] - [1, 15, 16], []
[2025-01-29 13:56:02,378][__main__][INFO] - [1, 15, 20], []
[2025-01-29 13:56:02,426][__main__][INFO] - [1, 15, 21], []
[2025-01-29 13:56:02,599][__main__][INFO] - [1, 15], [25]
[2025-01-29 13:56:02,680][__main__][INFO] - [1, 15], [26]
[2025-01-29 13:56:02,761][__main__][INFO] - [1, 15], [27]
[2025-01-29 13:56:02,811][__main__][INFO] - [1, 15, 28], []
[2025-01-29 13:56:02,923][__main__][INFO] - [1, 15, 31], []
[2025-01-29 13:56:02,973][__main__][INFO] - [1, 15], [31]
[2025-01-29 13:56:03,333][__main__][INFO] - [1, 16, 21], []
[2025-01-29 13:56:03,442][__main__][INFO] - [1, 16, 22], []
[2025-01-29 13:56:03,509][__main__][INFO] - [1, 16, 23], []
[2025-01-29 13:56:03,571][__main__][INFO] - [1, 16, 24], []
[2025-01-29 13:56:03,621][__main__][INFO] - [1, 16, 25], []
[2025-01-29 13:56:03,678][__main__][INFO] - [1, 16], [25]
[2025-01-29 13:56:03,821][__main__][INFO] - [1, 16, 26], []
[2025-01-29 13:56:03,871][__main__][INFO] - [1, 16], [26]
[2025-01-29 13:56:04,022][__main__][INFO] - [1, 16, 27], []
[2025-01-29 13:56:04,072][__main__][INFO] - [1, 16], [27]
[2025-01-29 13:56:04,222][__main__][INFO] - [1, 16, 28], []
[2025-01-29 13:56:04,367][__main__][INFO] - [1, 16, 29], []
[2025-01-29 13:56:04,451][__main__][INFO] - [1, 16, 31], []
[2025-01-29 13:56:04,545][__main__][INFO] - [1, 16], [31]
[2025-01-29 13:56:04,643][__main__][INFO] - [1, 16, 32], []
[2025-01-29 13:56:04,703][__main__][INFO] - [1, 16, 33], []
[2025-01-29 13:56:04,801][__main__][INFO] - [1, 16, 34], []
[2025-01-29 13:56:04,856][__main__][INFO] - [1, 16, 35], []
[2025-01-29 13:56:04,916][__main__][INFO] - [1, 16, 36], []
[2025-01-29 13:56:04,969][__main__][INFO] - [1, 16, 37], []
[2025-01-29 13:56:05,018][__main__][INFO] - [1, 16, 38], []
[2025-01-29 13:56:05,067][__main__][INFO] - [1, 16, 39], []
[2025-01-29 13:56:05,178][__main__][INFO] - [1, 17, 21], []
[2025-01-29 13:56:05,352][__main__][INFO] - [1, 17], [25]
[2025-01-29 13:56:05,434][__main__][INFO] - [1, 17], [26]
[2025-01-29 13:56:05,513][__main__][INFO] - [1, 17], [27]
[2025-01-29 13:56:05,562][__main__][INFO] - [1, 17, 28], []
[2025-01-29 13:56:05,705][__main__][INFO] - [1, 17], [31]
[2025-01-29 13:56:05,786][__main__][INFO] - [1, 17, 33], []
[2025-01-29 13:56:06,082][__main__][INFO] - [1, 18, 21], []
[2025-01-29 13:56:06,130][__main__][INFO] - [1, 18, 22], []
[2025-01-29 13:56:06,272][__main__][INFO] - [1, 18], [25]
[2025-01-29 13:56:06,352][__main__][INFO] - [1, 18], [26]
[2025-01-29 13:56:06,431][__main__][INFO] - [1, 18], [27]
[2025-01-29 13:56:06,480][__main__][INFO] - [1, 18, 28], []
[2025-01-29 13:56:06,624][__main__][INFO] - [1, 18], [31]
[2025-01-29 13:56:06,704][__main__][INFO] - [1, 18, 33], []
[2025-01-29 13:56:07,155][__main__][INFO] - [1, 19], [25]
[2025-01-29 13:56:07,234][__main__][INFO] - [1, 19], [26]
[2025-01-29 13:56:07,315][__main__][INFO] - [1, 19], [27]
[2025-01-29 13:56:07,829][__main__][INFO] - [1, 20, 21], []
[2025-01-29 13:56:08,079][__main__][INFO] - [1, 20, 22], []
[2025-01-29 13:56:08,210][__main__][INFO] - [1, 20, 23], []
[2025-01-29 13:56:08,314][__main__][INFO] - [1, 20, 24], []
[2025-01-29 13:56:08,366][__main__][INFO] - [1, 20, 25], []
[2025-01-29 13:56:08,431][__main__][INFO] - [1, 20], [25]
[2025-01-29 13:56:08,837][__main__][INFO] - [1, 20, 26], []
[2025-01-29 13:56:08,885][__main__][INFO] - [1, 20], [26]
[2025-01-29 13:56:09,313][__main__][INFO] - [1, 20, 27], []
[2025-01-29 13:56:09,365][__main__][INFO] - [1, 20], [27]
[2025-01-29 13:56:09,788][__main__][INFO] - [1, 20, 28], []
[2025-01-29 13:56:10,200][__main__][INFO] - [1, 20, 29], []
[2025-01-29 13:56:10,289][__main__][INFO] - [1, 20, 31], []
[2025-01-29 13:56:10,501][__main__][INFO] - [1, 20], [31]
[2025-01-29 13:56:10,731][__main__][INFO] - [1, 20, 32], []
[2025-01-29 13:56:10,825][__main__][INFO] - [1, 20, 33], []
[2025-01-29 13:56:11,070][__main__][INFO] - [1, 20, 34], []
[2025-01-29 13:56:11,142][__main__][INFO] - [1, 20, 35], []
[2025-01-29 13:56:11,229][__main__][INFO] - [1, 20, 36], []
[2025-01-29 13:56:11,290][__main__][INFO] - [1, 20, 37], []
[2025-01-29 13:56:11,341][__main__][INFO] - [1, 20, 38], []
[2025-01-29 13:56:11,390][__main__][INFO] - [1, 20, 39], []
[2025-01-29 13:56:11,500][__main__][INFO] - [1, 21, 25], []
[2025-01-29 13:56:11,567][__main__][INFO] - [1, 21], [25]
[2025-01-29 13:56:11,865][__main__][INFO] - [1, 21, 26], []
[2025-01-29 13:56:11,916][__main__][INFO] - [1, 21], [26]
[2025-01-29 13:56:12,233][__main__][INFO] - [1, 21, 27], []
[2025-01-29 13:56:12,284][__main__][INFO] - [1, 21], [27]
[2025-01-29 13:56:12,598][__main__][INFO] - [1, 21, 28], []
[2025-01-29 13:56:12,913][__main__][INFO] - [1, 21, 29], []
[2025-01-29 13:56:12,999][__main__][INFO] - [1, 21, 31], []
[2025-01-29 13:56:13,169][__main__][INFO] - [1, 21], [31]
[2025-01-29 13:56:13,352][__main__][INFO] - [1, 21, 32], []
[2025-01-29 13:56:13,445][__main__][INFO] - [1, 21, 33], []
[2025-01-29 13:56:13,621][__main__][INFO] - [1, 21, 34], []
[2025-01-29 13:56:13,673][__main__][INFO] - [1, 21, 35], []
[2025-01-29 13:56:13,760][__main__][INFO] - [1, 21, 36], []
[2025-01-29 13:56:13,819][__main__][INFO] - [1, 21, 37], []
[2025-01-29 13:56:13,870][__main__][INFO] - [1, 21, 38], []
[2025-01-29 13:56:13,920][__main__][INFO] - [1, 21, 39], []
[2025-01-29 13:56:14,030][__main__][INFO] - [1, 22, 25], []
[2025-01-29 13:56:14,081][__main__][INFO] - [1, 22], [25]
[2025-01-29 13:56:14,234][__main__][INFO] - [1, 22, 26], []
[2025-01-29 13:56:14,284][__main__][INFO] - [1, 22], [26]
[2025-01-29 13:56:14,444][__main__][INFO] - [1, 22, 27], []
[2025-01-29 13:56:14,494][__main__][INFO] - [1, 22], [27]
[2025-01-29 13:56:14,651][__main__][INFO] - [1, 22, 28], []
[2025-01-29 13:56:14,801][__main__][INFO] - [1, 22, 29], []
[2025-01-29 13:56:14,885][__main__][INFO] - [1, 22, 31], []
[2025-01-29 13:56:14,981][__main__][INFO] - [1, 22], [31]
[2025-01-29 13:56:15,079][__main__][INFO] - [1, 22, 32], []
[2025-01-29 13:56:15,131][__main__][INFO] - [1, 22, 33], []
[2025-01-29 13:56:15,240][__main__][INFO] - [1, 22, 34], []
[2025-01-29 13:56:15,310][__main__][INFO] - [1, 22, 35], []
[2025-01-29 13:56:15,363][__main__][INFO] - [1, 22, 36], []
[2025-01-29 13:56:15,414][__main__][INFO] - [1, 22, 37], []
[2025-01-29 13:56:15,464][__main__][INFO] - [1, 22, 38], []
[2025-01-29 13:56:15,513][__main__][INFO] - [1, 22, 39], []
[2025-01-29 13:56:15,624][__main__][INFO] - [1, 23, 25], []
[2025-01-29 13:56:15,676][__main__][INFO] - [1, 23], [25]
[2025-01-29 13:56:15,793][__main__][INFO] - [1, 23, 26], []
[2025-01-29 13:56:15,842][__main__][INFO] - [1, 23], [26]
[2025-01-29 13:56:15,964][__main__][INFO] - [1, 23, 27], []
[2025-01-29 13:56:16,014][__main__][INFO] - [1, 23], [27]
[2025-01-29 13:56:16,136][__main__][INFO] - [1, 23, 28], []
[2025-01-29 13:56:16,258][__main__][INFO] - [1, 23, 29], []
[2025-01-29 13:56:16,341][__main__][INFO] - [1, 23, 31], []
[2025-01-29 13:56:16,422][__main__][INFO] - [1, 23], [31]
[2025-01-29 13:56:16,504][__main__][INFO] - [1, 23, 32], []
[2025-01-29 13:56:16,561][__main__][INFO] - [1, 23, 33], []
[2025-01-29 13:56:16,647][__main__][INFO] - [1, 23, 34], []
[2025-01-29 13:56:16,699][__main__][INFO] - [1, 23, 35], []
[2025-01-29 13:56:16,755][__main__][INFO] - [1, 23, 36], []
[2025-01-29 13:56:16,807][__main__][INFO] - [1, 23, 37], []
[2025-01-29 13:56:16,856][__main__][INFO] - [1, 23, 38], []
[2025-01-29 13:56:16,904][__main__][INFO] - [1, 23, 39], []
[2025-01-29 13:56:17,046][__main__][INFO] - [1, 24], [25]
[2025-01-29 13:56:17,130][__main__][INFO] - [1, 24], [26]
[2025-01-29 13:56:17,213][__main__][INFO] - [1, 24], [27]
[2025-01-29 13:56:17,265][__main__][INFO] - [1, 24, 28], []
[2025-01-29 13:56:17,317][__main__][INFO] - [1, 24, 29], []
[2025-01-29 13:56:17,397][__main__][INFO] - [1, 24, 31], []
[2025-01-29 13:56:17,448][__main__][INFO] - [1, 24], [31]
[2025-01-29 13:56:17,499][__main__][INFO] - [1, 24, 32], []
[2025-01-29 13:56:17,548][__main__][INFO] - [1, 24, 33], []
[2025-01-29 13:56:17,600][__main__][INFO] - [1, 24, 34], []
[2025-01-29 13:56:17,649][__main__][INFO] - [1, 24, 35], []
[2025-01-29 13:56:17,696][__main__][INFO] - [1, 24, 36], []
[2025-01-29 13:56:17,899][__main__][INFO] - [1, 25, 26], []
[2025-01-29 13:56:17,947][__main__][INFO] - [1, 25], [26]
[2025-01-29 13:56:18,025][__main__][INFO] - [1, 25, 27], []
[2025-01-29 13:56:18,075][__main__][INFO] - [1, 25], [27]
[2025-01-29 13:56:18,152][__main__][INFO] - [1, 25, 28], []
[2025-01-29 13:56:18,229][__main__][INFO] - [1, 25, 29], []
[2025-01-29 13:56:18,310][__main__][INFO] - [1, 25, 31], []
[2025-01-29 13:56:18,370][__main__][INFO] - [1, 25], [31]
[2025-01-29 13:56:18,431][__main__][INFO] - [1, 25, 32], []
[2025-01-29 13:56:18,483][__main__][INFO] - [1, 25, 33], []
[2025-01-29 13:56:18,540][__main__][INFO] - [1, 25, 34], []
[2025-01-29 13:56:18,590][__main__][INFO] - [1, 25, 35], []
[2025-01-29 13:56:18,647][__main__][INFO] - [1, 25, 36], []
[2025-01-29 13:56:18,727][__main__][INFO] - [1, 25, 38], []
[2025-01-29 13:56:18,869][__main__][INFO] - [1, 26], [25]
[2025-01-29 13:56:18,920][__main__][INFO] - [1], [25, 26]
[2025-01-29 13:56:19,435][__main__][INFO] - [1, 27], [25]
[2025-01-29 13:56:19,487][__main__][INFO] - [1], [25, 27]
[2025-01-29 13:56:19,996][__main__][INFO] - [1, 28], [25]
[2025-01-29 13:56:20,479][__main__][INFO] - [1, 29], [25]
[2025-01-29 13:56:20,572][__main__][INFO] - [1, 31], [25]
[2025-01-29 13:56:20,825][__main__][INFO] - [1], [25, 31]
[2025-01-29 13:56:21,100][__main__][INFO] - [1, 32], [25]
[2025-01-29 13:56:21,202][__main__][INFO] - [1, 33], [25]
[2025-01-29 13:56:21,501][__main__][INFO] - [1, 34], [25]
[2025-01-29 13:56:21,583][__main__][INFO] - [1, 35], [25]
[2025-01-29 13:56:21,673][__main__][INFO] - [1, 36], [25]
[2025-01-29 13:56:21,736][__main__][INFO] - [1, 37], [25]
[2025-01-29 13:56:21,787][__main__][INFO] - [1, 38], [25]
[2025-01-29 13:56:21,837][__main__][INFO] - [1, 39], [25]
[2025-01-29 13:56:21,948][__main__][INFO] - [1, 26, 27], []
[2025-01-29 13:56:21,998][__main__][INFO] - [1, 26], [27]
[2025-01-29 13:56:22,049][__main__][INFO] - [1, 26, 28], []
[2025-01-29 13:56:22,099][__main__][INFO] - [1, 26, 29], []
[2025-01-29 13:56:22,180][__main__][INFO] - [1, 26, 31], []
[2025-01-29 13:56:22,230][__main__][INFO] - [1, 26], [31]
[2025-01-29 13:56:22,279][__main__][INFO] - [1, 26, 32], []
[2025-01-29 13:56:22,329][__main__][INFO] - [1, 26, 33], []
[2025-01-29 13:56:22,379][__main__][INFO] - [1, 26, 34], []
[2025-01-29 13:56:22,427][__main__][INFO] - [1, 26, 35], []
[2025-01-29 13:56:22,663][__main__][INFO] - [1, 27], [26]
[2025-01-29 13:56:22,715][__main__][INFO] - [1], [26, 27]
[2025-01-29 13:56:23,248][__main__][INFO] - [1, 28], [26]
[2025-01-29 13:56:23,768][__main__][INFO] - [1, 29], [26]
[2025-01-29 13:56:23,860][__main__][INFO] - [1, 31], [26]
[2025-01-29 13:56:24,130][__main__][INFO] - [1], [26, 31]
[2025-01-29 13:56:24,415][__main__][INFO] - [1, 32], [26]
[2025-01-29 13:56:24,521][__main__][INFO] - [1, 33], [26]
[2025-01-29 13:56:24,823][__main__][INFO] - [1, 34], [26]
[2025-01-29 13:56:24,902][__main__][INFO] - [1, 35], [26]
[2025-01-29 13:56:25,001][__main__][INFO] - [1, 36], [26]
[2025-01-29 13:56:25,065][__main__][INFO] - [1, 37], [26]
[2025-01-29 13:56:25,116][__main__][INFO] - [1, 38], [26]
[2025-01-29 13:56:25,167][__main__][INFO] - [1, 39], [26]
[2025-01-29 13:56:25,277][__main__][INFO] - [1, 27, 28], []
[2025-01-29 13:56:25,328][__main__][INFO] - [1, 27, 29], []
[2025-01-29 13:56:25,410][__main__][INFO] - [1, 27, 31], []
[2025-01-29 13:56:25,460][__main__][INFO] - [1, 27], [31]
[2025-01-29 13:56:25,511][__main__][INFO] - [1, 27, 32], []
[2025-01-29 13:56:25,561][__main__][INFO] - [1, 27, 33], []
[2025-01-29 13:56:25,612][__main__][INFO] - [1, 27, 34], []
[2025-01-29 13:56:25,661][__main__][INFO] - [1, 27, 35], []
[2025-01-29 13:56:25,711][__main__][INFO] - [1, 27, 36], []
[2025-01-29 13:56:25,906][__main__][INFO] - [1, 28], [27]
[2025-01-29 13:56:26,414][__main__][INFO] - [1, 29], [27]
[2025-01-29 13:56:26,502][__main__][INFO] - [1, 31], [27]
[2025-01-29 13:56:26,762][__main__][INFO] - [1], [27, 31]
[2025-01-29 13:56:27,040][__main__][INFO] - [1, 32], [27]
[2025-01-29 13:56:27,143][__main__][INFO] - [1, 33], [27]
[2025-01-29 13:56:27,444][__main__][INFO] - [1, 34], [27]
[2025-01-29 13:56:27,521][__main__][INFO] - [1, 35], [27]
[2025-01-29 13:56:27,618][__main__][INFO] - [1, 36], [27]
[2025-01-29 13:56:27,680][__main__][INFO] - [1, 37], [27]
[2025-01-29 13:56:27,730][__main__][INFO] - [1, 38], [27]
[2025-01-29 13:56:27,778][__main__][INFO] - [1, 39], [27]
[2025-01-29 13:56:27,884][__main__][INFO] - [1, 28, 31], []
[2025-01-29 13:56:28,142][__main__][INFO] - [1, 28], [31]
[2025-01-29 13:56:28,418][__main__][INFO] - [1, 28, 32], []
[2025-01-29 13:56:28,519][__main__][INFO] - [1, 28, 33], []
[2025-01-29 13:56:28,813][__main__][INFO] - [1, 28, 34], []
[2025-01-29 13:56:28,888][__main__][INFO] - [1, 28, 35], []
[2025-01-29 13:56:28,985][__main__][INFO] - [1, 28, 36], []
[2025-01-29 13:56:29,076][__main__][INFO] - [1, 28, 37], []
[2025-01-29 13:56:29,126][__main__][INFO] - [1, 28, 38], []
[2025-01-29 13:56:29,174][__main__][INFO] - [1, 28, 39], []
[2025-01-29 13:56:29,280][__main__][INFO] - [1, 29, 31], []
[2025-01-29 13:56:29,331][__main__][INFO] - [1, 29], [31]
[2025-01-29 13:56:29,386][__main__][INFO] - [1, 29, 32], []
[2025-01-29 13:56:29,435][__main__][INFO] - [1, 29, 33], []
[2025-01-29 13:56:29,488][__main__][INFO] - [1, 29, 34], []
[2025-01-29 13:56:29,537][__main__][INFO] - [1, 29, 35], []
[2025-01-29 13:56:29,585][__main__][INFO] - [1, 29, 36], []
[2025-01-29 13:56:29,632][__main__][INFO] - [1, 29, 37], []
[2025-01-29 13:56:29,825][__main__][INFO] - [1, 31, 32], []
[2025-01-29 13:56:29,897][__main__][INFO] - [1, 31, 33], []
[2025-01-29 13:56:30,051][__main__][INFO] - [1, 31, 34], []
[2025-01-29 13:56:30,110][__main__][INFO] - [1, 31, 35], []
[2025-01-29 13:56:30,180][__main__][INFO] - [1, 31, 36], []
[2025-01-29 13:56:30,233][__main__][INFO] - [1, 31, 37], []
[2025-01-29 13:56:30,281][__main__][INFO] - [1, 31, 38], []
[2025-01-29 13:56:30,329][__main__][INFO] - [1, 31, 39], []
[2025-01-29 13:56:30,435][__main__][INFO] - [1, 32], [31]
[2025-01-29 13:56:30,509][__main__][INFO] - [1, 33], [31]
[2025-01-29 13:56:30,673][__main__][INFO] - [1, 34], [31]
[2025-01-29 13:56:30,734][__main__][INFO] - [1, 35], [31]
[2025-01-29 13:56:30,804][__main__][INFO] - [1, 36], [31]
[2025-01-29 13:56:30,859][__main__][INFO] - [1, 37], [31]
[2025-01-29 13:56:30,907][__main__][INFO] - [1, 38], [31]
[2025-01-29 13:56:30,955][__main__][INFO] - [1, 39], [31]
[2025-01-29 13:56:31,088][__main__][INFO] - [2, 10, 11], []
[2025-01-29 13:56:31,161][__main__][INFO] - [2, 10, 12], []
[2025-01-29 13:56:31,210][__main__][INFO] - [2, 10, 13], []
[2025-01-29 13:56:31,258][__main__][INFO] - [2, 10, 14], []
[2025-01-29 13:56:31,335][__main__][INFO] - [2, 10, 16], []
[2025-01-29 13:56:31,412][__main__][INFO] - [2, 10, 17], []
[2025-01-29 13:56:31,460][__main__][INFO] - [2, 10, 18], []
[2025-01-29 13:56:31,507][__main__][INFO] - [2, 10, 19], []
[2025-01-29 13:56:31,584][__main__][INFO] - [2, 10, 21], []
[2025-01-29 13:56:31,646][__main__][INFO] - [2, 10, 22], []
[2025-01-29 13:56:31,700][__main__][INFO] - [2, 10, 23], []
[2025-01-29 13:56:31,751][__main__][INFO] - [2, 10, 24], []
[2025-01-29 13:56:31,800][__main__][INFO] - [2, 10, 25], []
[2025-01-29 13:56:31,849][__main__][INFO] - [2, 10], [25]
[2025-01-29 13:56:31,923][__main__][INFO] - [2, 10, 26], []
[2025-01-29 13:56:31,973][__main__][INFO] - [2, 10], [26]
[2025-01-29 13:56:32,045][__main__][INFO] - [2, 10, 27], []
[2025-01-29 13:56:32,100][__main__][INFO] - [2, 10], [27]
[2025-01-29 13:56:32,171][__main__][INFO] - [2, 10, 28], []
[2025-01-29 13:56:32,229][__main__][INFO] - [2, 10, 29], []
[2025-01-29 13:56:32,325][__main__][INFO] - [2, 10, 31], []
[2025-01-29 13:56:32,385][__main__][INFO] - [2, 10], [31]
[2025-01-29 13:56:32,449][__main__][INFO] - [2, 10, 32], []
[2025-01-29 13:56:32,499][__main__][INFO] - [2, 10, 33], []
[2025-01-29 13:56:32,562][__main__][INFO] - [2, 10, 34], []
[2025-01-29 13:56:32,611][__main__][INFO] - [2, 10, 35], []
[2025-01-29 13:56:32,660][__main__][INFO] - [2, 10, 36], []
[2025-01-29 13:56:32,709][__main__][INFO] - [2, 10, 37], []
[2025-01-29 13:56:32,787][__main__][INFO] - [2, 10, 39], []
[2025-01-29 13:56:32,893][__main__][INFO] - [2, 11], [10]
[2025-01-29 13:56:33,357][__main__][INFO] - [2, 12], [10]
[2025-01-29 13:56:33,452][__main__][INFO] - [2, 13], [10]
[2025-01-29 13:56:33,518][__main__][INFO] - [2, 14], [10]
[2025-01-29 13:56:33,570][__main__][INFO] - [2, 15], [10]
[2025-01-29 13:56:33,618][__main__][INFO] - [2, 16], [10]
[2025-01-29 13:56:34,156][__main__][INFO] - [2, 17], [10]
[2025-01-29 13:56:34,207][__main__][INFO] - [2, 18], [10]
[2025-01-29 13:56:34,253][__main__][INFO] - [2, 19], [10]
[2025-01-29 13:56:34,331][__main__][INFO] - [2, 21], [10]
[2025-01-29 13:56:34,682][__main__][INFO] - [2, 22], [10]
[2025-01-29 13:56:34,827][__main__][INFO] - [2, 23], [10]
[2025-01-29 13:56:34,950][__main__][INFO] - [2, 24], [10]
[2025-01-29 13:56:35,001][__main__][INFO] - [2, 25], [10]
[2025-01-29 13:56:35,118][__main__][INFO] - [2], [10, 25]
[2025-01-29 13:56:35,628][__main__][INFO] - [2], [10, 26]
[2025-01-29 13:56:36,232][__main__][INFO] - [2], [10, 27]
[2025-01-29 13:56:36,857][__main__][INFO] - [2, 28], [10]
[2025-01-29 13:56:37,485][__main__][INFO] - [2, 31], [10]
[2025-01-29 13:56:37,768][__main__][INFO] - [2], [10, 31]
[2025-01-29 13:56:38,055][__main__][INFO] - [2, 32], [10]
[2025-01-29 13:56:38,162][__main__][INFO] - [2, 33], [10]
[2025-01-29 13:56:38,472][__main__][INFO] - [2, 34], [10]
[2025-01-29 13:56:38,540][__main__][INFO] - [2, 35], [10]
[2025-01-29 13:56:38,646][__main__][INFO] - [2, 36], [10]
[2025-01-29 13:56:38,710][__main__][INFO] - [2, 37], [10]
[2025-01-29 13:56:38,760][__main__][INFO] - [2, 38], [10]
[2025-01-29 13:56:38,808][__main__][INFO] - [2, 39], [10]
[2025-01-29 13:56:38,914][__main__][INFO] - [2, 11, 16], []
[2025-01-29 13:56:39,393][__main__][INFO] - [2, 11, 17], []
[2025-01-29 13:56:39,444][__main__][INFO] - [2, 11, 18], []
[2025-01-29 13:56:39,491][__main__][INFO] - [2, 11, 19], []
[2025-01-29 13:56:39,570][__main__][INFO] - [2, 11, 21], []
[2025-01-29 13:56:39,856][__main__][INFO] - [2, 11, 22], []
[2025-01-29 13:56:40,006][__main__][INFO] - [2, 11, 23], []
[2025-01-29 13:56:40,118][__main__][INFO] - [2, 11, 24], []
[2025-01-29 13:56:40,199][__main__][INFO] - [2, 11], [25]
[2025-01-29 13:56:40,700][__main__][INFO] - [2, 11, 26], []
[2025-01-29 13:56:40,749][__main__][INFO] - [2, 11], [26]
[2025-01-29 13:56:41,258][__main__][INFO] - [2, 11, 27], []
[2025-01-29 13:56:41,309][__main__][INFO] - [2, 11], [27]
[2025-01-29 13:56:41,806][__main__][INFO] - [2, 11, 28], []
[2025-01-29 13:56:42,290][__main__][INFO] - [2, 11, 29], []
[2025-01-29 13:56:42,384][__main__][INFO] - [2, 11, 31], []
[2025-01-29 13:56:42,635][__main__][INFO] - [2, 11], [31]
[2025-01-29 13:56:42,901][__main__][INFO] - [2, 11, 32], []
[2025-01-29 13:56:43,000][__main__][INFO] - [2, 11, 33], []
[2025-01-29 13:56:43,298][__main__][INFO] - [2, 11, 34], []
[2025-01-29 13:56:43,367][__main__][INFO] - [2, 11, 35], []
[2025-01-29 13:56:43,448][__main__][INFO] - [2, 11, 36], []
[2025-01-29 13:56:43,514][__main__][INFO] - [2, 11, 37], []
[2025-01-29 13:56:43,564][__main__][INFO] - [2, 11, 38], []
[2025-01-29 13:56:43,613][__main__][INFO] - [2, 11, 39], []
[2025-01-29 13:56:43,721][__main__][INFO] - [2, 12, 16], []
[2025-01-29 13:56:43,819][__main__][INFO] - [2, 12, 17], []
[2025-01-29 13:56:43,960][__main__][INFO] - [2, 12, 21], []
[2025-01-29 13:56:44,047][__main__][INFO] - [2, 12, 22], []
[2025-01-29 13:56:44,097][__main__][INFO] - [2, 12, 23], []
[2025-01-29 13:56:44,151][__main__][INFO] - [2, 12, 24], []
[2025-01-29 13:56:44,199][__main__][INFO] - [2, 12, 25], []
[2025-01-29 13:56:44,329][__main__][INFO] - [2, 12, 26], []
[2025-01-29 13:56:44,378][__main__][INFO] - [2, 12], [26]
[2025-01-29 13:56:44,476][__main__][INFO] - [2, 12, 27], []
[2025-01-29 13:56:44,525][__main__][INFO] - [2, 12], [27]
[2025-01-29 13:56:44,621][__main__][INFO] - [2, 12, 28], []
[2025-01-29 13:56:44,716][__main__][INFO] - [2, 12, 29], []
[2025-01-29 13:56:44,796][__main__][INFO] - [2, 12, 31], []
[2025-01-29 13:56:44,865][__main__][INFO] - [2, 12], [31]
[2025-01-29 13:56:44,936][__main__][INFO] - [2, 12, 32], []
[2025-01-29 13:56:44,991][__main__][INFO] - [2, 12, 33], []
[2025-01-29 13:56:45,055][__main__][INFO] - [2, 12, 34], []
[2025-01-29 13:56:45,104][__main__][INFO] - [2, 12, 35], []
[2025-01-29 13:56:45,167][__main__][INFO] - [2, 12, 36], []
[2025-01-29 13:56:45,216][__main__][INFO] - [2, 12, 37], []
[2025-01-29 13:56:45,265][__main__][INFO] - [2, 12, 38], []
[2025-01-29 13:56:45,406][__main__][INFO] - [2, 13, 16], []
[2025-01-29 13:56:45,473][__main__][INFO] - [2, 13, 17], []
[2025-01-29 13:56:45,521][__main__][INFO] - [2, 13, 18], []
[2025-01-29 13:56:45,568][__main__][INFO] - [2, 13, 19], []
[2025-01-29 13:56:45,648][__main__][INFO] - [2, 13, 21], []
[2025-01-29 13:56:45,710][__main__][INFO] - [2, 13, 22], []
[2025-01-29 13:56:45,759][__main__][INFO] - [2, 13, 23], []
[2025-01-29 13:56:45,811][__main__][INFO] - [2, 13, 24], []
[2025-01-29 13:56:45,859][__main__][INFO] - [2, 13, 25], []
[2025-01-29 13:56:45,961][__main__][INFO] - [2, 13, 26], []
[2025-01-29 13:56:46,010][__main__][INFO] - [2, 13], [26]
[2025-01-29 13:56:46,082][__main__][INFO] - [2, 13, 27], []
[2025-01-29 13:56:46,130][__main__][INFO] - [2, 13], [27]
[2025-01-29 13:56:46,198][__main__][INFO] - [2, 13, 28], []
[2025-01-29 13:56:46,266][__main__][INFO] - [2, 13, 29], []
[2025-01-29 13:56:46,345][__main__][INFO] - [2, 13, 31], []
[2025-01-29 13:56:46,402][__main__][INFO] - [2, 13], [31]
[2025-01-29 13:56:46,460][__main__][INFO] - [2, 13, 32], []
[2025-01-29 13:56:46,510][__main__][INFO] - [2, 13, 33], []
[2025-01-29 13:56:46,564][__main__][INFO] - [2, 13, 34], []
[2025-01-29 13:56:46,613][__main__][INFO] - [2, 13, 35], []
[2025-01-29 13:56:46,669][__main__][INFO] - [2, 13, 36], []
[2025-01-29 13:56:46,748][__main__][INFO] - [2, 13, 38], []
[2025-01-29 13:56:46,888][__main__][INFO] - [2, 14, 16], []
[2025-01-29 13:56:46,941][__main__][INFO] - [2, 14, 17], []
[2025-01-29 13:56:46,989][__main__][INFO] - [2, 14, 18], []
[2025-01-29 13:56:47,098][__main__][INFO] - [2, 14, 21], []
[2025-01-29 13:56:47,148][__main__][INFO] - [2, 14, 22], []
[2025-01-29 13:56:47,197][__main__][INFO] - [2, 14, 23], []
[2025-01-29 13:56:47,307][__main__][INFO] - [2, 14], [25]
[2025-01-29 13:56:47,391][__main__][INFO] - [2, 14], [26]
[2025-01-29 13:56:47,475][__main__][INFO] - [2, 14], [27]
[2025-01-29 13:56:47,528][__main__][INFO] - [2, 14, 28], []
[2025-01-29 13:56:47,581][__main__][INFO] - [2, 14, 29], []
[2025-01-29 13:56:47,660][__main__][INFO] - [2, 14, 31], []
[2025-01-29 13:56:47,711][__main__][INFO] - [2, 14], [31]
[2025-01-29 13:56:47,761][__main__][INFO] - [2, 14, 32], []
[2025-01-29 13:56:47,810][__main__][INFO] - [2, 14, 33], []
[2025-01-29 13:56:47,860][__main__][INFO] - [2, 14, 34], []
[2025-01-29 13:56:47,908][__main__][INFO] - [2, 14, 35], []
[2025-01-29 13:56:47,958][__main__][INFO] - [2, 14, 36], []
[2025-01-29 13:56:48,160][__main__][INFO] - [2, 15, 16], []
[2025-01-29 13:56:48,333][__main__][INFO] - [2, 15, 21], []
[2025-01-29 13:56:48,381][__main__][INFO] - [2, 15, 22], []
[2025-01-29 13:56:48,430][__main__][INFO] - [2, 15, 23], []
[2025-01-29 13:56:48,538][__main__][INFO] - [2, 15], [25]
[2025-01-29 13:56:48,618][__main__][INFO] - [2, 15], [26]
[2025-01-29 13:56:48,698][__main__][INFO] - [2, 15], [27]
[2025-01-29 13:56:48,747][__main__][INFO] - [2, 15, 28], []
[2025-01-29 13:56:48,858][__main__][INFO] - [2, 15, 31], []
[2025-01-29 13:56:48,906][__main__][INFO] - [2, 15], [31]
[2025-01-29 13:56:48,955][__main__][INFO] - [2, 15, 32], []
[2025-01-29 13:56:49,003][__main__][INFO] - [2, 15, 33], []
[2025-01-29 13:56:49,081][__main__][INFO] - [2, 15, 35], []
[2025-01-29 13:56:49,188][__main__][INFO] - [2, 15, 38], []
[2025-01-29 13:56:49,328][__main__][INFO] - [2, 16, 21], []
[2025-01-29 13:56:49,680][__main__][INFO] - [2, 16, 22], []
[2025-01-29 13:56:49,830][__main__][INFO] - [2, 16, 23], []
[2025-01-29 13:56:49,955][__main__][INFO] - [2, 16, 24], []
[2025-01-29 13:56:50,007][__main__][INFO] - [2, 16, 25], []
[2025-01-29 13:56:50,130][__main__][INFO] - [2, 16], [25]
[2025-01-29 13:56:50,615][__main__][INFO] - [2, 16, 26], []
[2025-01-29 13:56:50,666][__main__][INFO] - [2, 16], [26]
[2025-01-29 13:56:51,246][__main__][INFO] - [2, 16, 27], []
[2025-01-29 13:56:51,301][__main__][INFO] - [2, 16], [27]
[2025-01-29 13:56:51,884][__main__][INFO] - [2, 16, 28], []
[2025-01-29 13:56:52,436][__main__][INFO] - [2, 16, 29], []
[2025-01-29 13:56:52,532][__main__][INFO] - [2, 16, 31], []
[2025-01-29 13:56:52,826][__main__][INFO] - [2, 16], [31]
[2025-01-29 13:56:53,126][__main__][INFO] - [2, 16, 32], []
[2025-01-29 13:56:53,236][__main__][INFO] - [2, 16, 33], []
[2025-01-29 13:56:53,562][__main__][INFO] - [2, 16, 34], []
[2025-01-29 13:56:53,631][__main__][INFO] - [2, 16, 35], []
[2025-01-29 13:56:53,739][__main__][INFO] - [2, 16, 36], []
[2025-01-29 13:56:53,805][__main__][INFO] - [2, 16, 37], []
[2025-01-29 13:56:53,855][__main__][INFO] - [2, 16, 38], []
[2025-01-29 13:56:53,904][__main__][INFO] - [2, 16, 39], []
[2025-01-29 13:56:54,012][__main__][INFO] - [2, 17, 21], []
[2025-01-29 13:56:54,061][__main__][INFO] - [2, 17, 22], []
[2025-01-29 13:56:54,110][__main__][INFO] - [2, 17, 23], []
[2025-01-29 13:56:54,158][__main__][INFO] - [2, 17, 24], []
[2025-01-29 13:56:54,206][__main__][INFO] - [2, 17, 25], []
[2025-01-29 13:56:54,254][__main__][INFO] - [2, 17], [25]
[2025-01-29 13:56:54,305][__main__][INFO] - [2, 17, 26], []
[2025-01-29 13:56:54,353][__main__][INFO] - [2, 17], [26]
[2025-01-29 13:56:54,435][__main__][INFO] - [2, 17], [27]
[2025-01-29 13:56:54,486][__main__][INFO] - [2, 17, 28], []
[2025-01-29 13:56:54,537][__main__][INFO] - [2, 17, 29], []
[2025-01-29 13:56:54,615][__main__][INFO] - [2, 17, 31], []
[2025-01-29 13:56:54,664][__main__][INFO] - [2, 17], [31]
[2025-01-29 13:56:54,714][__main__][INFO] - [2, 17, 32], []
[2025-01-29 13:56:54,762][__main__][INFO] - [2, 17, 33], []
[2025-01-29 13:56:54,812][__main__][INFO] - [2, 17, 34], []
[2025-01-29 13:56:54,860][__main__][INFO] - [2, 17, 35], []
[2025-01-29 13:56:54,908][__main__][INFO] - [2, 17, 36], []
[2025-01-29 13:56:55,108][__main__][INFO] - [2, 18, 21], []
[2025-01-29 13:56:55,154][__main__][INFO] - [2, 18, 22], []
[2025-01-29 13:56:55,201][__main__][INFO] - [2, 18, 23], []
[2025-01-29 13:56:55,278][__main__][INFO] - [2, 18, 25], []
[2025-01-29 13:56:55,325][__main__][INFO] - [2, 18], [25]
[2025-01-29 13:56:55,401][__main__][INFO] - [2, 18], [26]
[2025-01-29 13:56:55,478][__main__][INFO] - [2, 18], [27]
[2025-01-29 13:56:55,525][__main__][INFO] - [2, 18, 28], []
[2025-01-29 13:56:55,633][__main__][INFO] - [2, 18, 31], []
[2025-01-29 13:56:55,679][__main__][INFO] - [2, 18], [31]
[2025-01-29 13:56:55,726][__main__][INFO] - [2, 18, 32], []
[2025-01-29 13:56:55,773][__main__][INFO] - [2, 18, 33], []
[2025-01-29 13:56:55,819][__main__][INFO] - [2, 18, 34], []
[2025-01-29 13:56:55,866][__main__][INFO] - [2, 18, 35], []
[2025-01-29 13:56:55,912][__main__][INFO] - [2, 18, 36], []
[2025-01-29 13:56:56,110][__main__][INFO] - [2, 19, 21], []
[2025-01-29 13:56:56,158][__main__][INFO] - [2, 19, 22], []
[2025-01-29 13:56:56,206][__main__][INFO] - [2, 19, 23], []
[2025-01-29 13:56:56,285][__main__][INFO] - [2, 19, 25], []
[2025-01-29 13:56:56,333][__main__][INFO] - [2, 19], [25]
[2025-01-29 13:56:56,412][__main__][INFO] - [2, 19], [26]
[2025-01-29 13:56:56,492][__main__][INFO] - [2, 19], [27]
[2025-01-29 13:56:56,541][__main__][INFO] - [2, 19, 28], []
[2025-01-29 13:56:56,651][__main__][INFO] - [2, 19, 31], []
[2025-01-29 13:56:56,699][__main__][INFO] - [2, 19], [31]
[2025-01-29 13:56:56,748][__main__][INFO] - [2, 19, 32], []
[2025-01-29 13:56:56,796][__main__][INFO] - [2, 19, 33], []
[2025-01-29 13:56:56,844][__main__][INFO] - [2, 19, 34], []
[2025-01-29 13:56:56,892][__main__][INFO] - [2, 19, 35], []
[2025-01-29 13:56:56,940][__main__][INFO] - [2, 19, 36], []
[2025-01-29 13:56:57,169][__main__][INFO] - [2, 21, 25], []
[2025-01-29 13:56:57,275][__main__][INFO] - [2, 21], [25]
[2025-01-29 13:56:57,566][__main__][INFO] - [2, 21, 26], []
[2025-01-29 13:56:57,614][__main__][INFO] - [2, 21], [26]
[2025-01-29 13:56:57,968][__main__][INFO] - [2, 21, 27], []
[2025-01-29 13:56:58,018][__main__][INFO] - [2, 21], [27]
[2025-01-29 13:56:58,374][__main__][INFO] - [2, 21, 28], []
[2025-01-29 13:56:58,731][__main__][INFO] - [2, 21, 29], []
[2025-01-29 13:56:58,816][__main__][INFO] - [2, 21, 31], []
[2025-01-29 13:56:59,006][__main__][INFO] - [2, 21], [31]
[2025-01-29 13:56:59,206][__main__][INFO] - [2, 21, 32], []
[2025-01-29 13:56:59,301][__main__][INFO] - [2, 21, 33], []
[2025-01-29 13:56:59,490][__main__][INFO] - [2, 21, 34], []
[2025-01-29 13:56:59,542][__main__][INFO] - [2, 21, 35], []
[2025-01-29 13:56:59,634][__main__][INFO] - [2, 21, 36], []
[2025-01-29 13:56:59,695][__main__][INFO] - [2, 21, 37], []
[2025-01-29 13:56:59,744][__main__][INFO] - [2, 21, 38], []
[2025-01-29 13:56:59,792][__main__][INFO] - [2, 21, 39], []
[2025-01-29 13:56:59,900][__main__][INFO] - [2, 22, 25], []
[2025-01-29 13:56:59,951][__main__][INFO] - [2, 22], [25]
[2025-01-29 13:57:00,101][__main__][INFO] - [2, 22, 26], []
[2025-01-29 13:57:00,149][__main__][INFO] - [2, 22], [26]
[2025-01-29 13:57:00,303][__main__][INFO] - [2, 22, 27], []
[2025-01-29 13:57:00,351][__main__][INFO] - [2, 22], [27]
[2025-01-29 13:57:00,504][__main__][INFO] - [2, 22, 28], []
[2025-01-29 13:57:00,653][__main__][INFO] - [2, 22, 29], []
[2025-01-29 13:57:00,735][__main__][INFO] - [2, 22, 31], []
[2025-01-29 13:57:00,829][__main__][INFO] - [2, 22], [31]
[2025-01-29 13:57:00,925][__main__][INFO] - [2, 22, 32], []
[2025-01-29 13:57:00,976][__main__][INFO] - [2, 22, 33], []
[2025-01-29 13:57:01,092][__main__][INFO] - [2, 22, 34], []
[2025-01-29 13:57:01,153][__main__][INFO] - [2, 22, 35], []
[2025-01-29 13:57:01,204][__main__][INFO] - [2, 22, 36], []
[2025-01-29 13:57:01,254][__main__][INFO] - [2, 22, 37], []
[2025-01-29 13:57:01,302][__main__][INFO] - [2, 22, 38], []
[2025-01-29 13:57:01,350][__main__][INFO] - [2, 22, 39], []
[2025-01-29 13:57:01,458][__main__][INFO] - [2, 23, 25], []
[2025-01-29 13:57:01,514][__main__][INFO] - [2, 23], [25]
[2025-01-29 13:57:01,630][__main__][INFO] - [2, 23, 26], []
[2025-01-29 13:57:01,678][__main__][INFO] - [2, 23], [26]
[2025-01-29 13:57:01,805][__main__][INFO] - [2, 23, 27], []
[2025-01-29 13:57:01,853][__main__][INFO] - [2, 23], [27]
[2025-01-29 13:57:01,981][__main__][INFO] - [2, 23, 28], []
[2025-01-29 13:57:02,107][__main__][INFO] - [2, 23, 29], []
[2025-01-29 13:57:02,187][__main__][INFO] - [2, 23, 31], []
[2025-01-29 13:57:02,269][__main__][INFO] - [2, 23], [31]
[2025-01-29 13:57:02,355][__main__][INFO] - [2, 23, 32], []
[2025-01-29 13:57:02,411][__main__][INFO] - [2, 23, 33], []
[2025-01-29 13:57:02,500][__main__][INFO] - [2, 23, 34], []
[2025-01-29 13:57:02,550][__main__][INFO] - [2, 23, 35], []
[2025-01-29 13:57:02,604][__main__][INFO] - [2, 23, 36], []
[2025-01-29 13:57:02,654][__main__][INFO] - [2, 23, 37], []
[2025-01-29 13:57:02,702][__main__][INFO] - [2, 23, 38], []
[2025-01-29 13:57:02,749][__main__][INFO] - [2, 23, 39], []
[2025-01-29 13:57:02,857][__main__][INFO] - [2, 24, 25], []
[2025-01-29 13:57:02,904][__main__][INFO] - [2, 24], [25]
[2025-01-29 13:57:02,985][__main__][INFO] - [2, 24], [26]
[2025-01-29 13:57:03,066][__main__][INFO] - [2, 24], [27]
[2025-01-29 13:57:03,116][__main__][INFO] - [2, 24, 28], []
[2025-01-29 13:57:03,167][__main__][INFO] - [2, 24, 29], []
[2025-01-29 13:57:03,245][__main__][INFO] - [2, 24, 31], []
[2025-01-29 13:57:03,293][__main__][INFO] - [2, 24], [31]
[2025-01-29 13:57:03,342][__main__][INFO] - [2, 24, 32], []
[2025-01-29 13:57:03,390][__main__][INFO] - [2, 24, 33], []
[2025-01-29 13:57:03,439][__main__][INFO] - [2, 24, 34], []
[2025-01-29 13:57:03,487][__main__][INFO] - [2, 24, 35], []
[2025-01-29 13:57:03,534][__main__][INFO] - [2, 24, 36], []
[2025-01-29 13:57:03,733][__main__][INFO] - [2, 25, 26], []
[2025-01-29 13:57:03,780][__main__][INFO] - [2, 25], [26]
[2025-01-29 13:57:03,904][__main__][INFO] - [2, 25, 27], []
[2025-01-29 13:57:03,951][__main__][INFO] - [2, 25], [27]
[2025-01-29 13:57:04,071][__main__][INFO] - [2, 25, 28], []
[2025-01-29 13:57:04,190][__main__][INFO] - [2, 25, 29], []
[2025-01-29 13:57:04,269][__main__][INFO] - [2, 25, 31], []
[2025-01-29 13:57:04,350][__main__][INFO] - [2, 25], [31]
[2025-01-29 13:57:04,433][__main__][INFO] - [2, 25, 32], []
[2025-01-29 13:57:04,491][__main__][INFO] - [2, 25, 33], []
[2025-01-29 13:57:04,559][__main__][INFO] - [2, 25, 34], []
[2025-01-29 13:57:04,608][__main__][INFO] - [2, 25, 35], []
[2025-01-29 13:57:04,679][__main__][INFO] - [2, 25, 36], []
[2025-01-29 13:57:04,726][__main__][INFO] - [2, 25, 37], []
[2025-01-29 13:57:04,774][__main__][INFO] - [2, 25, 38], []
[2025-01-29 13:57:04,910][__main__][INFO] - [2, 26], [25]
[2025-01-29 13:57:04,958][__main__][INFO] - [2], [25, 26]
[2025-01-29 13:57:05,464][__main__][INFO] - [2, 27], [25]
[2025-01-29 13:57:05,521][__main__][INFO] - [2], [25, 27]
[2025-01-29 13:57:06,025][__main__][INFO] - [2, 28], [25]
[2025-01-29 13:57:06,518][__main__][INFO] - [2, 29], [25]
[2025-01-29 13:57:06,612][__main__][INFO] - [2, 31], [25]
[2025-01-29 13:57:06,865][__main__][INFO] - [2], [25, 31]
[2025-01-29 13:57:07,129][__main__][INFO] - [2, 32], [25]
[2025-01-29 13:57:07,228][__main__][INFO] - [2, 33], [25]
[2025-01-29 13:57:07,529][__main__][INFO] - [2, 34], [25]
[2025-01-29 13:57:07,598][__main__][INFO] - [2, 35], [25]
[2025-01-29 13:57:07,679][__main__][INFO] - [2, 36], [25]
[2025-01-29 13:57:07,743][__main__][INFO] - [2, 37], [25]
[2025-01-29 13:57:07,793][__main__][INFO] - [2, 38], [25]
[2025-01-29 13:57:07,841][__main__][INFO] - [2, 39], [25]
[2025-01-29 13:57:07,949][__main__][INFO] - [2, 26, 27], []
[2025-01-29 13:57:07,997][__main__][INFO] - [2, 26], [27]
[2025-01-29 13:57:08,045][__main__][INFO] - [2, 26, 28], []
[2025-01-29 13:57:08,094][__main__][INFO] - [2, 26, 29], []
[2025-01-29 13:57:08,172][__main__][INFO] - [2, 26, 31], []
[2025-01-29 13:57:08,220][__main__][INFO] - [2, 26], [31]
[2025-01-29 13:57:08,268][__main__][INFO] - [2, 26, 32], []
[2025-01-29 13:57:08,316][__main__][INFO] - [2, 26, 33], []
[2025-01-29 13:57:08,364][__main__][INFO] - [2, 26, 34], []
[2025-01-29 13:57:08,412][__main__][INFO] - [2, 26, 35], []
[2025-01-29 13:57:08,459][__main__][INFO] - [2, 26, 36], []
[2025-01-29 13:57:08,657][__main__][INFO] - [2, 27], [26]
[2025-01-29 13:57:08,708][__main__][INFO] - [2], [26, 27]
[2025-01-29 13:57:09,301][__main__][INFO] - [2, 28], [26]
[2025-01-29 13:57:09,865][__main__][INFO] - [2, 29], [26]
[2025-01-29 13:57:09,959][__main__][INFO] - [2, 31], [26]
[2025-01-29 13:57:10,252][__main__][INFO] - [2], [26, 31]
[2025-01-29 13:57:10,559][__main__][INFO] - [2, 32], [26]
[2025-01-29 13:57:10,671][__main__][INFO] - [2, 33], [26]
[2025-01-29 13:57:10,998][__main__][INFO] - [2, 34], [26]
[2025-01-29 13:57:11,066][__main__][INFO] - [2, 35], [26]
[2025-01-29 13:57:11,176][__main__][INFO] - [2, 36], [26]
[2025-01-29 13:57:11,242][__main__][INFO] - [2, 37], [26]
[2025-01-29 13:57:11,292][__main__][INFO] - [2, 38], [26]
[2025-01-29 13:57:11,340][__main__][INFO] - [2, 39], [26]
[2025-01-29 13:57:11,448][__main__][INFO] - [2, 27, 28], []
[2025-01-29 13:57:11,497][__main__][INFO] - [2, 27, 29], []
[2025-01-29 13:57:11,576][__main__][INFO] - [2, 27, 31], []
[2025-01-29 13:57:11,624][__main__][INFO] - [2, 27], [31]
[2025-01-29 13:57:11,673][__main__][INFO] - [2, 27, 32], []
[2025-01-29 13:57:11,721][__main__][INFO] - [2, 27, 33], []
[2025-01-29 13:57:11,770][__main__][INFO] - [2, 27, 34], []
[2025-01-29 13:57:11,818][__main__][INFO] - [2, 27, 35], []
[2025-01-29 13:57:11,865][__main__][INFO] - [2, 27, 36], []
[2025-01-29 13:57:12,063][__main__][INFO] - [2, 28], [27]
[2025-01-29 13:57:12,638][__main__][INFO] - [2, 29], [27]
[2025-01-29 13:57:12,732][__main__][INFO] - [2, 31], [27]
[2025-01-29 13:57:13,023][__main__][INFO] - [2], [27, 31]
[2025-01-29 13:57:13,323][__main__][INFO] - [2, 32], [27]
[2025-01-29 13:57:13,434][__main__][INFO] - [2, 33], [27]
[2025-01-29 13:57:13,760][__main__][INFO] - [2, 34], [27]
[2025-01-29 13:57:13,828][__main__][INFO] - [2, 35], [27]
[2025-01-29 13:57:13,937][__main__][INFO] - [2, 36], [27]
[2025-01-29 13:57:14,002][__main__][INFO] - [2, 37], [27]
[2025-01-29 13:57:14,051][__main__][INFO] - [2, 38], [27]
[2025-01-29 13:57:14,099][__main__][INFO] - [2, 39], [27]
[2025-01-29 13:57:14,206][__main__][INFO] - [2, 28, 31], []
[2025-01-29 13:57:14,488][__main__][INFO] - [2, 28], [31]
[2025-01-29 13:57:14,783][__main__][INFO] - [2, 28, 32], []
[2025-01-29 13:57:14,890][__main__][INFO] - [2, 28, 33], []
[2025-01-29 13:57:15,207][__main__][INFO] - [2, 28, 34], []
[2025-01-29 13:57:15,274][__main__][INFO] - [2, 28, 35], []
[2025-01-29 13:57:15,380][__main__][INFO] - [2, 28, 36], []
[2025-01-29 13:57:15,444][__main__][INFO] - [2, 28, 37], []
[2025-01-29 13:57:15,493][__main__][INFO] - [2, 28, 38], []
[2025-01-29 13:57:15,541][__main__][INFO] - [2, 28, 39], []
[2025-01-29 13:57:15,648][__main__][INFO] - [2, 29, 31], []
[2025-01-29 13:57:15,699][__main__][INFO] - [2, 29], [31]
[2025-01-29 13:57:15,754][__main__][INFO] - [2, 29, 32], []
[2025-01-29 13:57:15,802][__main__][INFO] - [2, 29, 33], []
[2025-01-29 13:57:15,855][__main__][INFO] - [2, 29, 34], []
[2025-01-29 13:57:15,903][__main__][INFO] - [2, 29, 35], []
[2025-01-29 13:57:15,950][__main__][INFO] - [2, 29, 36], []
[2025-01-29 13:57:15,998][__main__][INFO] - [2, 29, 37], []
[2025-01-29 13:57:16,075][__main__][INFO] - [2, 29, 39], []
[2025-01-29 13:57:16,211][__main__][INFO] - [2, 31, 32], []
[2025-01-29 13:57:16,284][__main__][INFO] - [2, 31, 33], []
[2025-01-29 13:57:16,453][__main__][INFO] - [2, 31, 34], []
[2025-01-29 13:57:16,509][__main__][INFO] - [2, 31, 35], []
[2025-01-29 13:57:16,582][__main__][INFO] - [2, 31, 36], []
[2025-01-29 13:57:16,635][__main__][INFO] - [2, 31, 37], []
[2025-01-29 13:57:16,683][__main__][INFO] - [2, 31, 38], []
[2025-01-29 13:57:16,730][__main__][INFO] - [2, 31, 39], []
[2025-01-29 13:57:16,837][__main__][INFO] - [2, 32], [31]
[2025-01-29 13:57:16,913][__main__][INFO] - [2, 33], [31]
[2025-01-29 13:57:17,097][__main__][INFO] - [2, 34], [31]
[2025-01-29 13:57:17,171][__main__][INFO] - [2, 35], [31]
[2025-01-29 13:57:17,244][__main__][INFO] - [2, 36], [31]
[2025-01-29 13:57:17,300][__main__][INFO] - [2, 37], [31]
[2025-01-29 13:57:17,348][__main__][INFO] - [2, 38], [31]
[2025-01-29 13:57:17,395][__main__][INFO] - [2, 39], [31]
[2025-01-29 13:57:17,530][__main__][INFO] - [3, 10, 11], []
[2025-01-29 13:57:17,599][__main__][INFO] - [3, 10, 12], []
[2025-01-29 13:57:17,647][__main__][INFO] - [3, 10, 13], []
[2025-01-29 13:57:17,695][__main__][INFO] - [3, 10, 14], []
[2025-01-29 13:57:17,772][__main__][INFO] - [3, 10, 16], []
[2025-01-29 13:57:17,845][__main__][INFO] - [3, 10, 17], []
[2025-01-29 13:57:17,923][__main__][INFO] - [3, 10, 19], []
[2025-01-29 13:57:18,000][__main__][INFO] - [3, 10, 21], []
[2025-01-29 13:57:18,061][__main__][INFO] - [3, 10, 22], []
[2025-01-29 13:57:18,113][__main__][INFO] - [3, 10, 23], []
[2025-01-29 13:57:18,163][__main__][INFO] - [3, 10, 24], []
[2025-01-29 13:57:18,209][__main__][INFO] - [3, 10, 25], []
[2025-01-29 13:57:18,262][__main__][INFO] - [3, 10], [25]
[2025-01-29 13:57:18,333][__main__][INFO] - [3, 10, 26], []
[2025-01-29 13:57:18,385][__main__][INFO] - [3, 10], [26]
[2025-01-29 13:57:18,455][__main__][INFO] - [3, 10, 27], []
[2025-01-29 13:57:18,508][__main__][INFO] - [3, 10], [27]
[2025-01-29 13:57:18,578][__main__][INFO] - [3, 10, 28], []
[2025-01-29 13:57:18,636][__main__][INFO] - [3, 10, 29], []
[2025-01-29 13:57:18,729][__main__][INFO] - [3, 10, 31], []
[2025-01-29 13:57:18,788][__main__][INFO] - [3, 10], [31]
[2025-01-29 13:57:18,850][__main__][INFO] - [3, 10, 32], []
[2025-01-29 13:57:18,899][__main__][INFO] - [3, 10, 33], []
[2025-01-29 13:57:18,960][__main__][INFO] - [3, 10, 34], []
[2025-01-29 13:57:19,008][__main__][INFO] - [3, 10, 35], []
[2025-01-29 13:57:19,056][__main__][INFO] - [3, 10, 36], []
[2025-01-29 13:57:19,104][__main__][INFO] - [3, 10, 37], []
[2025-01-29 13:57:19,181][__main__][INFO] - [3, 10, 39], []
[2025-01-29 13:57:19,287][__main__][INFO] - [3, 11], [10]
[2025-01-29 13:57:19,647][__main__][INFO] - [3, 12], [10]
[2025-01-29 13:57:19,769][__main__][INFO] - [3, 13], [10]
[2025-01-29 13:57:19,856][__main__][INFO] - [3, 14], [10]
[2025-01-29 13:57:19,906][__main__][INFO] - [3, 15], [10]
[2025-01-29 13:57:19,953][__main__][INFO] - [3, 16], [10]
[2025-01-29 13:57:20,453][__main__][INFO] - [3, 17], [10]
[2025-01-29 13:57:20,507][__main__][INFO] - [3, 18], [10]
[2025-01-29 13:57:20,553][__main__][INFO] - [3, 19], [10]
[2025-01-29 13:57:20,631][__main__][INFO] - [3, 21], [10]
[2025-01-29 13:57:20,954][__main__][INFO] - [3, 22], [10]
[2025-01-29 13:57:21,090][__main__][INFO] - [3, 23], [10]
[2025-01-29 13:57:21,196][__main__][INFO] - [3, 24], [10]
[2025-01-29 13:57:21,246][__main__][INFO] - [3, 25], [10]
[2025-01-29 13:57:21,420][__main__][INFO] - [3], [10, 25]
[2025-01-29 13:57:21,834][__main__][INFO] - [3], [10, 26]
[2025-01-29 13:57:22,378][__main__][INFO] - [3], [10, 27]
[2025-01-29 13:57:22,898][__main__][INFO] - [3, 28], [10]
[2025-01-29 13:57:23,467][__main__][INFO] - [3, 31], [10]
[2025-01-29 13:57:23,729][__main__][INFO] - [3], [10, 31]
[2025-01-29 13:57:23,990][__main__][INFO] - [3, 32], [10]
[2025-01-29 13:57:24,083][__main__][INFO] - [3, 33], [10]
[2025-01-29 13:57:24,380][__main__][INFO] - [3, 34], [10]
[2025-01-29 13:57:24,441][__main__][INFO] - [3, 35], [10]
[2025-01-29 13:57:24,549][__main__][INFO] - [3, 36], [10]
[2025-01-29 13:57:24,609][__main__][INFO] - [3, 37], [10]
[2025-01-29 13:57:24,656][__main__][INFO] - [3, 38], [10]
[2025-01-29 13:57:24,703][__main__][INFO] - [3, 39], [10]
[2025-01-29 13:57:24,809][__main__][INFO] - [3, 11, 16], []
[2025-01-29 13:57:25,179][__main__][INFO] - [3, 11, 17], []
[2025-01-29 13:57:25,232][__main__][INFO] - [3, 11, 18], []
[2025-01-29 13:57:25,277][__main__][INFO] - [3, 11, 19], []
[2025-01-29 13:57:25,354][__main__][INFO] - [3, 11, 21], []
[2025-01-29 13:57:25,572][__main__][INFO] - [3, 11, 22], []
[2025-01-29 13:57:25,706][__main__][INFO] - [3, 11, 23], []
[2025-01-29 13:57:25,801][__main__][INFO] - [3, 11, 24], []
[2025-01-29 13:57:25,881][__main__][INFO] - [3, 11], [25]
[2025-01-29 13:57:26,269][__main__][INFO] - [3, 11, 26], []
[2025-01-29 13:57:26,317][__main__][INFO] - [3, 11], [26]
[2025-01-29 13:57:26,695][__main__][INFO] - [3, 11, 27], []
[2025-01-29 13:57:26,744][__main__][INFO] - [3, 11], [27]
[2025-01-29 13:57:27,121][__main__][INFO] - [3, 11, 28], []
[2025-01-29 13:57:27,488][__main__][INFO] - [3, 11, 29], []
[2025-01-29 13:57:27,578][__main__][INFO] - [3, 11, 31], []
[2025-01-29 13:57:27,784][__main__][INFO] - [3, 11], [31]
[2025-01-29 13:57:27,996][__main__][INFO] - [3, 11, 32], []
[2025-01-29 13:57:28,070][__main__][INFO] - [3, 11, 33], []
[2025-01-29 13:57:28,329][__main__][INFO] - [3, 11, 34], []
[2025-01-29 13:57:28,388][__main__][INFO] - [3, 11, 35], []
[2025-01-29 13:57:28,456][__main__][INFO] - [3, 11, 36], []
[2025-01-29 13:57:28,515][__main__][INFO] - [3, 11, 37], []
[2025-01-29 13:57:28,561][__main__][INFO] - [3, 11, 38], []
[2025-01-29 13:57:28,607][__main__][INFO] - [3, 11, 39], []
[2025-01-29 13:57:28,711][__main__][INFO] - [3, 12, 16], []
[2025-01-29 13:57:28,837][__main__][INFO] - [3, 12, 17], []
[2025-01-29 13:57:28,972][__main__][INFO] - [3, 12, 21], []
[2025-01-29 13:57:29,084][__main__][INFO] - [3, 12, 22], []
[2025-01-29 13:57:29,133][__main__][INFO] - [3, 12, 23], []
[2025-01-29 13:57:29,186][__main__][INFO] - [3, 12, 24], []
[2025-01-29 13:57:29,232][__main__][INFO] - [3, 12, 25], []
[2025-01-29 13:57:29,391][__main__][INFO] - [3, 12, 26], []
[2025-01-29 13:57:29,437][__main__][INFO] - [3, 12], [26]
[2025-01-29 13:57:29,564][__main__][INFO] - [3, 12, 27], []
[2025-01-29 13:57:29,610][__main__][INFO] - [3, 12], [27]
[2025-01-29 13:57:29,738][__main__][INFO] - [3, 12, 28], []
[2025-01-29 13:57:29,865][__main__][INFO] - [3, 12, 29], []
[2025-01-29 13:57:29,943][__main__][INFO] - [3, 12, 31], []
[2025-01-29 13:57:30,023][__main__][INFO] - [3, 12], [31]
[2025-01-29 13:57:30,107][__main__][INFO] - [3, 12, 32], []
[2025-01-29 13:57:30,167][__main__][INFO] - [3, 12, 33], []
[2025-01-29 13:57:30,242][__main__][INFO] - [3, 12, 34], []
[2025-01-29 13:57:30,289][__main__][INFO] - [3, 12, 35], []
[2025-01-29 13:57:30,354][__main__][INFO] - [3, 12, 36], []
[2025-01-29 13:57:30,400][__main__][INFO] - [3, 12, 37], []
[2025-01-29 13:57:30,446][__main__][INFO] - [3, 12, 38], []
[2025-01-29 13:57:30,492][__main__][INFO] - [3, 12, 39], []
[2025-01-29 13:57:30,598][__main__][INFO] - [3, 13, 16], []
[2025-01-29 13:57:30,685][__main__][INFO] - [3, 13, 17], []
[2025-01-29 13:57:30,731][__main__][INFO] - [3, 13, 18], []
[2025-01-29 13:57:30,776][__main__][INFO] - [3, 13, 19], []
[2025-01-29 13:57:30,852][__main__][INFO] - [3, 13, 21], []
[2025-01-29 13:57:30,932][__main__][INFO] - [3, 13, 22], []
[2025-01-29 13:57:30,979][__main__][INFO] - [3, 13, 23], []
[2025-01-29 13:57:31,030][__main__][INFO] - [3, 13, 24], []
[2025-01-29 13:57:31,076][__main__][INFO] - [3, 13, 25], []
[2025-01-29 13:57:31,199][__main__][INFO] - [3, 13, 26], []
[2025-01-29 13:57:31,245][__main__][INFO] - [3, 13], [26]
[2025-01-29 13:57:31,337][__main__][INFO] - [3, 13, 27], []
[2025-01-29 13:57:31,383][__main__][INFO] - [3, 13], [27]
[2025-01-29 13:57:31,477][__main__][INFO] - [3, 13, 28], []
[2025-01-29 13:57:31,569][__main__][INFO] - [3, 13, 29], []
[2025-01-29 13:57:31,647][__main__][INFO] - [3, 13, 31], []
[2025-01-29 13:57:31,714][__main__][INFO] - [3, 13], [31]
[2025-01-29 13:57:31,778][__main__][INFO] - [3, 13, 32], []
[2025-01-29 13:57:31,828][__main__][INFO] - [3, 13, 33], []
[2025-01-29 13:57:31,887][__main__][INFO] - [3, 13, 34], []
[2025-01-29 13:57:31,933][__main__][INFO] - [3, 13, 35], []
[2025-01-29 13:57:31,997][__main__][INFO] - [3, 13, 36], []
[2025-01-29 13:57:32,043][__main__][INFO] - [3, 13, 37], []
[2025-01-29 13:57:32,088][__main__][INFO] - [3, 13, 38], []
[2025-01-29 13:57:32,223][__main__][INFO] - [3, 14, 16], []
[2025-01-29 13:57:32,273][__main__][INFO] - [3, 14, 17], []
[2025-01-29 13:57:32,409][__main__][INFO] - [3, 14, 21], []
[2025-01-29 13:57:32,456][__main__][INFO] - [3, 14, 22], []
[2025-01-29 13:57:32,503][__main__][INFO] - [3, 14, 23], []
[2025-01-29 13:57:32,610][__main__][INFO] - [3, 14], [25]
[2025-01-29 13:57:32,689][__main__][INFO] - [3, 14], [26]
[2025-01-29 13:57:32,769][__main__][INFO] - [3, 14], [27]
[2025-01-29 13:57:32,818][__main__][INFO] - [3, 14, 28], []
[2025-01-29 13:57:32,868][__main__][INFO] - [3, 14, 29], []
[2025-01-29 13:57:32,946][__main__][INFO] - [3, 14, 31], []
[2025-01-29 13:57:32,993][__main__][INFO] - [3, 14], [31]
[2025-01-29 13:57:33,042][__main__][INFO] - [3, 14, 32], []
[2025-01-29 13:57:33,088][__main__][INFO] - [3, 14, 33], []
[2025-01-29 13:57:33,136][__main__][INFO] - [3, 14, 34], []
[2025-01-29 13:57:33,183][__main__][INFO] - [3, 14, 35], []
[2025-01-29 13:57:33,229][__main__][INFO] - [3, 14, 36], []
[2025-01-29 13:57:33,424][__main__][INFO] - [3, 15, 16], []
[2025-01-29 13:57:33,470][__main__][INFO] - [3, 15, 17], []
[2025-01-29 13:57:33,605][__main__][INFO] - [3, 15, 21], []
[2025-01-29 13:57:33,651][__main__][INFO] - [3, 15, 22], []
[2025-01-29 13:57:33,696][__main__][INFO] - [3, 15, 23], []
[2025-01-29 13:57:33,802][__main__][INFO] - [3, 15], [25]
[2025-01-29 13:57:33,878][__main__][INFO] - [3, 15], [26]
[2025-01-29 13:57:33,954][__main__][INFO] - [3, 15], [27]
[2025-01-29 13:57:34,000][__main__][INFO] - [3, 15, 28], []
[2025-01-29 13:57:34,105][__main__][INFO] - [3, 15, 31], []
[2025-01-29 13:57:34,151][__main__][INFO] - [3, 15], [31]
[2025-01-29 13:57:34,196][__main__][INFO] - [3, 15, 32], []
[2025-01-29 13:57:34,242][__main__][INFO] - [3, 15, 33], []
[2025-01-29 13:57:34,317][__main__][INFO] - [3, 15, 35], []
[2025-01-29 13:57:34,549][__main__][INFO] - [3, 16, 21], []
[2025-01-29 13:57:34,876][__main__][INFO] - [3, 16, 22], []
[2025-01-29 13:57:35,012][__main__][INFO] - [3, 16, 23], []
[2025-01-29 13:57:35,120][__main__][INFO] - [3, 16, 24], []
[2025-01-29 13:57:35,169][__main__][INFO] - [3, 16, 25], []
[2025-01-29 13:57:35,342][__main__][INFO] - [3, 16], [25]
[2025-01-29 13:57:35,726][__main__][INFO] - [3, 16, 26], []
[2025-01-29 13:57:35,774][__main__][INFO] - [3, 16], [26]
[2025-01-29 13:57:36,300][__main__][INFO] - [3, 16, 27], []
[2025-01-29 13:57:36,349][__main__][INFO] - [3, 16], [27]
[2025-01-29 13:57:36,860][__main__][INFO] - [3, 16, 28], []
[2025-01-29 13:57:37,373][__main__][INFO] - [3, 16, 29], []
[2025-01-29 13:57:37,466][__main__][INFO] - [3, 16, 31], []
[2025-01-29 13:57:37,728][__main__][INFO] - [3, 16], [31]
[2025-01-29 13:57:37,989][__main__][INFO] - [3, 16, 32], []
[2025-01-29 13:57:38,084][__main__][INFO] - [3, 16, 33], []
[2025-01-29 13:57:38,378][__main__][INFO] - [3, 16, 34], []
[2025-01-29 13:57:38,438][__main__][INFO] - [3, 16, 35], []
[2025-01-29 13:57:38,546][__main__][INFO] - [3, 16, 36], []
[2025-01-29 13:57:38,606][__main__][INFO] - [3, 16, 37], []
[2025-01-29 13:57:38,653][__main__][INFO] - [3, 16, 38], []
[2025-01-29 13:57:38,699][__main__][INFO] - [3, 16, 39], []
[2025-01-29 13:57:38,806][__main__][INFO] - [3, 17, 21], []
[2025-01-29 13:57:38,856][__main__][INFO] - [3, 17, 22], []
[2025-01-29 13:57:38,903][__main__][INFO] - [3, 17, 23], []
[2025-01-29 13:57:38,950][__main__][INFO] - [3, 17, 24], []
[2025-01-29 13:57:38,996][__main__][INFO] - [3, 17, 25], []
[2025-01-29 13:57:39,043][__main__][INFO] - [3, 17], [25]
[2025-01-29 13:57:39,095][__main__][INFO] - [3, 17, 26], []
[2025-01-29 13:57:39,141][__main__][INFO] - [3, 17], [26]
[2025-01-29 13:57:39,197][__main__][INFO] - [3, 17, 27], []
[2025-01-29 13:57:39,243][__main__][INFO] - [3, 17], [27]
[2025-01-29 13:57:39,300][__main__][INFO] - [3, 17, 28], []
[2025-01-29 13:57:39,353][__main__][INFO] - [3, 17, 29], []
[2025-01-29 13:57:39,429][__main__][INFO] - [3, 17, 31], []
[2025-01-29 13:57:39,475][__main__][INFO] - [3, 17], [31]
[2025-01-29 13:57:39,527][__main__][INFO] - [3, 17, 32], []
[2025-01-29 13:57:39,573][__main__][INFO] - [3, 17, 33], []
[2025-01-29 13:57:39,623][__main__][INFO] - [3, 17, 34], []
[2025-01-29 13:57:39,668][__main__][INFO] - [3, 17, 35], []
[2025-01-29 13:57:39,714][__main__][INFO] - [3, 17, 36], []
[2025-01-29 13:57:39,760][__main__][INFO] - [3, 17, 37], []
[2025-01-29 13:57:39,925][__main__][INFO] - [3, 18, 21], []
[2025-01-29 13:57:39,969][__main__][INFO] - [3, 18, 22], []
[2025-01-29 13:57:40,013][__main__][INFO] - [3, 18, 23], []
[2025-01-29 13:57:40,057][__main__][INFO] - [3, 18, 24], []
[2025-01-29 13:57:40,101][__main__][INFO] - [3, 18, 25], []
[2025-01-29 13:57:40,146][__main__][INFO] - [3, 18], [25]
[2025-01-29 13:57:40,220][__main__][INFO] - [3, 18], [26]
[2025-01-29 13:57:40,295][__main__][INFO] - [3, 18], [27]
[2025-01-29 13:57:40,340][__main__][INFO] - [3, 18, 28], []
[2025-01-29 13:57:40,447][__main__][INFO] - [3, 18, 31], []
[2025-01-29 13:57:40,491][__main__][INFO] - [3, 18], [31]
[2025-01-29 13:57:40,567][__main__][INFO] - [3, 18, 33], []
[2025-01-29 13:57:40,611][__main__][INFO] - [3, 18, 34], []
[2025-01-29 13:57:40,655][__main__][INFO] - [3, 18, 35], []
[2025-01-29 13:57:40,699][__main__][INFO] - [3, 18, 36], []
[2025-01-29 13:57:40,893][__main__][INFO] - [3, 19, 21], []
[2025-01-29 13:57:40,939][__main__][INFO] - [3, 19, 22], []
[2025-01-29 13:57:40,984][__main__][INFO] - [3, 19, 23], []
[2025-01-29 13:57:41,059][__main__][INFO] - [3, 19, 25], []
[2025-01-29 13:57:41,105][__main__][INFO] - [3, 19], [25]
[2025-01-29 13:57:41,182][__main__][INFO] - [3, 19], [26]
[2025-01-29 13:57:41,259][__main__][INFO] - [3, 19], [27]
[2025-01-29 13:57:41,305][__main__][INFO] - [3, 19, 28], []
[2025-01-29 13:57:41,411][__main__][INFO] - [3, 19, 31], []
[2025-01-29 13:57:41,457][__main__][INFO] - [3, 19], [31]
[2025-01-29 13:57:41,503][__main__][INFO] - [3, 19, 32], []
[2025-01-29 13:57:41,548][__main__][INFO] - [3, 19, 33], []
[2025-01-29 13:57:41,594][__main__][INFO] - [3, 19, 34], []
[2025-01-29 13:57:41,639][__main__][INFO] - [3, 19, 35], []
[2025-01-29 13:57:41,685][__main__][INFO] - [3, 19, 36], []
[2025-01-29 13:57:41,913][__main__][INFO] - [3, 21, 25], []
[2025-01-29 13:57:42,067][__main__][INFO] - [3, 21], [25]
[2025-01-29 13:57:42,290][__main__][INFO] - [3, 21, 26], []
[2025-01-29 13:57:42,336][__main__][INFO] - [3, 21], [26]
[2025-01-29 13:57:42,667][__main__][INFO] - [3, 21, 27], []
[2025-01-29 13:57:42,714][__main__][INFO] - [3, 21], [27]
[2025-01-29 13:57:43,050][__main__][INFO] - [3, 21, 28], []
[2025-01-29 13:57:43,375][__main__][INFO] - [3, 21, 29], []
[2025-01-29 13:57:43,458][__main__][INFO] - [3, 21, 31], []
[2025-01-29 13:57:43,634][__main__][INFO] - [3, 21], [31]
[2025-01-29 13:57:43,816][__main__][INFO] - [3, 21, 32], []
[2025-01-29 13:57:43,899][__main__][INFO] - [3, 21, 33], []
[2025-01-29 13:57:44,074][__main__][INFO] - [3, 21, 34], []
[2025-01-29 13:57:44,122][__main__][INFO] - [3, 21, 35], []
[2025-01-29 13:57:44,219][__main__][INFO] - [3, 21, 36], []
[2025-01-29 13:57:44,275][__main__][INFO] - [3, 21, 37], []
[2025-01-29 13:57:44,321][__main__][INFO] - [3, 21, 38], []
[2025-01-29 13:57:44,366][__main__][INFO] - [3, 21, 39], []
[2025-01-29 13:57:44,471][__main__][INFO] - [3, 22, 25], []
[2025-01-29 13:57:44,519][__main__][INFO] - [3, 22], [25]
[2025-01-29 13:57:44,655][__main__][INFO] - [3, 22, 26], []
[2025-01-29 13:57:44,700][__main__][INFO] - [3, 22], [26]
[2025-01-29 13:57:44,842][__main__][INFO] - [3, 22, 27], []
[2025-01-29 13:57:44,887][__main__][INFO] - [3, 22], [27]
[2025-01-29 13:57:45,027][__main__][INFO] - [3, 22, 28], []
[2025-01-29 13:57:45,165][__main__][INFO] - [3, 22, 29], []
[2025-01-29 13:57:45,242][__main__][INFO] - [3, 22, 31], []
[2025-01-29 13:57:45,330][__main__][INFO] - [3, 22], [31]
[2025-01-29 13:57:45,416][__main__][INFO] - [3, 22, 32], []
[2025-01-29 13:57:45,463][__main__][INFO] - [3, 22, 33], []
[2025-01-29 13:57:45,575][__main__][INFO] - [3, 22, 34], []
[2025-01-29 13:57:45,628][__main__][INFO] - [3, 22, 35], []
[2025-01-29 13:57:45,676][__main__][INFO] - [3, 22, 36], []
[2025-01-29 13:57:45,721][__main__][INFO] - [3, 22, 37], []
[2025-01-29 13:57:45,766][__main__][INFO] - [3, 22, 38], []
[2025-01-29 13:57:45,811][__main__][INFO] - [3, 22, 39], []
[2025-01-29 13:57:45,915][__main__][INFO] - [3, 23, 25], []
[2025-01-29 13:57:45,972][__main__][INFO] - [3, 23], [25]
[2025-01-29 13:57:46,070][__main__][INFO] - [3, 23, 26], []
[2025-01-29 13:57:46,115][__main__][INFO] - [3, 23], [26]
[2025-01-29 13:57:46,224][__main__][INFO] - [3, 23, 27], []
[2025-01-29 13:57:46,269][__main__][INFO] - [3, 23], [27]
[2025-01-29 13:57:46,382][__main__][INFO] - [3, 23, 28], []
[2025-01-29 13:57:46,491][__main__][INFO] - [3, 23, 29], []
[2025-01-29 13:57:46,569][__main__][INFO] - [3, 23, 31], []
[2025-01-29 13:57:46,640][__main__][INFO] - [3, 23], [31]
[2025-01-29 13:57:46,718][__main__][INFO] - [3, 23, 32], []
[2025-01-29 13:57:46,768][__main__][INFO] - [3, 23, 33], []
[2025-01-29 13:57:46,848][__main__][INFO] - [3, 23, 34], []
[2025-01-29 13:57:46,894][__main__][INFO] - [3, 23, 35], []
[2025-01-29 13:57:46,946][__main__][INFO] - [3, 23, 36], []
[2025-01-29 13:57:46,992][__main__][INFO] - [3, 23, 37], []
[2025-01-29 13:57:47,037][__main__][INFO] - [3, 23, 38], []
[2025-01-29 13:57:47,082][__main__][INFO] - [3, 23, 39], []
[2025-01-29 13:57:47,186][__main__][INFO] - [3, 24, 25], []
[2025-01-29 13:57:47,231][__main__][INFO] - [3, 24], [25]
[2025-01-29 13:57:47,309][__main__][INFO] - [3, 24], [26]
[2025-01-29 13:57:47,357][__main__][INFO] - [3, 24, 27], []
[2025-01-29 13:57:47,402][__main__][INFO] - [3, 24], [27]
[2025-01-29 13:57:47,451][__main__][INFO] - [3, 24, 28], []
[2025-01-29 13:57:47,499][__main__][INFO] - [3, 24, 29], []
[2025-01-29 13:57:47,574][__main__][INFO] - [3, 24, 31], []
[2025-01-29 13:57:47,620][__main__][INFO] - [3, 24], [31]
[2025-01-29 13:57:47,667][__main__][INFO] - [3, 24, 32], []
[2025-01-29 13:57:47,712][__main__][INFO] - [3, 24, 33], []
[2025-01-29 13:57:47,759][__main__][INFO] - [3, 24, 34], []
[2025-01-29 13:57:47,804][__main__][INFO] - [3, 24, 35], []
[2025-01-29 13:57:47,849][__main__][INFO] - [3, 24, 36], []
[2025-01-29 13:57:48,049][__main__][INFO] - [3, 25, 26], []
[2025-01-29 13:57:48,094][__main__][INFO] - [3, 25], [26]
[2025-01-29 13:57:48,272][__main__][INFO] - [3, 25, 27], []
[2025-01-29 13:57:48,317][__main__][INFO] - [3, 25], [27]
[2025-01-29 13:57:48,491][__main__][INFO] - [3, 25, 28], []
[2025-01-29 13:57:48,663][__main__][INFO] - [3, 25, 29], []
[2025-01-29 13:57:48,739][__main__][INFO] - [3, 25, 31], []
[2025-01-29 13:57:48,845][__main__][INFO] - [3, 25], [31]
[2025-01-29 13:57:48,950][__main__][INFO] - [3, 25, 32], []
[2025-01-29 13:57:49,014][__main__][INFO] - [3, 25, 33], []
[2025-01-29 13:57:49,102][__main__][INFO] - [3, 25, 34], []
[2025-01-29 13:57:49,148][__main__][INFO] - [3, 25, 35], []
[2025-01-29 13:57:49,231][__main__][INFO] - [3, 25, 36], []
[2025-01-29 13:57:49,277][__main__][INFO] - [3, 25, 37], []
[2025-01-29 13:57:49,322][__main__][INFO] - [3, 25, 38], []
[2025-01-29 13:57:49,367][__main__][INFO] - [3, 25, 39], []
[2025-01-29 13:57:49,470][__main__][INFO] - [3, 26], [25]
[2025-01-29 13:57:49,516][__main__][INFO] - [3], [25, 26]
[2025-01-29 13:57:49,914][__main__][INFO] - [3, 27], [25]
[2025-01-29 13:57:49,961][__main__][INFO] - [3], [25, 27]
[2025-01-29 13:57:50,356][__main__][INFO] - [3, 28], [25]
[2025-01-29 13:57:50,733][__main__][INFO] - [3, 29], [25]
[2025-01-29 13:57:50,822][__main__][INFO] - [3, 31], [25]
[2025-01-29 13:57:51,024][__main__][INFO] - [3], [25, 31]
[2025-01-29 13:57:51,235][__main__][INFO] - [3, 32], [25]
[2025-01-29 13:57:51,307][__main__][INFO] - [3, 33], [25]
[2025-01-29 13:57:51,570][__main__][INFO] - [3, 34], [25]
[2025-01-29 13:57:51,628][__main__][INFO] - [3, 35], [25]
[2025-01-29 13:57:51,697][__main__][INFO] - [3, 36], [25]
[2025-01-29 13:57:51,756][__main__][INFO] - [3, 37], [25]
[2025-01-29 13:57:51,803][__main__][INFO] - [3, 38], [25]
[2025-01-29 13:57:51,848][__main__][INFO] - [3, 39], [25]
[2025-01-29 13:57:51,951][__main__][INFO] - [3, 26, 27], []
[2025-01-29 13:57:51,996][__main__][INFO] - [3, 26], [27]
[2025-01-29 13:57:52,043][__main__][INFO] - [3, 26, 28], []
[2025-01-29 13:57:52,088][__main__][INFO] - [3, 26, 29], []
[2025-01-29 13:57:52,163][__main__][INFO] - [3, 26, 31], []
[2025-01-29 13:57:52,209][__main__][INFO] - [3, 26], [31]
[2025-01-29 13:57:52,255][__main__][INFO] - [3, 26, 32], []
[2025-01-29 13:57:52,300][__main__][INFO] - [3, 26, 33], []
[2025-01-29 13:57:52,346][__main__][INFO] - [3, 26, 34], []
[2025-01-29 13:57:52,391][__main__][INFO] - [3, 26, 35], []
[2025-01-29 13:57:52,436][__main__][INFO] - [3, 26, 36], []
[2025-01-29 13:57:52,630][__main__][INFO] - [3, 27], [26]
[2025-01-29 13:57:52,678][__main__][INFO] - [3], [26, 27]
[2025-01-29 13:57:53,228][__main__][INFO] - [3, 28], [26]
[2025-01-29 13:57:53,764][__main__][INFO] - [3, 29], [26]
[2025-01-29 13:57:53,852][__main__][INFO] - [3, 31], [26]
[2025-01-29 13:57:54,120][__main__][INFO] - [3], [26, 31]
[2025-01-29 13:57:54,394][__main__][INFO] - [3, 32], [26]
[2025-01-29 13:57:54,490][__main__][INFO] - [3, 33], [26]
[2025-01-29 13:57:54,791][__main__][INFO] - [3, 34], [26]
[2025-01-29 13:57:54,851][__main__][INFO] - [3, 35], [26]
[2025-01-29 13:57:54,962][__main__][INFO] - [3, 36], [26]
[2025-01-29 13:57:55,021][__main__][INFO] - [3, 37], [26]
[2025-01-29 13:57:55,067][__main__][INFO] - [3, 38], [26]
[2025-01-29 13:57:55,112][__main__][INFO] - [3, 39], [26]
[2025-01-29 13:57:55,216][__main__][INFO] - [3, 27, 28], []
[2025-01-29 13:57:55,263][__main__][INFO] - [3, 27, 29], []
[2025-01-29 13:57:55,338][__main__][INFO] - [3, 27, 31], []
[2025-01-29 13:57:55,383][__main__][INFO] - [3, 27], [31]
[2025-01-29 13:57:55,429][__main__][INFO] - [3, 27, 32], []
[2025-01-29 13:57:55,473][__main__][INFO] - [3, 27, 33], []
[2025-01-29 13:57:55,519][__main__][INFO] - [3, 27, 34], []
[2025-01-29 13:57:55,564][__main__][INFO] - [3, 27, 35], []
[2025-01-29 13:57:55,608][__main__][INFO] - [3, 27, 36], []
[2025-01-29 13:57:55,802][__main__][INFO] - [3, 28], [27]
[2025-01-29 13:57:56,320][__main__][INFO] - [3, 29], [27]
[2025-01-29 13:57:56,408][__main__][INFO] - [3, 31], [27]
[2025-01-29 13:57:56,670][__main__][INFO] - [3], [27, 31]
[2025-01-29 13:57:56,948][__main__][INFO] - [3, 32], [27]
[2025-01-29 13:57:57,041][__main__][INFO] - [3, 33], [27]
[2025-01-29 13:57:57,344][__main__][INFO] - [3, 34], [27]
[2025-01-29 13:57:57,404][__main__][INFO] - [3, 35], [27]
[2025-01-29 13:57:57,516][__main__][INFO] - [3, 36], [27]
[2025-01-29 13:57:57,575][__main__][INFO] - [3, 37], [27]
[2025-01-29 13:57:57,621][__main__][INFO] - [3, 38], [27]
[2025-01-29 13:57:57,666][__main__][INFO] - [3, 39], [27]
[2025-01-29 13:57:57,770][__main__][INFO] - [3, 28, 31], []
[2025-01-29 13:57:58,035][__main__][INFO] - [3, 28], [31]
[2025-01-29 13:57:58,302][__main__][INFO] - [3, 28, 32], []
[2025-01-29 13:57:58,395][__main__][INFO] - [3, 28, 33], []
[2025-01-29 13:57:58,692][__main__][INFO] - [3, 28, 34], []
[2025-01-29 13:57:58,751][__main__][INFO] - [3, 28, 35], []
[2025-01-29 13:57:58,861][__main__][INFO] - [3, 28, 36], []
[2025-01-29 13:57:58,919][__main__][INFO] - [3, 28, 37], []
[2025-01-29 13:57:58,965][__main__][INFO] - [3, 28, 38], []
[2025-01-29 13:57:59,010][__main__][INFO] - [3, 28, 39], []
[2025-01-29 13:57:59,114][__main__][INFO] - [3, 29, 31], []
[2025-01-29 13:57:59,162][__main__][INFO] - [3, 29], [31]
[2025-01-29 13:57:59,216][__main__][INFO] - [3, 29, 32], []
[2025-01-29 13:57:59,261][__main__][INFO] - [3, 29, 33], []
[2025-01-29 13:57:59,311][__main__][INFO] - [3, 29, 34], []
[2025-01-29 13:57:59,356][__main__][INFO] - [3, 29, 35], []
[2025-01-29 13:57:59,401][__main__][INFO] - [3, 29, 36], []
[2025-01-29 13:57:59,446][__main__][INFO] - [3, 29, 37], []
[2025-01-29 13:57:59,641][__main__][INFO] - [3, 31, 32], []
[2025-01-29 13:57:59,706][__main__][INFO] - [3, 31, 33], []
[2025-01-29 13:57:59,868][__main__][INFO] - [3, 31, 34], []
[2025-01-29 13:57:59,919][__main__][INFO] - [3, 31, 35], []
[2025-01-29 13:57:59,994][__main__][INFO] - [3, 31, 36], []
[2025-01-29 13:58:00,044][__main__][INFO] - [3, 31, 37], []
[2025-01-29 13:58:00,089][__main__][INFO] - [3, 31, 38], []
[2025-01-29 13:58:00,134][__main__][INFO] - [3, 31, 39], []
[2025-01-29 13:58:00,239][__main__][INFO] - [3, 32], [31]
[2025-01-29 13:58:00,306][__main__][INFO] - [3, 33], [31]
[2025-01-29 13:58:00,473][__main__][INFO] - [3, 34], [31]
[2025-01-29 13:58:00,524][__main__][INFO] - [3, 35], [31]
[2025-01-29 13:58:00,595][__main__][INFO] - [3, 36], [31]
[2025-01-29 13:58:00,646][__main__][INFO] - [3, 37], [31]
[2025-01-29 13:58:00,692][__main__][INFO] - [3, 38], [31]
[2025-01-29 13:58:00,736][__main__][INFO] - [3, 39], [31]
[2025-01-29 13:58:00,870][__main__][INFO] - [4, 10, 11], []
[2025-01-29 13:58:00,938][__main__][INFO] - [4, 10, 12], []
[2025-01-29 13:58:00,985][__main__][INFO] - [4, 10, 13], []
[2025-01-29 13:58:01,032][__main__][INFO] - [4, 10, 14], []
[2025-01-29 13:58:01,077][__main__][INFO] - [4, 10, 15], []
[2025-01-29 13:58:01,120][__main__][INFO] - [4, 10, 16], []
[2025-01-29 13:58:01,200][__main__][INFO] - [4, 10, 17], []
[2025-01-29 13:58:01,276][__main__][INFO] - [4, 10, 19], []
[2025-01-29 13:58:01,351][__main__][INFO] - [4, 10, 21], []
[2025-01-29 13:58:01,414][__main__][INFO] - [4, 10, 22], []
[2025-01-29 13:58:01,468][__main__][INFO] - [4, 10, 23], []
[2025-01-29 13:58:01,519][__main__][INFO] - [4, 10, 24], []
[2025-01-29 13:58:01,563][__main__][INFO] - [4, 10, 25], []
[2025-01-29 13:58:01,617][__main__][INFO] - [4, 10], [25]
[2025-01-29 13:58:01,687][__main__][INFO] - [4, 10, 26], []
[2025-01-29 13:58:01,739][__main__][INFO] - [4, 10], [26]
[2025-01-29 13:58:01,811][__main__][INFO] - [4, 10, 27], []
[2025-01-29 13:58:01,864][__main__][INFO] - [4, 10], [27]
[2025-01-29 13:58:01,935][__main__][INFO] - [4, 10, 28], []
[2025-01-29 13:58:01,997][__main__][INFO] - [4, 10, 29], []
[2025-01-29 13:58:02,088][__main__][INFO] - [4, 10, 31], []
[2025-01-29 13:58:02,148][__main__][INFO] - [4, 10], [31]
[2025-01-29 13:58:02,209][__main__][INFO] - [4, 10, 32], []
[2025-01-29 13:58:02,256][__main__][INFO] - [4, 10, 33], []
[2025-01-29 13:58:02,318][__main__][INFO] - [4, 10, 34], []
[2025-01-29 13:58:02,363][__main__][INFO] - [4, 10, 35], []
[2025-01-29 13:58:02,410][__main__][INFO] - [4, 10, 36], []
[2025-01-29 13:58:02,456][__main__][INFO] - [4, 10, 37], []
[2025-01-29 13:58:02,500][__main__][INFO] - [4, 10, 38], []
[2025-01-29 13:58:02,545][__main__][INFO] - [4, 10, 39], []
[2025-01-29 13:58:02,650][__main__][INFO] - [4, 11], [10]
[2025-01-29 13:58:02,954][__main__][INFO] - [4, 12], [10]
[2025-01-29 13:58:03,089][__main__][INFO] - [4, 13], [10]
[2025-01-29 13:58:03,221][__main__][INFO] - [4, 14], [10]
[2025-01-29 13:58:03,269][__main__][INFO] - [4, 15], [10]
[2025-01-29 13:58:03,314][__main__][INFO] - [4, 16], [10]
[2025-01-29 13:58:03,800][__main__][INFO] - [4, 17], [10]
[2025-01-29 13:58:03,853][__main__][INFO] - [4, 18], [10]
[2025-01-29 13:58:03,896][__main__][INFO] - [4, 19], [10]
[2025-01-29 13:58:03,972][__main__][INFO] - [4, 21], [10]
[2025-01-29 13:58:04,319][__main__][INFO] - [4, 22], [10]
[2025-01-29 13:58:04,440][__main__][INFO] - [4, 23], [10]
[2025-01-29 13:58:04,536][__main__][INFO] - [4, 24], [10]
[2025-01-29 13:58:04,583][__main__][INFO] - [4, 25], [10]
[2025-01-29 13:58:04,816][__main__][INFO] - [4], [10, 25]
[2025-01-29 13:58:05,152][__main__][INFO] - [4], [10, 26]
[2025-01-29 13:58:05,695][__main__][INFO] - [4], [10, 27]
[2025-01-29 13:58:06,215][__main__][INFO] - [4, 28], [10]
[2025-01-29 13:58:06,901][__main__][INFO] - [4, 31], [10]
[2025-01-29 13:58:07,255][__main__][INFO] - [4], [10, 31]
[2025-01-29 13:58:07,606][__main__][INFO] - [4, 32], [10]
[2025-01-29 13:58:07,749][__main__][INFO] - [4, 33], [10]
[2025-01-29 13:58:08,064][__main__][INFO] - [4, 34], [10]
[2025-01-29 13:58:08,118][__main__][INFO] - [4, 35], [10]
[2025-01-29 13:58:08,232][__main__][INFO] - [4, 36], [10]
[2025-01-29 13:58:08,288][__main__][INFO] - [4, 37], [10]
[2025-01-29 13:58:08,333][__main__][INFO] - [4, 38], [10]
[2025-01-29 13:58:08,377][__main__][INFO] - [4, 39], [10]
[2025-01-29 13:58:08,478][__main__][INFO] - [4, 11, 16], []
[2025-01-29 13:58:08,788][__main__][INFO] - [4, 11, 17], []
[2025-01-29 13:58:08,840][__main__][INFO] - [4, 11, 18], []
[2025-01-29 13:58:08,882][__main__][INFO] - [4, 11, 19], []
[2025-01-29 13:58:08,956][__main__][INFO] - [4, 11, 21], []
[2025-01-29 13:58:09,140][__main__][INFO] - [4, 11, 22], []
[2025-01-29 13:58:09,258][__main__][INFO] - [4, 11, 23], []
[2025-01-29 13:58:09,336][__main__][INFO] - [4, 11, 24], []
[2025-01-29 13:58:09,412][__main__][INFO] - [4, 11], [25]
[2025-01-29 13:58:09,743][__main__][INFO] - [4, 11, 26], []
[2025-01-29 13:58:09,790][__main__][INFO] - [4, 11], [26]
[2025-01-29 13:58:10,117][__main__][INFO] - [4, 11, 27], []
[2025-01-29 13:58:10,164][__main__][INFO] - [4, 11], [27]
[2025-01-29 13:58:10,487][__main__][INFO] - [4, 11, 28], []
[2025-01-29 13:58:10,799][__main__][INFO] - [4, 11, 29], []
[2025-01-29 13:58:10,887][__main__][INFO] - [4, 11, 31], []
[2025-01-29 13:58:11,058][__main__][INFO] - [4, 11], [31]
[2025-01-29 13:58:11,237][__main__][INFO] - [4, 11, 32], []
[2025-01-29 13:58:11,296][__main__][INFO] - [4, 11, 33], []
[2025-01-29 13:58:11,539][__main__][INFO] - [4, 11, 34], []
[2025-01-29 13:58:11,592][__main__][INFO] - [4, 11, 35], []
[2025-01-29 13:58:11,647][__main__][INFO] - [4, 11, 36], []
[2025-01-29 13:58:11,705][__main__][INFO] - [4, 11, 37], []
[2025-01-29 13:58:11,750][__main__][INFO] - [4, 11, 38], []
[2025-01-29 13:58:11,794][__main__][INFO] - [4, 11, 39], []
[2025-01-29 13:58:11,899][__main__][INFO] - [4, 12, 16], []
[2025-01-29 13:58:12,040][__main__][INFO] - [4, 12, 17], []
[2025-01-29 13:58:12,177][__main__][INFO] - [4, 12, 21], []
[2025-01-29 13:58:12,299][__main__][INFO] - [4, 12, 22], []
[2025-01-29 13:58:12,345][__main__][INFO] - [4, 12, 23], []
[2025-01-29 13:58:12,396][__main__][INFO] - [4, 12, 24], []
[2025-01-29 13:58:12,440][__main__][INFO] - [4, 12, 25], []
[2025-01-29 13:58:12,614][__main__][INFO] - [4, 12, 26], []
[2025-01-29 13:58:12,658][__main__][INFO] - [4, 12], [26]
[2025-01-29 13:58:12,798][__main__][INFO] - [4, 12, 27], []
[2025-01-29 13:58:12,842][__main__][INFO] - [4, 12], [27]
[2025-01-29 13:58:12,983][__main__][INFO] - [4, 12, 28], []
[2025-01-29 13:58:13,121][__main__][INFO] - [4, 12, 29], []
[2025-01-29 13:58:13,196][__main__][INFO] - [4, 12, 31], []
[2025-01-29 13:58:13,282][__main__][INFO] - [4, 12], [31]
[2025-01-29 13:58:13,368][__main__][INFO] - [4, 12, 32], []
[2025-01-29 13:58:13,433][__main__][INFO] - [4, 12, 33], []
[2025-01-29 13:58:13,512][__main__][INFO] - [4, 12, 34], []
[2025-01-29 13:58:13,557][__main__][INFO] - [4, 12, 35], []
[2025-01-29 13:58:13,618][__main__][INFO] - [4, 12, 36], []
[2025-01-29 13:58:13,663][__main__][INFO] - [4, 12, 37], []
[2025-01-29 13:58:13,707][__main__][INFO] - [4, 12, 38], []
[2025-01-29 13:58:13,751][__main__][INFO] - [4, 12, 39], []
[2025-01-29 13:58:13,853][__main__][INFO] - [4, 13, 16], []
[2025-01-29 13:58:13,989][__main__][INFO] - [4, 13, 17], []
[2025-01-29 13:58:14,035][__main__][INFO] - [4, 13, 18], []
[2025-01-29 13:58:14,078][__main__][INFO] - [4, 13, 19], []
[2025-01-29 13:58:14,154][__main__][INFO] - [4, 13, 21], []
[2025-01-29 13:58:14,273][__main__][INFO] - [4, 13, 22], []
[2025-01-29 13:58:14,320][__main__][INFO] - [4, 13, 23], []
[2025-01-29 13:58:14,373][__main__][INFO] - [4, 13, 24], []
[2025-01-29 13:58:14,418][__main__][INFO] - [4, 13, 25], []
[2025-01-29 13:58:14,590][__main__][INFO] - [4, 13, 26], []
[2025-01-29 13:58:14,635][__main__][INFO] - [4, 13], [26]
[2025-01-29 13:58:14,775][__main__][INFO] - [4, 13, 27], []
[2025-01-29 13:58:14,820][__main__][INFO] - [4, 13], [27]
[2025-01-29 13:58:14,959][__main__][INFO] - [4, 13, 28], []
[2025-01-29 13:58:15,097][__main__][INFO] - [4, 13, 29], []
[2025-01-29 13:58:15,174][__main__][INFO] - [4, 13, 31], []
[2025-01-29 13:58:15,267][__main__][INFO] - [4, 13], [31]
[2025-01-29 13:58:15,348][__main__][INFO] - [4, 13, 32], []
[2025-01-29 13:58:15,402][__main__][INFO] - [4, 13, 33], []
[2025-01-29 13:58:15,472][__main__][INFO] - [4, 13, 34], []
[2025-01-29 13:58:15,517][__main__][INFO] - [4, 13, 35], []
[2025-01-29 13:58:15,601][__main__][INFO] - [4, 13, 36], []
[2025-01-29 13:58:15,647][__main__][INFO] - [4, 13, 37], []
[2025-01-29 13:58:15,691][__main__][INFO] - [4, 13, 38], []
[2025-01-29 13:58:15,736][__main__][INFO] - [4, 13, 39], []
[2025-01-29 13:58:15,842][__main__][INFO] - [4, 14, 16], []
[2025-01-29 13:58:15,891][__main__][INFO] - [4, 14, 17], []
[2025-01-29 13:58:16,028][__main__][INFO] - [4, 14, 21], []
[2025-01-29 13:58:16,074][__main__][INFO] - [4, 14, 22], []
[2025-01-29 13:58:16,120][__main__][INFO] - [4, 14, 23], []
[2025-01-29 13:58:16,228][__main__][INFO] - [4, 14], [25]
[2025-01-29 13:58:16,308][__main__][INFO] - [4, 14], [26]
[2025-01-29 13:58:16,357][__main__][INFO] - [4, 14, 27], []
[2025-01-29 13:58:16,401][__main__][INFO] - [4, 14], [27]
[2025-01-29 13:58:16,450][__main__][INFO] - [4, 14, 28], []
[2025-01-29 13:58:16,498][__main__][INFO] - [4, 14, 29], []
[2025-01-29 13:58:16,573][__main__][INFO] - [4, 14, 31], []
[2025-01-29 13:58:16,619][__main__][INFO] - [4, 14], [31]
[2025-01-29 13:58:16,666][__main__][INFO] - [4, 14, 32], []
[2025-01-29 13:58:16,711][__main__][INFO] - [4, 14, 33], []
[2025-01-29 13:58:16,757][__main__][INFO] - [4, 14, 34], []
[2025-01-29 13:58:16,802][__main__][INFO] - [4, 14, 35], []
[2025-01-29 13:58:16,848][__main__][INFO] - [4, 14, 36], []
[2025-01-29 13:58:17,047][__main__][INFO] - [4, 15, 16], []
[2025-01-29 13:58:17,217][__main__][INFO] - [4, 15, 21], []
[2025-01-29 13:58:17,263][__main__][INFO] - [4, 15, 22], []
[2025-01-29 13:58:17,308][__main__][INFO] - [4, 15, 23], []
[2025-01-29 13:58:17,415][__main__][INFO] - [4, 15], [25]
[2025-01-29 13:58:17,493][__main__][INFO] - [4, 15], [26]
[2025-01-29 13:58:17,568][__main__][INFO] - [4, 15], [27]
[2025-01-29 13:58:17,613][__main__][INFO] - [4, 15, 28], []
[2025-01-29 13:58:17,721][__main__][INFO] - [4, 15, 31], []
[2025-01-29 13:58:17,766][__main__][INFO] - [4, 15], [31]
[2025-01-29 13:58:17,811][__main__][INFO] - [4, 15, 32], []
[2025-01-29 13:58:17,856][__main__][INFO] - [4, 15, 33], []
[2025-01-29 13:58:17,901][__main__][INFO] - [4, 15, 34], []
[2025-01-29 13:58:17,946][__main__][INFO] - [4, 15, 35], []
[2025-01-29 13:58:18,053][__main__][INFO] - [4, 15, 38], []
[2025-01-29 13:58:18,189][__main__][INFO] - [4, 16, 21], []
[2025-01-29 13:58:18,544][__main__][INFO] - [4, 16, 22], []
[2025-01-29 13:58:18,673][__main__][INFO] - [4, 16, 23], []
[2025-01-29 13:58:18,772][__main__][INFO] - [4, 16, 24], []
[2025-01-29 13:58:18,820][__main__][INFO] - [4, 16, 25], []
[2025-01-29 13:58:19,064][__main__][INFO] - [4, 16], [25]
[2025-01-29 13:58:19,389][__main__][INFO] - [4, 16, 26], []
[2025-01-29 13:58:19,441][__main__][INFO] - [4, 16], [26]
[2025-01-29 13:58:19,969][__main__][INFO] - [4, 16, 27], []
[2025-01-29 13:58:20,022][__main__][INFO] - [4, 16], [27]
[2025-01-29 13:58:20,563][__main__][INFO] - [4, 16, 28], []
[2025-01-29 13:58:21,086][__main__][INFO] - [4, 16, 29], []
[2025-01-29 13:58:21,176][__main__][INFO] - [4, 16, 31], []
[2025-01-29 13:58:21,456][__main__][INFO] - [4, 16], [31]
[2025-01-29 13:58:21,719][__main__][INFO] - [4, 16, 32], []
[2025-01-29 13:58:21,815][__main__][INFO] - [4, 16, 33], []
[2025-01-29 13:58:22,120][__main__][INFO] - [4, 16, 34], []
[2025-01-29 13:58:22,176][__main__][INFO] - [4, 16, 35], []
[2025-01-29 13:58:22,297][__main__][INFO] - [4, 16, 36], []
[2025-01-29 13:58:22,355][__main__][INFO] - [4, 16, 37], []
[2025-01-29 13:58:22,402][__main__][INFO] - [4, 16, 38], []
[2025-01-29 13:58:22,447][__main__][INFO] - [4, 16, 39], []
[2025-01-29 13:58:22,554][__main__][INFO] - [4, 17, 21], []
[2025-01-29 13:58:22,603][__main__][INFO] - [4, 17, 22], []
[2025-01-29 13:58:22,649][__main__][INFO] - [4, 17, 23], []
[2025-01-29 13:58:22,694][__main__][INFO] - [4, 17, 24], []
[2025-01-29 13:58:22,739][__main__][INFO] - [4, 17, 25], []
[2025-01-29 13:58:22,785][__main__][INFO] - [4, 17], [25]
[2025-01-29 13:58:22,838][__main__][INFO] - [4, 17, 26], []
[2025-01-29 13:58:22,883][__main__][INFO] - [4, 17], [26]
[2025-01-29 13:58:22,940][__main__][INFO] - [4, 17, 27], []
[2025-01-29 13:58:22,985][__main__][INFO] - [4, 17], [27]
[2025-01-29 13:58:23,044][__main__][INFO] - [4, 17, 28], []
[2025-01-29 13:58:23,101][__main__][INFO] - [4, 17, 29], []
[2025-01-29 13:58:23,175][__main__][INFO] - [4, 17, 31], []
[2025-01-29 13:58:23,221][__main__][INFO] - [4, 17], [31]
[2025-01-29 13:58:23,273][__main__][INFO] - [4, 17, 32], []
[2025-01-29 13:58:23,318][__main__][INFO] - [4, 17, 33], []
[2025-01-29 13:58:23,369][__main__][INFO] - [4, 17, 34], []
[2025-01-29 13:58:23,414][__main__][INFO] - [4, 17, 35], []
[2025-01-29 13:58:23,459][__main__][INFO] - [4, 17, 36], []
[2025-01-29 13:58:23,504][__main__][INFO] - [4, 17, 37], []
[2025-01-29 13:58:23,671][__main__][INFO] - [4, 18, 21], []
[2025-01-29 13:58:23,714][__main__][INFO] - [4, 18, 22], []
[2025-01-29 13:58:23,757][__main__][INFO] - [4, 18, 23], []
[2025-01-29 13:58:23,832][__main__][INFO] - [4, 18, 25], []
[2025-01-29 13:58:23,875][__main__][INFO] - [4, 18], [25]
[2025-01-29 13:58:23,950][__main__][INFO] - [4, 18], [26]
[2025-01-29 13:58:24,025][__main__][INFO] - [4, 18], [27]
[2025-01-29 13:58:24,068][__main__][INFO] - [4, 18, 28], []
[2025-01-29 13:58:24,171][__main__][INFO] - [4, 18, 31], []
[2025-01-29 13:58:24,214][__main__][INFO] - [4, 18], [31]
[2025-01-29 13:58:24,289][__main__][INFO] - [4, 18, 33], []
[2025-01-29 13:58:24,395][__main__][INFO] - [4, 18, 36], []
[2025-01-29 13:58:24,594][__main__][INFO] - [4, 19, 21], []
[2025-01-29 13:58:24,639][__main__][INFO] - [4, 19, 22], []
[2025-01-29 13:58:24,682][__main__][INFO] - [4, 19, 23], []
[2025-01-29 13:58:24,758][__main__][INFO] - [4, 19, 25], []
[2025-01-29 13:58:24,803][__main__][INFO] - [4, 19], [25]
[2025-01-29 13:58:24,848][__main__][INFO] - [4, 19, 26], []
[2025-01-29 13:58:24,908][__main__][INFO] - [4, 19], [26]
[2025-01-29 13:58:24,985][__main__][INFO] - [4, 19], [27]
[2025-01-29 13:58:25,031][__main__][INFO] - [4, 19, 28], []
[2025-01-29 13:58:25,076][__main__][INFO] - [4, 19, 29], []
[2025-01-29 13:58:25,152][__main__][INFO] - [4, 19, 31], []
[2025-01-29 13:58:25,196][__main__][INFO] - [4, 19], [31]
[2025-01-29 13:58:25,241][__main__][INFO] - [4, 19, 32], []
[2025-01-29 13:58:25,286][__main__][INFO] - [4, 19, 33], []
[2025-01-29 13:58:25,331][__main__][INFO] - [4, 19, 34], []
[2025-01-29 13:58:25,376][__main__][INFO] - [4, 19, 35], []
[2025-01-29 13:58:25,421][__main__][INFO] - [4, 19, 36], []
[2025-01-29 13:58:25,651][__main__][INFO] - [4, 21, 25], []
[2025-01-29 13:58:25,855][__main__][INFO] - [4, 21], [25]
[2025-01-29 13:58:26,045][__main__][INFO] - [4, 21, 26], []
[2025-01-29 13:58:26,092][__main__][INFO] - [4, 21], [26]
[2025-01-29 13:58:26,451][__main__][INFO] - [4, 21, 27], []
[2025-01-29 13:58:26,499][__main__][INFO] - [4, 21], [27]
[2025-01-29 13:58:26,858][__main__][INFO] - [4, 21, 28], []
[2025-01-29 13:58:27,219][__main__][INFO] - [4, 21, 29], []
[2025-01-29 13:58:27,301][__main__][INFO] - [4, 21, 31], []
[2025-01-29 13:58:27,496][__main__][INFO] - [4, 21], [31]
[2025-01-29 13:58:27,691][__main__][INFO] - [4, 21, 32], []
[2025-01-29 13:58:27,775][__main__][INFO] - [4, 21, 33], []
[2025-01-29 13:58:27,965][__main__][INFO] - [4, 21, 34], []
[2025-01-29 13:58:28,013][__main__][INFO] - [4, 21, 35], []
[2025-01-29 13:58:28,120][__main__][INFO] - [4, 21, 36], []
[2025-01-29 13:58:28,176][__main__][INFO] - [4, 21, 37], []
[2025-01-29 13:58:28,221][__main__][INFO] - [4, 21, 38], []
[2025-01-29 13:58:28,265][__main__][INFO] - [4, 21, 39], []
[2025-01-29 13:58:28,372][__main__][INFO] - [4, 22, 25], []
[2025-01-29 13:58:28,423][__main__][INFO] - [4, 22], [25]
[2025-01-29 13:58:28,547][__main__][INFO] - [4, 22, 26], []
[2025-01-29 13:58:28,593][__main__][INFO] - [4, 22], [26]
[2025-01-29 13:58:28,725][__main__][INFO] - [4, 22, 27], []
[2025-01-29 13:58:28,769][__main__][INFO] - [4, 22], [27]
[2025-01-29 13:58:28,901][__main__][INFO] - [4, 22, 28], []
[2025-01-29 13:58:29,032][__main__][INFO] - [4, 22, 29], []
[2025-01-29 13:58:29,111][__main__][INFO] - [4, 22, 31], []
[2025-01-29 13:58:29,197][__main__][INFO] - [4, 22], [31]
[2025-01-29 13:58:29,287][__main__][INFO] - [4, 22, 32], []
[2025-01-29 13:58:29,333][__main__][INFO] - [4, 22, 33], []
[2025-01-29 13:58:29,440][__main__][INFO] - [4, 22, 34], []
[2025-01-29 13:58:29,492][__main__][INFO] - [4, 22, 35], []
[2025-01-29 13:58:29,539][__main__][INFO] - [4, 22, 36], []
[2025-01-29 13:58:29,584][__main__][INFO] - [4, 22, 37], []
[2025-01-29 13:58:29,630][__main__][INFO] - [4, 22, 38], []
[2025-01-29 13:58:29,674][__main__][INFO] - [4, 22, 39], []
[2025-01-29 13:58:29,779][__main__][INFO] - [4, 23, 25], []
[2025-01-29 13:58:29,840][__main__][INFO] - [4, 23], [25]
[2025-01-29 13:58:29,922][__main__][INFO] - [4, 23, 26], []
[2025-01-29 13:58:29,968][__main__][INFO] - [4, 23], [26]
[2025-01-29 13:58:30,069][__main__][INFO] - [4, 23, 27], []
[2025-01-29 13:58:30,114][__main__][INFO] - [4, 23], [27]
[2025-01-29 13:58:30,215][__main__][INFO] - [4, 23, 28], []
[2025-01-29 13:58:30,315][__main__][INFO] - [4, 23, 29], []
[2025-01-29 13:58:30,392][__main__][INFO] - [4, 23, 31], []
[2025-01-29 13:58:30,464][__main__][INFO] - [4, 23], [31]
[2025-01-29 13:58:30,536][__main__][INFO] - [4, 23, 32], []
[2025-01-29 13:58:30,586][__main__][INFO] - [4, 23, 33], []
[2025-01-29 13:58:30,661][__main__][INFO] - [4, 23, 34], []
[2025-01-29 13:58:30,707][__main__][INFO] - [4, 23, 35], []
[2025-01-29 13:58:30,757][__main__][INFO] - [4, 23, 36], []
[2025-01-29 13:58:30,802][__main__][INFO] - [4, 23, 37], []
[2025-01-29 13:58:30,847][__main__][INFO] - [4, 23, 38], []
[2025-01-29 13:58:30,891][__main__][INFO] - [4, 23, 39], []
[2025-01-29 13:58:30,997][__main__][INFO] - [4, 24, 25], []
[2025-01-29 13:58:31,042][__main__][INFO] - [4, 24], [25]
[2025-01-29 13:58:31,090][__main__][INFO] - [4, 24, 26], []
[2025-01-29 13:58:31,135][__main__][INFO] - [4, 24], [26]
[2025-01-29 13:58:31,184][__main__][INFO] - [4, 24, 27], []
[2025-01-29 13:58:31,228][__main__][INFO] - [4, 24], [27]
[2025-01-29 13:58:31,276][__main__][INFO] - [4, 24, 28], []
[2025-01-29 13:58:31,324][__main__][INFO] - [4, 24, 29], []
[2025-01-29 13:58:31,400][__main__][INFO] - [4, 24, 31], []
[2025-01-29 13:58:31,446][__main__][INFO] - [4, 24], [31]
[2025-01-29 13:58:31,493][__main__][INFO] - [4, 24, 32], []
[2025-01-29 13:58:31,537][__main__][INFO] - [4, 24, 33], []
[2025-01-29 13:58:31,585][__main__][INFO] - [4, 24, 34], []
[2025-01-29 13:58:31,630][__main__][INFO] - [4, 24, 35], []
[2025-01-29 13:58:31,674][__main__][INFO] - [4, 24, 36], []
[2025-01-29 13:58:31,872][__main__][INFO] - [4, 25, 26], []
[2025-01-29 13:58:31,918][__main__][INFO] - [4, 25], [26]
[2025-01-29 13:58:32,166][__main__][INFO] - [4, 25, 27], []
[2025-01-29 13:58:32,212][__main__][INFO] - [4, 25], [27]
[2025-01-29 13:58:32,457][__main__][INFO] - [4, 25, 28], []
[2025-01-29 13:58:32,697][__main__][INFO] - [4, 25, 29], []
[2025-01-29 13:58:32,775][__main__][INFO] - [4, 25, 31], []
[2025-01-29 13:58:32,915][__main__][INFO] - [4, 25], [31]
[2025-01-29 13:58:33,061][__main__][INFO] - [4, 25, 32], []
[2025-01-29 13:58:33,137][__main__][INFO] - [4, 25, 33], []
[2025-01-29 13:58:33,246][__main__][INFO] - [4, 25, 34], []
[2025-01-29 13:58:33,293][__main__][INFO] - [4, 25, 35], []
[2025-01-29 13:58:33,397][__main__][INFO] - [4, 25, 36], []
[2025-01-29 13:58:33,443][__main__][INFO] - [4, 25, 37], []
[2025-01-29 13:58:33,489][__main__][INFO] - [4, 25, 38], []
[2025-01-29 13:58:33,534][__main__][INFO] - [4, 25, 39], []
[2025-01-29 13:58:33,640][__main__][INFO] - [4, 26], [25]
[2025-01-29 13:58:33,688][__main__][INFO] - [4], [25, 26]
[2025-01-29 13:58:34,039][__main__][INFO] - [4, 27], [25]
[2025-01-29 13:58:34,088][__main__][INFO] - [4], [25, 27]
[2025-01-29 13:58:34,422][__main__][INFO] - [4, 28], [25]
[2025-01-29 13:58:34,749][__main__][INFO] - [4, 29], [25]
[2025-01-29 13:58:34,839][__main__][INFO] - [4, 31], [25]
[2025-01-29 13:58:35,020][__main__][INFO] - [4], [25, 31]
[2025-01-29 13:58:35,204][__main__][INFO] - [4, 32], [25]
[2025-01-29 13:58:35,264][__main__][INFO] - [4, 33], [25]
[2025-01-29 13:58:35,508][__main__][INFO] - [4, 34], [25]
[2025-01-29 13:58:35,562][__main__][INFO] - [4, 35], [25]
[2025-01-29 13:58:35,619][__main__][INFO] - [4, 36], [25]
[2025-01-29 13:58:35,678][__main__][INFO] - [4, 37], [25]
[2025-01-29 13:58:35,724][__main__][INFO] - [4, 38], [25]
[2025-01-29 13:58:35,770][__main__][INFO] - [4, 39], [25]
[2025-01-29 13:58:35,876][__main__][INFO] - [4, 26, 27], []
[2025-01-29 13:58:35,922][__main__][INFO] - [4, 26], [27]
[2025-01-29 13:58:35,973][__main__][INFO] - [4, 26, 28], []
[2025-01-29 13:58:36,021][__main__][INFO] - [4, 26, 29], []
[2025-01-29 13:58:36,099][__main__][INFO] - [4, 26, 31], []
[2025-01-29 13:58:36,145][__main__][INFO] - [4, 26], [31]
[2025-01-29 13:58:36,192][__main__][INFO] - [4, 26, 32], []
[2025-01-29 13:58:36,238][__main__][INFO] - [4, 26, 33], []
[2025-01-29 13:58:36,285][__main__][INFO] - [4, 26, 34], []
[2025-01-29 13:58:36,330][__main__][INFO] - [4, 26, 35], []
[2025-01-29 13:58:36,375][__main__][INFO] - [4, 26, 36], []
[2025-01-29 13:58:36,586][__main__][INFO] - [4, 27], [26]
[2025-01-29 13:58:36,638][__main__][INFO] - [4], [26, 27]
[2025-01-29 13:58:37,184][__main__][INFO] - [4, 28], [26]
[2025-01-29 13:58:37,729][__main__][INFO] - [4, 29], [26]
[2025-01-29 13:58:37,819][__main__][INFO] - [4, 31], [26]
[2025-01-29 13:58:38,095][__main__][INFO] - [4], [26, 31]
[2025-01-29 13:58:38,370][__main__][INFO] - [4, 32], [26]
[2025-01-29 13:58:38,466][__main__][INFO] - [4, 33], [26]
[2025-01-29 13:58:38,779][__main__][INFO] - [4, 34], [26]
[2025-01-29 13:58:38,836][__main__][INFO] - [4, 35], [26]
[2025-01-29 13:58:38,957][__main__][INFO] - [4, 36], [26]
[2025-01-29 13:58:39,017][__main__][INFO] - [4, 37], [26]
[2025-01-29 13:58:39,064][__main__][INFO] - [4, 38], [26]
[2025-01-29 13:58:39,110][__main__][INFO] - [4, 39], [26]
[2025-01-29 13:58:39,217][__main__][INFO] - [4, 27, 28], []
[2025-01-29 13:58:39,265][__main__][INFO] - [4, 27, 29], []
[2025-01-29 13:58:39,343][__main__][INFO] - [4, 27, 31], []
[2025-01-29 13:58:39,390][__main__][INFO] - [4, 27], [31]
[2025-01-29 13:58:39,436][__main__][INFO] - [4, 27, 32], []
[2025-01-29 13:58:39,481][__main__][INFO] - [4, 27, 33], []
[2025-01-29 13:58:39,528][__main__][INFO] - [4, 27, 34], []
[2025-01-29 13:58:39,573][__main__][INFO] - [4, 27, 35], []
[2025-01-29 13:58:39,619][__main__][INFO] - [4, 27, 36], []
[2025-01-29 13:58:39,820][__main__][INFO] - [4, 28], [27]
[2025-01-29 13:58:40,365][__main__][INFO] - [4, 29], [27]
[2025-01-29 13:58:40,454][__main__][INFO] - [4, 31], [27]
[2025-01-29 13:58:40,726][__main__][INFO] - [4], [27, 31]
[2025-01-29 13:58:41,007][__main__][INFO] - [4, 32], [27]
[2025-01-29 13:58:41,103][__main__][INFO] - [4, 33], [27]
[2025-01-29 13:58:41,410][__main__][INFO] - [4, 34], [27]
[2025-01-29 13:58:41,470][__main__][INFO] - [4, 35], [27]
[2025-01-29 13:58:41,592][__main__][INFO] - [4, 36], [27]
[2025-01-29 13:58:41,651][__main__][INFO] - [4, 37], [27]
[2025-01-29 13:58:41,698][__main__][INFO] - [4, 38], [27]
[2025-01-29 13:58:41,744][__main__][INFO] - [4, 39], [27]
[2025-01-29 13:58:41,851][__main__][INFO] - [4, 28, 31], []
[2025-01-29 13:58:42,125][__main__][INFO] - [4, 28], [31]
[2025-01-29 13:58:42,395][__main__][INFO] - [4, 28, 32], []
[2025-01-29 13:58:42,490][__main__][INFO] - [4, 28, 33], []
[2025-01-29 13:58:42,798][__main__][INFO] - [4, 28, 34], []
[2025-01-29 13:58:42,855][__main__][INFO] - [4, 28, 35], []
[2025-01-29 13:58:42,975][__main__][INFO] - [4, 28, 36], []
[2025-01-29 13:58:43,033][__main__][INFO] - [4, 28, 37], []
[2025-01-29 13:58:43,080][__main__][INFO] - [4, 28, 38], []
[2025-01-29 13:58:43,126][__main__][INFO] - [4, 28, 39], []
[2025-01-29 13:58:43,233][__main__][INFO] - [4, 29, 31], []
[2025-01-29 13:58:43,283][__main__][INFO] - [4, 29], [31]
[2025-01-29 13:58:43,337][__main__][INFO] - [4, 29, 32], []
[2025-01-29 13:58:43,382][__main__][INFO] - [4, 29, 33], []
[2025-01-29 13:58:43,434][__main__][INFO] - [4, 29, 34], []
[2025-01-29 13:58:43,479][__main__][INFO] - [4, 29, 35], []
[2025-01-29 13:58:43,524][__main__][INFO] - [4, 29, 36], []
[2025-01-29 13:58:43,570][__main__][INFO] - [4, 29, 37], []
[2025-01-29 13:58:43,646][__main__][INFO] - [4, 29, 39], []
[2025-01-29 13:58:43,782][__main__][INFO] - [4, 31, 32], []
[2025-01-29 13:58:43,849][__main__][INFO] - [4, 31, 33], []
[2025-01-29 13:58:44,018][__main__][INFO] - [4, 31, 34], []
[2025-01-29 13:58:44,067][__main__][INFO] - [4, 31, 35], []
[2025-01-29 13:58:44,149][__main__][INFO] - [4, 31, 36], []
[2025-01-29 13:58:44,200][__main__][INFO] - [4, 31, 37], []
[2025-01-29 13:58:44,246][__main__][INFO] - [4, 31, 38], []
[2025-01-29 13:58:44,292][__main__][INFO] - [4, 31, 39], []
[2025-01-29 13:58:44,398][__main__][INFO] - [4, 32], [31]
[2025-01-29 13:58:44,466][__main__][INFO] - [4, 33], [31]
[2025-01-29 13:58:44,637][__main__][INFO] - [4, 34], [31]
[2025-01-29 13:58:44,687][__main__][INFO] - [4, 35], [31]
[2025-01-29 13:58:44,761][__main__][INFO] - [4, 36], [31]
[2025-01-29 13:58:44,813][__main__][INFO] - [4, 37], [31]
[2025-01-29 13:58:44,859][__main__][INFO] - [4, 38], [31]
[2025-01-29 13:58:44,904][__main__][INFO] - [4, 39], [31]
[2025-01-29 13:58:45,039][__main__][INFO] - [5, 10, 11], []
[2025-01-29 13:58:45,118][__main__][INFO] - [5, 10, 12], []
[2025-01-29 13:58:45,167][__main__][INFO] - [5, 10, 13], []
[2025-01-29 13:58:45,221][__main__][INFO] - [5, 10, 14], []
[2025-01-29 13:58:45,267][__main__][INFO] - [5, 10, 15], []
[2025-01-29 13:58:45,312][__main__][INFO] - [5, 10, 16], []
[2025-01-29 13:58:45,410][__main__][INFO] - [5, 10, 17], []
[2025-01-29 13:58:45,488][__main__][INFO] - [5, 10, 19], []
[2025-01-29 13:58:45,563][__main__][INFO] - [5, 10, 21], []
[2025-01-29 13:58:45,637][__main__][INFO] - [5, 10, 22], []
[2025-01-29 13:58:45,693][__main__][INFO] - [5, 10, 23], []
[2025-01-29 13:58:45,747][__main__][INFO] - [5, 10, 24], []
[2025-01-29 13:58:45,792][__main__][INFO] - [5, 10, 25], []
[2025-01-29 13:58:45,852][__main__][INFO] - [5, 10], [25]
[2025-01-29 13:58:45,934][__main__][INFO] - [5, 10, 26], []
[2025-01-29 13:58:45,989][__main__][INFO] - [5, 10], [26]
[2025-01-29 13:58:46,074][__main__][INFO] - [5, 10, 27], []
[2025-01-29 13:58:46,131][__main__][INFO] - [5, 10], [27]
[2025-01-29 13:58:46,217][__main__][INFO] - [5, 10, 28], []
[2025-01-29 13:58:46,292][__main__][INFO] - [5, 10, 29], []
[2025-01-29 13:58:46,388][__main__][INFO] - [5, 10, 31], []
[2025-01-29 13:58:46,457][__main__][INFO] - [5, 10], [31]
[2025-01-29 13:58:46,526][__main__][INFO] - [5, 10, 32], []
[2025-01-29 13:58:46,574][__main__][INFO] - [5, 10, 33], []
[2025-01-29 13:58:46,646][__main__][INFO] - [5, 10, 34], []
[2025-01-29 13:58:46,692][__main__][INFO] - [5, 10, 35], []
[2025-01-29 13:58:46,740][__main__][INFO] - [5, 10, 36], []
[2025-01-29 13:58:46,788][__main__][INFO] - [5, 10, 37], []
[2025-01-29 13:58:46,833][__main__][INFO] - [5, 10, 38], []
[2025-01-29 13:58:46,879][__main__][INFO] - [5, 10, 39], []
[2025-01-29 13:58:46,985][__main__][INFO] - [5, 11], [10]
[2025-01-29 13:58:47,272][__main__][INFO] - [5, 12], [10]
[2025-01-29 13:58:47,375][__main__][INFO] - [5, 13], [10]
[2025-01-29 13:58:47,529][__main__][INFO] - [5, 14], [10]
[2025-01-29 13:58:47,576][__main__][INFO] - [5, 15], [10]
[2025-01-29 13:58:47,620][__main__][INFO] - [5, 16], [10]
[2025-01-29 13:58:48,078][__main__][INFO] - [5, 17], [10]
[2025-01-29 13:58:48,134][__main__][INFO] - [5, 18], [10]
[2025-01-29 13:58:48,178][__main__][INFO] - [5, 19], [10]
[2025-01-29 13:58:48,256][__main__][INFO] - [5, 21], [10]
[2025-01-29 13:58:48,570][__main__][INFO] - [5, 22], [10]
[2025-01-29 13:58:48,695][__main__][INFO] - [5, 23], [10]
[2025-01-29 13:58:48,787][__main__][INFO] - [5, 24], [10]
[2025-01-29 13:58:48,835][__main__][INFO] - [5, 25], [10]
[2025-01-29 13:58:49,053][__main__][INFO] - [5], [10, 25]
[2025-01-29 13:58:49,371][__main__][INFO] - [5], [10, 26]
[2025-01-29 13:58:49,898][__main__][INFO] - [5], [10, 27]
[2025-01-29 13:58:50,389][__main__][INFO] - [5, 28], [10]
[2025-01-29 13:58:50,939][__main__][INFO] - [5, 31], [10]
[2025-01-29 13:58:51,188][__main__][INFO] - [5], [10, 31]
[2025-01-29 13:58:51,432][__main__][INFO] - [5, 32], [10]
[2025-01-29 13:58:51,514][__main__][INFO] - [5, 33], [10]
[2025-01-29 13:58:51,806][__main__][INFO] - [5, 34], [10]
[2025-01-29 13:58:51,858][__main__][INFO] - [5, 35], [10]
[2025-01-29 13:58:51,965][__main__][INFO] - [5, 36], [10]
[2025-01-29 13:58:52,023][__main__][INFO] - [5, 37], [10]
[2025-01-29 13:58:52,069][__main__][INFO] - [5, 38], [10]
[2025-01-29 13:58:52,114][__main__][INFO] - [5, 39], [10]
[2025-01-29 13:58:52,221][__main__][INFO] - [5, 11, 16], []
[2025-01-29 13:58:52,526][__main__][INFO] - [5, 11, 17], []
[2025-01-29 13:58:52,586][__main__][INFO] - [5, 11, 18], []
[2025-01-29 13:58:52,629][__main__][INFO] - [5, 11, 19], []
[2025-01-29 13:58:52,706][__main__][INFO] - [5, 11, 21], []
[2025-01-29 13:58:52,889][__main__][INFO] - [5, 11, 22], []
[2025-01-29 13:58:53,018][__main__][INFO] - [5, 11, 23], []
[2025-01-29 13:58:53,096][__main__][INFO] - [5, 11, 24], []
[2025-01-29 13:58:53,174][__main__][INFO] - [5, 11], [25]
[2025-01-29 13:58:53,504][__main__][INFO] - [5, 11, 26], []
[2025-01-29 13:58:53,554][__main__][INFO] - [5, 11], [26]
[2025-01-29 13:58:53,867][__main__][INFO] - [5, 11, 27], []
[2025-01-29 13:58:53,917][__main__][INFO] - [5, 11], [27]
[2025-01-29 13:58:54,241][__main__][INFO] - [5, 11, 28], []
[2025-01-29 13:58:54,547][__main__][INFO] - [5, 11, 29], []
[2025-01-29 13:58:54,638][__main__][INFO] - [5, 11, 31], []
[2025-01-29 13:58:54,809][__main__][INFO] - [5, 11], [31]
[2025-01-29 13:58:54,984][__main__][INFO] - [5, 11, 32], []
[2025-01-29 13:58:55,037][__main__][INFO] - [5, 11, 33], []
[2025-01-29 13:58:55,289][__main__][INFO] - [5, 11, 34], []
[2025-01-29 13:58:55,340][__main__][INFO] - [5, 11, 35], []
[2025-01-29 13:58:55,391][__main__][INFO] - [5, 11, 36], []
[2025-01-29 13:58:55,450][__main__][INFO] - [5, 11, 37], []
[2025-01-29 13:58:55,497][__main__][INFO] - [5, 11, 38], []
[2025-01-29 13:58:55,542][__main__][INFO] - [5, 11, 39], []
[2025-01-29 13:58:55,649][__main__][INFO] - [5, 12, 16], []
[2025-01-29 13:58:55,758][__main__][INFO] - [5, 12, 17], []
[2025-01-29 13:58:55,897][__main__][INFO] - [5, 12, 21], []
[2025-01-29 13:58:55,993][__main__][INFO] - [5, 12, 22], []
[2025-01-29 13:58:56,039][__main__][INFO] - [5, 12, 23], []
[2025-01-29 13:58:56,090][__main__][INFO] - [5, 12, 24], []
[2025-01-29 13:58:56,135][__main__][INFO] - [5, 12, 25], []
[2025-01-29 13:58:56,277][__main__][INFO] - [5, 12, 26], []
[2025-01-29 13:58:56,323][__main__][INFO] - [5, 12], [26]
[2025-01-29 13:58:56,431][__main__][INFO] - [5, 12, 27], []
[2025-01-29 13:58:56,477][__main__][INFO] - [5, 12], [27]
[2025-01-29 13:58:56,586][__main__][INFO] - [5, 12, 28], []
[2025-01-29 13:58:56,695][__main__][INFO] - [5, 12, 29], []
[2025-01-29 13:58:56,772][__main__][INFO] - [5, 12, 31], []
[2025-01-29 13:58:56,846][__main__][INFO] - [5, 12], [31]
[2025-01-29 13:58:56,919][__main__][INFO] - [5, 12, 32], []
[2025-01-29 13:58:56,978][__main__][INFO] - [5, 12, 33], []
[2025-01-29 13:58:57,048][__main__][INFO] - [5, 12, 34], []
[2025-01-29 13:58:57,094][__main__][INFO] - [5, 12, 35], []
[2025-01-29 13:58:57,149][__main__][INFO] - [5, 12, 36], []
[2025-01-29 13:58:57,194][__main__][INFO] - [5, 12, 37], []
[2025-01-29 13:58:57,238][__main__][INFO] - [5, 12, 38], []
[2025-01-29 13:58:57,284][__main__][INFO] - [5, 12, 39], []
[2025-01-29 13:58:57,390][__main__][INFO] - [5, 13, 16], []
[2025-01-29 13:58:57,554][__main__][INFO] - [5, 13, 17], []
[2025-01-29 13:58:57,632][__main__][INFO] - [5, 13, 19], []
[2025-01-29 13:58:57,707][__main__][INFO] - [5, 13, 21], []
[2025-01-29 13:58:57,847][__main__][INFO] - [5, 13, 22], []
[2025-01-29 13:58:57,896][__main__][INFO] - [5, 13, 23], []
[2025-01-29 13:58:57,951][__main__][INFO] - [5, 13, 24], []
[2025-01-29 13:58:57,996][__main__][INFO] - [5, 13, 25], []
[2025-01-29 13:58:58,193][__main__][INFO] - [5, 13, 26], []
[2025-01-29 13:58:58,238][__main__][INFO] - [5, 13], [26]
[2025-01-29 13:58:58,395][__main__][INFO] - [5, 13, 27], []
[2025-01-29 13:58:58,441][__main__][INFO] - [5, 13], [27]
[2025-01-29 13:58:58,601][__main__][INFO] - [5, 13, 28], []
[2025-01-29 13:58:58,760][__main__][INFO] - [5, 13, 29], []
[2025-01-29 13:58:58,837][__main__][INFO] - [5, 13, 31], []
[2025-01-29 13:58:58,940][__main__][INFO] - [5, 13], [31]
[2025-01-29 13:58:59,038][__main__][INFO] - [5, 13, 32], []
[2025-01-29 13:58:59,096][__main__][INFO] - [5, 13, 33], []
[2025-01-29 13:58:59,174][__main__][INFO] - [5, 13, 34], []
[2025-01-29 13:58:59,220][__main__][INFO] - [5, 13, 35], []
[2025-01-29 13:58:59,307][__main__][INFO] - [5, 13, 36], []
[2025-01-29 13:58:59,353][__main__][INFO] - [5, 13, 37], []
[2025-01-29 13:58:59,398][__main__][INFO] - [5, 13, 38], []
[2025-01-29 13:58:59,443][__main__][INFO] - [5, 13, 39], []
[2025-01-29 13:58:59,550][__main__][INFO] - [5, 14, 16], []
[2025-01-29 13:58:59,598][__main__][INFO] - [5, 14, 17], []
[2025-01-29 13:58:59,736][__main__][INFO] - [5, 14, 21], []
[2025-01-29 13:58:59,782][__main__][INFO] - [5, 14, 22], []
[2025-01-29 13:58:59,828][__main__][INFO] - [5, 14, 23], []
[2025-01-29 13:58:59,874][__main__][INFO] - [5, 14, 24], []
[2025-01-29 13:58:59,949][__main__][INFO] - [5, 14], [25]
[2025-01-29 13:58:59,998][__main__][INFO] - [5, 14, 26], []
[2025-01-29 13:59:00,043][__main__][INFO] - [5, 14], [26]
[2025-01-29 13:59:00,091][__main__][INFO] - [5, 14, 27], []
[2025-01-29 13:59:00,137][__main__][INFO] - [5, 14], [27]
[2025-01-29 13:59:00,185][__main__][INFO] - [5, 14, 28], []
[2025-01-29 13:59:00,234][__main__][INFO] - [5, 14, 29], []
[2025-01-29 13:59:00,309][__main__][INFO] - [5, 14, 31], []
[2025-01-29 13:59:00,355][__main__][INFO] - [5, 14], [31]
[2025-01-29 13:59:00,402][__main__][INFO] - [5, 14, 32], []
[2025-01-29 13:59:00,447][__main__][INFO] - [5, 14, 33], []
[2025-01-29 13:59:00,494][__main__][INFO] - [5, 14, 34], []
[2025-01-29 13:59:00,539][__main__][INFO] - [5, 14, 35], []
[2025-01-29 13:59:00,585][__main__][INFO] - [5, 14, 36], []
[2025-01-29 13:59:00,783][__main__][INFO] - [5, 15, 16], []
[2025-01-29 13:59:00,953][__main__][INFO] - [5, 15, 21], []
[2025-01-29 13:59:00,998][__main__][INFO] - [5, 15, 22], []
[2025-01-29 13:59:01,140][__main__][INFO] - [5, 15], [25]
[2025-01-29 13:59:01,217][__main__][INFO] - [5, 15], [26]
[2025-01-29 13:59:01,292][__main__][INFO] - [5, 15], [27]
[2025-01-29 13:59:01,337][__main__][INFO] - [5, 15, 28], []
[2025-01-29 13:59:01,446][__main__][INFO] - [5, 15, 31], []
[2025-01-29 13:59:01,491][__main__][INFO] - [5, 15], [31]
[2025-01-29 13:59:01,536][__main__][INFO] - [5, 15, 32], []
[2025-01-29 13:59:01,581][__main__][INFO] - [5, 15, 33], []
[2025-01-29 13:59:01,626][__main__][INFO] - [5, 15, 34], []
[2025-01-29 13:59:01,702][__main__][INFO] - [5, 15, 36], []
[2025-01-29 13:59:01,778][__main__][INFO] - [5, 15, 38], []
[2025-01-29 13:59:01,914][__main__][INFO] - [5, 16, 21], []
[2025-01-29 13:59:02,249][__main__][INFO] - [5, 16, 22], []
[2025-01-29 13:59:02,382][__main__][INFO] - [5, 16, 23], []
[2025-01-29 13:59:02,476][__main__][INFO] - [5, 16, 24], []
[2025-01-29 13:59:02,525][__main__][INFO] - [5, 16, 25], []
[2025-01-29 13:59:02,758][__main__][INFO] - [5, 16], [25]
[2025-01-29 13:59:03,074][__main__][INFO] - [5, 16, 26], []
[2025-01-29 13:59:03,128][__main__][INFO] - [5, 16], [26]
[2025-01-29 13:59:03,644][__main__][INFO] - [5, 16, 27], []
[2025-01-29 13:59:03,700][__main__][INFO] - [5, 16], [27]
[2025-01-29 13:59:04,209][__main__][INFO] - [5, 16, 28], []
[2025-01-29 13:59:04,704][__main__][INFO] - [5, 16, 29], []
[2025-01-29 13:59:04,798][__main__][INFO] - [5, 16, 31], []
[2025-01-29 13:59:05,070][__main__][INFO] - [5, 16], [31]
[2025-01-29 13:59:05,321][__main__][INFO] - [5, 16, 32], []
[2025-01-29 13:59:05,412][__main__][INFO] - [5, 16, 33], []
[2025-01-29 13:59:05,728][__main__][INFO] - [5, 16, 34], []
[2025-01-29 13:59:05,781][__main__][INFO] - [5, 16, 35], []
[2025-01-29 13:59:05,891][__main__][INFO] - [5, 16, 36], []
[2025-01-29 13:59:05,949][__main__][INFO] - [5, 16, 37], []
[2025-01-29 13:59:05,996][__main__][INFO] - [5, 16, 38], []
[2025-01-29 13:59:06,043][__main__][INFO] - [5, 16, 39], []
[2025-01-29 13:59:06,150][__main__][INFO] - [5, 17, 21], []
[2025-01-29 13:59:06,202][__main__][INFO] - [5, 17, 22], []
[2025-01-29 13:59:06,251][__main__][INFO] - [5, 17, 23], []
[2025-01-29 13:59:06,298][__main__][INFO] - [5, 17, 24], []
[2025-01-29 13:59:06,343][__main__][INFO] - [5, 17, 25], []
[2025-01-29 13:59:06,388][__main__][INFO] - [5, 17], [25]
[2025-01-29 13:59:06,449][__main__][INFO] - [5, 17, 26], []
[2025-01-29 13:59:06,494][__main__][INFO] - [5, 17], [26]
[2025-01-29 13:59:06,560][__main__][INFO] - [5, 17, 27], []
[2025-01-29 13:59:06,605][__main__][INFO] - [5, 17], [27]
[2025-01-29 13:59:06,668][__main__][INFO] - [5, 17, 28], []
[2025-01-29 13:59:06,729][__main__][INFO] - [5, 17, 29], []
[2025-01-29 13:59:06,806][__main__][INFO] - [5, 17, 31], []
[2025-01-29 13:59:06,853][__main__][INFO] - [5, 17], [31]
[2025-01-29 13:59:06,912][__main__][INFO] - [5, 17, 32], []
[2025-01-29 13:59:06,958][__main__][INFO] - [5, 17, 33], []
[2025-01-29 13:59:07,012][__main__][INFO] - [5, 17, 34], []
[2025-01-29 13:59:07,058][__main__][INFO] - [5, 17, 35], []
[2025-01-29 13:59:07,103][__main__][INFO] - [5, 17, 36], []
[2025-01-29 13:59:07,150][__main__][INFO] - [5, 17, 37], []
[2025-01-29 13:59:07,195][__main__][INFO] - [5, 17, 38], []
[2025-01-29 13:59:07,333][__main__][INFO] - [5, 18, 21], []
[2025-01-29 13:59:07,407][__main__][INFO] - [5, 18, 23], []
[2025-01-29 13:59:07,513][__main__][INFO] - [5, 18], [25]
[2025-01-29 13:59:07,588][__main__][INFO] - [5, 18], [26]
[2025-01-29 13:59:07,663][__main__][INFO] - [5, 18], [27]
[2025-01-29 13:59:07,707][__main__][INFO] - [5, 18, 28], []
[2025-01-29 13:59:07,844][__main__][INFO] - [5, 18], [31]
[2025-01-29 13:59:07,917][__main__][INFO] - [5, 18, 33], []
[2025-01-29 13:59:08,211][__main__][INFO] - [5, 19, 21], []
[2025-01-29 13:59:08,256][__main__][INFO] - [5, 19, 22], []
[2025-01-29 13:59:08,302][__main__][INFO] - [5, 19, 23], []
[2025-01-29 13:59:08,377][__main__][INFO] - [5, 19, 25], []
[2025-01-29 13:59:08,422][__main__][INFO] - [5, 19], [25]
[2025-01-29 13:59:08,468][__main__][INFO] - [5, 19, 26], []
[2025-01-29 13:59:08,513][__main__][INFO] - [5, 19], [26]
[2025-01-29 13:59:08,591][__main__][INFO] - [5, 19], [27]
[2025-01-29 13:59:08,637][__main__][INFO] - [5, 19, 28], []
[2025-01-29 13:59:08,684][__main__][INFO] - [5, 19, 29], []
[2025-01-29 13:59:08,760][__main__][INFO] - [5, 19, 31], []
[2025-01-29 13:59:08,806][__main__][INFO] - [5, 19], [31]
[2025-01-29 13:59:08,852][__main__][INFO] - [5, 19, 32], []
[2025-01-29 13:59:08,896][__main__][INFO] - [5, 19, 33], []
[2025-01-29 13:59:08,941][__main__][INFO] - [5, 19, 34], []
[2025-01-29 13:59:08,986][__main__][INFO] - [5, 19, 35], []
[2025-01-29 13:59:09,031][__main__][INFO] - [5, 19, 36], []
[2025-01-29 13:59:09,262][__main__][INFO] - [5, 21, 25], []
[2025-01-29 13:59:09,465][__main__][INFO] - [5, 21], [25]
[2025-01-29 13:59:09,652][__main__][INFO] - [5, 21, 26], []
[2025-01-29 13:59:09,701][__main__][INFO] - [5, 21], [26]
[2025-01-29 13:59:10,046][__main__][INFO] - [5, 21, 27], []
[2025-01-29 13:59:10,096][__main__][INFO] - [5, 21], [27]
[2025-01-29 13:59:10,435][__main__][INFO] - [5, 21, 28], []
[2025-01-29 13:59:10,766][__main__][INFO] - [5, 21, 29], []
[2025-01-29 13:59:10,854][__main__][INFO] - [5, 21, 31], []
[2025-01-29 13:59:11,040][__main__][INFO] - [5, 21], [31]
[2025-01-29 13:59:11,226][__main__][INFO] - [5, 21, 32], []
[2025-01-29 13:59:11,302][__main__][INFO] - [5, 21, 33], []
[2025-01-29 13:59:11,502][__main__][INFO] - [5, 21, 34], []
[2025-01-29 13:59:11,549][__main__][INFO] - [5, 21, 35], []
[2025-01-29 13:59:11,647][__main__][INFO] - [5, 21, 36], []
[2025-01-29 13:59:11,704][__main__][INFO] - [5, 21, 37], []
[2025-01-29 13:59:11,750][__main__][INFO] - [5, 21, 38], []
[2025-01-29 13:59:11,795][__main__][INFO] - [5, 21, 39], []
[2025-01-29 13:59:11,902][__main__][INFO] - [5, 22, 25], []
[2025-01-29 13:59:11,951][__main__][INFO] - [5, 22], [25]
[2025-01-29 13:59:12,083][__main__][INFO] - [5, 22, 26], []
[2025-01-29 13:59:12,129][__main__][INFO] - [5, 22], [26]
[2025-01-29 13:59:12,265][__main__][INFO] - [5, 22, 27], []
[2025-01-29 13:59:12,311][__main__][INFO] - [5, 22], [27]
[2025-01-29 13:59:12,449][__main__][INFO] - [5, 22, 28], []
[2025-01-29 13:59:12,581][__main__][INFO] - [5, 22, 29], []
[2025-01-29 13:59:12,660][__main__][INFO] - [5, 22, 31], []
[2025-01-29 13:59:12,747][__main__][INFO] - [5, 22], [31]
[2025-01-29 13:59:12,835][__main__][INFO] - [5, 22, 32], []
[2025-01-29 13:59:12,881][__main__][INFO] - [5, 22, 33], []
[2025-01-29 13:59:12,997][__main__][INFO] - [5, 22, 34], []
[2025-01-29 13:59:13,046][__main__][INFO] - [5, 22, 35], []
[2025-01-29 13:59:13,093][__main__][INFO] - [5, 22, 36], []
[2025-01-29 13:59:13,139][__main__][INFO] - [5, 22, 37], []
[2025-01-29 13:59:13,184][__main__][INFO] - [5, 22, 38], []
[2025-01-29 13:59:13,229][__main__][INFO] - [5, 22, 39], []
[2025-01-29 13:59:13,336][__main__][INFO] - [5, 23, 25], []
[2025-01-29 13:59:13,399][__main__][INFO] - [5, 23], [25]
[2025-01-29 13:59:13,478][__main__][INFO] - [5, 23, 26], []
[2025-01-29 13:59:13,523][__main__][INFO] - [5, 23], [26]
[2025-01-29 13:59:13,621][__main__][INFO] - [5, 23, 27], []
[2025-01-29 13:59:13,667][__main__][INFO] - [5, 23], [27]
[2025-01-29 13:59:13,762][__main__][INFO] - [5, 23, 28], []
[2025-01-29 13:59:13,857][__main__][INFO] - [5, 23, 29], []
[2025-01-29 13:59:13,935][__main__][INFO] - [5, 23, 31], []
[2025-01-29 13:59:14,004][__main__][INFO] - [5, 23], [31]
[2025-01-29 13:59:14,074][__main__][INFO] - [5, 23, 32], []
[2025-01-29 13:59:14,123][__main__][INFO] - [5, 23, 33], []
[2025-01-29 13:59:14,196][__main__][INFO] - [5, 23, 34], []
[2025-01-29 13:59:14,242][__main__][INFO] - [5, 23, 35], []
[2025-01-29 13:59:14,293][__main__][INFO] - [5, 23, 36], []
[2025-01-29 13:59:14,339][__main__][INFO] - [5, 23, 37], []
[2025-01-29 13:59:14,384][__main__][INFO] - [5, 23, 38], []
[2025-01-29 13:59:14,429][__main__][INFO] - [5, 23, 39], []
[2025-01-29 13:59:14,534][__main__][INFO] - [5, 24, 25], []
[2025-01-29 13:59:14,579][__main__][INFO] - [5, 24], [25]
[2025-01-29 13:59:14,628][__main__][INFO] - [5, 24, 26], []
[2025-01-29 13:59:14,673][__main__][INFO] - [5, 24], [26]
[2025-01-29 13:59:14,722][__main__][INFO] - [5, 24, 27], []
[2025-01-29 13:59:14,766][__main__][INFO] - [5, 24], [27]
[2025-01-29 13:59:14,815][__main__][INFO] - [5, 24, 28], []
[2025-01-29 13:59:14,864][__main__][INFO] - [5, 24, 29], []
[2025-01-29 13:59:14,940][__main__][INFO] - [5, 24, 31], []
[2025-01-29 13:59:14,987][__main__][INFO] - [5, 24], [31]
[2025-01-29 13:59:15,033][__main__][INFO] - [5, 24, 32], []
[2025-01-29 13:59:15,078][__main__][INFO] - [5, 24, 33], []
[2025-01-29 13:59:15,127][__main__][INFO] - [5, 24, 34], []
[2025-01-29 13:59:15,172][__main__][INFO] - [5, 24, 35], []
[2025-01-29 13:59:15,217][__main__][INFO] - [5, 24, 36], []
[2025-01-29 13:59:15,418][__main__][INFO] - [5, 25, 26], []
[2025-01-29 13:59:15,465][__main__][INFO] - [5, 25], [26]
[2025-01-29 13:59:15,696][__main__][INFO] - [5, 25, 27], []
[2025-01-29 13:59:15,743][__main__][INFO] - [5, 25], [27]
[2025-01-29 13:59:15,974][__main__][INFO] - [5, 25, 28], []
[2025-01-29 13:59:16,199][__main__][INFO] - [5, 25, 29], []
[2025-01-29 13:59:16,278][__main__][INFO] - [5, 25, 31], []
[2025-01-29 13:59:16,414][__main__][INFO] - [5, 25], [31]
[2025-01-29 13:59:16,543][__main__][INFO] - [5, 25, 32], []
[2025-01-29 13:59:16,617][__main__][INFO] - [5, 25, 33], []
[2025-01-29 13:59:16,724][__main__][INFO] - [5, 25, 34], []
[2025-01-29 13:59:16,771][__main__][INFO] - [5, 25, 35], []
[2025-01-29 13:59:16,872][__main__][INFO] - [5, 25, 36], []
[2025-01-29 13:59:16,918][__main__][INFO] - [5, 25, 37], []
[2025-01-29 13:59:16,963][__main__][INFO] - [5, 25, 38], []
[2025-01-29 13:59:17,008][__main__][INFO] - [5, 25, 39], []
[2025-01-29 13:59:17,113][__main__][INFO] - [5, 26], [25]
[2025-01-29 13:59:17,166][__main__][INFO] - [5], [25, 26]
[2025-01-29 13:59:17,499][__main__][INFO] - [5, 27], [25]
[2025-01-29 13:59:17,551][__main__][INFO] - [5], [25, 27]
[2025-01-29 13:59:17,882][__main__][INFO] - [5, 28], [25]
[2025-01-29 13:59:18,196][__main__][INFO] - [5, 29], [25]
[2025-01-29 13:59:18,288][__main__][INFO] - [5, 31], [25]
[2025-01-29 13:59:18,466][__main__][INFO] - [5], [25, 31]
[2025-01-29 13:59:18,643][__main__][INFO] - [5, 32], [25]
[2025-01-29 13:59:18,696][__main__][INFO] - [5, 33], [25]
[2025-01-29 13:59:18,949][__main__][INFO] - [5, 34], [25]
[2025-01-29 13:59:19,001][__main__][INFO] - [5, 35], [25]
[2025-01-29 13:59:19,052][__main__][INFO] - [5, 36], [25]
[2025-01-29 13:59:19,111][__main__][INFO] - [5, 37], [25]
[2025-01-29 13:59:19,157][__main__][INFO] - [5, 38], [25]
[2025-01-29 13:59:19,203][__main__][INFO] - [5, 39], [25]
[2025-01-30 00:19:26,181][__main__][INFO] - In total, there are 18381599 possible subgroups
[2025-01-30 00:19:26,236][__main__][INFO] - [0], []
[2025-01-30 00:19:26,272][__main__][INFO] - [1], []
[2025-01-30 00:19:26,788][__main__][INFO] - [2], []
[2025-01-30 00:19:27,358][__main__][INFO] - [3], []
[2025-01-30 00:19:27,880][__main__][INFO] - [4], []
[2025-01-30 00:19:28,433][__main__][INFO] - [5], []
[2025-01-30 00:19:28,968][__main__][INFO] - [6], []
[2025-01-30 00:19:29,511][__main__][INFO] - [7], []
[2025-01-30 00:19:29,937][__main__][INFO] - [8], []
[2025-01-30 00:19:30,131][__main__][INFO] - [9], []
[2025-01-30 00:19:30,243][__main__][INFO] - [10], []
[2025-01-30 00:19:32,181][__main__][INFO] - [], [10]
[2025-01-30 00:19:36,444][__main__][INFO] - [11], []
[2025-01-30 00:19:40,399][__main__][INFO] - [12], []
[2025-01-30 00:19:40,895][__main__][INFO] - [13], []
[2025-01-30 00:19:41,609][__main__][INFO] - [14], []
[2025-01-30 00:19:41,703][__main__][INFO] - [15], []
[2025-01-30 00:19:41,747][__main__][INFO] - [16], []
[2025-01-30 00:19:47,038][__main__][INFO] - [17], []
[2025-01-30 00:19:47,295][__main__][INFO] - [18], []
[2025-01-30 00:19:47,327][__main__][INFO] - [19], []
[2025-01-30 00:19:47,386][__main__][INFO] - [20], []
[2025-01-30 00:19:48,225][__main__][INFO] - [21], []
[2025-01-30 00:19:51,306][__main__][INFO] - [22], []
[2025-01-30 00:19:52,320][__main__][INFO] - [23], []
[2025-01-30 00:19:53,070][__main__][INFO] - [24], []
[2025-01-30 00:19:53,148][__main__][INFO] - [25], []
[2025-01-30 00:19:54,733][__main__][INFO] - [], [25]
[2025-01-30 00:19:59,389][__main__][INFO] - [26], []
[2025-01-30 00:19:59,673][__main__][INFO] - [], [26]
[2025-01-30 00:20:06,595][__main__][INFO] - [27], []
[2025-01-30 00:20:06,829][__main__][INFO] - [], [27]
[2025-01-30 00:20:13,702][__main__][INFO] - [28], []
[2025-01-30 00:20:19,704][__main__][INFO] - [29], []
[2025-01-30 00:20:20,058][__main__][INFO] - [30], []
[2025-01-30 00:20:20,092][__main__][INFO] - [31], []
[2025-01-30 00:20:22,816][__main__][INFO] - [], [31]
[2025-01-30 00:20:25,899][__main__][INFO] - [32], []
[2025-01-30 00:20:26,352][__main__][INFO] - [33], []
[2025-01-30 00:20:29,028][__main__][INFO] - [34], []
[2025-01-30 00:20:29,254][__main__][INFO] - [35], []
[2025-01-30 00:20:29,851][__main__][INFO] - [36], []
[2025-01-30 00:20:30,049][__main__][INFO] - [37], []
[2025-01-30 00:20:30,107][__main__][INFO] - [38], []
[2025-01-30 00:20:30,153][__main__][INFO] - [39], []
[2025-01-30 00:20:30,195][__main__][INFO] - [40], []
[2025-01-30 00:20:30,291][__main__][INFO] - [0, 10], []
[2025-01-30 00:20:30,327][__main__][INFO] - [0], [10]
[2025-01-30 00:20:30,368][__main__][INFO] - [0, 11], []
[2025-01-30 00:20:30,408][__main__][INFO] - [0, 12], []
[2025-01-30 00:20:30,445][__main__][INFO] - [0, 13], []
[2025-01-30 00:20:30,482][__main__][INFO] - [0, 14], []
[2025-01-30 00:20:30,519][__main__][INFO] - [0, 15], []
[2025-01-30 00:20:30,670][__main__][INFO] - [0, 20], []
[2025-01-30 00:20:30,711][__main__][INFO] - [0, 21], []
[2025-01-30 00:20:30,750][__main__][INFO] - [0, 22], []
[2025-01-30 00:20:30,788][__main__][INFO] - [0, 23], []
[2025-01-30 00:20:30,825][__main__][INFO] - [0, 24], []
[2025-01-30 00:20:30,862][__main__][INFO] - [0, 25], []
[2025-01-30 00:20:30,899][__main__][INFO] - [0], [25]
[2025-01-30 00:20:30,939][__main__][INFO] - [0, 26], []
[2025-01-30 00:20:30,976][__main__][INFO] - [0], [26]
[2025-01-30 00:20:31,017][__main__][INFO] - [0, 27], []
[2025-01-30 00:20:31,054][__main__][INFO] - [0], [27]
[2025-01-30 00:20:31,094][__main__][INFO] - [0, 28], []
[2025-01-30 00:20:31,133][__main__][INFO] - [0, 29], []
[2025-01-30 00:20:31,170][__main__][INFO] - [0, 30], []
[2025-01-30 00:20:31,209][__main__][INFO] - [0, 31], []
[2025-01-30 00:20:31,247][__main__][INFO] - [0], [31]
[2025-01-30 00:20:31,286][__main__][INFO] - [0, 32], []
[2025-01-30 00:20:31,323][__main__][INFO] - [0, 33], []
[2025-01-30 00:20:31,362][__main__][INFO] - [0, 34], []
[2025-01-30 00:20:31,400][__main__][INFO] - [0, 35], []
[2025-01-30 00:20:31,437][__main__][INFO] - [0, 36], []
[2025-01-30 00:20:31,474][__main__][INFO] - [0, 37], []
[2025-01-30 00:20:31,511][__main__][INFO] - [0, 38], []
[2025-01-30 00:20:31,548][__main__][INFO] - [0, 39], []
[2025-01-30 00:20:31,641][__main__][INFO] - [1, 10], []
[2025-01-30 00:20:31,701][__main__][INFO] - [1], [10]
[2025-01-30 00:20:32,171][__main__][INFO] - [1, 11], []
[2025-01-30 00:20:32,627][__main__][INFO] - [1, 12], []
[2025-01-30 00:20:32,682][__main__][INFO] - [1, 13], []
[2025-01-30 00:20:32,727][__main__][INFO] - [1, 14], []
[2025-01-30 00:20:32,769][__main__][INFO] - [1, 15], []
[2025-01-30 00:20:32,807][__main__][INFO] - [1, 16], []
[2025-01-30 00:20:32,940][__main__][INFO] - [1, 17], []
[2025-01-30 00:20:32,978][__main__][INFO] - [1, 18], []
[2025-01-30 00:20:33,015][__main__][INFO] - [1, 19], []
[2025-01-30 00:20:33,059][__main__][INFO] - [1, 20], []
[2025-01-30 00:20:33,442][__main__][INFO] - [1, 21], []
[2025-01-30 00:20:33,730][__main__][INFO] - [1, 22], []
[2025-01-30 00:20:33,870][__main__][INFO] - [1, 23], []
[2025-01-30 00:20:33,977][__main__][INFO] - [1, 24], []
[2025-01-30 00:20:34,018][__main__][INFO] - [1, 25], []
[2025-01-30 00:20:34,083][__main__][INFO] - [1], [25]
[2025-01-30 00:20:34,552][__main__][INFO] - [1, 26], []
[2025-01-30 00:20:34,591][__main__][INFO] - [1], [26]
[2025-01-30 00:20:35,088][__main__][INFO] - [1, 27], []
[2025-01-30 00:20:35,129][__main__][INFO] - [1], [27]
[2025-01-30 00:20:35,617][__main__][INFO] - [1, 28], []
[2025-01-30 00:20:36,102][__main__][INFO] - [1, 29], []
[2025-01-30 00:20:36,181][__main__][INFO] - [1, 31], []
[2025-01-30 00:20:36,424][__main__][INFO] - [1], [31]
[2025-01-30 00:20:36,684][__main__][INFO] - [1, 32], []
[2025-01-30 00:20:36,775][__main__][INFO] - [1, 33], []
[2025-01-30 00:20:37,050][__main__][INFO] - [1, 34], []
[2025-01-30 00:20:37,116][__main__][INFO] - [1, 35], []
[2025-01-30 00:20:37,201][__main__][INFO] - [1, 36], []
[2025-01-30 00:20:37,253][__main__][INFO] - [1, 37], []
[2025-01-30 00:20:37,293][__main__][INFO] - [1, 38], []
[2025-01-30 00:20:37,331][__main__][INFO] - [1, 39], []
[2025-01-30 00:20:37,426][__main__][INFO] - [2, 10], []
[2025-01-30 00:20:37,494][__main__][INFO] - [2], [10]
[2025-01-30 00:20:38,020][__main__][INFO] - [2, 11], []
[2025-01-30 00:20:38,484][__main__][INFO] - [2, 12], []
[2025-01-30 00:20:38,570][__main__][INFO] - [2, 13], []
[2025-01-30 00:20:38,630][__main__][INFO] - [2, 14], []
[2025-01-30 00:20:38,673][__main__][INFO] - [2, 15], []
[2025-01-30 00:20:38,711][__main__][INFO] - [2, 16], []
[2025-01-30 00:20:39,254][__main__][INFO] - [2, 17], []
[2025-01-30 00:20:39,296][__main__][INFO] - [2, 18], []
[2025-01-30 00:20:39,333][__main__][INFO] - [2, 19], []
[2025-01-30 00:20:39,401][__main__][INFO] - [2, 21], []
[2025-01-30 00:20:39,736][__main__][INFO] - [2, 22], []
[2025-01-30 00:20:39,874][__main__][INFO] - [2, 23], []
[2025-01-30 00:20:39,989][__main__][INFO] - [2, 24], []
[2025-01-30 00:20:40,030][__main__][INFO] - [2, 25], []
[2025-01-30 00:20:40,140][__main__][INFO] - [2], [25]
[2025-01-30 00:20:40,615][__main__][INFO] - [2, 26], []
[2025-01-30 00:20:40,656][__main__][INFO] - [2], [26]
[2025-01-30 00:20:41,212][__main__][INFO] - [2, 27], []
[2025-01-30 00:20:41,258][__main__][INFO] - [2], [27]
[2025-01-30 00:20:41,818][__main__][INFO] - [2, 28], []
[2025-01-30 00:20:42,354][__main__][INFO] - [2, 29], []
[2025-01-30 00:20:42,439][__main__][INFO] - [2, 31], []
[2025-01-30 00:20:42,708][__main__][INFO] - [2], [31]
[2025-01-30 00:20:42,992][__main__][INFO] - [2, 32], []
[2025-01-30 00:20:43,093][__main__][INFO] - [2, 33], []
[2025-01-30 00:20:43,399][__main__][INFO] - [2, 34], []
[2025-01-30 00:20:43,459][__main__][INFO] - [2, 35], []
[2025-01-30 00:20:43,558][__main__][INFO] - [2, 36], []
[2025-01-30 00:20:43,613][__main__][INFO] - [2, 37], []
[2025-01-30 00:20:43,654][__main__][INFO] - [2, 38], []
[2025-01-30 00:20:43,693][__main__][INFO] - [2, 39], []
[2025-01-30 00:20:43,788][__main__][INFO] - [3, 10], []
[2025-01-30 00:20:43,856][__main__][INFO] - [3], [10]
[2025-01-30 00:20:44,335][__main__][INFO] - [3, 11], []
[2025-01-30 00:20:44,698][__main__][INFO] - [3, 12], []
[2025-01-30 00:20:44,814][__main__][INFO] - [3, 13], []
[2025-01-30 00:20:44,897][__main__][INFO] - [3, 14], []
[2025-01-30 00:20:44,939][__main__][INFO] - [3, 15], []
[2025-01-30 00:20:44,977][__main__][INFO] - [3, 16], []
[2025-01-30 00:20:45,474][__main__][INFO] - [3, 17], []
[2025-01-30 00:20:45,524][__main__][INFO] - [3, 18], []
[2025-01-30 00:20:45,561][__main__][INFO] - [3, 19], []
[2025-01-30 00:20:45,629][__main__][INFO] - [3, 21], []
[2025-01-30 00:20:45,943][__main__][INFO] - [3, 22], []
[2025-01-30 00:20:46,074][__main__][INFO] - [3, 23], []
[2025-01-30 00:20:46,177][__main__][INFO] - [3, 24], []
[2025-01-30 00:20:46,219][__main__][INFO] - [3, 25], []
[2025-01-30 00:20:46,384][__main__][INFO] - [3], [25]
[2025-01-30 00:20:46,757][__main__][INFO] - [3, 26], []
[2025-01-30 00:20:46,802][__main__][INFO] - [3], [26]
[2025-01-30 00:20:47,313][__main__][INFO] - [3, 27], []
[2025-01-30 00:20:47,358][__main__][INFO] - [3], [27]
[2025-01-30 00:20:47,868][__main__][INFO] - [3, 28], []
[2025-01-30 00:20:48,367][__main__][INFO] - [3, 29], []
[2025-01-30 00:20:48,450][__main__][INFO] - [3, 31], []
[2025-01-30 00:20:48,702][__main__][INFO] - [3], [31]
[2025-01-30 00:20:48,961][__main__][INFO] - [3, 32], []
[2025-01-30 00:20:49,049][__main__][INFO] - [3, 33], []
[2025-01-30 00:20:49,338][__main__][INFO] - [3, 34], []
[2025-01-30 00:20:49,392][__main__][INFO] - [3, 35], []
[2025-01-30 00:20:49,496][__main__][INFO] - [3, 36], []
[2025-01-30 00:20:49,548][__main__][INFO] - [3, 37], []
[2025-01-30 00:20:49,588][__main__][INFO] - [3, 38], []
[2025-01-30 00:20:49,627][__main__][INFO] - [3, 39], []
[2025-01-30 00:20:49,722][__main__][INFO] - [4, 10], []
[2025-01-30 00:20:49,800][__main__][INFO] - [4], [10]
[2025-01-30 00:20:50,283][__main__][INFO] - [4, 11], []
[2025-01-30 00:20:50,592][__main__][INFO] - [4, 12], []
[2025-01-30 00:20:50,724][__main__][INFO] - [4, 13], []
[2025-01-30 00:20:50,852][__main__][INFO] - [4, 14], []
[2025-01-30 00:20:50,895][__main__][INFO] - [4, 15], []
[2025-01-30 00:20:50,934][__main__][INFO] - [4, 16], []
[2025-01-30 00:20:51,443][__main__][INFO] - [4, 17], []
[2025-01-30 00:20:51,495][__main__][INFO] - [4, 18], []
[2025-01-30 00:20:51,532][__main__][INFO] - [4, 19], []
[2025-01-30 00:20:51,600][__main__][INFO] - [4, 21], []
[2025-01-30 00:20:51,942][__main__][INFO] - [4, 22], []
[2025-01-30 00:20:52,067][__main__][INFO] - [4, 23], []
[2025-01-30 00:20:52,160][__main__][INFO] - [4, 24], []
[2025-01-30 00:20:52,203][__main__][INFO] - [4, 25], []
[2025-01-30 00:20:52,431][__main__][INFO] - [4], [25]
[2025-01-30 00:20:52,750][__main__][INFO] - [4, 26], []
[2025-01-30 00:20:52,797][__main__][INFO] - [4], [26]
[2025-01-30 00:20:53,321][__main__][INFO] - [4, 27], []
[2025-01-30 00:20:53,368][__main__][INFO] - [4], [27]
[2025-01-30 00:20:53,894][__main__][INFO] - [4, 28], []
[2025-01-30 00:20:54,406][__main__][INFO] - [4, 29], []
[2025-01-30 00:20:54,489][__main__][INFO] - [4, 31], []
[2025-01-30 00:20:54,755][__main__][INFO] - [4], [31]
[2025-01-30 00:20:55,014][__main__][INFO] - [4, 32], []
[2025-01-30 00:20:55,104][__main__][INFO] - [4, 33], []
[2025-01-30 00:20:55,395][__main__][INFO] - [4, 34], []
[2025-01-30 00:20:55,449][__main__][INFO] - [4, 35], []
[2025-01-30 00:20:55,560][__main__][INFO] - [4, 36], []
[2025-01-30 00:20:55,616][__main__][INFO] - [4, 37], []
[2025-01-30 00:20:55,656][__main__][INFO] - [4, 38], []
[2025-01-30 00:20:55,695][__main__][INFO] - [4, 39], []
[2025-01-30 00:20:55,790][__main__][INFO] - [5, 10], []
[2025-01-30 00:20:55,888][__main__][INFO] - [5], [10]
[2025-01-30 00:20:56,341][__main__][INFO] - [5, 11], []
[2025-01-30 00:20:56,644][__main__][INFO] - [5, 12], []
[2025-01-30 00:20:56,745][__main__][INFO] - [5, 13], []
[2025-01-30 00:20:56,896][__main__][INFO] - [5, 14], []
[2025-01-30 00:20:56,938][__main__][INFO] - [5, 15], []
[2025-01-30 00:20:56,977][__main__][INFO] - [5, 16], []
[2025-01-30 00:20:57,472][__main__][INFO] - [5, 17], []
[2025-01-30 00:20:57,528][__main__][INFO] - [5, 18], []
[2025-01-30 00:20:57,565][__main__][INFO] - [5, 19], []
[2025-01-30 00:20:57,634][__main__][INFO] - [5, 21], []
[2025-01-30 00:20:57,962][__main__][INFO] - [5, 22], []
[2025-01-30 00:20:58,088][__main__][INFO] - [5, 23], []
[2025-01-30 00:20:58,178][__main__][INFO] - [5, 24], []
[2025-01-30 00:20:58,220][__main__][INFO] - [5, 25], []
[2025-01-30 00:20:58,438][__main__][INFO] - [5], [25]
[2025-01-30 00:20:58,752][__main__][INFO] - [5, 26], []
[2025-01-30 00:20:58,801][__main__][INFO] - [5], [26]
[2025-01-30 00:20:59,312][__main__][INFO] - [5, 27], []
[2025-01-30 00:20:59,361][__main__][INFO] - [5], [27]
[2025-01-30 00:20:59,873][__main__][INFO] - [5, 28], []
[2025-01-30 00:21:00,367][__main__][INFO] - [5, 29], []
[2025-01-30 00:21:00,453][__main__][INFO] - [5, 31], []
[2025-01-30 00:21:00,708][__main__][INFO] - [5], [31]
[2025-01-30 00:21:00,971][__main__][INFO] - [5, 32], []
[2025-01-30 00:21:01,051][__main__][INFO] - [5, 33], []
[2025-01-30 00:21:01,354][__main__][INFO] - [5, 34], []
[2025-01-30 00:21:01,405][__main__][INFO] - [5, 35], []
[2025-01-30 00:21:01,507][__main__][INFO] - [5, 36], []
[2025-01-30 00:21:01,564][__main__][INFO] - [5, 37], []
[2025-01-30 00:21:01,604][__main__][INFO] - [5, 38], []
[2025-01-30 00:21:01,643][__main__][INFO] - [5, 39], []
[2025-01-30 00:21:01,738][__main__][INFO] - [6, 10], []
[2025-01-30 00:21:01,863][__main__][INFO] - [6], [10]
[2025-01-30 00:21:02,276][__main__][INFO] - [6, 11], []
[2025-01-30 00:21:02,609][__main__][INFO] - [6, 12], []
[2025-01-30 00:21:02,685][__main__][INFO] - [6, 13], []
[2025-01-30 00:21:02,827][__main__][INFO] - [6, 14], []
[2025-01-30 00:21:02,869][__main__][INFO] - [6, 15], []
[2025-01-30 00:21:02,908][__main__][INFO] - [6, 16], []
[2025-01-30 00:21:03,388][__main__][INFO] - [6, 17], []
[2025-01-30 00:21:03,479][__main__][INFO] - [6, 19], []
[2025-01-30 00:21:03,546][__main__][INFO] - [6, 21], []
[2025-01-30 00:21:03,859][__main__][INFO] - [6, 22], []
[2025-01-30 00:21:03,996][__main__][INFO] - [6, 23], []
[2025-01-30 00:21:04,081][__main__][INFO] - [6, 24], []
[2025-01-30 00:21:04,123][__main__][INFO] - [6, 25], []
[2025-01-30 00:21:04,311][__main__][INFO] - [6], [25]
[2025-01-30 00:21:04,659][__main__][INFO] - [6, 26], []
[2025-01-30 00:21:04,715][__main__][INFO] - [6], [26]
[2025-01-30 00:21:05,212][__main__][INFO] - [6, 27], []
[2025-01-30 00:21:05,264][__main__][INFO] - [6], [27]
[2025-01-30 00:21:05,769][__main__][INFO] - [6, 28], []
[2025-01-30 00:21:06,252][__main__][INFO] - [6, 29], []
[2025-01-30 00:21:06,341][__main__][INFO] - [6, 31], []
[2025-01-30 00:21:06,600][__main__][INFO] - [6], [31]
[2025-01-30 00:21:06,849][__main__][INFO] - [6, 32], []
[2025-01-30 00:21:06,915][__main__][INFO] - [6, 33], []
[2025-01-30 00:21:07,243][__main__][INFO] - [6, 34], []
[2025-01-30 00:21:07,293][__main__][INFO] - [6, 35], []
[2025-01-30 00:21:07,391][__main__][INFO] - [6, 36], []
[2025-01-30 00:21:07,448][__main__][INFO] - [6, 37], []
[2025-01-30 00:21:07,488][__main__][INFO] - [6, 38], []
[2025-01-30 00:21:07,527][__main__][INFO] - [6, 39], []
[2025-01-30 00:21:07,622][__main__][INFO] - [7, 10], []
[2025-01-30 00:21:07,757][__main__][INFO] - [7], [10]
[2025-01-30 00:21:08,055][__main__][INFO] - [7, 11], []
[2025-01-30 00:21:08,337][__main__][INFO] - [7, 12], []
[2025-01-30 00:21:08,398][__main__][INFO] - [7, 13], []
[2025-01-30 00:21:08,516][__main__][INFO] - [7, 14], []
[2025-01-30 00:21:08,557][__main__][INFO] - [7, 15], []
[2025-01-30 00:21:08,595][__main__][INFO] - [7, 16], []
[2025-01-30 00:21:08,941][__main__][INFO] - [7, 17], []
[2025-01-30 00:21:09,050][__main__][INFO] - [7, 19], []
[2025-01-30 00:21:09,121][__main__][INFO] - [7, 21], []
[2025-01-30 00:21:09,373][__main__][INFO] - [7, 22], []
[2025-01-30 00:21:09,493][__main__][INFO] - [7, 23], []
[2025-01-30 00:21:09,565][__main__][INFO] - [7, 24], []
[2025-01-30 00:21:09,606][__main__][INFO] - [7, 25], []
[2025-01-30 00:21:09,748][__main__][INFO] - [7], [25]
[2025-01-30 00:21:10,034][__main__][INFO] - [7, 26], []
[2025-01-30 00:21:10,101][__main__][INFO] - [7], [26]
[2025-01-30 00:21:10,474][__main__][INFO] - [7, 27], []
[2025-01-30 00:21:10,527][__main__][INFO] - [7], [27]
[2025-01-30 00:21:10,918][__main__][INFO] - [7, 28], []
[2025-01-30 00:21:11,300][__main__][INFO] - [7, 29], []
[2025-01-30 00:21:11,388][__main__][INFO] - [7, 31], []
[2025-01-30 00:21:11,611][__main__][INFO] - [7], [31]
[2025-01-30 00:21:11,807][__main__][INFO] - [7, 32], []
[2025-01-30 00:21:11,862][__main__][INFO] - [7, 33], []
[2025-01-30 00:21:12,139][__main__][INFO] - [7, 34], []
[2025-01-30 00:21:12,182][__main__][INFO] - [7, 35], []
[2025-01-30 00:21:12,266][__main__][INFO] - [7, 36], []
[2025-01-30 00:21:12,318][__main__][INFO] - [7, 37], []
[2025-01-30 00:21:12,358][__main__][INFO] - [7, 38], []
[2025-01-30 00:21:12,396][__main__][INFO] - [7, 39], []
[2025-01-30 00:21:12,491][__main__][INFO] - [8, 10], []
[2025-01-30 00:21:12,596][__main__][INFO] - [8], [10]
[2025-01-30 00:21:12,718][__main__][INFO] - [8, 11], []
[2025-01-30 00:21:12,854][__main__][INFO] - [8, 12], []
[2025-01-30 00:21:12,900][__main__][INFO] - [8, 13], []
[2025-01-30 00:21:12,975][__main__][INFO] - [8, 14], []
[2025-01-30 00:21:13,014][__main__][INFO] - [8, 15], []
[2025-01-30 00:21:13,052][__main__][INFO] - [8, 16], []
[2025-01-30 00:21:13,214][__main__][INFO] - [8, 17], []
[2025-01-30 00:21:13,304][__main__][INFO] - [8, 19], []
[2025-01-30 00:21:13,374][__main__][INFO] - [8, 21], []
[2025-01-30 00:21:13,503][__main__][INFO] - [8, 22], []
[2025-01-30 00:21:13,570][__main__][INFO] - [8, 23], []
[2025-01-30 00:21:13,628][__main__][INFO] - [8, 24], []
[2025-01-30 00:21:13,667][__main__][INFO] - [8, 25], []
[2025-01-30 00:21:13,751][__main__][INFO] - [8], [25]
[2025-01-30 00:21:13,890][__main__][INFO] - [8, 26], []
[2025-01-30 00:21:13,953][__main__][INFO] - [8], [26]
[2025-01-30 00:21:14,114][__main__][INFO] - [8, 27], []
[2025-01-30 00:21:14,164][__main__][INFO] - [8], [27]
[2025-01-30 00:21:14,342][__main__][INFO] - [8, 28], []
[2025-01-30 00:21:14,514][__main__][INFO] - [8, 29], []
[2025-01-30 00:21:14,598][__main__][INFO] - [8, 31], []
[2025-01-30 00:21:14,716][__main__][INFO] - [8], [31]
[2025-01-30 00:21:14,817][__main__][INFO] - [8, 32], []
[2025-01-30 00:21:14,860][__main__][INFO] - [8, 33], []
[2025-01-30 00:21:14,999][__main__][INFO] - [8, 34], []
[2025-01-30 00:21:15,038][__main__][INFO] - [8, 35], []
[2025-01-30 00:21:15,091][__main__][INFO] - [8, 36], []
[2025-01-30 00:21:15,134][__main__][INFO] - [8, 37], []
[2025-01-30 00:21:15,172][__main__][INFO] - [8, 38], []
[2025-01-30 00:21:15,210][__main__][INFO] - [8, 39], []
[2025-01-30 00:21:15,305][__main__][INFO] - [9, 10], []
[2025-01-30 00:21:15,401][__main__][INFO] - [9], [10]
[2025-01-30 00:21:15,456][__main__][INFO] - [9, 11], []
[2025-01-30 00:21:15,546][__main__][INFO] - [9, 12], []
[2025-01-30 00:21:15,587][__main__][INFO] - [9, 13], []
[2025-01-30 00:21:15,640][__main__][INFO] - [9, 14], []
[2025-01-30 00:21:15,678][__main__][INFO] - [9, 15], []
[2025-01-30 00:21:15,715][__main__][INFO] - [9, 16], []
[2025-01-30 00:21:15,812][__main__][INFO] - [9, 17], []
[2025-01-30 00:21:15,892][__main__][INFO] - [9, 19], []
[2025-01-30 00:21:15,959][__main__][INFO] - [9, 21], []
[2025-01-30 00:21:16,045][__main__][INFO] - [9, 22], []
[2025-01-30 00:21:16,093][__main__][INFO] - [9, 23], []
[2025-01-30 00:21:16,141][__main__][INFO] - [9, 24], []
[2025-01-30 00:21:16,179][__main__][INFO] - [9, 25], []
[2025-01-30 00:21:16,239][__main__][INFO] - [9], [25]
[2025-01-30 00:21:16,331][__main__][INFO] - [9, 26], []
[2025-01-30 00:21:16,395][__main__][INFO] - [9], [26]
[2025-01-30 00:21:16,479][__main__][INFO] - [9, 27], []
[2025-01-30 00:21:16,526][__main__][INFO] - [9], [27]
[2025-01-30 00:21:16,627][__main__][INFO] - [9, 28], []
[2025-01-30 00:21:16,716][__main__][INFO] - [9, 29], []
[2025-01-30 00:21:16,802][__main__][INFO] - [9, 31], []
[2025-01-30 00:21:16,885][__main__][INFO] - [9], [31]
[2025-01-30 00:21:16,951][__main__][INFO] - [9, 32], []
[2025-01-30 00:21:16,991][__main__][INFO] - [9, 33], []
[2025-01-30 00:21:17,082][__main__][INFO] - [9, 34], []
[2025-01-30 00:21:17,121][__main__][INFO] - [9, 35], []
[2025-01-30 00:21:17,166][__main__][INFO] - [9, 36], []
[2025-01-30 00:21:17,206][__main__][INFO] - [9, 37], []
[2025-01-30 00:21:17,243][__main__][INFO] - [9, 38], []
[2025-01-30 00:21:17,280][__main__][INFO] - [9, 39], []
[2025-01-30 00:21:17,373][__main__][INFO] - [10, 11], []
[2025-01-30 00:21:18,158][__main__][INFO] - [10, 12], []
[2025-01-30 00:21:18,245][__main__][INFO] - [10, 13], []
[2025-01-30 00:21:18,394][__main__][INFO] - [10, 14], []
[2025-01-30 00:21:18,441][__main__][INFO] - [10, 15], []
[2025-01-30 00:21:18,480][__main__][INFO] - [10, 16], []
[2025-01-30 00:21:19,710][__main__][INFO] - [10, 17], []
[2025-01-30 00:21:19,815][__main__][INFO] - [10, 18], []
[2025-01-30 00:21:19,853][__main__][INFO] - [10, 19], []
[2025-01-30 00:21:19,899][__main__][INFO] - [10, 20], []
[2025-01-30 00:21:19,956][__main__][INFO] - [10, 21], []
[2025-01-30 00:21:20,513][__main__][INFO] - [10, 22], []
[2025-01-30 00:21:20,678][__main__][INFO] - [10, 23], []
[2025-01-30 00:21:20,834][__main__][INFO] - [10, 24], []
[2025-01-30 00:21:20,882][__main__][INFO] - [10, 25], []
[2025-01-30 00:21:21,162][__main__][INFO] - [10], [25]
[2025-01-30 00:21:22,109][__main__][INFO] - [10, 26], []
[2025-01-30 00:21:22,397][__main__][INFO] - [10], [26]
[2025-01-30 00:21:23,275][__main__][INFO] - [10, 27], []
[2025-01-30 00:21:23,512][__main__][INFO] - [10], [27]
[2025-01-30 00:21:24,457][__main__][INFO] - [10, 28], []
[2025-01-30 00:21:25,199][__main__][INFO] - [10, 29], []
[2025-01-30 00:21:25,558][__main__][INFO] - [10, 30], []
[2025-01-30 00:21:25,595][__main__][INFO] - [10, 31], []
[2025-01-30 00:21:26,055][__main__][INFO] - [10], [31]
[2025-01-30 00:21:26,674][__main__][INFO] - [10, 32], []
[2025-01-30 00:21:26,767][__main__][INFO] - [10, 33], []
[2025-01-30 00:21:27,208][__main__][INFO] - [10, 34], []
[2025-01-30 00:21:27,274][__main__][INFO] - [10, 35], []
[2025-01-30 00:21:27,375][__main__][INFO] - [10, 36], []
[2025-01-30 00:21:27,448][__main__][INFO] - [10, 37], []
[2025-01-30 00:21:27,493][__main__][INFO] - [10, 38], []
[2025-01-30 00:21:27,532][__main__][INFO] - [10, 39], []
[2025-01-30 00:21:27,571][__main__][INFO] - [10, 40], []
[2025-01-30 00:21:27,636][__main__][INFO] - [11], [10]
[2025-01-30 00:21:30,306][__main__][INFO] - [12], [10]
[2025-01-30 00:21:30,702][__main__][INFO] - [13], [10]
[2025-01-30 00:21:31,200][__main__][INFO] - [14], [10]
[2025-01-30 00:21:31,276][__main__][INFO] - [15], [10]
[2025-01-30 00:21:31,323][__main__][INFO] - [16], [10]
[2025-01-30 00:21:34,084][__main__][INFO] - [17], [10]
[2025-01-30 00:21:34,225][__main__][INFO] - [18], [10]
[2025-01-30 00:21:34,262][__main__][INFO] - [19], [10]
[2025-01-30 00:21:34,317][__main__][INFO] - [20], [10]
[2025-01-30 00:21:35,121][__main__][INFO] - [21], [10]
[2025-01-30 00:21:37,258][__main__][INFO] - [22], [10]
[2025-01-30 00:21:38,026][__main__][INFO] - [23], [10]
[2025-01-30 00:21:38,526][__main__][INFO] - [24], [10]
[2025-01-30 00:21:38,595][__main__][INFO] - [25], [10]
[2025-01-30 00:21:39,525][__main__][INFO] - [], [10, 25]
[2025-01-30 00:21:42,381][__main__][INFO] - [], [10, 26]
[2025-01-30 00:21:46,633][__main__][INFO] - [], [10, 27]
[2025-01-30 00:21:50,840][__main__][INFO] - [28], [10]
[2025-01-30 00:21:54,788][__main__][INFO] - [30], [10]
[2025-01-30 00:21:54,827][__main__][INFO] - [31], [10]
[2025-01-30 00:21:56,585][__main__][INFO] - [], [10, 31]
[2025-01-30 00:21:58,370][__main__][INFO] - [32], [10]
[2025-01-30 00:21:58,742][__main__][INFO] - [33], [10]
[2025-01-30 00:22:00,790][__main__][INFO] - [34], [10]
[2025-01-30 00:22:00,961][__main__][INFO] - [35], [10]
[2025-01-30 00:22:01,459][__main__][INFO] - [36], [10]
[2025-01-30 00:22:01,606][__main__][INFO] - [37], [10]
[2025-01-30 00:22:01,661][__main__][INFO] - [38], [10]
[2025-01-30 00:22:01,709][__main__][INFO] - [39], [10]
[2025-01-30 00:22:01,754][__main__][INFO] - [40], [10]
[2025-01-30 00:22:01,820][__main__][INFO] - [11, 16], []
[2025-01-30 00:22:04,127][__main__][INFO] - [11, 17], []
[2025-01-30 00:22:04,313][__main__][INFO] - [11, 18], []
[2025-01-30 00:22:04,351][__main__][INFO] - [11, 19], []
[2025-01-30 00:22:04,410][__main__][INFO] - [11, 20], []
[2025-01-30 00:22:05,199][__main__][INFO] - [11, 21], []
[2025-01-30 00:22:06,809][__main__][INFO] - [11, 22], []
[2025-01-30 00:22:07,646][__main__][INFO] - [11, 23], []
[2025-01-30 00:22:08,098][__main__][INFO] - [11, 24], []
[2025-01-30 00:22:08,199][__main__][INFO] - [11], [25]
[2025-01-30 00:22:12,105][__main__][INFO] - [11, 26], []
[2025-01-30 00:22:12,263][__main__][INFO] - [11], [26]
[2025-01-30 00:22:15,624][__main__][INFO] - [11, 27], []
[2025-01-30 00:22:15,746][__main__][INFO] - [11], [27]
[2025-01-30 00:22:19,154][__main__][INFO] - [11, 28], []
[2025-01-30 00:22:22,190][__main__][INFO] - [11, 29], []
[2025-01-30 00:22:22,394][__main__][INFO] - [11, 30], []
[2025-01-30 00:22:22,433][__main__][INFO] - [11, 31], []
[2025-01-30 00:22:23,939][__main__][INFO] - [11], [31]
[2025-01-30 00:22:25,560][__main__][INFO] - [11, 32], []
[2025-01-30 00:22:25,820][__main__][INFO] - [11, 33], []
[2025-01-30 00:22:27,835][__main__][INFO] - [11, 34], []
[2025-01-30 00:22:28,008][__main__][INFO] - [11, 35], []
[2025-01-30 00:22:28,217][__main__][INFO] - [11, 36], []
[2025-01-30 00:22:28,387][__main__][INFO] - [11, 37], []
[2025-01-30 00:22:28,444][__main__][INFO] - [11, 38], []
[2025-01-30 00:22:28,490][__main__][INFO] - [11, 39], []
[2025-01-30 00:22:28,535][__main__][INFO] - [11, 40], []
[2025-01-30 00:22:28,601][__main__][INFO] - [12, 16], []
[2025-01-30 00:22:29,066][__main__][INFO] - [12, 17], []
[2025-01-30 00:22:29,135][__main__][INFO] - [12, 19], []
[2025-01-30 00:22:29,174][__main__][INFO] - [12, 20], []
[2025-01-30 00:22:29,229][__main__][INFO] - [12, 21], []
[2025-01-30 00:22:29,592][__main__][INFO] - [12, 22], []
[2025-01-30 00:22:29,646][__main__][INFO] - [12, 23], []
[2025-01-30 00:22:29,724][__main__][INFO] - [12, 24], []
[2025-01-30 00:22:29,763][__main__][INFO] - [12, 25], []
[2025-01-30 00:22:30,286][__main__][INFO] - [12, 26], []
[2025-01-30 00:22:30,335][__main__][INFO] - [12], [26]
[2025-01-30 00:22:30,780][__main__][INFO] - [12, 27], []
[2025-01-30 00:22:30,829][__main__][INFO] - [12], [27]
[2025-01-30 00:22:31,284][__main__][INFO] - [12, 28], []
[2025-01-30 00:22:31,724][__main__][INFO] - [12, 29], []
[2025-01-30 00:22:31,775][__main__][INFO] - [12, 30], []
[2025-01-30 00:22:31,812][__main__][INFO] - [12, 31], []
[2025-01-30 00:22:32,037][__main__][INFO] - [12], [31]
[2025-01-30 00:22:32,266][__main__][INFO] - [12, 32], []
[2025-01-30 00:22:32,381][__main__][INFO] - [12, 33], []
[2025-01-30 00:22:32,563][__main__][INFO] - [12, 34], []
[2025-01-30 00:22:32,610][__main__][INFO] - [12, 35], []
[2025-01-30 00:22:32,737][__main__][INFO] - [12, 36], []
[2025-01-30 00:22:32,778][__main__][INFO] - [12, 37], []
[2025-01-30 00:22:32,816][__main__][INFO] - [12, 38], []
[2025-01-30 00:22:32,855][__main__][INFO] - [12, 39], []
[2025-01-30 00:22:32,950][__main__][INFO] - [13, 16], []
[2025-01-30 00:22:33,552][__main__][INFO] - [13, 17], []
[2025-01-30 00:22:33,605][__main__][INFO] - [13, 18], []
[2025-01-30 00:22:33,643][__main__][INFO] - [13, 19], []
[2025-01-30 00:22:33,682][__main__][INFO] - [13, 20], []
[2025-01-30 00:22:33,726][__main__][INFO] - [13, 21], []
[2025-01-30 00:22:34,202][__main__][INFO] - [13, 22], []
[2025-01-30 00:22:34,267][__main__][INFO] - [13, 23], []
[2025-01-30 00:22:34,366][__main__][INFO] - [13, 24], []
[2025-01-30 00:22:34,406][__main__][INFO] - [13, 25], []
[2025-01-30 00:22:35,141][__main__][INFO] - [13, 26], []
[2025-01-30 00:22:35,203][__main__][INFO] - [13], [26]
[2025-01-30 00:22:35,819][__main__][INFO] - [13, 27], []
[2025-01-30 00:22:35,873][__main__][INFO] - [13], [27]
[2025-01-30 00:22:36,504][__main__][INFO] - [13, 28], []
[2025-01-30 00:22:37,110][__main__][INFO] - [13, 29], []
[2025-01-30 00:22:37,175][__main__][INFO] - [13, 30], []
[2025-01-30 00:22:37,212][__main__][INFO] - [13, 31], []
[2025-01-30 00:22:37,533][__main__][INFO] - [13], [31]
[2025-01-30 00:22:37,823][__main__][INFO] - [13, 32], []
[2025-01-30 00:22:37,915][__main__][INFO] - [13, 33], []
[2025-01-30 00:22:38,125][__main__][INFO] - [13, 34], []
[2025-01-30 00:22:38,175][__main__][INFO] - [13, 35], []
[2025-01-30 00:22:38,426][__main__][INFO] - [13, 36], []
[2025-01-30 00:22:38,472][__main__][INFO] - [13, 37], []
[2025-01-30 00:22:38,511][__main__][INFO] - [13, 38], []
[2025-01-30 00:22:38,550][__main__][INFO] - [13, 39], []
[2025-01-30 00:22:38,645][__main__][INFO] - [14, 16], []
[2025-01-30 00:22:38,716][__main__][INFO] - [14, 17], []
[2025-01-30 00:22:38,756][__main__][INFO] - [14, 18], []
[2025-01-30 00:22:38,794][__main__][INFO] - [14, 19], []
[2025-01-30 00:22:38,832][__main__][INFO] - [14, 20], []
[2025-01-30 00:22:38,877][__main__][INFO] - [14, 21], []
[2025-01-30 00:22:38,933][__main__][INFO] - [14, 22], []
[2025-01-30 00:22:38,982][__main__][INFO] - [14, 23], []
[2025-01-30 00:22:39,033][__main__][INFO] - [14, 24], []
[2025-01-30 00:22:39,099][__main__][INFO] - [14], [25]
[2025-01-30 00:22:39,190][__main__][INFO] - [14, 26], []
[2025-01-30 00:22:39,229][__main__][INFO] - [14], [26]
[2025-01-30 00:22:39,314][__main__][INFO] - [14, 27], []
[2025-01-30 00:22:39,353][__main__][INFO] - [14], [27]
[2025-01-30 00:22:39,440][__main__][INFO] - [14, 28], []
[2025-01-30 00:22:39,521][__main__][INFO] - [14, 29], []
[2025-01-30 00:22:39,560][__main__][INFO] - [14, 30], []
[2025-01-30 00:22:39,597][__main__][INFO] - [14, 31], []
[2025-01-30 00:22:39,655][__main__][INFO] - [14], [31]
[2025-01-30 00:22:39,714][__main__][INFO] - [14, 32], []
[2025-01-30 00:22:39,754][__main__][INFO] - [14, 33], []
[2025-01-30 00:22:39,811][__main__][INFO] - [14, 34], []
[2025-01-30 00:22:39,851][__main__][INFO] - [14, 35], []
[2025-01-30 00:22:39,899][__main__][INFO] - [14, 36], []
[2025-01-30 00:22:39,937][__main__][INFO] - [14, 37], []
[2025-01-30 00:22:39,975][__main__][INFO] - [14, 38], []
[2025-01-30 00:22:40,098][__main__][INFO] - [15, 16], []
[2025-01-30 00:22:40,144][__main__][INFO] - [15, 17], []
[2025-01-30 00:22:40,240][__main__][INFO] - [15, 20], []
[2025-01-30 00:22:40,277][__main__][INFO] - [15, 21], []
[2025-01-30 00:22:40,321][__main__][INFO] - [15, 22], []
[2025-01-30 00:22:40,360][__main__][INFO] - [15, 23], []
[2025-01-30 00:22:40,398][__main__][INFO] - [15, 24], []
[2025-01-30 00:22:40,465][__main__][INFO] - [15], [25]
[2025-01-30 00:22:40,513][__main__][INFO] - [15, 26], []
[2025-01-30 00:22:40,552][__main__][INFO] - [15], [26]
[2025-01-30 00:22:40,599][__main__][INFO] - [15, 27], []
[2025-01-30 00:22:40,637][__main__][INFO] - [15], [27]
[2025-01-30 00:22:40,685][__main__][INFO] - [15, 28], []
[2025-01-30 00:22:40,732][__main__][INFO] - [15, 29], []
[2025-01-30 00:22:40,799][__main__][INFO] - [15, 31], []
[2025-01-30 00:22:40,843][__main__][INFO] - [15], [31]
[2025-01-30 00:22:40,886][__main__][INFO] - [15, 32], []
[2025-01-30 00:22:40,925][__main__][INFO] - [15, 33], []
[2025-01-30 00:22:40,964][__main__][INFO] - [15, 34], []
[2025-01-30 00:22:41,002][__main__][INFO] - [15, 35], []
[2025-01-30 00:22:41,040][__main__][INFO] - [15, 36], []
[2025-01-30 00:22:41,107][__main__][INFO] - [15, 38], []
[2025-01-30 00:22:41,230][__main__][INFO] - [16, 21], []
[2025-01-30 00:22:43,385][__main__][INFO] - [16, 22], []
[2025-01-30 00:22:44,058][__main__][INFO] - [16, 23], []
[2025-01-30 00:22:44,527][__main__][INFO] - [16, 24], []
[2025-01-30 00:22:44,595][__main__][INFO] - [16, 25], []
[2025-01-30 00:22:45,832][__main__][INFO] - [16], [25]
[2025-01-30 00:22:48,433][__main__][INFO] - [16, 26], []
[2025-01-30 00:22:48,612][__main__][INFO] - [16], [26]
[2025-01-30 00:22:52,777][__main__][INFO] - [16, 27], []
[2025-01-30 00:22:52,942][__main__][INFO] - [16], [27]
[2025-01-30 00:22:57,063][__main__][INFO] - [16, 28], []
[2025-01-30 00:23:01,025][__main__][INFO] - [16, 29], []
[2025-01-30 00:23:01,302][__main__][INFO] - [16, 31], []
[2025-01-30 00:23:03,277][__main__][INFO] - [16], [31]
[2025-01-30 00:23:04,978][__main__][INFO] - [16, 32], []
[2025-01-30 00:23:05,306][__main__][INFO] - [16, 33], []
[2025-01-30 00:23:07,129][__main__][INFO] - [16, 34], []
[2025-01-30 00:23:07,263][__main__][INFO] - [16, 35], []
[2025-01-30 00:23:07,735][__main__][INFO] - [16, 36], []
[2025-01-30 00:23:07,883][__main__][INFO] - [16, 37], []
[2025-01-30 00:23:07,939][__main__][INFO] - [16, 38], []
[2025-01-30 00:23:07,987][__main__][INFO] - [16, 39], []
[2025-01-30 00:23:08,032][__main__][INFO] - [16, 40], []
[2025-01-30 00:23:08,098][__main__][INFO] - [17, 21], []
[2025-01-30 00:23:08,221][__main__][INFO] - [17, 22], []
[2025-01-30 00:23:08,298][__main__][INFO] - [17, 23], []
[2025-01-30 00:23:08,358][__main__][INFO] - [17, 24], []
[2025-01-30 00:23:08,398][__main__][INFO] - [17, 25], []
[2025-01-30 00:23:08,454][__main__][INFO] - [17], [25]
[2025-01-30 00:23:08,649][__main__][INFO] - [17, 26], []
[2025-01-30 00:23:08,712][__main__][INFO] - [17], [26]
[2025-01-30 00:23:08,909][__main__][INFO] - [17, 27], []
[2025-01-30 00:23:08,957][__main__][INFO] - [17], [27]
[2025-01-30 00:23:09,182][__main__][INFO] - [17, 28], []
[2025-01-30 00:23:09,391][__main__][INFO] - [17, 29], []
[2025-01-30 00:23:09,473][__main__][INFO] - [17, 31], []
[2025-01-30 00:23:09,526][__main__][INFO] - [17], [31]
[2025-01-30 00:23:09,728][__main__][INFO] - [17, 32], []
[2025-01-30 00:23:09,773][__main__][INFO] - [17, 33], []
[2025-01-30 00:23:09,920][__main__][INFO] - [17, 34], []
[2025-01-30 00:23:09,966][__main__][INFO] - [17, 35], []
[2025-01-30 00:23:10,014][__main__][INFO] - [17, 36], []
[2025-01-30 00:23:10,064][__main__][INFO] - [17, 37], []
[2025-01-30 00:23:10,102][__main__][INFO] - [17, 38], []
[2025-01-30 00:23:10,140][__main__][INFO] - [17, 39], []
[2025-01-30 00:23:10,235][__main__][INFO] - [18, 21], []
[2025-01-30 00:23:10,272][__main__][INFO] - [18, 22], []
[2025-01-30 00:23:10,309][__main__][INFO] - [18, 23], []
[2025-01-30 00:23:10,346][__main__][INFO] - [18, 24], []
[2025-01-30 00:23:10,383][__main__][INFO] - [18, 25], []
[2025-01-30 00:23:10,420][__main__][INFO] - [18], [25]
[2025-01-30 00:23:10,457][__main__][INFO] - [18, 26], []
[2025-01-30 00:23:10,493][__main__][INFO] - [18], [26]
[2025-01-30 00:23:10,559][__main__][INFO] - [18], [27]
[2025-01-30 00:23:10,596][__main__][INFO] - [18, 28], []
[2025-01-30 00:23:10,633][__main__][INFO] - [18, 29], []
[2025-01-30 00:23:10,698][__main__][INFO] - [18, 31], []
[2025-01-30 00:23:10,735][__main__][INFO] - [18], [31]
[2025-01-30 00:23:10,772][__main__][INFO] - [18, 32], []
[2025-01-30 00:23:10,809][__main__][INFO] - [18, 33], []
[2025-01-30 00:23:10,846][__main__][INFO] - [18, 34], []
[2025-01-30 00:23:10,883][__main__][INFO] - [18, 35], []
[2025-01-30 00:23:10,919][__main__][INFO] - [18, 36], []
[2025-01-30 00:23:10,956][__main__][INFO] - [18, 37], []
[2025-01-30 00:23:11,106][__main__][INFO] - [19, 21], []
[2025-01-30 00:23:11,157][__main__][INFO] - [19, 22], []
[2025-01-30 00:23:11,199][__main__][INFO] - [19, 23], []
[2025-01-30 00:23:11,238][__main__][INFO] - [19, 24], []
[2025-01-30 00:23:11,277][__main__][INFO] - [19, 25], []
[2025-01-30 00:23:11,316][__main__][INFO] - [19], [25]
[2025-01-30 00:23:11,374][__main__][INFO] - [19, 26], []
[2025-01-30 00:23:11,414][__main__][INFO] - [19], [26]
[2025-01-30 00:23:11,472][__main__][INFO] - [19, 27], []
[2025-01-30 00:23:11,510][__main__][INFO] - [19], [27]
[2025-01-30 00:23:11,571][__main__][INFO] - [19, 28], []
[2025-01-30 00:23:11,631][__main__][INFO] - [19, 29], []
[2025-01-30 00:23:11,698][__main__][INFO] - [19, 31], []
[2025-01-30 00:23:11,738][__main__][INFO] - [19], [31]
[2025-01-30 00:23:11,796][__main__][INFO] - [19, 32], []
[2025-01-30 00:23:11,834][__main__][INFO] - [19, 33], []
[2025-01-30 00:23:11,888][__main__][INFO] - [19, 34], []
[2025-01-30 00:23:11,927][__main__][INFO] - [19, 35], []
[2025-01-30 00:23:11,966][__main__][INFO] - [19, 36], []
[2025-01-30 00:23:12,004][__main__][INFO] - [19, 37], []
[2025-01-30 00:23:12,042][__main__][INFO] - [19, 38], []
[2025-01-30 00:23:12,165][__main__][INFO] - [20, 21], []
[2025-01-30 00:23:12,608][__main__][INFO] - [20, 22], []
[2025-01-30 00:23:12,839][__main__][INFO] - [20, 23], []
[2025-01-30 00:23:13,002][__main__][INFO] - [20, 24], []
[2025-01-30 00:23:13,046][__main__][INFO] - [20, 25], []
[2025-01-30 00:23:13,108][__main__][INFO] - [20], [25]
[2025-01-30 00:23:13,905][__main__][INFO] - [20, 26], []
[2025-01-30 00:23:13,942][__main__][INFO] - [20], [26]
[2025-01-30 00:23:14,769][__main__][INFO] - [20, 27], []
[2025-01-30 00:23:14,810][__main__][INFO] - [20], [27]
[2025-01-30 00:23:15,640][__main__][INFO] - [20, 28], []
[2025-01-30 00:23:16,240][__main__][INFO] - [20, 29], []
[2025-01-30 00:23:16,291][__main__][INFO] - [20, 30], []
[2025-01-30 00:23:16,330][__main__][INFO] - [20, 31], []
[2025-01-30 00:23:16,725][__main__][INFO] - [20], [31]
[2025-01-30 00:23:17,144][__main__][INFO] - [20, 32], []
[2025-01-30 00:23:17,271][__main__][INFO] - [20, 33], []
[2025-01-30 00:23:17,719][__main__][INFO] - [20, 34], []
[2025-01-30 00:23:17,816][__main__][INFO] - [20, 35], []
[2025-01-30 00:23:17,933][__main__][INFO] - [20, 36], []
[2025-01-30 00:23:17,993][__main__][INFO] - [20, 37], []
[2025-01-30 00:23:18,034][__main__][INFO] - [20, 38], []
[2025-01-30 00:23:18,073][__main__][INFO] - [20, 39], []
[2025-01-30 00:23:18,166][__main__][INFO] - [21, 25], []
[2025-01-30 00:23:19,056][__main__][INFO] - [21], [25]
[2025-01-30 00:23:20,791][__main__][INFO] - [21, 26], []
[2025-01-30 00:23:20,922][__main__][INFO] - [21], [26]
[2025-01-30 00:23:23,597][__main__][INFO] - [21, 27], []
[2025-01-30 00:23:23,700][__main__][INFO] - [21], [27]
[2025-01-30 00:23:26,403][__main__][INFO] - [21, 28], []
[2025-01-30 00:23:28,881][__main__][INFO] - [21, 29], []
[2025-01-30 00:23:29,035][__main__][INFO] - [21, 30], []
[2025-01-30 00:23:29,074][__main__][INFO] - [21, 31], []
[2025-01-30 00:23:30,288][__main__][INFO] - [21], [31]
[2025-01-30 00:23:31,553][__main__][INFO] - [21, 32], []
[2025-01-30 00:23:31,876][__main__][INFO] - [21, 33], []
[2025-01-30 00:23:33,109][__main__][INFO] - [21, 34], []
[2025-01-30 00:23:33,178][__main__][INFO] - [21, 35], []
[2025-01-30 00:23:33,616][__main__][INFO] - [21, 36], []
[2025-01-30 00:23:33,753][__main__][INFO] - [21, 37], []
[2025-01-30 00:23:33,806][__main__][INFO] - [21, 38], []
[2025-01-30 00:23:33,852][__main__][INFO] - [21, 39], []
[2025-01-30 00:23:33,893][__main__][INFO] - [21, 40], []
[2025-01-30 00:23:33,959][__main__][INFO] - [22, 25], []
[2025-01-30 00:23:34,044][__main__][INFO] - [22], [25]
[2025-01-30 00:23:34,922][__main__][INFO] - [22, 26], []
[2025-01-30 00:23:34,988][__main__][INFO] - [22], [26]
[2025-01-30 00:23:35,907][__main__][INFO] - [22, 27], []
[2025-01-30 00:23:35,963][__main__][INFO] - [22], [27]
[2025-01-30 00:23:36,893][__main__][INFO] - [22, 28], []
[2025-01-30 00:23:37,730][__main__][INFO] - [22, 29], []
[2025-01-30 00:23:37,803][__main__][INFO] - [22, 30], []
[2025-01-30 00:23:37,841][__main__][INFO] - [22, 31], []
[2025-01-30 00:23:38,287][__main__][INFO] - [22], [31]
[2025-01-30 00:23:38,716][__main__][INFO] - [22, 32], []
[2025-01-30 00:23:38,774][__main__][INFO] - [22, 33], []
[2025-01-30 00:23:39,406][__main__][INFO] - [22, 34], []
[2025-01-30 00:23:39,535][__main__][INFO] - [22, 35], []
[2025-01-30 00:23:39,600][__main__][INFO] - [22, 36], []
[2025-01-30 00:23:39,651][__main__][INFO] - [22, 37], []
[2025-01-30 00:23:39,692][__main__][INFO] - [22, 38], []
[2025-01-30 00:23:39,731][__main__][INFO] - [22, 39], []
[2025-01-30 00:23:39,769][__main__][INFO] - [22, 40], []
[2025-01-30 00:23:39,835][__main__][INFO] - [23, 25], []
[2025-01-30 00:23:39,995][__main__][INFO] - [23], [25]
[2025-01-30 00:23:40,480][__main__][INFO] - [23, 26], []
[2025-01-30 00:23:40,539][__main__][INFO] - [23], [26]
[2025-01-30 00:23:41,193][__main__][INFO] - [23, 27], []
[2025-01-30 00:23:41,247][__main__][INFO] - [23], [27]
[2025-01-30 00:23:41,920][__main__][INFO] - [23, 28], []
[2025-01-30 00:23:42,497][__main__][INFO] - [23, 29], []
[2025-01-30 00:23:42,565][__main__][INFO] - [23, 30], []
[2025-01-30 00:23:42,603][__main__][INFO] - [23, 31], []
[2025-01-30 00:23:42,898][__main__][INFO] - [23], [31]
[2025-01-30 00:23:43,211][__main__][INFO] - [23, 32], []
[2025-01-30 00:23:43,297][__main__][INFO] - [23, 33], []
[2025-01-30 00:23:43,634][__main__][INFO] - [23, 34], []
[2025-01-30 00:23:43,693][__main__][INFO] - [23, 35], []
[2025-01-30 00:23:43,787][__main__][INFO] - [23, 36], []
[2025-01-30 00:23:43,844][__main__][INFO] - [23, 37], []
[2025-01-30 00:23:43,884][__main__][INFO] - [23, 38], []
[2025-01-30 00:23:43,923][__main__][INFO] - [23, 39], []
[2025-01-30 00:23:44,018][__main__][INFO] - [24, 25], []
[2025-01-30 00:23:44,062][__main__][INFO] - [24], [25]
[2025-01-30 00:23:44,136][__main__][INFO] - [24, 26], []
[2025-01-30 00:23:44,175][__main__][INFO] - [24], [26]
[2025-01-30 00:23:44,251][__main__][INFO] - [24, 27], []
[2025-01-30 00:23:44,290][__main__][INFO] - [24], [27]
[2025-01-30 00:23:44,367][__main__][INFO] - [24, 28], []
[2025-01-30 00:23:44,440][__main__][INFO] - [24, 29], []
[2025-01-30 00:23:44,480][__main__][INFO] - [24, 30], []
[2025-01-30 00:23:44,517][__main__][INFO] - [24, 31], []
[2025-01-30 00:23:44,573][__main__][INFO] - [24], [31]
[2025-01-30 00:23:44,629][__main__][INFO] - [24, 32], []
[2025-01-30 00:23:44,669][__main__][INFO] - [24, 33], []
[2025-01-30 00:23:44,733][__main__][INFO] - [24, 34], []
[2025-01-30 00:23:44,772][__main__][INFO] - [24, 35], []
[2025-01-30 00:23:44,811][__main__][INFO] - [24, 36], []
[2025-01-30 00:23:44,850][__main__][INFO] - [24, 37], []
[2025-01-30 00:23:44,888][__main__][INFO] - [24, 38], []
[2025-01-30 00:23:45,011][__main__][INFO] - [25, 26], []
[2025-01-30 00:23:45,091][__main__][INFO] - [25], [26]
[2025-01-30 00:23:46,360][__main__][INFO] - [25, 27], []
[2025-01-30 00:23:46,430][__main__][INFO] - [25], [27]
[2025-01-30 00:23:47,752][__main__][INFO] - [25, 28], []
[2025-01-30 00:23:48,996][__main__][INFO] - [25, 29], []
[2025-01-30 00:23:49,081][__main__][INFO] - [25, 30], []
[2025-01-30 00:23:49,119][__main__][INFO] - [25, 31], []
[2025-01-30 00:23:49,694][__main__][INFO] - [25], [31]
[2025-01-30 00:23:50,256][__main__][INFO] - [25, 32], []
[2025-01-30 00:23:50,449][__main__][INFO] - [25, 33], []
[2025-01-30 00:23:50,825][__main__][INFO] - [25, 34], []
[2025-01-30 00:23:50,882][__main__][INFO] - [25, 35], []
[2025-01-30 00:23:51,240][__main__][INFO] - [25, 36], []
[2025-01-30 00:23:51,290][__main__][INFO] - [25, 37], []
[2025-01-30 00:23:51,330][__main__][INFO] - [25, 38], []
[2025-01-30 00:23:51,370][__main__][INFO] - [25, 39], []
[2025-01-30 00:23:51,465][__main__][INFO] - [26], [25]
[2025-01-30 00:23:51,632][__main__][INFO] - [], [25, 26]
[2025-01-30 00:23:55,494][__main__][INFO] - [27], [25]
[2025-01-30 00:23:55,627][__main__][INFO] - [], [25, 27]
[2025-01-30 00:23:59,512][__main__][INFO] - [28], [25]
[2025-01-30 00:24:02,902][__main__][INFO] - [29], [25]
[2025-01-30 00:24:03,126][__main__][INFO] - [30], [25]
[2025-01-30 00:24:03,166][__main__][INFO] - [31], [25]
[2025-01-30 00:24:04,800][__main__][INFO] - [], [25, 31]
[2025-01-30 00:24:06,606][__main__][INFO] - [32], [25]
[2025-01-30 00:24:06,877][__main__][INFO] - [33], [25]
[2025-01-30 00:24:08,940][__main__][INFO] - [34], [25]
[2025-01-30 00:24:09,125][__main__][INFO] - [35], [25]
[2025-01-30 00:24:09,352][__main__][INFO] - [36], [25]
[2025-01-30 00:24:09,527][__main__][INFO] - [37], [25]
[2025-01-30 00:24:09,585][__main__][INFO] - [38], [25]
[2025-01-30 00:24:09,632][__main__][INFO] - [39], [25]
[2025-01-30 00:24:09,677][__main__][INFO] - [40], [25]
[2025-01-30 00:24:09,743][__main__][INFO] - [26, 27], []
[2025-01-30 00:24:09,814][__main__][INFO] - [26], [27]
[2025-01-30 00:24:09,995][__main__][INFO] - [26, 28], []
[2025-01-30 00:24:10,163][__main__][INFO] - [26, 29], []
[2025-01-30 00:24:10,243][__main__][INFO] - [26, 30], []
[2025-01-30 00:24:10,281][__main__][INFO] - [26, 31], []
[2025-01-30 00:24:10,382][__main__][INFO] - [26], [31]
[2025-01-30 00:24:10,517][__main__][INFO] - [26, 32], []
[2025-01-30 00:24:10,566][__main__][INFO] - [26, 33], []
[2025-01-30 00:24:10,695][__main__][INFO] - [26, 34], []
[2025-01-30 00:24:10,740][__main__][INFO] - [26, 35], []
[2025-01-30 00:24:10,792][__main__][INFO] - [26, 36], []
[2025-01-30 00:24:10,838][__main__][INFO] - [26, 37], []
[2025-01-30 00:24:10,876][__main__][INFO] - [26, 38], []
[2025-01-30 00:24:10,914][__main__][INFO] - [26, 39], []
[2025-01-30 00:24:11,009][__main__][INFO] - [27], [26]
[2025-01-30 00:24:11,141][__main__][INFO] - [], [26, 27]
[2025-01-30 00:24:16,835][__main__][INFO] - [28], [26]
[2025-01-30 00:24:21,974][__main__][INFO] - [29], [26]
[2025-01-30 00:24:22,198][__main__][INFO] - [30], [26]
[2025-01-30 00:24:22,238][__main__][INFO] - [31], [26]
[2025-01-30 00:24:24,594][__main__][INFO] - [], [26, 31]
[2025-01-30 00:24:27,073][__main__][INFO] - [32], [26]
[2025-01-30 00:24:27,493][__main__][INFO] - [33], [26]
[2025-01-30 00:24:29,852][__main__][INFO] - [34], [26]
[2025-01-30 00:24:30,057][__main__][INFO] - [35], [26]
[2025-01-30 00:24:30,618][__main__][INFO] - [36], [26]
[2025-01-30 00:24:30,804][__main__][INFO] - [37], [26]
[2025-01-30 00:24:30,864][__main__][INFO] - [38], [26]
[2025-01-30 00:24:30,914][__main__][INFO] - [39], [26]
[2025-01-30 00:24:30,960][__main__][INFO] - [40], [26]
[2025-01-30 00:24:31,026][__main__][INFO] - [27, 28], []
[2025-01-30 00:24:31,145][__main__][INFO] - [27, 29], []
[2025-01-30 00:24:31,219][__main__][INFO] - [27, 30], []
[2025-01-30 00:24:31,256][__main__][INFO] - [27, 31], []
[2025-01-30 00:24:31,349][__main__][INFO] - [27], [31]
[2025-01-30 00:24:31,447][__main__][INFO] - [27, 32], []
[2025-01-30 00:24:31,496][__main__][INFO] - [27, 33], []
[2025-01-30 00:24:31,587][__main__][INFO] - [27, 34], []
[2025-01-30 00:24:31,631][__main__][INFO] - [27, 35], []
[2025-01-30 00:24:31,680][__main__][INFO] - [27, 36], []
[2025-01-30 00:24:31,726][__main__][INFO] - [27, 37], []
[2025-01-30 00:24:31,764][__main__][INFO] - [27, 38], []
[2025-01-30 00:24:31,803][__main__][INFO] - [27, 39], []
[2025-01-30 00:24:31,897][__main__][INFO] - [28], [27]
[2025-01-30 00:24:37,124][__main__][INFO] - [29], [27]
[2025-01-30 00:24:37,357][__main__][INFO] - [30], [27]
[2025-01-30 00:24:37,397][__main__][INFO] - [31], [27]
[2025-01-30 00:24:39,713][__main__][INFO] - [], [27, 31]
[2025-01-30 00:24:42,290][__main__][INFO] - [32], [27]
[2025-01-30 00:24:42,710][__main__][INFO] - [33], [27]
[2025-01-30 00:24:45,137][__main__][INFO] - [34], [27]
[2025-01-30 00:24:45,340][__main__][INFO] - [35], [27]
[2025-01-30 00:24:45,906][__main__][INFO] - [36], [27]
[2025-01-30 00:24:46,091][__main__][INFO] - [37], [27]
[2025-01-30 00:24:46,151][__main__][INFO] - [38], [27]
[2025-01-30 00:24:46,201][__main__][INFO] - [39], [27]
[2025-01-30 00:24:46,247][__main__][INFO] - [40], [27]
[2025-01-30 00:24:46,313][__main__][INFO] - [28, 31], []
[2025-01-30 00:24:48,411][__main__][INFO] - [28], [31]
[2025-01-30 00:24:50,720][__main__][INFO] - [28, 32], []
[2025-01-30 00:24:51,106][__main__][INFO] - [28, 33], []
[2025-01-30 00:24:53,333][__main__][INFO] - [28, 34], []
[2025-01-30 00:24:53,508][__main__][INFO] - [28, 35], []
[2025-01-30 00:24:54,036][__main__][INFO] - [28, 36], []
[2025-01-30 00:24:54,204][__main__][INFO] - [28, 37], []
[2025-01-30 00:24:54,262][__main__][INFO] - [28, 38], []
[2025-01-30 00:24:54,311][__main__][INFO] - [28, 39], []
[2025-01-30 00:24:54,357][__main__][INFO] - [28, 40], []
[2025-01-30 00:24:54,423][__main__][INFO] - [29, 31], []
[2025-01-30 00:24:54,556][__main__][INFO] - [29], [31]
[2025-01-30 00:24:54,706][__main__][INFO] - [29, 32], []
[2025-01-30 00:24:54,760][__main__][INFO] - [29, 33], []
[2025-01-30 00:24:54,900][__main__][INFO] - [29, 34], []
[2025-01-30 00:24:54,948][__main__][INFO] - [29, 35], []
[2025-01-30 00:24:55,004][__main__][INFO] - [29, 36], []
[2025-01-30 00:24:55,055][__main__][INFO] - [29, 37], []
[2025-01-30 00:24:55,095][__main__][INFO] - [29, 38], []
[2025-01-30 00:24:55,133][__main__][INFO] - [29, 39], []
[2025-01-30 00:24:55,228][__main__][INFO] - [30, 31], []
[2025-01-30 00:24:55,265][__main__][INFO] - [30], [31]
[2025-01-30 00:24:55,303][__main__][INFO] - [30, 32], []
[2025-01-30 00:24:55,340][__main__][INFO] - [30, 33], []
[2025-01-30 00:24:55,378][__main__][INFO] - [30, 34], []
[2025-01-30 00:24:55,415][__main__][INFO] - [30, 35], []
[2025-01-30 00:24:55,452][__main__][INFO] - [30, 36], []
[2025-01-30 00:24:55,489][__main__][INFO] - [30, 37], []
[2025-01-30 00:24:55,526][__main__][INFO] - [30, 38], []
[2025-01-30 00:24:55,563][__main__][INFO] - [30, 39], []
[2025-01-30 00:24:55,656][__main__][INFO] - [31, 32], []
[2025-01-30 00:24:55,864][__main__][INFO] - [31, 33], []
[2025-01-30 00:24:57,006][__main__][INFO] - [31, 34], []
[2025-01-30 00:24:57,117][__main__][INFO] - [31, 35], []
[2025-01-30 00:24:57,405][__main__][INFO] - [31, 36], []
[2025-01-30 00:24:57,506][__main__][INFO] - [31, 37], []
[2025-01-30 00:24:57,556][__main__][INFO] - [31, 38], []
[2025-01-30 00:24:57,601][__main__][INFO] - [31, 39], []
[2025-01-30 00:24:57,641][__main__][INFO] - [31, 40], []
[2025-01-30 00:24:57,707][__main__][INFO] - [32], [31]
[2025-01-30 00:24:57,924][__main__][INFO] - [33], [31]
[2025-01-30 00:24:59,064][__main__][INFO] - [34], [31]
[2025-01-30 00:24:59,178][__main__][INFO] - [35], [31]
[2025-01-30 00:24:59,442][__main__][INFO] - [36], [31]
[2025-01-30 00:24:59,550][__main__][INFO] - [37], [31]
[2025-01-30 00:24:59,600][__main__][INFO] - [38], [31]
[2025-01-30 00:24:59,645][__main__][INFO] - [39], [31]
[2025-01-30 00:24:59,685][__main__][INFO] - [40], [31]
[2025-01-30 00:24:59,807][__main__][INFO] - [0, 10, 11], []
[2025-01-30 00:24:59,849][__main__][INFO] - [0, 10, 12], []
[2025-01-30 00:24:59,920][__main__][INFO] - [0, 10, 14], []
[2025-01-30 00:25:00,108][__main__][INFO] - [0, 10, 20], []
[2025-01-30 00:25:00,150][__main__][INFO] - [0, 10, 21], []
[2025-01-30 00:25:00,192][__main__][INFO] - [0, 10, 22], []
[2025-01-30 00:25:00,233][__main__][INFO] - [0, 10, 23], []
[2025-01-30 00:25:00,275][__main__][INFO] - [0, 10, 24], []
[2025-01-30 00:25:00,317][__main__][INFO] - [0, 10, 25], []
[2025-01-30 00:25:00,358][__main__][INFO] - [0, 10], [25]
[2025-01-30 00:25:00,400][__main__][INFO] - [0, 10, 26], []
[2025-01-30 00:25:00,442][__main__][INFO] - [0, 10], [26]
[2025-01-30 00:25:00,483][__main__][INFO] - [0, 10, 27], []
[2025-01-30 00:25:00,525][__main__][INFO] - [0, 10], [27]
[2025-01-30 00:25:00,567][__main__][INFO] - [0, 10, 28], []
[2025-01-30 00:25:00,608][__main__][INFO] - [0, 10, 29], []
[2025-01-30 00:25:00,650][__main__][INFO] - [0, 10, 30], []
[2025-01-30 00:25:00,692][__main__][INFO] - [0, 10, 31], []
[2025-01-30 00:25:00,733][__main__][INFO] - [0, 10], [31]
[2025-01-30 00:25:00,775][__main__][INFO] - [0, 10, 32], []
[2025-01-30 00:25:00,817][__main__][INFO] - [0, 10, 33], []
[2025-01-30 00:25:00,858][__main__][INFO] - [0, 10, 34], []
[2025-01-30 00:25:00,900][__main__][INFO] - [0, 10, 35], []
[2025-01-30 00:25:00,942][__main__][INFO] - [0, 10, 36], []
[2025-01-30 00:25:00,984][__main__][INFO] - [0, 10, 37], []
[2025-01-30 00:25:01,142][__main__][INFO] - [0, 11], [10]
[2025-01-30 00:25:01,187][__main__][INFO] - [0, 12], [10]
[2025-01-30 00:25:01,229][__main__][INFO] - [0, 13], [10]
[2025-01-30 00:25:01,271][__main__][INFO] - [0, 14], [10]
[2025-01-30 00:25:01,312][__main__][INFO] - [0, 15], [10]
[2025-01-30 00:25:01,471][__main__][INFO] - [0, 20], [10]
[2025-01-30 00:25:01,516][__main__][INFO] - [0, 21], [10]
[2025-01-30 00:25:01,560][__main__][INFO] - [0, 22], [10]
[2025-01-30 00:25:01,603][__main__][INFO] - [0, 23], [10]
[2025-01-30 00:25:01,645][__main__][INFO] - [0, 24], [10]
[2025-01-30 00:25:01,687][__main__][INFO] - [0, 25], [10]
[2025-01-30 00:25:01,729][__main__][INFO] - [0], [10, 25]
[2025-01-30 00:25:01,803][__main__][INFO] - [0], [10, 26]
[2025-01-30 00:25:01,878][__main__][INFO] - [0], [10, 27]
[2025-01-30 00:25:01,923][__main__][INFO] - [0, 28], [10]
[2025-01-30 00:25:01,997][__main__][INFO] - [0, 30], [10]
[2025-01-30 00:25:02,040][__main__][INFO] - [0, 31], [10]
[2025-01-30 00:25:02,084][__main__][INFO] - [0], [10, 31]
[2025-01-30 00:25:02,127][__main__][INFO] - [0, 32], [10]
[2025-01-30 00:25:02,169][__main__][INFO] - [0, 33], [10]
[2025-01-30 00:25:02,213][__main__][INFO] - [0, 34], [10]
[2025-01-30 00:25:02,255][__main__][INFO] - [0, 35], [10]
[2025-01-30 00:25:02,297][__main__][INFO] - [0, 36], [10]
[2025-01-30 00:25:02,339][__main__][INFO] - [0, 37], [10]
[2025-01-30 00:25:02,381][__main__][INFO] - [0, 38], [10]
[2025-01-30 00:25:02,423][__main__][INFO] - [0, 39], [10]
[2025-01-30 00:25:02,639][__main__][INFO] - [0, 11, 20], []
[2025-01-30 00:25:02,684][__main__][INFO] - [0, 11, 21], []
[2025-01-30 00:25:02,728][__main__][INFO] - [0, 11, 22], []
[2025-01-30 00:25:02,771][__main__][INFO] - [0, 11, 23], []
[2025-01-30 00:25:02,814][__main__][INFO] - [0, 11, 24], []
[2025-01-30 00:25:02,885][__main__][INFO] - [0, 11], [25]
[2025-01-30 00:25:02,930][__main__][INFO] - [0, 11, 26], []
[2025-01-30 00:25:02,972][__main__][INFO] - [0, 11], [26]
[2025-01-30 00:25:03,017][__main__][INFO] - [0, 11, 27], []
[2025-01-30 00:25:03,059][__main__][INFO] - [0, 11], [27]
[2025-01-30 00:25:03,104][__main__][INFO] - [0, 11, 28], []
[2025-01-30 00:25:03,147][__main__][INFO] - [0, 11, 29], []
[2025-01-30 00:25:03,189][__main__][INFO] - [0, 11, 30], []
[2025-01-30 00:25:03,232][__main__][INFO] - [0, 11, 31], []
[2025-01-30 00:25:03,276][__main__][INFO] - [0, 11], [31]
[2025-01-30 00:25:03,320][__main__][INFO] - [0, 11, 32], []
[2025-01-30 00:25:03,362][__main__][INFO] - [0, 11, 33], []
[2025-01-30 00:25:03,406][__main__][INFO] - [0, 11, 34], []
[2025-01-30 00:25:03,448][__main__][INFO] - [0, 11, 35], []
[2025-01-30 00:25:03,490][__main__][INFO] - [0, 11, 36], []
[2025-01-30 00:25:03,532][__main__][INFO] - [0, 11, 37], []
[2025-01-30 00:25:03,574][__main__][INFO] - [0, 11, 38], []
[2025-01-30 00:25:03,616][__main__][INFO] - [0, 11, 39], []
[2025-01-30 00:25:03,832][__main__][INFO] - [0, 12, 20], []
[2025-01-30 00:25:03,874][__main__][INFO] - [0, 12, 21], []
[2025-01-30 00:25:03,916][__main__][INFO] - [0, 12, 22], []
[2025-01-30 00:25:03,958][__main__][INFO] - [0, 12, 23], []
[2025-01-30 00:25:04,029][__main__][INFO] - [0, 12, 25], []
[2025-01-30 00:25:04,129][__main__][INFO] - [0, 12], [26]
[2025-01-30 00:25:04,200][__main__][INFO] - [0, 12], [27]
[2025-01-30 00:25:04,242][__main__][INFO] - [0, 12, 28], []
[2025-01-30 00:25:04,284][__main__][INFO] - [0, 12, 29], []
[2025-01-30 00:25:04,325][__main__][INFO] - [0, 12, 30], []
[2025-01-30 00:25:04,367][__main__][INFO] - [0, 12, 31], []
[2025-01-30 00:25:04,409][__main__][INFO] - [0, 12], [31]
[2025-01-30 00:25:04,450][__main__][INFO] - [0, 12, 32], []
[2025-01-30 00:25:04,492][__main__][INFO] - [0, 12, 33], []
[2025-01-30 00:25:04,534][__main__][INFO] - [0, 12, 34], []
[2025-01-30 00:25:04,575][__main__][INFO] - [0, 12, 35], []
[2025-01-30 00:25:04,617][__main__][INFO] - [0, 12, 36], []
[2025-01-30 00:25:04,922][__main__][INFO] - [0, 13, 20], []
[2025-01-30 00:25:04,965][__main__][INFO] - [0, 13, 21], []
[2025-01-30 00:25:05,036][__main__][INFO] - [0, 13, 23], []
[2025-01-30 00:25:05,107][__main__][INFO] - [0, 13, 25], []
[2025-01-30 00:25:05,208][__main__][INFO] - [0, 13], [26]
[2025-01-30 00:25:05,279][__main__][INFO] - [0, 13], [27]
[2025-01-30 00:25:05,321][__main__][INFO] - [0, 13, 28], []
[2025-01-30 00:25:05,392][__main__][INFO] - [0, 13, 30], []
[2025-01-30 00:25:05,433][__main__][INFO] - [0, 13, 31], []
[2025-01-30 00:25:05,475][__main__][INFO] - [0, 13], [31]
[2025-01-30 00:25:05,517][__main__][INFO] - [0, 13, 32], []
[2025-01-30 00:25:05,558][__main__][INFO] - [0, 13, 33], []
[2025-01-30 00:25:05,600][__main__][INFO] - [0, 13, 34], []
[2025-01-30 00:25:05,642][__main__][INFO] - [0, 13, 35], []
[2025-01-30 00:25:05,684][__main__][INFO] - [0, 13, 36], []
[2025-01-30 00:25:05,988][__main__][INFO] - [0, 14, 20], []
[2025-01-30 00:25:06,030][__main__][INFO] - [0, 14, 21], []
[2025-01-30 00:25:06,072][__main__][INFO] - [0, 14, 22], []
[2025-01-30 00:25:06,114][__main__][INFO] - [0, 14, 23], []
[2025-01-30 00:25:06,214][__main__][INFO] - [0, 14], [25]
[2025-01-30 00:25:06,285][__main__][INFO] - [0, 14], [26]
[2025-01-30 00:25:06,356][__main__][INFO] - [0, 14], [27]
[2025-01-30 00:25:06,398][__main__][INFO] - [0, 14, 28], []
[2025-01-30 00:25:06,469][__main__][INFO] - [0, 14, 30], []
[2025-01-30 00:25:06,511][__main__][INFO] - [0, 14, 31], []
[2025-01-30 00:25:06,552][__main__][INFO] - [0, 14], [31]
[2025-01-30 00:25:06,594][__main__][INFO] - [0, 14, 32], []
[2025-01-30 00:25:06,635][__main__][INFO] - [0, 14, 33], []
[2025-01-30 00:25:06,677][__main__][INFO] - [0, 14, 34], []
[2025-01-30 00:25:06,719][__main__][INFO] - [0, 14, 35], []
[2025-01-30 00:25:06,761][__main__][INFO] - [0, 14, 36], []
[2025-01-30 00:25:07,065][__main__][INFO] - [0, 15, 20], []
[2025-01-30 00:25:07,253][__main__][INFO] - [0, 15], [25]
[2025-01-30 00:25:07,324][__main__][INFO] - [0, 15], [26]
[2025-01-30 00:25:07,395][__main__][INFO] - [0, 15], [27]
[2025-01-30 00:25:07,990][__main__][INFO] - [0, 20, 21], []
[2025-01-30 00:25:08,034][__main__][INFO] - [0, 20, 22], []
[2025-01-30 00:25:08,076][__main__][INFO] - [0, 20, 23], []
[2025-01-30 00:25:08,119][__main__][INFO] - [0, 20, 24], []
[2025-01-30 00:25:08,161][__main__][INFO] - [0, 20, 25], []
[2025-01-30 00:25:08,203][__main__][INFO] - [0, 20], [25]
[2025-01-30 00:25:08,248][__main__][INFO] - [0, 20, 26], []
[2025-01-30 00:25:08,290][__main__][INFO] - [0, 20], [26]
[2025-01-30 00:25:08,336][__main__][INFO] - [0, 20, 27], []
[2025-01-30 00:25:08,378][__main__][INFO] - [0, 20], [27]
[2025-01-30 00:25:08,423][__main__][INFO] - [0, 20, 28], []
[2025-01-30 00:25:08,467][__main__][INFO] - [0, 20, 29], []
[2025-01-30 00:25:08,508][__main__][INFO] - [0, 20, 30], []
[2025-01-30 00:25:08,552][__main__][INFO] - [0, 20, 31], []
[2025-01-30 00:25:08,596][__main__][INFO] - [0, 20], [31]
[2025-01-30 00:25:08,640][__main__][INFO] - [0, 20, 32], []
[2025-01-30 00:25:08,682][__main__][INFO] - [0, 20, 33], []
[2025-01-30 00:25:08,726][__main__][INFO] - [0, 20, 34], []
[2025-01-30 00:25:08,769][__main__][INFO] - [0, 20, 35], []
[2025-01-30 00:25:08,811][__main__][INFO] - [0, 20, 36], []
[2025-01-30 00:25:08,853][__main__][INFO] - [0, 20, 37], []
[2025-01-30 00:25:08,894][__main__][INFO] - [0, 20, 38], []
[2025-01-30 00:25:08,936][__main__][INFO] - [0, 20, 39], []
[2025-01-30 00:25:09,035][__main__][INFO] - [0, 21, 25], []
[2025-01-30 00:25:09,077][__main__][INFO] - [0, 21], [25]
[2025-01-30 00:25:09,121][__main__][INFO] - [0, 21, 26], []
[2025-01-30 00:25:09,163][__main__][INFO] - [0, 21], [26]
[2025-01-30 00:25:09,207][__main__][INFO] - [0, 21, 27], []
[2025-01-30 00:25:09,249][__main__][INFO] - [0, 21], [27]
[2025-01-30 00:25:09,293][__main__][INFO] - [0, 21, 28], []
[2025-01-30 00:25:09,335][__main__][INFO] - [0, 21, 29], []
[2025-01-30 00:25:09,377][__main__][INFO] - [0, 21, 30], []
[2025-01-30 00:25:09,420][__main__][INFO] - [0, 21, 31], []
[2025-01-30 00:25:09,463][__main__][INFO] - [0, 21], [31]
[2025-01-30 00:25:09,505][__main__][INFO] - [0, 21, 32], []
[2025-01-30 00:25:09,548][__main__][INFO] - [0, 21, 33], []
[2025-01-30 00:25:09,591][__main__][INFO] - [0, 21, 34], []
[2025-01-30 00:25:09,633][__main__][INFO] - [0, 21, 35], []
[2025-01-30 00:25:09,675][__main__][INFO] - [0, 21, 36], []
[2025-01-30 00:25:09,717][__main__][INFO] - [0, 21, 37], []
[2025-01-30 00:25:09,758][__main__][INFO] - [0, 21, 38], []
[2025-01-30 00:25:09,800][__main__][INFO] - [0, 21, 39], []
[2025-01-30 00:25:09,899][__main__][INFO] - [0, 22, 25], []
[2025-01-30 00:25:09,941][__main__][INFO] - [0, 22], [25]
[2025-01-30 00:25:09,984][__main__][INFO] - [0, 22, 26], []
[2025-01-30 00:25:10,026][__main__][INFO] - [0, 22], [26]
[2025-01-30 00:25:10,069][__main__][INFO] - [0, 22, 27], []
[2025-01-30 00:25:10,111][__main__][INFO] - [0, 22], [27]
[2025-01-30 00:25:10,153][__main__][INFO] - [0, 22, 28], []
[2025-01-30 00:25:10,196][__main__][INFO] - [0, 22, 29], []
[2025-01-30 00:25:10,237][__main__][INFO] - [0, 22, 30], []
[2025-01-30 00:25:10,280][__main__][INFO] - [0, 22, 31], []
[2025-01-30 00:25:10,323][__main__][INFO] - [0, 22], [31]
[2025-01-30 00:25:10,365][__main__][INFO] - [0, 22, 32], []
[2025-01-30 00:25:10,407][__main__][INFO] - [0, 22, 33], []
[2025-01-30 00:25:10,449][__main__][INFO] - [0, 22, 34], []
[2025-01-30 00:25:10,491][__main__][INFO] - [0, 22, 35], []
[2025-01-30 00:25:10,533][__main__][INFO] - [0, 22, 36], []
[2025-01-30 00:25:10,575][__main__][INFO] - [0, 22, 37], []
[2025-01-30 00:25:10,616][__main__][INFO] - [0, 22, 38], []
[2025-01-30 00:25:10,745][__main__][INFO] - [0, 23, 25], []
[2025-01-30 00:25:10,787][__main__][INFO] - [0, 23], [25]
[2025-01-30 00:25:10,830][__main__][INFO] - [0, 23, 26], []
[2025-01-30 00:25:10,872][__main__][INFO] - [0, 23], [26]
[2025-01-30 00:25:10,914][__main__][INFO] - [0, 23, 27], []
[2025-01-30 00:25:10,956][__main__][INFO] - [0, 23], [27]
[2025-01-30 00:25:10,998][__main__][INFO] - [0, 23, 28], []
[2025-01-30 00:25:11,041][__main__][INFO] - [0, 23, 29], []
[2025-01-30 00:25:11,082][__main__][INFO] - [0, 23, 30], []
[2025-01-30 00:25:11,124][__main__][INFO] - [0, 23, 31], []
[2025-01-30 00:25:11,167][__main__][INFO] - [0, 23], [31]
[2025-01-30 00:25:11,209][__main__][INFO] - [0, 23, 32], []
[2025-01-30 00:25:11,250][__main__][INFO] - [0, 23, 33], []
[2025-01-30 00:25:11,293][__main__][INFO] - [0, 23, 34], []
[2025-01-30 00:25:11,335][__main__][INFO] - [0, 23, 35], []
[2025-01-30 00:25:11,376][__main__][INFO] - [0, 23, 36], []
[2025-01-30 00:25:11,418][__main__][INFO] - [0, 23, 37], []
[2025-01-30 00:25:11,460][__main__][INFO] - [0, 23, 38], []
[2025-01-30 00:25:11,501][__main__][INFO] - [0, 23, 39], []
[2025-01-30 00:25:11,642][__main__][INFO] - [0, 24], [25]
[2025-01-30 00:25:11,713][__main__][INFO] - [0, 24], [26]
[2025-01-30 00:25:11,784][__main__][INFO] - [0, 24], [27]
[2025-01-30 00:25:11,826][__main__][INFO] - [0, 24, 28], []
[2025-01-30 00:25:11,897][__main__][INFO] - [0, 24, 30], []
[2025-01-30 00:25:11,939][__main__][INFO] - [0, 24, 31], []
[2025-01-30 00:25:11,981][__main__][INFO] - [0, 24], [31]
[2025-01-30 00:25:12,023][__main__][INFO] - [0, 24, 32], []
[2025-01-30 00:25:12,065][__main__][INFO] - [0, 24, 33], []
[2025-01-30 00:25:12,107][__main__][INFO] - [0, 24, 34], []
[2025-01-30 00:25:12,149][__main__][INFO] - [0, 24, 35], []
[2025-01-30 00:25:12,190][__main__][INFO] - [0, 24, 36], []
[2025-01-30 00:25:12,407][__main__][INFO] - [0, 25], [26]
[2025-01-30 00:25:12,479][__main__][INFO] - [0, 25], [27]
[2025-01-30 00:25:12,520][__main__][INFO] - [0, 25, 28], []
[2025-01-30 00:25:12,562][__main__][INFO] - [0, 25, 29], []
[2025-01-30 00:25:12,604][__main__][INFO] - [0, 25, 30], []
[2025-01-30 00:25:12,646][__main__][INFO] - [0, 25, 31], []
[2025-01-30 00:25:12,688][__main__][INFO] - [0, 25], [31]
[2025-01-30 00:25:12,730][__main__][INFO] - [0, 25, 32], []
[2025-01-30 00:25:12,771][__main__][INFO] - [0, 25, 33], []
[2025-01-30 00:25:12,813][__main__][INFO] - [0, 25, 34], []
[2025-01-30 00:25:12,855][__main__][INFO] - [0, 25, 35], []
[2025-01-30 00:25:12,897][__main__][INFO] - [0, 25, 36], []
[2025-01-30 00:25:13,084][__main__][INFO] - [0, 26], [25]
[2025-01-30 00:25:13,126][__main__][INFO] - [0], [25, 26]
[2025-01-30 00:25:13,171][__main__][INFO] - [0, 27], [25]
[2025-01-30 00:25:13,213][__main__][INFO] - [0], [25, 27]
[2025-01-30 00:25:13,258][__main__][INFO] - [0, 28], [25]
[2025-01-30 00:25:13,301][__main__][INFO] - [0, 29], [25]
[2025-01-30 00:25:13,343][__main__][INFO] - [0, 30], [25]
[2025-01-30 00:25:13,387][__main__][INFO] - [0, 31], [25]
[2025-01-30 00:25:13,430][__main__][INFO] - [0], [25, 31]
[2025-01-30 00:25:13,474][__main__][INFO] - [0, 32], [25]
[2025-01-30 00:25:13,516][__main__][INFO] - [0, 33], [25]
[2025-01-30 00:25:13,560][__main__][INFO] - [0, 34], [25]
[2025-01-30 00:25:13,603][__main__][INFO] - [0, 35], [25]
[2025-01-30 00:25:13,645][__main__][INFO] - [0, 36], [25]
[2025-01-30 00:25:13,687][__main__][INFO] - [0, 37], [25]
[2025-01-30 00:25:13,729][__main__][INFO] - [0, 38], [25]
[2025-01-30 00:25:13,770][__main__][INFO] - [0, 39], [25]
[2025-01-30 00:25:13,870][__main__][INFO] - [0, 26, 27], []
[2025-01-30 00:25:13,912][__main__][INFO] - [0, 26], [27]
[2025-01-30 00:25:13,953][__main__][INFO] - [0, 26, 28], []
[2025-01-30 00:25:13,995][__main__][INFO] - [0, 26, 29], []
[2025-01-30 00:25:14,037][__main__][INFO] - [0, 26, 30], []
[2025-01-30 00:25:14,078][__main__][INFO] - [0, 26, 31], []
[2025-01-30 00:25:14,120][__main__][INFO] - [0, 26], [31]
[2025-01-30 00:25:14,162][__main__][INFO] - [0, 26, 32], []
[2025-01-30 00:25:14,204][__main__][INFO] - [0, 26, 33], []
[2025-01-30 00:25:14,245][__main__][INFO] - [0, 26, 34], []
[2025-01-30 00:25:14,287][__main__][INFO] - [0, 26, 35], []
[2025-01-30 00:25:14,504][__main__][INFO] - [0, 27], [26]
[2025-01-30 00:25:14,545][__main__][INFO] - [0], [26, 27]
[2025-01-30 00:25:14,591][__main__][INFO] - [0, 28], [26]
[2025-01-30 00:25:14,634][__main__][INFO] - [0, 29], [26]
[2025-01-30 00:25:14,676][__main__][INFO] - [0, 30], [26]
[2025-01-30 00:25:14,719][__main__][INFO] - [0, 31], [26]
[2025-01-30 00:25:14,763][__main__][INFO] - [0], [26, 31]
[2025-01-30 00:25:14,806][__main__][INFO] - [0, 32], [26]
[2025-01-30 00:25:14,849][__main__][INFO] - [0, 33], [26]
[2025-01-30 00:25:14,893][__main__][INFO] - [0, 34], [26]
[2025-01-30 00:25:14,935][__main__][INFO] - [0, 35], [26]
[2025-01-30 00:25:14,977][__main__][INFO] - [0, 36], [26]
[2025-01-30 00:25:15,019][__main__][INFO] - [0, 37], [26]
[2025-01-30 00:25:15,061][__main__][INFO] - [0, 38], [26]
[2025-01-30 00:25:15,102][__main__][INFO] - [0, 39], [26]
[2025-01-30 00:25:15,202][__main__][INFO] - [0, 27, 28], []
[2025-01-30 00:25:15,244][__main__][INFO] - [0, 27, 29], []
[2025-01-30 00:25:15,285][__main__][INFO] - [0, 27, 30], []
[2025-01-30 00:25:15,327][__main__][INFO] - [0, 27, 31], []
[2025-01-30 00:25:15,369][__main__][INFO] - [0, 27], [31]
[2025-01-30 00:25:15,410][__main__][INFO] - [0, 27, 32], []
[2025-01-30 00:25:15,452][__main__][INFO] - [0, 27, 33], []
[2025-01-30 00:25:15,494][__main__][INFO] - [0, 27, 34], []
[2025-01-30 00:25:15,536][__main__][INFO] - [0, 27, 35], []
[2025-01-30 00:25:15,578][__main__][INFO] - [0, 27, 36], []
[2025-01-30 00:25:15,765][__main__][INFO] - [0, 28], [27]
[2025-01-30 00:25:15,809][__main__][INFO] - [0, 29], [27]
[2025-01-30 00:25:15,850][__main__][INFO] - [0, 30], [27]
[2025-01-30 00:25:15,894][__main__][INFO] - [0, 31], [27]
[2025-01-30 00:25:15,937][__main__][INFO] - [0], [27, 31]
[2025-01-30 00:25:15,981][__main__][INFO] - [0, 32], [27]
[2025-01-30 00:25:16,024][__main__][INFO] - [0, 33], [27]
[2025-01-30 00:25:16,068][__main__][INFO] - [0, 34], [27]
[2025-01-30 00:25:16,110][__main__][INFO] - [0, 35], [27]
[2025-01-30 00:25:16,152][__main__][INFO] - [0, 36], [27]
[2025-01-30 00:25:16,194][__main__][INFO] - [0, 37], [27]
[2025-01-30 00:25:16,236][__main__][INFO] - [0, 38], [27]
[2025-01-30 00:25:16,278][__main__][INFO] - [0, 39], [27]
[2025-01-30 00:25:16,378][__main__][INFO] - [0, 28, 31], []
[2025-01-30 00:25:16,421][__main__][INFO] - [0, 28], [31]
[2025-01-30 00:25:16,463][__main__][INFO] - [0, 28, 32], []
[2025-01-30 00:25:16,505][__main__][INFO] - [0, 28, 33], []
[2025-01-30 00:25:16,548][__main__][INFO] - [0, 28, 34], []
[2025-01-30 00:25:16,590][__main__][INFO] - [0, 28, 35], []
[2025-01-30 00:25:16,633][__main__][INFO] - [0, 28, 36], []
[2025-01-30 00:25:16,674][__main__][INFO] - [0, 28, 37], []
[2025-01-30 00:25:16,716][__main__][INFO] - [0, 28, 38], []
[2025-01-30 00:25:16,758][__main__][INFO] - [0, 28, 39], []
[2025-01-30 00:25:16,858][__main__][INFO] - [0, 29, 31], []
[2025-01-30 00:25:16,899][__main__][INFO] - [0, 29], [31]
[2025-01-30 00:25:16,941][__main__][INFO] - [0, 29, 32], []
[2025-01-30 00:25:16,983][__main__][INFO] - [0, 29, 33], []
[2025-01-30 00:25:17,025][__main__][INFO] - [0, 29, 34], []
[2025-01-30 00:25:17,066][__main__][INFO] - [0, 29, 35], []
[2025-01-30 00:25:17,108][__main__][INFO] - [0, 29, 36], []
[2025-01-30 00:25:17,296][__main__][INFO] - [0, 30, 31], []
[2025-01-30 00:25:17,338][__main__][INFO] - [0, 30], [31]
[2025-01-30 00:25:17,381][__main__][INFO] - [0, 30, 32], []
[2025-01-30 00:25:17,423][__main__][INFO] - [0, 30, 33], []
[2025-01-30 00:25:17,465][__main__][INFO] - [0, 30, 34], []
[2025-01-30 00:25:17,507][__main__][INFO] - [0, 30, 35], []
[2025-01-30 00:25:17,549][__main__][INFO] - [0, 30, 36], []
[2025-01-30 00:25:17,591][__main__][INFO] - [0, 30, 37], []
[2025-01-30 00:25:17,633][__main__][INFO] - [0, 30, 38], []
[2025-01-30 00:25:17,675][__main__][INFO] - [0, 30, 39], []
[2025-01-30 00:25:17,774][__main__][INFO] - [0, 31, 32], []
[2025-01-30 00:25:17,816][__main__][INFO] - [0, 31, 33], []
[2025-01-30 00:25:17,859][__main__][INFO] - [0, 31, 34], []
[2025-01-30 00:25:17,901][__main__][INFO] - [0, 31, 35], []
[2025-01-30 00:25:17,943][__main__][INFO] - [0, 31, 36], []
[2025-01-30 00:25:17,985][__main__][INFO] - [0, 31, 37], []
[2025-01-30 00:25:18,027][__main__][INFO] - [0, 31, 38], []
[2025-01-30 00:25:18,068][__main__][INFO] - [0, 31, 39], []
[2025-01-30 00:25:18,168][__main__][INFO] - [0, 32], [31]
[2025-01-30 00:25:18,210][__main__][INFO] - [0, 33], [31]
[2025-01-30 00:25:18,253][__main__][INFO] - [0, 34], [31]
[2025-01-30 00:25:18,294][__main__][INFO] - [0, 35], [31]
[2025-01-30 00:25:18,336][__main__][INFO] - [0, 36], [31]
[2025-01-30 00:25:18,378][__main__][INFO] - [0, 37], [31]
[2025-01-30 00:25:18,419][__main__][INFO] - [0, 38], [31]
[2025-01-30 00:25:18,461][__main__][INFO] - [0, 39], [31]
[2025-01-30 00:25:18,589][__main__][INFO] - [1, 10, 11], []
[2025-01-30 00:25:18,652][__main__][INFO] - [1, 10, 12], []
[2025-01-30 00:25:18,695][__main__][INFO] - [1, 10, 13], []
[2025-01-30 00:25:18,738][__main__][INFO] - [1, 10, 14], []
[2025-01-30 00:25:18,810][__main__][INFO] - [1, 10, 16], []
[2025-01-30 00:25:18,949][__main__][INFO] - [1, 10, 20], []
[2025-01-30 00:25:19,003][__main__][INFO] - [1, 10, 21], []
[2025-01-30 00:25:19,055][__main__][INFO] - [1, 10, 22], []
[2025-01-30 00:25:19,101][__main__][INFO] - [1, 10, 23], []
[2025-01-30 00:25:19,147][__main__][INFO] - [1, 10, 24], []
[2025-01-30 00:25:19,189][__main__][INFO] - [1, 10, 25], []
[2025-01-30 00:25:19,232][__main__][INFO] - [1, 10], [25]
[2025-01-30 00:25:19,296][__main__][INFO] - [1, 10, 26], []
[2025-01-30 00:25:19,340][__main__][INFO] - [1, 10], [26]
[2025-01-30 00:25:19,401][__main__][INFO] - [1, 10, 27], []
[2025-01-30 00:25:19,447][__main__][INFO] - [1, 10], [27]
[2025-01-30 00:25:19,507][__main__][INFO] - [1, 10, 28], []
[2025-01-30 00:25:19,554][__main__][INFO] - [1, 10, 29], []
[2025-01-30 00:25:19,638][__main__][INFO] - [1, 10, 31], []
[2025-01-30 00:25:19,687][__main__][INFO] - [1, 10], [31]
[2025-01-30 00:25:19,740][__main__][INFO] - [1, 10, 32], []
[2025-01-30 00:25:19,784][__main__][INFO] - [1, 10, 33], []
[2025-01-30 00:25:19,835][__main__][INFO] - [1, 10, 34], []
[2025-01-30 00:25:19,879][__main__][INFO] - [1, 10, 35], []
[2025-01-30 00:25:19,923][__main__][INFO] - [1, 10, 36], []
[2025-01-30 00:25:19,967][__main__][INFO] - [1, 10, 37], []
[2025-01-30 00:25:20,127][__main__][INFO] - [1, 11], [10]
[2025-01-30 00:25:20,571][__main__][INFO] - [1, 12], [10]
[2025-01-30 00:25:20,629][__main__][INFO] - [1, 13], [10]
[2025-01-30 00:25:20,677][__main__][INFO] - [1, 14], [10]
[2025-01-30 00:25:20,724][__main__][INFO] - [1, 15], [10]
[2025-01-30 00:25:20,767][__main__][INFO] - [1, 16], [10]
[2025-01-30 00:25:20,897][__main__][INFO] - [1, 17], [10]
[2025-01-30 00:25:20,940][__main__][INFO] - [1, 18], [10]
[2025-01-30 00:25:21,011][__main__][INFO] - [1, 20], [10]
[2025-01-30 00:25:21,392][__main__][INFO] - [1, 21], [10]
[2025-01-30 00:25:21,677][__main__][INFO] - [1, 22], [10]
[2025-01-30 00:25:21,811][__main__][INFO] - [1, 23], [10]
[2025-01-30 00:25:21,916][__main__][INFO] - [1, 24], [10]
[2025-01-30 00:25:21,962][__main__][INFO] - [1, 25], [10]
[2025-01-30 00:25:22,031][__main__][INFO] - [1], [10, 25]
[2025-01-30 00:25:22,502][__main__][INFO] - [1], [10, 26]
[2025-01-30 00:25:23,010][__main__][INFO] - [1], [10, 27]
[2025-01-30 00:25:23,486][__main__][INFO] - [1, 28], [10]
[2025-01-30 00:25:24,022][__main__][INFO] - [1, 31], [10]
[2025-01-30 00:25:24,259][__main__][INFO] - [1], [10, 31]
[2025-01-30 00:25:24,506][__main__][INFO] - [1, 32], [10]
[2025-01-30 00:25:24,599][__main__][INFO] - [1, 33], [10]
[2025-01-30 00:25:24,865][__main__][INFO] - [1, 34], [10]
[2025-01-30 00:25:24,933][__main__][INFO] - [1, 35], [10]
[2025-01-30 00:25:25,021][__main__][INFO] - [1, 36], [10]
[2025-01-30 00:25:25,076][__main__][INFO] - [1, 37], [10]
[2025-01-30 00:25:25,121][__main__][INFO] - [1, 38], [10]
[2025-01-30 00:25:25,165][__main__][INFO] - [1, 39], [10]
[2025-01-30 00:25:25,266][__main__][INFO] - [1, 11, 16], []
[2025-01-30 00:25:25,393][__main__][INFO] - [1, 11, 17], []
[2025-01-30 00:25:25,436][__main__][INFO] - [1, 11, 18], []
[2025-01-30 00:25:25,478][__main__][INFO] - [1, 11, 19], []
[2025-01-30 00:25:25,520][__main__][INFO] - [1, 11, 20], []
[2025-01-30 00:25:25,883][__main__][INFO] - [1, 11, 21], []
[2025-01-30 00:25:26,152][__main__][INFO] - [1, 11, 22], []
[2025-01-30 00:25:26,290][__main__][INFO] - [1, 11, 23], []
[2025-01-30 00:25:26,391][__main__][INFO] - [1, 11, 24], []
[2025-01-30 00:25:26,466][__main__][INFO] - [1, 11], [25]
[2025-01-30 00:25:26,931][__main__][INFO] - [1, 11, 26], []
[2025-01-30 00:25:26,975][__main__][INFO] - [1, 11], [26]
[2025-01-30 00:25:27,435][__main__][INFO] - [1, 11, 27], []
[2025-01-30 00:25:27,481][__main__][INFO] - [1, 11], [27]
[2025-01-30 00:25:27,936][__main__][INFO] - [1, 11, 28], []
[2025-01-30 00:25:28,381][__main__][INFO] - [1, 11, 29], []
[2025-01-30 00:25:28,464][__main__][INFO] - [1, 11, 31], []
[2025-01-30 00:25:28,694][__main__][INFO] - [1, 11], [31]
[2025-01-30 00:25:28,940][__main__][INFO] - [1, 11, 32], []
[2025-01-30 00:25:29,032][__main__][INFO] - [1, 11, 33], []
[2025-01-30 00:25:29,295][__main__][INFO] - [1, 11, 34], []
[2025-01-30 00:25:29,364][__main__][INFO] - [1, 11, 35], []
[2025-01-30 00:25:29,445][__main__][INFO] - [1, 11, 36], []
[2025-01-30 00:25:29,500][__main__][INFO] - [1, 11, 37], []
[2025-01-30 00:25:29,545][__main__][INFO] - [1, 11, 38], []
[2025-01-30 00:25:29,588][__main__][INFO] - [1, 11, 39], []
[2025-01-30 00:25:29,690][__main__][INFO] - [1, 12, 16], []
[2025-01-30 00:25:29,826][__main__][INFO] - [1, 12, 20], []
[2025-01-30 00:25:29,878][__main__][INFO] - [1, 12, 21], []
[2025-01-30 00:25:29,933][__main__][INFO] - [1, 12, 22], []
[2025-01-30 00:25:29,977][__main__][INFO] - [1, 12, 23], []
[2025-01-30 00:25:30,051][__main__][INFO] - [1, 12, 25], []
[2025-01-30 00:25:30,139][__main__][INFO] - [1, 12, 26], []
[2025-01-30 00:25:30,181][__main__][INFO] - [1, 12], [26]
[2025-01-30 00:25:30,239][__main__][INFO] - [1, 12, 27], []
[2025-01-30 00:25:30,282][__main__][INFO] - [1, 12], [27]
[2025-01-30 00:25:30,340][__main__][INFO] - [1, 12, 28], []
[2025-01-30 00:25:30,399][__main__][INFO] - [1, 12, 29], []
[2025-01-30 00:25:30,471][__main__][INFO] - [1, 12, 31], []
[2025-01-30 00:25:30,521][__main__][INFO] - [1, 12], [31]
[2025-01-30 00:25:30,571][__main__][INFO] - [1, 12, 32], []
[2025-01-30 00:25:30,616][__main__][INFO] - [1, 12, 33], []
[2025-01-30 00:25:30,664][__main__][INFO] - [1, 12, 34], []
[2025-01-30 00:25:30,707][__main__][INFO] - [1, 12, 35], []
[2025-01-30 00:25:30,754][__main__][INFO] - [1, 12, 36], []
[2025-01-30 00:25:30,943][__main__][INFO] - [1, 13, 16], []
[2025-01-30 00:25:31,076][__main__][INFO] - [1, 13, 20], []
[2025-01-30 00:25:31,123][__main__][INFO] - [1, 13, 21], []
[2025-01-30 00:25:31,170][__main__][INFO] - [1, 13, 22], []
[2025-01-30 00:25:31,213][__main__][INFO] - [1, 13, 23], []
[2025-01-30 00:25:31,287][__main__][INFO] - [1, 13, 25], []
[2025-01-30 00:25:31,395][__main__][INFO] - [1, 13], [26]
[2025-01-30 00:25:31,444][__main__][INFO] - [1, 13, 27], []
[2025-01-30 00:25:31,487][__main__][INFO] - [1, 13], [27]
[2025-01-30 00:25:31,536][__main__][INFO] - [1, 13, 28], []
[2025-01-30 00:25:31,585][__main__][INFO] - [1, 13, 29], []
[2025-01-30 00:25:31,658][__main__][INFO] - [1, 13, 31], []
[2025-01-30 00:25:31,703][__main__][INFO] - [1, 13], [31]
[2025-01-30 00:25:31,749][__main__][INFO] - [1, 13, 32], []
[2025-01-30 00:25:31,792][__main__][INFO] - [1, 13, 33], []
[2025-01-30 00:25:31,837][__main__][INFO] - [1, 13, 34], []
[2025-01-30 00:25:31,880][__main__][INFO] - [1, 13, 35], []
[2025-01-30 00:25:31,925][__main__][INFO] - [1, 13, 36], []
[2025-01-30 00:25:32,114][__main__][INFO] - [1, 14, 16], []
[2025-01-30 00:25:32,245][__main__][INFO] - [1, 14, 20], []
[2025-01-30 00:25:32,291][__main__][INFO] - [1, 14, 21], []
[2025-01-30 00:25:32,336][__main__][INFO] - [1, 14, 22], []
[2025-01-30 00:25:32,379][__main__][INFO] - [1, 14, 23], []
[2025-01-30 00:25:32,483][__main__][INFO] - [1, 14], [25]
[2025-01-30 00:25:32,559][__main__][INFO] - [1, 14], [26]
[2025-01-30 00:25:32,606][__main__][INFO] - [1, 14, 27], []
[2025-01-30 00:25:32,648][__main__][INFO] - [1, 14], [27]
[2025-01-30 00:25:32,694][__main__][INFO] - [1, 14, 28], []
[2025-01-30 00:25:32,741][__main__][INFO] - [1, 14, 29], []
[2025-01-30 00:25:32,812][__main__][INFO] - [1, 14, 31], []
[2025-01-30 00:25:32,857][__main__][INFO] - [1, 14], [31]
[2025-01-30 00:25:32,902][__main__][INFO] - [1, 14, 32], []
[2025-01-30 00:25:32,945][__main__][INFO] - [1, 14, 33], []
[2025-01-30 00:25:32,989][__main__][INFO] - [1, 14, 34], []
[2025-01-30 00:25:33,032][__main__][INFO] - [1, 14, 35], []
[2025-01-30 00:25:33,076][__main__][INFO] - [1, 14, 36], []
[2025-01-30 00:25:33,264][__main__][INFO] - [1, 15, 16], []
[2025-01-30 00:25:33,395][__main__][INFO] - [1, 15, 20], []
[2025-01-30 00:25:33,437][__main__][INFO] - [1, 15, 21], []
[2025-01-30 00:25:33,597][__main__][INFO] - [1, 15], [25]
[2025-01-30 00:25:33,670][__main__][INFO] - [1, 15], [26]
[2025-01-30 00:25:33,742][__main__][INFO] - [1, 15], [27]
[2025-01-30 00:25:33,785][__main__][INFO] - [1, 15, 28], []
[2025-01-30 00:25:33,887][__main__][INFO] - [1, 15, 31], []
[2025-01-30 00:25:33,930][__main__][INFO] - [1, 15], [31]
[2025-01-30 00:25:34,265][__main__][INFO] - [1, 16, 21], []
[2025-01-30 00:25:34,364][__main__][INFO] - [1, 16, 22], []
[2025-01-30 00:25:34,424][__main__][INFO] - [1, 16, 23], []
[2025-01-30 00:25:34,479][__main__][INFO] - [1, 16, 24], []
[2025-01-30 00:25:34,522][__main__][INFO] - [1, 16, 25], []
[2025-01-30 00:25:34,572][__main__][INFO] - [1, 16], [25]
[2025-01-30 00:25:34,701][__main__][INFO] - [1, 16, 26], []
[2025-01-30 00:25:34,744][__main__][INFO] - [1, 16], [26]
[2025-01-30 00:25:34,881][__main__][INFO] - [1, 16, 27], []
[2025-01-30 00:25:34,924][__main__][INFO] - [1, 16], [27]
[2025-01-30 00:25:35,060][__main__][INFO] - [1, 16, 28], []
[2025-01-30 00:25:35,193][__main__][INFO] - [1, 16, 29], []
[2025-01-30 00:25:35,268][__main__][INFO] - [1, 16, 31], []
[2025-01-30 00:25:35,354][__main__][INFO] - [1, 16], [31]
[2025-01-30 00:25:35,442][__main__][INFO] - [1, 16, 32], []
[2025-01-30 00:25:35,494][__main__][INFO] - [1, 16, 33], []
[2025-01-30 00:25:35,582][__main__][INFO] - [1, 16, 34], []
[2025-01-30 00:25:35,629][__main__][INFO] - [1, 16, 35], []
[2025-01-30 00:25:35,681][__main__][INFO] - [1, 16, 36], []
[2025-01-30 00:25:35,727][__main__][INFO] - [1, 16, 37], []
[2025-01-30 00:25:35,771][__main__][INFO] - [1, 16, 38], []
[2025-01-30 00:25:35,814][__main__][INFO] - [1, 16, 39], []
[2025-01-30 00:25:35,914][__main__][INFO] - [1, 17, 21], []
[2025-01-30 00:25:36,075][__main__][INFO] - [1, 17], [25]
[2025-01-30 00:25:36,147][__main__][INFO] - [1, 17], [26]
[2025-01-30 00:25:36,220][__main__][INFO] - [1, 17], [27]
[2025-01-30 00:25:36,262][__main__][INFO] - [1, 17, 28], []
[2025-01-30 00:25:36,393][__main__][INFO] - [1, 17], [31]
[2025-01-30 00:25:36,466][__main__][INFO] - [1, 17, 33], []
[2025-01-30 00:25:36,742][__main__][INFO] - [1, 18, 21], []
[2025-01-30 00:25:36,784][__main__][INFO] - [1, 18, 22], []
[2025-01-30 00:25:36,914][__main__][INFO] - [1, 18], [25]
[2025-01-30 00:25:36,985][__main__][INFO] - [1, 18], [26]
[2025-01-30 00:25:37,056][__main__][INFO] - [1, 18], [27]
[2025-01-30 00:25:37,097][__main__][INFO] - [1, 18, 28], []
[2025-01-30 00:25:37,227][__main__][INFO] - [1, 18], [31]
[2025-01-30 00:25:37,298][__main__][INFO] - [1, 18, 33], []
[2025-01-30 00:25:37,720][__main__][INFO] - [1, 19], [25]
[2025-01-30 00:25:37,791][__main__][INFO] - [1, 19], [26]
[2025-01-30 00:25:37,863][__main__][INFO] - [1, 19], [27]
[2025-01-30 00:25:38,344][__main__][INFO] - [1, 20, 21], []
[2025-01-30 00:25:38,571][__main__][INFO] - [1, 20, 22], []
[2025-01-30 00:25:38,690][__main__][INFO] - [1, 20, 23], []
[2025-01-30 00:25:38,783][__main__][INFO] - [1, 20, 24], []
[2025-01-30 00:25:38,828][__main__][INFO] - [1, 20, 25], []
[2025-01-30 00:25:38,885][__main__][INFO] - [1, 20], [25]
[2025-01-30 00:25:39,258][__main__][INFO] - [1, 20, 26], []
[2025-01-30 00:25:39,300][__main__][INFO] - [1, 20], [26]
[2025-01-30 00:25:39,687][__main__][INFO] - [1, 20, 27], []
[2025-01-30 00:25:39,732][__main__][INFO] - [1, 20], [27]
[2025-01-30 00:25:40,118][__main__][INFO] - [1, 20, 28], []
[2025-01-30 00:25:40,495][__main__][INFO] - [1, 20, 29], []
[2025-01-30 00:25:40,576][__main__][INFO] - [1, 20, 31], []
[2025-01-30 00:25:40,771][__main__][INFO] - [1, 20], [31]
[2025-01-30 00:25:40,981][__main__][INFO] - [1, 20, 32], []
[2025-01-30 00:25:41,065][__main__][INFO] - [1, 20, 33], []
[2025-01-30 00:25:41,289][__main__][INFO] - [1, 20, 34], []
[2025-01-30 00:25:41,354][__main__][INFO] - [1, 20, 35], []
[2025-01-30 00:25:41,431][__main__][INFO] - [1, 20, 36], []
[2025-01-30 00:25:41,484][__main__][INFO] - [1, 20, 37], []
[2025-01-30 00:25:41,528][__main__][INFO] - [1, 20, 38], []
[2025-01-30 00:25:41,571][__main__][INFO] - [1, 20, 39], []
[2025-01-30 00:25:41,681][__main__][INFO] - [1, 21, 25], []
[2025-01-30 00:25:41,742][__main__][INFO] - [1, 21], [25]
[2025-01-30 00:25:42,015][__main__][INFO] - [1, 21, 26], []
[2025-01-30 00:25:42,059][__main__][INFO] - [1, 21], [26]
[2025-01-30 00:25:42,350][__main__][INFO] - [1, 21, 27], []
[2025-01-30 00:25:42,395][__main__][INFO] - [1, 21], [27]
[2025-01-30 00:25:42,688][__main__][INFO] - [1, 21, 28], []
[2025-01-30 00:25:42,972][__main__][INFO] - [1, 21, 29], []
[2025-01-30 00:25:43,051][__main__][INFO] - [1, 21, 31], []
[2025-01-30 00:25:43,204][__main__][INFO] - [1, 21], [31]
[2025-01-30 00:25:43,372][__main__][INFO] - [1, 21, 32], []
[2025-01-30 00:25:43,454][__main__][INFO] - [1, 21, 33], []
[2025-01-30 00:25:43,615][__main__][INFO] - [1, 21, 34], []
[2025-01-30 00:25:43,661][__main__][INFO] - [1, 21, 35], []
[2025-01-30 00:25:43,739][__main__][INFO] - [1, 21, 36], []
[2025-01-30 00:25:43,790][__main__][INFO] - [1, 21, 37], []
[2025-01-30 00:25:43,834][__main__][INFO] - [1, 21, 38], []
[2025-01-30 00:25:43,877][__main__][INFO] - [1, 21, 39], []
[2025-01-30 00:25:43,979][__main__][INFO] - [1, 22, 25], []
[2025-01-30 00:25:44,022][__main__][INFO] - [1, 22], [25]
[2025-01-30 00:25:44,162][__main__][INFO] - [1, 22, 26], []
[2025-01-30 00:25:44,206][__main__][INFO] - [1, 22], [26]
[2025-01-30 00:25:44,351][__main__][INFO] - [1, 22, 27], []
[2025-01-30 00:25:44,394][__main__][INFO] - [1, 22], [27]
[2025-01-30 00:25:44,536][__main__][INFO] - [1, 22, 28], []
[2025-01-30 00:25:44,672][__main__][INFO] - [1, 22, 29], []
[2025-01-30 00:25:44,747][__main__][INFO] - [1, 22, 31], []
[2025-01-30 00:25:44,832][__main__][INFO] - [1, 22], [31]
[2025-01-30 00:25:44,920][__main__][INFO] - [1, 22, 32], []
[2025-01-30 00:25:44,966][__main__][INFO] - [1, 22, 33], []
[2025-01-30 00:25:45,065][__main__][INFO] - [1, 22, 34], []
[2025-01-30 00:25:45,126][__main__][INFO] - [1, 22, 35], []
[2025-01-30 00:25:45,173][__main__][INFO] - [1, 22, 36], []
[2025-01-30 00:25:45,217][__main__][INFO] - [1, 22, 37], []
[2025-01-30 00:25:45,260][__main__][INFO] - [1, 22, 38], []
[2025-01-30 00:25:45,303][__main__][INFO] - [1, 22, 39], []
[2025-01-30 00:25:45,403][__main__][INFO] - [1, 23, 25], []
[2025-01-30 00:25:45,449][__main__][INFO] - [1, 23], [25]
[2025-01-30 00:25:45,556][__main__][INFO] - [1, 23, 26], []
[2025-01-30 00:25:45,600][__main__][INFO] - [1, 23], [26]
[2025-01-30 00:25:45,710][__main__][INFO] - [1, 23, 27], []
[2025-01-30 00:25:45,754][__main__][INFO] - [1, 23], [27]
[2025-01-30 00:25:45,865][__main__][INFO] - [1, 23, 28], []
[2025-01-30 00:25:45,976][__main__][INFO] - [1, 23, 29], []
[2025-01-30 00:25:46,050][__main__][INFO] - [1, 23, 31], []
[2025-01-30 00:25:46,121][__main__][INFO] - [1, 23], [31]
[2025-01-30 00:25:46,195][__main__][INFO] - [1, 23, 32], []
[2025-01-30 00:25:46,245][__main__][INFO] - [1, 23, 33], []
[2025-01-30 00:25:46,323][__main__][INFO] - [1, 23, 34], []
[2025-01-30 00:25:46,369][__main__][INFO] - [1, 23, 35], []
[2025-01-30 00:25:46,418][__main__][INFO] - [1, 23, 36], []
[2025-01-30 00:25:46,462][__main__][INFO] - [1, 23, 37], []
[2025-01-30 00:25:46,505][__main__][INFO] - [1, 23, 38], []
[2025-01-30 00:25:46,547][__main__][INFO] - [1, 23, 39], []
[2025-01-30 00:25:46,677][__main__][INFO] - [1, 24], [25]
[2025-01-30 00:25:46,753][__main__][INFO] - [1, 24], [26]
[2025-01-30 00:25:46,828][__main__][INFO] - [1, 24], [27]
[2025-01-30 00:25:46,873][__main__][INFO] - [1, 24, 28], []
[2025-01-30 00:25:46,919][__main__][INFO] - [1, 24, 29], []
[2025-01-30 00:25:46,990][__main__][INFO] - [1, 24, 31], []
[2025-01-30 00:25:47,034][__main__][INFO] - [1, 24], [31]
[2025-01-30 00:25:47,078][__main__][INFO] - [1, 24, 32], []
[2025-01-30 00:25:47,121][__main__][INFO] - [1, 24, 33], []
[2025-01-30 00:25:47,166][__main__][INFO] - [1, 24, 34], []
[2025-01-30 00:25:47,209][__main__][INFO] - [1, 24, 35], []
[2025-01-30 00:25:47,251][__main__][INFO] - [1, 24, 36], []
[2025-01-30 00:25:47,439][__main__][INFO] - [1, 25, 26], []
[2025-01-30 00:25:47,481][__main__][INFO] - [1, 25], [26]
[2025-01-30 00:25:47,550][__main__][INFO] - [1, 25, 27], []
[2025-01-30 00:25:47,593][__main__][INFO] - [1, 25], [27]
[2025-01-30 00:25:47,662][__main__][INFO] - [1, 25, 28], []
[2025-01-30 00:25:47,732][__main__][INFO] - [1, 25, 29], []
[2025-01-30 00:25:47,804][__main__][INFO] - [1, 25, 31], []
[2025-01-30 00:25:47,857][__main__][INFO] - [1, 25], [31]
[2025-01-30 00:25:47,910][__main__][INFO] - [1, 25, 32], []
[2025-01-30 00:25:47,956][__main__][INFO] - [1, 25, 33], []
[2025-01-30 00:25:48,006][__main__][INFO] - [1, 25, 34], []
[2025-01-30 00:25:48,049][__main__][INFO] - [1, 25, 35], []
[2025-01-30 00:25:48,099][__main__][INFO] - [1, 25, 36], []
[2025-01-30 00:25:48,172][__main__][INFO] - [1, 25, 38], []
[2025-01-30 00:25:48,302][__main__][INFO] - [1, 26], [25]
[2025-01-30 00:25:48,346][__main__][INFO] - [1], [25, 26]
[2025-01-30 00:25:48,811][__main__][INFO] - [1, 27], [25]
[2025-01-30 00:25:48,856][__main__][INFO] - [1], [25, 27]
[2025-01-30 00:25:49,322][__main__][INFO] - [1, 28], [25]
[2025-01-30 00:25:49,773][__main__][INFO] - [1, 29], [25]
[2025-01-30 00:25:49,856][__main__][INFO] - [1, 31], [25]
[2025-01-30 00:25:50,088][__main__][INFO] - [1], [25, 31]
[2025-01-30 00:25:50,337][__main__][INFO] - [1, 32], [25]
[2025-01-30 00:25:50,428][__main__][INFO] - [1, 33], [25]
[2025-01-30 00:25:50,699][__main__][INFO] - [1, 34], [25]
[2025-01-30 00:25:50,769][__main__][INFO] - [1, 35], [25]
[2025-01-30 00:25:50,849][__main__][INFO] - [1, 36], [25]
[2025-01-30 00:25:50,905][__main__][INFO] - [1, 37], [25]
[2025-01-30 00:25:50,949][__main__][INFO] - [1, 38], [25]
[2025-01-30 00:25:50,993][__main__][INFO] - [1, 39], [25]
[2025-01-30 00:25:51,094][__main__][INFO] - [1, 26, 27], []
[2025-01-30 00:25:51,137][__main__][INFO] - [1, 26], [27]
[2025-01-30 00:25:51,181][__main__][INFO] - [1, 26, 28], []
[2025-01-30 00:25:51,224][__main__][INFO] - [1, 26, 29], []
[2025-01-30 00:25:51,297][__main__][INFO] - [1, 26, 31], []
[2025-01-30 00:25:51,341][__main__][INFO] - [1, 26], [31]
[2025-01-30 00:25:51,384][__main__][INFO] - [1, 26, 32], []
[2025-01-30 00:25:51,428][__main__][INFO] - [1, 26, 33], []
[2025-01-30 00:25:51,471][__main__][INFO] - [1, 26, 34], []
[2025-01-30 00:25:51,513][__main__][INFO] - [1, 26, 35], []
[2025-01-30 00:25:51,731][__main__][INFO] - [1, 27], [26]
[2025-01-30 00:25:51,776][__main__][INFO] - [1], [26, 27]
[2025-01-30 00:25:52,271][__main__][INFO] - [1, 28], [26]
[2025-01-30 00:25:52,749][__main__][INFO] - [1, 29], [26]
[2025-01-30 00:25:52,832][__main__][INFO] - [1, 31], [26]
[2025-01-30 00:25:53,078][__main__][INFO] - [1], [26, 31]
[2025-01-30 00:25:53,341][__main__][INFO] - [1, 32], [26]
[2025-01-30 00:25:53,436][__main__][INFO] - [1, 33], [26]
[2025-01-30 00:25:53,717][__main__][INFO] - [1, 34], [26]
[2025-01-30 00:25:53,787][__main__][INFO] - [1, 35], [26]
[2025-01-30 00:25:53,876][__main__][INFO] - [1, 36], [26]
[2025-01-30 00:25:53,933][__main__][INFO] - [1, 37], [26]
[2025-01-30 00:25:53,978][__main__][INFO] - [1, 38], [26]
[2025-01-30 00:25:54,021][__main__][INFO] - [1, 39], [26]
[2025-01-30 00:25:54,123][__main__][INFO] - [1, 27, 28], []
[2025-01-30 00:25:54,167][__main__][INFO] - [1, 27, 29], []
[2025-01-30 00:25:54,240][__main__][INFO] - [1, 27, 31], []
[2025-01-30 00:25:54,284][__main__][INFO] - [1, 27], [31]
[2025-01-30 00:25:54,328][__main__][INFO] - [1, 27, 32], []
[2025-01-30 00:25:54,371][__main__][INFO] - [1, 27, 33], []
[2025-01-30 00:25:54,416][__main__][INFO] - [1, 27, 34], []
[2025-01-30 00:25:54,459][__main__][INFO] - [1, 27, 35], []
[2025-01-30 00:25:54,502][__main__][INFO] - [1, 27, 36], []
[2025-01-30 00:25:54,691][__main__][INFO] - [1, 28], [27]
[2025-01-30 00:25:55,169][__main__][INFO] - [1, 29], [27]
[2025-01-30 00:25:55,252][__main__][INFO] - [1, 31], [27]
[2025-01-30 00:25:55,494][__main__][INFO] - [1], [27, 31]
[2025-01-30 00:25:55,752][__main__][INFO] - [1, 32], [27]
[2025-01-30 00:25:55,847][__main__][INFO] - [1, 33], [27]
[2025-01-30 00:25:56,124][__main__][INFO] - [1, 34], [27]
[2025-01-30 00:25:56,194][__main__][INFO] - [1, 35], [27]
[2025-01-30 00:25:56,283][__main__][INFO] - [1, 36], [27]
[2025-01-30 00:25:56,340][__main__][INFO] - [1, 37], [27]
[2025-01-30 00:25:56,384][__main__][INFO] - [1, 38], [27]
[2025-01-30 00:25:56,428][__main__][INFO] - [1, 39], [27]
[2025-01-30 00:25:56,529][__main__][INFO] - [1, 28, 31], []
[2025-01-30 00:25:56,778][__main__][INFO] - [1, 28], [31]
[2025-01-30 00:25:57,030][__main__][INFO] - [1, 28, 32], []
[2025-01-30 00:25:57,124][__main__][INFO] - [1, 28, 33], []
[2025-01-30 00:25:57,396][__main__][INFO] - [1, 28, 34], []
[2025-01-30 00:25:57,466][__main__][INFO] - [1, 28, 35], []
[2025-01-30 00:25:57,554][__main__][INFO] - [1, 28, 36], []
[2025-01-30 00:25:57,610][__main__][INFO] - [1, 28, 37], []
[2025-01-30 00:25:57,655][__main__][INFO] - [1, 28, 38], []
[2025-01-30 00:25:57,698][__main__][INFO] - [1, 28, 39], []
[2025-01-30 00:25:57,799][__main__][INFO] - [1, 29, 31], []
[2025-01-30 00:25:57,846][__main__][INFO] - [1, 29], [31]
[2025-01-30 00:25:57,895][__main__][INFO] - [1, 29, 32], []
[2025-01-30 00:25:57,939][__main__][INFO] - [1, 29, 33], []
[2025-01-30 00:25:57,988][__main__][INFO] - [1, 29, 34], []
[2025-01-30 00:25:58,032][__main__][INFO] - [1, 29, 35], []
[2025-01-30 00:25:58,075][__main__][INFO] - [1, 29, 36], []
[2025-01-30 00:25:58,117][__main__][INFO] - [1, 29, 37], []
[2025-01-30 00:25:58,305][__main__][INFO] - [1, 31, 32], []
[2025-01-30 00:25:58,370][__main__][INFO] - [1, 31, 33], []
[2025-01-30 00:25:58,515][__main__][INFO] - [1, 31, 34], []
[2025-01-30 00:25:58,569][__main__][INFO] - [1, 31, 35], []
[2025-01-30 00:25:58,632][__main__][INFO] - [1, 31, 36], []
[2025-01-30 00:25:58,680][__main__][INFO] - [1, 31, 37], []
[2025-01-30 00:25:58,724][__main__][INFO] - [1, 31, 38], []
[2025-01-30 00:25:58,767][__main__][INFO] - [1, 31, 39], []
[2025-01-30 00:25:58,868][__main__][INFO] - [1, 32], [31]
[2025-01-30 00:25:58,936][__main__][INFO] - [1, 33], [31]
[2025-01-30 00:25:59,089][__main__][INFO] - [1, 34], [31]
[2025-01-30 00:25:59,145][__main__][INFO] - [1, 35], [31]
[2025-01-30 00:25:59,209][__main__][INFO] - [1, 36], [31]
[2025-01-30 00:25:59,258][__main__][INFO] - [1, 37], [31]
[2025-01-30 00:25:59,302][__main__][INFO] - [1, 38], [31]
[2025-01-30 00:25:59,345][__main__][INFO] - [1, 39], [31]
[2025-01-30 00:25:59,474][__main__][INFO] - [2, 10, 11], []
[2025-01-30 00:25:59,541][__main__][INFO] - [2, 10, 12], []
[2025-01-30 00:25:59,585][__main__][INFO] - [2, 10, 13], []
[2025-01-30 00:25:59,628][__main__][INFO] - [2, 10, 14], []
[2025-01-30 00:25:59,701][__main__][INFO] - [2, 10, 16], []
[2025-01-30 00:25:59,772][__main__][INFO] - [2, 10, 17], []
[2025-01-30 00:25:59,815][__main__][INFO] - [2, 10, 18], []
[2025-01-30 00:25:59,857][__main__][INFO] - [2, 10, 19], []
[2025-01-30 00:25:59,929][__main__][INFO] - [2, 10, 21], []
[2025-01-30 00:25:59,987][__main__][INFO] - [2, 10, 22], []
[2025-01-30 00:26:00,035][__main__][INFO] - [2, 10, 23], []
[2025-01-30 00:26:00,081][__main__][INFO] - [2, 10, 24], []
[2025-01-30 00:26:00,124][__main__][INFO] - [2, 10, 25], []
[2025-01-30 00:26:00,169][__main__][INFO] - [2, 10], [25]
[2025-01-30 00:26:00,237][__main__][INFO] - [2, 10, 26], []
[2025-01-30 00:26:00,282][__main__][INFO] - [2, 10], [26]
[2025-01-30 00:26:00,349][__main__][INFO] - [2, 10, 27], []
[2025-01-30 00:26:00,399][__main__][INFO] - [2, 10], [27]
[2025-01-30 00:26:00,463][__main__][INFO] - [2, 10, 28], []
[2025-01-30 00:26:00,517][__main__][INFO] - [2, 10, 29], []
[2025-01-30 00:26:00,606][__main__][INFO] - [2, 10, 31], []
[2025-01-30 00:26:00,662][__main__][INFO] - [2, 10], [31]
[2025-01-30 00:26:00,720][__main__][INFO] - [2, 10, 32], []
[2025-01-30 00:26:00,765][__main__][INFO] - [2, 10, 33], []
[2025-01-30 00:26:00,822][__main__][INFO] - [2, 10, 34], []
[2025-01-30 00:26:00,867][__main__][INFO] - [2, 10, 35], []
[2025-01-30 00:26:00,911][__main__][INFO] - [2, 10, 36], []
[2025-01-30 00:26:00,956][__main__][INFO] - [2, 10, 37], []
[2025-01-30 00:26:01,028][__main__][INFO] - [2, 10, 39], []
[2025-01-30 00:26:01,129][__main__][INFO] - [2, 11], [10]
[2025-01-30 00:26:01,568][__main__][INFO] - [2, 12], [10]
[2025-01-30 00:26:01,654][__main__][INFO] - [2, 13], [10]
[2025-01-30 00:26:01,715][__main__][INFO] - [2, 14], [10]
[2025-01-30 00:26:01,761][__main__][INFO] - [2, 15], [10]
[2025-01-30 00:26:01,805][__main__][INFO] - [2, 16], [10]
[2025-01-30 00:26:02,303][__main__][INFO] - [2, 17], [10]
[2025-01-30 00:26:02,350][__main__][INFO] - [2, 18], [10]
[2025-01-30 00:26:02,391][__main__][INFO] - [2, 19], [10]
[2025-01-30 00:26:02,465][__main__][INFO] - [2, 21], [10]
[2025-01-30 00:26:02,791][__main__][INFO] - [2, 22], [10]
[2025-01-30 00:26:02,925][__main__][INFO] - [2, 23], [10]
[2025-01-30 00:26:03,039][__main__][INFO] - [2, 24], [10]
[2025-01-30 00:26:03,084][__main__][INFO] - [2, 25], [10]
[2025-01-30 00:26:03,194][__main__][INFO] - [2], [10, 25]
[2025-01-30 00:26:03,670][__main__][INFO] - [2], [10, 26]
[2025-01-30 00:26:04,233][__main__][INFO] - [2], [10, 27]
[2025-01-30 00:26:04,765][__main__][INFO] - [2, 28], [10]
[2025-01-30 00:26:05,356][__main__][INFO] - [2, 31], [10]
[2025-01-30 00:26:05,617][__main__][INFO] - [2], [10, 31]
[2025-01-30 00:26:05,886][__main__][INFO] - [2, 32], [10]
[2025-01-30 00:26:05,986][__main__][INFO] - [2, 33], [10]
[2025-01-30 00:26:06,278][__main__][INFO] - [2, 34], [10]
[2025-01-30 00:26:06,340][__main__][INFO] - [2, 35], [10]
[2025-01-30 00:26:06,438][__main__][INFO] - [2, 36], [10]
[2025-01-30 00:26:06,497][__main__][INFO] - [2, 37], [10]
[2025-01-30 00:26:06,541][__main__][INFO] - [2, 38], [10]
[2025-01-30 00:26:06,585][__main__][INFO] - [2, 39], [10]
[2025-01-30 00:26:06,687][__main__][INFO] - [2, 11, 16], []
[2025-01-30 00:26:07,137][__main__][INFO] - [2, 11, 17], []
[2025-01-30 00:26:07,183][__main__][INFO] - [2, 11, 18], []
[2025-01-30 00:26:07,225][__main__][INFO] - [2, 11, 19], []
[2025-01-30 00:26:07,298][__main__][INFO] - [2, 11, 21], []
[2025-01-30 00:26:07,565][__main__][INFO] - [2, 11, 22], []
[2025-01-30 00:26:07,705][__main__][INFO] - [2, 11, 23], []
[2025-01-30 00:26:07,808][__main__][INFO] - [2, 11, 24], []
[2025-01-30 00:26:07,883][__main__][INFO] - [2, 11], [25]
[2025-01-30 00:26:08,351][__main__][INFO] - [2, 11, 26], []
[2025-01-30 00:26:08,396][__main__][INFO] - [2, 11], [26]
[2025-01-30 00:26:08,864][__main__][INFO] - [2, 11, 27], []
[2025-01-30 00:26:08,910][__main__][INFO] - [2, 11], [27]
[2025-01-30 00:26:09,369][__main__][INFO] - [2, 11, 28], []
[2025-01-30 00:26:09,819][__main__][INFO] - [2, 11, 29], []
[2025-01-30 00:26:09,907][__main__][INFO] - [2, 11, 31], []
[2025-01-30 00:26:10,139][__main__][INFO] - [2, 11], [31]
[2025-01-30 00:26:10,386][__main__][INFO] - [2, 11, 32], []
[2025-01-30 00:26:10,477][__main__][INFO] - [2, 11, 33], []
[2025-01-30 00:26:10,756][__main__][INFO] - [2, 11, 34], []
[2025-01-30 00:26:10,818][__main__][INFO] - [2, 11, 35], []
[2025-01-30 00:26:10,892][__main__][INFO] - [2, 11, 36], []
[2025-01-30 00:26:10,952][__main__][INFO] - [2, 11, 37], []
[2025-01-30 00:26:10,996][__main__][INFO] - [2, 11, 38], []
[2025-01-30 00:26:11,040][__main__][INFO] - [2, 11, 39], []
[2025-01-30 00:26:11,141][__main__][INFO] - [2, 12, 16], []
[2025-01-30 00:26:11,232][__main__][INFO] - [2, 12, 17], []
[2025-01-30 00:26:11,364][__main__][INFO] - [2, 12, 21], []
[2025-01-30 00:26:11,442][__main__][INFO] - [2, 12, 22], []
[2025-01-30 00:26:11,487][__main__][INFO] - [2, 12, 23], []
[2025-01-30 00:26:11,534][__main__][INFO] - [2, 12, 24], []
[2025-01-30 00:26:11,577][__main__][INFO] - [2, 12, 25], []
[2025-01-30 00:26:11,709][__main__][INFO] - [2, 12, 26], []
[2025-01-30 00:26:11,752][__main__][INFO] - [2, 12], [26]
[2025-01-30 00:26:11,842][__main__][INFO] - [2, 12, 27], []
[2025-01-30 00:26:11,885][__main__][INFO] - [2, 12], [27]
[2025-01-30 00:26:11,972][__main__][INFO] - [2, 12, 28], []
[2025-01-30 00:26:12,062][__main__][INFO] - [2, 12, 29], []
[2025-01-30 00:26:12,136][__main__][INFO] - [2, 12, 31], []
[2025-01-30 00:26:12,198][__main__][INFO] - [2, 12], [31]
[2025-01-30 00:26:12,261][__main__][INFO] - [2, 12, 32], []
[2025-01-30 00:26:12,311][__main__][INFO] - [2, 12, 33], []
[2025-01-30 00:26:12,368][__main__][INFO] - [2, 12, 34], []
[2025-01-30 00:26:12,411][__main__][INFO] - [2, 12, 35], []
[2025-01-30 00:26:12,468][__main__][INFO] - [2, 12, 36], []
[2025-01-30 00:26:12,511][__main__][INFO] - [2, 12, 37], []
[2025-01-30 00:26:12,554][__main__][INFO] - [2, 12, 38], []
[2025-01-30 00:26:12,684][__main__][INFO] - [2, 13, 16], []
[2025-01-30 00:26:12,744][__main__][INFO] - [2, 13, 17], []
[2025-01-30 00:26:12,787][__main__][INFO] - [2, 13, 18], []
[2025-01-30 00:26:12,829][__main__][INFO] - [2, 13, 19], []
[2025-01-30 00:26:12,902][__main__][INFO] - [2, 13, 21], []
[2025-01-30 00:26:12,958][__main__][INFO] - [2, 13, 22], []
[2025-01-30 00:26:13,002][__main__][INFO] - [2, 13, 23], []
[2025-01-30 00:26:13,048][__main__][INFO] - [2, 13, 24], []
[2025-01-30 00:26:13,091][__main__][INFO] - [2, 13, 25], []
[2025-01-30 00:26:13,185][__main__][INFO] - [2, 13, 26], []
[2025-01-30 00:26:13,228][__main__][INFO] - [2, 13], [26]
[2025-01-30 00:26:13,293][__main__][INFO] - [2, 13, 27], []
[2025-01-30 00:26:13,336][__main__][INFO] - [2, 13], [27]
[2025-01-30 00:26:13,397][__main__][INFO] - [2, 13, 28], []
[2025-01-30 00:26:13,457][__main__][INFO] - [2, 13, 29], []
[2025-01-30 00:26:13,530][__main__][INFO] - [2, 13, 31], []
[2025-01-30 00:26:13,581][__main__][INFO] - [2, 13], [31]
[2025-01-30 00:26:13,632][__main__][INFO] - [2, 13, 32], []
[2025-01-30 00:26:13,677][__main__][INFO] - [2, 13, 33], []
[2025-01-30 00:26:13,725][__main__][INFO] - [2, 13, 34], []
[2025-01-30 00:26:13,768][__main__][INFO] - [2, 13, 35], []
[2025-01-30 00:26:13,818][__main__][INFO] - [2, 13, 36], []
[2025-01-30 00:26:13,891][__main__][INFO] - [2, 13, 38], []
[2025-01-30 00:26:14,021][__main__][INFO] - [2, 14, 16], []
[2025-01-30 00:26:14,068][__main__][INFO] - [2, 14, 17], []
[2025-01-30 00:26:14,111][__main__][INFO] - [2, 14, 18], []
[2025-01-30 00:26:14,212][__main__][INFO] - [2, 14, 21], []
[2025-01-30 00:26:14,257][__main__][INFO] - [2, 14, 22], []
[2025-01-30 00:26:14,300][__main__][INFO] - [2, 14, 23], []
[2025-01-30 00:26:14,403][__main__][INFO] - [2, 14], [25]
[2025-01-30 00:26:14,480][__main__][INFO] - [2, 14], [26]
[2025-01-30 00:26:14,556][__main__][INFO] - [2, 14], [27]
[2025-01-30 00:26:14,603][__main__][INFO] - [2, 14, 28], []
[2025-01-30 00:26:14,650][__main__][INFO] - [2, 14, 29], []
[2025-01-30 00:26:14,722][__main__][INFO] - [2, 14, 31], []
[2025-01-30 00:26:14,767][__main__][INFO] - [2, 14], [31]
[2025-01-30 00:26:14,812][__main__][INFO] - [2, 14, 32], []
[2025-01-30 00:26:14,855][__main__][INFO] - [2, 14, 33], []
[2025-01-30 00:26:14,899][__main__][INFO] - [2, 14, 34], []
[2025-01-30 00:26:14,942][__main__][INFO] - [2, 14, 35], []
[2025-01-30 00:26:14,986][__main__][INFO] - [2, 14, 36], []
[2025-01-30 00:26:15,175][__main__][INFO] - [2, 15, 16], []
[2025-01-30 00:26:15,336][__main__][INFO] - [2, 15, 21], []
[2025-01-30 00:26:15,379][__main__][INFO] - [2, 15, 22], []
[2025-01-30 00:26:15,422][__main__][INFO] - [2, 15, 23], []
[2025-01-30 00:26:15,524][__main__][INFO] - [2, 15], [25]
[2025-01-30 00:26:15,597][__main__][INFO] - [2, 15], [26]
[2025-01-30 00:26:15,669][__main__][INFO] - [2, 15], [27]
[2025-01-30 00:26:15,712][__main__][INFO] - [2, 15, 28], []
[2025-01-30 00:26:15,814][__main__][INFO] - [2, 15, 31], []
[2025-01-30 00:26:15,857][__main__][INFO] - [2, 15], [31]
[2025-01-30 00:26:15,900][__main__][INFO] - [2, 15, 32], []
[2025-01-30 00:26:15,943][__main__][INFO] - [2, 15, 33], []
[2025-01-30 00:26:16,015][__main__][INFO] - [2, 15, 35], []
[2025-01-30 00:26:16,117][__main__][INFO] - [2, 15, 38], []
[2025-01-30 00:26:16,247][__main__][INFO] - [2, 16, 21], []
[2025-01-30 00:26:16,569][__main__][INFO] - [2, 16, 22], []
[2025-01-30 00:26:16,708][__main__][INFO] - [2, 16, 23], []
[2025-01-30 00:26:16,824][__main__][INFO] - [2, 16, 24], []
[2025-01-30 00:26:16,870][__main__][INFO] - [2, 16, 25], []
[2025-01-30 00:26:16,983][__main__][INFO] - [2, 16], [25]
[2025-01-30 00:26:17,439][__main__][INFO] - [2, 16, 26], []
[2025-01-30 00:26:17,484][__main__][INFO] - [2, 16], [26]
[2025-01-30 00:26:18,019][__main__][INFO] - [2, 16, 27], []
[2025-01-30 00:26:18,069][__main__][INFO] - [2, 16], [27]
[2025-01-30 00:26:18,601][__main__][INFO] - [2, 16, 28], []
[2025-01-30 00:26:19,119][__main__][INFO] - [2, 16, 29], []
[2025-01-30 00:26:19,208][__main__][INFO] - [2, 16, 31], []
[2025-01-30 00:26:19,481][__main__][INFO] - [2, 16], [31]
[2025-01-30 00:26:19,756][__main__][INFO] - [2, 16, 32], []
[2025-01-30 00:26:19,857][__main__][INFO] - [2, 16, 33], []
[2025-01-30 00:26:20,157][__main__][INFO] - [2, 16, 34], []
[2025-01-30 00:26:20,219][__main__][INFO] - [2, 16, 35], []
[2025-01-30 00:26:20,319][__main__][INFO] - [2, 16, 36], []
[2025-01-30 00:26:20,378][__main__][INFO] - [2, 16, 37], []
[2025-01-30 00:26:20,423][__main__][INFO] - [2, 16, 38], []
[2025-01-30 00:26:20,467][__main__][INFO] - [2, 16, 39], []
[2025-01-30 00:26:20,568][__main__][INFO] - [2, 17, 21], []
[2025-01-30 00:26:20,613][__main__][INFO] - [2, 17, 22], []
[2025-01-30 00:26:20,657][__main__][INFO] - [2, 17, 23], []
[2025-01-30 00:26:20,700][__main__][INFO] - [2, 17, 24], []
[2025-01-30 00:26:20,743][__main__][INFO] - [2, 17, 25], []
[2025-01-30 00:26:20,786][__main__][INFO] - [2, 17], [25]
[2025-01-30 00:26:20,832][__main__][INFO] - [2, 17, 26], []
[2025-01-30 00:26:20,875][__main__][INFO] - [2, 17], [26]
[2025-01-30 00:26:20,951][__main__][INFO] - [2, 17], [27]
[2025-01-30 00:26:20,997][__main__][INFO] - [2, 17, 28], []
[2025-01-30 00:26:21,043][__main__][INFO] - [2, 17, 29], []
[2025-01-30 00:26:21,115][__main__][INFO] - [2, 17, 31], []
[2025-01-30 00:26:21,159][__main__][INFO] - [2, 17], [31]
[2025-01-30 00:26:21,204][__main__][INFO] - [2, 17, 32], []
[2025-01-30 00:26:21,247][__main__][INFO] - [2, 17, 33], []
[2025-01-30 00:26:21,292][__main__][INFO] - [2, 17, 34], []
[2025-01-30 00:26:21,334][__main__][INFO] - [2, 17, 35], []
[2025-01-30 00:26:21,377][__main__][INFO] - [2, 17, 36], []
[2025-01-30 00:26:21,566][__main__][INFO] - [2, 18, 21], []
[2025-01-30 00:26:21,608][__main__][INFO] - [2, 18, 22], []
[2025-01-30 00:26:21,650][__main__][INFO] - [2, 18, 23], []
[2025-01-30 00:26:21,721][__main__][INFO] - [2, 18, 25], []
[2025-01-30 00:26:21,763][__main__][INFO] - [2, 18], [25]
[2025-01-30 00:26:21,833][__main__][INFO] - [2, 18], [26]
[2025-01-30 00:26:21,904][__main__][INFO] - [2, 18], [27]
[2025-01-30 00:26:21,946][__main__][INFO] - [2, 18, 28], []
[2025-01-30 00:26:22,046][__main__][INFO] - [2, 18, 31], []
[2025-01-30 00:26:22,088][__main__][INFO] - [2, 18], [31]
[2025-01-30 00:26:22,129][__main__][INFO] - [2, 18, 32], []
[2025-01-30 00:26:22,171][__main__][INFO] - [2, 18, 33], []
[2025-01-30 00:26:22,213][__main__][INFO] - [2, 18, 34], []
[2025-01-30 00:26:22,254][__main__][INFO] - [2, 18, 35], []
[2025-01-30 00:26:22,296][__main__][INFO] - [2, 18, 36], []
[2025-01-30 00:26:22,483][__main__][INFO] - [2, 19, 21], []
[2025-01-30 00:26:22,527][__main__][INFO] - [2, 19, 22], []
[2025-01-30 00:26:22,570][__main__][INFO] - [2, 19, 23], []
[2025-01-30 00:26:22,642][__main__][INFO] - [2, 19, 25], []
[2025-01-30 00:26:22,686][__main__][INFO] - [2, 19], [25]
[2025-01-30 00:26:22,759][__main__][INFO] - [2, 19], [26]
[2025-01-30 00:26:22,833][__main__][INFO] - [2, 19], [27]
[2025-01-30 00:26:22,877][__main__][INFO] - [2, 19, 28], []
[2025-01-30 00:26:22,979][__main__][INFO] - [2, 19, 31], []
[2025-01-30 00:26:23,022][__main__][INFO] - [2, 19], [31]
[2025-01-30 00:26:23,066][__main__][INFO] - [2, 19, 32], []
[2025-01-30 00:26:23,109][__main__][INFO] - [2, 19, 33], []
[2025-01-30 00:26:23,152][__main__][INFO] - [2, 19, 34], []
[2025-01-30 00:26:23,195][__main__][INFO] - [2, 19, 35], []
[2025-01-30 00:26:23,238][__main__][INFO] - [2, 19, 36], []
[2025-01-30 00:26:23,455][__main__][INFO] - [2, 21, 25], []
[2025-01-30 00:26:23,553][__main__][INFO] - [2, 21], [25]
[2025-01-30 00:26:23,824][__main__][INFO] - [2, 21, 26], []
[2025-01-30 00:26:23,868][__main__][INFO] - [2, 21], [26]
[2025-01-30 00:26:24,199][__main__][INFO] - [2, 21, 27], []
[2025-01-30 00:26:24,244][__main__][INFO] - [2, 21], [27]
[2025-01-30 00:26:24,574][__main__][INFO] - [2, 21, 28], []
[2025-01-30 00:26:24,900][__main__][INFO] - [2, 21, 29], []
[2025-01-30 00:26:24,979][__main__][INFO] - [2, 21, 31], []
[2025-01-30 00:26:25,153][__main__][INFO] - [2, 21], [31]
[2025-01-30 00:26:25,337][__main__][INFO] - [2, 21, 32], []
[2025-01-30 00:26:25,424][__main__][INFO] - [2, 21, 33], []
[2025-01-30 00:26:25,600][__main__][INFO] - [2, 21, 34], []
[2025-01-30 00:26:25,647][__main__][INFO] - [2, 21, 35], []
[2025-01-30 00:26:25,732][__main__][INFO] - [2, 21, 36], []
[2025-01-30 00:26:25,787][__main__][INFO] - [2, 21, 37], []
[2025-01-30 00:26:25,831][__main__][INFO] - [2, 21, 38], []
[2025-01-30 00:26:25,874][__main__][INFO] - [2, 21, 39], []
[2025-01-30 00:26:25,976][__main__][INFO] - [2, 22, 25], []
[2025-01-30 00:26:26,021][__main__][INFO] - [2, 22], [25]
[2025-01-30 00:26:26,161][__main__][INFO] - [2, 22, 26], []
[2025-01-30 00:26:26,205][__main__][INFO] - [2, 22], [26]
[2025-01-30 00:26:26,348][__main__][INFO] - [2, 22, 27], []
[2025-01-30 00:26:26,391][__main__][INFO] - [2, 22], [27]
[2025-01-30 00:26:26,535][__main__][INFO] - [2, 22, 28], []
[2025-01-30 00:26:26,684][__main__][INFO] - [2, 22, 29], []
[2025-01-30 00:26:26,760][__main__][INFO] - [2, 22, 31], []
[2025-01-30 00:26:26,847][__main__][INFO] - [2, 22], [31]
[2025-01-30 00:26:26,935][__main__][INFO] - [2, 22, 32], []
[2025-01-30 00:26:26,981][__main__][INFO] - [2, 22, 33], []
[2025-01-30 00:26:27,088][__main__][INFO] - [2, 22, 34], []
[2025-01-30 00:26:27,142][__main__][INFO] - [2, 22, 35], []
[2025-01-30 00:26:27,188][__main__][INFO] - [2, 22, 36], []
[2025-01-30 00:26:27,233][__main__][INFO] - [2, 22, 37], []
[2025-01-30 00:26:27,276][__main__][INFO] - [2, 22, 38], []
[2025-01-30 00:26:27,319][__main__][INFO] - [2, 22, 39], []
[2025-01-30 00:26:27,420][__main__][INFO] - [2, 23, 25], []
[2025-01-30 00:26:27,471][__main__][INFO] - [2, 23], [25]
[2025-01-30 00:26:27,579][__main__][INFO] - [2, 23, 26], []
[2025-01-30 00:26:27,622][__main__][INFO] - [2, 23], [26]
[2025-01-30 00:26:27,740][__main__][INFO] - [2, 23, 27], []
[2025-01-30 00:26:27,783][__main__][INFO] - [2, 23], [27]
[2025-01-30 00:26:27,901][__main__][INFO] - [2, 23, 28], []
[2025-01-30 00:26:28,017][__main__][INFO] - [2, 23, 29], []
[2025-01-30 00:26:28,092][__main__][INFO] - [2, 23, 31], []
[2025-01-30 00:26:28,166][__main__][INFO] - [2, 23], [31]
[2025-01-30 00:26:28,245][__main__][INFO] - [2, 23, 32], []
[2025-01-30 00:26:28,296][__main__][INFO] - [2, 23, 33], []
[2025-01-30 00:26:28,377][__main__][INFO] - [2, 23, 34], []
[2025-01-30 00:26:28,423][__main__][INFO] - [2, 23, 35], []
[2025-01-30 00:26:28,472][__main__][INFO] - [2, 23, 36], []
[2025-01-30 00:26:28,518][__main__][INFO] - [2, 23, 37], []
[2025-01-30 00:26:28,561][__main__][INFO] - [2, 23, 38], []
[2025-01-30 00:26:28,604][__main__][INFO] - [2, 23, 39], []
[2025-01-30 00:26:28,705][__main__][INFO] - [2, 24, 25], []
[2025-01-30 00:26:28,748][__main__][INFO] - [2, 24], [25]
[2025-01-30 00:26:28,823][__main__][INFO] - [2, 24], [26]
[2025-01-30 00:26:28,899][__main__][INFO] - [2, 24], [27]
[2025-01-30 00:26:28,945][__main__][INFO] - [2, 24, 28], []
[2025-01-30 00:26:28,991][__main__][INFO] - [2, 24, 29], []
[2025-01-30 00:26:29,064][__main__][INFO] - [2, 24, 31], []
[2025-01-30 00:26:29,108][__main__][INFO] - [2, 24], [31]
[2025-01-30 00:26:29,152][__main__][INFO] - [2, 24, 32], []
[2025-01-30 00:26:29,195][__main__][INFO] - [2, 24, 33], []
[2025-01-30 00:26:29,240][__main__][INFO] - [2, 24, 34], []
[2025-01-30 00:26:29,284][__main__][INFO] - [2, 24, 35], []
[2025-01-30 00:26:29,327][__main__][INFO] - [2, 24, 36], []
[2025-01-30 00:26:29,515][__main__][INFO] - [2, 25, 26], []
[2025-01-30 00:26:29,558][__main__][INFO] - [2, 25], [26]
[2025-01-30 00:26:29,673][__main__][INFO] - [2, 25, 27], []
[2025-01-30 00:26:29,716][__main__][INFO] - [2, 25], [27]
[2025-01-30 00:26:29,828][__main__][INFO] - [2, 25, 28], []
[2025-01-30 00:26:29,940][__main__][INFO] - [2, 25, 29], []
[2025-01-30 00:26:30,013][__main__][INFO] - [2, 25, 31], []
[2025-01-30 00:26:30,088][__main__][INFO] - [2, 25], [31]
[2025-01-30 00:26:30,166][__main__][INFO] - [2, 25, 32], []
[2025-01-30 00:26:30,218][__main__][INFO] - [2, 25, 33], []
[2025-01-30 00:26:30,282][__main__][INFO] - [2, 25, 34], []
[2025-01-30 00:26:30,325][__main__][INFO] - [2, 25, 35], []
[2025-01-30 00:26:30,391][__main__][INFO] - [2, 25, 36], []
[2025-01-30 00:26:30,435][__main__][INFO] - [2, 25, 37], []
[2025-01-30 00:26:30,478][__main__][INFO] - [2, 25, 38], []
[2025-01-30 00:26:30,608][__main__][INFO] - [2, 26], [25]
[2025-01-30 00:26:30,652][__main__][INFO] - [2], [25, 26]
[2025-01-30 00:26:31,136][__main__][INFO] - [2, 27], [25]
[2025-01-30 00:26:31,182][__main__][INFO] - [2], [25, 27]
[2025-01-30 00:26:31,666][__main__][INFO] - [2, 28], [25]
[2025-01-30 00:26:32,131][__main__][INFO] - [2, 29], [25]
[2025-01-30 00:26:32,219][__main__][INFO] - [2, 31], [25]
[2025-01-30 00:26:32,455][__main__][INFO] - [2], [25, 31]
[2025-01-30 00:26:32,708][__main__][INFO] - [2, 32], [25]
[2025-01-30 00:26:32,800][__main__][INFO] - [2, 33], [25]
[2025-01-30 00:26:33,088][__main__][INFO] - [2, 34], [25]
[2025-01-30 00:26:33,151][__main__][INFO] - [2, 35], [25]
[2025-01-30 00:26:33,227][__main__][INFO] - [2, 36], [25]
[2025-01-30 00:26:33,286][__main__][INFO] - [2, 37], [25]
[2025-01-30 00:26:33,331][__main__][INFO] - [2, 38], [25]
[2025-01-30 00:26:33,375][__main__][INFO] - [2, 39], [25]
[2025-01-30 00:26:33,476][__main__][INFO] - [2, 26, 27], []
[2025-01-30 00:26:33,519][__main__][INFO] - [2, 26], [27]
[2025-01-30 00:26:33,564][__main__][INFO] - [2, 26, 28], []
[2025-01-30 00:26:33,608][__main__][INFO] - [2, 26, 29], []
[2025-01-30 00:26:33,681][__main__][INFO] - [2, 26, 31], []
[2025-01-30 00:26:33,725][__main__][INFO] - [2, 26], [31]
[2025-01-30 00:26:33,769][__main__][INFO] - [2, 26, 32], []
[2025-01-30 00:26:33,812][__main__][INFO] - [2, 26, 33], []
[2025-01-30 00:26:33,856][__main__][INFO] - [2, 26, 34], []
[2025-01-30 00:26:33,899][__main__][INFO] - [2, 26, 35], []
[2025-01-30 00:26:33,942][__main__][INFO] - [2, 26, 36], []
[2025-01-30 00:26:34,131][__main__][INFO] - [2, 27], [26]
[2025-01-30 00:26:34,177][__main__][INFO] - [2], [26, 27]
[2025-01-30 00:26:34,736][__main__][INFO] - [2, 28], [26]
[2025-01-30 00:26:35,287][__main__][INFO] - [2, 29], [26]
[2025-01-30 00:26:35,375][__main__][INFO] - [2, 31], [26]
[2025-01-30 00:26:35,653][__main__][INFO] - [2], [26, 31]
[2025-01-30 00:26:35,943][__main__][INFO] - [2, 32], [26]
[2025-01-30 00:26:36,050][__main__][INFO] - [2, 33], [26]
[2025-01-30 00:26:36,359][__main__][INFO] - [2, 34], [26]
[2025-01-30 00:26:36,423][__main__][INFO] - [2, 35], [26]
[2025-01-30 00:26:36,527][__main__][INFO] - [2, 36], [26]
[2025-01-30 00:26:36,588][__main__][INFO] - [2, 37], [26]
[2025-01-30 00:26:36,632][__main__][INFO] - [2, 38], [26]
[2025-01-30 00:26:36,676][__main__][INFO] - [2, 39], [26]
[2025-01-30 00:26:36,778][__main__][INFO] - [2, 27, 28], []
[2025-01-30 00:26:36,823][__main__][INFO] - [2, 27, 29], []
[2025-01-30 00:26:36,896][__main__][INFO] - [2, 27, 31], []
[2025-01-30 00:26:36,941][__main__][INFO] - [2, 27], [31]
[2025-01-30 00:26:36,985][__main__][INFO] - [2, 27, 32], []
[2025-01-30 00:26:37,028][__main__][INFO] - [2, 27, 33], []
[2025-01-30 00:26:37,073][__main__][INFO] - [2, 27, 34], []
[2025-01-30 00:26:37,116][__main__][INFO] - [2, 27, 35], []
[2025-01-30 00:26:37,159][__main__][INFO] - [2, 27, 36], []
[2025-01-30 00:26:37,348][__main__][INFO] - [2, 28], [27]
[2025-01-30 00:26:37,887][__main__][INFO] - [2, 29], [27]
[2025-01-30 00:26:37,975][__main__][INFO] - [2, 31], [27]
[2025-01-30 00:26:38,251][__main__][INFO] - [2], [27, 31]
[2025-01-30 00:26:38,538][__main__][INFO] - [2, 32], [27]
[2025-01-30 00:26:38,643][__main__][INFO] - [2, 33], [27]
[2025-01-30 00:26:38,954][__main__][INFO] - [2, 34], [27]
[2025-01-30 00:26:39,018][__main__][INFO] - [2, 35], [27]
[2025-01-30 00:26:39,122][__main__][INFO] - [2, 36], [27]
[2025-01-30 00:26:39,182][__main__][INFO] - [2, 37], [27]
[2025-01-30 00:26:39,227][__main__][INFO] - [2, 38], [27]
[2025-01-30 00:26:39,271][__main__][INFO] - [2, 39], [27]
[2025-01-30 00:26:39,372][__main__][INFO] - [2, 28, 31], []
[2025-01-30 00:26:39,637][__main__][INFO] - [2, 28], [31]
[2025-01-30 00:26:39,918][__main__][INFO] - [2, 28, 32], []
[2025-01-30 00:26:40,018][__main__][INFO] - [2, 28, 33], []
[2025-01-30 00:26:40,322][__main__][INFO] - [2, 28, 34], []
[2025-01-30 00:26:40,384][__main__][INFO] - [2, 28, 35], []
[2025-01-30 00:26:40,484][__main__][INFO] - [2, 28, 36], []
[2025-01-30 00:26:40,544][__main__][INFO] - [2, 28, 37], []
[2025-01-30 00:26:40,589][__main__][INFO] - [2, 28, 38], []
[2025-01-30 00:26:40,633][__main__][INFO] - [2, 28, 39], []
[2025-01-30 00:26:40,735][__main__][INFO] - [2, 29, 31], []
[2025-01-30 00:26:40,783][__main__][INFO] - [2, 29], [31]
[2025-01-30 00:26:40,833][__main__][INFO] - [2, 29, 32], []
[2025-01-30 00:26:40,877][__main__][INFO] - [2, 29, 33], []
[2025-01-30 00:26:40,927][__main__][INFO] - [2, 29, 34], []
[2025-01-30 00:26:40,971][__main__][INFO] - [2, 29, 35], []
[2025-01-30 00:26:41,015][__main__][INFO] - [2, 29, 36], []
[2025-01-30 00:26:41,058][__main__][INFO] - [2, 29, 37], []
[2025-01-30 00:26:41,131][__main__][INFO] - [2, 29, 39], []
[2025-01-30 00:26:41,261][__main__][INFO] - [2, 31, 32], []
[2025-01-30 00:26:41,329][__main__][INFO] - [2, 31, 33], []
[2025-01-30 00:26:41,488][__main__][INFO] - [2, 31, 34], []
[2025-01-30 00:26:41,540][__main__][INFO] - [2, 31, 35], []
[2025-01-30 00:26:41,608][__main__][INFO] - [2, 31, 36], []
[2025-01-30 00:26:41,659][__main__][INFO] - [2, 31, 37], []
[2025-01-30 00:26:41,703][__main__][INFO] - [2, 31, 38], []
[2025-01-30 00:26:41,746][__main__][INFO] - [2, 31, 39], []
[2025-01-30 00:26:41,847][__main__][INFO] - [2, 32], [31]
[2025-01-30 00:26:41,919][__main__][INFO] - [2, 33], [31]
[2025-01-30 00:26:42,088][__main__][INFO] - [2, 34], [31]
[2025-01-30 00:26:42,140][__main__][INFO] - [2, 35], [31]
[2025-01-30 00:26:42,208][__main__][INFO] - [2, 36], [31]
[2025-01-30 00:26:42,260][__main__][INFO] - [2, 37], [31]
[2025-01-30 00:26:42,304][__main__][INFO] - [2, 38], [31]
[2025-01-30 00:26:42,347][__main__][INFO] - [2, 39], [31]
[2025-01-30 00:26:42,476][__main__][INFO] - [3, 10, 11], []
[2025-01-30 00:26:42,541][__main__][INFO] - [3, 10, 12], []
[2025-01-30 00:26:42,585][__main__][INFO] - [3, 10, 13], []
[2025-01-30 00:26:42,629][__main__][INFO] - [3, 10, 14], []
[2025-01-30 00:26:42,702][__main__][INFO] - [3, 10, 16], []
[2025-01-30 00:26:42,770][__main__][INFO] - [3, 10, 17], []
[2025-01-30 00:26:42,844][__main__][INFO] - [3, 10, 19], []
[2025-01-30 00:26:42,916][__main__][INFO] - [3, 10, 21], []
[2025-01-30 00:26:42,974][__main__][INFO] - [3, 10, 22], []
[2025-01-30 00:26:43,021][__main__][INFO] - [3, 10, 23], []
[2025-01-30 00:26:43,068][__main__][INFO] - [3, 10, 24], []
[2025-01-30 00:26:43,111][__main__][INFO] - [3, 10, 25], []
[2025-01-30 00:26:43,160][__main__][INFO] - [3, 10], [25]
[2025-01-30 00:26:43,226][__main__][INFO] - [3, 10, 26], []
[2025-01-30 00:26:43,275][__main__][INFO] - [3, 10], [26]
[2025-01-30 00:26:43,340][__main__][INFO] - [3, 10, 27], []
[2025-01-30 00:26:43,390][__main__][INFO] - [3, 10], [27]
[2025-01-30 00:26:43,455][__main__][INFO] - [3, 10, 28], []
[2025-01-30 00:26:43,510][__main__][INFO] - [3, 10, 29], []
[2025-01-30 00:26:43,598][__main__][INFO] - [3, 10, 31], []
[2025-01-30 00:26:43,653][__main__][INFO] - [3, 10], [31]
[2025-01-30 00:26:43,712][__main__][INFO] - [3, 10, 32], []
[2025-01-30 00:26:43,757][__main__][INFO] - [3, 10, 33], []
[2025-01-30 00:26:43,814][__main__][INFO] - [3, 10, 34], []
[2025-01-30 00:26:43,858][__main__][INFO] - [3, 10, 35], []
[2025-01-30 00:26:43,903][__main__][INFO] - [3, 10, 36], []
[2025-01-30 00:26:43,947][__main__][INFO] - [3, 10, 37], []
[2025-01-30 00:26:44,020][__main__][INFO] - [3, 10, 39], []
[2025-01-30 00:26:44,121][__main__][INFO] - [3, 11], [10]
[2025-01-30 00:26:44,468][__main__][INFO] - [3, 12], [10]
[2025-01-30 00:26:44,583][__main__][INFO] - [3, 13], [10]
[2025-01-30 00:26:44,666][__main__][INFO] - [3, 14], [10]
[2025-01-30 00:26:44,712][__main__][INFO] - [3, 15], [10]
[2025-01-30 00:26:44,756][__main__][INFO] - [3, 16], [10]
[2025-01-30 00:26:45,224][__main__][INFO] - [3, 17], [10]
[2025-01-30 00:26:45,274][__main__][INFO] - [3, 18], [10]
[2025-01-30 00:26:45,316][__main__][INFO] - [3, 19], [10]
[2025-01-30 00:26:45,389][__main__][INFO] - [3, 21], [10]
[2025-01-30 00:26:45,698][__main__][INFO] - [3, 22], [10]
[2025-01-30 00:26:45,825][__main__][INFO] - [3, 23], [10]
[2025-01-30 00:26:45,925][__main__][INFO] - [3, 24], [10]
[2025-01-30 00:26:45,971][__main__][INFO] - [3, 25], [10]
[2025-01-30 00:26:46,139][__main__][INFO] - [3], [10, 25]
[2025-01-30 00:26:46,518][__main__][INFO] - [3], [10, 26]
[2025-01-30 00:26:47,045][__main__][INFO] - [3], [10, 27]
[2025-01-30 00:26:47,534][__main__][INFO] - [3, 28], [10]
[2025-01-30 00:26:48,091][__main__][INFO] - [3, 31], [10]
[2025-01-30 00:26:48,337][__main__][INFO] - [3], [10, 31]
[2025-01-30 00:26:48,589][__main__][INFO] - [3, 32], [10]
[2025-01-30 00:26:48,676][__main__][INFO] - [3, 33], [10]
[2025-01-30 00:26:48,960][__main__][INFO] - [3, 34], [10]
[2025-01-30 00:26:49,017][__main__][INFO] - [3, 35], [10]
[2025-01-30 00:26:49,121][__main__][INFO] - [3, 36], [10]
[2025-01-30 00:26:49,176][__main__][INFO] - [3, 37], [10]
[2025-01-30 00:26:49,221][__main__][INFO] - [3, 38], [10]
[2025-01-30 00:26:49,264][__main__][INFO] - [3, 39], [10]
[2025-01-30 00:26:49,365][__main__][INFO] - [3, 11, 16], []
[2025-01-30 00:26:49,717][__main__][INFO] - [3, 11, 17], []
[2025-01-30 00:26:49,767][__main__][INFO] - [3, 11, 18], []
[2025-01-30 00:26:49,809][__main__][INFO] - [3, 11, 19], []
[2025-01-30 00:26:49,882][__main__][INFO] - [3, 11, 21], []
[2025-01-30 00:26:50,090][__main__][INFO] - [3, 11, 22], []
[2025-01-30 00:26:50,218][__main__][INFO] - [3, 11, 23], []
[2025-01-30 00:26:50,309][__main__][INFO] - [3, 11, 24], []
[2025-01-30 00:26:50,384][__main__][INFO] - [3, 11], [25]
[2025-01-30 00:26:50,761][__main__][INFO] - [3, 11, 26], []
[2025-01-30 00:26:50,806][__main__][INFO] - [3, 11], [26]
[2025-01-30 00:26:51,175][__main__][INFO] - [3, 11, 27], []
[2025-01-30 00:26:51,220][__main__][INFO] - [3, 11], [27]
[2025-01-30 00:26:51,587][__main__][INFO] - [3, 11, 28], []
[2025-01-30 00:26:51,937][__main__][INFO] - [3, 11, 29], []
[2025-01-30 00:26:52,023][__main__][INFO] - [3, 11, 31], []
[2025-01-30 00:26:52,217][__main__][INFO] - [3, 11], [31]
[2025-01-30 00:26:52,420][__main__][INFO] - [3, 11, 32], []
[2025-01-30 00:26:52,489][__main__][INFO] - [3, 11, 33], []
[2025-01-30 00:26:52,738][__main__][INFO] - [3, 11, 34], []
[2025-01-30 00:26:52,793][__main__][INFO] - [3, 11, 35], []
[2025-01-30 00:26:52,859][__main__][INFO] - [3, 11, 36], []
[2025-01-30 00:26:52,915][__main__][INFO] - [3, 11, 37], []
[2025-01-30 00:26:52,959][__main__][INFO] - [3, 11, 38], []
[2025-01-30 00:26:53,002][__main__][INFO] - [3, 11, 39], []
[2025-01-30 00:26:53,104][__main__][INFO] - [3, 12, 16], []
[2025-01-30 00:26:53,225][__main__][INFO] - [3, 12, 17], []
[2025-01-30 00:26:53,357][__main__][INFO] - [3, 12, 21], []
[2025-01-30 00:26:53,463][__main__][INFO] - [3, 12, 22], []
[2025-01-30 00:26:53,507][__main__][INFO] - [3, 12, 23], []
[2025-01-30 00:26:53,556][__main__][INFO] - [3, 12, 24], []
[2025-01-30 00:26:53,599][__main__][INFO] - [3, 12, 25], []
[2025-01-30 00:26:53,750][__main__][INFO] - [3, 12, 26], []
[2025-01-30 00:26:53,793][__main__][INFO] - [3, 12], [26]
[2025-01-30 00:26:53,914][__main__][INFO] - [3, 12, 27], []
[2025-01-30 00:26:53,957][__main__][INFO] - [3, 12], [27]
[2025-01-30 00:26:54,078][__main__][INFO] - [3, 12, 28], []
[2025-01-30 00:26:54,200][__main__][INFO] - [3, 12, 29], []
[2025-01-30 00:26:54,273][__main__][INFO] - [3, 12, 31], []
[2025-01-30 00:26:54,348][__main__][INFO] - [3, 12], [31]
[2025-01-30 00:26:54,425][__main__][INFO] - [3, 12, 32], []
[2025-01-30 00:26:54,482][__main__][INFO] - [3, 12, 33], []
[2025-01-30 00:26:54,552][__main__][INFO] - [3, 12, 34], []
[2025-01-30 00:26:54,596][__main__][INFO] - [3, 12, 35], []
[2025-01-30 00:26:54,657][__main__][INFO] - [3, 12, 36], []
[2025-01-30 00:26:54,701][__main__][INFO] - [3, 12, 37], []
[2025-01-30 00:26:54,744][__main__][INFO] - [3, 12, 38], []
[2025-01-30 00:26:54,787][__main__][INFO] - [3, 12, 39], []
[2025-01-30 00:26:54,888][__main__][INFO] - [3, 13, 16], []
[2025-01-30 00:26:54,971][__main__][INFO] - [3, 13, 17], []
[2025-01-30 00:26:55,015][__main__][INFO] - [3, 13, 18], []
[2025-01-30 00:26:55,057][__main__][INFO] - [3, 13, 19], []
[2025-01-30 00:26:55,129][__main__][INFO] - [3, 13, 21], []
[2025-01-30 00:26:55,204][__main__][INFO] - [3, 13, 22], []
[2025-01-30 00:26:55,249][__main__][INFO] - [3, 13, 23], []
[2025-01-30 00:26:55,296][__main__][INFO] - [3, 13, 24], []
[2025-01-30 00:26:55,339][__main__][INFO] - [3, 13, 25], []
[2025-01-30 00:26:55,456][__main__][INFO] - [3, 13, 26], []
[2025-01-30 00:26:55,499][__main__][INFO] - [3, 13], [26]
[2025-01-30 00:26:55,586][__main__][INFO] - [3, 13, 27], []
[2025-01-30 00:26:55,629][__main__][INFO] - [3, 13], [27]
[2025-01-30 00:26:55,716][__main__][INFO] - [3, 13, 28], []
[2025-01-30 00:26:55,803][__main__][INFO] - [3, 13, 29], []
[2025-01-30 00:26:55,876][__main__][INFO] - [3, 13, 31], []
[2025-01-30 00:26:55,939][__main__][INFO] - [3, 13], [31]
[2025-01-30 00:26:55,999][__main__][INFO] - [3, 13, 32], []
[2025-01-30 00:26:56,046][__main__][INFO] - [3, 13, 33], []
[2025-01-30 00:26:56,100][__main__][INFO] - [3, 13, 34], []
[2025-01-30 00:26:56,144][__main__][INFO] - [3, 13, 35], []
[2025-01-30 00:26:56,203][__main__][INFO] - [3, 13, 36], []
[2025-01-30 00:26:56,247][__main__][INFO] - [3, 13, 37], []
[2025-01-30 00:26:56,289][__main__][INFO] - [3, 13, 38], []
[2025-01-30 00:26:56,419][__main__][INFO] - [3, 14, 16], []
[2025-01-30 00:26:56,465][__main__][INFO] - [3, 14, 17], []
[2025-01-30 00:26:56,597][__main__][INFO] - [3, 14, 21], []
[2025-01-30 00:26:56,644][__main__][INFO] - [3, 14, 22], []
[2025-01-30 00:26:56,688][__main__][INFO] - [3, 14, 23], []
[2025-01-30 00:26:56,790][__main__][INFO] - [3, 14], [25]
[2025-01-30 00:26:56,867][__main__][INFO] - [3, 14], [26]
[2025-01-30 00:26:56,942][__main__][INFO] - [3, 14], [27]
[2025-01-30 00:26:56,989][__main__][INFO] - [3, 14, 28], []
[2025-01-30 00:26:57,035][__main__][INFO] - [3, 14, 29], []
[2025-01-30 00:26:57,107][__main__][INFO] - [3, 14, 31], []
[2025-01-30 00:26:57,152][__main__][INFO] - [3, 14], [31]
[2025-01-30 00:26:57,196][__main__][INFO] - [3, 14, 32], []
[2025-01-30 00:26:57,239][__main__][INFO] - [3, 14, 33], []
[2025-01-30 00:26:57,283][__main__][INFO] - [3, 14, 34], []
[2025-01-30 00:26:57,326][__main__][INFO] - [3, 14, 35], []
[2025-01-30 00:26:57,370][__main__][INFO] - [3, 14, 36], []
[2025-01-30 00:26:57,559][__main__][INFO] - [3, 15, 16], []
[2025-01-30 00:26:57,602][__main__][INFO] - [3, 15, 17], []
[2025-01-30 00:26:57,733][__main__][INFO] - [3, 15, 21], []
[2025-01-30 00:26:57,776][__main__][INFO] - [3, 15, 22], []
[2025-01-30 00:26:57,819][__main__][INFO] - [3, 15, 23], []
[2025-01-30 00:26:57,921][__main__][INFO] - [3, 15], [25]
[2025-01-30 00:26:57,993][__main__][INFO] - [3, 15], [26]
[2025-01-30 00:26:58,066][__main__][INFO] - [3, 15], [27]
[2025-01-30 00:26:58,109][__main__][INFO] - [3, 15, 28], []
[2025-01-30 00:26:58,211][__main__][INFO] - [3, 15, 31], []
[2025-01-30 00:26:58,254][__main__][INFO] - [3, 15], [31]
[2025-01-30 00:26:58,297][__main__][INFO] - [3, 15, 32], []
[2025-01-30 00:26:58,340][__main__][INFO] - [3, 15, 33], []
[2025-01-30 00:26:58,413][__main__][INFO] - [3, 15, 35], []
[2025-01-30 00:26:58,630][__main__][INFO] - [3, 16, 21], []
[2025-01-30 00:26:58,940][__main__][INFO] - [3, 16, 22], []
[2025-01-30 00:26:59,073][__main__][INFO] - [3, 16, 23], []
[2025-01-30 00:26:59,176][__main__][INFO] - [3, 16, 24], []
[2025-01-30 00:26:59,222][__main__][INFO] - [3, 16, 25], []
[2025-01-30 00:26:59,389][__main__][INFO] - [3, 16], [25]
[2025-01-30 00:26:59,759][__main__][INFO] - [3, 16, 26], []
[2025-01-30 00:26:59,804][__main__][INFO] - [3, 16], [26]
[2025-01-30 00:27:00,310][__main__][INFO] - [3, 16, 27], []
[2025-01-30 00:27:00,356][__main__][INFO] - [3, 16], [27]
[2025-01-30 00:27:00,851][__main__][INFO] - [3, 16, 28], []
[2025-01-30 00:27:01,332][__main__][INFO] - [3, 16, 29], []
[2025-01-30 00:27:01,418][__main__][INFO] - [3, 16, 31], []
[2025-01-30 00:27:01,672][__main__][INFO] - [3, 16], [31]
[2025-01-30 00:27:01,940][__main__][INFO] - [3, 16, 32], []
[2025-01-30 00:27:02,030][__main__][INFO] - [3, 16, 33], []
[2025-01-30 00:27:02,343][__main__][INFO] - [3, 16, 34], []
[2025-01-30 00:27:02,400][__main__][INFO] - [3, 16, 35], []
[2025-01-30 00:27:02,504][__main__][INFO] - [3, 16, 36], []
[2025-01-30 00:27:02,561][__main__][INFO] - [3, 16, 37], []
[2025-01-30 00:27:02,605][__main__][INFO] - [3, 16, 38], []
[2025-01-30 00:27:02,649][__main__][INFO] - [3, 16, 39], []
[2025-01-30 00:27:02,750][__main__][INFO] - [3, 17, 21], []
[2025-01-30 00:27:02,797][__main__][INFO] - [3, 17, 22], []
[2025-01-30 00:27:02,842][__main__][INFO] - [3, 17, 23], []
[2025-01-30 00:27:02,886][__main__][INFO] - [3, 17, 24], []
[2025-01-30 00:27:02,929][__main__][INFO] - [3, 17, 25], []
[2025-01-30 00:27:02,973][__main__][INFO] - [3, 17], [25]
[2025-01-30 00:27:03,023][__main__][INFO] - [3, 17, 26], []
[2025-01-30 00:27:03,066][__main__][INFO] - [3, 17], [26]
[2025-01-30 00:27:03,120][__main__][INFO] - [3, 17, 27], []
[2025-01-30 00:27:03,164][__main__][INFO] - [3, 17], [27]
[2025-01-30 00:27:03,218][__main__][INFO] - [3, 17, 28], []
[2025-01-30 00:27:03,269][__main__][INFO] - [3, 17, 29], []
[2025-01-30 00:27:03,341][__main__][INFO] - [3, 17, 31], []
[2025-01-30 00:27:03,385][__main__][INFO] - [3, 17], [31]
[2025-01-30 00:27:03,434][__main__][INFO] - [3, 17, 32], []
[2025-01-30 00:27:03,478][__main__][INFO] - [3, 17, 33], []
[2025-01-30 00:27:03,525][__main__][INFO] - [3, 17, 34], []
[2025-01-30 00:27:03,568][__main__][INFO] - [3, 17, 35], []
[2025-01-30 00:27:03,612][__main__][INFO] - [3, 17, 36], []
[2025-01-30 00:27:03,655][__main__][INFO] - [3, 17, 37], []
[2025-01-30 00:27:03,814][__main__][INFO] - [3, 18, 21], []
[2025-01-30 00:27:03,857][__main__][INFO] - [3, 18, 22], []
[2025-01-30 00:27:03,899][__main__][INFO] - [3, 18, 23], []
[2025-01-30 00:27:03,941][__main__][INFO] - [3, 18, 24], []
[2025-01-30 00:27:03,982][__main__][INFO] - [3, 18, 25], []
[2025-01-30 00:27:04,024][__main__][INFO] - [3, 18], [25]
[2025-01-30 00:27:04,095][__main__][INFO] - [3, 18], [26]
[2025-01-30 00:27:04,166][__main__][INFO] - [3, 18], [27]
[2025-01-30 00:27:04,207][__main__][INFO] - [3, 18, 28], []
[2025-01-30 00:27:04,307][__main__][INFO] - [3, 18, 31], []
[2025-01-30 00:27:04,349][__main__][INFO] - [3, 18], [31]
[2025-01-30 00:27:04,420][__main__][INFO] - [3, 18, 33], []
[2025-01-30 00:27:04,462][__main__][INFO] - [3, 18, 34], []
[2025-01-30 00:27:04,503][__main__][INFO] - [3, 18, 35], []
[2025-01-30 00:27:04,545][__main__][INFO] - [3, 18, 36], []
[2025-01-30 00:27:04,732][__main__][INFO] - [3, 19, 21], []
[2025-01-30 00:27:04,776][__main__][INFO] - [3, 19, 22], []
[2025-01-30 00:27:04,819][__main__][INFO] - [3, 19, 23], []
[2025-01-30 00:27:04,892][__main__][INFO] - [3, 19, 25], []
[2025-01-30 00:27:04,935][__main__][INFO] - [3, 19], [25]
[2025-01-30 00:27:05,008][__main__][INFO] - [3, 19], [26]
[2025-01-30 00:27:05,081][__main__][INFO] - [3, 19], [27]
[2025-01-30 00:27:05,127][__main__][INFO] - [3, 19, 28], []
[2025-01-30 00:27:05,230][__main__][INFO] - [3, 19, 31], []
[2025-01-30 00:27:05,273][__main__][INFO] - [3, 19], [31]
[2025-01-30 00:27:05,316][__main__][INFO] - [3, 19, 32], []
[2025-01-30 00:27:05,360][__main__][INFO] - [3, 19, 33], []
[2025-01-30 00:27:05,403][__main__][INFO] - [3, 19, 34], []
[2025-01-30 00:27:05,446][__main__][INFO] - [3, 19, 35], []
[2025-01-30 00:27:05,489][__main__][INFO] - [3, 19, 36], []
[2025-01-30 00:27:05,706][__main__][INFO] - [3, 21, 25], []
[2025-01-30 00:27:05,855][__main__][INFO] - [3, 21], [25]
[2025-01-30 00:27:06,066][__main__][INFO] - [3, 21, 26], []
[2025-01-30 00:27:06,110][__main__][INFO] - [3, 21], [26]
[2025-01-30 00:27:06,428][__main__][INFO] - [3, 21, 27], []
[2025-01-30 00:27:06,473][__main__][INFO] - [3, 21], [27]
[2025-01-30 00:27:06,792][__main__][INFO] - [3, 21, 28], []
[2025-01-30 00:27:07,107][__main__][INFO] - [3, 21, 29], []
[2025-01-30 00:27:07,186][__main__][INFO] - [3, 21, 31], []
[2025-01-30 00:27:07,355][__main__][INFO] - [3, 21], [31]
[2025-01-30 00:27:07,527][__main__][INFO] - [3, 21, 32], []
[2025-01-30 00:27:07,607][__main__][INFO] - [3, 21, 33], []
[2025-01-30 00:27:07,773][__main__][INFO] - [3, 21, 34], []
[2025-01-30 00:27:07,819][__main__][INFO] - [3, 21, 35], []
[2025-01-30 00:27:07,911][__main__][INFO] - [3, 21, 36], []
[2025-01-30 00:27:07,965][__main__][INFO] - [3, 21, 37], []
[2025-01-30 00:27:08,009][__main__][INFO] - [3, 21, 38], []
[2025-01-30 00:27:08,052][__main__][INFO] - [3, 21, 39], []
[2025-01-30 00:27:08,154][__main__][INFO] - [3, 22, 25], []
[2025-01-30 00:27:08,201][__main__][INFO] - [3, 22], [25]
[2025-01-30 00:27:08,330][__main__][INFO] - [3, 22, 26], []
[2025-01-30 00:27:08,374][__main__][INFO] - [3, 22], [26]
[2025-01-30 00:27:08,507][__main__][INFO] - [3, 22, 27], []
[2025-01-30 00:27:08,551][__main__][INFO] - [3, 22], [27]
[2025-01-30 00:27:08,685][__main__][INFO] - [3, 22, 28], []
[2025-01-30 00:27:08,819][__main__][INFO] - [3, 22, 29], []
[2025-01-30 00:27:08,893][__main__][INFO] - [3, 22, 31], []
[2025-01-30 00:27:08,979][__main__][INFO] - [3, 22], [31]
[2025-01-30 00:27:09,061][__main__][INFO] - [3, 22, 32], []
[2025-01-30 00:27:09,106][__main__][INFO] - [3, 22, 33], []
[2025-01-30 00:27:09,213][__main__][INFO] - [3, 22, 34], []
[2025-01-30 00:27:09,264][__main__][INFO] - [3, 22, 35], []
[2025-01-30 00:27:09,310][__main__][INFO] - [3, 22, 36], []
[2025-01-30 00:27:09,354][__main__][INFO] - [3, 22, 37], []
[2025-01-30 00:27:09,397][__main__][INFO] - [3, 22, 38], []
[2025-01-30 00:27:09,440][__main__][INFO] - [3, 22, 39], []
[2025-01-30 00:27:09,540][__main__][INFO] - [3, 23, 25], []
[2025-01-30 00:27:09,595][__main__][INFO] - [3, 23], [25]
[2025-01-30 00:27:09,689][__main__][INFO] - [3, 23, 26], []
[2025-01-30 00:27:09,732][__main__][INFO] - [3, 23], [26]
[2025-01-30 00:27:09,839][__main__][INFO] - [3, 23, 27], []
[2025-01-30 00:27:09,882][__main__][INFO] - [3, 23], [27]
[2025-01-30 00:27:09,988][__main__][INFO] - [3, 23, 28], []
[2025-01-30 00:27:10,093][__main__][INFO] - [3, 23, 29], []
[2025-01-30 00:27:10,167][__main__][INFO] - [3, 23, 31], []
[2025-01-30 00:27:10,235][__main__][INFO] - [3, 23], [31]
[2025-01-30 00:27:10,310][__main__][INFO] - [3, 23, 32], []
[2025-01-30 00:27:10,358][__main__][INFO] - [3, 23, 33], []
[2025-01-30 00:27:10,434][__main__][INFO] - [3, 23, 34], []
[2025-01-30 00:27:10,479][__main__][INFO] - [3, 23, 35], []
[2025-01-30 00:27:10,528][__main__][INFO] - [3, 23, 36], []
[2025-01-30 00:27:10,573][__main__][INFO] - [3, 23, 37], []
[2025-01-30 00:27:10,616][__main__][INFO] - [3, 23, 38], []
[2025-01-30 00:27:10,659][__main__][INFO] - [3, 23, 39], []
[2025-01-30 00:27:10,760][__main__][INFO] - [3, 24, 25], []
[2025-01-30 00:27:10,803][__main__][INFO] - [3, 24], [25]
[2025-01-30 00:27:10,878][__main__][INFO] - [3, 24], [26]
[2025-01-30 00:27:10,925][__main__][INFO] - [3, 24, 27], []
[2025-01-30 00:27:10,968][__main__][INFO] - [3, 24], [27]
[2025-01-30 00:27:11,014][__main__][INFO] - [3, 24, 28], []
[2025-01-30 00:27:11,060][__main__][INFO] - [3, 24, 29], []
[2025-01-30 00:27:11,133][__main__][INFO] - [3, 24, 31], []
[2025-01-30 00:27:11,177][__main__][INFO] - [3, 24], [31]
[2025-01-30 00:27:11,222][__main__][INFO] - [3, 24, 32], []
[2025-01-30 00:27:11,265][__main__][INFO] - [3, 24, 33], []
[2025-01-30 00:27:11,310][__main__][INFO] - [3, 24, 34], []
[2025-01-30 00:27:11,353][__main__][INFO] - [3, 24, 35], []
[2025-01-30 00:27:11,396][__main__][INFO] - [3, 24, 36], []
[2025-01-30 00:27:11,585][__main__][INFO] - [3, 25, 26], []
[2025-01-30 00:27:11,640][__main__][INFO] - [3, 25], [26]
[2025-01-30 00:27:11,821][__main__][INFO] - [3, 25, 27], []
[2025-01-30 00:27:11,864][__main__][INFO] - [3, 25], [27]
[2025-01-30 00:27:12,045][__main__][INFO] - [3, 25, 28], []
[2025-01-30 00:27:12,214][__main__][INFO] - [3, 25, 29], []
[2025-01-30 00:27:12,288][__main__][INFO] - [3, 25, 31], []
[2025-01-30 00:27:12,403][__main__][INFO] - [3, 25], [31]
[2025-01-30 00:27:12,504][__main__][INFO] - [3, 25, 32], []
[2025-01-30 00:27:12,566][__main__][INFO] - [3, 25, 33], []
[2025-01-30 00:27:12,649][__main__][INFO] - [3, 25, 34], []
[2025-01-30 00:27:12,694][__main__][INFO] - [3, 25, 35], []
[2025-01-30 00:27:12,773][__main__][INFO] - [3, 25, 36], []
[2025-01-30 00:27:12,817][__main__][INFO] - [3, 25, 37], []
[2025-01-30 00:27:12,860][__main__][INFO] - [3, 25, 38], []
[2025-01-30 00:27:12,903][__main__][INFO] - [3, 25, 39], []
[2025-01-30 00:27:13,004][__main__][INFO] - [3, 26], [25]
[2025-01-30 00:27:13,049][__main__][INFO] - [3], [25, 26]
[2025-01-30 00:27:13,428][__main__][INFO] - [3, 27], [25]
[2025-01-30 00:27:13,473][__main__][INFO] - [3], [25, 27]
[2025-01-30 00:27:13,847][__main__][INFO] - [3, 28], [25]
[2025-01-30 00:27:14,211][__main__][INFO] - [3, 29], [25]
[2025-01-30 00:27:14,297][__main__][INFO] - [3, 31], [25]
[2025-01-30 00:27:14,494][__main__][INFO] - [3], [25, 31]
[2025-01-30 00:27:14,694][__main__][INFO] - [3, 32], [25]
[2025-01-30 00:27:14,764][__main__][INFO] - [3, 33], [25]
[2025-01-30 00:27:15,009][__main__][INFO] - [3, 34], [25]
[2025-01-30 00:27:15,065][__main__][INFO] - [3, 35], [25]
[2025-01-30 00:27:15,131][__main__][INFO] - [3, 36], [25]
[2025-01-30 00:27:15,187][__main__][INFO] - [3, 37], [25]
[2025-01-30 00:27:15,231][__main__][INFO] - [3, 38], [25]
[2025-01-30 00:27:15,275][__main__][INFO] - [3, 39], [25]
[2025-01-30 00:27:15,376][__main__][INFO] - [3, 26, 27], []
[2025-01-30 00:27:15,419][__main__][INFO] - [3, 26], [27]
[2025-01-30 00:27:15,464][__main__][INFO] - [3, 26, 28], []
[2025-01-30 00:27:15,508][__main__][INFO] - [3, 26, 29], []
[2025-01-30 00:27:15,581][__main__][INFO] - [3, 26, 31], []
[2025-01-30 00:27:15,625][__main__][INFO] - [3, 26], [31]
[2025-01-30 00:27:15,669][__main__][INFO] - [3, 26, 32], []
[2025-01-30 00:27:15,712][__main__][INFO] - [3, 26, 33], []
[2025-01-30 00:27:15,756][__main__][INFO] - [3, 26, 34], []
[2025-01-30 00:27:15,799][__main__][INFO] - [3, 26, 35], []
[2025-01-30 00:27:15,842][__main__][INFO] - [3, 26, 36], []
[2025-01-30 00:27:16,031][__main__][INFO] - [3, 27], [26]
[2025-01-30 00:27:16,077][__main__][INFO] - [3], [26, 27]
[2025-01-30 00:27:16,603][__main__][INFO] - [3, 28], [26]
[2025-01-30 00:27:17,103][__main__][INFO] - [3, 29], [26]
[2025-01-30 00:27:17,189][__main__][INFO] - [3, 31], [26]
[2025-01-30 00:27:17,444][__main__][INFO] - [3], [26, 31]
[2025-01-30 00:27:17,712][__main__][INFO] - [3, 32], [26]
[2025-01-30 00:27:17,805][__main__][INFO] - [3, 33], [26]
[2025-01-30 00:27:18,099][__main__][INFO] - [3, 34], [26]
[2025-01-30 00:27:18,157][__main__][INFO] - [3, 35], [26]
[2025-01-30 00:27:18,266][__main__][INFO] - [3, 36], [26]
[2025-01-30 00:27:18,323][__main__][INFO] - [3, 37], [26]
[2025-01-30 00:27:18,368][__main__][INFO] - [3, 38], [26]
[2025-01-30 00:27:18,412][__main__][INFO] - [3, 39], [26]
[2025-01-30 00:27:18,513][__main__][INFO] - [3, 27, 28], []
[2025-01-30 00:27:18,558][__main__][INFO] - [3, 27, 29], []
[2025-01-30 00:27:18,631][__main__][INFO] - [3, 27, 31], []
[2025-01-30 00:27:18,675][__main__][INFO] - [3, 27], [31]
[2025-01-30 00:27:18,720][__main__][INFO] - [3, 27, 32], []
[2025-01-30 00:27:18,763][__main__][INFO] - [3, 27, 33], []
[2025-01-30 00:27:18,808][__main__][INFO] - [3, 27, 34], []
[2025-01-30 00:27:18,851][__main__][INFO] - [3, 27, 35], []
[2025-01-30 00:27:18,894][__main__][INFO] - [3, 27, 36], []
[2025-01-30 00:27:19,083][__main__][INFO] - [3, 28], [27]
[2025-01-30 00:27:19,582][__main__][INFO] - [3, 29], [27]
[2025-01-30 00:27:19,668][__main__][INFO] - [3, 31], [27]
[2025-01-30 00:27:19,925][__main__][INFO] - [3], [27, 31]
[2025-01-30 00:27:20,188][__main__][INFO] - [3, 32], [27]
[2025-01-30 00:27:20,279][__main__][INFO] - [3, 33], [27]
[2025-01-30 00:27:20,569][__main__][INFO] - [3, 34], [27]
[2025-01-30 00:27:20,627][__main__][INFO] - [3, 35], [27]
[2025-01-30 00:27:20,734][__main__][INFO] - [3, 36], [27]
[2025-01-30 00:27:20,791][__main__][INFO] - [3, 37], [27]
[2025-01-30 00:27:20,836][__main__][INFO] - [3, 38], [27]
[2025-01-30 00:27:20,879][__main__][INFO] - [3, 39], [27]
[2025-01-30 00:27:20,981][__main__][INFO] - [3, 28, 31], []
[2025-01-30 00:27:21,236][__main__][INFO] - [3, 28], [31]
[2025-01-30 00:27:21,490][__main__][INFO] - [3, 28, 32], []
[2025-01-30 00:27:21,581][__main__][INFO] - [3, 28, 33], []
[2025-01-30 00:27:21,862][__main__][INFO] - [3, 28, 34], []
[2025-01-30 00:27:21,920][__main__][INFO] - [3, 28, 35], []
[2025-01-30 00:27:22,027][__main__][INFO] - [3, 28, 36], []
[2025-01-30 00:27:22,084][__main__][INFO] - [3, 28, 37], []
[2025-01-30 00:27:22,128][__main__][INFO] - [3, 28, 38], []
[2025-01-30 00:27:22,172][__main__][INFO] - [3, 28, 39], []
[2025-01-30 00:27:22,273][__main__][INFO] - [3, 29, 31], []
[2025-01-30 00:27:22,320][__main__][INFO] - [3, 29], [31]
[2025-01-30 00:27:22,372][__main__][INFO] - [3, 29, 32], []
[2025-01-30 00:27:22,416][__main__][INFO] - [3, 29, 33], []
[2025-01-30 00:27:22,465][__main__][INFO] - [3, 29, 34], []
[2025-01-30 00:27:22,509][__main__][INFO] - [3, 29, 35], []
[2025-01-30 00:27:22,553][__main__][INFO] - [3, 29, 36], []
[2025-01-30 00:27:22,597][__main__][INFO] - [3, 29, 37], []
[2025-01-30 00:27:22,785][__main__][INFO] - [3, 31, 32], []
[2025-01-30 00:27:22,848][__main__][INFO] - [3, 31, 33], []
[2025-01-30 00:27:23,003][__main__][INFO] - [3, 31, 34], []
[2025-01-30 00:27:23,053][__main__][INFO] - [3, 31, 35], []
[2025-01-30 00:27:23,125][__main__][INFO] - [3, 31, 36], []
[2025-01-30 00:27:23,174][__main__][INFO] - [3, 31, 37], []
[2025-01-30 00:27:23,218][__main__][INFO] - [3, 31, 38], []
[2025-01-30 00:27:23,261][__main__][INFO] - [3, 31, 39], []
[2025-01-30 00:27:23,362][__main__][INFO] - [3, 32], [31]
[2025-01-30 00:27:23,427][__main__][INFO] - [3, 33], [31]
[2025-01-30 00:27:23,586][__main__][INFO] - [3, 34], [31]
[2025-01-30 00:27:23,636][__main__][INFO] - [3, 35], [31]
[2025-01-30 00:27:23,705][__main__][INFO] - [3, 36], [31]
[2025-01-30 00:27:23,754][__main__][INFO] - [3, 37], [31]
[2025-01-30 00:27:23,798][__main__][INFO] - [3, 38], [31]
[2025-01-30 00:27:23,841][__main__][INFO] - [3, 39], [31]
[2025-01-30 00:27:23,970][__main__][INFO] - [4, 10, 11], []
[2025-01-30 00:27:24,037][__main__][INFO] - [4, 10, 12], []
[2025-01-30 00:27:24,082][__main__][INFO] - [4, 10, 13], []
[2025-01-30 00:27:24,128][__main__][INFO] - [4, 10, 14], []
[2025-01-30 00:27:24,171][__main__][INFO] - [4, 10, 15], []
[2025-01-30 00:27:24,213][__main__][INFO] - [4, 10, 16], []
[2025-01-30 00:27:24,291][__main__][INFO] - [4, 10, 17], []
[2025-01-30 00:27:24,364][__main__][INFO] - [4, 10, 19], []
[2025-01-30 00:27:24,436][__main__][INFO] - [4, 10, 21], []
[2025-01-30 00:27:24,498][__main__][INFO] - [4, 10, 22], []
[2025-01-30 00:27:24,550][__main__][INFO] - [4, 10, 23], []
[2025-01-30 00:27:24,600][__main__][INFO] - [4, 10, 24], []
[2025-01-30 00:27:24,643][__main__][INFO] - [4, 10, 25], []
[2025-01-30 00:27:24,697][__main__][INFO] - [4, 10], [25]
[2025-01-30 00:27:24,764][__main__][INFO] - [4, 10, 26], []
[2025-01-30 00:27:24,815][__main__][INFO] - [4, 10], [26]
[2025-01-30 00:27:24,885][__main__][INFO] - [4, 10, 27], []
[2025-01-30 00:27:24,937][__main__][INFO] - [4, 10], [27]
[2025-01-30 00:27:25,006][__main__][INFO] - [4, 10, 28], []
[2025-01-30 00:27:25,066][__main__][INFO] - [4, 10, 29], []
[2025-01-30 00:27:25,154][__main__][INFO] - [4, 10, 31], []
[2025-01-30 00:27:25,214][__main__][INFO] - [4, 10], [31]
[2025-01-30 00:27:25,273][__main__][INFO] - [4, 10, 32], []
[2025-01-30 00:27:25,319][__main__][INFO] - [4, 10, 33], []
[2025-01-30 00:27:25,379][__main__][INFO] - [4, 10, 34], []
[2025-01-30 00:27:25,423][__main__][INFO] - [4, 10, 35], []
[2025-01-30 00:27:25,468][__main__][INFO] - [4, 10, 36], []
[2025-01-30 00:27:25,513][__main__][INFO] - [4, 10, 37], []
[2025-01-30 00:27:25,556][__main__][INFO] - [4, 10, 38], []
[2025-01-30 00:27:25,599][__main__][INFO] - [4, 10, 39], []
[2025-01-30 00:27:25,700][__main__][INFO] - [4, 11], [10]
[2025-01-30 00:27:25,985][__main__][INFO] - [4, 12], [10]
[2025-01-30 00:27:26,115][__main__][INFO] - [4, 13], [10]
[2025-01-30 00:27:26,241][__main__][INFO] - [4, 14], [10]
[2025-01-30 00:27:26,288][__main__][INFO] - [4, 15], [10]
[2025-01-30 00:27:26,331][__main__][INFO] - [4, 16], [10]
[2025-01-30 00:27:26,816][__main__][INFO] - [4, 17], [10]
[2025-01-30 00:27:26,868][__main__][INFO] - [4, 18], [10]
[2025-01-30 00:27:26,909][__main__][INFO] - [4, 19], [10]
[2025-01-30 00:27:26,982][__main__][INFO] - [4, 21], [10]
[2025-01-30 00:27:27,308][__main__][INFO] - [4, 22], [10]
[2025-01-30 00:27:27,427][__main__][INFO] - [4, 23], [10]
[2025-01-30 00:27:27,520][__main__][INFO] - [4, 24], [10]
[2025-01-30 00:27:27,566][__main__][INFO] - [4, 25], [10]
[2025-01-30 00:27:27,786][__main__][INFO] - [4], [10, 25]
[2025-01-30 00:27:28,111][__main__][INFO] - [4], [10, 26]
[2025-01-30 00:27:28,632][__main__][INFO] - [4], [10, 27]
[2025-01-30 00:27:29,132][__main__][INFO] - [4, 28], [10]
[2025-01-30 00:27:29,680][__main__][INFO] - [4, 31], [10]
[2025-01-30 00:27:29,933][__main__][INFO] - [4], [10, 31]
[2025-01-30 00:27:30,182][__main__][INFO] - [4, 32], [10]
[2025-01-30 00:27:30,270][__main__][INFO] - [4, 33], [10]
[2025-01-30 00:27:30,548][__main__][INFO] - [4, 34], [10]
[2025-01-30 00:27:30,601][__main__][INFO] - [4, 35], [10]
[2025-01-30 00:27:30,712][__main__][INFO] - [4, 36], [10]
[2025-01-30 00:27:30,767][__main__][INFO] - [4, 37], [10]
[2025-01-30 00:27:30,812][__main__][INFO] - [4, 38], [10]
[2025-01-30 00:27:30,855][__main__][INFO] - [4, 39], [10]
[2025-01-30 00:27:30,956][__main__][INFO] - [4, 11, 16], []
[2025-01-30 00:27:31,257][__main__][INFO] - [4, 11, 17], []
[2025-01-30 00:27:31,308][__main__][INFO] - [4, 11, 18], []
[2025-01-30 00:27:31,350][__main__][INFO] - [4, 11, 19], []
[2025-01-30 00:27:31,423][__main__][INFO] - [4, 11, 21], []
[2025-01-30 00:27:31,600][__main__][INFO] - [4, 11, 22], []
[2025-01-30 00:27:31,718][__main__][INFO] - [4, 11, 23], []
[2025-01-30 00:27:31,794][__main__][INFO] - [4, 11, 24], []
[2025-01-30 00:27:31,869][__main__][INFO] - [4, 11], [25]
[2025-01-30 00:27:32,185][__main__][INFO] - [4, 11, 26], []
[2025-01-30 00:27:32,231][__main__][INFO] - [4, 11], [26]
[2025-01-30 00:27:32,539][__main__][INFO] - [4, 11, 27], []
[2025-01-30 00:27:32,585][__main__][INFO] - [4, 11], [27]
[2025-01-30 00:27:32,892][__main__][INFO] - [4, 11, 28], []
[2025-01-30 00:27:33,196][__main__][INFO] - [4, 11, 29], []
[2025-01-30 00:27:33,281][__main__][INFO] - [4, 11, 31], []
[2025-01-30 00:27:33,447][__main__][INFO] - [4, 11], [31]
[2025-01-30 00:27:33,617][__main__][INFO] - [4, 11, 32], []
[2025-01-30 00:27:33,675][__main__][INFO] - [4, 11, 33], []
[2025-01-30 00:27:33,904][__main__][INFO] - [4, 11, 34], []
[2025-01-30 00:27:33,956][__main__][INFO] - [4, 11, 35], []
[2025-01-30 00:27:34,009][__main__][INFO] - [4, 11, 36], []
[2025-01-30 00:27:34,065][__main__][INFO] - [4, 11, 37], []
[2025-01-30 00:27:34,110][__main__][INFO] - [4, 11, 38], []
[2025-01-30 00:27:34,153][__main__][INFO] - [4, 11, 39], []
[2025-01-30 00:27:34,255][__main__][INFO] - [4, 12, 16], []
[2025-01-30 00:27:34,392][__main__][INFO] - [4, 12, 17], []
[2025-01-30 00:27:34,524][__main__][INFO] - [4, 12, 21], []
[2025-01-30 00:27:34,642][__main__][INFO] - [4, 12, 22], []
[2025-01-30 00:27:34,687][__main__][INFO] - [4, 12, 23], []
[2025-01-30 00:27:34,737][__main__][INFO] - [4, 12, 24], []
[2025-01-30 00:27:34,780][__main__][INFO] - [4, 12, 25], []
[2025-01-30 00:27:34,948][__main__][INFO] - [4, 12, 26], []
[2025-01-30 00:27:34,991][__main__][INFO] - [4, 12], [26]
[2025-01-30 00:27:35,127][__main__][INFO] - [4, 12, 27], []
[2025-01-30 00:27:35,171][__main__][INFO] - [4, 12], [27]
[2025-01-30 00:27:35,307][__main__][INFO] - [4, 12, 28], []
[2025-01-30 00:27:35,442][__main__][INFO] - [4, 12, 29], []
[2025-01-30 00:27:35,515][__main__][INFO] - [4, 12, 31], []
[2025-01-30 00:27:35,597][__main__][INFO] - [4, 12], [31]
[2025-01-30 00:27:35,682][__main__][INFO] - [4, 12, 32], []
[2025-01-30 00:27:35,744][__main__][INFO] - [4, 12, 33], []
[2025-01-30 00:27:35,821][__main__][INFO] - [4, 12, 34], []
[2025-01-30 00:27:35,865][__main__][INFO] - [4, 12, 35], []
[2025-01-30 00:27:35,925][__main__][INFO] - [4, 12, 36], []
[2025-01-30 00:27:35,968][__main__][INFO] - [4, 12, 37], []
[2025-01-30 00:27:36,011][__main__][INFO] - [4, 12, 38], []
[2025-01-30 00:27:36,055][__main__][INFO] - [4, 12, 39], []
[2025-01-30 00:27:36,156][__main__][INFO] - [4, 13, 16], []
[2025-01-30 00:27:36,286][__main__][INFO] - [4, 13, 17], []
[2025-01-30 00:27:36,330][__main__][INFO] - [4, 13, 18], []
[2025-01-30 00:27:36,372][__main__][INFO] - [4, 13, 19], []
[2025-01-30 00:27:36,444][__main__][INFO] - [4, 13, 21], []
[2025-01-30 00:27:36,559][__main__][INFO] - [4, 13, 22], []
[2025-01-30 00:27:36,606][__main__][INFO] - [4, 13, 23], []
[2025-01-30 00:27:36,656][__main__][INFO] - [4, 13, 24], []
[2025-01-30 00:27:36,700][__main__][INFO] - [4, 13, 25], []
[2025-01-30 00:27:36,864][__main__][INFO] - [4, 13, 26], []
[2025-01-30 00:27:36,907][__main__][INFO] - [4, 13], [26]
[2025-01-30 00:27:37,042][__main__][INFO] - [4, 13, 27], []
[2025-01-30 00:27:37,086][__main__][INFO] - [4, 13], [27]
[2025-01-30 00:27:37,220][__main__][INFO] - [4, 13, 28], []
[2025-01-30 00:27:37,351][__main__][INFO] - [4, 13, 29], []
[2025-01-30 00:27:37,424][__main__][INFO] - [4, 13, 31], []
[2025-01-30 00:27:37,512][__main__][INFO] - [4, 13], [31]
[2025-01-30 00:27:37,591][__main__][INFO] - [4, 13, 32], []
[2025-01-30 00:27:37,642][__main__][INFO] - [4, 13, 33], []
[2025-01-30 00:27:37,710][__main__][INFO] - [4, 13, 34], []
[2025-01-30 00:27:37,755][__main__][INFO] - [4, 13, 35], []
[2025-01-30 00:27:37,836][__main__][INFO] - [4, 13, 36], []
[2025-01-30 00:27:37,880][__main__][INFO] - [4, 13, 37], []
[2025-01-30 00:27:37,923][__main__][INFO] - [4, 13, 38], []
[2025-01-30 00:27:37,966][__main__][INFO] - [4, 13, 39], []
[2025-01-30 00:27:38,068][__main__][INFO] - [4, 14, 16], []
[2025-01-30 00:27:38,114][__main__][INFO] - [4, 14, 17], []
[2025-01-30 00:27:38,245][__main__][INFO] - [4, 14, 21], []
[2025-01-30 00:27:38,290][__main__][INFO] - [4, 14, 22], []
[2025-01-30 00:27:38,334][__main__][INFO] - [4, 14, 23], []
[2025-01-30 00:27:38,436][__main__][INFO] - [4, 14], [25]
[2025-01-30 00:27:38,512][__main__][INFO] - [4, 14], [26]
[2025-01-30 00:27:38,559][__main__][INFO] - [4, 14, 27], []
[2025-01-30 00:27:38,602][__main__][INFO] - [4, 14], [27]
[2025-01-30 00:27:38,649][__main__][INFO] - [4, 14, 28], []
[2025-01-30 00:27:38,695][__main__][INFO] - [4, 14, 29], []
[2025-01-30 00:27:38,768][__main__][INFO] - [4, 14, 31], []
[2025-01-30 00:27:38,812][__main__][INFO] - [4, 14], [31]
[2025-01-30 00:27:38,857][__main__][INFO] - [4, 14, 32], []
[2025-01-30 00:27:38,900][__main__][INFO] - [4, 14, 33], []
[2025-01-30 00:27:38,944][__main__][INFO] - [4, 14, 34], []
[2025-01-30 00:27:38,987][__main__][INFO] - [4, 14, 35], []
[2025-01-30 00:27:39,031][__main__][INFO] - [4, 14, 36], []
[2025-01-30 00:27:39,219][__main__][INFO] - [4, 15, 16], []
[2025-01-30 00:27:39,380][__main__][INFO] - [4, 15, 21], []
[2025-01-30 00:27:39,424][__main__][INFO] - [4, 15, 22], []
[2025-01-30 00:27:39,467][__main__][INFO] - [4, 15, 23], []
[2025-01-30 00:27:39,569][__main__][INFO] - [4, 15], [25]
[2025-01-30 00:27:39,642][__main__][INFO] - [4, 15], [26]
[2025-01-30 00:27:39,714][__main__][INFO] - [4, 15], [27]
[2025-01-30 00:27:39,758][__main__][INFO] - [4, 15, 28], []
[2025-01-30 00:27:39,860][__main__][INFO] - [4, 15, 31], []
[2025-01-30 00:27:39,904][__main__][INFO] - [4, 15], [31]
[2025-01-30 00:27:39,947][__main__][INFO] - [4, 15, 32], []
[2025-01-30 00:27:39,990][__main__][INFO] - [4, 15, 33], []
[2025-01-30 00:27:40,033][__main__][INFO] - [4, 15, 34], []
[2025-01-30 00:27:40,076][__main__][INFO] - [4, 15, 35], []
[2025-01-30 00:27:40,177][__main__][INFO] - [4, 15, 38], []
[2025-01-30 00:27:40,307][__main__][INFO] - [4, 16, 21], []
[2025-01-30 00:27:40,648][__main__][INFO] - [4, 16, 22], []
[2025-01-30 00:27:40,771][__main__][INFO] - [4, 16, 23], []
[2025-01-30 00:27:40,867][__main__][INFO] - [4, 16, 24], []
[2025-01-30 00:27:40,914][__main__][INFO] - [4, 16, 25], []
[2025-01-30 00:27:41,149][__main__][INFO] - [4, 16], [25]
[2025-01-30 00:27:41,455][__main__][INFO] - [4, 16, 26], []
[2025-01-30 00:27:41,505][__main__][INFO] - [4, 16], [26]
[2025-01-30 00:27:42,018][__main__][INFO] - [4, 16, 27], []
[2025-01-30 00:27:42,069][__main__][INFO] - [4, 16], [27]
[2025-01-30 00:27:42,579][__main__][INFO] - [4, 16, 28], []
[2025-01-30 00:27:43,083][__main__][INFO] - [4, 16, 29], []
[2025-01-30 00:27:43,170][__main__][INFO] - [4, 16, 31], []
[2025-01-30 00:27:43,437][__main__][INFO] - [4, 16], [31]
[2025-01-30 00:27:43,685][__main__][INFO] - [4, 16, 32], []
[2025-01-30 00:27:43,778][__main__][INFO] - [4, 16, 33], []
[2025-01-30 00:27:44,068][__main__][INFO] - [4, 16, 34], []
[2025-01-30 00:27:44,122][__main__][INFO] - [4, 16, 35], []
[2025-01-30 00:27:44,237][__main__][INFO] - [4, 16, 36], []
[2025-01-30 00:27:44,293][__main__][INFO] - [4, 16, 37], []
[2025-01-30 00:27:44,338][__main__][INFO] - [4, 16, 38], []
[2025-01-30 00:27:44,382][__main__][INFO] - [4, 16, 39], []
[2025-01-30 00:27:44,483][__main__][INFO] - [4, 17, 21], []
[2025-01-30 00:27:44,531][__main__][INFO] - [4, 17, 22], []
[2025-01-30 00:27:44,576][__main__][INFO] - [4, 17, 23], []
[2025-01-30 00:27:44,620][__main__][INFO] - [4, 17, 24], []
[2025-01-30 00:27:44,663][__main__][INFO] - [4, 17, 25], []
[2025-01-30 00:27:44,707][__main__][INFO] - [4, 17], [25]
[2025-01-30 00:27:44,758][__main__][INFO] - [4, 17, 26], []
[2025-01-30 00:27:44,801][__main__][INFO] - [4, 17], [26]
[2025-01-30 00:27:44,856][__main__][INFO] - [4, 17, 27], []
[2025-01-30 00:27:44,900][__main__][INFO] - [4, 17], [27]
[2025-01-30 00:27:44,955][__main__][INFO] - [4, 17, 28], []
[2025-01-30 00:27:45,011][__main__][INFO] - [4, 17, 29], []
[2025-01-30 00:27:45,084][__main__][INFO] - [4, 17, 31], []
[2025-01-30 00:27:45,128][__main__][INFO] - [4, 17], [31]
[2025-01-30 00:27:45,178][__main__][INFO] - [4, 17, 32], []
[2025-01-30 00:27:45,221][__main__][INFO] - [4, 17, 33], []
[2025-01-30 00:27:45,269][__main__][INFO] - [4, 17, 34], []
[2025-01-30 00:27:45,312][__main__][INFO] - [4, 17, 35], []
[2025-01-30 00:27:45,356][__main__][INFO] - [4, 17, 36], []
[2025-01-30 00:27:45,399][__main__][INFO] - [4, 17, 37], []
[2025-01-30 00:27:45,559][__main__][INFO] - [4, 18, 21], []
[2025-01-30 00:27:45,601][__main__][INFO] - [4, 18, 22], []
[2025-01-30 00:27:45,643][__main__][INFO] - [4, 18, 23], []
[2025-01-30 00:27:45,714][__main__][INFO] - [4, 18, 25], []
[2025-01-30 00:27:45,756][__main__][INFO] - [4, 18], [25]
[2025-01-30 00:27:45,826][__main__][INFO] - [4, 18], [26]
[2025-01-30 00:27:45,897][__main__][INFO] - [4, 18], [27]
[2025-01-30 00:27:45,939][__main__][INFO] - [4, 18, 28], []
[2025-01-30 00:27:46,039][__main__][INFO] - [4, 18, 31], []
[2025-01-30 00:27:46,081][__main__][INFO] - [4, 18], [31]
[2025-01-30 00:27:46,152][__main__][INFO] - [4, 18, 33], []
[2025-01-30 00:27:46,252][__main__][INFO] - [4, 18, 36], []
[2025-01-30 00:27:46,440][__main__][INFO] - [4, 19, 21], []
[2025-01-30 00:27:46,484][__main__][INFO] - [4, 19, 22], []
[2025-01-30 00:27:46,527][__main__][INFO] - [4, 19, 23], []
[2025-01-30 00:27:46,599][__main__][INFO] - [4, 19, 25], []
[2025-01-30 00:27:46,643][__main__][INFO] - [4, 19], [25]
[2025-01-30 00:27:46,686][__main__][INFO] - [4, 19, 26], []
[2025-01-30 00:27:46,737][__main__][INFO] - [4, 19], [26]
[2025-01-30 00:27:46,810][__main__][INFO] - [4, 19], [27]
[2025-01-30 00:27:46,854][__main__][INFO] - [4, 19, 28], []
[2025-01-30 00:27:46,898][__main__][INFO] - [4, 19, 29], []
[2025-01-30 00:27:46,970][__main__][INFO] - [4, 19, 31], []
[2025-01-30 00:27:47,013][__main__][INFO] - [4, 19], [31]
[2025-01-30 00:27:47,057][__main__][INFO] - [4, 19, 32], []
[2025-01-30 00:27:47,100][__main__][INFO] - [4, 19, 33], []
[2025-01-30 00:27:47,143][__main__][INFO] - [4, 19, 34], []
[2025-01-30 00:27:47,186][__main__][INFO] - [4, 19, 35], []
[2025-01-30 00:27:47,229][__main__][INFO] - [4, 19, 36], []
[2025-01-30 00:27:47,447][__main__][INFO] - [4, 21, 25], []
[2025-01-30 00:27:47,643][__main__][INFO] - [4, 21], [25]
[2025-01-30 00:27:47,827][__main__][INFO] - [4, 21, 26], []
[2025-01-30 00:27:47,872][__main__][INFO] - [4, 21], [26]
[2025-01-30 00:27:48,222][__main__][INFO] - [4, 21, 27], []
[2025-01-30 00:27:48,267][__main__][INFO] - [4, 21], [27]
[2025-01-30 00:27:48,617][__main__][INFO] - [4, 21, 28], []
[2025-01-30 00:27:48,957][__main__][INFO] - [4, 21, 29], []
[2025-01-30 00:27:49,036][__main__][INFO] - [4, 21, 31], []
[2025-01-30 00:27:49,223][__main__][INFO] - [4, 21], [31]
[2025-01-30 00:27:49,411][__main__][INFO] - [4, 21, 32], []
[2025-01-30 00:27:49,492][__main__][INFO] - [4, 21, 33], []
[2025-01-30 00:27:49,673][__main__][INFO] - [4, 21, 34], []
[2025-01-30 00:27:49,719][__main__][INFO] - [4, 21, 35], []
[2025-01-30 00:27:49,821][__main__][INFO] - [4, 21, 36], []
[2025-01-30 00:27:49,874][__main__][INFO] - [4, 21, 37], []
[2025-01-30 00:27:49,918][__main__][INFO] - [4, 21, 38], []
[2025-01-30 00:27:49,962][__main__][INFO] - [4, 21, 39], []
[2025-01-30 00:27:50,063][__main__][INFO] - [4, 22, 25], []
[2025-01-30 00:27:50,112][__main__][INFO] - [4, 22], [25]
[2025-01-30 00:27:50,233][__main__][INFO] - [4, 22, 26], []
[2025-01-30 00:27:50,277][__main__][INFO] - [4, 22], [26]
[2025-01-30 00:27:50,405][__main__][INFO] - [4, 22, 27], []
[2025-01-30 00:27:50,449][__main__][INFO] - [4, 22], [27]
[2025-01-30 00:27:50,576][__main__][INFO] - [4, 22, 28], []
[2025-01-30 00:27:50,701][__main__][INFO] - [4, 22, 29], []
[2025-01-30 00:27:50,776][__main__][INFO] - [4, 22, 31], []
[2025-01-30 00:27:50,859][__main__][INFO] - [4, 22], [31]
[2025-01-30 00:27:50,943][__main__][INFO] - [4, 22, 32], []
[2025-01-30 00:27:50,987][__main__][INFO] - [4, 22, 33], []
[2025-01-30 00:27:51,091][__main__][INFO] - [4, 22, 34], []
[2025-01-30 00:27:51,140][__main__][INFO] - [4, 22, 35], []
[2025-01-30 00:27:51,185][__main__][INFO] - [4, 22, 36], []
[2025-01-30 00:27:51,229][__main__][INFO] - [4, 22, 37], []
[2025-01-30 00:27:51,272][__main__][INFO] - [4, 22, 38], []
[2025-01-30 00:27:51,315][__main__][INFO] - [4, 22, 39], []
[2025-01-30 00:27:51,416][__main__][INFO] - [4, 23, 25], []
[2025-01-30 00:27:51,475][__main__][INFO] - [4, 23], [25]
[2025-01-30 00:27:51,555][__main__][INFO] - [4, 23, 26], []
[2025-01-30 00:27:51,598][__main__][INFO] - [4, 23], [26]
[2025-01-30 00:27:51,696][__main__][INFO] - [4, 23, 27], []
[2025-01-30 00:27:51,739][__main__][INFO] - [4, 23], [27]
[2025-01-30 00:27:51,837][__main__][INFO] - [4, 23, 28], []
[2025-01-30 00:27:51,932][__main__][INFO] - [4, 23, 29], []
[2025-01-30 00:27:52,006][__main__][INFO] - [4, 23, 31], []
[2025-01-30 00:27:52,076][__main__][INFO] - [4, 23], [31]
[2025-01-30 00:27:52,145][__main__][INFO] - [4, 23, 32], []
[2025-01-30 00:27:52,192][__main__][INFO] - [4, 23, 33], []
[2025-01-30 00:27:52,265][__main__][INFO] - [4, 23, 34], []
[2025-01-30 00:27:52,309][__main__][INFO] - [4, 23, 35], []
[2025-01-30 00:27:52,358][__main__][INFO] - [4, 23, 36], []
[2025-01-30 00:27:52,402][__main__][INFO] - [4, 23, 37], []
[2025-01-30 00:27:52,445][__main__][INFO] - [4, 23, 38], []
[2025-01-30 00:27:52,488][__main__][INFO] - [4, 23, 39], []
[2025-01-30 00:27:52,589][__main__][INFO] - [4, 24, 25], []
[2025-01-30 00:27:52,632][__main__][INFO] - [4, 24], [25]
[2025-01-30 00:27:52,678][__main__][INFO] - [4, 24, 26], []
[2025-01-30 00:27:52,721][__main__][INFO] - [4, 24], [26]
[2025-01-30 00:27:52,768][__main__][INFO] - [4, 24, 27], []
[2025-01-30 00:27:52,810][__main__][INFO] - [4, 24], [27]
[2025-01-30 00:27:52,857][__main__][INFO] - [4, 24, 28], []
[2025-01-30 00:27:52,903][__main__][INFO] - [4, 24, 29], []
[2025-01-30 00:27:52,976][__main__][INFO] - [4, 24, 31], []
[2025-01-30 00:27:53,020][__main__][INFO] - [4, 24], [31]
[2025-01-30 00:27:53,065][__main__][INFO] - [4, 24, 32], []
[2025-01-30 00:27:53,108][__main__][INFO] - [4, 24, 33], []
[2025-01-30 00:27:53,153][__main__][INFO] - [4, 24, 34], []
[2025-01-30 00:27:53,197][__main__][INFO] - [4, 24, 35], []
[2025-01-30 00:27:53,241][__main__][INFO] - [4, 24, 36], []
[2025-01-30 00:27:53,430][__main__][INFO] - [4, 25, 26], []
[2025-01-30 00:27:53,474][__main__][INFO] - [4, 25], [26]
[2025-01-30 00:27:53,706][__main__][INFO] - [4, 25, 27], []
[2025-01-30 00:27:53,750][__main__][INFO] - [4, 25], [27]
[2025-01-30 00:27:53,981][__main__][INFO] - [4, 25, 28], []
[2025-01-30 00:27:54,212][__main__][INFO] - [4, 25, 29], []
[2025-01-30 00:27:54,287][__main__][INFO] - [4, 25, 31], []
[2025-01-30 00:27:54,422][__main__][INFO] - [4, 25], [31]
[2025-01-30 00:27:54,548][__main__][INFO] - [4, 25, 32], []
[2025-01-30 00:27:54,622][__main__][INFO] - [4, 25, 33], []
[2025-01-30 00:27:54,726][__main__][INFO] - [4, 25, 34], []
[2025-01-30 00:27:54,771][__main__][INFO] - [4, 25, 35], []
[2025-01-30 00:27:54,871][__main__][INFO] - [4, 25, 36], []
[2025-01-30 00:27:54,915][__main__][INFO] - [4, 25, 37], []
[2025-01-30 00:27:54,958][__main__][INFO] - [4, 25, 38], []
[2025-01-30 00:27:55,001][__main__][INFO] - [4, 25, 39], []
[2025-01-30 00:27:55,102][__main__][INFO] - [4, 26], [25]
[2025-01-30 00:27:55,148][__main__][INFO] - [4], [25, 26]
[2025-01-30 00:27:55,474][__main__][INFO] - [4, 27], [25]
[2025-01-30 00:27:55,519][__main__][INFO] - [4], [25, 27]
[2025-01-30 00:27:55,837][__main__][INFO] - [4, 28], [25]
[2025-01-30 00:27:56,152][__main__][INFO] - [4, 29], [25]
[2025-01-30 00:27:56,238][__main__][INFO] - [4, 31], [25]
[2025-01-30 00:27:56,411][__main__][INFO] - [4], [25, 31]
[2025-01-30 00:27:56,584][__main__][INFO] - [4, 32], [25]
[2025-01-30 00:27:56,646][__main__][INFO] - [4, 33], [25]
[2025-01-30 00:27:56,875][__main__][INFO] - [4, 34], [25]
[2025-01-30 00:27:56,927][__main__][INFO] - [4, 35], [25]
[2025-01-30 00:27:56,982][__main__][INFO] - [4, 36], [25]
[2025-01-30 00:27:57,037][__main__][INFO] - [4, 37], [25]
[2025-01-30 00:27:57,082][__main__][INFO] - [4, 38], [25]
[2025-01-30 00:27:57,125][__main__][INFO] - [4, 39], [25]
[2025-01-30 00:27:57,226][__main__][INFO] - [4, 26, 27], []
[2025-01-30 00:27:57,270][__main__][INFO] - [4, 26], [27]
[2025-01-30 00:27:57,319][__main__][INFO] - [4, 26, 28], []
[2025-01-30 00:27:57,364][__main__][INFO] - [4, 26, 29], []
[2025-01-30 00:27:57,438][__main__][INFO] - [4, 26, 31], []
[2025-01-30 00:27:57,482][__main__][INFO] - [4, 26], [31]
[2025-01-30 00:27:57,527][__main__][INFO] - [4, 26, 32], []
[2025-01-30 00:27:57,571][__main__][INFO] - [4, 26, 33], []
[2025-01-30 00:27:57,616][__main__][INFO] - [4, 26, 34], []
[2025-01-30 00:27:57,659][__main__][INFO] - [4, 26, 35], []
[2025-01-30 00:27:57,702][__main__][INFO] - [4, 26, 36], []
[2025-01-30 00:27:57,891][__main__][INFO] - [4, 27], [26]
[2025-01-30 00:27:57,941][__main__][INFO] - [4], [26, 27]
[2025-01-30 00:27:58,467][__main__][INFO] - [4, 28], [26]
[2025-01-30 00:27:58,976][__main__][INFO] - [4, 29], [26]
[2025-01-30 00:27:59,061][__main__][INFO] - [4, 31], [26]
[2025-01-30 00:27:59,323][__main__][INFO] - [4], [26, 31]
[2025-01-30 00:27:59,588][__main__][INFO] - [4, 32], [26]
[2025-01-30 00:27:59,680][__main__][INFO] - [4, 33], [26]
[2025-01-30 00:27:59,982][__main__][INFO] - [4, 34], [26]
[2025-01-30 00:28:00,037][__main__][INFO] - [4, 35], [26]
[2025-01-30 00:28:00,155][__main__][INFO] - [4, 36], [26]
[2025-01-30 00:28:00,212][__main__][INFO] - [4, 37], [26]
[2025-01-30 00:28:00,257][__main__][INFO] - [4, 38], [26]
[2025-01-30 00:28:00,301][__main__][INFO] - [4, 39], [26]
[2025-01-30 00:28:00,402][__main__][INFO] - [4, 27, 28], []
[2025-01-30 00:28:00,448][__main__][INFO] - [4, 27, 29], []
[2025-01-30 00:28:00,522][__main__][INFO] - [4, 27, 31], []
[2025-01-30 00:28:00,567][__main__][INFO] - [4, 27], [31]
[2025-01-30 00:28:00,612][__main__][INFO] - [4, 27, 32], []
[2025-01-30 00:28:00,655][__main__][INFO] - [4, 27, 33], []
[2025-01-30 00:28:00,700][__main__][INFO] - [4, 27, 34], []
[2025-01-30 00:28:00,743][__main__][INFO] - [4, 27, 35], []
[2025-01-30 00:28:00,786][__main__][INFO] - [4, 27, 36], []
[2025-01-30 00:28:00,975][__main__][INFO] - [4, 28], [27]
[2025-01-30 00:28:01,503][__main__][INFO] - [4, 29], [27]
[2025-01-30 00:28:01,589][__main__][INFO] - [4, 31], [27]
[2025-01-30 00:28:01,852][__main__][INFO] - [4], [27, 31]
[2025-01-30 00:28:02,114][__main__][INFO] - [4, 32], [27]
[2025-01-30 00:28:02,206][__main__][INFO] - [4, 33], [27]
[2025-01-30 00:28:02,500][__main__][INFO] - [4, 34], [27]
[2025-01-30 00:28:02,559][__main__][INFO] - [4, 35], [27]
[2025-01-30 00:28:02,675][__main__][INFO] - [4, 36], [27]
[2025-01-30 00:28:02,732][__main__][INFO] - [4, 37], [27]
[2025-01-30 00:28:02,777][__main__][INFO] - [4, 38], [27]
[2025-01-30 00:28:02,820][__main__][INFO] - [4, 39], [27]
[2025-01-30 00:28:02,922][__main__][INFO] - [4, 28, 31], []
[2025-01-30 00:28:03,183][__main__][INFO] - [4, 28], [31]
[2025-01-30 00:28:03,436][__main__][INFO] - [4, 28, 32], []
[2025-01-30 00:28:03,529][__main__][INFO] - [4, 28, 33], []
[2025-01-30 00:28:03,820][__main__][INFO] - [4, 28, 34], []
[2025-01-30 00:28:03,874][__main__][INFO] - [4, 28, 35], []
[2025-01-30 00:28:03,990][__main__][INFO] - [4, 28, 36], []
[2025-01-30 00:28:04,046][__main__][INFO] - [4, 28, 37], []
[2025-01-30 00:28:04,091][__main__][INFO] - [4, 28, 38], []
[2025-01-30 00:28:04,134][__main__][INFO] - [4, 28, 39], []
[2025-01-30 00:28:04,236][__main__][INFO] - [4, 29, 31], []
[2025-01-30 00:28:04,283][__main__][INFO] - [4, 29], [31]
[2025-01-30 00:28:04,335][__main__][INFO] - [4, 29, 32], []
[2025-01-30 00:28:04,379][__main__][INFO] - [4, 29, 33], []
[2025-01-30 00:28:04,428][__main__][INFO] - [4, 29, 34], []
[2025-01-30 00:28:04,472][__main__][INFO] - [4, 29, 35], []
[2025-01-30 00:28:04,516][__main__][INFO] - [4, 29, 36], []
[2025-01-30 00:28:04,560][__main__][INFO] - [4, 29, 37], []
[2025-01-30 00:28:04,632][__main__][INFO] - [4, 29, 39], []
[2025-01-30 00:28:04,762][__main__][INFO] - [4, 31, 32], []
[2025-01-30 00:28:04,825][__main__][INFO] - [4, 31, 33], []
[2025-01-30 00:28:04,989][__main__][INFO] - [4, 31, 34], []
[2025-01-30 00:28:05,037][__main__][INFO] - [4, 31, 35], []
[2025-01-30 00:28:05,115][__main__][INFO] - [4, 31, 36], []
[2025-01-30 00:28:05,164][__main__][INFO] - [4, 31, 37], []
[2025-01-30 00:28:05,208][__main__][INFO] - [4, 31, 38], []
[2025-01-30 00:28:05,252][__main__][INFO] - [4, 31, 39], []
[2025-01-30 00:28:05,355][__main__][INFO] - [4, 32], [31]
[2025-01-30 00:28:05,419][__main__][INFO] - [4, 33], [31]
[2025-01-30 00:28:05,585][__main__][INFO] - [4, 34], [31]
[2025-01-30 00:28:05,633][__main__][INFO] - [4, 35], [31]
[2025-01-30 00:28:05,705][__main__][INFO] - [4, 36], [31]
[2025-01-30 00:28:05,754][__main__][INFO] - [4, 37], [31]
[2025-01-30 00:28:05,797][__main__][INFO] - [4, 38], [31]
[2025-01-30 00:28:05,841][__main__][INFO] - [4, 39], [31]
[2025-01-30 00:28:05,970][__main__][INFO] - [5, 10, 11], []
[2025-01-30 00:28:06,046][__main__][INFO] - [5, 10, 12], []
[2025-01-30 00:28:06,093][__main__][INFO] - [5, 10, 13], []
[2025-01-30 00:28:06,145][__main__][INFO] - [5, 10, 14], []
[2025-01-30 00:28:06,188][__main__][INFO] - [5, 10, 15], []
[2025-01-30 00:28:06,232][__main__][INFO] - [5, 10, 16], []
[2025-01-30 00:28:06,325][__main__][INFO] - [5, 10, 17], []
[2025-01-30 00:28:06,400][__main__][INFO] - [5, 10, 19], []
[2025-01-30 00:28:06,472][__main__][INFO] - [5, 10, 21], []
[2025-01-30 00:28:06,544][__main__][INFO] - [5, 10, 22], []
[2025-01-30 00:28:06,598][__main__][INFO] - [5, 10, 23], []
[2025-01-30 00:28:06,650][__main__][INFO] - [5, 10, 24], []
[2025-01-30 00:28:06,693][__main__][INFO] - [5, 10, 25], []
[2025-01-30 00:28:06,751][__main__][INFO] - [5, 10], [25]
[2025-01-30 00:28:06,829][__main__][INFO] - [5, 10, 26], []
[2025-01-30 00:28:06,883][__main__][INFO] - [5, 10], [26]
[2025-01-30 00:28:06,965][__main__][INFO] - [5, 10, 27], []
[2025-01-30 00:28:07,020][__main__][INFO] - [5, 10], [27]
[2025-01-30 00:28:07,101][__main__][INFO] - [5, 10, 28], []
[2025-01-30 00:28:07,174][__main__][INFO] - [5, 10, 29], []
[2025-01-30 00:28:07,265][__main__][INFO] - [5, 10, 31], []
[2025-01-30 00:28:07,331][__main__][INFO] - [5, 10], [31]
[2025-01-30 00:28:07,398][__main__][INFO] - [5, 10, 32], []
[2025-01-30 00:28:07,445][__main__][INFO] - [5, 10, 33], []
[2025-01-30 00:28:07,514][__main__][INFO] - [5, 10, 34], []
[2025-01-30 00:28:07,559][__main__][INFO] - [5, 10, 35], []
[2025-01-30 00:28:07,604][__main__][INFO] - [5, 10, 36], []
[2025-01-30 00:28:07,651][__main__][INFO] - [5, 10, 37], []
[2025-01-30 00:28:07,694][__main__][INFO] - [5, 10, 38], []
[2025-01-30 00:28:07,737][__main__][INFO] - [5, 10, 39], []
[2025-01-30 00:28:07,838][__main__][INFO] - [5, 11], [10]
[2025-01-30 00:28:08,111][__main__][INFO] - [5, 12], [10]
[2025-01-30 00:28:08,209][__main__][INFO] - [5, 13], [10]
[2025-01-30 00:28:08,353][__main__][INFO] - [5, 14], [10]
[2025-01-30 00:28:08,399][__main__][INFO] - [5, 15], [10]
[2025-01-30 00:28:08,443][__main__][INFO] - [5, 16], [10]
[2025-01-30 00:28:08,883][__main__][INFO] - [5, 17], [10]
[2025-01-30 00:28:08,937][__main__][INFO] - [5, 18], [10]
[2025-01-30 00:28:08,979][__main__][INFO] - [5, 19], [10]
[2025-01-30 00:28:09,052][__main__][INFO] - [5, 21], [10]
[2025-01-30 00:28:09,350][__main__][INFO] - [5, 22], [10]
[2025-01-30 00:28:09,471][__main__][INFO] - [5, 23], [10]
[2025-01-30 00:28:09,559][__main__][INFO] - [5, 24], [10]
[2025-01-30 00:28:09,605][__main__][INFO] - [5, 25], [10]
[2025-01-30 00:28:09,811][__main__][INFO] - [5], [10, 25]
[2025-01-30 00:28:10,119][__main__][INFO] - [5], [10, 26]
[2025-01-30 00:28:10,609][__main__][INFO] - [5], [10, 27]
[2025-01-30 00:28:11,078][__main__][INFO] - [5, 28], [10]
[2025-01-30 00:28:11,597][__main__][INFO] - [5, 31], [10]
[2025-01-30 00:28:11,840][__main__][INFO] - [5], [10, 31]
[2025-01-30 00:28:12,069][__main__][INFO] - [5, 32], [10]
[2025-01-30 00:28:12,146][__main__][INFO] - [5, 33], [10]
[2025-01-30 00:28:12,425][__main__][INFO] - [5, 34], [10]
[2025-01-30 00:28:12,475][__main__][INFO] - [5, 35], [10]
[2025-01-30 00:28:12,576][__main__][INFO] - [5, 36], [10]
[2025-01-30 00:28:12,630][__main__][INFO] - [5, 37], [10]
[2025-01-30 00:28:12,674][__main__][INFO] - [5, 38], [10]
[2025-01-30 00:28:12,718][__main__][INFO] - [5, 39], [10]
[2025-01-30 00:28:12,819][__main__][INFO] - [5, 11, 16], []
[2025-01-30 00:28:13,110][__main__][INFO] - [5, 11, 17], []
[2025-01-30 00:28:13,167][__main__][INFO] - [5, 11, 18], []
[2025-01-30 00:28:13,209][__main__][INFO] - [5, 11, 19], []
[2025-01-30 00:28:13,283][__main__][INFO] - [5, 11, 21], []
[2025-01-30 00:28:13,456][__main__][INFO] - [5, 11, 22], []
[2025-01-30 00:28:13,581][__main__][INFO] - [5, 11, 23], []
[2025-01-30 00:28:13,656][__main__][INFO] - [5, 11, 24], []
[2025-01-30 00:28:13,732][__main__][INFO] - [5, 11], [25]
[2025-01-30 00:28:14,043][__main__][INFO] - [5, 11, 26], []
[2025-01-30 00:28:14,091][__main__][INFO] - [5, 11], [26]
[2025-01-30 00:28:14,389][__main__][INFO] - [5, 11, 27], []
[2025-01-30 00:28:14,437][__main__][INFO] - [5, 11], [27]
[2025-01-30 00:28:14,740][__main__][INFO] - [5, 11, 28], []
[2025-01-30 00:28:15,034][__main__][INFO] - [5, 11, 29], []
[2025-01-30 00:28:15,121][__main__][INFO] - [5, 11, 31], []
[2025-01-30 00:28:15,286][__main__][INFO] - [5, 11], [31]
[2025-01-30 00:28:15,452][__main__][INFO] - [5, 11, 32], []
[2025-01-30 00:28:15,503][__main__][INFO] - [5, 11, 33], []
[2025-01-30 00:28:15,742][__main__][INFO] - [5, 11, 34], []
[2025-01-30 00:28:15,791][__main__][INFO] - [5, 11, 35], []
[2025-01-30 00:28:15,840][__main__][INFO] - [5, 11, 36], []
[2025-01-30 00:28:15,896][__main__][INFO] - [5, 11, 37], []
[2025-01-30 00:28:15,941][__main__][INFO] - [5, 11, 38], []
[2025-01-30 00:28:15,984][__main__][INFO] - [5, 11, 39], []
[2025-01-30 00:28:16,085][__main__][INFO] - [5, 12, 16], []
[2025-01-30 00:28:16,191][__main__][INFO] - [5, 12, 17], []
[2025-01-30 00:28:16,322][__main__][INFO] - [5, 12, 21], []
[2025-01-30 00:28:16,414][__main__][INFO] - [5, 12, 22], []
[2025-01-30 00:28:16,459][__main__][INFO] - [5, 12, 23], []
[2025-01-30 00:28:16,507][__main__][INFO] - [5, 12, 24], []
[2025-01-30 00:28:16,550][__main__][INFO] - [5, 12, 25], []
[2025-01-30 00:28:16,686][__main__][INFO] - [5, 12, 26], []
[2025-01-30 00:28:16,730][__main__][INFO] - [5, 12], [26]
[2025-01-30 00:28:16,834][__main__][INFO] - [5, 12, 27], []
[2025-01-30 00:28:16,878][__main__][INFO] - [5, 12], [27]
[2025-01-30 00:28:16,983][__main__][INFO] - [5, 12, 28], []
[2025-01-30 00:28:17,087][__main__][INFO] - [5, 12, 29], []
[2025-01-30 00:28:17,161][__main__][INFO] - [5, 12, 31], []
[2025-01-30 00:28:17,231][__main__][INFO] - [5, 12], [31]
[2025-01-30 00:28:17,300][__main__][INFO] - [5, 12, 32], []
[2025-01-30 00:28:17,358][__main__][INFO] - [5, 12, 33], []
[2025-01-30 00:28:17,425][__main__][INFO] - [5, 12, 34], []
[2025-01-30 00:28:17,468][__main__][INFO] - [5, 12, 35], []
[2025-01-30 00:28:17,521][__main__][INFO] - [5, 12, 36], []
[2025-01-30 00:28:17,565][__main__][INFO] - [5, 12, 37], []
[2025-01-30 00:28:17,608][__main__][INFO] - [5, 12, 38], []
[2025-01-30 00:28:17,651][__main__][INFO] - [5, 12, 39], []
[2025-01-30 00:28:17,752][__main__][INFO] - [5, 13, 16], []
[2025-01-30 00:28:17,906][__main__][INFO] - [5, 13, 17], []
[2025-01-30 00:28:17,980][__main__][INFO] - [5, 13, 19], []
[2025-01-30 00:28:18,052][__main__][INFO] - [5, 13, 21], []
[2025-01-30 00:28:18,188][__main__][INFO] - [5, 13, 22], []
[2025-01-30 00:28:18,235][__main__][INFO] - [5, 13, 23], []
[2025-01-30 00:28:18,287][__main__][INFO] - [5, 13, 24], []
[2025-01-30 00:28:18,330][__main__][INFO] - [5, 13, 25], []
[2025-01-30 00:28:18,518][__main__][INFO] - [5, 13, 26], []
[2025-01-30 00:28:18,563][__main__][INFO] - [5, 13], [26]
[2025-01-30 00:28:18,715][__main__][INFO] - [5, 13, 27], []
[2025-01-30 00:28:18,759][__main__][INFO] - [5, 13], [27]
[2025-01-30 00:28:18,913][__main__][INFO] - [5, 13, 28], []
[2025-01-30 00:28:19,063][__main__][INFO] - [5, 13, 29], []
[2025-01-30 00:28:19,137][__main__][INFO] - [5, 13, 31], []
[2025-01-30 00:28:19,235][__main__][INFO] - [5, 13], [31]
[2025-01-30 00:28:19,329][__main__][INFO] - [5, 13, 32], []
[2025-01-30 00:28:19,384][__main__][INFO] - [5, 13, 33], []
[2025-01-30 00:28:19,459][__main__][INFO] - [5, 13, 34], []
[2025-01-30 00:28:19,503][__main__][INFO] - [5, 13, 35], []
[2025-01-30 00:28:19,588][__main__][INFO] - [5, 13, 36], []
[2025-01-30 00:28:19,632][__main__][INFO] - [5, 13, 37], []
[2025-01-30 00:28:19,676][__main__][INFO] - [5, 13, 38], []
[2025-01-30 00:28:19,719][__main__][INFO] - [5, 13, 39], []
[2025-01-30 00:28:19,820][__main__][INFO] - [5, 14, 16], []
[2025-01-30 00:28:19,866][__main__][INFO] - [5, 14, 17], []
[2025-01-30 00:28:19,998][__main__][INFO] - [5, 14, 21], []
[2025-01-30 00:28:20,042][__main__][INFO] - [5, 14, 22], []
[2025-01-30 00:28:20,086][__main__][INFO] - [5, 14, 23], []
[2025-01-30 00:28:20,130][__main__][INFO] - [5, 14, 24], []
[2025-01-30 00:28:20,201][__main__][INFO] - [5, 14], [25]
[2025-01-30 00:28:20,248][__main__][INFO] - [5, 14, 26], []
[2025-01-30 00:28:20,291][__main__][INFO] - [5, 14], [26]
[2025-01-30 00:28:20,337][__main__][INFO] - [5, 14, 27], []
[2025-01-30 00:28:20,380][__main__][INFO] - [5, 14], [27]
[2025-01-30 00:28:20,426][__main__][INFO] - [5, 14, 28], []
[2025-01-30 00:28:20,473][__main__][INFO] - [5, 14, 29], []
[2025-01-30 00:28:20,546][__main__][INFO] - [5, 14, 31], []
[2025-01-30 00:28:20,590][__main__][INFO] - [5, 14], [31]
[2025-01-30 00:28:20,635][__main__][INFO] - [5, 14, 32], []
[2025-01-30 00:28:20,678][__main__][INFO] - [5, 14, 33], []
[2025-01-30 00:28:20,723][__main__][INFO] - [5, 14, 34], []
[2025-01-30 00:28:20,766][__main__][INFO] - [5, 14, 35], []
[2025-01-30 00:28:20,809][__main__][INFO] - [5, 14, 36], []
[2025-01-30 00:28:20,998][__main__][INFO] - [5, 15, 16], []
[2025-01-30 00:28:21,159][__main__][INFO] - [5, 15, 21], []
[2025-01-30 00:28:21,202][__main__][INFO] - [5, 15, 22], []
[2025-01-30 00:28:21,333][__main__][INFO] - [5, 15], [25]
[2025-01-30 00:28:21,406][__main__][INFO] - [5, 15], [26]
[2025-01-30 00:28:21,479][__main__][INFO] - [5, 15], [27]
[2025-01-30 00:28:21,522][__main__][INFO] - [5, 15, 28], []
[2025-01-30 00:28:21,624][__main__][INFO] - [5, 15, 31], []
[2025-01-30 00:28:21,668][__main__][INFO] - [5, 15], [31]
[2025-01-30 00:28:21,711][__main__][INFO] - [5, 15, 32], []
[2025-01-30 00:28:21,754][__main__][INFO] - [5, 15, 33], []
[2025-01-30 00:28:21,797][__main__][INFO] - [5, 15, 34], []
[2025-01-30 00:28:21,869][__main__][INFO] - [5, 15, 36], []
[2025-01-30 00:28:21,941][__main__][INFO] - [5, 15, 38], []
[2025-01-30 00:28:22,071][__main__][INFO] - [5, 16, 21], []
[2025-01-30 00:28:22,393][__main__][INFO] - [5, 16, 22], []
[2025-01-30 00:28:22,521][__main__][INFO] - [5, 16, 23], []
[2025-01-30 00:28:22,611][__main__][INFO] - [5, 16, 24], []
[2025-01-30 00:28:22,658][__main__][INFO] - [5, 16, 25], []
[2025-01-30 00:28:22,880][__main__][INFO] - [5, 16], [25]
[2025-01-30 00:28:23,182][__main__][INFO] - [5, 16, 26], []
[2025-01-30 00:28:23,234][__main__][INFO] - [5, 16], [26]
[2025-01-30 00:28:23,713][__main__][INFO] - [5, 16, 27], []
[2025-01-30 00:28:23,766][__main__][INFO] - [5, 16], [27]
[2025-01-30 00:28:24,245][__main__][INFO] - [5, 16, 28], []
[2025-01-30 00:28:24,722][__main__][INFO] - [5, 16, 29], []
[2025-01-30 00:28:24,812][__main__][INFO] - [5, 16, 31], []
[2025-01-30 00:28:25,072][__main__][INFO] - [5, 16], [31]
[2025-01-30 00:28:25,310][__main__][INFO] - [5, 16, 32], []
[2025-01-30 00:28:25,393][__main__][INFO] - [5, 16, 33], []
[2025-01-30 00:28:25,690][__main__][INFO] - [5, 16, 34], []
[2025-01-30 00:28:25,741][__main__][INFO] - [5, 16, 35], []
[2025-01-30 00:28:25,847][__main__][INFO] - [5, 16, 36], []
[2025-01-30 00:28:25,903][__main__][INFO] - [5, 16, 37], []
[2025-01-30 00:28:25,948][__main__][INFO] - [5, 16, 38], []
[2025-01-30 00:28:25,991][__main__][INFO] - [5, 16, 39], []
[2025-01-30 00:28:26,093][__main__][INFO] - [5, 17, 21], []
[2025-01-30 00:28:26,143][__main__][INFO] - [5, 17, 22], []
[2025-01-30 00:28:26,189][__main__][INFO] - [5, 17, 23], []
[2025-01-30 00:28:26,234][__main__][INFO] - [5, 17, 24], []
[2025-01-30 00:28:26,277][__main__][INFO] - [5, 17, 25], []
[2025-01-30 00:28:26,322][__main__][INFO] - [5, 17], [25]
[2025-01-30 00:28:26,380][__main__][INFO] - [5, 17, 26], []
[2025-01-30 00:28:26,423][__main__][INFO] - [5, 17], [26]
[2025-01-30 00:28:26,483][__main__][INFO] - [5, 17, 27], []
[2025-01-30 00:28:26,526][__main__][INFO] - [5, 17], [27]
[2025-01-30 00:28:26,585][__main__][INFO] - [5, 17, 28], []
[2025-01-30 00:28:26,646][__main__][INFO] - [5, 17, 29], []
[2025-01-30 00:28:26,719][__main__][INFO] - [5, 17, 31], []
[2025-01-30 00:28:26,764][__main__][INFO] - [5, 17], [31]
[2025-01-30 00:28:26,821][__main__][INFO] - [5, 17, 32], []
[2025-01-30 00:28:26,865][__main__][INFO] - [5, 17, 33], []
[2025-01-30 00:28:26,916][__main__][INFO] - [5, 17, 34], []
[2025-01-30 00:28:26,959][__main__][INFO] - [5, 17, 35], []
[2025-01-30 00:28:27,003][__main__][INFO] - [5, 17, 36], []
[2025-01-30 00:28:27,046][__main__][INFO] - [5, 17, 37], []
[2025-01-30 00:28:27,089][__main__][INFO] - [5, 17, 38], []
[2025-01-30 00:28:27,220][__main__][INFO] - [5, 18, 21], []
[2025-01-30 00:28:27,291][__main__][INFO] - [5, 18, 23], []
[2025-01-30 00:28:27,392][__main__][INFO] - [5, 18], [25]
[2025-01-30 00:28:27,463][__main__][INFO] - [5, 18], [26]
[2025-01-30 00:28:27,535][__main__][INFO] - [5, 18], [27]
[2025-01-30 00:28:27,577][__main__][INFO] - [5, 18, 28], []
[2025-01-30 00:28:27,707][__main__][INFO] - [5, 18], [31]
[2025-01-30 00:28:27,778][__main__][INFO] - [5, 18, 33], []
[2025-01-30 00:28:28,054][__main__][INFO] - [5, 19, 21], []
[2025-01-30 00:28:28,098][__main__][INFO] - [5, 19, 22], []
[2025-01-30 00:28:28,141][__main__][INFO] - [5, 19, 23], []
[2025-01-30 00:28:28,214][__main__][INFO] - [5, 19, 25], []
[2025-01-30 00:28:28,257][__main__][INFO] - [5, 19], [25]
[2025-01-30 00:28:28,301][__main__][INFO] - [5, 19, 26], []
[2025-01-30 00:28:28,344][__main__][INFO] - [5, 19], [26]
[2025-01-30 00:28:28,418][__main__][INFO] - [5, 19], [27]
[2025-01-30 00:28:28,462][__main__][INFO] - [5, 19, 28], []
[2025-01-30 00:28:28,507][__main__][INFO] - [5, 19, 29], []
[2025-01-30 00:28:28,579][__main__][INFO] - [5, 19, 31], []
[2025-01-30 00:28:28,622][__main__][INFO] - [5, 19], [31]
[2025-01-30 00:28:28,666][__main__][INFO] - [5, 19, 32], []
[2025-01-30 00:28:28,709][__main__][INFO] - [5, 19, 33], []
[2025-01-30 00:28:28,753][__main__][INFO] - [5, 19, 34], []
[2025-01-30 00:28:28,796][__main__][INFO] - [5, 19, 35], []
[2025-01-30 00:28:28,839][__main__][INFO] - [5, 19, 36], []
[2025-01-30 00:28:29,057][__main__][INFO] - [5, 21, 25], []
[2025-01-30 00:28:29,250][__main__][INFO] - [5, 21], [25]
[2025-01-30 00:28:29,427][__main__][INFO] - [5, 21, 26], []
[2025-01-30 00:28:29,474][__main__][INFO] - [5, 21], [26]
[2025-01-30 00:28:29,798][__main__][INFO] - [5, 21, 27], []
[2025-01-30 00:28:29,845][__main__][INFO] - [5, 21], [27]
[2025-01-30 00:28:30,171][__main__][INFO] - [5, 21, 28], []
[2025-01-30 00:28:30,494][__main__][INFO] - [5, 21, 29], []
[2025-01-30 00:28:30,578][__main__][INFO] - [5, 21, 31], []
[2025-01-30 00:28:30,756][__main__][INFO] - [5, 21], [31]
[2025-01-30 00:28:30,933][__main__][INFO] - [5, 21, 32], []
[2025-01-30 00:28:31,006][__main__][INFO] - [5, 21, 33], []
[2025-01-30 00:28:31,192][__main__][INFO] - [5, 21, 34], []
[2025-01-30 00:28:31,238][__main__][INFO] - [5, 21, 35], []
[2025-01-30 00:28:31,330][__main__][INFO] - [5, 21, 36], []
[2025-01-30 00:28:31,385][__main__][INFO] - [5, 21, 37], []
[2025-01-30 00:28:31,429][__main__][INFO] - [5, 21, 38], []
[2025-01-30 00:28:31,472][__main__][INFO] - [5, 21, 39], []
[2025-01-30 00:28:31,573][__main__][INFO] - [5, 22, 25], []
[2025-01-30 00:28:31,622][__main__][INFO] - [5, 22], [25]
[2025-01-30 00:28:31,747][__main__][INFO] - [5, 22, 26], []
[2025-01-30 00:28:31,792][__main__][INFO] - [5, 22], [26]
[2025-01-30 00:28:31,922][__main__][INFO] - [5, 22, 27], []
[2025-01-30 00:28:31,966][__main__][INFO] - [5, 22], [27]
[2025-01-30 00:28:32,096][__main__][INFO] - [5, 22, 28], []
[2025-01-30 00:28:32,225][__main__][INFO] - [5, 22, 29], []
[2025-01-30 00:28:32,300][__main__][INFO] - [5, 22, 31], []
[2025-01-30 00:28:32,384][__main__][INFO] - [5, 22], [31]
[2025-01-30 00:28:32,468][__main__][INFO] - [5, 22, 32], []
[2025-01-30 00:28:32,512][__main__][INFO] - [5, 22, 33], []
[2025-01-30 00:28:32,623][__main__][INFO] - [5, 22, 34], []
[2025-01-30 00:28:32,671][__main__][INFO] - [5, 22, 35], []
[2025-01-30 00:28:32,715][__main__][INFO] - [5, 22, 36], []
[2025-01-30 00:28:32,759][__main__][INFO] - [5, 22, 37], []
[2025-01-30 00:28:32,802][__main__][INFO] - [5, 22, 38], []
[2025-01-30 00:28:32,845][__main__][INFO] - [5, 22, 39], []
[2025-01-30 00:28:32,946][__main__][INFO] - [5, 23, 25], []
[2025-01-30 00:28:33,007][__main__][INFO] - [5, 23], [25]
[2025-01-30 00:28:33,084][__main__][INFO] - [5, 23, 26], []
[2025-01-30 00:28:33,128][__main__][INFO] - [5, 23], [26]
[2025-01-30 00:28:33,221][__main__][INFO] - [5, 23, 27], []
[2025-01-30 00:28:33,264][__main__][INFO] - [5, 23], [27]
[2025-01-30 00:28:33,356][__main__][INFO] - [5, 23, 28], []
[2025-01-30 00:28:33,448][__main__][INFO] - [5, 23, 29], []
[2025-01-30 00:28:33,522][__main__][INFO] - [5, 23, 31], []
[2025-01-30 00:28:33,590][__main__][INFO] - [5, 23], [31]
[2025-01-30 00:28:33,657][__main__][INFO] - [5, 23, 32], []
[2025-01-30 00:28:33,704][__main__][INFO] - [5, 23, 33], []
[2025-01-30 00:28:33,773][__main__][INFO] - [5, 23, 34], []
[2025-01-30 00:28:33,817][__main__][INFO] - [5, 23, 35], []
[2025-01-30 00:28:33,865][__main__][INFO] - [5, 23, 36], []
[2025-01-30 00:28:33,909][__main__][INFO] - [5, 23, 37], []
[2025-01-30 00:28:33,952][__main__][INFO] - [5, 23, 38], []
[2025-01-30 00:28:33,995][__main__][INFO] - [5, 23, 39], []
[2025-01-30 00:28:34,096][__main__][INFO] - [5, 24, 25], []
[2025-01-30 00:28:34,140][__main__][INFO] - [5, 24], [25]
[2025-01-30 00:28:34,186][__main__][INFO] - [5, 24, 26], []
[2025-01-30 00:28:34,229][__main__][INFO] - [5, 24], [26]
[2025-01-30 00:28:34,275][__main__][INFO] - [5, 24, 27], []
[2025-01-30 00:28:34,319][__main__][INFO] - [5, 24], [27]
[2025-01-30 00:28:34,365][__main__][INFO] - [5, 24, 28], []
[2025-01-30 00:28:34,412][__main__][INFO] - [5, 24, 29], []
[2025-01-30 00:28:34,484][__main__][INFO] - [5, 24, 31], []
[2025-01-30 00:28:34,529][__main__][INFO] - [5, 24], [31]
[2025-01-30 00:28:34,574][__main__][INFO] - [5, 24, 32], []
[2025-01-30 00:28:34,617][__main__][INFO] - [5, 24, 33], []
[2025-01-30 00:28:34,662][__main__][INFO] - [5, 24, 34], []
[2025-01-30 00:28:34,706][__main__][INFO] - [5, 24, 35], []
[2025-01-30 00:28:34,749][__main__][INFO] - [5, 24, 36], []
[2025-01-30 00:28:34,938][__main__][INFO] - [5, 25, 26], []
[2025-01-30 00:28:34,982][__main__][INFO] - [5, 25], [26]
[2025-01-30 00:28:35,203][__main__][INFO] - [5, 25, 27], []
[2025-01-30 00:28:35,249][__main__][INFO] - [5, 25], [27]
[2025-01-30 00:28:35,471][__main__][INFO] - [5, 25, 28], []
[2025-01-30 00:28:35,687][__main__][INFO] - [5, 25, 29], []
[2025-01-30 00:28:35,762][__main__][INFO] - [5, 25, 31], []
[2025-01-30 00:28:35,891][__main__][INFO] - [5, 25], [31]
[2025-01-30 00:28:36,016][__main__][INFO] - [5, 25, 32], []
[2025-01-30 00:28:36,087][__main__][INFO] - [5, 25, 33], []
[2025-01-30 00:28:36,192][__main__][INFO] - [5, 25, 34], []
[2025-01-30 00:28:36,237][__main__][INFO] - [5, 25, 35], []
[2025-01-30 00:28:36,333][__main__][INFO] - [5, 25, 36], []
[2025-01-30 00:28:36,377][__main__][INFO] - [5, 25, 37], []
[2025-01-30 00:28:36,420][__main__][INFO] - [5, 25, 38], []
[2025-01-30 00:28:36,463][__main__][INFO] - [5, 25, 39], []
[2025-01-30 00:28:36,564][__main__][INFO] - [5, 26], [25]
[2025-01-30 00:28:36,615][__main__][INFO] - [5], [25, 26]
[2025-01-30 00:28:36,934][__main__][INFO] - [5, 27], [25]
[2025-01-30 00:28:36,985][__main__][INFO] - [5], [25, 27]
[2025-01-30 00:28:37,302][__main__][INFO] - [5, 28], [25]
[2025-01-30 00:28:37,599][__main__][INFO] - [5, 29], [25]
[2025-01-30 00:28:37,685][__main__][INFO] - [5, 31], [25]
[2025-01-30 00:28:37,853][__main__][INFO] - [5], [25, 31]
[2025-01-30 00:28:38,023][__main__][INFO] - [5, 32], [25]
[2025-01-30 00:28:38,074][__main__][INFO] - [5, 33], [25]
[2025-01-30 00:28:38,320][__main__][INFO] - [5, 34], [25]
[2025-01-30 00:28:38,369][__main__][INFO] - [5, 35], [25]
[2025-01-30 00:28:38,418][__main__][INFO] - [5, 36], [25]
[2025-01-30 00:28:38,475][__main__][INFO] - [5, 37], [25]
[2025-01-30 00:28:38,519][__main__][INFO] - [5, 38], [25]
[2025-01-30 00:28:38,562][__main__][INFO] - [5, 39], [25]
[2025-01-30 00:28:38,664][__main__][INFO] - [5, 26, 27], []
[2025-01-30 00:28:38,708][__main__][INFO] - [5, 26], [27]
[2025-01-30 00:28:38,759][__main__][INFO] - [5, 26, 28], []
[2025-01-30 00:28:38,810][__main__][INFO] - [5, 26, 29], []
[2025-01-30 00:28:38,884][__main__][INFO] - [5, 26, 31], []
[2025-01-30 00:28:38,930][__main__][INFO] - [5, 26], [31]
[2025-01-30 00:28:38,980][__main__][INFO] - [5, 26, 32], []
[2025-01-30 00:28:39,023][__main__][INFO] - [5, 26, 33], []
[2025-01-30 00:28:39,070][__main__][INFO] - [5, 26, 34], []
[2025-01-30 00:28:39,113][__main__][INFO] - [5, 26, 35], []
[2025-01-30 00:28:39,156][__main__][INFO] - [5, 26, 36], []
[2025-01-30 00:28:39,200][__main__][INFO] - [5, 26, 37], []
[2025-01-30 00:28:39,360][__main__][INFO] - [5, 27], [26]
[2025-01-30 00:28:39,412][__main__][INFO] - [5], [26, 27]
[2025-01-30 00:28:39,916][__main__][INFO] - [5, 28], [26]
[2025-01-30 00:28:40,404][__main__][INFO] - [5, 29], [26]
[2025-01-30 00:28:40,492][__main__][INFO] - [5, 31], [26]
[2025-01-30 00:28:40,749][__main__][INFO] - [5], [26, 31]
[2025-01-30 00:28:41,003][__main__][INFO] - [5, 32], [26]
[2025-01-30 00:28:41,085][__main__][INFO] - [5, 33], [26]
[2025-01-30 00:28:41,399][__main__][INFO] - [5, 34], [26]
[2025-01-30 00:28:41,450][__main__][INFO] - [5, 35], [26]
[2025-01-30 00:28:41,557][__main__][INFO] - [5, 36], [26]
[2025-01-30 00:28:41,616][__main__][INFO] - [5, 37], [26]
[2025-01-30 00:28:41,661][__main__][INFO] - [5, 38], [26]
[2025-01-30 00:28:41,705][__main__][INFO] - [5, 39], [26]
[2025-01-30 00:28:41,807][__main__][INFO] - [5, 27, 28], []
[2025-01-30 00:28:41,858][__main__][INFO] - [5, 27, 29], []
[2025-01-30 00:28:41,932][__main__][INFO] - [5, 27, 31], []
[2025-01-30 00:28:41,979][__main__][INFO] - [5, 27], [31]
[2025-01-30 00:28:42,025][__main__][INFO] - [5, 27, 32], []
[2025-01-30 00:28:42,068][__main__][INFO] - [5, 27, 33], []
[2025-01-30 00:28:42,115][__main__][INFO] - [5, 27, 34], []
[2025-01-30 00:28:42,158][__main__][INFO] - [5, 27, 35], []
[2025-01-30 00:28:42,202][__main__][INFO] - [5, 27, 36], []
[2025-01-30 00:28:42,245][__main__][INFO] - [5, 27, 37], []
[2025-01-30 00:28:42,288][__main__][INFO] - [5, 27, 38], []
[2025-01-30 00:28:42,419][__main__][INFO] - [5, 28], [27]
[2025-01-30 00:28:42,915][__main__][INFO] - [5, 29], [27]
[2025-01-30 00:28:43,004][__main__][INFO] - [5, 31], [27]
[2025-01-30 00:28:43,264][__main__][INFO] - [5], [27, 31]
[2025-01-30 00:28:43,513][__main__][INFO] - [5, 32], [27]
[2025-01-30 00:28:43,597][__main__][INFO] - [5, 33], [27]
[2025-01-30 00:28:43,901][__main__][INFO] - [5, 34], [27]
[2025-01-30 00:28:43,952][__main__][INFO] - [5, 35], [27]
[2025-01-30 00:28:44,059][__main__][INFO] - [5, 36], [27]
[2025-01-30 00:28:44,116][__main__][INFO] - [5, 37], [27]
[2025-01-30 00:28:44,161][__main__][INFO] - [5, 38], [27]
[2025-01-30 00:28:44,204][__main__][INFO] - [5, 39], [27]
[2025-01-30 00:28:44,306][__main__][INFO] - [5, 28, 31], []
[2025-01-30 00:28:44,560][__main__][INFO] - [5, 28], [31]
[2025-01-30 00:28:44,810][__main__][INFO] - [5, 28, 32], []
[2025-01-30 00:28:44,893][__main__][INFO] - [5, 28, 33], []
[2025-01-30 00:28:45,191][__main__][INFO] - [5, 28, 34], []
[2025-01-30 00:28:45,242][__main__][INFO] - [5, 28, 35], []
[2025-01-30 00:28:45,347][__main__][INFO] - [5, 28, 36], []
[2025-01-30 00:28:45,404][__main__][INFO] - [5, 28, 37], []
[2025-01-30 00:28:45,448][__main__][INFO] - [5, 28, 38], []
[2025-01-30 00:28:45,492][__main__][INFO] - [5, 28, 39], []
[2025-01-30 00:28:45,593][__main__][INFO] - [5, 29, 31], []
[2025-01-30 00:28:45,643][__main__][INFO] - [5, 29], [31]
[2025-01-30 00:28:45,696][__main__][INFO] - [5, 29, 32], []
[2025-01-30 00:28:45,740][__main__][INFO] - [5, 29, 33], []
[2025-01-30 00:28:45,790][__main__][INFO] - [5, 29, 34], []
[2025-01-30 00:28:45,834][__main__][INFO] - [5, 29, 35], []
[2025-01-30 00:28:45,877][__main__][INFO] - [5, 29, 36], []
[2025-01-30 00:28:45,922][__main__][INFO] - [5, 29, 37], []
[2025-01-30 00:28:46,110][__main__][INFO] - [5, 31, 32], []
[2025-01-30 00:28:46,170][__main__][INFO] - [5, 31, 33], []
[2025-01-30 00:28:46,335][__main__][INFO] - [5, 31, 34], []
[2025-01-30 00:28:46,382][__main__][INFO] - [5, 31, 35], []
[2025-01-30 00:28:46,455][__main__][INFO] - [5, 31, 36], []
[2025-01-30 00:28:46,504][__main__][INFO] - [5, 31, 37], []
[2025-01-30 00:28:46,548][__main__][INFO] - [5, 31, 38], []
[2025-01-30 00:28:46,592][__main__][INFO] - [5, 31, 39], []
[2025-01-30 00:28:46,692][__main__][INFO] - [5, 32], [31]
[2025-01-30 00:28:46,753][__main__][INFO] - [5, 33], [31]
[2025-01-30 00:28:46,919][__main__][INFO] - [5, 34], [31]
[2025-01-30 00:28:46,965][__main__][INFO] - [5, 35], [31]
[2025-01-30 00:28:47,032][__main__][INFO] - [5, 36], [31]
[2025-01-30 00:28:47,082][__main__][INFO] - [5, 37], [31]
[2025-01-30 00:28:47,126][__main__][INFO] - [5, 38], [31]
[2025-01-30 00:28:47,169][__main__][INFO] - [5, 39], [31]
[2025-01-30 00:28:47,298][__main__][INFO] - [6, 10, 11], []
[2025-01-30 00:28:47,393][__main__][INFO] - [6, 10, 12], []
[2025-01-30 00:28:47,441][__main__][INFO] - [6, 10, 13], []
[2025-01-30 00:28:47,498][__main__][INFO] - [6, 10, 14], []
[2025-01-30 00:28:47,541][__main__][INFO] - [6, 10, 15], []
[2025-01-30 00:28:47,584][__main__][INFO] - [6, 10, 16], []
[2025-01-30 00:28:47,701][__main__][INFO] - [6, 10, 17], []
[2025-01-30 00:28:47,781][__main__][INFO] - [6, 10, 19], []
[2025-01-30 00:28:47,854][__main__][INFO] - [6, 10, 21], []
[2025-01-30 00:28:47,940][__main__][INFO] - [6, 10, 22], []
[2025-01-30 00:28:47,999][__main__][INFO] - [6, 10, 23], []
[2025-01-30 00:28:48,053][__main__][INFO] - [6, 10, 24], []
[2025-01-30 00:28:48,097][__main__][INFO] - [6, 10, 25], []
[2025-01-30 00:28:48,161][__main__][INFO] - [6, 10], [25]
[2025-01-30 00:28:48,261][__main__][INFO] - [6, 10, 26], []
[2025-01-30 00:28:48,321][__main__][INFO] - [6, 10], [26]
[2025-01-30 00:28:48,421][__main__][INFO] - [6, 10, 27], []
[2025-01-30 00:28:48,478][__main__][INFO] - [6, 10], [27]
[2025-01-30 00:28:48,583][__main__][INFO] - [6, 10, 28], []
[2025-01-30 00:28:48,677][__main__][INFO] - [6, 10, 29], []
[2025-01-30 00:28:48,772][__main__][INFO] - [6, 10, 31], []
[2025-01-30 00:28:48,851][__main__][INFO] - [6, 10], [31]
[2025-01-30 00:28:48,930][__main__][INFO] - [6, 10, 32], []
[2025-01-30 00:28:48,977][__main__][INFO] - [6, 10, 33], []
[2025-01-30 00:28:49,064][__main__][INFO] - [6, 10, 34], []
[2025-01-30 00:28:49,109][__main__][INFO] - [6, 10, 35], []
[2025-01-30 00:28:49,157][__main__][INFO] - [6, 10, 36], []
[2025-01-30 00:28:49,205][__main__][INFO] - [6, 10, 37], []
[2025-01-30 00:28:49,249][__main__][INFO] - [6, 10, 38], []
[2025-01-30 00:28:49,292][__main__][INFO] - [6, 10, 39], []
[2025-01-30 00:28:49,394][__main__][INFO] - [6, 11], [10]
[2025-01-30 00:28:49,673][__main__][INFO] - [6, 12], [10]
[2025-01-30 00:28:49,745][__main__][INFO] - [6, 13], [10]
[2025-01-30 00:28:49,877][__main__][INFO] - [6, 14], [10]
[2025-01-30 00:28:49,923][__main__][INFO] - [6, 15], [10]
[2025-01-30 00:28:49,966][__main__][INFO] - [6, 16], [10]
[2025-01-30 00:28:50,364][__main__][INFO] - [6, 17], [10]
[2025-01-30 00:28:50,449][__main__][INFO] - [6, 19], [10]
[2025-01-30 00:28:50,523][__main__][INFO] - [6, 21], [10]
[2025-01-30 00:28:50,800][__main__][INFO] - [6, 22], [10]
[2025-01-30 00:28:50,922][__main__][INFO] - [6, 23], [10]
[2025-01-30 00:28:50,998][__main__][INFO] - [6, 24], [10]
[2025-01-30 00:28:51,044][__main__][INFO] - [6, 25], [10]
[2025-01-30 00:28:51,215][__main__][INFO] - [6], [10, 25]
[2025-01-30 00:28:51,533][__main__][INFO] - [6], [10, 26]
[2025-01-30 00:28:51,988][__main__][INFO] - [6], [10, 27]
[2025-01-30 00:28:52,410][__main__][INFO] - [6, 28], [10]
[2025-01-30 00:28:52,894][__main__][INFO] - [6, 31], [10]
[2025-01-30 00:28:53,118][__main__][INFO] - [6], [10, 31]
[2025-01-30 00:28:53,327][__main__][INFO] - [6, 32], [10]
[2025-01-30 00:28:53,390][__main__][INFO] - [6, 33], [10]
[2025-01-30 00:28:53,674][__main__][INFO] - [6, 34], [10]
[2025-01-30 00:28:53,722][__main__][INFO] - [6, 35], [10]
[2025-01-30 00:28:53,815][__main__][INFO] - [6, 36], [10]
[2025-01-30 00:28:53,869][__main__][INFO] - [6, 37], [10]
[2025-01-30 00:28:53,913][__main__][INFO] - [6, 38], [10]
[2025-01-30 00:28:53,956][__main__][INFO] - [6, 39], [10]
[2025-01-30 00:28:54,057][__main__][INFO] - [6, 11, 16], []
[2025-01-30 00:28:54,368][__main__][INFO] - [6, 11, 17], []
[2025-01-30 00:28:54,459][__main__][INFO] - [6, 11, 19], []
[2025-01-30 00:28:54,533][__main__][INFO] - [6, 11, 21], []
[2025-01-30 00:28:54,724][__main__][INFO] - [6, 11, 22], []
[2025-01-30 00:28:54,856][__main__][INFO] - [6, 11, 23], []
[2025-01-30 00:28:54,930][__main__][INFO] - [6, 11, 24], []
[2025-01-30 00:28:55,006][__main__][INFO] - [6, 11], [25]
[2025-01-30 00:28:55,347][__main__][INFO] - [6, 11, 26], []
[2025-01-30 00:28:55,403][__main__][INFO] - [6, 11], [26]
[2025-01-30 00:28:55,729][__main__][INFO] - [6, 11, 27], []
[2025-01-30 00:28:55,782][__main__][INFO] - [6, 11], [27]
[2025-01-30 00:28:56,115][__main__][INFO] - [6, 11, 28], []
[2025-01-30 00:28:56,435][__main__][INFO] - [6, 11, 29], []
[2025-01-30 00:28:56,524][__main__][INFO] - [6, 11, 31], []
[2025-01-30 00:28:56,706][__main__][INFO] - [6, 11], [31]
[2025-01-30 00:28:56,881][__main__][INFO] - [6, 11, 32], []
[2025-01-30 00:28:56,930][__main__][INFO] - [6, 11, 33], []
[2025-01-30 00:28:57,200][__main__][INFO] - [6, 11, 34], []
[2025-01-30 00:28:57,248][__main__][INFO] - [6, 11, 35], []
[2025-01-30 00:28:57,296][__main__][INFO] - [6, 11, 36], []
[2025-01-30 00:28:57,354][__main__][INFO] - [6, 11, 37], []
[2025-01-30 00:28:57,398][__main__][INFO] - [6, 11, 38], []
[2025-01-30 00:28:57,441][__main__][INFO] - [6, 11, 39], []
[2025-01-30 00:28:57,543][__main__][INFO] - [6, 12, 16], []
[2025-01-30 00:28:57,624][__main__][INFO] - [6, 12, 17], []
[2025-01-30 00:28:57,755][__main__][INFO] - [6, 12, 21], []
[2025-01-30 00:28:57,827][__main__][INFO] - [6, 12, 22], []
[2025-01-30 00:28:57,871][__main__][INFO] - [6, 12, 23], []
[2025-01-30 00:28:57,946][__main__][INFO] - [6, 12, 25], []
[2025-01-30 00:28:58,056][__main__][INFO] - [6, 12, 26], []
[2025-01-30 00:28:58,100][__main__][INFO] - [6, 12], [26]
[2025-01-30 00:28:58,180][__main__][INFO] - [6, 12, 27], []
[2025-01-30 00:28:58,224][__main__][INFO] - [6, 12], [27]
[2025-01-30 00:28:58,303][__main__][INFO] - [6, 12, 28], []
[2025-01-30 00:28:58,383][__main__][INFO] - [6, 12, 29], []
[2025-01-30 00:28:58,456][__main__][INFO] - [6, 12, 31], []
[2025-01-30 00:28:58,515][__main__][INFO] - [6, 12], [31]
[2025-01-30 00:28:58,573][__main__][INFO] - [6, 12, 32], []
[2025-01-30 00:28:58,622][__main__][INFO] - [6, 12, 33], []
[2025-01-30 00:28:58,678][__main__][INFO] - [6, 12, 34], []
[2025-01-30 00:28:58,722][__main__][INFO] - [6, 12, 35], []
[2025-01-30 00:28:58,772][__main__][INFO] - [6, 12, 36], []
[2025-01-30 00:28:58,815][__main__][INFO] - [6, 12, 37], []
[2025-01-30 00:28:58,858][__main__][INFO] - [6, 12, 38], []
[2025-01-30 00:28:58,901][__main__][INFO] - [6, 12, 39], []
[2025-01-30 00:28:59,002][__main__][INFO] - [6, 13, 16], []
[2025-01-30 00:28:59,148][__main__][INFO] - [6, 13, 17], []
[2025-01-30 00:28:59,222][__main__][INFO] - [6, 13, 19], []
[2025-01-30 00:28:59,294][__main__][INFO] - [6, 13, 21], []
[2025-01-30 00:28:59,423][__main__][INFO] - [6, 13, 22], []
[2025-01-30 00:28:59,470][__main__][INFO] - [6, 13, 23], []
[2025-01-30 00:28:59,522][__main__][INFO] - [6, 13, 24], []
[2025-01-30 00:28:59,565][__main__][INFO] - [6, 13, 25], []
[2025-01-30 00:28:59,743][__main__][INFO] - [6, 13, 26], []
[2025-01-30 00:28:59,788][__main__][INFO] - [6, 13], [26]
[2025-01-30 00:28:59,935][__main__][INFO] - [6, 13, 27], []
[2025-01-30 00:28:59,979][__main__][INFO] - [6, 13], [27]
[2025-01-30 00:29:00,125][__main__][INFO] - [6, 13, 28], []
[2025-01-30 00:29:00,268][__main__][INFO] - [6, 13, 29], []
[2025-01-30 00:29:00,343][__main__][INFO] - [6, 13, 31], []
[2025-01-30 00:29:00,439][__main__][INFO] - [6, 13], [31]
[2025-01-30 00:29:00,528][__main__][INFO] - [6, 13, 32], []
[2025-01-30 00:29:00,580][__main__][INFO] - [6, 13, 33], []
[2025-01-30 00:29:00,656][__main__][INFO] - [6, 13, 34], []
[2025-01-30 00:29:00,700][__main__][INFO] - [6, 13, 35], []
[2025-01-30 00:29:00,783][__main__][INFO] - [6, 13, 36], []
[2025-01-30 00:29:00,826][__main__][INFO] - [6, 13, 37], []
[2025-01-30 00:29:00,869][__main__][INFO] - [6, 13, 38], []
[2025-01-30 00:29:00,912][__main__][INFO] - [6, 13, 39], []
[2025-01-30 00:29:01,013][__main__][INFO] - [6, 14, 16], []
[2025-01-30 00:29:01,060][__main__][INFO] - [6, 14, 17], []
[2025-01-30 00:29:01,191][__main__][INFO] - [6, 14, 21], []
[2025-01-30 00:29:01,235][__main__][INFO] - [6, 14, 22], []
[2025-01-30 00:29:01,279][__main__][INFO] - [6, 14, 23], []
[2025-01-30 00:29:01,382][__main__][INFO] - [6, 14], [25]
[2025-01-30 00:29:01,428][__main__][INFO] - [6, 14, 26], []
[2025-01-30 00:29:01,471][__main__][INFO] - [6, 14], [26]
[2025-01-30 00:29:01,518][__main__][INFO] - [6, 14, 27], []
[2025-01-30 00:29:01,561][__main__][INFO] - [6, 14], [27]
[2025-01-30 00:29:01,607][__main__][INFO] - [6, 14, 28], []
[2025-01-30 00:29:01,654][__main__][INFO] - [6, 14, 29], []
[2025-01-30 00:29:01,726][__main__][INFO] - [6, 14, 31], []
[2025-01-30 00:29:01,771][__main__][INFO] - [6, 14], [31]
[2025-01-30 00:29:01,815][__main__][INFO] - [6, 14, 32], []
[2025-01-30 00:29:01,858][__main__][INFO] - [6, 14, 33], []
[2025-01-30 00:29:01,903][__main__][INFO] - [6, 14, 34], []
[2025-01-30 00:29:01,946][__main__][INFO] - [6, 14, 35], []
[2025-01-30 00:29:01,990][__main__][INFO] - [6, 14, 36], []
[2025-01-30 00:29:02,179][__main__][INFO] - [6, 15, 16], []
[2025-01-30 00:29:02,340][__main__][INFO] - [6, 15, 21], []
[2025-01-30 00:29:02,383][__main__][INFO] - [6, 15, 22], []
[2025-01-30 00:29:02,426][__main__][INFO] - [6, 15, 23], []
[2025-01-30 00:29:02,528][__main__][INFO] - [6, 15], [25]
[2025-01-30 00:29:02,601][__main__][INFO] - [6, 15], [26]
[2025-01-30 00:29:02,674][__main__][INFO] - [6, 15], [27]
[2025-01-30 00:29:02,717][__main__][INFO] - [6, 15, 28], []
[2025-01-30 00:29:02,819][__main__][INFO] - [6, 15, 31], []
[2025-01-30 00:29:02,862][__main__][INFO] - [6, 15], [31]
[2025-01-30 00:29:02,934][__main__][INFO] - [6, 15, 33], []
[2025-01-30 00:29:03,094][__main__][INFO] - [6, 15, 38], []
[2025-01-30 00:29:03,225][__main__][INFO] - [6, 16, 21], []
[2025-01-30 00:29:03,528][__main__][INFO] - [6, 16, 22], []
[2025-01-30 00:29:03,660][__main__][INFO] - [6, 16, 23], []
[2025-01-30 00:29:03,746][__main__][INFO] - [6, 16, 24], []
[2025-01-30 00:29:03,793][__main__][INFO] - [6, 16, 25], []
[2025-01-30 00:29:03,982][__main__][INFO] - [6, 16], [25]
[2025-01-30 00:29:04,308][__main__][INFO] - [6, 16, 26], []
[2025-01-30 00:29:04,366][__main__][INFO] - [6, 16], [26]
[2025-01-30 00:29:04,828][__main__][INFO] - [6, 16, 27], []
[2025-01-30 00:29:04,884][__main__][INFO] - [6, 16], [27]
[2025-01-30 00:29:05,355][__main__][INFO] - [6, 16, 28], []
[2025-01-30 00:29:05,821][__main__][INFO] - [6, 16, 29], []
[2025-01-30 00:29:05,915][__main__][INFO] - [6, 16, 31], []
[2025-01-30 00:29:06,175][__main__][INFO] - [6, 16], [31]
[2025-01-30 00:29:06,397][__main__][INFO] - [6, 16, 32], []
[2025-01-30 00:29:06,467][__main__][INFO] - [6, 16, 33], []
[2025-01-30 00:29:06,781][__main__][INFO] - [6, 16, 34], []
[2025-01-30 00:29:06,831][__main__][INFO] - [6, 16, 35], []
[2025-01-30 00:29:06,932][__main__][INFO] - [6, 16, 36], []
[2025-01-30 00:29:06,988][__main__][INFO] - [6, 16, 37], []
[2025-01-30 00:29:07,033][__main__][INFO] - [6, 16, 38], []
[2025-01-30 00:29:07,076][__main__][INFO] - [6, 16, 39], []
[2025-01-30 00:29:07,177][__main__][INFO] - [6, 17, 21], []
[2025-01-30 00:29:07,230][__main__][INFO] - [6, 17, 22], []
[2025-01-30 00:29:07,278][__main__][INFO] - [6, 17, 23], []
[2025-01-30 00:29:07,323][__main__][INFO] - [6, 17, 24], []
[2025-01-30 00:29:07,366][__main__][INFO] - [6, 17, 25], []
[2025-01-30 00:29:07,411][__main__][INFO] - [6, 17], [25]
[2025-01-30 00:29:07,473][__main__][INFO] - [6, 17, 26], []
[2025-01-30 00:29:07,517][__main__][INFO] - [6, 17], [26]
[2025-01-30 00:29:07,581][__main__][INFO] - [6, 17, 27], []
[2025-01-30 00:29:07,624][__main__][INFO] - [6, 17], [27]
[2025-01-30 00:29:07,689][__main__][INFO] - [6, 17, 28], []
[2025-01-30 00:29:07,752][__main__][INFO] - [6, 17, 29], []
[2025-01-30 00:29:07,826][__main__][INFO] - [6, 17, 31], []
[2025-01-30 00:29:07,870][__main__][INFO] - [6, 17], [31]
[2025-01-30 00:29:07,933][__main__][INFO] - [6, 17, 32], []
[2025-01-30 00:29:07,976][__main__][INFO] - [6, 17, 33], []
[2025-01-30 00:29:08,031][__main__][INFO] - [6, 17, 34], []
[2025-01-30 00:29:08,074][__main__][INFO] - [6, 17, 35], []
[2025-01-30 00:29:08,118][__main__][INFO] - [6, 17, 36], []
[2025-01-30 00:29:08,162][__main__][INFO] - [6, 17, 37], []
[2025-01-30 00:29:08,235][__main__][INFO] - [6, 17, 39], []
[2025-01-30 00:29:08,364][__main__][INFO] - [6, 19, 21], []
[2025-01-30 00:29:08,408][__main__][INFO] - [6, 19, 22], []
[2025-01-30 00:29:08,451][__main__][INFO] - [6, 19, 23], []
[2025-01-30 00:29:08,524][__main__][INFO] - [6, 19, 25], []
[2025-01-30 00:29:08,567][__main__][INFO] - [6, 19], [25]
[2025-01-30 00:29:08,611][__main__][INFO] - [6, 19, 26], []
[2025-01-30 00:29:08,654][__main__][INFO] - [6, 19], [26]
[2025-01-30 00:29:08,698][__main__][INFO] - [6, 19, 27], []
[2025-01-30 00:29:08,741][__main__][INFO] - [6, 19], [27]
[2025-01-30 00:29:08,785][__main__][INFO] - [6, 19, 28], []
[2025-01-30 00:29:08,829][__main__][INFO] - [6, 19, 29], []
[2025-01-30 00:29:08,900][__main__][INFO] - [6, 19, 31], []
[2025-01-30 00:29:08,943][__main__][INFO] - [6, 19], [31]
[2025-01-30 00:29:09,016][__main__][INFO] - [6, 19, 33], []
[2025-01-30 00:29:09,089][__main__][INFO] - [6, 19, 35], []
[2025-01-30 00:29:09,132][__main__][INFO] - [6, 19, 36], []
[2025-01-30 00:29:09,350][__main__][INFO] - [6, 21, 25], []
[2025-01-30 00:29:09,515][__main__][INFO] - [6, 21], [25]
[2025-01-30 00:29:09,706][__main__][INFO] - [6, 21, 26], []
[2025-01-30 00:29:09,759][__main__][INFO] - [6, 21], [26]
[2025-01-30 00:29:10,073][__main__][INFO] - [6, 21, 27], []
[2025-01-30 00:29:10,125][__main__][INFO] - [6, 21], [27]
[2025-01-30 00:29:10,437][__main__][INFO] - [6, 21, 28], []
[2025-01-30 00:29:10,742][__main__][INFO] - [6, 21, 29], []
[2025-01-30 00:29:10,828][__main__][INFO] - [6, 21, 31], []
[2025-01-30 00:29:11,002][__main__][INFO] - [6, 21], [31]
[2025-01-30 00:29:11,168][__main__][INFO] - [6, 21, 32], []
[2025-01-30 00:29:11,230][__main__][INFO] - [6, 21, 33], []
[2025-01-30 00:29:11,425][__main__][INFO] - [6, 21, 34], []
[2025-01-30 00:29:11,470][__main__][INFO] - [6, 21, 35], []
[2025-01-30 00:29:11,559][__main__][INFO] - [6, 21, 36], []
[2025-01-30 00:29:11,614][__main__][INFO] - [6, 21, 37], []
[2025-01-30 00:29:11,659][__main__][INFO] - [6, 21, 38], []
[2025-01-30 00:29:11,702][__main__][INFO] - [6, 21, 39], []
[2025-01-30 00:29:11,803][__main__][INFO] - [6, 22, 25], []
[2025-01-30 00:29:11,852][__main__][INFO] - [6, 22], [25]
[2025-01-30 00:29:11,986][__main__][INFO] - [6, 22, 26], []
[2025-01-30 00:29:12,032][__main__][INFO] - [6, 22], [26]
[2025-01-30 00:29:12,169][__main__][INFO] - [6, 22, 27], []
[2025-01-30 00:29:12,214][__main__][INFO] - [6, 22], [27]
[2025-01-30 00:29:12,353][__main__][INFO] - [6, 22, 28], []
[2025-01-30 00:29:12,490][__main__][INFO] - [6, 22, 29], []
[2025-01-30 00:29:12,566][__main__][INFO] - [6, 22, 31], []
[2025-01-30 00:29:12,659][__main__][INFO] - [6, 22], [31]
[2025-01-30 00:29:12,744][__main__][INFO] - [6, 22, 32], []
[2025-01-30 00:29:12,788][__main__][INFO] - [6, 22, 33], []
[2025-01-30 00:29:12,910][__main__][INFO] - [6, 22, 34], []
[2025-01-30 00:29:12,957][__main__][INFO] - [6, 22, 35], []
[2025-01-30 00:29:13,001][__main__][INFO] - [6, 22, 36], []
[2025-01-30 00:29:13,045][__main__][INFO] - [6, 22, 37], []
[2025-01-30 00:29:13,088][__main__][INFO] - [6, 22, 38], []
[2025-01-30 00:29:13,218][__main__][INFO] - [6, 23, 25], []
[2025-01-30 00:29:13,277][__main__][INFO] - [6, 23], [25]
[2025-01-30 00:29:13,352][__main__][INFO] - [6, 23, 26], []
[2025-01-30 00:29:13,396][__main__][INFO] - [6, 23], [26]
[2025-01-30 00:29:13,483][__main__][INFO] - [6, 23, 27], []
[2025-01-30 00:29:13,528][__main__][INFO] - [6, 23], [27]
[2025-01-30 00:29:13,615][__main__][INFO] - [6, 23, 28], []
[2025-01-30 00:29:13,700][__main__][INFO] - [6, 23, 29], []
[2025-01-30 00:29:13,775][__main__][INFO] - [6, 23, 31], []
[2025-01-30 00:29:13,840][__main__][INFO] - [6, 23], [31]
[2025-01-30 00:29:13,905][__main__][INFO] - [6, 23, 32], []
[2025-01-30 00:29:13,950][__main__][INFO] - [6, 23, 33], []
[2025-01-30 00:29:14,019][__main__][INFO] - [6, 23, 34], []
[2025-01-30 00:29:14,062][__main__][INFO] - [6, 23, 35], []
[2025-01-30 00:29:14,109][__main__][INFO] - [6, 23, 36], []
[2025-01-30 00:29:14,154][__main__][INFO] - [6, 23, 37], []
[2025-01-30 00:29:14,226][__main__][INFO] - [6, 23, 39], []
[2025-01-30 00:29:14,327][__main__][INFO] - [6, 24, 25], []
[2025-01-30 00:29:14,370][__main__][INFO] - [6, 24], [25]
[2025-01-30 00:29:14,417][__main__][INFO] - [6, 24, 26], []
[2025-01-30 00:29:14,460][__main__][INFO] - [6, 24], [26]
[2025-01-30 00:29:14,507][__main__][INFO] - [6, 24, 27], []
[2025-01-30 00:29:14,550][__main__][INFO] - [6, 24], [27]
[2025-01-30 00:29:14,597][__main__][INFO] - [6, 24, 28], []
[2025-01-30 00:29:14,643][__main__][INFO] - [6, 24, 29], []
[2025-01-30 00:29:14,716][__main__][INFO] - [6, 24, 31], []
[2025-01-30 00:29:14,761][__main__][INFO] - [6, 24], [31]
[2025-01-30 00:29:14,806][__main__][INFO] - [6, 24, 32], []
[2025-01-30 00:29:14,849][__main__][INFO] - [6, 24, 33], []
[2025-01-30 00:29:14,895][__main__][INFO] - [6, 24, 34], []
[2025-01-30 00:29:14,938][__main__][INFO] - [6, 24, 35], []
[2025-01-30 00:29:14,981][__main__][INFO] - [6, 24, 36], []
[2025-01-30 00:29:15,170][__main__][INFO] - [6, 25, 26], []
[2025-01-30 00:29:15,216][__main__][INFO] - [6, 25], [26]
[2025-01-30 00:29:15,400][__main__][INFO] - [6, 25, 27], []
[2025-01-30 00:29:15,446][__main__][INFO] - [6, 25], [27]
[2025-01-30 00:29:15,630][__main__][INFO] - [6, 25, 28], []
[2025-01-30 00:29:15,813][__main__][INFO] - [6, 25, 29], []
[2025-01-30 00:29:15,889][__main__][INFO] - [6, 25, 31], []
[2025-01-30 00:29:16,004][__main__][INFO] - [6, 25], [31]
[2025-01-30 00:29:16,111][__main__][INFO] - [6, 25, 32], []
[2025-01-30 00:29:16,171][__main__][INFO] - [6, 25, 33], []
[2025-01-30 00:29:16,265][__main__][INFO] - [6, 25, 34], []
[2025-01-30 00:29:16,310][__main__][INFO] - [6, 25, 35], []
[2025-01-30 00:29:16,401][__main__][INFO] - [6, 25, 36], []
[2025-01-30 00:29:16,445][__main__][INFO] - [6, 25, 37], []
[2025-01-30 00:29:16,488][__main__][INFO] - [6, 25, 38], []
[2025-01-30 00:29:16,531][__main__][INFO] - [6, 25, 39], []
[2025-01-30 00:29:16,632][__main__][INFO] - [6, 26], [25]
[2025-01-30 00:29:16,687][__main__][INFO] - [6], [25, 26]
[2025-01-30 00:29:17,023][__main__][INFO] - [6, 27], [25]
[2025-01-30 00:29:17,076][__main__][INFO] - [6], [25, 27]
[2025-01-30 00:29:17,423][__main__][INFO] - [6, 28], [25]
[2025-01-30 00:29:17,753][__main__][INFO] - [6, 29], [25]
[2025-01-30 00:29:17,842][__main__][INFO] - [6, 31], [25]
[2025-01-30 00:29:18,027][__main__][INFO] - [6], [25, 31]
[2025-01-30 00:29:18,206][__main__][INFO] - [6, 32], [25]
[2025-01-30 00:29:18,255][__main__][INFO] - [6, 33], [25]
[2025-01-30 00:29:18,533][__main__][INFO] - [6, 34], [25]
[2025-01-30 00:29:18,581][__main__][INFO] - [6, 35], [25]
[2025-01-30 00:29:18,630][__main__][INFO] - [6, 36], [25]
[2025-01-30 00:29:18,687][__main__][INFO] - [6, 37], [25]
[2025-01-30 00:29:18,732][__main__][INFO] - [6, 38], [25]
[2025-01-30 00:29:18,775][__main__][INFO] - [6, 39], [25]
[2025-01-30 00:29:18,876][__main__][INFO] - [6, 26, 27], []
[2025-01-30 00:29:18,921][__main__][INFO] - [6, 26], [27]
[2025-01-30 00:29:18,977][__main__][INFO] - [6, 26, 28], []
[2025-01-30 00:29:19,033][__main__][INFO] - [6, 26, 29], []
[2025-01-30 00:29:19,108][__main__][INFO] - [6, 26, 31], []
[2025-01-30 00:29:19,155][__main__][INFO] - [6, 26], [31]
[2025-01-30 00:29:19,209][__main__][INFO] - [6, 26, 32], []
[2025-01-30 00:29:19,252][__main__][INFO] - [6, 26, 33], []
[2025-01-30 00:29:19,303][__main__][INFO] - [6, 26, 34], []
[2025-01-30 00:29:19,347][__main__][INFO] - [6, 26, 35], []
[2025-01-30 00:29:19,390][__main__][INFO] - [6, 26, 36], []
[2025-01-30 00:29:19,433][__main__][INFO] - [6, 26, 37], []
[2025-01-30 00:29:19,593][__main__][INFO] - [6, 27], [26]
[2025-01-30 00:29:19,647][__main__][INFO] - [6], [26, 27]
[2025-01-30 00:29:20,135][__main__][INFO] - [6, 28], [26]
[2025-01-30 00:29:20,612][__main__][INFO] - [6, 29], [26]
[2025-01-30 00:29:20,703][__main__][INFO] - [6, 31], [26]
[2025-01-30 00:29:20,959][__main__][INFO] - [6], [26, 31]
[2025-01-30 00:29:21,197][__main__][INFO] - [6, 32], [26]
[2025-01-30 00:29:21,266][__main__][INFO] - [6, 33], [26]
[2025-01-30 00:29:21,585][__main__][INFO] - [6, 34], [26]
[2025-01-30 00:29:21,635][__main__][INFO] - [6, 35], [26]
[2025-01-30 00:29:21,736][__main__][INFO] - [6, 36], [26]
[2025-01-30 00:29:21,795][__main__][INFO] - [6, 37], [26]
[2025-01-30 00:29:21,839][__main__][INFO] - [6, 38], [26]
[2025-01-30 00:29:21,882][__main__][INFO] - [6, 39], [26]
[2025-01-30 00:29:21,983][__main__][INFO] - [6, 27, 28], []
[2025-01-30 00:29:22,036][__main__][INFO] - [6, 27, 29], []
[2025-01-30 00:29:22,111][__main__][INFO] - [6, 27, 31], []
[2025-01-30 00:29:22,158][__main__][INFO] - [6, 27], [31]
[2025-01-30 00:29:22,209][__main__][INFO] - [6, 27, 32], []
[2025-01-30 00:29:22,252][__main__][INFO] - [6, 27, 33], []
[2025-01-30 00:29:22,300][__main__][INFO] - [6, 27, 34], []
[2025-01-30 00:29:22,344][__main__][INFO] - [6, 27, 35], []
[2025-01-30 00:29:22,387][__main__][INFO] - [6, 27, 36], []
[2025-01-30 00:29:22,431][__main__][INFO] - [6, 27, 37], []
[2025-01-30 00:29:22,590][__main__][INFO] - [6, 28], [27]
[2025-01-30 00:29:23,066][__main__][INFO] - [6, 29], [27]
[2025-01-30 00:29:23,156][__main__][INFO] - [6, 31], [27]
[2025-01-30 00:29:23,414][__main__][INFO] - [6], [27, 31]
[2025-01-30 00:29:23,655][__main__][INFO] - [6, 32], [27]
[2025-01-30 00:29:23,723][__main__][INFO] - [6, 33], [27]
[2025-01-30 00:29:24,052][__main__][INFO] - [6, 34], [27]
[2025-01-30 00:29:24,102][__main__][INFO] - [6, 35], [27]
[2025-01-30 00:29:24,203][__main__][INFO] - [6, 36], [27]
[2025-01-30 00:29:24,261][__main__][INFO] - [6, 37], [27]
[2025-01-30 00:29:24,306][__main__][INFO] - [6, 38], [27]
[2025-01-30 00:29:24,349][__main__][INFO] - [6, 39], [27]
[2025-01-30 00:29:24,450][__main__][INFO] - [6, 28, 31], []
[2025-01-30 00:29:24,701][__main__][INFO] - [6, 28], [31]
[2025-01-30 00:29:24,939][__main__][INFO] - [6, 28, 32], []
[2025-01-30 00:29:25,008][__main__][INFO] - [6, 28, 33], []
[2025-01-30 00:29:25,325][__main__][INFO] - [6, 28, 34], []
[2025-01-30 00:29:25,375][__main__][INFO] - [6, 28, 35], []
[2025-01-30 00:29:25,475][__main__][INFO] - [6, 28, 36], []
[2025-01-30 00:29:25,532][__main__][INFO] - [6, 28, 37], []
[2025-01-30 00:29:25,576][__main__][INFO] - [6, 28, 38], []
[2025-01-30 00:29:25,620][__main__][INFO] - [6, 28, 39], []
[2025-01-30 00:29:25,721][__main__][INFO] - [6, 29, 31], []
[2025-01-30 00:29:25,772][__main__][INFO] - [6, 29], [31]
[2025-01-30 00:29:25,826][__main__][INFO] - [6, 29, 32], []
[2025-01-30 00:29:25,870][__main__][INFO] - [6, 29, 33], []
[2025-01-30 00:29:25,924][__main__][INFO] - [6, 29, 34], []
[2025-01-30 00:29:25,967][__main__][INFO] - [6, 29, 35], []
[2025-01-30 00:29:26,012][__main__][INFO] - [6, 29, 36], []
[2025-01-30 00:29:26,056][__main__][INFO] - [6, 29, 37], []
[2025-01-30 00:29:26,244][__main__][INFO] - [6, 31, 32], []
