[2025-01-29 13:08:43,059][__main__][INFO] - In total, there are 18381599 possible subgroups
[2025-01-29 13:08:43,115][__main__][INFO] - [0], []
[2025-01-29 13:08:43,154][__main__][INFO] - [1], []
[2025-01-29 13:08:43,696][__main__][INFO] - [2], []
[2025-01-29 13:08:44,307][__main__][INFO] - [3], []
[2025-01-29 13:08:44,904][__main__][INFO] - [4], []
[2025-01-29 13:08:45,483][__main__][INFO] - [5], []
[2025-01-29 13:08:46,056][__main__][INFO] - [6], []
[2025-01-29 13:08:46,618][__main__][INFO] - [7], []
[2025-01-29 13:08:47,072][__main__][INFO] - [8], []
[2025-01-29 13:08:47,276][__main__][INFO] - [9], []
[2025-01-29 13:08:47,396][__main__][INFO] - [10], []
[2025-01-29 13:08:49,553][__main__][INFO] - [], [10]
[2025-01-29 13:08:54,224][__main__][INFO] - [11], []
[2025-01-29 13:08:58,405][__main__][INFO] - [12], []
[2025-01-29 13:08:58,962][__main__][INFO] - [13], []
[2025-01-29 13:08:59,694][__main__][INFO] - [14], []
[2025-01-29 13:08:59,793][__main__][INFO] - [15], []
[2025-01-29 13:08:59,839][__main__][INFO] - [16], []
[2025-01-29 13:09:05,406][__main__][INFO] - [17], []
[2025-01-29 13:09:05,679][__main__][INFO] - [18], []
[2025-01-29 13:09:05,714][__main__][INFO] - [19], []
[2025-01-29 13:09:05,775][__main__][INFO] - [20], []
[2025-01-29 13:09:06,679][__main__][INFO] - [21], []
[2025-01-29 13:09:09,973][__main__][INFO] - [22], []
[2025-01-29 13:09:11,029][__main__][INFO] - [23], []
[2025-01-29 13:09:11,825][__main__][INFO] - [24], []
[2025-01-29 13:09:11,906][__main__][INFO] - [25], []
[2025-01-29 13:09:13,605][__main__][INFO] - [], [25]
[2025-01-29 13:09:18,525][__main__][INFO] - [26], []
[2025-01-29 13:09:18,836][__main__][INFO] - [], [26]
[2025-01-29 13:09:26,017][__main__][INFO] - [27], []
[2025-01-29 13:09:26,266][__main__][INFO] - [], [27]
[2025-01-29 13:09:33,471][__main__][INFO] - [28], []
[2025-01-29 13:09:39,868][__main__][INFO] - [29], []
[2025-01-29 13:09:40,284][__main__][INFO] - [30], []
[2025-01-29 13:09:40,321][__main__][INFO] - [31], []
[2025-01-29 13:09:43,317][__main__][INFO] - [], [31]
[2025-01-29 13:09:46,708][__main__][INFO] - [32], []
[2025-01-29 13:09:47,194][__main__][INFO] - [33], []
[2025-01-29 13:09:50,059][__main__][INFO] - [34], []
[2025-01-29 13:09:50,306][__main__][INFO] - [35], []
[2025-01-29 13:09:50,944][__main__][INFO] - [36], []
[2025-01-29 13:09:51,159][__main__][INFO] - [37], []
[2025-01-29 13:09:51,220][__main__][INFO] - [38], []
[2025-01-29 13:09:51,268][__main__][INFO] - [39], []
[2025-01-29 13:09:51,313][__main__][INFO] - [40], []
[2025-01-29 13:09:51,412][__main__][INFO] - [0, 10], []
[2025-01-29 13:09:51,453][__main__][INFO] - [0], [10]
[2025-01-29 13:09:51,498][__main__][INFO] - [0, 11], []
[2025-01-29 13:09:51,546][__main__][INFO] - [0, 12], []
[2025-01-29 13:09:51,587][__main__][INFO] - [0, 13], []
[2025-01-29 13:09:51,628][__main__][INFO] - [0, 14], []
[2025-01-29 13:09:51,669][__main__][INFO] - [0, 15], []
[2025-01-29 13:09:51,829][__main__][INFO] - [0, 20], []
[2025-01-29 13:09:51,873][__main__][INFO] - [0, 21], []
[2025-01-29 13:09:51,917][__main__][INFO] - [0, 22], []
[2025-01-29 13:09:51,960][__main__][INFO] - [0, 23], []
[2025-01-29 13:09:52,002][__main__][INFO] - [0, 24], []
[2025-01-29 13:09:52,043][__main__][INFO] - [0, 25], []
[2025-01-29 13:09:52,084][__main__][INFO] - [0], [25]
[2025-01-29 13:09:52,129][__main__][INFO] - [0, 26], []
[2025-01-29 13:09:52,170][__main__][INFO] - [0], [26]
[2025-01-29 13:09:52,215][__main__][INFO] - [0, 27], []
[2025-01-29 13:09:52,256][__main__][INFO] - [0], [27]
[2025-01-29 13:09:52,301][__main__][INFO] - [0, 28], []
[2025-01-29 13:09:52,344][__main__][INFO] - [0, 29], []
[2025-01-29 13:09:52,385][__main__][INFO] - [0, 30], []
[2025-01-29 13:09:52,428][__main__][INFO] - [0, 31], []
[2025-01-29 13:09:52,471][__main__][INFO] - [0], [31]
[2025-01-29 13:09:52,514][__main__][INFO] - [0, 32], []
[2025-01-29 13:09:52,556][__main__][INFO] - [0, 33], []
[2025-01-29 13:09:52,599][__main__][INFO] - [0, 34], []
[2025-01-29 13:09:52,640][__main__][INFO] - [0, 35], []
[2025-01-29 13:09:52,682][__main__][INFO] - [0, 36], []
[2025-01-29 13:09:52,723][__main__][INFO] - [0, 37], []
[2025-01-29 13:09:52,764][__main__][INFO] - [0, 38], []
[2025-01-29 13:09:52,805][__main__][INFO] - [0, 39], []
[2025-01-29 13:09:52,904][__main__][INFO] - [1, 10], []
[2025-01-29 13:09:52,969][__main__][INFO] - [1], [10]
[2025-01-29 13:09:53,485][__main__][INFO] - [1, 11], []
[2025-01-29 13:09:53,982][__main__][INFO] - [1, 12], []
[2025-01-29 13:09:54,041][__main__][INFO] - [1, 13], []
[2025-01-29 13:09:54,090][__main__][INFO] - [1, 14], []
[2025-01-29 13:09:54,137][__main__][INFO] - [1, 15], []
[2025-01-29 13:09:54,179][__main__][INFO] - [1, 16], []
[2025-01-29 13:09:54,323][__main__][INFO] - [1, 17], []
[2025-01-29 13:09:54,365][__main__][INFO] - [1, 18], []
[2025-01-29 13:09:54,406][__main__][INFO] - [1, 19], []
[2025-01-29 13:09:54,456][__main__][INFO] - [1, 20], []
[2025-01-29 13:09:54,873][__main__][INFO] - [1, 21], []
[2025-01-29 13:09:55,189][__main__][INFO] - [1, 22], []
[2025-01-29 13:09:55,339][__main__][INFO] - [1, 23], []
[2025-01-29 13:09:55,456][__main__][INFO] - [1, 24], []
[2025-01-29 13:09:55,501][__main__][INFO] - [1, 25], []
[2025-01-29 13:09:55,572][__main__][INFO] - [1], [25]
[2025-01-29 13:09:56,079][__main__][INFO] - [1, 26], []
[2025-01-29 13:09:56,122][__main__][INFO] - [1], [26]
[2025-01-29 13:09:56,662][__main__][INFO] - [1, 27], []
[2025-01-29 13:09:56,707][__main__][INFO] - [1], [27]
[2025-01-29 13:09:57,236][__main__][INFO] - [1, 28], []
[2025-01-29 13:09:57,765][__main__][INFO] - [1, 29], []
[2025-01-29 13:09:57,850][__main__][INFO] - [1, 31], []
[2025-01-29 13:09:58,113][__main__][INFO] - [1], [31]
[2025-01-29 13:09:58,393][__main__][INFO] - [1, 32], []
[2025-01-29 13:09:58,493][__main__][INFO] - [1, 33], []
[2025-01-29 13:09:58,794][__main__][INFO] - [1, 34], []
[2025-01-29 13:09:58,866][__main__][INFO] - [1, 35], []
[2025-01-29 13:09:58,959][__main__][INFO] - [1, 36], []
[2025-01-29 13:09:59,015][__main__][INFO] - [1, 37], []
[2025-01-29 13:09:59,059][__main__][INFO] - [1, 38], []
[2025-01-29 13:09:59,102][__main__][INFO] - [1, 39], []
[2025-01-29 13:09:59,203][__main__][INFO] - [2, 10], []
[2025-01-29 13:09:59,276][__main__][INFO] - [2], [10]
[2025-01-29 13:09:59,845][__main__][INFO] - [2, 11], []
[2025-01-29 13:10:00,348][__main__][INFO] - [2, 12], []
[2025-01-29 13:10:00,441][__main__][INFO] - [2, 13], []
[2025-01-29 13:10:00,506][__main__][INFO] - [2, 14], []
[2025-01-29 13:10:00,553][__main__][INFO] - [2, 15], []
[2025-01-29 13:10:00,595][__main__][INFO] - [2, 16], []
[2025-01-29 13:10:01,178][__main__][INFO] - [2, 17], []
[2025-01-29 13:10:01,224][__main__][INFO] - [2, 18], []
[2025-01-29 13:10:01,265][__main__][INFO] - [2, 19], []
[2025-01-29 13:10:01,339][__main__][INFO] - [2, 21], []
[2025-01-29 13:10:01,694][__main__][INFO] - [2, 22], []
[2025-01-29 13:10:01,844][__main__][INFO] - [2, 23], []
[2025-01-29 13:10:01,966][__main__][INFO] - [2, 24], []
[2025-01-29 13:10:02,012][__main__][INFO] - [2, 25], []
[2025-01-29 13:10:02,130][__main__][INFO] - [2], [25]
[2025-01-29 13:10:02,658][__main__][INFO] - [2, 26], []
[2025-01-29 13:10:02,733][__main__][INFO] - [2], [26]
[2025-01-29 13:10:03,340][__main__][INFO] - [2, 27], []
[2025-01-29 13:10:03,390][__main__][INFO] - [2], [27]
[2025-01-29 13:10:03,992][__main__][INFO] - [2, 28], []
[2025-01-29 13:10:04,572][__main__][INFO] - [2, 29], []
[2025-01-29 13:10:04,662][__main__][INFO] - [2, 31], []
[2025-01-29 13:10:04,950][__main__][INFO] - [2], [31]
[2025-01-29 13:10:05,259][__main__][INFO] - [2, 32], []
[2025-01-29 13:10:05,369][__main__][INFO] - [2, 33], []
[2025-01-29 13:10:05,713][__main__][INFO] - [2, 34], []
[2025-01-29 13:10:05,777][__main__][INFO] - [2, 35], []
[2025-01-29 13:10:05,882][__main__][INFO] - [2, 36], []
[2025-01-29 13:10:05,944][__main__][INFO] - [2, 37], []
[2025-01-29 13:10:05,988][__main__][INFO] - [2, 38], []
[2025-01-29 13:10:06,031][__main__][INFO] - [2, 39], []
[2025-01-29 13:10:06,132][__main__][INFO] - [3, 10], []
[2025-01-29 13:10:06,205][__main__][INFO] - [3], [10]
[2025-01-29 13:10:06,715][__main__][INFO] - [3, 11], []
[2025-01-29 13:10:07,111][__main__][INFO] - [3, 12], []
[2025-01-29 13:10:07,234][__main__][INFO] - [3, 13], []
[2025-01-29 13:10:07,324][__main__][INFO] - [3, 14], []
[2025-01-29 13:10:07,370][__main__][INFO] - [3, 15], []
[2025-01-29 13:10:07,413][__main__][INFO] - [3, 16], []
[2025-01-29 13:10:07,947][__main__][INFO] - [3, 17], []
[2025-01-29 13:10:08,001][__main__][INFO] - [3, 18], []
[2025-01-29 13:10:08,042][__main__][INFO] - [3, 19], []
[2025-01-29 13:10:08,116][__main__][INFO] - [3, 21], []
[2025-01-29 13:10:08,449][__main__][INFO] - [3, 22], []
[2025-01-29 13:10:08,588][__main__][INFO] - [3, 23], []
[2025-01-29 13:10:08,696][__main__][INFO] - [3, 24], []
[2025-01-29 13:10:08,742][__main__][INFO] - [3, 25], []
[2025-01-29 13:10:08,916][__main__][INFO] - [3], [25]
[2025-01-29 13:10:09,319][__main__][INFO] - [3, 26], []
[2025-01-29 13:10:09,368][__main__][INFO] - [3], [26]
[2025-01-29 13:10:09,917][__main__][INFO] - [3, 27], []
[2025-01-29 13:10:09,968][__main__][INFO] - [3], [27]
[2025-01-29 13:10:10,519][__main__][INFO] - [3, 28], []
[2025-01-29 13:10:11,058][__main__][INFO] - [3, 29], []
[2025-01-29 13:10:11,146][__main__][INFO] - [3, 31], []
[2025-01-29 13:10:11,418][__main__][INFO] - [3], [31]
[2025-01-29 13:10:11,700][__main__][INFO] - [3, 32], []
[2025-01-29 13:10:11,795][__main__][INFO] - [3, 33], []
[2025-01-29 13:10:12,100][__main__][INFO] - [3, 34], []
[2025-01-29 13:10:12,159][__main__][INFO] - [3, 35], []
[2025-01-29 13:10:12,269][__main__][INFO] - [3, 36], []
[2025-01-29 13:10:12,327][__main__][INFO] - [3, 37], []
[2025-01-29 13:10:12,371][__main__][INFO] - [3, 38], []
[2025-01-29 13:10:12,414][__main__][INFO] - [3, 39], []
[2025-01-29 13:10:12,514][__main__][INFO] - [4, 10], []
[2025-01-29 13:10:12,598][__main__][INFO] - [4], [10]
[2025-01-29 13:10:13,099][__main__][INFO] - [4, 11], []
[2025-01-29 13:10:13,430][__main__][INFO] - [4, 12], []
[2025-01-29 13:10:13,570][__main__][INFO] - [4, 13], []
[2025-01-29 13:10:13,708][__main__][INFO] - [4, 14], []
[2025-01-29 13:10:13,754][__main__][INFO] - [4, 15], []
[2025-01-29 13:10:13,797][__main__][INFO] - [4, 16], []
[2025-01-29 13:10:14,345][__main__][INFO] - [4, 17], []
[2025-01-29 13:10:14,401][__main__][INFO] - [4, 18], []
[2025-01-29 13:10:14,443][__main__][INFO] - [4, 19], []
[2025-01-29 13:10:14,516][__main__][INFO] - [4, 21], []
[2025-01-29 13:10:14,881][__main__][INFO] - [4, 22], []
[2025-01-29 13:10:15,012][__main__][INFO] - [4, 23], []
[2025-01-29 13:10:15,114][__main__][INFO] - [4, 24], []
[2025-01-29 13:10:15,160][__main__][INFO] - [4, 25], []
[2025-01-29 13:10:15,403][__main__][INFO] - [4], [25]
[2025-01-29 13:10:15,752][__main__][INFO] - [4, 26], []
[2025-01-29 13:10:15,802][__main__][INFO] - [4], [26]
[2025-01-29 13:10:16,358][__main__][INFO] - [4, 27], []
[2025-01-29 13:10:16,409][__main__][INFO] - [4], [27]
[2025-01-29 13:10:16,974][__main__][INFO] - [4, 28], []
[2025-01-29 13:10:17,528][__main__][INFO] - [4, 29], []
[2025-01-29 13:10:17,617][__main__][INFO] - [4, 31], []
[2025-01-29 13:10:17,902][__main__][INFO] - [4], [31]
[2025-01-29 13:10:18,180][__main__][INFO] - [4, 32], []
[2025-01-29 13:10:18,275][__main__][INFO] - [4, 33], []
[2025-01-29 13:10:18,588][__main__][INFO] - [4, 34], []
[2025-01-29 13:10:18,646][__main__][INFO] - [4, 35], []
[2025-01-29 13:10:18,765][__main__][INFO] - [4, 36], []
[2025-01-29 13:10:18,826][__main__][INFO] - [4, 37], []
[2025-01-29 13:10:18,871][__main__][INFO] - [4, 38], []
[2025-01-29 13:10:18,914][__main__][INFO] - [4, 39], []
[2025-01-29 13:10:19,016][__main__][INFO] - [5, 10], []
[2025-01-29 13:10:19,121][__main__][INFO] - [5], [10]
[2025-01-29 13:10:19,593][__main__][INFO] - [5, 11], []
[2025-01-29 13:10:19,930][__main__][INFO] - [5, 12], []
[2025-01-29 13:10:20,039][__main__][INFO] - [5, 13], []
[2025-01-29 13:10:20,198][__main__][INFO] - [5, 14], []
[2025-01-29 13:10:20,244][__main__][INFO] - [5, 15], []
[2025-01-29 13:10:20,287][__main__][INFO] - [5, 16], []
[2025-01-29 13:10:20,811][__main__][INFO] - [5, 17], []
[2025-01-29 13:10:20,871][__main__][INFO] - [5, 18], []
[2025-01-29 13:10:20,912][__main__][INFO] - [5, 19], []
[2025-01-29 13:10:20,986][__main__][INFO] - [5, 21], []
[2025-01-29 13:10:21,337][__main__][INFO] - [5, 22], []
[2025-01-29 13:10:21,474][__main__][INFO] - [5, 23], []
[2025-01-29 13:10:21,592][__main__][INFO] - [5, 24], []
[2025-01-29 13:10:21,638][__main__][INFO] - [5, 25], []
[2025-01-29 13:10:21,879][__main__][INFO] - [5], [25]
[2025-01-29 13:10:22,229][__main__][INFO] - [5, 26], []
[2025-01-29 13:10:22,282][__main__][INFO] - [5], [26]
[2025-01-29 13:10:22,819][__main__][INFO] - [5, 27], []
[2025-01-29 13:10:22,873][__main__][INFO] - [5], [27]
[2025-01-29 13:10:23,421][__main__][INFO] - [5, 28], []
[2025-01-29 13:10:23,952][__main__][INFO] - [5, 29], []
[2025-01-29 13:10:24,043][__main__][INFO] - [5, 31], []
[2025-01-29 13:10:24,322][__main__][INFO] - [5], [31]
[2025-01-29 13:10:24,603][__main__][INFO] - [5, 32], []
[2025-01-29 13:10:24,689][__main__][INFO] - [5, 33], []
[2025-01-29 13:10:25,016][__main__][INFO] - [5, 34], []
[2025-01-29 13:10:25,071][__main__][INFO] - [5, 35], []
[2025-01-29 13:10:25,181][__main__][INFO] - [5, 36], []
[2025-01-29 13:10:25,242][__main__][INFO] - [5, 37], []
[2025-01-29 13:10:25,287][__main__][INFO] - [5, 38], []
[2025-01-29 13:10:25,330][__main__][INFO] - [5, 39], []
[2025-01-29 13:10:25,430][__main__][INFO] - [6, 10], []
[2025-01-29 13:10:25,563][__main__][INFO] - [6], [10]
[2025-01-29 13:10:25,997][__main__][INFO] - [6, 11], []
[2025-01-29 13:10:26,350][__main__][INFO] - [6, 12], []
[2025-01-29 13:10:26,433][__main__][INFO] - [6, 13], []
[2025-01-29 13:10:26,589][__main__][INFO] - [6, 14], []
[2025-01-29 13:10:26,635][__main__][INFO] - [6, 15], []
[2025-01-29 13:10:26,677][__main__][INFO] - [6, 16], []
[2025-01-29 13:10:27,191][__main__][INFO] - [6, 17], []
[2025-01-29 13:10:27,287][__main__][INFO] - [6, 19], []
[2025-01-29 13:10:27,360][__main__][INFO] - [6, 21], []
[2025-01-29 13:10:27,704][__main__][INFO] - [6, 22], []
[2025-01-29 13:10:27,850][__main__][INFO] - [6, 23], []
[2025-01-29 13:10:27,941][__main__][INFO] - [6, 24], []
[2025-01-29 13:10:27,988][__main__][INFO] - [6, 25], []
[2025-01-29 13:10:28,188][__main__][INFO] - [6], [25]
[2025-01-29 13:10:28,553][__main__][INFO] - [6, 26], []
[2025-01-29 13:10:28,612][__main__][INFO] - [6], [26]
[2025-01-29 13:10:29,135][__main__][INFO] - [6, 27], []
[2025-01-29 13:10:29,191][__main__][INFO] - [6], [27]
[2025-01-29 13:10:29,728][__main__][INFO] - [6, 28], []
[2025-01-29 13:10:30,244][__main__][INFO] - [6, 29], []
[2025-01-29 13:10:30,340][__main__][INFO] - [6, 31], []
[2025-01-29 13:10:30,616][__main__][INFO] - [6], [31]
[2025-01-29 13:10:30,883][__main__][INFO] - [6, 32], []
[2025-01-29 13:10:30,955][__main__][INFO] - [6, 33], []
[2025-01-29 13:10:31,303][__main__][INFO] - [6, 34], []
[2025-01-29 13:10:31,357][__main__][INFO] - [6, 35], []
[2025-01-29 13:10:31,461][__main__][INFO] - [6, 36], []
[2025-01-29 13:10:31,523][__main__][INFO] - [6, 37], []
[2025-01-29 13:10:31,567][__main__][INFO] - [6, 38], []
[2025-01-29 13:10:31,610][__main__][INFO] - [6, 39], []
[2025-01-29 13:10:31,710][__main__][INFO] - [7, 10], []
[2025-01-29 13:10:31,855][__main__][INFO] - [7], [10]
[2025-01-29 13:10:32,180][__main__][INFO] - [7, 11], []
[2025-01-29 13:10:32,483][__main__][INFO] - [7, 12], []
[2025-01-29 13:10:32,548][__main__][INFO] - [7, 13], []
[2025-01-29 13:10:32,675][__main__][INFO] - [7, 14], []
[2025-01-29 13:10:32,719][__main__][INFO] - [7, 15], []
[2025-01-29 13:10:32,761][__main__][INFO] - [7, 16], []
[2025-01-29 13:10:33,139][__main__][INFO] - [7, 17], []
[2025-01-29 13:10:33,258][__main__][INFO] - [7, 19], []
[2025-01-29 13:10:33,335][__main__][INFO] - [7, 21], []
[2025-01-29 13:10:33,611][__main__][INFO] - [7, 22], []
[2025-01-29 13:10:33,745][__main__][INFO] - [7, 23], []
[2025-01-29 13:10:33,856][__main__][INFO] - [7, 24], []
[2025-01-29 13:10:33,902][__main__][INFO] - [7, 25], []
[2025-01-29 13:10:34,058][__main__][INFO] - [7], [25]
[2025-01-29 13:10:34,372][__main__][INFO] - [7, 26], []
[2025-01-29 13:10:34,445][__main__][INFO] - [7], [26]
[2025-01-29 13:10:34,845][__main__][INFO] - [7, 27], []
[2025-01-29 13:10:34,902][__main__][INFO] - [7], [27]
[2025-01-29 13:10:35,322][__main__][INFO] - [7, 28], []
[2025-01-29 13:10:35,733][__main__][INFO] - [7, 29], []
[2025-01-29 13:10:35,827][__main__][INFO] - [7, 31], []
[2025-01-29 13:10:36,078][__main__][INFO] - [7], [31]
[2025-01-29 13:10:36,288][__main__][INFO] - [7, 32], []
[2025-01-29 13:10:36,347][__main__][INFO] - [7, 33], []
[2025-01-29 13:10:36,650][__main__][INFO] - [7, 34], []
[2025-01-29 13:10:36,697][__main__][INFO] - [7, 35], []
[2025-01-29 13:10:36,787][__main__][INFO] - [7, 36], []
[2025-01-29 13:10:36,844][__main__][INFO] - [7, 37], []
[2025-01-29 13:10:36,888][__main__][INFO] - [7, 38], []
[2025-01-29 13:10:36,931][__main__][INFO] - [7, 39], []
[2025-01-29 13:10:37,032][__main__][INFO] - [8, 10], []
[2025-01-29 13:10:37,146][__main__][INFO] - [8], [10]
[2025-01-29 13:10:37,276][__main__][INFO] - [8, 11], []
[2025-01-29 13:10:37,424][__main__][INFO] - [8, 12], []
[2025-01-29 13:10:37,473][__main__][INFO] - [8, 13], []
[2025-01-29 13:10:37,555][__main__][INFO] - [8, 14], []
[2025-01-29 13:10:37,598][__main__][INFO] - [8, 15], []
[2025-01-29 13:10:37,641][__main__][INFO] - [8, 16], []
[2025-01-29 13:10:37,812][__main__][INFO] - [8, 17], []
[2025-01-29 13:10:37,909][__main__][INFO] - [8, 19], []
[2025-01-29 13:10:37,985][__main__][INFO] - [8, 21], []
[2025-01-29 13:10:38,125][__main__][INFO] - [8, 22], []
[2025-01-29 13:10:38,197][__main__][INFO] - [8, 23], []
[2025-01-29 13:10:38,260][__main__][INFO] - [8, 24], []
[2025-01-29 13:10:38,303][__main__][INFO] - [8, 25], []
[2025-01-29 13:10:38,395][__main__][INFO] - [8], [25]
[2025-01-29 13:10:38,547][__main__][INFO] - [8, 26], []
[2025-01-29 13:10:38,615][__main__][INFO] - [8], [26]
[2025-01-29 13:10:38,788][__main__][INFO] - [8, 27], []
[2025-01-29 13:10:38,842][__main__][INFO] - [8], [27]
[2025-01-29 13:10:39,036][__main__][INFO] - [8, 28], []
[2025-01-29 13:10:39,220][__main__][INFO] - [8, 29], []
[2025-01-29 13:10:39,312][__main__][INFO] - [8, 31], []
[2025-01-29 13:10:39,439][__main__][INFO] - [8], [31]
[2025-01-29 13:10:39,547][__main__][INFO] - [8, 32], []
[2025-01-29 13:10:39,595][__main__][INFO] - [8, 33], []
[2025-01-29 13:10:39,749][__main__][INFO] - [8, 34], []
[2025-01-29 13:10:39,792][__main__][INFO] - [8, 35], []
[2025-01-29 13:10:39,852][__main__][INFO] - [8, 36], []
[2025-01-29 13:10:39,899][__main__][INFO] - [8, 37], []
[2025-01-29 13:10:39,941][__main__][INFO] - [8, 38], []
[2025-01-29 13:10:39,984][__main__][INFO] - [8, 39], []
[2025-01-29 13:10:40,084][__main__][INFO] - [9, 10], []
[2025-01-29 13:10:40,186][__main__][INFO] - [9], [10]
[2025-01-29 13:10:40,246][__main__][INFO] - [9, 11], []
[2025-01-29 13:10:40,344][__main__][INFO] - [9, 12], []
[2025-01-29 13:10:40,390][__main__][INFO] - [9, 13], []
[2025-01-29 13:10:40,447][__main__][INFO] - [9, 14], []
[2025-01-29 13:10:40,489][__main__][INFO] - [9, 15], []
[2025-01-29 13:10:40,530][__main__][INFO] - [9, 16], []
[2025-01-29 13:10:40,635][__main__][INFO] - [9, 17], []
[2025-01-29 13:10:40,721][__main__][INFO] - [9, 19], []
[2025-01-29 13:10:40,793][__main__][INFO] - [9, 21], []
[2025-01-29 13:10:40,887][__main__][INFO] - [9, 22], []
[2025-01-29 13:10:40,940][__main__][INFO] - [9, 23], []
[2025-01-29 13:10:40,992][__main__][INFO] - [9, 24], []
[2025-01-29 13:10:41,035][__main__][INFO] - [9, 25], []
[2025-01-29 13:10:41,100][__main__][INFO] - [9], [25]
[2025-01-29 13:10:41,200][__main__][INFO] - [9, 26], []
[2025-01-29 13:10:41,270][__main__][INFO] - [9], [26]
[2025-01-29 13:10:41,362][__main__][INFO] - [9, 27], []
[2025-01-29 13:10:41,414][__main__][INFO] - [9], [27]
[2025-01-29 13:10:41,523][__main__][INFO] - [9, 28], []
[2025-01-29 13:10:41,620][__main__][INFO] - [9, 29], []
[2025-01-29 13:10:41,712][__main__][INFO] - [9, 31], []
[2025-01-29 13:10:41,804][__main__][INFO] - [9], [31]
[2025-01-29 13:10:41,874][__main__][INFO] - [9, 32], []
[2025-01-29 13:10:41,919][__main__][INFO] - [9, 33], []
[2025-01-29 13:10:42,018][__main__][INFO] - [9, 34], []
[2025-01-29 13:10:42,061][__main__][INFO] - [9, 35], []
[2025-01-29 13:10:42,111][__main__][INFO] - [9, 36], []
[2025-01-29 13:10:42,156][__main__][INFO] - [9, 37], []
[2025-01-29 13:10:42,197][__main__][INFO] - [9, 38], []
[2025-01-29 13:10:42,238][__main__][INFO] - [9, 39], []
[2025-01-29 13:10:42,338][__main__][INFO] - [10, 11], []
[2025-01-29 13:10:43,259][__main__][INFO] - [10, 12], []
[2025-01-29 13:10:43,354][__main__][INFO] - [10, 13], []
[2025-01-29 13:10:43,517][__main__][INFO] - [10, 14], []
[2025-01-29 13:10:43,567][__main__][INFO] - [10, 15], []
[2025-01-29 13:10:43,610][__main__][INFO] - [10, 16], []
[2025-01-29 13:10:44,978][__main__][INFO] - [10, 17], []
[2025-01-29 13:10:45,091][__main__][INFO] - [10, 18], []
[2025-01-29 13:10:45,132][__main__][INFO] - [10, 19], []
[2025-01-29 13:10:45,182][__main__][INFO] - [10, 20], []
[2025-01-29 13:10:45,245][__main__][INFO] - [10, 21], []
[2025-01-29 13:10:45,853][__main__][INFO] - [10, 22], []
[2025-01-29 13:10:46,032][__main__][INFO] - [10, 23], []
[2025-01-29 13:10:46,201][__main__][INFO] - [10, 24], []
[2025-01-29 13:10:46,253][__main__][INFO] - [10, 25], []
[2025-01-29 13:10:46,557][__main__][INFO] - [10], [25]
[2025-01-29 13:10:47,598][__main__][INFO] - [10, 26], []
[2025-01-29 13:10:47,910][__main__][INFO] - [10], [26]
[2025-01-29 13:10:48,875][__main__][INFO] - [10, 27], []
[2025-01-29 13:10:49,127][__main__][INFO] - [10], [27]
[2025-01-29 13:10:50,154][__main__][INFO] - [10, 28], []
[2025-01-29 13:10:50,961][__main__][INFO] - [10, 29], []
[2025-01-29 13:10:51,346][__main__][INFO] - [10, 30], []
[2025-01-29 13:10:51,386][__main__][INFO] - [10, 31], []
[2025-01-29 13:10:51,910][__main__][INFO] - [10], [31]
[2025-01-29 13:10:52,601][__main__][INFO] - [10, 32], []
[2025-01-29 13:10:52,700][__main__][INFO] - [10, 33], []
[2025-01-29 13:10:53,186][__main__][INFO] - [10, 34], []
[2025-01-29 13:10:53,258][__main__][INFO] - [10, 35], []
[2025-01-29 13:10:53,369][__main__][INFO] - [10, 36], []
[2025-01-29 13:10:53,447][__main__][INFO] - [10, 37], []
[2025-01-29 13:10:53,496][__main__][INFO] - [10, 38], []
[2025-01-29 13:10:53,540][__main__][INFO] - [10, 39], []
[2025-01-29 13:10:53,583][__main__][INFO] - [10, 40], []
[2025-01-29 13:10:53,654][__main__][INFO] - [11], [10]
[2025-01-29 13:10:56,478][__main__][INFO] - [12], [10]
[2025-01-29 13:10:56,909][__main__][INFO] - [13], [10]
[2025-01-29 13:10:57,460][__main__][INFO] - [14], [10]
[2025-01-29 13:10:57,544][__main__][INFO] - [15], [10]
[2025-01-29 13:10:57,595][__main__][INFO] - [16], [10]
[2025-01-29 13:11:00,610][__main__][INFO] - [17], [10]
[2025-01-29 13:11:00,762][__main__][INFO] - [18], [10]
[2025-01-29 13:11:00,804][__main__][INFO] - [19], [10]
[2025-01-29 13:11:00,865][__main__][INFO] - [20], [10]
[2025-01-29 13:11:01,746][__main__][INFO] - [21], [10]
[2025-01-29 13:11:04,074][__main__][INFO] - [22], [10]
[2025-01-29 13:11:04,918][__main__][INFO] - [23], [10]
[2025-01-29 13:11:05,465][__main__][INFO] - [24], [10]
[2025-01-29 13:11:05,541][__main__][INFO] - [25], [10]
[2025-01-29 13:11:06,564][__main__][INFO] - [], [10, 25]
[2025-01-29 13:11:09,712][__main__][INFO] - [], [10, 26]
[2025-01-29 13:11:14,447][__main__][INFO] - [], [10, 27]
[2025-01-29 13:11:19,191][__main__][INFO] - [28], [10]
[2025-01-29 13:11:23,578][__main__][INFO] - [30], [10]
[2025-01-29 13:11:23,622][__main__][INFO] - [31], [10]
[2025-01-29 13:11:25,562][__main__][INFO] - [], [10, 31]
[2025-01-29 13:11:27,538][__main__][INFO] - [32], [10]
[2025-01-29 13:11:27,941][__main__][INFO] - [33], [10]
[2025-01-29 13:11:30,132][__main__][INFO] - [34], [10]
[2025-01-29 13:11:30,321][__main__][INFO] - [35], [10]
[2025-01-29 13:11:30,859][__main__][INFO] - [36], [10]
[2025-01-29 13:11:31,021][__main__][INFO] - [37], [10]
[2025-01-29 13:11:31,080][__main__][INFO] - [38], [10]
[2025-01-29 13:11:31,133][__main__][INFO] - [39], [10]
[2025-01-29 13:11:31,184][__main__][INFO] - [40], [10]
[2025-01-29 13:11:31,256][__main__][INFO] - [11, 16], []
[2025-01-29 13:11:33,756][__main__][INFO] - [11, 17], []
[2025-01-29 13:11:33,964][__main__][INFO] - [11, 18], []
[2025-01-29 13:11:34,005][__main__][INFO] - [11, 19], []
[2025-01-29 13:11:34,068][__main__][INFO] - [11, 20], []
[2025-01-29 13:11:34,911][__main__][INFO] - [11, 21], []
[2025-01-29 13:11:36,675][__main__][INFO] - [11, 22], []
[2025-01-29 13:11:37,597][__main__][INFO] - [11, 23], []
[2025-01-29 13:11:38,088][__main__][INFO] - [11, 24], []
[2025-01-29 13:11:38,197][__main__][INFO] - [11], [25]
[2025-01-29 13:11:42,524][__main__][INFO] - [11, 26], []
[2025-01-29 13:11:42,694][__main__][INFO] - [11], [26]
[2025-01-29 13:11:46,399][__main__][INFO] - [11, 27], []
[2025-01-29 13:11:46,535][__main__][INFO] - [11], [27]
[2025-01-29 13:11:50,329][__main__][INFO] - [11, 28], []
[2025-01-29 13:11:53,638][__main__][INFO] - [11, 29], []
[2025-01-29 13:11:53,862][__main__][INFO] - [11, 30], []
[2025-01-29 13:11:53,906][__main__][INFO] - [11, 31], []
[2025-01-29 13:11:55,587][__main__][INFO] - [11], [31]
[2025-01-29 13:11:57,402][__main__][INFO] - [11, 32], []
[2025-01-29 13:11:57,685][__main__][INFO] - [11, 33], []
[2025-01-29 13:11:59,831][__main__][INFO] - [11, 34], []
[2025-01-29 13:12:00,052][__main__][INFO] - [11, 35], []
[2025-01-29 13:12:00,281][__main__][INFO] - [11, 36], []
[2025-01-29 13:12:00,466][__main__][INFO] - [11, 37], []
[2025-01-29 13:12:00,529][__main__][INFO] - [11, 38], []
[2025-01-29 13:12:00,580][__main__][INFO] - [11, 39], []
[2025-01-29 13:12:00,631][__main__][INFO] - [11, 40], []
[2025-01-29 13:12:00,703][__main__][INFO] - [12, 16], []
[2025-01-29 13:12:01,206][__main__][INFO] - [12, 17], []
[2025-01-29 13:12:01,280][__main__][INFO] - [12, 19], []
[2025-01-29 13:12:01,324][__main__][INFO] - [12, 20], []
[2025-01-29 13:12:01,385][__main__][INFO] - [12, 21], []
[2025-01-29 13:12:01,777][__main__][INFO] - [12, 22], []
[2025-01-29 13:12:01,835][__main__][INFO] - [12, 23], []
[2025-01-29 13:12:01,920][__main__][INFO] - [12, 24], []
[2025-01-29 13:12:01,964][__main__][INFO] - [12, 25], []
[2025-01-29 13:12:02,545][__main__][INFO] - [12, 26], []
[2025-01-29 13:12:02,600][__main__][INFO] - [12], [26]
[2025-01-29 13:12:03,090][__main__][INFO] - [12, 27], []
[2025-01-29 13:12:03,143][__main__][INFO] - [12], [27]
[2025-01-29 13:12:03,637][__main__][INFO] - [12, 28], []
[2025-01-29 13:12:04,117][__main__][INFO] - [12, 29], []
[2025-01-29 13:12:04,173][__main__][INFO] - [12, 30], []
[2025-01-29 13:12:04,215][__main__][INFO] - [12, 31], []
[2025-01-29 13:12:04,461][__main__][INFO] - [12], [31]
[2025-01-29 13:12:04,706][__main__][INFO] - [12, 32], []
[2025-01-29 13:12:04,832][__main__][INFO] - [12, 33], []
[2025-01-29 13:12:05,026][__main__][INFO] - [12, 34], []
[2025-01-29 13:12:05,078][__main__][INFO] - [12, 35], []
[2025-01-29 13:12:05,215][__main__][INFO] - [12, 36], []
[2025-01-29 13:12:05,261][__main__][INFO] - [12, 37], []
[2025-01-29 13:12:05,305][__main__][INFO] - [12, 38], []
[2025-01-29 13:12:05,349][__main__][INFO] - [12, 39], []
[2025-01-29 13:12:05,450][__main__][INFO] - [13, 16], []
[2025-01-29 13:12:06,128][__main__][INFO] - [13, 17], []
[2025-01-29 13:12:06,187][__main__][INFO] - [13, 18], []
[2025-01-29 13:12:06,228][__main__][INFO] - [13, 19], []
[2025-01-29 13:12:06,273][__main__][INFO] - [13, 20], []
[2025-01-29 13:12:06,322][__main__][INFO] - [13, 21], []
[2025-01-29 13:12:06,860][__main__][INFO] - [13, 22], []
[2025-01-29 13:12:06,931][__main__][INFO] - [13, 23], []
[2025-01-29 13:12:07,040][__main__][INFO] - [13, 24], []
[2025-01-29 13:12:07,085][__main__][INFO] - [13, 25], []
[2025-01-29 13:12:07,918][__main__][INFO] - [13, 26], []
[2025-01-29 13:12:07,986][__main__][INFO] - [13], [26]
[2025-01-29 13:12:08,688][__main__][INFO] - [13, 27], []
[2025-01-29 13:12:08,748][__main__][INFO] - [13], [27]
[2025-01-29 13:12:09,462][__main__][INFO] - [13, 28], []
[2025-01-29 13:12:10,133][__main__][INFO] - [13, 29], []
[2025-01-29 13:12:10,204][__main__][INFO] - [13, 30], []
[2025-01-29 13:12:10,246][__main__][INFO] - [13, 31], []
[2025-01-29 13:12:10,595][__main__][INFO] - [13], [31]
[2025-01-29 13:12:10,915][__main__][INFO] - [13, 32], []
[2025-01-29 13:12:11,015][__main__][INFO] - [13, 33], []
[2025-01-29 13:12:11,246][__main__][INFO] - [13, 34], []
[2025-01-29 13:12:11,301][__main__][INFO] - [13, 35], []
[2025-01-29 13:12:11,573][__main__][INFO] - [13, 36], []
[2025-01-29 13:12:11,625][__main__][INFO] - [13, 37], []
[2025-01-29 13:12:11,669][__main__][INFO] - [13, 38], []
[2025-01-29 13:12:11,713][__main__][INFO] - [13, 39], []
[2025-01-29 13:12:11,815][__main__][INFO] - [14, 16], []
[2025-01-29 13:12:11,894][__main__][INFO] - [14, 17], []
[2025-01-29 13:12:11,939][__main__][INFO] - [14, 18], []
[2025-01-29 13:12:11,980][__main__][INFO] - [14, 19], []
[2025-01-29 13:12:12,023][__main__][INFO] - [14, 20], []
[2025-01-29 13:12:12,074][__main__][INFO] - [14, 21], []
[2025-01-29 13:12:12,135][__main__][INFO] - [14, 22], []
[2025-01-29 13:12:12,189][__main__][INFO] - [14, 23], []
[2025-01-29 13:12:12,246][__main__][INFO] - [14, 24], []
[2025-01-29 13:12:12,319][__main__][INFO] - [14], [25]
[2025-01-29 13:12:12,420][__main__][INFO] - [14, 26], []
[2025-01-29 13:12:12,463][__main__][INFO] - [14], [26]
[2025-01-29 13:12:12,558][__main__][INFO] - [14, 27], []
[2025-01-29 13:12:12,601][__main__][INFO] - [14], [27]
[2025-01-29 13:12:12,698][__main__][INFO] - [14, 28], []
[2025-01-29 13:12:12,788][__main__][INFO] - [14, 29], []
[2025-01-29 13:12:12,832][__main__][INFO] - [14, 30], []
[2025-01-29 13:12:12,874][__main__][INFO] - [14, 31], []
[2025-01-29 13:12:12,937][__main__][INFO] - [14], [31]
[2025-01-29 13:12:13,002][__main__][INFO] - [14, 32], []
[2025-01-29 13:12:13,047][__main__][INFO] - [14, 33], []
[2025-01-29 13:12:13,110][__main__][INFO] - [14, 34], []
[2025-01-29 13:12:13,155][__main__][INFO] - [14, 35], []
[2025-01-29 13:12:13,208][__main__][INFO] - [14, 36], []
[2025-01-29 13:12:13,252][__main__][INFO] - [14, 37], []
[2025-01-29 13:12:13,295][__main__][INFO] - [14, 38], []
[2025-01-29 13:12:13,427][__main__][INFO] - [15, 16], []
[2025-01-29 13:12:13,478][__main__][INFO] - [15, 17], []
[2025-01-29 13:12:13,581][__main__][INFO] - [15, 20], []
[2025-01-29 13:12:13,623][__main__][INFO] - [15, 21], []
[2025-01-29 13:12:13,673][__main__][INFO] - [15, 22], []
[2025-01-29 13:12:13,717][__main__][INFO] - [15, 23], []
[2025-01-29 13:12:13,760][__main__][INFO] - [15, 24], []
[2025-01-29 13:12:13,834][__main__][INFO] - [15], [25]
[2025-01-29 13:12:13,887][__main__][INFO] - [15, 26], []
[2025-01-29 13:12:13,930][__main__][INFO] - [15], [26]
[2025-01-29 13:12:13,983][__main__][INFO] - [15, 27], []
[2025-01-29 13:12:14,026][__main__][INFO] - [15], [27]
[2025-01-29 13:12:14,078][__main__][INFO] - [15, 28], []
[2025-01-29 13:12:14,130][__main__][INFO] - [15, 29], []
[2025-01-29 13:12:14,204][__main__][INFO] - [15, 31], []
[2025-01-29 13:12:14,253][__main__][INFO] - [15], [31]
[2025-01-29 13:12:14,302][__main__][INFO] - [15, 32], []
[2025-01-29 13:12:14,345][__main__][INFO] - [15, 33], []
[2025-01-29 13:12:14,390][__main__][INFO] - [15, 34], []
[2025-01-29 13:12:14,433][__main__][INFO] - [15, 35], []
[2025-01-29 13:12:14,476][__main__][INFO] - [15, 36], []
[2025-01-29 13:12:14,549][__main__][INFO] - [15, 38], []
[2025-01-29 13:12:14,682][__main__][INFO] - [16, 21], []
[2025-01-29 13:12:17,068][__main__][INFO] - [16, 22], []
[2025-01-29 13:12:17,804][__main__][INFO] - [16, 23], []
[2025-01-29 13:12:18,339][__main__][INFO] - [16, 24], []
[2025-01-29 13:12:18,412][__main__][INFO] - [16, 25], []
[2025-01-29 13:12:19,777][__main__][INFO] - [16], [25]
[2025-01-29 13:12:22,660][__main__][INFO] - [16, 26], []
[2025-01-29 13:12:22,865][__main__][INFO] - [16], [26]
[2025-01-29 13:12:27,452][__main__][INFO] - [16, 27], []
[2025-01-29 13:12:27,648][__main__][INFO] - [16], [27]
[2025-01-29 13:12:32,157][__main__][INFO] - [16, 28], []
[2025-01-29 13:12:36,481][__main__][INFO] - [16, 29], []
[2025-01-29 13:12:36,798][__main__][INFO] - [16, 31], []
[2025-01-29 13:12:38,976][__main__][INFO] - [16], [31]
[2025-01-29 13:12:40,873][__main__][INFO] - [16, 32], []
[2025-01-29 13:12:41,229][__main__][INFO] - [16, 33], []
[2025-01-29 13:12:43,190][__main__][INFO] - [16, 34], []
[2025-01-29 13:12:43,336][__main__][INFO] - [16, 35], []
[2025-01-29 13:12:43,847][__main__][INFO] - [16, 36], []
[2025-01-29 13:12:44,008][__main__][INFO] - [16, 37], []
[2025-01-29 13:12:44,069][__main__][INFO] - [16, 38], []
[2025-01-29 13:12:44,121][__main__][INFO] - [16, 39], []
[2025-01-29 13:12:44,172][__main__][INFO] - [16, 40], []
[2025-01-29 13:12:44,244][__main__][INFO] - [17, 21], []
[2025-01-29 13:12:44,378][__main__][INFO] - [17, 22], []
[2025-01-29 13:12:44,462][__main__][INFO] - [17, 23], []
[2025-01-29 13:12:44,527][__main__][INFO] - [17, 24], []
[2025-01-29 13:12:44,572][__main__][INFO] - [17, 25], []
[2025-01-29 13:12:44,634][__main__][INFO] - [17], [25]
[2025-01-29 13:12:44,855][__main__][INFO] - [17, 26], []
[2025-01-29 13:12:44,924][__main__][INFO] - [17], [26]
[2025-01-29 13:12:45,145][__main__][INFO] - [17, 27], []
[2025-01-29 13:12:45,197][__main__][INFO] - [17], [27]
[2025-01-29 13:12:45,451][__main__][INFO] - [17, 28], []
[2025-01-29 13:12:45,688][__main__][INFO] - [17, 29], []
[2025-01-29 13:12:45,776][__main__][INFO] - [17, 31], []
[2025-01-29 13:12:45,834][__main__][INFO] - [17], [31]
[2025-01-29 13:12:46,059][__main__][INFO] - [17, 32], []
[2025-01-29 13:12:46,108][__main__][INFO] - [17, 33], []
[2025-01-29 13:12:46,268][__main__][INFO] - [17, 34], []
[2025-01-29 13:12:46,318][__main__][INFO] - [17, 35], []
[2025-01-29 13:12:46,372][__main__][INFO] - [17, 36], []
[2025-01-29 13:12:46,426][__main__][INFO] - [17, 37], []
[2025-01-29 13:12:46,470][__main__][INFO] - [17, 38], []
[2025-01-29 13:12:46,512][__main__][INFO] - [17, 39], []
[2025-01-29 13:12:46,615][__main__][INFO] - [18, 21], []
[2025-01-29 13:12:46,656][__main__][INFO] - [18, 22], []
[2025-01-29 13:12:46,698][__main__][INFO] - [18, 23], []
[2025-01-29 13:12:46,740][__main__][INFO] - [18, 24], []
[2025-01-29 13:12:46,782][__main__][INFO] - [18, 25], []
[2025-01-29 13:12:46,824][__main__][INFO] - [18], [25]
[2025-01-29 13:12:46,866][__main__][INFO] - [18, 26], []
[2025-01-29 13:12:46,908][__main__][INFO] - [18], [26]
[2025-01-29 13:12:46,979][__main__][INFO] - [18], [27]
[2025-01-29 13:12:47,020][__main__][INFO] - [18, 28], []
[2025-01-29 13:12:47,062][__main__][INFO] - [18, 29], []
[2025-01-29 13:12:47,135][__main__][INFO] - [18, 31], []
[2025-01-29 13:12:47,176][__main__][INFO] - [18], [31]
[2025-01-29 13:12:47,218][__main__][INFO] - [18, 32], []
[2025-01-29 13:12:47,260][__main__][INFO] - [18, 33], []
[2025-01-29 13:12:47,302][__main__][INFO] - [18, 34], []
[2025-01-29 13:12:47,345][__main__][INFO] - [18, 35], []
[2025-01-29 13:12:47,422][__main__][INFO] - [18, 36], []
[2025-01-29 13:12:47,464][__main__][INFO] - [18, 37], []
[2025-01-29 13:12:47,625][__main__][INFO] - [19, 21], []
[2025-01-29 13:12:47,681][__main__][INFO] - [19, 22], []
[2025-01-29 13:12:47,729][__main__][INFO] - [19, 23], []
[2025-01-29 13:12:47,774][__main__][INFO] - [19, 24], []
[2025-01-29 13:12:47,817][__main__][INFO] - [19, 25], []
[2025-01-29 13:12:47,861][__main__][INFO] - [19], [25]
[2025-01-29 13:12:47,927][__main__][INFO] - [19, 26], []
[2025-01-29 13:12:47,971][__main__][INFO] - [19], [26]
[2025-01-29 13:12:48,035][__main__][INFO] - [19, 27], []
[2025-01-29 13:12:48,078][__main__][INFO] - [19], [27]
[2025-01-29 13:12:48,146][__main__][INFO] - [19, 28], []
[2025-01-29 13:12:48,212][__main__][INFO] - [19, 29], []
[2025-01-29 13:12:48,286][__main__][INFO] - [19, 31], []
[2025-01-29 13:12:48,331][__main__][INFO] - [19], [31]
[2025-01-29 13:12:48,395][__main__][INFO] - [19, 32], []
[2025-01-29 13:12:48,438][__main__][INFO] - [19, 33], []
[2025-01-29 13:12:48,497][__main__][INFO] - [19, 34], []
[2025-01-29 13:12:48,540][__main__][INFO] - [19, 35], []
[2025-01-29 13:12:48,584][__main__][INFO] - [19, 36], []
[2025-01-29 13:12:48,628][__main__][INFO] - [19, 37], []
[2025-01-29 13:12:48,671][__main__][INFO] - [19, 38], []
[2025-01-29 13:12:48,803][__main__][INFO] - [20, 21], []
[2025-01-29 13:12:49,302][__main__][INFO] - [20, 22], []
[2025-01-29 13:12:49,549][__main__][INFO] - [20, 23], []
[2025-01-29 13:12:49,728][__main__][INFO] - [20, 24], []
[2025-01-29 13:12:49,776][__main__][INFO] - [20, 25], []
[2025-01-29 13:12:49,845][__main__][INFO] - [20], [25]
[2025-01-29 13:12:50,718][__main__][INFO] - [20, 26], []
[2025-01-29 13:12:50,760][__main__][INFO] - [20], [26]
[2025-01-29 13:12:51,679][__main__][INFO] - [20, 27], []
[2025-01-29 13:12:51,728][__main__][INFO] - [20], [27]
[2025-01-29 13:12:52,677][__main__][INFO] - [20, 28], []
[2025-01-29 13:12:53,325][__main__][INFO] - [20, 29], []
[2025-01-29 13:12:53,382][__main__][INFO] - [20, 30], []
[2025-01-29 13:12:53,426][__main__][INFO] - [20, 31], []
[2025-01-29 13:12:53,865][__main__][INFO] - [20], [31]
[2025-01-29 13:12:54,326][__main__][INFO] - [20, 32], []
[2025-01-29 13:12:54,469][__main__][INFO] - [20, 33], []
[2025-01-29 13:12:54,967][__main__][INFO] - [20, 34], []
[2025-01-29 13:12:55,075][__main__][INFO] - [20, 35], []
[2025-01-29 13:12:55,203][__main__][INFO] - [20, 36], []
[2025-01-29 13:12:55,270][__main__][INFO] - [20, 37], []
[2025-01-29 13:12:55,316][__main__][INFO] - [20, 38], []
[2025-01-29 13:12:55,360][__main__][INFO] - [20, 39], []
[2025-01-29 13:12:55,461][__main__][INFO] - [21, 25], []
[2025-01-29 13:12:56,469][__main__][INFO] - [21], [25]
[2025-01-29 13:12:58,405][__main__][INFO] - [21, 26], []
[2025-01-29 13:12:58,551][__main__][INFO] - [21], [26]
[2025-01-29 13:13:01,555][__main__][INFO] - [21, 27], []
[2025-01-29 13:13:01,670][__main__][INFO] - [21], [27]
[2025-01-29 13:13:04,649][__main__][INFO] - [21, 28], []
[2025-01-29 13:13:07,397][__main__][INFO] - [21, 29], []
[2025-01-29 13:13:07,572][__main__][INFO] - [21, 30], []
[2025-01-29 13:13:07,614][__main__][INFO] - [21, 31], []
[2025-01-29 13:13:08,976][__main__][INFO] - [21], [31]
[2025-01-29 13:13:10,363][__main__][INFO] - [21, 32], []
[2025-01-29 13:13:10,716][__main__][INFO] - [21, 33], []
[2025-01-29 13:13:12,077][__main__][INFO] - [21, 34], []
[2025-01-29 13:13:12,153][__main__][INFO] - [21, 35], []
[2025-01-29 13:13:12,628][__main__][INFO] - [21, 36], []
[2025-01-29 13:13:12,782][__main__][INFO] - [21, 37], []
[2025-01-29 13:13:12,839][__main__][INFO] - [21, 38], []
[2025-01-29 13:13:12,889][__main__][INFO] - [21, 39], []
[2025-01-29 13:13:12,935][__main__][INFO] - [21, 40], []
[2025-01-29 13:13:13,007][__main__][INFO] - [22, 25], []
[2025-01-29 13:13:13,100][__main__][INFO] - [22], [25]
[2025-01-29 13:13:14,075][__main__][INFO] - [22, 26], []
[2025-01-29 13:13:14,149][__main__][INFO] - [22], [26]
[2025-01-29 13:13:15,177][__main__][INFO] - [22, 27], []
[2025-01-29 13:13:15,239][__main__][INFO] - [22], [27]
[2025-01-29 13:13:16,288][__main__][INFO] - [22, 28], []
[2025-01-29 13:13:17,214][__main__][INFO] - [22, 29], []
[2025-01-29 13:13:17,294][__main__][INFO] - [22, 30], []
[2025-01-29 13:13:17,336][__main__][INFO] - [22, 31], []
[2025-01-29 13:13:17,825][__main__][INFO] - [22], [31]
[2025-01-29 13:13:18,307][__main__][INFO] - [22, 32], []
[2025-01-29 13:13:18,371][__main__][INFO] - [22, 33], []
[2025-01-29 13:13:19,065][__main__][INFO] - [22, 34], []
[2025-01-29 13:13:19,206][__main__][INFO] - [22, 35], []
[2025-01-29 13:13:19,278][__main__][INFO] - [22, 36], []
[2025-01-29 13:13:19,334][__main__][INFO] - [22, 37], []
[2025-01-29 13:13:19,380][__main__][INFO] - [22, 38], []
[2025-01-29 13:13:19,423][__main__][INFO] - [22, 39], []
[2025-01-29 13:13:19,466][__main__][INFO] - [22, 40], []
[2025-01-29 13:13:19,537][__main__][INFO] - [23, 25], []
[2025-01-29 13:13:19,710][__main__][INFO] - [23], [25]
[2025-01-29 13:13:20,251][__main__][INFO] - [23, 26], []
[2025-01-29 13:13:20,314][__main__][INFO] - [23], [26]
[2025-01-29 13:13:21,046][__main__][INFO] - [23, 27], []
[2025-01-29 13:13:21,104][__main__][INFO] - [23], [27]
[2025-01-29 13:13:21,844][__main__][INFO] - [23, 28], []
[2025-01-29 13:13:22,481][__main__][INFO] - [23, 29], []
[2025-01-29 13:13:22,555][__main__][INFO] - [23, 30], []
[2025-01-29 13:13:22,597][__main__][INFO] - [23, 31], []
[2025-01-29 13:13:22,926][__main__][INFO] - [23], [31]
[2025-01-29 13:13:23,268][__main__][INFO] - [23, 32], []
[2025-01-29 13:13:23,362][__main__][INFO] - [23, 33], []
[2025-01-29 13:13:23,729][__main__][INFO] - [23, 34], []
[2025-01-29 13:13:23,793][__main__][INFO] - [23, 35], []
[2025-01-29 13:13:23,894][__main__][INFO] - [23, 36], []
[2025-01-29 13:13:23,957][__main__][INFO] - [23, 37], []
[2025-01-29 13:13:24,002][__main__][INFO] - [23, 38], []
[2025-01-29 13:13:24,045][__main__][INFO] - [23, 39], []
[2025-01-29 13:13:24,147][__main__][INFO] - [24, 25], []
[2025-01-29 13:13:24,195][__main__][INFO] - [24], [25]
[2025-01-29 13:13:24,276][__main__][INFO] - [24, 26], []
[2025-01-29 13:13:24,320][__main__][INFO] - [24], [26]
[2025-01-29 13:13:24,403][__main__][INFO] - [24, 27], []
[2025-01-29 13:13:24,446][__main__][INFO] - [24], [27]
[2025-01-29 13:13:24,530][__main__][INFO] - [24, 28], []
[2025-01-29 13:13:24,611][__main__][INFO] - [24, 29], []
[2025-01-29 13:13:24,655][__main__][INFO] - [24, 30], []
[2025-01-29 13:13:24,696][__main__][INFO] - [24, 31], []
[2025-01-29 13:13:24,758][__main__][INFO] - [24], [31]
[2025-01-29 13:13:24,819][__main__][INFO] - [24, 32], []
[2025-01-29 13:13:24,863][__main__][INFO] - [24, 33], []
[2025-01-29 13:13:24,934][__main__][INFO] - [24, 34], []
[2025-01-29 13:13:24,977][__main__][INFO] - [24, 35], []
[2025-01-29 13:13:25,021][__main__][INFO] - [24, 36], []
[2025-01-29 13:13:25,064][__main__][INFO] - [24, 37], []
[2025-01-29 13:13:25,107][__main__][INFO] - [24, 38], []
[2025-01-29 13:13:25,238][__main__][INFO] - [25, 26], []
[2025-01-29 13:13:25,325][__main__][INFO] - [25], [26]
[2025-01-29 13:13:26,760][__main__][INFO] - [25, 27], []
[2025-01-29 13:13:26,836][__main__][INFO] - [25], [27]
[2025-01-29 13:13:28,326][__main__][INFO] - [25, 28], []
[2025-01-29 13:13:29,707][__main__][INFO] - [25, 29], []
[2025-01-29 13:13:29,798][__main__][INFO] - [25, 30], []
[2025-01-29 13:13:29,840][__main__][INFO] - [25, 31], []
[2025-01-29 13:13:30,478][__main__][INFO] - [25], [31]
[2025-01-29 13:13:31,107][__main__][INFO] - [25, 32], []
[2025-01-29 13:13:31,303][__main__][INFO] - [25, 33], []
[2025-01-29 13:13:31,714][__main__][INFO] - [25, 34], []
[2025-01-29 13:13:31,775][__main__][INFO] - [25, 35], []
[2025-01-29 13:13:32,172][__main__][INFO] - [25, 36], []
[2025-01-29 13:13:32,227][__main__][INFO] - [25, 37], []
[2025-01-29 13:13:32,271][__main__][INFO] - [25, 38], []
[2025-01-29 13:13:32,316][__main__][INFO] - [25, 39], []
[2025-01-29 13:13:32,418][__main__][INFO] - [26], [25]
[2025-01-29 13:13:32,602][__main__][INFO] - [], [25, 26]
[2025-01-29 13:13:36,894][__main__][INFO] - [27], [25]
[2025-01-29 13:13:37,076][__main__][INFO] - [], [25, 27]
[2025-01-29 13:13:41,337][__main__][INFO] - [28], [25]
[2025-01-29 13:13:45,009][__main__][INFO] - [29], [25]
[2025-01-29 13:13:45,251][__main__][INFO] - [30], [25]
[2025-01-29 13:13:45,294][__main__][INFO] - [31], [25]
[2025-01-29 13:13:47,098][__main__][INFO] - [], [25, 31]
[2025-01-29 13:13:49,136][__main__][INFO] - [32], [25]
[2025-01-29 13:13:49,430][__main__][INFO] - [33], [25]
[2025-01-29 13:13:51,698][__main__][INFO] - [34], [25]
[2025-01-29 13:13:51,901][__main__][INFO] - [35], [25]
[2025-01-29 13:13:52,148][__main__][INFO] - [36], [25]
[2025-01-29 13:13:52,339][__main__][INFO] - [37], [25]
[2025-01-29 13:13:52,403][__main__][INFO] - [38], [25]
[2025-01-29 13:13:52,454][__main__][INFO] - [39], [25]
[2025-01-29 13:13:52,504][__main__][INFO] - [40], [25]
[2025-01-29 13:13:52,575][__main__][INFO] - [26, 27], []
[2025-01-29 13:13:52,652][__main__][INFO] - [26], [27]
[2025-01-29 13:13:52,849][__main__][INFO] - [26, 28], []
[2025-01-29 13:13:53,035][__main__][INFO] - [26, 29], []
[2025-01-29 13:13:53,121][__main__][INFO] - [26, 30], []
[2025-01-29 13:13:53,163][__main__][INFO] - [26, 31], []
[2025-01-29 13:13:53,274][__main__][INFO] - [26], [31]
[2025-01-29 13:13:53,425][__main__][INFO] - [26, 32], []
[2025-01-29 13:13:53,478][__main__][INFO] - [26, 33], []
[2025-01-29 13:13:53,620][__main__][INFO] - [26, 34], []
[2025-01-29 13:13:53,668][__main__][INFO] - [26, 35], []
[2025-01-29 13:13:53,725][__main__][INFO] - [26, 36], []
[2025-01-29 13:13:53,775][__main__][INFO] - [26, 37], []
[2025-01-29 13:13:53,818][__main__][INFO] - [26, 38], []
[2025-01-29 13:13:53,861][__main__][INFO] - [26, 39], []
[2025-01-29 13:13:53,962][__main__][INFO] - [27], [26]
[2025-01-29 13:13:54,109][__main__][INFO] - [], [26, 27]
[2025-01-29 13:14:00,406][__main__][INFO] - [28], [26]
[2025-01-29 13:14:05,969][__main__][INFO] - [29], [26]
[2025-01-29 13:14:06,213][__main__][INFO] - [30], [26]
[2025-01-29 13:14:06,256][__main__][INFO] - [31], [26]
[2025-01-29 13:14:09,121][__main__][INFO] - [], [26, 31]
[2025-01-29 13:14:11,988][__main__][INFO] - [32], [26]
[2025-01-29 13:14:12,511][__main__][INFO] - [33], [26]
[2025-01-29 13:14:15,323][__main__][INFO] - [34], [26]
[2025-01-29 13:14:15,548][__main__][INFO] - [35], [26]
[2025-01-29 13:14:16,222][__main__][INFO] - [36], [26]
[2025-01-29 13:14:16,427][__main__][INFO] - [37], [26]
[2025-01-29 13:14:16,492][__main__][INFO] - [38], [26]
[2025-01-29 13:14:16,546][__main__][INFO] - [39], [26]
[2025-01-29 13:14:16,597][__main__][INFO] - [40], [26]
[2025-01-29 13:14:16,668][__main__][INFO] - [27, 28], []
[2025-01-29 13:14:16,800][__main__][INFO] - [27, 29], []
[2025-01-29 13:14:16,884][__main__][INFO] - [27, 30], []
[2025-01-29 13:14:16,925][__main__][INFO] - [27, 31], []
[2025-01-29 13:14:17,027][__main__][INFO] - [27], [31]
[2025-01-29 13:14:17,135][__main__][INFO] - [27, 32], []
[2025-01-29 13:14:17,188][__main__][INFO] - [27, 33], []
[2025-01-29 13:14:17,286][__main__][INFO] - [27, 34], []
[2025-01-29 13:14:17,335][__main__][INFO] - [27, 35], []
[2025-01-29 13:14:17,388][__main__][INFO] - [27, 36], []
[2025-01-29 13:14:17,438][__main__][INFO] - [27, 37], []
[2025-01-29 13:14:17,481][__main__][INFO] - [27, 38], []
[2025-01-29 13:14:17,524][__main__][INFO] - [27, 39], []
[2025-01-29 13:14:17,625][__main__][INFO] - [28], [27]
[2025-01-29 13:14:23,520][__main__][INFO] - [29], [27]
[2025-01-29 13:14:23,766][__main__][INFO] - [30], [27]
[2025-01-29 13:14:23,809][__main__][INFO] - [31], [27]
[2025-01-29 13:14:26,341][__main__][INFO] - [], [27, 31]
[2025-01-29 13:14:29,145][__main__][INFO] - [32], [27]
[2025-01-29 13:14:29,603][__main__][INFO] - [33], [27]
[2025-01-29 13:14:32,243][__main__][INFO] - [34], [27]
[2025-01-29 13:14:32,469][__main__][INFO] - [35], [27]
[2025-01-29 13:14:33,086][__main__][INFO] - [36], [27]
[2025-01-29 13:14:33,287][__main__][INFO] - [37], [27]
[2025-01-29 13:14:33,351][__main__][INFO] - [38], [27]
[2025-01-29 13:14:33,405][__main__][INFO] - [39], [27]
[2025-01-29 13:14:33,456][__main__][INFO] - [40], [27]
[2025-01-29 13:14:33,527][__main__][INFO] - [28, 31], []
[2025-01-29 13:14:35,815][__main__][INFO] - [28], [31]
[2025-01-29 13:14:38,364][__main__][INFO] - [28, 32], []
[2025-01-29 13:14:38,788][__main__][INFO] - [28, 33], []
[2025-01-29 13:14:41,202][__main__][INFO] - [28, 34], []
[2025-01-29 13:14:41,393][__main__][INFO] - [28, 35], []
[2025-01-29 13:14:41,960][__main__][INFO] - [28, 36], []
[2025-01-29 13:14:42,142][__main__][INFO] - [28, 37], []
[2025-01-29 13:14:42,204][__main__][INFO] - [28, 38], []
[2025-01-29 13:14:42,257][__main__][INFO] - [28, 39], []
[2025-01-29 13:14:42,307][__main__][INFO] - [28, 40], []
[2025-01-29 13:14:42,378][__main__][INFO] - [29, 31], []
[2025-01-29 13:14:42,523][__main__][INFO] - [29], [31]
[2025-01-29 13:14:42,684][__main__][INFO] - [29, 32], []
[2025-01-29 13:14:42,743][__main__][INFO] - [29, 33], []
[2025-01-29 13:14:42,894][__main__][INFO] - [29, 34], []
[2025-01-29 13:14:42,946][__main__][INFO] - [29, 35], []
[2025-01-29 13:14:43,006][__main__][INFO] - [29, 36], []
[2025-01-29 13:14:43,062][__main__][INFO] - [29, 37], []
[2025-01-29 13:14:43,106][__main__][INFO] - [29, 38], []
[2025-01-29 13:14:43,148][__main__][INFO] - [29, 39], []
[2025-01-29 13:14:43,249][__main__][INFO] - [30, 31], []
[2025-01-29 13:14:43,291][__main__][INFO] - [30], [31]
[2025-01-29 13:14:43,333][__main__][INFO] - [30, 32], []
[2025-01-29 13:14:43,374][__main__][INFO] - [30, 33], []
[2025-01-29 13:14:43,416][__main__][INFO] - [30, 34], []
[2025-01-29 13:14:43,457][__main__][INFO] - [30, 35], []
[2025-01-29 13:14:43,499][__main__][INFO] - [30, 36], []
[2025-01-29 13:14:43,540][__main__][INFO] - [30, 37], []
[2025-01-29 13:14:43,581][__main__][INFO] - [30, 38], []
[2025-01-29 13:14:43,622][__main__][INFO] - [30, 39], []
[2025-01-29 13:14:43,721][__main__][INFO] - [31, 32], []
[2025-01-29 13:14:43,944][__main__][INFO] - [31, 33], []
[2025-01-29 13:14:45,173][__main__][INFO] - [31, 34], []
[2025-01-29 13:14:45,292][__main__][INFO] - [31, 35], []
[2025-01-29 13:14:45,603][__main__][INFO] - [31, 36], []
[2025-01-29 13:14:45,711][__main__][INFO] - [31, 37], []
[2025-01-29 13:14:45,765][__main__][INFO] - [31, 38], []
[2025-01-29 13:14:45,814][__main__][INFO] - [31, 39], []
[2025-01-29 13:14:45,858][__main__][INFO] - [31, 40], []
[2025-01-29 13:14:45,929][__main__][INFO] - [32], [31]
[2025-01-29 13:14:46,162][__main__][INFO] - [33], [31]
[2025-01-29 13:14:47,395][__main__][INFO] - [34], [31]
[2025-01-29 13:14:47,517][__main__][INFO] - [35], [31]
[2025-01-29 13:14:47,801][__main__][INFO] - [36], [31]
[2025-01-29 13:14:47,917][__main__][INFO] - [37], [31]
[2025-01-29 13:14:47,971][__main__][INFO] - [38], [31]
[2025-01-29 13:14:48,021][__main__][INFO] - [39], [31]
[2025-01-29 13:14:48,065][__main__][INFO] - [40], [31]
[2025-01-29 13:14:48,194][__main__][INFO] - [0, 10, 11], []
[2025-01-29 13:14:48,241][__main__][INFO] - [0, 10, 12], []
[2025-01-29 13:14:48,319][__main__][INFO] - [0, 10, 14], []
[2025-01-29 13:14:48,520][__main__][INFO] - [0, 10, 20], []
[2025-01-29 13:14:48,567][__main__][INFO] - [0, 10, 21], []
[2025-01-29 13:14:48,614][__main__][INFO] - [0, 10, 22], []
[2025-01-29 13:14:48,661][__main__][INFO] - [0, 10, 23], []
[2025-01-29 13:14:48,708][__main__][INFO] - [0, 10, 24], []
[2025-01-29 13:14:48,755][__main__][INFO] - [0, 10, 25], []
[2025-01-29 13:14:48,802][__main__][INFO] - [0, 10], [25]
[2025-01-29 13:14:48,849][__main__][INFO] - [0, 10, 26], []
[2025-01-29 13:14:48,896][__main__][INFO] - [0, 10], [26]
[2025-01-29 13:14:48,944][__main__][INFO] - [0, 10, 27], []
[2025-01-29 13:14:48,991][__main__][INFO] - [0, 10], [27]
[2025-01-29 13:14:49,038][__main__][INFO] - [0, 10, 28], []
[2025-01-29 13:14:49,085][__main__][INFO] - [0, 10, 29], []
[2025-01-29 13:14:49,132][__main__][INFO] - [0, 10, 30], []
[2025-01-29 13:14:49,180][__main__][INFO] - [0, 10, 31], []
[2025-01-29 13:14:49,227][__main__][INFO] - [0, 10], [31]
[2025-01-29 13:14:49,274][__main__][INFO] - [0, 10, 32], []
[2025-01-29 13:14:49,321][__main__][INFO] - [0, 10, 33], []
[2025-01-29 13:14:49,368][__main__][INFO] - [0, 10, 34], []
[2025-01-29 13:14:49,415][__main__][INFO] - [0, 10, 35], []
[2025-01-29 13:14:49,463][__main__][INFO] - [0, 10, 36], []
[2025-01-29 13:14:49,510][__main__][INFO] - [0, 10, 37], []
[2025-01-29 13:14:49,679][__main__][INFO] - [0, 11], [10]
[2025-01-29 13:14:49,729][__main__][INFO] - [0, 12], [10]
[2025-01-29 13:14:49,777][__main__][INFO] - [0, 13], [10]
[2025-01-29 13:14:49,824][__main__][INFO] - [0, 14], [10]
[2025-01-29 13:14:49,871][__main__][INFO] - [0, 15], [10]
[2025-01-29 13:14:50,040][__main__][INFO] - [0, 20], [10]
[2025-01-29 13:14:50,091][__main__][INFO] - [0, 21], [10]
[2025-01-29 13:14:50,141][__main__][INFO] - [0, 22], [10]
[2025-01-29 13:14:50,189][__main__][INFO] - [0, 23], [10]
[2025-01-29 13:14:50,237][__main__][INFO] - [0, 24], [10]
[2025-01-29 13:14:50,285][__main__][INFO] - [0, 25], [10]
[2025-01-29 13:14:50,332][__main__][INFO] - [0], [10, 25]
[2025-01-29 13:14:50,414][__main__][INFO] - [0], [10, 26]
[2025-01-29 13:14:50,498][__main__][INFO] - [0], [10, 27]
[2025-01-29 13:14:50,549][__main__][INFO] - [0, 28], [10]
[2025-01-29 13:14:50,629][__main__][INFO] - [0, 30], [10]
[2025-01-29 13:14:50,678][__main__][INFO] - [0, 31], [10]
[2025-01-29 13:14:50,727][__main__][INFO] - [0], [10, 31]
[2025-01-29 13:14:50,777][__main__][INFO] - [0, 32], [10]
[2025-01-29 13:14:50,824][__main__][INFO] - [0, 33], [10]
[2025-01-29 13:14:50,874][__main__][INFO] - [0, 34], [10]
[2025-01-29 13:14:50,921][__main__][INFO] - [0, 35], [10]
[2025-01-29 13:14:50,969][__main__][INFO] - [0, 36], [10]
[2025-01-29 13:14:51,016][__main__][INFO] - [0, 37], [10]
[2025-01-29 13:14:51,064][__main__][INFO] - [0, 38], [10]
[2025-01-29 13:14:51,111][__main__][INFO] - [0, 39], [10]
[2025-01-29 13:14:51,341][__main__][INFO] - [0, 11, 20], []
[2025-01-29 13:14:51,392][__main__][INFO] - [0, 11, 21], []
[2025-01-29 13:14:51,441][__main__][INFO] - [0, 11, 22], []
[2025-01-29 13:14:51,489][__main__][INFO] - [0, 11, 23], []
[2025-01-29 13:14:51,541][__main__][INFO] - [0, 11, 24], []
[2025-01-29 13:14:51,619][__main__][INFO] - [0, 11], [25]
[2025-01-29 13:14:51,670][__main__][INFO] - [0, 11, 26], []
[2025-01-29 13:14:51,717][__main__][INFO] - [0, 11], [26]
[2025-01-29 13:14:51,768][__main__][INFO] - [0, 11, 27], []
[2025-01-29 13:14:51,815][__main__][INFO] - [0, 11], [27]
[2025-01-29 13:14:51,866][__main__][INFO] - [0, 11, 28], []
[2025-01-29 13:14:51,915][__main__][INFO] - [0, 11, 29], []
[2025-01-29 13:14:51,962][__main__][INFO] - [0, 11, 30], []
[2025-01-29 13:14:52,011][__main__][INFO] - [0, 11, 31], []
[2025-01-29 13:14:52,060][__main__][INFO] - [0, 11], [31]
[2025-01-29 13:14:52,110][__main__][INFO] - [0, 11, 32], []
[2025-01-29 13:14:52,157][__main__][INFO] - [0, 11, 33], []
[2025-01-29 13:14:52,207][__main__][INFO] - [0, 11, 34], []
[2025-01-29 13:14:52,255][__main__][INFO] - [0, 11, 35], []
[2025-01-29 13:14:52,302][__main__][INFO] - [0, 11, 36], []
[2025-01-29 13:14:52,350][__main__][INFO] - [0, 11, 37], []
[2025-01-29 13:14:52,397][__main__][INFO] - [0, 11, 38], []
[2025-01-29 13:14:52,444][__main__][INFO] - [0, 11, 39], []
[2025-01-29 13:14:52,673][__main__][INFO] - [0, 12, 20], []
[2025-01-29 13:14:52,721][__main__][INFO] - [0, 12, 21], []
[2025-01-29 13:14:52,768][__main__][INFO] - [0, 12, 22], []
[2025-01-29 13:14:52,815][__main__][INFO] - [0, 12, 23], []
[2025-01-29 13:14:52,892][__main__][INFO] - [0, 12, 25], []
[2025-01-29 13:14:53,001][__main__][INFO] - [0, 12], [26]
[2025-01-29 13:14:53,079][__main__][INFO] - [0, 12], [27]
[2025-01-29 13:14:53,126][__main__][INFO] - [0, 12, 28], []
[2025-01-29 13:14:53,173][__main__][INFO] - [0, 12, 29], []
[2025-01-29 13:14:53,220][__main__][INFO] - [0, 12, 30], []
[2025-01-29 13:14:53,267][__main__][INFO] - [0, 12, 31], []
[2025-01-29 13:14:53,314][__main__][INFO] - [0, 12], [31]
[2025-01-29 13:14:53,361][__main__][INFO] - [0, 12, 32], []
[2025-01-29 13:14:53,409][__main__][INFO] - [0, 12, 33], []
[2025-01-29 13:14:53,456][__main__][INFO] - [0, 12, 34], []
[2025-01-29 13:14:53,503][__main__][INFO] - [0, 12, 35], []
[2025-01-29 13:14:53,550][__main__][INFO] - [0, 12, 36], []
[2025-01-29 13:14:53,871][__main__][INFO] - [0, 13, 20], []
[2025-01-29 13:14:53,918][__main__][INFO] - [0, 13, 21], []
[2025-01-29 13:14:53,995][__main__][INFO] - [0, 13, 23], []
[2025-01-29 13:14:54,073][__main__][INFO] - [0, 13, 25], []
[2025-01-29 13:14:54,182][__main__][INFO] - [0, 13], [26]
[2025-01-29 13:14:54,259][__main__][INFO] - [0, 13], [27]
[2025-01-29 13:14:54,307][__main__][INFO] - [0, 13, 28], []
[2025-01-29 13:14:54,384][__main__][INFO] - [0, 13, 30], []
[2025-01-29 13:14:54,432][__main__][INFO] - [0, 13, 31], []
[2025-01-29 13:14:54,479][__main__][INFO] - [0, 13], [31]
[2025-01-29 13:14:54,526][__main__][INFO] - [0, 13, 32], []
[2025-01-29 13:14:54,573][__main__][INFO] - [0, 13, 33], []
[2025-01-29 13:14:54,620][__main__][INFO] - [0, 13, 34], []
[2025-01-29 13:14:54,667][__main__][INFO] - [0, 13, 35], []
[2025-01-29 13:14:54,715][__main__][INFO] - [0, 13, 36], []
[2025-01-29 13:14:55,037][__main__][INFO] - [0, 14, 20], []
[2025-01-29 13:14:55,084][__main__][INFO] - [0, 14, 21], []
[2025-01-29 13:14:55,131][__main__][INFO] - [0, 14, 22], []
[2025-01-29 13:14:55,178][__main__][INFO] - [0, 14, 23], []
[2025-01-29 13:14:55,287][__main__][INFO] - [0, 14], [25]
[2025-01-29 13:14:55,365][__main__][INFO] - [0, 14], [26]
[2025-01-29 13:14:55,443][__main__][INFO] - [0, 14], [27]
[2025-01-29 13:14:55,490][__main__][INFO] - [0, 14, 28], []
[2025-01-29 13:14:55,568][__main__][INFO] - [0, 14, 30], []
[2025-01-29 13:14:55,615][__main__][INFO] - [0, 14, 31], []
[2025-01-29 13:14:55,662][__main__][INFO] - [0, 14], [31]
[2025-01-29 13:14:55,709][__main__][INFO] - [0, 14, 32], []
[2025-01-29 13:14:55,757][__main__][INFO] - [0, 14, 33], []
[2025-01-29 13:14:55,804][__main__][INFO] - [0, 14, 34], []
[2025-01-29 13:14:55,851][__main__][INFO] - [0, 14, 35], []
[2025-01-29 13:14:55,898][__main__][INFO] - [0, 14, 36], []
[2025-01-29 13:14:56,220][__main__][INFO] - [0, 15, 20], []
[2025-01-29 13:14:56,420][__main__][INFO] - [0, 15], [25]
[2025-01-29 13:14:56,498][__main__][INFO] - [0, 15], [26]
[2025-01-29 13:14:56,576][__main__][INFO] - [0, 15], [27]
[2025-01-29 13:14:57,200][__main__][INFO] - [0, 20, 21], []
[2025-01-29 13:14:57,249][__main__][INFO] - [0, 20, 22], []
[2025-01-29 13:14:57,298][__main__][INFO] - [0, 20, 23], []
[2025-01-29 13:14:57,345][__main__][INFO] - [0, 20, 24], []
[2025-01-29 13:14:57,393][__main__][INFO] - [0, 20, 25], []
[2025-01-29 13:14:57,440][__main__][INFO] - [0, 20], [25]
[2025-01-29 13:14:57,491][__main__][INFO] - [0, 20, 26], []
[2025-01-29 13:14:57,538][__main__][INFO] - [0, 20], [26]
[2025-01-29 13:14:57,589][__main__][INFO] - [0, 20, 27], []
[2025-01-29 13:14:57,636][__main__][INFO] - [0, 20], [27]
[2025-01-29 13:14:57,687][__main__][INFO] - [0, 20, 28], []
[2025-01-29 13:14:57,736][__main__][INFO] - [0, 20, 29], []
[2025-01-29 13:14:57,784][__main__][INFO] - [0, 20, 30], []
[2025-01-29 13:14:57,833][__main__][INFO] - [0, 20, 31], []
[2025-01-29 13:14:57,882][__main__][INFO] - [0, 20], [31]
[2025-01-29 13:14:57,931][__main__][INFO] - [0, 20, 32], []
[2025-01-29 13:14:57,979][__main__][INFO] - [0, 20, 33], []
[2025-01-29 13:14:58,028][__main__][INFO] - [0, 20, 34], []
[2025-01-29 13:14:58,076][__main__][INFO] - [0, 20, 35], []
[2025-01-29 13:14:58,124][__main__][INFO] - [0, 20, 36], []
[2025-01-29 13:14:58,171][__main__][INFO] - [0, 20, 37], []
[2025-01-29 13:14:58,218][__main__][INFO] - [0, 20, 38], []
[2025-01-29 13:14:58,265][__main__][INFO] - [0, 20, 39], []
[2025-01-29 13:14:58,373][__main__][INFO] - [0, 21, 25], []
[2025-01-29 13:14:58,420][__main__][INFO] - [0, 21], [25]
[2025-01-29 13:14:58,469][__main__][INFO] - [0, 21, 26], []
[2025-01-29 13:14:58,516][__main__][INFO] - [0, 21], [26]
[2025-01-29 13:14:58,565][__main__][INFO] - [0, 21, 27], []
[2025-01-29 13:14:58,612][__main__][INFO] - [0, 21], [27]
[2025-01-29 13:14:58,662][__main__][INFO] - [0, 21, 28], []
[2025-01-29 13:14:58,710][__main__][INFO] - [0, 21, 29], []
[2025-01-29 13:14:58,757][__main__][INFO] - [0, 21, 30], []
[2025-01-29 13:14:58,805][__main__][INFO] - [0, 21, 31], []
[2025-01-29 13:14:58,854][__main__][INFO] - [0, 21], [31]
[2025-01-29 13:14:58,902][__main__][INFO] - [0, 21, 32], []
[2025-01-29 13:14:58,950][__main__][INFO] - [0, 21, 33], []
[2025-01-29 13:14:58,998][__main__][INFO] - [0, 21, 34], []
[2025-01-29 13:14:59,045][__main__][INFO] - [0, 21, 35], []
[2025-01-29 13:14:59,093][__main__][INFO] - [0, 21, 36], []
[2025-01-29 13:14:59,140][__main__][INFO] - [0, 21, 37], []
[2025-01-29 13:14:59,187][__main__][INFO] - [0, 21, 38], []
[2025-01-29 13:14:59,234][__main__][INFO] - [0, 21, 39], []
[2025-01-29 13:14:59,342][__main__][INFO] - [0, 22, 25], []
[2025-01-29 13:14:59,389][__main__][INFO] - [0, 22], [25]
[2025-01-29 13:14:59,437][__main__][INFO] - [0, 22, 26], []
[2025-01-29 13:14:59,484][__main__][INFO] - [0, 22], [26]
[2025-01-29 13:14:59,532][__main__][INFO] - [0, 22, 27], []
[2025-01-29 13:14:59,579][__main__][INFO] - [0, 22], [27]
[2025-01-29 13:14:59,628][__main__][INFO] - [0, 22, 28], []
[2025-01-29 13:14:59,675][__main__][INFO] - [0, 22, 29], []
[2025-01-29 13:14:59,723][__main__][INFO] - [0, 22, 30], []
[2025-01-29 13:14:59,770][__main__][INFO] - [0, 22, 31], []
[2025-01-29 13:14:59,818][__main__][INFO] - [0, 22], [31]
[2025-01-29 13:14:59,866][__main__][INFO] - [0, 22, 32], []
[2025-01-29 13:14:59,913][__main__][INFO] - [0, 22, 33], []
[2025-01-29 13:14:59,962][__main__][INFO] - [0, 22, 34], []
[2025-01-29 13:15:00,010][__main__][INFO] - [0, 22, 35], []
[2025-01-29 13:15:00,057][__main__][INFO] - [0, 22, 36], []
[2025-01-29 13:15:00,104][__main__][INFO] - [0, 22, 37], []
[2025-01-29 13:15:00,151][__main__][INFO] - [0, 22, 38], []
[2025-01-29 13:15:00,289][__main__][INFO] - [0, 23, 25], []
[2025-01-29 13:15:00,337][__main__][INFO] - [0, 23], [25]
[2025-01-29 13:15:00,384][__main__][INFO] - [0, 23, 26], []
[2025-01-29 13:15:00,432][__main__][INFO] - [0, 23], [26]
[2025-01-29 13:15:00,480][__main__][INFO] - [0, 23, 27], []
[2025-01-29 13:15:00,527][__main__][INFO] - [0, 23], [27]
[2025-01-29 13:15:00,575][__main__][INFO] - [0, 23, 28], []
[2025-01-29 13:15:00,622][__main__][INFO] - [0, 23, 29], []
[2025-01-29 13:15:00,670][__main__][INFO] - [0, 23, 30], []
[2025-01-29 13:15:00,717][__main__][INFO] - [0, 23, 31], []
[2025-01-29 13:15:00,765][__main__][INFO] - [0, 23], [31]
[2025-01-29 13:15:00,813][__main__][INFO] - [0, 23, 32], []
[2025-01-29 13:15:00,860][__main__][INFO] - [0, 23, 33], []
[2025-01-29 13:15:00,908][__main__][INFO] - [0, 23, 34], []
[2025-01-29 13:15:00,955][__main__][INFO] - [0, 23, 35], []
[2025-01-29 13:15:01,002][__main__][INFO] - [0, 23, 36], []
[2025-01-29 13:15:01,049][__main__][INFO] - [0, 23, 37], []
[2025-01-29 13:15:01,096][__main__][INFO] - [0, 23, 38], []
[2025-01-29 13:15:01,144][__main__][INFO] - [0, 23, 39], []
[2025-01-29 13:15:01,282][__main__][INFO] - [0, 24], [25]
[2025-01-29 13:15:01,360][__main__][INFO] - [0, 24], [26]
[2025-01-29 13:15:01,438][__main__][INFO] - [0, 24], [27]
[2025-01-29 13:15:01,485][__main__][INFO] - [0, 24, 28], []
[2025-01-29 13:15:01,563][__main__][INFO] - [0, 24, 30], []
[2025-01-29 13:15:01,610][__main__][INFO] - [0, 24, 31], []
[2025-01-29 13:15:01,657][__main__][INFO] - [0, 24], [31]
[2025-01-29 13:15:01,704][__main__][INFO] - [0, 24, 32], []
[2025-01-29 13:15:01,752][__main__][INFO] - [0, 24, 33], []
[2025-01-29 13:15:01,799][__main__][INFO] - [0, 24, 34], []
[2025-01-29 13:15:01,846][__main__][INFO] - [0, 24, 35], []
[2025-01-29 13:15:01,893][__main__][INFO] - [0, 24, 36], []
[2025-01-29 13:15:02,124][__main__][INFO] - [0, 25], [26]
[2025-01-29 13:15:02,202][__main__][INFO] - [0, 25], [27]
[2025-01-29 13:15:02,249][__main__][INFO] - [0, 25, 28], []
[2025-01-29 13:15:02,296][__main__][INFO] - [0, 25, 29], []
[2025-01-29 13:15:02,343][__main__][INFO] - [0, 25, 30], []
[2025-01-29 13:15:02,390][__main__][INFO] - [0, 25, 31], []
[2025-01-29 13:15:02,437][__main__][INFO] - [0, 25], [31]
[2025-01-29 13:15:02,485][__main__][INFO] - [0, 25, 32], []
[2025-01-29 13:15:02,532][__main__][INFO] - [0, 25, 33], []
[2025-01-29 13:15:02,579][__main__][INFO] - [0, 25, 34], []
[2025-01-29 13:15:02,626][__main__][INFO] - [0, 25, 35], []
[2025-01-29 13:15:02,674][__main__][INFO] - [0, 25, 36], []
[2025-01-29 13:15:02,873][__main__][INFO] - [0, 26], [25]
[2025-01-29 13:15:02,920][__main__][INFO] - [0], [25, 26]
[2025-01-29 13:15:02,971][__main__][INFO] - [0, 27], [25]
[2025-01-29 13:15:03,018][__main__][INFO] - [0], [25, 27]
[2025-01-29 13:15:03,069][__main__][INFO] - [0, 28], [25]
[2025-01-29 13:15:03,118][__main__][INFO] - [0, 29], [25]
[2025-01-29 13:15:03,165][__main__][INFO] - [0, 30], [25]
[2025-01-29 13:15:03,214][__main__][INFO] - [0, 31], [25]
[2025-01-29 13:15:03,263][__main__][INFO] - [0], [25, 31]
[2025-01-29 13:15:03,312][__main__][INFO] - [0, 32], [25]
[2025-01-29 13:15:03,360][__main__][INFO] - [0, 33], [25]
[2025-01-29 13:15:03,409][__main__][INFO] - [0, 34], [25]
[2025-01-29 13:15:03,457][__main__][INFO] - [0, 35], [25]
[2025-01-29 13:15:03,505][__main__][INFO] - [0, 36], [25]
[2025-01-29 13:15:03,553][__main__][INFO] - [0, 37], [25]
[2025-01-29 13:15:03,600][__main__][INFO] - [0, 38], [25]
[2025-01-29 13:15:03,647][__main__][INFO] - [0, 39], [25]
[2025-01-29 13:15:03,755][__main__][INFO] - [0, 26, 27], []
[2025-01-29 13:15:03,802][__main__][INFO] - [0, 26], [27]
[2025-01-29 13:15:03,849][__main__][INFO] - [0, 26, 28], []
[2025-01-29 13:15:03,896][__main__][INFO] - [0, 26, 29], []
[2025-01-29 13:15:03,943][__main__][INFO] - [0, 26, 30], []
[2025-01-29 13:15:03,990][__main__][INFO] - [0, 26, 31], []
[2025-01-29 13:15:04,037][__main__][INFO] - [0, 26], [31]
[2025-01-29 13:15:04,084][__main__][INFO] - [0, 26, 32], []
[2025-01-29 13:15:04,131][__main__][INFO] - [0, 26, 33], []
[2025-01-29 13:15:04,178][__main__][INFO] - [0, 26, 34], []
[2025-01-29 13:15:04,226][__main__][INFO] - [0, 26, 35], []
[2025-01-29 13:15:04,455][__main__][INFO] - [0, 27], [26]
[2025-01-29 13:15:04,502][__main__][INFO] - [0], [26, 27]
[2025-01-29 13:15:04,553][__main__][INFO] - [0, 28], [26]
[2025-01-29 13:15:04,602][__main__][INFO] - [0, 29], [26]
[2025-01-29 13:15:04,649][__main__][INFO] - [0, 30], [26]
[2025-01-29 13:15:04,698][__main__][INFO] - [0, 31], [26]
[2025-01-29 13:15:04,747][__main__][INFO] - [0], [26, 31]
[2025-01-29 13:15:04,796][__main__][INFO] - [0, 32], [26]
[2025-01-29 13:15:04,844][__main__][INFO] - [0, 33], [26]
[2025-01-29 13:15:04,894][__main__][INFO] - [0, 34], [26]
[2025-01-29 13:15:04,941][__main__][INFO] - [0, 35], [26]
[2025-01-29 13:15:04,989][__main__][INFO] - [0, 36], [26]
[2025-01-29 13:15:05,037][__main__][INFO] - [0, 37], [26]
[2025-01-29 13:15:05,084][__main__][INFO] - [0, 38], [26]
[2025-01-29 13:15:05,131][__main__][INFO] - [0, 39], [26]
[2025-01-29 13:15:05,239][__main__][INFO] - [0, 27, 28], []
[2025-01-29 13:15:05,286][__main__][INFO] - [0, 27, 29], []
[2025-01-29 13:15:05,333][__main__][INFO] - [0, 27, 30], []
[2025-01-29 13:15:05,380][__main__][INFO] - [0, 27, 31], []
[2025-01-29 13:15:05,427][__main__][INFO] - [0, 27], [31]
[2025-01-29 13:15:05,474][__main__][INFO] - [0, 27, 32], []
[2025-01-29 13:15:05,521][__main__][INFO] - [0, 27, 33], []
[2025-01-29 13:15:05,568][__main__][INFO] - [0, 27, 34], []
[2025-01-29 13:15:05,615][__main__][INFO] - [0, 27, 35], []
[2025-01-29 13:15:05,662][__main__][INFO] - [0, 27, 36], []
[2025-01-29 13:15:05,862][__main__][INFO] - [0, 28], [27]
[2025-01-29 13:15:05,911][__main__][INFO] - [0, 29], [27]
[2025-01-29 13:15:05,958][__main__][INFO] - [0, 30], [27]
[2025-01-29 13:15:06,007][__main__][INFO] - [0, 31], [27]
[2025-01-29 13:15:06,056][__main__][INFO] - [0], [27, 31]
[2025-01-29 13:15:06,105][__main__][INFO] - [0, 32], [27]
[2025-01-29 13:15:06,153][__main__][INFO] - [0, 33], [27]
[2025-01-29 13:15:06,202][__main__][INFO] - [0, 34], [27]
[2025-01-29 13:15:06,250][__main__][INFO] - [0, 35], [27]
[2025-01-29 13:15:06,298][__main__][INFO] - [0, 36], [27]
[2025-01-29 13:15:06,345][__main__][INFO] - [0, 37], [27]
[2025-01-29 13:15:06,392][__main__][INFO] - [0, 38], [27]
[2025-01-29 13:15:06,440][__main__][INFO] - [0, 39], [27]
[2025-01-29 13:15:06,554][__main__][INFO] - [0, 28, 31], []
[2025-01-29 13:15:06,602][__main__][INFO] - [0, 28], [31]
[2025-01-29 13:15:06,651][__main__][INFO] - [0, 28, 32], []
[2025-01-29 13:15:06,698][__main__][INFO] - [0, 28, 33], []
[2025-01-29 13:15:06,746][__main__][INFO] - [0, 28, 34], []
[2025-01-29 13:15:06,794][__main__][INFO] - [0, 28, 35], []
[2025-01-29 13:15:06,841][__main__][INFO] - [0, 28, 36], []
[2025-01-29 13:15:06,888][__main__][INFO] - [0, 28, 37], []
[2025-01-29 13:15:06,935][__main__][INFO] - [0, 28, 38], []
[2025-01-29 13:15:06,982][__main__][INFO] - [0, 28, 39], []
[2025-01-29 13:15:07,090][__main__][INFO] - [0, 29, 31], []
[2025-01-29 13:15:07,137][__main__][INFO] - [0, 29], [31]
[2025-01-29 13:15:07,184][__main__][INFO] - [0, 29, 32], []
[2025-01-29 13:15:07,231][__main__][INFO] - [0, 29, 33], []
[2025-01-29 13:15:07,278][__main__][INFO] - [0, 29, 34], []
[2025-01-29 13:15:07,325][__main__][INFO] - [0, 29, 35], []
[2025-01-29 13:15:07,372][__main__][INFO] - [0, 29, 36], []
[2025-01-29 13:15:07,572][__main__][INFO] - [0, 30, 31], []
[2025-01-29 13:15:07,620][__main__][INFO] - [0, 30], [31]
[2025-01-29 13:15:07,667][__main__][INFO] - [0, 30, 32], []
[2025-01-29 13:15:07,715][__main__][INFO] - [0, 30, 33], []
[2025-01-29 13:15:07,763][__main__][INFO] - [0, 30, 34], []
[2025-01-29 13:15:07,810][__main__][INFO] - [0, 30, 35], []
[2025-01-29 13:15:07,857][__main__][INFO] - [0, 30, 36], []
[2025-01-29 13:15:07,904][__main__][INFO] - [0, 30, 37], []
[2025-01-29 13:15:07,951][__main__][INFO] - [0, 30, 38], []
[2025-01-29 13:15:07,998][__main__][INFO] - [0, 30, 39], []
[2025-01-29 13:15:08,106][__main__][INFO] - [0, 31, 32], []
[2025-01-29 13:15:08,153][__main__][INFO] - [0, 31, 33], []
[2025-01-29 13:15:08,201][__main__][INFO] - [0, 31, 34], []
[2025-01-29 13:15:08,248][__main__][INFO] - [0, 31, 35], []
[2025-01-29 13:15:08,296][__main__][INFO] - [0, 31, 36], []
[2025-01-29 13:15:08,343][__main__][INFO] - [0, 31, 37], []
[2025-01-29 13:15:08,390][__main__][INFO] - [0, 31, 38], []
[2025-01-29 13:15:08,437][__main__][INFO] - [0, 31, 39], []
[2025-01-29 13:15:08,544][__main__][INFO] - [0, 32], [31]
[2025-01-29 13:15:08,591][__main__][INFO] - [0, 33], [31]
[2025-01-29 13:15:08,639][__main__][INFO] - [0, 34], [31]
[2025-01-29 13:15:08,687][__main__][INFO] - [0, 35], [31]
[2025-01-29 13:15:08,734][__main__][INFO] - [0, 36], [31]
[2025-01-29 13:15:08,781][__main__][INFO] - [0, 37], [31]
[2025-01-29 13:15:08,828][__main__][INFO] - [0, 38], [31]
[2025-01-29 13:15:08,875][__main__][INFO] - [0, 39], [31]
[2025-01-29 13:15:09,011][__main__][INFO] - [1, 10, 11], []
[2025-01-29 13:15:09,080][__main__][INFO] - [1, 10, 12], []
[2025-01-29 13:15:09,129][__main__][INFO] - [1, 10, 13], []
[2025-01-29 13:15:09,178][__main__][INFO] - [1, 10, 14], []
[2025-01-29 13:15:09,254][__main__][INFO] - [1, 10, 16], []
[2025-01-29 13:15:09,401][__main__][INFO] - [1, 10, 20], []
[2025-01-29 13:15:09,462][__main__][INFO] - [1, 10, 21], []
[2025-01-29 13:15:09,519][__main__][INFO] - [1, 10, 22], []
[2025-01-29 13:15:09,571][__main__][INFO] - [1, 10, 23], []
[2025-01-29 13:15:09,622][__main__][INFO] - [1, 10, 24], []
[2025-01-29 13:15:09,669][__main__][INFO] - [1, 10, 25], []
[2025-01-29 13:15:09,718][__main__][INFO] - [1, 10], [25]
[2025-01-29 13:15:09,788][__main__][INFO] - [1, 10, 26], []
[2025-01-29 13:15:09,837][__main__][INFO] - [1, 10], [26]
[2025-01-29 13:15:09,906][__main__][INFO] - [1, 10, 27], []
[2025-01-29 13:15:09,957][__main__][INFO] - [1, 10], [27]
[2025-01-29 13:15:10,023][__main__][INFO] - [1, 10, 28], []
[2025-01-29 13:15:10,076][__main__][INFO] - [1, 10, 29], []
[2025-01-29 13:15:10,168][__main__][INFO] - [1, 10, 31], []
[2025-01-29 13:15:10,222][__main__][INFO] - [1, 10], [31]
[2025-01-29 13:15:10,281][__main__][INFO] - [1, 10, 32], []
[2025-01-29 13:15:10,331][__main__][INFO] - [1, 10, 33], []
[2025-01-29 13:15:10,388][__main__][INFO] - [1, 10, 34], []
[2025-01-29 13:15:10,438][__main__][INFO] - [1, 10, 35], []
[2025-01-29 13:15:10,488][__main__][INFO] - [1, 10, 36], []
[2025-01-29 13:15:10,537][__main__][INFO] - [1, 10, 37], []
[2025-01-29 13:15:10,709][__main__][INFO] - [1, 11], [10]
[2025-01-29 13:15:11,195][__main__][INFO] - [1, 12], [10]
[2025-01-29 13:15:11,259][__main__][INFO] - [1, 13], [10]
[2025-01-29 13:15:11,314][__main__][INFO] - [1, 14], [10]
[2025-01-29 13:15:11,366][__main__][INFO] - [1, 15], [10]
[2025-01-29 13:15:11,415][__main__][INFO] - [1, 16], [10]
[2025-01-29 13:15:11,557][__main__][INFO] - [1, 17], [10]
[2025-01-29 13:15:11,605][__main__][INFO] - [1, 18], [10]
[2025-01-29 13:15:11,683][__main__][INFO] - [1, 20], [10]
[2025-01-29 13:15:12,097][__main__][INFO] - [1, 21], [10]
[2025-01-29 13:15:12,413][__main__][INFO] - [1, 22], [10]
[2025-01-29 13:15:12,561][__main__][INFO] - [1, 23], [10]
[2025-01-29 13:15:12,676][__main__][INFO] - [1, 24], [10]
[2025-01-29 13:15:12,727][__main__][INFO] - [1, 25], [10]
[2025-01-29 13:15:12,803][__main__][INFO] - [1], [10, 25]
[2025-01-29 13:15:13,320][__main__][INFO] - [1], [10, 26]
[2025-01-29 13:15:13,876][__main__][INFO] - [1], [10, 27]
[2025-01-29 13:15:14,404][__main__][INFO] - [1, 28], [10]
[2025-01-29 13:15:14,999][__main__][INFO] - [1, 31], [10]
[2025-01-29 13:15:15,265][__main__][INFO] - [1], [10, 31]
[2025-01-29 13:15:15,546][__main__][INFO] - [1, 32], [10]
[2025-01-29 13:15:15,649][__main__][INFO] - [1, 33], [10]
[2025-01-29 13:15:15,943][__main__][INFO] - [1, 34], [10]
[2025-01-29 13:15:16,020][__main__][INFO] - [1, 35], [10]
[2025-01-29 13:15:16,118][__main__][INFO] - [1, 36], [10]
[2025-01-29 13:15:16,179][__main__][INFO] - [1, 37], [10]
[2025-01-29 13:15:16,229][__main__][INFO] - [1, 38], [10]
[2025-01-29 13:15:16,278][__main__][INFO] - [1, 39], [10]
[2025-01-29 13:15:16,387][__main__][INFO] - [1, 11, 16], []
[2025-01-29 13:15:16,524][__main__][INFO] - [1, 11, 17], []
[2025-01-29 13:15:16,573][__main__][INFO] - [1, 11, 18], []
[2025-01-29 13:15:16,620][__main__][INFO] - [1, 11, 19], []
[2025-01-29 13:15:16,668][__main__][INFO] - [1, 11, 20], []
[2025-01-29 13:15:17,068][__main__][INFO] - [1, 11, 21], []
[2025-01-29 13:15:17,359][__main__][INFO] - [1, 11, 22], []
[2025-01-29 13:15:17,510][__main__][INFO] - [1, 11, 23], []
[2025-01-29 13:15:17,622][__main__][INFO] - [1, 11, 24], []
[2025-01-29 13:15:17,703][__main__][INFO] - [1, 11], [25]
[2025-01-29 13:15:18,210][__main__][INFO] - [1, 11, 26], []
[2025-01-29 13:15:18,260][__main__][INFO] - [1, 11], [26]
[2025-01-29 13:15:18,768][__main__][INFO] - [1, 11, 27], []
[2025-01-29 13:15:18,819][__main__][INFO] - [1, 11], [27]
[2025-01-29 13:15:19,319][__main__][INFO] - [1, 11, 28], []
[2025-01-29 13:15:19,801][__main__][INFO] - [1, 11, 29], []
[2025-01-29 13:15:19,891][__main__][INFO] - [1, 11, 31], []
[2025-01-29 13:15:20,151][__main__][INFO] - [1, 11], [31]
[2025-01-29 13:15:20,425][__main__][INFO] - [1, 11, 32], []
[2025-01-29 13:15:20,525][__main__][INFO] - [1, 11, 33], []
[2025-01-29 13:15:20,819][__main__][INFO] - [1, 11, 34], []
[2025-01-29 13:15:20,896][__main__][INFO] - [1, 11, 35], []
[2025-01-29 13:15:20,986][__main__][INFO] - [1, 11, 36], []
[2025-01-29 13:15:21,048][__main__][INFO] - [1, 11, 37], []
[2025-01-29 13:15:21,099][__main__][INFO] - [1, 11, 38], []
[2025-01-29 13:15:21,148][__main__][INFO] - [1, 11, 39], []
[2025-01-29 13:15:21,257][__main__][INFO] - [1, 12, 16], []
[2025-01-29 13:15:21,402][__main__][INFO] - [1, 12, 20], []
[2025-01-29 13:15:21,461][__main__][INFO] - [1, 12, 21], []
[2025-01-29 13:15:21,527][__main__][INFO] - [1, 12, 22], []
[2025-01-29 13:15:21,575][__main__][INFO] - [1, 12, 23], []
[2025-01-29 13:15:21,656][__main__][INFO] - [1, 12, 25], []
[2025-01-29 13:15:21,752][__main__][INFO] - [1, 12, 26], []
[2025-01-29 13:15:21,799][__main__][INFO] - [1, 12], [26]
[2025-01-29 13:15:21,869][__main__][INFO] - [1, 12, 27], []
[2025-01-29 13:15:21,918][__main__][INFO] - [1, 12], [27]
[2025-01-29 13:15:21,982][__main__][INFO] - [1, 12, 28], []
[2025-01-29 13:15:22,047][__main__][INFO] - [1, 12, 29], []
[2025-01-29 13:15:22,126][__main__][INFO] - [1, 12, 31], []
[2025-01-29 13:15:22,181][__main__][INFO] - [1, 12], [31]
[2025-01-29 13:15:22,237][__main__][INFO] - [1, 12, 32], []
[2025-01-29 13:15:22,288][__main__][INFO] - [1, 12, 33], []
[2025-01-29 13:15:22,342][__main__][INFO] - [1, 12, 34], []
[2025-01-29 13:15:22,390][__main__][INFO] - [1, 12, 35], []
[2025-01-29 13:15:22,444][__main__][INFO] - [1, 12, 36], []
[2025-01-29 13:15:22,648][__main__][INFO] - [1, 13, 16], []
[2025-01-29 13:15:22,791][__main__][INFO] - [1, 13, 20], []
[2025-01-29 13:15:22,843][__main__][INFO] - [1, 13, 21], []
[2025-01-29 13:15:22,896][__main__][INFO] - [1, 13, 22], []
[2025-01-29 13:15:22,944][__main__][INFO] - [1, 13, 23], []
[2025-01-29 13:15:23,024][__main__][INFO] - [1, 13, 25], []
[2025-01-29 13:15:23,140][__main__][INFO] - [1, 13], [26]
[2025-01-29 13:15:23,196][__main__][INFO] - [1, 13, 27], []
[2025-01-29 13:15:23,244][__main__][INFO] - [1, 13], [27]
[2025-01-29 13:15:23,299][__main__][INFO] - [1, 13, 28], []
[2025-01-29 13:15:23,354][__main__][INFO] - [1, 13, 29], []
[2025-01-29 13:15:23,432][__main__][INFO] - [1, 13, 31], []
[2025-01-29 13:15:23,483][__main__][INFO] - [1, 13], [31]
[2025-01-29 13:15:23,535][__main__][INFO] - [1, 13, 32], []
[2025-01-29 13:15:23,584][__main__][INFO] - [1, 13, 33], []
[2025-01-29 13:15:23,634][__main__][INFO] - [1, 13, 34], []
[2025-01-29 13:15:23,682][__main__][INFO] - [1, 13, 35], []
[2025-01-29 13:15:23,733][__main__][INFO] - [1, 13, 36], []
[2025-01-29 13:15:23,934][__main__][INFO] - [1, 14, 16], []
[2025-01-29 13:15:24,078][__main__][INFO] - [1, 14, 20], []
[2025-01-29 13:15:24,130][__main__][INFO] - [1, 14, 21], []
[2025-01-29 13:15:24,181][__main__][INFO] - [1, 14, 22], []
[2025-01-29 13:15:24,230][__main__][INFO] - [1, 14, 23], []
[2025-01-29 13:15:24,341][__main__][INFO] - [1, 14], [25]
[2025-01-29 13:15:24,424][__main__][INFO] - [1, 14], [26]
[2025-01-29 13:15:24,477][__main__][INFO] - [1, 14, 27], []
[2025-01-29 13:15:24,524][__main__][INFO] - [1, 14], [27]
[2025-01-29 13:15:24,576][__main__][INFO] - [1, 14, 28], []
[2025-01-29 13:15:24,629][__main__][INFO] - [1, 14, 29], []
[2025-01-29 13:15:24,706][__main__][INFO] - [1, 14, 31], []
[2025-01-29 13:15:24,756][__main__][INFO] - [1, 14], [31]
[2025-01-29 13:15:24,807][__main__][INFO] - [1, 14, 32], []
[2025-01-29 13:15:24,855][__main__][INFO] - [1, 14, 33], []
[2025-01-29 13:15:24,905][__main__][INFO] - [1, 14, 34], []
[2025-01-29 13:15:24,954][__main__][INFO] - [1, 14, 35], []
[2025-01-29 13:15:25,003][__main__][INFO] - [1, 14, 36], []
[2025-01-29 13:15:25,201][__main__][INFO] - [1, 15, 16], []
[2025-01-29 13:15:25,340][__main__][INFO] - [1, 15, 20], []
[2025-01-29 13:15:25,387][__main__][INFO] - [1, 15, 21], []
[2025-01-29 13:15:25,561][__main__][INFO] - [1, 15], [25]
[2025-01-29 13:15:25,641][__main__][INFO] - [1, 15], [26]
[2025-01-29 13:15:25,722][__main__][INFO] - [1, 15], [27]
[2025-01-29 13:15:25,771][__main__][INFO] - [1, 15, 28], []
[2025-01-29 13:15:25,880][__main__][INFO] - [1, 15, 31], []
[2025-01-29 13:15:25,928][__main__][INFO] - [1, 15], [31]
[2025-01-29 13:15:26,279][__main__][INFO] - [1, 16, 21], []
[2025-01-29 13:15:26,386][__main__][INFO] - [1, 16, 22], []
[2025-01-29 13:15:26,453][__main__][INFO] - [1, 16, 23], []
[2025-01-29 13:15:26,514][__main__][INFO] - [1, 16, 24], []
[2025-01-29 13:15:26,562][__main__][INFO] - [1, 16, 25], []
[2025-01-29 13:15:26,618][__main__][INFO] - [1, 16], [25]
[2025-01-29 13:15:26,757][__main__][INFO] - [1, 16, 26], []
[2025-01-29 13:15:26,806][__main__][INFO] - [1, 16], [26]
[2025-01-29 13:15:26,955][__main__][INFO] - [1, 16, 27], []
[2025-01-29 13:15:27,006][__main__][INFO] - [1, 16], [27]
[2025-01-29 13:15:27,155][__main__][INFO] - [1, 16, 28], []
[2025-01-29 13:15:27,300][__main__][INFO] - [1, 16, 29], []
[2025-01-29 13:15:27,381][__main__][INFO] - [1, 16, 31], []
[2025-01-29 13:15:27,476][__main__][INFO] - [1, 16], [31]
[2025-01-29 13:15:27,571][__main__][INFO] - [1, 16, 32], []
[2025-01-29 13:15:27,630][__main__][INFO] - [1, 16, 33], []
[2025-01-29 13:15:27,727][__main__][INFO] - [1, 16, 34], []
[2025-01-29 13:15:27,780][__main__][INFO] - [1, 16, 35], []
[2025-01-29 13:15:27,838][__main__][INFO] - [1, 16, 36], []
[2025-01-29 13:15:27,890][__main__][INFO] - [1, 16, 37], []
[2025-01-29 13:15:27,938][__main__][INFO] - [1, 16, 38], []
[2025-01-29 13:15:27,987][__main__][INFO] - [1, 16, 39], []
[2025-01-29 13:15:28,095][__main__][INFO] - [1, 17, 21], []
[2025-01-29 13:15:28,265][__main__][INFO] - [1, 17], [25]
[2025-01-29 13:15:28,343][__main__][INFO] - [1, 17], [26]
[2025-01-29 13:15:28,422][__main__][INFO] - [1, 17], [27]
[2025-01-29 13:15:28,470][__main__][INFO] - [1, 17, 28], []
[2025-01-29 13:15:28,613][__main__][INFO] - [1, 17], [31]
[2025-01-29 13:15:28,694][__main__][INFO] - [1, 17, 33], []
[2025-01-29 13:15:28,986][__main__][INFO] - [1, 18, 21], []
[2025-01-29 13:15:29,033][__main__][INFO] - [1, 18, 22], []
[2025-01-29 13:15:29,171][__main__][INFO] - [1, 18], [25]
[2025-01-29 13:15:29,249][__main__][INFO] - [1, 18], [26]
[2025-01-29 13:15:29,326][__main__][INFO] - [1, 18], [27]
[2025-01-29 13:15:29,374][__main__][INFO] - [1, 18, 28], []
[2025-01-29 13:15:29,512][__main__][INFO] - [1, 18], [31]
[2025-01-29 13:15:29,589][__main__][INFO] - [1, 18, 33], []
[2025-01-29 13:15:30,030][__main__][INFO] - [1, 19], [25]
[2025-01-29 13:15:30,106][__main__][INFO] - [1, 19], [26]
[2025-01-29 13:15:30,184][__main__][INFO] - [1, 19], [27]
[2025-01-29 13:15:30,679][__main__][INFO] - [1, 20, 21], []
[2025-01-29 13:15:30,932][__main__][INFO] - [1, 20, 22], []
[2025-01-29 13:15:31,064][__main__][INFO] - [1, 20, 23], []
[2025-01-29 13:15:31,168][__main__][INFO] - [1, 20, 24], []
[2025-01-29 13:15:31,219][__main__][INFO] - [1, 20, 25], []
[2025-01-29 13:15:31,282][__main__][INFO] - [1, 20], [25]
[2025-01-29 13:15:31,687][__main__][INFO] - [1, 20, 26], []
[2025-01-29 13:15:31,734][__main__][INFO] - [1, 20], [26]
[2025-01-29 13:15:32,158][__main__][INFO] - [1, 20, 27], []
[2025-01-29 13:15:32,209][__main__][INFO] - [1, 20], [27]
[2025-01-29 13:15:32,631][__main__][INFO] - [1, 20, 28], []
[2025-01-29 13:15:33,051][__main__][INFO] - [1, 20, 29], []
[2025-01-29 13:15:33,139][__main__][INFO] - [1, 20, 31], []
[2025-01-29 13:15:33,358][__main__][INFO] - [1, 20], [31]
[2025-01-29 13:15:33,590][__main__][INFO] - [1, 20, 32], []
[2025-01-29 13:15:33,683][__main__][INFO] - [1, 20, 33], []
[2025-01-29 13:15:33,927][__main__][INFO] - [1, 20, 34], []
[2025-01-29 13:15:33,999][__main__][INFO] - [1, 20, 35], []
[2025-01-29 13:15:34,085][__main__][INFO] - [1, 20, 36], []
[2025-01-29 13:15:34,144][__main__][INFO] - [1, 20, 37], []
[2025-01-29 13:15:34,193][__main__][INFO] - [1, 20, 38], []
[2025-01-29 13:15:34,242][__main__][INFO] - [1, 20, 39], []
[2025-01-29 13:15:34,349][__main__][INFO] - [1, 21, 25], []
[2025-01-29 13:15:34,416][__main__][INFO] - [1, 21], [25]
[2025-01-29 13:15:34,715][__main__][INFO] - [1, 21, 26], []
[2025-01-29 13:15:34,764][__main__][INFO] - [1, 21], [26]
[2025-01-29 13:15:35,086][__main__][INFO] - [1, 21, 27], []
[2025-01-29 13:15:35,135][__main__][INFO] - [1, 21], [27]
[2025-01-29 13:15:35,451][__main__][INFO] - [1, 21, 28], []
[2025-01-29 13:15:35,757][__main__][INFO] - [1, 21, 29], []
[2025-01-29 13:15:35,842][__main__][INFO] - [1, 21, 31], []
[2025-01-29 13:15:36,011][__main__][INFO] - [1, 21], [31]
[2025-01-29 13:15:36,200][__main__][INFO] - [1, 21, 32], []
[2025-01-29 13:15:36,323][__main__][INFO] - [1, 21, 33], []
[2025-01-29 13:15:36,508][__main__][INFO] - [1, 21, 34], []
[2025-01-29 13:15:36,560][__main__][INFO] - [1, 21, 35], []
[2025-01-29 13:15:36,647][__main__][INFO] - [1, 21, 36], []
[2025-01-29 13:15:36,705][__main__][INFO] - [1, 21, 37], []
[2025-01-29 13:15:36,754][__main__][INFO] - [1, 21, 38], []
[2025-01-29 13:15:36,803][__main__][INFO] - [1, 21, 39], []
[2025-01-29 13:15:36,912][__main__][INFO] - [1, 22, 25], []
[2025-01-29 13:15:36,961][__main__][INFO] - [1, 22], [25]
[2025-01-29 13:15:37,114][__main__][INFO] - [1, 22, 26], []
[2025-01-29 13:15:37,162][__main__][INFO] - [1, 22], [26]
[2025-01-29 13:15:37,320][__main__][INFO] - [1, 22, 27], []
[2025-01-29 13:15:37,369][__main__][INFO] - [1, 22], [27]
[2025-01-29 13:15:37,526][__main__][INFO] - [1, 22, 28], []
[2025-01-29 13:15:37,678][__main__][INFO] - [1, 22, 29], []
[2025-01-29 13:15:37,760][__main__][INFO] - [1, 22, 31], []
[2025-01-29 13:15:37,854][__main__][INFO] - [1, 22], [31]
[2025-01-29 13:15:37,953][__main__][INFO] - [1, 22, 32], []
[2025-01-29 13:15:38,004][__main__][INFO] - [1, 22, 33], []
[2025-01-29 13:15:38,114][__main__][INFO] - [1, 22, 34], []
[2025-01-29 13:15:38,182][__main__][INFO] - [1, 22, 35], []
[2025-01-29 13:15:38,234][__main__][INFO] - [1, 22, 36], []
[2025-01-29 13:15:38,284][__main__][INFO] - [1, 22, 37], []
[2025-01-29 13:15:38,332][__main__][INFO] - [1, 22, 38], []
[2025-01-29 13:15:38,380][__main__][INFO] - [1, 22, 39], []
[2025-01-29 13:15:38,489][__main__][INFO] - [1, 23, 25], []
[2025-01-29 13:15:38,541][__main__][INFO] - [1, 23], [25]
[2025-01-29 13:15:38,657][__main__][INFO] - [1, 23, 26], []
[2025-01-29 13:15:38,705][__main__][INFO] - [1, 23], [26]
[2025-01-29 13:15:38,827][__main__][INFO] - [1, 23, 27], []
[2025-01-29 13:15:38,875][__main__][INFO] - [1, 23], [27]
[2025-01-29 13:15:38,996][__main__][INFO] - [1, 23, 28], []
[2025-01-29 13:15:39,115][__main__][INFO] - [1, 23, 29], []
[2025-01-29 13:15:39,196][__main__][INFO] - [1, 23, 31], []
[2025-01-29 13:15:39,275][__main__][INFO] - [1, 23], [31]
[2025-01-29 13:15:39,355][__main__][INFO] - [1, 23, 32], []
[2025-01-29 13:15:39,411][__main__][INFO] - [1, 23, 33], []
[2025-01-29 13:15:39,498][__main__][INFO] - [1, 23, 34], []
[2025-01-29 13:15:39,550][__main__][INFO] - [1, 23, 35], []
[2025-01-29 13:15:39,604][__main__][INFO] - [1, 23, 36], []
[2025-01-29 13:15:39,654][__main__][INFO] - [1, 23, 37], []
[2025-01-29 13:15:39,703][__main__][INFO] - [1, 23, 38], []
[2025-01-29 13:15:39,750][__main__][INFO] - [1, 23, 39], []
[2025-01-29 13:15:39,889][__main__][INFO] - [1, 24], [25]
[2025-01-29 13:15:39,971][__main__][INFO] - [1, 24], [26]
[2025-01-29 13:15:40,054][__main__][INFO] - [1, 24], [27]
[2025-01-29 13:15:40,105][__main__][INFO] - [1, 24, 28], []
[2025-01-29 13:15:40,156][__main__][INFO] - [1, 24, 29], []
[2025-01-29 13:15:40,234][__main__][INFO] - [1, 24, 31], []
[2025-01-29 13:15:40,284][__main__][INFO] - [1, 24], [31]
[2025-01-29 13:15:40,334][__main__][INFO] - [1, 24, 32], []
[2025-01-29 13:15:40,383][__main__][INFO] - [1, 24, 33], []
[2025-01-29 13:15:40,433][__main__][INFO] - [1, 24, 34], []
[2025-01-29 13:15:40,482][__main__][INFO] - [1, 24, 35], []
[2025-01-29 13:15:40,529][__main__][INFO] - [1, 24, 36], []
[2025-01-29 13:15:40,730][__main__][INFO] - [1, 25, 26], []
[2025-01-29 13:15:40,777][__main__][INFO] - [1, 25], [26]
[2025-01-29 13:15:40,853][__main__][INFO] - [1, 25, 27], []
[2025-01-29 13:15:40,902][__main__][INFO] - [1, 25], [27]
[2025-01-29 13:15:40,978][__main__][INFO] - [1, 25, 28], []
[2025-01-29 13:15:41,054][__main__][INFO] - [1, 25, 29], []
[2025-01-29 13:15:41,134][__main__][INFO] - [1, 25, 31], []
[2025-01-29 13:15:41,193][__main__][INFO] - [1, 25], [31]
[2025-01-29 13:15:41,254][__main__][INFO] - [1, 25, 32], []
[2025-01-29 13:15:41,305][__main__][INFO] - [1, 25, 33], []
[2025-01-29 13:15:41,361][__main__][INFO] - [1, 25, 34], []
[2025-01-29 13:15:41,410][__main__][INFO] - [1, 25, 35], []
[2025-01-29 13:15:41,466][__main__][INFO] - [1, 25, 36], []
[2025-01-29 13:15:41,546][__main__][INFO] - [1, 25, 38], []
[2025-01-29 13:15:41,686][__main__][INFO] - [1, 26], [25]
[2025-01-29 13:15:41,736][__main__][INFO] - [1], [25, 26]
[2025-01-29 13:15:42,258][__main__][INFO] - [1, 27], [25]
[2025-01-29 13:15:42,308][__main__][INFO] - [1], [25, 27]
[2025-01-29 13:15:42,816][__main__][INFO] - [1, 28], [25]
[2025-01-29 13:15:43,319][__main__][INFO] - [1, 29], [25]
[2025-01-29 13:15:43,411][__main__][INFO] - [1, 31], [25]
[2025-01-29 13:15:43,671][__main__][INFO] - [1], [25, 31]
[2025-01-29 13:15:43,941][__main__][INFO] - [1, 32], [25]
[2025-01-29 13:15:44,043][__main__][INFO] - [1, 33], [25]
[2025-01-29 13:15:44,342][__main__][INFO] - [1, 34], [25]
[2025-01-29 13:15:44,420][__main__][INFO] - [1, 35], [25]
[2025-01-29 13:15:44,510][__main__][INFO] - [1, 36], [25]
[2025-01-29 13:15:44,573][__main__][INFO] - [1, 37], [25]
[2025-01-29 13:15:44,623][__main__][INFO] - [1, 38], [25]
[2025-01-29 13:15:44,673][__main__][INFO] - [1, 39], [25]
[2025-01-29 13:15:44,782][__main__][INFO] - [1, 26, 27], []
[2025-01-29 13:15:44,831][__main__][INFO] - [1, 26], [27]
[2025-01-29 13:15:44,880][__main__][INFO] - [1, 26, 28], []
[2025-01-29 13:15:44,929][__main__][INFO] - [1, 26, 29], []
[2025-01-29 13:15:45,009][__main__][INFO] - [1, 26, 31], []
[2025-01-29 13:15:45,058][__main__][INFO] - [1, 26], [31]
[2025-01-29 13:15:45,107][__main__][INFO] - [1, 26, 32], []
[2025-01-29 13:15:45,156][__main__][INFO] - [1, 26, 33], []
[2025-01-29 13:15:45,205][__main__][INFO] - [1, 26, 34], []
[2025-01-29 13:15:45,253][__main__][INFO] - [1, 26, 35], []
[2025-01-29 13:15:45,486][__main__][INFO] - [1, 27], [26]
[2025-01-29 13:15:45,536][__main__][INFO] - [1], [26, 27]
[2025-01-29 13:15:46,079][__main__][INFO] - [1, 28], [26]
[2025-01-29 13:15:46,604][__main__][INFO] - [1, 29], [26]
[2025-01-29 13:15:46,694][__main__][INFO] - [1, 31], [26]
[2025-01-29 13:15:46,965][__main__][INFO] - [1], [26, 31]
[2025-01-29 13:15:47,257][__main__][INFO] - [1, 32], [26]
[2025-01-29 13:15:47,361][__main__][INFO] - [1, 33], [26]
[2025-01-29 13:15:47,672][__main__][INFO] - [1, 34], [26]
[2025-01-29 13:15:47,749][__main__][INFO] - [1, 35], [26]
[2025-01-29 13:15:47,849][__main__][INFO] - [1, 36], [26]
[2025-01-29 13:15:47,911][__main__][INFO] - [1, 37], [26]
[2025-01-29 13:15:47,961][__main__][INFO] - [1, 38], [26]
[2025-01-29 13:15:48,010][__main__][INFO] - [1, 39], [26]
[2025-01-29 13:15:48,118][__main__][INFO] - [1, 27, 28], []
[2025-01-29 13:15:48,167][__main__][INFO] - [1, 27, 29], []
[2025-01-29 13:15:48,247][__main__][INFO] - [1, 27, 31], []
[2025-01-29 13:15:48,296][__main__][INFO] - [1, 27], [31]
[2025-01-29 13:15:48,345][__main__][INFO] - [1, 27, 32], []
[2025-01-29 13:15:48,393][__main__][INFO] - [1, 27, 33], []
[2025-01-29 13:15:48,443][__main__][INFO] - [1, 27, 34], []
[2025-01-29 13:15:48,491][__main__][INFO] - [1, 27, 35], []
[2025-01-29 13:15:48,539][__main__][INFO] - [1, 27, 36], []
[2025-01-29 13:15:48,736][__main__][INFO] - [1, 28], [27]
[2025-01-29 13:15:49,267][__main__][INFO] - [1, 29], [27]
[2025-01-29 13:15:49,356][__main__][INFO] - [1, 31], [27]
[2025-01-29 13:15:49,624][__main__][INFO] - [1], [27, 31]
[2025-01-29 13:15:49,906][__main__][INFO] - [1, 32], [27]
[2025-01-29 13:15:50,011][__main__][INFO] - [1, 33], [27]
[2025-01-29 13:15:50,321][__main__][INFO] - [1, 34], [27]
[2025-01-29 13:15:50,399][__main__][INFO] - [1, 35], [27]
[2025-01-29 13:15:50,499][__main__][INFO] - [1, 36], [27]
[2025-01-29 13:15:50,563][__main__][INFO] - [1, 37], [27]
[2025-01-29 13:15:50,613][__main__][INFO] - [1, 38], [27]
[2025-01-29 13:15:50,663][__main__][INFO] - [1, 39], [27]
[2025-01-29 13:15:50,773][__main__][INFO] - [1, 28, 31], []
[2025-01-29 13:15:51,041][__main__][INFO] - [1, 28], [31]
[2025-01-29 13:15:51,320][__main__][INFO] - [1, 28, 32], []
[2025-01-29 13:15:51,425][__main__][INFO] - [1, 28, 33], []
[2025-01-29 13:15:51,732][__main__][INFO] - [1, 28, 34], []
[2025-01-29 13:15:51,809][__main__][INFO] - [1, 28, 35], []
[2025-01-29 13:15:51,907][__main__][INFO] - [1, 28, 36], []
[2025-01-29 13:15:51,970][__main__][INFO] - [1, 28, 37], []
[2025-01-29 13:15:52,021][__main__][INFO] - [1, 28, 38], []
[2025-01-29 13:15:52,071][__main__][INFO] - [1, 28, 39], []
[2025-01-29 13:15:52,181][__main__][INFO] - [1, 29, 31], []
[2025-01-29 13:15:52,233][__main__][INFO] - [1, 29], [31]
[2025-01-29 13:15:52,289][__main__][INFO] - [1, 29, 32], []
[2025-01-29 13:15:52,339][__main__][INFO] - [1, 29, 33], []
[2025-01-29 13:15:52,395][__main__][INFO] - [1, 29, 34], []
[2025-01-29 13:15:52,445][__main__][INFO] - [1, 29, 35], []
[2025-01-29 13:15:52,494][__main__][INFO] - [1, 29, 36], []
[2025-01-29 13:15:52,542][__main__][INFO] - [1, 29, 37], []
[2025-01-29 13:15:52,743][__main__][INFO] - [1, 31, 32], []
[2025-01-29 13:15:52,816][__main__][INFO] - [1, 31, 33], []
[2025-01-29 13:15:52,977][__main__][INFO] - [1, 31, 34], []
[2025-01-29 13:15:53,039][__main__][INFO] - [1, 31, 35], []
[2025-01-29 13:15:53,110][__main__][INFO] - [1, 31, 36], []
[2025-01-29 13:15:53,164][__main__][INFO] - [1, 31, 37], []
[2025-01-29 13:15:53,214][__main__][INFO] - [1, 31, 38], []
[2025-01-29 13:15:53,263][__main__][INFO] - [1, 31, 39], []
[2025-01-29 13:15:53,373][__main__][INFO] - [1, 32], [31]
[2025-01-29 13:15:53,448][__main__][INFO] - [1, 33], [31]
[2025-01-29 13:15:53,618][__main__][INFO] - [1, 34], [31]
[2025-01-29 13:15:53,681][__main__][INFO] - [1, 35], [31]
[2025-01-29 13:15:53,753][__main__][INFO] - [1, 36], [31]
[2025-01-29 13:15:53,809][__main__][INFO] - [1, 37], [31]
[2025-01-29 13:15:53,859][__main__][INFO] - [1, 38], [31]
[2025-01-29 13:15:53,908][__main__][INFO] - [1, 39], [31]
[2025-01-29 13:15:54,046][__main__][INFO] - [2, 10, 11], []
[2025-01-29 13:15:54,120][__main__][INFO] - [2, 10, 12], []
[2025-01-29 13:15:54,169][__main__][INFO] - [2, 10, 13], []
[2025-01-29 13:15:54,219][__main__][INFO] - [2, 10, 14], []
[2025-01-29 13:15:54,298][__main__][INFO] - [2, 10, 16], []
[2025-01-29 13:15:54,376][__main__][INFO] - [2, 10, 17], []
[2025-01-29 13:15:54,424][__main__][INFO] - [2, 10, 18], []
[2025-01-29 13:15:54,471][__main__][INFO] - [2, 10, 19], []
[2025-01-29 13:15:54,551][__main__][INFO] - [2, 10, 21], []
[2025-01-29 13:15:54,615][__main__][INFO] - [2, 10, 22], []
[2025-01-29 13:15:54,671][__main__][INFO] - [2, 10, 23], []
[2025-01-29 13:15:54,724][__main__][INFO] - [2, 10, 24], []
[2025-01-29 13:15:54,773][__main__][INFO] - [2, 10, 25], []
[2025-01-29 13:15:54,823][__main__][INFO] - [2, 10], [25]
[2025-01-29 13:15:54,898][__main__][INFO] - [2, 10, 26], []
[2025-01-29 13:15:54,950][__main__][INFO] - [2, 10], [26]
[2025-01-29 13:15:55,025][__main__][INFO] - [2, 10, 27], []
[2025-01-29 13:15:55,082][__main__][INFO] - [2, 10], [27]
[2025-01-29 13:15:55,155][__main__][INFO] - [2, 10, 28], []
[2025-01-29 13:15:55,215][__main__][INFO] - [2, 10, 29], []
[2025-01-29 13:15:55,315][__main__][INFO] - [2, 10, 31], []
[2025-01-29 13:15:55,376][__main__][INFO] - [2, 10], [31]
[2025-01-29 13:15:55,442][__main__][INFO] - [2, 10, 32], []
[2025-01-29 13:15:55,495][__main__][INFO] - [2, 10, 33], []
[2025-01-29 13:15:55,559][__main__][INFO] - [2, 10, 34], []
[2025-01-29 13:15:55,610][__main__][INFO] - [2, 10, 35], []
[2025-01-29 13:15:55,661][__main__][INFO] - [2, 10, 36], []
[2025-01-29 13:15:55,712][__main__][INFO] - [2, 10, 37], []
[2025-01-29 13:15:55,794][__main__][INFO] - [2, 10, 39], []
[2025-01-29 13:15:55,905][__main__][INFO] - [2, 11], [10]
[2025-01-29 13:15:56,388][__main__][INFO] - [2, 12], [10]
[2025-01-29 13:15:56,486][__main__][INFO] - [2, 13], [10]
[2025-01-29 13:15:56,555][__main__][INFO] - [2, 14], [10]
[2025-01-29 13:15:56,608][__main__][INFO] - [2, 15], [10]
[2025-01-29 13:15:56,658][__main__][INFO] - [2, 16], [10]
[2025-01-29 13:15:57,208][__main__][INFO] - [2, 17], [10]
[2025-01-29 13:15:57,261][__main__][INFO] - [2, 18], [10]
[2025-01-29 13:15:57,309][__main__][INFO] - [2, 19], [10]
[2025-01-29 13:15:57,392][__main__][INFO] - [2, 21], [10]
[2025-01-29 13:15:57,743][__main__][INFO] - [2, 22], [10]
[2025-01-29 13:15:57,891][__main__][INFO] - [2, 23], [10]
[2025-01-29 13:15:58,017][__main__][INFO] - [2, 24], [10]
[2025-01-29 13:15:58,070][__main__][INFO] - [2, 25], [10]
[2025-01-29 13:15:58,192][__main__][INFO] - [2], [10, 25]
[2025-01-29 13:15:58,712][__main__][INFO] - [2], [10, 26]
[2025-01-29 13:15:59,332][__main__][INFO] - [2], [10, 27]
[2025-01-29 13:15:59,923][__main__][INFO] - [2, 28], [10]
[2025-01-29 13:16:00,584][__main__][INFO] - [2, 31], [10]
[2025-01-29 13:16:00,871][__main__][INFO] - [2], [10, 31]
[2025-01-29 13:16:01,172][__main__][INFO] - [2, 32], [10]
[2025-01-29 13:16:01,283][__main__][INFO] - [2, 33], [10]
[2025-01-29 13:16:01,606][__main__][INFO] - [2, 34], [10]
[2025-01-29 13:16:01,676][__main__][INFO] - [2, 35], [10]
[2025-01-29 13:16:01,785][__main__][INFO] - [2, 36], [10]
[2025-01-29 13:16:01,852][__main__][INFO] - [2, 37], [10]
[2025-01-29 13:16:01,904][__main__][INFO] - [2, 38], [10]
[2025-01-29 13:16:01,955][__main__][INFO] - [2, 39], [10]
[2025-01-29 13:16:02,067][__main__][INFO] - [2, 11, 16], []
[2025-01-29 13:16:02,564][__main__][INFO] - [2, 11, 17], []
[2025-01-29 13:16:02,618][__main__][INFO] - [2, 11, 18], []
[2025-01-29 13:16:02,665][__main__][INFO] - [2, 11, 19], []
[2025-01-29 13:16:02,747][__main__][INFO] - [2, 11, 21], []
[2025-01-29 13:16:03,054][__main__][INFO] - [2, 11, 22], []
[2025-01-29 13:16:03,208][__main__][INFO] - [2, 11, 23], []
[2025-01-29 13:16:03,322][__main__][INFO] - [2, 11, 24], []
[2025-01-29 13:16:03,406][__main__][INFO] - [2, 11], [25]
[2025-01-29 13:16:03,924][__main__][INFO] - [2, 11, 26], []
[2025-01-29 13:16:03,976][__main__][INFO] - [2, 11], [26]
[2025-01-29 13:16:04,491][__main__][INFO] - [2, 11, 27], []
[2025-01-29 13:16:04,544][__main__][INFO] - [2, 11], [27]
[2025-01-29 13:16:05,051][__main__][INFO] - [2, 11, 28], []
[2025-01-29 13:16:05,549][__main__][INFO] - [2, 11, 29], []
[2025-01-29 13:16:05,646][__main__][INFO] - [2, 11, 31], []
[2025-01-29 13:16:05,898][__main__][INFO] - [2, 11], [31]
[2025-01-29 13:16:06,169][__main__][INFO] - [2, 11, 32], []
[2025-01-29 13:16:06,271][__main__][INFO] - [2, 11, 33], []
[2025-01-29 13:16:06,588][__main__][INFO] - [2, 11, 34], []
[2025-01-29 13:16:06,658][__main__][INFO] - [2, 11, 35], []
[2025-01-29 13:16:06,740][__main__][INFO] - [2, 11, 36], []
[2025-01-29 13:16:06,807][__main__][INFO] - [2, 11, 37], []
[2025-01-29 13:16:06,859][__main__][INFO] - [2, 11, 38], []
[2025-01-29 13:16:06,910][__main__][INFO] - [2, 11, 39], []
[2025-01-29 13:16:07,022][__main__][INFO] - [2, 12, 16], []
[2025-01-29 13:16:07,123][__main__][INFO] - [2, 12, 17], []
[2025-01-29 13:16:07,265][__main__][INFO] - [2, 12, 21], []
[2025-01-29 13:16:07,354][__main__][INFO] - [2, 12, 22], []
[2025-01-29 13:16:07,405][__main__][INFO] - [2, 12, 23], []
[2025-01-29 13:16:07,460][__main__][INFO] - [2, 12, 24], []
[2025-01-29 13:16:07,510][__main__][INFO] - [2, 12, 25], []
[2025-01-29 13:16:07,642][__main__][INFO] - [2, 12, 26], []
[2025-01-29 13:16:07,692][__main__][INFO] - [2, 12], [26]
[2025-01-29 13:16:07,792][__main__][INFO] - [2, 12, 27], []
[2025-01-29 13:16:07,842][__main__][INFO] - [2, 12], [27]
[2025-01-29 13:16:07,940][__main__][INFO] - [2, 12, 28], []
[2025-01-29 13:16:08,038][__main__][INFO] - [2, 12, 29], []
[2025-01-29 13:16:08,120][__main__][INFO] - [2, 12, 31], []
[2025-01-29 13:16:08,192][__main__][INFO] - [2, 12], [31]
[2025-01-29 13:16:08,263][__main__][INFO] - [2, 12, 32], []
[2025-01-29 13:16:08,320][__main__][INFO] - [2, 12, 33], []
[2025-01-29 13:16:08,385][__main__][INFO] - [2, 12, 34], []
[2025-01-29 13:16:08,435][__main__][INFO] - [2, 12, 35], []
[2025-01-29 13:16:08,500][__main__][INFO] - [2, 12, 36], []
[2025-01-29 13:16:08,550][__main__][INFO] - [2, 12, 37], []
[2025-01-29 13:16:08,600][__main__][INFO] - [2, 12, 38], []
[2025-01-29 13:16:08,743][__main__][INFO] - [2, 13, 16], []
[2025-01-29 13:16:08,811][__main__][INFO] - [2, 13, 17], []
[2025-01-29 13:16:08,861][__main__][INFO] - [2, 13, 18], []
[2025-01-29 13:16:08,909][__main__][INFO] - [2, 13, 19], []
[2025-01-29 13:16:08,991][__main__][INFO] - [2, 13, 21], []
[2025-01-29 13:16:09,055][__main__][INFO] - [2, 13, 22], []
[2025-01-29 13:16:09,105][__main__][INFO] - [2, 13, 23], []
[2025-01-29 13:16:09,158][__main__][INFO] - [2, 13, 24], []
[2025-01-29 13:16:09,208][__main__][INFO] - [2, 13, 25], []
[2025-01-29 13:16:09,311][__main__][INFO] - [2, 13, 26], []
[2025-01-29 13:16:09,361][__main__][INFO] - [2, 13], [26]
[2025-01-29 13:16:09,434][__main__][INFO] - [2, 13, 27], []
[2025-01-29 13:16:09,484][__main__][INFO] - [2, 13], [27]
[2025-01-29 13:16:09,554][__main__][INFO] - [2, 13, 28], []
[2025-01-29 13:16:09,623][__main__][INFO] - [2, 13, 29], []
[2025-01-29 13:16:09,705][__main__][INFO] - [2, 13, 31], []
[2025-01-29 13:16:09,763][__main__][INFO] - [2, 13], [31]
[2025-01-29 13:16:09,821][__main__][INFO] - [2, 13, 32], []
[2025-01-29 13:16:09,872][__main__][INFO] - [2, 13, 33], []
[2025-01-29 13:16:09,927][__main__][INFO] - [2, 13, 34], []
[2025-01-29 13:16:09,978][__main__][INFO] - [2, 13, 35], []
[2025-01-29 13:16:10,036][__main__][INFO] - [2, 13, 36], []
[2025-01-29 13:16:10,117][__main__][INFO] - [2, 13, 38], []
[2025-01-29 13:16:10,260][__main__][INFO] - [2, 14, 16], []
[2025-01-29 13:16:10,313][__main__][INFO] - [2, 14, 17], []
[2025-01-29 13:16:10,362][__main__][INFO] - [2, 14, 18], []
[2025-01-29 13:16:10,474][__main__][INFO] - [2, 14, 21], []
[2025-01-29 13:16:10,526][__main__][INFO] - [2, 14, 22], []
[2025-01-29 13:16:10,576][__main__][INFO] - [2, 14, 23], []
[2025-01-29 13:16:10,690][__main__][INFO] - [2, 14], [25]
[2025-01-29 13:16:10,776][__main__][INFO] - [2, 14], [26]
[2025-01-29 13:16:10,862][__main__][INFO] - [2, 14], [27]
[2025-01-29 13:16:10,916][__main__][INFO] - [2, 14, 28], []
[2025-01-29 13:16:10,971][__main__][INFO] - [2, 14, 29], []
[2025-01-29 13:16:11,052][__main__][INFO] - [2, 14, 31], []
[2025-01-29 13:16:11,104][__main__][INFO] - [2, 14], [31]
[2025-01-29 13:16:11,155][__main__][INFO] - [2, 14, 32], []
[2025-01-29 13:16:11,206][__main__][INFO] - [2, 14, 33], []
[2025-01-29 13:16:11,257][__main__][INFO] - [2, 14, 34], []
[2025-01-29 13:16:11,307][__main__][INFO] - [2, 14, 35], []
[2025-01-29 13:16:11,357][__main__][INFO] - [2, 14, 36], []
[2025-01-29 13:16:11,563][__main__][INFO] - [2, 15, 16], []
[2025-01-29 13:16:11,740][__main__][INFO] - [2, 15, 21], []
[2025-01-29 13:16:11,790][__main__][INFO] - [2, 15, 22], []
[2025-01-29 13:16:11,838][__main__][INFO] - [2, 15, 23], []
[2025-01-29 13:16:11,951][__main__][INFO] - [2, 15], [25]
[2025-01-29 13:16:12,033][__main__][INFO] - [2, 15], [26]
[2025-01-29 13:16:12,115][__main__][INFO] - [2, 15], [27]
[2025-01-29 13:16:12,165][__main__][INFO] - [2, 15, 28], []
[2025-01-29 13:16:12,279][__main__][INFO] - [2, 15, 31], []
[2025-01-29 13:16:12,329][__main__][INFO] - [2, 15], [31]
[2025-01-29 13:16:12,378][__main__][INFO] - [2, 15, 32], []
[2025-01-29 13:16:12,428][__main__][INFO] - [2, 15, 33], []
[2025-01-29 13:16:12,510][__main__][INFO] - [2, 15, 35], []
[2025-01-29 13:16:12,623][__main__][INFO] - [2, 15, 38], []
[2025-01-29 13:16:12,766][__main__][INFO] - [2, 16, 21], []
[2025-01-29 13:16:13,123][__main__][INFO] - [2, 16, 22], []
[2025-01-29 13:16:13,279][__main__][INFO] - [2, 16, 23], []
[2025-01-29 13:16:13,409][__main__][INFO] - [2, 16, 24], []
[2025-01-29 13:16:13,462][__main__][INFO] - [2, 16, 25], []
[2025-01-29 13:16:13,586][__main__][INFO] - [2, 16], [25]
[2025-01-29 13:16:14,088][__main__][INFO] - [2, 16, 26], []
[2025-01-29 13:16:14,140][__main__][INFO] - [2, 16], [26]
[2025-01-29 13:16:14,725][__main__][INFO] - [2, 16, 27], []
[2025-01-29 13:16:14,781][__main__][INFO] - [2, 16], [27]
[2025-01-29 13:16:15,370][__main__][INFO] - [2, 16, 28], []
[2025-01-29 13:16:15,940][__main__][INFO] - [2, 16, 29], []
[2025-01-29 13:16:16,039][__main__][INFO] - [2, 16, 31], []
[2025-01-29 13:16:16,334][__main__][INFO] - [2, 16], [31]
[2025-01-29 13:16:16,638][__main__][INFO] - [2, 16, 32], []
[2025-01-29 13:16:16,752][__main__][INFO] - [2, 16, 33], []
[2025-01-29 13:16:17,090][__main__][INFO] - [2, 16, 34], []
[2025-01-29 13:16:17,161][__main__][INFO] - [2, 16, 35], []
[2025-01-29 13:16:17,272][__main__][INFO] - [2, 16, 36], []
[2025-01-29 13:16:17,339][__main__][INFO] - [2, 16, 37], []
[2025-01-29 13:16:17,391][__main__][INFO] - [2, 16, 38], []
[2025-01-29 13:16:17,441][__main__][INFO] - [2, 16, 39], []
[2025-01-29 13:16:17,553][__main__][INFO] - [2, 17, 21], []
[2025-01-29 13:16:17,604][__main__][INFO] - [2, 17, 22], []
[2025-01-29 13:16:17,655][__main__][INFO] - [2, 17, 23], []
[2025-01-29 13:16:17,705][__main__][INFO] - [2, 17, 24], []
[2025-01-29 13:16:17,755][__main__][INFO] - [2, 17, 25], []
[2025-01-29 13:16:17,805][__main__][INFO] - [2, 17], [25]
[2025-01-29 13:16:17,858][__main__][INFO] - [2, 17, 26], []
[2025-01-29 13:16:17,907][__main__][INFO] - [2, 17], [26]
[2025-01-29 13:16:17,992][__main__][INFO] - [2, 17], [27]
[2025-01-29 13:16:18,045][__main__][INFO] - [2, 17, 28], []
[2025-01-29 13:16:18,099][__main__][INFO] - [2, 17, 29], []
[2025-01-29 13:16:18,180][__main__][INFO] - [2, 17, 31], []
[2025-01-29 13:16:18,230][__main__][INFO] - [2, 17], [31]
[2025-01-29 13:16:18,283][__main__][INFO] - [2, 17, 32], []
[2025-01-29 13:16:18,333][__main__][INFO] - [2, 17, 33], []
[2025-01-29 13:16:18,385][__main__][INFO] - [2, 17, 34], []
[2025-01-29 13:16:18,433][__main__][INFO] - [2, 17, 35], []
[2025-01-29 13:16:18,483][__main__][INFO] - [2, 17, 36], []
[2025-01-29 13:16:18,689][__main__][INFO] - [2, 18, 21], []
[2025-01-29 13:16:18,738][__main__][INFO] - [2, 18, 22], []
[2025-01-29 13:16:18,786][__main__][INFO] - [2, 18, 23], []
[2025-01-29 13:16:18,866][__main__][INFO] - [2, 18, 25], []
[2025-01-29 13:16:18,914][__main__][INFO] - [2, 18], [25]
[2025-01-29 13:16:18,992][__main__][INFO] - [2, 18], [26]
[2025-01-29 13:16:19,072][__main__][INFO] - [2, 18], [27]
[2025-01-29 13:16:19,121][__main__][INFO] - [2, 18, 28], []
[2025-01-29 13:16:19,232][__main__][INFO] - [2, 18, 31], []
[2025-01-29 13:16:19,281][__main__][INFO] - [2, 18], [31]
[2025-01-29 13:16:19,329][__main__][INFO] - [2, 18, 32], []
[2025-01-29 13:16:19,378][__main__][INFO] - [2, 18, 33], []
[2025-01-29 13:16:19,427][__main__][INFO] - [2, 18, 34], []
[2025-01-29 13:16:19,474][__main__][INFO] - [2, 18, 35], []
[2025-01-29 13:16:19,521][__main__][INFO] - [2, 18, 36], []
[2025-01-29 13:16:19,726][__main__][INFO] - [2, 19, 21], []
[2025-01-29 13:16:19,777][__main__][INFO] - [2, 19, 22], []
[2025-01-29 13:16:19,827][__main__][INFO] - [2, 19, 23], []
[2025-01-29 13:16:19,908][__main__][INFO] - [2, 19, 25], []
[2025-01-29 13:16:19,958][__main__][INFO] - [2, 19], [25]
[2025-01-29 13:16:20,040][__main__][INFO] - [2, 19], [26]
[2025-01-29 13:16:20,122][__main__][INFO] - [2, 19], [27]
[2025-01-29 13:16:20,174][__main__][INFO] - [2, 19, 28], []
[2025-01-29 13:16:20,288][__main__][INFO] - [2, 19, 31], []
[2025-01-29 13:16:20,338][__main__][INFO] - [2, 19], [31]
[2025-01-29 13:16:20,389][__main__][INFO] - [2, 19, 32], []
[2025-01-29 13:16:20,439][__main__][INFO] - [2, 19, 33], []
[2025-01-29 13:16:20,488][__main__][INFO] - [2, 19, 34], []
[2025-01-29 13:16:20,537][__main__][INFO] - [2, 19, 35], []
[2025-01-29 13:16:20,587][__main__][INFO] - [2, 19, 36], []
[2025-01-29 13:16:20,824][__main__][INFO] - [2, 21, 25], []
[2025-01-29 13:16:20,932][__main__][INFO] - [2, 21], [25]
[2025-01-29 13:16:21,245][__main__][INFO] - [2, 21, 26], []
[2025-01-29 13:16:21,295][__main__][INFO] - [2, 21], [26]
[2025-01-29 13:16:21,668][__main__][INFO] - [2, 21, 27], []
[2025-01-29 13:16:21,720][__main__][INFO] - [2, 21], [27]
[2025-01-29 13:16:22,085][__main__][INFO] - [2, 21, 28], []
[2025-01-29 13:16:22,440][__main__][INFO] - [2, 21, 29], []
[2025-01-29 13:16:22,528][__main__][INFO] - [2, 21, 31], []
[2025-01-29 13:16:22,715][__main__][INFO] - [2, 21], [31]
[2025-01-29 13:16:22,917][__main__][INFO] - [2, 21, 32], []
[2025-01-29 13:16:23,015][__main__][INFO] - [2, 21, 33], []
[2025-01-29 13:16:23,211][__main__][INFO] - [2, 21, 34], []
[2025-01-29 13:16:23,265][__main__][INFO] - [2, 21, 35], []
[2025-01-29 13:16:23,362][__main__][INFO] - [2, 21, 36], []
[2025-01-29 13:16:23,424][__main__][INFO] - [2, 21, 37], []
[2025-01-29 13:16:23,476][__main__][INFO] - [2, 21, 38], []
[2025-01-29 13:16:23,525][__main__][INFO] - [2, 21, 39], []
[2025-01-29 13:16:23,637][__main__][INFO] - [2, 22, 25], []
[2025-01-29 13:16:23,689][__main__][INFO] - [2, 22], [25]
[2025-01-29 13:16:23,845][__main__][INFO] - [2, 22, 26], []
[2025-01-29 13:16:23,895][__main__][INFO] - [2, 22], [26]
[2025-01-29 13:16:24,053][__main__][INFO] - [2, 22, 27], []
[2025-01-29 13:16:24,103][__main__][INFO] - [2, 22], [27]
[2025-01-29 13:16:24,264][__main__][INFO] - [2, 22, 28], []
[2025-01-29 13:16:24,456][__main__][INFO] - [2, 22, 29], []
[2025-01-29 13:16:24,539][__main__][INFO] - [2, 22, 31], []
[2025-01-29 13:16:24,638][__main__][INFO] - [2, 22], [31]
[2025-01-29 13:16:24,737][__main__][INFO] - [2, 22, 32], []
[2025-01-29 13:16:24,791][__main__][INFO] - [2, 22, 33], []
[2025-01-29 13:16:24,909][__main__][INFO] - [2, 22, 34], []
[2025-01-29 13:16:24,972][__main__][INFO] - [2, 22, 35], []
[2025-01-29 13:16:25,025][__main__][INFO] - [2, 22, 36], []
[2025-01-29 13:16:25,075][__main__][INFO] - [2, 22, 37], []
[2025-01-29 13:16:25,125][__main__][INFO] - [2, 22, 38], []
[2025-01-29 13:16:25,175][__main__][INFO] - [2, 22, 39], []
[2025-01-29 13:16:25,287][__main__][INFO] - [2, 23, 25], []
[2025-01-29 13:16:25,345][__main__][INFO] - [2, 23], [25]
[2025-01-29 13:16:25,465][__main__][INFO] - [2, 23, 26], []
[2025-01-29 13:16:25,515][__main__][INFO] - [2, 23], [26]
[2025-01-29 13:16:25,646][__main__][INFO] - [2, 23, 27], []
[2025-01-29 13:16:25,696][__main__][INFO] - [2, 23], [27]
[2025-01-29 13:16:25,827][__main__][INFO] - [2, 23, 28], []
[2025-01-29 13:16:25,956][__main__][INFO] - [2, 23, 29], []
[2025-01-29 13:16:26,039][__main__][INFO] - [2, 23, 31], []
[2025-01-29 13:16:26,123][__main__][INFO] - [2, 23], [31]
[2025-01-29 13:16:26,212][__main__][INFO] - [2, 23, 32], []
[2025-01-29 13:16:26,269][__main__][INFO] - [2, 23, 33], []
[2025-01-29 13:16:26,361][__main__][INFO] - [2, 23, 34], []
[2025-01-29 13:16:26,414][__main__][INFO] - [2, 23, 35], []
[2025-01-29 13:16:26,471][__main__][INFO] - [2, 23, 36], []
[2025-01-29 13:16:26,524][__main__][INFO] - [2, 23, 37], []
[2025-01-29 13:16:26,573][__main__][INFO] - [2, 23, 38], []
[2025-01-29 13:16:26,622][__main__][INFO] - [2, 23, 39], []
[2025-01-29 13:16:26,734][__main__][INFO] - [2, 24, 25], []
[2025-01-29 13:16:26,784][__main__][INFO] - [2, 24], [25]
[2025-01-29 13:16:26,868][__main__][INFO] - [2, 24], [26]
[2025-01-29 13:16:26,953][__main__][INFO] - [2, 24], [27]
[2025-01-29 13:16:27,006][__main__][INFO] - [2, 24, 28], []
[2025-01-29 13:16:27,059][__main__][INFO] - [2, 24, 29], []
[2025-01-29 13:16:27,140][__main__][INFO] - [2, 24, 31], []
[2025-01-29 13:16:27,191][__main__][INFO] - [2, 24], [31]
[2025-01-29 13:16:27,242][__main__][INFO] - [2, 24, 32], []
[2025-01-29 13:16:27,292][__main__][INFO] - [2, 24, 33], []
[2025-01-29 13:16:27,344][__main__][INFO] - [2, 24, 34], []
[2025-01-29 13:16:27,394][__main__][INFO] - [2, 24, 35], []
[2025-01-29 13:16:27,444][__main__][INFO] - [2, 24, 36], []
[2025-01-29 13:16:27,648][__main__][INFO] - [2, 25, 26], []
[2025-01-29 13:16:27,699][__main__][INFO] - [2, 25], [26]
[2025-01-29 13:16:27,822][__main__][INFO] - [2, 25, 27], []
[2025-01-29 13:16:27,872][__main__][INFO] - [2, 25], [27]
[2025-01-29 13:16:27,996][__main__][INFO] - [2, 25, 28], []
[2025-01-29 13:16:28,123][__main__][INFO] - [2, 25, 29], []
[2025-01-29 13:16:28,205][__main__][INFO] - [2, 25, 31], []
[2025-01-29 13:16:28,290][__main__][INFO] - [2, 25], [31]
[2025-01-29 13:16:28,376][__main__][INFO] - [2, 25, 32], []
[2025-01-29 13:16:28,435][__main__][INFO] - [2, 25, 33], []
[2025-01-29 13:16:28,506][__main__][INFO] - [2, 25, 34], []
[2025-01-29 13:16:28,557][__main__][INFO] - [2, 25, 35], []
[2025-01-29 13:16:28,629][__main__][INFO] - [2, 25, 36], []
[2025-01-29 13:16:28,680][__main__][INFO] - [2, 25, 37], []
[2025-01-29 13:16:28,730][__main__][INFO] - [2, 25, 38], []
[2025-01-29 13:16:28,873][__main__][INFO] - [2, 26], [25]
[2025-01-29 13:16:28,924][__main__][INFO] - [2], [25, 26]
[2025-01-29 13:16:29,444][__main__][INFO] - [2, 27], [25]
[2025-01-29 13:16:29,497][__main__][INFO] - [2], [25, 27]
[2025-01-29 13:16:30,017][__main__][INFO] - [2, 28], [25]
[2025-01-29 13:16:30,532][__main__][INFO] - [2, 29], [25]
[2025-01-29 13:16:30,629][__main__][INFO] - [2, 31], [25]
[2025-01-29 13:16:30,885][__main__][INFO] - [2], [25, 31]
[2025-01-29 13:16:31,155][__main__][INFO] - [2, 32], [25]
[2025-01-29 13:16:31,257][__main__][INFO] - [2, 33], [25]
[2025-01-29 13:16:31,568][__main__][INFO] - [2, 34], [25]
[2025-01-29 13:16:31,638][__main__][INFO] - [2, 35], [25]
[2025-01-29 13:16:31,722][__main__][INFO] - [2, 36], [25]
[2025-01-29 13:16:31,790][__main__][INFO] - [2, 37], [25]
[2025-01-29 13:16:31,842][__main__][INFO] - [2, 38], [25]
[2025-01-29 13:16:31,892][__main__][INFO] - [2, 39], [25]
[2025-01-29 13:16:32,005][__main__][INFO] - [2, 26, 27], []
[2025-01-29 13:16:32,055][__main__][INFO] - [2, 26], [27]
[2025-01-29 13:16:32,106][__main__][INFO] - [2, 26, 28], []
[2025-01-29 13:16:32,156][__main__][INFO] - [2, 26, 29], []
[2025-01-29 13:16:32,238][__main__][INFO] - [2, 26, 31], []
[2025-01-29 13:16:32,288][__main__][INFO] - [2, 26], [31]
[2025-01-29 13:16:32,339][__main__][INFO] - [2, 26, 32], []
[2025-01-29 13:16:32,389][__main__][INFO] - [2, 26, 33], []
[2025-01-29 13:16:32,440][__main__][INFO] - [2, 26, 34], []
[2025-01-29 13:16:32,490][__main__][INFO] - [2, 26, 35], []
[2025-01-29 13:16:32,540][__main__][INFO] - [2, 26, 36], []
[2025-01-29 13:16:32,743][__main__][INFO] - [2, 27], [26]
[2025-01-29 13:16:32,797][__main__][INFO] - [2], [26, 27]
[2025-01-29 13:16:33,410][__main__][INFO] - [2, 28], [26]
[2025-01-29 13:16:34,007][__main__][INFO] - [2, 29], [26]
[2025-01-29 13:16:34,105][__main__][INFO] - [2, 31], [26]
[2025-01-29 13:16:34,398][__main__][INFO] - [2], [26, 31]
[2025-01-29 13:16:34,709][__main__][INFO] - [2, 32], [26]
[2025-01-29 13:16:34,826][__main__][INFO] - [2, 33], [26]
[2025-01-29 13:16:35,161][__main__][INFO] - [2, 34], [26]
[2025-01-29 13:16:35,233][__main__][INFO] - [2, 35], [26]
[2025-01-29 13:16:35,346][__main__][INFO] - [2, 36], [26]
[2025-01-29 13:16:35,415][__main__][INFO] - [2, 37], [26]
[2025-01-29 13:16:35,467][__main__][INFO] - [2, 38], [26]
[2025-01-29 13:16:35,518][__main__][INFO] - [2, 39], [26]
[2025-01-29 13:16:35,630][__main__][INFO] - [2, 27, 28], []
[2025-01-29 13:16:35,682][__main__][INFO] - [2, 27, 29], []
[2025-01-29 13:16:35,763][__main__][INFO] - [2, 27, 31], []
[2025-01-29 13:16:35,814][__main__][INFO] - [2, 27], [31]
[2025-01-29 13:16:35,866][__main__][INFO] - [2, 27, 32], []
[2025-01-29 13:16:35,916][__main__][INFO] - [2, 27, 33], []
[2025-01-29 13:16:35,967][__main__][INFO] - [2, 27, 34], []
[2025-01-29 13:16:36,018][__main__][INFO] - [2, 27, 35], []
[2025-01-29 13:16:36,068][__main__][INFO] - [2, 27, 36], []
[2025-01-29 13:16:36,272][__main__][INFO] - [2, 28], [27]
[2025-01-29 13:16:36,862][__main__][INFO] - [2, 29], [27]
[2025-01-29 13:16:36,961][__main__][INFO] - [2, 31], [27]
[2025-01-29 13:16:37,251][__main__][INFO] - [2], [27, 31]
[2025-01-29 13:16:37,568][__main__][INFO] - [2, 32], [27]
[2025-01-29 13:16:37,684][__main__][INFO] - [2, 33], [27]
[2025-01-29 13:16:38,025][__main__][INFO] - [2, 34], [27]
[2025-01-29 13:16:38,096][__main__][INFO] - [2, 35], [27]
[2025-01-29 13:16:38,210][__main__][INFO] - [2, 36], [27]
[2025-01-29 13:16:38,277][__main__][INFO] - [2, 37], [27]
[2025-01-29 13:16:38,329][__main__][INFO] - [2, 38], [27]
[2025-01-29 13:16:38,380][__main__][INFO] - [2, 39], [27]
[2025-01-29 13:16:38,492][__main__][INFO] - [2, 28, 31], []
[2025-01-29 13:16:38,780][__main__][INFO] - [2, 28], [31]
[2025-01-29 13:16:39,085][__main__][INFO] - [2, 28, 32], []
[2025-01-29 13:16:39,197][__main__][INFO] - [2, 28, 33], []
[2025-01-29 13:16:39,526][__main__][INFO] - [2, 28, 34], []
[2025-01-29 13:16:39,597][__main__][INFO] - [2, 28, 35], []
[2025-01-29 13:16:39,707][__main__][INFO] - [2, 28, 36], []
[2025-01-29 13:16:39,774][__main__][INFO] - [2, 28, 37], []
[2025-01-29 13:16:39,825][__main__][INFO] - [2, 28, 38], []
[2025-01-29 13:16:39,876][__main__][INFO] - [2, 28, 39], []
[2025-01-29 13:16:39,988][__main__][INFO] - [2, 29, 31], []
[2025-01-29 13:16:40,042][__main__][INFO] - [2, 29], [31]
[2025-01-29 13:16:40,100][__main__][INFO] - [2, 29, 32], []
[2025-01-29 13:16:40,151][__main__][INFO] - [2, 29, 33], []
[2025-01-29 13:16:40,208][__main__][INFO] - [2, 29, 34], []
[2025-01-29 13:16:40,259][__main__][INFO] - [2, 29, 35], []
[2025-01-29 13:16:40,308][__main__][INFO] - [2, 29, 36], []
[2025-01-29 13:16:40,359][__main__][INFO] - [2, 29, 37], []
[2025-01-29 13:16:40,440][__main__][INFO] - [2, 29, 39], []
[2025-01-29 13:16:40,582][__main__][INFO] - [2, 31, 32], []
[2025-01-29 13:16:40,659][__main__][INFO] - [2, 31, 33], []
[2025-01-29 13:16:40,830][__main__][INFO] - [2, 31, 34], []
[2025-01-29 13:16:40,890][__main__][INFO] - [2, 31, 35], []
[2025-01-29 13:16:40,966][__main__][INFO] - [2, 31, 36], []
[2025-01-29 13:16:41,023][__main__][INFO] - [2, 31, 37], []
[2025-01-29 13:16:41,073][__main__][INFO] - [2, 31, 38], []
[2025-01-29 13:16:41,123][__main__][INFO] - [2, 31, 39], []
[2025-01-29 13:16:41,235][__main__][INFO] - [2, 32], [31]
[2025-01-29 13:16:41,314][__main__][INFO] - [2, 33], [31]
[2025-01-29 13:16:41,497][__main__][INFO] - [2, 34], [31]
[2025-01-29 13:16:41,557][__main__][INFO] - [2, 35], [31]
[2025-01-29 13:16:41,635][__main__][INFO] - [2, 36], [31]
[2025-01-29 13:16:41,694][__main__][INFO] - [2, 37], [31]
[2025-01-29 13:16:41,745][__main__][INFO] - [2, 38], [31]
[2025-01-29 13:16:41,794][__main__][INFO] - [2, 39], [31]
[2025-01-29 13:16:41,934][__main__][INFO] - [3, 10, 11], []
[2025-01-29 13:16:42,007][__main__][INFO] - [3, 10, 12], []
[2025-01-29 13:16:42,058][__main__][INFO] - [3, 10, 13], []
[2025-01-29 13:16:42,109][__main__][INFO] - [3, 10, 14], []
[2025-01-29 13:16:42,191][__main__][INFO] - [3, 10, 16], []
[2025-01-29 13:16:42,267][__main__][INFO] - [3, 10, 17], []
[2025-01-29 13:16:42,348][__main__][INFO] - [3, 10, 19], []
[2025-01-29 13:16:42,430][__main__][INFO] - [3, 10, 21], []
[2025-01-29 13:16:42,494][__main__][INFO] - [3, 10, 22], []
[2025-01-29 13:16:42,549][__main__][INFO] - [3, 10, 23], []
[2025-01-29 13:16:42,602][__main__][INFO] - [3, 10, 24], []
[2025-01-29 13:16:42,652][__main__][INFO] - [3, 10, 25], []
[2025-01-29 13:16:42,708][__main__][INFO] - [3, 10], [25]
[2025-01-29 13:16:42,781][__main__][INFO] - [3, 10, 26], []
[2025-01-29 13:16:42,836][__main__][INFO] - [3, 10], [26]
[2025-01-29 13:16:42,909][__main__][INFO] - [3, 10, 27], []
[2025-01-29 13:16:42,965][__main__][INFO] - [3, 10], [27]
[2025-01-29 13:16:43,038][__main__][INFO] - [3, 10, 28], []
[2025-01-29 13:16:43,100][__main__][INFO] - [3, 10, 29], []
[2025-01-29 13:16:43,197][__main__][INFO] - [3, 10, 31], []
[2025-01-29 13:16:43,259][__main__][INFO] - [3, 10], [31]
[2025-01-29 13:16:43,324][__main__][INFO] - [3, 10, 32], []
[2025-01-29 13:16:43,375][__main__][INFO] - [3, 10, 33], []
[2025-01-29 13:16:43,440][__main__][INFO] - [3, 10, 34], []
[2025-01-29 13:16:43,491][__main__][INFO] - [3, 10, 35], []
[2025-01-29 13:16:43,542][__main__][INFO] - [3, 10, 36], []
[2025-01-29 13:16:43,593][__main__][INFO] - [3, 10, 37], []
[2025-01-29 13:16:43,675][__main__][INFO] - [3, 10, 39], []
[2025-01-29 13:16:43,786][__main__][INFO] - [3, 11], [10]
[2025-01-29 13:16:44,161][__main__][INFO] - [3, 12], [10]
[2025-01-29 13:16:44,288][__main__][INFO] - [3, 13], [10]
[2025-01-29 13:16:44,379][__main__][INFO] - [3, 14], [10]
[2025-01-29 13:16:44,432][__main__][INFO] - [3, 15], [10]
[2025-01-29 13:16:44,482][__main__][INFO] - [3, 16], [10]
[2025-01-29 13:16:44,985][__main__][INFO] - [3, 17], [10]
[2025-01-29 13:16:45,042][__main__][INFO] - [3, 18], [10]
[2025-01-29 13:16:45,091][__main__][INFO] - [3, 19], [10]
[2025-01-29 13:16:45,173][__main__][INFO] - [3, 21], [10]
[2025-01-29 13:16:45,506][__main__][INFO] - [3, 22], [10]
[2025-01-29 13:16:45,642][__main__][INFO] - [3, 23], [10]
[2025-01-29 13:16:45,751][__main__][INFO] - [3, 24], [10]
[2025-01-29 13:16:45,805][__main__][INFO] - [3, 25], [10]
[2025-01-29 13:16:45,984][__main__][INFO] - [3], [10, 25]
[2025-01-29 13:16:46,392][__main__][INFO] - [3], [10, 26]
[2025-01-29 13:16:46,947][__main__][INFO] - [3], [10, 27]
[2025-01-29 13:16:47,462][__main__][INFO] - [3, 28], [10]
[2025-01-29 13:16:48,048][__main__][INFO] - [3, 31], [10]
[2025-01-29 13:16:48,310][__main__][INFO] - [3], [10, 31]
[2025-01-29 13:16:48,584][__main__][INFO] - [3, 32], [10]
[2025-01-29 13:16:48,681][__main__][INFO] - [3, 33], [10]
[2025-01-29 13:16:48,983][__main__][INFO] - [3, 34], [10]
[2025-01-29 13:16:49,047][__main__][INFO] - [3, 35], [10]
[2025-01-29 13:16:49,161][__main__][INFO] - [3, 36], [10]
[2025-01-29 13:16:49,225][__main__][INFO] - [3, 37], [10]
[2025-01-29 13:16:49,276][__main__][INFO] - [3, 38], [10]
[2025-01-29 13:16:49,326][__main__][INFO] - [3, 39], [10]
[2025-01-29 13:16:49,436][__main__][INFO] - [3, 11, 16], []
[2025-01-29 13:16:49,816][__main__][INFO] - [3, 11, 17], []
[2025-01-29 13:16:49,873][__main__][INFO] - [3, 11, 18], []
[2025-01-29 13:16:49,921][__main__][INFO] - [3, 11, 19], []
[2025-01-29 13:16:50,003][__main__][INFO] - [3, 11, 21], []
[2025-01-29 13:16:50,222][__main__][INFO] - [3, 11, 22], []
[2025-01-29 13:16:50,362][__main__][INFO] - [3, 11, 23], []
[2025-01-29 13:16:50,460][__main__][INFO] - [3, 11, 24], []
[2025-01-29 13:16:50,545][__main__][INFO] - [3, 11], [25]
[2025-01-29 13:16:50,945][__main__][INFO] - [3, 11, 26], []
[2025-01-29 13:16:50,996][__main__][INFO] - [3, 11], [26]
[2025-01-29 13:16:51,395][__main__][INFO] - [3, 11, 27], []
[2025-01-29 13:16:51,447][__main__][INFO] - [3, 11], [27]
[2025-01-29 13:16:51,857][__main__][INFO] - [3, 11, 28], []
[2025-01-29 13:16:52,239][__main__][INFO] - [3, 11, 29], []
[2025-01-29 13:16:52,334][__main__][INFO] - [3, 11, 31], []
[2025-01-29 13:16:52,540][__main__][INFO] - [3, 11], [31]
[2025-01-29 13:16:52,755][__main__][INFO] - [3, 11, 32], []
[2025-01-29 13:16:52,832][__main__][INFO] - [3, 11, 33], []
[2025-01-29 13:16:53,101][__main__][INFO] - [3, 11, 34], []
[2025-01-29 13:16:53,164][__main__][INFO] - [3, 11, 35], []
[2025-01-29 13:16:53,237][__main__][INFO] - [3, 11, 36], []
[2025-01-29 13:16:53,301][__main__][INFO] - [3, 11, 37], []
[2025-01-29 13:16:53,352][__main__][INFO] - [3, 11, 38], []
[2025-01-29 13:16:53,402][__main__][INFO] - [3, 11, 39], []
[2025-01-29 13:16:53,512][__main__][INFO] - [3, 12, 16], []
[2025-01-29 13:16:53,643][__main__][INFO] - [3, 12, 17], []
[2025-01-29 13:16:53,787][__main__][INFO] - [3, 12, 21], []
[2025-01-29 13:16:53,903][__main__][INFO] - [3, 12, 22], []
[2025-01-29 13:16:53,955][__main__][INFO] - [3, 12, 23], []
[2025-01-29 13:16:54,010][__main__][INFO] - [3, 12, 24], []
[2025-01-29 13:16:54,060][__main__][INFO] - [3, 12, 25], []
[2025-01-29 13:16:54,222][__main__][INFO] - [3, 12, 26], []
[2025-01-29 13:16:54,272][__main__][INFO] - [3, 12], [26]
[2025-01-29 13:16:54,403][__main__][INFO] - [3, 12, 27], []
[2025-01-29 13:16:54,453][__main__][INFO] - [3, 12], [27]
[2025-01-29 13:16:54,583][__main__][INFO] - [3, 12, 28], []
[2025-01-29 13:16:54,715][__main__][INFO] - [3, 12, 29], []
[2025-01-29 13:16:54,797][__main__][INFO] - [3, 12, 31], []
[2025-01-29 13:16:54,881][__main__][INFO] - [3, 12], [31]
[2025-01-29 13:16:54,967][__main__][INFO] - [3, 12, 32], []
[2025-01-29 13:16:55,031][__main__][INFO] - [3, 12, 33], []
[2025-01-29 13:16:55,110][__main__][INFO] - [3, 12, 34], []
[2025-01-29 13:16:55,161][__main__][INFO] - [3, 12, 35], []
[2025-01-29 13:16:55,230][__main__][INFO] - [3, 12, 36], []
[2025-01-29 13:16:55,280][__main__][INFO] - [3, 12, 37], []
[2025-01-29 13:16:55,330][__main__][INFO] - [3, 12, 38], []
[2025-01-29 13:16:55,380][__main__][INFO] - [3, 12, 39], []
[2025-01-29 13:16:55,490][__main__][INFO] - [3, 13, 16], []
[2025-01-29 13:16:55,582][__main__][INFO] - [3, 13, 17], []
[2025-01-29 13:16:55,633][__main__][INFO] - [3, 13, 18], []
[2025-01-29 13:16:55,681][__main__][INFO] - [3, 13, 19], []
[2025-01-29 13:16:55,763][__main__][INFO] - [3, 13, 21], []
[2025-01-29 13:16:55,846][__main__][INFO] - [3, 13, 22], []
[2025-01-29 13:16:55,898][__main__][INFO] - [3, 13, 23], []
[2025-01-29 13:16:55,952][__main__][INFO] - [3, 13, 24], []
[2025-01-29 13:16:56,001][__main__][INFO] - [3, 13, 25], []
[2025-01-29 13:16:56,130][__main__][INFO] - [3, 13, 26], []
[2025-01-29 13:16:56,180][__main__][INFO] - [3, 13], [26]
[2025-01-29 13:16:56,276][__main__][INFO] - [3, 13, 27], []
[2025-01-29 13:16:56,326][__main__][INFO] - [3, 13], [27]
[2025-01-29 13:16:56,422][__main__][INFO] - [3, 13, 28], []
[2025-01-29 13:16:56,517][__main__][INFO] - [3, 13, 29], []
[2025-01-29 13:16:56,598][__main__][INFO] - [3, 13, 31], []
[2025-01-29 13:16:56,670][__main__][INFO] - [3, 13], [31]
[2025-01-29 13:16:56,738][__main__][INFO] - [3, 13, 32], []
[2025-01-29 13:16:56,792][__main__][INFO] - [3, 13, 33], []
[2025-01-29 13:16:56,854][__main__][INFO] - [3, 13, 34], []
[2025-01-29 13:16:56,904][__main__][INFO] - [3, 13, 35], []
[2025-01-29 13:16:56,971][__main__][INFO] - [3, 13, 36], []
[2025-01-29 13:16:57,021][__main__][INFO] - [3, 13, 37], []
[2025-01-29 13:16:57,069][__main__][INFO] - [3, 13, 38], []
[2025-01-29 13:16:57,212][__main__][INFO] - [3, 14, 16], []
[2025-01-29 13:16:57,265][__main__][INFO] - [3, 14, 17], []
[2025-01-29 13:16:57,410][__main__][INFO] - [3, 14, 21], []
[2025-01-29 13:16:57,461][__main__][INFO] - [3, 14, 22], []
[2025-01-29 13:16:57,512][__main__][INFO] - [3, 14, 23], []
[2025-01-29 13:16:57,625][__main__][INFO] - [3, 14], [25]
[2025-01-29 13:16:57,710][__main__][INFO] - [3, 14], [26]
[2025-01-29 13:16:57,795][__main__][INFO] - [3, 14], [27]
[2025-01-29 13:16:57,848][__main__][INFO] - [3, 14, 28], []
[2025-01-29 13:16:57,902][__main__][INFO] - [3, 14, 29], []
[2025-01-29 13:16:57,983][__main__][INFO] - [3, 14, 31], []
[2025-01-29 13:16:58,034][__main__][INFO] - [3, 14], [31]
[2025-01-29 13:16:58,085][__main__][INFO] - [3, 14, 32], []
[2025-01-29 13:16:58,135][__main__][INFO] - [3, 14, 33], []
[2025-01-29 13:16:58,186][__main__][INFO] - [3, 14, 34], []
[2025-01-29 13:16:58,236][__main__][INFO] - [3, 14, 35], []
[2025-01-29 13:16:58,286][__main__][INFO] - [3, 14, 36], []
[2025-01-29 13:16:58,493][__main__][INFO] - [3, 15, 16], []
[2025-01-29 13:16:58,543][__main__][INFO] - [3, 15, 17], []
[2025-01-29 13:16:58,687][__main__][INFO] - [3, 15, 21], []
[2025-01-29 13:16:58,737][__main__][INFO] - [3, 15, 22], []
[2025-01-29 13:16:58,786][__main__][INFO] - [3, 15, 23], []
[2025-01-29 13:16:58,900][__main__][INFO] - [3, 15], [25]
[2025-01-29 13:16:58,982][__main__][INFO] - [3, 15], [26]
[2025-01-29 13:16:59,064][__main__][INFO] - [3, 15], [27]
[2025-01-29 13:16:59,113][__main__][INFO] - [3, 15, 28], []
[2025-01-29 13:16:59,227][__main__][INFO] - [3, 15, 31], []
[2025-01-29 13:16:59,277][__main__][INFO] - [3, 15], [31]
[2025-01-29 13:16:59,327][__main__][INFO] - [3, 15, 32], []
[2025-01-29 13:16:59,377][__main__][INFO] - [3, 15, 33], []
[2025-01-29 13:16:59,458][__main__][INFO] - [3, 15, 35], []
[2025-01-29 13:16:59,694][__main__][INFO] - [3, 16, 21], []
[2025-01-29 13:17:00,026][__main__][INFO] - [3, 16, 22], []
[2025-01-29 13:17:00,171][__main__][INFO] - [3, 16, 23], []
[2025-01-29 13:17:00,283][__main__][INFO] - [3, 16, 24], []
[2025-01-29 13:17:00,337][__main__][INFO] - [3, 16, 25], []
[2025-01-29 13:17:00,519][__main__][INFO] - [3, 16], [25]
[2025-01-29 13:17:00,919][__main__][INFO] - [3, 16, 26], []
[2025-01-29 13:17:00,971][__main__][INFO] - [3, 16], [26]
[2025-01-29 13:17:01,517][__main__][INFO] - [3, 16, 27], []
[2025-01-29 13:17:01,570][__main__][INFO] - [3, 16], [27]
[2025-01-29 13:17:02,103][__main__][INFO] - [3, 16, 28], []
[2025-01-29 13:17:02,624][__main__][INFO] - [3, 16, 29], []
[2025-01-29 13:17:02,720][__main__][INFO] - [3, 16, 31], []
[2025-01-29 13:17:02,999][__main__][INFO] - [3, 16], [31]
[2025-01-29 13:17:03,271][__main__][INFO] - [3, 16, 32], []
[2025-01-29 13:17:03,369][__main__][INFO] - [3, 16, 33], []
[2025-01-29 13:17:03,673][__main__][INFO] - [3, 16, 34], []
[2025-01-29 13:17:03,739][__main__][INFO] - [3, 16, 35], []
[2025-01-29 13:17:03,854][__main__][INFO] - [3, 16, 36], []
[2025-01-29 13:17:03,918][__main__][INFO] - [3, 16, 37], []
[2025-01-29 13:17:03,970][__main__][INFO] - [3, 16, 38], []
[2025-01-29 13:17:04,020][__main__][INFO] - [3, 16, 39], []
[2025-01-29 13:17:04,130][__main__][INFO] - [3, 17, 21], []
[2025-01-29 13:17:04,183][__main__][INFO] - [3, 17, 22], []
[2025-01-29 13:17:04,234][__main__][INFO] - [3, 17, 23], []
[2025-01-29 13:17:04,286][__main__][INFO] - [3, 17, 24], []
[2025-01-29 13:17:04,336][__main__][INFO] - [3, 17, 25], []
[2025-01-29 13:17:04,386][__main__][INFO] - [3, 17], [25]
[2025-01-29 13:17:04,443][__main__][INFO] - [3, 17, 26], []
[2025-01-29 13:17:04,493][__main__][INFO] - [3, 17], [26]
[2025-01-29 13:17:04,554][__main__][INFO] - [3, 17, 27], []
[2025-01-29 13:17:04,604][__main__][INFO] - [3, 17], [27]
[2025-01-29 13:17:04,665][__main__][INFO] - [3, 17, 28], []
[2025-01-29 13:17:04,722][__main__][INFO] - [3, 17, 29], []
[2025-01-29 13:17:04,804][__main__][INFO] - [3, 17, 31], []
[2025-01-29 13:17:04,855][__main__][INFO] - [3, 17], [31]
[2025-01-29 13:17:04,912][__main__][INFO] - [3, 17, 32], []
[2025-01-29 13:17:04,962][__main__][INFO] - [3, 17, 33], []
[2025-01-29 13:17:05,017][__main__][INFO] - [3, 17, 34], []
[2025-01-29 13:17:05,067][__main__][INFO] - [3, 17, 35], []
[2025-01-29 13:17:05,117][__main__][INFO] - [3, 17, 36], []
[2025-01-29 13:17:05,166][__main__][INFO] - [3, 17, 37], []
[2025-01-29 13:17:05,341][__main__][INFO] - [3, 18, 21], []
[2025-01-29 13:17:05,390][__main__][INFO] - [3, 18, 22], []
[2025-01-29 13:17:05,438][__main__][INFO] - [3, 18, 23], []
[2025-01-29 13:17:05,487][__main__][INFO] - [3, 18, 24], []
[2025-01-29 13:17:05,535][__main__][INFO] - [3, 18, 25], []
[2025-01-29 13:17:05,584][__main__][INFO] - [3, 18], [25]
[2025-01-29 13:17:05,661][__main__][INFO] - [3, 18], [26]
[2025-01-29 13:17:05,742][__main__][INFO] - [3, 18], [27]
[2025-01-29 13:17:05,790][__main__][INFO] - [3, 18, 28], []
[2025-01-29 13:17:05,902][__main__][INFO] - [3, 18, 31], []
[2025-01-29 13:17:05,951][__main__][INFO] - [3, 18], [31]
[2025-01-29 13:17:06,031][__main__][INFO] - [3, 18, 33], []
[2025-01-29 13:17:06,080][__main__][INFO] - [3, 18, 34], []
[2025-01-29 13:17:06,128][__main__][INFO] - [3, 18, 35], []
[2025-01-29 13:17:06,175][__main__][INFO] - [3, 18, 36], []
[2025-01-29 13:17:06,381][__main__][INFO] - [3, 19, 21], []
[2025-01-29 13:17:06,431][__main__][INFO] - [3, 19, 22], []
[2025-01-29 13:17:06,481][__main__][INFO] - [3, 19, 23], []
[2025-01-29 13:17:06,564][__main__][INFO] - [3, 19, 25], []
[2025-01-29 13:17:06,614][__main__][INFO] - [3, 19], [25]
[2025-01-29 13:17:06,695][__main__][INFO] - [3, 19], [26]
[2025-01-29 13:17:06,777][__main__][INFO] - [3, 19], [27]
[2025-01-29 13:17:06,828][__main__][INFO] - [3, 19, 28], []
[2025-01-29 13:17:06,942][__main__][INFO] - [3, 19, 31], []
[2025-01-29 13:17:06,992][__main__][INFO] - [3, 19], [31]
[2025-01-29 13:17:07,042][__main__][INFO] - [3, 19, 32], []
[2025-01-29 13:17:07,092][__main__][INFO] - [3, 19, 33], []
[2025-01-29 13:17:07,142][__main__][INFO] - [3, 19, 34], []
[2025-01-29 13:17:07,191][__main__][INFO] - [3, 19, 35], []
[2025-01-29 13:17:07,241][__main__][INFO] - [3, 19, 36], []
[2025-01-29 13:17:07,477][__main__][INFO] - [3, 21, 25], []
[2025-01-29 13:17:07,638][__main__][INFO] - [3, 21], [25]
[2025-01-29 13:17:07,862][__main__][INFO] - [3, 21, 26], []
[2025-01-29 13:17:07,913][__main__][INFO] - [3, 21], [26]
[2025-01-29 13:17:08,255][__main__][INFO] - [3, 21, 27], []
[2025-01-29 13:17:08,307][__main__][INFO] - [3, 21], [27]
[2025-01-29 13:17:08,653][__main__][INFO] - [3, 21, 28], []
[2025-01-29 13:17:08,985][__main__][INFO] - [3, 21, 29], []
[2025-01-29 13:17:09,073][__main__][INFO] - [3, 21, 31], []
[2025-01-29 13:17:09,257][__main__][INFO] - [3, 21], [31]
[2025-01-29 13:17:09,447][__main__][INFO] - [3, 21, 32], []
[2025-01-29 13:17:09,536][__main__][INFO] - [3, 21, 33], []
[2025-01-29 13:17:09,717][__main__][INFO] - [3, 21, 34], []
[2025-01-29 13:17:09,770][__main__][INFO] - [3, 21, 35], []
[2025-01-29 13:17:09,871][__main__][INFO] - [3, 21, 36], []
[2025-01-29 13:17:09,932][__main__][INFO] - [3, 21, 37], []
[2025-01-29 13:17:09,983][__main__][INFO] - [3, 21, 38], []
[2025-01-29 13:17:10,033][__main__][INFO] - [3, 21, 39], []
[2025-01-29 13:17:10,145][__main__][INFO] - [3, 22, 25], []
[2025-01-29 13:17:10,198][__main__][INFO] - [3, 22], [25]
[2025-01-29 13:17:10,339][__main__][INFO] - [3, 22, 26], []
[2025-01-29 13:17:10,390][__main__][INFO] - [3, 22], [26]
[2025-01-29 13:17:10,534][__main__][INFO] - [3, 22, 27], []
[2025-01-29 13:17:10,585][__main__][INFO] - [3, 22], [27]
[2025-01-29 13:17:10,732][__main__][INFO] - [3, 22, 28], []
[2025-01-29 13:17:10,876][__main__][INFO] - [3, 22, 29], []
[2025-01-29 13:17:10,960][__main__][INFO] - [3, 22, 31], []
[2025-01-29 13:17:11,056][__main__][INFO] - [3, 22], [31]
[2025-01-29 13:17:11,148][__main__][INFO] - [3, 22, 32], []
[2025-01-29 13:17:11,199][__main__][INFO] - [3, 22, 33], []
[2025-01-29 13:17:11,316][__main__][INFO] - [3, 22, 34], []
[2025-01-29 13:17:11,374][__main__][INFO] - [3, 22, 35], []
[2025-01-29 13:17:11,427][__main__][INFO] - [3, 22, 36], []
[2025-01-29 13:17:11,478][__main__][INFO] - [3, 22, 37], []
[2025-01-29 13:17:11,528][__main__][INFO] - [3, 22, 38], []
[2025-01-29 13:17:11,578][__main__][INFO] - [3, 22, 39], []
[2025-01-29 13:17:11,689][__main__][INFO] - [3, 23, 25], []
[2025-01-29 13:17:11,750][__main__][INFO] - [3, 23], [25]
[2025-01-29 13:17:11,851][__main__][INFO] - [3, 23, 26], []
[2025-01-29 13:17:11,901][__main__][INFO] - [3, 23], [26]
[2025-01-29 13:17:12,016][__main__][INFO] - [3, 23, 27], []
[2025-01-29 13:17:12,066][__main__][INFO] - [3, 23], [27]
[2025-01-29 13:17:12,183][__main__][INFO] - [3, 23, 28], []
[2025-01-29 13:17:12,295][__main__][INFO] - [3, 23, 29], []
[2025-01-29 13:17:12,378][__main__][INFO] - [3, 23, 31], []
[2025-01-29 13:17:12,456][__main__][INFO] - [3, 23], [31]
[2025-01-29 13:17:12,576][__main__][INFO] - [3, 23, 32], []
[2025-01-29 13:17:12,632][__main__][INFO] - [3, 23, 33], []
[2025-01-29 13:17:12,718][__main__][INFO] - [3, 23, 34], []
[2025-01-29 13:17:12,768][__main__][INFO] - [3, 23, 35], []
[2025-01-29 13:17:12,824][__main__][INFO] - [3, 23, 36], []
[2025-01-29 13:17:12,876][__main__][INFO] - [3, 23, 37], []
[2025-01-29 13:17:12,926][__main__][INFO] - [3, 23, 38], []
[2025-01-29 13:17:12,976][__main__][INFO] - [3, 23, 39], []
[2025-01-29 13:17:13,088][__main__][INFO] - [3, 24, 25], []
[2025-01-29 13:17:13,138][__main__][INFO] - [3, 24], [25]
[2025-01-29 13:17:13,223][__main__][INFO] - [3, 24], [26]
[2025-01-29 13:17:13,276][__main__][INFO] - [3, 24, 27], []
[2025-01-29 13:17:13,326][__main__][INFO] - [3, 24], [27]
[2025-01-29 13:17:13,379][__main__][INFO] - [3, 24, 28], []
[2025-01-29 13:17:13,433][__main__][INFO] - [3, 24, 29], []
[2025-01-29 13:17:13,515][__main__][INFO] - [3, 24, 31], []
[2025-01-29 13:17:13,566][__main__][INFO] - [3, 24], [31]
[2025-01-29 13:17:13,617][__main__][INFO] - [3, 24, 32], []
[2025-01-29 13:17:13,667][__main__][INFO] - [3, 24, 33], []
[2025-01-29 13:17:13,720][__main__][INFO] - [3, 24, 34], []
[2025-01-29 13:17:13,769][__main__][INFO] - [3, 24, 35], []
[2025-01-29 13:17:13,818][__main__][INFO] - [3, 24, 36], []
[2025-01-29 13:17:14,025][__main__][INFO] - [3, 25, 26], []
[2025-01-29 13:17:14,075][__main__][INFO] - [3, 25], [26]
[2025-01-29 13:17:14,258][__main__][INFO] - [3, 25, 27], []
[2025-01-29 13:17:14,307][__main__][INFO] - [3, 25], [27]
[2025-01-29 13:17:14,491][__main__][INFO] - [3, 25, 28], []
[2025-01-29 13:17:14,671][__main__][INFO] - [3, 25, 29], []
[2025-01-29 13:17:14,754][__main__][INFO] - [3, 25, 31], []
[2025-01-29 13:17:14,867][__main__][INFO] - [3, 25], [31]
[2025-01-29 13:17:14,979][__main__][INFO] - [3, 25, 32], []
[2025-01-29 13:17:15,048][__main__][INFO] - [3, 25, 33], []
[2025-01-29 13:17:15,141][__main__][INFO] - [3, 25, 34], []
[2025-01-29 13:17:15,193][__main__][INFO] - [3, 25, 35], []
[2025-01-29 13:17:15,280][__main__][INFO] - [3, 25, 36], []
[2025-01-29 13:17:15,330][__main__][INFO] - [3, 25, 37], []
[2025-01-29 13:17:15,380][__main__][INFO] - [3, 25, 38], []
[2025-01-29 13:17:15,430][__main__][INFO] - [3, 25, 39], []
[2025-01-29 13:17:15,542][__main__][INFO] - [3, 26], [25]
[2025-01-29 13:17:15,594][__main__][INFO] - [3], [25, 26]
[2025-01-29 13:17:16,000][__main__][INFO] - [3, 27], [25]
[2025-01-29 13:17:16,053][__main__][INFO] - [3], [25, 27]
[2025-01-29 13:17:16,459][__main__][INFO] - [3, 28], [25]
[2025-01-29 13:17:16,852][__main__][INFO] - [3, 29], [25]
[2025-01-29 13:17:16,947][__main__][INFO] - [3, 31], [25]
[2025-01-29 13:17:17,157][__main__][INFO] - [3], [25, 31]
[2025-01-29 13:17:17,377][__main__][INFO] - [3, 32], [25]
[2025-01-29 13:17:17,455][__main__][INFO] - [3, 33], [25]
[2025-01-29 13:17:17,717][__main__][INFO] - [3, 34], [25]
[2025-01-29 13:17:17,781][__main__][INFO] - [3, 35], [25]
[2025-01-29 13:17:17,854][__main__][INFO] - [3, 36], [25]
[2025-01-29 13:17:17,918][__main__][INFO] - [3, 37], [25]
[2025-01-29 13:17:17,969][__main__][INFO] - [3, 38], [25]
[2025-01-29 13:17:18,020][__main__][INFO] - [3, 39], [25]
[2025-01-29 13:17:18,132][__main__][INFO] - [3, 26, 27], []
[2025-01-29 13:17:18,182][__main__][INFO] - [3, 26], [27]
[2025-01-29 13:17:18,234][__main__][INFO] - [3, 26, 28], []
[2025-01-29 13:17:18,285][__main__][INFO] - [3, 26, 29], []
[2025-01-29 13:17:18,365][__main__][INFO] - [3, 26, 31], []
[2025-01-29 13:17:18,415][__main__][INFO] - [3, 26], [31]
[2025-01-29 13:17:18,467][__main__][INFO] - [3, 26, 32], []
[2025-01-29 13:17:18,517][__main__][INFO] - [3, 26, 33], []
[2025-01-29 13:17:18,568][__main__][INFO] - [3, 26, 34], []
[2025-01-29 13:17:18,618][__main__][INFO] - [3, 26, 35], []
[2025-01-29 13:17:18,668][__main__][INFO] - [3, 26, 36], []
[2025-01-29 13:17:18,872][__main__][INFO] - [3, 27], [26]
[2025-01-29 13:17:18,925][__main__][INFO] - [3], [26, 27]
[2025-01-29 13:17:19,487][__main__][INFO] - [3, 28], [26]
[2025-01-29 13:17:20,026][__main__][INFO] - [3, 29], [26]
[2025-01-29 13:17:20,121][__main__][INFO] - [3, 31], [26]
[2025-01-29 13:17:20,396][__main__][INFO] - [3], [26, 31]
[2025-01-29 13:17:20,678][__main__][INFO] - [3, 32], [26]
[2025-01-29 13:17:20,781][__main__][INFO] - [3, 33], [26]
[2025-01-29 13:17:21,099][__main__][INFO] - [3, 34], [26]
[2025-01-29 13:17:21,165][__main__][INFO] - [3, 35], [26]
[2025-01-29 13:17:21,284][__main__][INFO] - [3, 36], [26]
[2025-01-29 13:17:21,349][__main__][INFO] - [3, 37], [26]
[2025-01-29 13:17:21,400][__main__][INFO] - [3, 38], [26]
[2025-01-29 13:17:21,450][__main__][INFO] - [3, 39], [26]
[2025-01-29 13:17:21,564][__main__][INFO] - [3, 27, 28], []
[2025-01-29 13:17:21,616][__main__][INFO] - [3, 27, 29], []
[2025-01-29 13:17:21,699][__main__][INFO] - [3, 27, 31], []
[2025-01-29 13:17:21,750][__main__][INFO] - [3, 27], [31]
[2025-01-29 13:17:21,802][__main__][INFO] - [3, 27, 32], []
[2025-01-29 13:17:21,852][__main__][INFO] - [3, 27, 33], []
[2025-01-29 13:17:21,903][__main__][INFO] - [3, 27, 34], []
[2025-01-29 13:17:21,952][__main__][INFO] - [3, 27, 35], []
[2025-01-29 13:17:22,002][__main__][INFO] - [3, 27, 36], []
[2025-01-29 13:17:22,209][__main__][INFO] - [3, 28], [27]
[2025-01-29 13:17:22,748][__main__][INFO] - [3, 29], [27]
[2025-01-29 13:17:22,844][__main__][INFO] - [3, 31], [27]
[2025-01-29 13:17:23,120][__main__][INFO] - [3], [27, 31]
[2025-01-29 13:17:23,407][__main__][INFO] - [3, 32], [27]
[2025-01-29 13:17:23,506][__main__][INFO] - [3, 33], [27]
[2025-01-29 13:17:23,818][__main__][INFO] - [3, 34], [27]
[2025-01-29 13:17:23,884][__main__][INFO] - [3, 35], [27]
[2025-01-29 13:17:24,001][__main__][INFO] - [3, 36], [27]
[2025-01-29 13:17:24,066][__main__][INFO] - [3, 37], [27]
[2025-01-29 13:17:24,118][__main__][INFO] - [3, 38], [27]
[2025-01-29 13:17:24,168][__main__][INFO] - [3, 39], [27]
[2025-01-29 13:17:24,281][__main__][INFO] - [3, 28, 31], []
[2025-01-29 13:17:24,553][__main__][INFO] - [3, 28], [31]
[2025-01-29 13:17:24,835][__main__][INFO] - [3, 28, 32], []
[2025-01-29 13:17:24,934][__main__][INFO] - [3, 28, 33], []
[2025-01-29 13:17:25,243][__main__][INFO] - [3, 28, 34], []
[2025-01-29 13:17:25,308][__main__][INFO] - [3, 28, 35], []
[2025-01-29 13:17:25,425][__main__][INFO] - [3, 28, 36], []
[2025-01-29 13:17:25,489][__main__][INFO] - [3, 28, 37], []
[2025-01-29 13:17:25,540][__main__][INFO] - [3, 28, 38], []
[2025-01-29 13:17:25,591][__main__][INFO] - [3, 28, 39], []
[2025-01-29 13:17:25,703][__main__][INFO] - [3, 29, 31], []
[2025-01-29 13:17:25,756][__main__][INFO] - [3, 29], [31]
[2025-01-29 13:17:25,816][__main__][INFO] - [3, 29, 32], []
[2025-01-29 13:17:25,867][__main__][INFO] - [3, 29, 33], []
[2025-01-29 13:17:25,923][__main__][INFO] - [3, 29, 34], []
[2025-01-29 13:17:25,972][__main__][INFO] - [3, 29, 35], []
[2025-01-29 13:17:26,022][__main__][INFO] - [3, 29, 36], []
[2025-01-29 13:17:26,073][__main__][INFO] - [3, 29, 37], []
[2025-01-29 13:17:26,278][__main__][INFO] - [3, 31, 32], []
[2025-01-29 13:17:26,349][__main__][INFO] - [3, 31, 33], []
[2025-01-29 13:17:26,518][__main__][INFO] - [3, 31, 34], []
[2025-01-29 13:17:26,574][__main__][INFO] - [3, 31, 35], []
[2025-01-29 13:17:26,655][__main__][INFO] - [3, 31, 36], []
[2025-01-29 13:17:26,712][__main__][INFO] - [3, 31, 37], []
[2025-01-29 13:17:26,762][__main__][INFO] - [3, 31, 38], []
[2025-01-29 13:17:26,812][__main__][INFO] - [3, 31, 39], []
[2025-01-29 13:17:26,924][__main__][INFO] - [3, 32], [31]
[2025-01-29 13:17:26,996][__main__][INFO] - [3, 33], [31]
[2025-01-29 13:17:27,171][__main__][INFO] - [3, 34], [31]
[2025-01-29 13:17:27,228][__main__][INFO] - [3, 35], [31]
[2025-01-29 13:17:27,306][__main__][INFO] - [3, 36], [31]
[2025-01-29 13:17:27,363][__main__][INFO] - [3, 37], [31]
[2025-01-29 13:17:27,414][__main__][INFO] - [3, 38], [31]
[2025-01-29 13:17:27,463][__main__][INFO] - [3, 39], [31]
[2025-01-29 13:17:27,603][__main__][INFO] - [4, 10, 11], []
[2025-01-29 13:17:27,678][__main__][INFO] - [4, 10, 12], []
[2025-01-29 13:17:27,731][__main__][INFO] - [4, 10, 13], []
[2025-01-29 13:17:27,784][__main__][INFO] - [4, 10, 14], []
[2025-01-29 13:17:27,834][__main__][INFO] - [4, 10, 15], []
[2025-01-29 13:17:27,882][__main__][INFO] - [4, 10, 16], []
[2025-01-29 13:17:27,968][__main__][INFO] - [4, 10, 17], []
[2025-01-29 13:17:28,050][__main__][INFO] - [4, 10, 19], []
[2025-01-29 13:17:28,131][__main__][INFO] - [4, 10, 21], []
[2025-01-29 13:17:28,201][__main__][INFO] - [4, 10, 22], []
[2025-01-29 13:17:28,260][__main__][INFO] - [4, 10, 23], []
[2025-01-29 13:17:28,316][__main__][INFO] - [4, 10, 24], []
[2025-01-29 13:17:28,366][__main__][INFO] - [4, 10, 25], []
[2025-01-29 13:17:28,426][__main__][INFO] - [4, 10], [25]
[2025-01-29 13:17:28,501][__main__][INFO] - [4, 10, 26], []
[2025-01-29 13:17:28,558][__main__][INFO] - [4, 10], [26]
[2025-01-29 13:17:28,637][__main__][INFO] - [4, 10, 27], []
[2025-01-29 13:17:28,695][__main__][INFO] - [4, 10], [27]
[2025-01-29 13:17:28,773][__main__][INFO] - [4, 10, 28], []
[2025-01-29 13:17:28,841][__main__][INFO] - [4, 10, 29], []
[2025-01-29 13:17:28,939][__main__][INFO] - [4, 10, 31], []
[2025-01-29 13:17:29,005][__main__][INFO] - [4, 10], [31]
[2025-01-29 13:17:29,072][__main__][INFO] - [4, 10, 32], []
[2025-01-29 13:17:29,124][__main__][INFO] - [4, 10, 33], []
[2025-01-29 13:17:29,191][__main__][INFO] - [4, 10, 34], []
[2025-01-29 13:17:29,243][__main__][INFO] - [4, 10, 35], []
[2025-01-29 13:17:29,295][__main__][INFO] - [4, 10, 36], []
[2025-01-29 13:17:29,346][__main__][INFO] - [4, 10, 37], []
[2025-01-29 13:17:29,396][__main__][INFO] - [4, 10, 38], []
[2025-01-29 13:17:29,446][__main__][INFO] - [4, 10, 39], []
[2025-01-29 13:17:29,556][__main__][INFO] - [4, 11], [10]
[2025-01-29 13:17:29,863][__main__][INFO] - [4, 12], [10]
[2025-01-29 13:17:30,002][__main__][INFO] - [4, 13], [10]
[2025-01-29 13:17:30,141][__main__][INFO] - [4, 14], [10]
[2025-01-29 13:17:30,194][__main__][INFO] - [4, 15], [10]
[2025-01-29 13:17:30,245][__main__][INFO] - [4, 16], [10]
[2025-01-29 13:17:30,757][__main__][INFO] - [4, 17], [10]
[2025-01-29 13:17:30,816][__main__][INFO] - [4, 18], [10]
[2025-01-29 13:17:30,864][__main__][INFO] - [4, 19], [10]
[2025-01-29 13:17:30,947][__main__][INFO] - [4, 21], [10]
[2025-01-29 13:17:31,299][__main__][INFO] - [4, 22], [10]
[2025-01-29 13:17:31,429][__main__][INFO] - [4, 23], [10]
[2025-01-29 13:17:31,532][__main__][INFO] - [4, 24], [10]
[2025-01-29 13:17:31,585][__main__][INFO] - [4, 25], [10]
[2025-01-29 13:17:31,825][__main__][INFO] - [4], [10, 25]
[2025-01-29 13:17:32,170][__main__][INFO] - [4], [10, 26]
[2025-01-29 13:17:32,730][__main__][INFO] - [4], [10, 27]
[2025-01-29 13:17:33,252][__main__][INFO] - [4, 28], [10]
[2025-01-29 13:17:33,836][__main__][INFO] - [4, 31], [10]
[2025-01-29 13:17:34,106][__main__][INFO] - [4], [10, 31]
[2025-01-29 13:17:34,374][__main__][INFO] - [4, 32], [10]
[2025-01-29 13:17:34,470][__main__][INFO] - [4, 33], [10]
[2025-01-29 13:17:34,771][__main__][INFO] - [4, 34], [10]
[2025-01-29 13:17:34,832][__main__][INFO] - [4, 35], [10]
[2025-01-29 13:17:34,954][__main__][INFO] - [4, 36], [10]
[2025-01-29 13:17:35,016][__main__][INFO] - [4, 37], [10]
[2025-01-29 13:17:35,066][__main__][INFO] - [4, 38], [10]
[2025-01-29 13:17:35,116][__main__][INFO] - [4, 39], [10]
[2025-01-29 13:17:35,229][__main__][INFO] - [4, 11, 16], []
[2025-01-29 13:17:35,552][__main__][INFO] - [4, 11, 17], []
[2025-01-29 13:17:35,609][__main__][INFO] - [4, 11, 18], []
[2025-01-29 13:17:35,658][__main__][INFO] - [4, 11, 19], []
[2025-01-29 13:17:35,740][__main__][INFO] - [4, 11, 21], []
[2025-01-29 13:17:35,933][__main__][INFO] - [4, 11, 22], []
[2025-01-29 13:17:36,060][__main__][INFO] - [4, 11, 23], []
[2025-01-29 13:17:36,145][__main__][INFO] - [4, 11, 24], []
[2025-01-29 13:17:36,230][__main__][INFO] - [4, 11], [25]
[2025-01-29 13:17:36,574][__main__][INFO] - [4, 11, 26], []
[2025-01-29 13:17:36,634][__main__][INFO] - [4, 11], [26]
[2025-01-29 13:17:37,001][__main__][INFO] - [4, 11, 27], []
[2025-01-29 13:17:37,053][__main__][INFO] - [4, 11], [27]
[2025-01-29 13:17:37,389][__main__][INFO] - [4, 11, 28], []
[2025-01-29 13:17:37,712][__main__][INFO] - [4, 11, 29], []
[2025-01-29 13:17:37,807][__main__][INFO] - [4, 11, 31], []
[2025-01-29 13:17:37,987][__main__][INFO] - [4, 11], [31]
[2025-01-29 13:17:38,172][__main__][INFO] - [4, 11, 32], []
[2025-01-29 13:17:38,237][__main__][INFO] - [4, 11, 33], []
[2025-01-29 13:17:38,477][__main__][INFO] - [4, 11, 34], []
[2025-01-29 13:17:38,536][__main__][INFO] - [4, 11, 35], []
[2025-01-29 13:17:38,596][__main__][INFO] - [4, 11, 36], []
[2025-01-29 13:17:38,658][__main__][INFO] - [4, 11, 37], []
[2025-01-29 13:17:38,710][__main__][INFO] - [4, 11, 38], []
[2025-01-29 13:17:38,760][__main__][INFO] - [4, 11, 39], []
[2025-01-29 13:17:38,872][__main__][INFO] - [4, 12, 16], []
[2025-01-29 13:17:39,021][__main__][INFO] - [4, 12, 17], []
[2025-01-29 13:17:39,163][__main__][INFO] - [4, 12, 21], []
[2025-01-29 13:17:39,291][__main__][INFO] - [4, 12, 22], []
[2025-01-29 13:17:39,343][__main__][INFO] - [4, 12, 23], []
[2025-01-29 13:17:39,400][__main__][INFO] - [4, 12, 24], []
[2025-01-29 13:17:39,450][__main__][INFO] - [4, 12, 25], []
[2025-01-29 13:17:39,631][__main__][INFO] - [4, 12, 26], []
[2025-01-29 13:17:39,681][__main__][INFO] - [4, 12], [26]
[2025-01-29 13:17:39,827][__main__][INFO] - [4, 12, 27], []
[2025-01-29 13:17:39,877][__main__][INFO] - [4, 12], [27]
[2025-01-29 13:17:40,022][__main__][INFO] - [4, 12, 28], []
[2025-01-29 13:17:40,167][__main__][INFO] - [4, 12, 29], []
[2025-01-29 13:17:40,249][__main__][INFO] - [4, 12, 31], []
[2025-01-29 13:17:40,341][__main__][INFO] - [4, 12], [31]
[2025-01-29 13:17:40,433][__main__][INFO] - [4, 12, 32], []
[2025-01-29 13:17:40,504][__main__][INFO] - [4, 12, 33], []
[2025-01-29 13:17:40,590][__main__][INFO] - [4, 12, 34], []
[2025-01-29 13:17:40,639][__main__][INFO] - [4, 12, 35], []
[2025-01-29 13:17:40,706][__main__][INFO] - [4, 12, 36], []
[2025-01-29 13:17:40,756][__main__][INFO] - [4, 12, 37], []
[2025-01-29 13:17:40,806][__main__][INFO] - [4, 12, 38], []
[2025-01-29 13:17:40,856][__main__][INFO] - [4, 12, 39], []
[2025-01-29 13:17:40,968][__main__][INFO] - [4, 13, 16], []
[2025-01-29 13:17:41,109][__main__][INFO] - [4, 13, 17], []
[2025-01-29 13:17:41,159][__main__][INFO] - [4, 13, 18], []
[2025-01-29 13:17:41,208][__main__][INFO] - [4, 13, 19], []
[2025-01-29 13:17:41,290][__main__][INFO] - [4, 13, 21], []
[2025-01-29 13:17:41,414][__main__][INFO] - [4, 13, 22], []
[2025-01-29 13:17:41,468][__main__][INFO] - [4, 13, 23], []
[2025-01-29 13:17:41,527][__main__][INFO] - [4, 13, 24], []
[2025-01-29 13:17:41,577][__main__][INFO] - [4, 13, 25], []
[2025-01-29 13:17:41,755][__main__][INFO] - [4, 13, 26], []
[2025-01-29 13:17:41,805][__main__][INFO] - [4, 13], [26]
[2025-01-29 13:17:41,949][__main__][INFO] - [4, 13, 27], []
[2025-01-29 13:17:42,000][__main__][INFO] - [4, 13], [27]
[2025-01-29 13:17:42,145][__main__][INFO] - [4, 13, 28], []
[2025-01-29 13:17:42,290][__main__][INFO] - [4, 13, 29], []
[2025-01-29 13:17:42,372][__main__][INFO] - [4, 13, 31], []
[2025-01-29 13:17:42,470][__main__][INFO] - [4, 13], [31]
[2025-01-29 13:17:42,556][__main__][INFO] - [4, 13, 32], []
[2025-01-29 13:17:42,615][__main__][INFO] - [4, 13, 33], []
[2025-01-29 13:17:42,690][__main__][INFO] - [4, 13, 34], []
[2025-01-29 13:17:42,740][__main__][INFO] - [4, 13, 35], []
[2025-01-29 13:17:42,831][__main__][INFO] - [4, 13, 36], []
[2025-01-29 13:17:42,881][__main__][INFO] - [4, 13, 37], []
[2025-01-29 13:17:42,931][__main__][INFO] - [4, 13, 38], []
[2025-01-29 13:17:42,981][__main__][INFO] - [4, 13, 39], []
[2025-01-29 13:17:43,092][__main__][INFO] - [4, 14, 16], []
[2025-01-29 13:17:43,146][__main__][INFO] - [4, 14, 17], []
[2025-01-29 13:17:43,289][__main__][INFO] - [4, 14, 21], []
[2025-01-29 13:17:43,341][__main__][INFO] - [4, 14, 22], []
[2025-01-29 13:17:43,392][__main__][INFO] - [4, 14, 23], []
[2025-01-29 13:17:43,505][__main__][INFO] - [4, 14], [25]
[2025-01-29 13:17:43,591][__main__][INFO] - [4, 14], [26]
[2025-01-29 13:17:43,644][__main__][INFO] - [4, 14, 27], []
[2025-01-29 13:17:43,693][__main__][INFO] - [4, 14], [27]
[2025-01-29 13:17:43,747][__main__][INFO] - [4, 14, 28], []
[2025-01-29 13:17:43,800][__main__][INFO] - [4, 14, 29], []
[2025-01-29 13:17:43,882][__main__][INFO] - [4, 14, 31], []
[2025-01-29 13:17:43,934][__main__][INFO] - [4, 14], [31]
[2025-01-29 13:17:43,985][__main__][INFO] - [4, 14, 32], []
[2025-01-29 13:17:44,036][__main__][INFO] - [4, 14, 33], []
[2025-01-29 13:17:44,087][__main__][INFO] - [4, 14, 34], []
[2025-01-29 13:17:44,137][__main__][INFO] - [4, 14, 35], []
[2025-01-29 13:17:44,186][__main__][INFO] - [4, 14, 36], []
[2025-01-29 13:17:44,392][__main__][INFO] - [4, 15, 16], []
[2025-01-29 13:17:44,569][__main__][INFO] - [4, 15, 21], []
[2025-01-29 13:17:44,618][__main__][INFO] - [4, 15, 22], []
[2025-01-29 13:17:44,668][__main__][INFO] - [4, 15, 23], []
[2025-01-29 13:17:44,780][__main__][INFO] - [4, 15], [25]
[2025-01-29 13:17:44,862][__main__][INFO] - [4, 15], [26]
[2025-01-29 13:17:44,944][__main__][INFO] - [4, 15], [27]
[2025-01-29 13:17:44,994][__main__][INFO] - [4, 15, 28], []
[2025-01-29 13:17:45,108][__main__][INFO] - [4, 15, 31], []
[2025-01-29 13:17:45,158][__main__][INFO] - [4, 15], [31]
[2025-01-29 13:17:45,207][__main__][INFO] - [4, 15, 32], []
[2025-01-29 13:17:45,257][__main__][INFO] - [4, 15, 33], []
[2025-01-29 13:17:45,307][__main__][INFO] - [4, 15, 34], []
[2025-01-29 13:17:45,357][__main__][INFO] - [4, 15, 35], []
[2025-01-29 13:17:45,469][__main__][INFO] - [4, 15, 38], []
[2025-01-29 13:17:45,612][__main__][INFO] - [4, 16, 21], []
[2025-01-29 13:17:45,976][__main__][INFO] - [4, 16, 22], []
[2025-01-29 13:17:46,112][__main__][INFO] - [4, 16, 23], []
[2025-01-29 13:17:46,216][__main__][INFO] - [4, 16, 24], []
[2025-01-29 13:17:46,269][__main__][INFO] - [4, 16, 25], []
[2025-01-29 13:17:46,518][__main__][INFO] - [4, 16], [25]
[2025-01-29 13:17:46,848][__main__][INFO] - [4, 16, 26], []
[2025-01-29 13:17:46,904][__main__][INFO] - [4, 16], [26]
[2025-01-29 13:17:47,454][__main__][INFO] - [4, 16, 27], []
[2025-01-29 13:17:47,512][__main__][INFO] - [4, 16], [27]
[2025-01-29 13:17:48,058][__main__][INFO] - [4, 16, 28], []
[2025-01-29 13:17:48,591][__main__][INFO] - [4, 16, 29], []
[2025-01-29 13:17:48,688][__main__][INFO] - [4, 16, 31], []
[2025-01-29 13:17:48,975][__main__][INFO] - [4, 16], [31]
[2025-01-29 13:17:49,243][__main__][INFO] - [4, 16, 32], []
[2025-01-29 13:17:49,345][__main__][INFO] - [4, 16, 33], []
[2025-01-29 13:17:49,653][__main__][INFO] - [4, 16, 34], []
[2025-01-29 13:17:49,714][__main__][INFO] - [4, 16, 35], []
[2025-01-29 13:17:49,841][__main__][INFO] - [4, 16, 36], []
[2025-01-29 13:17:49,904][__main__][INFO] - [4, 16, 37], []
[2025-01-29 13:17:49,956][__main__][INFO] - [4, 16, 38], []
[2025-01-29 13:17:50,006][__main__][INFO] - [4, 16, 39], []
[2025-01-29 13:17:50,119][__main__][INFO] - [4, 17, 21], []
[2025-01-29 13:17:50,173][__main__][INFO] - [4, 17, 22], []
[2025-01-29 13:17:50,225][__main__][INFO] - [4, 17, 23], []
[2025-01-29 13:17:50,275][__main__][INFO] - [4, 17, 24], []
[2025-01-29 13:17:50,324][__main__][INFO] - [4, 17, 25], []
[2025-01-29 13:17:50,375][__main__][INFO] - [4, 17], [25]
[2025-01-29 13:17:50,433][__main__][INFO] - [4, 17, 26], []
[2025-01-29 13:17:50,483][__main__][INFO] - [4, 17], [26]
[2025-01-29 13:17:50,545][__main__][INFO] - [4, 17, 27], []
[2025-01-29 13:17:50,595][__main__][INFO] - [4, 17], [27]
[2025-01-29 13:17:50,658][__main__][INFO] - [4, 17, 28], []
[2025-01-29 13:17:50,720][__main__][INFO] - [4, 17, 29], []
[2025-01-29 13:17:50,800][__main__][INFO] - [4, 17, 31], []
[2025-01-29 13:17:50,851][__main__][INFO] - [4, 17], [31]
[2025-01-29 13:17:50,909][__main__][INFO] - [4, 17, 32], []
[2025-01-29 13:17:50,959][__main__][INFO] - [4, 17, 33], []
[2025-01-29 13:17:51,015][__main__][INFO] - [4, 17, 34], []
[2025-01-29 13:17:51,065][__main__][INFO] - [4, 17, 35], []
[2025-01-29 13:17:51,115][__main__][INFO] - [4, 17, 36], []
[2025-01-29 13:17:51,166][__main__][INFO] - [4, 17, 37], []
[2025-01-29 13:17:51,338][__main__][INFO] - [4, 18, 21], []
[2025-01-29 13:17:51,387][__main__][INFO] - [4, 18, 22], []
[2025-01-29 13:17:51,435][__main__][INFO] - [4, 18, 23], []
[2025-01-29 13:17:51,520][__main__][INFO] - [4, 18, 25], []
[2025-01-29 13:17:51,569][__main__][INFO] - [4, 18], [25]
[2025-01-29 13:17:51,649][__main__][INFO] - [4, 18], [26]
[2025-01-29 13:17:51,729][__main__][INFO] - [4, 18], [27]
[2025-01-29 13:17:51,777][__main__][INFO] - [4, 18, 28], []
[2025-01-29 13:17:51,888][__main__][INFO] - [4, 18, 31], []
[2025-01-29 13:17:51,937][__main__][INFO] - [4, 18], [31]
[2025-01-29 13:17:52,017][__main__][INFO] - [4, 18, 33], []
[2025-01-29 13:17:52,129][__main__][INFO] - [4, 18, 36], []
[2025-01-29 13:17:52,332][__main__][INFO] - [4, 19, 21], []
[2025-01-29 13:17:52,382][__main__][INFO] - [4, 19, 22], []
[2025-01-29 13:17:52,432][__main__][INFO] - [4, 19, 23], []
[2025-01-29 13:17:52,514][__main__][INFO] - [4, 19, 25], []
[2025-01-29 13:17:52,564][__main__][INFO] - [4, 19], [25]
[2025-01-29 13:17:52,614][__main__][INFO] - [4, 19, 26], []
[2025-01-29 13:17:52,673][__main__][INFO] - [4, 19], [26]
[2025-01-29 13:17:52,756][__main__][INFO] - [4, 19], [27]
[2025-01-29 13:17:52,806][__main__][INFO] - [4, 19, 28], []
[2025-01-29 13:17:52,856][__main__][INFO] - [4, 19, 29], []
[2025-01-29 13:17:52,937][__main__][INFO] - [4, 19, 31], []
[2025-01-29 13:17:52,987][__main__][INFO] - [4, 19], [31]
[2025-01-29 13:17:53,038][__main__][INFO] - [4, 19, 32], []
[2025-01-29 13:17:53,088][__main__][INFO] - [4, 19, 33], []
[2025-01-29 13:17:53,138][__main__][INFO] - [4, 19, 34], []
[2025-01-29 13:17:53,188][__main__][INFO] - [4, 19, 35], []
[2025-01-29 13:17:53,238][__main__][INFO] - [4, 19, 36], []
[2025-01-29 13:17:53,473][__main__][INFO] - [4, 21, 25], []
[2025-01-29 13:17:53,689][__main__][INFO] - [4, 21], [25]
[2025-01-29 13:17:53,887][__main__][INFO] - [4, 21, 26], []
[2025-01-29 13:17:53,939][__main__][INFO] - [4, 21], [26]
[2025-01-29 13:17:54,309][__main__][INFO] - [4, 21, 27], []
[2025-01-29 13:17:54,360][__main__][INFO] - [4, 21], [27]
[2025-01-29 13:17:54,732][__main__][INFO] - [4, 21, 28], []
[2025-01-29 13:17:55,093][__main__][INFO] - [4, 21, 29], []
[2025-01-29 13:17:55,181][__main__][INFO] - [4, 21, 31], []
[2025-01-29 13:17:55,381][__main__][INFO] - [4, 21], [31]
[2025-01-29 13:17:55,582][__main__][INFO] - [4, 21, 32], []
[2025-01-29 13:17:55,670][__main__][INFO] - [4, 21, 33], []
[2025-01-29 13:17:55,865][__main__][INFO] - [4, 21, 34], []
[2025-01-29 13:17:55,918][__main__][INFO] - [4, 21, 35], []
[2025-01-29 13:17:56,029][__main__][INFO] - [4, 21, 36], []
[2025-01-29 13:17:56,090][__main__][INFO] - [4, 21, 37], []
[2025-01-29 13:17:56,141][__main__][INFO] - [4, 21, 38], []
[2025-01-29 13:17:56,191][__main__][INFO] - [4, 21, 39], []
[2025-01-29 13:17:56,303][__main__][INFO] - [4, 22, 25], []
[2025-01-29 13:17:56,358][__main__][INFO] - [4, 22], [25]
[2025-01-29 13:17:56,487][__main__][INFO] - [4, 22, 26], []
[2025-01-29 13:17:56,538][__main__][INFO] - [4, 22], [26]
[2025-01-29 13:17:56,678][__main__][INFO] - [4, 22, 27], []
[2025-01-29 13:17:56,729][__main__][INFO] - [4, 22], [27]
[2025-01-29 13:17:56,867][__main__][INFO] - [4, 22, 28], []
[2025-01-29 13:17:57,001][__main__][INFO] - [4, 22, 29], []
[2025-01-29 13:17:57,085][__main__][INFO] - [4, 22, 31], []
[2025-01-29 13:17:57,177][__main__][INFO] - [4, 22], [31]
[2025-01-29 13:17:57,270][__main__][INFO] - [4, 22, 32], []
[2025-01-29 13:17:57,321][__main__][INFO] - [4, 22, 33], []
[2025-01-29 13:17:57,434][__main__][INFO] - [4, 22, 34], []
[2025-01-29 13:17:57,490][__main__][INFO] - [4, 22, 35], []
[2025-01-29 13:17:57,543][__main__][INFO] - [4, 22, 36], []
[2025-01-29 13:17:57,593][__main__][INFO] - [4, 22, 37], []
[2025-01-29 13:17:57,644][__main__][INFO] - [4, 22, 38], []
[2025-01-29 13:17:57,694][__main__][INFO] - [4, 22, 39], []
[2025-01-29 13:17:57,805][__main__][INFO] - [4, 23, 25], []
[2025-01-29 13:17:57,871][__main__][INFO] - [4, 23], [25]
[2025-01-29 13:17:57,959][__main__][INFO] - [4, 23, 26], []
[2025-01-29 13:17:58,009][__main__][INFO] - [4, 23], [26]
[2025-01-29 13:17:58,116][__main__][INFO] - [4, 23, 27], []
[2025-01-29 13:17:58,166][__main__][INFO] - [4, 23], [27]
[2025-01-29 13:17:58,274][__main__][INFO] - [4, 23, 28], []
[2025-01-29 13:17:58,379][__main__][INFO] - [4, 23, 29], []
[2025-01-29 13:17:58,461][__main__][INFO] - [4, 23, 31], []
[2025-01-29 13:17:58,538][__main__][INFO] - [4, 23], [31]
[2025-01-29 13:17:58,616][__main__][INFO] - [4, 23, 32], []
[2025-01-29 13:17:58,671][__main__][INFO] - [4, 23, 33], []
[2025-01-29 13:17:58,753][__main__][INFO] - [4, 23, 34], []
[2025-01-29 13:17:58,803][__main__][INFO] - [4, 23, 35], []
[2025-01-29 13:17:58,859][__main__][INFO] - [4, 23, 36], []
[2025-01-29 13:17:58,909][__main__][INFO] - [4, 23, 37], []
[2025-01-29 13:17:58,959][__main__][INFO] - [4, 23, 38], []
[2025-01-29 13:17:59,009][__main__][INFO] - [4, 23, 39], []
[2025-01-29 13:17:59,121][__main__][INFO] - [4, 24, 25], []
[2025-01-29 13:17:59,171][__main__][INFO] - [4, 24], [25]
[2025-01-29 13:17:59,224][__main__][INFO] - [4, 24, 26], []
[2025-01-29 13:17:59,273][__main__][INFO] - [4, 24], [26]
[2025-01-29 13:17:59,327][__main__][INFO] - [4, 24, 27], []
[2025-01-29 13:17:59,376][__main__][INFO] - [4, 24], [27]
[2025-01-29 13:17:59,429][__main__][INFO] - [4, 24, 28], []
[2025-01-29 13:17:59,483][__main__][INFO] - [4, 24, 29], []
[2025-01-29 13:17:59,564][__main__][INFO] - [4, 24, 31], []
[2025-01-29 13:17:59,615][__main__][INFO] - [4, 24], [31]
[2025-01-29 13:17:59,667][__main__][INFO] - [4, 24, 32], []
[2025-01-29 13:17:59,717][__main__][INFO] - [4, 24, 33], []
[2025-01-29 13:17:59,769][__main__][INFO] - [4, 24, 34], []
[2025-01-29 13:17:59,819][__main__][INFO] - [4, 24, 35], []
[2025-01-29 13:17:59,869][__main__][INFO] - [4, 24, 36], []
[2025-01-29 13:18:00,074][__main__][INFO] - [4, 25, 26], []
[2025-01-29 13:18:00,125][__main__][INFO] - [4, 25], [26]
[2025-01-29 13:18:00,374][__main__][INFO] - [4, 25, 27], []
[2025-01-29 13:18:00,423][__main__][INFO] - [4, 25], [27]
[2025-01-29 13:18:00,679][__main__][INFO] - [4, 25, 28], []
[2025-01-29 13:18:00,958][__main__][INFO] - [4, 25, 29], []
[2025-01-29 13:18:01,043][__main__][INFO] - [4, 25, 31], []
[2025-01-29 13:18:01,190][__main__][INFO] - [4, 25], [31]
[2025-01-29 13:18:01,330][__main__][INFO] - [4, 25, 32], []
[2025-01-29 13:18:01,412][__main__][INFO] - [4, 25, 33], []
[2025-01-29 13:18:01,527][__main__][INFO] - [4, 25, 34], []
[2025-01-29 13:18:01,579][__main__][INFO] - [4, 25, 35], []
[2025-01-29 13:18:01,689][__main__][INFO] - [4, 25, 36], []
[2025-01-29 13:18:01,740][__main__][INFO] - [4, 25, 37], []
[2025-01-29 13:18:01,790][__main__][INFO] - [4, 25, 38], []
[2025-01-29 13:18:01,840][__main__][INFO] - [4, 25, 39], []
[2025-01-29 13:18:01,950][__main__][INFO] - [4, 26], [25]
[2025-01-29 13:18:02,002][__main__][INFO] - [4], [25, 26]
[2025-01-29 13:18:02,351][__main__][INFO] - [4, 27], [25]
[2025-01-29 13:18:02,404][__main__][INFO] - [4], [25, 27]
[2025-01-29 13:18:02,747][__main__][INFO] - [4, 28], [25]
[2025-01-29 13:18:03,078][__main__][INFO] - [4, 29], [25]
[2025-01-29 13:18:03,173][__main__][INFO] - [4, 31], [25]
[2025-01-29 13:18:03,361][__main__][INFO] - [4], [25, 31]
[2025-01-29 13:18:03,552][__main__][INFO] - [4, 32], [25]
[2025-01-29 13:18:03,617][__main__][INFO] - [4, 33], [25]
[2025-01-29 13:18:03,865][__main__][INFO] - [4, 34], [25]
[2025-01-29 13:18:03,925][__main__][INFO] - [4, 35], [25]
[2025-01-29 13:18:03,987][__main__][INFO] - [4, 36], [25]
[2025-01-29 13:18:04,050][__main__][INFO] - [4, 37], [25]
[2025-01-29 13:18:04,101][__main__][INFO] - [4, 38], [25]
[2025-01-29 13:18:04,152][__main__][INFO] - [4, 39], [25]
[2025-01-29 13:18:04,264][__main__][INFO] - [4, 26, 27], []
[2025-01-29 13:18:04,315][__main__][INFO] - [4, 26], [27]
[2025-01-29 13:18:04,371][__main__][INFO] - [4, 26, 28], []
[2025-01-29 13:18:04,423][__main__][INFO] - [4, 26, 29], []
[2025-01-29 13:18:04,504][__main__][INFO] - [4, 26, 31], []
[2025-01-29 13:18:04,555][__main__][INFO] - [4, 26], [31]
[2025-01-29 13:18:04,608][__main__][INFO] - [4, 26, 32], []
[2025-01-29 13:18:04,658][__main__][INFO] - [4, 26, 33], []
[2025-01-29 13:18:04,710][__main__][INFO] - [4, 26, 34], []
[2025-01-29 13:18:04,760][__main__][INFO] - [4, 26, 35], []
[2025-01-29 13:18:04,810][__main__][INFO] - [4, 26, 36], []
[2025-01-29 13:18:05,014][__main__][INFO] - [4, 27], [26]
[2025-01-29 13:18:05,070][__main__][INFO] - [4], [26, 27]
[2025-01-29 13:18:05,627][__main__][INFO] - [4, 28], [26]
[2025-01-29 13:18:06,178][__main__][INFO] - [4, 29], [26]
[2025-01-29 13:18:06,273][__main__][INFO] - [4, 31], [26]
[2025-01-29 13:18:06,568][__main__][INFO] - [4], [26, 31]
[2025-01-29 13:18:06,854][__main__][INFO] - [4, 32], [26]
[2025-01-29 13:18:06,955][__main__][INFO] - [4, 33], [26]
[2025-01-29 13:18:07,269][__main__][INFO] - [4, 34], [26]
[2025-01-29 13:18:07,331][__main__][INFO] - [4, 35], [26]
[2025-01-29 13:18:07,458][__main__][INFO] - [4, 36], [26]
[2025-01-29 13:18:07,522][__main__][INFO] - [4, 37], [26]
[2025-01-29 13:18:07,574][__main__][INFO] - [4, 38], [26]
[2025-01-29 13:18:07,624][__main__][INFO] - [4, 39], [26]
[2025-01-29 13:18:07,737][__main__][INFO] - [4, 27, 28], []
[2025-01-29 13:18:07,789][__main__][INFO] - [4, 27, 29], []
[2025-01-29 13:18:07,872][__main__][INFO] - [4, 27, 31], []
[2025-01-29 13:18:07,924][__main__][INFO] - [4, 27], [31]
[2025-01-29 13:18:07,975][__main__][INFO] - [4, 27, 32], []
[2025-01-29 13:18:08,024][__main__][INFO] - [4, 27, 33], []
[2025-01-29 13:18:08,076][__main__][INFO] - [4, 27, 34], []
[2025-01-29 13:18:08,126][__main__][INFO] - [4, 27, 35], []
[2025-01-29 13:18:08,176][__main__][INFO] - [4, 27, 36], []
[2025-01-29 13:18:08,383][__main__][INFO] - [4, 28], [27]
[2025-01-29 13:18:08,934][__main__][INFO] - [4, 29], [27]
[2025-01-29 13:18:09,028][__main__][INFO] - [4, 31], [27]
[2025-01-29 13:18:09,313][__main__][INFO] - [4], [27, 31]
[2025-01-29 13:18:09,594][__main__][INFO] - [4, 32], [27]
[2025-01-29 13:18:09,696][__main__][INFO] - [4, 33], [27]
[2025-01-29 13:18:10,014][__main__][INFO] - [4, 34], [27]
[2025-01-29 13:18:10,079][__main__][INFO] - [4, 35], [27]
[2025-01-29 13:18:10,205][__main__][INFO] - [4, 36], [27]
[2025-01-29 13:18:10,269][__main__][INFO] - [4, 37], [27]
[2025-01-29 13:18:10,321][__main__][INFO] - [4, 38], [27]
[2025-01-29 13:18:10,372][__main__][INFO] - [4, 39], [27]
[2025-01-29 13:18:10,484][__main__][INFO] - [4, 28, 31], []
[2025-01-29 13:18:10,765][__main__][INFO] - [4, 28], [31]
[2025-01-29 13:18:11,040][__main__][INFO] - [4, 28, 32], []
[2025-01-29 13:18:11,139][__main__][INFO] - [4, 28, 33], []
[2025-01-29 13:18:11,446][__main__][INFO] - [4, 28, 34], []
[2025-01-29 13:18:11,508][__main__][INFO] - [4, 28, 35], []
[2025-01-29 13:18:11,634][__main__][INFO] - [4, 28, 36], []
[2025-01-29 13:18:11,697][__main__][INFO] - [4, 28, 37], []
[2025-01-29 13:18:11,749][__main__][INFO] - [4, 28, 38], []
[2025-01-29 13:18:11,800][__main__][INFO] - [4, 28, 39], []
[2025-01-29 13:18:11,912][__main__][INFO] - [4, 29, 31], []
[2025-01-29 13:18:11,966][__main__][INFO] - [4, 29], [31]
[2025-01-29 13:18:12,025][__main__][INFO] - [4, 29, 32], []
[2025-01-29 13:18:12,075][__main__][INFO] - [4, 29, 33], []
[2025-01-29 13:18:12,131][__main__][INFO] - [4, 29, 34], []
[2025-01-29 13:18:12,181][__main__][INFO] - [4, 29, 35], []
[2025-01-29 13:18:12,232][__main__][INFO] - [4, 29, 36], []
[2025-01-29 13:18:12,283][__main__][INFO] - [4, 29, 37], []
[2025-01-29 13:18:12,364][__main__][INFO] - [4, 29, 39], []
[2025-01-29 13:18:12,506][__main__][INFO] - [4, 31, 32], []
[2025-01-29 13:18:12,577][__main__][INFO] - [4, 31, 33], []
[2025-01-29 13:18:12,749][__main__][INFO] - [4, 31, 34], []
[2025-01-29 13:18:12,806][__main__][INFO] - [4, 31, 35], []
[2025-01-29 13:18:12,893][__main__][INFO] - [4, 31, 36], []
[2025-01-29 13:18:12,949][__main__][INFO] - [4, 31, 37], []
[2025-01-29 13:18:12,999][__main__][INFO] - [4, 31, 38], []
[2025-01-29 13:18:13,049][__main__][INFO] - [4, 31, 39], []
[2025-01-29 13:18:13,160][__main__][INFO] - [4, 32], [31]
[2025-01-29 13:18:13,232][__main__][INFO] - [4, 33], [31]
[2025-01-29 13:18:13,409][__main__][INFO] - [4, 34], [31]
[2025-01-29 13:18:13,464][__main__][INFO] - [4, 35], [31]
[2025-01-29 13:18:13,545][__main__][INFO] - [4, 36], [31]
[2025-01-29 13:18:13,601][__main__][INFO] - [4, 37], [31]
[2025-01-29 13:18:13,651][__main__][INFO] - [4, 38], [31]
[2025-01-29 13:18:13,701][__main__][INFO] - [4, 39], [31]
[2025-01-29 13:18:13,842][__main__][INFO] - [5, 10, 11], []
[2025-01-29 13:18:13,926][__main__][INFO] - [5, 10, 12], []
[2025-01-29 13:18:13,980][__main__][INFO] - [5, 10, 13], []
[2025-01-29 13:18:14,039][__main__][INFO] - [5, 10, 14], []
[2025-01-29 13:18:14,089][__main__][INFO] - [5, 10, 15], []
[2025-01-29 13:18:14,137][__main__][INFO] - [5, 10, 16], []
[2025-01-29 13:18:14,240][__main__][INFO] - [5, 10, 17], []
[2025-01-29 13:18:14,324][__main__][INFO] - [5, 10, 19], []
[2025-01-29 13:18:14,406][__main__][INFO] - [5, 10, 21], []
[2025-01-29 13:18:14,485][__main__][INFO] - [5, 10, 22], []
[2025-01-29 13:18:14,546][__main__][INFO] - [5, 10, 23], []
[2025-01-29 13:18:14,604][__main__][INFO] - [5, 10, 24], []
[2025-01-29 13:18:14,654][__main__][INFO] - [5, 10, 25], []
[2025-01-29 13:18:14,719][__main__][INFO] - [5, 10], [25]
[2025-01-29 13:18:14,805][__main__][INFO] - [5, 10, 26], []
[2025-01-29 13:18:14,865][__main__][INFO] - [5, 10], [26]
[2025-01-29 13:18:14,956][__main__][INFO] - [5, 10, 27], []
[2025-01-29 13:18:15,018][__main__][INFO] - [5, 10], [27]
[2025-01-29 13:18:15,108][__main__][INFO] - [5, 10, 28], []
[2025-01-29 13:18:15,189][__main__][INFO] - [5, 10, 29], []
[2025-01-29 13:18:15,289][__main__][INFO] - [5, 10, 31], []
[2025-01-29 13:18:15,363][__main__][INFO] - [5, 10], [31]
[2025-01-29 13:18:15,438][__main__][INFO] - [5, 10, 32], []
[2025-01-29 13:18:15,491][__main__][INFO] - [5, 10, 33], []
[2025-01-29 13:18:15,568][__main__][INFO] - [5, 10, 34], []
[2025-01-29 13:18:15,618][__main__][INFO] - [5, 10, 35], []
[2025-01-29 13:18:15,670][__main__][INFO] - [5, 10, 36], []
[2025-01-29 13:18:15,723][__main__][INFO] - [5, 10, 37], []
[2025-01-29 13:18:15,773][__main__][INFO] - [5, 10, 38], []
[2025-01-29 13:18:15,823][__main__][INFO] - [5, 10, 39], []
[2025-01-29 13:18:15,935][__main__][INFO] - [5, 11], [10]
[2025-01-29 13:18:16,226][__main__][INFO] - [5, 12], [10]
[2025-01-29 13:18:16,335][__main__][INFO] - [5, 13], [10]
[2025-01-29 13:18:16,490][__main__][INFO] - [5, 14], [10]
[2025-01-29 13:18:16,543][__main__][INFO] - [5, 15], [10]
[2025-01-29 13:18:16,593][__main__][INFO] - [5, 16], [10]
[2025-01-29 13:18:17,071][__main__][INFO] - [5, 17], [10]
[2025-01-29 13:18:17,133][__main__][INFO] - [5, 18], [10]
[2025-01-29 13:18:17,181][__main__][INFO] - [5, 19], [10]
[2025-01-29 13:18:17,264][__main__][INFO] - [5, 21], [10]
[2025-01-29 13:18:17,593][__main__][INFO] - [5, 22], [10]
[2025-01-29 13:18:17,723][__main__][INFO] - [5, 23], [10]
[2025-01-29 13:18:17,818][__main__][INFO] - [5, 24], [10]
[2025-01-29 13:18:17,871][__main__][INFO] - [5, 25], [10]
[2025-01-29 13:18:18,098][__main__][INFO] - [5], [10, 25]
[2025-01-29 13:18:18,430][__main__][INFO] - [5], [10, 26]
[2025-01-29 13:18:18,945][__main__][INFO] - [5], [10, 27]
[2025-01-29 13:18:19,440][__main__][INFO] - [5, 28], [10]
[2025-01-29 13:18:19,990][__main__][INFO] - [5, 31], [10]
[2025-01-29 13:18:20,247][__main__][INFO] - [5], [10, 31]
[2025-01-29 13:18:20,492][__main__][INFO] - [5, 32], [10]
[2025-01-29 13:18:20,575][__main__][INFO] - [5, 33], [10]
[2025-01-29 13:18:20,880][__main__][INFO] - [5, 34], [10]
[2025-01-29 13:18:20,936][__main__][INFO] - [5, 35], [10]
[2025-01-29 13:18:21,045][__main__][INFO] - [5, 36], [10]
[2025-01-29 13:18:21,106][__main__][INFO] - [5, 37], [10]
[2025-01-29 13:18:21,157][__main__][INFO] - [5, 38], [10]
[2025-01-29 13:18:21,206][__main__][INFO] - [5, 39], [10]
[2025-01-29 13:18:21,317][__main__][INFO] - [5, 11, 16], []
[2025-01-29 13:18:21,629][__main__][INFO] - [5, 11, 17], []
[2025-01-29 13:18:21,693][__main__][INFO] - [5, 11, 18], []
[2025-01-29 13:18:21,741][__main__][INFO] - [5, 11, 19], []
[2025-01-29 13:18:21,823][__main__][INFO] - [5, 11, 21], []
[2025-01-29 13:18:22,011][__main__][INFO] - [5, 11, 22], []
[2025-01-29 13:18:22,144][__main__][INFO] - [5, 11, 23], []
[2025-01-29 13:18:22,226][__main__][INFO] - [5, 11, 24], []
[2025-01-29 13:18:22,310][__main__][INFO] - [5, 11], [25]
[2025-01-29 13:18:22,654][__main__][INFO] - [5, 11, 26], []
[2025-01-29 13:18:22,707][__main__][INFO] - [5, 11], [26]
[2025-01-29 13:18:23,030][__main__][INFO] - [5, 11, 27], []
[2025-01-29 13:18:23,084][__main__][INFO] - [5, 11], [27]
[2025-01-29 13:18:23,408][__main__][INFO] - [5, 11, 28], []
[2025-01-29 13:18:23,731][__main__][INFO] - [5, 11, 29], []
[2025-01-29 13:18:23,826][__main__][INFO] - [5, 11, 31], []
[2025-01-29 13:18:24,009][__main__][INFO] - [5, 11], [31]
[2025-01-29 13:18:24,185][__main__][INFO] - [5, 11, 32], []
[2025-01-29 13:18:24,242][__main__][INFO] - [5, 11, 33], []
[2025-01-29 13:18:24,506][__main__][INFO] - [5, 11, 34], []
[2025-01-29 13:18:24,561][__main__][INFO] - [5, 11, 35], []
[2025-01-29 13:18:24,616][__main__][INFO] - [5, 11, 36], []
[2025-01-29 13:18:24,679][__main__][INFO] - [5, 11, 37], []
[2025-01-29 13:18:24,730][__main__][INFO] - [5, 11, 38], []
[2025-01-29 13:18:24,780][__main__][INFO] - [5, 11, 39], []
[2025-01-29 13:18:24,891][__main__][INFO] - [5, 12, 16], []
[2025-01-29 13:18:25,005][__main__][INFO] - [5, 12, 17], []
[2025-01-29 13:18:25,148][__main__][INFO] - [5, 12, 21], []
[2025-01-29 13:18:25,251][__main__][INFO] - [5, 12, 22], []
[2025-01-29 13:18:25,302][__main__][INFO] - [5, 12, 23], []
[2025-01-29 13:18:25,356][__main__][INFO] - [5, 12, 24], []
[2025-01-29 13:18:25,405][__main__][INFO] - [5, 12, 25], []
[2025-01-29 13:18:25,553][__main__][INFO] - [5, 12, 26], []
[2025-01-29 13:18:25,602][__main__][INFO] - [5, 12], [26]
[2025-01-29 13:18:25,719][__main__][INFO] - [5, 12, 27], []
[2025-01-29 13:18:25,769][__main__][INFO] - [5, 12], [27]
[2025-01-29 13:18:25,883][__main__][INFO] - [5, 12, 28], []
[2025-01-29 13:18:25,997][__main__][INFO] - [5, 12, 29], []
[2025-01-29 13:18:26,078][__main__][INFO] - [5, 12, 31], []
[2025-01-29 13:18:26,156][__main__][INFO] - [5, 12], [31]
[2025-01-29 13:18:26,233][__main__][INFO] - [5, 12, 32], []
[2025-01-29 13:18:26,297][__main__][INFO] - [5, 12, 33], []
[2025-01-29 13:18:26,371][__main__][INFO] - [5, 12, 34], []
[2025-01-29 13:18:26,421][__main__][INFO] - [5, 12, 35], []
[2025-01-29 13:18:26,480][__main__][INFO] - [5, 12, 36], []
[2025-01-29 13:18:26,529][__main__][INFO] - [5, 12, 37], []
[2025-01-29 13:18:26,578][__main__][INFO] - [5, 12, 38], []
[2025-01-29 13:18:26,628][__main__][INFO] - [5, 12, 39], []
[2025-01-29 13:18:26,738][__main__][INFO] - [5, 13, 16], []
[2025-01-29 13:18:26,900][__main__][INFO] - [5, 13, 17], []
[2025-01-29 13:18:26,981][__main__][INFO] - [5, 13, 19], []
[2025-01-29 13:18:27,062][__main__][INFO] - [5, 13, 21], []
[2025-01-29 13:18:27,209][__main__][INFO] - [5, 13, 22], []
[2025-01-29 13:18:27,262][__main__][INFO] - [5, 13, 23], []
[2025-01-29 13:18:27,321][__main__][INFO] - [5, 13, 24], []
[2025-01-29 13:18:27,370][__main__][INFO] - [5, 13, 25], []
[2025-01-29 13:18:27,568][__main__][INFO] - [5, 13, 26], []
[2025-01-29 13:18:27,618][__main__][INFO] - [5, 13], [26]
[2025-01-29 13:18:27,781][__main__][INFO] - [5, 13, 27], []
[2025-01-29 13:18:27,832][__main__][INFO] - [5, 13], [27]
[2025-01-29 13:18:27,995][__main__][INFO] - [5, 13, 28], []
[2025-01-29 13:18:28,158][__main__][INFO] - [5, 13, 29], []
[2025-01-29 13:18:28,240][__main__][INFO] - [5, 13, 31], []
[2025-01-29 13:18:28,347][__main__][INFO] - [5, 13], [31]
[2025-01-29 13:18:28,447][__main__][INFO] - [5, 13, 32], []
[2025-01-29 13:18:28,510][__main__][INFO] - [5, 13, 33], []
[2025-01-29 13:18:28,592][__main__][INFO] - [5, 13, 34], []
[2025-01-29 13:18:28,643][__main__][INFO] - [5, 13, 35], []
[2025-01-29 13:18:28,735][__main__][INFO] - [5, 13, 36], []
[2025-01-29 13:18:28,785][__main__][INFO] - [5, 13, 37], []
[2025-01-29 13:18:28,834][__main__][INFO] - [5, 13, 38], []
[2025-01-29 13:18:28,884][__main__][INFO] - [5, 13, 39], []
[2025-01-29 13:18:28,994][__main__][INFO] - [5, 14, 16], []
[2025-01-29 13:18:29,046][__main__][INFO] - [5, 14, 17], []
[2025-01-29 13:18:29,189][__main__][INFO] - [5, 14, 21], []
[2025-01-29 13:18:29,240][__main__][INFO] - [5, 14, 22], []
[2025-01-29 13:18:29,290][__main__][INFO] - [5, 14, 23], []
[2025-01-29 13:18:29,339][__main__][INFO] - [5, 14, 24], []
[2025-01-29 13:18:29,418][__main__][INFO] - [5, 14], [25]
[2025-01-29 13:18:29,471][__main__][INFO] - [5, 14, 26], []
[2025-01-29 13:18:29,520][__main__][INFO] - [5, 14], [26]
[2025-01-29 13:18:29,572][__main__][INFO] - [5, 14, 27], []
[2025-01-29 13:18:29,621][__main__][INFO] - [5, 14], [27]
[2025-01-29 13:18:29,674][__main__][INFO] - [5, 14, 28], []
[2025-01-29 13:18:29,727][__main__][INFO] - [5, 14, 29], []
[2025-01-29 13:18:29,807][__main__][INFO] - [5, 14, 31], []
[2025-01-29 13:18:29,858][__main__][INFO] - [5, 14], [31]
[2025-01-29 13:18:29,909][__main__][INFO] - [5, 14, 32], []
[2025-01-29 13:18:29,958][__main__][INFO] - [5, 14, 33], []
[2025-01-29 13:18:30,009][__main__][INFO] - [5, 14, 34], []
[2025-01-29 13:18:30,058][__main__][INFO] - [5, 14, 35], []
[2025-01-29 13:18:30,108][__main__][INFO] - [5, 14, 36], []
[2025-01-29 13:18:30,312][__main__][INFO] - [5, 15, 16], []
[2025-01-29 13:18:30,486][__main__][INFO] - [5, 15, 21], []
[2025-01-29 13:18:30,535][__main__][INFO] - [5, 15, 22], []
[2025-01-29 13:18:30,678][__main__][INFO] - [5, 15], [25]
[2025-01-29 13:18:30,759][__main__][INFO] - [5, 15], [26]
[2025-01-29 13:18:30,840][__main__][INFO] - [5, 15], [27]
[2025-01-29 13:18:30,889][__main__][INFO] - [5, 15, 28], []
[2025-01-29 13:18:31,001][__main__][INFO] - [5, 15, 31], []
[2025-01-29 13:18:31,050][__main__][INFO] - [5, 15], [31]
[2025-01-29 13:18:31,099][__main__][INFO] - [5, 15, 32], []
[2025-01-29 13:18:31,148][__main__][INFO] - [5, 15, 33], []
[2025-01-29 13:18:31,198][__main__][INFO] - [5, 15, 34], []
[2025-01-29 13:18:31,278][__main__][INFO] - [5, 15, 36], []
[2025-01-29 13:18:31,358][__main__][INFO] - [5, 15, 38], []
[2025-01-29 13:18:31,500][__main__][INFO] - [5, 16, 21], []
[2025-01-29 13:18:31,846][__main__][INFO] - [5, 16, 22], []
[2025-01-29 13:18:31,985][__main__][INFO] - [5, 16, 23], []
[2025-01-29 13:18:32,084][__main__][INFO] - [5, 16, 24], []
[2025-01-29 13:18:32,136][__main__][INFO] - [5, 16, 25], []
[2025-01-29 13:18:32,374][__main__][INFO] - [5, 16], [25]
[2025-01-29 13:18:32,697][__main__][INFO] - [5, 16, 26], []
[2025-01-29 13:18:32,755][__main__][INFO] - [5, 16], [26]
[2025-01-29 13:18:33,267][__main__][INFO] - [5, 16, 27], []
[2025-01-29 13:18:33,327][__main__][INFO] - [5, 16], [27]
[2025-01-29 13:18:33,848][__main__][INFO] - [5, 16, 28], []
[2025-01-29 13:18:34,358][__main__][INFO] - [5, 16, 29], []
[2025-01-29 13:18:34,456][__main__][INFO] - [5, 16, 31], []
[2025-01-29 13:18:34,733][__main__][INFO] - [5, 16], [31]
[2025-01-29 13:18:34,986][__main__][INFO] - [5, 16, 32], []
[2025-01-29 13:18:35,077][__main__][INFO] - [5, 16, 33], []
[2025-01-29 13:18:35,400][__main__][INFO] - [5, 16, 34], []
[2025-01-29 13:18:35,457][__main__][INFO] - [5, 16, 35], []
[2025-01-29 13:18:35,572][__main__][INFO] - [5, 16, 36], []
[2025-01-29 13:18:35,635][__main__][INFO] - [5, 16, 37], []
[2025-01-29 13:18:35,686][__main__][INFO] - [5, 16, 38], []
[2025-01-29 13:18:35,735][__main__][INFO] - [5, 16, 39], []
[2025-01-29 13:18:35,846][__main__][INFO] - [5, 17, 21], []
[2025-01-29 13:18:35,902][__main__][INFO] - [5, 17, 22], []
[2025-01-29 13:18:35,955][__main__][INFO] - [5, 17, 23], []
[2025-01-29 13:18:36,005][__main__][INFO] - [5, 17, 24], []
[2025-01-29 13:18:36,054][__main__][INFO] - [5, 17, 25], []
[2025-01-29 13:18:36,105][__main__][INFO] - [5, 17], [25]
[2025-01-29 13:18:36,170][__main__][INFO] - [5, 17, 26], []
[2025-01-29 13:18:36,219][__main__][INFO] - [5, 17], [26]
[2025-01-29 13:18:36,285][__main__][INFO] - [5, 17, 27], []
[2025-01-29 13:18:36,334][__main__][INFO] - [5, 17], [27]
[2025-01-29 13:18:36,400][__main__][INFO] - [5, 17, 28], []
[2025-01-29 13:18:36,466][__main__][INFO] - [5, 17, 29], []
[2025-01-29 13:18:36,555][__main__][INFO] - [5, 17, 31], []
[2025-01-29 13:18:36,605][__main__][INFO] - [5, 17], [31]
[2025-01-29 13:18:36,670][__main__][INFO] - [5, 17, 32], []
[2025-01-29 13:18:36,719][__main__][INFO] - [5, 17, 33], []
[2025-01-29 13:18:36,778][__main__][INFO] - [5, 17, 34], []
[2025-01-29 13:18:36,828][__main__][INFO] - [5, 17, 35], []
[2025-01-29 13:18:36,877][__main__][INFO] - [5, 17, 36], []
[2025-01-29 13:18:36,927][__main__][INFO] - [5, 17, 37], []
[2025-01-29 13:18:36,976][__main__][INFO] - [5, 17, 38], []
[2025-01-29 13:18:37,118][__main__][INFO] - [5, 18, 21], []
[2025-01-29 13:18:37,198][__main__][INFO] - [5, 18, 23], []
[2025-01-29 13:18:37,308][__main__][INFO] - [5, 18], [25]
[2025-01-29 13:18:37,387][__main__][INFO] - [5, 18], [26]
[2025-01-29 13:18:37,466][__main__][INFO] - [5, 18], [27]
[2025-01-29 13:18:37,514][__main__][INFO] - [5, 18, 28], []
[2025-01-29 13:18:37,655][__main__][INFO] - [5, 18], [31]
[2025-01-29 13:18:37,734][__main__][INFO] - [5, 18, 33], []
[2025-01-29 13:18:38,031][__main__][INFO] - [5, 19, 21], []
[2025-01-29 13:18:38,080][__main__][INFO] - [5, 19, 22], []
[2025-01-29 13:18:38,130][__main__][INFO] - [5, 19, 23], []
[2025-01-29 13:18:38,210][__main__][INFO] - [5, 19, 25], []
[2025-01-29 13:18:38,259][__main__][INFO] - [5, 19], [25]
[2025-01-29 13:18:38,310][__main__][INFO] - [5, 19, 26], []
[2025-01-29 13:18:38,359][__main__][INFO] - [5, 19], [26]
[2025-01-29 13:18:38,441][__main__][INFO] - [5, 19], [27]
[2025-01-29 13:18:38,491][__main__][INFO] - [5, 19, 28], []
[2025-01-29 13:18:38,542][__main__][INFO] - [5, 19, 29], []
[2025-01-29 13:18:38,622][__main__][INFO] - [5, 19, 31], []
[2025-01-29 13:18:38,671][__main__][INFO] - [5, 19], [31]
[2025-01-29 13:18:38,722][__main__][INFO] - [5, 19, 32], []
[2025-01-29 13:18:38,771][__main__][INFO] - [5, 19, 33], []
[2025-01-29 13:18:38,821][__main__][INFO] - [5, 19, 34], []
[2025-01-29 13:18:38,870][__main__][INFO] - [5, 19, 35], []
[2025-01-29 13:18:38,919][__main__][INFO] - [5, 19, 36], []
[2025-01-29 13:18:39,154][__main__][INFO] - [5, 21, 25], []
[2025-01-29 13:18:39,364][__main__][INFO] - [5, 21], [25]
[2025-01-29 13:18:39,556][__main__][INFO] - [5, 21, 26], []
[2025-01-29 13:18:39,609][__main__][INFO] - [5, 21], [26]
[2025-01-29 13:18:39,956][__main__][INFO] - [5, 21, 27], []
[2025-01-29 13:18:40,010][__main__][INFO] - [5, 21], [27]
[2025-01-29 13:18:40,364][__main__][INFO] - [5, 21, 28], []
[2025-01-29 13:18:40,713][__main__][INFO] - [5, 21, 29], []
[2025-01-29 13:18:40,805][__main__][INFO] - [5, 21, 31], []
[2025-01-29 13:18:40,996][__main__][INFO] - [5, 21], [31]
[2025-01-29 13:18:41,184][__main__][INFO] - [5, 21, 32], []
[2025-01-29 13:18:41,264][__main__][INFO] - [5, 21, 33], []
[2025-01-29 13:18:41,467][__main__][INFO] - [5, 21, 34], []
[2025-01-29 13:18:41,518][__main__][INFO] - [5, 21, 35], []
[2025-01-29 13:18:41,621][__main__][INFO] - [5, 21, 36], []
[2025-01-29 13:18:41,682][__main__][INFO] - [5, 21, 37], []
[2025-01-29 13:18:41,733][__main__][INFO] - [5, 21, 38], []
[2025-01-29 13:18:41,782][__main__][INFO] - [5, 21, 39], []
[2025-01-29 13:18:41,893][__main__][INFO] - [5, 22, 25], []
[2025-01-29 13:18:41,948][__main__][INFO] - [5, 22], [25]
[2025-01-29 13:18:42,085][__main__][INFO] - [5, 22, 26], []
[2025-01-29 13:18:42,135][__main__][INFO] - [5, 22], [26]
[2025-01-29 13:18:42,275][__main__][INFO] - [5, 22, 27], []
[2025-01-29 13:18:42,325][__main__][INFO] - [5, 22], [27]
[2025-01-29 13:18:42,465][__main__][INFO] - [5, 22, 28], []
[2025-01-29 13:18:42,607][__main__][INFO] - [5, 22, 29], []
[2025-01-29 13:18:42,690][__main__][INFO] - [5, 22, 31], []
[2025-01-29 13:18:42,782][__main__][INFO] - [5, 22], [31]
[2025-01-29 13:18:42,873][__main__][INFO] - [5, 22, 32], []
[2025-01-29 13:18:42,923][__main__][INFO] - [5, 22, 33], []
[2025-01-29 13:18:43,046][__main__][INFO] - [5, 22, 34], []
[2025-01-29 23:38:54,425][__main__][INFO] - In total, there are 18381599 possible subgroups
[2025-01-29 23:38:54,481][__main__][INFO] - [0], []
[2025-01-29 23:38:54,519][__main__][INFO] - [1], []
[2025-01-29 23:38:55,043][__main__][INFO] - [2], []
[2025-01-29 23:38:55,622][__main__][INFO] - [3], []
[2025-01-29 23:38:56,158][__main__][INFO] - [4], []
[2025-01-29 23:38:56,734][__main__][INFO] - [5], []
[2025-01-29 23:38:57,291][__main__][INFO] - [6], []
[2025-01-29 23:38:57,835][__main__][INFO] - [7], []
[2025-01-29 23:38:58,271][__main__][INFO] - [8], []
[2025-01-29 23:38:58,469][__main__][INFO] - [9], []
[2025-01-29 23:38:58,586][__main__][INFO] - [10], []
[2025-01-29 23:39:00,654][__main__][INFO] - [], [10]
[2025-01-29 23:39:05,177][__main__][INFO] - [11], []
[2025-01-29 23:39:09,270][__main__][INFO] - [12], []
[2025-01-29 23:39:09,774][__main__][INFO] - [13], []
[2025-01-29 23:39:10,490][__main__][INFO] - [14], []
[2025-01-29 23:39:10,595][__main__][INFO] - [15], []
[2025-01-29 23:39:10,641][__main__][INFO] - [16], []
[2025-01-29 23:39:16,018][__main__][INFO] - [17], []
[2025-01-29 23:39:16,315][__main__][INFO] - [18], []
[2025-01-29 23:39:16,351][__main__][INFO] - [19], []
[2025-01-29 23:39:16,412][__main__][INFO] - [20], []
[2025-01-29 23:39:17,273][__main__][INFO] - [21], []
[2025-01-29 23:39:20,520][__main__][INFO] - [22], []
[2025-01-29 23:39:21,550][__main__][INFO] - [23], []
[2025-01-29 23:39:22,338][__main__][INFO] - [24], []
[2025-01-29 23:39:22,419][__main__][INFO] - [25], []
[2025-01-29 23:39:24,066][__main__][INFO] - [], [25]
[2025-01-29 23:39:28,881][__main__][INFO] - [26], []
[2025-01-29 23:39:29,185][__main__][INFO] - [], [26]
[2025-01-29 23:39:36,210][__main__][INFO] - [27], []
[2025-01-29 23:39:36,483][__main__][INFO] - [], [27]
[2025-01-29 23:39:43,452][__main__][INFO] - [28], []
[2025-01-29 23:39:49,600][__main__][INFO] - [29], []
[2025-01-29 23:39:50,024][__main__][INFO] - [30], []
[2025-01-29 23:39:50,061][__main__][INFO] - [31], []
[2025-01-29 23:39:52,937][__main__][INFO] - [], [31]
[2025-01-29 23:39:56,226][__main__][INFO] - [32], []
[2025-01-29 23:39:56,702][__main__][INFO] - [33], []
[2025-01-29 23:39:59,465][__main__][INFO] - [34], []
[2025-01-29 23:39:59,704][__main__][INFO] - [35], []
[2025-01-29 23:40:00,324][__main__][INFO] - [36], []
[2025-01-29 23:40:00,531][__main__][INFO] - [37], []
[2025-01-29 23:40:00,591][__main__][INFO] - [38], []
[2025-01-29 23:40:00,639][__main__][INFO] - [39], []
[2025-01-29 23:40:00,683][__main__][INFO] - [40], []
[2025-01-29 23:40:00,781][__main__][INFO] - [0, 10], []
[2025-01-29 23:40:00,821][__main__][INFO] - [0], [10]
[2025-01-29 23:40:00,866][__main__][INFO] - [0, 11], []
[2025-01-29 23:40:00,910][__main__][INFO] - [0, 12], []
[2025-01-29 23:40:00,951][__main__][INFO] - [0, 13], []
[2025-01-29 23:40:00,991][__main__][INFO] - [0, 14], []
[2025-01-29 23:40:01,032][__main__][INFO] - [0, 15], []
[2025-01-29 23:40:01,189][__main__][INFO] - [0, 20], []
[2025-01-29 23:40:01,233][__main__][INFO] - [0, 21], []
[2025-01-29 23:40:01,276][__main__][INFO] - [0, 22], []
[2025-01-29 23:40:01,318][__main__][INFO] - [0, 23], []
[2025-01-29 23:40:01,359][__main__][INFO] - [0, 24], []
[2025-01-29 23:40:01,400][__main__][INFO] - [0, 25], []
[2025-01-29 23:40:01,440][__main__][INFO] - [0], [25]
[2025-01-29 23:40:01,485][__main__][INFO] - [0, 26], []
[2025-01-29 23:40:01,525][__main__][INFO] - [0], [26]
[2025-01-29 23:40:01,570][__main__][INFO] - [0, 27], []
[2025-01-29 23:40:01,610][__main__][INFO] - [0], [27]
[2025-01-29 23:40:01,655][__main__][INFO] - [0, 28], []
[2025-01-29 23:40:01,698][__main__][INFO] - [0, 29], []
[2025-01-29 23:40:01,739][__main__][INFO] - [0, 30], []
[2025-01-29 23:40:01,781][__main__][INFO] - [0, 31], []
[2025-01-29 23:40:01,824][__main__][INFO] - [0], [31]
[2025-01-29 23:40:01,867][__main__][INFO] - [0, 32], []
[2025-01-29 23:40:01,908][__main__][INFO] - [0, 33], []
[2025-01-29 23:40:01,951][__main__][INFO] - [0, 34], []
[2025-01-29 23:40:01,992][__main__][INFO] - [0, 35], []
[2025-01-29 23:40:02,033][__main__][INFO] - [0, 36], []
[2025-01-29 23:40:02,074][__main__][INFO] - [0, 37], []
[2025-01-29 23:40:02,114][__main__][INFO] - [0, 38], []
[2025-01-29 23:40:02,154][__main__][INFO] - [0, 39], []
[2025-01-29 23:40:02,252][__main__][INFO] - [1, 10], []
[2025-01-29 23:40:02,316][__main__][INFO] - [1], [10]
[2025-01-29 23:40:02,814][__main__][INFO] - [1, 11], []
[2025-01-29 23:40:03,290][__main__][INFO] - [1, 12], []
[2025-01-29 23:40:03,349][__main__][INFO] - [1, 13], []
[2025-01-29 23:40:03,397][__main__][INFO] - [1, 14], []
[2025-01-29 23:40:03,443][__main__][INFO] - [1, 15], []
[2025-01-29 23:40:03,485][__main__][INFO] - [1, 16], []
[2025-01-29 23:40:03,625][__main__][INFO] - [1, 17], []
[2025-01-29 23:40:03,667][__main__][INFO] - [1, 18], []
[2025-01-29 23:40:03,708][__main__][INFO] - [1, 19], []
[2025-01-29 23:40:03,756][__main__][INFO] - [1, 20], []
[2025-01-29 23:40:04,154][__main__][INFO] - [1, 21], []
[2025-01-29 23:40:04,457][__main__][INFO] - [1, 22], []
[2025-01-29 23:40:04,603][__main__][INFO] - [1, 23], []
[2025-01-29 23:40:04,717][__main__][INFO] - [1, 24], []
[2025-01-29 23:40:04,761][__main__][INFO] - [1, 25], []
[2025-01-29 23:40:04,831][__main__][INFO] - [1], [25]
[2025-01-29 23:40:05,318][__main__][INFO] - [1, 26], []
[2025-01-29 23:40:05,362][__main__][INFO] - [1], [26]
[2025-01-29 23:40:05,880][__main__][INFO] - [1, 27], []
[2025-01-29 23:40:05,926][__main__][INFO] - [1], [27]
[2025-01-29 23:40:06,442][__main__][INFO] - [1, 28], []
[2025-01-29 23:40:06,949][__main__][INFO] - [1, 29], []
[2025-01-29 23:40:07,033][__main__][INFO] - [1, 31], []
[2025-01-29 23:40:07,289][__main__][INFO] - [1], [31]
[2025-01-29 23:40:07,559][__main__][INFO] - [1, 32], []
[2025-01-29 23:40:07,657][__main__][INFO] - [1, 33], []
[2025-01-29 23:40:07,947][__main__][INFO] - [1, 34], []
[2025-01-29 23:40:08,018][__main__][INFO] - [1, 35], []
[2025-01-29 23:40:08,109][__main__][INFO] - [1, 36], []
[2025-01-29 23:40:08,164][__main__][INFO] - [1, 37], []
[2025-01-29 23:40:08,208][__main__][INFO] - [1, 38], []
[2025-01-29 23:40:08,250][__main__][INFO] - [1, 39], []
[2025-01-29 23:40:08,349][__main__][INFO] - [2, 10], []
[2025-01-29 23:40:08,420][__main__][INFO] - [2], [10]
[2025-01-29 23:40:08,969][__main__][INFO] - [2, 11], []
[2025-01-29 23:40:09,455][__main__][INFO] - [2, 12], []
[2025-01-29 23:40:09,546][__main__][INFO] - [2, 13], []
[2025-01-29 23:40:09,610][__main__][INFO] - [2, 14], []
[2025-01-29 23:40:09,657][__main__][INFO] - [2, 15], []
[2025-01-29 23:40:09,699][__main__][INFO] - [2, 16], []
[2025-01-29 23:40:10,254][__main__][INFO] - [2, 17], []
[2025-01-29 23:40:10,300][__main__][INFO] - [2, 18], []
[2025-01-29 23:40:10,341][__main__][INFO] - [2, 19], []
[2025-01-29 23:40:10,413][__main__][INFO] - [2, 21], []
[2025-01-29 23:40:10,755][__main__][INFO] - [2, 22], []
[2025-01-29 23:40:10,901][__main__][INFO] - [2, 23], []
[2025-01-29 23:40:11,020][__main__][INFO] - [2, 24], []
[2025-01-29 23:40:11,065][__main__][INFO] - [2, 25], []
[2025-01-29 23:40:11,181][__main__][INFO] - [2], [25]
[2025-01-29 23:40:11,686][__main__][INFO] - [2, 26], []
[2025-01-29 23:40:11,732][__main__][INFO] - [2], [26]
[2025-01-29 23:40:12,330][__main__][INFO] - [2, 27], []
[2025-01-29 23:40:12,380][__main__][INFO] - [2], [27]
[2025-01-29 23:40:12,962][__main__][INFO] - [2, 28], []
[2025-01-29 23:40:13,523][__main__][INFO] - [2, 29], []
[2025-01-29 23:40:13,612][__main__][INFO] - [2, 31], []
[2025-01-29 23:40:13,891][__main__][INFO] - [2], [31]
[2025-01-29 23:40:14,188][__main__][INFO] - [2, 32], []
[2025-01-29 23:40:14,296][__main__][INFO] - [2, 33], []
[2025-01-29 23:40:14,611][__main__][INFO] - [2, 34], []
[2025-01-29 23:40:14,674][__main__][INFO] - [2, 35], []
[2025-01-29 23:40:14,778][__main__][INFO] - [2, 36], []
[2025-01-29 23:40:14,838][__main__][INFO] - [2, 37], []
[2025-01-29 23:40:14,884][__main__][INFO] - [2, 38], []
[2025-01-29 23:40:14,926][__main__][INFO] - [2, 39], []
[2025-01-29 23:40:15,026][__main__][INFO] - [3, 10], []
[2025-01-29 23:40:15,097][__main__][INFO] - [3], [10]
[2025-01-29 23:40:15,584][__main__][INFO] - [3, 11], []
[2025-01-29 23:40:15,962][__main__][INFO] - [3, 12], []
[2025-01-29 23:40:16,083][__main__][INFO] - [3, 13], []
[2025-01-29 23:40:16,171][__main__][INFO] - [3, 14], []
[2025-01-29 23:40:16,217][__main__][INFO] - [3, 15], []
[2025-01-29 23:40:16,259][__main__][INFO] - [3, 16], []
[2025-01-29 23:40:16,773][__main__][INFO] - [3, 17], []
[2025-01-29 23:40:16,827][__main__][INFO] - [3, 18], []
[2025-01-29 23:40:16,868][__main__][INFO] - [3, 19], []
[2025-01-29 23:40:16,940][__main__][INFO] - [3, 21], []
[2025-01-29 23:40:17,266][__main__][INFO] - [3, 22], []
[2025-01-29 23:40:17,403][__main__][INFO] - [3, 23], []
[2025-01-29 23:40:17,507][__main__][INFO] - [3, 24], []
[2025-01-29 23:40:17,553][__main__][INFO] - [3, 25], []
[2025-01-29 23:40:17,724][__main__][INFO] - [3], [25]
[2025-01-29 23:40:18,117][__main__][INFO] - [3, 26], []
[2025-01-29 23:40:18,195][__main__][INFO] - [3], [26]
[2025-01-29 23:40:18,721][__main__][INFO] - [3, 27], []
[2025-01-29 23:40:18,770][__main__][INFO] - [3], [27]
[2025-01-29 23:40:19,304][__main__][INFO] - [3, 28], []
[2025-01-29 23:40:19,823][__main__][INFO] - [3, 29], []
[2025-01-29 23:40:19,911][__main__][INFO] - [3, 31], []
[2025-01-29 23:40:20,172][__main__][INFO] - [3], [31]
[2025-01-29 23:40:20,447][__main__][INFO] - [3, 32], []
[2025-01-29 23:40:20,541][__main__][INFO] - [3, 33], []
[2025-01-29 23:40:20,838][__main__][INFO] - [3, 34], []
[2025-01-29 23:40:20,897][__main__][INFO] - [3, 35], []
[2025-01-29 23:40:21,005][__main__][INFO] - [3, 36], []
[2025-01-29 23:40:21,062][__main__][INFO] - [3, 37], []
[2025-01-29 23:40:21,105][__main__][INFO] - [3, 38], []
[2025-01-29 23:40:21,147][__main__][INFO] - [3, 39], []
[2025-01-29 23:40:21,246][__main__][INFO] - [4, 10], []
[2025-01-29 23:40:21,328][__main__][INFO] - [4], [10]
[2025-01-29 23:40:21,816][__main__][INFO] - [4, 11], []
[2025-01-29 23:40:22,133][__main__][INFO] - [4, 12], []
[2025-01-29 23:40:22,270][__main__][INFO] - [4, 13], []
[2025-01-29 23:40:22,404][__main__][INFO] - [4, 14], []
[2025-01-29 23:40:22,449][__main__][INFO] - [4, 15], []
[2025-01-29 23:40:22,492][__main__][INFO] - [4, 16], []
[2025-01-29 23:40:23,021][__main__][INFO] - [4, 17], []
[2025-01-29 23:40:23,077][__main__][INFO] - [4, 18], []
[2025-01-29 23:40:23,117][__main__][INFO] - [4, 19], []
[2025-01-29 23:40:23,189][__main__][INFO] - [4, 21], []
[2025-01-29 23:40:23,543][__main__][INFO] - [4, 22], []
[2025-01-29 23:40:23,672][__main__][INFO] - [4, 23], []
[2025-01-29 23:40:23,771][__main__][INFO] - [4, 24], []
[2025-01-29 23:40:23,817][__main__][INFO] - [4, 25], []
[2025-01-29 23:40:24,051][__main__][INFO] - [4], [25]
[2025-01-29 23:40:24,387][__main__][INFO] - [4, 26], []
[2025-01-29 23:40:24,437][__main__][INFO] - [4], [26]
[2025-01-29 23:40:24,974][__main__][INFO] - [4, 27], []
[2025-01-29 23:40:25,024][__main__][INFO] - [4], [27]
[2025-01-29 23:40:25,569][__main__][INFO] - [4, 28], []
[2025-01-29 23:40:26,093][__main__][INFO] - [4, 29], []
[2025-01-29 23:40:26,181][__main__][INFO] - [4, 31], []
[2025-01-29 23:40:26,455][__main__][INFO] - [4], [31]
[2025-01-29 23:40:26,732][__main__][INFO] - [4, 32], []
[2025-01-29 23:40:26,826][__main__][INFO] - [4, 33], []
[2025-01-29 23:40:27,128][__main__][INFO] - [4, 34], []
[2025-01-29 23:40:27,186][__main__][INFO] - [4, 35], []
[2025-01-29 23:40:27,303][__main__][INFO] - [4, 36], []
[2025-01-29 23:40:27,362][__main__][INFO] - [4, 37], []
[2025-01-29 23:40:27,406][__main__][INFO] - [4, 38], []
[2025-01-29 23:40:27,448][__main__][INFO] - [4, 39], []
[2025-01-29 23:40:27,547][__main__][INFO] - [5, 10], []
[2025-01-29 23:40:27,649][__main__][INFO] - [5], [10]
[2025-01-29 23:40:28,107][__main__][INFO] - [5, 11], []
[2025-01-29 23:40:28,432][__main__][INFO] - [5, 12], []
[2025-01-29 23:40:28,539][__main__][INFO] - [5, 13], []
[2025-01-29 23:40:28,692][__main__][INFO] - [5, 14], []
[2025-01-29 23:40:28,738][__main__][INFO] - [5, 15], []
[2025-01-29 23:40:28,780][__main__][INFO] - [5, 16], []
[2025-01-29 23:40:29,286][__main__][INFO] - [5, 17], []
[2025-01-29 23:40:29,346][__main__][INFO] - [5, 18], []
[2025-01-29 23:40:29,386][__main__][INFO] - [5, 19], []
[2025-01-29 23:40:29,459][__main__][INFO] - [5, 21], []
[2025-01-29 23:40:29,796][__main__][INFO] - [5, 22], []
[2025-01-29 23:40:29,931][__main__][INFO] - [5, 23], []
[2025-01-29 23:40:30,024][__main__][INFO] - [5, 24], []
[2025-01-29 23:40:30,070][__main__][INFO] - [5, 25], []
[2025-01-29 23:40:30,302][__main__][INFO] - [5], [25]
[2025-01-29 23:40:30,637][__main__][INFO] - [5, 26], []
[2025-01-29 23:40:30,690][__main__][INFO] - [5], [26]
[2025-01-29 23:40:31,208][__main__][INFO] - [5, 27], []
[2025-01-29 23:40:31,262][__main__][INFO] - [5], [27]
[2025-01-29 23:40:31,789][__main__][INFO] - [5, 28], []
[2025-01-29 23:40:32,298][__main__][INFO] - [5, 29], []
[2025-01-29 23:40:32,389][__main__][INFO] - [5, 31], []
[2025-01-29 23:40:32,661][__main__][INFO] - [5], [31]
[2025-01-29 23:40:32,934][__main__][INFO] - [5, 32], []
[2025-01-29 23:40:33,018][__main__][INFO] - [5, 33], []
[2025-01-29 23:40:33,333][__main__][INFO] - [5, 34], []
[2025-01-29 23:40:33,387][__main__][INFO] - [5, 35], []
[2025-01-29 23:40:33,494][__main__][INFO] - [5, 36], []
[2025-01-29 23:40:33,555][__main__][INFO] - [5, 37], []
[2025-01-29 23:40:33,598][__main__][INFO] - [5, 38], []
[2025-01-29 23:40:33,641][__main__][INFO] - [5, 39], []
[2025-01-29 23:40:33,740][__main__][INFO] - [6, 10], []
[2025-01-29 23:40:33,869][__main__][INFO] - [6], [10]
[2025-01-29 23:40:34,294][__main__][INFO] - [6, 11], []
[2025-01-29 23:40:34,640][__main__][INFO] - [6, 12], []
[2025-01-29 23:40:34,722][__main__][INFO] - [6, 13], []
[2025-01-29 23:40:34,872][__main__][INFO] - [6, 14], []
[2025-01-29 23:40:34,918][__main__][INFO] - [6, 15], []
[2025-01-29 23:40:34,961][__main__][INFO] - [6, 16], []
[2025-01-29 23:40:35,457][__main__][INFO] - [6, 17], []
[2025-01-29 23:40:35,552][__main__][INFO] - [6, 19], []
[2025-01-29 23:40:35,624][__main__][INFO] - [6, 21], []
[2025-01-29 23:40:35,959][__main__][INFO] - [6, 22], []
[2025-01-29 23:40:36,101][__main__][INFO] - [6, 23], []
[2025-01-29 23:40:36,190][__main__][INFO] - [6, 24], []
[2025-01-29 23:40:36,236][__main__][INFO] - [6, 25], []
[2025-01-29 23:40:36,431][__main__][INFO] - [6], [25]
[2025-01-29 23:40:36,788][__main__][INFO] - [6, 26], []
[2025-01-29 23:40:36,848][__main__][INFO] - [6], [26]
[2025-01-29 23:40:37,357][__main__][INFO] - [6, 27], []
[2025-01-29 23:40:37,413][__main__][INFO] - [6], [27]
[2025-01-29 23:40:37,930][__main__][INFO] - [6, 28], []
[2025-01-29 23:40:38,432][__main__][INFO] - [6, 29], []
[2025-01-29 23:40:38,526][__main__][INFO] - [6, 31], []
[2025-01-29 23:40:38,806][__main__][INFO] - [6], [31]
[2025-01-29 23:40:39,068][__main__][INFO] - [6, 32], []
[2025-01-29 23:40:39,140][__main__][INFO] - [6, 33], []
[2025-01-29 23:40:39,480][__main__][INFO] - [6, 34], []
[2025-01-29 23:40:39,533][__main__][INFO] - [6, 35], []
[2025-01-29 23:40:39,636][__main__][INFO] - [6, 36], []
[2025-01-29 23:40:39,697][__main__][INFO] - [6, 37], []
[2025-01-29 23:40:39,741][__main__][INFO] - [6, 38], []
[2025-01-29 23:40:39,783][__main__][INFO] - [6, 39], []
[2025-01-29 23:40:39,883][__main__][INFO] - [7, 10], []
[2025-01-29 23:40:40,026][__main__][INFO] - [7], [10]
[2025-01-29 23:40:40,341][__main__][INFO] - [7, 11], []
[2025-01-29 23:40:40,637][__main__][INFO] - [7, 12], []
[2025-01-29 23:40:40,702][__main__][INFO] - [7, 13], []
[2025-01-29 23:40:40,826][__main__][INFO] - [7, 14], []
[2025-01-29 23:40:40,870][__main__][INFO] - [7, 15], []
[2025-01-29 23:40:40,912][__main__][INFO] - [7, 16], []
[2025-01-29 23:40:41,279][__main__][INFO] - [7, 17], []
[2025-01-29 23:40:41,395][__main__][INFO] - [7, 19], []
[2025-01-29 23:40:41,470][__main__][INFO] - [7, 21], []
[2025-01-29 23:40:41,759][__main__][INFO] - [7, 22], []
[2025-01-29 23:40:41,890][__main__][INFO] - [7, 23], []
[2025-01-29 23:40:41,967][__main__][INFO] - [7, 24], []
[2025-01-29 23:40:42,012][__main__][INFO] - [7, 25], []
[2025-01-29 23:40:42,163][__main__][INFO] - [7], [25]
[2025-01-29 23:40:42,468][__main__][INFO] - [7, 26], []
[2025-01-29 23:40:42,539][__main__][INFO] - [7], [26]
[2025-01-29 23:40:42,924][__main__][INFO] - [7, 27], []
[2025-01-29 23:40:42,982][__main__][INFO] - [7], [27]
[2025-01-29 23:40:43,389][__main__][INFO] - [7, 28], []
[2025-01-29 23:40:43,789][__main__][INFO] - [7, 29], []
[2025-01-29 23:40:43,882][__main__][INFO] - [7, 31], []
[2025-01-29 23:40:44,115][__main__][INFO] - [7], [31]
[2025-01-29 23:40:44,320][__main__][INFO] - [7, 32], []
[2025-01-29 23:40:44,379][__main__][INFO] - [7, 33], []
[2025-01-29 23:40:44,666][__main__][INFO] - [7, 34], []
[2025-01-29 23:40:44,712][__main__][INFO] - [7, 35], []
[2025-01-29 23:40:44,801][__main__][INFO] - [7, 36], []
[2025-01-29 23:40:44,857][__main__][INFO] - [7, 37], []
[2025-01-29 23:40:44,900][__main__][INFO] - [7, 38], []
[2025-01-29 23:40:44,942][__main__][INFO] - [7, 39], []
[2025-01-29 23:40:45,041][__main__][INFO] - [8, 10], []
[2025-01-29 23:40:45,153][__main__][INFO] - [8], [10]
[2025-01-29 23:40:45,280][__main__][INFO] - [8, 11], []
[2025-01-29 23:40:45,423][__main__][INFO] - [8, 12], []
[2025-01-29 23:40:45,472][__main__][INFO] - [8, 13], []
[2025-01-29 23:40:45,552][__main__][INFO] - [8, 14], []
[2025-01-29 23:40:45,594][__main__][INFO] - [8, 15], []
[2025-01-29 23:40:45,636][__main__][INFO] - [8, 16], []
[2025-01-29 23:40:45,801][__main__][INFO] - [8, 17], []
[2025-01-29 23:40:45,896][__main__][INFO] - [8, 19], []
[2025-01-29 23:40:45,970][__main__][INFO] - [8, 21], []
[2025-01-29 23:40:46,105][__main__][INFO] - [8, 22], []
[2025-01-29 23:40:46,177][__main__][INFO] - [8, 23], []
[2025-01-29 23:40:46,239][__main__][INFO] - [8, 24], []
[2025-01-29 23:40:46,311][__main__][INFO] - [8, 25], []
[2025-01-29 23:40:46,402][__main__][INFO] - [8], [25]
[2025-01-29 23:40:46,548][__main__][INFO] - [8, 26], []
[2025-01-29 23:40:46,615][__main__][INFO] - [8], [26]
[2025-01-29 23:40:46,783][__main__][INFO] - [8, 27], []
[2025-01-29 23:40:46,836][__main__][INFO] - [8], [27]
[2025-01-29 23:40:47,024][__main__][INFO] - [8, 28], []
[2025-01-29 23:40:47,202][__main__][INFO] - [8, 29], []
[2025-01-29 23:40:47,291][__main__][INFO] - [8, 31], []
[2025-01-29 23:40:47,415][__main__][INFO] - [8], [31]
[2025-01-29 23:40:47,521][__main__][INFO] - [8, 32], []
[2025-01-29 23:40:47,568][__main__][INFO] - [8, 33], []
[2025-01-29 23:40:47,716][__main__][INFO] - [8, 34], []
[2025-01-29 23:40:47,759][__main__][INFO] - [8, 35], []
[2025-01-29 23:40:47,817][__main__][INFO] - [8, 36], []
[2025-01-29 23:40:47,864][__main__][INFO] - [8, 37], []
[2025-01-29 23:40:47,906][__main__][INFO] - [8, 38], []
[2025-01-29 23:40:47,947][__main__][INFO] - [8, 39], []
[2025-01-29 23:40:48,046][__main__][INFO] - [9, 10], []
[2025-01-29 23:40:48,145][__main__][INFO] - [9], [10]
[2025-01-29 23:40:48,204][__main__][INFO] - [9, 11], []
[2025-01-29 23:40:48,300][__main__][INFO] - [9, 12], []
[2025-01-29 23:40:48,345][__main__][INFO] - [9, 13], []
[2025-01-29 23:40:48,401][__main__][INFO] - [9, 14], []
[2025-01-29 23:40:48,443][__main__][INFO] - [9, 15], []
[2025-01-29 23:40:48,483][__main__][INFO] - [9, 16], []
[2025-01-29 23:40:48,584][__main__][INFO] - [9, 17], []
[2025-01-29 23:40:48,668][__main__][INFO] - [9, 19], []
[2025-01-29 23:40:48,739][__main__][INFO] - [9, 21], []
[2025-01-29 23:40:48,831][__main__][INFO] - [9, 22], []
[2025-01-29 23:40:48,882][__main__][INFO] - [9, 23], []
[2025-01-29 23:40:48,934][__main__][INFO] - [9, 24], []
[2025-01-29 23:40:48,975][__main__][INFO] - [9, 25], []
[2025-01-29 23:40:49,039][__main__][INFO] - [9], [25]
[2025-01-29 23:40:49,136][__main__][INFO] - [9, 26], []
[2025-01-29 23:40:49,205][__main__][INFO] - [9], [26]
[2025-01-29 23:40:49,295][__main__][INFO] - [9, 27], []
[2025-01-29 23:40:49,346][__main__][INFO] - [9], [27]
[2025-01-29 23:40:49,452][__main__][INFO] - [9, 28], []
[2025-01-29 23:40:49,546][__main__][INFO] - [9, 29], []
[2025-01-29 23:40:49,636][__main__][INFO] - [9, 31], []
[2025-01-29 23:40:49,725][__main__][INFO] - [9], [31]
[2025-01-29 23:40:49,794][__main__][INFO] - [9, 32], []
[2025-01-29 23:40:49,837][__main__][INFO] - [9, 33], []
[2025-01-29 23:40:49,933][__main__][INFO] - [9, 34], []
[2025-01-29 23:40:49,976][__main__][INFO] - [9, 35], []
[2025-01-29 23:40:50,025][__main__][INFO] - [9, 36], []
[2025-01-29 23:40:50,069][__main__][INFO] - [9, 37], []
[2025-01-29 23:40:50,109][__main__][INFO] - [9, 38], []
[2025-01-29 23:40:50,150][__main__][INFO] - [9, 39], []
[2025-01-29 23:40:50,247][__main__][INFO] - [10, 11], []
[2025-01-29 23:40:51,120][__main__][INFO] - [10, 12], []
[2025-01-29 23:40:51,211][__main__][INFO] - [10, 13], []
[2025-01-29 23:40:51,367][__main__][INFO] - [10, 14], []
[2025-01-29 23:40:51,417][__main__][INFO] - [10, 15], []
[2025-01-29 23:40:51,460][__main__][INFO] - [10, 16], []
[2025-01-29 23:40:52,786][__main__][INFO] - [10, 17], []
[2025-01-29 23:40:52,896][__main__][INFO] - [10, 18], []
[2025-01-29 23:40:52,937][__main__][INFO] - [10, 19], []
[2025-01-29 23:40:52,987][__main__][INFO] - [10, 20], []
[2025-01-29 23:40:53,048][__main__][INFO] - [10, 21], []
[2025-01-29 23:40:53,625][__main__][INFO] - [10, 22], []
[2025-01-29 23:40:53,799][__main__][INFO] - [10, 23], []
[2025-01-29 23:40:53,962][__main__][INFO] - [10, 24], []
[2025-01-29 23:40:54,014][__main__][INFO] - [10, 25], []
[2025-01-29 23:40:54,306][__main__][INFO] - [10], [25]
[2025-01-29 23:40:55,311][__main__][INFO] - [10, 26], []
[2025-01-29 23:40:55,613][__main__][INFO] - [10], [26]
[2025-01-29 23:40:56,535][__main__][INFO] - [10, 27], []
[2025-01-29 23:40:56,797][__main__][INFO] - [10], [27]
[2025-01-29 23:40:57,804][__main__][INFO] - [10, 28], []
[2025-01-29 23:40:58,590][__main__][INFO] - [10, 29], []
[2025-01-29 23:40:58,967][__main__][INFO] - [10, 30], []
[2025-01-29 23:40:59,008][__main__][INFO] - [10, 31], []
[2025-01-29 23:40:59,494][__main__][INFO] - [10], [31]
[2025-01-29 23:41:00,158][__main__][INFO] - [10, 32], []
[2025-01-29 23:41:00,254][__main__][INFO] - [10, 33], []
[2025-01-29 23:41:00,714][__main__][INFO] - [10, 34], []
[2025-01-29 23:41:00,784][__main__][INFO] - [10, 35], []
[2025-01-29 23:41:00,891][__main__][INFO] - [10, 36], []
[2025-01-29 23:41:00,968][__main__][INFO] - [10, 37], []
[2025-01-29 23:41:01,017][__main__][INFO] - [10, 38], []
[2025-01-29 23:41:01,059][__main__][INFO] - [10, 39], []
[2025-01-29 23:41:01,102][__main__][INFO] - [10, 40], []
[2025-01-29 23:41:01,171][__main__][INFO] - [11], [10]
[2025-01-29 23:41:03,888][__main__][INFO] - [12], [10]
[2025-01-29 23:41:04,295][__main__][INFO] - [13], [10]
[2025-01-29 23:41:04,818][__main__][INFO] - [14], [10]
[2025-01-29 23:41:04,899][__main__][INFO] - [15], [10]
[2025-01-29 23:41:04,949][__main__][INFO] - [16], [10]
[2025-01-29 23:41:07,783][__main__][INFO] - [17], [10]
[2025-01-29 23:41:07,929][__main__][INFO] - [18], [10]
[2025-01-29 23:41:07,970][__main__][INFO] - [19], [10]
[2025-01-29 23:41:08,029][__main__][INFO] - [20], [10]
[2025-01-29 23:41:08,863][__main__][INFO] - [21], [10]
[2025-01-29 23:41:11,051][__main__][INFO] - [22], [10]
[2025-01-29 23:41:11,877][__main__][INFO] - [23], [10]
[2025-01-29 23:41:12,404][__main__][INFO] - [24], [10]
[2025-01-29 23:41:12,477][__main__][INFO] - [25], [10]
[2025-01-29 23:41:13,439][__main__][INFO] - [], [10, 25]
[2025-01-29 23:41:16,372][__main__][INFO] - [], [10, 26]
[2025-01-29 23:41:20,877][__main__][INFO] - [], [10, 27]
[2025-01-29 23:41:25,315][__main__][INFO] - [28], [10]
[2025-01-29 23:41:29,463][__main__][INFO] - [30], [10]
[2025-01-29 23:41:29,508][__main__][INFO] - [31], [10]
[2025-01-29 23:41:31,335][__main__][INFO] - [], [10, 31]
[2025-01-29 23:41:33,185][__main__][INFO] - [32], [10]
[2025-01-29 23:41:33,568][__main__][INFO] - [33], [10]
[2025-01-29 23:41:35,662][__main__][INFO] - [34], [10]
[2025-01-29 23:41:35,843][__main__][INFO] - [35], [10]
[2025-01-29 23:41:36,359][__main__][INFO] - [36], [10]
[2025-01-29 23:41:36,515][__main__][INFO] - [37], [10]
[2025-01-29 23:41:36,573][__main__][INFO] - [38], [10]
[2025-01-29 23:41:36,625][__main__][INFO] - [39], [10]
[2025-01-29 23:41:36,674][__main__][INFO] - [40], [10]
[2025-01-29 23:41:36,744][__main__][INFO] - [11, 16], []
[2025-01-29 23:41:39,110][__main__][INFO] - [11, 17], []
[2025-01-29 23:41:39,304][__main__][INFO] - [11, 18], []
[2025-01-29 23:41:39,345][__main__][INFO] - [11, 19], []
[2025-01-29 23:41:39,407][__main__][INFO] - [11, 20], []
[2025-01-29 23:41:40,221][__main__][INFO] - [11, 21], []
[2025-01-29 23:41:41,895][__main__][INFO] - [11, 22], []
[2025-01-29 23:41:42,767][__main__][INFO] - [11, 23], []
[2025-01-29 23:41:43,234][__main__][INFO] - [11, 24], []
[2025-01-29 23:41:43,340][__main__][INFO] - [11], [25]
[2025-01-29 23:41:47,450][__main__][INFO] - [11, 26], []
[2025-01-29 23:41:47,614][__main__][INFO] - [11], [26]
[2025-01-29 23:41:51,105][__main__][INFO] - [11, 27], []
[2025-01-29 23:41:51,233][__main__][INFO] - [11], [27]
[2025-01-29 23:41:54,809][__main__][INFO] - [11, 28], []
[2025-01-29 23:41:57,964][__main__][INFO] - [11, 29], []
[2025-01-29 23:41:58,181][__main__][INFO] - [11, 30], []
[2025-01-29 23:41:58,224][__main__][INFO] - [11, 31], []
[2025-01-29 23:41:59,792][__main__][INFO] - [11], [31]
[2025-01-29 23:42:01,480][__main__][INFO] - [11, 32], []
[2025-01-29 23:42:01,751][__main__][INFO] - [11, 33], []
[2025-01-29 23:42:03,797][__main__][INFO] - [11, 34], []
[2025-01-29 23:42:03,977][__main__][INFO] - [11, 35], []
[2025-01-29 23:42:04,194][__main__][INFO] - [11, 36], []
[2025-01-29 23:42:04,371][__main__][INFO] - [11, 37], []
[2025-01-29 23:42:04,432][__main__][INFO] - [11, 38], []
[2025-01-29 23:42:04,481][__main__][INFO] - [11, 39], []
[2025-01-29 23:42:04,531][__main__][INFO] - [11, 40], []
[2025-01-29 23:42:04,600][__main__][INFO] - [12, 16], []
[2025-01-29 23:42:05,082][__main__][INFO] - [12, 17], []
[2025-01-29 23:42:05,184][__main__][INFO] - [12, 19], []
[2025-01-29 23:42:05,226][__main__][INFO] - [12, 20], []
[2025-01-29 23:42:05,285][__main__][INFO] - [12, 21], []
[2025-01-29 23:42:05,662][__main__][INFO] - [12, 22], []
[2025-01-29 23:42:05,719][__main__][INFO] - [12, 23], []
[2025-01-29 23:42:05,801][__main__][INFO] - [12, 24], []
[2025-01-29 23:42:05,844][__main__][INFO] - [12, 25], []
[2025-01-29 23:42:06,383][__main__][INFO] - [12, 26], []
[2025-01-29 23:42:06,436][__main__][INFO] - [12], [26]
[2025-01-29 23:42:06,902][__main__][INFO] - [12, 27], []
[2025-01-29 23:42:06,954][__main__][INFO] - [12], [27]
[2025-01-29 23:42:07,419][__main__][INFO] - [12, 28], []
[2025-01-29 23:42:07,876][__main__][INFO] - [12, 29], []
[2025-01-29 23:42:07,931][__main__][INFO] - [12, 30], []
[2025-01-29 23:42:07,972][__main__][INFO] - [12, 31], []
[2025-01-29 23:42:08,206][__main__][INFO] - [12], [31]
[2025-01-29 23:42:08,438][__main__][INFO] - [12, 32], []
[2025-01-29 23:42:08,560][__main__][INFO] - [12, 33], []
[2025-01-29 23:42:08,747][__main__][INFO] - [12, 34], []
[2025-01-29 23:42:08,797][__main__][INFO] - [12, 35], []
[2025-01-29 23:42:08,930][__main__][INFO] - [12, 36], []
[2025-01-29 23:42:08,975][__main__][INFO] - [12, 37], []
[2025-01-29 23:42:09,017][__main__][INFO] - [12, 38], []
[2025-01-29 23:42:09,059][__main__][INFO] - [12, 39], []
[2025-01-29 23:42:09,158][__main__][INFO] - [13, 16], []
[2025-01-29 23:42:09,785][__main__][INFO] - [13, 17], []
[2025-01-29 23:42:09,841][__main__][INFO] - [13, 18], []
[2025-01-29 23:42:09,882][__main__][INFO] - [13, 19], []
[2025-01-29 23:42:09,925][__main__][INFO] - [13, 20], []
[2025-01-29 23:42:09,972][__main__][INFO] - [13, 21], []
[2025-01-29 23:42:10,473][__main__][INFO] - [13, 22], []
[2025-01-29 23:42:10,542][__main__][INFO] - [13, 23], []
[2025-01-29 23:42:10,646][__main__][INFO] - [13, 24], []
[2025-01-29 23:42:10,689][__main__][INFO] - [13, 25], []
[2025-01-29 23:42:11,448][__main__][INFO] - [13, 26], []
[2025-01-29 23:42:11,513][__main__][INFO] - [13], [26]
[2025-01-29 23:42:12,167][__main__][INFO] - [13, 27], []
[2025-01-29 23:42:12,226][__main__][INFO] - [13], [27]
[2025-01-29 23:42:12,885][__main__][INFO] - [13, 28], []
[2025-01-29 23:42:13,508][__main__][INFO] - [13, 29], []
[2025-01-29 23:42:13,577][__main__][INFO] - [13, 30], []
[2025-01-29 23:42:13,617][__main__][INFO] - [13, 31], []
[2025-01-29 23:42:13,949][__main__][INFO] - [13], [31]
[2025-01-29 23:42:14,246][__main__][INFO] - [13, 32], []
[2025-01-29 23:42:14,343][__main__][INFO] - [13, 33], []
[2025-01-29 23:42:14,561][__main__][INFO] - [13, 34], []
[2025-01-29 23:42:14,615][__main__][INFO] - [13, 35], []
[2025-01-29 23:42:14,875][__main__][INFO] - [13, 36], []
[2025-01-29 23:42:14,926][__main__][INFO] - [13, 37], []
[2025-01-29 23:42:14,968][__main__][INFO] - [13, 38], []
[2025-01-29 23:42:15,011][__main__][INFO] - [13, 39], []
[2025-01-29 23:42:15,110][__main__][INFO] - [14, 16], []
[2025-01-29 23:42:15,186][__main__][INFO] - [14, 17], []
[2025-01-29 23:42:15,229][__main__][INFO] - [14, 18], []
[2025-01-29 23:42:15,270][__main__][INFO] - [14, 19], []
[2025-01-29 23:42:15,311][__main__][INFO] - [14, 20], []
[2025-01-29 23:42:15,360][__main__][INFO] - [14, 21], []
[2025-01-29 23:42:15,419][__main__][INFO] - [14, 22], []
[2025-01-29 23:42:15,472][__main__][INFO] - [14, 23], []
[2025-01-29 23:42:15,526][__main__][INFO] - [14, 24], []
[2025-01-29 23:42:15,597][__main__][INFO] - [14], [25]
[2025-01-29 23:42:15,693][__main__][INFO] - [14, 26], []
[2025-01-29 23:42:15,735][__main__][INFO] - [14], [26]
[2025-01-29 23:42:15,825][__main__][INFO] - [14, 27], []
[2025-01-29 23:42:15,868][__main__][INFO] - [14], [27]
[2025-01-29 23:42:15,959][__main__][INFO] - [14, 28], []
[2025-01-29 23:42:16,045][__main__][INFO] - [14, 29], []
[2025-01-29 23:42:16,088][__main__][INFO] - [14, 30], []
[2025-01-29 23:42:16,128][__main__][INFO] - [14, 31], []
[2025-01-29 23:42:16,190][__main__][INFO] - [14], [31]
[2025-01-29 23:42:16,253][__main__][INFO] - [14, 32], []
[2025-01-29 23:42:16,297][__main__][INFO] - [14, 33], []
[2025-01-29 23:42:16,357][__main__][INFO] - [14, 34], []
[2025-01-29 23:42:16,401][__main__][INFO] - [14, 35], []
[2025-01-29 23:42:16,452][__main__][INFO] - [14, 36], []
[2025-01-29 23:42:16,494][__main__][INFO] - [14, 37], []
[2025-01-29 23:42:16,536][__main__][INFO] - [14, 38], []
[2025-01-29 23:42:16,663][__main__][INFO] - [15, 16], []
[2025-01-29 23:42:16,714][__main__][INFO] - [15, 17], []
[2025-01-29 23:42:16,814][__main__][INFO] - [15, 20], []
[2025-01-29 23:42:16,854][__main__][INFO] - [15, 21], []
[2025-01-29 23:42:16,903][__main__][INFO] - [15, 22], []
[2025-01-29 23:42:16,945][__main__][INFO] - [15, 23], []
[2025-01-29 23:42:16,987][__main__][INFO] - [15, 24], []
[2025-01-29 23:42:17,060][__main__][INFO] - [15], [25]
[2025-01-29 23:42:17,112][__main__][INFO] - [15, 26], []
[2025-01-29 23:42:17,154][__main__][INFO] - [15], [26]
[2025-01-29 23:42:17,206][__main__][INFO] - [15, 27], []
[2025-01-29 23:42:17,247][__main__][INFO] - [15], [27]
[2025-01-29 23:42:17,299][__main__][INFO] - [15, 28], []
[2025-01-29 23:42:17,349][__main__][INFO] - [15, 29], []
[2025-01-29 23:42:17,420][__main__][INFO] - [15, 31], []
[2025-01-29 23:42:17,468][__main__][INFO] - [15], [31]
[2025-01-29 23:42:17,515][__main__][INFO] - [15, 32], []
[2025-01-29 23:42:17,557][__main__][INFO] - [15, 33], []
[2025-01-29 23:42:17,601][__main__][INFO] - [15, 34], []
[2025-01-29 23:42:17,642][__main__][INFO] - [15, 35], []
[2025-01-29 23:42:17,684][__main__][INFO] - [15, 36], []
[2025-01-29 23:42:17,755][__main__][INFO] - [15, 38], []
[2025-01-29 23:42:17,882][__main__][INFO] - [16, 21], []
[2025-01-29 23:42:20,113][__main__][INFO] - [16, 22], []
[2025-01-29 23:42:20,803][__main__][INFO] - [16, 23], []
[2025-01-29 23:42:21,288][__main__][INFO] - [16, 24], []
[2025-01-29 23:42:21,359][__main__][INFO] - [16, 25], []
[2025-01-29 23:42:22,645][__main__][INFO] - [16], [25]
[2025-01-29 23:42:25,368][__main__][INFO] - [16, 26], []
[2025-01-29 23:42:25,555][__main__][INFO] - [16], [26]
[2025-01-29 23:42:29,947][__main__][INFO] - [16, 27], []
[2025-01-29 23:42:30,121][__main__][INFO] - [16], [27]
[2025-01-29 23:42:34,399][__main__][INFO] - [16, 28], []
[2025-01-29 23:42:38,519][__main__][INFO] - [16, 29], []
[2025-01-29 23:42:38,805][__main__][INFO] - [16, 31], []
[2025-01-29 23:42:40,865][__main__][INFO] - [16], [31]
[2025-01-29 23:42:42,639][__main__][INFO] - [16, 32], []
[2025-01-29 23:42:42,977][__main__][INFO] - [16, 33], []
[2025-01-29 23:42:44,832][__main__][INFO] - [16, 34], []
[2025-01-29 23:42:44,972][__main__][INFO] - [16, 35], []
[2025-01-29 23:42:45,458][__main__][INFO] - [16, 36], []
[2025-01-29 23:42:45,611][__main__][INFO] - [16, 37], []
[2025-01-29 23:42:45,670][__main__][INFO] - [16, 38], []
[2025-01-29 23:42:45,721][__main__][INFO] - [16, 39], []
[2025-01-29 23:42:45,770][__main__][INFO] - [16, 40], []
[2025-01-29 23:42:45,840][__main__][INFO] - [17, 21], []
[2025-01-29 23:42:45,968][__main__][INFO] - [17, 22], []
[2025-01-29 23:42:46,049][__main__][INFO] - [17, 23], []
[2025-01-29 23:42:46,112][__main__][INFO] - [17, 24], []
[2025-01-29 23:42:46,155][__main__][INFO] - [17, 25], []
[2025-01-29 23:42:46,215][__main__][INFO] - [17], [25]
[2025-01-29 23:42:46,421][__main__][INFO] - [17, 26], []
[2025-01-29 23:42:46,489][__main__][INFO] - [17], [26]
[2025-01-29 23:42:46,694][__main__][INFO] - [17, 27], []
[2025-01-29 23:42:46,745][__main__][INFO] - [17], [27]
[2025-01-29 23:42:46,980][__main__][INFO] - [17, 28], []
[2025-01-29 23:42:47,201][__main__][INFO] - [17, 29], []
[2025-01-29 23:42:47,287][__main__][INFO] - [17, 31], []
[2025-01-29 23:42:47,343][__main__][INFO] - [17], [31]
[2025-01-29 23:42:47,555][__main__][INFO] - [17, 32], []
[2025-01-29 23:42:47,604][__main__][INFO] - [17, 33], []
[2025-01-29 23:42:47,756][__main__][INFO] - [17, 34], []
[2025-01-29 23:42:47,805][__main__][INFO] - [17, 35], []
[2025-01-29 23:42:47,857][__main__][INFO] - [17, 36], []
[2025-01-29 23:42:47,910][__main__][INFO] - [17, 37], []
[2025-01-29 23:42:47,953][__main__][INFO] - [17, 38], []
[2025-01-29 23:42:47,994][__main__][INFO] - [17, 39], []
[2025-01-29 23:42:48,093][__main__][INFO] - [18, 21], []
[2025-01-29 23:42:48,134][__main__][INFO] - [18, 22], []
[2025-01-29 23:42:48,174][__main__][INFO] - [18, 23], []
[2025-01-29 23:42:48,215][__main__][INFO] - [18, 24], []
[2025-01-29 23:42:48,255][__main__][INFO] - [18, 25], []
[2025-01-29 23:42:48,295][__main__][INFO] - [18], [25]
[2025-01-29 23:42:48,336][__main__][INFO] - [18, 26], []
[2025-01-29 23:42:48,376][__main__][INFO] - [18], [26]
[2025-01-29 23:42:48,446][__main__][INFO] - [18], [27]
[2025-01-29 23:42:48,486][__main__][INFO] - [18, 28], []
[2025-01-29 23:42:48,527][__main__][INFO] - [18, 29], []
[2025-01-29 23:42:48,597][__main__][INFO] - [18, 31], []
[2025-01-29 23:42:48,637][__main__][INFO] - [18], [31]
[2025-01-29 23:42:48,678][__main__][INFO] - [18, 32], []
[2025-01-29 23:42:48,718][__main__][INFO] - [18, 33], []
[2025-01-29 23:42:48,758][__main__][INFO] - [18, 34], []
[2025-01-29 23:42:48,799][__main__][INFO] - [18, 35], []
[2025-01-29 23:42:48,839][__main__][INFO] - [18, 36], []
[2025-01-29 23:42:48,879][__main__][INFO] - [18, 37], []
[2025-01-29 23:42:49,035][__main__][INFO] - [19, 21], []
[2025-01-29 23:42:49,089][__main__][INFO] - [19, 22], []
[2025-01-29 23:42:49,135][__main__][INFO] - [19, 23], []
[2025-01-29 23:42:49,178][__main__][INFO] - [19, 24], []
[2025-01-29 23:42:49,220][__main__][INFO] - [19, 25], []
[2025-01-29 23:42:49,263][__main__][INFO] - [19], [25]
[2025-01-29 23:42:49,325][__main__][INFO] - [19, 26], []
[2025-01-29 23:42:49,368][__main__][INFO] - [19], [26]
[2025-01-29 23:42:49,430][__main__][INFO] - [19, 27], []
[2025-01-29 23:42:49,472][__main__][INFO] - [19], [27]
[2025-01-29 23:42:49,536][__main__][INFO] - [19, 28], []
[2025-01-29 23:42:49,600][__main__][INFO] - [19, 29], []
[2025-01-29 23:42:49,672][__main__][INFO] - [19, 31], []
[2025-01-29 23:42:49,715][__main__][INFO] - [19], [31]
[2025-01-29 23:42:49,777][__main__][INFO] - [19, 32], []
[2025-01-29 23:42:49,819][__main__][INFO] - [19, 33], []
[2025-01-29 23:42:49,876][__main__][INFO] - [19, 34], []
[2025-01-29 23:42:49,918][__main__][INFO] - [19, 35], []
[2025-01-29 23:42:49,960][__main__][INFO] - [19, 36], []
[2025-01-29 23:42:50,002][__main__][INFO] - [19, 37], []
[2025-01-29 23:42:50,044][__main__][INFO] - [19, 38], []
[2025-01-29 23:42:50,171][__main__][INFO] - [20, 21], []
[2025-01-29 23:42:50,644][__main__][INFO] - [20, 22], []
[2025-01-29 23:42:50,881][__main__][INFO] - [20, 23], []
[2025-01-29 23:42:51,051][__main__][INFO] - [20, 24], []
[2025-01-29 23:42:51,098][__main__][INFO] - [20, 25], []
[2025-01-29 23:42:51,164][__main__][INFO] - [20], [25]
[2025-01-29 23:42:51,991][__main__][INFO] - [20, 26], []
[2025-01-29 23:42:52,032][__main__][INFO] - [20], [26]
[2025-01-29 23:42:52,888][__main__][INFO] - [20, 27], []
[2025-01-29 23:42:52,939][__main__][INFO] - [20], [27]
[2025-01-29 23:42:53,812][__main__][INFO] - [20, 28], []
[2025-01-29 23:42:54,422][__main__][INFO] - [20, 29], []
[2025-01-29 23:42:54,478][__main__][INFO] - [20, 30], []
[2025-01-29 23:42:54,522][__main__][INFO] - [20, 31], []
[2025-01-29 23:42:54,938][__main__][INFO] - [20], [31]
[2025-01-29 23:42:55,372][__main__][INFO] - [20, 32], []
[2025-01-29 23:42:55,507][__main__][INFO] - [20, 33], []
[2025-01-29 23:42:55,979][__main__][INFO] - [20, 34], []
[2025-01-29 23:42:56,082][__main__][INFO] - [20, 35], []
[2025-01-29 23:42:56,205][__main__][INFO] - [20, 36], []
[2025-01-29 23:42:56,269][__main__][INFO] - [20, 37], []
[2025-01-29 23:42:56,314][__main__][INFO] - [20, 38], []
[2025-01-29 23:42:56,357][__main__][INFO] - [20, 39], []
[2025-01-29 23:42:56,454][__main__][INFO] - [21, 25], []
[2025-01-29 23:42:57,386][__main__][INFO] - [21], [25]
[2025-01-29 23:42:59,165][__main__][INFO] - [21, 26], []
[2025-01-29 23:42:59,303][__main__][INFO] - [21], [26]
[2025-01-29 23:43:02,054][__main__][INFO] - [21, 27], []
[2025-01-29 23:43:02,163][__main__][INFO] - [21], [27]
[2025-01-29 23:43:04,952][__main__][INFO] - [21, 28], []
[2025-01-29 23:43:07,589][__main__][INFO] - [21, 29], []
[2025-01-29 23:43:07,750][__main__][INFO] - [21, 30], []
[2025-01-29 23:43:07,792][__main__][INFO] - [21, 31], []
[2025-01-29 23:43:09,060][__main__][INFO] - [21], [31]
[2025-01-29 23:43:10,356][__main__][INFO] - [21, 32], []
[2025-01-29 23:43:10,692][__main__][INFO] - [21, 33], []
[2025-01-29 23:43:11,980][__main__][INFO] - [21, 34], []
[2025-01-29 23:43:12,053][__main__][INFO] - [21, 35], []
[2025-01-29 23:43:12,508][__main__][INFO] - [21, 36], []
[2025-01-29 23:43:12,653][__main__][INFO] - [21, 37], []
[2025-01-29 23:43:12,710][__main__][INFO] - [21, 38], []
[2025-01-29 23:43:12,759][__main__][INFO] - [21, 39], []
[2025-01-29 23:43:12,804][__main__][INFO] - [21, 40], []
[2025-01-29 23:43:12,873][__main__][INFO] - [22, 25], []
[2025-01-29 23:43:12,963][__main__][INFO] - [22], [25]
[2025-01-29 23:43:13,858][__main__][INFO] - [22, 26], []
[2025-01-29 23:43:13,929][__main__][INFO] - [22], [26]
[2025-01-29 23:43:14,875][__main__][INFO] - [22, 27], []
[2025-01-29 23:43:14,934][__main__][INFO] - [22], [27]
[2025-01-29 23:43:15,897][__main__][INFO] - [22, 28], []
[2025-01-29 23:43:16,755][__main__][INFO] - [22, 29], []
[2025-01-29 23:43:16,832][__main__][INFO] - [22, 30], []
[2025-01-29 23:43:16,873][__main__][INFO] - [22, 31], []
[2025-01-29 23:43:17,340][__main__][INFO] - [22], [31]
[2025-01-29 23:43:17,788][__main__][INFO] - [22, 32], []
[2025-01-29 23:43:17,850][__main__][INFO] - [22, 33], []
[2025-01-29 23:43:18,508][__main__][INFO] - [22, 34], []
[2025-01-29 23:43:18,644][__main__][INFO] - [22, 35], []
[2025-01-29 23:43:18,713][__main__][INFO] - [22, 36], []
[2025-01-29 23:43:18,768][__main__][INFO] - [22, 37], []
[2025-01-29 23:43:18,812][__main__][INFO] - [22, 38], []
[2025-01-29 23:43:18,854][__main__][INFO] - [22, 39], []
[2025-01-29 23:43:18,896][__main__][INFO] - [22, 40], []
[2025-01-29 23:43:18,966][__main__][INFO] - [23, 25], []
[2025-01-29 23:43:19,132][__main__][INFO] - [23], [25]
[2025-01-29 23:43:19,639][__main__][INFO] - [23, 26], []
[2025-01-29 23:43:19,702][__main__][INFO] - [23], [26]
[2025-01-29 23:43:20,379][__main__][INFO] - [23, 27], []
[2025-01-29 23:43:20,437][__main__][INFO] - [23], [27]
[2025-01-29 23:43:21,124][__main__][INFO] - [23, 28], []
[2025-01-29 23:43:21,722][__main__][INFO] - [23, 29], []
[2025-01-29 23:43:21,795][__main__][INFO] - [23, 30], []
[2025-01-29 23:43:21,836][__main__][INFO] - [23, 31], []
[2025-01-29 23:43:22,149][__main__][INFO] - [23], [31]
[2025-01-29 23:43:22,472][__main__][INFO] - [23, 32], []
[2025-01-29 23:43:22,563][__main__][INFO] - [23, 33], []
[2025-01-29 23:43:22,912][__main__][INFO] - [23, 34], []
[2025-01-29 23:43:22,975][__main__][INFO] - [23, 35], []
[2025-01-29 23:43:23,073][__main__][INFO] - [23, 36], []
[2025-01-29 23:43:23,134][__main__][INFO] - [23, 37], []
[2025-01-29 23:43:23,178][__main__][INFO] - [23, 38], []
[2025-01-29 23:43:23,220][__main__][INFO] - [23, 39], []
[2025-01-29 23:43:23,319][__main__][INFO] - [24, 25], []
[2025-01-29 23:43:23,367][__main__][INFO] - [24], [25]
[2025-01-29 23:43:23,445][__main__][INFO] - [24, 26], []
[2025-01-29 23:43:23,488][__main__][INFO] - [24], [26]
[2025-01-29 23:43:23,569][__main__][INFO] - [24, 27], []
[2025-01-29 23:43:23,611][__main__][INFO] - [24], [27]
[2025-01-29 23:43:23,693][__main__][INFO] - [24, 28], []
[2025-01-29 23:43:23,770][__main__][INFO] - [24, 29], []
[2025-01-29 23:43:23,813][__main__][INFO] - [24, 30], []
[2025-01-29 23:43:23,854][__main__][INFO] - [24, 31], []
[2025-01-29 23:43:23,913][__main__][INFO] - [24], [31]
[2025-01-29 23:43:23,974][__main__][INFO] - [24, 32], []
[2025-01-29 23:43:24,016][__main__][INFO] - [24, 33], []
[2025-01-29 23:43:24,085][__main__][INFO] - [24, 34], []
[2025-01-29 23:43:24,128][__main__][INFO] - [24, 35], []
[2025-01-29 23:43:24,170][__main__][INFO] - [24, 36], []
[2025-01-29 23:43:24,212][__main__][INFO] - [24, 37], []
[2025-01-29 23:43:24,254][__main__][INFO] - [24, 38], []
[2025-01-29 23:43:24,382][__main__][INFO] - [25, 26], []
[2025-01-29 23:43:24,465][__main__][INFO] - [25], [26]
[2025-01-29 23:43:25,787][__main__][INFO] - [25, 27], []
[2025-01-29 23:43:25,862][__main__][INFO] - [25], [27]
[2025-01-29 23:43:27,231][__main__][INFO] - [25, 28], []
[2025-01-29 23:43:28,504][__main__][INFO] - [25, 29], []
[2025-01-29 23:43:28,593][__main__][INFO] - [25, 30], []
[2025-01-29 23:43:28,634][__main__][INFO] - [25, 31], []
[2025-01-29 23:43:29,236][__main__][INFO] - [25], [31]
[2025-01-29 23:43:29,820][__main__][INFO] - [25, 32], []
[2025-01-29 23:43:30,008][__main__][INFO] - [25, 33], []
[2025-01-29 23:43:30,401][__main__][INFO] - [25, 34], []
[2025-01-29 23:43:30,461][__main__][INFO] - [25, 35], []
[2025-01-29 23:43:30,835][__main__][INFO] - [25, 36], []
[2025-01-29 23:43:30,890][__main__][INFO] - [25, 37], []
[2025-01-29 23:43:30,933][__main__][INFO] - [25, 38], []
[2025-01-29 23:43:30,977][__main__][INFO] - [25, 39], []
[2025-01-29 23:43:31,076][__main__][INFO] - [26], [25]
[2025-01-29 23:43:31,251][__main__][INFO] - [], [25, 26]
[2025-01-29 23:43:35,341][__main__][INFO] - [27], [25]
[2025-01-29 23:43:35,481][__main__][INFO] - [], [25, 27]
[2025-01-29 23:43:39,532][__main__][INFO] - [28], [25]
[2025-01-29 23:43:43,062][__main__][INFO] - [29], [25]
[2025-01-29 23:43:43,291][__main__][INFO] - [30], [25]
[2025-01-29 23:43:43,334][__main__][INFO] - [31], [25]
[2025-01-29 23:43:45,024][__main__][INFO] - [], [25, 31]
[2025-01-29 23:43:46,914][__main__][INFO] - [32], [25]
[2025-01-29 23:43:47,193][__main__][INFO] - [33], [25]
[2025-01-29 23:43:49,333][__main__][INFO] - [34], [25]
[2025-01-29 23:43:49,527][__main__][INFO] - [35], [25]
[2025-01-29 23:43:49,762][__main__][INFO] - [36], [25]
[2025-01-29 23:43:49,946][__main__][INFO] - [37], [25]
[2025-01-29 23:43:50,008][__main__][INFO] - [38], [25]
[2025-01-29 23:43:50,058][__main__][INFO] - [39], [25]
[2025-01-29 23:43:50,107][__main__][INFO] - [40], [25]
[2025-01-29 23:43:50,177][__main__][INFO] - [26, 27], []
[2025-01-29 23:43:50,251][__main__][INFO] - [26], [27]
[2025-01-29 23:43:50,438][__main__][INFO] - [26, 28], []
[2025-01-29 23:43:50,613][__main__][INFO] - [26, 29], []
[2025-01-29 23:43:50,696][__main__][INFO] - [26, 30], []
[2025-01-29 23:43:50,737][__main__][INFO] - [26, 31], []
[2025-01-29 23:43:50,844][__main__][INFO] - [26], [31]
[2025-01-29 23:43:50,985][__main__][INFO] - [26, 32], []
[2025-01-29 23:43:51,038][__main__][INFO] - [26, 33], []
[2025-01-29 23:43:51,172][__main__][INFO] - [26, 34], []
[2025-01-29 23:43:51,221][__main__][INFO] - [26, 35], []
[2025-01-29 23:43:51,277][__main__][INFO] - [26, 36], []
[2025-01-29 23:43:51,325][__main__][INFO] - [26, 37], []
[2025-01-29 23:43:51,368][__main__][INFO] - [26, 38], []
[2025-01-29 23:43:51,410][__main__][INFO] - [26, 39], []
[2025-01-29 23:43:51,508][__main__][INFO] - [27], [26]
[2025-01-29 23:43:51,647][__main__][INFO] - [], [26, 27]
[2025-01-29 23:43:57,435][__main__][INFO] - [28], [26]
[2025-01-29 23:44:02,757][__main__][INFO] - [29], [26]
[2025-01-29 23:44:02,994][__main__][INFO] - [30], [26]
[2025-01-29 23:44:03,037][__main__][INFO] - [31], [26]
[2025-01-29 23:44:05,489][__main__][INFO] - [], [26, 31]
[2025-01-29 23:44:08,100][__main__][INFO] - [32], [26]
[2025-01-29 23:44:08,543][__main__][INFO] - [33], [26]
[2025-01-29 23:44:10,986][__main__][INFO] - [34], [26]
[2025-01-29 23:44:11,199][__main__][INFO] - [35], [26]
[2025-01-29 23:44:11,782][__main__][INFO] - [36], [26]
[2025-01-29 23:44:11,978][__main__][INFO] - [37], [26]
[2025-01-29 23:44:12,042][__main__][INFO] - [38], [26]
[2025-01-29 23:44:12,095][__main__][INFO] - [39], [26]
[2025-01-29 23:44:12,145][__main__][INFO] - [40], [26]
[2025-01-29 23:44:12,215][__main__][INFO] - [27, 28], []
[2025-01-29 23:44:12,340][__main__][INFO] - [27, 29], []
[2025-01-29 23:44:12,418][__main__][INFO] - [27, 30], []
[2025-01-29 23:44:12,459][__main__][INFO] - [27, 31], []
[2025-01-29 23:44:12,557][__main__][INFO] - [27], [31]
[2025-01-29 23:44:12,660][__main__][INFO] - [27, 32], []
[2025-01-29 23:44:12,712][__main__][INFO] - [27, 33], []
[2025-01-29 23:44:12,807][__main__][INFO] - [27, 34], []
[2025-01-29 23:44:12,855][__main__][INFO] - [27, 35], []
[2025-01-29 23:44:12,908][__main__][INFO] - [27, 36], []
[2025-01-29 23:44:12,957][__main__][INFO] - [27, 37], []
[2025-01-29 23:44:12,999][__main__][INFO] - [27, 38], []
[2025-01-29 23:44:13,041][__main__][INFO] - [27, 39], []
[2025-01-29 23:44:13,140][__main__][INFO] - [28], [27]
[2025-01-29 23:44:18,551][__main__][INFO] - [29], [27]
[2025-01-29 23:44:18,794][__main__][INFO] - [30], [27]
[2025-01-29 23:44:18,837][__main__][INFO] - [31], [27]
[2025-01-29 23:44:21,240][__main__][INFO] - [], [27, 31]
[2025-01-29 23:44:23,913][__main__][INFO] - [32], [27]
[2025-01-29 23:44:24,351][__main__][INFO] - [33], [27]
[2025-01-29 23:44:26,868][__main__][INFO] - [34], [27]
[2025-01-29 23:44:27,082][__main__][INFO] - [35], [27]
[2025-01-29 23:44:27,670][__main__][INFO] - [36], [27]
[2025-01-29 23:44:27,862][__main__][INFO] - [37], [27]
[2025-01-29 23:44:27,926][__main__][INFO] - [38], [27]
[2025-01-29 23:44:27,979][__main__][INFO] - [39], [27]
[2025-01-29 23:44:28,029][__main__][INFO] - [40], [27]
[2025-01-29 23:44:28,099][__main__][INFO] - [28, 31], []
[2025-01-29 23:44:30,278][__main__][INFO] - [28], [31]
[2025-01-29 23:44:32,687][__main__][INFO] - [28, 32], []
[2025-01-29 23:44:33,085][__main__][INFO] - [28, 33], []
[2025-01-29 23:44:35,403][__main__][INFO] - [28, 34], []
[2025-01-29 23:44:35,585][__main__][INFO] - [28, 35], []
[2025-01-29 23:44:36,128][__main__][INFO] - [28, 36], []
[2025-01-29 23:44:36,304][__main__][INFO] - [28, 37], []
[2025-01-29 23:44:36,365][__main__][INFO] - [28, 38], []
[2025-01-29 23:44:36,418][__main__][INFO] - [28, 39], []
[2025-01-29 23:44:36,467][__main__][INFO] - [28, 40], []
[2025-01-29 23:44:36,537][__main__][INFO] - [29, 31], []
[2025-01-29 23:44:36,676][__main__][INFO] - [29], [31]
[2025-01-29 23:44:36,833][__main__][INFO] - [29, 32], []
[2025-01-29 23:44:36,890][__main__][INFO] - [29, 33], []
[2025-01-29 23:44:37,036][__main__][INFO] - [29, 34], []
[2025-01-29 23:44:37,089][__main__][INFO] - [29, 35], []
[2025-01-29 23:44:37,148][__main__][INFO] - [29, 36], []
[2025-01-29 23:44:37,203][__main__][INFO] - [29, 37], []
[2025-01-29 23:44:37,246][__main__][INFO] - [29, 38], []
[2025-01-29 23:44:37,288][__main__][INFO] - [29, 39], []
[2025-01-29 23:44:37,386][__main__][INFO] - [30, 31], []
[2025-01-29 23:44:37,428][__main__][INFO] - [30], [31]
[2025-01-29 23:44:37,470][__main__][INFO] - [30, 32], []
[2025-01-29 23:44:37,510][__main__][INFO] - [30, 33], []
[2025-01-29 23:44:37,552][__main__][INFO] - [30, 34], []
[2025-01-29 23:44:37,592][__main__][INFO] - [30, 35], []
[2025-01-29 23:44:37,633][__main__][INFO] - [30, 36], []
[2025-01-29 23:44:37,673][__main__][INFO] - [30, 37], []
[2025-01-29 23:44:37,713][__main__][INFO] - [30, 38], []
[2025-01-29 23:44:37,754][__main__][INFO] - [30, 39], []
[2025-01-29 23:44:37,851][__main__][INFO] - [31, 32], []
[2025-01-29 23:44:38,065][__main__][INFO] - [31, 33], []
[2025-01-29 23:44:39,234][__main__][INFO] - [31, 34], []
[2025-01-29 23:44:39,350][__main__][INFO] - [31, 35], []
[2025-01-29 23:44:39,649][__main__][INFO] - [31, 36], []
[2025-01-29 23:44:39,755][__main__][INFO] - [31, 37], []
[2025-01-29 23:44:39,809][__main__][INFO] - [31, 38], []
[2025-01-29 23:44:39,857][__main__][INFO] - [31, 39], []
[2025-01-29 23:44:39,901][__main__][INFO] - [31, 40], []
[2025-01-29 23:44:39,971][__main__][INFO] - [32], [31]
[2025-01-29 23:44:40,195][__main__][INFO] - [33], [31]
[2025-01-29 23:44:41,378][__main__][INFO] - [34], [31]
[2025-01-29 23:44:41,497][__main__][INFO] - [35], [31]
[2025-01-29 23:44:41,778][__main__][INFO] - [36], [31]
[2025-01-29 23:44:41,891][__main__][INFO] - [37], [31]
[2025-01-29 23:44:41,944][__main__][INFO] - [38], [31]
[2025-01-29 23:44:41,993][__main__][INFO] - [39], [31]
[2025-01-29 23:44:42,037][__main__][INFO] - [40], [31]
[2025-01-29 23:44:42,164][__main__][INFO] - [0, 10, 11], []
[2025-01-29 23:44:42,211][__main__][INFO] - [0, 10, 12], []
[2025-01-29 23:44:42,288][__main__][INFO] - [0, 10, 14], []
[2025-01-29 23:44:42,484][__main__][INFO] - [0, 10, 20], []
[2025-01-29 23:44:42,532][__main__][INFO] - [0, 10, 21], []
[2025-01-29 23:44:42,579][__main__][INFO] - [0, 10, 22], []
[2025-01-29 23:44:42,626][__main__][INFO] - [0, 10, 23], []
[2025-01-29 23:44:42,673][__main__][INFO] - [0, 10, 24], []
[2025-01-29 23:44:42,720][__main__][INFO] - [0, 10, 25], []
[2025-01-29 23:44:42,767][__main__][INFO] - [0, 10], [25]
[2025-01-29 23:44:42,814][__main__][INFO] - [0, 10, 26], []
[2025-01-29 23:44:42,861][__main__][INFO] - [0, 10], [26]
[2025-01-29 23:44:42,908][__main__][INFO] - [0, 10, 27], []
[2025-01-29 23:44:42,955][__main__][INFO] - [0, 10], [27]
[2025-01-29 23:44:43,002][__main__][INFO] - [0, 10, 28], []
[2025-01-29 23:44:43,049][__main__][INFO] - [0, 10, 29], []
[2025-01-29 23:44:43,097][__main__][INFO] - [0, 10, 30], []
[2025-01-29 23:44:43,144][__main__][INFO] - [0, 10, 31], []
[2025-01-29 23:44:43,191][__main__][INFO] - [0, 10], [31]
[2025-01-29 23:44:43,238][__main__][INFO] - [0, 10, 32], []
[2025-01-29 23:44:43,285][__main__][INFO] - [0, 10, 33], []
[2025-01-29 23:44:43,333][__main__][INFO] - [0, 10, 34], []
[2025-01-29 23:44:43,380][__main__][INFO] - [0, 10, 35], []
[2025-01-29 23:44:43,427][__main__][INFO] - [0, 10, 36], []
[2025-01-29 23:44:43,474][__main__][INFO] - [0, 10, 37], []
[2025-01-29 23:44:43,639][__main__][INFO] - [0, 11], [10]
[2025-01-29 23:44:43,690][__main__][INFO] - [0, 12], [10]
[2025-01-29 23:44:43,737][__main__][INFO] - [0, 13], [10]
[2025-01-29 23:44:43,784][__main__][INFO] - [0, 14], [10]
[2025-01-29 23:44:43,831][__main__][INFO] - [0, 15], [10]
[2025-01-29 23:44:43,997][__main__][INFO] - [0, 20], [10]
[2025-01-29 23:44:44,048][__main__][INFO] - [0, 21], [10]
[2025-01-29 23:44:44,098][__main__][INFO] - [0, 22], [10]
[2025-01-29 23:44:44,146][__main__][INFO] - [0, 23], [10]
[2025-01-29 23:44:44,194][__main__][INFO] - [0, 24], [10]
[2025-01-29 23:44:44,241][__main__][INFO] - [0, 25], [10]
[2025-01-29 23:44:44,288][__main__][INFO] - [0], [10, 25]
[2025-01-29 23:44:44,370][__main__][INFO] - [0], [10, 26]
[2025-01-29 23:44:44,450][__main__][INFO] - [0], [10, 27]
[2025-01-29 23:44:44,501][__main__][INFO] - [0, 28], [10]
[2025-01-29 23:44:44,580][__main__][INFO] - [0, 30], [10]
[2025-01-29 23:44:44,629][__main__][INFO] - [0, 31], [10]
[2025-01-29 23:44:44,678][__main__][INFO] - [0], [10, 31]
[2025-01-29 23:44:44,728][__main__][INFO] - [0, 32], [10]
[2025-01-29 23:44:44,775][__main__][INFO] - [0, 33], [10]
[2025-01-29 23:44:44,825][__main__][INFO] - [0, 34], [10]
[2025-01-29 23:44:44,872][__main__][INFO] - [0, 35], [10]
[2025-01-29 23:44:44,920][__main__][INFO] - [0, 36], [10]
[2025-01-29 23:44:44,967][__main__][INFO] - [0, 37], [10]
[2025-01-29 23:44:45,014][__main__][INFO] - [0, 38], [10]
[2025-01-29 23:44:45,061][__main__][INFO] - [0, 39], [10]
[2025-01-29 23:44:45,286][__main__][INFO] - [0, 11, 20], []
[2025-01-29 23:44:45,337][__main__][INFO] - [0, 11, 21], []
[2025-01-29 23:44:45,386][__main__][INFO] - [0, 11, 22], []
[2025-01-29 23:44:45,435][__main__][INFO] - [0, 11, 23], []
[2025-01-29 23:44:45,482][__main__][INFO] - [0, 11, 24], []
[2025-01-29 23:44:45,560][__main__][INFO] - [0, 11], [25]
[2025-01-29 23:44:45,610][__main__][INFO] - [0, 11, 26], []
[2025-01-29 23:44:45,658][__main__][INFO] - [0, 11], [26]
[2025-01-29 23:44:45,708][__main__][INFO] - [0, 11, 27], []
[2025-01-29 23:44:45,755][__main__][INFO] - [0, 11], [27]
[2025-01-29 23:44:45,806][__main__][INFO] - [0, 11, 28], []
[2025-01-29 23:44:45,855][__main__][INFO] - [0, 11, 29], []
[2025-01-29 23:44:45,902][__main__][INFO] - [0, 11, 30], []
[2025-01-29 23:44:45,951][__main__][INFO] - [0, 11, 31], []
[2025-01-29 23:44:46,000][__main__][INFO] - [0, 11], [31]
[2025-01-29 23:44:46,049][__main__][INFO] - [0, 11, 32], []
[2025-01-29 23:44:46,097][__main__][INFO] - [0, 11, 33], []
[2025-01-29 23:44:46,147][__main__][INFO] - [0, 11, 34], []
[2025-01-29 23:44:46,194][__main__][INFO] - [0, 11, 35], []
[2025-01-29 23:44:46,242][__main__][INFO] - [0, 11, 36], []
[2025-01-29 23:44:46,289][__main__][INFO] - [0, 11, 37], []
[2025-01-29 23:44:46,336][__main__][INFO] - [0, 11, 38], []
[2025-01-29 23:44:46,384][__main__][INFO] - [0, 11, 39], []
[2025-01-29 23:44:46,608][__main__][INFO] - [0, 12, 20], []
[2025-01-29 23:44:46,656][__main__][INFO] - [0, 12, 21], []
[2025-01-29 23:44:46,703][__main__][INFO] - [0, 12, 22], []
[2025-01-29 23:44:46,750][__main__][INFO] - [0, 12, 23], []
[2025-01-29 23:44:46,827][__main__][INFO] - [0, 12, 25], []
[2025-01-29 23:44:46,934][__main__][INFO] - [0, 12], [26]
[2025-01-29 23:44:47,011][__main__][INFO] - [0, 12], [27]
[2025-01-29 23:44:47,058][__main__][INFO] - [0, 12, 28], []
[2025-01-29 23:44:47,105][__main__][INFO] - [0, 12, 29], []
[2025-01-29 23:44:47,152][__main__][INFO] - [0, 12, 30], []
[2025-01-29 23:44:47,199][__main__][INFO] - [0, 12, 31], []
[2025-01-29 23:44:47,246][__main__][INFO] - [0, 12], [31]
[2025-01-29 23:44:47,293][__main__][INFO] - [0, 12, 32], []
[2025-01-29 23:44:47,340][__main__][INFO] - [0, 12, 33], []
[2025-01-29 23:44:47,387][__main__][INFO] - [0, 12, 34], []
[2025-01-29 23:44:47,434][__main__][INFO] - [0, 12, 35], []
[2025-01-29 23:44:47,481][__main__][INFO] - [0, 12, 36], []
[2025-01-29 23:44:47,795][__main__][INFO] - [0, 13, 20], []
[2025-01-29 23:44:47,843][__main__][INFO] - [0, 13, 21], []
[2025-01-29 23:44:47,920][__main__][INFO] - [0, 13, 23], []
[2025-01-29 23:44:47,997][__main__][INFO] - [0, 13, 25], []
[2025-01-29 23:44:48,104][__main__][INFO] - [0, 13], [26]
[2025-01-29 23:44:48,181][__main__][INFO] - [0, 13], [27]
[2025-01-29 23:44:48,228][__main__][INFO] - [0, 13, 28], []
[2025-01-29 23:44:48,305][__main__][INFO] - [0, 13, 30], []
[2025-01-29 23:44:48,352][__main__][INFO] - [0, 13, 31], []
[2025-01-29 23:44:48,399][__main__][INFO] - [0, 13], [31]
[2025-01-29 23:44:48,447][__main__][INFO] - [0, 13, 32], []
[2025-01-29 23:44:48,494][__main__][INFO] - [0, 13, 33], []
[2025-01-29 23:44:48,541][__main__][INFO] - [0, 13, 34], []
[2025-01-29 23:44:48,588][__main__][INFO] - [0, 13, 35], []
[2025-01-29 23:44:48,635][__main__][INFO] - [0, 13, 36], []
[2025-01-29 23:44:48,949][__main__][INFO] - [0, 14, 20], []
[2025-01-29 23:44:48,997][__main__][INFO] - [0, 14, 21], []
[2025-01-29 23:44:49,044][__main__][INFO] - [0, 14, 22], []
[2025-01-29 23:44:49,091][__main__][INFO] - [0, 14, 23], []
[2025-01-29 23:44:49,198][__main__][INFO] - [0, 14], [25]
[2025-01-29 23:44:49,275][__main__][INFO] - [0, 14], [26]
[2025-01-29 23:44:49,352][__main__][INFO] - [0, 14], [27]
[2025-01-29 23:44:49,399][__main__][INFO] - [0, 14, 28], []
[2025-01-29 23:44:49,476][__main__][INFO] - [0, 14, 30], []
[2025-01-29 23:44:49,523][__main__][INFO] - [0, 14, 31], []
[2025-01-29 23:44:49,570][__main__][INFO] - [0, 14], [31]
[2025-01-29 23:44:49,617][__main__][INFO] - [0, 14, 32], []
[2025-01-29 23:44:49,664][__main__][INFO] - [0, 14, 33], []
[2025-01-29 23:44:49,711][__main__][INFO] - [0, 14, 34], []
[2025-01-29 23:44:49,758][__main__][INFO] - [0, 14, 35], []
[2025-01-29 23:44:49,805][__main__][INFO] - [0, 14, 36], []
[2025-01-29 23:44:50,120][__main__][INFO] - [0, 15, 20], []
[2025-01-29 23:44:50,316][__main__][INFO] - [0, 15], [25]
[2025-01-29 23:44:50,393][__main__][INFO] - [0, 15], [26]
[2025-01-29 23:44:50,470][__main__][INFO] - [0, 15], [27]
[2025-01-29 23:44:51,080][__main__][INFO] - [0, 20, 21], []
[2025-01-29 23:44:51,129][__main__][INFO] - [0, 20, 22], []
[2025-01-29 23:44:51,178][__main__][INFO] - [0, 20, 23], []
[2025-01-29 23:44:51,225][__main__][INFO] - [0, 20, 24], []
[2025-01-29 23:44:51,272][__main__][INFO] - [0, 20, 25], []
[2025-01-29 23:44:51,320][__main__][INFO] - [0, 20], [25]
[2025-01-29 23:44:51,370][__main__][INFO] - [0, 20, 26], []
[2025-01-29 23:44:51,418][__main__][INFO] - [0, 20], [26]
[2025-01-29 23:44:51,469][__main__][INFO] - [0, 20, 27], []
[2025-01-29 23:44:51,516][__main__][INFO] - [0, 20], [27]
[2025-01-29 23:44:51,567][__main__][INFO] - [0, 20, 28], []
[2025-01-29 23:44:51,616][__main__][INFO] - [0, 20, 29], []
[2025-01-29 23:44:51,663][__main__][INFO] - [0, 20, 30], []
[2025-01-29 23:44:51,712][__main__][INFO] - [0, 20, 31], []
[2025-01-29 23:44:51,762][__main__][INFO] - [0, 20], [31]
[2025-01-29 23:44:51,811][__main__][INFO] - [0, 20, 32], []
[2025-01-29 23:44:51,859][__main__][INFO] - [0, 20, 33], []
[2025-01-29 23:44:51,908][__main__][INFO] - [0, 20, 34], []
[2025-01-29 23:44:51,956][__main__][INFO] - [0, 20, 35], []
[2025-01-29 23:44:52,004][__main__][INFO] - [0, 20, 36], []
[2025-01-29 23:44:52,051][__main__][INFO] - [0, 20, 37], []
[2025-01-29 23:44:52,098][__main__][INFO] - [0, 20, 38], []
[2025-01-29 23:44:52,145][__main__][INFO] - [0, 20, 39], []
[2025-01-29 23:44:52,251][__main__][INFO] - [0, 21, 25], []
[2025-01-29 23:44:52,298][__main__][INFO] - [0, 21], [25]
[2025-01-29 23:44:52,347][__main__][INFO] - [0, 21, 26], []
[2025-01-29 23:44:52,394][__main__][INFO] - [0, 21], [26]
[2025-01-29 23:44:52,443][__main__][INFO] - [0, 21, 27], []
[2025-01-29 23:44:52,491][__main__][INFO] - [0, 21], [27]
[2025-01-29 23:44:52,540][__main__][INFO] - [0, 21, 28], []
[2025-01-29 23:44:52,588][__main__][INFO] - [0, 21, 29], []
[2025-01-29 23:44:52,635][__main__][INFO] - [0, 21, 30], []
[2025-01-29 23:44:52,683][__main__][INFO] - [0, 21, 31], []
[2025-01-29 23:44:52,732][__main__][INFO] - [0, 21], [31]
[2025-01-29 23:44:52,780][__main__][INFO] - [0, 21, 32], []
[2025-01-29 23:44:52,827][__main__][INFO] - [0, 21, 33], []
[2025-01-29 23:44:52,876][__main__][INFO] - [0, 21, 34], []
[2025-01-29 23:44:52,923][__main__][INFO] - [0, 21, 35], []
[2025-01-29 23:44:52,970][__main__][INFO] - [0, 21, 36], []
[2025-01-29 23:44:53,017][__main__][INFO] - [0, 21, 37], []
[2025-01-29 23:44:53,064][__main__][INFO] - [0, 21, 38], []
[2025-01-29 23:44:53,111][__main__][INFO] - [0, 21, 39], []
[2025-01-29 23:44:53,217][__main__][INFO] - [0, 22, 25], []
[2025-01-29 23:44:53,264][__main__][INFO] - [0, 22], [25]
[2025-01-29 23:44:53,312][__main__][INFO] - [0, 22, 26], []
[2025-01-29 23:44:53,359][__main__][INFO] - [0, 22], [26]
[2025-01-29 23:44:53,407][__main__][INFO] - [0, 22, 27], []
[2025-01-29 23:44:53,454][__main__][INFO] - [0, 22], [27]
[2025-01-29 23:44:53,502][__main__][INFO] - [0, 22, 28], []
[2025-01-29 23:44:53,550][__main__][INFO] - [0, 22, 29], []
[2025-01-29 23:44:53,597][__main__][INFO] - [0, 22, 30], []
[2025-01-29 23:44:53,655][__main__][INFO] - [0, 22, 31], []
[2025-01-29 23:44:53,704][__main__][INFO] - [0, 22], [31]
[2025-01-29 23:44:53,752][__main__][INFO] - [0, 22, 32], []
[2025-01-29 23:44:53,799][__main__][INFO] - [0, 22, 33], []
[2025-01-29 23:44:53,847][__main__][INFO] - [0, 22, 34], []
[2025-01-29 23:44:53,895][__main__][INFO] - [0, 22, 35], []
[2025-01-29 23:44:53,942][__main__][INFO] - [0, 22, 36], []
[2025-01-29 23:44:53,989][__main__][INFO] - [0, 22, 37], []
[2025-01-29 23:44:54,036][__main__][INFO] - [0, 22, 38], []
[2025-01-29 23:44:54,171][__main__][INFO] - [0, 23, 25], []
[2025-01-29 23:44:54,219][__main__][INFO] - [0, 23], [25]
[2025-01-29 23:44:54,267][__main__][INFO] - [0, 23, 26], []
[2025-01-29 23:44:54,314][__main__][INFO] - [0, 23], [26]
[2025-01-29 23:44:54,362][__main__][INFO] - [0, 23, 27], []
[2025-01-29 23:44:54,409][__main__][INFO] - [0, 23], [27]
[2025-01-29 23:44:54,457][__main__][INFO] - [0, 23, 28], []
[2025-01-29 23:44:54,505][__main__][INFO] - [0, 23, 29], []
[2025-01-29 23:44:54,552][__main__][INFO] - [0, 23, 30], []
[2025-01-29 23:44:54,600][__main__][INFO] - [0, 23, 31], []
[2025-01-29 23:44:54,647][__main__][INFO] - [0, 23], [31]
[2025-01-29 23:44:54,695][__main__][INFO] - [0, 23, 32], []
[2025-01-29 23:44:54,742][__main__][INFO] - [0, 23, 33], []
[2025-01-29 23:44:54,790][__main__][INFO] - [0, 23, 34], []
[2025-01-29 23:44:54,837][__main__][INFO] - [0, 23, 35], []
[2025-01-29 23:44:54,884][__main__][INFO] - [0, 23, 36], []
[2025-01-29 23:44:54,931][__main__][INFO] - [0, 23, 37], []
[2025-01-29 23:44:54,979][__main__][INFO] - [0, 23, 38], []
[2025-01-29 23:44:55,025][__main__][INFO] - [0, 23, 39], []
[2025-01-29 23:44:55,161][__main__][INFO] - [0, 24], [25]
[2025-01-29 23:44:55,238][__main__][INFO] - [0, 24], [26]
[2025-01-29 23:44:55,314][__main__][INFO] - [0, 24], [27]
[2025-01-29 23:44:55,361][__main__][INFO] - [0, 24, 28], []
[2025-01-29 23:44:55,438][__main__][INFO] - [0, 24, 30], []
[2025-01-29 23:44:55,485][__main__][INFO] - [0, 24, 31], []
[2025-01-29 23:44:55,533][__main__][INFO] - [0, 24], [31]
[2025-01-29 23:44:55,580][__main__][INFO] - [0, 24, 32], []
[2025-01-29 23:44:55,627][__main__][INFO] - [0, 24, 33], []
[2025-01-29 23:44:55,674][__main__][INFO] - [0, 24, 34], []
[2025-01-29 23:44:55,721][__main__][INFO] - [0, 24, 35], []
[2025-01-29 23:44:55,768][__main__][INFO] - [0, 24, 36], []
[2025-01-29 23:44:55,993][__main__][INFO] - [0, 25], [26]
[2025-01-29 23:44:56,070][__main__][INFO] - [0, 25], [27]
[2025-01-29 23:44:56,117][__main__][INFO] - [0, 25, 28], []
[2025-01-29 23:44:56,164][__main__][INFO] - [0, 25, 29], []
[2025-01-29 23:44:56,211][__main__][INFO] - [0, 25, 30], []
[2025-01-29 23:44:56,258][__main__][INFO] - [0, 25, 31], []
[2025-01-29 23:44:56,305][__main__][INFO] - [0, 25], [31]
[2025-01-29 23:44:56,352][__main__][INFO] - [0, 25, 32], []
[2025-01-29 23:44:56,399][__main__][INFO] - [0, 25, 33], []
[2025-01-29 23:44:56,446][__main__][INFO] - [0, 25, 34], []
[2025-01-29 23:44:56,493][__main__][INFO] - [0, 25, 35], []
[2025-01-29 23:44:56,541][__main__][INFO] - [0, 25, 36], []
[2025-01-29 23:44:56,740][__main__][INFO] - [0, 26], [25]
[2025-01-29 23:44:56,788][__main__][INFO] - [0], [25, 26]
[2025-01-29 23:44:56,841][__main__][INFO] - [0, 27], [25]
[2025-01-29 23:44:56,888][__main__][INFO] - [0], [25, 27]
[2025-01-29 23:44:56,939][__main__][INFO] - [0, 28], [25]
[2025-01-29 23:44:56,989][__main__][INFO] - [0, 29], [25]
[2025-01-29 23:44:57,036][__main__][INFO] - [0, 30], [25]
[2025-01-29 23:44:57,085][__main__][INFO] - [0, 31], [25]
[2025-01-29 23:44:57,134][__main__][INFO] - [0], [25, 31]
[2025-01-29 23:44:57,183][__main__][INFO] - [0, 32], [25]
[2025-01-29 23:44:57,231][__main__][INFO] - [0, 33], [25]
[2025-01-29 23:44:57,281][__main__][INFO] - [0, 34], [25]
[2025-01-29 23:44:57,328][__main__][INFO] - [0, 35], [25]
[2025-01-29 23:44:57,376][__main__][INFO] - [0, 36], [25]
[2025-01-29 23:44:57,423][__main__][INFO] - [0, 37], [25]
[2025-01-29 23:44:57,471][__main__][INFO] - [0, 38], [25]
[2025-01-29 23:44:57,518][__main__][INFO] - [0, 39], [25]
[2025-01-29 23:44:57,624][__main__][INFO] - [0, 26, 27], []
[2025-01-29 23:44:57,671][__main__][INFO] - [0, 26], [27]
[2025-01-29 23:44:57,717][__main__][INFO] - [0, 26, 28], []
[2025-01-29 23:44:57,764][__main__][INFO] - [0, 26, 29], []
[2025-01-29 23:44:57,811][__main__][INFO] - [0, 26, 30], []
[2025-01-29 23:44:57,858][__main__][INFO] - [0, 26, 31], []
[2025-01-29 23:44:57,905][__main__][INFO] - [0, 26], [31]
[2025-01-29 23:44:57,952][__main__][INFO] - [0, 26, 32], []
[2025-01-29 23:44:57,999][__main__][INFO] - [0, 26, 33], []
[2025-01-29 23:44:58,046][__main__][INFO] - [0, 26, 34], []
[2025-01-29 23:44:58,093][__main__][INFO] - [0, 26, 35], []
[2025-01-29 23:44:58,318][__main__][INFO] - [0, 27], [26]
[2025-01-29 23:44:58,365][__main__][INFO] - [0], [26, 27]
[2025-01-29 23:44:58,416][__main__][INFO] - [0, 28], [26]
[2025-01-29 23:44:58,465][__main__][INFO] - [0, 29], [26]
[2025-01-29 23:44:58,511][__main__][INFO] - [0, 30], [26]
[2025-01-29 23:44:58,560][__main__][INFO] - [0, 31], [26]
[2025-01-29 23:44:58,609][__main__][INFO] - [0], [26, 31]
[2025-01-29 23:44:58,658][__main__][INFO] - [0, 32], [26]
[2025-01-29 23:44:58,706][__main__][INFO] - [0, 33], [26]
[2025-01-29 23:44:58,755][__main__][INFO] - [0, 34], [26]
[2025-01-29 23:44:58,803][__main__][INFO] - [0, 35], [26]
[2025-01-29 23:44:58,851][__main__][INFO] - [0, 36], [26]
[2025-01-29 23:44:58,898][__main__][INFO] - [0, 37], [26]
[2025-01-29 23:44:58,945][__main__][INFO] - [0, 38], [26]
[2025-01-29 23:44:58,993][__main__][INFO] - [0, 39], [26]
[2025-01-29 23:44:59,098][__main__][INFO] - [0, 27, 28], []
[2025-01-29 23:44:59,145][__main__][INFO] - [0, 27, 29], []
[2025-01-29 23:44:59,192][__main__][INFO] - [0, 27, 30], []
[2025-01-29 23:44:59,239][__main__][INFO] - [0, 27, 31], []
[2025-01-29 23:44:59,286][__main__][INFO] - [0, 27], [31]
[2025-01-29 23:44:59,333][__main__][INFO] - [0, 27, 32], []
[2025-01-29 23:44:59,380][__main__][INFO] - [0, 27, 33], []
[2025-01-29 23:44:59,427][__main__][INFO] - [0, 27, 34], []
[2025-01-29 23:44:59,474][__main__][INFO] - [0, 27, 35], []
[2025-01-29 23:44:59,521][__main__][INFO] - [0, 27, 36], []
[2025-01-29 23:44:59,717][__main__][INFO] - [0, 28], [27]
[2025-01-29 23:44:59,766][__main__][INFO] - [0, 29], [27]
[2025-01-29 23:44:59,812][__main__][INFO] - [0, 30], [27]
[2025-01-29 23:44:59,861][__main__][INFO] - [0, 31], [27]
[2025-01-29 23:44:59,910][__main__][INFO] - [0], [27, 31]
[2025-01-29 23:44:59,959][__main__][INFO] - [0, 32], [27]
[2025-01-29 23:45:00,007][__main__][INFO] - [0, 33], [27]
[2025-01-29 23:45:00,056][__main__][INFO] - [0, 34], [27]
[2025-01-29 23:45:00,104][__main__][INFO] - [0, 35], [27]
[2025-01-29 23:45:00,151][__main__][INFO] - [0, 36], [27]
[2025-01-29 23:45:00,199][__main__][INFO] - [0, 37], [27]
[2025-01-29 23:45:00,246][__main__][INFO] - [0, 38], [27]
[2025-01-29 23:45:00,293][__main__][INFO] - [0, 39], [27]
[2025-01-29 23:45:00,399][__main__][INFO] - [0, 28, 31], []
[2025-01-29 23:45:00,448][__main__][INFO] - [0, 28], [31]
[2025-01-29 23:45:00,496][__main__][INFO] - [0, 28, 32], []
[2025-01-29 23:45:00,543][__main__][INFO] - [0, 28, 33], []
[2025-01-29 23:45:00,592][__main__][INFO] - [0, 28, 34], []
[2025-01-29 23:45:00,639][__main__][INFO] - [0, 28, 35], []
[2025-01-29 23:45:00,686][__main__][INFO] - [0, 28, 36], []
[2025-01-29 23:45:00,734][__main__][INFO] - [0, 28, 37], []
[2025-01-29 23:45:00,781][__main__][INFO] - [0, 28, 38], []
[2025-01-29 23:45:00,828][__main__][INFO] - [0, 28, 39], []
[2025-01-29 23:45:00,934][__main__][INFO] - [0, 29, 31], []
[2025-01-29 23:45:00,981][__main__][INFO] - [0, 29], [31]
[2025-01-29 23:45:01,027][__main__][INFO] - [0, 29, 32], []
[2025-01-29 23:45:01,074][__main__][INFO] - [0, 29, 33], []
[2025-01-29 23:45:01,121][__main__][INFO] - [0, 29, 34], []
[2025-01-29 23:45:01,168][__main__][INFO] - [0, 29, 35], []
[2025-01-29 23:45:01,215][__main__][INFO] - [0, 29, 36], []
[2025-01-29 23:45:01,411][__main__][INFO] - [0, 30, 31], []
[2025-01-29 23:45:01,459][__main__][INFO] - [0, 30], [31]
[2025-01-29 23:45:01,507][__main__][INFO] - [0, 30, 32], []
[2025-01-29 23:45:01,554][__main__][INFO] - [0, 30, 33], []
[2025-01-29 23:45:01,602][__main__][INFO] - [0, 30, 34], []
[2025-01-29 23:45:01,649][__main__][INFO] - [0, 30, 35], []
[2025-01-29 23:45:01,696][__main__][INFO] - [0, 30, 36], []
[2025-01-29 23:45:01,744][__main__][INFO] - [0, 30, 37], []
[2025-01-29 23:45:01,791][__main__][INFO] - [0, 30, 38], []
[2025-01-29 23:45:01,838][__main__][INFO] - [0, 30, 39], []
[2025-01-29 23:45:01,944][__main__][INFO] - [0, 31, 32], []
[2025-01-29 23:45:01,991][__main__][INFO] - [0, 31, 33], []
[2025-01-29 23:45:02,039][__main__][INFO] - [0, 31, 34], []
[2025-01-29 23:45:02,086][__main__][INFO] - [0, 31, 35], []
[2025-01-29 23:45:02,133][__main__][INFO] - [0, 31, 36], []
[2025-01-29 23:45:02,180][__main__][INFO] - [0, 31, 37], []
[2025-01-29 23:45:02,227][__main__][INFO] - [0, 31, 38], []
[2025-01-29 23:45:02,274][__main__][INFO] - [0, 31, 39], []
[2025-01-29 23:45:02,380][__main__][INFO] - [0, 32], [31]
[2025-01-29 23:45:02,427][__main__][INFO] - [0, 33], [31]
[2025-01-29 23:45:02,475][__main__][INFO] - [0, 34], [31]
[2025-01-29 23:45:02,522][__main__][INFO] - [0, 35], [31]
[2025-01-29 23:45:02,569][__main__][INFO] - [0, 36], [31]
[2025-01-29 23:45:02,616][__main__][INFO] - [0, 37], [31]
[2025-01-29 23:45:02,663][__main__][INFO] - [0, 38], [31]
[2025-01-29 23:45:02,710][__main__][INFO] - [0, 39], [31]
[2025-01-29 23:45:02,844][__main__][INFO] - [1, 10, 11], []
[2025-01-29 23:45:02,913][__main__][INFO] - [1, 10, 12], []
[2025-01-29 23:45:02,962][__main__][INFO] - [1, 10, 13], []
[2025-01-29 23:45:03,010][__main__][INFO] - [1, 10, 14], []
[2025-01-29 23:45:03,087][__main__][INFO] - [1, 10, 16], []
[2025-01-29 23:45:03,233][__main__][INFO] - [1, 10, 20], []
[2025-01-29 23:45:03,294][__main__][INFO] - [1, 10, 21], []
[2025-01-29 23:45:03,351][__main__][INFO] - [1, 10, 22], []
[2025-01-29 23:45:03,403][__main__][INFO] - [1, 10, 23], []
[2025-01-29 23:45:03,454][__main__][INFO] - [1, 10, 24], []
[2025-01-29 23:45:03,501][__main__][INFO] - [1, 10, 25], []
[2025-01-29 23:45:03,550][__main__][INFO] - [1, 10], [25]
[2025-01-29 23:45:03,619][__main__][INFO] - [1, 10, 26], []
[2025-01-29 23:45:03,668][__main__][INFO] - [1, 10], [26]
[2025-01-29 23:45:03,736][__main__][INFO] - [1, 10, 27], []
[2025-01-29 23:45:03,787][__main__][INFO] - [1, 10], [27]
[2025-01-29 23:45:03,852][__main__][INFO] - [1, 10, 28], []
[2025-01-29 23:45:03,905][__main__][INFO] - [1, 10, 29], []
[2025-01-29 23:45:03,996][__main__][INFO] - [1, 10, 31], []
[2025-01-29 23:45:04,051][__main__][INFO] - [1, 10], [31]
[2025-01-29 23:45:04,109][__main__][INFO] - [1, 10, 32], []
[2025-01-29 23:45:04,159][__main__][INFO] - [1, 10, 33], []
[2025-01-29 23:45:04,216][__main__][INFO] - [1, 10, 34], []
[2025-01-29 23:45:04,266][__main__][INFO] - [1, 10, 35], []
[2025-01-29 23:45:04,315][__main__][INFO] - [1, 10, 36], []
[2025-01-29 23:45:04,365][__main__][INFO] - [1, 10, 37], []
[2025-01-29 23:45:04,531][__main__][INFO] - [1, 11], [10]
[2025-01-29 23:45:04,998][__main__][INFO] - [1, 12], [10]
[2025-01-29 23:45:05,062][__main__][INFO] - [1, 13], [10]
[2025-01-29 23:45:05,117][__main__][INFO] - [1, 14], [10]
[2025-01-29 23:45:05,169][__main__][INFO] - [1, 15], [10]
[2025-01-29 23:45:05,217][__main__][INFO] - [1, 16], [10]
[2025-01-29 23:45:05,355][__main__][INFO] - [1, 17], [10]
[2025-01-29 23:45:05,404][__main__][INFO] - [1, 18], [10]
[2025-01-29 23:45:05,481][__main__][INFO] - [1, 20], [10]
[2025-01-29 23:45:05,879][__main__][INFO] - [1, 21], [10]
[2025-01-29 23:45:06,207][__main__][INFO] - [1, 22], [10]
[2025-01-29 23:45:06,352][__main__][INFO] - [1, 23], [10]
[2025-01-29 23:45:06,464][__main__][INFO] - [1, 24], [10]
[2025-01-29 23:45:06,515][__main__][INFO] - [1, 25], [10]
[2025-01-29 23:45:06,589][__main__][INFO] - [1], [10, 25]
[2025-01-29 23:45:07,083][__main__][INFO] - [1], [10, 26]
[2025-01-29 23:45:07,616][__main__][INFO] - [1], [10, 27]
[2025-01-29 23:45:08,119][__main__][INFO] - [1, 28], [10]
[2025-01-29 23:45:08,682][__main__][INFO] - [1, 31], [10]
[2025-01-29 23:45:08,935][__main__][INFO] - [1], [10, 31]
[2025-01-29 23:45:09,201][__main__][INFO] - [1, 32], [10]
[2025-01-29 23:45:09,302][__main__][INFO] - [1, 33], [10]
[2025-01-29 23:45:09,584][__main__][INFO] - [1, 34], [10]
[2025-01-29 23:45:09,660][__main__][INFO] - [1, 35], [10]
[2025-01-29 23:45:09,755][__main__][INFO] - [1, 36], [10]
[2025-01-29 23:45:09,816][__main__][INFO] - [1, 37], [10]
[2025-01-29 23:45:09,866][__main__][INFO] - [1, 38], [10]
[2025-01-29 23:45:09,915][__main__][INFO] - [1, 39], [10]
[2025-01-29 23:45:10,022][__main__][INFO] - [1, 11, 16], []
[2025-01-29 23:45:10,156][__main__][INFO] - [1, 11, 17], []
[2025-01-29 23:45:10,205][__main__][INFO] - [1, 11, 18], []
[2025-01-29 23:45:10,252][__main__][INFO] - [1, 11, 19], []
[2025-01-29 23:45:10,299][__main__][INFO] - [1, 11, 20], []
[2025-01-29 23:45:10,684][__main__][INFO] - [1, 11, 21], []
[2025-01-29 23:45:10,963][__main__][INFO] - [1, 11, 22], []
[2025-01-29 23:45:11,109][__main__][INFO] - [1, 11, 23], []
[2025-01-29 23:45:11,218][__main__][INFO] - [1, 11, 24], []
[2025-01-29 23:45:11,299][__main__][INFO] - [1, 11], [25]
[2025-01-29 23:45:11,785][__main__][INFO] - [1, 11, 26], []
[2025-01-29 23:45:11,835][__main__][INFO] - [1, 11], [26]
[2025-01-29 23:45:12,316][__main__][INFO] - [1, 11, 27], []
[2025-01-29 23:45:12,367][__main__][INFO] - [1, 11], [27]
[2025-01-29 23:45:12,841][__main__][INFO] - [1, 11, 28], []
[2025-01-29 23:45:13,306][__main__][INFO] - [1, 11, 29], []
[2025-01-29 23:45:13,395][__main__][INFO] - [1, 11, 31], []
[2025-01-29 23:45:13,645][__main__][INFO] - [1, 11], [31]
[2025-01-29 23:45:13,907][__main__][INFO] - [1, 11, 32], []
[2025-01-29 23:45:14,005][__main__][INFO] - [1, 11, 33], []
[2025-01-29 23:45:14,287][__main__][INFO] - [1, 11, 34], []
[2025-01-29 23:45:14,363][__main__][INFO] - [1, 11, 35], []
[2025-01-29 23:45:14,449][__main__][INFO] - [1, 11, 36], []
[2025-01-29 23:45:14,511][__main__][INFO] - [1, 11, 37], []
[2025-01-29 23:45:14,561][__main__][INFO] - [1, 11, 38], []
[2025-01-29 23:45:14,610][__main__][INFO] - [1, 11, 39], []
[2025-01-29 23:45:14,717][__main__][INFO] - [1, 12, 16], []
[2025-01-29 23:45:14,860][__main__][INFO] - [1, 12, 20], []
[2025-01-29 23:45:14,919][__main__][INFO] - [1, 12, 21], []
[2025-01-29 23:45:14,979][__main__][INFO] - [1, 12, 22], []
[2025-01-29 23:45:15,028][__main__][INFO] - [1, 12, 23], []
[2025-01-29 23:45:15,108][__main__][INFO] - [1, 12, 25], []
[2025-01-29 23:45:15,202][__main__][INFO] - [1, 12, 26], []
[2025-01-29 23:45:15,250][__main__][INFO] - [1, 12], [26]
[2025-01-29 23:45:15,314][__main__][INFO] - [1, 12, 27], []
[2025-01-29 23:45:15,362][__main__][INFO] - [1, 12], [27]
[2025-01-29 23:45:15,426][__main__][INFO] - [1, 12, 28], []
[2025-01-29 23:45:15,490][__main__][INFO] - [1, 12, 29], []
[2025-01-29 23:45:15,568][__main__][INFO] - [1, 12, 31], []
[2025-01-29 23:45:15,623][__main__][INFO] - [1, 12], [31]
[2025-01-29 23:45:15,679][__main__][INFO] - [1, 12, 32], []
[2025-01-29 23:45:15,729][__main__][INFO] - [1, 12, 33], []
[2025-01-29 23:45:15,783][__main__][INFO] - [1, 12, 34], []
[2025-01-29 23:45:15,831][__main__][INFO] - [1, 12, 35], []
[2025-01-29 23:45:15,884][__main__][INFO] - [1, 12, 36], []
[2025-01-29 23:45:16,081][__main__][INFO] - [1, 13, 16], []
[2025-01-29 23:45:16,220][__main__][INFO] - [1, 13, 20], []
[2025-01-29 23:45:16,273][__main__][INFO] - [1, 13, 21], []
[2025-01-29 23:45:16,325][__main__][INFO] - [1, 13, 22], []
[2025-01-29 23:45:16,374][__main__][INFO] - [1, 13, 23], []
[2025-01-29 23:45:16,454][__main__][INFO] - [1, 13, 25], []
[2025-01-29 23:45:16,568][__main__][INFO] - [1, 13], [26]
[2025-01-29 23:45:16,623][__main__][INFO] - [1, 13, 27], []
[2025-01-29 23:45:16,672][__main__][INFO] - [1, 13], [27]
[2025-01-29 23:45:16,726][__main__][INFO] - [1, 13, 28], []
[2025-01-29 23:45:16,781][__main__][INFO] - [1, 13, 29], []
[2025-01-29 23:45:16,859][__main__][INFO] - [1, 13, 31], []
[2025-01-29 23:45:16,910][__main__][INFO] - [1, 13], [31]
[2025-01-29 23:45:16,961][__main__][INFO] - [1, 13, 32], []
[2025-01-29 23:45:17,009][__main__][INFO] - [1, 13, 33], []
[2025-01-29 23:45:17,059][__main__][INFO] - [1, 13, 34], []
[2025-01-29 23:45:17,108][__main__][INFO] - [1, 13, 35], []
[2025-01-29 23:45:17,158][__main__][INFO] - [1, 13, 36], []
[2025-01-29 23:45:17,355][__main__][INFO] - [1, 14, 16], []
[2025-01-29 23:45:17,494][__main__][INFO] - [1, 14, 20], []
[2025-01-29 23:45:17,545][__main__][INFO] - [1, 14, 21], []
[2025-01-29 23:45:17,595][__main__][INFO] - [1, 14, 22], []
[2025-01-29 23:45:17,644][__main__][INFO] - [1, 14, 23], []
[2025-01-29 23:45:17,754][__main__][INFO] - [1, 14], [25]
[2025-01-29 23:45:17,839][__main__][INFO] - [1, 14], [26]
[2025-01-29 23:45:17,892][__main__][INFO] - [1, 14, 27], []
[2025-01-29 23:45:17,939][__main__][INFO] - [1, 14], [27]
[2025-01-29 23:45:17,992][__main__][INFO] - [1, 14, 28], []
[2025-01-29 23:45:18,044][__main__][INFO] - [1, 14, 29], []
[2025-01-29 23:45:18,121][__main__][INFO] - [1, 14, 31], []
[2025-01-29 23:45:18,171][__main__][INFO] - [1, 14], [31]
[2025-01-29 23:45:18,221][__main__][INFO] - [1, 14, 32], []
[2025-01-29 23:45:18,269][__main__][INFO] - [1, 14, 33], []
[2025-01-29 23:45:18,319][__main__][INFO] - [1, 14, 34], []
[2025-01-29 23:45:18,368][__main__][INFO] - [1, 14, 35], []
[2025-01-29 23:45:18,417][__main__][INFO] - [1, 14, 36], []
[2025-01-29 23:45:18,611][__main__][INFO] - [1, 15, 16], []
[2025-01-29 23:45:18,749][__main__][INFO] - [1, 15, 20], []
[2025-01-29 23:45:18,796][__main__][INFO] - [1, 15, 21], []
[2025-01-29 23:45:18,964][__main__][INFO] - [1, 15], [25]
[2025-01-29 23:45:19,042][__main__][INFO] - [1, 15], [26]
[2025-01-29 23:45:19,120][__main__][INFO] - [1, 15], [27]
[2025-01-29 23:45:19,168][__main__][INFO] - [1, 15, 28], []
[2025-01-29 23:45:19,277][__main__][INFO] - [1, 15, 31], []
[2025-01-29 23:45:19,325][__main__][INFO] - [1, 15], [31]
[2025-01-29 23:45:19,669][__main__][INFO] - [1, 16, 21], []
[2025-01-29 23:45:19,774][__main__][INFO] - [1, 16, 22], []
[2025-01-29 23:45:19,840][__main__][INFO] - [1, 16, 23], []
[2025-01-29 23:45:19,900][__main__][INFO] - [1, 16, 24], []
[2025-01-29 23:45:19,949][__main__][INFO] - [1, 16, 25], []
[2025-01-29 23:45:20,005][__main__][INFO] - [1, 16], [25]
[2025-01-29 23:45:20,140][__main__][INFO] - [1, 16, 26], []
[2025-01-29 23:45:20,189][__main__][INFO] - [1, 16], [26]
[2025-01-29 23:45:20,334][__main__][INFO] - [1, 16, 27], []
[2025-01-29 23:45:20,383][__main__][INFO] - [1, 16], [27]
[2025-01-29 23:45:20,526][__main__][INFO] - [1, 16, 28], []
[2025-01-29 23:45:20,666][__main__][INFO] - [1, 16, 29], []
[2025-01-29 23:45:20,747][__main__][INFO] - [1, 16, 31], []
[2025-01-29 23:45:20,840][__main__][INFO] - [1, 16], [31]
[2025-01-29 23:45:20,933][__main__][INFO] - [1, 16, 32], []
[2025-01-29 23:45:20,992][__main__][INFO] - [1, 16, 33], []
[2025-01-29 23:45:21,087][__main__][INFO] - [1, 16, 34], []
[2025-01-29 23:45:21,140][__main__][INFO] - [1, 16, 35], []
[2025-01-29 23:45:21,198][__main__][INFO] - [1, 16, 36], []
[2025-01-29 23:45:21,249][__main__][INFO] - [1, 16, 37], []
[2025-01-29 23:45:21,298][__main__][INFO] - [1, 16, 38], []
[2025-01-29 23:45:21,346][__main__][INFO] - [1, 16, 39], []
[2025-01-29 23:45:21,454][__main__][INFO] - [1, 17, 21], []
[2025-01-29 23:45:21,621][__main__][INFO] - [1, 17], [25]
[2025-01-29 23:45:21,699][__main__][INFO] - [1, 17], [26]
[2025-01-29 23:45:21,778][__main__][INFO] - [1, 17], [27]
[2025-01-29 23:45:21,826][__main__][INFO] - [1, 17, 28], []
[2025-01-29 23:45:21,963][__main__][INFO] - [1, 17], [31]
[2025-01-29 23:45:22,042][__main__][INFO] - [1, 17, 33], []
[2025-01-29 23:45:22,329][__main__][INFO] - [1, 18, 21], []
[2025-01-29 23:45:22,376][__main__][INFO] - [1, 18, 22], []
[2025-01-29 23:45:22,512][__main__][INFO] - [1, 18], [25]
[2025-01-29 23:45:22,589][__main__][INFO] - [1, 18], [26]
[2025-01-29 23:45:22,666][__main__][INFO] - [1, 18], [27]
[2025-01-29 23:45:22,713][__main__][INFO] - [1, 18, 28], []
[2025-01-29 23:45:22,849][__main__][INFO] - [1, 18], [31]
[2025-01-29 23:45:22,926][__main__][INFO] - [1, 18, 33], []
[2025-01-29 23:45:23,359][__main__][INFO] - [1, 19], [25]
[2025-01-29 23:45:23,436][__main__][INFO] - [1, 19], [26]
[2025-01-29 23:45:23,514][__main__][INFO] - [1, 19], [27]
[2025-01-29 23:45:24,011][__main__][INFO] - [1, 20, 21], []
[2025-01-29 23:45:24,256][__main__][INFO] - [1, 20, 22], []
[2025-01-29 23:45:24,383][__main__][INFO] - [1, 20, 23], []
[2025-01-29 23:45:24,483][__main__][INFO] - [1, 20, 24], []
[2025-01-29 23:45:24,534][__main__][INFO] - [1, 20, 25], []
[2025-01-29 23:45:24,597][__main__][INFO] - [1, 20], [25]
[2025-01-29 23:45:24,985][__main__][INFO] - [1, 20, 26], []
[2025-01-29 23:45:25,033][__main__][INFO] - [1, 20], [26]
[2025-01-29 23:45:25,438][__main__][INFO] - [1, 20, 27], []
[2025-01-29 23:45:25,488][__main__][INFO] - [1, 20], [27]
[2025-01-29 23:45:25,892][__main__][INFO] - [1, 20, 28], []
[2025-01-29 23:45:26,289][__main__][INFO] - [1, 20, 29], []
[2025-01-29 23:45:26,377][__main__][INFO] - [1, 20, 31], []
[2025-01-29 23:45:26,586][__main__][INFO] - [1, 20], [31]
[2025-01-29 23:45:26,811][__main__][INFO] - [1, 20, 32], []
[2025-01-29 23:45:26,901][__main__][INFO] - [1, 20, 33], []
[2025-01-29 23:45:27,139][__main__][INFO] - [1, 20, 34], []
[2025-01-29 23:45:27,210][__main__][INFO] - [1, 20, 35], []
[2025-01-29 23:45:27,294][__main__][INFO] - [1, 20, 36], []
[2025-01-29 23:45:27,353][__main__][INFO] - [1, 20, 37], []
[2025-01-29 23:45:27,402][__main__][INFO] - [1, 20, 38], []
[2025-01-29 23:45:27,451][__main__][INFO] - [1, 20, 39], []
[2025-01-29 23:45:27,556][__main__][INFO] - [1, 21, 25], []
[2025-01-29 23:45:27,623][__main__][INFO] - [1, 21], [25]
[2025-01-29 23:45:27,909][__main__][INFO] - [1, 21, 26], []
[2025-01-29 23:45:27,958][__main__][INFO] - [1, 21], [26]
[2025-01-29 23:45:28,264][__main__][INFO] - [1, 21, 27], []
[2025-01-29 23:45:28,314][__main__][INFO] - [1, 21], [27]
[2025-01-29 23:45:28,615][__main__][INFO] - [1, 21, 28], []
[2025-01-29 23:45:28,912][__main__][INFO] - [1, 21, 29], []
[2025-01-29 23:45:28,997][__main__][INFO] - [1, 21, 31], []
[2025-01-29 23:45:29,160][__main__][INFO] - [1, 21], [31]
[2025-01-29 23:45:29,337][__main__][INFO] - [1, 21, 32], []
[2025-01-29 23:45:29,426][__main__][INFO] - [1, 21, 33], []
[2025-01-29 23:45:29,598][__main__][INFO] - [1, 21, 34], []
[2025-01-29 23:45:29,650][__main__][INFO] - [1, 21, 35], []
[2025-01-29 23:45:29,734][__main__][INFO] - [1, 21, 36], []
[2025-01-29 23:45:29,791][__main__][INFO] - [1, 21, 37], []
[2025-01-29 23:45:29,841][__main__][INFO] - [1, 21, 38], []
[2025-01-29 23:45:29,890][__main__][INFO] - [1, 21, 39], []
[2025-01-29 23:45:29,998][__main__][INFO] - [1, 22, 25], []
[2025-01-29 23:45:30,048][__main__][INFO] - [1, 22], [25]
[2025-01-29 23:45:30,193][__main__][INFO] - [1, 22, 26], []
[2025-01-29 23:45:30,241][__main__][INFO] - [1, 22], [26]
[2025-01-29 23:45:30,391][__main__][INFO] - [1, 22, 27], []
[2025-01-29 23:45:30,440][__main__][INFO] - [1, 22], [27]
[2025-01-29 23:45:30,592][__main__][INFO] - [1, 22, 28], []
[2025-01-29 23:45:30,738][__main__][INFO] - [1, 22, 29], []
[2025-01-29 23:45:30,819][__main__][INFO] - [1, 22, 31], []
[2025-01-29 23:45:30,912][__main__][INFO] - [1, 22], [31]
[2025-01-29 23:45:31,008][__main__][INFO] - [1, 22, 32], []
[2025-01-29 23:45:31,059][__main__][INFO] - [1, 22, 33], []
[2025-01-29 23:45:31,167][__main__][INFO] - [1, 22, 34], []
[2025-01-29 23:45:31,234][__main__][INFO] - [1, 22, 35], []
[2025-01-29 23:45:31,285][__main__][INFO] - [1, 22, 36], []
[2025-01-29 23:45:31,335][__main__][INFO] - [1, 22, 37], []
[2025-01-29 23:45:31,383][__main__][INFO] - [1, 22, 38], []
[2025-01-29 23:45:31,431][__main__][INFO] - [1, 22, 39], []
[2025-01-29 23:45:31,538][__main__][INFO] - [1, 23, 25], []
[2025-01-29 23:45:31,590][__main__][INFO] - [1, 23], [25]
[2025-01-29 23:45:31,703][__main__][INFO] - [1, 23, 26], []
[2025-01-29 23:45:31,751][__main__][INFO] - [1, 23], [26]
[2025-01-29 23:45:31,869][__main__][INFO] - [1, 23, 27], []
[2025-01-29 23:45:31,917][__main__][INFO] - [1, 23], [27]
[2025-01-29 23:45:32,035][__main__][INFO] - [1, 23, 28], []
[2025-01-29 23:45:32,152][__main__][INFO] - [1, 23, 29], []
[2025-01-29 23:45:32,232][__main__][INFO] - [1, 23, 31], []
[2025-01-29 23:45:32,309][__main__][INFO] - [1, 23], [31]
[2025-01-29 23:45:32,389][__main__][INFO] - [1, 23, 32], []
[2025-01-29 23:45:32,444][__main__][INFO] - [1, 23, 33], []
[2025-01-29 23:45:32,529][__main__][INFO] - [1, 23, 34], []
[2025-01-29 23:45:32,580][__main__][INFO] - [1, 23, 35], []
[2025-01-29 23:45:32,634][__main__][INFO] - [1, 23, 36], []
[2025-01-29 23:45:32,684][__main__][INFO] - [1, 23, 37], []
[2025-01-29 23:45:32,733][__main__][INFO] - [1, 23, 38], []
[2025-01-29 23:45:32,780][__main__][INFO] - [1, 23, 39], []
[2025-01-29 23:45:32,916][__main__][INFO] - [1, 24], [25]
[2025-01-29 23:45:32,997][__main__][INFO] - [1, 24], [26]
[2025-01-29 23:45:33,078][__main__][INFO] - [1, 24], [27]
[2025-01-29 23:45:33,129][__main__][INFO] - [1, 24, 28], []
[2025-01-29 23:45:33,180][__main__][INFO] - [1, 24, 29], []
[2025-01-29 23:45:33,257][__main__][INFO] - [1, 24, 31], []
[2025-01-29 23:45:33,306][__main__][INFO] - [1, 24], [31]
[2025-01-29 23:45:33,356][__main__][INFO] - [1, 24, 32], []
[2025-01-29 23:45:33,404][__main__][INFO] - [1, 24, 33], []
[2025-01-29 23:45:33,455][__main__][INFO] - [1, 24, 34], []
[2025-01-29 23:45:33,503][__main__][INFO] - [1, 24, 35], []
[2025-01-29 23:45:33,550][__main__][INFO] - [1, 24, 36], []
[2025-01-29 23:45:33,745][__main__][INFO] - [1, 25, 26], []
[2025-01-29 23:45:33,792][__main__][INFO] - [1, 25], [26]
[2025-01-29 23:45:33,867][__main__][INFO] - [1, 25, 27], []
[2025-01-29 23:45:33,915][__main__][INFO] - [1, 25], [27]
[2025-01-29 23:45:33,990][__main__][INFO] - [1, 25, 28], []
[2025-01-29 23:45:34,065][__main__][INFO] - [1, 25, 29], []
[2025-01-29 23:45:34,143][__main__][INFO] - [1, 25, 31], []
[2025-01-29 23:45:34,201][__main__][INFO] - [1, 25], [31]
[2025-01-29 23:45:34,261][__main__][INFO] - [1, 25, 32], []
[2025-01-29 23:45:34,312][__main__][INFO] - [1, 25, 33], []
[2025-01-29 23:45:34,367][__main__][INFO] - [1, 25, 34], []
[2025-01-29 23:45:34,416][__main__][INFO] - [1, 25, 35], []
[2025-01-29 23:45:34,472][__main__][INFO] - [1, 25, 36], []
[2025-01-29 23:45:34,550][__main__][INFO] - [1, 25, 38], []
[2025-01-29 23:45:34,687][__main__][INFO] - [1, 26], [25]
[2025-01-29 23:45:34,736][__main__][INFO] - [1], [25, 26]
[2025-01-29 23:45:35,232][__main__][INFO] - [1, 27], [25]
[2025-01-29 23:45:35,282][__main__][INFO] - [1], [25, 27]
[2025-01-29 23:45:35,773][__main__][INFO] - [1, 28], [25]
[2025-01-29 23:45:36,252][__main__][INFO] - [1, 29], [25]
[2025-01-29 23:45:36,342][__main__][INFO] - [1, 31], [25]
[2025-01-29 23:45:36,590][__main__][INFO] - [1], [25, 31]
[2025-01-29 23:45:36,852][__main__][INFO] - [1, 32], [25]
[2025-01-29 23:45:36,951][__main__][INFO] - [1, 33], [25]
[2025-01-29 23:45:37,240][__main__][INFO] - [1, 34], [25]
[2025-01-29 23:45:37,316][__main__][INFO] - [1, 35], [25]
[2025-01-29 23:45:37,404][__main__][INFO] - [1, 36], [25]
[2025-01-29 23:45:37,466][__main__][INFO] - [1, 37], [25]
[2025-01-29 23:45:37,516][__main__][INFO] - [1, 38], [25]
[2025-01-29 23:45:37,565][__main__][INFO] - [1, 39], [25]
[2025-01-29 23:45:37,673][__main__][INFO] - [1, 26, 27], []
[2025-01-29 23:45:37,721][__main__][INFO] - [1, 26], [27]
[2025-01-29 23:45:37,770][__main__][INFO] - [1, 26, 28], []
[2025-01-29 23:45:37,819][__main__][INFO] - [1, 26, 29], []
[2025-01-29 23:45:37,897][__main__][INFO] - [1, 26, 31], []
[2025-01-29 23:45:37,946][__main__][INFO] - [1, 26], [31]
[2025-01-29 23:45:37,995][__main__][INFO] - [1, 26, 32], []
[2025-01-29 23:45:38,043][__main__][INFO] - [1, 26, 33], []
[2025-01-29 23:45:38,092][__main__][INFO] - [1, 26, 34], []
[2025-01-29 23:45:38,139][__main__][INFO] - [1, 26, 35], []
[2025-01-29 23:45:38,365][__main__][INFO] - [1, 27], [26]
[2025-01-29 23:45:38,416][__main__][INFO] - [1], [26, 27]
[2025-01-29 23:45:38,928][__main__][INFO] - [1, 28], [26]
[2025-01-29 23:45:39,429][__main__][INFO] - [1, 29], [26]
[2025-01-29 23:45:39,519][__main__][INFO] - [1, 31], [26]
[2025-01-29 23:45:39,781][__main__][INFO] - [1], [26, 31]
[2025-01-29 23:45:40,057][__main__][INFO] - [1, 32], [26]
[2025-01-29 23:45:40,161][__main__][INFO] - [1, 33], [26]
[2025-01-29 23:45:40,456][__main__][INFO] - [1, 34], [26]
[2025-01-29 23:45:40,533][__main__][INFO] - [1, 35], [26]
[2025-01-29 23:45:40,630][__main__][INFO] - [1, 36], [26]
[2025-01-29 23:45:40,693][__main__][INFO] - [1, 37], [26]
[2025-01-29 23:45:40,743][__main__][INFO] - [1, 38], [26]
[2025-01-29 23:45:40,792][__main__][INFO] - [1, 39], [26]
[2025-01-29 23:45:40,900][__main__][INFO] - [1, 27, 28], []
[2025-01-29 23:45:40,950][__main__][INFO] - [1, 27, 29], []
[2025-01-29 23:45:41,028][__main__][INFO] - [1, 27, 31], []
[2025-01-29 23:45:41,078][__main__][INFO] - [1, 27], [31]
[2025-01-29 23:45:41,127][__main__][INFO] - [1, 27, 32], []
[2025-01-29 23:45:41,175][__main__][INFO] - [1, 27, 33], []
[2025-01-29 23:45:41,225][__main__][INFO] - [1, 27, 34], []
[2025-01-29 23:45:41,274][__main__][INFO] - [1, 27, 35], []
[2025-01-29 23:45:41,322][__main__][INFO] - [1, 27, 36], []
[2025-01-29 23:45:41,519][__main__][INFO] - [1, 28], [27]
[2025-01-29 23:45:42,039][__main__][INFO] - [1, 29], [27]
[2025-01-29 23:45:42,131][__main__][INFO] - [1, 31], [27]
[2025-01-29 23:45:42,392][__main__][INFO] - [1], [27, 31]
[2025-01-29 23:45:42,669][__main__][INFO] - [1, 32], [27]
[2025-01-29 23:45:42,771][__main__][INFO] - [1, 33], [27]
[2025-01-29 23:45:43,070][__main__][INFO] - [1, 34], [27]
[2025-01-29 23:45:43,147][__main__][INFO] - [1, 35], [27]
[2025-01-29 23:45:43,245][__main__][INFO] - [1, 36], [27]
[2025-01-29 23:45:43,307][__main__][INFO] - [1, 37], [27]
[2025-01-29 23:45:43,357][__main__][INFO] - [1, 38], [27]
[2025-01-29 23:45:43,406][__main__][INFO] - [1, 39], [27]
[2025-01-29 23:45:43,514][__main__][INFO] - [1, 28, 31], []
[2025-01-29 23:45:43,771][__main__][INFO] - [1, 28], [31]
[2025-01-29 23:45:44,040][__main__][INFO] - [1, 28, 32], []
[2025-01-29 23:45:44,141][__main__][INFO] - [1, 28, 33], []
[2025-01-29 23:45:44,434][__main__][INFO] - [1, 28, 34], []
[2025-01-29 23:45:44,509][__main__][INFO] - [1, 28, 35], []
[2025-01-29 23:45:44,605][__main__][INFO] - [1, 28, 36], []
[2025-01-29 23:45:44,667][__main__][INFO] - [1, 28, 37], []
[2025-01-29 23:45:44,718][__main__][INFO] - [1, 28, 38], []
[2025-01-29 23:45:44,766][__main__][INFO] - [1, 28, 39], []
[2025-01-29 23:45:44,874][__main__][INFO] - [1, 29, 31], []
[2025-01-29 23:45:44,925][__main__][INFO] - [1, 29], [31]
[2025-01-29 23:45:44,980][__main__][INFO] - [1, 29, 32], []
[2025-01-29 23:45:45,030][__main__][INFO] - [1, 29, 33], []
[2025-01-29 23:45:45,084][__main__][INFO] - [1, 29, 34], []
[2025-01-29 23:45:45,133][__main__][INFO] - [1, 29, 35], []
[2025-01-29 23:45:45,182][__main__][INFO] - [1, 29, 36], []
[2025-01-29 23:45:45,229][__main__][INFO] - [1, 29, 37], []
[2025-01-29 23:45:45,425][__main__][INFO] - [1, 31, 32], []
[2025-01-29 23:45:45,497][__main__][INFO] - [1, 31, 33], []
[2025-01-29 23:45:45,651][__main__][INFO] - [1, 31, 34], []
[2025-01-29 23:45:45,711][__main__][INFO] - [1, 31, 35], []
[2025-01-29 23:45:45,781][__main__][INFO] - [1, 31, 36], []
[2025-01-29 23:45:45,834][__main__][INFO] - [1, 31, 37], []
[2025-01-29 23:45:45,883][__main__][INFO] - [1, 31, 38], []
[2025-01-29 23:45:45,932][__main__][INFO] - [1, 31, 39], []
[2025-01-29 23:45:46,039][__main__][INFO] - [1, 32], [31]
[2025-01-29 23:45:46,112][__main__][INFO] - [1, 33], [31]
[2025-01-29 23:45:46,277][__main__][INFO] - [1, 34], [31]
[2025-01-29 23:45:46,339][__main__][INFO] - [1, 35], [31]
[2025-01-29 23:45:46,408][__main__][INFO] - [1, 36], [31]
[2025-01-29 23:45:46,463][__main__][INFO] - [1, 37], [31]
[2025-01-29 23:45:46,512][__main__][INFO] - [1, 38], [31]
[2025-01-29 23:45:46,561][__main__][INFO] - [1, 39], [31]
[2025-01-29 23:45:46,696][__main__][INFO] - [2, 10, 11], []
[2025-01-29 23:45:46,769][__main__][INFO] - [2, 10, 12], []
[2025-01-29 23:45:46,818][__main__][INFO] - [2, 10, 13], []
[2025-01-29 23:45:46,867][__main__][INFO] - [2, 10, 14], []
[2025-01-29 23:45:46,945][__main__][INFO] - [2, 10, 16], []
[2025-01-29 23:45:47,021][__main__][INFO] - [2, 10, 17], []
[2025-01-29 23:45:47,070][__main__][INFO] - [2, 10, 18], []
[2025-01-29 23:45:47,117][__main__][INFO] - [2, 10, 19], []
[2025-01-29 23:45:47,195][__main__][INFO] - [2, 10, 21], []
[2025-01-29 23:45:47,257][__main__][INFO] - [2, 10, 22], []
[2025-01-29 23:45:47,311][__main__][INFO] - [2, 10, 23], []
[2025-01-29 23:45:47,363][__main__][INFO] - [2, 10, 24], []
[2025-01-29 23:45:47,411][__main__][INFO] - [2, 10, 25], []
[2025-01-29 23:45:47,462][__main__][INFO] - [2, 10], [25]
[2025-01-29 23:45:47,535][__main__][INFO] - [2, 10, 26], []
[2025-01-29 23:45:47,585][__main__][INFO] - [2, 10], [26]
[2025-01-29 23:45:47,657][__main__][INFO] - [2, 10, 27], []
[2025-01-29 23:45:47,713][__main__][INFO] - [2, 10], [27]
[2025-01-29 23:45:47,783][__main__][INFO] - [2, 10, 28], []
[2025-01-29 23:45:47,842][__main__][INFO] - [2, 10, 29], []
[2025-01-29 23:45:47,938][__main__][INFO] - [2, 10, 31], []
[2025-01-29 23:45:47,998][__main__][INFO] - [2, 10], [31]
[2025-01-29 23:45:48,062][__main__][INFO] - [2, 10, 32], []
[2025-01-29 23:45:48,113][__main__][INFO] - [2, 10, 33], []
[2025-01-29 23:45:48,176][__main__][INFO] - [2, 10, 34], []
[2025-01-29 23:45:48,226][__main__][INFO] - [2, 10, 35], []
[2025-01-29 23:45:48,276][__main__][INFO] - [2, 10, 36], []
[2025-01-29 23:45:48,326][__main__][INFO] - [2, 10, 37], []
[2025-01-29 23:45:48,404][__main__][INFO] - [2, 10, 39], []
[2025-01-29 23:45:48,511][__main__][INFO] - [2, 11], [10]
[2025-01-29 23:45:48,971][__main__][INFO] - [2, 12], [10]
[2025-01-29 23:45:49,064][__main__][INFO] - [2, 13], [10]
[2025-01-29 23:45:49,131][__main__][INFO] - [2, 14], [10]
[2025-01-29 23:45:49,183][__main__][INFO] - [2, 15], [10]
[2025-01-29 23:45:49,232][__main__][INFO] - [2, 16], [10]
[2025-01-29 23:45:49,755][__main__][INFO] - [2, 17], [10]
[2025-01-29 23:45:49,806][__main__][INFO] - [2, 18], [10]
[2025-01-29 23:45:49,853][__main__][INFO] - [2, 19], [10]
[2025-01-29 23:45:49,933][__main__][INFO] - [2, 21], [10]
[2025-01-29 23:45:50,269][__main__][INFO] - [2, 22], [10]
[2025-01-29 23:45:50,410][__main__][INFO] - [2, 23], [10]
[2025-01-29 23:45:50,532][__main__][INFO] - [2, 24], [10]
[2025-01-29 23:45:50,583][__main__][INFO] - [2, 25], [10]
[2025-01-29 23:45:50,700][__main__][INFO] - [2], [10, 25]
[2025-01-29 23:45:51,188][__main__][INFO] - [2], [10, 26]
[2025-01-29 23:45:51,777][__main__][INFO] - [2], [10, 27]
[2025-01-29 23:45:52,334][__main__][INFO] - [2, 28], [10]
[2025-01-29 23:45:52,949][__main__][INFO] - [2, 31], [10]
[2025-01-29 23:45:53,218][__main__][INFO] - [2], [10, 31]
[2025-01-29 23:45:53,501][__main__][INFO] - [2, 32], [10]
[2025-01-29 23:45:53,608][__main__][INFO] - [2, 33], [10]
[2025-01-29 23:45:53,916][__main__][INFO] - [2, 34], [10]
[2025-01-29 23:45:53,984][__main__][INFO] - [2, 35], [10]
[2025-01-29 23:45:54,122][__main__][INFO] - [2, 36], [10]
[2025-01-29 23:45:54,187][__main__][INFO] - [2, 37], [10]
[2025-01-29 23:45:54,237][__main__][INFO] - [2, 38], [10]
[2025-01-29 23:45:54,286][__main__][INFO] - [2, 39], [10]
[2025-01-29 23:45:54,394][__main__][INFO] - [2, 11, 16], []
[2025-01-29 23:45:54,870][__main__][INFO] - [2, 11, 17], []
[2025-01-29 23:45:54,922][__main__][INFO] - [2, 11, 18], []
[2025-01-29 23:45:54,969][__main__][INFO] - [2, 11, 19], []
[2025-01-29 23:45:55,049][__main__][INFO] - [2, 11, 21], []
[2025-01-29 23:45:55,338][__main__][INFO] - [2, 11, 22], []
[2025-01-29 23:45:55,486][__main__][INFO] - [2, 11, 23], []
[2025-01-29 23:45:55,594][__main__][INFO] - [2, 11, 24], []
[2025-01-29 23:45:55,676][__main__][INFO] - [2, 11], [25]
[2025-01-29 23:45:56,170][__main__][INFO] - [2, 11, 26], []
[2025-01-29 23:45:56,221][__main__][INFO] - [2, 11], [26]
[2025-01-29 23:45:56,716][__main__][INFO] - [2, 11, 27], []
[2025-01-29 23:45:56,768][__main__][INFO] - [2, 11], [27]
[2025-01-29 23:45:57,263][__main__][INFO] - [2, 11, 28], []
[2025-01-29 23:45:57,736][__main__][INFO] - [2, 11, 29], []
[2025-01-29 23:45:57,830][__main__][INFO] - [2, 11, 31], []
[2025-01-29 23:45:58,070][__main__][INFO] - [2, 11], [31]
[2025-01-29 23:45:58,328][__main__][INFO] - [2, 11, 32], []
[2025-01-29 23:45:58,426][__main__][INFO] - [2, 11, 33], []
[2025-01-29 23:45:58,727][__main__][INFO] - [2, 11, 34], []
[2025-01-29 23:45:58,794][__main__][INFO] - [2, 11, 35], []
[2025-01-29 23:45:58,874][__main__][INFO] - [2, 11, 36], []
[2025-01-29 23:45:58,940][__main__][INFO] - [2, 11, 37], []
[2025-01-29 23:45:58,990][__main__][INFO] - [2, 11, 38], []
[2025-01-29 23:45:59,039][__main__][INFO] - [2, 11, 39], []
[2025-01-29 23:45:59,146][__main__][INFO] - [2, 12, 16], []
[2025-01-29 23:45:59,244][__main__][INFO] - [2, 12, 17], []
[2025-01-29 23:45:59,382][__main__][INFO] - [2, 12, 21], []
[2025-01-29 23:45:59,467][__main__][INFO] - [2, 12, 22], []
[2025-01-29 23:45:59,517][__main__][INFO] - [2, 12, 23], []
[2025-01-29 23:45:59,570][__main__][INFO] - [2, 12, 24], []
[2025-01-29 23:45:59,618][__main__][INFO] - [2, 12, 25], []
[2025-01-29 23:45:59,745][__main__][INFO] - [2, 12, 26], []
[2025-01-29 23:45:59,793][__main__][INFO] - [2, 12], [26]
[2025-01-29 23:45:59,889][__main__][INFO] - [2, 12, 27], []
[2025-01-29 23:45:59,938][__main__][INFO] - [2, 12], [27]
[2025-01-29 23:46:00,031][__main__][INFO] - [2, 12, 28], []
[2025-01-29 23:46:00,125][__main__][INFO] - [2, 12, 29], []
[2025-01-29 23:46:00,203][__main__][INFO] - [2, 12, 31], []
[2025-01-29 23:46:00,273][__main__][INFO] - [2, 12], [31]
[2025-01-29 23:46:00,341][__main__][INFO] - [2, 12, 32], []
[2025-01-29 23:46:00,397][__main__][INFO] - [2, 12, 33], []
[2025-01-29 23:46:00,459][__main__][INFO] - [2, 12, 34], []
[2025-01-29 23:46:00,508][__main__][INFO] - [2, 12, 35], []
[2025-01-29 23:46:00,571][__main__][INFO] - [2, 12, 36], []
[2025-01-29 23:46:00,619][__main__][INFO] - [2, 12, 37], []
[2025-01-29 23:46:00,668][__main__][INFO] - [2, 12, 38], []
[2025-01-29 23:46:00,805][__main__][INFO] - [2, 13, 16], []
[2025-01-29 23:46:00,871][__main__][INFO] - [2, 13, 17], []
[2025-01-29 23:46:00,920][__main__][INFO] - [2, 13, 18], []
[2025-01-29 23:46:00,967][__main__][INFO] - [2, 13, 19], []
[2025-01-29 23:46:01,045][__main__][INFO] - [2, 13, 21], []
[2025-01-29 23:46:01,107][__main__][INFO] - [2, 13, 22], []
[2025-01-29 23:46:01,156][__main__][INFO] - [2, 13, 23], []
[2025-01-29 23:46:01,207][__main__][INFO] - [2, 13, 24], []
[2025-01-29 23:46:01,256][__main__][INFO] - [2, 13, 25], []
[2025-01-29 23:46:01,356][__main__][INFO] - [2, 13, 26], []
[2025-01-29 23:46:01,405][__main__][INFO] - [2, 13], [26]
[2025-01-29 23:46:01,475][__main__][INFO] - [2, 13, 27], []
[2025-01-29 23:46:01,523][__main__][INFO] - [2, 13], [27]
[2025-01-29 23:46:01,590][__main__][INFO] - [2, 13, 28], []
[2025-01-29 23:46:01,657][__main__][INFO] - [2, 13, 29], []
[2025-01-29 23:46:01,735][__main__][INFO] - [2, 13, 31], []
[2025-01-29 23:46:01,792][__main__][INFO] - [2, 13], [31]
[2025-01-29 23:46:01,849][__main__][INFO] - [2, 13, 32], []
[2025-01-29 23:46:01,899][__main__][INFO] - [2, 13, 33], []
[2025-01-29 23:46:01,952][__main__][INFO] - [2, 13, 34], []
[2025-01-29 23:46:02,001][__main__][INFO] - [2, 13, 35], []
[2025-01-29 23:46:02,057][__main__][INFO] - [2, 13, 36], []
[2025-01-29 23:46:02,135][__main__][INFO] - [2, 13, 38], []
[2025-01-29 23:46:02,272][__main__][INFO] - [2, 14, 16], []
[2025-01-29 23:46:02,325][__main__][INFO] - [2, 14, 17], []
[2025-01-29 23:46:02,373][__main__][INFO] - [2, 14, 18], []
[2025-01-29 23:46:02,480][__main__][INFO] - [2, 14, 21], []
[2025-01-29 23:46:02,529][__main__][INFO] - [2, 14, 22], []
[2025-01-29 23:46:02,579][__main__][INFO] - [2, 14, 23], []
[2025-01-29 23:46:02,688][__main__][INFO] - [2, 14], [25]
[2025-01-29 23:46:02,771][__main__][INFO] - [2, 14], [26]
[2025-01-29 23:46:02,854][__main__][INFO] - [2, 14], [27]
[2025-01-29 23:46:02,906][__main__][INFO] - [2, 14, 28], []
[2025-01-29 23:46:02,959][__main__][INFO] - [2, 14, 29], []
[2025-01-29 23:46:03,037][__main__][INFO] - [2, 14, 31], []
[2025-01-29 23:46:03,087][__main__][INFO] - [2, 14], [31]
[2025-01-29 23:46:03,137][__main__][INFO] - [2, 14, 32], []
[2025-01-29 23:46:03,186][__main__][INFO] - [2, 14, 33], []
[2025-01-29 23:46:03,236][__main__][INFO] - [2, 14, 34], []
[2025-01-29 23:46:03,284][__main__][INFO] - [2, 14, 35], []
[2025-01-29 23:46:03,334][__main__][INFO] - [2, 14, 36], []
[2025-01-29 23:46:03,529][__main__][INFO] - [2, 15, 16], []
[2025-01-29 23:46:03,697][__main__][INFO] - [2, 15, 21], []
[2025-01-29 23:46:03,746][__main__][INFO] - [2, 15, 22], []
[2025-01-29 23:46:03,794][__main__][INFO] - [2, 15, 23], []
[2025-01-29 23:46:03,902][__main__][INFO] - [2, 15], [25]
[2025-01-29 23:46:03,980][__main__][INFO] - [2, 15], [26]
[2025-01-29 23:46:04,059][__main__][INFO] - [2, 15], [27]
[2025-01-29 23:46:04,108][__main__][INFO] - [2, 15, 28], []
[2025-01-29 23:46:04,215][__main__][INFO] - [2, 15, 31], []
[2025-01-29 23:46:04,264][__main__][INFO] - [2, 15], [31]
[2025-01-29 23:46:04,312][__main__][INFO] - [2, 15, 32], []
[2025-01-29 23:46:04,360][__main__][INFO] - [2, 15, 33], []
[2025-01-29 23:46:04,438][__main__][INFO] - [2, 15, 35], []
[2025-01-29 23:46:04,546][__main__][INFO] - [2, 15, 38], []
[2025-01-29 23:46:04,683][__main__][INFO] - [2, 16, 21], []
[2025-01-29 23:46:05,024][__main__][INFO] - [2, 16, 22], []
[2025-01-29 23:46:05,173][__main__][INFO] - [2, 16, 23], []
[2025-01-29 23:46:05,297][__main__][INFO] - [2, 16, 24], []
[2025-01-29 23:46:05,348][__main__][INFO] - [2, 16, 25], []
[2025-01-29 23:46:05,467][__main__][INFO] - [2, 16], [25]
[2025-01-29 23:46:05,945][__main__][INFO] - [2, 16, 26], []
[2025-01-29 23:46:05,995][__main__][INFO] - [2, 16], [26]
[2025-01-29 23:46:06,553][__main__][INFO] - [2, 16, 27], []
[2025-01-29 23:46:06,609][__main__][INFO] - [2, 16], [27]
[2025-01-29 23:46:07,166][__main__][INFO] - [2, 16, 28], []
[2025-01-29 23:46:07,709][__main__][INFO] - [2, 16, 29], []
[2025-01-29 23:46:07,804][__main__][INFO] - [2, 16, 31], []
[2025-01-29 23:46:08,083][__main__][INFO] - [2, 16], [31]
[2025-01-29 23:46:08,374][__main__][INFO] - [2, 16, 32], []
[2025-01-29 23:46:08,483][__main__][INFO] - [2, 16, 33], []
[2025-01-29 23:46:08,793][__main__][INFO] - [2, 16, 34], []
[2025-01-29 23:46:08,861][__main__][INFO] - [2, 16, 35], []
[2025-01-29 23:46:08,967][__main__][INFO] - [2, 16, 36], []
[2025-01-29 23:46:09,032][__main__][INFO] - [2, 16, 37], []
[2025-01-29 23:46:09,082][__main__][INFO] - [2, 16, 38], []
[2025-01-29 23:46:09,132][__main__][INFO] - [2, 16, 39], []
[2025-01-29 23:46:09,239][__main__][INFO] - [2, 17, 21], []
[2025-01-29 23:46:09,289][__main__][INFO] - [2, 17, 22], []
[2025-01-29 23:46:09,338][__main__][INFO] - [2, 17, 23], []
[2025-01-29 23:46:09,387][__main__][INFO] - [2, 17, 24], []
[2025-01-29 23:46:09,435][__main__][INFO] - [2, 17, 25], []
[2025-01-29 23:46:09,484][__main__][INFO] - [2, 17], [25]
[2025-01-29 23:46:09,535][__main__][INFO] - [2, 17, 26], []
[2025-01-29 23:46:09,583][__main__][INFO] - [2, 17], [26]
[2025-01-29 23:46:09,665][__main__][INFO] - [2, 17], [27]
[2025-01-29 23:46:09,717][__main__][INFO] - [2, 17, 28], []
[2025-01-29 23:46:09,768][__main__][INFO] - [2, 17, 29], []
[2025-01-29 23:46:09,847][__main__][INFO] - [2, 17, 31], []
[2025-01-29 23:46:09,896][__main__][INFO] - [2, 17], [31]
[2025-01-29 23:46:09,946][__main__][INFO] - [2, 17, 32], []
[2025-01-29 23:46:09,995][__main__][INFO] - [2, 17, 33], []
[2025-01-29 23:46:10,045][__main__][INFO] - [2, 17, 34], []
[2025-01-29 23:46:10,093][__main__][INFO] - [2, 17, 35], []
[2025-01-29 23:46:10,141][__main__][INFO] - [2, 17, 36], []
[2025-01-29 23:46:10,338][__main__][INFO] - [2, 18, 21], []
[2025-01-29 23:46:10,385][__main__][INFO] - [2, 18, 22], []
[2025-01-29 23:46:10,432][__main__][INFO] - [2, 18, 23], []
[2025-01-29 23:46:10,509][__main__][INFO] - [2, 18, 25], []
[2025-01-29 23:46:10,556][__main__][INFO] - [2, 18], [25]
[2025-01-29 23:46:10,633][__main__][INFO] - [2, 18], [26]
[2025-01-29 23:46:10,710][__main__][INFO] - [2, 18], [27]
[2025-01-29 23:46:10,757][__main__][INFO] - [2, 18, 28], []
[2025-01-29 23:46:10,864][__main__][INFO] - [2, 18, 31], []
[2025-01-29 23:46:10,911][__main__][INFO] - [2, 18], [31]
[2025-01-29 23:46:10,958][__main__][INFO] - [2, 18, 32], []
[2025-01-29 23:46:11,005][__main__][INFO] - [2, 18, 33], []
[2025-01-29 23:46:11,052][__main__][INFO] - [2, 18, 34], []
[2025-01-29 23:46:11,099][__main__][INFO] - [2, 18, 35], []
[2025-01-29 23:46:11,146][__main__][INFO] - [2, 18, 36], []
[2025-01-29 23:46:11,341][__main__][INFO] - [2, 19, 21], []
[2025-01-29 23:46:11,390][__main__][INFO] - [2, 19, 22], []
[2025-01-29 23:46:11,438][__main__][INFO] - [2, 19, 23], []
[2025-01-29 23:46:11,517][__main__][INFO] - [2, 19, 25], []
[2025-01-29 23:46:11,565][__main__][INFO] - [2, 19], [25]
[2025-01-29 23:46:11,653][__main__][INFO] - [2, 19], [26]
[2025-01-29 23:46:11,733][__main__][INFO] - [2, 19], [27]
[2025-01-29 23:46:11,783][__main__][INFO] - [2, 19, 28], []
[2025-01-29 23:46:11,892][__main__][INFO] - [2, 19, 31], []
[2025-01-29 23:46:11,941][__main__][INFO] - [2, 19], [31]
[2025-01-29 23:46:11,990][__main__][INFO] - [2, 19, 32], []
[2025-01-29 23:46:12,039][__main__][INFO] - [2, 19, 33], []
[2025-01-29 23:46:12,087][__main__][INFO] - [2, 19, 34], []
[2025-01-29 23:46:12,136][__main__][INFO] - [2, 19, 35], []
[2025-01-29 23:46:12,184][__main__][INFO] - [2, 19, 36], []
[2025-01-29 23:46:12,409][__main__][INFO] - [2, 21, 25], []
[2025-01-29 23:46:12,513][__main__][INFO] - [2, 21], [25]
[2025-01-29 23:46:12,808][__main__][INFO] - [2, 21, 26], []
[2025-01-29 23:46:12,857][__main__][INFO] - [2, 21], [26]
[2025-01-29 23:46:13,208][__main__][INFO] - [2, 21, 27], []
[2025-01-29 23:46:13,258][__main__][INFO] - [2, 21], [27]
[2025-01-29 23:46:13,606][__main__][INFO] - [2, 21, 28], []
[2025-01-29 23:46:13,947][__main__][INFO] - [2, 21, 29], []
[2025-01-29 23:46:14,032][__main__][INFO] - [2, 21, 31], []
[2025-01-29 23:46:14,212][__main__][INFO] - [2, 21], [31]
[2025-01-29 23:46:14,404][__main__][INFO] - [2, 21, 32], []
[2025-01-29 23:46:14,499][__main__][INFO] - [2, 21, 33], []
[2025-01-29 23:46:14,685][__main__][INFO] - [2, 21, 34], []
[2025-01-29 23:46:14,738][__main__][INFO] - [2, 21, 35], []
[2025-01-29 23:46:14,830][__main__][INFO] - [2, 21, 36], []
[2025-01-29 23:46:14,891][__main__][INFO] - [2, 21, 37], []
[2025-01-29 23:46:14,940][__main__][INFO] - [2, 21, 38], []
[2025-01-29 23:46:14,989][__main__][INFO] - [2, 21, 39], []
[2025-01-29 23:46:15,096][__main__][INFO] - [2, 22, 25], []
[2025-01-29 23:46:15,147][__main__][INFO] - [2, 22], [25]
[2025-01-29 23:46:15,295][__main__][INFO] - [2, 22, 26], []
[2025-01-29 23:46:15,343][__main__][INFO] - [2, 22], [26]
[2025-01-29 23:46:15,494][__main__][INFO] - [2, 22, 27], []
[2025-01-29 23:46:15,543][__main__][INFO] - [2, 22], [27]
[2025-01-29 23:46:15,694][__main__][INFO] - [2, 22, 28], []
[2025-01-29 23:46:15,842][__main__][INFO] - [2, 22, 29], []
[2025-01-29 23:46:15,923][__main__][INFO] - [2, 22, 31], []
[2025-01-29 23:46:16,017][__main__][INFO] - [2, 22], [31]
[2025-01-29 23:46:16,112][__main__][INFO] - [2, 22, 32], []
[2025-01-29 23:46:16,163][__main__][INFO] - [2, 22, 33], []
[2025-01-29 23:46:16,277][__main__][INFO] - [2, 22, 34], []
[2025-01-29 23:46:16,337][__main__][INFO] - [2, 22, 35], []
[2025-01-29 23:46:16,389][__main__][INFO] - [2, 22, 36], []
[2025-01-29 23:46:16,439][__main__][INFO] - [2, 22, 37], []
[2025-01-29 23:46:16,487][__main__][INFO] - [2, 22, 38], []
[2025-01-29 23:46:16,535][__main__][INFO] - [2, 22, 39], []
[2025-01-29 23:46:16,642][__main__][INFO] - [2, 23, 25], []
[2025-01-29 23:46:16,699][__main__][INFO] - [2, 23], [25]
[2025-01-29 23:46:16,813][__main__][INFO] - [2, 23, 26], []
[2025-01-29 23:46:16,862][__main__][INFO] - [2, 23], [26]
[2025-01-29 23:46:16,987][__main__][INFO] - [2, 23, 27], []
[2025-01-29 23:46:17,036][__main__][INFO] - [2, 23], [27]
[2025-01-29 23:46:17,161][__main__][INFO] - [2, 23, 28], []
[2025-01-29 23:46:17,284][__main__][INFO] - [2, 23, 29], []
[2025-01-29 23:46:17,364][__main__][INFO] - [2, 23, 31], []
[2025-01-29 23:46:17,445][__main__][INFO] - [2, 23], [31]
[2025-01-29 23:46:17,530][__main__][INFO] - [2, 23, 32], []
[2025-01-29 23:46:17,586][__main__][INFO] - [2, 23, 33], []
[2025-01-29 23:46:17,674][__main__][INFO] - [2, 23, 34], []
[2025-01-29 23:46:17,724][__main__][INFO] - [2, 23, 35], []
[2025-01-29 23:46:17,780][__main__][INFO] - [2, 23, 36], []
[2025-01-29 23:46:17,830][__main__][INFO] - [2, 23, 37], []
[2025-01-29 23:46:17,879][__main__][INFO] - [2, 23, 38], []
[2025-01-29 23:46:17,927][__main__][INFO] - [2, 23, 39], []
[2025-01-29 23:46:18,034][__main__][INFO] - [2, 24, 25], []
[2025-01-29 23:46:18,084][__main__][INFO] - [2, 24], [25]
[2025-01-29 23:46:18,172][__main__][INFO] - [2, 24], [26]
[2025-01-29 23:46:18,254][__main__][INFO] - [2, 24], [27]
[2025-01-29 23:46:18,305][__main__][INFO] - [2, 24, 28], []
[2025-01-29 23:46:18,358][__main__][INFO] - [2, 24, 29], []
[2025-01-29 23:46:18,436][__main__][INFO] - [2, 24, 31], []
[2025-01-29 23:46:18,486][__main__][INFO] - [2, 24], [31]
[2025-01-29 23:46:18,535][__main__][INFO] - [2, 24, 32], []
[2025-01-29 23:46:18,584][__main__][INFO] - [2, 24, 33], []
[2025-01-29 23:46:18,634][__main__][INFO] - [2, 24, 34], []
[2025-01-29 23:46:18,683][__main__][INFO] - [2, 24, 35], []
[2025-01-29 23:46:18,731][__main__][INFO] - [2, 24, 36], []
[2025-01-29 23:46:18,927][__main__][INFO] - [2, 25, 26], []
[2025-01-29 23:46:18,976][__main__][INFO] - [2, 25], [26]
[2025-01-29 23:46:19,095][__main__][INFO] - [2, 25, 27], []
[2025-01-29 23:46:19,144][__main__][INFO] - [2, 25], [27]
[2025-01-29 23:46:19,262][__main__][INFO] - [2, 25, 28], []
[2025-01-29 23:46:19,384][__main__][INFO] - [2, 25, 29], []
[2025-01-29 23:46:19,463][__main__][INFO] - [2, 25, 31], []
[2025-01-29 23:46:19,546][__main__][INFO] - [2, 25], [31]
[2025-01-29 23:46:19,628][__main__][INFO] - [2, 25, 32], []
[2025-01-29 23:46:19,686][__main__][INFO] - [2, 25, 33], []
[2025-01-29 23:46:19,755][__main__][INFO] - [2, 25, 34], []
[2025-01-29 23:46:19,804][__main__][INFO] - [2, 25, 35], []
[2025-01-29 23:46:19,875][__main__][INFO] - [2, 25, 36], []
[2025-01-29 23:46:19,924][__main__][INFO] - [2, 25, 37], []
[2025-01-29 23:46:19,972][__main__][INFO] - [2, 25, 38], []
[2025-01-29 23:46:20,109][__main__][INFO] - [2, 26], [25]
[2025-01-29 23:46:20,159][__main__][INFO] - [2], [25, 26]
[2025-01-29 23:46:20,657][__main__][INFO] - [2, 27], [25]
[2025-01-29 23:46:20,708][__main__][INFO] - [2], [25, 27]
[2025-01-29 23:46:21,200][__main__][INFO] - [2, 28], [25]
[2025-01-29 23:46:21,683][__main__][INFO] - [2, 29], [25]
[2025-01-29 23:46:21,778][__main__][INFO] - [2, 31], [25]
[2025-01-29 23:46:22,022][__main__][INFO] - [2], [25, 31]
[2025-01-29 23:46:22,280][__main__][INFO] - [2, 32], [25]
[2025-01-29 23:46:22,378][__main__][INFO] - [2, 33], [25]
[2025-01-29 23:46:22,678][__main__][INFO] - [2, 34], [25]
[2025-01-29 23:46:22,746][__main__][INFO] - [2, 35], [25]
[2025-01-29 23:46:22,828][__main__][INFO] - [2, 36], [25]
[2025-01-29 23:46:22,893][__main__][INFO] - [2, 37], [25]
[2025-01-29 23:46:22,943][__main__][INFO] - [2, 38], [25]
[2025-01-29 23:46:22,992][__main__][INFO] - [2, 39], [25]
[2025-01-29 23:46:23,100][__main__][INFO] - [2, 26, 27], []
[2025-01-29 23:46:23,148][__main__][INFO] - [2, 26], [27]
[2025-01-29 23:46:23,198][__main__][INFO] - [2, 26, 28], []
[2025-01-29 23:46:23,247][__main__][INFO] - [2, 26, 29], []
[2025-01-29 23:46:23,326][__main__][INFO] - [2, 26, 31], []
[2025-01-29 23:46:23,375][__main__][INFO] - [2, 26], [31]
[2025-01-29 23:46:23,424][__main__][INFO] - [2, 26, 32], []
[2025-01-29 23:46:23,473][__main__][INFO] - [2, 26, 33], []
[2025-01-29 23:46:23,522][__main__][INFO] - [2, 26, 34], []
[2025-01-29 23:46:23,570][__main__][INFO] - [2, 26, 35], []
[2025-01-29 23:46:23,619][__main__][INFO] - [2, 26, 36], []
[2025-01-29 23:46:23,815][__main__][INFO] - [2, 27], [26]
[2025-01-29 23:46:23,866][__main__][INFO] - [2], [26, 27]
[2025-01-29 23:46:24,447][__main__][INFO] - [2, 28], [26]
[2025-01-29 23:46:25,020][__main__][INFO] - [2, 29], [26]
[2025-01-29 23:46:25,114][__main__][INFO] - [2, 31], [26]
[2025-01-29 23:46:25,395][__main__][INFO] - [2], [26, 31]
[2025-01-29 23:46:25,691][__main__][INFO] - [2, 32], [26]
[2025-01-29 23:46:25,804][__main__][INFO] - [2, 33], [26]
[2025-01-29 23:46:26,122][__main__][INFO] - [2, 34], [26]
[2025-01-29 23:46:26,192][__main__][INFO] - [2, 35], [26]
[2025-01-29 23:46:26,302][__main__][INFO] - [2, 36], [26]
[2025-01-29 23:46:26,368][__main__][INFO] - [2, 37], [26]
[2025-01-29 23:46:26,419][__main__][INFO] - [2, 38], [26]
[2025-01-29 23:46:26,468][__main__][INFO] - [2, 39], [26]
[2025-01-29 23:46:26,576][__main__][INFO] - [2, 27, 28], []
[2025-01-29 23:46:26,637][__main__][INFO] - [2, 27, 29], []
[2025-01-29 23:46:26,716][__main__][INFO] - [2, 27, 31], []
[2025-01-29 23:46:26,766][__main__][INFO] - [2, 27], [31]
[2025-01-29 23:46:26,816][__main__][INFO] - [2, 27, 32], []
[2025-01-29 23:46:26,864][__main__][INFO] - [2, 27, 33], []
[2025-01-29 23:46:26,914][__main__][INFO] - [2, 27, 34], []
[2025-01-29 23:46:26,963][__main__][INFO] - [2, 27, 35], []
[2025-01-29 23:46:27,011][__main__][INFO] - [2, 27, 36], []
[2025-01-29 23:46:27,209][__main__][INFO] - [2, 28], [27]
[2025-01-29 23:46:27,762][__main__][INFO] - [2, 29], [27]
[2025-01-29 23:46:27,855][__main__][INFO] - [2, 31], [27]
[2025-01-29 23:46:28,133][__main__][INFO] - [2], [27, 31]
[2025-01-29 23:46:28,434][__main__][INFO] - [2, 32], [27]
[2025-01-29 23:46:28,547][__main__][INFO] - [2, 33], [27]
[2025-01-29 23:46:28,870][__main__][INFO] - [2, 34], [27]
[2025-01-29 23:46:28,939][__main__][INFO] - [2, 35], [27]
[2025-01-29 23:46:29,049][__main__][INFO] - [2, 36], [27]
[2025-01-29 23:46:29,115][__main__][INFO] - [2, 37], [27]
[2025-01-29 23:46:29,165][__main__][INFO] - [2, 38], [27]
[2025-01-29 23:46:29,215][__main__][INFO] - [2, 39], [27]
[2025-01-29 23:46:29,322][__main__][INFO] - [2, 28, 31], []
[2025-01-29 23:46:29,595][__main__][INFO] - [2, 28], [31]
[2025-01-29 23:46:29,885][__main__][INFO] - [2, 28, 32], []
[2025-01-29 23:46:29,993][__main__][INFO] - [2, 28, 33], []
[2025-01-29 23:46:30,308][__main__][INFO] - [2, 28, 34], []
[2025-01-29 23:46:30,406][__main__][INFO] - [2, 28, 35], []
[2025-01-29 23:46:30,512][__main__][INFO] - [2, 28, 36], []
[2025-01-29 23:46:30,578][__main__][INFO] - [2, 28, 37], []
[2025-01-29 23:46:30,628][__main__][INFO] - [2, 28, 38], []
[2025-01-29 23:46:30,677][__main__][INFO] - [2, 28, 39], []
[2025-01-29 23:46:30,785][__main__][INFO] - [2, 29, 31], []
[2025-01-29 23:46:30,838][__main__][INFO] - [2, 29], [31]
[2025-01-29 23:46:30,893][__main__][INFO] - [2, 29, 32], []
[2025-01-29 23:46:30,943][__main__][INFO] - [2, 29, 33], []
[2025-01-29 23:46:30,998][__main__][INFO] - [2, 29, 34], []
[2025-01-29 23:46:31,047][__main__][INFO] - [2, 29, 35], []
[2025-01-29 23:46:31,096][__main__][INFO] - [2, 29, 36], []
[2025-01-29 23:46:31,145][__main__][INFO] - [2, 29, 37], []
[2025-01-29 23:46:31,223][__main__][INFO] - [2, 29, 39], []
[2025-01-29 23:46:31,359][__main__][INFO] - [2, 31, 32], []
[2025-01-29 23:46:31,434][__main__][INFO] - [2, 31, 33], []
[2025-01-29 23:46:31,599][__main__][INFO] - [2, 31, 34], []
[2025-01-29 23:46:31,656][__main__][INFO] - [2, 31, 35], []
[2025-01-29 23:46:31,729][__main__][INFO] - [2, 31, 36], []
[2025-01-29 23:46:31,785][__main__][INFO] - [2, 31, 37], []
[2025-01-29 23:46:31,834][__main__][INFO] - [2, 31, 38], []
[2025-01-29 23:46:31,882][__main__][INFO] - [2, 31, 39], []
[2025-01-29 23:46:31,989][__main__][INFO] - [2, 32], [31]
[2025-01-29 23:46:32,066][__main__][INFO] - [2, 33], [31]
[2025-01-29 23:46:32,241][__main__][INFO] - [2, 34], [31]
[2025-01-29 23:46:32,298][__main__][INFO] - [2, 35], [31]
[2025-01-29 23:46:32,372][__main__][INFO] - [2, 36], [31]
[2025-01-29 23:46:32,430][__main__][INFO] - [2, 37], [31]
[2025-01-29 23:46:32,479][__main__][INFO] - [2, 38], [31]
[2025-01-29 23:46:32,528][__main__][INFO] - [2, 39], [31]
[2025-01-29 23:46:32,663][__main__][INFO] - [3, 10, 11], []
[2025-01-29 23:46:32,733][__main__][INFO] - [3, 10, 12], []
[2025-01-29 23:46:32,783][__main__][INFO] - [3, 10, 13], []
[2025-01-29 23:46:32,832][__main__][INFO] - [3, 10, 14], []
[2025-01-29 23:46:32,910][__main__][INFO] - [3, 10, 16], []
[2025-01-29 23:46:32,984][__main__][INFO] - [3, 10, 17], []
[2025-01-29 23:46:33,064][__main__][INFO] - [3, 10, 19], []
[2025-01-29 23:46:33,142][__main__][INFO] - [3, 10, 21], []
[2025-01-29 23:46:33,205][__main__][INFO] - [3, 10, 22], []
[2025-01-29 23:46:33,258][__main__][INFO] - [3, 10, 23], []
[2025-01-29 23:46:33,309][__main__][INFO] - [3, 10, 24], []
[2025-01-29 23:46:33,358][__main__][INFO] - [3, 10, 25], []
[2025-01-29 23:46:33,413][__main__][INFO] - [3, 10], [25]
[2025-01-29 23:46:33,484][__main__][INFO] - [3, 10, 26], []
[2025-01-29 23:46:33,538][__main__][INFO] - [3, 10], [26]
[2025-01-29 23:46:33,609][__main__][INFO] - [3, 10, 27], []
[2025-01-29 23:46:33,664][__main__][INFO] - [3, 10], [27]
[2025-01-29 23:46:33,734][__main__][INFO] - [3, 10, 28], []
[2025-01-29 23:46:33,794][__main__][INFO] - [3, 10, 29], []
[2025-01-29 23:46:33,888][__main__][INFO] - [3, 10, 31], []
[2025-01-29 23:46:33,948][__main__][INFO] - [3, 10], [31]
[2025-01-29 23:46:34,012][__main__][INFO] - [3, 10, 32], []
[2025-01-29 23:46:34,062][__main__][INFO] - [3, 10, 33], []
[2025-01-29 23:46:34,125][__main__][INFO] - [3, 10, 34], []
[2025-01-29 23:46:34,174][__main__][INFO] - [3, 10, 35], []
[2025-01-29 23:46:34,224][__main__][INFO] - [3, 10, 36], []
[2025-01-29 23:46:34,274][__main__][INFO] - [3, 10, 37], []
[2025-01-29 23:46:34,352][__main__][INFO] - [3, 10, 39], []
[2025-01-29 23:46:34,459][__main__][INFO] - [3, 11], [10]
[2025-01-29 23:46:34,817][__main__][INFO] - [3, 12], [10]
[2025-01-29 23:46:34,939][__main__][INFO] - [3, 13], [10]
[2025-01-29 23:46:35,027][__main__][INFO] - [3, 14], [10]
[2025-01-29 23:46:35,078][__main__][INFO] - [3, 15], [10]
[2025-01-29 23:46:35,127][__main__][INFO] - [3, 16], [10]
[2025-01-29 23:46:35,604][__main__][INFO] - [3, 17], [10]
[2025-01-29 23:46:35,659][__main__][INFO] - [3, 18], [10]
[2025-01-29 23:46:35,706][__main__][INFO] - [3, 19], [10]
[2025-01-29 23:46:35,785][__main__][INFO] - [3, 21], [10]
[2025-01-29 23:46:36,103][__main__][INFO] - [3, 22], [10]
[2025-01-29 23:46:36,234][__main__][INFO] - [3, 23], [10]
[2025-01-29 23:46:36,339][__main__][INFO] - [3, 24], [10]
[2025-01-29 23:46:36,391][__main__][INFO] - [3, 25], [10]
[2025-01-29 23:46:36,561][__main__][INFO] - [3], [10, 25]
[2025-01-29 23:46:36,949][__main__][INFO] - [3], [10, 26]
[2025-01-29 23:46:37,475][__main__][INFO] - [3], [10, 27]
[2025-01-29 23:46:37,969][__main__][INFO] - [3, 28], [10]
[2025-01-29 23:46:38,526][__main__][INFO] - [3, 31], [10]
[2025-01-29 23:46:38,778][__main__][INFO] - [3], [10, 31]
[2025-01-29 23:46:39,035][__main__][INFO] - [3, 32], [10]
[2025-01-29 23:46:39,128][__main__][INFO] - [3, 33], [10]
[2025-01-29 23:46:39,414][__main__][INFO] - [3, 34], [10]
[2025-01-29 23:46:39,476][__main__][INFO] - [3, 35], [10]
[2025-01-29 23:46:39,585][__main__][INFO] - [3, 36], [10]
[2025-01-29 23:46:39,646][__main__][INFO] - [3, 37], [10]
[2025-01-29 23:46:39,696][__main__][INFO] - [3, 38], [10]
[2025-01-29 23:46:39,745][__main__][INFO] - [3, 39], [10]
[2025-01-29 23:46:39,852][__main__][INFO] - [3, 11, 16], []
[2025-01-29 23:46:40,213][__main__][INFO] - [3, 11, 17], []
[2025-01-29 23:46:40,268][__main__][INFO] - [3, 11, 18], []
[2025-01-29 23:46:40,315][__main__][INFO] - [3, 11, 19], []
[2025-01-29 23:46:40,394][__main__][INFO] - [3, 11, 21], []
[2025-01-29 23:46:40,605][__main__][INFO] - [3, 11, 22], []
[2025-01-29 23:46:40,739][__main__][INFO] - [3, 11, 23], []
[2025-01-29 23:46:40,834][__main__][INFO] - [3, 11, 24], []
[2025-01-29 23:46:40,915][__main__][INFO] - [3, 11], [25]
[2025-01-29 23:46:41,299][__main__][INFO] - [3, 11, 26], []
[2025-01-29 23:46:41,349][__main__][INFO] - [3, 11], [26]
[2025-01-29 23:46:41,740][__main__][INFO] - [3, 11, 27], []
[2025-01-29 23:46:41,791][__main__][INFO] - [3, 11], [27]
[2025-01-29 23:46:42,186][__main__][INFO] - [3, 11, 28], []
[2025-01-29 23:46:42,551][__main__][INFO] - [3, 11, 29], []
[2025-01-29 23:46:42,642][__main__][INFO] - [3, 11, 31], []
[2025-01-29 23:46:42,839][__main__][INFO] - [3, 11], [31]
[2025-01-29 23:46:43,044][__main__][INFO] - [3, 11, 32], []
[2025-01-29 23:46:43,119][__main__][INFO] - [3, 11, 33], []
[2025-01-29 23:46:43,375][__main__][INFO] - [3, 11, 34], []
[2025-01-29 23:46:43,436][__main__][INFO] - [3, 11, 35], []
[2025-01-29 23:46:43,507][__main__][INFO] - [3, 11, 36], []
[2025-01-29 23:46:43,568][__main__][INFO] - [3, 11, 37], []
[2025-01-29 23:46:43,618][__main__][INFO] - [3, 11, 38], []
[2025-01-29 23:46:43,667][__main__][INFO] - [3, 11, 39], []
[2025-01-29 23:46:43,774][__main__][INFO] - [3, 12, 16], []
[2025-01-29 23:46:43,901][__main__][INFO] - [3, 12, 17], []
[2025-01-29 23:46:44,039][__main__][INFO] - [3, 12, 21], []
[2025-01-29 23:46:44,150][__main__][INFO] - [3, 12, 22], []
[2025-01-29 23:46:44,201][__main__][INFO] - [3, 12, 23], []
[2025-01-29 23:46:44,255][__main__][INFO] - [3, 12, 24], []
[2025-01-29 23:46:44,303][__main__][INFO] - [3, 12, 25], []
[2025-01-29 23:46:44,460][__main__][INFO] - [3, 12, 26], []
[2025-01-29 23:46:44,508][__main__][INFO] - [3, 12], [26]
[2025-01-29 23:46:44,634][__main__][INFO] - [3, 12, 27], []
[2025-01-29 23:46:44,683][__main__][INFO] - [3, 12], [27]
[2025-01-29 23:46:44,809][__main__][INFO] - [3, 12, 28], []
[2025-01-29 23:46:44,936][__main__][INFO] - [3, 12, 29], []
[2025-01-29 23:46:45,015][__main__][INFO] - [3, 12, 31], []
[2025-01-29 23:46:45,096][__main__][INFO] - [3, 12], [31]
[2025-01-29 23:46:45,179][__main__][INFO] - [3, 12, 32], []
[2025-01-29 23:46:45,241][__main__][INFO] - [3, 12, 33], []
[2025-01-29 23:46:45,318][__main__][INFO] - [3, 12, 34], []
[2025-01-29 23:46:45,367][__main__][INFO] - [3, 12, 35], []
[2025-01-29 23:46:45,434][__main__][INFO] - [3, 12, 36], []
[2025-01-29 23:46:45,482][__main__][INFO] - [3, 12, 37], []
[2025-01-29 23:46:45,531][__main__][INFO] - [3, 12, 38], []
[2025-01-29 23:46:45,580][__main__][INFO] - [3, 12, 39], []
[2025-01-29 23:46:45,687][__main__][INFO] - [3, 13, 16], []
[2025-01-29 23:46:45,776][__main__][INFO] - [3, 13, 17], []
[2025-01-29 23:46:45,825][__main__][INFO] - [3, 13, 18], []
[2025-01-29 23:46:45,872][__main__][INFO] - [3, 13, 19], []
[2025-01-29 23:46:45,950][__main__][INFO] - [3, 13, 21], []
[2025-01-29 23:46:46,031][__main__][INFO] - [3, 13, 22], []
[2025-01-29 23:46:46,081][__main__][INFO] - [3, 13, 23], []
[2025-01-29 23:46:46,134][__main__][INFO] - [3, 13, 24], []
[2025-01-29 23:46:46,182][__main__][INFO] - [3, 13, 25], []
[2025-01-29 23:46:46,305][__main__][INFO] - [3, 13, 26], []
[2025-01-29 23:46:46,354][__main__][INFO] - [3, 13], [26]
[2025-01-29 23:46:46,446][__main__][INFO] - [3, 13, 27], []
[2025-01-29 23:46:46,495][__main__][INFO] - [3, 13], [27]
[2025-01-29 23:46:46,587][__main__][INFO] - [3, 13, 28], []
[2025-01-29 23:46:46,679][__main__][INFO] - [3, 13, 29], []
[2025-01-29 23:46:46,758][__main__][INFO] - [3, 13, 31], []
[2025-01-29 23:46:46,827][__main__][INFO] - [3, 13], [31]
[2025-01-29 23:46:46,892][__main__][INFO] - [3, 13, 32], []
[2025-01-29 23:46:46,945][__main__][INFO] - [3, 13, 33], []
[2025-01-29 23:46:47,005][__main__][INFO] - [3, 13, 34], []
[2025-01-29 23:46:47,054][__main__][INFO] - [3, 13, 35], []
[2025-01-29 23:46:47,119][__main__][INFO] - [3, 13, 36], []
[2025-01-29 23:46:47,168][__main__][INFO] - [3, 13, 37], []
[2025-01-29 23:46:47,215][__main__][INFO] - [3, 13, 38], []
[2025-01-29 23:46:47,352][__main__][INFO] - [3, 14, 16], []
[2025-01-29 23:46:47,404][__main__][INFO] - [3, 14, 17], []
[2025-01-29 23:46:47,541][__main__][INFO] - [3, 14, 21], []
[2025-01-29 23:46:47,591][__main__][INFO] - [3, 14, 22], []
[2025-01-29 23:46:47,640][__main__][INFO] - [3, 14, 23], []
[2025-01-29 23:46:47,749][__main__][INFO] - [3, 14], [25]
[2025-01-29 23:46:47,830][__main__][INFO] - [3, 14], [26]
[2025-01-29 23:46:47,912][__main__][INFO] - [3, 14], [27]
[2025-01-29 23:46:47,964][__main__][INFO] - [3, 14, 28], []
[2025-01-29 23:46:48,015][__main__][INFO] - [3, 14, 29], []
[2025-01-29 23:46:48,094][__main__][INFO] - [3, 14, 31], []
[2025-01-29 23:46:48,143][__main__][INFO] - [3, 14], [31]
[2025-01-29 23:46:48,193][__main__][INFO] - [3, 14, 32], []
[2025-01-29 23:46:48,242][__main__][INFO] - [3, 14, 33], []
[2025-01-29 23:46:48,291][__main__][INFO] - [3, 14, 34], []
[2025-01-29 23:46:48,340][__main__][INFO] - [3, 14, 35], []
[2025-01-29 23:46:48,389][__main__][INFO] - [3, 14, 36], []
[2025-01-29 23:46:48,585][__main__][INFO] - [3, 15, 16], []
[2025-01-29 23:46:48,634][__main__][INFO] - [3, 15, 17], []
[2025-01-29 23:46:48,772][__main__][INFO] - [3, 15, 21], []
[2025-01-29 23:46:48,820][__main__][INFO] - [3, 15, 22], []
[2025-01-29 23:46:48,869][__main__][INFO] - [3, 15, 23], []
[2025-01-29 23:46:48,977][__main__][INFO] - [3, 15], [25]
[2025-01-29 23:46:49,056][__main__][INFO] - [3, 15], [26]
[2025-01-29 23:46:49,134][__main__][INFO] - [3, 15], [27]
[2025-01-29 23:46:49,183][__main__][INFO] - [3, 15, 28], []
[2025-01-29 23:46:49,292][__main__][INFO] - [3, 15, 31], []
[2025-01-29 23:46:49,340][__main__][INFO] - [3, 15], [31]
[2025-01-29 23:46:49,388][__main__][INFO] - [3, 15, 32], []
[2025-01-29 23:46:49,437][__main__][INFO] - [3, 15, 33], []
[2025-01-29 23:46:49,515][__main__][INFO] - [3, 15, 35], []
[2025-01-29 23:46:49,741][__main__][INFO] - [3, 16, 21], []
[2025-01-29 23:46:50,058][__main__][INFO] - [3, 16, 22], []
[2025-01-29 23:46:50,197][__main__][INFO] - [3, 16, 23], []
[2025-01-29 23:46:50,306][__main__][INFO] - [3, 16, 24], []
[2025-01-29 23:46:50,357][__main__][INFO] - [3, 16, 25], []
[2025-01-29 23:46:50,530][__main__][INFO] - [3, 16], [25]
[2025-01-29 23:46:50,909][__main__][INFO] - [3, 16, 26], []
[2025-01-29 23:46:50,960][__main__][INFO] - [3, 16], [26]
[2025-01-29 23:46:51,471][__main__][INFO] - [3, 16, 27], []
[2025-01-29 23:46:51,523][__main__][INFO] - [3, 16], [27]
[2025-01-29 23:46:52,033][__main__][INFO] - [3, 16, 28], []
[2025-01-29 23:46:52,525][__main__][INFO] - [3, 16, 29], []
[2025-01-29 23:46:52,618][__main__][INFO] - [3, 16, 31], []
[2025-01-29 23:46:52,883][__main__][INFO] - [3, 16], [31]
[2025-01-29 23:46:53,141][__main__][INFO] - [3, 16, 32], []
[2025-01-29 23:46:53,236][__main__][INFO] - [3, 16, 33], []
[2025-01-29 23:46:53,529][__main__][INFO] - [3, 16, 34], []
[2025-01-29 23:46:53,592][__main__][INFO] - [3, 16, 35], []
[2025-01-29 23:46:53,703][__main__][INFO] - [3, 16, 36], []
[2025-01-29 23:46:53,765][__main__][INFO] - [3, 16, 37], []
[2025-01-29 23:46:53,815][__main__][INFO] - [3, 16, 38], []
[2025-01-29 23:46:53,864][__main__][INFO] - [3, 16, 39], []
[2025-01-29 23:46:53,971][__main__][INFO] - [3, 17, 21], []
[2025-01-29 23:46:54,023][__main__][INFO] - [3, 17, 22], []
[2025-01-29 23:46:54,073][__main__][INFO] - [3, 17, 23], []
[2025-01-29 23:46:54,123][__main__][INFO] - [3, 17, 24], []
[2025-01-29 23:46:54,171][__main__][INFO] - [3, 17, 25], []
[2025-01-29 23:46:54,220][__main__][INFO] - [3, 17], [25]
[2025-01-29 23:46:54,283][__main__][INFO] - [3, 17, 26], []
[2025-01-29 23:46:54,334][__main__][INFO] - [3, 17], [26]
[2025-01-29 23:46:54,395][__main__][INFO] - [3, 17, 27], []
[2025-01-29 23:46:54,443][__main__][INFO] - [3, 17], [27]
[2025-01-29 23:46:54,503][__main__][INFO] - [3, 17, 28], []
[2025-01-29 23:46:54,558][__main__][INFO] - [3, 17, 29], []
[2025-01-29 23:46:54,637][__main__][INFO] - [3, 17, 31], []
[2025-01-29 23:46:54,686][__main__][INFO] - [3, 17], [31]
[2025-01-29 23:46:54,741][__main__][INFO] - [3, 17, 32], []
[2025-01-29 23:46:54,790][__main__][INFO] - [3, 17, 33], []
[2025-01-29 23:46:54,843][__main__][INFO] - [3, 17, 34], []
[2025-01-29 23:46:54,891][__main__][INFO] - [3, 17, 35], []
[2025-01-29 23:46:54,940][__main__][INFO] - [3, 17, 36], []
[2025-01-29 23:46:54,989][__main__][INFO] - [3, 17, 37], []
[2025-01-29 23:46:55,155][__main__][INFO] - [3, 18, 21], []
[2025-01-29 23:46:55,203][__main__][INFO] - [3, 18, 22], []
[2025-01-29 23:46:55,250][__main__][INFO] - [3, 18, 23], []
[2025-01-29 23:46:55,297][__main__][INFO] - [3, 18, 24], []
[2025-01-29 23:46:55,344][__main__][INFO] - [3, 18, 25], []
[2025-01-29 23:46:55,391][__main__][INFO] - [3, 18], [25]
[2025-01-29 23:46:55,468][__main__][INFO] - [3, 18], [26]
[2025-01-29 23:46:55,545][__main__][INFO] - [3, 18], [27]
[2025-01-29 23:46:55,592][__main__][INFO] - [3, 18, 28], []
[2025-01-29 23:46:55,699][__main__][INFO] - [3, 18, 31], []
[2025-01-29 23:46:55,746][__main__][INFO] - [3, 18], [31]
[2025-01-29 23:46:55,823][__main__][INFO] - [3, 18, 33], []
[2025-01-29 23:46:55,870][__main__][INFO] - [3, 18, 34], []
[2025-01-29 23:46:55,917][__main__][INFO] - [3, 18, 35], []
[2025-01-29 23:46:55,964][__main__][INFO] - [3, 18, 36], []
[2025-01-29 23:46:56,159][__main__][INFO] - [3, 19, 21], []
[2025-01-29 23:46:56,208][__main__][INFO] - [3, 19, 22], []
[2025-01-29 23:46:56,257][__main__][INFO] - [3, 19, 23], []
[2025-01-29 23:46:56,335][__main__][INFO] - [3, 19, 25], []
[2025-01-29 23:46:56,383][__main__][INFO] - [3, 19], [25]
[2025-01-29 23:46:56,462][__main__][INFO] - [3, 19], [26]
[2025-01-29 23:46:56,542][__main__][INFO] - [3, 19], [27]
[2025-01-29 23:46:56,591][__main__][INFO] - [3, 19, 28], []
[2025-01-29 23:46:56,702][__main__][INFO] - [3, 19, 31], []
[2025-01-29 23:46:56,751][__main__][INFO] - [3, 19], [31]
[2025-01-29 23:46:56,800][__main__][INFO] - [3, 19, 32], []
[2025-01-29 23:46:56,848][__main__][INFO] - [3, 19, 33], []
[2025-01-29 23:46:56,897][__main__][INFO] - [3, 19, 34], []
[2025-01-29 23:46:56,945][__main__][INFO] - [3, 19, 35], []
[2025-01-29 23:46:56,994][__main__][INFO] - [3, 19, 36], []
[2025-01-29 23:46:57,219][__main__][INFO] - [3, 21, 25], []
[2025-01-29 23:46:57,375][__main__][INFO] - [3, 21], [25]
[2025-01-29 23:46:57,591][__main__][INFO] - [3, 21, 26], []
[2025-01-29 23:46:57,641][__main__][INFO] - [3, 21], [26]
[2025-01-29 23:46:57,971][__main__][INFO] - [3, 21, 27], []
[2025-01-29 23:46:58,022][__main__][INFO] - [3, 21], [27]
[2025-01-29 23:46:58,349][__main__][INFO] - [3, 21, 28], []
[2025-01-29 23:46:58,670][__main__][INFO] - [3, 21, 29], []
[2025-01-29 23:46:58,755][__main__][INFO] - [3, 21, 31], []
[2025-01-29 23:46:58,933][__main__][INFO] - [3, 21], [31]
[2025-01-29 23:46:59,113][__main__][INFO] - [3, 21, 32], []
[2025-01-29 23:46:59,200][__main__][INFO] - [3, 21, 33], []
[2025-01-29 23:46:59,373][__main__][INFO] - [3, 21, 34], []
[2025-01-29 23:46:59,424][__main__][INFO] - [3, 21, 35], []
[2025-01-29 23:46:59,521][__main__][INFO] - [3, 21, 36], []
[2025-01-29 23:46:59,580][__main__][INFO] - [3, 21, 37], []
[2025-01-29 23:46:59,629][__main__][INFO] - [3, 21, 38], []
[2025-01-29 23:46:59,678][__main__][INFO] - [3, 21, 39], []
[2025-01-29 23:46:59,785][__main__][INFO] - [3, 22, 25], []
[2025-01-29 23:46:59,837][__main__][INFO] - [3, 22], [25]
[2025-01-29 23:46:59,973][__main__][INFO] - [3, 22, 26], []
[2025-01-29 23:47:00,022][__main__][INFO] - [3, 22], [26]
[2025-01-29 23:47:00,161][__main__][INFO] - [3, 22, 27], []
[2025-01-29 23:47:00,210][__main__][INFO] - [3, 22], [27]
[2025-01-29 23:47:00,350][__main__][INFO] - [3, 22, 28], []
[2025-01-29 23:47:00,488][__main__][INFO] - [3, 22, 29], []
[2025-01-29 23:47:00,569][__main__][INFO] - [3, 22, 31], []
[2025-01-29 23:47:00,661][__main__][INFO] - [3, 22], [31]
[2025-01-29 23:47:00,749][__main__][INFO] - [3, 22, 32], []
[2025-01-29 23:47:00,799][__main__][INFO] - [3, 22, 33], []
[2025-01-29 23:47:00,912][__main__][INFO] - [3, 22, 34], []
[2025-01-29 23:47:00,969][__main__][INFO] - [3, 22, 35], []
[2025-01-29 23:47:01,020][__main__][INFO] - [3, 22, 36], []
[2025-01-29 23:47:01,069][__main__][INFO] - [3, 22, 37], []
[2025-01-29 23:47:01,117][__main__][INFO] - [3, 22, 38], []
[2025-01-29 23:47:01,165][__main__][INFO] - [3, 22, 39], []
[2025-01-29 23:47:01,273][__main__][INFO] - [3, 23, 25], []
[2025-01-29 23:47:01,332][__main__][INFO] - [3, 23], [25]
[2025-01-29 23:47:01,429][__main__][INFO] - [3, 23, 26], []
[2025-01-29 23:47:01,477][__main__][INFO] - [3, 23], [26]
[2025-01-29 23:47:01,588][__main__][INFO] - [3, 23, 27], []
[2025-01-29 23:47:01,637][__main__][INFO] - [3, 23], [27]
[2025-01-29 23:47:01,748][__main__][INFO] - [3, 23, 28], []
[2025-01-29 23:47:01,857][__main__][INFO] - [3, 23, 29], []
[2025-01-29 23:47:01,937][__main__][INFO] - [3, 23, 31], []
[2025-01-29 23:47:02,011][__main__][INFO] - [3, 23], [31]
[2025-01-29 23:47:02,091][__main__][INFO] - [3, 23, 32], []
[2025-01-29 23:47:02,144][__main__][INFO] - [3, 23, 33], []
[2025-01-29 23:47:02,226][__main__][INFO] - [3, 23, 34], []
[2025-01-29 23:47:02,276][__main__][INFO] - [3, 23, 35], []
[2025-01-29 23:47:02,330][__main__][INFO] - [3, 23, 36], []
[2025-01-29 23:47:02,380][__main__][INFO] - [3, 23, 37], []
[2025-01-29 23:47:02,428][__main__][INFO] - [3, 23, 38], []
[2025-01-29 23:47:02,477][__main__][INFO] - [3, 23, 39], []
[2025-01-29 23:47:02,584][__main__][INFO] - [3, 24, 25], []
[2025-01-29 23:47:02,632][__main__][INFO] - [3, 24], [25]
[2025-01-29 23:47:02,714][__main__][INFO] - [3, 24], [26]
[2025-01-29 23:47:02,766][__main__][INFO] - [3, 24, 27], []
[2025-01-29 23:47:02,814][__main__][INFO] - [3, 24], [27]
[2025-01-29 23:47:02,865][__main__][INFO] - [3, 24, 28], []
[2025-01-29 23:47:02,917][__main__][INFO] - [3, 24, 29], []
[2025-01-29 23:47:02,995][__main__][INFO] - [3, 24, 31], []
[2025-01-29 23:47:03,045][__main__][INFO] - [3, 24], [31]
[2025-01-29 23:47:03,095][__main__][INFO] - [3, 24, 32], []
[2025-01-29 23:47:03,144][__main__][INFO] - [3, 24, 33], []
[2025-01-29 23:47:03,194][__main__][INFO] - [3, 24, 34], []
[2025-01-29 23:47:03,243][__main__][INFO] - [3, 24, 35], []
[2025-01-29 23:47:03,291][__main__][INFO] - [3, 24, 36], []
[2025-01-29 23:47:03,488][__main__][INFO] - [3, 25, 26], []
[2025-01-29 23:47:03,536][__main__][INFO] - [3, 25], [26]
[2025-01-29 23:47:03,709][__main__][INFO] - [3, 25, 27], []
[2025-01-29 23:47:03,758][__main__][INFO] - [3, 25], [27]
[2025-01-29 23:47:03,933][__main__][INFO] - [3, 25, 28], []
[2025-01-29 23:47:04,107][__main__][INFO] - [3, 25, 29], []
[2025-01-29 23:47:04,187][__main__][INFO] - [3, 25, 31], []
[2025-01-29 23:47:04,296][__main__][INFO] - [3, 25], [31]
[2025-01-29 23:47:04,404][__main__][INFO] - [3, 25, 32], []
[2025-01-29 23:47:04,471][__main__][INFO] - [3, 25, 33], []
[2025-01-29 23:47:04,561][__main__][INFO] - [3, 25, 34], []
[2025-01-29 23:47:04,611][__main__][INFO] - [3, 25, 35], []
[2025-01-29 23:47:04,695][__main__][INFO] - [3, 25, 36], []
[2025-01-29 23:47:04,745][__main__][INFO] - [3, 25, 37], []
[2025-01-29 23:47:04,793][__main__][INFO] - [3, 25, 38], []
[2025-01-29 23:47:04,841][__main__][INFO] - [3, 25, 39], []
[2025-01-29 23:47:04,949][__main__][INFO] - [3, 26], [25]
[2025-01-29 23:47:04,999][__main__][INFO] - [3], [25, 26]
[2025-01-29 23:47:05,384][__main__][INFO] - [3, 27], [25]
[2025-01-29 23:47:05,435][__main__][INFO] - [3], [25, 27]
[2025-01-29 23:47:05,821][__main__][INFO] - [3, 28], [25]
[2025-01-29 23:47:06,194][__main__][INFO] - [3, 29], [25]
[2025-01-29 23:47:06,286][__main__][INFO] - [3, 31], [25]
[2025-01-29 23:47:06,489][__main__][INFO] - [3], [25, 31]
[2025-01-29 23:47:06,727][__main__][INFO] - [3, 32], [25]
[2025-01-29 23:47:06,803][__main__][INFO] - [3, 33], [25]
[2025-01-29 23:47:07,055][__main__][INFO] - [3, 34], [25]
[2025-01-29 23:47:07,117][__main__][INFO] - [3, 35], [25]
[2025-01-29 23:47:07,190][__main__][INFO] - [3, 36], [25]
[2025-01-29 23:47:07,251][__main__][INFO] - [3, 37], [25]
[2025-01-29 23:47:07,301][__main__][INFO] - [3, 38], [25]
[2025-01-29 23:47:07,350][__main__][INFO] - [3, 39], [25]
[2025-01-29 23:47:07,457][__main__][INFO] - [3, 26, 27], []
[2025-01-29 23:47:07,506][__main__][INFO] - [3, 26], [27]
[2025-01-29 23:47:07,555][__main__][INFO] - [3, 26, 28], []
[2025-01-29 23:47:07,605][__main__][INFO] - [3, 26, 29], []
[2025-01-29 23:47:07,683][__main__][INFO] - [3, 26, 31], []
[2025-01-29 23:47:07,732][__main__][INFO] - [3, 26], [31]
[2025-01-29 23:47:07,782][__main__][INFO] - [3, 26, 32], []
[2025-01-29 23:47:07,830][__main__][INFO] - [3, 26, 33], []
[2025-01-29 23:47:07,880][__main__][INFO] - [3, 26, 34], []
[2025-01-29 23:47:07,928][__main__][INFO] - [3, 26, 35], []
[2025-01-29 23:47:07,977][__main__][INFO] - [3, 26, 36], []
[2025-01-29 23:47:08,173][__main__][INFO] - [3, 27], [26]
[2025-01-29 23:47:08,224][__main__][INFO] - [3], [26, 27]
[2025-01-29 23:47:08,756][__main__][INFO] - [3, 28], [26]
[2025-01-29 23:47:09,267][__main__][INFO] - [3, 29], [26]
[2025-01-29 23:47:09,359][__main__][INFO] - [3, 31], [26]
[2025-01-29 23:47:09,623][__main__][INFO] - [3], [26, 31]
[2025-01-29 23:47:09,894][__main__][INFO] - [3, 32], [26]
[2025-01-29 23:47:09,994][__main__][INFO] - [3, 33], [26]
[2025-01-29 23:47:10,296][__main__][INFO] - [3, 34], [26]
[2025-01-29 23:47:10,360][__main__][INFO] - [3, 35], [26]
[2025-01-29 23:47:10,475][__main__][INFO] - [3, 36], [26]
[2025-01-29 23:47:10,538][__main__][INFO] - [3, 37], [26]
[2025-01-29 23:47:10,588][__main__][INFO] - [3, 38], [26]
[2025-01-29 23:47:10,637][__main__][INFO] - [3, 39], [26]
[2025-01-29 23:47:10,744][__main__][INFO] - [3, 27, 28], []
[2025-01-29 23:47:10,795][__main__][INFO] - [3, 27, 29], []
[2025-01-29 23:47:10,874][__main__][INFO] - [3, 27, 31], []
[2025-01-29 23:47:10,923][__main__][INFO] - [3, 27], [31]
[2025-01-29 23:47:10,973][__main__][INFO] - [3, 27, 32], []
[2025-01-29 23:47:11,021][__main__][INFO] - [3, 27, 33], []
[2025-01-29 23:47:11,071][__main__][INFO] - [3, 27, 34], []
[2025-01-29 23:47:11,120][__main__][INFO] - [3, 27, 35], []
[2025-01-29 23:47:11,168][__main__][INFO] - [3, 27, 36], []
[2025-01-29 23:47:11,365][__main__][INFO] - [3, 28], [27]
[2025-01-29 23:47:11,879][__main__][INFO] - [3, 29], [27]
[2025-01-29 23:47:11,971][__main__][INFO] - [3, 31], [27]
[2025-01-29 23:47:12,235][__main__][INFO] - [3], [27, 31]
[2025-01-29 23:47:12,508][__main__][INFO] - [3, 32], [27]
[2025-01-29 23:47:12,603][__main__][INFO] - [3, 33], [27]
[2025-01-29 23:47:12,904][__main__][INFO] - [3, 34], [27]
[2025-01-29 23:47:12,968][__main__][INFO] - [3, 35], [27]
[2025-01-29 23:47:13,081][__main__][INFO] - [3, 36], [27]
[2025-01-29 23:47:13,144][__main__][INFO] - [3, 37], [27]
[2025-01-29 23:47:13,194][__main__][INFO] - [3, 38], [27]
[2025-01-29 23:47:13,243][__main__][INFO] - [3, 39], [27]
[2025-01-29 23:47:13,351][__main__][INFO] - [3, 28, 31], []
[2025-01-29 23:47:13,609][__main__][INFO] - [3, 28], [31]
[2025-01-29 23:47:13,875][__main__][INFO] - [3, 28, 32], []
[2025-01-29 23:47:13,971][__main__][INFO] - [3, 28, 33], []
[2025-01-29 23:47:14,264][__main__][INFO] - [3, 28, 34], []
[2025-01-29 23:47:14,327][__main__][INFO] - [3, 28, 35], []
[2025-01-29 23:47:14,440][__main__][INFO] - [3, 28, 36], []
[2025-01-29 23:47:14,502][__main__][INFO] - [3, 28, 37], []
[2025-01-29 23:47:14,552][__main__][INFO] - [3, 28, 38], []
[2025-01-29 23:47:14,601][__main__][INFO] - [3, 28, 39], []
[2025-01-29 23:47:14,708][__main__][INFO] - [3, 29, 31], []
[2025-01-29 23:47:14,761][__main__][INFO] - [3, 29], [31]
[2025-01-29 23:47:14,818][__main__][INFO] - [3, 29, 32], []
[2025-01-29 23:47:14,867][__main__][INFO] - [3, 29, 33], []
[2025-01-29 23:47:14,922][__main__][INFO] - [3, 29, 34], []
[2025-01-29 23:47:14,970][__main__][INFO] - [3, 29, 35], []
[2025-01-29 23:47:15,019][__main__][INFO] - [3, 29, 36], []
[2025-01-29 23:47:15,068][__main__][INFO] - [3, 29, 37], []
[2025-01-29 23:47:15,264][__main__][INFO] - [3, 31, 32], []
[2025-01-29 23:47:15,332][__main__][INFO] - [3, 31, 33], []
[2025-01-29 23:47:15,491][__main__][INFO] - [3, 31, 34], []
[2025-01-29 23:47:15,546][__main__][INFO] - [3, 31, 35], []
[2025-01-29 23:47:15,624][__main__][INFO] - [3, 31, 36], []
[2025-01-29 23:47:15,678][__main__][INFO] - [3, 31, 37], []
[2025-01-29 23:47:15,727][__main__][INFO] - [3, 31, 38], []
[2025-01-29 23:47:15,776][__main__][INFO] - [3, 31, 39], []
[2025-01-29 23:47:15,883][__main__][INFO] - [3, 32], [31]
[2025-01-29 23:47:15,953][__main__][INFO] - [3, 33], [31]
[2025-01-29 23:47:16,120][__main__][INFO] - [3, 34], [31]
[2025-01-29 23:47:16,175][__main__][INFO] - [3, 35], [31]
[2025-01-29 23:47:16,250][__main__][INFO] - [3, 36], [31]
[2025-01-29 23:47:16,305][__main__][INFO] - [3, 37], [31]
[2025-01-29 23:47:16,354][__main__][INFO] - [3, 38], [31]
[2025-01-29 23:47:16,402][__main__][INFO] - [3, 39], [31]
[2025-01-29 23:47:16,537][__main__][INFO] - [4, 10, 11], []
[2025-01-29 23:47:16,610][__main__][INFO] - [4, 10, 12], []
[2025-01-29 23:47:16,660][__main__][INFO] - [4, 10, 13], []
[2025-01-29 23:47:16,711][__main__][INFO] - [4, 10, 14], []
[2025-01-29 23:47:16,760][__main__][INFO] - [4, 10, 15], []
[2025-01-29 23:47:16,807][__main__][INFO] - [4, 10, 16], []
[2025-01-29 23:47:16,890][__main__][INFO] - [4, 10, 17], []
[2025-01-29 23:47:16,969][__main__][INFO] - [4, 10, 19], []
[2025-01-29 23:47:17,048][__main__][INFO] - [4, 10, 21], []
[2025-01-29 23:47:17,115][__main__][INFO] - [4, 10, 22], []
[2025-01-29 23:47:17,172][__main__][INFO] - [4, 10, 23], []
[2025-01-29 23:47:17,228][__main__][INFO] - [4, 10, 24], []
[2025-01-29 23:47:17,276][__main__][INFO] - [4, 10, 25], []
[2025-01-29 23:47:17,334][__main__][INFO] - [4, 10], [25]
[2025-01-29 23:47:17,408][__main__][INFO] - [4, 10, 26], []
[2025-01-29 23:47:17,464][__main__][INFO] - [4, 10], [26]
[2025-01-29 23:47:17,539][__main__][INFO] - [4, 10, 27], []
[2025-01-29 23:47:17,596][__main__][INFO] - [4, 10], [27]
[2025-01-29 23:47:17,671][__main__][INFO] - [4, 10, 28], []
[2025-01-29 23:47:17,736][__main__][INFO] - [4, 10, 29], []
[2025-01-29 23:47:17,831][__main__][INFO] - [4, 10, 31], []
[2025-01-29 23:47:17,895][__main__][INFO] - [4, 10], [31]
[2025-01-29 23:47:17,960][__main__][INFO] - [4, 10, 32], []
[2025-01-29 23:47:18,012][__main__][INFO] - [4, 10, 33], []
[2025-01-29 23:47:18,077][__main__][INFO] - [4, 10, 34], []
[2025-01-29 23:47:18,126][__main__][INFO] - [4, 10, 35], []
[2025-01-29 23:47:18,177][__main__][INFO] - [4, 10, 36], []
[2025-01-29 23:47:18,226][__main__][INFO] - [4, 10, 37], []
[2025-01-29 23:47:18,275][__main__][INFO] - [4, 10, 38], []
[2025-01-29 23:47:18,324][__main__][INFO] - [4, 10, 39], []
[2025-01-29 23:47:18,432][__main__][INFO] - [4, 11], [10]
[2025-01-29 23:47:18,724][__main__][INFO] - [4, 12], [10]
[2025-01-29 23:47:18,859][__main__][INFO] - [4, 13], [10]
[2025-01-29 23:47:18,991][__main__][INFO] - [4, 14], [10]
[2025-01-29 23:47:19,043][__main__][INFO] - [4, 15], [10]
[2025-01-29 23:47:19,092][__main__][INFO] - [4, 16], [10]
[2025-01-29 23:47:19,579][__main__][INFO] - [4, 17], [10]
[2025-01-29 23:47:19,636][__main__][INFO] - [4, 18], [10]
[2025-01-29 23:47:19,683][__main__][INFO] - [4, 19], [10]
[2025-01-29 23:47:19,762][__main__][INFO] - [4, 21], [10]
[2025-01-29 23:47:20,094][__main__][INFO] - [4, 22], [10]
[2025-01-29 23:47:20,218][__main__][INFO] - [4, 23], [10]
[2025-01-29 23:47:20,318][__main__][INFO] - [4, 24], [10]
[2025-01-29 23:47:20,369][__main__][INFO] - [4, 25], [10]
[2025-01-29 23:47:20,599][__main__][INFO] - [4], [10, 25]
[2025-01-29 23:47:20,931][__main__][INFO] - [4], [10, 26]
[2025-01-29 23:47:21,458][__main__][INFO] - [4], [10, 27]
[2025-01-29 23:47:21,958][__main__][INFO] - [4, 28], [10]
[2025-01-29 23:47:22,508][__main__][INFO] - [4, 31], [10]
[2025-01-29 23:47:22,767][__main__][INFO] - [4], [10, 31]
[2025-01-29 23:47:23,024][__main__][INFO] - [4, 32], [10]
[2025-01-29 23:47:23,116][__main__][INFO] - [4, 33], [10]
[2025-01-29 23:47:23,403][__main__][INFO] - [4, 34], [10]
[2025-01-29 23:47:23,462][__main__][INFO] - [4, 35], [10]
[2025-01-29 23:47:23,578][__main__][INFO] - [4, 36], [10]
[2025-01-29 23:47:23,639][__main__][INFO] - [4, 37], [10]
[2025-01-29 23:47:23,689][__main__][INFO] - [4, 38], [10]
[2025-01-29 23:47:23,738][__main__][INFO] - [4, 39], [10]
[2025-01-29 23:47:23,845][__main__][INFO] - [4, 11, 16], []
[2025-01-29 23:47:24,154][__main__][INFO] - [4, 11, 17], []
[2025-01-29 23:47:24,210][__main__][INFO] - [4, 11, 18], []
[2025-01-29 23:47:24,257][__main__][INFO] - [4, 11, 19], []
[2025-01-29 23:47:24,336][__main__][INFO] - [4, 11, 21], []
[2025-01-29 23:47:24,521][__main__][INFO] - [4, 11, 22], []
[2025-01-29 23:47:24,644][__main__][INFO] - [4, 11, 23], []
[2025-01-29 23:47:24,726][__main__][INFO] - [4, 11, 24], []
[2025-01-29 23:47:24,807][__main__][INFO] - [4, 11], [25]
[2025-01-29 23:47:25,130][__main__][INFO] - [4, 11, 26], []
[2025-01-29 23:47:25,182][__main__][INFO] - [4, 11], [26]
[2025-01-29 23:47:25,500][__main__][INFO] - [4, 11, 27], []
[2025-01-29 23:47:25,552][__main__][INFO] - [4, 11], [27]
[2025-01-29 23:47:25,868][__main__][INFO] - [4, 11, 28], []
[2025-01-29 23:47:26,176][__main__][INFO] - [4, 11, 29], []
[2025-01-29 23:47:26,267][__main__][INFO] - [4, 11, 31], []
[2025-01-29 23:47:26,440][__main__][INFO] - [4, 11], [31]
[2025-01-29 23:47:26,619][__main__][INFO] - [4, 11, 32], []
[2025-01-29 23:47:26,682][__main__][INFO] - [4, 11, 33], []
[2025-01-29 23:47:26,911][__main__][INFO] - [4, 11, 34], []
[2025-01-29 23:47:26,969][__main__][INFO] - [4, 11, 35], []
[2025-01-29 23:47:27,028][__main__][INFO] - [4, 11, 36], []
[2025-01-29 23:47:27,089][__main__][INFO] - [4, 11, 37], []
[2025-01-29 23:47:27,139][__main__][INFO] - [4, 11, 38], []
[2025-01-29 23:47:27,188][__main__][INFO] - [4, 11, 39], []
[2025-01-29 23:47:27,296][__main__][INFO] - [4, 12, 16], []
[2025-01-29 23:47:27,439][__main__][INFO] - [4, 12, 17], []
[2025-01-29 23:47:27,577][__main__][INFO] - [4, 12, 21], []
[2025-01-29 23:47:27,700][__main__][INFO] - [4, 12, 22], []
[2025-01-29 23:47:27,751][__main__][INFO] - [4, 12, 23], []
[2025-01-29 23:47:27,806][__main__][INFO] - [4, 12, 24], []
[2025-01-29 23:47:27,855][__main__][INFO] - [4, 12, 25], []
[2025-01-29 23:47:28,028][__main__][INFO] - [4, 12, 26], []
[2025-01-29 23:47:28,077][__main__][INFO] - [4, 12], [26]
[2025-01-29 23:47:28,218][__main__][INFO] - [4, 12, 27], []
[2025-01-29 23:47:28,267][__main__][INFO] - [4, 12], [27]
[2025-01-29 23:47:28,408][__main__][INFO] - [4, 12, 28], []
[2025-01-29 23:47:28,547][__main__][INFO] - [4, 12, 29], []
[2025-01-29 23:47:28,626][__main__][INFO] - [4, 12, 31], []
[2025-01-29 23:47:28,714][__main__][INFO] - [4, 12], [31]
[2025-01-29 23:47:28,804][__main__][INFO] - [4, 12, 32], []
[2025-01-29 23:47:28,872][__main__][INFO] - [4, 12, 33], []
[2025-01-29 23:47:28,954][__main__][INFO] - [4, 12, 34], []
[2025-01-29 23:47:29,004][__main__][INFO] - [4, 12, 35], []
[2025-01-29 23:47:29,069][__main__][INFO] - [4, 12, 36], []
[2025-01-29 23:47:29,118][__main__][INFO] - [4, 12, 37], []
[2025-01-29 23:47:29,166][__main__][INFO] - [4, 12, 38], []
[2025-01-29 23:47:29,215][__main__][INFO] - [4, 12, 39], []
[2025-01-29 23:47:29,322][__main__][INFO] - [4, 13, 16], []
[2025-01-29 23:47:29,458][__main__][INFO] - [4, 13, 17], []
[2025-01-29 23:47:29,507][__main__][INFO] - [4, 13, 18], []
[2025-01-29 23:47:29,555][__main__][INFO] - [4, 13, 19], []
[2025-01-29 23:47:29,633][__main__][INFO] - [4, 13, 21], []
[2025-01-29 23:47:29,752][__main__][INFO] - [4, 13, 22], []
[2025-01-29 23:47:29,805][__main__][INFO] - [4, 13, 23], []
[2025-01-29 23:47:29,861][__main__][INFO] - [4, 13, 24], []
[2025-01-29 23:47:29,910][__main__][INFO] - [4, 13, 25], []
[2025-01-29 23:47:30,080][__main__][INFO] - [4, 13, 26], []
[2025-01-29 23:47:30,129][__main__][INFO] - [4, 13], [26]
[2025-01-29 23:47:30,267][__main__][INFO] - [4, 13, 27], []
[2025-01-29 23:47:30,316][__main__][INFO] - [4, 13], [27]
[2025-01-29 23:47:30,462][__main__][INFO] - [4, 13, 28], []
[2025-01-29 23:47:30,605][__main__][INFO] - [4, 13, 29], []
[2025-01-29 23:47:30,684][__main__][INFO] - [4, 13, 31], []
[2025-01-29 23:47:30,779][__main__][INFO] - [4, 13], [31]
[2025-01-29 23:47:30,863][__main__][INFO] - [4, 13, 32], []
[2025-01-29 23:47:30,920][__main__][INFO] - [4, 13, 33], []
[2025-01-29 23:47:30,993][__main__][INFO] - [4, 13, 34], []
[2025-01-29 23:47:31,043][__main__][INFO] - [4, 13, 35], []
[2025-01-29 23:47:31,130][__main__][INFO] - [4, 13, 36], []
[2025-01-29 23:47:31,179][__main__][INFO] - [4, 13, 37], []
[2025-01-29 23:47:31,228][__main__][INFO] - [4, 13, 38], []
[2025-01-29 23:47:31,277][__main__][INFO] - [4, 13, 39], []
[2025-01-29 23:47:31,384][__main__][INFO] - [4, 14, 16], []
[2025-01-29 23:47:31,436][__main__][INFO] - [4, 14, 17], []
[2025-01-29 23:47:31,574][__main__][INFO] - [4, 14, 21], []
[2025-01-29 23:47:31,624][__main__][INFO] - [4, 14, 22], []
[2025-01-29 23:47:31,673][__main__][INFO] - [4, 14, 23], []
[2025-01-29 23:47:31,782][__main__][INFO] - [4, 14], [25]
[2025-01-29 23:47:31,864][__main__][INFO] - [4, 14], [26]
[2025-01-29 23:47:31,916][__main__][INFO] - [4, 14, 27], []
[2025-01-29 23:47:31,964][__main__][INFO] - [4, 14], [27]
[2025-01-29 23:47:32,016][__main__][INFO] - [4, 14, 28], []
[2025-01-29 23:47:32,068][__main__][INFO] - [4, 14, 29], []
[2025-01-29 23:47:32,146][__main__][INFO] - [4, 14, 31], []
[2025-01-29 23:47:32,197][__main__][INFO] - [4, 14], [31]
[2025-01-29 23:47:32,246][__main__][INFO] - [4, 14, 32], []
[2025-01-29 23:47:32,295][__main__][INFO] - [4, 14, 33], []
[2025-01-29 23:47:32,345][__main__][INFO] - [4, 14, 34], []
[2025-01-29 23:47:32,393][__main__][INFO] - [4, 14, 35], []
[2025-01-29 23:47:32,442][__main__][INFO] - [4, 14, 36], []
[2025-01-29 23:47:32,639][__main__][INFO] - [4, 15, 16], []
[2025-01-29 23:47:32,807][__main__][INFO] - [4, 15, 21], []
[2025-01-29 23:47:32,856][__main__][INFO] - [4, 15, 22], []
[2025-01-29 23:47:32,904][__main__][INFO] - [4, 15, 23], []
[2025-01-29 23:47:33,012][__main__][INFO] - [4, 15], [25]
[2025-01-29 23:47:33,092][__main__][INFO] - [4, 15], [26]
[2025-01-29 23:47:33,171][__main__][INFO] - [4, 15], [27]
[2025-01-29 23:47:33,220][__main__][INFO] - [4, 15, 28], []
[2025-01-29 23:47:33,329][__main__][INFO] - [4, 15, 31], []
[2025-01-29 23:47:33,377][__main__][INFO] - [4, 15], [31]
[2025-01-29 23:47:33,426][__main__][INFO] - [4, 15, 32], []
[2025-01-29 23:47:33,474][__main__][INFO] - [4, 15, 33], []
[2025-01-29 23:47:33,523][__main__][INFO] - [4, 15, 34], []
[2025-01-29 23:47:33,571][__main__][INFO] - [4, 15, 35], []
[2025-01-29 23:47:33,679][__main__][INFO] - [4, 15, 38], []
[2025-01-29 23:47:33,816][__main__][INFO] - [4, 16, 21], []
[2025-01-29 23:47:34,167][__main__][INFO] - [4, 16, 22], []
[2025-01-29 23:47:34,296][__main__][INFO] - [4, 16, 23], []
[2025-01-29 23:47:34,398][__main__][INFO] - [4, 16, 24], []
[2025-01-29 23:47:34,450][__main__][INFO] - [4, 16, 25], []
[2025-01-29 23:47:34,688][__main__][INFO] - [4, 16], [25]
[2025-01-29 23:47:35,000][__main__][INFO] - [4, 16, 26], []
[2025-01-29 23:47:35,055][__main__][INFO] - [4, 16], [26]
[2025-01-29 23:47:35,573][__main__][INFO] - [4, 16, 27], []
[2025-01-29 23:47:35,629][__main__][INFO] - [4, 16], [27]
[2025-01-29 23:47:36,142][__main__][INFO] - [4, 16, 28], []
[2025-01-29 23:47:36,647][__main__][INFO] - [4, 16, 29], []
[2025-01-29 23:47:36,740][__main__][INFO] - [4, 16, 31], []
[2025-01-29 23:47:37,016][__main__][INFO] - [4, 16], [31]
[2025-01-29 23:47:37,271][__main__][INFO] - [4, 16, 32], []
[2025-01-29 23:47:37,370][__main__][INFO] - [4, 16, 33], []
[2025-01-29 23:47:37,666][__main__][INFO] - [4, 16, 34], []
[2025-01-29 23:47:37,725][__main__][INFO] - [4, 16, 35], []
[2025-01-29 23:47:37,847][__main__][INFO] - [4, 16, 36], []
[2025-01-29 23:47:37,908][__main__][INFO] - [4, 16, 37], []
[2025-01-29 23:47:37,958][__main__][INFO] - [4, 16, 38], []
[2025-01-29 23:47:38,007][__main__][INFO] - [4, 16, 39], []
[2025-01-29 23:47:38,115][__main__][INFO] - [4, 17, 21], []
[2025-01-29 23:47:38,168][__main__][INFO] - [4, 17, 22], []
[2025-01-29 23:47:38,219][__main__][INFO] - [4, 17, 23], []
[2025-01-29 23:47:38,268][__main__][INFO] - [4, 17, 24], []
[2025-01-29 23:47:38,317][__main__][INFO] - [4, 17, 25], []
[2025-01-29 23:47:38,366][__main__][INFO] - [4, 17], [25]
[2025-01-29 23:47:38,422][__main__][INFO] - [4, 17, 26], []
[2025-01-29 23:47:38,471][__main__][INFO] - [4, 17], [26]
[2025-01-29 23:47:38,531][__main__][INFO] - [4, 17, 27], []
[2025-01-29 23:47:38,580][__main__][INFO] - [4, 17], [27]
[2025-01-29 23:47:38,641][__main__][INFO] - [4, 17, 28], []
[2025-01-29 23:47:38,701][__main__][INFO] - [4, 17, 29], []
[2025-01-29 23:47:38,780][__main__][INFO] - [4, 17, 31], []
[2025-01-29 23:47:38,829][__main__][INFO] - [4, 17], [31]
[2025-01-29 23:47:38,885][__main__][INFO] - [4, 17, 32], []
[2025-01-29 23:47:38,934][__main__][INFO] - [4, 17, 33], []
[2025-01-29 23:47:38,987][__main__][INFO] - [4, 17, 34], []
[2025-01-29 23:47:39,036][__main__][INFO] - [4, 17, 35], []
[2025-01-29 23:47:39,085][__main__][INFO] - [4, 17, 36], []
[2025-01-29 23:47:39,134][__main__][INFO] - [4, 17, 37], []
[2025-01-29 23:47:39,301][__main__][INFO] - [4, 18, 21], []
[2025-01-29 23:47:39,348][__main__][INFO] - [4, 18, 22], []
[2025-01-29 23:47:39,395][__main__][INFO] - [4, 18, 23], []
[2025-01-29 23:47:39,472][__main__][INFO] - [4, 18, 25], []
[2025-01-29 23:47:39,519][__main__][INFO] - [4, 18], [25]
[2025-01-29 23:47:39,596][__main__][INFO] - [4, 18], [26]
[2025-01-29 23:47:39,673][__main__][INFO] - [4, 18], [27]
[2025-01-29 23:47:39,720][__main__][INFO] - [4, 18, 28], []
[2025-01-29 23:47:39,827][__main__][INFO] - [4, 18, 31], []
[2025-01-29 23:47:39,874][__main__][INFO] - [4, 18], [31]
[2025-01-29 23:47:39,951][__main__][INFO] - [4, 18, 33], []
[2025-01-29 23:47:40,057][__main__][INFO] - [4, 18, 36], []
[2025-01-29 23:47:40,253][__main__][INFO] - [4, 19, 21], []
[2025-01-29 23:47:40,302][__main__][INFO] - [4, 19, 22], []
[2025-01-29 23:47:40,350][__main__][INFO] - [4, 19, 23], []
[2025-01-29 23:47:40,428][__main__][INFO] - [4, 19, 25], []
[2025-01-29 23:47:40,477][__main__][INFO] - [4, 19], [25]
[2025-01-29 23:47:40,526][__main__][INFO] - [4, 19, 26], []
[2025-01-29 23:47:40,582][__main__][INFO] - [4, 19], [26]
[2025-01-29 23:47:40,661][__main__][INFO] - [4, 19], [27]
[2025-01-29 23:47:40,711][__main__][INFO] - [4, 19, 28], []
[2025-01-29 23:47:40,760][__main__][INFO] - [4, 19, 29], []
[2025-01-29 23:47:40,838][__main__][INFO] - [4, 19, 31], []
[2025-01-29 23:47:40,887][__main__][INFO] - [4, 19], [31]
[2025-01-29 23:47:40,936][__main__][INFO] - [4, 19, 32], []
[2025-01-29 23:47:40,984][__main__][INFO] - [4, 19, 33], []
[2025-01-29 23:47:41,033][__main__][INFO] - [4, 19, 34], []
[2025-01-29 23:47:41,082][__main__][INFO] - [4, 19, 35], []
[2025-01-29 23:47:41,130][__main__][INFO] - [4, 19, 36], []
[2025-01-29 23:47:41,356][__main__][INFO] - [4, 21, 25], []
[2025-01-29 23:47:41,560][__main__][INFO] - [4, 21], [25]
[2025-01-29 23:47:41,757][__main__][INFO] - [4, 21, 26], []
[2025-01-29 23:47:41,807][__main__][INFO] - [4, 21], [26]
[2025-01-29 23:47:42,159][__main__][INFO] - [4, 21, 27], []
[2025-01-29 23:47:42,210][__main__][INFO] - [4, 21], [27]
[2025-01-29 23:47:42,563][__main__][INFO] - [4, 21, 28], []
[2025-01-29 23:47:42,937][__main__][INFO] - [4, 21, 29], []
[2025-01-29 23:47:43,022][__main__][INFO] - [4, 21, 31], []
[2025-01-29 23:47:43,214][__main__][INFO] - [4, 21], [31]
[2025-01-29 23:47:43,405][__main__][INFO] - [4, 21, 32], []
[2025-01-29 23:47:43,490][__main__][INFO] - [4, 21, 33], []
[2025-01-29 23:47:43,678][__main__][INFO] - [4, 21, 34], []
[2025-01-29 23:47:43,729][__main__][INFO] - [4, 21, 35], []
[2025-01-29 23:47:43,836][__main__][INFO] - [4, 21, 36], []
[2025-01-29 23:47:43,895][__main__][INFO] - [4, 21, 37], []
[2025-01-29 23:47:43,944][__main__][INFO] - [4, 21, 38], []
[2025-01-29 23:47:43,993][__main__][INFO] - [4, 21, 39], []
[2025-01-29 23:47:44,100][__main__][INFO] - [4, 22, 25], []
[2025-01-29 23:47:44,155][__main__][INFO] - [4, 22], [25]
[2025-01-29 23:47:44,280][__main__][INFO] - [4, 22, 26], []
[2025-01-29 23:47:44,329][__main__][INFO] - [4, 22], [26]
[2025-01-29 23:47:44,462][__main__][INFO] - [4, 22, 27], []
[2025-01-29 23:47:44,511][__main__][INFO] - [4, 22], [27]
[2025-01-29 23:47:44,645][__main__][INFO] - [4, 22, 28], []
[2025-01-29 23:47:44,775][__main__][INFO] - [4, 22, 29], []
[2025-01-29 23:47:44,855][__main__][INFO] - [4, 22, 31], []
[2025-01-29 23:47:44,944][__main__][INFO] - [4, 22], [31]
[2025-01-29 23:47:45,034][__main__][INFO] - [4, 22, 32], []
[2025-01-29 23:47:45,083][__main__][INFO] - [4, 22, 33], []
[2025-01-29 23:47:45,191][__main__][INFO] - [4, 22, 34], []
[2025-01-29 23:47:45,246][__main__][INFO] - [4, 22, 35], []
[2025-01-29 23:47:45,296][__main__][INFO] - [4, 22, 36], []
[2025-01-29 23:47:45,346][__main__][INFO] - [4, 22, 37], []
[2025-01-29 23:47:45,394][__main__][INFO] - [4, 22, 38], []
[2025-01-29 23:47:45,443][__main__][INFO] - [4, 22, 39], []
[2025-01-29 23:47:45,550][__main__][INFO] - [4, 23, 25], []
[2025-01-29 23:47:45,614][__main__][INFO] - [4, 23], [25]
[2025-01-29 23:47:45,699][__main__][INFO] - [4, 23, 26], []
[2025-01-29 23:47:45,748][__main__][INFO] - [4, 23], [26]
[2025-01-29 23:47:45,850][__main__][INFO] - [4, 23, 27], []
[2025-01-29 23:47:45,899][__main__][INFO] - [4, 23], [27]
[2025-01-29 23:47:46,003][__main__][INFO] - [4, 23, 28], []
[2025-01-29 23:47:46,104][__main__][INFO] - [4, 23, 29], []
[2025-01-29 23:47:46,184][__main__][INFO] - [4, 23, 31], []
[2025-01-29 23:47:46,259][__main__][INFO] - [4, 23], [31]
[2025-01-29 23:47:46,334][__main__][INFO] - [4, 23, 32], []
[2025-01-29 23:47:46,387][__main__][INFO] - [4, 23, 33], []
[2025-01-29 23:47:46,466][__main__][INFO] - [4, 23, 34], []
[2025-01-29 23:47:46,516][__main__][INFO] - [4, 23, 35], []
[2025-01-29 23:47:46,570][__main__][INFO] - [4, 23, 36], []
[2025-01-29 23:47:46,620][__main__][INFO] - [4, 23, 37], []
[2025-01-29 23:47:46,668][__main__][INFO] - [4, 23, 38], []
[2025-01-29 23:47:46,717][__main__][INFO] - [4, 23, 39], []
[2025-01-29 23:47:46,824][__main__][INFO] - [4, 24, 25], []
[2025-01-29 23:47:46,872][__main__][INFO] - [4, 24], [25]
[2025-01-29 23:47:46,923][__main__][INFO] - [4, 24, 26], []
[2025-01-29 23:47:46,971][__main__][INFO] - [4, 24], [26]
[2025-01-29 23:47:47,023][__main__][INFO] - [4, 24, 27], []
[2025-01-29 23:47:47,071][__main__][INFO] - [4, 24], [27]
[2025-01-29 23:47:47,123][__main__][INFO] - [4, 24, 28], []
[2025-01-29 23:47:47,175][__main__][INFO] - [4, 24, 29], []
[2025-01-29 23:47:47,253][__main__][INFO] - [4, 24, 31], []
[2025-01-29 23:47:47,303][__main__][INFO] - [4, 24], [31]
[2025-01-29 23:47:47,353][__main__][INFO] - [4, 24, 32], []
[2025-01-29 23:47:47,401][__main__][INFO] - [4, 24, 33], []
[2025-01-29 23:47:47,452][__main__][INFO] - [4, 24, 34], []
[2025-01-29 23:47:47,500][__main__][INFO] - [4, 24, 35], []
[2025-01-29 23:47:47,549][__main__][INFO] - [4, 24, 36], []
[2025-01-29 23:47:47,746][__main__][INFO] - [4, 25, 26], []
[2025-01-29 23:47:47,795][__main__][INFO] - [4, 25], [26]
[2025-01-29 23:47:48,032][__main__][INFO] - [4, 25, 27], []
[2025-01-29 23:47:48,082][__main__][INFO] - [4, 25], [27]
[2025-01-29 23:47:48,319][__main__][INFO] - [4, 25, 28], []
[2025-01-29 23:47:48,556][__main__][INFO] - [4, 25, 29], []
[2025-01-29 23:47:48,636][__main__][INFO] - [4, 25, 31], []
[2025-01-29 23:47:48,778][__main__][INFO] - [4, 25], [31]
[2025-01-29 23:47:48,911][__main__][INFO] - [4, 25, 32], []
[2025-01-29 23:47:48,990][__main__][INFO] - [4, 25, 33], []
[2025-01-29 23:47:49,100][__main__][INFO] - [4, 25, 34], []
[2025-01-29 23:47:49,151][__main__][INFO] - [4, 25, 35], []
[2025-01-29 23:47:49,257][__main__][INFO] - [4, 25, 36], []
[2025-01-29 23:47:49,307][__main__][INFO] - [4, 25, 37], []
[2025-01-29 23:47:49,355][__main__][INFO] - [4, 25, 38], []
[2025-01-29 23:47:49,404][__main__][INFO] - [4, 25, 39], []
[2025-01-29 23:47:49,511][__main__][INFO] - [4, 26], [25]
[2025-01-29 23:47:49,562][__main__][INFO] - [4], [25, 26]
[2025-01-29 23:47:49,895][__main__][INFO] - [4, 27], [25]
[2025-01-29 23:47:49,947][__main__][INFO] - [4], [25, 27]
[2025-01-29 23:47:50,274][__main__][INFO] - [4, 28], [25]
[2025-01-29 23:47:50,593][__main__][INFO] - [4, 29], [25]
[2025-01-29 23:47:50,684][__main__][INFO] - [4, 31], [25]
[2025-01-29 23:47:50,863][__main__][INFO] - [4], [25, 31]
[2025-01-29 23:47:51,045][__main__][INFO] - [4, 32], [25]
[2025-01-29 23:47:51,108][__main__][INFO] - [4, 33], [25]
[2025-01-29 23:47:51,344][__main__][INFO] - [4, 34], [25]
[2025-01-29 23:47:51,402][__main__][INFO] - [4, 35], [25]
[2025-01-29 23:47:51,462][__main__][INFO] - [4, 36], [25]
[2025-01-29 23:47:51,523][__main__][INFO] - [4, 37], [25]
[2025-01-29 23:47:51,573][__main__][INFO] - [4, 38], [25]
[2025-01-29 23:47:51,622][__main__][INFO] - [4, 39], [25]
[2025-01-29 23:47:51,730][__main__][INFO] - [4, 26, 27], []
[2025-01-29 23:47:51,779][__main__][INFO] - [4, 26], [27]
[2025-01-29 23:47:51,833][__main__][INFO] - [4, 26, 28], []
[2025-01-29 23:47:51,884][__main__][INFO] - [4, 26, 29], []
[2025-01-29 23:47:51,963][__main__][INFO] - [4, 26, 31], []
[2025-01-29 23:47:52,013][__main__][INFO] - [4, 26], [31]
[2025-01-29 23:47:52,063][__main__][INFO] - [4, 26, 32], []
[2025-01-29 23:47:52,112][__main__][INFO] - [4, 26, 33], []
[2025-01-29 23:47:52,162][__main__][INFO] - [4, 26, 34], []
[2025-01-29 23:47:52,211][__main__][INFO] - [4, 26, 35], []
[2025-01-29 23:47:52,259][__main__][INFO] - [4, 26, 36], []
[2025-01-29 23:47:52,456][__main__][INFO] - [4, 27], [26]
[2025-01-29 23:47:52,511][__main__][INFO] - [4], [26, 27]
[2025-01-29 23:47:53,040][__main__][INFO] - [4, 28], [26]
[2025-01-29 23:47:53,558][__main__][INFO] - [4, 29], [26]
[2025-01-29 23:47:53,650][__main__][INFO] - [4, 31], [26]
[2025-01-29 23:47:53,921][__main__][INFO] - [4], [26, 31]
[2025-01-29 23:47:54,192][__main__][INFO] - [4, 32], [26]
[2025-01-29 23:47:54,290][__main__][INFO] - [4, 33], [26]
[2025-01-29 23:47:54,595][__main__][INFO] - [4, 34], [26]
[2025-01-29 23:47:54,655][__main__][INFO] - [4, 35], [26]
[2025-01-29 23:47:54,778][__main__][INFO] - [4, 36], [26]
[2025-01-29 23:47:54,841][__main__][INFO] - [4, 37], [26]
[2025-01-29 23:47:54,891][__main__][INFO] - [4, 38], [26]
[2025-01-29 23:47:54,941][__main__][INFO] - [4, 39], [26]
[2025-01-29 23:47:55,048][__main__][INFO] - [4, 27, 28], []
[2025-01-29 23:47:55,100][__main__][INFO] - [4, 27, 29], []
[2025-01-29 23:47:55,179][__main__][INFO] - [4, 27, 31], []
[2025-01-29 23:47:55,230][__main__][INFO] - [4, 27], [31]
[2025-01-29 23:47:55,279][__main__][INFO] - [4, 27, 32], []
[2025-01-29 23:47:55,328][__main__][INFO] - [4, 27, 33], []
[2025-01-29 23:47:55,378][__main__][INFO] - [4, 27, 34], []
[2025-01-29 23:47:55,427][__main__][INFO] - [4, 27, 35], []
[2025-01-29 23:47:55,476][__main__][INFO] - [4, 27, 36], []
[2025-01-29 23:47:55,673][__main__][INFO] - [4, 28], [27]
[2025-01-29 23:47:56,199][__main__][INFO] - [4, 29], [27]
[2025-01-29 23:47:56,290][__main__][INFO] - [4, 31], [27]
[2025-01-29 23:47:56,564][__main__][INFO] - [4], [27, 31]
[2025-01-29 23:47:56,844][__main__][INFO] - [4, 32], [27]
[2025-01-29 23:47:56,942][__main__][INFO] - [4, 33], [27]
[2025-01-29 23:47:57,245][__main__][INFO] - [4, 34], [27]
[2025-01-29 23:47:57,308][__main__][INFO] - [4, 35], [27]
[2025-01-29 23:47:57,429][__main__][INFO] - [4, 36], [27]
[2025-01-29 23:47:57,492][__main__][INFO] - [4, 37], [27]
[2025-01-29 23:47:57,542][__main__][INFO] - [4, 38], [27]
[2025-01-29 23:47:57,591][__main__][INFO] - [4, 39], [27]
[2025-01-29 23:47:57,699][__main__][INFO] - [4, 28, 31], []
[2025-01-29 23:47:57,968][__main__][INFO] - [4, 28], [31]
[2025-01-29 23:47:58,232][__main__][INFO] - [4, 28, 32], []
[2025-01-29 23:47:58,329][__main__][INFO] - [4, 28, 33], []
[2025-01-29 23:47:58,621][__main__][INFO] - [4, 28, 34], []
[2025-01-29 23:47:58,680][__main__][INFO] - [4, 28, 35], []
[2025-01-29 23:47:58,802][__main__][INFO] - [4, 28, 36], []
[2025-01-29 23:47:58,864][__main__][INFO] - [4, 28, 37], []
[2025-01-29 23:47:58,914][__main__][INFO] - [4, 28, 38], []
[2025-01-29 23:47:58,963][__main__][INFO] - [4, 28, 39], []
[2025-01-29 23:47:59,071][__main__][INFO] - [4, 29, 31], []
[2025-01-29 23:47:59,123][__main__][INFO] - [4, 29], [31]
[2025-01-29 23:47:59,181][__main__][INFO] - [4, 29, 32], []
[2025-01-29 23:47:59,230][__main__][INFO] - [4, 29, 33], []
[2025-01-29 23:47:59,284][__main__][INFO] - [4, 29, 34], []
[2025-01-29 23:47:59,333][__main__][INFO] - [4, 29, 35], []
[2025-01-29 23:47:59,382][__main__][INFO] - [4, 29, 36], []
[2025-01-29 23:47:59,431][__main__][INFO] - [4, 29, 37], []
[2025-01-29 23:47:59,509][__main__][INFO] - [4, 29, 39], []
[2025-01-29 23:47:59,645][__main__][INFO] - [4, 31, 32], []
[2025-01-29 23:47:59,714][__main__][INFO] - [4, 31, 33], []
[2025-01-29 23:47:59,880][__main__][INFO] - [4, 31, 34], []
[2025-01-29 23:47:59,934][__main__][INFO] - [4, 31, 35], []
[2025-01-29 23:48:00,017][__main__][INFO] - [4, 31, 36], []
[2025-01-29 23:48:00,071][__main__][INFO] - [4, 31, 37], []
[2025-01-29 23:48:00,120][__main__][INFO] - [4, 31, 38], []
[2025-01-29 23:48:00,169][__main__][INFO] - [4, 31, 39], []
[2025-01-29 23:48:00,277][__main__][INFO] - [4, 32], [31]
[2025-01-29 23:48:00,346][__main__][INFO] - [4, 33], [31]
[2025-01-29 23:48:00,516][__main__][INFO] - [4, 34], [31]
[2025-01-29 23:48:00,570][__main__][INFO] - [4, 35], [31]
[2025-01-29 23:48:00,647][__main__][INFO] - [4, 36], [31]
[2025-01-29 23:48:00,702][__main__][INFO] - [4, 37], [31]
[2025-01-29 23:48:00,751][__main__][INFO] - [4, 38], [31]
[2025-01-29 23:48:00,800][__main__][INFO] - [4, 39], [31]
[2025-01-29 23:48:00,935][__main__][INFO] - [5, 10, 11], []
[2025-01-29 23:48:01,016][__main__][INFO] - [5, 10, 12], []
[2025-01-29 23:48:01,068][__main__][INFO] - [5, 10, 13], []
[2025-01-29 23:48:01,125][__main__][INFO] - [5, 10, 14], []
[2025-01-29 23:48:01,173][__main__][INFO] - [5, 10, 15], []
[2025-01-29 23:48:01,222][__main__][INFO] - [5, 10, 16], []
[2025-01-29 23:48:01,320][__main__][INFO] - [5, 10, 17], []
[2025-01-29 23:48:01,400][__main__][INFO] - [5, 10, 19], []
[2025-01-29 23:48:01,479][__main__][INFO] - [5, 10, 21], []
[2025-01-29 23:48:01,555][__main__][INFO] - [5, 10, 22], []
[2025-01-29 23:48:01,615][__main__][INFO] - [5, 10, 23], []
[2025-01-29 23:48:01,672][__main__][INFO] - [5, 10, 24], []
[2025-01-29 23:48:01,720][__main__][INFO] - [5, 10, 25], []
[2025-01-29 23:48:01,784][__main__][INFO] - [5, 10], [25]
[2025-01-29 23:48:01,867][__main__][INFO] - [5, 10, 26], []
[2025-01-29 23:48:01,926][__main__][INFO] - [5, 10], [26]
[2025-01-29 23:48:02,013][__main__][INFO] - [5, 10, 27], []
[2025-01-29 23:48:02,072][__main__][INFO] - [5, 10], [27]
[2025-01-29 23:48:02,160][__main__][INFO] - [5, 10, 28], []
[2025-01-29 23:48:02,238][__main__][INFO] - [5, 10, 29], []
[2025-01-29 23:48:02,335][__main__][INFO] - [5, 10, 31], []
[2025-01-29 23:48:02,406][__main__][INFO] - [5, 10], [31]
[2025-01-29 23:48:02,478][__main__][INFO] - [5, 10, 32], []
[2025-01-29 23:48:02,530][__main__][INFO] - [5, 10, 33], []
[2025-01-29 23:48:02,605][__main__][INFO] - [5, 10, 34], []
[2025-01-29 23:48:02,654][__main__][INFO] - [5, 10, 35], []
[2025-01-29 23:48:02,705][__main__][INFO] - [5, 10, 36], []
[2025-01-29 23:48:02,757][__main__][INFO] - [5, 10, 37], []
[2025-01-29 23:48:02,806][__main__][INFO] - [5, 10, 38], []
[2025-01-29 23:48:02,854][__main__][INFO] - [5, 10, 39], []
[2025-01-29 23:48:02,962][__main__][INFO] - [5, 11], [10]
[2025-01-29 23:48:03,239][__main__][INFO] - [5, 12], [10]
[2025-01-29 23:48:03,344][__main__][INFO] - [5, 13], [10]
[2025-01-29 23:48:03,491][__main__][INFO] - [5, 14], [10]
[2025-01-29 23:48:03,542][__main__][INFO] - [5, 15], [10]
[2025-01-29 23:48:03,591][__main__][INFO] - [5, 16], [10]
[2025-01-29 23:48:04,048][__main__][INFO] - [5, 17], [10]
[2025-01-29 23:48:04,108][__main__][INFO] - [5, 18], [10]
[2025-01-29 23:48:04,155][__main__][INFO] - [5, 19], [10]
[2025-01-29 23:48:04,234][__main__][INFO] - [5, 21], [10]
[2025-01-29 23:48:04,550][__main__][INFO] - [5, 22], [10]
[2025-01-29 23:48:04,675][__main__][INFO] - [5, 23], [10]
[2025-01-29 23:48:04,766][__main__][INFO] - [5, 24], [10]
[2025-01-29 23:48:04,818][__main__][INFO] - [5, 25], [10]
[2025-01-29 23:48:05,035][__main__][INFO] - [5], [10, 25]
[2025-01-29 23:48:05,352][__main__][INFO] - [5], [10, 26]
[2025-01-29 23:48:05,846][__main__][INFO] - [5], [10, 27]
[2025-01-29 23:48:06,313][__main__][INFO] - [5, 28], [10]
[2025-01-29 23:48:06,852][__main__][INFO] - [5, 31], [10]
[2025-01-29 23:48:07,106][__main__][INFO] - [5], [10, 31]
[2025-01-29 23:48:07,346][__main__][INFO] - [5, 32], [10]
[2025-01-29 23:48:07,428][__main__][INFO] - [5, 33], [10]
[2025-01-29 23:48:07,721][__main__][INFO] - [5, 34], [10]
[2025-01-29 23:48:07,776][__main__][INFO] - [5, 35], [10]
[2025-01-29 23:48:07,881][__main__][INFO] - [5, 36], [10]
[2025-01-29 23:48:07,941][__main__][INFO] - [5, 37], [10]
[2025-01-29 23:48:07,991][__main__][INFO] - [5, 38], [10]
[2025-01-29 23:48:08,040][__main__][INFO] - [5, 39], [10]
[2025-01-29 23:48:08,147][__main__][INFO] - [5, 11, 16], []
[2025-01-29 23:48:08,443][__main__][INFO] - [5, 11, 17], []
[2025-01-29 23:48:08,506][__main__][INFO] - [5, 11, 18], []
[2025-01-29 23:48:08,553][__main__][INFO] - [5, 11, 19], []
[2025-01-29 23:48:08,633][__main__][INFO] - [5, 11, 21], []
[2025-01-29 23:48:08,813][__main__][INFO] - [5, 11, 22], []
[2025-01-29 23:48:08,942][__main__][INFO] - [5, 11, 23], []
[2025-01-29 23:48:09,023][__main__][INFO] - [5, 11, 24], []
[2025-01-29 23:48:09,105][__main__][INFO] - [5, 11], [25]
[2025-01-29 23:48:09,431][__main__][INFO] - [5, 11, 26], []
[2025-01-29 23:48:09,484][__main__][INFO] - [5, 11], [26]
[2025-01-29 23:48:09,790][__main__][INFO] - [5, 11, 27], []
[2025-01-29 23:48:09,844][__main__][INFO] - [5, 11], [27]
[2025-01-29 23:48:10,154][__main__][INFO] - [5, 11, 28], []
[2025-01-29 23:48:10,464][__main__][INFO] - [5, 11, 29], []
[2025-01-29 23:48:10,557][__main__][INFO] - [5, 11, 31], []
[2025-01-29 23:48:10,732][__main__][INFO] - [5, 11], [31]
[2025-01-29 23:48:10,903][__main__][INFO] - [5, 11, 32], []
[2025-01-29 23:48:10,959][__main__][INFO] - [5, 11, 33], []
[2025-01-29 23:48:11,209][__main__][INFO] - [5, 11, 34], []
[2025-01-29 23:48:11,263][__main__][INFO] - [5, 11, 35], []
[2025-01-29 23:48:11,318][__main__][INFO] - [5, 11, 36], []
[2025-01-29 23:48:11,380][__main__][INFO] - [5, 11, 37], []
[2025-01-29 23:48:11,430][__main__][INFO] - [5, 11, 38], []
[2025-01-29 23:48:11,479][__main__][INFO] - [5, 11, 39], []
[2025-01-29 23:48:11,586][__main__][INFO] - [5, 12, 16], []
[2025-01-29 23:48:11,706][__main__][INFO] - [5, 12, 17], []
[2025-01-29 23:48:11,844][__main__][INFO] - [5, 12, 21], []
[2025-01-29 23:48:11,944][__main__][INFO] - [5, 12, 22], []
[2025-01-29 23:48:11,994][__main__][INFO] - [5, 12, 23], []
[2025-01-29 23:48:12,047][__main__][INFO] - [5, 12, 24], []
[2025-01-29 23:48:12,096][__main__][INFO] - [5, 12, 25], []
[2025-01-29 23:48:12,239][__main__][INFO] - [5, 12, 26], []
[2025-01-29 23:48:12,289][__main__][INFO] - [5, 12], [26]
[2025-01-29 23:48:12,401][__main__][INFO] - [5, 12, 27], []
[2025-01-29 23:48:12,451][__main__][INFO] - [5, 12], [27]
[2025-01-29 23:48:12,561][__main__][INFO] - [5, 12, 28], []
[2025-01-29 23:48:12,671][__main__][INFO] - [5, 12, 29], []
[2025-01-29 23:48:12,750][__main__][INFO] - [5, 12, 31], []
[2025-01-29 23:48:12,826][__main__][INFO] - [5, 12], [31]
[2025-01-29 23:48:12,901][__main__][INFO] - [5, 12, 32], []
[2025-01-29 23:48:12,964][__main__][INFO] - [5, 12, 33], []
[2025-01-29 23:48:13,035][__main__][INFO] - [5, 12, 34], []
[2025-01-29 23:48:13,084][__main__][INFO] - [5, 12, 35], []
[2025-01-29 23:48:13,143][__main__][INFO] - [5, 12, 36], []
[2025-01-29 23:48:13,191][__main__][INFO] - [5, 12, 37], []
[2025-01-29 23:48:13,240][__main__][INFO] - [5, 12, 38], []
[2025-01-29 23:48:13,288][__main__][INFO] - [5, 12, 39], []
[2025-01-29 23:48:13,396][__main__][INFO] - [5, 13, 16], []
[2025-01-29 23:48:13,552][__main__][INFO] - [5, 13, 17], []
[2025-01-29 23:48:13,631][__main__][INFO] - [5, 13, 19], []
[2025-01-29 23:48:13,710][__main__][INFO] - [5, 13, 21], []
[2025-01-29 23:48:13,851][__main__][INFO] - [5, 13, 22], []
[2025-01-29 23:48:13,904][__main__][INFO] - [5, 13, 23], []
[2025-01-29 23:48:13,961][__main__][INFO] - [5, 13, 24], []
[2025-01-29 23:48:14,010][__main__][INFO] - [5, 13, 25], []
[2025-01-29 23:48:14,200][__main__][INFO] - [5, 13, 26], []
[2025-01-29 23:48:14,249][__main__][INFO] - [5, 13], [26]
[2025-01-29 23:48:14,409][__main__][INFO] - [5, 13, 27], []
[2025-01-29 23:48:14,458][__main__][INFO] - [5, 13], [27]
[2025-01-29 23:48:14,617][__main__][INFO] - [5, 13, 28], []
[2025-01-29 23:48:14,773][__main__][INFO] - [5, 13, 29], []
[2025-01-29 23:48:14,853][__main__][INFO] - [5, 13, 31], []
[2025-01-29 23:48:14,957][__main__][INFO] - [5, 13], [31]
[2025-01-29 23:48:15,054][__main__][INFO] - [5, 13, 32], []
[2025-01-29 23:48:15,115][__main__][INFO] - [5, 13, 33], []
[2025-01-29 23:48:15,196][__main__][INFO] - [5, 13, 34], []
[2025-01-29 23:48:15,245][__main__][INFO] - [5, 13, 35], []
[2025-01-29 23:48:15,335][__main__][INFO] - [5, 13, 36], []
[2025-01-29 23:48:15,385][__main__][INFO] - [5, 13, 37], []
[2025-01-29 23:48:15,433][__main__][INFO] - [5, 13, 38], []
[2025-01-29 23:48:15,482][__main__][INFO] - [5, 13, 39], []
[2025-01-29 23:48:15,589][__main__][INFO] - [5, 14, 16], []
[2025-01-29 23:48:15,641][__main__][INFO] - [5, 14, 17], []
[2025-01-29 23:48:15,779][__main__][INFO] - [5, 14, 21], []
[2025-01-29 23:48:15,829][__main__][INFO] - [5, 14, 22], []
[2025-01-29 23:48:15,878][__main__][INFO] - [5, 14, 23], []
[2025-01-29 23:48:15,927][__main__][INFO] - [5, 14, 24], []
[2025-01-29 23:48:16,004][__main__][INFO] - [5, 14], [25]
[2025-01-29 23:48:16,056][__main__][INFO] - [5, 14, 26], []
[2025-01-29 23:48:16,104][__main__][INFO] - [5, 14], [26]
[2025-01-29 23:48:16,156][__main__][INFO] - [5, 14, 27], []
[2025-01-29 23:48:16,204][__main__][INFO] - [5, 14], [27]
[2025-01-29 23:48:16,256][__main__][INFO] - [5, 14, 28], []
[2025-01-29 23:48:16,308][__main__][INFO] - [5, 14, 29], []
[2025-01-29 23:48:16,386][__main__][INFO] - [5, 14, 31], []
[2025-01-29 23:48:16,436][__main__][INFO] - [5, 14], [31]
[2025-01-29 23:48:16,486][__main__][INFO] - [5, 14, 32], []
[2025-01-29 23:48:16,534][__main__][INFO] - [5, 14, 33], []
[2025-01-29 23:48:16,584][__main__][INFO] - [5, 14, 34], []
[2025-01-29 23:48:16,633][__main__][INFO] - [5, 14, 35], []
[2025-01-29 23:48:16,682][__main__][INFO] - [5, 14, 36], []
[2025-01-29 23:48:16,879][__main__][INFO] - [5, 15, 16], []
[2025-01-29 23:48:17,047][__main__][INFO] - [5, 15, 21], []
[2025-01-29 23:48:17,096][__main__][INFO] - [5, 15, 22], []
[2025-01-29 23:48:17,234][__main__][INFO] - [5, 15], [25]
[2025-01-29 23:48:17,313][__main__][INFO] - [5, 15], [26]
[2025-01-29 23:48:17,391][__main__][INFO] - [5, 15], [27]
[2025-01-29 23:48:17,440][__main__][INFO] - [5, 15, 28], []
[2025-01-29 23:48:17,549][__main__][INFO] - [5, 15, 31], []
[2025-01-29 23:48:17,597][__main__][INFO] - [5, 15], [31]
[2025-01-29 23:48:17,646][__main__][INFO] - [5, 15, 32], []
[2025-01-29 23:48:17,694][__main__][INFO] - [5, 15, 33], []
[2025-01-29 23:48:17,743][__main__][INFO] - [5, 15, 34], []
[2025-01-29 23:48:17,821][__main__][INFO] - [5, 15, 36], []
[2025-01-29 23:48:17,899][__main__][INFO] - [5, 15, 38], []
[2025-01-29 23:48:18,036][__main__][INFO] - [5, 16, 21], []
[2025-01-29 23:48:18,366][__main__][INFO] - [5, 16, 22], []
[2025-01-29 23:48:18,500][__main__][INFO] - [5, 16, 23], []
[2025-01-29 23:48:18,596][__main__][INFO] - [5, 16, 24], []
[2025-01-29 23:48:18,649][__main__][INFO] - [5, 16, 25], []
[2025-01-29 23:48:18,909][__main__][INFO] - [5, 16], [25]
[2025-01-29 23:48:19,218][__main__][INFO] - [5, 16, 26], []
[2025-01-29 23:48:19,276][__main__][INFO] - [5, 16], [26]
[2025-01-29 23:48:19,764][__main__][INFO] - [5, 16, 27], []
[2025-01-29 23:48:19,823][__main__][INFO] - [5, 16], [27]
[2025-01-29 23:48:20,316][__main__][INFO] - [5, 16, 28], []
[2025-01-29 23:48:20,801][__main__][INFO] - [5, 16, 29], []
[2025-01-29 23:48:20,896][__main__][INFO] - [5, 16, 31], []
[2025-01-29 23:48:21,161][__main__][INFO] - [5, 16], [31]
[2025-01-29 23:48:21,404][__main__][INFO] - [5, 16, 32], []
[2025-01-29 23:48:21,493][__main__][INFO] - [5, 16, 33], []
[2025-01-29 23:48:21,800][__main__][INFO] - [5, 16, 34], []
[2025-01-29 23:48:21,856][__main__][INFO] - [5, 16, 35], []
[2025-01-29 23:48:21,968][__main__][INFO] - [5, 16, 36], []
[2025-01-29 23:48:22,030][__main__][INFO] - [5, 16, 37], []
[2025-01-29 23:48:22,080][__main__][INFO] - [5, 16, 38], []
[2025-01-29 23:48:22,129][__main__][INFO] - [5, 16, 39], []
[2025-01-29 23:48:22,237][__main__][INFO] - [5, 17, 21], []
[2025-01-29 23:48:22,292][__main__][INFO] - [5, 17, 22], []
[2025-01-29 23:48:22,344][__main__][INFO] - [5, 17, 23], []
[2025-01-29 23:48:22,394][__main__][INFO] - [5, 17, 24], []
[2025-01-29 23:48:22,442][__main__][INFO] - [5, 17, 25], []
[2025-01-29 23:48:22,492][__main__][INFO] - [5, 17], [25]
[2025-01-29 23:48:22,555][__main__][INFO] - [5, 17, 26], []
[2025-01-29 23:48:22,604][__main__][INFO] - [5, 17], [26]
[2025-01-29 23:48:22,669][__main__][INFO] - [5, 17, 27], []
[2025-01-29 23:48:22,717][__main__][INFO] - [5, 17], [27]
[2025-01-29 23:48:22,782][__main__][INFO] - [5, 17, 28], []
[2025-01-29 23:48:22,847][__main__][INFO] - [5, 17, 29], []
[2025-01-29 23:48:22,926][__main__][INFO] - [5, 17, 31], []
[2025-01-29 23:48:22,976][__main__][INFO] - [5, 17], [31]
[2025-01-29 23:48:23,039][__main__][INFO] - [5, 17, 32], []
[2025-01-29 23:48:23,087][__main__][INFO] - [5, 17, 33], []
[2025-01-29 23:48:23,144][__main__][INFO] - [5, 17, 34], []
[2025-01-29 23:48:23,193][__main__][INFO] - [5, 17, 35], []
[2025-01-29 23:48:23,242][__main__][INFO] - [5, 17, 36], []
[2025-01-29 23:48:23,291][__main__][INFO] - [5, 17, 37], []
[2025-01-29 23:48:23,339][__main__][INFO] - [5, 17, 38], []
[2025-01-29 23:48:23,476][__main__][INFO] - [5, 18, 21], []
[2025-01-29 23:48:23,554][__main__][INFO] - [5, 18, 23], []
[2025-01-29 23:48:23,661][__main__][INFO] - [5, 18], [25]
[2025-01-29 23:48:23,738][__main__][INFO] - [5, 18], [26]
[2025-01-29 23:48:23,815][__main__][INFO] - [5, 18], [27]
[2025-01-29 23:48:23,862][__main__][INFO] - [5, 18, 28], []
[2025-01-29 23:48:23,998][__main__][INFO] - [5, 18], [31]
[2025-01-29 23:48:24,075][__main__][INFO] - [5, 18, 33], []
[2025-01-29 23:48:24,361][__main__][INFO] - [5, 19, 21], []
[2025-01-29 23:48:24,410][__main__][INFO] - [5, 19, 22], []
[2025-01-29 23:48:24,459][__main__][INFO] - [5, 19, 23], []
[2025-01-29 23:48:24,537][__main__][INFO] - [5, 19, 25], []
[2025-01-29 23:48:24,586][__main__][INFO] - [5, 19], [25]
[2025-01-29 23:48:24,635][__main__][INFO] - [5, 19, 26], []
[2025-01-29 23:48:24,684][__main__][INFO] - [5, 19], [26]
[2025-01-29 23:48:24,763][__main__][INFO] - [5, 19], [27]
[2025-01-29 23:48:24,813][__main__][INFO] - [5, 19, 28], []
[2025-01-29 23:48:24,863][__main__][INFO] - [5, 19, 29], []
[2025-01-29 23:48:24,942][__main__][INFO] - [5, 19, 31], []
[2025-01-29 23:48:24,990][__main__][INFO] - [5, 19], [31]
[2025-01-29 23:48:25,040][__main__][INFO] - [5, 19, 32], []
[2025-01-29 23:48:25,088][__main__][INFO] - [5, 19, 33], []
[2025-01-29 23:48:25,137][__main__][INFO] - [5, 19, 34], []
[2025-01-29 23:48:25,186][__main__][INFO] - [5, 19, 35], []
[2025-01-29 23:48:25,234][__main__][INFO] - [5, 19, 36], []
[2025-01-29 23:48:25,460][__main__][INFO] - [5, 21, 25], []
[2025-01-29 23:48:25,663][__main__][INFO] - [5, 21], [25]
[2025-01-29 23:48:25,846][__main__][INFO] - [5, 21, 26], []
[2025-01-29 23:48:25,898][__main__][INFO] - [5, 21], [26]
[2025-01-29 23:48:26,227][__main__][INFO] - [5, 21, 27], []
[2025-01-29 23:48:26,280][__main__][INFO] - [5, 21], [27]
[2025-01-29 23:48:26,622][__main__][INFO] - [5, 21, 28], []
[2025-01-29 23:48:26,953][__main__][INFO] - [5, 21, 29], []
[2025-01-29 23:48:27,043][__main__][INFO] - [5, 21, 31], []
[2025-01-29 23:48:27,229][__main__][INFO] - [5, 21], [31]
[2025-01-29 23:48:27,410][__main__][INFO] - [5, 21, 32], []
[2025-01-29 23:48:27,489][__main__][INFO] - [5, 21, 33], []
[2025-01-29 23:48:27,682][__main__][INFO] - [5, 21, 34], []
[2025-01-29 23:48:27,733][__main__][INFO] - [5, 21, 35], []
[2025-01-29 23:48:27,832][__main__][INFO] - [5, 21, 36], []
[2025-01-29 23:48:27,892][__main__][INFO] - [5, 21, 37], []
[2025-01-29 23:48:27,941][__main__][INFO] - [5, 21, 38], []
[2025-01-29 23:48:27,990][__main__][INFO] - [5, 21, 39], []
[2025-01-29 23:48:28,097][__main__][INFO] - [5, 22, 25], []
[2025-01-29 23:48:28,152][__main__][INFO] - [5, 22], [25]
[2025-01-29 23:48:28,283][__main__][INFO] - [5, 22, 26], []
[2025-01-29 23:48:28,333][__main__][INFO] - [5, 22], [26]
[2025-01-29 23:48:28,469][__main__][INFO] - [5, 22, 27], []
[2025-01-29 23:48:28,518][__main__][INFO] - [5, 22], [27]
[2025-01-29 23:48:28,653][__main__][INFO] - [5, 22, 28], []
[2025-01-29 23:48:28,790][__main__][INFO] - [5, 22, 29], []
[2025-01-29 23:48:28,871][__main__][INFO] - [5, 22, 31], []
[2025-01-29 23:48:28,960][__main__][INFO] - [5, 22], [31]
[2025-01-29 23:48:29,049][__main__][INFO] - [5, 22, 32], []
[2025-01-29 23:48:29,098][__main__][INFO] - [5, 22, 33], []
[2025-01-29 23:48:29,216][__main__][INFO] - [5, 22, 34], []
[2025-01-29 23:48:29,269][__main__][INFO] - [5, 22, 35], []
[2025-01-29 23:48:29,319][__main__][INFO] - [5, 22, 36], []
[2025-01-29 23:48:29,368][__main__][INFO] - [5, 22, 37], []
[2025-01-29 23:48:29,416][__main__][INFO] - [5, 22, 38], []
[2025-01-29 23:48:29,464][__main__][INFO] - [5, 22, 39], []
[2025-01-29 23:48:29,572][__main__][INFO] - [5, 23, 25], []
[2025-01-29 23:48:29,638][__main__][INFO] - [5, 23], [25]
[2025-01-29 23:48:29,720][__main__][INFO] - [5, 23, 26], []
[2025-01-29 23:48:29,769][__main__][INFO] - [5, 23], [26]
[2025-01-29 23:48:29,865][__main__][INFO] - [5, 23, 27], []
[2025-01-29 23:48:29,914][__main__][INFO] - [5, 23], [27]
[2025-01-29 23:48:30,012][__main__][INFO] - [5, 23, 28], []
[2025-01-29 23:48:30,108][__main__][INFO] - [5, 23, 29], []
[2025-01-29 23:48:30,188][__main__][INFO] - [5, 23, 31], []
[2025-01-29 23:48:30,262][__main__][INFO] - [5, 23], [31]
[2025-01-29 23:48:30,334][__main__][INFO] - [5, 23, 32], []
[2025-01-29 23:48:30,387][__main__][INFO] - [5, 23, 33], []
[2025-01-29 23:48:30,461][__main__][INFO] - [5, 23, 34], []
[2025-01-29 23:48:30,511][__main__][INFO] - [5, 23, 35], []
[2025-01-29 23:48:30,564][__main__][INFO] - [5, 23, 36], []
[2025-01-29 23:48:30,614][__main__][INFO] - [5, 23, 37], []
[2025-01-29 23:48:30,662][__main__][INFO] - [5, 23, 38], []
[2025-01-29 23:48:30,711][__main__][INFO] - [5, 23, 39], []
[2025-01-29 23:48:30,819][__main__][INFO] - [5, 24, 25], []
[2025-01-29 23:48:30,868][__main__][INFO] - [5, 24], [25]
[2025-01-29 23:48:30,919][__main__][INFO] - [5, 24, 26], []
[2025-01-29 23:48:30,967][__main__][INFO] - [5, 24], [26]
[2025-01-29 23:48:31,019][__main__][INFO] - [5, 24, 27], []
[2025-01-29 23:48:31,068][__main__][INFO] - [5, 24], [27]
[2025-01-29 23:48:31,119][__main__][INFO] - [5, 24, 28], []
[2025-01-29 23:48:31,171][__main__][INFO] - [5, 24, 29], []
[2025-01-29 23:48:31,250][__main__][INFO] - [5, 24, 31], []
[2025-01-29 23:48:31,300][__main__][INFO] - [5, 24], [31]
[2025-01-29 23:48:31,349][__main__][INFO] - [5, 24, 32], []
[2025-01-29 23:48:31,398][__main__][INFO] - [5, 24, 33], []
[2025-01-29 23:48:31,449][__main__][INFO] - [5, 24, 34], []
[2025-01-29 23:48:31,498][__main__][INFO] - [5, 24, 35], []
[2025-01-29 23:48:31,546][__main__][INFO] - [5, 24, 36], []
[2025-01-29 23:48:31,743][__main__][INFO] - [5, 25, 26], []
[2025-01-29 23:48:31,793][__main__][INFO] - [5, 25], [26]
[2025-01-29 23:48:32,018][__main__][INFO] - [5, 25, 27], []
[2025-01-29 23:48:32,068][__main__][INFO] - [5, 25], [27]
[2025-01-29 23:48:32,300][__main__][INFO] - [5, 25, 28], []
[2025-01-29 23:48:32,527][__main__][INFO] - [5, 25, 29], []
[2025-01-29 23:48:32,608][__main__][INFO] - [5, 25, 31], []
[2025-01-29 23:48:32,742][__main__][INFO] - [5, 25], [31]
[2025-01-29 23:48:32,872][__main__][INFO] - [5, 25, 32], []
[2025-01-29 23:48:32,949][__main__][INFO] - [5, 25, 33], []
[2025-01-29 23:48:33,060][__main__][INFO] - [5, 25, 34], []
[2025-01-29 23:48:33,110][__main__][INFO] - [5, 25, 35], []
[2025-01-29 23:48:33,213][__main__][INFO] - [5, 25, 36], []
[2025-01-29 23:48:33,262][__main__][INFO] - [5, 25, 37], []
[2025-01-29 23:48:33,311][__main__][INFO] - [5, 25, 38], []
[2025-01-29 23:48:33,360][__main__][INFO] - [5, 25, 39], []
[2025-01-29 23:48:33,467][__main__][INFO] - [5, 26], [25]
[2025-01-29 23:48:33,523][__main__][INFO] - [5], [25, 26]
[2025-01-29 23:48:33,846][__main__][INFO] - [5, 27], [25]
[2025-01-29 23:48:33,902][__main__][INFO] - [5], [25, 27]
[2025-01-29 23:48:34,224][__main__][INFO] - [5, 28], [25]
[2025-01-29 23:48:34,544][__main__][INFO] - [5, 29], [25]
[2025-01-29 23:48:34,637][__main__][INFO] - [5, 31], [25]
[2025-01-29 23:48:34,810][__main__][INFO] - [5], [25, 31]
[2025-01-29 23:48:34,987][__main__][INFO] - [5, 32], [25]
[2025-01-29 23:48:35,043][__main__][INFO] - [5, 33], [25]
[2025-01-29 23:48:35,298][__main__][INFO] - [5, 34], [25]
[2025-01-29 23:48:35,353][__main__][INFO] - [5, 35], [25]
[2025-01-29 23:48:35,408][__main__][INFO] - [5, 36], [25]
[2025-01-29 23:48:35,470][__main__][INFO] - [5, 37], [25]
[2025-01-29 23:48:35,520][__main__][INFO] - [5, 38], [25]
[2025-01-29 23:48:35,569][__main__][INFO] - [5, 39], [25]
[2025-01-29 23:48:35,676][__main__][INFO] - [5, 26, 27], []
[2025-01-29 23:48:35,726][__main__][INFO] - [5, 26], [27]
[2025-01-29 23:48:35,782][__main__][INFO] - [5, 26, 28], []
[2025-01-29 23:48:35,838][__main__][INFO] - [5, 26, 29], []
[2025-01-29 23:48:35,918][__main__][INFO] - [5, 26, 31], []
[2025-01-29 23:48:35,969][__main__][INFO] - [5, 26], [31]
[2025-01-29 23:48:36,024][__main__][INFO] - [5, 26, 32], []
[2025-01-29 23:48:36,072][__main__][INFO] - [5, 26, 33], []
[2025-01-29 23:48:36,124][__main__][INFO] - [5, 26, 34], []
[2025-01-29 23:48:36,173][__main__][INFO] - [5, 26, 35], []
[2025-01-29 23:48:36,221][__main__][INFO] - [5, 26, 36], []
[2025-01-29 23:48:36,270][__main__][INFO] - [5, 26, 37], []
[2025-01-29 23:48:36,437][__main__][INFO] - [5, 27], [26]
[2025-01-29 23:48:36,494][__main__][INFO] - [5], [26, 27]
[2025-01-29 23:48:37,003][__main__][INFO] - [5, 28], [26]
[2025-01-29 23:48:37,498][__main__][INFO] - [5, 29], [26]
[2025-01-29 23:48:37,592][__main__][INFO] - [5, 31], [26]
[2025-01-29 23:48:37,860][__main__][INFO] - [5], [26, 31]
[2025-01-29 23:48:38,125][__main__][INFO] - [5, 32], [26]
[2025-01-29 23:48:38,214][__main__][INFO] - [5, 33], [26]
[2025-01-29 23:48:38,531][__main__][INFO] - [5, 34], [26]
[2025-01-29 23:48:38,588][__main__][INFO] - [5, 35], [26]
[2025-01-29 23:48:38,701][__main__][INFO] - [5, 36], [26]
[2025-01-29 23:48:38,764][__main__][INFO] - [5, 37], [26]
[2025-01-29 23:48:38,814][__main__][INFO] - [5, 38], [26]
[2025-01-29 23:48:38,863][__main__][INFO] - [5, 39], [26]
[2025-01-29 23:48:38,971][__main__][INFO] - [5, 27, 28], []
[2025-01-29 23:48:39,027][__main__][INFO] - [5, 27, 29], []
[2025-01-29 23:48:39,107][__main__][INFO] - [5, 27, 31], []
[2025-01-29 23:48:39,158][__main__][INFO] - [5, 27], [31]
[2025-01-29 23:48:39,210][__main__][INFO] - [5, 27, 32], []
[2025-01-29 23:48:39,259][__main__][INFO] - [5, 27, 33], []
[2025-01-29 23:48:39,310][__main__][INFO] - [5, 27, 34], []
[2025-01-29 23:48:39,359][__main__][INFO] - [5, 27, 35], []
[2025-01-29 23:48:39,408][__main__][INFO] - [5, 27, 36], []
[2025-01-29 23:48:39,457][__main__][INFO] - [5, 27, 37], []
[2025-01-29 23:48:39,505][__main__][INFO] - [5, 27, 38], []
[2025-01-29 23:48:39,642][__main__][INFO] - [5, 28], [27]
[2025-01-29 23:48:40,142][__main__][INFO] - [5, 29], [27]
[2025-01-29 23:48:40,235][__main__][INFO] - [5, 31], [27]
[2025-01-29 23:48:40,502][__main__][INFO] - [5], [27, 31]
[2025-01-29 23:48:40,764][__main__][INFO] - [5, 32], [27]
[2025-01-29 23:48:40,853][__main__][INFO] - [5, 33], [27]
[2025-01-29 23:48:41,168][__main__][INFO] - [5, 34], [27]
[2025-01-29 23:48:41,225][__main__][INFO] - [5, 35], [27]
[2025-01-29 23:48:41,339][__main__][INFO] - [5, 36], [27]
[2025-01-29 23:48:41,401][__main__][INFO] - [5, 37], [27]
[2025-01-29 23:48:41,451][__main__][INFO] - [5, 38], [27]
[2025-01-29 23:48:41,500][__main__][INFO] - [5, 39], [27]
[2025-01-29 23:48:41,611][__main__][INFO] - [5, 28, 31], []
[2025-01-29 23:48:41,871][__main__][INFO] - [5, 28], [31]
[2025-01-29 23:48:42,124][__main__][INFO] - [5, 28, 32], []
[2025-01-29 23:48:42,212][__main__][INFO] - [5, 28, 33], []
[2025-01-29 23:48:42,523][__main__][INFO] - [5, 28, 34], []
[2025-01-29 23:48:42,580][__main__][INFO] - [5, 28, 35], []
[2025-01-29 23:48:42,692][__main__][INFO] - [5, 28, 36], []
[2025-01-29 23:48:42,756][__main__][INFO] - [5, 28, 37], []
[2025-01-29 23:48:42,813][__main__][INFO] - [5, 28, 38], []
[2025-01-29 23:48:42,862][__main__][INFO] - [5, 28, 39], []
[2025-01-29 23:48:42,970][__main__][INFO] - [5, 29, 31], []
[2025-01-29 23:48:43,025][__main__][INFO] - [5, 29], [31]
[2025-01-29 23:48:43,085][__main__][INFO] - [5, 29, 32], []
[2025-01-29 23:48:43,134][__main__][INFO] - [5, 29, 33], []
[2025-01-29 23:48:43,190][__main__][INFO] - [5, 29, 34], []
[2025-01-29 23:48:43,239][__main__][INFO] - [5, 29, 35], []
[2025-01-29 23:48:43,288][__main__][INFO] - [5, 29, 36], []
[2025-01-29 23:48:43,338][__main__][INFO] - [5, 29, 37], []
[2025-01-29 23:48:43,533][__main__][INFO] - [5, 31, 32], []
[2025-01-29 23:48:43,598][__main__][INFO] - [5, 31, 33], []
[2025-01-29 23:48:43,772][__main__][INFO] - [5, 31, 34], []
[2025-01-29 23:48:43,824][__main__][INFO] - [5, 31, 35], []
[2025-01-29 23:48:43,903][__main__][INFO] - [5, 31, 36], []
[2025-01-29 23:48:43,958][__main__][INFO] - [5, 31, 37], []
[2025-01-29 23:48:44,007][__main__][INFO] - [5, 31, 38], []
[2025-01-29 23:48:44,055][__main__][INFO] - [5, 31, 39], []
[2025-01-29 23:48:44,163][__main__][INFO] - [5, 32], [31]
[2025-01-29 23:48:44,229][__main__][INFO] - [5, 33], [31]
[2025-01-29 23:48:44,400][__main__][INFO] - [5, 34], [31]
[2025-01-29 23:48:44,452][__main__][INFO] - [5, 35], [31]
[2025-01-29 23:48:44,523][__main__][INFO] - [5, 36], [31]
[2025-01-29 23:48:44,578][__main__][INFO] - [5, 37], [31]
[2025-01-29 23:48:44,627][__main__][INFO] - [5, 38], [31]
[2025-01-29 23:48:44,676][__main__][INFO] - [5, 39], [31]
[2025-01-29 23:48:44,811][__main__][INFO] - [6, 10, 11], []
[2025-01-29 23:48:44,912][__main__][INFO] - [6, 10, 12], []
[2025-01-29 23:48:44,965][__main__][INFO] - [6, 10, 13], []
[2025-01-29 23:48:45,026][__main__][INFO] - [6, 10, 14], []
[2025-01-29 23:48:45,075][__main__][INFO] - [6, 10, 15], []
[2025-01-29 23:48:45,123][__main__][INFO] - [6, 10, 16], []
[2025-01-29 23:48:45,245][__main__][INFO] - [6, 10, 17], []
[2025-01-29 23:48:45,332][__main__][INFO] - [6, 10, 19], []
[2025-01-29 23:48:45,410][__main__][INFO] - [6, 10, 21], []
[2025-01-29 23:48:45,501][__main__][INFO] - [6, 10, 22], []
[2025-01-29 23:48:45,566][__main__][INFO] - [6, 10, 23], []
[2025-01-29 23:48:45,625][__main__][INFO] - [6, 10, 24], []
[2025-01-29 23:48:45,675][__main__][INFO] - [6, 10, 25], []
[2025-01-29 23:48:45,743][__main__][INFO] - [6, 10], [25]
[2025-01-29 23:48:45,848][__main__][INFO] - [6, 10, 26], []
[2025-01-29 23:48:45,913][__main__][INFO] - [6, 10], [26]
[2025-01-29 23:48:46,020][__main__][INFO] - [6, 10, 27], []
[2025-01-29 23:48:46,082][__main__][INFO] - [6, 10], [27]
[2025-01-29 23:48:46,193][__main__][INFO] - [6, 10, 28], []
[2025-01-29 23:48:46,293][__main__][INFO] - [6, 10, 29], []
[2025-01-29 23:48:46,394][__main__][INFO] - [6, 10, 31], []
[2025-01-29 23:48:46,478][__main__][INFO] - [6, 10], [31]
[2025-01-29 23:48:46,562][__main__][INFO] - [6, 10, 32], []
[2025-01-29 23:48:46,615][__main__][INFO] - [6, 10, 33], []
[2025-01-29 23:48:46,706][__main__][INFO] - [6, 10, 34], []
[2025-01-29 23:48:46,757][__main__][INFO] - [6, 10, 35], []
[2025-01-29 23:48:46,810][__main__][INFO] - [6, 10, 36], []
[2025-01-29 23:48:46,863][__main__][INFO] - [6, 10, 37], []
[2025-01-29 23:48:46,912][__main__][INFO] - [6, 10, 38], []
[2025-01-29 23:48:46,960][__main__][INFO] - [6, 10, 39], []
[2025-01-29 23:48:47,068][__main__][INFO] - [6, 11], [10]
[2025-01-29 23:48:47,355][__main__][INFO] - [6, 12], [10]
[2025-01-29 23:48:47,431][__main__][INFO] - [6, 13], [10]
[2025-01-29 23:48:47,570][__main__][INFO] - [6, 14], [10]
[2025-01-29 23:48:47,622][__main__][INFO] - [6, 15], [10]
[2025-01-29 23:48:47,670][__main__][INFO] - [6, 16], [10]
[2025-01-29 23:48:48,081][__main__][INFO] - [6, 17], [10]
[2025-01-29 23:48:48,173][__main__][INFO] - [6, 19], [10]
[2025-01-29 23:48:48,252][__main__][INFO] - [6, 21], [10]
[2025-01-29 23:48:48,535][__main__][INFO] - [6, 22], [10]
[2025-01-29 23:48:48,664][__main__][INFO] - [6, 23], [10]
[2025-01-29 23:48:48,746][__main__][INFO] - [6, 24], [10]
[2025-01-29 23:48:48,797][__main__][INFO] - [6, 25], [10]
[2025-01-29 23:48:48,974][__main__][INFO] - [6], [10, 25]
[2025-01-29 23:48:49,296][__main__][INFO] - [6], [10, 26]
[2025-01-29 23:48:49,759][__main__][INFO] - [6], [10, 27]
[2025-01-29 23:48:50,190][__main__][INFO] - [6, 28], [10]
[2025-01-29 23:48:50,680][__main__][INFO] - [6, 31], [10]
[2025-01-29 23:48:50,908][__main__][INFO] - [6], [10, 31]
[2025-01-29 23:48:51,123][__main__][INFO] - [6, 32], [10]
[2025-01-29 23:48:51,191][__main__][INFO] - [6, 33], [10]
[2025-01-29 23:48:51,482][__main__][INFO] - [6, 34], [10]
[2025-01-29 23:48:51,535][__main__][INFO] - [6, 35], [10]
[2025-01-29 23:48:51,634][__main__][INFO] - [6, 36], [10]
[2025-01-29 23:48:51,692][__main__][INFO] - [6, 37], [10]
[2025-01-29 23:48:51,742][__main__][INFO] - [6, 38], [10]
[2025-01-29 23:48:51,790][__main__][INFO] - [6, 39], [10]
[2025-01-29 23:48:51,898][__main__][INFO] - [6, 11, 16], []
[2025-01-29 23:48:52,211][__main__][INFO] - [6, 11, 17], []
[2025-01-29 23:48:52,309][__main__][INFO] - [6, 11, 19], []
[2025-01-29 23:48:52,388][__main__][INFO] - [6, 11, 21], []
[2025-01-29 23:48:52,584][__main__][INFO] - [6, 11, 22], []
[2025-01-29 23:48:52,722][__main__][INFO] - [6, 11, 23], []
[2025-01-29 23:48:52,801][__main__][INFO] - [6, 11, 24], []
[2025-01-29 23:48:52,883][__main__][INFO] - [6, 11], [25]
[2025-01-29 23:48:53,232][__main__][INFO] - [6, 11, 26], []
[2025-01-29 23:48:53,293][__main__][INFO] - [6, 11], [26]
[2025-01-29 23:48:53,621][__main__][INFO] - [6, 11, 27], []
[2025-01-29 23:48:53,679][__main__][INFO] - [6, 11], [27]
[2025-01-29 23:48:54,016][__main__][INFO] - [6, 11, 28], []
[2025-01-29 23:48:54,338][__main__][INFO] - [6, 11, 29], []
[2025-01-29 23:48:54,433][__main__][INFO] - [6, 11, 31], []
