[2025-01-29 13:18:50,334][__main__][INFO] - In total, there are 18381599 possible subgroups
[2025-01-29 13:18:50,390][__main__][INFO] - [0], []
[2025-01-29 13:18:50,427][__main__][INFO] - [1], []
[2025-01-29 13:18:51,028][__main__][INFO] - [2], []
[2025-01-29 13:18:51,698][__main__][INFO] - [3], []
[2025-01-29 13:18:52,336][__main__][INFO] - [4], []
[2025-01-29 13:18:53,017][__main__][INFO] - [5], []
[2025-01-29 13:18:53,716][__main__][INFO] - [6], []
[2025-01-29 13:18:54,438][__main__][INFO] - [7], []
[2025-01-29 13:18:55,068][__main__][INFO] - [8], []
[2025-01-29 13:18:55,385][__main__][INFO] - [9], []
[2025-01-29 13:18:55,575][__main__][INFO] - [10], []
[2025-01-29 13:19:00,845][__main__][INFO] - [], [10]
[2025-01-29 13:19:06,574][__main__][INFO] - [11], []
[2025-01-29 13:19:12,917][__main__][INFO] - [12], []
[2025-01-29 13:19:13,666][__main__][INFO] - [13], []
[2025-01-29 13:19:14,814][__main__][INFO] - [14], []
[2025-01-29 13:19:14,984][__main__][INFO] - [15], []
[2025-01-29 13:19:15,044][__main__][INFO] - [16], []
[2025-01-29 13:19:24,008][__main__][INFO] - [17], []
[2025-01-29 13:19:24,571][__main__][INFO] - [18], []
[2025-01-29 13:19:24,607][__main__][INFO] - [19], []
[2025-01-29 13:19:24,701][__main__][INFO] - [20], []
[2025-01-29 13:19:25,662][__main__][INFO] - [21], []
[2025-01-29 13:19:30,597][__main__][INFO] - [22], []
[2025-01-29 13:19:32,175][__main__][INFO] - [23], []
[2025-01-29 13:19:33,631][__main__][INFO] - [24], []
[2025-01-29 13:19:33,763][__main__][INFO] - [25], []
[2025-01-29 13:19:36,569][__main__][INFO] - [], [25]
[2025-01-29 13:19:44,686][__main__][INFO] - [26], []
[2025-01-29 13:19:45,514][__main__][INFO] - [], [26]
[2025-01-29 13:19:57,533][__main__][INFO] - [27], []
[2025-01-29 13:19:58,205][__main__][INFO] - [], [27]
[2025-01-29 13:20:10,656][__main__][INFO] - [28], []
[2025-01-29 13:20:21,583][__main__][INFO] - [29], []
[2025-01-29 13:20:22,636][__main__][INFO] - [30], []
[2025-01-29 13:20:22,673][__main__][INFO] - [31], []
[2025-01-29 13:20:27,365][__main__][INFO] - [], [31]
[2025-01-29 13:20:33,220][__main__][INFO] - [32], []
[2025-01-29 13:20:33,961][__main__][INFO] - [33], []
[2025-01-29 13:20:37,629][__main__][INFO] - [34], []
[2025-01-29 13:20:38,034][__main__][INFO] - [35], []
[2025-01-29 13:20:38,932][__main__][INFO] - [36], []
[2025-01-29 13:20:39,280][__main__][INFO] - [37], []
[2025-01-29 13:20:39,372][__main__][INFO] - [38], []
[2025-01-29 13:20:39,437][__main__][INFO] - [39], []
[2025-01-29 13:20:39,491][__main__][INFO] - [40], []
[2025-01-29 13:20:39,599][__main__][INFO] - [0, 10], []
[2025-01-29 13:20:39,640][__main__][INFO] - [0], [10]
[2025-01-29 13:20:39,687][__main__][INFO] - [0, 11], []
[2025-01-29 13:20:39,731][__main__][INFO] - [0, 12], []
[2025-01-29 13:20:39,771][__main__][INFO] - [0, 13], []
[2025-01-29 13:20:39,811][__main__][INFO] - [0, 14], []
[2025-01-29 13:20:39,851][__main__][INFO] - [0, 15], []
[2025-01-29 13:20:40,008][__main__][INFO] - [0, 20], []
[2025-01-29 13:20:40,052][__main__][INFO] - [0, 21], []
[2025-01-29 13:20:40,094][__main__][INFO] - [0, 22], []
[2025-01-29 13:20:40,135][__main__][INFO] - [0, 23], []
[2025-01-29 13:20:40,177][__main__][INFO] - [0, 24], []
[2025-01-29 13:20:40,217][__main__][INFO] - [0, 25], []
[2025-01-29 13:20:40,257][__main__][INFO] - [0], [25]
[2025-01-29 13:20:40,301][__main__][INFO] - [0, 26], []
[2025-01-29 13:20:40,341][__main__][INFO] - [0], [26]
[2025-01-29 13:20:40,385][__main__][INFO] - [0, 27], []
[2025-01-29 13:20:40,425][__main__][INFO] - [0], [27]
[2025-01-29 13:20:40,469][__main__][INFO] - [0, 28], []
[2025-01-29 13:20:40,511][__main__][INFO] - [0, 29], []
[2025-01-29 13:20:40,551][__main__][INFO] - [0, 30], []
[2025-01-29 13:20:40,593][__main__][INFO] - [0, 31], []
[2025-01-29 13:20:40,635][__main__][INFO] - [0], [31]
[2025-01-29 13:20:40,677][__main__][INFO] - [0, 32], []
[2025-01-29 13:20:40,718][__main__][INFO] - [0, 33], []
[2025-01-29 13:20:40,761][__main__][INFO] - [0, 34], []
[2025-01-29 13:20:40,801][__main__][INFO] - [0, 35], []
[2025-01-29 13:20:40,842][__main__][INFO] - [0, 36], []
[2025-01-29 13:20:40,882][__main__][INFO] - [0, 37], []
[2025-01-29 13:20:40,921][__main__][INFO] - [0, 38], []
[2025-01-29 13:20:40,961][__main__][INFO] - [0, 39], []
[2025-01-29 13:20:41,058][__main__][INFO] - [1, 10], []
[2025-01-29 13:20:41,147][__main__][INFO] - [1], [10]
[2025-01-29 13:20:41,661][__main__][INFO] - [1, 11], []
[2025-01-29 13:20:42,162][__main__][INFO] - [1, 12], []
[2025-01-29 13:20:42,224][__main__][INFO] - [1, 13], []
[2025-01-29 13:20:42,275][__main__][INFO] - [1, 14], []
[2025-01-29 13:20:42,324][__main__][INFO] - [1, 15], []
[2025-01-29 13:20:42,366][__main__][INFO] - [1, 16], []
[2025-01-29 13:20:42,522][__main__][INFO] - [1, 17], []
[2025-01-29 13:20:42,564][__main__][INFO] - [1, 18], []
[2025-01-29 13:20:42,604][__main__][INFO] - [1, 19], []
[2025-01-29 13:20:42,645][__main__][INFO] - [1, 20], []
[2025-01-29 13:20:43,073][__main__][INFO] - [1, 21], []
[2025-01-29 13:20:43,390][__main__][INFO] - [1, 22], []
[2025-01-29 13:20:43,539][__main__][INFO] - [1, 23], []
[2025-01-29 13:20:43,661][__main__][INFO] - [1, 24], []
[2025-01-29 13:20:43,707][__main__][INFO] - [1, 25], []
[2025-01-29 13:20:43,782][__main__][INFO] - [1], [25]
[2025-01-29 13:20:44,315][__main__][INFO] - [1, 26], []
[2025-01-29 13:20:44,368][__main__][INFO] - [1], [26]
[2025-01-29 13:20:44,958][__main__][INFO] - [1, 27], []
[2025-01-29 13:20:45,009][__main__][INFO] - [1], [27]
[2025-01-29 13:20:45,574][__main__][INFO] - [1, 28], []
[2025-01-29 13:20:46,119][__main__][INFO] - [1, 29], []
[2025-01-29 13:20:46,212][__main__][INFO] - [1, 31], []
[2025-01-29 13:20:46,486][__main__][INFO] - [1], [31]
[2025-01-29 13:20:46,777][__main__][INFO] - [1, 32], []
[2025-01-29 13:20:46,878][__main__][INFO] - [1, 33], []
[2025-01-29 13:20:47,169][__main__][INFO] - [1, 34], []
[2025-01-29 13:20:47,243][__main__][INFO] - [1, 35], []
[2025-01-29 13:20:47,338][__main__][INFO] - [1, 36], []
[2025-01-29 13:20:47,397][__main__][INFO] - [1, 37], []
[2025-01-29 13:20:47,444][__main__][INFO] - [1, 38], []
[2025-01-29 13:20:47,487][__main__][INFO] - [1, 39], []
[2025-01-29 13:20:47,588][__main__][INFO] - [2, 10], []
[2025-01-29 13:20:47,684][__main__][INFO] - [2], [10]
[2025-01-29 13:20:48,238][__main__][INFO] - [2, 11], []
[2025-01-29 13:20:48,743][__main__][INFO] - [2, 12], []
[2025-01-29 13:20:48,836][__main__][INFO] - [2, 13], []
[2025-01-29 13:20:48,902][__main__][INFO] - [2, 14], []
[2025-01-29 13:20:48,950][__main__][INFO] - [2, 15], []
[2025-01-29 13:20:48,992][__main__][INFO] - [2, 16], []
[2025-01-29 13:20:49,606][__main__][INFO] - [2, 17], []
[2025-01-29 13:20:49,655][__main__][INFO] - [2, 18], []
[2025-01-29 13:20:49,695][__main__][INFO] - [2, 19], []
[2025-01-29 13:20:49,769][__main__][INFO] - [2, 21], []
[2025-01-29 13:20:50,129][__main__][INFO] - [2, 22], []
[2025-01-29 13:20:50,280][__main__][INFO] - [2, 23], []
[2025-01-29 13:20:50,407][__main__][INFO] - [2, 24], []
[2025-01-29 13:20:50,454][__main__][INFO] - [2, 25], []
[2025-01-29 13:20:50,578][__main__][INFO] - [2], [25]
[2025-01-29 13:20:51,118][__main__][INFO] - [2, 26], []
[2025-01-29 13:20:51,166][__main__][INFO] - [2], [26]
[2025-01-29 13:20:51,824][__main__][INFO] - [2, 27], []
[2025-01-29 13:20:51,891][__main__][INFO] - [2], [27]
[2025-01-29 13:20:52,537][__main__][INFO] - [2, 28], []
[2025-01-29 13:20:53,154][__main__][INFO] - [2, 29], []
[2025-01-29 13:20:53,249][__main__][INFO] - [2, 31], []
[2025-01-29 13:20:53,547][__main__][INFO] - [2], [31]
[2025-01-29 13:20:53,877][__main__][INFO] - [2, 32], []
[2025-01-29 13:20:53,986][__main__][INFO] - [2, 33], []
[2025-01-29 13:20:54,301][__main__][INFO] - [2, 34], []
[2025-01-29 13:20:54,368][__main__][INFO] - [2, 35], []
[2025-01-29 13:20:54,473][__main__][INFO] - [2, 36], []
[2025-01-29 13:20:54,536][__main__][INFO] - [2, 37], []
[2025-01-29 13:20:54,580][__main__][INFO] - [2, 38], []
[2025-01-29 13:20:54,624][__main__][INFO] - [2, 39], []
[2025-01-29 13:20:54,723][__main__][INFO] - [3, 10], []
[2025-01-29 13:20:54,824][__main__][INFO] - [3], [10]
[2025-01-29 13:20:55,340][__main__][INFO] - [3, 11], []
[2025-01-29 13:20:55,745][__main__][INFO] - [3, 12], []
[2025-01-29 13:20:55,869][__main__][INFO] - [3, 13], []
[2025-01-29 13:20:55,958][__main__][INFO] - [3, 14], []
[2025-01-29 13:20:56,005][__main__][INFO] - [3, 15], []
[2025-01-29 13:20:56,048][__main__][INFO] - [3, 16], []
[2025-01-29 13:20:56,611][__main__][INFO] - [3, 17], []
[2025-01-29 13:20:56,667][__main__][INFO] - [3, 18], []
[2025-01-29 13:20:56,707][__main__][INFO] - [3, 19], []
[2025-01-29 13:20:56,780][__main__][INFO] - [3, 21], []
[2025-01-29 13:20:57,126][__main__][INFO] - [3, 22], []
[2025-01-29 13:20:57,266][__main__][INFO] - [3, 23], []
[2025-01-29 13:20:57,378][__main__][INFO] - [3, 24], []
[2025-01-29 13:20:57,425][__main__][INFO] - [3, 25], []
[2025-01-29 13:20:57,609][__main__][INFO] - [3], [25]
[2025-01-29 13:20:58,037][__main__][INFO] - [3, 26], []
[2025-01-29 13:20:58,086][__main__][INFO] - [3], [26]
[2025-01-29 13:20:58,677][__main__][INFO] - [3, 27], []
[2025-01-29 13:20:58,728][__main__][INFO] - [3], [27]
[2025-01-29 13:20:59,330][__main__][INFO] - [3, 28], []
[2025-01-29 13:20:59,898][__main__][INFO] - [3, 29], []
[2025-01-29 13:20:59,993][__main__][INFO] - [3, 31], []
[2025-01-29 13:21:00,276][__main__][INFO] - [3], [31]
[2025-01-29 13:21:00,581][__main__][INFO] - [3, 32], []
[2025-01-29 13:21:00,676][__main__][INFO] - [3, 33], []
[2025-01-29 13:21:00,975][__main__][INFO] - [3, 34], []
[2025-01-29 13:21:01,036][__main__][INFO] - [3, 35], []
[2025-01-29 13:21:01,148][__main__][INFO] - [3, 36], []
[2025-01-29 13:21:01,207][__main__][INFO] - [3, 37], []
[2025-01-29 13:21:01,252][__main__][INFO] - [3, 38], []
[2025-01-29 13:21:01,295][__main__][INFO] - [3, 39], []
[2025-01-29 13:21:01,394][__main__][INFO] - [4, 10], []
[2025-01-29 13:21:01,521][__main__][INFO] - [4], [10]
[2025-01-29 13:21:02,036][__main__][INFO] - [4, 11], []
[2025-01-29 13:21:02,385][__main__][INFO] - [4, 12], []
[2025-01-29 13:21:02,532][__main__][INFO] - [4, 13], []
[2025-01-29 13:21:02,673][__main__][INFO] - [4, 14], []
[2025-01-29 13:21:02,721][__main__][INFO] - [4, 15], []
[2025-01-29 13:21:02,764][__main__][INFO] - [4, 16], []
[2025-01-29 13:21:03,368][__main__][INFO] - [4, 17], []
[2025-01-29 13:21:03,426][__main__][INFO] - [4, 18], []
[2025-01-29 13:21:03,467][__main__][INFO] - [4, 19], []
[2025-01-29 13:21:03,540][__main__][INFO] - [4, 21], []
[2025-01-29 13:21:03,922][__main__][INFO] - [4, 22], []
[2025-01-29 13:21:04,058][__main__][INFO] - [4, 23], []
[2025-01-29 13:21:04,165][__main__][INFO] - [4, 24], []
[2025-01-29 13:21:04,212][__main__][INFO] - [4, 25], []
[2025-01-29 13:21:04,473][__main__][INFO] - [4], [25]
[2025-01-29 13:21:04,849][__main__][INFO] - [4, 26], []
[2025-01-29 13:21:04,904][__main__][INFO] - [4], [26]
[2025-01-29 13:21:05,522][__main__][INFO] - [4, 27], []
[2025-01-29 13:21:05,577][__main__][INFO] - [4], [27]
[2025-01-29 13:21:06,204][__main__][INFO] - [4, 28], []
[2025-01-29 13:21:06,802][__main__][INFO] - [4, 29], []
[2025-01-29 13:21:06,899][__main__][INFO] - [4, 31], []
[2025-01-29 13:21:07,204][__main__][INFO] - [4], [31]
[2025-01-29 13:21:07,513][__main__][INFO] - [4, 32], []
[2025-01-29 13:21:07,610][__main__][INFO] - [4, 33], []
[2025-01-29 13:21:07,922][__main__][INFO] - [4, 34], []
[2025-01-29 13:21:07,982][__main__][INFO] - [4, 35], []
[2025-01-29 13:21:08,101][__main__][INFO] - [4, 36], []
[2025-01-29 13:21:08,161][__main__][INFO] - [4, 37], []
[2025-01-29 13:21:08,206][__main__][INFO] - [4, 38], []
[2025-01-29 13:21:08,249][__main__][INFO] - [4, 39], []
[2025-01-29 13:21:08,349][__main__][INFO] - [5, 10], []
[2025-01-29 13:21:08,511][__main__][INFO] - [5], [10]
[2025-01-29 13:21:09,010][__main__][INFO] - [5, 11], []
[2025-01-29 13:21:09,364][__main__][INFO] - [5, 12], []
[2025-01-29 13:21:09,474][__main__][INFO] - [5, 13], []
[2025-01-29 13:21:09,639][__main__][INFO] - [5, 14], []
[2025-01-29 13:21:09,687][__main__][INFO] - [5, 15], []
[2025-01-29 13:21:09,730][__main__][INFO] - [5, 16], []
[2025-01-29 13:21:10,321][__main__][INFO] - [5, 17], []
[2025-01-29 13:21:10,386][__main__][INFO] - [5, 18], []
[2025-01-29 13:21:10,427][__main__][INFO] - [5, 19], []
[2025-01-29 13:21:10,501][__main__][INFO] - [5, 21], []
[2025-01-29 13:21:10,869][__main__][INFO] - [5, 22], []
[2025-01-29 13:21:11,013][__main__][INFO] - [5, 23], []
[2025-01-29 13:21:11,118][__main__][INFO] - [5, 24], []
[2025-01-29 13:21:11,166][__main__][INFO] - [5, 25], []
[2025-01-29 13:21:11,423][__main__][INFO] - [5], [25]
[2025-01-29 13:21:11,810][__main__][INFO] - [5, 26], []
[2025-01-29 13:21:11,871][__main__][INFO] - [5], [26]
[2025-01-29 13:21:12,498][__main__][INFO] - [5, 27], []
[2025-01-29 13:21:12,559][__main__][INFO] - [5], [27]
[2025-01-29 13:21:13,183][__main__][INFO] - [5, 28], []
[2025-01-29 13:21:13,782][__main__][INFO] - [5, 29], []
[2025-01-29 13:21:13,885][__main__][INFO] - [5, 31], []
[2025-01-29 13:21:14,184][__main__][INFO] - [5], [31]
[2025-01-29 13:21:14,501][__main__][INFO] - [5, 32], []
[2025-01-29 13:21:14,588][__main__][INFO] - [5, 33], []
[2025-01-29 13:21:14,916][__main__][INFO] - [5, 34], []
[2025-01-29 13:21:14,972][__main__][INFO] - [5, 35], []
[2025-01-29 13:21:15,083][__main__][INFO] - [5, 36], []
[2025-01-29 13:21:15,145][__main__][INFO] - [5, 37], []
[2025-01-29 13:21:15,190][__main__][INFO] - [5, 38], []
[2025-01-29 13:21:15,234][__main__][INFO] - [5, 39], []
[2025-01-29 13:21:15,333][__main__][INFO] - [6, 10], []
[2025-01-29 13:21:15,546][__main__][INFO] - [6], [10]
[2025-01-29 13:21:15,992][__main__][INFO] - [6, 11], []
[2025-01-29 13:21:16,380][__main__][INFO] - [6, 12], []
[2025-01-29 13:21:16,465][__main__][INFO] - [6, 13], []
[2025-01-29 13:21:16,627][__main__][INFO] - [6, 14], []
[2025-01-29 13:21:16,675][__main__][INFO] - [6, 15], []
[2025-01-29 13:21:16,718][__main__][INFO] - [6, 16], []
[2025-01-29 13:21:17,305][__main__][INFO] - [6, 17], []
[2025-01-29 13:21:17,418][__main__][INFO] - [6, 19], []
[2025-01-29 13:21:17,493][__main__][INFO] - [6, 21], []
[2025-01-29 13:21:17,860][__main__][INFO] - [6, 22], []
[2025-01-29 13:21:18,013][__main__][INFO] - [6, 23], []
[2025-01-29 13:21:18,116][__main__][INFO] - [6, 24], []
[2025-01-29 13:21:18,165][__main__][INFO] - [6, 25], []
[2025-01-29 13:21:18,390][__main__][INFO] - [6], [25]
[2025-01-29 13:21:18,809][__main__][INFO] - [6, 26], []
[2025-01-29 13:21:18,881][__main__][INFO] - [6], [26]
[2025-01-29 13:21:19,491][__main__][INFO] - [6, 27], []
[2025-01-29 13:21:19,560][__main__][INFO] - [6], [27]
[2025-01-29 13:21:20,176][__main__][INFO] - [6, 28], []
[2025-01-29 13:21:20,778][__main__][INFO] - [6, 29], []
[2025-01-29 13:21:20,886][__main__][INFO] - [6, 31], []
[2025-01-29 13:21:21,194][__main__][INFO] - [6], [31]
[2025-01-29 13:21:21,507][__main__][INFO] - [6, 32], []
[2025-01-29 13:21:21,581][__main__][INFO] - [6, 33], []
[2025-01-29 13:21:21,929][__main__][INFO] - [6, 34], []
[2025-01-29 13:21:21,985][__main__][INFO] - [6, 35], []
[2025-01-29 13:21:22,090][__main__][INFO] - [6, 36], []
[2025-01-29 13:21:22,154][__main__][INFO] - [6, 37], []
[2025-01-29 13:21:22,199][__main__][INFO] - [6, 38], []
[2025-01-29 13:21:22,241][__main__][INFO] - [6, 39], []
[2025-01-29 13:21:22,341][__main__][INFO] - [7, 10], []
[2025-01-29 13:21:22,576][__main__][INFO] - [7], [10]
[2025-01-29 13:21:22,908][__main__][INFO] - [7, 11], []
[2025-01-29 13:21:23,241][__main__][INFO] - [7, 12], []
[2025-01-29 13:21:23,311][__main__][INFO] - [7, 13], []
[2025-01-29 13:21:23,450][__main__][INFO] - [7, 14], []
[2025-01-29 13:21:23,497][__main__][INFO] - [7, 15], []
[2025-01-29 13:21:23,540][__main__][INFO] - [7, 16], []
[2025-01-29 13:21:23,996][__main__][INFO] - [7, 17], []
[2025-01-29 13:21:24,123][__main__][INFO] - [7, 19], []
[2025-01-29 13:21:24,201][__main__][INFO] - [7, 21], []
[2025-01-29 13:21:24,503][__main__][INFO] - [7, 22], []
[2025-01-29 13:21:24,641][__main__][INFO] - [7, 23], []
[2025-01-29 13:21:24,731][__main__][INFO] - [7, 24], []
[2025-01-29 13:21:24,778][__main__][INFO] - [7, 25], []
[2025-01-29 13:21:24,966][__main__][INFO] - [7], [25]
[2025-01-29 13:21:25,326][__main__][INFO] - [7, 26], []
[2025-01-29 13:21:25,415][__main__][INFO] - [7], [26]
[2025-01-29 13:21:25,896][__main__][INFO] - [7, 27], []
[2025-01-29 13:21:25,966][__main__][INFO] - [7], [27]
[2025-01-29 13:21:26,481][__main__][INFO] - [7, 28], []
[2025-01-29 13:21:26,978][__main__][INFO] - [7, 29], []
[2025-01-29 13:21:27,086][__main__][INFO] - [7, 31], []
[2025-01-29 13:21:27,355][__main__][INFO] - [7], [31]
[2025-01-29 13:21:27,623][__main__][INFO] - [7, 32], []
[2025-01-29 13:21:27,688][__main__][INFO] - [7, 33], []
[2025-01-29 13:21:28,011][__main__][INFO] - [7, 34], []
[2025-01-29 13:21:28,063][__main__][INFO] - [7, 35], []
[2025-01-29 13:21:28,156][__main__][INFO] - [7, 36], []
[2025-01-29 13:21:28,214][__main__][INFO] - [7, 37], []
[2025-01-29 13:21:28,259][__main__][INFO] - [7, 38], []
[2025-01-29 13:21:28,302][__main__][INFO] - [7, 39], []
[2025-01-29 13:21:28,401][__main__][INFO] - [8, 10], []
[2025-01-29 13:21:28,579][__main__][INFO] - [8], [10]
[2025-01-29 13:21:28,715][__main__][INFO] - [8, 11], []
[2025-01-29 13:21:28,886][__main__][INFO] - [8, 12], []
[2025-01-29 13:21:28,940][__main__][INFO] - [8, 13], []
[2025-01-29 13:21:29,029][__main__][INFO] - [8, 14], []
[2025-01-29 13:21:29,072][__main__][INFO] - [8, 15], []
[2025-01-29 13:21:29,114][__main__][INFO] - [8, 16], []
[2025-01-29 13:21:29,336][__main__][INFO] - [8, 17], []
[2025-01-29 13:21:29,438][__main__][INFO] - [8, 19], []
[2025-01-29 13:21:29,514][__main__][INFO] - [8, 21], []
[2025-01-29 13:21:29,681][__main__][INFO] - [8, 22], []
[2025-01-29 13:21:29,758][__main__][INFO] - [8, 23], []
[2025-01-29 13:21:29,829][__main__][INFO] - [8, 24], []
[2025-01-29 13:21:29,873][__main__][INFO] - [8, 25], []
[2025-01-29 13:21:29,987][__main__][INFO] - [8], [25]
[2025-01-29 13:21:30,174][__main__][INFO] - [8, 26], []
[2025-01-29 13:21:30,258][__main__][INFO] - [8], [26]
[2025-01-29 13:21:30,478][__main__][INFO] - [8, 27], []
[2025-01-29 13:21:30,540][__main__][INFO] - [8], [27]
[2025-01-29 13:21:30,793][__main__][INFO] - [8, 28], []
[2025-01-29 13:21:31,034][__main__][INFO] - [8, 29], []
[2025-01-29 13:21:31,135][__main__][INFO] - [8, 31], []
[2025-01-29 13:21:31,281][__main__][INFO] - [8], [31]
[2025-01-29 13:21:31,427][__main__][INFO] - [8, 32], []
[2025-01-29 13:21:31,478][__main__][INFO] - [8, 33], []
[2025-01-29 13:21:31,641][__main__][INFO] - [8, 34], []
[2025-01-29 13:21:31,688][__main__][INFO] - [8, 35], []
[2025-01-29 13:21:31,753][__main__][INFO] - [8, 36], []
[2025-01-29 13:21:31,802][__main__][INFO] - [8, 37], []
[2025-01-29 13:21:31,845][__main__][INFO] - [8, 38], []
[2025-01-29 13:21:31,887][__main__][INFO] - [8, 39], []
[2025-01-29 13:21:31,986][__main__][INFO] - [9, 10], []
[2025-01-29 13:21:32,137][__main__][INFO] - [9], [10]
[2025-01-29 13:21:32,201][__main__][INFO] - [9, 11], []
[2025-01-29 13:21:32,317][__main__][INFO] - [9, 12], []
[2025-01-29 13:21:32,365][__main__][INFO] - [9, 13], []
[2025-01-29 13:21:32,435][__main__][INFO] - [9, 14], []
[2025-01-29 13:21:32,478][__main__][INFO] - [9, 15], []
[2025-01-29 13:21:32,518][__main__][INFO] - [9, 16], []
[2025-01-29 13:21:32,661][__main__][INFO] - [9, 17], []
[2025-01-29 13:21:32,753][__main__][INFO] - [9, 19], []
[2025-01-29 13:21:32,825][__main__][INFO] - [9, 21], []
[2025-01-29 13:21:32,934][__main__][INFO] - [9, 22], []
[2025-01-29 13:21:32,991][__main__][INFO] - [9, 23], []
[2025-01-29 13:21:33,052][__main__][INFO] - [9, 24], []
[2025-01-29 13:21:33,095][__main__][INFO] - [9, 25], []
[2025-01-29 13:21:33,174][__main__][INFO] - [9], [25]
[2025-01-29 13:21:33,295][__main__][INFO] - [9, 26], []
[2025-01-29 13:21:33,378][__main__][INFO] - [9], [26]
[2025-01-29 13:21:33,496][__main__][INFO] - [9, 27], []
[2025-01-29 13:21:33,557][__main__][INFO] - [9], [27]
[2025-01-29 13:21:33,702][__main__][INFO] - [9, 28], []
[2025-01-29 13:21:33,828][__main__][INFO] - [9, 29], []
[2025-01-29 13:21:33,933][__main__][INFO] - [9, 31], []
[2025-01-29 13:21:34,039][__main__][INFO] - [9], [31]
[2025-01-29 13:21:34,131][__main__][INFO] - [9, 32], []
[2025-01-29 13:21:34,178][__main__][INFO] - [9, 33], []
[2025-01-29 13:21:34,286][__main__][INFO] - [9, 34], []
[2025-01-29 13:21:34,330][__main__][INFO] - [9, 35], []
[2025-01-29 13:21:34,385][__main__][INFO] - [9, 36], []
[2025-01-29 13:21:34,430][__main__][INFO] - [9, 37], []
[2025-01-29 13:21:34,470][__main__][INFO] - [9, 38], []
[2025-01-29 13:21:34,510][__main__][INFO] - [9, 39], []
[2025-01-29 13:21:34,607][__main__][INFO] - [10, 11], []
[2025-01-29 13:21:36,564][__main__][INFO] - [10, 12], []
[2025-01-29 13:21:36,743][__main__][INFO] - [10, 13], []
[2025-01-29 13:21:37,066][__main__][INFO] - [10, 14], []
[2025-01-29 13:21:37,129][__main__][INFO] - [10, 15], []
[2025-01-29 13:21:37,174][__main__][INFO] - [10, 16], []
[2025-01-29 13:21:40,082][__main__][INFO] - [10, 17], []
[2025-01-29 13:21:40,315][__main__][INFO] - [10, 18], []
[2025-01-29 13:21:40,356][__main__][INFO] - [10, 19], []
[2025-01-29 13:21:40,411][__main__][INFO] - [10, 20], []
[2025-01-29 13:21:40,509][__main__][INFO] - [10, 21], []
[2025-01-29 13:21:41,858][__main__][INFO] - [10, 22], []
[2025-01-29 13:21:42,241][__main__][INFO] - [10, 23], []
[2025-01-29 13:21:42,641][__main__][INFO] - [10, 24], []
[2025-01-29 13:21:42,704][__main__][INFO] - [10, 25], []
[2025-01-29 13:21:43,450][__main__][INFO] - [10], [25]
[2025-01-29 13:21:45,740][__main__][INFO] - [10, 26], []
[2025-01-29 13:21:46,545][__main__][INFO] - [10], [26]
[2025-01-29 13:21:48,779][__main__][INFO] - [10, 27], []
[2025-01-29 13:21:49,457][__main__][INFO] - [10], [27]
[2025-01-29 13:21:51,928][__main__][INFO] - [10, 28], []
[2025-01-29 13:21:53,780][__main__][INFO] - [10, 29], []
[2025-01-29 13:21:54,831][__main__][INFO] - [10, 30], []
[2025-01-29 13:21:54,872][__main__][INFO] - [10, 31], []
[2025-01-29 13:21:56,097][__main__][INFO] - [10], [31]
[2025-01-29 13:21:57,763][__main__][INFO] - [10, 32], []
[2025-01-29 13:21:57,967][__main__][INFO] - [10, 33], []
[2025-01-29 13:21:58,905][__main__][INFO] - [10, 34], []
[2025-01-29 13:21:59,032][__main__][INFO] - [10, 35], []
[2025-01-29 13:21:59,251][__main__][INFO] - [10, 36], []
[2025-01-29 13:21:59,379][__main__][INFO] - [10, 37], []
[2025-01-29 13:21:59,436][__main__][INFO] - [10, 38], []
[2025-01-29 13:21:59,483][__main__][INFO] - [10, 39], []
[2025-01-29 13:21:59,528][__main__][INFO] - [10, 40], []
[2025-01-29 13:21:59,597][__main__][INFO] - [11], [10]
[2025-01-29 13:22:02,554][__main__][INFO] - [12], [10]
[2025-01-29 13:22:03,013][__main__][INFO] - [13], [10]
[2025-01-29 13:22:03,615][__main__][INFO] - [14], [10]
[2025-01-29 13:22:03,728][__main__][INFO] - [15], [10]
[2025-01-29 13:22:03,784][__main__][INFO] - [16], [10]
[2025-01-29 13:22:07,078][__main__][INFO] - [17], [10]
[2025-01-29 13:22:07,287][__main__][INFO] - [18], [10]
[2025-01-29 13:22:07,328][__main__][INFO] - [19], [10]
[2025-01-29 13:22:07,398][__main__][INFO] - [20], [10]
[2025-01-29 13:22:08,258][__main__][INFO] - [21], [10]
[2025-01-29 13:22:10,664][__main__][INFO] - [22], [10]
[2025-01-29 13:22:11,570][__main__][INFO] - [23], [10]
[2025-01-29 13:22:12,219][__main__][INFO] - [24], [10]
[2025-01-29 13:22:12,309][__main__][INFO] - [25], [10]
[2025-01-29 13:22:13,491][__main__][INFO] - [], [10, 25]
[2025-01-29 13:22:16,942][__main__][INFO] - [], [10, 26]
[2025-01-29 13:22:22,732][__main__][INFO] - [], [10, 27]
[2025-01-29 13:22:28,406][__main__][INFO] - [28], [10]
[2025-01-29 13:22:33,778][__main__][INFO] - [30], [10]
[2025-01-29 13:22:33,820][__main__][INFO] - [31], [10]
[2025-01-29 13:22:35,948][__main__][INFO] - [], [10, 31]
[2025-01-29 13:22:38,228][__main__][INFO] - [32], [10]
[2025-01-29 13:22:38,648][__main__][INFO] - [33], [10]
[2025-01-29 13:22:40,801][__main__][INFO] - [34], [10]
[2025-01-29 13:22:41,027][__main__][INFO] - [35], [10]
[2025-01-29 13:22:41,585][__main__][INFO] - [36], [10]
[2025-01-29 13:22:41,769][__main__][INFO] - [37], [10]
[2025-01-29 13:22:41,836][__main__][INFO] - [38], [10]
[2025-01-29 13:22:41,895][__main__][INFO] - [39], [10]
[2025-01-29 13:22:41,946][__main__][INFO] - [40], [10]
[2025-01-29 13:22:42,015][__main__][INFO] - [11, 16], []
[2025-01-29 13:22:45,050][__main__][INFO] - [11, 17], []
[2025-01-29 13:22:45,361][__main__][INFO] - [11, 18], []
[2025-01-29 13:22:45,402][__main__][INFO] - [11, 19], []
[2025-01-29 13:22:45,481][__main__][INFO] - [11, 20], []
[2025-01-29 13:22:46,323][__main__][INFO] - [11, 21], []
[2025-01-29 13:22:48,347][__main__][INFO] - [11, 22], []
[2025-01-29 13:22:49,407][__main__][INFO] - [11, 23], []
[2025-01-29 13:22:50,035][__main__][INFO] - [11, 24], []
[2025-01-29 13:22:50,170][__main__][INFO] - [11], [25]
[2025-01-29 13:22:56,537][__main__][INFO] - [11, 26], []
[2025-01-29 13:22:56,886][__main__][INFO] - [11], [26]
[2025-01-29 13:23:01,570][__main__][INFO] - [11, 27], []
[2025-01-29 13:23:01,859][__main__][INFO] - [11], [27]
[2025-01-29 13:23:06,640][__main__][INFO] - [11, 28], []
[2025-01-29 13:23:10,808][__main__][INFO] - [11, 29], []
[2025-01-29 13:23:11,255][__main__][INFO] - [11, 30], []
[2025-01-29 13:23:11,298][__main__][INFO] - [11, 31], []
[2025-01-29 13:23:13,319][__main__][INFO] - [11], [31]
[2025-01-29 13:23:15,739][__main__][INFO] - [11, 32], []
[2025-01-29 13:23:16,057][__main__][INFO] - [11, 33], []
[2025-01-29 13:23:18,375][__main__][INFO] - [11, 34], []
[2025-01-29 13:23:18,625][__main__][INFO] - [11, 35], []
[2025-01-29 13:23:18,879][__main__][INFO] - [11, 36], []
[2025-01-29 13:23:19,124][__main__][INFO] - [11, 37], []
[2025-01-29 13:23:19,202][__main__][INFO] - [11, 38], []
[2025-01-29 13:23:19,255][__main__][INFO] - [11, 39], []
[2025-01-29 13:23:19,307][__main__][INFO] - [11, 40], []
[2025-01-29 13:23:19,377][__main__][INFO] - [12, 16], []
[2025-01-29 13:23:20,007][__main__][INFO] - [12, 17], []
[2025-01-29 13:23:20,083][__main__][INFO] - [12, 19], []
[2025-01-29 13:23:20,125][__main__][INFO] - [12, 20], []
[2025-01-29 13:23:20,188][__main__][INFO] - [12, 21], []
[2025-01-29 13:23:20,638][__main__][INFO] - [12, 22], []
[2025-01-29 13:23:20,703][__main__][INFO] - [12, 23], []
[2025-01-29 13:23:20,813][__main__][INFO] - [12, 24], []
[2025-01-29 13:23:20,856][__main__][INFO] - [12, 25], []
[2025-01-29 13:23:21,640][__main__][INFO] - [12, 26], []
[2025-01-29 13:23:21,706][__main__][INFO] - [12], [26]
[2025-01-29 13:23:22,327][__main__][INFO] - [12, 27], []
[2025-01-29 13:23:22,393][__main__][INFO] - [12], [27]
[2025-01-29 13:23:23,022][__main__][INFO] - [12, 28], []
[2025-01-29 13:23:23,628][__main__][INFO] - [12, 29], []
[2025-01-29 13:23:23,698][__main__][INFO] - [12, 30], []
[2025-01-29 13:23:23,738][__main__][INFO] - [12, 31], []
[2025-01-29 13:23:24,042][__main__][INFO] - [12], [31]
[2025-01-29 13:23:24,347][__main__][INFO] - [12, 32], []
[2025-01-29 13:23:24,483][__main__][INFO] - [12, 33], []
[2025-01-29 13:23:24,698][__main__][INFO] - [12, 34], []
[2025-01-29 13:23:24,751][__main__][INFO] - [12, 35], []
[2025-01-29 13:23:24,899][__main__][INFO] - [12, 36], []
[2025-01-29 13:23:24,947][__main__][INFO] - [12, 37], []
[2025-01-29 13:23:24,990][__main__][INFO] - [12, 38], []
[2025-01-29 13:23:25,034][__main__][INFO] - [12, 39], []
[2025-01-29 13:23:25,133][__main__][INFO] - [13, 16], []
[2025-01-29 13:23:25,981][__main__][INFO] - [13, 17], []
[2025-01-29 13:23:26,054][__main__][INFO] - [13, 18], []
[2025-01-29 13:23:26,095][__main__][INFO] - [13, 19], []
[2025-01-29 13:23:26,140][__main__][INFO] - [13, 20], []
[2025-01-29 13:23:26,191][__main__][INFO] - [13, 21], []
[2025-01-29 13:23:26,798][__main__][INFO] - [13, 22], []
[2025-01-29 13:23:26,889][__main__][INFO] - [13, 23], []
[2025-01-29 13:23:27,037][__main__][INFO] - [13, 24], []
[2025-01-29 13:23:27,083][__main__][INFO] - [13, 25], []
[2025-01-29 13:23:28,272][__main__][INFO] - [13, 26], []
[2025-01-29 13:23:28,367][__main__][INFO] - [13], [26]
[2025-01-29 13:23:29,276][__main__][INFO] - [13, 27], []
[2025-01-29 13:23:29,357][__main__][INFO] - [13], [27]
[2025-01-29 13:23:30,296][__main__][INFO] - [13, 28], []
[2025-01-29 13:23:31,167][__main__][INFO] - [13, 29], []
[2025-01-29 13:23:31,271][__main__][INFO] - [13, 30], []
[2025-01-29 13:23:31,312][__main__][INFO] - [13, 31], []
[2025-01-29 13:23:31,747][__main__][INFO] - [13], [31]
[2025-01-29 13:23:32,186][__main__][INFO] - [13, 32], []
[2025-01-29 13:23:32,301][__main__][INFO] - [13, 33], []
[2025-01-29 13:23:32,567][__main__][INFO] - [13, 34], []
[2025-01-29 13:23:32,627][__main__][INFO] - [13, 35], []
[2025-01-29 13:23:32,924][__main__][INFO] - [13, 36], []
[2025-01-29 13:23:32,978][__main__][INFO] - [13, 37], []
[2025-01-29 13:23:33,021][__main__][INFO] - [13, 38], []
[2025-01-29 13:23:33,065][__main__][INFO] - [13, 39], []
[2025-01-29 13:23:33,164][__main__][INFO] - [14, 16], []
[2025-01-29 13:23:33,275][__main__][INFO] - [14, 17], []
[2025-01-29 13:23:33,322][__main__][INFO] - [14, 18], []
[2025-01-29 13:23:33,363][__main__][INFO] - [14, 19], []
[2025-01-29 13:23:33,404][__main__][INFO] - [14, 20], []
[2025-01-29 13:23:33,457][__main__][INFO] - [14, 21], []
[2025-01-29 13:23:33,531][__main__][INFO] - [14, 22], []
[2025-01-29 13:23:33,589][__main__][INFO] - [14, 23], []
[2025-01-29 13:23:33,650][__main__][INFO] - [14, 24], []
[2025-01-29 13:23:33,722][__main__][INFO] - [14], [25]
[2025-01-29 13:23:33,895][__main__][INFO] - [14, 26], []
[2025-01-29 13:23:33,940][__main__][INFO] - [14], [26]
[2025-01-29 13:23:34,092][__main__][INFO] - [14, 27], []
[2025-01-29 13:23:34,137][__main__][INFO] - [14], [27]
[2025-01-29 13:23:34,293][__main__][INFO] - [14, 28], []
[2025-01-29 13:23:34,429][__main__][INFO] - [14, 29], []
[2025-01-29 13:23:34,477][__main__][INFO] - [14, 30], []
[2025-01-29 13:23:34,518][__main__][INFO] - [14, 31], []
[2025-01-29 13:23:34,598][__main__][INFO] - [14], [31]
[2025-01-29 13:23:34,687][__main__][INFO] - [14, 32], []
[2025-01-29 13:23:34,734][__main__][INFO] - [14, 33], []
[2025-01-29 13:23:34,808][__main__][INFO] - [14, 34], []
[2025-01-29 13:23:34,856][__main__][INFO] - [14, 35], []
[2025-01-29 13:23:34,908][__main__][INFO] - [14, 36], []
[2025-01-29 13:23:34,952][__main__][INFO] - [14, 37], []
[2025-01-29 13:23:34,994][__main__][INFO] - [14, 38], []
[2025-01-29 13:23:35,121][__main__][INFO] - [15, 16], []
[2025-01-29 13:23:35,178][__main__][INFO] - [15, 17], []
[2025-01-29 13:23:35,279][__main__][INFO] - [15, 20], []
[2025-01-29 13:23:35,319][__main__][INFO] - [15, 21], []
[2025-01-29 13:23:35,371][__main__][INFO] - [15, 22], []
[2025-01-29 13:23:35,414][__main__][INFO] - [15, 23], []
[2025-01-29 13:23:35,458][__main__][INFO] - [15, 24], []
[2025-01-29 13:23:35,528][__main__][INFO] - [15], [25]
[2025-01-29 13:23:35,594][__main__][INFO] - [15, 26], []
[2025-01-29 13:23:35,636][__main__][INFO] - [15], [26]
[2025-01-29 13:23:35,698][__main__][INFO] - [15, 27], []
[2025-01-29 13:23:35,740][__main__][INFO] - [15], [27]
[2025-01-29 13:23:35,803][__main__][INFO] - [15, 28], []
[2025-01-29 13:23:35,864][__main__][INFO] - [15, 29], []
[2025-01-29 13:23:35,935][__main__][INFO] - [15, 31], []
[2025-01-29 13:23:35,985][__main__][INFO] - [15], [31]
[2025-01-29 13:23:36,035][__main__][INFO] - [15, 32], []
[2025-01-29 13:23:36,078][__main__][INFO] - [15, 33], []
[2025-01-29 13:23:36,125][__main__][INFO] - [15, 34], []
[2025-01-29 13:23:36,167][__main__][INFO] - [15, 35], []
[2025-01-29 13:23:36,209][__main__][INFO] - [15, 36], []
[2025-01-29 13:23:36,280][__main__][INFO] - [15, 38], []
[2025-01-29 13:23:36,409][__main__][INFO] - [16, 21], []
[2025-01-29 13:23:39,374][__main__][INFO] - [16, 22], []
[2025-01-29 13:23:40,297][__main__][INFO] - [16, 23], []
[2025-01-29 13:23:41,081][__main__][INFO] - [16, 24], []
[2025-01-29 13:23:41,179][__main__][INFO] - [16, 25], []
[2025-01-29 13:23:43,188][__main__][INFO] - [16], [25]
[2025-01-29 13:23:47,068][__main__][INFO] - [16, 26], []
[2025-01-29 13:23:47,521][__main__][INFO] - [16], [26]
[2025-01-29 13:23:54,716][__main__][INFO] - [16, 27], []
[2025-01-29 13:23:55,194][__main__][INFO] - [16], [27]
[2025-01-29 13:24:02,378][__main__][INFO] - [16, 28], []
[2025-01-29 13:24:08,351][__main__][INFO] - [16, 29], []
[2025-01-29 13:24:09,011][__main__][INFO] - [16, 31], []
[2025-01-29 13:24:12,182][__main__][INFO] - [16], [31]
[2025-01-29 13:24:14,788][__main__][INFO] - [16, 32], []
[2025-01-29 13:24:15,269][__main__][INFO] - [16, 33], []
[2025-01-29 13:24:17,473][__main__][INFO] - [16, 34], []
[2025-01-29 13:24:17,711][__main__][INFO] - [16, 35], []
[2025-01-29 13:24:18,379][__main__][INFO] - [16, 36], []
[2025-01-29 13:24:18,592][__main__][INFO] - [16, 37], []
[2025-01-29 13:24:18,668][__main__][INFO] - [16, 38], []
[2025-01-29 13:24:18,730][__main__][INFO] - [16, 39], []
[2025-01-29 13:24:18,782][__main__][INFO] - [16, 40], []
[2025-01-29 13:24:18,852][__main__][INFO] - [17, 21], []
[2025-01-29 13:24:19,041][__main__][INFO] - [17, 22], []
[2025-01-29 13:24:19,145][__main__][INFO] - [17, 23], []
[2025-01-29 13:24:19,231][__main__][INFO] - [17, 24], []
[2025-01-29 13:24:19,277][__main__][INFO] - [17, 25], []
[2025-01-29 13:24:19,363][__main__][INFO] - [17], [25]
[2025-01-29 13:24:19,724][__main__][INFO] - [17, 26], []
[2025-01-29 13:24:19,814][__main__][INFO] - [17], [26]
[2025-01-29 13:24:20,187][__main__][INFO] - [17, 27], []
[2025-01-29 13:24:20,248][__main__][INFO] - [17], [27]
[2025-01-29 13:24:20,690][__main__][INFO] - [17, 28], []
[2025-01-29 13:24:21,083][__main__][INFO] - [17, 29], []
[2025-01-29 13:24:21,190][__main__][INFO] - [17, 31], []
[2025-01-29 13:24:21,266][__main__][INFO] - [17], [31]
[2025-01-29 13:24:21,656][__main__][INFO] - [17, 32], []
[2025-01-29 13:24:21,709][__main__][INFO] - [17, 33], []
[2025-01-29 13:24:21,913][__main__][INFO] - [17, 34], []
[2025-01-29 13:24:21,967][__main__][INFO] - [17, 35], []
[2025-01-29 13:24:22,027][__main__][INFO] - [17, 36], []
[2025-01-29 13:24:22,086][__main__][INFO] - [17, 37], []
[2025-01-29 13:24:22,130][__main__][INFO] - [17, 38], []
[2025-01-29 13:24:22,172][__main__][INFO] - [17, 39], []
[2025-01-29 13:24:22,272][__main__][INFO] - [18, 21], []
[2025-01-29 13:24:22,312][__main__][INFO] - [18, 22], []
[2025-01-29 13:24:22,352][__main__][INFO] - [18, 23], []
[2025-01-29 13:24:22,392][__main__][INFO] - [18, 24], []
[2025-01-29 13:24:22,432][__main__][INFO] - [18, 25], []
[2025-01-29 13:24:22,472][__main__][INFO] - [18], [25]
[2025-01-29 13:24:22,513][__main__][INFO] - [18, 26], []
[2025-01-29 13:24:22,553][__main__][INFO] - [18], [26]
[2025-01-29 13:24:22,622][__main__][INFO] - [18], [27]
[2025-01-29 13:24:22,662][__main__][INFO] - [18, 28], []
[2025-01-29 13:24:22,702][__main__][INFO] - [18, 29], []
[2025-01-29 13:24:22,772][__main__][INFO] - [18, 31], []
[2025-01-29 13:24:22,812][__main__][INFO] - [18], [31]
[2025-01-29 13:24:22,852][__main__][INFO] - [18, 32], []
[2025-01-29 13:24:22,892][__main__][INFO] - [18, 33], []
[2025-01-29 13:24:22,933][__main__][INFO] - [18, 34], []
[2025-01-29 13:24:22,973][__main__][INFO] - [18, 35], []
[2025-01-29 13:24:23,013][__main__][INFO] - [18, 36], []
[2025-01-29 13:24:23,053][__main__][INFO] - [18, 37], []
[2025-01-29 13:24:23,208][__main__][INFO] - [19, 21], []
[2025-01-29 13:24:23,270][__main__][INFO] - [19, 22], []
[2025-01-29 13:24:23,319][__main__][INFO] - [19, 23], []
[2025-01-29 13:24:23,366][__main__][INFO] - [19, 24], []
[2025-01-29 13:24:23,407][__main__][INFO] - [19, 25], []
[2025-01-29 13:24:23,454][__main__][INFO] - [19], [25]
[2025-01-29 13:24:23,534][__main__][INFO] - [19, 26], []
[2025-01-29 13:24:23,580][__main__][INFO] - [19], [26]
[2025-01-29 13:24:23,664][__main__][INFO] - [19, 27], []
[2025-01-29 13:24:23,707][__main__][INFO] - [19], [27]
[2025-01-29 13:24:23,798][__main__][INFO] - [19, 28], []
[2025-01-29 13:24:23,887][__main__][INFO] - [19, 29], []
[2025-01-29 13:24:23,960][__main__][INFO] - [19, 31], []
[2025-01-29 13:24:24,007][__main__][INFO] - [19], [31]
[2025-01-29 13:24:24,087][__main__][INFO] - [19, 32], []
[2025-01-29 13:24:24,130][__main__][INFO] - [19, 33], []
[2025-01-29 13:24:24,196][__main__][INFO] - [19, 34], []
[2025-01-29 13:24:24,239][__main__][INFO] - [19, 35], []
[2025-01-29 13:24:24,283][__main__][INFO] - [19, 36], []
[2025-01-29 13:24:24,326][__main__][INFO] - [19, 37], []
[2025-01-29 13:24:24,367][__main__][INFO] - [19, 38], []
[2025-01-29 13:24:24,494][__main__][INFO] - [20, 21], []
[2025-01-29 13:24:24,968][__main__][INFO] - [20, 22], []
[2025-01-29 13:24:25,213][__main__][INFO] - [20, 23], []
[2025-01-29 13:24:25,399][__main__][INFO] - [20, 24], []
[2025-01-29 13:24:25,448][__main__][INFO] - [20, 25], []
[2025-01-29 13:24:25,526][__main__][INFO] - [20], [25]
[2025-01-29 13:24:26,414][__main__][INFO] - [20, 26], []
[2025-01-29 13:24:26,455][__main__][INFO] - [20], [26]
[2025-01-29 13:24:27,393][__main__][INFO] - [20, 27], []
[2025-01-29 13:24:27,447][__main__][INFO] - [20], [27]
[2025-01-29 13:24:28,377][__main__][INFO] - [20, 28], []
[2025-01-29 13:24:29,029][__main__][INFO] - [20, 29], []
[2025-01-29 13:24:29,095][__main__][INFO] - [20, 30], []
[2025-01-29 13:24:29,137][__main__][INFO] - [20, 31], []
[2025-01-29 13:24:29,583][__main__][INFO] - [20], [31]
[2025-01-29 13:24:30,041][__main__][INFO] - [20, 32], []
[2025-01-29 13:24:30,185][__main__][INFO] - [20, 33], []
[2025-01-29 13:24:30,667][__main__][INFO] - [20, 34], []
[2025-01-29 13:24:30,775][__main__][INFO] - [20, 35], []
[2025-01-29 13:24:30,906][__main__][INFO] - [20, 36], []
[2025-01-29 13:24:30,974][__main__][INFO] - [20, 37], []
[2025-01-29 13:24:31,020][__main__][INFO] - [20, 38], []
[2025-01-29 13:24:31,063][__main__][INFO] - [20, 39], []
[2025-01-29 13:24:31,160][__main__][INFO] - [21, 25], []
[2025-01-29 13:24:32,425][__main__][INFO] - [21], [25]
[2025-01-29 13:24:34,780][__main__][INFO] - [21, 26], []
[2025-01-29 13:24:35,053][__main__][INFO] - [21], [26]
[2025-01-29 13:24:38,745][__main__][INFO] - [21, 27], []
[2025-01-29 13:24:38,975][__main__][INFO] - [21], [27]
[2025-01-29 13:24:42,737][__main__][INFO] - [21, 28], []
[2025-01-29 13:24:46,153][__main__][INFO] - [21, 29], []
[2025-01-29 13:24:46,482][__main__][INFO] - [21, 30], []
[2025-01-29 13:24:46,524][__main__][INFO] - [21, 31], []
[2025-01-29 13:24:48,173][__main__][INFO] - [21], [31]
[2025-01-29 13:24:50,043][__main__][INFO] - [21, 32], []
[2025-01-29 13:24:50,447][__main__][INFO] - [21, 33], []
[2025-01-29 13:24:51,868][__main__][INFO] - [21, 34], []
[2025-01-29 13:24:51,964][__main__][INFO] - [21, 35], []
[2025-01-29 13:24:52,489][__main__][INFO] - [21, 36], []
[2025-01-29 13:24:52,689][__main__][INFO] - [21, 37], []
[2025-01-29 13:24:52,755][__main__][INFO] - [21, 38], []
[2025-01-29 13:24:52,810][__main__][INFO] - [21, 39], []
[2025-01-29 13:24:52,858][__main__][INFO] - [21, 40], []
[2025-01-29 13:24:52,928][__main__][INFO] - [22, 25], []
[2025-01-29 13:24:53,071][__main__][INFO] - [22], [25]
[2025-01-29 13:24:54,263][__main__][INFO] - [22, 26], []
[2025-01-29 13:24:54,367][__main__][INFO] - [22], [26]
[2025-01-29 13:24:55,657][__main__][INFO] - [22, 27], []
[2025-01-29 13:24:55,745][__main__][INFO] - [22], [27]
[2025-01-29 13:24:57,063][__main__][INFO] - [22, 28], []
[2025-01-29 13:24:58,201][__main__][INFO] - [22, 29], []
[2025-01-29 13:24:58,325][__main__][INFO] - [22, 30], []
[2025-01-29 13:24:58,367][__main__][INFO] - [22, 31], []
[2025-01-29 13:24:58,964][__main__][INFO] - [22], [31]
[2025-01-29 13:24:59,585][__main__][INFO] - [22, 32], []
[2025-01-29 13:24:59,656][__main__][INFO] - [22, 33], []
[2025-01-29 13:25:00,383][__main__][INFO] - [22, 34], []
[2025-01-29 13:25:00,546][__main__][INFO] - [22, 35], []
[2025-01-29 13:25:00,628][__main__][INFO] - [22, 36], []
[2025-01-29 13:25:00,690][__main__][INFO] - [22, 37], []
[2025-01-29 13:25:00,738][__main__][INFO] - [22, 38], []
[2025-01-29 13:25:00,782][__main__][INFO] - [22, 39], []
[2025-01-29 13:25:00,825][__main__][INFO] - [22, 40], []
[2025-01-29 13:25:00,894][__main__][INFO] - [23, 25], []
[2025-01-29 13:25:01,186][__main__][INFO] - [23], [25]
[2025-01-29 13:25:01,930][__main__][INFO] - [23, 26], []
[2025-01-29 13:25:02,028][__main__][INFO] - [23], [26]
[2025-01-29 13:25:03,150][__main__][INFO] - [23, 27], []
[2025-01-29 13:25:03,236][__main__][INFO] - [23], [27]
[2025-01-29 13:25:04,381][__main__][INFO] - [23, 28], []
[2025-01-29 13:25:05,366][__main__][INFO] - [23, 29], []
[2025-01-29 13:25:05,486][__main__][INFO] - [23, 30], []
[2025-01-29 13:25:05,527][__main__][INFO] - [23, 31], []
[2025-01-29 13:25:05,995][__main__][INFO] - [23], [31]
[2025-01-29 13:25:06,542][__main__][INFO] - [23, 32], []
[2025-01-29 13:25:06,662][__main__][INFO] - [23, 33], []
[2025-01-29 13:25:07,087][__main__][INFO] - [23, 34], []
[2025-01-29 13:25:07,168][__main__][INFO] - [23, 35], []
[2025-01-29 13:25:07,295][__main__][INFO] - [23, 36], []
[2025-01-29 13:25:07,368][__main__][INFO] - [23, 37], []
[2025-01-29 13:25:07,415][__main__][INFO] - [23, 38], []
[2025-01-29 13:25:07,459][__main__][INFO] - [23, 39], []
[2025-01-29 13:25:07,560][__main__][INFO] - [24, 25], []
[2025-01-29 13:25:07,608][__main__][INFO] - [24], [25]
[2025-01-29 13:25:07,719][__main__][INFO] - [24, 26], []
[2025-01-29 13:25:07,765][__main__][INFO] - [24], [26]
[2025-01-29 13:25:07,884][__main__][INFO] - [24, 27], []
[2025-01-29 13:25:07,929][__main__][INFO] - [24], [27]
[2025-01-29 13:25:08,047][__main__][INFO] - [24, 28], []
[2025-01-29 13:25:08,158][__main__][INFO] - [24, 29], []
[2025-01-29 13:25:08,205][__main__][INFO] - [24, 30], []
[2025-01-29 13:25:08,245][__main__][INFO] - [24, 31], []
[2025-01-29 13:25:08,318][__main__][INFO] - [24], [31]
[2025-01-29 13:25:08,393][__main__][INFO] - [24, 32], []
[2025-01-29 13:25:08,438][__main__][INFO] - [24, 33], []
[2025-01-29 13:25:08,519][__main__][INFO] - [24, 34], []
[2025-01-29 13:25:08,563][__main__][INFO] - [24, 35], []
[2025-01-29 13:25:08,607][__main__][INFO] - [24, 36], []
[2025-01-29 13:25:08,651][__main__][INFO] - [24, 37], []
[2025-01-29 13:25:08,693][__main__][INFO] - [24, 38], []
[2025-01-29 13:25:08,820][__main__][INFO] - [25, 26], []
[2025-01-29 13:25:08,977][__main__][INFO] - [25], [26]
[2025-01-29 13:25:11,052][__main__][INFO] - [25, 27], []
[2025-01-29 13:25:11,189][__main__][INFO] - [25], [27]
[2025-01-29 13:25:13,308][__main__][INFO] - [25, 28], []
[2025-01-29 13:25:15,271][__main__][INFO] - [25, 29], []
[2025-01-29 13:25:15,448][__main__][INFO] - [25, 30], []
[2025-01-29 13:25:15,489][__main__][INFO] - [25, 31], []
[2025-01-29 13:25:16,393][__main__][INFO] - [25], [31]
[2025-01-29 13:25:17,369][__main__][INFO] - [25, 32], []
[2025-01-29 13:25:17,633][__main__][INFO] - [25, 33], []
[2025-01-29 13:25:18,151][__main__][INFO] - [25, 34], []
[2025-01-29 13:25:18,232][__main__][INFO] - [25, 35], []
[2025-01-29 13:25:18,696][__main__][INFO] - [25, 36], []
[2025-01-29 13:25:18,761][__main__][INFO] - [25, 37], []
[2025-01-29 13:25:18,808][__main__][INFO] - [25, 38], []
[2025-01-29 13:25:18,855][__main__][INFO] - [25, 39], []
[2025-01-29 13:25:18,956][__main__][INFO] - [26], [25]
[2025-01-29 13:25:19,349][__main__][INFO] - [], [25, 26]
[2025-01-29 13:25:25,429][__main__][INFO] - [27], [25]
[2025-01-29 13:25:25,755][__main__][INFO] - [], [25, 27]
[2025-01-29 13:25:31,851][__main__][INFO] - [28], [25]
[2025-01-29 13:25:37,066][__main__][INFO] - [29], [25]
[2025-01-29 13:25:37,611][__main__][INFO] - [30], [25]
[2025-01-29 13:25:37,660][__main__][INFO] - [31], [25]
[2025-01-29 13:25:40,219][__main__][INFO] - [], [25, 31]
[2025-01-29 13:25:43,548][__main__][INFO] - [32], [25]
[2025-01-29 13:25:43,921][__main__][INFO] - [33], [25]
[2025-01-29 13:25:46,454][__main__][INFO] - [34], [25]
[2025-01-29 13:25:46,760][__main__][INFO] - [35], [25]
[2025-01-29 13:25:47,082][__main__][INFO] - [36], [25]
[2025-01-29 13:25:47,346][__main__][INFO] - [37], [25]
[2025-01-29 13:25:47,434][__main__][INFO] - [38], [25]
[2025-01-29 13:25:47,492][__main__][INFO] - [39], [25]
[2025-01-29 13:25:47,544][__main__][INFO] - [40], [25]
[2025-01-29 13:25:47,615][__main__][INFO] - [26, 27], []
[2025-01-29 13:25:47,760][__main__][INFO] - [26], [27]
[2025-01-29 13:25:48,181][__main__][INFO] - [26, 28], []
[2025-01-29 13:25:48,535][__main__][INFO] - [26, 29], []
[2025-01-29 13:25:48,716][__main__][INFO] - [26, 30], []
[2025-01-29 13:25:48,757][__main__][INFO] - [26, 31], []
[2025-01-29 13:25:48,967][__main__][INFO] - [26], [31]
[2025-01-29 13:25:49,296][__main__][INFO] - [26, 32], []
[2025-01-29 13:25:49,366][__main__][INFO] - [26, 33], []
[2025-01-29 13:25:49,599][__main__][INFO] - [26, 34], []
[2025-01-29 13:25:49,655][__main__][INFO] - [26, 35], []
[2025-01-29 13:25:49,729][__main__][INFO] - [26, 36], []
[2025-01-29 13:25:49,783][__main__][INFO] - [26, 37], []
[2025-01-29 13:25:49,828][__main__][INFO] - [26, 38], []
[2025-01-29 13:25:49,870][__main__][INFO] - [26, 39], []
[2025-01-29 13:25:49,969][__main__][INFO] - [27], [26]
[2025-01-29 13:25:50,289][__main__][INFO] - [], [26, 27]
[2025-01-29 13:25:59,794][__main__][INFO] - [28], [26]
[2025-01-29 13:26:08,208][__main__][INFO] - [29], [26]
[2025-01-29 13:26:08,744][__main__][INFO] - [30], [26]
[2025-01-29 13:26:08,787][__main__][INFO] - [31], [26]
[2025-01-29 13:26:12,418][__main__][INFO] - [], [26, 31]
[2025-01-29 13:26:16,500][__main__][INFO] - [32], [26]
[2025-01-29 13:26:17,105][__main__][INFO] - [33], [26]
[2025-01-29 13:26:20,050][__main__][INFO] - [34], [26]
[2025-01-29 13:26:20,377][__main__][INFO] - [35], [26]
[2025-01-29 13:26:21,124][__main__][INFO] - [36], [26]
[2025-01-29 13:26:21,414][__main__][INFO] - [37], [26]
[2025-01-29 13:26:21,499][__main__][INFO] - [38], [26]
[2025-01-29 13:26:21,568][__main__][INFO] - [39], [26]
[2025-01-29 13:26:21,623][__main__][INFO] - [40], [26]
[2025-01-29 13:26:21,693][__main__][INFO] - [27, 28], []
[2025-01-29 13:26:21,971][__main__][INFO] - [27, 29], []
[2025-01-29 13:26:22,136][__main__][INFO] - [27, 30], []
[2025-01-29 13:26:22,177][__main__][INFO] - [27, 31], []
[2025-01-29 13:26:22,387][__main__][INFO] - [27], [31]
[2025-01-29 13:26:22,623][__main__][INFO] - [27, 32], []
[2025-01-29 13:26:22,693][__main__][INFO] - [27, 33], []
[2025-01-29 13:26:22,866][__main__][INFO] - [27, 34], []
[2025-01-29 13:26:22,920][__main__][INFO] - [27, 35], []
[2025-01-29 13:26:22,986][__main__][INFO] - [27, 36], []
[2025-01-29 13:26:23,042][__main__][INFO] - [27, 37], []
[2025-01-29 13:26:23,085][__main__][INFO] - [27, 38], []
[2025-01-29 13:26:23,127][__main__][INFO] - [27, 39], []
[2025-01-29 13:26:23,226][__main__][INFO] - [28], [27]
[2025-01-29 13:26:31,854][__main__][INFO] - [29], [27]
[2025-01-29 13:26:32,434][__main__][INFO] - [30], [27]
[2025-01-29 13:26:32,477][__main__][INFO] - [31], [27]
[2025-01-29 13:26:36,059][__main__][INFO] - [], [27, 31]
[2025-01-29 13:26:40,471][__main__][INFO] - [32], [27]
[2025-01-29 13:26:41,073][__main__][INFO] - [33], [27]
[2025-01-29 13:26:44,092][__main__][INFO] - [34], [27]
[2025-01-29 13:26:44,426][__main__][INFO] - [35], [27]
[2025-01-29 13:26:45,204][__main__][INFO] - [36], [27]
[2025-01-29 13:26:45,491][__main__][INFO] - [37], [27]
[2025-01-29 13:26:45,580][__main__][INFO] - [38], [27]
[2025-01-29 13:26:45,648][__main__][INFO] - [39], [27]
[2025-01-29 13:26:45,704][__main__][INFO] - [40], [27]
[2025-01-29 13:26:45,774][__main__][INFO] - [28, 31], []
[2025-01-29 13:26:49,100][__main__][INFO] - [28], [31]
[2025-01-29 13:26:53,399][__main__][INFO] - [28, 32], []
[2025-01-29 13:26:54,022][__main__][INFO] - [28, 33], []
[2025-01-29 13:26:56,899][__main__][INFO] - [28, 34], []
[2025-01-29 13:26:57,205][__main__][INFO] - [28, 35], []
[2025-01-29 13:26:58,025][__main__][INFO] - [28, 36], []
[2025-01-29 13:26:58,316][__main__][INFO] - [28, 37], []
[2025-01-29 13:26:58,410][__main__][INFO] - [28, 38], []
[2025-01-29 13:26:58,483][__main__][INFO] - [28, 39], []
[2025-01-29 13:26:58,543][__main__][INFO] - [28, 40], []
[2025-01-29 13:26:58,627][__main__][INFO] - [29, 31], []
[2025-01-29 13:26:58,958][__main__][INFO] - [29], [31]
[2025-01-29 13:26:59,368][__main__][INFO] - [29, 32], []
[2025-01-29 13:26:59,459][__main__][INFO] - [29, 33], []
[2025-01-29 13:26:59,743][__main__][INFO] - [29, 34], []
[2025-01-29 13:26:59,818][__main__][INFO] - [29, 35], []
[2025-01-29 13:26:59,911][__main__][INFO] - [29, 36], []
[2025-01-29 13:26:59,984][__main__][INFO] - [29, 37], []
[2025-01-29 13:27:00,036][__main__][INFO] - [29, 38], []
[2025-01-29 13:27:00,086][__main__][INFO] - [29, 39], []
[2025-01-29 13:27:00,203][__main__][INFO] - [30, 31], []
[2025-01-29 13:27:00,250][__main__][INFO] - [30], [31]
[2025-01-29 13:27:00,295][__main__][INFO] - [30, 32], []
[2025-01-29 13:27:00,341][__main__][INFO] - [30, 33], []
[2025-01-29 13:27:00,386][__main__][INFO] - [30, 34], []
[2025-01-29 13:27:00,432][__main__][INFO] - [30, 35], []
[2025-01-29 13:27:00,476][__main__][INFO] - [30, 36], []
[2025-01-29 13:27:00,523][__main__][INFO] - [30, 37], []
[2025-01-29 13:27:00,572][__main__][INFO] - [30, 38], []
[2025-01-29 13:27:00,618][__main__][INFO] - [30, 39], []
[2025-01-29 13:27:00,730][__main__][INFO] - [31, 32], []
[2025-01-29 13:27:01,047][__main__][INFO] - [31, 33], []
[2025-01-29 13:27:02,623][__main__][INFO] - [31, 34], []
[2025-01-29 13:27:02,799][__main__][INFO] - [31, 35], []
[2025-01-29 13:27:03,218][__main__][INFO] - [31, 36], []
[2025-01-29 13:27:03,376][__main__][INFO] - [31, 37], []
[2025-01-29 13:27:03,445][__main__][INFO] - [31, 38], []
[2025-01-29 13:27:03,504][__main__][INFO] - [31, 39], []
[2025-01-29 13:27:03,561][__main__][INFO] - [31, 40], []
[2025-01-29 13:27:03,643][__main__][INFO] - [32], [31]
[2025-01-29 13:27:03,996][__main__][INFO] - [33], [31]
[2025-01-29 13:27:05,720][__main__][INFO] - [34], [31]
[2025-01-29 13:27:05,933][__main__][INFO] - [35], [31]
[2025-01-29 13:27:06,343][__main__][INFO] - [36], [31]
[2025-01-29 13:27:06,525][__main__][INFO] - [37], [31]
[2025-01-29 13:27:06,596][__main__][INFO] - [38], [31]
[2025-01-29 13:27:06,656][__main__][INFO] - [39], [31]
[2025-01-29 13:27:06,710][__main__][INFO] - [40], [31]
[2025-01-29 13:27:06,861][__main__][INFO] - [0, 10, 11], []
[2025-01-29 13:27:06,915][__main__][INFO] - [0, 10, 12], []
[2025-01-29 13:27:07,004][__main__][INFO] - [0, 10, 14], []
[2025-01-29 13:27:07,232][__main__][INFO] - [0, 10, 20], []
[2025-01-29 13:27:07,286][__main__][INFO] - [0, 10, 21], []
[2025-01-29 13:27:07,339][__main__][INFO] - [0, 10, 22], []
[2025-01-29 13:27:07,393][__main__][INFO] - [0, 10, 23], []
[2025-01-29 13:27:07,446][__main__][INFO] - [0, 10, 24], []
[2025-01-29 13:27:07,499][__main__][INFO] - [0, 10, 25], []
[2025-01-29 13:27:07,555][__main__][INFO] - [0, 10], [25]
[2025-01-29 13:27:07,607][__main__][INFO] - [0, 10, 26], []
[2025-01-29 13:27:07,660][__main__][INFO] - [0, 10], [26]
[2025-01-29 13:27:07,712][__main__][INFO] - [0, 10, 27], []
[2025-01-29 13:27:07,766][__main__][INFO] - [0, 10], [27]
[2025-01-29 13:27:07,819][__main__][INFO] - [0, 10, 28], []
[2025-01-29 13:27:07,873][__main__][INFO] - [0, 10, 29], []
[2025-01-29 13:27:07,926][__main__][INFO] - [0, 10, 30], []
[2025-01-29 13:27:07,979][__main__][INFO] - [0, 10, 31], []
[2025-01-29 13:27:08,031][__main__][INFO] - [0, 10], [31]
[2025-01-29 13:27:08,084][__main__][INFO] - [0, 10, 32], []
[2025-01-29 13:27:08,137][__main__][INFO] - [0, 10, 33], []
[2025-01-29 13:27:08,190][__main__][INFO] - [0, 10, 34], []
[2025-01-29 13:27:08,243][__main__][INFO] - [0, 10, 35], []
[2025-01-29 13:27:08,296][__main__][INFO] - [0, 10, 36], []
[2025-01-29 13:27:08,348][__main__][INFO] - [0, 10, 37], []
[2025-01-29 13:27:08,541][__main__][INFO] - [0, 11], [10]
[2025-01-29 13:27:08,596][__main__][INFO] - [0, 12], [10]
[2025-01-29 13:27:08,648][__main__][INFO] - [0, 13], [10]
[2025-01-29 13:27:08,701][__main__][INFO] - [0, 14], [10]
[2025-01-29 13:27:08,753][__main__][INFO] - [0, 15], [10]
[2025-01-29 13:27:08,950][__main__][INFO] - [0, 20], [10]
[2025-01-29 13:27:09,007][__main__][INFO] - [0, 21], [10]
[2025-01-29 13:27:09,062][__main__][INFO] - [0, 22], [10]
[2025-01-29 13:27:09,116][__main__][INFO] - [0, 23], [10]
[2025-01-29 13:27:09,170][__main__][INFO] - [0, 24], [10]
[2025-01-29 13:27:09,223][__main__][INFO] - [0, 25], [10]
[2025-01-29 13:27:09,275][__main__][INFO] - [0], [10, 25]
[2025-01-29 13:27:09,369][__main__][INFO] - [0], [10, 26]
[2025-01-29 13:27:09,462][__main__][INFO] - [0], [10, 27]
[2025-01-29 13:27:09,517][__main__][INFO] - [0, 28], [10]
[2025-01-29 13:27:09,606][__main__][INFO] - [0, 30], [10]
[2025-01-29 13:27:09,660][__main__][INFO] - [0, 31], [10]
[2025-01-29 13:27:09,715][__main__][INFO] - [0], [10, 31]
[2025-01-29 13:27:09,768][__main__][INFO] - [0, 32], [10]
[2025-01-29 13:27:09,820][__main__][INFO] - [0, 33], [10]
[2025-01-29 13:27:09,875][__main__][INFO] - [0, 34], [10]
[2025-01-29 13:27:09,928][__main__][INFO] - [0, 35], [10]
[2025-01-29 13:27:09,980][__main__][INFO] - [0, 36], [10]
[2025-01-29 13:27:10,033][__main__][INFO] - [0, 37], [10]
[2025-01-29 13:27:10,085][__main__][INFO] - [0, 38], [10]
[2025-01-29 13:27:10,137][__main__][INFO] - [0, 39], [10]
[2025-01-29 13:27:10,403][__main__][INFO] - [0, 11, 20], []
[2025-01-29 13:27:10,456][__main__][INFO] - [0, 11, 21], []
[2025-01-29 13:27:10,509][__main__][INFO] - [0, 11, 22], []
[2025-01-29 13:27:10,567][__main__][INFO] - [0, 11, 23], []
[2025-01-29 13:27:10,623][__main__][INFO] - [0, 11, 24], []
[2025-01-29 13:27:10,712][__main__][INFO] - [0, 11], [25]
[2025-01-29 13:27:10,768][__main__][INFO] - [0, 11, 26], []
[2025-01-29 13:27:10,820][__main__][INFO] - [0, 11], [26]
[2025-01-29 13:27:10,877][__main__][INFO] - [0, 11, 27], []
[2025-01-29 13:27:10,930][__main__][INFO] - [0, 11], [27]
[2025-01-29 13:27:10,986][__main__][INFO] - [0, 11, 28], []
[2025-01-29 13:27:11,042][__main__][INFO] - [0, 11, 29], []
[2025-01-29 13:27:11,095][__main__][INFO] - [0, 11, 30], []
[2025-01-29 13:27:11,149][__main__][INFO] - [0, 11, 31], []
[2025-01-29 13:27:11,204][__main__][INFO] - [0, 11], [31]
[2025-01-29 13:27:11,259][__main__][INFO] - [0, 11, 32], []
[2025-01-29 13:27:11,312][__main__][INFO] - [0, 11, 33], []
[2025-01-29 13:27:11,367][__main__][INFO] - [0, 11, 34], []
[2025-01-29 13:27:11,421][__main__][INFO] - [0, 11, 35], []
[2025-01-29 13:27:11,474][__main__][INFO] - [0, 11, 36], []
[2025-01-29 13:27:11,528][__main__][INFO] - [0, 11, 37], []
[2025-01-29 13:27:11,581][__main__][INFO] - [0, 11, 38], []
[2025-01-29 13:27:11,634][__main__][INFO] - [0, 11, 39], []
[2025-01-29 13:27:11,897][__main__][INFO] - [0, 12, 20], []
[2025-01-29 13:27:11,950][__main__][INFO] - [0, 12, 21], []
[2025-01-29 13:27:12,003][__main__][INFO] - [0, 12, 22], []
[2025-01-29 13:27:12,056][__main__][INFO] - [0, 12, 23], []
[2025-01-29 13:27:12,144][__main__][INFO] - [0, 12, 25], []
[2025-01-29 13:27:12,265][__main__][INFO] - [0, 12], [26]
[2025-01-29 13:27:12,354][__main__][INFO] - [0, 12], [27]
[2025-01-29 13:27:12,407][__main__][INFO] - [0, 12, 28], []
[2025-01-29 13:27:12,460][__main__][INFO] - [0, 12, 29], []
[2025-01-29 13:27:12,512][__main__][INFO] - [0, 12, 30], []
[2025-01-29 13:27:12,567][__main__][INFO] - [0, 12, 31], []
[2025-01-29 13:27:12,619][__main__][INFO] - [0, 12], [31]
[2025-01-29 13:27:12,672][__main__][INFO] - [0, 12, 32], []
[2025-01-29 13:27:12,725][__main__][INFO] - [0, 12, 33], []
[2025-01-29 13:27:12,779][__main__][INFO] - [0, 12, 34], []
[2025-01-29 13:27:12,832][__main__][INFO] - [0, 12, 35], []
[2025-01-29 13:27:12,886][__main__][INFO] - [0, 12, 36], []
[2025-01-29 13:27:13,257][__main__][INFO] - [0, 13, 20], []
[2025-01-29 13:27:13,307][__main__][INFO] - [0, 13, 21], []
[2025-01-29 13:27:13,394][__main__][INFO] - [0, 13, 23], []
[2025-01-29 13:27:13,483][__main__][INFO] - [0, 13, 25], []
[2025-01-29 13:27:13,611][__main__][INFO] - [0, 13], [26]
[2025-01-29 13:27:13,699][__main__][INFO] - [0, 13], [27]
[2025-01-29 13:27:13,752][__main__][INFO] - [0, 13, 28], []
[2025-01-29 13:27:13,840][__main__][INFO] - [0, 13, 30], []
[2025-01-29 13:27:13,893][__main__][INFO] - [0, 13, 31], []
[2025-01-29 13:27:13,944][__main__][INFO] - [0, 13], [31]
[2025-01-29 13:27:13,996][__main__][INFO] - [0, 13, 32], []
[2025-01-29 13:27:14,048][__main__][INFO] - [0, 13, 33], []
[2025-01-29 13:27:14,101][__main__][INFO] - [0, 13, 34], []
[2025-01-29 13:27:14,154][__main__][INFO] - [0, 13, 35], []
[2025-01-29 13:27:14,207][__main__][INFO] - [0, 13, 36], []
[2025-01-29 13:27:14,578][__main__][INFO] - [0, 14, 20], []
[2025-01-29 13:27:14,632][__main__][INFO] - [0, 14, 21], []
[2025-01-29 13:27:14,685][__main__][INFO] - [0, 14, 22], []
[2025-01-29 13:27:14,737][__main__][INFO] - [0, 14, 23], []
[2025-01-29 13:27:14,858][__main__][INFO] - [0, 14], [25]
[2025-01-29 13:27:14,946][__main__][INFO] - [0, 14], [26]
[2025-01-29 13:27:15,035][__main__][INFO] - [0, 14], [27]
[2025-01-29 13:27:15,088][__main__][INFO] - [0, 14, 28], []
[2025-01-29 13:27:15,176][__main__][INFO] - [0, 14, 30], []
[2025-01-29 13:27:15,229][__main__][INFO] - [0, 14, 31], []
[2025-01-29 13:27:15,280][__main__][INFO] - [0, 14], [31]
[2025-01-29 13:27:15,330][__main__][INFO] - [0, 14, 32], []
[2025-01-29 13:27:15,382][__main__][INFO] - [0, 14, 33], []
[2025-01-29 13:27:15,435][__main__][INFO] - [0, 14, 34], []
[2025-01-29 13:27:15,487][__main__][INFO] - [0, 14, 35], []
[2025-01-29 13:27:15,539][__main__][INFO] - [0, 14, 36], []
[2025-01-29 13:27:15,910][__main__][INFO] - [0, 15, 20], []
[2025-01-29 13:27:16,139][__main__][INFO] - [0, 15], [25]
[2025-01-29 13:27:16,227][__main__][INFO] - [0, 15], [26]
[2025-01-29 13:27:16,315][__main__][INFO] - [0, 15], [27]
[2025-01-29 13:27:17,043][__main__][INFO] - [0, 20, 21], []
[2025-01-29 13:27:17,099][__main__][INFO] - [0, 20, 22], []
[2025-01-29 13:27:17,169][__main__][INFO] - [0, 20, 23], []
[2025-01-29 13:27:17,223][__main__][INFO] - [0, 20, 24], []
[2025-01-29 13:27:17,276][__main__][INFO] - [0, 20, 25], []
[2025-01-29 13:27:17,329][__main__][INFO] - [0, 20], [25]
[2025-01-29 13:27:17,387][__main__][INFO] - [0, 20, 26], []
[2025-01-29 13:27:17,436][__main__][INFO] - [0, 20], [26]
[2025-01-29 13:27:17,487][__main__][INFO] - [0, 20, 27], []
[2025-01-29 13:27:17,534][__main__][INFO] - [0, 20], [27]
[2025-01-29 13:27:17,584][__main__][INFO] - [0, 20, 28], []
[2025-01-29 13:27:17,635][__main__][INFO] - [0, 20, 29], []
[2025-01-29 13:27:17,682][__main__][INFO] - [0, 20, 30], []
[2025-01-29 13:27:17,732][__main__][INFO] - [0, 20, 31], []
[2025-01-29 13:27:17,781][__main__][INFO] - [0, 20], [31]
[2025-01-29 13:27:17,831][__main__][INFO] - [0, 20, 32], []
[2025-01-29 13:27:17,880][__main__][INFO] - [0, 20, 33], []
[2025-01-29 13:27:17,929][__main__][INFO] - [0, 20, 34], []
[2025-01-29 13:27:17,976][__main__][INFO] - [0, 20, 35], []
[2025-01-29 13:27:18,023][__main__][INFO] - [0, 20, 36], []
[2025-01-29 13:27:18,070][__main__][INFO] - [0, 20, 37], []
[2025-01-29 13:27:18,116][__main__][INFO] - [0, 20, 38], []
[2025-01-29 13:27:18,163][__main__][INFO] - [0, 20, 39], []
[2025-01-29 13:27:18,268][__main__][INFO] - [0, 21, 25], []
[2025-01-29 13:27:18,315][__main__][INFO] - [0, 21], [25]
[2025-01-29 13:27:18,363][__main__][INFO] - [0, 21, 26], []
[2025-01-29 13:27:18,410][__main__][INFO] - [0, 21], [26]
[2025-01-29 13:27:18,459][__main__][INFO] - [0, 21, 27], []
[2025-01-29 13:27:18,505][__main__][INFO] - [0, 21], [27]
[2025-01-29 13:27:18,554][__main__][INFO] - [0, 21, 28], []
[2025-01-29 13:27:18,602][__main__][INFO] - [0, 21, 29], []
[2025-01-29 13:27:18,648][__main__][INFO] - [0, 21, 30], []
[2025-01-29 13:27:18,696][__main__][INFO] - [0, 21, 31], []
[2025-01-29 13:27:18,744][__main__][INFO] - [0, 21], [31]
[2025-01-29 13:27:18,792][__main__][INFO] - [0, 21, 32], []
[2025-01-29 13:27:18,839][__main__][INFO] - [0, 21, 33], []
[2025-01-29 13:27:18,887][__main__][INFO] - [0, 21, 34], []
[2025-01-29 13:27:18,933][__main__][INFO] - [0, 21, 35], []
[2025-01-29 13:27:18,980][__main__][INFO] - [0, 21, 36], []
[2025-01-29 13:27:19,027][__main__][INFO] - [0, 21, 37], []
[2025-01-29 13:27:19,073][__main__][INFO] - [0, 21, 38], []
[2025-01-29 13:27:19,120][__main__][INFO] - [0, 21, 39], []
[2025-01-29 13:27:19,225][__main__][INFO] - [0, 22, 25], []
[2025-01-29 13:27:19,272][__main__][INFO] - [0, 22], [25]
[2025-01-29 13:27:19,319][__main__][INFO] - [0, 22, 26], []
[2025-01-29 13:27:19,366][__main__][INFO] - [0, 22], [26]
[2025-01-29 13:27:19,413][__main__][INFO] - [0, 22, 27], []
[2025-01-29 13:27:19,460][__main__][INFO] - [0, 22], [27]
[2025-01-29 13:27:19,507][__main__][INFO] - [0, 22, 28], []
[2025-01-29 13:27:19,554][__main__][INFO] - [0, 22, 29], []
[2025-01-29 13:27:19,601][__main__][INFO] - [0, 22, 30], []
[2025-01-29 13:27:19,648][__main__][INFO] - [0, 22, 31], []
[2025-01-29 13:27:19,696][__main__][INFO] - [0, 22], [31]
[2025-01-29 13:27:19,743][__main__][INFO] - [0, 22, 32], []
[2025-01-29 13:27:19,790][__main__][INFO] - [0, 22, 33], []
[2025-01-29 13:27:19,838][__main__][INFO] - [0, 22, 34], []
[2025-01-29 13:27:19,885][__main__][INFO] - [0, 22, 35], []
[2025-01-29 13:27:19,932][__main__][INFO] - [0, 22, 36], []
[2025-01-29 13:27:19,978][__main__][INFO] - [0, 22, 37], []
[2025-01-29 13:27:20,025][__main__][INFO] - [0, 22, 38], []
[2025-01-29 13:27:20,160][__main__][INFO] - [0, 23, 25], []
[2025-01-29 13:27:20,207][__main__][INFO] - [0, 23], [25]
[2025-01-29 13:27:20,254][__main__][INFO] - [0, 23, 26], []
[2025-01-29 13:27:20,300][__main__][INFO] - [0, 23], [26]
[2025-01-29 13:27:20,347][__main__][INFO] - [0, 23, 27], []
[2025-01-29 13:27:20,393][__main__][INFO] - [0, 23], [27]
[2025-01-29 13:27:20,441][__main__][INFO] - [0, 23, 28], []
[2025-01-29 13:27:20,487][__main__][INFO] - [0, 23, 29], []
[2025-01-29 13:27:20,534][__main__][INFO] - [0, 23, 30], []
[2025-01-29 13:27:20,581][__main__][INFO] - [0, 23, 31], []
[2025-01-29 13:27:20,628][__main__][INFO] - [0, 23], [31]
[2025-01-29 13:27:20,675][__main__][INFO] - [0, 23, 32], []
[2025-01-29 13:27:20,722][__main__][INFO] - [0, 23, 33], []
[2025-01-29 13:27:20,769][__main__][INFO] - [0, 23, 34], []
[2025-01-29 13:27:20,816][__main__][INFO] - [0, 23, 35], []
[2025-01-29 13:27:20,863][__main__][INFO] - [0, 23, 36], []
[2025-01-29 13:27:20,909][__main__][INFO] - [0, 23, 37], []
[2025-01-29 13:27:20,956][__main__][INFO] - [0, 23, 38], []
[2025-01-29 13:27:21,002][__main__][INFO] - [0, 23, 39], []
[2025-01-29 13:27:21,137][__main__][INFO] - [0, 24], [25]
[2025-01-29 13:27:21,214][__main__][INFO] - [0, 24], [26]
[2025-01-29 13:27:21,290][__main__][INFO] - [0, 24], [27]
[2025-01-29 13:27:21,336][__main__][INFO] - [0, 24, 28], []
[2025-01-29 13:27:21,413][__main__][INFO] - [0, 24, 30], []
[2025-01-29 13:27:21,459][__main__][INFO] - [0, 24, 31], []
[2025-01-29 13:27:21,506][__main__][INFO] - [0, 24], [31]
[2025-01-29 13:27:21,553][__main__][INFO] - [0, 24, 32], []
[2025-01-29 13:27:21,599][__main__][INFO] - [0, 24, 33], []
[2025-01-29 13:27:21,646][__main__][INFO] - [0, 24, 34], []
[2025-01-29 13:27:21,693][__main__][INFO] - [0, 24, 35], []
[2025-01-29 13:27:21,739][__main__][INFO] - [0, 24, 36], []
[2025-01-29 13:27:21,964][__main__][INFO] - [0, 25], [26]
[2025-01-29 13:27:22,040][__main__][INFO] - [0, 25], [27]
[2025-01-29 13:27:22,087][__main__][INFO] - [0, 25, 28], []
[2025-01-29 13:27:22,133][__main__][INFO] - [0, 25, 29], []
[2025-01-29 13:27:22,180][__main__][INFO] - [0, 25, 30], []
[2025-01-29 13:27:22,226][__main__][INFO] - [0, 25, 31], []
[2025-01-29 13:27:22,273][__main__][INFO] - [0, 25], [31]
[2025-01-29 13:27:22,319][__main__][INFO] - [0, 25, 32], []
[2025-01-29 13:27:22,366][__main__][INFO] - [0, 25, 33], []
[2025-01-29 13:27:22,413][__main__][INFO] - [0, 25, 34], []
[2025-01-29 13:27:22,459][__main__][INFO] - [0, 25, 35], []
[2025-01-29 13:27:22,506][__main__][INFO] - [0, 25, 36], []
[2025-01-29 13:27:22,701][__main__][INFO] - [0, 26], [25]
[2025-01-29 13:27:22,747][__main__][INFO] - [0], [25, 26]
[2025-01-29 13:27:22,797][__main__][INFO] - [0, 27], [25]
[2025-01-29 13:27:22,843][__main__][INFO] - [0], [25, 27]
[2025-01-29 13:27:22,893][__main__][INFO] - [0, 28], [25]
[2025-01-29 13:27:22,941][__main__][INFO] - [0, 29], [25]
[2025-01-29 13:27:22,987][__main__][INFO] - [0, 30], [25]
[2025-01-29 13:27:23,035][__main__][INFO] - [0, 31], [25]
[2025-01-29 13:27:23,084][__main__][INFO] - [0], [25, 31]
[2025-01-29 13:27:23,132][__main__][INFO] - [0, 32], [25]
[2025-01-29 13:27:23,179][__main__][INFO] - [0, 33], [25]
[2025-01-29 13:27:23,228][__main__][INFO] - [0, 34], [25]
[2025-01-29 13:27:23,275][__main__][INFO] - [0, 35], [25]
[2025-01-29 13:27:23,322][__main__][INFO] - [0, 36], [25]
[2025-01-29 13:27:23,369][__main__][INFO] - [0, 37], [25]
[2025-01-29 13:27:23,415][__main__][INFO] - [0, 38], [25]
[2025-01-29 13:27:23,462][__main__][INFO] - [0, 39], [25]
[2025-01-29 13:27:23,567][__main__][INFO] - [0, 26, 27], []
[2025-01-29 13:27:23,613][__main__][INFO] - [0, 26], [27]
[2025-01-29 13:27:23,659][__main__][INFO] - [0, 26, 28], []
[2025-01-29 13:27:23,706][__main__][INFO] - [0, 26, 29], []
[2025-01-29 13:27:23,752][__main__][INFO] - [0, 26, 30], []
[2025-01-29 13:27:23,799][__main__][INFO] - [0, 26, 31], []
[2025-01-29 13:27:23,845][__main__][INFO] - [0, 26], [31]
[2025-01-29 13:27:23,891][__main__][INFO] - [0, 26, 32], []
[2025-01-29 13:27:23,938][__main__][INFO] - [0, 26, 33], []
[2025-01-29 13:27:23,984][__main__][INFO] - [0, 26, 34], []
[2025-01-29 13:27:24,031][__main__][INFO] - [0, 26, 35], []
[2025-01-29 13:27:24,255][__main__][INFO] - [0, 27], [26]
[2025-01-29 13:27:24,302][__main__][INFO] - [0], [26, 27]
[2025-01-29 13:27:24,352][__main__][INFO] - [0, 28], [26]
[2025-01-29 13:27:24,400][__main__][INFO] - [0, 29], [26]
[2025-01-29 13:27:24,446][__main__][INFO] - [0, 30], [26]
[2025-01-29 13:27:24,494][__main__][INFO] - [0, 31], [26]
[2025-01-29 13:27:24,543][__main__][INFO] - [0], [26, 31]
[2025-01-29 13:27:24,591][__main__][INFO] - [0, 32], [26]
[2025-01-29 13:27:24,638][__main__][INFO] - [0, 33], [26]
[2025-01-29 13:27:24,687][__main__][INFO] - [0, 34], [26]
[2025-01-29 13:27:24,734][__main__][INFO] - [0, 35], [26]
[2025-01-29 13:27:24,781][__main__][INFO] - [0, 36], [26]
[2025-01-29 13:27:24,827][__main__][INFO] - [0, 37], [26]
[2025-01-29 13:27:24,874][__main__][INFO] - [0, 38], [26]
[2025-01-29 13:27:24,920][__main__][INFO] - [0, 39], [26]
[2025-01-29 13:27:25,025][__main__][INFO] - [0, 27, 28], []
[2025-01-29 13:27:25,072][__main__][INFO] - [0, 27, 29], []
[2025-01-29 13:27:25,118][__main__][INFO] - [0, 27, 30], []
[2025-01-29 13:27:25,164][__main__][INFO] - [0, 27, 31], []
[2025-01-29 13:27:25,211][__main__][INFO] - [0, 27], [31]
[2025-01-29 13:27:25,257][__main__][INFO] - [0, 27, 32], []
[2025-01-29 13:27:25,304][__main__][INFO] - [0, 27, 33], []
[2025-01-29 13:27:25,350][__main__][INFO] - [0, 27, 34], []
[2025-01-29 13:27:25,397][__main__][INFO] - [0, 27, 35], []
[2025-01-29 13:27:25,443][__main__][INFO] - [0, 27, 36], []
[2025-01-29 13:27:25,638][__main__][INFO] - [0, 28], [27]
[2025-01-29 13:27:25,686][__main__][INFO] - [0, 29], [27]
[2025-01-29 13:27:25,733][__main__][INFO] - [0, 30], [27]
[2025-01-29 13:27:25,781][__main__][INFO] - [0, 31], [27]
[2025-01-29 13:27:25,829][__main__][INFO] - [0], [27, 31]
[2025-01-29 13:27:25,877][__main__][INFO] - [0, 32], [27]
[2025-01-29 13:27:25,924][__main__][INFO] - [0, 33], [27]
[2025-01-29 13:27:25,973][__main__][INFO] - [0, 34], [27]
[2025-01-29 13:27:26,020][__main__][INFO] - [0, 35], [27]
[2025-01-29 13:27:26,067][__main__][INFO] - [0, 36], [27]
[2025-01-29 13:27:26,114][__main__][INFO] - [0, 37], [27]
[2025-01-29 13:27:26,160][__main__][INFO] - [0, 38], [27]
[2025-01-29 13:27:26,206][__main__][INFO] - [0, 39], [27]
[2025-01-29 13:27:26,311][__main__][INFO] - [0, 28, 31], []
[2025-01-29 13:27:26,359][__main__][INFO] - [0, 28], [31]
[2025-01-29 13:27:26,406][__main__][INFO] - [0, 28, 32], []
[2025-01-29 13:27:26,453][__main__][INFO] - [0, 28, 33], []
[2025-01-29 13:27:26,501][__main__][INFO] - [0, 28, 34], []
[2025-01-29 13:27:26,548][__main__][INFO] - [0, 28, 35], []
[2025-01-29 13:27:26,595][__main__][INFO] - [0, 28, 36], []
[2025-01-29 13:27:26,642][__main__][INFO] - [0, 28, 37], []
[2025-01-29 13:27:26,688][__main__][INFO] - [0, 28, 38], []
[2025-01-29 13:27:26,735][__main__][INFO] - [0, 28, 39], []
[2025-01-29 13:27:26,840][__main__][INFO] - [0, 29, 31], []
[2025-01-29 13:27:26,886][__main__][INFO] - [0, 29], [31]
[2025-01-29 13:27:26,933][__main__][INFO] - [0, 29, 32], []
[2025-01-29 13:27:26,979][__main__][INFO] - [0, 29, 33], []
[2025-01-29 13:27:27,025][__main__][INFO] - [0, 29, 34], []
[2025-01-29 13:27:27,072][__main__][INFO] - [0, 29, 35], []
[2025-01-29 13:27:27,118][__main__][INFO] - [0, 29, 36], []
[2025-01-29 13:27:27,313][__main__][INFO] - [0, 30, 31], []
[2025-01-29 13:27:27,360][__main__][INFO] - [0, 30], [31]
[2025-01-29 13:27:27,408][__main__][INFO] - [0, 30, 32], []
[2025-01-29 13:27:27,454][__main__][INFO] - [0, 30, 33], []
[2025-01-29 13:27:27,502][__main__][INFO] - [0, 30, 34], []
[2025-01-29 13:27:27,548][__main__][INFO] - [0, 30, 35], []
[2025-01-29 13:27:27,595][__main__][INFO] - [0, 30, 36], []
[2025-01-29 13:27:27,642][__main__][INFO] - [0, 30, 37], []
[2025-01-29 13:27:27,688][__main__][INFO] - [0, 30, 38], []
[2025-01-29 13:27:27,735][__main__][INFO] - [0, 30, 39], []
[2025-01-29 13:27:27,840][__main__][INFO] - [0, 31, 32], []
[2025-01-29 13:27:27,887][__main__][INFO] - [0, 31, 33], []
[2025-01-29 13:27:27,934][__main__][INFO] - [0, 31, 34], []
[2025-01-29 13:27:27,981][__main__][INFO] - [0, 31, 35], []
[2025-01-29 13:27:28,027][__main__][INFO] - [0, 31, 36], []
[2025-01-29 13:27:28,074][__main__][INFO] - [0, 31, 37], []
[2025-01-29 13:27:28,120][__main__][INFO] - [0, 31, 38], []
[2025-01-29 13:27:28,167][__main__][INFO] - [0, 31, 39], []
[2025-01-29 13:27:28,273][__main__][INFO] - [0, 32], [31]
[2025-01-29 13:27:28,319][__main__][INFO] - [0, 33], [31]
[2025-01-29 13:27:28,366][__main__][INFO] - [0, 34], [31]
[2025-01-29 13:27:28,413][__main__][INFO] - [0, 35], [31]
[2025-01-29 13:27:28,459][__main__][INFO] - [0, 36], [31]
[2025-01-29 13:27:28,505][__main__][INFO] - [0, 37], [31]
[2025-01-29 13:27:28,551][__main__][INFO] - [0, 38], [31]
[2025-01-29 13:27:28,597][__main__][INFO] - [0, 39], [31]
[2025-01-29 13:27:28,731][__main__][INFO] - [1, 10, 11], []
[2025-01-29 13:27:28,813][__main__][INFO] - [1, 10, 12], []
[2025-01-29 13:27:28,863][__main__][INFO] - [1, 10, 13], []
[2025-01-29 13:27:28,911][__main__][INFO] - [1, 10, 14], []
[2025-01-29 13:27:28,988][__main__][INFO] - [1, 10, 16], []
[2025-01-29 13:27:29,137][__main__][INFO] - [1, 10, 20], []
[2025-01-29 13:27:29,210][__main__][INFO] - [1, 10, 21], []
[2025-01-29 13:27:29,275][__main__][INFO] - [1, 10, 22], []
[2025-01-29 13:27:29,329][__main__][INFO] - [1, 10, 23], []
[2025-01-29 13:27:29,384][__main__][INFO] - [1, 10, 24], []
[2025-01-29 13:27:29,431][__main__][INFO] - [1, 10, 25], []
[2025-01-29 13:27:29,481][__main__][INFO] - [1, 10], [25]
[2025-01-29 13:27:29,566][__main__][INFO] - [1, 10, 26], []
[2025-01-29 13:27:29,619][__main__][INFO] - [1, 10], [26]
[2025-01-29 13:27:29,701][__main__][INFO] - [1, 10, 27], []
[2025-01-29 13:27:29,757][__main__][INFO] - [1, 10], [27]
[2025-01-29 13:27:29,833][__main__][INFO] - [1, 10, 28], []
[2025-01-29 13:27:29,894][__main__][INFO] - [1, 10, 29], []
[2025-01-29 13:27:29,994][__main__][INFO] - [1, 10, 31], []
[2025-01-29 13:27:30,057][__main__][INFO] - [1, 10], [31]
[2025-01-29 13:27:30,125][__main__][INFO] - [1, 10, 32], []
[2025-01-29 13:27:30,177][__main__][INFO] - [1, 10, 33], []
[2025-01-29 13:27:30,238][__main__][INFO] - [1, 10, 34], []
[2025-01-29 13:27:30,289][__main__][INFO] - [1, 10, 35], []
[2025-01-29 13:27:30,340][__main__][INFO] - [1, 10, 36], []
[2025-01-29 13:27:30,398][__main__][INFO] - [1, 10, 37], []
[2025-01-29 13:27:30,565][__main__][INFO] - [1, 11], [10]
[2025-01-29 13:27:31,021][__main__][INFO] - [1, 12], [10]
[2025-01-29 13:27:31,086][__main__][INFO] - [1, 13], [10]
[2025-01-29 13:27:31,142][__main__][INFO] - [1, 14], [10]
[2025-01-29 13:27:31,196][__main__][INFO] - [1, 15], [10]
[2025-01-29 13:27:31,244][__main__][INFO] - [1, 16], [10]
[2025-01-29 13:27:31,387][__main__][INFO] - [1, 17], [10]
[2025-01-29 13:27:31,435][__main__][INFO] - [1, 18], [10]
[2025-01-29 13:27:31,511][__main__][INFO] - [1, 20], [10]
[2025-01-29 13:27:31,907][__main__][INFO] - [1, 21], [10]
[2025-01-29 13:27:32,204][__main__][INFO] - [1, 22], [10]
[2025-01-29 13:27:32,347][__main__][INFO] - [1, 23], [10]
[2025-01-29 13:27:32,472][__main__][INFO] - [1, 24], [10]
[2025-01-29 13:27:32,523][__main__][INFO] - [1, 25], [10]
[2025-01-29 13:27:32,599][__main__][INFO] - [1], [10, 25]
[2025-01-29 13:27:33,101][__main__][INFO] - [1], [10, 26]
[2025-01-29 13:27:33,649][__main__][INFO] - [1], [10, 27]
[2025-01-29 13:27:34,168][__main__][INFO] - [1, 28], [10]
[2025-01-29 13:27:34,746][__main__][INFO] - [1, 31], [10]
[2025-01-29 13:27:34,996][__main__][INFO] - [1], [10, 31]
[2025-01-29 13:27:35,258][__main__][INFO] - [1, 32], [10]
[2025-01-29 13:27:35,359][__main__][INFO] - [1, 33], [10]
[2025-01-29 13:27:35,636][__main__][INFO] - [1, 34], [10]
[2025-01-29 13:27:35,712][__main__][INFO] - [1, 35], [10]
[2025-01-29 13:27:35,810][__main__][INFO] - [1, 36], [10]
[2025-01-29 13:27:35,871][__main__][INFO] - [1, 37], [10]
[2025-01-29 13:27:35,921][__main__][INFO] - [1, 38], [10]
[2025-01-29 13:27:35,970][__main__][INFO] - [1, 39], [10]
[2025-01-29 13:27:36,077][__main__][INFO] - [1, 11, 16], []
[2025-01-29 13:27:36,215][__main__][INFO] - [1, 11, 17], []
[2025-01-29 13:27:36,263][__main__][INFO] - [1, 11, 18], []
[2025-01-29 13:27:36,309][__main__][INFO] - [1, 11, 19], []
[2025-01-29 13:27:36,356][__main__][INFO] - [1, 11, 20], []
[2025-01-29 13:27:36,751][__main__][INFO] - [1, 11, 21], []
[2025-01-29 13:27:37,033][__main__][INFO] - [1, 11, 22], []
[2025-01-29 13:27:37,181][__main__][INFO] - [1, 11, 23], []
[2025-01-29 13:27:37,293][__main__][INFO] - [1, 11, 24], []
[2025-01-29 13:27:37,375][__main__][INFO] - [1, 11], [25]
[2025-01-29 13:27:37,883][__main__][INFO] - [1, 11, 26], []
[2025-01-29 13:27:37,935][__main__][INFO] - [1, 11], [26]
[2025-01-29 13:27:38,427][__main__][INFO] - [1, 11, 27], []
[2025-01-29 13:27:38,481][__main__][INFO] - [1, 11], [27]
[2025-01-29 13:27:38,967][__main__][INFO] - [1, 11, 28], []
[2025-01-29 13:27:39,448][__main__][INFO] - [1, 11, 29], []
[2025-01-29 13:27:39,545][__main__][INFO] - [1, 11, 31], []
[2025-01-29 13:27:39,792][__main__][INFO] - [1, 11], [31]
[2025-01-29 13:27:40,057][__main__][INFO] - [1, 11, 32], []
[2025-01-29 13:27:40,157][__main__][INFO] - [1, 11, 33], []
[2025-01-29 13:27:40,441][__main__][INFO] - [1, 11, 34], []
[2025-01-29 13:27:40,519][__main__][INFO] - [1, 11, 35], []
[2025-01-29 13:27:40,606][__main__][INFO] - [1, 11, 36], []
[2025-01-29 13:27:40,669][__main__][INFO] - [1, 11, 37], []
[2025-01-29 13:27:40,720][__main__][INFO] - [1, 11, 38], []
[2025-01-29 13:27:40,768][__main__][INFO] - [1, 11, 39], []
[2025-01-29 13:27:40,876][__main__][INFO] - [1, 12, 16], []
[2025-01-29 13:27:41,020][__main__][INFO] - [1, 12, 20], []
[2025-01-29 13:27:41,080][__main__][INFO] - [1, 12, 21], []
[2025-01-29 13:27:41,142][__main__][INFO] - [1, 12, 22], []
[2025-01-29 13:27:41,191][__main__][INFO] - [1, 12, 23], []
[2025-01-29 13:27:41,276][__main__][INFO] - [1, 12, 25], []
[2025-01-29 13:27:41,376][__main__][INFO] - [1, 12, 26], []
[2025-01-29 13:27:41,423][__main__][INFO] - [1, 12], [26]
[2025-01-29 13:27:41,490][__main__][INFO] - [1, 12, 27], []
[2025-01-29 13:27:41,538][__main__][INFO] - [1, 12], [27]
[2025-01-29 13:27:41,605][__main__][INFO] - [1, 12, 28], []
[2025-01-29 13:27:41,672][__main__][INFO] - [1, 12, 29], []
[2025-01-29 13:27:41,750][__main__][INFO] - [1, 12, 31], []
[2025-01-29 13:27:41,807][__main__][INFO] - [1, 12], [31]
[2025-01-29 13:27:41,863][__main__][INFO] - [1, 12, 32], []
[2025-01-29 13:27:41,914][__main__][INFO] - [1, 12, 33], []
[2025-01-29 13:27:41,968][__main__][INFO] - [1, 12, 34], []
[2025-01-29 13:27:42,016][__main__][INFO] - [1, 12, 35], []
[2025-01-29 13:27:42,069][__main__][INFO] - [1, 12, 36], []
[2025-01-29 13:27:42,266][__main__][INFO] - [1, 13, 16], []
[2025-01-29 13:27:42,406][__main__][INFO] - [1, 13, 20], []
[2025-01-29 13:27:42,460][__main__][INFO] - [1, 13, 21], []
[2025-01-29 13:27:42,513][__main__][INFO] - [1, 13, 22], []
[2025-01-29 13:27:42,562][__main__][INFO] - [1, 13, 23], []
[2025-01-29 13:27:42,642][__main__][INFO] - [1, 13, 25], []
[2025-01-29 13:27:42,759][__main__][INFO] - [1, 13], [26]
[2025-01-29 13:27:42,816][__main__][INFO] - [1, 13, 27], []
[2025-01-29 13:27:42,864][__main__][INFO] - [1, 13], [27]
[2025-01-29 13:27:42,921][__main__][INFO] - [1, 13, 28], []
[2025-01-29 13:27:42,978][__main__][INFO] - [1, 13, 29], []
[2025-01-29 13:27:43,056][__main__][INFO] - [1, 13, 31], []
[2025-01-29 13:27:43,108][__main__][INFO] - [1, 13], [31]
[2025-01-29 13:27:43,160][__main__][INFO] - [1, 13, 32], []
[2025-01-29 13:27:43,208][__main__][INFO] - [1, 13, 33], []
[2025-01-29 13:27:43,258][__main__][INFO] - [1, 13, 34], []
[2025-01-29 13:27:43,306][__main__][INFO] - [1, 13, 35], []
[2025-01-29 13:27:43,357][__main__][INFO] - [1, 13, 36], []
[2025-01-29 13:27:43,554][__main__][INFO] - [1, 14, 16], []
[2025-01-29 13:27:43,693][__main__][INFO] - [1, 14, 20], []
[2025-01-29 13:27:43,746][__main__][INFO] - [1, 14, 21], []
[2025-01-29 13:27:43,795][__main__][INFO] - [1, 14, 22], []
[2025-01-29 13:27:43,844][__main__][INFO] - [1, 14, 23], []
[2025-01-29 13:27:43,955][__main__][INFO] - [1, 14], [25]
[2025-01-29 13:27:44,040][__main__][INFO] - [1, 14], [26]
[2025-01-29 13:27:44,094][__main__][INFO] - [1, 14, 27], []
[2025-01-29 13:27:44,141][__main__][INFO] - [1, 14], [27]
[2025-01-29 13:27:44,196][__main__][INFO] - [1, 14, 28], []
[2025-01-29 13:27:44,250][__main__][INFO] - [1, 14, 29], []
[2025-01-29 13:27:44,327][__main__][INFO] - [1, 14, 31], []
[2025-01-29 13:27:44,377][__main__][INFO] - [1, 14], [31]
[2025-01-29 13:27:44,428][__main__][INFO] - [1, 14, 32], []
[2025-01-29 13:27:44,476][__main__][INFO] - [1, 14, 33], []
[2025-01-29 13:27:44,526][__main__][INFO] - [1, 14, 34], []
[2025-01-29 13:27:44,574][__main__][INFO] - [1, 14, 35], []
[2025-01-29 13:27:44,623][__main__][INFO] - [1, 14, 36], []
[2025-01-29 13:27:44,818][__main__][INFO] - [1, 15, 16], []
[2025-01-29 13:27:44,956][__main__][INFO] - [1, 15, 20], []
[2025-01-29 13:27:45,003][__main__][INFO] - [1, 15, 21], []
[2025-01-29 13:27:45,177][__main__][INFO] - [1, 15], [25]
[2025-01-29 13:27:45,256][__main__][INFO] - [1, 15], [26]
[2025-01-29 13:27:45,334][__main__][INFO] - [1, 15], [27]
[2025-01-29 13:27:45,382][__main__][INFO] - [1, 15, 28], []
[2025-01-29 13:27:45,490][__main__][INFO] - [1, 15, 31], []
[2025-01-29 13:27:45,538][__main__][INFO] - [1, 15], [31]
[2025-01-29 13:27:45,891][__main__][INFO] - [1, 16, 21], []
[2025-01-29 13:27:45,999][__main__][INFO] - [1, 16, 22], []
[2025-01-29 13:27:46,067][__main__][INFO] - [1, 16, 23], []
[2025-01-29 13:27:46,130][__main__][INFO] - [1, 16, 24], []
[2025-01-29 13:27:46,179][__main__][INFO] - [1, 16, 25], []
[2025-01-29 13:27:46,237][__main__][INFO] - [1, 16], [25]
[2025-01-29 13:27:46,383][__main__][INFO] - [1, 16, 26], []
[2025-01-29 13:27:46,433][__main__][INFO] - [1, 16], [26]
[2025-01-29 13:27:46,594][__main__][INFO] - [1, 16, 27], []
[2025-01-29 13:27:46,644][__main__][INFO] - [1, 16], [27]
[2025-01-29 13:27:46,800][__main__][INFO] - [1, 16, 28], []
[2025-01-29 13:27:46,952][__main__][INFO] - [1, 16, 29], []
[2025-01-29 13:27:47,035][__main__][INFO] - [1, 16, 31], []
[2025-01-29 13:27:47,132][__main__][INFO] - [1, 16], [31]
[2025-01-29 13:27:47,230][__main__][INFO] - [1, 16, 32], []
[2025-01-29 13:27:47,290][__main__][INFO] - [1, 16, 33], []
[2025-01-29 13:27:47,387][__main__][INFO] - [1, 16, 34], []
[2025-01-29 13:27:47,453][__main__][INFO] - [1, 16, 35], []
[2025-01-29 13:27:47,516][__main__][INFO] - [1, 16, 36], []
[2025-01-29 13:27:47,570][__main__][INFO] - [1, 16, 37], []
[2025-01-29 13:27:47,618][__main__][INFO] - [1, 16, 38], []
[2025-01-29 13:27:47,670][__main__][INFO] - [1, 16, 39], []
[2025-01-29 13:27:47,789][__main__][INFO] - [1, 17, 21], []
[2025-01-29 13:27:47,974][__main__][INFO] - [1, 17], [25]
[2025-01-29 13:27:48,052][__main__][INFO] - [1, 17], [26]
[2025-01-29 13:27:48,130][__main__][INFO] - [1, 17], [27]
[2025-01-29 13:27:48,177][__main__][INFO] - [1, 17, 28], []
[2025-01-29 13:27:48,315][__main__][INFO] - [1, 17], [31]
[2025-01-29 13:27:48,392][__main__][INFO] - [1, 17, 33], []
[2025-01-29 13:27:48,678][__main__][INFO] - [1, 18, 21], []
[2025-01-29 13:27:48,725][__main__][INFO] - [1, 18, 22], []
[2025-01-29 13:27:48,861][__main__][INFO] - [1, 18], [25]
[2025-01-29 13:27:48,938][__main__][INFO] - [1, 18], [26]
[2025-01-29 13:27:49,014][__main__][INFO] - [1, 18], [27]
[2025-01-29 13:27:49,061][__main__][INFO] - [1, 18, 28], []
[2025-01-29 13:27:49,197][__main__][INFO] - [1, 18], [31]
[2025-01-29 13:27:49,274][__main__][INFO] - [1, 18, 33], []
[2025-01-29 13:27:49,708][__main__][INFO] - [1, 19], [25]
[2025-01-29 13:27:49,784][__main__][INFO] - [1, 19], [26]
[2025-01-29 13:27:49,862][__main__][INFO] - [1, 19], [27]
[2025-01-29 13:27:50,356][__main__][INFO] - [1, 20, 21], []
[2025-01-29 13:27:50,601][__main__][INFO] - [1, 20, 22], []
[2025-01-29 13:27:50,730][__main__][INFO] - [1, 20, 23], []
[2025-01-29 13:27:50,834][__main__][INFO] - [1, 20, 24], []
[2025-01-29 13:27:50,885][__main__][INFO] - [1, 20, 25], []
[2025-01-29 13:27:50,952][__main__][INFO] - [1, 20], [25]
[2025-01-29 13:27:51,352][__main__][INFO] - [1, 20, 26], []
[2025-01-29 13:27:51,399][__main__][INFO] - [1, 20], [26]
[2025-01-29 13:27:51,820][__main__][INFO] - [1, 20, 27], []
[2025-01-29 13:27:51,873][__main__][INFO] - [1, 20], [27]
[2025-01-29 13:27:52,287][__main__][INFO] - [1, 20, 28], []
[2025-01-29 13:27:52,693][__main__][INFO] - [1, 20, 29], []
[2025-01-29 13:27:52,784][__main__][INFO] - [1, 20, 31], []
[2025-01-29 13:27:52,996][__main__][INFO] - [1, 20], [31]
[2025-01-29 13:27:53,227][__main__][INFO] - [1, 20, 32], []
[2025-01-29 13:27:53,323][__main__][INFO] - [1, 20, 33], []
[2025-01-29 13:27:53,573][__main__][INFO] - [1, 20, 34], []
[2025-01-29 13:27:53,645][__main__][INFO] - [1, 20, 35], []
[2025-01-29 13:27:53,732][__main__][INFO] - [1, 20, 36], []
[2025-01-29 13:27:53,791][__main__][INFO] - [1, 20, 37], []
[2025-01-29 13:27:53,841][__main__][INFO] - [1, 20, 38], []
[2025-01-29 13:27:53,889][__main__][INFO] - [1, 20, 39], []
[2025-01-29 13:27:53,994][__main__][INFO] - [1, 21, 25], []
[2025-01-29 13:27:54,064][__main__][INFO] - [1, 21], [25]
[2025-01-29 13:27:54,352][__main__][INFO] - [1, 21, 26], []
[2025-01-29 13:27:54,403][__main__][INFO] - [1, 21], [26]
[2025-01-29 13:27:54,749][__main__][INFO] - [1, 21, 27], []
[2025-01-29 13:27:54,801][__main__][INFO] - [1, 21], [27]
[2025-01-29 13:27:55,121][__main__][INFO] - [1, 21, 28], []
[2025-01-29 13:27:55,431][__main__][INFO] - [1, 21, 29], []
[2025-01-29 13:27:55,518][__main__][INFO] - [1, 21, 31], []
[2025-01-29 13:27:55,685][__main__][INFO] - [1, 21], [31]
[2025-01-29 13:27:55,864][__main__][INFO] - [1, 21, 32], []
[2025-01-29 13:27:55,954][__main__][INFO] - [1, 21, 33], []
[2025-01-29 13:27:56,127][__main__][INFO] - [1, 21, 34], []
[2025-01-29 13:27:56,178][__main__][INFO] - [1, 21, 35], []
[2025-01-29 13:27:56,262][__main__][INFO] - [1, 21, 36], []
[2025-01-29 13:27:56,320][__main__][INFO] - [1, 21, 37], []
[2025-01-29 13:27:56,369][__main__][INFO] - [1, 21, 38], []
[2025-01-29 13:27:56,418][__main__][INFO] - [1, 21, 39], []
[2025-01-29 13:27:56,525][__main__][INFO] - [1, 22, 25], []
[2025-01-29 13:27:56,574][__main__][INFO] - [1, 22], [25]
[2025-01-29 13:27:56,727][__main__][INFO] - [1, 22, 26], []
[2025-01-29 13:27:56,776][__main__][INFO] - [1, 22], [26]
[2025-01-29 13:27:56,929][__main__][INFO] - [1, 22, 27], []
[2025-01-29 13:27:56,978][__main__][INFO] - [1, 22], [27]
[2025-01-29 13:27:57,130][__main__][INFO] - [1, 22, 28], []
[2025-01-29 13:27:57,277][__main__][INFO] - [1, 22, 29], []
[2025-01-29 13:27:57,359][__main__][INFO] - [1, 22, 31], []
[2025-01-29 13:27:57,454][__main__][INFO] - [1, 22], [31]
[2025-01-29 13:27:57,551][__main__][INFO] - [1, 22, 32], []
[2025-01-29 13:27:57,602][__main__][INFO] - [1, 22, 33], []
[2025-01-29 13:27:57,708][__main__][INFO] - [1, 22, 34], []
[2025-01-29 13:27:57,776][__main__][INFO] - [1, 22, 35], []
[2025-01-29 13:27:57,828][__main__][INFO] - [1, 22, 36], []
[2025-01-29 13:27:57,877][__main__][INFO] - [1, 22, 37], []
[2025-01-29 13:27:57,925][__main__][INFO] - [1, 22, 38], []
[2025-01-29 13:27:57,973][__main__][INFO] - [1, 22, 39], []
[2025-01-29 13:27:58,079][__main__][INFO] - [1, 23, 25], []
[2025-01-29 13:27:58,132][__main__][INFO] - [1, 23], [25]
[2025-01-29 13:27:58,248][__main__][INFO] - [1, 23, 26], []
[2025-01-29 13:27:58,296][__main__][INFO] - [1, 23], [26]
[2025-01-29 13:27:58,422][__main__][INFO] - [1, 23, 27], []
[2025-01-29 13:27:58,471][__main__][INFO] - [1, 23], [27]
[2025-01-29 13:27:58,593][__main__][INFO] - [1, 23, 28], []
[2025-01-29 13:27:58,712][__main__][INFO] - [1, 23, 29], []
[2025-01-29 13:27:58,793][__main__][INFO] - [1, 23, 31], []
[2025-01-29 13:27:58,874][__main__][INFO] - [1, 23], [31]
[2025-01-29 13:27:58,956][__main__][INFO] - [1, 23, 32], []
[2025-01-29 13:27:59,013][__main__][INFO] - [1, 23, 33], []
[2025-01-29 13:27:59,098][__main__][INFO] - [1, 23, 34], []
[2025-01-29 13:27:59,150][__main__][INFO] - [1, 23, 35], []
[2025-01-29 13:27:59,205][__main__][INFO] - [1, 23, 36], []
[2025-01-29 13:27:59,255][__main__][INFO] - [1, 23, 37], []
[2025-01-29 13:27:59,304][__main__][INFO] - [1, 23, 38], []
[2025-01-29 13:27:59,350][__main__][INFO] - [1, 23, 39], []
[2025-01-29 13:27:59,487][__main__][INFO] - [1, 24], [25]
[2025-01-29 13:27:59,569][__main__][INFO] - [1, 24], [26]
[2025-01-29 13:27:59,650][__main__][INFO] - [1, 24], [27]
[2025-01-29 13:27:59,702][__main__][INFO] - [1, 24, 28], []
[2025-01-29 13:27:59,753][__main__][INFO] - [1, 24, 29], []
[2025-01-29 13:27:59,829][__main__][INFO] - [1, 24, 31], []
[2025-01-29 13:27:59,879][__main__][INFO] - [1, 24], [31]
[2025-01-29 13:27:59,929][__main__][INFO] - [1, 24, 32], []
[2025-01-29 13:27:59,977][__main__][INFO] - [1, 24, 33], []
[2025-01-29 13:28:00,027][__main__][INFO] - [1, 24, 34], []
[2025-01-29 13:28:00,075][__main__][INFO] - [1, 24, 35], []
[2025-01-29 13:28:00,122][__main__][INFO] - [1, 24, 36], []
[2025-01-29 13:28:00,317][__main__][INFO] - [1, 25, 26], []
[2025-01-29 13:28:00,364][__main__][INFO] - [1, 25], [26]
[2025-01-29 13:28:00,444][__main__][INFO] - [1, 25, 27], []
[2025-01-29 13:28:00,493][__main__][INFO] - [1, 25], [27]
[2025-01-29 13:28:00,571][__main__][INFO] - [1, 25, 28], []
[2025-01-29 13:28:00,649][__main__][INFO] - [1, 25, 29], []
[2025-01-29 13:28:00,728][__main__][INFO] - [1, 25, 31], []
[2025-01-29 13:28:00,790][__main__][INFO] - [1, 25], [31]
[2025-01-29 13:28:00,852][__main__][INFO] - [1, 25, 32], []
[2025-01-29 13:28:00,904][__main__][INFO] - [1, 25, 33], []
[2025-01-29 13:28:00,961][__main__][INFO] - [1, 25, 34], []
[2025-01-29 13:28:01,010][__main__][INFO] - [1, 25, 35], []
[2025-01-29 13:28:01,066][__main__][INFO] - [1, 25, 36], []
[2025-01-29 13:28:01,145][__main__][INFO] - [1, 25, 38], []
[2025-01-29 13:28:01,282][__main__][INFO] - [1, 26], [25]
[2025-01-29 13:28:01,334][__main__][INFO] - [1], [25, 26]
[2025-01-29 13:28:01,870][__main__][INFO] - [1, 27], [25]
[2025-01-29 13:28:01,924][__main__][INFO] - [1], [25, 27]
[2025-01-29 13:28:02,448][__main__][INFO] - [1, 28], [25]
[2025-01-29 13:28:02,939][__main__][INFO] - [1, 29], [25]
[2025-01-29 13:28:03,036][__main__][INFO] - [1, 31], [25]
[2025-01-29 13:28:03,288][__main__][INFO] - [1], [25, 31]
[2025-01-29 13:28:03,560][__main__][INFO] - [1, 32], [25]
[2025-01-29 13:28:03,661][__main__][INFO] - [1, 33], [25]
[2025-01-29 13:28:03,944][__main__][INFO] - [1, 34], [25]
[2025-01-29 13:28:04,023][__main__][INFO] - [1, 35], [25]
[2025-01-29 13:28:04,113][__main__][INFO] - [1, 36], [25]
[2025-01-29 13:28:04,176][__main__][INFO] - [1, 37], [25]
[2025-01-29 13:28:04,227][__main__][INFO] - [1, 38], [25]
[2025-01-29 13:28:04,276][__main__][INFO] - [1, 39], [25]
[2025-01-29 13:28:04,383][__main__][INFO] - [1, 26, 27], []
[2025-01-29 13:28:04,431][__main__][INFO] - [1, 26], [27]
[2025-01-29 13:28:04,482][__main__][INFO] - [1, 26, 28], []
[2025-01-29 13:28:04,531][__main__][INFO] - [1, 26, 29], []
[2025-01-29 13:28:04,611][__main__][INFO] - [1, 26, 31], []
[2025-01-29 13:28:04,661][__main__][INFO] - [1, 26], [31]
[2025-01-29 13:28:04,710][__main__][INFO] - [1, 26, 32], []
[2025-01-29 13:28:04,758][__main__][INFO] - [1, 26, 33], []
[2025-01-29 13:28:04,808][__main__][INFO] - [1, 26, 34], []
[2025-01-29 13:28:04,854][__main__][INFO] - [1, 26, 35], []
[2025-01-29 13:28:05,081][__main__][INFO] - [1, 27], [26]
[2025-01-29 13:28:05,134][__main__][INFO] - [1], [26, 27]
[2025-01-29 13:28:05,708][__main__][INFO] - [1, 28], [26]
[2025-01-29 13:28:06,266][__main__][INFO] - [1, 29], [26]
[2025-01-29 13:28:06,362][__main__][INFO] - [1, 31], [26]
[2025-01-29 13:28:06,639][__main__][INFO] - [1], [26, 31]
[2025-01-29 13:28:06,942][__main__][INFO] - [1, 32], [26]
[2025-01-29 13:28:07,048][__main__][INFO] - [1, 33], [26]
[2025-01-29 13:28:07,341][__main__][INFO] - [1, 34], [26]
[2025-01-29 13:28:07,420][__main__][INFO] - [1, 35], [26]
[2025-01-29 13:28:07,521][__main__][INFO] - [1, 36], [26]
[2025-01-29 13:28:07,586][__main__][INFO] - [1, 37], [26]
[2025-01-29 13:28:07,636][__main__][INFO] - [1, 38], [26]
[2025-01-29 13:28:07,685][__main__][INFO] - [1, 39], [26]
[2025-01-29 13:28:07,793][__main__][INFO] - [1, 27, 28], []
[2025-01-29 13:28:07,845][__main__][INFO] - [1, 27, 29], []
[2025-01-29 13:28:07,925][__main__][INFO] - [1, 27, 31], []
[2025-01-29 13:28:07,977][__main__][INFO] - [1, 27], [31]
[2025-01-29 13:28:08,028][__main__][INFO] - [1, 27, 32], []
[2025-01-29 13:28:08,077][__main__][INFO] - [1, 27, 33], []
[2025-01-29 13:28:08,127][__main__][INFO] - [1, 27, 34], []
[2025-01-29 13:28:08,175][__main__][INFO] - [1, 27, 35], []
[2025-01-29 13:28:08,224][__main__][INFO] - [1, 27, 36], []
[2025-01-29 13:28:08,420][__main__][INFO] - [1, 28], [27]
[2025-01-29 13:28:08,954][__main__][INFO] - [1, 29], [27]
[2025-01-29 13:28:09,049][__main__][INFO] - [1, 31], [27]
[2025-01-29 13:28:09,319][__main__][INFO] - [1], [27, 31]
[2025-01-29 13:28:09,605][__main__][INFO] - [1, 32], [27]
[2025-01-29 13:28:09,710][__main__][INFO] - [1, 33], [27]
[2025-01-29 13:28:10,010][__main__][INFO] - [1, 34], [27]
[2025-01-29 13:28:10,088][__main__][INFO] - [1, 35], [27]
[2025-01-29 13:28:10,187][__main__][INFO] - [1, 36], [27]
[2025-01-29 13:28:10,251][__main__][INFO] - [1, 37], [27]
[2025-01-29 13:28:10,302][__main__][INFO] - [1, 38], [27]
[2025-01-29 13:28:10,351][__main__][INFO] - [1, 39], [27]
[2025-01-29 13:28:10,459][__main__][INFO] - [1, 28, 31], []
[2025-01-29 13:28:10,724][__main__][INFO] - [1, 28], [31]
[2025-01-29 13:28:10,997][__main__][INFO] - [1, 28, 32], []
[2025-01-29 13:28:11,101][__main__][INFO] - [1, 28, 33], []
[2025-01-29 13:28:11,387][__main__][INFO] - [1, 28, 34], []
[2025-01-29 13:28:11,465][__main__][INFO] - [1, 28, 35], []
[2025-01-29 13:28:11,565][__main__][INFO] - [1, 28, 36], []
[2025-01-29 13:28:11,628][__main__][INFO] - [1, 28, 37], []
[2025-01-29 13:28:11,679][__main__][INFO] - [1, 28, 38], []
[2025-01-29 13:28:11,728][__main__][INFO] - [1, 28, 39], []
[2025-01-29 13:28:11,835][__main__][INFO] - [1, 29, 31], []
[2025-01-29 13:28:11,890][__main__][INFO] - [1, 29], [31]
[2025-01-29 13:28:11,949][__main__][INFO] - [1, 29, 32], []
[2025-01-29 13:28:11,998][__main__][INFO] - [1, 29, 33], []
[2025-01-29 13:28:12,054][__main__][INFO] - [1, 29, 34], []
[2025-01-29 13:28:12,104][__main__][INFO] - [1, 29, 35], []
[2025-01-29 13:28:12,153][__main__][INFO] - [1, 29, 36], []
[2025-01-29 13:28:12,199][__main__][INFO] - [1, 29, 37], []
[2025-01-29 13:28:12,395][__main__][INFO] - [1, 31, 32], []
[2025-01-29 13:28:12,468][__main__][INFO] - [1, 31, 33], []
[2025-01-29 13:28:12,624][__main__][INFO] - [1, 31, 34], []
[2025-01-29 13:28:12,686][__main__][INFO] - [1, 31, 35], []
[2025-01-29 13:28:12,757][__main__][INFO] - [1, 31, 36], []
[2025-01-29 13:28:12,811][__main__][INFO] - [1, 31, 37], []
[2025-01-29 13:28:12,860][__main__][INFO] - [1, 31, 38], []
[2025-01-29 13:28:12,908][__main__][INFO] - [1, 31, 39], []
[2025-01-29 13:28:13,015][__main__][INFO] - [1, 32], [31]
[2025-01-29 13:28:13,090][__main__][INFO] - [1, 33], [31]
[2025-01-29 13:28:13,254][__main__][INFO] - [1, 34], [31]
[2025-01-29 13:28:13,316][__main__][INFO] - [1, 35], [31]
[2025-01-29 13:28:13,387][__main__][INFO] - [1, 36], [31]
[2025-01-29 13:28:13,443][__main__][INFO] - [1, 37], [31]
[2025-01-29 13:28:13,492][__main__][INFO] - [1, 38], [31]
[2025-01-29 13:28:13,540][__main__][INFO] - [1, 39], [31]
[2025-01-29 13:28:13,675][__main__][INFO] - [2, 10, 11], []
[2025-01-29 13:28:13,760][__main__][INFO] - [2, 10, 12], []
[2025-01-29 13:28:13,810][__main__][INFO] - [2, 10, 13], []
[2025-01-29 13:28:13,860][__main__][INFO] - [2, 10, 14], []
[2025-01-29 13:28:13,938][__main__][INFO] - [2, 10, 16], []
[2025-01-29 13:28:14,034][__main__][INFO] - [2, 10, 17], []
[2025-01-29 13:28:14,083][__main__][INFO] - [2, 10, 18], []
[2025-01-29 13:28:14,129][__main__][INFO] - [2, 10, 19], []
[2025-01-29 13:28:14,207][__main__][INFO] - [2, 10, 21], []
[2025-01-29 13:28:14,275][__main__][INFO] - [2, 10, 22], []
[2025-01-29 13:28:14,331][__main__][INFO] - [2, 10, 23], []
[2025-01-29 13:28:14,386][__main__][INFO] - [2, 10, 24], []
[2025-01-29 13:28:14,434][__main__][INFO] - [2, 10, 25], []
[2025-01-29 13:28:14,487][__main__][INFO] - [2, 10], [25]
[2025-01-29 13:28:14,574][__main__][INFO] - [2, 10, 26], []
[2025-01-29 13:28:14,628][__main__][INFO] - [2, 10], [26]
[2025-01-29 13:28:14,715][__main__][INFO] - [2, 10, 27], []
[2025-01-29 13:28:14,771][__main__][INFO] - [2, 10], [27]
[2025-01-29 13:28:14,853][__main__][INFO] - [2, 10, 28], []
[2025-01-29 13:28:14,918][__main__][INFO] - [2, 10, 29], []
[2025-01-29 13:28:15,019][__main__][INFO] - [2, 10, 31], []
[2025-01-29 13:28:15,084][__main__][INFO] - [2, 10], [31]
[2025-01-29 13:28:15,155][__main__][INFO] - [2, 10, 32], []
[2025-01-29 13:28:15,208][__main__][INFO] - [2, 10, 33], []
[2025-01-29 13:28:15,273][__main__][INFO] - [2, 10, 34], []
[2025-01-29 13:28:15,324][__main__][INFO] - [2, 10, 35], []
[2025-01-29 13:28:15,375][__main__][INFO] - [2, 10, 36], []
[2025-01-29 13:28:15,425][__main__][INFO] - [2, 10, 37], []
[2025-01-29 13:28:15,503][__main__][INFO] - [2, 10, 39], []
[2025-01-29 13:28:15,610][__main__][INFO] - [2, 11], [10]
[2025-01-29 13:28:16,069][__main__][INFO] - [2, 12], [10]
[2025-01-29 13:28:16,164][__main__][INFO] - [2, 13], [10]
[2025-01-29 13:28:16,233][__main__][INFO] - [2, 14], [10]
[2025-01-29 13:28:16,286][__main__][INFO] - [2, 15], [10]
[2025-01-29 13:28:16,335][__main__][INFO] - [2, 16], [10]
[2025-01-29 13:28:16,861][__main__][INFO] - [2, 17], [10]
[2025-01-29 13:28:16,914][__main__][INFO] - [2, 18], [10]
[2025-01-29 13:28:16,961][__main__][INFO] - [2, 19], [10]
[2025-01-29 13:28:17,041][__main__][INFO] - [2, 21], [10]
[2025-01-29 13:28:17,376][__main__][INFO] - [2, 22], [10]
[2025-01-29 13:28:17,544][__main__][INFO] - [2, 23], [10]
[2025-01-29 13:28:17,674][__main__][INFO] - [2, 24], [10]
[2025-01-29 13:28:17,726][__main__][INFO] - [2, 25], [10]
[2025-01-29 13:28:17,847][__main__][INFO] - [2], [10, 25]
[2025-01-29 13:28:18,341][__main__][INFO] - [2], [10, 26]
[2025-01-29 13:28:18,940][__main__][INFO] - [2], [10, 27]
[2025-01-29 13:28:19,506][__main__][INFO] - [2, 28], [10]
[2025-01-29 13:28:20,128][__main__][INFO] - [2, 31], [10]
[2025-01-29 13:28:20,397][__main__][INFO] - [2], [10, 31]
[2025-01-29 13:28:20,685][__main__][INFO] - [2, 32], [10]
[2025-01-29 13:28:20,792][__main__][INFO] - [2, 33], [10]
[2025-01-29 13:28:21,093][__main__][INFO] - [2, 34], [10]
[2025-01-29 13:28:21,162][__main__][INFO] - [2, 35], [10]
[2025-01-29 13:28:21,270][__main__][INFO] - [2, 36], [10]
[2025-01-29 13:28:21,335][__main__][INFO] - [2, 37], [10]
[2025-01-29 13:28:21,385][__main__][INFO] - [2, 38], [10]
[2025-01-29 13:28:21,434][__main__][INFO] - [2, 39], [10]
[2025-01-29 13:28:21,542][__main__][INFO] - [2, 11, 16], []
[2025-01-29 13:28:22,030][__main__][INFO] - [2, 11, 17], []
[2025-01-29 13:28:22,083][__main__][INFO] - [2, 11, 18], []
[2025-01-29 13:28:22,130][__main__][INFO] - [2, 11, 19], []
[2025-01-29 13:28:22,209][__main__][INFO] - [2, 11, 21], []
[2025-01-29 13:28:22,493][__main__][INFO] - [2, 11, 22], []
[2025-01-29 13:28:22,640][__main__][INFO] - [2, 11, 23], []
[2025-01-29 13:28:22,752][__main__][INFO] - [2, 11, 24], []
[2025-01-29 13:28:22,834][__main__][INFO] - [2, 11], [25]
[2025-01-29 13:28:23,347][__main__][INFO] - [2, 11, 26], []
[2025-01-29 13:28:23,399][__main__][INFO] - [2, 11], [26]
[2025-01-29 13:28:23,895][__main__][INFO] - [2, 11, 27], []
[2025-01-29 13:28:23,950][__main__][INFO] - [2, 11], [27]
[2025-01-29 13:28:24,445][__main__][INFO] - [2, 11, 28], []
[2025-01-29 13:28:24,920][__main__][INFO] - [2, 11, 29], []
[2025-01-29 13:28:25,016][__main__][INFO] - [2, 11, 31], []
[2025-01-29 13:28:25,256][__main__][INFO] - [2, 11], [31]
[2025-01-29 13:28:25,524][__main__][INFO] - [2, 11, 32], []
[2025-01-29 13:28:25,623][__main__][INFO] - [2, 11, 33], []
[2025-01-29 13:28:25,915][__main__][INFO] - [2, 11, 34], []
[2025-01-29 13:28:25,984][__main__][INFO] - [2, 11, 35], []
[2025-01-29 13:28:26,065][__main__][INFO] - [2, 11, 36], []
[2025-01-29 13:28:26,131][__main__][INFO] - [2, 11, 37], []
[2025-01-29 13:28:26,182][__main__][INFO] - [2, 11, 38], []
[2025-01-29 13:28:26,231][__main__][INFO] - [2, 11, 39], []
[2025-01-29 13:28:26,338][__main__][INFO] - [2, 12, 16], []
[2025-01-29 13:28:26,436][__main__][INFO] - [2, 12, 17], []
[2025-01-29 13:28:26,573][__main__][INFO] - [2, 12, 21], []
[2025-01-29 13:28:26,658][__main__][INFO] - [2, 12, 22], []
[2025-01-29 13:28:26,708][__main__][INFO] - [2, 12, 23], []
[2025-01-29 13:28:26,762][__main__][INFO] - [2, 12, 24], []
[2025-01-29 13:28:26,810][__main__][INFO] - [2, 12, 25], []
[2025-01-29 13:28:26,939][__main__][INFO] - [2, 12, 26], []
[2025-01-29 13:28:26,987][__main__][INFO] - [2, 12], [26]
[2025-01-29 13:28:27,085][__main__][INFO] - [2, 12, 27], []
[2025-01-29 13:28:27,133][__main__][INFO] - [2, 12], [27]
[2025-01-29 13:28:27,228][__main__][INFO] - [2, 12, 28], []
[2025-01-29 13:28:27,326][__main__][INFO] - [2, 12, 29], []
[2025-01-29 13:28:27,405][__main__][INFO] - [2, 12, 31], []
[2025-01-29 13:28:27,474][__main__][INFO] - [2, 12], [31]
[2025-01-29 13:28:27,545][__main__][INFO] - [2, 12, 32], []
[2025-01-29 13:28:27,601][__main__][INFO] - [2, 12, 33], []
[2025-01-29 13:28:27,664][__main__][INFO] - [2, 12, 34], []
[2025-01-29 13:28:27,712][__main__][INFO] - [2, 12, 35], []
[2025-01-29 13:28:27,775][__main__][INFO] - [2, 12, 36], []
[2025-01-29 13:28:27,823][__main__][INFO] - [2, 12, 37], []
[2025-01-29 13:28:27,871][__main__][INFO] - [2, 12, 38], []
[2025-01-29 13:28:28,007][__main__][INFO] - [2, 13, 16], []
[2025-01-29 13:28:28,076][__main__][INFO] - [2, 13, 17], []
[2025-01-29 13:28:28,124][__main__][INFO] - [2, 13, 18], []
[2025-01-29 13:28:28,171][__main__][INFO] - [2, 13, 19], []
[2025-01-29 13:28:28,249][__main__][INFO] - [2, 13, 21], []
[2025-01-29 13:28:28,312][__main__][INFO] - [2, 13, 22], []
[2025-01-29 13:28:28,361][__main__][INFO] - [2, 13, 23], []
[2025-01-29 13:28:28,413][__main__][INFO] - [2, 13, 24], []
[2025-01-29 13:28:28,461][__main__][INFO] - [2, 13, 25], []
[2025-01-29 13:28:28,562][__main__][INFO] - [2, 13, 26], []
[2025-01-29 13:28:28,611][__main__][INFO] - [2, 13], [26]
[2025-01-29 13:28:28,681][__main__][INFO] - [2, 13, 27], []
[2025-01-29 13:28:28,729][__main__][INFO] - [2, 13], [27]
[2025-01-29 13:28:28,799][__main__][INFO] - [2, 13, 28], []
[2025-01-29 13:28:28,869][__main__][INFO] - [2, 13, 29], []
[2025-01-29 13:28:28,948][__main__][INFO] - [2, 13, 31], []
[2025-01-29 13:28:29,005][__main__][INFO] - [2, 13], [31]
[2025-01-29 13:28:29,064][__main__][INFO] - [2, 13, 32], []
[2025-01-29 13:28:29,114][__main__][INFO] - [2, 13, 33], []
[2025-01-29 13:28:29,168][__main__][INFO] - [2, 13, 34], []
[2025-01-29 13:28:29,216][__main__][INFO] - [2, 13, 35], []
[2025-01-29 13:28:29,272][__main__][INFO] - [2, 13, 36], []
[2025-01-29 13:28:29,351][__main__][INFO] - [2, 13, 38], []
[2025-01-29 13:28:29,504][__main__][INFO] - [2, 14, 16], []
[2025-01-29 13:28:29,558][__main__][INFO] - [2, 14, 17], []
[2025-01-29 13:28:29,606][__main__][INFO] - [2, 14, 18], []
[2025-01-29 13:28:29,712][__main__][INFO] - [2, 14, 21], []
[2025-01-29 13:28:29,762][__main__][INFO] - [2, 14, 22], []
[2025-01-29 13:28:29,811][__main__][INFO] - [2, 14, 23], []
[2025-01-29 13:28:29,921][__main__][INFO] - [2, 14], [25]
[2025-01-29 13:28:30,006][__main__][INFO] - [2, 14], [26]
[2025-01-29 13:28:30,091][__main__][INFO] - [2, 14], [27]
[2025-01-29 13:28:30,146][__main__][INFO] - [2, 14, 28], []
[2025-01-29 13:28:30,200][__main__][INFO] - [2, 14, 29], []
[2025-01-29 13:28:30,278][__main__][INFO] - [2, 14, 31], []
[2025-01-29 13:28:30,329][__main__][INFO] - [2, 14], [31]
[2025-01-29 13:28:30,380][__main__][INFO] - [2, 14, 32], []
[2025-01-29 13:28:30,428][__main__][INFO] - [2, 14, 33], []
[2025-01-29 13:28:30,478][__main__][INFO] - [2, 14, 34], []
[2025-01-29 13:28:30,526][__main__][INFO] - [2, 14, 35], []
[2025-01-29 13:28:30,575][__main__][INFO] - [2, 14, 36], []
[2025-01-29 13:28:30,772][__main__][INFO] - [2, 15, 16], []
[2025-01-29 13:28:30,940][__main__][INFO] - [2, 15, 21], []
[2025-01-29 13:28:30,988][__main__][INFO] - [2, 15, 22], []
[2025-01-29 13:28:31,036][__main__][INFO] - [2, 15, 23], []
[2025-01-29 13:28:31,144][__main__][INFO] - [2, 15], [25]
[2025-01-29 13:28:31,223][__main__][INFO] - [2, 15], [26]
[2025-01-29 13:28:31,302][__main__][INFO] - [2, 15], [27]
[2025-01-29 13:28:31,350][__main__][INFO] - [2, 15, 28], []
[2025-01-29 13:28:31,459][__main__][INFO] - [2, 15, 31], []
[2025-01-29 13:28:31,507][__main__][INFO] - [2, 15], [31]
[2025-01-29 13:28:31,555][__main__][INFO] - [2, 15, 32], []
[2025-01-29 13:28:31,603][__main__][INFO] - [2, 15, 33], []
[2025-01-29 13:28:31,680][__main__][INFO] - [2, 15, 35], []
[2025-01-29 13:28:31,788][__main__][INFO] - [2, 15, 38], []
[2025-01-29 13:28:31,925][__main__][INFO] - [2, 16, 21], []
[2025-01-29 13:28:32,269][__main__][INFO] - [2, 16, 22], []
[2025-01-29 13:28:32,437][__main__][INFO] - [2, 16, 23], []
[2025-01-29 13:28:32,563][__main__][INFO] - [2, 16, 24], []
[2025-01-29 13:28:32,616][__main__][INFO] - [2, 16, 25], []
[2025-01-29 13:28:32,743][__main__][INFO] - [2, 16], [25]
[2025-01-29 13:28:33,246][__main__][INFO] - [2, 16, 26], []
[2025-01-29 13:28:33,299][__main__][INFO] - [2, 16], [26]
[2025-01-29 13:28:33,881][__main__][INFO] - [2, 16, 27], []
[2025-01-29 13:28:33,937][__main__][INFO] - [2, 16], [27]
[2025-01-29 13:28:34,528][__main__][INFO] - [2, 16, 28], []
[2025-01-29 13:28:35,090][__main__][INFO] - [2, 16, 29], []
[2025-01-29 13:28:35,190][__main__][INFO] - [2, 16, 31], []
[2025-01-29 13:28:35,481][__main__][INFO] - [2, 16], [31]
[2025-01-29 13:28:35,778][__main__][INFO] - [2, 16, 32], []
[2025-01-29 13:28:35,889][__main__][INFO] - [2, 16, 33], []
[2025-01-29 13:28:36,195][__main__][INFO] - [2, 16, 34], []
[2025-01-29 13:28:36,267][__main__][INFO] - [2, 16, 35], []
[2025-01-29 13:28:36,376][__main__][INFO] - [2, 16, 36], []
[2025-01-29 13:28:36,442][__main__][INFO] - [2, 16, 37], []
[2025-01-29 13:28:36,493][__main__][INFO] - [2, 16, 38], []
[2025-01-29 13:28:36,542][__main__][INFO] - [2, 16, 39], []
[2025-01-29 13:28:36,650][__main__][INFO] - [2, 17, 21], []
[2025-01-29 13:28:36,701][__main__][INFO] - [2, 17, 22], []
[2025-01-29 13:28:36,750][__main__][INFO] - [2, 17, 23], []
[2025-01-29 13:28:36,798][__main__][INFO] - [2, 17, 24], []
[2025-01-29 13:28:36,846][__main__][INFO] - [2, 17, 25], []
[2025-01-29 13:28:36,894][__main__][INFO] - [2, 17], [25]
[2025-01-29 13:28:36,948][__main__][INFO] - [2, 17, 26], []
[2025-01-29 13:28:36,996][__main__][INFO] - [2, 17], [26]
[2025-01-29 13:28:37,079][__main__][INFO] - [2, 17], [27]
[2025-01-29 13:28:37,133][__main__][INFO] - [2, 17, 28], []
[2025-01-29 13:28:37,187][__main__][INFO] - [2, 17, 29], []
[2025-01-29 13:28:37,265][__main__][INFO] - [2, 17, 31], []
[2025-01-29 13:28:37,314][__main__][INFO] - [2, 17], [31]
[2025-01-29 13:28:37,366][__main__][INFO] - [2, 17, 32], []
[2025-01-29 13:28:37,414][__main__][INFO] - [2, 17, 33], []
[2025-01-29 13:28:37,465][__main__][INFO] - [2, 17, 34], []
[2025-01-29 13:28:37,513][__main__][INFO] - [2, 17, 35], []
[2025-01-29 13:28:37,561][__main__][INFO] - [2, 17, 36], []
[2025-01-29 13:28:37,759][__main__][INFO] - [2, 18, 21], []
[2025-01-29 13:28:37,806][__main__][INFO] - [2, 18, 22], []
[2025-01-29 13:28:37,852][__main__][INFO] - [2, 18, 23], []
[2025-01-29 13:28:37,929][__main__][INFO] - [2, 18, 25], []
[2025-01-29 13:28:37,976][__main__][INFO] - [2, 18], [25]
[2025-01-29 13:28:38,052][__main__][INFO] - [2, 18], [26]
[2025-01-29 13:28:38,129][__main__][INFO] - [2, 18], [27]
[2025-01-29 13:28:38,175][__main__][INFO] - [2, 18, 28], []
[2025-01-29 13:28:38,282][__main__][INFO] - [2, 18, 31], []
[2025-01-29 13:28:38,328][__main__][INFO] - [2, 18], [31]
[2025-01-29 13:28:38,375][__main__][INFO] - [2, 18, 32], []
[2025-01-29 13:28:38,421][__main__][INFO] - [2, 18, 33], []
[2025-01-29 13:28:38,468][__main__][INFO] - [2, 18, 34], []
[2025-01-29 13:28:38,515][__main__][INFO] - [2, 18, 35], []
[2025-01-29 13:28:38,561][__main__][INFO] - [2, 18, 36], []
[2025-01-29 13:28:38,756][__main__][INFO] - [2, 19, 21], []
[2025-01-29 13:28:38,805][__main__][INFO] - [2, 19, 22], []
[2025-01-29 13:28:38,853][__main__][INFO] - [2, 19, 23], []
[2025-01-29 13:28:38,932][__main__][INFO] - [2, 19, 25], []
[2025-01-29 13:28:38,980][__main__][INFO] - [2, 19], [25]
[2025-01-29 13:28:39,060][__main__][INFO] - [2, 19], [26]
[2025-01-29 13:28:39,140][__main__][INFO] - [2, 19], [27]
[2025-01-29 13:28:39,191][__main__][INFO] - [2, 19, 28], []
[2025-01-29 13:28:39,301][__main__][INFO] - [2, 19, 31], []
[2025-01-29 13:28:39,350][__main__][INFO] - [2, 19], [31]
[2025-01-29 13:28:39,399][__main__][INFO] - [2, 19, 32], []
[2025-01-29 13:28:39,447][__main__][INFO] - [2, 19, 33], []
[2025-01-29 13:28:39,496][__main__][INFO] - [2, 19, 34], []
[2025-01-29 13:28:39,543][__main__][INFO] - [2, 19, 35], []
[2025-01-29 13:28:39,591][__main__][INFO] - [2, 19, 36], []
[2025-01-29 13:28:39,817][__main__][INFO] - [2, 21, 25], []
[2025-01-29 13:28:39,921][__main__][INFO] - [2, 21], [25]
[2025-01-29 13:28:40,211][__main__][INFO] - [2, 21, 26], []
[2025-01-29 13:28:40,262][__main__][INFO] - [2, 21], [26]
[2025-01-29 13:28:40,616][__main__][INFO] - [2, 21, 27], []
[2025-01-29 13:28:40,668][__main__][INFO] - [2, 21], [27]
[2025-01-29 13:28:41,023][__main__][INFO] - [2, 21, 28], []
[2025-01-29 13:28:41,368][__main__][INFO] - [2, 21, 29], []
[2025-01-29 13:28:41,471][__main__][INFO] - [2, 21, 31], []
[2025-01-29 13:28:41,654][__main__][INFO] - [2, 21], [31]
[2025-01-29 13:28:41,851][__main__][INFO] - [2, 21, 32], []
[2025-01-29 13:28:41,946][__main__][INFO] - [2, 21, 33], []
[2025-01-29 13:28:42,134][__main__][INFO] - [2, 21, 34], []
[2025-01-29 13:28:42,186][__main__][INFO] - [2, 21, 35], []
[2025-01-29 13:28:42,279][__main__][INFO] - [2, 21, 36], []
[2025-01-29 13:28:42,341][__main__][INFO] - [2, 21, 37], []
[2025-01-29 13:28:42,390][__main__][INFO] - [2, 21, 38], []
[2025-01-29 13:28:42,439][__main__][INFO] - [2, 21, 39], []
[2025-01-29 13:28:42,546][__main__][INFO] - [2, 22, 25], []
[2025-01-29 13:28:42,597][__main__][INFO] - [2, 22], [25]
[2025-01-29 13:28:42,747][__main__][INFO] - [2, 22, 26], []
[2025-01-29 13:28:42,796][__main__][INFO] - [2, 22], [26]
[2025-01-29 13:28:42,953][__main__][INFO] - [2, 22, 27], []
[2025-01-29 13:28:43,002][__main__][INFO] - [2, 22], [27]
[2025-01-29 13:28:43,156][__main__][INFO] - [2, 22, 28], []
[2025-01-29 13:28:43,305][__main__][INFO] - [2, 22, 29], []
[2025-01-29 13:28:43,388][__main__][INFO] - [2, 22, 31], []
[2025-01-29 13:28:43,483][__main__][INFO] - [2, 22], [31]
[2025-01-29 13:28:43,582][__main__][INFO] - [2, 22, 32], []
[2025-01-29 13:28:43,633][__main__][INFO] - [2, 22, 33], []
[2025-01-29 13:28:43,748][__main__][INFO] - [2, 22, 34], []
[2025-01-29 13:28:43,809][__main__][INFO] - [2, 22, 35], []
[2025-01-29 13:28:43,861][__main__][INFO] - [2, 22, 36], []
[2025-01-29 13:28:43,911][__main__][INFO] - [2, 22, 37], []
[2025-01-29 13:28:43,959][__main__][INFO] - [2, 22, 38], []
[2025-01-29 13:28:44,006][__main__][INFO] - [2, 22, 39], []
[2025-01-29 13:28:44,113][__main__][INFO] - [2, 23, 25], []
[2025-01-29 13:28:44,171][__main__][INFO] - [2, 23], [25]
[2025-01-29 13:28:44,289][__main__][INFO] - [2, 23, 26], []
[2025-01-29 13:28:44,338][__main__][INFO] - [2, 23], [26]
[2025-01-29 13:28:44,469][__main__][INFO] - [2, 23, 27], []
[2025-01-29 13:28:44,519][__main__][INFO] - [2, 23], [27]
[2025-01-29 13:28:44,647][__main__][INFO] - [2, 23, 28], []
[2025-01-29 13:28:44,772][__main__][INFO] - [2, 23, 29], []
[2025-01-29 13:28:44,853][__main__][INFO] - [2, 23, 31], []
[2025-01-29 13:28:44,937][__main__][INFO] - [2, 23], [31]
[2025-01-29 13:28:45,023][__main__][INFO] - [2, 23, 32], []
[2025-01-29 13:28:45,080][__main__][INFO] - [2, 23, 33], []
[2025-01-29 13:28:45,168][__main__][INFO] - [2, 23, 34], []
[2025-01-29 13:28:45,219][__main__][INFO] - [2, 23, 35], []
[2025-01-29 13:28:45,275][__main__][INFO] - [2, 23, 36], []
[2025-01-29 13:28:45,326][__main__][INFO] - [2, 23, 37], []
[2025-01-29 13:28:45,374][__main__][INFO] - [2, 23, 38], []
[2025-01-29 13:28:45,422][__main__][INFO] - [2, 23, 39], []
[2025-01-29 13:28:45,529][__main__][INFO] - [2, 24, 25], []
[2025-01-29 13:28:45,577][__main__][INFO] - [2, 24], [25]
[2025-01-29 13:28:45,658][__main__][INFO] - [2, 24], [26]
[2025-01-29 13:28:45,741][__main__][INFO] - [2, 24], [27]
[2025-01-29 13:28:45,793][__main__][INFO] - [2, 24, 28], []
[2025-01-29 13:28:45,846][__main__][INFO] - [2, 24, 29], []
[2025-01-29 13:28:45,924][__main__][INFO] - [2, 24, 31], []
[2025-01-29 13:28:45,974][__main__][INFO] - [2, 24], [31]
[2025-01-29 13:28:46,023][__main__][INFO] - [2, 24, 32], []
[2025-01-29 13:28:46,071][__main__][INFO] - [2, 24, 33], []
[2025-01-29 13:28:46,122][__main__][INFO] - [2, 24, 34], []
[2025-01-29 13:28:46,170][__main__][INFO] - [2, 24, 35], []
[2025-01-29 13:28:46,218][__main__][INFO] - [2, 24, 36], []
[2025-01-29 13:28:46,414][__main__][INFO] - [2, 25, 26], []
[2025-01-29 13:28:46,462][__main__][INFO] - [2, 25], [26]
[2025-01-29 13:28:46,589][__main__][INFO] - [2, 25, 27], []
[2025-01-29 13:28:46,638][__main__][INFO] - [2, 25], [27]
[2025-01-29 13:28:46,766][__main__][INFO] - [2, 25, 28], []
[2025-01-29 13:28:46,891][__main__][INFO] - [2, 25, 29], []
[2025-01-29 13:28:46,970][__main__][INFO] - [2, 25, 31], []
[2025-01-29 13:28:47,053][__main__][INFO] - [2, 25], [31]
[2025-01-29 13:28:47,137][__main__][INFO] - [2, 25, 32], []
[2025-01-29 13:28:47,195][__main__][INFO] - [2, 25, 33], []
[2025-01-29 13:28:47,265][__main__][INFO] - [2, 25, 34], []
[2025-01-29 13:28:47,314][__main__][INFO] - [2, 25, 35], []
[2025-01-29 13:28:47,387][__main__][INFO] - [2, 25, 36], []
[2025-01-29 13:28:47,440][__main__][INFO] - [2, 25, 37], []
[2025-01-29 13:28:47,488][__main__][INFO] - [2, 25, 38], []
[2025-01-29 13:28:47,624][__main__][INFO] - [2, 26], [25]
[2025-01-29 13:28:47,676][__main__][INFO] - [2], [25, 26]
[2025-01-29 13:28:48,201][__main__][INFO] - [2, 27], [25]
[2025-01-29 13:28:48,255][__main__][INFO] - [2], [25, 27]
[2025-01-29 13:28:48,770][__main__][INFO] - [2, 28], [25]
[2025-01-29 13:28:49,267][__main__][INFO] - [2, 29], [25]
[2025-01-29 13:28:49,365][__main__][INFO] - [2, 31], [25]
[2025-01-29 13:28:49,615][__main__][INFO] - [2], [25, 31]
[2025-01-29 13:28:49,890][__main__][INFO] - [2, 32], [25]
[2025-01-29 13:28:49,990][__main__][INFO] - [2, 33], [25]
[2025-01-29 13:28:50,282][__main__][INFO] - [2, 34], [25]
[2025-01-29 13:28:50,353][__main__][INFO] - [2, 35], [25]
[2025-01-29 23:48:59,626][__main__][INFO] - In total, there are 18381599 possible subgroups
[2025-01-29 23:48:59,694][__main__][INFO] - [0], []
[2025-01-29 23:48:59,738][__main__][INFO] - [1], []
[2025-01-29 23:49:00,468][__main__][INFO] - [2], []
[2025-01-29 23:49:01,271][__main__][INFO] - [3], []
[2025-01-29 23:49:02,034][__main__][INFO] - [4], []
[2025-01-29 23:49:02,829][__main__][INFO] - [5], []
[2025-01-29 23:49:03,569][__main__][INFO] - [6], []
[2025-01-29 23:49:04,322][__main__][INFO] - [7], []
[2025-01-29 23:49:04,967][__main__][INFO] - [8], []
[2025-01-29 23:49:05,301][__main__][INFO] - [9], []
[2025-01-29 23:49:05,504][__main__][INFO] - [10], []
[2025-01-29 23:49:10,911][__main__][INFO] - [], [10]
[2025-01-29 23:49:16,758][__main__][INFO] - [11], []
[2025-01-29 23:49:23,281][__main__][INFO] - [12], []
[2025-01-29 23:49:24,074][__main__][INFO] - [13], []
[2025-01-29 23:49:25,265][__main__][INFO] - [14], []
[2025-01-29 23:49:25,441][__main__][INFO] - [15], []
[2025-01-29 23:49:25,503][__main__][INFO] - [16], []
[2025-01-29 23:49:34,762][__main__][INFO] - [17], []
[2025-01-29 23:49:35,351][__main__][INFO] - [18], []
[2025-01-29 23:49:35,386][__main__][INFO] - [19], []
[2025-01-29 23:49:35,484][__main__][INFO] - [20], []
[2025-01-29 23:49:36,500][__main__][INFO] - [21], []
[2025-01-29 23:49:41,574][__main__][INFO] - [22], []
[2025-01-29 23:49:43,199][__main__][INFO] - [23], []
[2025-01-29 23:49:44,684][__main__][INFO] - [24], []
[2025-01-29 23:49:44,822][__main__][INFO] - [25], []
[2025-01-29 23:49:47,711][__main__][INFO] - [], [25]
[2025-01-29 23:49:56,078][__main__][INFO] - [26], []
[2025-01-29 23:49:56,904][__main__][INFO] - [], [26]
[2025-01-29 23:50:09,285][__main__][INFO] - [27], []
[2025-01-29 23:50:09,968][__main__][INFO] - [], [27]
[2025-01-29 23:50:22,758][__main__][INFO] - [28], []
[2025-01-29 23:50:33,916][__main__][INFO] - [29], []
[2025-01-29 23:50:35,042][__main__][INFO] - [30], []
[2025-01-29 23:50:35,079][__main__][INFO] - [31], []
[2025-01-29 23:50:39,959][__main__][INFO] - [], [31]
[2025-01-29 23:50:46,008][__main__][INFO] - [32], []
[2025-01-29 23:50:46,779][__main__][INFO] - [33], []
[2025-01-29 23:50:50,581][__main__][INFO] - [34], []
[2025-01-29 23:50:51,002][__main__][INFO] - [35], []
[2025-01-29 23:50:51,936][__main__][INFO] - [36], []
[2025-01-29 23:50:52,298][__main__][INFO] - [37], []
[2025-01-29 23:50:52,394][__main__][INFO] - [38], []
[2025-01-29 23:50:52,462][__main__][INFO] - [39], []
[2025-01-29 23:50:52,516][__main__][INFO] - [40], []
[2025-01-29 23:50:52,608][__main__][INFO] - [0, 10], []
[2025-01-29 23:50:52,649][__main__][INFO] - [0], [10]
[2025-01-29 23:50:52,694][__main__][INFO] - [0, 11], []
[2025-01-29 23:50:52,738][__main__][INFO] - [0, 12], []
[2025-01-29 23:50:52,779][__main__][INFO] - [0, 13], []
[2025-01-29 23:50:52,820][__main__][INFO] - [0, 14], []
[2025-01-29 23:50:52,860][__main__][INFO] - [0, 15], []
[2025-01-29 23:50:53,015][__main__][INFO] - [0, 20], []
[2025-01-29 23:50:53,060][__main__][INFO] - [0, 21], []
[2025-01-29 23:50:53,104][__main__][INFO] - [0, 22], []
[2025-01-29 23:50:53,145][__main__][INFO] - [0, 23], []
[2025-01-29 23:50:53,187][__main__][INFO] - [0, 24], []
[2025-01-29 23:50:53,228][__main__][INFO] - [0, 25], []
[2025-01-29 23:50:53,269][__main__][INFO] - [0], [25]
[2025-01-29 23:50:53,313][__main__][INFO] - [0, 26], []
[2025-01-29 23:50:53,354][__main__][INFO] - [0], [26]
[2025-01-29 23:50:53,399][__main__][INFO] - [0, 27], []
[2025-01-29 23:50:53,440][__main__][INFO] - [0], [27]
[2025-01-29 23:50:53,484][__main__][INFO] - [0, 28], []
[2025-01-29 23:50:53,527][__main__][INFO] - [0, 29], []
[2025-01-29 23:50:53,568][__main__][INFO] - [0, 30], []
[2025-01-29 23:50:53,611][__main__][INFO] - [0, 31], []
[2025-01-29 23:50:53,653][__main__][INFO] - [0], [31]
[2025-01-29 23:50:53,696][__main__][INFO] - [0, 32], []
[2025-01-29 23:50:53,737][__main__][INFO] - [0, 33], []
[2025-01-29 23:50:53,780][__main__][INFO] - [0, 34], []
[2025-01-29 23:50:53,821][__main__][INFO] - [0, 35], []
[2025-01-29 23:50:53,862][__main__][INFO] - [0, 36], []
[2025-01-29 23:50:53,903][__main__][INFO] - [0, 37], []
[2025-01-29 23:50:53,945][__main__][INFO] - [0, 38], []
[2025-01-29 23:50:53,985][__main__][INFO] - [0, 39], []
[2025-01-29 23:50:54,083][__main__][INFO] - [1, 10], []
[2025-01-29 23:50:54,177][__main__][INFO] - [1], [10]
[2025-01-29 23:50:54,715][__main__][INFO] - [1, 11], []
[2025-01-29 23:50:55,247][__main__][INFO] - [1, 12], []
[2025-01-29 23:50:55,311][__main__][INFO] - [1, 13], []
[2025-01-29 23:50:55,363][__main__][INFO] - [1, 14], []
[2025-01-29 23:50:55,414][__main__][INFO] - [1, 15], []
[2025-01-29 23:50:55,457][__main__][INFO] - [1, 16], []
[2025-01-29 23:50:55,621][__main__][INFO] - [1, 17], []
[2025-01-29 23:50:55,663][__main__][INFO] - [1, 18], []
[2025-01-29 23:50:55,704][__main__][INFO] - [1, 19], []
[2025-01-29 23:50:55,746][__main__][INFO] - [1, 20], []
[2025-01-29 23:50:56,197][__main__][INFO] - [1, 21], []
[2025-01-29 23:50:56,532][__main__][INFO] - [1, 22], []
[2025-01-29 23:50:56,688][__main__][INFO] - [1, 23], []
[2025-01-29 23:50:56,814][__main__][INFO] - [1, 24], []
[2025-01-29 23:50:56,861][__main__][INFO] - [1, 25], []
[2025-01-29 23:50:56,938][__main__][INFO] - [1], [25]
[2025-01-29 23:50:57,497][__main__][INFO] - [1, 26], []
[2025-01-29 23:50:57,551][__main__][INFO] - [1], [26]
[2025-01-29 23:50:58,168][__main__][INFO] - [1, 27], []
[2025-01-29 23:50:58,220][__main__][INFO] - [1], [27]
[2025-01-29 23:50:58,824][__main__][INFO] - [1, 28], []
[2025-01-29 23:50:59,397][__main__][INFO] - [1, 29], []
[2025-01-29 23:50:59,492][__main__][INFO] - [1, 31], []
[2025-01-29 23:50:59,778][__main__][INFO] - [1], [31]
[2025-01-29 23:51:00,084][__main__][INFO] - [1, 32], []
[2025-01-29 23:51:00,189][__main__][INFO] - [1, 33], []
[2025-01-29 23:51:00,497][__main__][INFO] - [1, 34], []
[2025-01-29 23:51:00,574][__main__][INFO] - [1, 35], []
[2025-01-29 23:51:00,674][__main__][INFO] - [1, 36], []
[2025-01-29 23:51:00,734][__main__][INFO] - [1, 37], []
[2025-01-29 23:51:00,779][__main__][INFO] - [1, 38], []
[2025-01-29 23:51:00,822][__main__][INFO] - [1, 39], []
[2025-01-29 23:51:00,922][__main__][INFO] - [2, 10], []
[2025-01-29 23:51:01,023][__main__][INFO] - [2], [10]
[2025-01-29 23:51:01,607][__main__][INFO] - [2, 11], []
[2025-01-29 23:51:02,140][__main__][INFO] - [2, 12], []
[2025-01-29 23:51:02,237][__main__][INFO] - [2, 13], []
[2025-01-29 23:51:02,306][__main__][INFO] - [2, 14], []
[2025-01-29 23:51:02,355][__main__][INFO] - [2, 15], []
[2025-01-29 23:51:02,399][__main__][INFO] - [2, 16], []
[2025-01-29 23:51:03,040][__main__][INFO] - [2, 17], []
[2025-01-29 23:51:03,089][__main__][INFO] - [2, 18], []
[2025-01-29 23:51:03,130][__main__][INFO] - [2, 19], []
[2025-01-29 23:51:03,204][__main__][INFO] - [2, 21], []
[2025-01-29 23:51:03,579][__main__][INFO] - [2, 22], []
[2025-01-29 23:51:03,736][__main__][INFO] - [2, 23], []
[2025-01-29 23:51:03,869][__main__][INFO] - [2, 24], []
[2025-01-29 23:51:03,917][__main__][INFO] - [2, 25], []
[2025-01-29 23:51:04,046][__main__][INFO] - [2], [25]
[2025-01-29 23:51:04,611][__main__][INFO] - [2, 26], []
[2025-01-29 23:51:04,659][__main__][INFO] - [2], [26]
[2025-01-29 23:51:05,337][__main__][INFO] - [2, 27], []
[2025-01-29 23:51:05,389][__main__][INFO] - [2], [27]
[2025-01-29 23:51:06,055][__main__][INFO] - [2, 28], []
[2025-01-29 23:51:06,702][__main__][INFO] - [2, 29], []
[2025-01-29 23:51:06,799][__main__][INFO] - [2, 31], []
[2025-01-29 23:51:07,109][__main__][INFO] - [2], [31]
[2025-01-29 23:51:07,449][__main__][INFO] - [2, 32], []
[2025-01-29 23:51:07,563][__main__][INFO] - [2, 33], []
[2025-01-29 23:51:07,891][__main__][INFO] - [2, 34], []
[2025-01-29 23:51:07,960][__main__][INFO] - [2, 35], []
[2025-01-29 23:51:08,069][__main__][INFO] - [2, 36], []
[2025-01-29 23:51:08,134][__main__][INFO] - [2, 37], []
[2025-01-29 23:51:08,178][__main__][INFO] - [2, 38], []
[2025-01-29 23:51:08,222][__main__][INFO] - [2, 39], []
[2025-01-29 23:51:08,321][__main__][INFO] - [3, 10], []
[2025-01-29 23:51:08,427][__main__][INFO] - [3], [10]
[2025-01-29 23:51:08,960][__main__][INFO] - [3, 11], []
[2025-01-29 23:51:09,380][__main__][INFO] - [3, 12], []
[2025-01-29 23:51:09,508][__main__][INFO] - [3, 13], []
[2025-01-29 23:51:09,602][__main__][INFO] - [3, 14], []
[2025-01-29 23:51:09,650][__main__][INFO] - [3, 15], []
[2025-01-29 23:51:09,694][__main__][INFO] - [3, 16], []
[2025-01-29 23:51:10,273][__main__][INFO] - [3, 17], []
[2025-01-29 23:51:10,331][__main__][INFO] - [3, 18], []
[2025-01-29 23:51:10,371][__main__][INFO] - [3, 19], []
[2025-01-29 23:51:10,444][__main__][INFO] - [3, 21], []
[2025-01-29 23:51:10,803][__main__][INFO] - [3, 22], []
[2025-01-29 23:51:10,947][__main__][INFO] - [3, 23], []
[2025-01-29 23:51:11,064][__main__][INFO] - [3, 24], []
[2025-01-29 23:51:11,112][__main__][INFO] - [3, 25], []
[2025-01-29 23:51:11,302][__main__][INFO] - [3], [25]
[2025-01-29 23:51:11,742][__main__][INFO] - [3, 26], []
[2025-01-29 23:51:11,793][__main__][INFO] - [3], [26]
[2025-01-29 23:51:12,404][__main__][INFO] - [3, 27], []
[2025-01-29 23:51:12,456][__main__][INFO] - [3], [27]
[2025-01-29 23:51:13,077][__main__][INFO] - [3, 28], []
[2025-01-29 23:51:13,679][__main__][INFO] - [3, 29], []
[2025-01-29 23:51:13,791][__main__][INFO] - [3, 31], []
[2025-01-29 23:51:14,085][__main__][INFO] - [3], [31]
[2025-01-29 23:51:14,399][__main__][INFO] - [3, 32], []
[2025-01-29 23:51:14,498][__main__][INFO] - [3, 33], []
[2025-01-29 23:51:14,808][__main__][INFO] - [3, 34], []
[2025-01-29 23:51:14,871][__main__][INFO] - [3, 35], []
[2025-01-29 23:51:14,986][__main__][INFO] - [3, 36], []
[2025-01-29 23:51:15,047][__main__][INFO] - [3, 37], []
[2025-01-29 23:51:15,092][__main__][INFO] - [3, 38], []
[2025-01-29 23:51:15,136][__main__][INFO] - [3, 39], []
[2025-01-29 23:51:15,236][__main__][INFO] - [4, 10], []
[2025-01-29 23:51:15,367][__main__][INFO] - [4], [10]
[2025-01-29 23:51:15,900][__main__][INFO] - [4, 11], []
[2025-01-29 23:51:16,263][__main__][INFO] - [4, 12], []
[2025-01-29 23:51:16,406][__main__][INFO] - [4, 13], []
[2025-01-29 23:51:16,553][__main__][INFO] - [4, 14], []
[2025-01-29 23:51:16,602][__main__][INFO] - [4, 15], []
[2025-01-29 23:51:16,646][__main__][INFO] - [4, 16], []
[2025-01-29 23:51:17,269][__main__][INFO] - [4, 17], []
[2025-01-29 23:51:17,329][__main__][INFO] - [4, 18], []
[2025-01-29 23:51:17,370][__main__][INFO] - [4, 19], []
[2025-01-29 23:51:17,444][__main__][INFO] - [4, 21], []
[2025-01-29 23:51:17,838][__main__][INFO] - [4, 22], []
[2025-01-29 23:51:17,979][__main__][INFO] - [4, 23], []
[2025-01-29 23:51:18,090][__main__][INFO] - [4, 24], []
[2025-01-29 23:51:18,138][__main__][INFO] - [4, 25], []
[2025-01-29 23:51:18,409][__main__][INFO] - [4], [25]
[2025-01-29 23:51:18,797][__main__][INFO] - [4, 26], []
[2025-01-29 23:51:18,853][__main__][INFO] - [4], [26]
[2025-01-29 23:51:19,491][__main__][INFO] - [4, 27], []
[2025-01-29 23:51:19,547][__main__][INFO] - [4], [27]
[2025-01-29 23:51:20,194][__main__][INFO] - [4, 28], []
[2025-01-29 23:51:20,824][__main__][INFO] - [4, 29], []
[2025-01-29 23:51:20,923][__main__][INFO] - [4, 31], []
[2025-01-29 23:51:21,241][__main__][INFO] - [4], [31]
[2025-01-29 23:51:21,559][__main__][INFO] - [4, 32], []
[2025-01-29 23:51:21,661][__main__][INFO] - [4, 33], []
[2025-01-29 23:51:21,984][__main__][INFO] - [4, 34], []
[2025-01-29 23:51:22,046][__main__][INFO] - [4, 35], []
[2025-01-29 23:51:22,169][__main__][INFO] - [4, 36], []
[2025-01-29 23:51:22,231][__main__][INFO] - [4, 37], []
[2025-01-29 23:51:22,276][__main__][INFO] - [4, 38], []
[2025-01-29 23:51:22,320][__main__][INFO] - [4, 39], []
[2025-01-29 23:51:22,419][__main__][INFO] - [5, 10], []
[2025-01-29 23:51:22,590][__main__][INFO] - [5], [10]
[2025-01-29 23:51:23,107][__main__][INFO] - [5, 11], []
[2025-01-29 23:51:23,478][__main__][INFO] - [5, 12], []
[2025-01-29 23:51:23,591][__main__][INFO] - [5, 13], []
[2025-01-29 23:51:23,764][__main__][INFO] - [5, 14], []
[2025-01-29 23:51:23,814][__main__][INFO] - [5, 15], []
[2025-01-29 23:51:23,857][__main__][INFO] - [5, 16], []
[2025-01-29 23:51:24,468][__main__][INFO] - [5, 17], []
[2025-01-29 23:51:24,536][__main__][INFO] - [5, 18], []
[2025-01-29 23:51:24,577][__main__][INFO] - [5, 19], []
[2025-01-29 23:51:24,652][__main__][INFO] - [5, 21], []
[2025-01-29 23:51:25,034][__main__][INFO] - [5, 22], []
[2025-01-29 23:51:25,182][__main__][INFO] - [5, 23], []
[2025-01-29 23:51:25,293][__main__][INFO] - [5, 24], []
[2025-01-29 23:51:25,341][__main__][INFO] - [5, 25], []
[2025-01-29 23:51:25,609][__main__][INFO] - [5], [25]
[2025-01-29 23:51:26,012][__main__][INFO] - [5, 26], []
[2025-01-29 23:51:26,091][__main__][INFO] - [5], [26]
[2025-01-29 23:51:26,744][__main__][INFO] - [5, 27], []
[2025-01-29 23:51:26,807][__main__][INFO] - [5], [27]
[2025-01-29 23:51:27,452][__main__][INFO] - [5, 28], []
[2025-01-29 23:51:28,083][__main__][INFO] - [5, 29], []
[2025-01-29 23:51:28,190][__main__][INFO] - [5, 31], []
[2025-01-29 23:51:28,503][__main__][INFO] - [5], [31]
[2025-01-29 23:51:28,833][__main__][INFO] - [5, 32], []
[2025-01-29 23:51:28,925][__main__][INFO] - [5, 33], []
[2025-01-29 23:51:29,265][__main__][INFO] - [5, 34], []
[2025-01-29 23:51:29,323][__main__][INFO] - [5, 35], []
[2025-01-29 23:51:29,438][__main__][INFO] - [5, 36], []
[2025-01-29 23:51:29,502][__main__][INFO] - [5, 37], []
[2025-01-29 23:51:29,548][__main__][INFO] - [5, 38], []
[2025-01-29 23:51:29,592][__main__][INFO] - [5, 39], []
[2025-01-29 23:51:29,692][__main__][INFO] - [6, 10], []
[2025-01-29 23:51:29,911][__main__][INFO] - [6], [10]
[2025-01-29 23:51:30,369][__main__][INFO] - [6, 11], []
[2025-01-29 23:51:30,773][__main__][INFO] - [6, 12], []
[2025-01-29 23:51:30,861][__main__][INFO] - [6, 13], []
[2025-01-29 23:51:31,030][__main__][INFO] - [6, 14], []
[2025-01-29 23:51:31,079][__main__][INFO] - [6, 15], []
[2025-01-29 23:51:31,123][__main__][INFO] - [6, 16], []
[2025-01-29 23:51:31,733][__main__][INFO] - [6, 17], []
[2025-01-29 23:51:31,841][__main__][INFO] - [6, 19], []
[2025-01-29 23:51:31,914][__main__][INFO] - [6, 21], []
[2025-01-29 23:51:32,295][__main__][INFO] - [6, 22], []
[2025-01-29 23:51:32,453][__main__][INFO] - [6, 23], []
[2025-01-29 23:51:32,561][__main__][INFO] - [6, 24], []
[2025-01-29 23:51:32,610][__main__][INFO] - [6, 25], []
[2025-01-29 23:51:32,843][__main__][INFO] - [6], [25]
[2025-01-29 23:51:33,278][__main__][INFO] - [6, 26], []
[2025-01-29 23:51:33,352][__main__][INFO] - [6], [26]
[2025-01-29 23:51:33,980][__main__][INFO] - [6, 27], []
[2025-01-29 23:51:34,050][__main__][INFO] - [6], [27]
[2025-01-29 23:51:34,687][__main__][INFO] - [6, 28], []
[2025-01-29 23:51:35,318][__main__][INFO] - [6, 29], []
[2025-01-29 23:51:35,428][__main__][INFO] - [6, 31], []
[2025-01-29 23:51:35,750][__main__][INFO] - [6], [31]
[2025-01-29 23:51:36,071][__main__][INFO] - [6, 32], []
[2025-01-29 23:51:36,148][__main__][INFO] - [6, 33], []
[2025-01-29 23:51:36,511][__main__][INFO] - [6, 34], []
[2025-01-29 23:51:36,569][__main__][INFO] - [6, 35], []
[2025-01-29 23:51:36,678][__main__][INFO] - [6, 36], []
[2025-01-29 23:51:36,743][__main__][INFO] - [6, 37], []
[2025-01-29 23:51:36,789][__main__][INFO] - [6, 38], []
[2025-01-29 23:51:36,832][__main__][INFO] - [6, 39], []
[2025-01-29 23:51:36,932][__main__][INFO] - [7, 10], []
[2025-01-29 23:51:37,176][__main__][INFO] - [7], [10]
[2025-01-29 23:51:37,522][__main__][INFO] - [7, 11], []
[2025-01-29 23:51:37,871][__main__][INFO] - [7, 12], []
[2025-01-29 23:51:37,944][__main__][INFO] - [7, 13], []
[2025-01-29 23:51:38,090][__main__][INFO] - [7, 14], []
[2025-01-29 23:51:38,137][__main__][INFO] - [7, 15], []
[2025-01-29 23:51:38,181][__main__][INFO] - [7, 16], []
[2025-01-29 23:51:38,655][__main__][INFO] - [7, 17], []
[2025-01-29 23:51:38,786][__main__][INFO] - [7, 19], []
[2025-01-29 23:51:38,864][__main__][INFO] - [7, 21], []
[2025-01-29 23:51:39,178][__main__][INFO] - [7, 22], []
[2025-01-29 23:51:39,322][__main__][INFO] - [7, 23], []
[2025-01-29 23:51:39,414][__main__][INFO] - [7, 24], []
[2025-01-29 23:51:39,462][__main__][INFO] - [7, 25], []
[2025-01-29 23:51:39,658][__main__][INFO] - [7], [25]
[2025-01-29 23:51:40,032][__main__][INFO] - [7, 26], []
[2025-01-29 23:51:40,124][__main__][INFO] - [7], [26]
[2025-01-29 23:51:40,626][__main__][INFO] - [7, 27], []
[2025-01-29 23:51:40,699][__main__][INFO] - [7], [27]
[2025-01-29 23:51:41,235][__main__][INFO] - [7, 28], []
[2025-01-29 23:51:41,752][__main__][INFO] - [7, 29], []
[2025-01-29 23:51:41,862][__main__][INFO] - [7, 31], []
[2025-01-29 23:51:42,141][__main__][INFO] - [7], [31]
[2025-01-29 23:51:42,421][__main__][INFO] - [7, 32], []
[2025-01-29 23:51:42,487][__main__][INFO] - [7, 33], []
[2025-01-29 23:51:42,809][__main__][INFO] - [7, 34], []
[2025-01-29 23:51:42,862][__main__][INFO] - [7, 35], []
[2025-01-29 23:51:42,959][__main__][INFO] - [7, 36], []
[2025-01-29 23:51:43,018][__main__][INFO] - [7, 37], []
[2025-01-29 23:51:43,063][__main__][INFO] - [7, 38], []
[2025-01-29 23:51:43,107][__main__][INFO] - [7, 39], []
[2025-01-29 23:51:43,206][__main__][INFO] - [8, 10], []
[2025-01-29 23:51:43,392][__main__][INFO] - [8], [10]
[2025-01-29 23:51:43,534][__main__][INFO] - [8, 11], []
[2025-01-29 23:51:43,728][__main__][INFO] - [8, 12], []
[2025-01-29 23:51:43,800][__main__][INFO] - [8, 13], []
[2025-01-29 23:51:43,920][__main__][INFO] - [8, 14], []
[2025-01-29 23:51:43,978][__main__][INFO] - [8, 15], []
[2025-01-29 23:51:44,037][__main__][INFO] - [8, 16], []
[2025-01-29 23:51:44,340][__main__][INFO] - [8, 17], []
[2025-01-29 23:51:44,479][__main__][INFO] - [8, 19], []
[2025-01-29 23:51:44,585][__main__][INFO] - [8, 21], []
[2025-01-29 23:51:44,812][__main__][INFO] - [8, 22], []
[2025-01-29 23:51:44,917][__main__][INFO] - [8, 23], []
[2025-01-29 23:51:45,010][__main__][INFO] - [8, 24], []
[2025-01-29 23:51:45,069][__main__][INFO] - [8, 25], []
[2025-01-29 23:51:45,227][__main__][INFO] - [8], [25]
[2025-01-29 23:51:45,482][__main__][INFO] - [8, 26], []
[2025-01-29 23:51:45,596][__main__][INFO] - [8], [26]
[2025-01-29 23:51:45,895][__main__][INFO] - [8, 27], []
[2025-01-29 23:51:45,976][__main__][INFO] - [8], [27]
[2025-01-29 23:51:46,320][__main__][INFO] - [8, 28], []
[2025-01-29 23:51:46,645][__main__][INFO] - [8, 29], []
[2025-01-29 23:51:46,780][__main__][INFO] - [8, 31], []
[2025-01-29 23:51:46,979][__main__][INFO] - [8], [31]
[2025-01-29 23:51:47,177][__main__][INFO] - [8, 32], []
[2025-01-29 23:51:47,244][__main__][INFO] - [8, 33], []
[2025-01-29 23:51:47,469][__main__][INFO] - [8, 34], []
[2025-01-29 23:51:47,535][__main__][INFO] - [8, 35], []
[2025-01-29 23:51:47,621][__main__][INFO] - [8, 36], []
[2025-01-29 23:51:47,689][__main__][INFO] - [8, 37], []
[2025-01-29 23:51:47,745][__main__][INFO] - [8, 38], []
[2025-01-29 23:51:47,800][__main__][INFO] - [8, 39], []
[2025-01-29 23:51:47,939][__main__][INFO] - [9, 10], []
[2025-01-29 23:51:48,140][__main__][INFO] - [9], [10]
[2025-01-29 23:51:48,228][__main__][INFO] - [9, 11], []
[2025-01-29 23:51:48,387][__main__][INFO] - [9, 12], []
[2025-01-29 23:51:48,451][__main__][INFO] - [9, 13], []
[2025-01-29 23:51:48,544][__main__][INFO] - [9, 14], []
[2025-01-29 23:51:48,600][__main__][INFO] - [9, 15], []
[2025-01-29 23:51:48,654][__main__][INFO] - [9, 16], []
[2025-01-29 23:51:48,845][__main__][INFO] - [9, 17], []
[2025-01-29 23:51:48,972][__main__][INFO] - [9, 19], []
[2025-01-29 23:51:49,070][__main__][INFO] - [9, 21], []
[2025-01-29 23:51:49,221][__main__][INFO] - [9, 22], []
[2025-01-29 23:51:49,298][__main__][INFO] - [9, 23], []
[2025-01-29 23:51:49,388][__main__][INFO] - [9, 24], []
[2025-01-29 23:51:49,443][__main__][INFO] - [9, 25], []
[2025-01-29 23:51:49,552][__main__][INFO] - [9], [25]
[2025-01-29 23:51:49,719][__main__][INFO] - [9, 26], []
[2025-01-29 23:51:49,838][__main__][INFO] - [9], [26]
[2025-01-29 23:51:50,000][__main__][INFO] - [9, 27], []
[2025-01-29 23:51:50,084][__main__][INFO] - [9], [27]
[2025-01-29 23:51:50,282][__main__][INFO] - [9, 28], []
[2025-01-29 23:51:50,453][__main__][INFO] - [9, 29], []
[2025-01-29 23:51:50,599][__main__][INFO] - [9, 31], []
[2025-01-29 23:51:50,744][__main__][INFO] - [9], [31]
[2025-01-29 23:51:50,867][__main__][INFO] - [9, 32], []
[2025-01-29 23:51:50,929][__main__][INFO] - [9, 33], []
[2025-01-29 23:51:51,075][__main__][INFO] - [9, 34], []
[2025-01-29 23:51:51,133][__main__][INFO] - [9, 35], []
[2025-01-29 23:51:51,205][__main__][INFO] - [9, 36], []
[2025-01-29 23:51:51,265][__main__][INFO] - [9, 37], []
[2025-01-29 23:51:51,317][__main__][INFO] - [9, 38], []
[2025-01-29 23:51:51,370][__main__][INFO] - [9, 39], []
[2025-01-29 23:51:51,505][__main__][INFO] - [10, 11], []
[2025-01-29 23:51:53,866][__main__][INFO] - [10, 12], []
[2025-01-29 23:51:54,098][__main__][INFO] - [10, 13], []
[2025-01-29 23:51:54,502][__main__][INFO] - [10, 14], []
[2025-01-29 23:51:54,585][__main__][INFO] - [10, 15], []
[2025-01-29 23:51:54,645][__main__][INFO] - [10, 16], []
[2025-01-29 23:51:58,189][__main__][INFO] - [10, 17], []
[2025-01-29 23:51:58,455][__main__][INFO] - [10, 18], []
[2025-01-29 23:51:58,509][__main__][INFO] - [10, 19], []
[2025-01-29 23:51:58,583][__main__][INFO] - [10, 20], []
[2025-01-29 23:51:58,704][__main__][INFO] - [10, 21], []
[2025-01-29 23:52:00,087][__main__][INFO] - [10, 22], []
[2025-01-29 23:52:00,478][__main__][INFO] - [10, 23], []
[2025-01-29 23:52:00,890][__main__][INFO] - [10, 24], []
[2025-01-29 23:52:00,954][__main__][INFO] - [10, 25], []
[2025-01-29 23:52:01,723][__main__][INFO] - [10], [25]
[2025-01-29 23:52:04,102][__main__][INFO] - [10, 26], []
[2025-01-29 23:52:04,947][__main__][INFO] - [10], [26]
[2025-01-29 23:52:07,245][__main__][INFO] - [10, 27], []
[2025-01-29 23:52:07,939][__main__][INFO] - [10], [27]
[2025-01-29 23:52:10,468][__main__][INFO] - [10, 28], []
[2025-01-29 23:52:12,365][__main__][INFO] - [10, 29], []
[2025-01-29 23:52:13,448][__main__][INFO] - [10, 30], []
[2025-01-29 23:52:13,490][__main__][INFO] - [10, 31], []
[2025-01-29 23:52:14,768][__main__][INFO] - [10], [31]
[2025-01-29 23:52:16,506][__main__][INFO] - [10, 32], []
[2025-01-29 23:52:16,717][__main__][INFO] - [10, 33], []
[2025-01-29 23:52:17,675][__main__][INFO] - [10, 34], []
[2025-01-29 23:52:17,807][__main__][INFO] - [10, 35], []
[2025-01-29 23:52:18,031][__main__][INFO] - [10, 36], []
[2025-01-29 23:52:18,163][__main__][INFO] - [10, 37], []
[2025-01-29 23:52:18,222][__main__][INFO] - [10, 38], []
[2025-01-29 23:52:18,270][__main__][INFO] - [10, 39], []
[2025-01-29 23:52:18,316][__main__][INFO] - [10, 40], []
[2025-01-29 23:52:18,385][__main__][INFO] - [11], [10]
[2025-01-29 23:52:21,481][__main__][INFO] - [12], [10]
[2025-01-29 23:52:21,958][__main__][INFO] - [13], [10]
[2025-01-29 23:52:22,579][__main__][INFO] - [14], [10]
[2025-01-29 23:52:22,696][__main__][INFO] - [15], [10]
[2025-01-29 23:52:22,754][__main__][INFO] - [16], [10]
[2025-01-29 23:52:26,156][__main__][INFO] - [17], [10]
[2025-01-29 23:52:26,374][__main__][INFO] - [18], [10]
[2025-01-29 23:52:26,415][__main__][INFO] - [19], [10]
[2025-01-29 23:52:26,488][__main__][INFO] - [20], [10]
[2025-01-29 23:52:27,388][__main__][INFO] - [21], [10]
[2025-01-29 23:52:29,889][__main__][INFO] - [22], [10]
[2025-01-29 23:52:30,826][__main__][INFO] - [23], [10]
[2025-01-29 23:52:31,496][__main__][INFO] - [24], [10]
[2025-01-29 23:52:31,589][__main__][INFO] - [25], [10]
[2025-01-29 23:52:32,809][__main__][INFO] - [], [10, 25]
[2025-01-29 23:52:36,383][__main__][INFO] - [], [10, 26]
[2025-01-29 23:52:42,351][__main__][INFO] - [], [10, 27]
[2025-01-29 23:52:48,266][__main__][INFO] - [28], [10]
[2025-01-29 23:52:53,785][__main__][INFO] - [30], [10]
[2025-01-29 23:52:53,841][__main__][INFO] - [31], [10]
[2025-01-29 23:52:56,079][__main__][INFO] - [], [10, 31]
[2025-01-29 23:52:58,450][__main__][INFO] - [32], [10]
[2025-01-29 23:52:58,898][__main__][INFO] - [33], [10]
[2025-01-29 23:53:01,162][__main__][INFO] - [34], [10]
[2025-01-29 23:53:01,398][__main__][INFO] - [35], [10]
[2025-01-29 23:53:01,978][__main__][INFO] - [36], [10]
[2025-01-29 23:53:02,173][__main__][INFO] - [37], [10]
[2025-01-29 23:53:02,258][__main__][INFO] - [38], [10]
[2025-01-29 23:53:02,319][__main__][INFO] - [39], [10]
[2025-01-29 23:53:02,371][__main__][INFO] - [40], [10]
[2025-01-29 23:53:02,440][__main__][INFO] - [11, 16], []
[2025-01-29 23:53:05,598][__main__][INFO] - [11, 17], []
[2025-01-29 23:53:05,923][__main__][INFO] - [11, 18], []
[2025-01-29 23:53:05,964][__main__][INFO] - [11, 19], []
[2025-01-29 23:53:06,045][__main__][INFO] - [11, 20], []
[2025-01-29 23:53:06,928][__main__][INFO] - [11, 21], []
[2025-01-29 23:53:09,015][__main__][INFO] - [11, 22], []
[2025-01-29 23:53:10,106][__main__][INFO] - [11, 23], []
[2025-01-29 23:53:10,754][__main__][INFO] - [11, 24], []
[2025-01-29 23:53:10,893][__main__][INFO] - [11], [25]
[2025-01-29 23:53:17,473][__main__][INFO] - [11, 26], []
[2025-01-29 23:53:17,831][__main__][INFO] - [11], [26]
[2025-01-29 23:53:22,630][__main__][INFO] - [11, 27], []
[2025-01-29 23:53:22,927][__main__][INFO] - [11], [27]
[2025-01-29 23:53:27,884][__main__][INFO] - [11, 28], []
[2025-01-29 23:53:32,205][__main__][INFO] - [11, 29], []
[2025-01-29 23:53:32,679][__main__][INFO] - [11, 30], []
[2025-01-29 23:53:32,722][__main__][INFO] - [11, 31], []
[2025-01-29 23:53:34,838][__main__][INFO] - [11], [31]
[2025-01-29 23:53:37,348][__main__][INFO] - [11, 32], []
[2025-01-29 23:53:37,684][__main__][INFO] - [11, 33], []
[2025-01-29 23:53:40,095][__main__][INFO] - [11, 34], []
[2025-01-29 23:53:40,355][__main__][INFO] - [11, 35], []
[2025-01-29 23:53:40,620][__main__][INFO] - [11, 36], []
[2025-01-29 23:53:40,876][__main__][INFO] - [11, 37], []
[2025-01-29 23:53:40,957][__main__][INFO] - [11, 38], []
[2025-01-29 23:53:41,011][__main__][INFO] - [11, 39], []
[2025-01-29 23:53:41,064][__main__][INFO] - [11, 40], []
[2025-01-29 23:53:41,135][__main__][INFO] - [12, 16], []
[2025-01-29 23:53:41,784][__main__][INFO] - [12, 17], []
[2025-01-29 23:53:41,860][__main__][INFO] - [12, 19], []
[2025-01-29 23:53:41,902][__main__][INFO] - [12, 20], []
[2025-01-29 23:53:41,968][__main__][INFO] - [12, 21], []
[2025-01-29 23:53:42,435][__main__][INFO] - [12, 22], []
[2025-01-29 23:53:42,503][__main__][INFO] - [12, 23], []
[2025-01-29 23:53:42,617][__main__][INFO] - [12, 24], []
[2025-01-29 23:53:42,661][__main__][INFO] - [12, 25], []
[2025-01-29 23:53:43,470][__main__][INFO] - [12, 26], []
[2025-01-29 23:53:43,539][__main__][INFO] - [12], [26]
[2025-01-29 23:53:44,257][__main__][INFO] - [12, 27], []
[2025-01-29 23:53:44,336][__main__][INFO] - [12], [27]
[2025-01-29 23:53:45,073][__main__][INFO] - [12, 28], []
[2025-01-29 23:53:45,791][__main__][INFO] - [12, 29], []
[2025-01-29 23:53:45,873][__main__][INFO] - [12, 30], []
[2025-01-29 23:53:45,919][__main__][INFO] - [12, 31], []
[2025-01-29 23:53:46,279][__main__][INFO] - [12], [31]
[2025-01-29 23:53:46,637][__main__][INFO] - [12, 32], []
[2025-01-29 23:53:46,802][__main__][INFO] - [12, 33], []
[2025-01-29 23:53:47,057][__main__][INFO] - [12, 34], []
[2025-01-29 23:53:47,120][__main__][INFO] - [12, 35], []
[2025-01-29 23:53:47,294][__main__][INFO] - [12, 36], []
[2025-01-29 23:53:47,350][__main__][INFO] - [12, 37], []
[2025-01-29 23:53:47,400][__main__][INFO] - [12, 38], []
[2025-01-29 23:53:47,451][__main__][INFO] - [12, 39], []
[2025-01-29 23:53:47,567][__main__][INFO] - [13, 16], []
[2025-01-29 23:53:48,580][__main__][INFO] - [13, 17], []
[2025-01-29 23:53:48,664][__main__][INFO] - [13, 18], []
[2025-01-29 23:53:48,710][__main__][INFO] - [13, 19], []
[2025-01-29 23:53:48,763][__main__][INFO] - [13, 20], []
[2025-01-29 23:53:48,823][__main__][INFO] - [13, 21], []
[2025-01-29 23:53:49,554][__main__][INFO] - [13, 22], []
[2025-01-29 23:53:49,662][__main__][INFO] - [13, 23], []
[2025-01-29 23:53:49,824][__main__][INFO] - [13, 24], []
[2025-01-29 23:53:49,870][__main__][INFO] - [13, 25], []
[2025-01-29 23:53:51,143][__main__][INFO] - [13, 26], []
[2025-01-29 23:53:51,270][__main__][INFO] - [13], [26]
[2025-01-29 23:53:52,335][__main__][INFO] - [13, 27], []
[2025-01-29 23:53:52,430][__main__][INFO] - [13], [27]
[2025-01-29 23:53:53,538][__main__][INFO] - [13, 28], []
[2025-01-29 23:53:54,560][__main__][INFO] - [13, 29], []
[2025-01-29 23:53:54,684][__main__][INFO] - [13, 30], []
[2025-01-29 23:53:54,729][__main__][INFO] - [13, 31], []
[2025-01-29 23:53:55,246][__main__][INFO] - [13], [31]
[2025-01-29 23:53:55,775][__main__][INFO] - [13, 32], []
[2025-01-29 23:53:55,911][__main__][INFO] - [13, 33], []
[2025-01-29 23:53:56,224][__main__][INFO] - [13, 34], []
[2025-01-29 23:53:56,296][__main__][INFO] - [13, 35], []
[2025-01-29 23:53:56,656][__main__][INFO] - [13, 36], []
[2025-01-29 23:53:56,718][__main__][INFO] - [13, 37], []
[2025-01-29 23:53:56,768][__main__][INFO] - [13, 38], []
[2025-01-29 23:53:56,820][__main__][INFO] - [13, 39], []
[2025-01-29 23:53:56,936][__main__][INFO] - [14, 16], []
[2025-01-29 23:53:57,066][__main__][INFO] - [14, 17], []
[2025-01-29 23:53:57,122][__main__][INFO] - [14, 18], []
[2025-01-29 23:53:57,167][__main__][INFO] - [14, 19], []
[2025-01-29 23:53:57,215][__main__][INFO] - [14, 20], []
[2025-01-29 23:53:57,277][__main__][INFO] - [14, 21], []
[2025-01-29 23:53:57,364][__main__][INFO] - [14, 22], []
[2025-01-29 23:53:57,433][__main__][INFO] - [14, 23], []
[2025-01-29 23:53:57,504][__main__][INFO] - [14, 24], []
[2025-01-29 23:53:57,588][__main__][INFO] - [14], [25]
[2025-01-29 23:53:57,788][__main__][INFO] - [14, 26], []
[2025-01-29 23:53:57,841][__main__][INFO] - [14], [26]
[2025-01-29 23:53:58,020][__main__][INFO] - [14, 27], []
[2025-01-29 23:53:58,071][__main__][INFO] - [14], [27]
[2025-01-29 23:53:58,253][__main__][INFO] - [14, 28], []
[2025-01-29 23:53:58,412][__main__][INFO] - [14, 29], []
[2025-01-29 23:53:58,467][__main__][INFO] - [14, 30], []
[2025-01-29 23:53:58,514][__main__][INFO] - [14, 31], []
[2025-01-29 23:53:58,607][__main__][INFO] - [14], [31]
[2025-01-29 23:53:58,718][__main__][INFO] - [14, 32], []
[2025-01-29 23:53:58,766][__main__][INFO] - [14, 33], []
[2025-01-29 23:53:58,843][__main__][INFO] - [14, 34], []
[2025-01-29 23:53:58,892][__main__][INFO] - [14, 35], []
[2025-01-29 23:53:58,946][__main__][INFO] - [14, 36], []
[2025-01-29 23:53:58,990][__main__][INFO] - [14, 37], []
[2025-01-29 23:53:59,032][__main__][INFO] - [14, 38], []
[2025-01-29 23:53:59,159][__main__][INFO] - [15, 16], []
[2025-01-29 23:53:59,219][__main__][INFO] - [15, 17], []
[2025-01-29 23:53:59,320][__main__][INFO] - [15, 20], []
[2025-01-29 23:53:59,361][__main__][INFO] - [15, 21], []
[2025-01-29 23:53:59,414][__main__][INFO] - [15, 22], []
[2025-01-29 23:53:59,458][__main__][INFO] - [15, 23], []
[2025-01-29 23:53:59,502][__main__][INFO] - [15, 24], []
[2025-01-29 23:53:59,573][__main__][INFO] - [15], [25]
[2025-01-29 23:53:59,641][__main__][INFO] - [15, 26], []
[2025-01-29 23:53:59,683][__main__][INFO] - [15], [26]
[2025-01-29 23:53:59,747][__main__][INFO] - [15, 27], []
[2025-01-29 23:53:59,790][__main__][INFO] - [15], [27]
[2025-01-29 23:53:59,854][__main__][INFO] - [15, 28], []
[2025-01-29 23:53:59,916][__main__][INFO] - [15, 29], []
[2025-01-29 23:53:59,988][__main__][INFO] - [15, 31], []
[2025-01-29 23:54:00,039][__main__][INFO] - [15], [31]
[2025-01-29 23:54:00,091][__main__][INFO] - [15, 32], []
[2025-01-29 23:54:00,135][__main__][INFO] - [15, 33], []
[2025-01-29 23:54:00,182][__main__][INFO] - [15, 34], []
[2025-01-29 23:54:00,225][__main__][INFO] - [15, 35], []
[2025-01-29 23:54:00,268][__main__][INFO] - [15, 36], []
[2025-01-29 23:54:00,339][__main__][INFO] - [15, 38], []
[2025-01-29 23:54:00,467][__main__][INFO] - [16, 21], []
[2025-01-29 23:54:03,535][__main__][INFO] - [16, 22], []
[2025-01-29 23:54:04,474][__main__][INFO] - [16, 23], []
[2025-01-29 23:54:05,282][__main__][INFO] - [16, 24], []
[2025-01-29 23:54:05,384][__main__][INFO] - [16, 25], []
[2025-01-29 23:54:07,439][__main__][INFO] - [16], [25]
[2025-01-29 23:54:11,423][__main__][INFO] - [16, 26], []
[2025-01-29 23:54:11,874][__main__][INFO] - [16], [26]
[2025-01-29 23:54:18,482][__main__][INFO] - [16, 27], []
[2025-01-29 23:54:18,925][__main__][INFO] - [16], [27]
[2025-01-29 23:54:25,516][__main__][INFO] - [16, 28], []
[2025-01-29 23:54:31,723][__main__][INFO] - [16, 29], []
[2025-01-29 23:54:32,409][__main__][INFO] - [16, 31], []
[2025-01-29 23:54:35,675][__main__][INFO] - [16], [31]
[2025-01-29 23:54:38,368][__main__][INFO] - [16, 32], []
[2025-01-29 23:54:38,873][__main__][INFO] - [16, 33], []
[2025-01-29 23:54:41,171][__main__][INFO] - [16, 34], []
[2025-01-29 23:54:41,399][__main__][INFO] - [16, 35], []
[2025-01-29 23:54:42,045][__main__][INFO] - [16, 36], []
[2025-01-29 23:54:42,268][__main__][INFO] - [16, 37], []
[2025-01-29 23:54:42,346][__main__][INFO] - [16, 38], []
[2025-01-29 23:54:42,409][__main__][INFO] - [16, 39], []
[2025-01-29 23:54:42,463][__main__][INFO] - [16, 40], []
[2025-01-29 23:54:42,533][__main__][INFO] - [17, 21], []
[2025-01-29 23:54:42,731][__main__][INFO] - [17, 22], []
[2025-01-29 23:54:42,839][__main__][INFO] - [17, 23], []
[2025-01-29 23:54:42,929][__main__][INFO] - [17, 24], []
[2025-01-29 23:54:42,976][__main__][INFO] - [17, 25], []
[2025-01-29 23:54:43,065][__main__][INFO] - [17], [25]
[2025-01-29 23:54:43,443][__main__][INFO] - [17, 26], []
[2025-01-29 23:54:43,537][__main__][INFO] - [17], [26]
[2025-01-29 23:54:43,928][__main__][INFO] - [17, 27], []
[2025-01-29 23:54:43,991][__main__][INFO] - [17], [27]
[2025-01-29 23:54:44,447][__main__][INFO] - [17, 28], []
[2025-01-29 23:54:44,855][__main__][INFO] - [17, 29], []
[2025-01-29 23:54:44,964][__main__][INFO] - [17, 31], []
[2025-01-29 23:54:45,044][__main__][INFO] - [17], [31]
[2025-01-29 23:54:45,445][__main__][INFO] - [17, 32], []
[2025-01-29 23:54:45,498][__main__][INFO] - [17, 33], []
[2025-01-29 23:54:45,713][__main__][INFO] - [17, 34], []
[2025-01-29 23:54:45,768][__main__][INFO] - [17, 35], []
[2025-01-29 23:54:45,829][__main__][INFO] - [17, 36], []
[2025-01-29 23:54:45,890][__main__][INFO] - [17, 37], []
[2025-01-29 23:54:45,934][__main__][INFO] - [17, 38], []
[2025-01-29 23:54:45,977][__main__][INFO] - [17, 39], []
[2025-01-29 23:54:46,076][__main__][INFO] - [18, 21], []
[2025-01-29 23:54:46,117][__main__][INFO] - [18, 22], []
[2025-01-29 23:54:46,157][__main__][INFO] - [18, 23], []
[2025-01-29 23:54:46,197][__main__][INFO] - [18, 24], []
[2025-01-29 23:54:46,237][__main__][INFO] - [18, 25], []
[2025-01-29 23:54:46,277][__main__][INFO] - [18], [25]
[2025-01-29 23:54:46,318][__main__][INFO] - [18, 26], []
[2025-01-29 23:54:46,358][__main__][INFO] - [18], [26]
[2025-01-29 23:54:46,428][__main__][INFO] - [18], [27]
[2025-01-29 23:54:46,468][__main__][INFO] - [18, 28], []
[2025-01-29 23:54:46,509][__main__][INFO] - [18, 29], []
[2025-01-29 23:54:46,578][__main__][INFO] - [18, 31], []
[2025-01-29 23:54:46,618][__main__][INFO] - [18], [31]
[2025-01-29 23:54:46,658][__main__][INFO] - [18, 32], []
[2025-01-29 23:54:46,699][__main__][INFO] - [18, 33], []
[2025-01-29 23:54:46,739][__main__][INFO] - [18, 34], []
[2025-01-29 23:54:46,779][__main__][INFO] - [18, 35], []
[2025-01-29 23:54:46,820][__main__][INFO] - [18, 36], []
[2025-01-29 23:54:46,860][__main__][INFO] - [18, 37], []
[2025-01-29 23:54:47,014][__main__][INFO] - [19, 21], []
[2025-01-29 23:54:47,078][__main__][INFO] - [19, 22], []
[2025-01-29 23:54:47,128][__main__][INFO] - [19, 23], []
[2025-01-29 23:54:47,176][__main__][INFO] - [19, 24], []
[2025-01-29 23:54:47,218][__main__][INFO] - [19, 25], []
[2025-01-29 23:54:47,265][__main__][INFO] - [19], [25]
[2025-01-29 23:54:47,349][__main__][INFO] - [19, 26], []
[2025-01-29 23:54:47,396][__main__][INFO] - [19], [26]
[2025-01-29 23:54:47,483][__main__][INFO] - [19, 27], []
[2025-01-29 23:54:47,527][__main__][INFO] - [19], [27]
[2025-01-29 23:54:47,622][__main__][INFO] - [19, 28], []
[2025-01-29 23:54:47,714][__main__][INFO] - [19, 29], []
[2025-01-29 23:54:47,788][__main__][INFO] - [19, 31], []
[2025-01-29 23:54:47,836][__main__][INFO] - [19], [31]
[2025-01-29 23:54:47,920][__main__][INFO] - [19, 32], []
[2025-01-29 23:54:47,964][__main__][INFO] - [19, 33], []
[2025-01-29 23:54:48,031][__main__][INFO] - [19, 34], []
[2025-01-29 23:54:48,075][__main__][INFO] - [19, 35], []
[2025-01-29 23:54:48,119][__main__][INFO] - [19, 36], []
[2025-01-29 23:54:48,163][__main__][INFO] - [19, 37], []
[2025-01-29 23:54:48,204][__main__][INFO] - [19, 38], []
[2025-01-29 23:54:48,331][__main__][INFO] - [20, 21], []
[2025-01-29 23:54:48,826][__main__][INFO] - [20, 22], []
[2025-01-29 23:54:49,083][__main__][INFO] - [20, 23], []
[2025-01-29 23:54:49,277][__main__][INFO] - [20, 24], []
[2025-01-29 23:54:49,327][__main__][INFO] - [20, 25], []
[2025-01-29 23:54:49,408][__main__][INFO] - [20], [25]
[2025-01-29 23:54:50,341][__main__][INFO] - [20, 26], []
[2025-01-29 23:54:50,382][__main__][INFO] - [20], [26]
[2025-01-29 23:54:51,370][__main__][INFO] - [20, 27], []
[2025-01-29 23:54:51,425][__main__][INFO] - [20], [27]
[2025-01-29 23:54:52,401][__main__][INFO] - [20, 28], []
[2025-01-29 23:54:53,089][__main__][INFO] - [20, 29], []
[2025-01-29 23:54:53,157][__main__][INFO] - [20, 30], []
[2025-01-29 23:54:53,200][__main__][INFO] - [20, 31], []
[2025-01-29 23:54:53,660][__main__][INFO] - [20], [31]
[2025-01-29 23:54:54,141][__main__][INFO] - [20, 32], []
[2025-01-29 23:54:54,290][__main__][INFO] - [20, 33], []
[2025-01-29 23:54:54,792][__main__][INFO] - [20, 34], []
[2025-01-29 23:54:54,904][__main__][INFO] - [20, 35], []
[2025-01-29 23:54:55,041][__main__][INFO] - [20, 36], []
[2025-01-29 23:54:55,110][__main__][INFO] - [20, 37], []
[2025-01-29 23:54:55,156][__main__][INFO] - [20, 38], []
[2025-01-29 23:54:55,200][__main__][INFO] - [20, 39], []
[2025-01-29 23:54:55,297][__main__][INFO] - [21, 25], []
[2025-01-29 23:54:56,598][__main__][INFO] - [21], [25]
[2025-01-29 23:54:59,034][__main__][INFO] - [21, 26], []
[2025-01-29 23:54:59,315][__main__][INFO] - [21], [26]
[2025-01-29 23:55:03,150][__main__][INFO] - [21, 27], []
[2025-01-29 23:55:03,396][__main__][INFO] - [21], [27]
[2025-01-29 23:55:07,280][__main__][INFO] - [21, 28], []
[2025-01-29 23:55:10,792][__main__][INFO] - [21, 29], []
[2025-01-29 23:55:11,133][__main__][INFO] - [21, 30], []
[2025-01-29 23:55:11,175][__main__][INFO] - [21, 31], []
[2025-01-29 23:55:12,893][__main__][INFO] - [21], [31]
[2025-01-29 23:55:14,818][__main__][INFO] - [21, 32], []
[2025-01-29 23:55:15,253][__main__][INFO] - [21, 33], []
[2025-01-29 23:55:16,736][__main__][INFO] - [21, 34], []
[2025-01-29 23:55:16,837][__main__][INFO] - [21, 35], []
[2025-01-29 23:55:17,381][__main__][INFO] - [21, 36], []
[2025-01-29 23:55:17,568][__main__][INFO] - [21, 37], []
[2025-01-29 23:55:17,635][__main__][INFO] - [21, 38], []
[2025-01-29 23:55:17,691][__main__][INFO] - [21, 39], []
[2025-01-29 23:55:17,741][__main__][INFO] - [21, 40], []
[2025-01-29 23:55:17,811][__main__][INFO] - [22, 25], []
[2025-01-29 23:55:17,959][__main__][INFO] - [22], [25]
[2025-01-29 23:55:19,184][__main__][INFO] - [22, 26], []
[2025-01-29 23:55:19,292][__main__][INFO] - [22], [26]
[2025-01-29 23:55:20,614][__main__][INFO] - [22, 27], []
[2025-01-29 23:55:20,705][__main__][INFO] - [22], [27]
[2025-01-29 23:55:22,072][__main__][INFO] - [22, 28], []
[2025-01-29 23:55:23,252][__main__][INFO] - [22, 29], []
[2025-01-29 23:55:23,380][__main__][INFO] - [22, 30], []
[2025-01-29 23:55:23,421][__main__][INFO] - [22, 31], []
[2025-01-29 23:55:24,038][__main__][INFO] - [22], [31]
[2025-01-29 23:55:24,679][__main__][INFO] - [22, 32], []
[2025-01-29 23:55:24,752][__main__][INFO] - [22, 33], []
[2025-01-29 23:55:25,506][__main__][INFO] - [22, 34], []
[2025-01-29 23:55:25,674][__main__][INFO] - [22, 35], []
[2025-01-29 23:55:25,759][__main__][INFO] - [22, 36], []
[2025-01-29 23:55:25,823][__main__][INFO] - [22, 37], []
[2025-01-29 23:55:25,872][__main__][INFO] - [22, 38], []
[2025-01-29 23:55:25,917][__main__][INFO] - [22, 39], []
[2025-01-29 23:55:25,960][__main__][INFO] - [22, 40], []
[2025-01-29 23:55:26,029][__main__][INFO] - [23, 25], []
[2025-01-29 23:55:26,332][__main__][INFO] - [23], [25]
[2025-01-29 23:55:27,108][__main__][INFO] - [23, 26], []
[2025-01-29 23:55:27,225][__main__][INFO] - [23], [26]
[2025-01-29 23:55:28,357][__main__][INFO] - [23, 27], []
[2025-01-29 23:55:28,446][__main__][INFO] - [23], [27]
[2025-01-29 23:55:29,613][__main__][INFO] - [23, 28], []
[2025-01-29 23:55:30,616][__main__][INFO] - [23, 29], []
[2025-01-29 23:55:30,740][__main__][INFO] - [23, 30], []
[2025-01-29 23:55:30,782][__main__][INFO] - [23, 31], []
[2025-01-29 23:55:31,263][__main__][INFO] - [23], [31]
[2025-01-29 23:55:31,819][__main__][INFO] - [23, 32], []
[2025-01-29 23:55:31,943][__main__][INFO] - [23, 33], []
[2025-01-29 23:55:32,381][__main__][INFO] - [23, 34], []
[2025-01-29 23:55:32,464][__main__][INFO] - [23, 35], []
[2025-01-29 23:55:32,596][__main__][INFO] - [23, 36], []
[2025-01-29 23:55:32,671][__main__][INFO] - [23, 37], []
[2025-01-29 23:55:32,718][__main__][INFO] - [23, 38], []
[2025-01-29 23:55:32,763][__main__][INFO] - [23, 39], []
[2025-01-29 23:55:32,866][__main__][INFO] - [24, 25], []
[2025-01-29 23:55:32,914][__main__][INFO] - [24], [25]
[2025-01-29 23:55:33,031][__main__][INFO] - [24, 26], []
[2025-01-29 23:55:33,078][__main__][INFO] - [24], [26]
[2025-01-29 23:55:33,201][__main__][INFO] - [24, 27], []
[2025-01-29 23:55:33,247][__main__][INFO] - [24], [27]
[2025-01-29 23:55:33,369][__main__][INFO] - [24, 28], []
[2025-01-29 23:55:33,483][__main__][INFO] - [24, 29], []
[2025-01-29 23:55:33,531][__main__][INFO] - [24, 30], []
[2025-01-29 23:55:33,572][__main__][INFO] - [24, 31], []
[2025-01-29 23:55:33,646][__main__][INFO] - [24], [31]
[2025-01-29 23:55:33,724][__main__][INFO] - [24, 32], []
[2025-01-29 23:55:33,770][__main__][INFO] - [24, 33], []
[2025-01-29 23:55:33,853][__main__][INFO] - [24, 34], []
[2025-01-29 23:55:33,898][__main__][INFO] - [24, 35], []
[2025-01-29 23:55:33,943][__main__][INFO] - [24, 36], []
[2025-01-29 23:55:33,987][__main__][INFO] - [24, 37], []
[2025-01-29 23:55:34,029][__main__][INFO] - [24, 38], []
[2025-01-29 23:55:34,156][__main__][INFO] - [25, 26], []
[2025-01-29 23:55:34,316][__main__][INFO] - [25], [26]
[2025-01-29 23:55:36,448][__main__][INFO] - [25, 27], []
[2025-01-29 23:55:36,589][__main__][INFO] - [25], [27]
[2025-01-29 23:55:38,778][__main__][INFO] - [25, 28], []
[2025-01-29 23:55:40,774][__main__][INFO] - [25, 29], []
[2025-01-29 23:55:40,956][__main__][INFO] - [25, 30], []
[2025-01-29 23:55:40,997][__main__][INFO] - [25, 31], []
[2025-01-29 23:55:41,918][__main__][INFO] - [25], [31]
[2025-01-29 23:55:42,893][__main__][INFO] - [25, 32], []
[2025-01-29 23:55:43,151][__main__][INFO] - [25, 33], []
[2025-01-29 23:55:43,696][__main__][INFO] - [25, 34], []
[2025-01-29 23:55:43,781][__main__][INFO] - [25, 35], []
[2025-01-29 23:55:44,270][__main__][INFO] - [25, 36], []
[2025-01-29 23:55:44,336][__main__][INFO] - [25, 37], []
[2025-01-29 23:55:44,384][__main__][INFO] - [25, 38], []
[2025-01-29 23:55:44,432][__main__][INFO] - [25, 39], []
[2025-01-29 23:55:44,533][__main__][INFO] - [26], [25]
[2025-01-29 23:55:44,928][__main__][INFO] - [], [25, 26]
[2025-01-29 23:55:51,081][__main__][INFO] - [27], [25]
[2025-01-29 23:55:51,416][__main__][INFO] - [], [25, 27]
[2025-01-29 23:55:57,688][__main__][INFO] - [28], [25]
[2025-01-29 23:56:03,023][__main__][INFO] - [29], [25]
[2025-01-29 23:56:03,584][__main__][INFO] - [30], [25]
[2025-01-29 23:56:03,627][__main__][INFO] - [31], [25]
[2025-01-29 23:56:06,151][__main__][INFO] - [], [25, 31]
[2025-01-29 23:56:09,226][__main__][INFO] - [32], [25]
[2025-01-29 23:56:09,597][__main__][INFO] - [33], [25]
[2025-01-29 23:56:12,229][__main__][INFO] - [34], [25]
[2025-01-29 23:56:12,511][__main__][INFO] - [35], [25]
[2025-01-29 23:56:12,818][__main__][INFO] - [36], [25]
[2025-01-29 23:56:13,092][__main__][INFO] - [37], [25]
[2025-01-29 23:56:13,176][__main__][INFO] - [38], [25]
[2025-01-29 23:56:13,236][__main__][INFO] - [39], [25]
[2025-01-29 23:56:13,289][__main__][INFO] - [40], [25]
[2025-01-29 23:56:13,359][__main__][INFO] - [26, 27], []
[2025-01-29 23:56:13,508][__main__][INFO] - [26], [27]
[2025-01-29 23:56:13,945][__main__][INFO] - [26, 28], []
[2025-01-29 23:56:14,311][__main__][INFO] - [26, 29], []
[2025-01-29 23:56:14,501][__main__][INFO] - [26, 30], []
[2025-01-29 23:56:14,542][__main__][INFO] - [26, 31], []
[2025-01-29 23:56:14,757][__main__][INFO] - [26], [31]
[2025-01-29 23:56:15,089][__main__][INFO] - [26, 32], []
[2025-01-29 23:56:15,178][__main__][INFO] - [26, 33], []
[2025-01-29 23:56:15,419][__main__][INFO] - [26, 34], []
[2025-01-29 23:56:15,476][__main__][INFO] - [26, 35], []
[2025-01-29 23:56:15,552][__main__][INFO] - [26, 36], []
[2025-01-29 23:56:15,608][__main__][INFO] - [26, 37], []
[2025-01-29 23:56:15,653][__main__][INFO] - [26, 38], []
[2025-01-29 23:56:15,695][__main__][INFO] - [26, 39], []
[2025-01-29 23:56:15,794][__main__][INFO] - [27], [26]
[2025-01-29 23:56:16,126][__main__][INFO] - [], [26, 27]
[2025-01-29 23:56:25,803][__main__][INFO] - [28], [26]
[2025-01-29 23:56:34,481][__main__][INFO] - [29], [26]
[2025-01-29 23:56:35,028][__main__][INFO] - [30], [26]
[2025-01-29 23:56:35,071][__main__][INFO] - [31], [26]
[2025-01-29 23:56:38,824][__main__][INFO] - [], [26, 31]
[2025-01-29 23:56:43,057][__main__][INFO] - [32], [26]
[2025-01-29 23:56:43,689][__main__][INFO] - [33], [26]
[2025-01-29 23:56:46,734][__main__][INFO] - [34], [26]
[2025-01-29 23:56:47,081][__main__][INFO] - [35], [26]
[2025-01-29 23:56:47,856][__main__][INFO] - [36], [26]
[2025-01-29 23:56:48,160][__main__][INFO] - [37], [26]
[2025-01-29 23:56:48,250][__main__][INFO] - [38], [26]
[2025-01-29 23:56:48,321][__main__][INFO] - [39], [26]
[2025-01-29 23:56:48,378][__main__][INFO] - [40], [26]
[2025-01-29 23:56:48,448][__main__][INFO] - [27, 28], []
[2025-01-29 23:56:48,736][__main__][INFO] - [27, 29], []
[2025-01-29 23:56:48,908][__main__][INFO] - [27, 30], []
[2025-01-29 23:56:48,950][__main__][INFO] - [27, 31], []
[2025-01-29 23:56:49,175][__main__][INFO] - [27], [31]
[2025-01-29 23:56:49,417][__main__][INFO] - [27, 32], []
[2025-01-29 23:56:49,489][__main__][INFO] - [27, 33], []
[2025-01-29 23:56:49,670][__main__][INFO] - [27, 34], []
[2025-01-29 23:56:49,726][__main__][INFO] - [27, 35], []
[2025-01-29 23:56:49,795][__main__][INFO] - [27, 36], []
[2025-01-29 23:56:49,852][__main__][INFO] - [27, 37], []
[2025-01-29 23:56:49,897][__main__][INFO] - [27, 38], []
[2025-01-29 23:56:49,939][__main__][INFO] - [27, 39], []
[2025-01-29 23:56:50,038][__main__][INFO] - [28], [27]
[2025-01-29 23:56:58,898][__main__][INFO] - [29], [27]
[2025-01-29 23:56:59,520][__main__][INFO] - [30], [27]
[2025-01-29 23:56:59,564][__main__][INFO] - [31], [27]
[2025-01-29 23:57:03,229][__main__][INFO] - [], [27, 31]
[2025-01-29 23:57:07,793][__main__][INFO] - [32], [27]
[2025-01-29 23:57:08,433][__main__][INFO] - [33], [27]
[2025-01-29 23:57:11,573][__main__][INFO] - [34], [27]
[2025-01-29 23:57:11,915][__main__][INFO] - [35], [27]
[2025-01-29 23:57:12,719][__main__][INFO] - [36], [27]
[2025-01-29 23:57:13,016][__main__][INFO] - [37], [27]
[2025-01-29 23:57:13,108][__main__][INFO] - [38], [27]
[2025-01-29 23:57:13,179][__main__][INFO] - [39], [27]
[2025-01-29 23:57:13,237][__main__][INFO] - [40], [27]
[2025-01-29 23:57:13,307][__main__][INFO] - [28, 31], []
[2025-01-29 23:57:16,938][__main__][INFO] - [28], [31]
[2025-01-29 23:57:21,328][__main__][INFO] - [28, 32], []
[2025-01-29 23:57:21,961][__main__][INFO] - [28, 33], []
[2025-01-29 23:57:24,772][__main__][INFO] - [28, 34], []
[2025-01-29 23:57:25,058][__main__][INFO] - [28, 35], []
[2025-01-29 23:57:25,786][__main__][INFO] - [28, 36], []
[2025-01-29 23:57:26,054][__main__][INFO] - [28, 37], []
[2025-01-29 23:57:26,138][__main__][INFO] - [28, 38], []
[2025-01-29 23:57:26,205][__main__][INFO] - [28, 39], []
[2025-01-29 23:57:26,261][__main__][INFO] - [28, 40], []
[2025-01-29 23:57:26,330][__main__][INFO] - [29, 31], []
[2025-01-29 23:57:26,637][__main__][INFO] - [29], [31]
[2025-01-29 23:57:27,017][__main__][INFO] - [29, 32], []
[2025-01-29 23:57:27,103][__main__][INFO] - [29, 33], []
[2025-01-29 23:57:27,362][__main__][INFO] - [29, 34], []
[2025-01-29 23:57:27,429][__main__][INFO] - [29, 35], []
[2025-01-29 23:57:27,521][__main__][INFO] - [29, 36], []
[2025-01-29 23:57:27,590][__main__][INFO] - [29, 37], []
[2025-01-29 23:57:27,637][__main__][INFO] - [29, 38], []
[2025-01-29 23:57:27,680][__main__][INFO] - [29, 39], []
[2025-01-29 23:57:27,780][__main__][INFO] - [30, 31], []
[2025-01-29 23:57:27,822][__main__][INFO] - [30], [31]
[2025-01-29 23:57:27,864][__main__][INFO] - [30, 32], []
[2025-01-29 23:57:27,905][__main__][INFO] - [30, 33], []
[2025-01-29 23:57:27,947][__main__][INFO] - [30, 34], []
[2025-01-29 23:57:27,987][__main__][INFO] - [30, 35], []
[2025-01-29 23:57:28,027][__main__][INFO] - [30, 36], []
[2025-01-29 23:57:28,068][__main__][INFO] - [30, 37], []
[2025-01-29 23:57:28,108][__main__][INFO] - [30, 38], []
[2025-01-29 23:57:28,148][__main__][INFO] - [30, 39], []
[2025-01-29 23:57:28,245][__main__][INFO] - [31, 32], []
[2025-01-29 23:57:28,534][__main__][INFO] - [31, 33], []
[2025-01-29 23:57:29,980][__main__][INFO] - [31, 34], []
[2025-01-29 23:57:30,147][__main__][INFO] - [31, 35], []
[2025-01-29 23:57:30,533][__main__][INFO] - [31, 36], []
[2025-01-29 23:57:30,677][__main__][INFO] - [31, 37], []
[2025-01-29 23:57:30,740][__main__][INFO] - [31, 38], []
[2025-01-29 23:57:30,792][__main__][INFO] - [31, 39], []
[2025-01-29 23:57:30,840][__main__][INFO] - [31, 40], []
[2025-01-29 23:57:30,911][__main__][INFO] - [32], [31]
[2025-01-29 23:57:31,235][__main__][INFO] - [33], [31]
[2025-01-29 23:57:32,778][__main__][INFO] - [34], [31]
[2025-01-29 23:57:32,956][__main__][INFO] - [35], [31]
[2025-01-29 23:57:33,335][__main__][INFO] - [36], [31]
[2025-01-29 23:57:33,503][__main__][INFO] - [37], [31]
[2025-01-29 23:57:33,567][__main__][INFO] - [38], [31]
[2025-01-29 23:57:33,621][__main__][INFO] - [39], [31]
[2025-01-29 23:57:33,670][__main__][INFO] - [40], [31]
[2025-01-29 23:57:33,796][__main__][INFO] - [0, 10, 11], []
[2025-01-29 23:57:33,843][__main__][INFO] - [0, 10, 12], []
[2025-01-29 23:57:33,919][__main__][INFO] - [0, 10, 14], []
[2025-01-29 23:57:34,113][__main__][INFO] - [0, 10, 20], []
[2025-01-29 23:57:34,160][__main__][INFO] - [0, 10, 21], []
[2025-01-29 23:57:34,207][__main__][INFO] - [0, 10, 22], []
[2025-01-29 23:57:34,254][__main__][INFO] - [0, 10, 23], []
[2025-01-29 23:57:34,301][__main__][INFO] - [0, 10, 24], []
[2025-01-29 23:57:34,348][__main__][INFO] - [0, 10, 25], []
[2025-01-29 23:57:34,395][__main__][INFO] - [0, 10], [25]
[2025-01-29 23:57:34,441][__main__][INFO] - [0, 10, 26], []
[2025-01-29 23:57:34,488][__main__][INFO] - [0, 10], [26]
[2025-01-29 23:57:34,535][__main__][INFO] - [0, 10, 27], []
[2025-01-29 23:57:34,582][__main__][INFO] - [0, 10], [27]
[2025-01-29 23:57:34,628][__main__][INFO] - [0, 10, 28], []
[2025-01-29 23:57:34,675][__main__][INFO] - [0, 10, 29], []
[2025-01-29 23:57:34,722][__main__][INFO] - [0, 10, 30], []
[2025-01-29 23:57:34,769][__main__][INFO] - [0, 10, 31], []
[2025-01-29 23:57:34,816][__main__][INFO] - [0, 10], [31]
[2025-01-29 23:57:34,862][__main__][INFO] - [0, 10, 32], []
[2025-01-29 23:57:34,909][__main__][INFO] - [0, 10, 33], []
[2025-01-29 23:57:34,956][__main__][INFO] - [0, 10, 34], []
[2025-01-29 23:57:35,003][__main__][INFO] - [0, 10, 35], []
[2025-01-29 23:57:35,050][__main__][INFO] - [0, 10, 36], []
[2025-01-29 23:57:35,097][__main__][INFO] - [0, 10, 37], []
[2025-01-29 23:57:35,261][__main__][INFO] - [0, 11], [10]
[2025-01-29 23:57:35,313][__main__][INFO] - [0, 12], [10]
[2025-01-29 23:57:35,359][__main__][INFO] - [0, 13], [10]
[2025-01-29 23:57:35,406][__main__][INFO] - [0, 14], [10]
[2025-01-29 23:57:35,453][__main__][INFO] - [0, 15], [10]
[2025-01-29 23:57:35,617][__main__][INFO] - [0, 20], [10]
[2025-01-29 23:57:35,668][__main__][INFO] - [0, 21], [10]
[2025-01-29 23:57:35,717][__main__][INFO] - [0, 22], [10]
[2025-01-29 23:57:35,765][__main__][INFO] - [0, 23], [10]
[2025-01-29 23:57:35,813][__main__][INFO] - [0, 24], [10]
[2025-01-29 23:57:35,860][__main__][INFO] - [0, 25], [10]
[2025-01-29 23:57:35,906][__main__][INFO] - [0], [10, 25]
[2025-01-29 23:57:35,987][__main__][INFO] - [0], [10, 26]
[2025-01-29 23:57:36,067][__main__][INFO] - [0], [10, 27]
[2025-01-29 23:57:36,118][__main__][INFO] - [0, 28], [10]
[2025-01-29 23:57:36,196][__main__][INFO] - [0, 30], [10]
[2025-01-29 23:57:36,245][__main__][INFO] - [0, 31], [10]
[2025-01-29 23:57:36,294][__main__][INFO] - [0], [10, 31]
[2025-01-29 23:57:36,343][__main__][INFO] - [0, 32], [10]
[2025-01-29 23:57:36,390][__main__][INFO] - [0, 33], [10]
[2025-01-29 23:57:36,439][__main__][INFO] - [0, 34], [10]
[2025-01-29 23:57:36,486][__main__][INFO] - [0, 35], [10]
[2025-01-29 23:57:36,534][__main__][INFO] - [0, 36], [10]
[2025-01-29 23:57:36,581][__main__][INFO] - [0, 37], [10]
[2025-01-29 23:57:36,627][__main__][INFO] - [0, 38], [10]
[2025-01-29 23:57:36,674][__main__][INFO] - [0, 39], [10]
[2025-01-29 23:57:36,897][__main__][INFO] - [0, 11, 20], []
[2025-01-29 23:57:36,948][__main__][INFO] - [0, 11, 21], []
[2025-01-29 23:57:36,996][__main__][INFO] - [0, 11, 22], []
[2025-01-29 23:57:37,045][__main__][INFO] - [0, 11, 23], []
[2025-01-29 23:57:37,092][__main__][INFO] - [0, 11, 24], []
[2025-01-29 23:57:37,169][__main__][INFO] - [0, 11], [25]
[2025-01-29 23:57:37,219][__main__][INFO] - [0, 11, 26], []
[2025-01-29 23:57:37,266][__main__][INFO] - [0, 11], [26]
[2025-01-29 23:57:37,317][__main__][INFO] - [0, 11, 27], []
[2025-01-29 23:57:37,364][__main__][INFO] - [0, 11], [27]
[2025-01-29 23:57:37,414][__main__][INFO] - [0, 11, 28], []
[2025-01-29 23:57:37,463][__main__][INFO] - [0, 11, 29], []
[2025-01-29 23:57:37,510][__main__][INFO] - [0, 11, 30], []
[2025-01-29 23:57:37,558][__main__][INFO] - [0, 11, 31], []
[2025-01-29 23:57:37,607][__main__][INFO] - [0, 11], [31]
[2025-01-29 23:57:37,656][__main__][INFO] - [0, 11, 32], []
[2025-01-29 23:57:37,703][__main__][INFO] - [0, 11, 33], []
[2025-01-29 23:57:37,753][__main__][INFO] - [0, 11, 34], []
[2025-01-29 23:57:37,800][__main__][INFO] - [0, 11, 35], []
[2025-01-29 23:57:37,847][__main__][INFO] - [0, 11, 36], []
[2025-01-29 23:57:37,895][__main__][INFO] - [0, 11, 37], []
[2025-01-29 23:57:37,942][__main__][INFO] - [0, 11, 38], []
[2025-01-29 23:57:37,988][__main__][INFO] - [0, 11, 39], []
[2025-01-29 23:57:38,212][__main__][INFO] - [0, 12, 20], []
[2025-01-29 23:57:38,259][__main__][INFO] - [0, 12, 21], []
[2025-01-29 23:57:38,306][__main__][INFO] - [0, 12, 22], []
[2025-01-29 23:57:38,352][__main__][INFO] - [0, 12, 23], []
[2025-01-29 23:57:38,429][__main__][INFO] - [0, 12, 25], []
[2025-01-29 23:57:38,535][__main__][INFO] - [0, 12], [26]
[2025-01-29 23:57:38,611][__main__][INFO] - [0, 12], [27]
[2025-01-29 23:57:38,658][__main__][INFO] - [0, 12, 28], []
[2025-01-29 23:57:38,705][__main__][INFO] - [0, 12, 29], []
[2025-01-29 23:57:38,752][__main__][INFO] - [0, 12, 30], []
[2025-01-29 23:57:38,799][__main__][INFO] - [0, 12, 31], []
[2025-01-29 23:57:38,846][__main__][INFO] - [0, 12], [31]
[2025-01-29 23:57:38,892][__main__][INFO] - [0, 12, 32], []
[2025-01-29 23:57:38,939][__main__][INFO] - [0, 12, 33], []
[2025-01-29 23:57:38,986][__main__][INFO] - [0, 12, 34], []
[2025-01-29 23:57:39,033][__main__][INFO] - [0, 12, 35], []
[2025-01-29 23:57:39,080][__main__][INFO] - [0, 12, 36], []
[2025-01-29 23:57:39,391][__main__][INFO] - [0, 13, 20], []
[2025-01-29 23:57:39,438][__main__][INFO] - [0, 13, 21], []
[2025-01-29 23:57:39,515][__main__][INFO] - [0, 13, 23], []
[2025-01-29 23:57:39,607][__main__][INFO] - [0, 13, 25], []
[2025-01-29 23:57:39,713][__main__][INFO] - [0, 13], [26]
[2025-01-29 23:57:39,789][__main__][INFO] - [0, 13], [27]
[2025-01-29 23:57:39,836][__main__][INFO] - [0, 13, 28], []
[2025-01-29 23:57:39,912][__main__][INFO] - [0, 13, 30], []
[2025-01-29 23:57:39,959][__main__][INFO] - [0, 13, 31], []
[2025-01-29 23:57:40,006][__main__][INFO] - [0, 13], [31]
[2025-01-29 23:57:40,053][__main__][INFO] - [0, 13, 32], []
[2025-01-29 23:57:40,099][__main__][INFO] - [0, 13, 33], []
[2025-01-29 23:57:40,146][__main__][INFO] - [0, 13, 34], []
[2025-01-29 23:57:40,193][__main__][INFO] - [0, 13, 35], []
[2025-01-29 23:57:40,240][__main__][INFO] - [0, 13, 36], []
[2025-01-29 23:57:40,551][__main__][INFO] - [0, 14, 20], []
[2025-01-29 23:57:40,598][__main__][INFO] - [0, 14, 21], []
[2025-01-29 23:57:40,645][__main__][INFO] - [0, 14, 22], []
[2025-01-29 23:57:40,692][__main__][INFO] - [0, 14, 23], []
[2025-01-29 23:57:40,798][__main__][INFO] - [0, 14], [25]
[2025-01-29 23:57:40,874][__main__][INFO] - [0, 14], [26]
[2025-01-29 23:57:40,951][__main__][INFO] - [0, 14], [27]
[2025-01-29 23:57:40,997][__main__][INFO] - [0, 14, 28], []
[2025-01-29 23:57:41,074][__main__][INFO] - [0, 14, 30], []
[2025-01-29 23:57:41,121][__main__][INFO] - [0, 14, 31], []
[2025-01-29 23:57:41,167][__main__][INFO] - [0, 14], [31]
[2025-01-29 23:57:41,214][__main__][INFO] - [0, 14, 32], []
[2025-01-29 23:57:41,261][__main__][INFO] - [0, 14, 33], []
[2025-01-29 23:57:41,308][__main__][INFO] - [0, 14, 34], []
[2025-01-29 23:57:41,354][__main__][INFO] - [0, 14, 35], []
[2025-01-29 23:57:41,401][__main__][INFO] - [0, 14, 36], []
[2025-01-29 23:57:41,713][__main__][INFO] - [0, 15, 20], []
[2025-01-29 23:57:41,907][__main__][INFO] - [0, 15], [25]
[2025-01-29 23:57:41,984][__main__][INFO] - [0, 15], [26]
[2025-01-29 23:57:42,060][__main__][INFO] - [0, 15], [27]
[2025-01-29 23:57:42,663][__main__][INFO] - [0, 20, 21], []
[2025-01-29 23:57:42,712][__main__][INFO] - [0, 20, 22], []
[2025-01-29 23:57:42,760][__main__][INFO] - [0, 20, 23], []
[2025-01-29 23:57:42,807][__main__][INFO] - [0, 20, 24], []
[2025-01-29 23:57:42,854][__main__][INFO] - [0, 20, 25], []
[2025-01-29 23:57:42,901][__main__][INFO] - [0, 20], [25]
[2025-01-29 23:57:42,951][__main__][INFO] - [0, 20, 26], []
[2025-01-29 23:57:42,998][__main__][INFO] - [0, 20], [26]
[2025-01-29 23:57:43,049][__main__][INFO] - [0, 20, 27], []
[2025-01-29 23:57:43,096][__main__][INFO] - [0, 20], [27]
[2025-01-29 23:57:43,147][__main__][INFO] - [0, 20, 28], []
[2025-01-29 23:57:43,196][__main__][INFO] - [0, 20, 29], []
[2025-01-29 23:57:43,242][__main__][INFO] - [0, 20, 30], []
[2025-01-29 23:57:43,291][__main__][INFO] - [0, 20, 31], []
[2025-01-29 23:57:43,340][__main__][INFO] - [0, 20], [31]
[2025-01-29 23:57:43,389][__main__][INFO] - [0, 20, 32], []
[2025-01-29 23:57:43,437][__main__][INFO] - [0, 20, 33], []
[2025-01-29 23:57:43,486][__main__][INFO] - [0, 20, 34], []
[2025-01-29 23:57:43,534][__main__][INFO] - [0, 20, 35], []
[2025-01-29 23:57:43,581][__main__][INFO] - [0, 20, 36], []
[2025-01-29 23:57:43,628][__main__][INFO] - [0, 20, 37], []
[2025-01-29 23:57:43,675][__main__][INFO] - [0, 20, 38], []
[2025-01-29 23:57:43,725][__main__][INFO] - [0, 20, 39], []
[2025-01-29 23:57:43,830][__main__][INFO] - [0, 21, 25], []
[2025-01-29 23:57:43,877][__main__][INFO] - [0, 21], [25]
[2025-01-29 23:57:43,926][__main__][INFO] - [0, 21, 26], []
[2025-01-29 23:57:43,973][__main__][INFO] - [0, 21], [26]
[2025-01-29 23:57:44,022][__main__][INFO] - [0, 21, 27], []
[2025-01-29 23:57:44,068][__main__][INFO] - [0, 21], [27]
[2025-01-29 23:57:44,117][__main__][INFO] - [0, 21, 28], []
[2025-01-29 23:57:44,165][__main__][INFO] - [0, 21, 29], []
[2025-01-29 23:57:44,212][__main__][INFO] - [0, 21, 30], []
[2025-01-29 23:57:44,260][__main__][INFO] - [0, 21, 31], []
[2025-01-29 23:57:44,308][__main__][INFO] - [0, 21], [31]
[2025-01-29 23:57:44,356][__main__][INFO] - [0, 21, 32], []
[2025-01-29 23:57:44,403][__main__][INFO] - [0, 21, 33], []
[2025-01-29 23:57:44,451][__main__][INFO] - [0, 21, 34], []
[2025-01-29 23:57:44,498][__main__][INFO] - [0, 21, 35], []
[2025-01-29 23:57:44,545][__main__][INFO] - [0, 21, 36], []
[2025-01-29 23:57:44,592][__main__][INFO] - [0, 21, 37], []
[2025-01-29 23:57:44,639][__main__][INFO] - [0, 21, 38], []
[2025-01-29 23:57:44,685][__main__][INFO] - [0, 21, 39], []
[2025-01-29 23:57:44,790][__main__][INFO] - [0, 22, 25], []
[2025-01-29 23:57:44,837][__main__][INFO] - [0, 22], [25]
[2025-01-29 23:57:44,885][__main__][INFO] - [0, 22, 26], []
[2025-01-29 23:57:44,932][__main__][INFO] - [0, 22], [26]
[2025-01-29 23:57:44,980][__main__][INFO] - [0, 22, 27], []
[2025-01-29 23:57:45,026][__main__][INFO] - [0, 22], [27]
[2025-01-29 23:57:45,074][__main__][INFO] - [0, 22, 28], []
[2025-01-29 23:57:45,122][__main__][INFO] - [0, 22, 29], []
[2025-01-29 23:57:45,169][__main__][INFO] - [0, 22, 30], []
[2025-01-29 23:57:45,216][__main__][INFO] - [0, 22, 31], []
[2025-01-29 23:57:45,264][__main__][INFO] - [0, 22], [31]
[2025-01-29 23:57:45,311][__main__][INFO] - [0, 22, 32], []
[2025-01-29 23:57:45,358][__main__][INFO] - [0, 22, 33], []
[2025-01-29 23:57:45,406][__main__][INFO] - [0, 22, 34], []
[2025-01-29 23:57:45,453][__main__][INFO] - [0, 22, 35], []
[2025-01-29 23:57:45,500][__main__][INFO] - [0, 22, 36], []
[2025-01-29 23:57:45,547][__main__][INFO] - [0, 22, 37], []
[2025-01-29 23:57:45,593][__main__][INFO] - [0, 22, 38], []
[2025-01-29 23:57:45,728][__main__][INFO] - [0, 23, 25], []
[2025-01-29 23:57:45,775][__main__][INFO] - [0, 23], [25]
[2025-01-29 23:57:45,822][__main__][INFO] - [0, 23, 26], []
[2025-01-29 23:57:45,869][__main__][INFO] - [0, 23], [26]
[2025-01-29 23:57:45,916][__main__][INFO] - [0, 23, 27], []
[2025-01-29 23:57:45,963][__main__][INFO] - [0, 23], [27]
[2025-01-29 23:57:46,010][__main__][INFO] - [0, 23, 28], []
[2025-01-29 23:57:46,058][__main__][INFO] - [0, 23, 29], []
[2025-01-29 23:57:46,105][__main__][INFO] - [0, 23, 30], []
[2025-01-29 23:57:46,152][__main__][INFO] - [0, 23, 31], []
[2025-01-29 23:57:46,199][__main__][INFO] - [0, 23], [31]
[2025-01-29 23:57:46,246][__main__][INFO] - [0, 23, 32], []
[2025-01-29 23:57:46,293][__main__][INFO] - [0, 23, 33], []
[2025-01-29 23:57:46,341][__main__][INFO] - [0, 23, 34], []
[2025-01-29 23:57:46,388][__main__][INFO] - [0, 23, 35], []
[2025-01-29 23:57:46,435][__main__][INFO] - [0, 23, 36], []
[2025-01-29 23:57:46,482][__main__][INFO] - [0, 23, 37], []
[2025-01-29 23:57:46,528][__main__][INFO] - [0, 23, 38], []
[2025-01-29 23:57:46,575][__main__][INFO] - [0, 23, 39], []
[2025-01-29 23:57:46,709][__main__][INFO] - [0, 24], [25]
[2025-01-29 23:57:46,786][__main__][INFO] - [0, 24], [26]
[2025-01-29 23:57:46,862][__main__][INFO] - [0, 24], [27]
[2025-01-29 23:57:46,909][__main__][INFO] - [0, 24, 28], []
[2025-01-29 23:57:46,985][__main__][INFO] - [0, 24, 30], []
[2025-01-29 23:57:47,032][__main__][INFO] - [0, 24, 31], []
[2025-01-29 23:57:47,079][__main__][INFO] - [0, 24], [31]
[2025-01-29 23:57:47,125][__main__][INFO] - [0, 24, 32], []
[2025-01-29 23:57:47,172][__main__][INFO] - [0, 24, 33], []
[2025-01-29 23:57:47,219][__main__][INFO] - [0, 24, 34], []
[2025-01-29 23:57:47,266][__main__][INFO] - [0, 24, 35], []
[2025-01-29 23:57:47,313][__main__][INFO] - [0, 24, 36], []
[2025-01-29 23:57:47,536][__main__][INFO] - [0, 25], [26]
[2025-01-29 23:57:47,612][__main__][INFO] - [0, 25], [27]
[2025-01-29 23:57:47,659][__main__][INFO] - [0, 25, 28], []
[2025-01-29 23:57:47,706][__main__][INFO] - [0, 25, 29], []
[2025-01-29 23:57:47,753][__main__][INFO] - [0, 25, 30], []
[2025-01-29 23:57:47,800][__main__][INFO] - [0, 25, 31], []
[2025-01-29 23:57:47,846][__main__][INFO] - [0, 25], [31]
[2025-01-29 23:57:47,893][__main__][INFO] - [0, 25, 32], []
[2025-01-29 23:57:47,940][__main__][INFO] - [0, 25, 33], []
[2025-01-29 23:57:47,987][__main__][INFO] - [0, 25, 34], []
[2025-01-29 23:57:48,034][__main__][INFO] - [0, 25, 35], []
[2025-01-29 23:57:48,081][__main__][INFO] - [0, 25, 36], []
[2025-01-29 23:57:48,274][__main__][INFO] - [0, 26], [25]
[2025-01-29 23:57:48,321][__main__][INFO] - [0], [25, 26]
[2025-01-29 23:57:48,371][__main__][INFO] - [0, 27], [25]
[2025-01-29 23:57:48,417][__main__][INFO] - [0], [25, 27]
[2025-01-29 23:57:48,468][__main__][INFO] - [0, 28], [25]
[2025-01-29 23:57:48,516][__main__][INFO] - [0, 29], [25]
[2025-01-29 23:57:48,563][__main__][INFO] - [0, 30], [25]
[2025-01-29 23:57:48,611][__main__][INFO] - [0, 31], [25]
[2025-01-29 23:57:48,660][__main__][INFO] - [0], [25, 31]
[2025-01-29 23:57:48,709][__main__][INFO] - [0, 32], [25]
[2025-01-29 23:57:48,756][__main__][INFO] - [0, 33], [25]
[2025-01-29 23:57:48,806][__main__][INFO] - [0, 34], [25]
[2025-01-29 23:57:48,853][__main__][INFO] - [0, 35], [25]
[2025-01-29 23:57:48,900][__main__][INFO] - [0, 36], [25]
[2025-01-29 23:57:48,947][__main__][INFO] - [0, 37], [25]
[2025-01-29 23:57:48,994][__main__][INFO] - [0, 38], [25]
[2025-01-29 23:57:49,041][__main__][INFO] - [0, 39], [25]
[2025-01-29 23:57:49,146][__main__][INFO] - [0, 26, 27], []
[2025-01-29 23:57:49,193][__main__][INFO] - [0, 26], [27]
[2025-01-29 23:57:49,239][__main__][INFO] - [0, 26, 28], []
[2025-01-29 23:57:49,286][__main__][INFO] - [0, 26, 29], []
[2025-01-29 23:57:49,332][__main__][INFO] - [0, 26, 30], []
[2025-01-29 23:57:49,379][__main__][INFO] - [0, 26, 31], []
[2025-01-29 23:57:49,426][__main__][INFO] - [0, 26], [31]
[2025-01-29 23:57:49,472][__main__][INFO] - [0, 26, 32], []
[2025-01-29 23:57:49,519][__main__][INFO] - [0, 26, 33], []
[2025-01-29 23:57:49,566][__main__][INFO] - [0, 26, 34], []
[2025-01-29 23:57:49,613][__main__][INFO] - [0, 26, 35], []
[2025-01-29 23:57:49,836][__main__][INFO] - [0, 27], [26]
[2025-01-29 23:57:49,882][__main__][INFO] - [0], [26, 27]
[2025-01-29 23:57:49,933][__main__][INFO] - [0, 28], [26]
[2025-01-29 23:57:49,981][__main__][INFO] - [0, 29], [26]
[2025-01-29 23:57:50,028][__main__][INFO] - [0, 30], [26]
[2025-01-29 23:57:50,077][__main__][INFO] - [0, 31], [26]
[2025-01-29 23:57:50,125][__main__][INFO] - [0], [26, 31]
[2025-01-29 23:57:50,174][__main__][INFO] - [0, 32], [26]
[2025-01-29 23:57:50,221][__main__][INFO] - [0, 33], [26]
[2025-01-29 23:57:50,271][__main__][INFO] - [0, 34], [26]
[2025-01-29 23:57:50,318][__main__][INFO] - [0, 35], [26]
[2025-01-29 23:57:50,366][__main__][INFO] - [0, 36], [26]
[2025-01-29 23:57:50,413][__main__][INFO] - [0, 37], [26]
[2025-01-29 23:57:50,459][__main__][INFO] - [0, 38], [26]
[2025-01-29 23:57:50,506][__main__][INFO] - [0, 39], [26]
[2025-01-29 23:57:50,611][__main__][INFO] - [0, 27, 28], []
[2025-01-29 23:57:50,658][__main__][INFO] - [0, 27, 29], []
[2025-01-29 23:57:50,704][__main__][INFO] - [0, 27, 30], []
[2025-01-29 23:57:50,751][__main__][INFO] - [0, 27, 31], []
[2025-01-29 23:57:50,798][__main__][INFO] - [0, 27], [31]
[2025-01-29 23:57:50,844][__main__][INFO] - [0, 27, 32], []
[2025-01-29 23:57:50,891][__main__][INFO] - [0, 27, 33], []
[2025-01-29 23:57:50,938][__main__][INFO] - [0, 27, 34], []
[2025-01-29 23:57:50,985][__main__][INFO] - [0, 27, 35], []
[2025-01-29 23:57:51,032][__main__][INFO] - [0, 27, 36], []
[2025-01-29 23:57:51,225][__main__][INFO] - [0, 28], [27]
[2025-01-29 23:57:51,274][__main__][INFO] - [0, 29], [27]
[2025-01-29 23:57:51,320][__main__][INFO] - [0, 30], [27]
[2025-01-29 23:57:51,369][__main__][INFO] - [0, 31], [27]
[2025-01-29 23:57:51,418][__main__][INFO] - [0], [27, 31]
[2025-01-29 23:57:51,466][__main__][INFO] - [0, 32], [27]
[2025-01-29 23:57:51,514][__main__][INFO] - [0, 33], [27]
[2025-01-29 23:57:51,563][__main__][INFO] - [0, 34], [27]
[2025-01-29 23:57:51,611][__main__][INFO] - [0, 35], [27]
[2025-01-29 23:57:51,674][__main__][INFO] - [0, 36], [27]
[2025-01-29 23:57:51,721][__main__][INFO] - [0, 37], [27]
[2025-01-29 23:57:51,768][__main__][INFO] - [0, 38], [27]
[2025-01-29 23:57:51,815][__main__][INFO] - [0, 39], [27]
[2025-01-29 23:57:51,920][__main__][INFO] - [0, 28, 31], []
[2025-01-29 23:57:51,968][__main__][INFO] - [0, 28], [31]
[2025-01-29 23:57:52,016][__main__][INFO] - [0, 28, 32], []
[2025-01-29 23:57:52,063][__main__][INFO] - [0, 28, 33], []
[2025-01-29 23:57:52,111][__main__][INFO] - [0, 28, 34], []
[2025-01-29 23:57:52,158][__main__][INFO] - [0, 28, 35], []
[2025-01-29 23:57:52,206][__main__][INFO] - [0, 28, 36], []
[2025-01-29 23:57:52,253][__main__][INFO] - [0, 28, 37], []
[2025-01-29 23:57:52,299][__main__][INFO] - [0, 28, 38], []
[2025-01-29 23:57:52,346][__main__][INFO] - [0, 28, 39], []
[2025-01-29 23:57:52,451][__main__][INFO] - [0, 29, 31], []
[2025-01-29 23:57:52,498][__main__][INFO] - [0, 29], [31]
[2025-01-29 23:57:52,544][__main__][INFO] - [0, 29, 32], []
[2025-01-29 23:57:52,591][__main__][INFO] - [0, 29, 33], []
[2025-01-29 23:57:52,638][__main__][INFO] - [0, 29, 34], []
[2025-01-29 23:57:52,685][__main__][INFO] - [0, 29, 35], []
[2025-01-29 23:57:52,731][__main__][INFO] - [0, 29, 36], []
[2025-01-29 23:57:52,925][__main__][INFO] - [0, 30, 31], []
[2025-01-29 23:57:52,972][__main__][INFO] - [0, 30], [31]
[2025-01-29 23:57:53,020][__main__][INFO] - [0, 30, 32], []
[2025-01-29 23:57:53,067][__main__][INFO] - [0, 30, 33], []
[2025-01-29 23:57:53,115][__main__][INFO] - [0, 30, 34], []
[2025-01-29 23:57:53,161][__main__][INFO] - [0, 30, 35], []
[2025-01-29 23:57:53,208][__main__][INFO] - [0, 30, 36], []
[2025-01-29 23:57:53,255][__main__][INFO] - [0, 30, 37], []
[2025-01-29 23:57:53,302][__main__][INFO] - [0, 30, 38], []
[2025-01-29 23:57:53,349][__main__][INFO] - [0, 30, 39], []
[2025-01-29 23:57:53,454][__main__][INFO] - [0, 31, 32], []
[2025-01-29 23:57:53,501][__main__][INFO] - [0, 31, 33], []
[2025-01-29 23:57:53,549][__main__][INFO] - [0, 31, 34], []
[2025-01-29 23:57:53,596][__main__][INFO] - [0, 31, 35], []
[2025-01-29 23:57:53,642][__main__][INFO] - [0, 31, 36], []
[2025-01-29 23:57:53,689][__main__][INFO] - [0, 31, 37], []
[2025-01-29 23:57:53,736][__main__][INFO] - [0, 31, 38], []
[2025-01-29 23:57:53,783][__main__][INFO] - [0, 31, 39], []
[2025-01-29 23:57:53,889][__main__][INFO] - [0, 32], [31]
[2025-01-29 23:57:53,936][__main__][INFO] - [0, 33], [31]
[2025-01-29 23:57:53,983][__main__][INFO] - [0, 34], [31]
[2025-01-29 23:57:54,030][__main__][INFO] - [0, 35], [31]
[2025-01-29 23:57:54,077][__main__][INFO] - [0, 36], [31]
[2025-01-29 23:57:54,123][__main__][INFO] - [0, 37], [31]
[2025-01-29 23:57:54,170][__main__][INFO] - [0, 38], [31]
[2025-01-29 23:57:54,217][__main__][INFO] - [0, 39], [31]
[2025-01-29 23:57:54,350][__main__][INFO] - [1, 10, 11], []
[2025-01-29 23:57:54,435][__main__][INFO] - [1, 10, 12], []
[2025-01-29 23:57:54,485][__main__][INFO] - [1, 10, 13], []
[2025-01-29 23:57:54,534][__main__][INFO] - [1, 10, 14], []
[2025-01-29 23:57:54,611][__main__][INFO] - [1, 10, 16], []
[2025-01-29 23:57:54,761][__main__][INFO] - [1, 10, 20], []
[2025-01-29 23:57:54,836][__main__][INFO] - [1, 10, 21], []
[2025-01-29 23:57:54,902][__main__][INFO] - [1, 10, 22], []
[2025-01-29 23:57:54,958][__main__][INFO] - [1, 10, 23], []
[2025-01-29 23:57:55,013][__main__][INFO] - [1, 10, 24], []
[2025-01-29 23:57:55,060][__main__][INFO] - [1, 10, 25], []
[2025-01-29 23:57:55,112][__main__][INFO] - [1, 10], [25]
[2025-01-29 23:57:55,199][__main__][INFO] - [1, 10, 26], []
[2025-01-29 23:57:55,253][__main__][INFO] - [1, 10], [26]
[2025-01-29 23:57:55,337][__main__][INFO] - [1, 10, 27], []
[2025-01-29 23:57:55,395][__main__][INFO] - [1, 10], [27]
[2025-01-29 23:57:55,473][__main__][INFO] - [1, 10, 28], []
[2025-01-29 23:57:55,535][__main__][INFO] - [1, 10, 29], []
[2025-01-29 23:57:55,637][__main__][INFO] - [1, 10, 31], []
[2025-01-29 23:57:55,702][__main__][INFO] - [1, 10], [31]
[2025-01-29 23:57:55,770][__main__][INFO] - [1, 10, 32], []
[2025-01-29 23:57:55,823][__main__][INFO] - [1, 10, 33], []
[2025-01-29 23:57:55,886][__main__][INFO] - [1, 10, 34], []
[2025-01-29 23:57:55,937][__main__][INFO] - [1, 10, 35], []
[2025-01-29 23:57:55,989][__main__][INFO] - [1, 10, 36], []
[2025-01-29 23:57:56,047][__main__][INFO] - [1, 10, 37], []
[2025-01-29 23:57:56,213][__main__][INFO] - [1, 11], [10]
[2025-01-29 23:57:56,695][__main__][INFO] - [1, 12], [10]
[2025-01-29 23:57:56,762][__main__][INFO] - [1, 13], [10]
[2025-01-29 23:57:56,819][__main__][INFO] - [1, 14], [10]
[2025-01-29 23:57:56,874][__main__][INFO] - [1, 15], [10]
[2025-01-29 23:57:56,922][__main__][INFO] - [1, 16], [10]
[2025-01-29 23:57:57,070][__main__][INFO] - [1, 17], [10]
[2025-01-29 23:57:57,118][__main__][INFO] - [1, 18], [10]
[2025-01-29 23:57:57,194][__main__][INFO] - [1, 20], [10]
[2025-01-29 23:57:57,603][__main__][INFO] - [1, 21], [10]
[2025-01-29 23:57:57,911][__main__][INFO] - [1, 22], [10]
[2025-01-29 23:57:58,058][__main__][INFO] - [1, 23], [10]
[2025-01-29 23:57:58,176][__main__][INFO] - [1, 24], [10]
[2025-01-29 23:57:58,228][__main__][INFO] - [1, 25], [10]
[2025-01-29 23:57:58,307][__main__][INFO] - [1], [10, 25]
[2025-01-29 23:57:58,829][__main__][INFO] - [1], [10, 26]
[2025-01-29 23:57:59,412][__main__][INFO] - [1], [10, 27]
[2025-01-29 23:57:59,949][__main__][INFO] - [1, 28], [10]
[2025-01-29 23:58:00,556][__main__][INFO] - [1, 31], [10]
[2025-01-29 23:58:00,816][__main__][INFO] - [1], [10, 31]
[2025-01-29 23:58:01,091][__main__][INFO] - [1, 32], [10]
[2025-01-29 23:58:01,193][__main__][INFO] - [1, 33], [10]
[2025-01-29 23:58:01,482][__main__][INFO] - [1, 34], [10]
[2025-01-29 23:58:01,559][__main__][INFO] - [1, 35], [10]
[2025-01-29 23:58:01,661][__main__][INFO] - [1, 36], [10]
[2025-01-29 23:58:01,724][__main__][INFO] - [1, 37], [10]
[2025-01-29 23:58:01,774][__main__][INFO] - [1, 38], [10]
[2025-01-29 23:58:01,823][__main__][INFO] - [1, 39], [10]
[2025-01-29 23:58:01,930][__main__][INFO] - [1, 11, 16], []
[2025-01-29 23:58:02,071][__main__][INFO] - [1, 11, 17], []
[2025-01-29 23:58:02,119][__main__][INFO] - [1, 11, 18], []
[2025-01-29 23:58:02,166][__main__][INFO] - [1, 11, 19], []
[2025-01-29 23:58:02,213][__main__][INFO] - [1, 11, 20], []
[2025-01-29 23:58:02,616][__main__][INFO] - [1, 11, 21], []
[2025-01-29 23:58:02,912][__main__][INFO] - [1, 11, 22], []
[2025-01-29 23:58:03,063][__main__][INFO] - [1, 11, 23], []
[2025-01-29 23:58:03,178][__main__][INFO] - [1, 11, 24], []
[2025-01-29 23:58:03,260][__main__][INFO] - [1, 11], [25]
[2025-01-29 23:58:03,793][__main__][INFO] - [1, 11, 26], []
[2025-01-29 23:58:03,846][__main__][INFO] - [1, 11], [26]
[2025-01-29 23:58:04,363][__main__][INFO] - [1, 11, 27], []
[2025-01-29 23:58:04,418][__main__][INFO] - [1, 11], [27]
[2025-01-29 23:58:04,925][__main__][INFO] - [1, 11, 28], []
[2025-01-29 23:58:05,417][__main__][INFO] - [1, 11, 29], []
[2025-01-29 23:58:05,514][__main__][INFO] - [1, 11, 31], []
[2025-01-29 23:58:05,766][__main__][INFO] - [1, 11], [31]
[2025-01-29 23:58:06,045][__main__][INFO] - [1, 11, 32], []
[2025-01-29 23:58:06,146][__main__][INFO] - [1, 11, 33], []
[2025-01-29 23:58:06,442][__main__][INFO] - [1, 11, 34], []
[2025-01-29 23:58:06,521][__main__][INFO] - [1, 11, 35], []
[2025-01-29 23:58:06,611][__main__][INFO] - [1, 11, 36], []
[2025-01-29 23:58:06,676][__main__][INFO] - [1, 11, 37], []
[2025-01-29 23:58:06,727][__main__][INFO] - [1, 11, 38], []
[2025-01-29 23:58:06,775][__main__][INFO] - [1, 11, 39], []
[2025-01-29 23:58:06,883][__main__][INFO] - [1, 12, 16], []
[2025-01-29 23:58:07,027][__main__][INFO] - [1, 12, 20], []
[2025-01-29 23:58:07,087][__main__][INFO] - [1, 12, 21], []
[2025-01-29 23:58:07,151][__main__][INFO] - [1, 12, 22], []
[2025-01-29 23:58:07,200][__main__][INFO] - [1, 12, 23], []
[2025-01-29 23:58:07,280][__main__][INFO] - [1, 12, 25], []
[2025-01-29 23:58:07,380][__main__][INFO] - [1, 12, 26], []
[2025-01-29 23:58:07,427][__main__][INFO] - [1, 12], [26]
[2025-01-29 23:58:07,496][__main__][INFO] - [1, 12, 27], []
[2025-01-29 23:58:07,544][__main__][INFO] - [1, 12], [27]
[2025-01-29 23:58:07,613][__main__][INFO] - [1, 12, 28], []
[2025-01-29 23:58:07,682][__main__][INFO] - [1, 12, 29], []
[2025-01-29 23:58:07,760][__main__][INFO] - [1, 12, 31], []
[2025-01-29 23:58:07,817][__main__][INFO] - [1, 12], [31]
[2025-01-29 23:58:07,875][__main__][INFO] - [1, 12, 32], []
[2025-01-29 23:58:07,926][__main__][INFO] - [1, 12, 33], []
[2025-01-29 23:58:07,980][__main__][INFO] - [1, 12, 34], []
[2025-01-29 23:58:08,029][__main__][INFO] - [1, 12, 35], []
[2025-01-29 23:58:08,083][__main__][INFO] - [1, 12, 36], []
[2025-01-29 23:58:08,278][__main__][INFO] - [1, 13, 16], []
[2025-01-29 23:58:08,418][__main__][INFO] - [1, 13, 20], []
[2025-01-29 23:58:08,473][__main__][INFO] - [1, 13, 21], []
[2025-01-29 23:58:08,527][__main__][INFO] - [1, 13, 22], []
[2025-01-29 23:58:08,575][__main__][INFO] - [1, 13, 23], []
[2025-01-29 23:58:08,656][__main__][INFO] - [1, 13, 25], []
[2025-01-29 23:58:08,774][__main__][INFO] - [1, 13], [26]
[2025-01-29 23:58:08,832][__main__][INFO] - [1, 13, 27], []
[2025-01-29 23:58:08,880][__main__][INFO] - [1, 13], [27]
[2025-01-29 23:58:08,938][__main__][INFO] - [1, 13, 28], []
[2025-01-29 23:58:08,996][__main__][INFO] - [1, 13, 29], []
[2025-01-29 23:58:09,074][__main__][INFO] - [1, 13, 31], []
[2025-01-29 23:58:09,126][__main__][INFO] - [1, 13], [31]
[2025-01-29 23:58:09,179][__main__][INFO] - [1, 13, 32], []
[2025-01-29 23:58:09,228][__main__][INFO] - [1, 13, 33], []
[2025-01-29 23:58:09,278][__main__][INFO] - [1, 13, 34], []
[2025-01-29 23:58:09,326][__main__][INFO] - [1, 13, 35], []
[2025-01-29 23:58:09,378][__main__][INFO] - [1, 13, 36], []
[2025-01-29 23:58:09,573][__main__][INFO] - [1, 14, 16], []
[2025-01-29 23:58:09,712][__main__][INFO] - [1, 14, 20], []
[2025-01-29 23:58:09,765][__main__][INFO] - [1, 14, 21], []
[2025-01-29 23:58:09,815][__main__][INFO] - [1, 14, 22], []
[2025-01-29 23:58:09,864][__main__][INFO] - [1, 14, 23], []
[2025-01-29 23:58:09,975][__main__][INFO] - [1, 14], [25]
[2025-01-29 23:58:10,060][__main__][INFO] - [1, 14], [26]
[2025-01-29 23:58:10,116][__main__][INFO] - [1, 14, 27], []
[2025-01-29 23:58:10,163][__main__][INFO] - [1, 14], [27]
[2025-01-29 23:58:10,219][__main__][INFO] - [1, 14, 28], []
[2025-01-29 23:58:10,274][__main__][INFO] - [1, 14, 29], []
[2025-01-29 23:58:10,350][__main__][INFO] - [1, 14, 31], []
[2025-01-29 23:58:10,401][__main__][INFO] - [1, 14], [31]
[2025-01-29 23:58:10,453][__main__][INFO] - [1, 14, 32], []
[2025-01-29 23:58:10,501][__main__][INFO] - [1, 14, 33], []
[2025-01-29 23:58:10,552][__main__][INFO] - [1, 14, 34], []
[2025-01-29 23:58:10,600][__main__][INFO] - [1, 14, 35], []
[2025-01-29 23:58:10,649][__main__][INFO] - [1, 14, 36], []
[2025-01-29 23:58:10,843][__main__][INFO] - [1, 15, 16], []
[2025-01-29 23:58:10,980][__main__][INFO] - [1, 15, 20], []
[2025-01-29 23:58:11,027][__main__][INFO] - [1, 15, 21], []
[2025-01-29 23:58:11,201][__main__][INFO] - [1, 15], [25]
[2025-01-29 23:58:11,279][__main__][INFO] - [1, 15], [26]
[2025-01-29 23:58:11,358][__main__][INFO] - [1, 15], [27]
[2025-01-29 23:58:11,407][__main__][INFO] - [1, 15, 28], []
[2025-01-29 23:58:11,514][__main__][INFO] - [1, 15, 31], []
[2025-01-29 23:58:11,563][__main__][INFO] - [1, 15], [31]
[2025-01-29 23:58:11,912][__main__][INFO] - [1, 16, 21], []
[2025-01-29 23:58:12,023][__main__][INFO] - [1, 16, 22], []
[2025-01-29 23:58:12,092][__main__][INFO] - [1, 16, 23], []
[2025-01-29 23:58:12,157][__main__][INFO] - [1, 16, 24], []
[2025-01-29 23:58:12,206][__main__][INFO] - [1, 16, 25], []
[2025-01-29 23:58:12,266][__main__][INFO] - [1, 16], [25]
[2025-01-29 23:58:12,416][__main__][INFO] - [1, 16, 26], []
[2025-01-29 23:58:12,466][__main__][INFO] - [1, 16], [26]
[2025-01-29 23:58:12,631][__main__][INFO] - [1, 16, 27], []
[2025-01-29 23:58:12,682][__main__][INFO] - [1, 16], [27]
[2025-01-29 23:58:12,843][__main__][INFO] - [1, 16, 28], []
[2025-01-29 23:58:13,001][__main__][INFO] - [1, 16, 29], []
[2025-01-29 23:58:13,085][__main__][INFO] - [1, 16, 31], []
[2025-01-29 23:58:13,185][__main__][INFO] - [1, 16], [31]
[2025-01-29 23:58:13,286][__main__][INFO] - [1, 16, 32], []
[2025-01-29 23:58:13,347][__main__][INFO] - [1, 16, 33], []
[2025-01-29 23:58:13,446][__main__][INFO] - [1, 16, 34], []
[2025-01-29 23:58:13,501][__main__][INFO] - [1, 16, 35], []
[2025-01-29 23:58:13,561][__main__][INFO] - [1, 16, 36], []
[2025-01-29 23:58:13,613][__main__][INFO] - [1, 16, 37], []
[2025-01-29 23:58:13,662][__main__][INFO] - [1, 16, 38], []
[2025-01-29 23:58:13,713][__main__][INFO] - [1, 16, 39], []
[2025-01-29 23:58:13,820][__main__][INFO] - [1, 17, 21], []
[2025-01-29 23:58:13,986][__main__][INFO] - [1, 17], [25]
[2025-01-29 23:58:14,063][__main__][INFO] - [1, 17], [26]
[2025-01-29 23:58:14,141][__main__][INFO] - [1, 17], [27]
[2025-01-29 23:58:14,189][__main__][INFO] - [1, 17, 28], []
[2025-01-29 23:58:14,326][__main__][INFO] - [1, 17], [31]
[2025-01-29 23:58:14,404][__main__][INFO] - [1, 17, 33], []
[2025-01-29 23:58:14,687][__main__][INFO] - [1, 18, 21], []
[2025-01-29 23:58:14,734][__main__][INFO] - [1, 18, 22], []
[2025-01-29 23:58:14,869][__main__][INFO] - [1, 18], [25]
[2025-01-29 23:58:14,946][__main__][INFO] - [1, 18], [26]
[2025-01-29 23:58:15,022][__main__][INFO] - [1, 18], [27]
[2025-01-29 23:58:15,069][__main__][INFO] - [1, 18, 28], []
[2025-01-29 23:58:15,204][__main__][INFO] - [1, 18], [31]
[2025-01-29 23:58:15,281][__main__][INFO] - [1, 18, 33], []
[2025-01-29 23:58:15,714][__main__][INFO] - [1, 19], [25]
[2025-01-29 23:58:15,792][__main__][INFO] - [1, 19], [26]
[2025-01-29 23:58:15,871][__main__][INFO] - [1, 19], [27]
[2025-01-29 23:58:16,360][__main__][INFO] - [1, 20, 21], []
[2025-01-29 23:58:16,610][__main__][INFO] - [1, 20, 22], []
[2025-01-29 23:58:16,745][__main__][INFO] - [1, 20, 23], []
[2025-01-29 23:58:16,851][__main__][INFO] - [1, 20, 24], []
[2025-01-29 23:58:16,902][__main__][INFO] - [1, 20, 25], []
[2025-01-29 23:58:16,971][__main__][INFO] - [1, 20], [25]
[2025-01-29 23:58:17,386][__main__][INFO] - [1, 20, 26], []
[2025-01-29 23:58:17,433][__main__][INFO] - [1, 20], [26]
[2025-01-29 23:58:17,866][__main__][INFO] - [1, 20, 27], []
[2025-01-29 23:58:17,919][__main__][INFO] - [1, 20], [27]
[2025-01-29 23:58:18,345][__main__][INFO] - [1, 20, 28], []
[2025-01-29 23:58:18,769][__main__][INFO] - [1, 20, 29], []
[2025-01-29 23:58:18,861][__main__][INFO] - [1, 20, 31], []
[2025-01-29 23:58:19,081][__main__][INFO] - [1, 20], [31]
[2025-01-29 23:58:19,319][__main__][INFO] - [1, 20, 32], []
[2025-01-29 23:58:19,414][__main__][INFO] - [1, 20, 33], []
[2025-01-29 23:58:19,655][__main__][INFO] - [1, 20, 34], []
[2025-01-29 23:58:19,730][__main__][INFO] - [1, 20, 35], []
[2025-01-29 23:58:19,819][__main__][INFO] - [1, 20, 36], []
[2025-01-29 23:58:19,879][__main__][INFO] - [1, 20, 37], []
[2025-01-29 23:58:19,930][__main__][INFO] - [1, 20, 38], []
[2025-01-29 23:58:19,978][__main__][INFO] - [1, 20, 39], []
[2025-01-29 23:58:20,083][__main__][INFO] - [1, 21, 25], []
[2025-01-29 23:58:20,155][__main__][INFO] - [1, 21], [25]
[2025-01-29 23:58:20,454][__main__][INFO] - [1, 21, 26], []
[2025-01-29 23:58:20,505][__main__][INFO] - [1, 21], [26]
[2025-01-29 23:58:20,835][__main__][INFO] - [1, 21, 27], []
[2025-01-29 23:58:20,887][__main__][INFO] - [1, 21], [27]
[2025-01-29 23:58:21,222][__main__][INFO] - [1, 21, 28], []
[2025-01-29 23:58:21,539][__main__][INFO] - [1, 21, 29], []
[2025-01-29 23:58:21,627][__main__][INFO] - [1, 21, 31], []
[2025-01-29 23:58:21,796][__main__][INFO] - [1, 21], [31]
[2025-01-29 23:58:21,981][__main__][INFO] - [1, 21, 32], []
[2025-01-29 23:58:22,074][__main__][INFO] - [1, 21, 33], []
[2025-01-29 23:58:22,253][__main__][INFO] - [1, 21, 34], []
[2025-01-29 23:58:22,305][__main__][INFO] - [1, 21, 35], []
[2025-01-29 23:58:22,392][__main__][INFO] - [1, 21, 36], []
[2025-01-29 23:58:22,450][__main__][INFO] - [1, 21, 37], []
[2025-01-29 23:58:22,500][__main__][INFO] - [1, 21, 38], []
[2025-01-29 23:58:22,549][__main__][INFO] - [1, 21, 39], []
[2025-01-29 23:58:22,656][__main__][INFO] - [1, 22, 25], []
[2025-01-29 23:58:22,706][__main__][INFO] - [1, 22], [25]
[2025-01-29 23:58:22,866][__main__][INFO] - [1, 22, 26], []
[2025-01-29 23:58:22,915][__main__][INFO] - [1, 22], [26]
[2025-01-29 23:58:23,074][__main__][INFO] - [1, 22, 27], []
[2025-01-29 23:58:23,124][__main__][INFO] - [1, 22], [27]
[2025-01-29 23:58:23,282][__main__][INFO] - [1, 22, 28], []
[2025-01-29 23:58:23,432][__main__][INFO] - [1, 22, 29], []
[2025-01-29 23:58:23,514][__main__][INFO] - [1, 22, 31], []
[2025-01-29 23:58:23,610][__main__][INFO] - [1, 22], [31]
[2025-01-29 23:58:23,709][__main__][INFO] - [1, 22, 32], []
[2025-01-29 23:58:23,761][__main__][INFO] - [1, 22, 33], []
[2025-01-29 23:58:23,872][__main__][INFO] - [1, 22, 34], []
[2025-01-29 23:58:23,940][__main__][INFO] - [1, 22, 35], []
[2025-01-29 23:58:23,993][__main__][INFO] - [1, 22, 36], []
[2025-01-29 23:58:24,043][__main__][INFO] - [1, 22, 37], []
[2025-01-29 23:58:24,091][__main__][INFO] - [1, 22, 38], []
[2025-01-29 23:58:24,139][__main__][INFO] - [1, 22, 39], []
[2025-01-29 23:58:24,245][__main__][INFO] - [1, 23, 25], []
[2025-01-29 23:58:24,299][__main__][INFO] - [1, 23], [25]
[2025-01-29 23:58:24,419][__main__][INFO] - [1, 23, 26], []
[2025-01-29 23:58:24,468][__main__][INFO] - [1, 23], [26]
[2025-01-29 23:58:24,597][__main__][INFO] - [1, 23, 27], []
[2025-01-29 23:58:24,646][__main__][INFO] - [1, 23], [27]
[2025-01-29 23:58:24,773][__main__][INFO] - [1, 23, 28], []
[2025-01-29 23:58:24,896][__main__][INFO] - [1, 23, 29], []
[2025-01-29 23:58:24,977][__main__][INFO] - [1, 23, 31], []
[2025-01-29 23:58:25,060][__main__][INFO] - [1, 23], [31]
[2025-01-29 23:58:25,145][__main__][INFO] - [1, 23, 32], []
[2025-01-29 23:58:25,203][__main__][INFO] - [1, 23, 33], []
[2025-01-29 23:58:25,291][__main__][INFO] - [1, 23, 34], []
[2025-01-29 23:58:25,343][__main__][INFO] - [1, 23, 35], []
[2025-01-29 23:58:25,399][__main__][INFO] - [1, 23, 36], []
[2025-01-29 23:58:25,450][__main__][INFO] - [1, 23, 37], []
[2025-01-29 23:58:25,498][__main__][INFO] - [1, 23, 38], []
[2025-01-29 23:58:25,545][__main__][INFO] - [1, 23, 39], []
[2025-01-29 23:58:25,681][__main__][INFO] - [1, 24], [25]
[2025-01-29 23:58:25,763][__main__][INFO] - [1, 24], [26]
[2025-01-29 23:58:25,845][__main__][INFO] - [1, 24], [27]
[2025-01-29 23:58:25,898][__main__][INFO] - [1, 24, 28], []
[2025-01-29 23:58:25,950][__main__][INFO] - [1, 24, 29], []
[2025-01-29 23:58:26,027][__main__][INFO] - [1, 24, 31], []
[2025-01-29 23:58:26,077][__main__][INFO] - [1, 24], [31]
[2025-01-29 23:58:26,127][__main__][INFO] - [1, 24, 32], []
[2025-01-29 23:58:26,176][__main__][INFO] - [1, 24, 33], []
[2025-01-29 23:58:26,226][__main__][INFO] - [1, 24, 34], []
[2025-01-29 23:58:26,275][__main__][INFO] - [1, 24, 35], []
[2025-01-29 23:58:26,321][__main__][INFO] - [1, 24, 36], []
[2025-01-29 23:58:26,515][__main__][INFO] - [1, 25, 26], []
[2025-01-29 23:58:26,562][__main__][INFO] - [1, 25], [26]
[2025-01-29 23:58:26,644][__main__][INFO] - [1, 25, 27], []
[2025-01-29 23:58:26,693][__main__][INFO] - [1, 25], [27]
[2025-01-29 23:58:26,774][__main__][INFO] - [1, 25, 28], []
[2025-01-29 23:58:26,855][__main__][INFO] - [1, 25, 29], []
[2025-01-29 23:58:26,934][__main__][INFO] - [1, 25, 31], []
[2025-01-29 23:58:26,998][__main__][INFO] - [1, 25], [31]
[2025-01-29 23:58:27,061][__main__][INFO] - [1, 25, 32], []
[2025-01-29 23:58:27,114][__main__][INFO] - [1, 25, 33], []
[2025-01-29 23:58:27,171][__main__][INFO] - [1, 25, 34], []
[2025-01-29 23:58:27,221][__main__][INFO] - [1, 25, 35], []
[2025-01-29 23:58:27,278][__main__][INFO] - [1, 25, 36], []
[2025-01-29 23:58:27,357][__main__][INFO] - [1, 25, 38], []
[2025-01-29 23:58:27,493][__main__][INFO] - [1, 26], [25]
[2025-01-29 23:58:27,545][__main__][INFO] - [1], [25, 26]
[2025-01-29 23:58:28,091][__main__][INFO] - [1, 27], [25]
[2025-01-29 23:58:28,161][__main__][INFO] - [1], [25, 27]
[2025-01-29 23:58:28,699][__main__][INFO] - [1, 28], [25]
[2025-01-29 23:58:29,209][__main__][INFO] - [1, 29], [25]
[2025-01-29 23:58:29,307][__main__][INFO] - [1, 31], [25]
[2025-01-29 23:58:29,573][__main__][INFO] - [1], [25, 31]
[2025-01-29 23:58:29,852][__main__][INFO] - [1, 32], [25]
[2025-01-29 23:58:29,957][__main__][INFO] - [1, 33], [25]
[2025-01-29 23:58:30,250][__main__][INFO] - [1, 34], [25]
[2025-01-29 23:58:30,330][__main__][INFO] - [1, 35], [25]
[2025-01-29 23:58:30,421][__main__][INFO] - [1, 36], [25]
[2025-01-29 23:58:30,487][__main__][INFO] - [1, 37], [25]
[2025-01-29 23:58:30,538][__main__][INFO] - [1, 38], [25]
[2025-01-29 23:58:30,588][__main__][INFO] - [1, 39], [25]
[2025-01-29 23:58:30,695][__main__][INFO] - [1, 26, 27], []
[2025-01-29 23:58:30,744][__main__][INFO] - [1, 26], [27]
[2025-01-29 23:58:30,795][__main__][INFO] - [1, 26, 28], []
[2025-01-29 23:58:30,845][__main__][INFO] - [1, 26, 29], []
[2025-01-29 23:58:30,924][__main__][INFO] - [1, 26, 31], []
[2025-01-29 23:58:30,975][__main__][INFO] - [1, 26], [31]
[2025-01-29 23:58:31,025][__main__][INFO] - [1, 26, 32], []
[2025-01-29 23:58:31,074][__main__][INFO] - [1, 26, 33], []
[2025-01-29 23:58:31,123][__main__][INFO] - [1, 26, 34], []
[2025-01-29 23:58:31,170][__main__][INFO] - [1, 26, 35], []
[2025-01-29 23:58:31,396][__main__][INFO] - [1, 27], [26]
[2025-01-29 23:58:31,451][__main__][INFO] - [1], [26, 27]
[2025-01-29 23:58:32,043][__main__][INFO] - [1, 28], [26]
[2025-01-29 23:58:32,604][__main__][INFO] - [1, 29], [26]
[2025-01-29 23:58:32,701][__main__][INFO] - [1, 31], [26]
[2025-01-29 23:58:32,983][__main__][INFO] - [1], [26, 31]
[2025-01-29 23:58:33,301][__main__][INFO] - [1, 32], [26]
[2025-01-29 23:58:33,409][__main__][INFO] - [1, 33], [26]
[2025-01-29 23:58:33,713][__main__][INFO] - [1, 34], [26]
[2025-01-29 23:58:33,794][__main__][INFO] - [1, 35], [26]
[2025-01-29 23:58:33,898][__main__][INFO] - [1, 36], [26]
[2025-01-29 23:58:33,964][__main__][INFO] - [1, 37], [26]
[2025-01-29 23:58:34,016][__main__][INFO] - [1, 38], [26]
[2025-01-29 23:58:34,065][__main__][INFO] - [1, 39], [26]
[2025-01-29 23:58:34,173][__main__][INFO] - [1, 27, 28], []
[2025-01-29 23:58:34,226][__main__][INFO] - [1, 27, 29], []
[2025-01-29 23:58:34,306][__main__][INFO] - [1, 27, 31], []
[2025-01-29 23:58:34,358][__main__][INFO] - [1, 27], [31]
[2025-01-29 23:58:34,410][__main__][INFO] - [1, 27, 32], []
[2025-01-29 23:58:34,459][__main__][INFO] - [1, 27, 33], []
[2025-01-29 23:58:34,510][__main__][INFO] - [1, 27, 34], []
[2025-01-29 23:58:34,559][__main__][INFO] - [1, 27, 35], []
[2025-01-29 23:58:34,608][__main__][INFO] - [1, 27, 36], []
[2025-01-29 23:58:34,804][__main__][INFO] - [1, 28], [27]
[2025-01-29 23:58:35,367][__main__][INFO] - [1, 29], [27]
[2025-01-29 23:58:35,462][__main__][INFO] - [1, 31], [27]
[2025-01-29 23:58:35,745][__main__][INFO] - [1], [27, 31]
[2025-01-29 23:58:36,039][__main__][INFO] - [1, 32], [27]
[2025-01-29 23:58:36,148][__main__][INFO] - [1, 33], [27]
[2025-01-29 23:58:36,456][__main__][INFO] - [1, 34], [27]
[2025-01-29 23:58:36,537][__main__][INFO] - [1, 35], [27]
[2025-01-29 23:58:36,638][__main__][INFO] - [1, 36], [27]
[2025-01-29 23:58:36,703][__main__][INFO] - [1, 37], [27]
[2025-01-29 23:58:36,755][__main__][INFO] - [1, 38], [27]
[2025-01-29 23:58:36,804][__main__][INFO] - [1, 39], [27]
[2025-01-29 23:58:36,912][__main__][INFO] - [1, 28, 31], []
[2025-01-29 23:58:37,188][__main__][INFO] - [1, 28], [31]
[2025-01-29 23:58:37,471][__main__][INFO] - [1, 28, 32], []
[2025-01-29 23:58:37,578][__main__][INFO] - [1, 28, 33], []
[2025-01-29 23:58:37,873][__main__][INFO] - [1, 28, 34], []
[2025-01-29 23:58:37,953][__main__][INFO] - [1, 28, 35], []
[2025-01-29 23:58:38,055][__main__][INFO] - [1, 28, 36], []
[2025-01-29 23:58:38,119][__main__][INFO] - [1, 28, 37], []
[2025-01-29 23:58:38,171][__main__][INFO] - [1, 28, 38], []
[2025-01-29 23:58:38,220][__main__][INFO] - [1, 28, 39], []
[2025-01-29 23:58:38,327][__main__][INFO] - [1, 29, 31], []
[2025-01-29 23:58:38,383][__main__][INFO] - [1, 29], [31]
[2025-01-29 23:58:38,442][__main__][INFO] - [1, 29, 32], []
[2025-01-29 23:58:38,493][__main__][INFO] - [1, 29, 33], []
[2025-01-29 23:58:38,549][__main__][INFO] - [1, 29, 34], []
[2025-01-29 23:58:38,599][__main__][INFO] - [1, 29, 35], []
[2025-01-29 23:58:38,649][__main__][INFO] - [1, 29, 36], []
[2025-01-29 23:58:38,695][__main__][INFO] - [1, 29, 37], []
[2025-01-29 23:58:38,889][__main__][INFO] - [1, 31, 32], []
[2025-01-29 23:58:38,963][__main__][INFO] - [1, 31, 33], []
[2025-01-29 23:58:39,125][__main__][INFO] - [1, 31, 34], []
[2025-01-29 23:58:39,188][__main__][INFO] - [1, 31, 35], []
[2025-01-29 23:58:39,261][__main__][INFO] - [1, 31, 36], []
[2025-01-29 23:58:39,315][__main__][INFO] - [1, 31, 37], []
[2025-01-29 23:58:39,365][__main__][INFO] - [1, 31, 38], []
[2025-01-29 23:58:39,413][__main__][INFO] - [1, 31, 39], []
[2025-01-29 23:58:39,520][__main__][INFO] - [1, 32], [31]
[2025-01-29 23:58:39,597][__main__][INFO] - [1, 33], [31]
[2025-01-29 23:58:39,768][__main__][INFO] - [1, 34], [31]
[2025-01-29 23:58:39,847][__main__][INFO] - [1, 35], [31]
[2025-01-29 23:58:39,920][__main__][INFO] - [1, 36], [31]
[2025-01-29 23:58:39,977][__main__][INFO] - [1, 37], [31]
[2025-01-29 23:58:40,026][__main__][INFO] - [1, 38], [31]
[2025-01-29 23:58:40,075][__main__][INFO] - [1, 39], [31]
[2025-01-29 23:58:40,209][__main__][INFO] - [2, 10, 11], []
[2025-01-29 23:58:40,296][__main__][INFO] - [2, 10, 12], []
[2025-01-29 23:58:40,347][__main__][INFO] - [2, 10, 13], []
[2025-01-29 23:58:40,397][__main__][INFO] - [2, 10, 14], []
[2025-01-29 23:58:40,475][__main__][INFO] - [2, 10, 16], []
[2025-01-29 23:58:40,575][__main__][INFO] - [2, 10, 17], []
[2025-01-29 23:58:40,624][__main__][INFO] - [2, 10, 18], []
[2025-01-29 23:58:40,671][__main__][INFO] - [2, 10, 19], []
[2025-01-29 23:58:40,748][__main__][INFO] - [2, 10, 21], []
[2025-01-29 23:58:40,818][__main__][INFO] - [2, 10, 22], []
[2025-01-29 23:58:40,875][__main__][INFO] - [2, 10, 23], []
[2025-01-29 23:58:40,931][__main__][INFO] - [2, 10, 24], []
[2025-01-29 23:58:40,980][__main__][INFO] - [2, 10, 25], []
[2025-01-29 23:58:41,034][__main__][INFO] - [2, 10], [25]
[2025-01-29 23:58:41,123][__main__][INFO] - [2, 10, 26], []
[2025-01-29 23:58:41,178][__main__][INFO] - [2, 10], [26]
[2025-01-29 23:58:41,267][__main__][INFO] - [2, 10, 27], []
[2025-01-29 23:58:41,325][__main__][INFO] - [2, 10], [27]
[2025-01-29 23:58:41,408][__main__][INFO] - [2, 10, 28], []
[2025-01-29 23:58:41,475][__main__][INFO] - [2, 10, 29], []
[2025-01-29 23:58:41,578][__main__][INFO] - [2, 10, 31], []
[2025-01-29 23:58:41,645][__main__][INFO] - [2, 10], [31]
[2025-01-29 23:58:41,718][__main__][INFO] - [2, 10, 32], []
[2025-01-29 23:58:41,772][__main__][INFO] - [2, 10, 33], []
[2025-01-29 23:58:41,838][__main__][INFO] - [2, 10, 34], []
[2025-01-29 23:58:41,890][__main__][INFO] - [2, 10, 35], []
[2025-01-29 23:58:41,941][__main__][INFO] - [2, 10, 36], []
[2025-01-29 23:58:41,992][__main__][INFO] - [2, 10, 37], []
[2025-01-29 23:58:42,070][__main__][INFO] - [2, 10, 39], []
[2025-01-29 23:58:42,177][__main__][INFO] - [2, 11], [10]
[2025-01-29 23:58:42,653][__main__][INFO] - [2, 12], [10]
[2025-01-29 23:58:42,750][__main__][INFO] - [2, 13], [10]
[2025-01-29 23:58:42,820][__main__][INFO] - [2, 14], [10]
[2025-01-29 23:58:42,874][__main__][INFO] - [2, 15], [10]
[2025-01-29 23:58:42,923][__main__][INFO] - [2, 16], [10]
[2025-01-29 23:58:43,467][__main__][INFO] - [2, 17], [10]
[2025-01-29 23:58:43,521][__main__][INFO] - [2, 18], [10]
[2025-01-29 23:58:43,568][__main__][INFO] - [2, 19], [10]
[2025-01-29 23:58:43,649][__main__][INFO] - [2, 21], [10]
[2025-01-29 23:58:43,999][__main__][INFO] - [2, 22], [10]
[2025-01-29 23:58:44,146][__main__][INFO] - [2, 23], [10]
[2025-01-29 23:58:44,270][__main__][INFO] - [2, 24], [10]
[2025-01-29 23:58:44,323][__main__][INFO] - [2, 25], [10]
[2025-01-29 23:58:44,447][__main__][INFO] - [2], [10, 25]
[2025-01-29 23:58:44,952][__main__][INFO] - [2], [10, 26]
[2025-01-29 23:58:45,564][__main__][INFO] - [2], [10, 27]
[2025-01-29 23:58:46,144][__main__][INFO] - [2, 28], [10]
[2025-01-29 23:58:46,793][__main__][INFO] - [2, 31], [10]
[2025-01-29 23:58:47,069][__main__][INFO] - [2], [10, 31]
[2025-01-29 23:58:47,365][__main__][INFO] - [2, 32], [10]
[2025-01-29 23:58:47,474][__main__][INFO] - [2, 33], [10]
[2025-01-29 23:58:47,789][__main__][INFO] - [2, 34], [10]
[2025-01-29 23:58:47,859][__main__][INFO] - [2, 35], [10]
[2025-01-29 23:58:47,969][__main__][INFO] - [2, 36], [10]
[2025-01-29 23:58:48,035][__main__][INFO] - [2, 37], [10]
[2025-01-29 23:58:48,086][__main__][INFO] - [2, 38], [10]
[2025-01-29 23:58:48,136][__main__][INFO] - [2, 39], [10]
[2025-01-29 23:58:48,243][__main__][INFO] - [2, 11, 16], []
[2025-01-29 23:58:48,743][__main__][INFO] - [2, 11, 17], []
[2025-01-29 23:58:48,797][__main__][INFO] - [2, 11, 18], []
[2025-01-29 23:58:48,844][__main__][INFO] - [2, 11, 19], []
[2025-01-29 23:58:48,924][__main__][INFO] - [2, 11, 21], []
[2025-01-29 23:58:49,215][__main__][INFO] - [2, 11, 22], []
[2025-01-29 23:58:49,365][__main__][INFO] - [2, 11, 23], []
[2025-01-29 23:58:49,479][__main__][INFO] - [2, 11, 24], []
[2025-01-29 23:58:49,561][__main__][INFO] - [2, 11], [25]
[2025-01-29 23:58:50,088][__main__][INFO] - [2, 11, 26], []
[2025-01-29 23:58:50,142][__main__][INFO] - [2, 11], [26]
[2025-01-29 23:58:50,659][__main__][INFO] - [2, 11, 27], []
[2025-01-29 23:58:50,714][__main__][INFO] - [2, 11], [27]
[2025-01-29 23:58:51,226][__main__][INFO] - [2, 11, 28], []
[2025-01-29 23:58:51,714][__main__][INFO] - [2, 11, 29], []
[2025-01-29 23:58:51,811][__main__][INFO] - [2, 11, 31], []
[2025-01-29 23:58:52,059][__main__][INFO] - [2, 11], [31]
[2025-01-29 23:58:52,334][__main__][INFO] - [2, 11, 32], []
[2025-01-29 23:58:52,435][__main__][INFO] - [2, 11, 33], []
[2025-01-29 23:58:52,736][__main__][INFO] - [2, 11, 34], []
[2025-01-29 23:58:52,806][__main__][INFO] - [2, 11, 35], []
[2025-01-29 23:58:52,889][__main__][INFO] - [2, 11, 36], []
[2025-01-29 23:58:52,957][__main__][INFO] - [2, 11, 37], []
[2025-01-29 23:58:53,008][__main__][INFO] - [2, 11, 38], []
[2025-01-29 23:58:53,057][__main__][INFO] - [2, 11, 39], []
[2025-01-29 23:58:53,164][__main__][INFO] - [2, 12, 16], []
[2025-01-29 23:58:53,264][__main__][INFO] - [2, 12, 17], []
[2025-01-29 23:58:53,401][__main__][INFO] - [2, 12, 21], []
[2025-01-29 23:58:53,488][__main__][INFO] - [2, 12, 22], []
[2025-01-29 23:58:53,538][__main__][INFO] - [2, 12, 23], []
[2025-01-29 23:58:53,592][__main__][INFO] - [2, 12, 24], []
[2025-01-29 23:58:53,640][__main__][INFO] - [2, 12, 25], []
[2025-01-29 23:58:53,771][__main__][INFO] - [2, 12, 26], []
[2025-01-29 23:58:53,820][__main__][INFO] - [2, 12], [26]
[2025-01-29 23:58:53,920][__main__][INFO] - [2, 12, 27], []
[2025-01-29 23:58:53,969][__main__][INFO] - [2, 12], [27]
[2025-01-29 23:58:54,067][__main__][INFO] - [2, 12, 28], []
[2025-01-29 23:58:54,166][__main__][INFO] - [2, 12, 29], []
[2025-01-29 23:58:54,245][__main__][INFO] - [2, 12, 31], []
[2025-01-29 23:58:54,316][__main__][INFO] - [2, 12], [31]
[2025-01-29 23:58:54,388][__main__][INFO] - [2, 12, 32], []
[2025-01-29 23:58:54,444][__main__][INFO] - [2, 12, 33], []
[2025-01-29 23:58:54,508][__main__][INFO] - [2, 12, 34], []
[2025-01-29 23:58:54,557][__main__][INFO] - [2, 12, 35], []
[2025-01-29 23:58:54,621][__main__][INFO] - [2, 12, 36], []
[2025-01-29 23:58:54,669][__main__][INFO] - [2, 12, 37], []
[2025-01-29 23:58:54,718][__main__][INFO] - [2, 12, 38], []
[2025-01-29 23:58:54,854][__main__][INFO] - [2, 13, 16], []
[2025-01-29 23:58:54,924][__main__][INFO] - [2, 13, 17], []
[2025-01-29 23:58:54,972][__main__][INFO] - [2, 13, 18], []
[2025-01-29 23:58:55,018][__main__][INFO] - [2, 13, 19], []
[2025-01-29 23:58:55,096][__main__][INFO] - [2, 13, 21], []
[2025-01-29 23:58:55,161][__main__][INFO] - [2, 13, 22], []
[2025-01-29 23:58:55,211][__main__][INFO] - [2, 13, 23], []
[2025-01-29 23:58:55,263][__main__][INFO] - [2, 13, 24], []
[2025-01-29 23:58:55,311][__main__][INFO] - [2, 13, 25], []
[2025-01-29 23:58:55,415][__main__][INFO] - [2, 13, 26], []
[2025-01-29 23:58:55,463][__main__][INFO] - [2, 13], [26]
[2025-01-29 23:58:55,535][__main__][INFO] - [2, 13, 27], []
[2025-01-29 23:58:55,584][__main__][INFO] - [2, 13], [27]
[2025-01-29 23:58:55,656][__main__][INFO] - [2, 13, 28], []
[2025-01-29 23:58:55,727][__main__][INFO] - [2, 13, 29], []
[2025-01-29 23:58:55,806][__main__][INFO] - [2, 13, 31], []
[2025-01-29 23:58:55,864][__main__][INFO] - [2, 13], [31]
[2025-01-29 23:58:55,924][__main__][INFO] - [2, 13, 32], []
[2025-01-29 23:58:55,974][__main__][INFO] - [2, 13, 33], []
[2025-01-29 23:58:56,029][__main__][INFO] - [2, 13, 34], []
[2025-01-29 23:58:56,078][__main__][INFO] - [2, 13, 35], []
[2025-01-29 23:58:56,135][__main__][INFO] - [2, 13, 36], []
[2025-01-29 23:58:56,213][__main__][INFO] - [2, 13, 38], []
[2025-01-29 23:58:56,349][__main__][INFO] - [2, 14, 16], []
[2025-01-29 23:58:56,404][__main__][INFO] - [2, 14, 17], []
[2025-01-29 23:58:56,452][__main__][INFO] - [2, 14, 18], []
[2025-01-29 23:58:56,558][__main__][INFO] - [2, 14, 21], []
[2025-01-29 23:58:56,608][__main__][INFO] - [2, 14, 22], []
[2025-01-29 23:58:56,657][__main__][INFO] - [2, 14, 23], []
[2025-01-29 23:58:56,767][__main__][INFO] - [2, 14], [25]
[2025-01-29 23:58:56,852][__main__][INFO] - [2, 14], [26]
[2025-01-29 23:58:56,938][__main__][INFO] - [2, 14], [27]
[2025-01-29 23:58:56,993][__main__][INFO] - [2, 14, 28], []
[2025-01-29 23:58:57,048][__main__][INFO] - [2, 14, 29], []
[2025-01-29 23:58:57,126][__main__][INFO] - [2, 14, 31], []
[2025-01-29 23:58:57,178][__main__][INFO] - [2, 14], [31]
[2025-01-29 23:58:57,229][__main__][INFO] - [2, 14, 32], []
[2025-01-29 23:58:57,278][__main__][INFO] - [2, 14, 33], []
[2025-01-29 23:58:57,328][__main__][INFO] - [2, 14, 34], []
[2025-01-29 23:58:57,377][__main__][INFO] - [2, 14, 35], []
[2025-01-29 23:58:57,426][__main__][INFO] - [2, 14, 36], []
[2025-01-29 23:58:57,621][__main__][INFO] - [2, 15, 16], []
[2025-01-29 23:58:57,788][__main__][INFO] - [2, 15, 21], []
[2025-01-29 23:58:57,837][__main__][INFO] - [2, 15, 22], []
[2025-01-29 23:58:57,885][__main__][INFO] - [2, 15, 23], []
[2025-01-29 23:58:57,993][__main__][INFO] - [2, 15], [25]
[2025-01-29 23:58:58,071][__main__][INFO] - [2, 15], [26]
[2025-01-29 23:58:58,150][__main__][INFO] - [2, 15], [27]
[2025-01-29 23:58:58,200][__main__][INFO] - [2, 15, 28], []
[2025-01-29 23:58:58,308][__main__][INFO] - [2, 15, 31], []
[2025-01-29 23:58:58,356][__main__][INFO] - [2, 15], [31]
[2025-01-29 23:58:58,405][__main__][INFO] - [2, 15, 32], []
[2025-01-29 23:58:58,453][__main__][INFO] - [2, 15, 33], []
[2025-01-29 23:58:58,530][__main__][INFO] - [2, 15, 35], []
[2025-01-29 23:58:58,638][__main__][INFO] - [2, 15, 38], []
[2025-01-29 23:58:58,786][__main__][INFO] - [2, 16, 21], []
[2025-01-29 23:58:59,139][__main__][INFO] - [2, 16, 22], []
[2025-01-29 23:58:59,297][__main__][INFO] - [2, 16, 23], []
[2025-01-29 23:58:59,425][__main__][INFO] - [2, 16, 24], []
[2025-01-29 23:58:59,479][__main__][INFO] - [2, 16, 25], []
[2025-01-29 23:58:59,609][__main__][INFO] - [2, 16], [25]
