[2025-01-29 13:29:00,160][__main__][INFO] - In total, there are 5772124799 possible subgroups
[2025-01-29 13:29:00,189][__main__][INFO] - [0], []
[2025-01-29 13:29:02,430][__main__][INFO] - [], [0]
[2025-01-29 13:29:04,656][__main__][INFO] - [1], []
[2025-01-29 13:29:04,977][__main__][INFO] - [2], []
[2025-01-29 13:29:08,069][__main__][INFO] - [3], []
[2025-01-29 13:29:08,217][__main__][INFO] - [4], []
[2025-01-29 13:29:08,649][__main__][INFO] - [5], []
[2025-01-29 13:29:08,780][__main__][INFO] - [6], []
[2025-01-29 13:29:08,824][__main__][INFO] - [7], []
[2025-01-29 13:29:08,851][__main__][INFO] - [8], []
[2025-01-29 13:29:08,875][__main__][INFO] - [9], []
[2025-01-29 13:29:08,896][__main__][INFO] - [10], []
[2025-01-29 13:29:09,215][__main__][INFO] - [11], []
[2025-01-29 13:29:09,562][__main__][INFO] - [12], []
[2025-01-29 13:29:09,940][__main__][INFO] - [13], []
[2025-01-29 13:29:10,310][__main__][INFO] - [14], []
[2025-01-29 13:29:10,674][__main__][INFO] - [15], []
[2025-01-29 13:29:11,048][__main__][INFO] - [16], []
[2025-01-29 13:29:11,421][__main__][INFO] - [17], []
[2025-01-29 13:29:11,746][__main__][INFO] - [18], []
[2025-01-29 13:29:11,893][__main__][INFO] - [19], []
[2025-01-29 13:29:11,976][__main__][INFO] - [20], []
[2025-01-29 13:29:15,580][__main__][INFO] - [21], []
[2025-01-29 13:29:15,910][__main__][INFO] - [22], []
[2025-01-29 13:29:16,256][__main__][INFO] - [23], []
[2025-01-29 13:29:16,331][__main__][INFO] - [24], []
[2025-01-29 13:29:16,359][__main__][INFO] - [25], []
[2025-01-29 13:29:16,382][__main__][INFO] - [26], []
[2025-01-29 13:29:17,121][__main__][INFO] - [], [26]
[2025-01-29 13:29:20,805][__main__][INFO] - [27], []
[2025-01-29 13:29:24,422][__main__][INFO] - [28], []
[2025-01-29 13:29:24,717][__main__][INFO] - [29], []
[2025-01-29 13:29:25,125][__main__][INFO] - [30], []
[2025-01-29 13:29:25,171][__main__][INFO] - [31], []
[2025-01-29 13:29:25,193][__main__][INFO] - [32], []
[2025-01-29 13:29:28,810][__main__][INFO] - [33], []
[2025-01-29 13:29:28,985][__main__][INFO] - [34], []
[2025-01-29 13:29:29,011][__main__][INFO] - [35], []
[2025-01-29 13:29:29,046][__main__][INFO] - [36], []
[2025-01-29 13:29:29,635][__main__][INFO] - [37], []
[2025-01-29 13:29:31,994][__main__][INFO] - [38], []
[2025-01-29 13:29:32,787][__main__][INFO] - [39], []
[2025-01-29 13:29:33,324][__main__][INFO] - [40], []
[2025-01-29 13:29:33,374][__main__][INFO] - [41], []
[2025-01-29 13:29:34,131][__main__][INFO] - [], [41]
[2025-01-29 13:29:37,933][__main__][INFO] - [42], []
[2025-01-29 13:29:38,086][__main__][INFO] - [], [42]
[2025-01-29 13:29:43,339][__main__][INFO] - [43], []
[2025-01-29 13:29:43,436][__main__][INFO] - [], [43]
[2025-01-29 13:29:48,831][__main__][INFO] - [44], []
[2025-01-29 13:29:53,698][__main__][INFO] - [45], []
[2025-01-29 13:29:53,881][__main__][INFO] - [46], []
[2025-01-29 13:29:54,023][__main__][INFO] - [47], []
[2025-01-29 13:29:58,333][__main__][INFO] - [48], []
[2025-01-29 13:29:59,040][__main__][INFO] - [49], []
[2025-01-29 13:29:59,084][__main__][INFO] - [50], []
[2025-01-29 13:29:59,307][__main__][INFO] - [51], []
[2025-01-29 13:29:59,462][__main__][INFO] - [52], []
[2025-01-29 13:29:59,635][__main__][INFO] - [53], []
[2025-01-29 13:29:59,833][__main__][INFO] - [54], []
[2025-01-29 13:30:00,010][__main__][INFO] - [55], []
[2025-01-29 13:30:00,171][__main__][INFO] - [56], []
[2025-01-29 13:30:00,323][__main__][INFO] - [57], []
[2025-01-29 13:30:00,467][__main__][INFO] - [58], []
[2025-01-29 13:30:00,585][__main__][INFO] - [59], []
[2025-01-29 13:30:01,685][__main__][INFO] - [0, 1], []
[2025-01-29 13:30:01,867][__main__][INFO] - [0, 2], []
[2025-01-29 13:30:03,117][__main__][INFO] - [0, 3], []
[2025-01-29 13:30:03,202][__main__][INFO] - [0, 4], []
[2025-01-29 13:30:03,433][__main__][INFO] - [0, 5], []
[2025-01-29 13:30:03,508][__main__][INFO] - [0, 6], []
[2025-01-29 13:30:03,543][__main__][INFO] - [0, 7], []
[2025-01-29 13:30:03,566][__main__][INFO] - [0, 8], []
[2025-01-29 13:30:03,608][__main__][INFO] - [0, 10], []
[2025-01-29 13:30:03,767][__main__][INFO] - [0, 11], []
[2025-01-29 13:30:03,941][__main__][INFO] - [0, 12], []
[2025-01-29 13:30:04,127][__main__][INFO] - [0, 13], []
[2025-01-29 13:30:04,312][__main__][INFO] - [0, 14], []
[2025-01-29 13:30:04,495][__main__][INFO] - [0, 15], []
[2025-01-29 13:30:04,691][__main__][INFO] - [0, 16], []
[2025-01-29 13:30:04,884][__main__][INFO] - [0, 17], []
[2025-01-29 13:30:05,052][__main__][INFO] - [0, 18], []
[2025-01-29 13:30:05,139][__main__][INFO] - [0, 19], []
[2025-01-29 13:30:05,201][__main__][INFO] - [0, 20], []
[2025-01-29 13:30:06,614][__main__][INFO] - [0, 21], []
[2025-01-29 13:30:06,793][__main__][INFO] - [0, 22], []
[2025-01-29 13:30:06,977][__main__][INFO] - [0, 23], []
[2025-01-29 13:30:07,029][__main__][INFO] - [0, 24], []
[2025-01-29 13:30:07,056][__main__][INFO] - [0, 25], []
[2025-01-29 13:30:07,078][__main__][INFO] - [0, 26], []
[2025-01-29 13:30:07,374][__main__][INFO] - [0], [26]
[2025-01-29 13:30:08,945][__main__][INFO] - [0, 27], []
[2025-01-29 13:30:10,369][__main__][INFO] - [0, 28], []
[2025-01-29 13:30:10,523][__main__][INFO] - [0, 29], []
[2025-01-29 13:30:10,751][__main__][INFO] - [0, 30], []
[2025-01-29 13:30:10,788][__main__][INFO] - [0, 31], []
[2025-01-29 13:30:10,812][__main__][INFO] - [0, 32], []
[2025-01-29 13:30:12,475][__main__][INFO] - [0, 33], []
[2025-01-29 13:30:12,507][__main__][INFO] - [0, 34], []
[2025-01-29 13:30:12,531][__main__][INFO] - [0, 35], []
[2025-01-29 13:30:12,556][__main__][INFO] - [0, 36], []
[2025-01-29 13:30:12,843][__main__][INFO] - [0, 37], []
[2025-01-29 13:30:13,844][__main__][INFO] - [0, 38], []
[2025-01-29 13:30:14,223][__main__][INFO] - [0, 39], []
[2025-01-29 13:30:14,468][__main__][INFO] - [0, 40], []
[2025-01-29 13:30:14,506][__main__][INFO] - [0, 41], []
[2025-01-29 13:30:14,894][__main__][INFO] - [0], [41]
[2025-01-29 13:30:16,368][__main__][INFO] - [0, 42], []
[2025-01-29 13:30:16,435][__main__][INFO] - [0], [42]
[2025-01-29 13:30:18,504][__main__][INFO] - [0, 43], []
[2025-01-29 13:30:18,562][__main__][INFO] - [0], [43]
[2025-01-29 13:30:20,658][__main__][INFO] - [0, 44], []
[2025-01-29 13:30:22,508][__main__][INFO] - [0, 45], []
[2025-01-29 13:30:22,600][__main__][INFO] - [0, 46], []
[2025-01-29 13:30:22,680][__main__][INFO] - [0, 47], []
[2025-01-29 13:30:23,752][__main__][INFO] - [0, 48], []
[2025-01-29 13:30:24,446][__main__][INFO] - [0, 49], []
[2025-01-29 13:30:24,494][__main__][INFO] - [0, 50], []
[2025-01-29 13:30:24,605][__main__][INFO] - [0, 51], []
[2025-01-29 13:30:24,695][__main__][INFO] - [0, 52], []
[2025-01-29 13:30:24,794][__main__][INFO] - [0, 53], []
[2025-01-29 13:30:24,900][__main__][INFO] - [0, 54], []
[2025-01-29 13:30:25,000][__main__][INFO] - [0, 55], []
[2025-01-29 13:30:25,090][__main__][INFO] - [0, 56], []
[2025-01-29 13:30:25,175][__main__][INFO] - [0, 57], []
[2025-01-29 13:30:25,253][__main__][INFO] - [0, 58], []
[2025-01-29 13:30:25,323][__main__][INFO] - [0, 59], []
[2025-01-29 13:30:25,839][__main__][INFO] - [1], [0]
[2025-01-29 13:30:26,013][__main__][INFO] - [2], [0]
[2025-01-29 13:30:27,266][__main__][INFO] - [3], [0]
[2025-01-29 13:30:27,351][__main__][INFO] - [4], [0]
[2025-01-29 13:30:27,556][__main__][INFO] - [5], [0]
[2025-01-29 13:30:27,633][__main__][INFO] - [6], [0]
[2025-01-29 13:30:27,666][__main__][INFO] - [7], [0]
[2025-01-29 13:30:27,693][__main__][INFO] - [8], [0]
[2025-01-29 13:30:27,735][__main__][INFO] - [10], [0]
[2025-01-29 13:30:27,897][__main__][INFO] - [11], [0]
[2025-01-29 13:30:28,077][__main__][INFO] - [12], [0]
[2025-01-29 13:30:28,282][__main__][INFO] - [13], [0]
[2025-01-29 13:30:28,463][__main__][INFO] - [14], [0]
[2025-01-29 13:30:28,643][__main__][INFO] - [15], [0]
[2025-01-29 13:30:28,824][__main__][INFO] - [16], [0]
[2025-01-29 13:30:29,007][__main__][INFO] - [17], [0]
[2025-01-29 13:30:29,159][__main__][INFO] - [18], [0]
[2025-01-29 13:30:29,234][__main__][INFO] - [19], [0]
[2025-01-29 13:30:29,278][__main__][INFO] - [20], [0]
[2025-01-29 13:30:30,737][__main__][INFO] - [21], [0]
[2025-01-29 13:30:30,886][__main__][INFO] - [22], [0]
[2025-01-29 13:30:31,055][__main__][INFO] - [23], [0]
[2025-01-29 13:30:31,104][__main__][INFO] - [24], [0]
[2025-01-29 13:30:31,133][__main__][INFO] - [25], [0]
[2025-01-29 13:30:31,158][__main__][INFO] - [26], [0]
[2025-01-29 13:30:31,445][__main__][INFO] - [], [0, 26]
[2025-01-29 13:30:33,000][__main__][INFO] - [27], [0]
[2025-01-29 13:30:34,418][__main__][INFO] - [28], [0]
[2025-01-29 13:30:34,566][__main__][INFO] - [29], [0]
[2025-01-29 13:30:34,747][__main__][INFO] - [30], [0]
[2025-01-29 13:30:34,784][__main__][INFO] - [31], [0]
[2025-01-29 13:30:34,806][__main__][INFO] - [32], [0]
[2025-01-29 13:30:36,019][__main__][INFO] - [33], [0]
[2025-01-29 13:30:36,174][__main__][INFO] - [34], [0]
[2025-01-29 13:30:36,204][__main__][INFO] - [35], [0]
[2025-01-29 13:30:36,241][__main__][INFO] - [36], [0]
[2025-01-29 13:30:36,536][__main__][INFO] - [37], [0]
[2025-01-29 13:30:37,510][__main__][INFO] - [38], [0]
[2025-01-29 13:30:37,853][__main__][INFO] - [39], [0]
[2025-01-29 13:30:38,090][__main__][INFO] - [40], [0]
[2025-01-29 13:30:38,126][__main__][INFO] - [41], [0]
[2025-01-29 13:30:38,460][__main__][INFO] - [], [0, 41]
[2025-01-29 13:30:39,973][__main__][INFO] - [42], [0]
[2025-01-29 13:30:40,060][__main__][INFO] - [], [0, 42]
[2025-01-29 13:30:41,987][__main__][INFO] - [43], [0]
[2025-01-29 13:30:42,039][__main__][INFO] - [], [0, 43]
[2025-01-29 13:30:44,068][__main__][INFO] - [44], [0]
[2025-01-29 13:30:45,850][__main__][INFO] - [45], [0]
[2025-01-29 13:30:45,943][__main__][INFO] - [46], [0]
[2025-01-29 13:30:46,024][__main__][INFO] - [47], [0]
[2025-01-29 13:30:48,269][__main__][INFO] - [50], [0]
[2025-01-29 13:30:48,385][__main__][INFO] - [51], [0]
[2025-01-29 13:30:48,463][__main__][INFO] - [52], [0]
[2025-01-29 13:30:48,552][__main__][INFO] - [53], [0]
[2025-01-29 13:30:48,647][__main__][INFO] - [54], [0]
[2025-01-29 13:30:48,738][__main__][INFO] - [55], [0]
[2025-01-29 13:30:48,820][__main__][INFO] - [56], [0]
[2025-01-29 13:30:48,901][__main__][INFO] - [57], [0]
[2025-01-29 13:30:48,979][__main__][INFO] - [58], [0]
[2025-01-29 13:30:49,047][__main__][INFO] - [59], [0]
[2025-01-29 13:30:49,576][__main__][INFO] - [1, 10], []
[2025-01-29 13:30:49,647][__main__][INFO] - [1, 11], []
[2025-01-29 13:30:49,709][__main__][INFO] - [1, 12], []
[2025-01-29 13:30:49,779][__main__][INFO] - [1, 13], []
[2025-01-29 13:30:49,839][__main__][INFO] - [1, 14], []
[2025-01-29 13:30:49,899][__main__][INFO] - [1, 15], []
[2025-01-29 13:30:49,952][__main__][INFO] - [1, 16], []
[2025-01-29 13:30:49,996][__main__][INFO] - [1, 17], []
[2025-01-29 13:30:50,031][__main__][INFO] - [1, 18], []
[2025-01-29 13:30:50,059][__main__][INFO] - [1, 19], []
[2025-01-29 13:30:50,081][__main__][INFO] - [1, 20], []
[2025-01-29 13:30:50,275][__main__][INFO] - [1, 21], []
[2025-01-29 13:30:50,297][__main__][INFO] - [1, 22], []
[2025-01-29 13:30:50,430][__main__][INFO] - [1, 23], []
[2025-01-29 13:30:50,452][__main__][INFO] - [1, 24], []
[2025-01-29 13:30:50,491][__main__][INFO] - [1, 26], []
[2025-01-29 13:30:50,542][__main__][INFO] - [1], [26]
[2025-01-29 13:30:50,828][__main__][INFO] - [1, 27], []
[2025-01-29 13:30:51,016][__main__][INFO] - [1, 28], []
[2025-01-29 13:30:51,099][__main__][INFO] - [1, 29], []
[2025-01-29 13:30:51,164][__main__][INFO] - [1, 30], []
[2025-01-29 13:30:51,187][__main__][INFO] - [1, 31], []
[2025-01-29 13:30:51,209][__main__][INFO] - [1, 32], []
[2025-01-29 13:30:51,456][__main__][INFO] - [1, 33], []
[2025-01-29 13:30:51,482][__main__][INFO] - [1, 34], []
[2025-01-29 13:30:51,504][__main__][INFO] - [1, 35], []
[2025-01-29 13:30:51,526][__main__][INFO] - [1, 36], []
[2025-01-29 13:30:51,614][__main__][INFO] - [1, 37], []
[2025-01-29 13:30:51,866][__main__][INFO] - [1, 38], []
[2025-01-29 13:30:51,903][__main__][INFO] - [1, 39], []
[2025-01-29 13:30:51,962][__main__][INFO] - [1, 40], []
[2025-01-29 13:30:51,986][__main__][INFO] - [1, 41], []
[2025-01-29 13:30:52,121][__main__][INFO] - [1], [41]
[2025-01-29 13:30:52,314][__main__][INFO] - [1, 42], []
[2025-01-29 13:30:52,342][__main__][INFO] - [1], [42]
[2025-01-29 13:30:52,651][__main__][INFO] - [1, 43], []
[2025-01-29 13:30:52,680][__main__][INFO] - [1], [43]
[2025-01-29 13:30:52,992][__main__][INFO] - [1, 44], []
[2025-01-29 13:30:53,280][__main__][INFO] - [1, 45], []
[2025-01-29 13:30:53,313][__main__][INFO] - [1, 46], []
[2025-01-29 13:30:53,351][__main__][INFO] - [1, 47], []
[2025-01-29 13:30:53,586][__main__][INFO] - [1, 48], []
[2025-01-29 13:30:53,677][__main__][INFO] - [1, 49], []
[2025-01-29 13:30:53,700][__main__][INFO] - [1, 50], []
[2025-01-29 13:30:53,743][__main__][INFO] - [1, 51], []
[2025-01-29 13:30:53,785][__main__][INFO] - [1, 52], []
[2025-01-29 13:30:53,832][__main__][INFO] - [1, 53], []
[2025-01-29 13:30:53,879][__main__][INFO] - [1, 54], []
[2025-01-29 13:30:53,923][__main__][INFO] - [1, 55], []
[2025-01-29 13:30:53,962][__main__][INFO] - [1, 56], []
[2025-01-29 13:30:53,999][__main__][INFO] - [1, 57], []
[2025-01-29 13:30:54,036][__main__][INFO] - [1, 58], []
[2025-01-29 13:30:54,058][__main__][INFO] - [1, 59], []
[2025-01-29 13:30:54,127][__main__][INFO] - [2, 10], []
[2025-01-29 13:30:54,312][__main__][INFO] - [2, 11], []
[2025-01-29 13:30:54,514][__main__][INFO] - [2, 12], []
[2025-01-29 13:30:54,745][__main__][INFO] - [2, 13], []
[2025-01-29 13:30:54,967][__main__][INFO] - [2, 14], []
[2025-01-29 13:30:55,184][__main__][INFO] - [2, 15], []
[2025-01-29 13:30:55,423][__main__][INFO] - [2, 16], []
[2025-01-29 13:30:55,681][__main__][INFO] - [2, 17], []
[2025-01-29 13:30:55,912][__main__][INFO] - [2, 18], []
[2025-01-29 13:30:56,028][__main__][INFO] - [2, 19], []
[2025-01-29 13:30:56,097][__main__][INFO] - [2, 20], []
[2025-01-29 13:30:58,169][__main__][INFO] - [2, 21], []
[2025-01-29 13:30:58,217][__main__][INFO] - [2, 22], []
[2025-01-29 13:30:58,423][__main__][INFO] - [2, 23], []
[2025-01-29 13:30:58,498][__main__][INFO] - [2, 24], []
[2025-01-29 13:30:58,521][__main__][INFO] - [2, 25], []
[2025-01-29 13:30:58,546][__main__][INFO] - [2, 26], []
[2025-01-29 13:30:58,985][__main__][INFO] - [2], [26]
[2025-01-29 13:31:00,917][__main__][INFO] - [2, 27], []
[2025-01-29 13:31:02,977][__main__][INFO] - [2, 28], []
[2025-01-29 13:31:03,123][__main__][INFO] - [2, 29], []
[2025-01-29 13:31:03,283][__main__][INFO] - [2, 30], []
[2025-01-29 13:31:03,321][__main__][INFO] - [2, 31], []
[2025-01-29 13:31:03,346][__main__][INFO] - [2, 32], []
[2025-01-29 13:31:05,236][__main__][INFO] - [2, 33], []
[2025-01-29 13:31:05,368][__main__][INFO] - [2, 34], []
[2025-01-29 13:31:05,396][__main__][INFO] - [2, 35], []
[2025-01-29 13:31:05,432][__main__][INFO] - [2, 36], []
[2025-01-29 13:31:05,761][__main__][INFO] - [2, 37], []
[2025-01-29 13:31:06,921][__main__][INFO] - [2, 38], []
[2025-01-29 13:31:07,490][__main__][INFO] - [2, 39], []
[2025-01-29 13:31:07,817][__main__][INFO] - [2, 40], []
[2025-01-29 13:31:07,864][__main__][INFO] - [2, 41], []
[2025-01-29 13:31:08,162][__main__][INFO] - [2], [41]
[2025-01-29 13:31:10,351][__main__][INFO] - [2, 42], []
[2025-01-29 13:31:10,463][__main__][INFO] - [2], [42]
[2025-01-29 13:31:13,019][__main__][INFO] - [2, 43], []
[2025-01-29 13:31:13,089][__main__][INFO] - [2], [43]
[2025-01-29 13:31:15,825][__main__][INFO] - [2, 44], []
[2025-01-29 13:31:18,231][__main__][INFO] - [2, 45], []
[2025-01-29 13:31:18,351][__main__][INFO] - [2, 46], []
[2025-01-29 13:31:18,443][__main__][INFO] - [2, 47], []
[2025-01-29 13:31:20,622][__main__][INFO] - [2, 48], []
[2025-01-29 13:31:21,018][__main__][INFO] - [2, 49], []
[2025-01-29 13:31:21,055][__main__][INFO] - [2, 50], []
[2025-01-29 13:31:21,187][__main__][INFO] - [2, 51], []
[2025-01-29 13:31:21,284][__main__][INFO] - [2, 52], []
[2025-01-29 13:31:21,394][__main__][INFO] - [2, 53], []
[2025-01-29 13:31:21,512][__main__][INFO] - [2, 54], []
[2025-01-29 13:31:21,624][__main__][INFO] - [2, 55], []
[2025-01-29 13:31:21,732][__main__][INFO] - [2, 56], []
[2025-01-29 13:31:21,831][__main__][INFO] - [2, 57], []
[2025-01-29 13:31:21,927][__main__][INFO] - [2, 58], []
[2025-01-29 13:31:22,011][__main__][INFO] - [2, 59], []
[2025-01-29 13:31:22,765][__main__][INFO] - [3, 10], []
[2025-01-29 13:31:22,814][__main__][INFO] - [3, 11], []
[2025-01-29 13:31:22,859][__main__][INFO] - [3, 12], []
[2025-01-29 13:31:22,899][__main__][INFO] - [3, 13], []
[2025-01-29 13:31:22,935][__main__][INFO] - [3, 14], []
[2025-01-29 13:31:22,969][__main__][INFO] - [3, 15], []
[2025-01-29 13:31:23,000][__main__][INFO] - [3, 16], []
[2025-01-29 13:31:23,030][__main__][INFO] - [3, 17], []
[2025-01-29 13:31:23,057][__main__][INFO] - [3, 18], []
[2025-01-29 13:31:23,080][__main__][INFO] - [3, 19], []
[2025-01-29 13:31:23,102][__main__][INFO] - [3, 20], []
[2025-01-29 13:31:23,231][__main__][INFO] - [3, 21], []
[2025-01-29 13:31:23,260][__main__][INFO] - [3, 22], []
[2025-01-29 13:31:23,283][__main__][INFO] - [3, 23], []
[2025-01-29 13:31:23,305][__main__][INFO] - [3, 24], []
[2025-01-29 13:31:23,328][__main__][INFO] - [3, 25], []
[2025-01-29 13:31:23,350][__main__][INFO] - [3, 26], []
[2025-01-29 13:31:23,386][__main__][INFO] - [3], [26]
[2025-01-29 13:31:23,523][__main__][INFO] - [3, 27], []
[2025-01-29 13:31:23,650][__main__][INFO] - [3, 28], []
[2025-01-29 13:31:23,673][__main__][INFO] - [3, 29], []
[2025-01-29 13:31:23,696][__main__][INFO] - [3, 30], []
[2025-01-29 13:31:23,722][__main__][INFO] - [3, 31], []
[2025-01-29 13:31:23,744][__main__][INFO] - [3, 32], []
[2025-01-29 13:31:23,840][__main__][INFO] - [3, 33], []
[2025-01-29 13:31:23,866][__main__][INFO] - [3, 34], []
[2025-01-29 13:31:23,890][__main__][INFO] - [3, 35], []
[2025-01-29 13:31:23,912][__main__][INFO] - [3, 36], []
[2025-01-29 13:31:23,980][__main__][INFO] - [3, 37], []
[2025-01-29 13:31:24,034][__main__][INFO] - [3, 38], []
[2025-01-29 13:31:24,128][__main__][INFO] - [3, 39], []
[2025-01-29 13:31:24,165][__main__][INFO] - [3, 40], []
[2025-01-29 13:31:24,188][__main__][INFO] - [3, 41], []
[2025-01-29 13:31:24,211][__main__][INFO] - [3], [41]
[2025-01-29 13:31:24,347][__main__][INFO] - [3, 42], []
[2025-01-29 13:31:24,373][__main__][INFO] - [3], [42]
[2025-01-29 13:31:24,527][__main__][INFO] - [3, 43], []
[2025-01-29 13:31:24,552][__main__][INFO] - [3], [43]
[2025-01-29 13:31:24,702][__main__][INFO] - [3, 44], []
[2025-01-29 13:31:24,827][__main__][INFO] - [3, 45], []
[2025-01-29 13:31:24,857][__main__][INFO] - [3, 46], []
[2025-01-29 13:31:24,892][__main__][INFO] - [3, 47], []
[2025-01-29 13:31:25,014][__main__][INFO] - [3, 48], []
[2025-01-29 13:31:25,062][__main__][INFO] - [3, 49], []
[2025-01-29 13:31:25,085][__main__][INFO] - [3, 50], []
[2025-01-29 13:31:25,116][__main__][INFO] - [3, 51], []
[2025-01-29 13:31:25,143][__main__][INFO] - [3, 52], []
[2025-01-29 13:31:25,170][__main__][INFO] - [3, 53], []
[2025-01-29 13:31:25,199][__main__][INFO] - [3, 54], []
[2025-01-29 13:31:25,222][__main__][INFO] - [3, 55], []
[2025-01-29 13:31:25,250][__main__][INFO] - [3, 56], []
[2025-01-29 13:31:25,278][__main__][INFO] - [3, 57], []
[2025-01-29 13:31:25,301][__main__][INFO] - [3, 58], []
[2025-01-29 13:31:25,328][__main__][INFO] - [3, 59], []
[2025-01-29 13:31:25,404][__main__][INFO] - [4, 10], []
[2025-01-29 13:31:25,460][__main__][INFO] - [4, 11], []
[2025-01-29 13:31:25,523][__main__][INFO] - [4, 12], []
[2025-01-29 13:31:25,590][__main__][INFO] - [4, 13], []
[2025-01-29 13:31:25,660][__main__][INFO] - [4, 14], []
[2025-01-29 13:31:25,736][__main__][INFO] - [4, 15], []
[2025-01-29 13:31:25,804][__main__][INFO] - [4, 16], []
[2025-01-29 13:31:25,870][__main__][INFO] - [4, 17], []
[2025-01-29 13:31:25,926][__main__][INFO] - [4, 18], []
[2025-01-29 13:31:25,949][__main__][INFO] - [4, 19], []
[2025-01-29 13:31:25,979][__main__][INFO] - [4, 20], []
[2025-01-29 13:31:26,135][__main__][INFO] - [4, 21], []
[2025-01-29 13:31:26,404][__main__][INFO] - [4, 22], []
[2025-01-29 13:31:26,426][__main__][INFO] - [4, 23], []
[2025-01-29 13:31:26,449][__main__][INFO] - [4, 24], []
[2025-01-29 13:31:26,472][__main__][INFO] - [4, 25], []
[2025-01-29 13:31:26,494][__main__][INFO] - [4, 26], []
[2025-01-29 13:31:26,549][__main__][INFO] - [4], [26]
[2025-01-29 13:31:26,933][__main__][INFO] - [4, 27], []
[2025-01-29 13:31:27,083][__main__][INFO] - [4, 28], []
[2025-01-29 13:31:27,175][__main__][INFO] - [4, 29], []
[2025-01-29 13:31:27,361][__main__][INFO] - [4, 30], []
[2025-01-29 13:31:27,390][__main__][INFO] - [4, 31], []
[2025-01-29 13:31:27,412][__main__][INFO] - [4, 32], []
[2025-01-29 13:31:27,756][__main__][INFO] - [4, 33], []
[2025-01-29 13:31:27,784][__main__][INFO] - [4, 34], []
[2025-01-29 13:31:27,807][__main__][INFO] - [4, 35], []
[2025-01-29 13:31:27,831][__main__][INFO] - [4, 36], []
[2025-01-29 13:31:27,914][__main__][INFO] - [4, 37], []
[2025-01-29 13:31:28,233][__main__][INFO] - [4, 38], []
[2025-01-29 13:31:28,276][__main__][INFO] - [4, 39], []
[2025-01-29 13:31:28,344][__main__][INFO] - [4, 40], []
[2025-01-29 13:31:28,368][__main__][INFO] - [4, 41], []
[2025-01-29 13:31:28,630][__main__][INFO] - [4], [41]
[2025-01-29 13:31:28,791][__main__][INFO] - [4, 42], []
[2025-01-29 13:31:28,814][__main__][INFO] - [4], [42]
[2025-01-29 13:31:29,230][__main__][INFO] - [4, 43], []
[2025-01-29 13:31:29,259][__main__][INFO] - [4], [43]
[2025-01-29 13:31:29,671][__main__][INFO] - [4, 44], []
[2025-01-29 13:31:30,065][__main__][INFO] - [4, 45], []
[2025-01-29 13:31:30,099][__main__][INFO] - [4, 46], []
[2025-01-29 13:31:30,136][__main__][INFO] - [4, 47], []
[2025-01-29 13:31:30,446][__main__][INFO] - [4, 48], []
[2025-01-29 13:31:30,561][__main__][INFO] - [4, 49], []
[2025-01-29 13:31:30,583][__main__][INFO] - [4, 50], []
[2025-01-29 13:31:30,625][__main__][INFO] - [4, 51], []
[2025-01-29 13:31:30,648][__main__][INFO] - [4, 52], []
[2025-01-29 13:31:30,685][__main__][INFO] - [4, 53], []
[2025-01-29 13:31:30,723][__main__][INFO] - [4, 54], []
[2025-01-29 13:31:30,759][__main__][INFO] - [4, 55], []
[2025-01-29 13:31:30,796][__main__][INFO] - [4, 56], []
[2025-01-29 13:31:30,832][__main__][INFO] - [4, 57], []
[2025-01-29 13:31:30,868][__main__][INFO] - [4, 58], []
[2025-01-29 13:31:30,891][__main__][INFO] - [4, 59], []
[2025-01-29 13:31:31,093][__main__][INFO] - [5, 10], []
[2025-01-29 13:31:31,125][__main__][INFO] - [5, 11], []
[2025-01-29 13:31:31,148][__main__][INFO] - [5, 12], []
[2025-01-29 13:31:31,185][__main__][INFO] - [5, 13], []
[2025-01-29 13:31:31,220][__main__][INFO] - [5, 14], []
[2025-01-29 13:31:31,255][__main__][INFO] - [5, 15], []
[2025-01-29 13:31:31,291][__main__][INFO] - [5, 16], []
[2025-01-29 13:31:31,326][__main__][INFO] - [5, 17], []
[2025-01-29 13:31:31,358][__main__][INFO] - [5, 18], []
[2025-01-29 13:31:31,381][__main__][INFO] - [5, 19], []
[2025-01-29 13:31:31,404][__main__][INFO] - [5, 20], []
[2025-01-29 13:31:31,526][__main__][INFO] - [5, 21], []
[2025-01-29 13:31:31,548][__main__][INFO] - [5, 22], []
[2025-01-29 13:31:31,573][__main__][INFO] - [5, 23], []
[2025-01-29 13:31:31,595][__main__][INFO] - [5, 24], []
[2025-01-29 13:31:31,638][__main__][INFO] - [5, 26], []
[2025-01-29 13:31:31,681][__main__][INFO] - [5], [26]
[2025-01-29 13:31:31,791][__main__][INFO] - [5, 27], []
[2025-01-29 13:31:31,916][__main__][INFO] - [5, 28], []
[2025-01-29 13:31:31,942][__main__][INFO] - [5, 29], []
[2025-01-29 13:31:31,970][__main__][INFO] - [5, 30], []
[2025-01-29 13:31:31,993][__main__][INFO] - [5, 31], []
[2025-01-29 13:31:32,015][__main__][INFO] - [5, 32], []
[2025-01-29 13:31:32,115][__main__][INFO] - [5, 33], []
[2025-01-29 13:31:32,145][__main__][INFO] - [5, 34], []
[2025-01-29 13:31:32,167][__main__][INFO] - [5, 35], []
[2025-01-29 13:31:32,191][__main__][INFO] - [5, 36], []
[2025-01-29 13:31:32,232][__main__][INFO] - [5, 37], []
[2025-01-29 13:31:32,331][__main__][INFO] - [5, 38], []
[2025-01-29 13:31:32,354][__main__][INFO] - [5, 39], []
[2025-01-29 13:31:32,391][__main__][INFO] - [5, 40], []
[2025-01-29 13:31:32,414][__main__][INFO] - [5, 41], []
[2025-01-29 13:31:32,445][__main__][INFO] - [5], [41]
[2025-01-29 13:31:32,568][__main__][INFO] - [5, 42], []
[2025-01-29 13:31:32,594][__main__][INFO] - [5], [42]
[2025-01-29 13:31:32,726][__main__][INFO] - [5, 43], []
[2025-01-29 13:31:32,749][__main__][INFO] - [5], [43]
[2025-01-29 13:31:32,877][__main__][INFO] - [5, 44], []
[2025-01-29 13:31:32,997][__main__][INFO] - [5, 45], []
[2025-01-29 13:31:33,020][__main__][INFO] - [5, 46], []
[2025-01-29 13:31:33,047][__main__][INFO] - [5, 47], []
[2025-01-29 13:31:33,157][__main__][INFO] - [5, 48], []
[2025-01-29 13:31:33,201][__main__][INFO] - [5, 49], []
[2025-01-29 13:31:33,223][__main__][INFO] - [5, 50], []
[2025-01-29 13:31:33,246][__main__][INFO] - [5, 51], []
[2025-01-29 13:31:33,275][__main__][INFO] - [5, 52], []
[2025-01-29 13:31:33,304][__main__][INFO] - [5, 53], []
[2025-01-29 13:31:33,333][__main__][INFO] - [5, 54], []
[2025-01-29 13:31:33,361][__main__][INFO] - [5, 55], []
[2025-01-29 13:31:33,389][__main__][INFO] - [5, 56], []
[2025-01-29 13:31:33,411][__main__][INFO] - [5, 57], []
[2025-01-29 13:31:33,438][__main__][INFO] - [5, 58], []
[2025-01-29 13:31:33,464][__main__][INFO] - [5, 59], []
[2025-01-29 13:31:33,523][__main__][INFO] - [6, 10], []
[2025-01-29 13:31:33,548][__main__][INFO] - [6, 11], []
[2025-01-29 13:31:33,574][__main__][INFO] - [6, 12], []
[2025-01-29 13:31:33,599][__main__][INFO] - [6, 13], []
[2025-01-29 13:31:33,624][__main__][INFO] - [6, 14], []
[2025-01-29 13:31:33,650][__main__][INFO] - [6, 15], []
[2025-01-29 13:31:33,675][__main__][INFO] - [6, 16], []
[2025-01-29 13:31:33,700][__main__][INFO] - [6, 17], []
[2025-01-29 13:31:33,724][__main__][INFO] - [6, 18], []
[2025-01-29 13:31:33,747][__main__][INFO] - [6, 19], []
[2025-01-29 13:31:33,770][__main__][INFO] - [6, 20], []
[2025-01-29 13:31:33,830][__main__][INFO] - [6, 22], []
[2025-01-29 13:31:33,903][__main__][INFO] - [6, 26], []
[2025-01-29 13:31:33,930][__main__][INFO] - [6], [26]
[2025-01-29 13:31:33,971][__main__][INFO] - [6, 27], []
[2025-01-29 13:31:34,015][__main__][INFO] - [6, 28], []
[2025-01-29 13:31:34,038][__main__][INFO] - [6, 29], []
[2025-01-29 13:31:34,062][__main__][INFO] - [6, 30], []
[2025-01-29 13:31:34,101][__main__][INFO] - [6, 32], []
[2025-01-29 13:31:34,141][__main__][INFO] - [6, 33], []
[2025-01-29 13:31:34,196][__main__][INFO] - [6, 36], []
[2025-01-29 13:31:34,222][__main__][INFO] - [6, 37], []
[2025-01-29 13:31:34,260][__main__][INFO] - [6, 38], []
[2025-01-29 13:31:34,285][__main__][INFO] - [6, 39], []
[2025-01-29 13:31:34,310][__main__][INFO] - [6, 40], []
[2025-01-29 13:31:34,333][__main__][INFO] - [6, 41], []
[2025-01-29 13:31:34,357][__main__][INFO] - [6], [41]
[2025-01-29 13:31:34,402][__main__][INFO] - [6, 42], []
[2025-01-29 13:31:34,426][__main__][INFO] - [6], [42]
[2025-01-29 13:31:34,472][__main__][INFO] - [6, 43], []
[2025-01-29 13:31:34,496][__main__][INFO] - [6], [43]
[2025-01-29 13:31:34,542][__main__][INFO] - [6, 44], []
[2025-01-29 13:31:34,586][__main__][INFO] - [6, 45], []
[2025-01-29 13:31:34,610][__main__][INFO] - [6, 46], []
[2025-01-29 13:31:34,634][__main__][INFO] - [6, 47], []
[2025-01-29 13:31:34,675][__main__][INFO] - [6, 48], []
[2025-01-29 13:31:34,702][__main__][INFO] - [6, 49], []
[2025-01-29 13:31:34,726][__main__][INFO] - [6, 50], []
[2025-01-29 13:31:34,750][__main__][INFO] - [6, 51], []
[2025-01-29 13:31:34,774][__main__][INFO] - [6, 52], []
[2025-01-29 13:31:34,798][__main__][INFO] - [6, 53], []
[2025-01-29 13:31:34,822][__main__][INFO] - [6, 54], []
[2025-01-29 13:31:34,846][__main__][INFO] - [6, 55], []
[2025-01-29 13:31:34,870][__main__][INFO] - [6, 56], []
[2025-01-29 13:31:34,895][__main__][INFO] - [6, 57], []
[2025-01-29 13:31:34,918][__main__][INFO] - [6, 58], []
[2025-01-29 13:31:34,942][__main__][INFO] - [6, 59], []
[2025-01-29 13:31:34,984][__main__][INFO] - [7, 10], []
[2025-01-29 13:31:35,006][__main__][INFO] - [7, 11], []
[2025-01-29 13:31:35,029][__main__][INFO] - [7, 12], []
[2025-01-29 13:31:35,051][__main__][INFO] - [7, 13], []
[2025-01-29 13:31:35,074][__main__][INFO] - [7, 14], []
[2025-01-29 13:31:35,098][__main__][INFO] - [7, 15], []
[2025-01-29 13:31:35,120][__main__][INFO] - [7, 16], []
[2025-01-29 13:31:35,144][__main__][INFO] - [7, 17], []
[2025-01-29 13:31:35,166][__main__][INFO] - [7, 18], []
[2025-01-29 13:31:35,205][__main__][INFO] - [7, 20], []
[2025-01-29 13:31:35,232][__main__][INFO] - [7, 21], []
[2025-01-29 13:31:35,301][__main__][INFO] - [7, 25], []
[2025-01-29 13:31:35,323][__main__][INFO] - [7, 26], []
[2025-01-29 13:31:35,345][__main__][INFO] - [7], [26]
[2025-01-29 13:31:35,373][__main__][INFO] - [7, 27], []
[2025-01-29 13:31:35,400][__main__][INFO] - [7, 28], []
[2025-01-29 13:31:35,422][__main__][INFO] - [7, 29], []
[2025-01-29 13:31:35,445][__main__][INFO] - [7, 30], []
[2025-01-29 13:31:35,467][__main__][INFO] - [7, 31], []
[2025-01-29 13:31:35,490][__main__][INFO] - [7, 32], []
[2025-01-29 13:31:35,518][__main__][INFO] - [7, 33], []
[2025-01-29 13:31:35,572][__main__][INFO] - [7, 36], []
[2025-01-29 13:31:35,595][__main__][INFO] - [7, 37], []
[2025-01-29 13:31:35,617][__main__][INFO] - [7, 38], []
[2025-01-29 13:31:35,642][__main__][INFO] - [7, 39], []
[2025-01-29 13:31:35,681][__main__][INFO] - [7, 41], []
[2025-01-29 13:31:35,704][__main__][INFO] - [7], [41]
[2025-01-29 13:31:35,731][__main__][INFO] - [7, 42], []
[2025-01-29 13:31:35,754][__main__][INFO] - [7], [42]
[2025-01-29 13:31:35,783][__main__][INFO] - [7, 43], []
[2025-01-29 13:31:35,805][__main__][INFO] - [7], [43]
[2025-01-29 13:31:35,834][__main__][INFO] - [7, 44], []
[2025-01-29 13:31:35,862][__main__][INFO] - [7, 45], []
[2025-01-29 13:31:35,884][__main__][INFO] - [7, 46], []
[2025-01-29 13:31:35,906][__main__][INFO] - [7, 47], []
[2025-01-29 13:31:35,934][__main__][INFO] - [7, 48], []
[2025-01-29 13:31:35,956][__main__][INFO] - [7, 49], []
[2025-01-29 13:31:35,979][__main__][INFO] - [7, 50], []
[2025-01-29 13:31:36,001][__main__][INFO] - [7, 51], []
[2025-01-29 13:31:36,024][__main__][INFO] - [7, 52], []
[2025-01-29 13:31:36,046][__main__][INFO] - [7, 53], []
[2025-01-29 13:31:36,069][__main__][INFO] - [7, 54], []
[2025-01-29 13:31:36,092][__main__][INFO] - [7, 55], []
[2025-01-29 13:31:36,115][__main__][INFO] - [7, 56], []
[2025-01-29 13:31:36,138][__main__][INFO] - [7, 57], []
[2025-01-29 13:31:36,160][__main__][INFO] - [7, 58], []
[2025-01-29 13:31:36,183][__main__][INFO] - [7, 59], []
[2025-01-29 13:31:36,222][__main__][INFO] - [8, 10], []
[2025-01-29 13:31:36,246][__main__][INFO] - [8, 11], []
[2025-01-29 13:31:36,270][__main__][INFO] - [8, 12], []
[2025-01-29 13:31:36,294][__main__][INFO] - [8, 13], []
[2025-01-29 13:31:36,316][__main__][INFO] - [8, 14], []
[2025-01-29 13:31:36,340][__main__][INFO] - [8, 15], []
[2025-01-29 13:31:36,363][__main__][INFO] - [8, 16], []
[2025-01-29 13:31:36,386][__main__][INFO] - [8, 17], []
[2025-01-29 13:31:36,440][__main__][INFO] - [8, 20], []
[2025-01-29 13:31:36,483][__main__][INFO] - [8, 22], []
[2025-01-29 13:31:36,553][__main__][INFO] - [8, 26], []
[2025-01-29 13:31:36,577][__main__][INFO] - [8], [26]
[2025-01-29 13:31:36,604][__main__][INFO] - [8, 27], []
[2025-01-29 13:31:36,631][__main__][INFO] - [8, 28], []
[2025-01-29 13:31:36,654][__main__][INFO] - [8, 29], []
[2025-01-29 13:31:36,708][__main__][INFO] - [8, 32], []
[2025-01-29 13:31:36,735][__main__][INFO] - [8, 33], []
[2025-01-29 13:31:36,790][__main__][INFO] - [8, 36], []
[2025-01-29 13:31:36,814][__main__][INFO] - [8, 37], []
[2025-01-29 13:31:36,840][__main__][INFO] - [8, 38], []
[2025-01-29 13:31:36,864][__main__][INFO] - [8, 39], []
[2025-01-29 13:31:36,902][__main__][INFO] - [8, 41], []
[2025-01-29 13:31:36,924][__main__][INFO] - [8], [41]
[2025-01-29 13:31:36,951][__main__][INFO] - [8, 42], []
[2025-01-29 13:31:36,974][__main__][INFO] - [8], [42]
[2025-01-29 13:31:37,002][__main__][INFO] - [8, 43], []
[2025-01-29 13:31:37,025][__main__][INFO] - [8], [43]
[2025-01-29 13:31:37,053][__main__][INFO] - [8, 44], []
[2025-01-29 13:31:37,081][__main__][INFO] - [8, 45], []
[2025-01-29 13:31:37,104][__main__][INFO] - [8, 46], []
[2025-01-29 13:31:37,128][__main__][INFO] - [8, 47], []
[2025-01-29 13:31:37,154][__main__][INFO] - [8, 48], []
[2025-01-29 13:31:37,195][__main__][INFO] - [8, 50], []
[2025-01-29 13:31:37,218][__main__][INFO] - [8, 51], []
[2025-01-29 13:31:37,242][__main__][INFO] - [8, 52], []
[2025-01-29 13:31:37,265][__main__][INFO] - [8, 53], []
[2025-01-29 13:31:37,288][__main__][INFO] - [8, 54], []
[2025-01-29 13:31:37,312][__main__][INFO] - [8, 55], []
[2025-01-29 13:31:37,334][__main__][INFO] - [8, 56], []
[2025-01-29 13:31:37,358][__main__][INFO] - [8, 57], []
[2025-01-29 13:31:37,381][__main__][INFO] - [8, 58], []
[2025-01-29 13:31:37,404][__main__][INFO] - [8, 59], []
[2025-01-29 13:31:37,600][__main__][INFO] - [9, 20], []
[2025-01-29 13:31:37,750][__main__][INFO] - [9, 27], []
[2025-01-29 13:31:37,836][__main__][INFO] - [9, 32], []
[2025-01-29 13:31:38,001][__main__][INFO] - [9], [41]
[2025-01-29 13:31:38,039][__main__][INFO] - [9], [42]
[2025-01-29 13:31:38,078][__main__][INFO] - [9], [43]
[2025-01-29 13:31:38,101][__main__][INFO] - [9, 44], []
[2025-01-29 13:31:38,156][__main__][INFO] - [9, 47], []
[2025-01-29 13:31:38,385][__main__][INFO] - [10, 20], []
[2025-01-29 13:31:38,681][__main__][INFO] - [10, 21], []
[2025-01-29 13:31:38,709][__main__][INFO] - [10, 22], []
[2025-01-29 13:31:38,736][__main__][INFO] - [10, 23], []
[2025-01-29 13:31:38,759][__main__][INFO] - [10, 24], []
[2025-01-29 13:31:38,781][__main__][INFO] - [10, 25], []
[2025-01-29 13:31:38,804][__main__][INFO] - [10, 26], []
[2025-01-29 13:31:38,832][__main__][INFO] - [10], [26]
[2025-01-29 13:31:39,136][__main__][INFO] - [10, 27], []
[2025-01-29 13:31:39,423][__main__][INFO] - [10, 28], []
[2025-01-29 13:31:39,446][__main__][INFO] - [10, 29], []
[2025-01-29 13:31:39,469][__main__][INFO] - [10, 30], []
[2025-01-29 13:31:39,496][__main__][INFO] - [10, 31], []
[2025-01-29 13:31:39,580][__main__][INFO] - [10, 36], []
[2025-01-29 13:31:39,899][__main__][INFO] - [10, 37], []
[2025-01-29 13:31:40,048][__main__][INFO] - [10, 38], []
[2025-01-29 13:31:40,139][__main__][INFO] - [10, 39], []
[2025-01-29 13:31:40,210][__main__][INFO] - [10, 40], []
[2025-01-29 13:31:40,235][__main__][INFO] - [10, 41], []
[2025-01-29 13:31:40,257][__main__][INFO] - [10], [41]
[2025-01-29 13:31:40,551][__main__][INFO] - [10, 42], []
[2025-01-29 13:31:40,574][__main__][INFO] - [10], [42]
[2025-01-29 13:31:40,886][__main__][INFO] - [10, 43], []
[2025-01-29 13:31:40,911][__main__][INFO] - [10], [43]
[2025-01-29 13:31:41,220][__main__][INFO] - [10, 44], []
[2025-01-29 13:31:41,373][__main__][INFO] - [10, 45], []
[2025-01-29 13:31:41,399][__main__][INFO] - [10, 46], []
[2025-01-29 13:31:41,544][__main__][INFO] - [10, 47], []
[2025-01-29 13:31:41,891][__main__][INFO] - [10, 50], []
[2025-01-29 13:31:41,927][__main__][INFO] - [10, 51], []
[2025-01-29 13:31:41,966][__main__][INFO] - [10, 52], []
[2025-01-29 13:31:42,007][__main__][INFO] - [10, 53], []
[2025-01-29 13:31:42,046][__main__][INFO] - [10, 54], []
[2025-01-29 13:31:42,083][__main__][INFO] - [10, 55], []
[2025-01-29 13:31:42,118][__main__][INFO] - [10, 56], []
[2025-01-29 13:31:42,151][__main__][INFO] - [10, 57], []
[2025-01-29 13:31:42,183][__main__][INFO] - [10, 58], []
[2025-01-29 13:31:42,213][__main__][INFO] - [10, 59], []
[2025-01-29 13:31:42,321][__main__][INFO] - [11, 20], []
[2025-01-29 13:31:42,633][__main__][INFO] - [11, 21], []
[2025-01-29 13:31:42,665][__main__][INFO] - [11, 22], []
[2025-01-29 13:31:42,696][__main__][INFO] - [11, 23], []
[2025-01-29 13:31:42,721][__main__][INFO] - [11, 24], []
[2025-01-29 13:31:42,743][__main__][INFO] - [11, 25], []
[2025-01-29 13:31:42,765][__main__][INFO] - [11, 26], []
[2025-01-29 13:31:42,801][__main__][INFO] - [11], [26]
[2025-01-29 13:31:43,120][__main__][INFO] - [11, 27], []
[2025-01-29 13:31:43,428][__main__][INFO] - [11, 28], []
[2025-01-29 13:31:43,450][__main__][INFO] - [11, 29], []
[2025-01-29 13:31:43,478][__main__][INFO] - [11, 30], []
[2025-01-29 13:31:43,505][__main__][INFO] - [11, 31], []
[2025-01-29 13:31:43,527][__main__][INFO] - [11, 32], []
[2025-01-29 13:31:43,629][__main__][INFO] - [11, 34], []
[2025-01-29 13:31:43,667][__main__][INFO] - [11, 36], []
[2025-01-29 13:31:43,924][__main__][INFO] - [11, 37], []
[2025-01-29 13:31:44,105][__main__][INFO] - [11, 38], []
[2025-01-29 13:31:44,195][__main__][INFO] - [11, 39], []
[2025-01-29 13:31:44,261][__main__][INFO] - [11, 40], []
[2025-01-29 13:31:44,287][__main__][INFO] - [11, 41], []
[2025-01-29 13:31:44,326][__main__][INFO] - [11], [41]
[2025-01-29 13:31:44,644][__main__][INFO] - [11, 42], []
[2025-01-29 13:31:44,668][__main__][INFO] - [11], [42]
[2025-01-29 13:31:45,008][__main__][INFO] - [11, 43], []
[2025-01-29 13:31:45,033][__main__][INFO] - [11], [43]
[2025-01-29 13:31:45,377][__main__][INFO] - [11, 44], []
[2025-01-29 13:31:45,707][__main__][INFO] - [11, 45], []
[2025-01-29 13:31:45,755][__main__][INFO] - [11, 47], []
[2025-01-29 13:31:46,015][__main__][INFO] - [11, 48], []
[2025-01-29 13:31:46,098][__main__][INFO] - [11, 49], []
[2025-01-29 13:31:46,122][__main__][INFO] - [11, 50], []
[2025-01-29 13:31:46,168][__main__][INFO] - [11, 51], []
[2025-01-29 13:31:46,207][__main__][INFO] - [11, 52], []
[2025-01-29 13:31:46,248][__main__][INFO] - [11, 53], []
[2025-01-29 13:31:46,288][__main__][INFO] - [11, 54], []
[2025-01-29 13:31:46,325][__main__][INFO] - [11, 55], []
[2025-01-29 13:31:46,362][__main__][INFO] - [11, 56], []
[2025-01-29 13:31:46,396][__main__][INFO] - [11, 57], []
[2025-01-29 13:31:46,428][__main__][INFO] - [11, 58], []
[2025-01-29 13:31:46,459][__main__][INFO] - [11, 59], []
[2025-01-29 13:31:46,568][__main__][INFO] - [12, 20], []
[2025-01-29 13:31:46,881][__main__][INFO] - [12, 21], []
[2025-01-29 13:31:46,925][__main__][INFO] - [12, 22], []
[2025-01-29 13:31:46,970][__main__][INFO] - [12, 23], []
[2025-01-29 13:31:46,997][__main__][INFO] - [12, 24], []
[2025-01-29 13:31:47,020][__main__][INFO] - [12, 25], []
[2025-01-29 13:31:47,042][__main__][INFO] - [12, 26], []
[2025-01-29 13:31:47,082][__main__][INFO] - [12], [26]
[2025-01-29 13:31:47,441][__main__][INFO] - [12, 27], []
[2025-01-29 13:31:47,751][__main__][INFO] - [12, 28], []
[2025-01-29 13:31:47,804][__main__][INFO] - [12, 29], []
[2025-01-29 13:31:47,840][__main__][INFO] - [12, 30], []
[2025-01-29 13:31:47,867][__main__][INFO] - [12, 31], []
[2025-01-29 13:31:47,889][__main__][INFO] - [12, 32], []
[2025-01-29 13:31:48,255][__main__][INFO] - [12, 33], []
[2025-01-29 13:31:48,281][__main__][INFO] - [12, 34], []
[2025-01-29 13:31:48,309][__main__][INFO] - [12, 35], []
[2025-01-29 13:31:48,349][__main__][INFO] - [12, 37], []
[2025-01-29 13:31:48,562][__main__][INFO] - [12, 38], []
[2025-01-29 13:31:48,654][__main__][INFO] - [12, 39], []
[2025-01-29 13:31:48,726][__main__][INFO] - [12, 40], []
[2025-01-29 13:31:48,752][__main__][INFO] - [12, 41], []
[2025-01-29 13:31:48,820][__main__][INFO] - [12], [41]
[2025-01-29 13:31:49,145][__main__][INFO] - [12, 42], []
[2025-01-29 13:31:49,170][__main__][INFO] - [12], [42]
[2025-01-29 13:31:49,559][__main__][INFO] - [12, 43], []
[2025-01-29 13:31:49,585][__main__][INFO] - [12], [43]
[2025-01-29 13:31:49,975][__main__][INFO] - [12, 44], []
[2025-01-29 13:31:50,356][__main__][INFO] - [12, 45], []
[2025-01-29 13:31:50,406][__main__][INFO] - [12, 47], []
[2025-01-29 13:31:50,609][__main__][INFO] - [12, 48], []
[2025-01-29 13:31:50,787][__main__][INFO] - [12, 49], []
[2025-01-29 13:31:50,816][__main__][INFO] - [12, 50], []
[2025-01-29 13:31:50,880][__main__][INFO] - [12, 51], []
[2025-01-29 13:31:50,916][__main__][INFO] - [12, 52], []
[2025-01-29 13:31:50,955][__main__][INFO] - [12, 53], []
[2025-01-29 13:31:50,998][__main__][INFO] - [12, 54], []
[2025-01-29 13:31:51,038][__main__][INFO] - [12, 55], []
[2025-01-29 13:31:51,075][__main__][INFO] - [12, 56], []
[2025-01-29 13:31:51,113][__main__][INFO] - [12, 57], []
[2025-01-29 13:31:51,149][__main__][INFO] - [12, 58], []
[2025-01-29 13:31:51,182][__main__][INFO] - [12, 59], []
[2025-01-29 13:31:51,289][__main__][INFO] - [13, 20], []
[2025-01-29 13:31:51,544][__main__][INFO] - [13, 21], []
[2025-01-29 13:31:51,599][__main__][INFO] - [13, 22], []
[2025-01-29 13:31:51,662][__main__][INFO] - [13, 23], []
[2025-01-29 13:31:51,691][__main__][INFO] - [13, 24], []
[2025-01-29 13:31:51,716][__main__][INFO] - [13, 25], []
[2025-01-29 13:31:51,738][__main__][INFO] - [13, 26], []
[2025-01-29 13:31:51,778][__main__][INFO] - [13], [26]
[2025-01-29 13:31:52,111][__main__][INFO] - [13, 27], []
[2025-01-29 13:31:52,357][__main__][INFO] - [13, 28], []
[2025-01-29 13:31:52,429][__main__][INFO] - [13, 29], []
[2025-01-29 13:31:52,479][__main__][INFO] - [13, 30], []
[2025-01-29 13:31:52,505][__main__][INFO] - [13, 31], []
[2025-01-29 13:31:52,527][__main__][INFO] - [13, 32], []
[2025-01-29 13:31:52,864][__main__][INFO] - [13, 33], []
[2025-01-29 13:31:52,894][__main__][INFO] - [13, 34], []
[2025-01-29 13:31:52,918][__main__][INFO] - [13, 35], []
[2025-01-29 13:31:52,957][__main__][INFO] - [13, 37], []
[2025-01-29 13:31:53,156][__main__][INFO] - [13, 38], []
[2025-01-29 13:31:53,242][__main__][INFO] - [13, 39], []
[2025-01-29 13:31:53,307][__main__][INFO] - [13, 40], []
[2025-01-29 13:31:53,333][__main__][INFO] - [13, 41], []
[2025-01-29 13:31:53,435][__main__][INFO] - [13], [41]
[2025-01-29 13:31:53,695][__main__][INFO] - [13, 42], []
[2025-01-29 13:31:53,720][__main__][INFO] - [13], [42]
[2025-01-29 13:31:54,076][__main__][INFO] - [13, 43], []
[2025-01-29 13:31:54,101][__main__][INFO] - [13], [43]
[2025-01-29 13:31:54,456][__main__][INFO] - [13, 44], []
[2025-01-29 13:31:54,806][__main__][INFO] - [13, 45], []
[2025-01-29 13:31:54,854][__main__][INFO] - [13, 47], []
[2025-01-29 13:31:55,036][__main__][INFO] - [13, 48], []
[2025-01-29 13:31:55,192][__main__][INFO] - [13, 49], []
[2025-01-29 13:31:55,227][__main__][INFO] - [13, 50], []
[2025-01-29 13:31:55,265][__main__][INFO] - [13, 51], []
[2025-01-29 13:31:55,299][__main__][INFO] - [13, 52], []
[2025-01-29 13:31:55,335][__main__][INFO] - [13, 53], []
[2025-01-29 13:31:55,373][__main__][INFO] - [13, 54], []
[2025-01-29 13:31:55,409][__main__][INFO] - [13, 55], []
[2025-01-29 13:31:55,444][__main__][INFO] - [13, 56], []
[2025-01-29 13:31:55,480][__main__][INFO] - [13, 57], []
[2025-01-29 13:31:55,515][__main__][INFO] - [13, 58], []
[2025-01-29 13:31:55,548][__main__][INFO] - [13, 59], []
[2025-01-29 13:31:55,692][__main__][INFO] - [14, 20], []
[2025-01-29 13:31:55,905][__main__][INFO] - [14, 21], []
[2025-01-29 13:31:55,976][__main__][INFO] - [14, 22], []
[2025-01-29 13:31:56,059][__main__][INFO] - [14, 23], []
[2025-01-29 13:31:56,089][__main__][INFO] - [14, 24], []
[2025-01-29 13:31:56,114][__main__][INFO] - [14, 25], []
[2025-01-29 13:31:56,136][__main__][INFO] - [14, 26], []
[2025-01-29 13:31:56,180][__main__][INFO] - [14], [26]
[2025-01-29 13:31:56,506][__main__][INFO] - [14, 27], []
[2025-01-29 13:31:56,711][__main__][INFO] - [14, 28], []
[2025-01-29 13:31:56,790][__main__][INFO] - [14, 29], []
[2025-01-29 13:31:56,868][__main__][INFO] - [14, 30], []
[2025-01-29 13:31:56,894][__main__][INFO] - [14, 31], []
[2025-01-29 13:31:56,916][__main__][INFO] - [14, 32], []
[2025-01-29 13:31:57,266][__main__][INFO] - [14, 33], []
[2025-01-29 13:31:57,297][__main__][INFO] - [14, 34], []
[2025-01-29 13:31:57,321][__main__][INFO] - [14, 35], []
[2025-01-29 13:31:57,360][__main__][INFO] - [14, 37], []
[2025-01-29 13:31:57,584][__main__][INFO] - [14, 38], []
[2025-01-29 13:31:57,662][__main__][INFO] - [14, 39], []
[2025-01-29 13:31:57,722][__main__][INFO] - [14, 40], []
[2025-01-29 13:31:57,748][__main__][INFO] - [14, 41], []
[2025-01-29 13:31:57,891][__main__][INFO] - [14], [41]
[2025-01-29 13:31:58,106][__main__][INFO] - [14, 42], []
[2025-01-29 13:31:58,132][__main__][INFO] - [14], [42]
[2025-01-29 13:31:58,485][__main__][INFO] - [14, 43], []
[2025-01-29 13:31:58,512][__main__][INFO] - [14], [43]
[2025-01-29 13:31:58,870][__main__][INFO] - [14, 44], []
[2025-01-29 13:31:59,227][__main__][INFO] - [14, 45], []
[2025-01-29 13:31:59,274][__main__][INFO] - [14, 47], []
[2025-01-29 13:31:59,458][__main__][INFO] - [14, 48], []
[2025-01-29 13:31:59,634][__main__][INFO] - [14, 49], []
[2025-01-29 13:31:59,661][__main__][INFO] - [14, 50], []
[2025-01-29 13:31:59,697][__main__][INFO] - [14, 51], []
[2025-01-29 13:31:59,730][__main__][INFO] - [14, 52], []
[2025-01-29 13:31:59,766][__main__][INFO] - [14, 53], []
[2025-01-29 13:31:59,804][__main__][INFO] - [14, 54], []
[2025-01-29 13:31:59,839][__main__][INFO] - [14, 55], []
[2025-01-29 13:31:59,874][__main__][INFO] - [14, 56], []
[2025-01-29 13:31:59,908][__main__][INFO] - [14, 57], []
[2025-01-29 13:31:59,943][__main__][INFO] - [14, 58], []
[2025-01-29 13:31:59,975][__main__][INFO] - [14, 59], []
[2025-01-29 13:32:00,130][__main__][INFO] - [15, 20], []
[2025-01-29 13:32:00,346][__main__][INFO] - [15, 21], []
[2025-01-29 13:32:00,413][__main__][INFO] - [15, 22], []
[2025-01-29 13:32:00,494][__main__][INFO] - [15, 23], []
[2025-01-29 13:32:00,523][__main__][INFO] - [15, 24], []
[2025-01-29 13:32:00,546][__main__][INFO] - [15, 25], []
[2025-01-29 13:32:00,570][__main__][INFO] - [15, 26], []
[2025-01-29 13:32:00,628][__main__][INFO] - [15], [26]
[2025-01-29 13:32:00,933][__main__][INFO] - [15, 27], []
[2025-01-29 13:32:01,151][__main__][INFO] - [15, 28], []
[2025-01-29 13:32:01,214][__main__][INFO] - [15, 29], []
[2025-01-29 13:32:01,306][__main__][INFO] - [15, 30], []
[2025-01-29 13:32:01,328][__main__][INFO] - [15, 31], []
[2025-01-29 13:32:01,351][__main__][INFO] - [15, 32], []
[2025-01-29 13:32:01,692][__main__][INFO] - [15, 33], []
[2025-01-29 13:32:01,728][__main__][INFO] - [15, 34], []
[2025-01-29 13:32:01,752][__main__][INFO] - [15, 35], []
[2025-01-29 13:32:01,793][__main__][INFO] - [15, 37], []
[2025-01-29 13:32:02,007][__main__][INFO] - [15, 38], []
[2025-01-29 13:32:02,096][__main__][INFO] - [15, 39], []
[2025-01-29 13:32:02,153][__main__][INFO] - [15, 40], []
[2025-01-29 13:32:02,180][__main__][INFO] - [15, 41], []
[2025-01-29 13:32:02,318][__main__][INFO] - [15], [41]
[2025-01-29 13:32:02,547][__main__][INFO] - [15, 42], []
[2025-01-29 13:32:02,576][__main__][INFO] - [15], [42]
[2025-01-29 13:32:02,935][__main__][INFO] - [15, 43], []
[2025-01-29 13:32:02,964][__main__][INFO] - [15], [43]
[2025-01-29 13:32:03,320][__main__][INFO] - [15, 44], []
[2025-01-29 13:32:03,670][__main__][INFO] - [15, 45], []
[2025-01-29 13:32:03,721][__main__][INFO] - [15, 47], []
[2025-01-29 13:32:04,018][__main__][INFO] - [15, 48], []
[2025-01-29 13:32:04,087][__main__][INFO] - [15, 49], []
[2025-01-29 13:32:04,111][__main__][INFO] - [15, 50], []
[2025-01-29 13:32:04,146][__main__][INFO] - [15, 51], []
[2025-01-29 13:32:04,178][__main__][INFO] - [15, 52], []
[2025-01-29 13:32:04,211][__main__][INFO] - [15, 53], []
[2025-01-29 13:32:04,247][__main__][INFO] - [15, 54], []
[2025-01-29 13:32:04,282][__main__][INFO] - [15, 55], []
[2025-01-29 13:32:04,315][__main__][INFO] - [15, 56], []
[2025-01-29 13:32:04,350][__main__][INFO] - [15, 57], []
[2025-01-29 13:32:04,384][__main__][INFO] - [15, 58], []
[2025-01-29 13:32:04,417][__main__][INFO] - [15, 59], []
[2025-01-29 13:32:04,587][__main__][INFO] - [16, 20], []
[2025-01-29 13:32:04,830][__main__][INFO] - [16, 21], []
[2025-01-29 13:32:04,895][__main__][INFO] - [16, 22], []
[2025-01-29 13:32:04,960][__main__][INFO] - [16, 23], []
[2025-01-29 13:32:04,990][__main__][INFO] - [16, 24], []
[2025-01-29 13:32:05,013][__main__][INFO] - [16, 25], []
[2025-01-29 13:32:05,035][__main__][INFO] - [16, 26], []
[2025-01-29 13:32:05,117][__main__][INFO] - [16], [26]
[2025-01-29 13:32:05,405][__main__][INFO] - [16, 27], []
[2025-01-29 13:32:05,649][__main__][INFO] - [16, 28], []
[2025-01-29 13:32:05,694][__main__][INFO] - [16, 29], []
[2025-01-29 13:32:05,783][__main__][INFO] - [16, 30], []
[2025-01-29 13:32:05,809][__main__][INFO] - [16, 31], []
[2025-01-29 13:32:05,832][__main__][INFO] - [16, 32], []
[2025-01-29 13:32:06,171][__main__][INFO] - [16, 33], []
[2025-01-29 13:32:06,226][__main__][INFO] - [16, 35], []
[2025-01-29 13:32:06,266][__main__][INFO] - [16, 37], []
[2025-01-29 13:32:06,486][__main__][INFO] - [16, 38], []
[2025-01-29 13:32:06,578][__main__][INFO] - [16, 39], []
[2025-01-29 13:32:06,633][__main__][INFO] - [16, 40], []
[2025-01-29 13:32:06,660][__main__][INFO] - [16, 41], []
[2025-01-29 13:32:06,781][__main__][INFO] - [16], [41]
[2025-01-29 13:32:07,028][__main__][INFO] - [16, 42], []
[2025-01-29 13:32:07,062][__main__][INFO] - [16], [42]
[2025-01-29 13:32:07,416][__main__][INFO] - [16, 43], []
[2025-01-29 13:32:07,446][__main__][INFO] - [16], [43]
[2025-01-29 13:32:07,802][__main__][INFO] - [16, 44], []
[2025-01-29 13:32:08,157][__main__][INFO] - [16, 45], []
[2025-01-29 13:32:08,211][__main__][INFO] - [16, 47], []
[2025-01-29 13:32:08,629][__main__][INFO] - [16, 50], []
[2025-01-29 13:32:08,664][__main__][INFO] - [16, 51], []
[2025-01-29 13:32:08,698][__main__][INFO] - [16, 52], []
[2025-01-29 13:32:08,731][__main__][INFO] - [16, 53], []
[2025-01-29 13:32:08,766][__main__][INFO] - [16, 54], []
[2025-01-29 13:32:08,801][__main__][INFO] - [16, 55], []
[2025-01-29 13:32:08,835][__main__][INFO] - [16, 56], []
[2025-01-29 13:32:08,870][__main__][INFO] - [16, 57], []
[2025-01-29 13:32:08,904][__main__][INFO] - [16, 58], []
[2025-01-29 13:32:08,937][__main__][INFO] - [16, 59], []
[2025-01-29 13:32:09,114][__main__][INFO] - [17, 20], []
[2025-01-29 13:32:09,329][__main__][INFO] - [17, 21], []
[2025-01-29 13:32:09,384][__main__][INFO] - [17, 22], []
[2025-01-29 13:32:09,432][__main__][INFO] - [17, 23], []
[2025-01-29 13:32:09,462][__main__][INFO] - [17, 24], []
[2025-01-29 13:32:09,484][__main__][INFO] - [17, 25], []
[2025-01-29 13:32:09,506][__main__][INFO] - [17, 26], []
[2025-01-29 13:32:09,602][__main__][INFO] - [17], [26]
[2025-01-29 13:32:09,819][__main__][INFO] - [17, 27], []
[2025-01-29 13:32:10,029][__main__][INFO] - [17, 28], []
[2025-01-29 13:32:10,052][__main__][INFO] - [17, 29], []
[2025-01-29 13:32:10,124][__main__][INFO] - [17, 30], []
[2025-01-29 13:32:10,147][__main__][INFO] - [17, 31], []
[2025-01-29 13:32:10,169][__main__][INFO] - [17, 32], []
[2025-01-29 13:32:10,422][__main__][INFO] - [17, 33], []
[2025-01-29 13:32:10,494][__main__][INFO] - [17, 35], []
[2025-01-29 13:32:10,537][__main__][INFO] - [17, 37], []
[2025-01-29 13:32:10,717][__main__][INFO] - [17, 38], []
[2025-01-29 13:32:10,798][__main__][INFO] - [17, 39], []
[2025-01-29 13:32:10,846][__main__][INFO] - [17, 40], []
[2025-01-29 13:32:10,872][__main__][INFO] - [17, 41], []
[2025-01-29 13:32:10,962][__main__][INFO] - [17], [41]
[2025-01-29 13:32:11,178][__main__][INFO] - [17, 42], []
[2025-01-29 13:32:11,222][__main__][INFO] - [17], [42]
[2025-01-29 13:32:11,491][__main__][INFO] - [17, 43], []
[2025-01-29 13:32:11,522][__main__][INFO] - [17], [43]
[2025-01-29 13:32:11,816][__main__][INFO] - [17, 44], []
[2025-01-29 13:32:12,105][__main__][INFO] - [17, 45], []
[2025-01-29 13:32:12,157][__main__][INFO] - [17, 47], []
[2025-01-29 13:32:12,509][__main__][INFO] - [17, 50], []
[2025-01-29 13:32:12,539][__main__][INFO] - [17, 51], []
[2025-01-29 13:32:12,571][__main__][INFO] - [17, 52], []
[2025-01-29 13:32:12,606][__main__][INFO] - [17, 53], []
[2025-01-29 13:32:12,640][__main__][INFO] - [17, 54], []
[2025-01-29 13:32:12,674][__main__][INFO] - [17, 55], []
[2025-01-29 13:32:12,708][__main__][INFO] - [17, 56], []
[2025-01-29 13:32:12,740][__main__][INFO] - [17, 57], []
[2025-01-29 13:32:12,771][__main__][INFO] - [17, 58], []
[2025-01-29 13:32:12,803][__main__][INFO] - [17, 59], []
[2025-01-29 13:32:12,936][__main__][INFO] - [18, 20], []
[2025-01-29 13:32:13,040][__main__][INFO] - [18, 21], []
[2025-01-29 13:32:13,077][__main__][INFO] - [18, 22], []
[2025-01-29 13:32:13,100][__main__][INFO] - [18, 23], []
[2025-01-29 13:32:13,128][__main__][INFO] - [18, 24], []
[2025-01-29 13:32:13,150][__main__][INFO] - [18, 25], []
[2025-01-29 13:32:13,173][__main__][INFO] - [18, 26], []
[2025-01-29 13:32:13,250][__main__][INFO] - [18], [26]
[2025-01-29 13:32:13,329][__main__][INFO] - [18, 27], []
[2025-01-29 13:32:13,433][__main__][INFO] - [18, 28], []
[2025-01-29 13:32:13,456][__main__][INFO] - [18, 29], []
[2025-01-29 13:32:13,502][__main__][INFO] - [18, 30], []
[2025-01-29 13:32:13,524][__main__][INFO] - [18, 31], []
[2025-01-29 13:32:13,547][__main__][INFO] - [18, 32], []
[2025-01-29 13:32:13,667][__main__][INFO] - [18, 33], []
[2025-01-29 13:32:13,723][__main__][INFO] - [18, 35], []
[2025-01-29 13:32:13,765][__main__][INFO] - [18, 37], []
[2025-01-29 13:32:13,860][__main__][INFO] - [18, 38], []
[2025-01-29 13:32:13,906][__main__][INFO] - [18, 39], []
[2025-01-29 13:32:13,942][__main__][INFO] - [18, 40], []
[2025-01-29 13:32:13,966][__main__][INFO] - [18, 41], []
[2025-01-29 13:32:14,019][__main__][INFO] - [18], [41]
[2025-01-29 13:32:14,126][__main__][INFO] - [18, 42], []
[2025-01-29 13:32:14,168][__main__][INFO] - [18], [42]
[2025-01-29 13:32:14,286][__main__][INFO] - [18, 43], []
[2025-01-29 13:32:14,316][__main__][INFO] - [18], [43]
[2025-01-29 13:32:14,455][__main__][INFO] - [18, 44], []
[2025-01-29 13:32:14,580][__main__][INFO] - [18, 45], []
[2025-01-29 13:32:14,631][__main__][INFO] - [18, 47], []
[2025-01-29 13:32:14,812][__main__][INFO] - [18, 50], []
[2025-01-29 13:32:14,841][__main__][INFO] - [18, 51], []
[2025-01-29 13:32:14,867][__main__][INFO] - [18, 52], []
[2025-01-29 13:32:14,896][__main__][INFO] - [18, 53], []
[2025-01-29 13:32:14,926][__main__][INFO] - [18, 54], []
[2025-01-29 13:32:14,955][__main__][INFO] - [18, 55], []
[2025-01-29 13:32:14,984][__main__][INFO] - [18, 56], []
[2025-01-29 13:32:15,011][__main__][INFO] - [18, 57], []
[2025-01-29 13:32:15,039][__main__][INFO] - [18, 58], []
[2025-01-29 13:32:15,066][__main__][INFO] - [18, 59], []
[2025-01-29 13:32:15,131][__main__][INFO] - [19, 20], []
[2025-01-29 13:32:15,197][__main__][INFO] - [19, 21], []
[2025-01-29 13:32:15,219][__main__][INFO] - [19, 22], []
[2025-01-29 13:32:15,242][__main__][INFO] - [19, 23], []
[2025-01-29 13:32:15,268][__main__][INFO] - [19, 24], []
[2025-01-29 13:32:15,307][__main__][INFO] - [19, 26], []
[2025-01-29 13:32:15,375][__main__][INFO] - [19], [26]
[2025-01-29 13:32:15,411][__main__][INFO] - [19, 27], []
[2025-01-29 13:32:15,476][__main__][INFO] - [19, 28], []
[2025-01-29 13:32:15,498][__main__][INFO] - [19, 29], []
[2025-01-29 13:32:15,533][__main__][INFO] - [19, 30], []
[2025-01-29 13:32:15,571][__main__][INFO] - [19, 32], []
[2025-01-29 13:32:15,641][__main__][INFO] - [19, 33], []
[2025-01-29 13:32:15,691][__main__][INFO] - [19, 35], []
[2025-01-29 13:32:15,731][__main__][INFO] - [19, 37], []
[2025-01-29 13:32:15,789][__main__][INFO] - [19, 38], []
[2025-01-29 13:32:15,822][__main__][INFO] - [19, 39], []
[2025-01-29 13:32:15,853][__main__][INFO] - [19, 40], []
[2025-01-29 13:32:15,877][__main__][INFO] - [19, 41], []
[2025-01-29 13:32:15,914][__main__][INFO] - [19], [41]
[2025-01-29 13:32:15,979][__main__][INFO] - [19, 42], []
[2025-01-29 13:32:16,021][__main__][INFO] - [19], [42]
[2025-01-29 13:32:16,080][__main__][INFO] - [19, 43], []
[2025-01-29 13:32:16,112][__main__][INFO] - [19], [43]
[2025-01-29 13:32:16,184][__main__][INFO] - [19, 44], []
[2025-01-29 13:32:16,246][__main__][INFO] - [19, 45], []
[2025-01-29 13:32:16,301][__main__][INFO] - [19, 47], []
[2025-01-29 13:32:16,419][__main__][INFO] - [19, 50], []
[2025-01-29 13:32:16,448][__main__][INFO] - [19, 51], []
[2025-01-29 13:32:16,473][__main__][INFO] - [19, 52], []
[2025-01-29 13:32:16,499][__main__][INFO] - [19, 53], []
[2025-01-29 13:32:16,526][__main__][INFO] - [19, 54], []
[2025-01-29 13:32:16,553][__main__][INFO] - [19, 55], []
[2025-01-29 13:32:16,578][__main__][INFO] - [19, 56], []
[2025-01-29 13:32:16,604][__main__][INFO] - [19, 57], []
[2025-01-29 13:32:16,629][__main__][INFO] - [19, 58], []
[2025-01-29 13:32:16,652][__main__][INFO] - [19, 59], []
[2025-01-29 13:32:16,701][__main__][INFO] - [20, 26], []
[2025-01-29 13:32:17,190][__main__][INFO] - [20], [26]
[2025-01-29 13:32:19,516][__main__][INFO] - [20, 27], []
[2025-01-29 13:32:23,115][__main__][INFO] - [20, 28], []
[2025-01-29 13:32:23,138][__main__][INFO] - [20, 29], []
[2025-01-29 13:32:23,176][__main__][INFO] - [20, 31], []
[2025-01-29 13:32:23,202][__main__][INFO] - [20, 32], []
[2025-01-29 13:32:25,180][__main__][INFO] - [20, 33], []
[2025-01-29 13:32:25,328][__main__][INFO] - [20, 34], []
[2025-01-29 13:32:25,358][__main__][INFO] - [20, 35], []
[2025-01-29 13:32:25,395][__main__][INFO] - [20, 36], []
[2025-01-29 13:32:25,927][__main__][INFO] - [20, 37], []
[2025-01-29 13:32:27,270][__main__][INFO] - [20, 38], []
[2025-01-29 13:32:27,956][__main__][INFO] - [20, 39], []
[2025-01-29 13:32:28,326][__main__][INFO] - [20, 40], []
[2025-01-29 13:32:28,377][__main__][INFO] - [20, 41], []
[2025-01-29 13:32:28,400][__main__][INFO] - [20], [41]
[2025-01-29 13:32:32,037][__main__][INFO] - [20, 42], []
[2025-01-29 13:32:32,148][__main__][INFO] - [20], [42]
[2025-01-29 13:32:35,350][__main__][INFO] - [20, 43], []
[2025-01-29 13:32:35,424][__main__][INFO] - [20], [43]
[2025-01-29 13:32:38,688][__main__][INFO] - [20, 44], []
[2025-01-29 13:32:41,460][__main__][INFO] - [20, 45], []
[2025-01-29 13:32:41,604][__main__][INFO] - [20, 46], []
[2025-01-29 13:32:41,736][__main__][INFO] - [20, 47], []
[2025-01-29 13:32:44,344][__main__][INFO] - [20, 48], []
[2025-01-29 13:32:44,808][__main__][INFO] - [20, 49], []
[2025-01-29 13:32:44,846][__main__][INFO] - [20, 50], []
[2025-01-29 13:32:45,014][__main__][INFO] - [20, 51], []
[2025-01-29 13:32:45,122][__main__][INFO] - [20, 52], []
[2025-01-29 13:32:45,242][__main__][INFO] - [20, 53], []
[2025-01-29 13:32:45,372][__main__][INFO] - [20, 54], []
[2025-01-29 13:32:45,492][__main__][INFO] - [20, 55], []
[2025-01-29 13:32:45,608][__main__][INFO] - [20, 56], []
[2025-01-29 13:32:45,716][__main__][INFO] - [20, 57], []
[2025-01-29 13:32:45,822][__main__][INFO] - [20, 58], []
[2025-01-29 13:32:45,912][__main__][INFO] - [20, 59], []
[2025-01-29 13:32:46,728][__main__][INFO] - [21, 26], []
[2025-01-29 13:32:46,779][__main__][INFO] - [21], [26]
[2025-01-29 13:32:47,079][__main__][INFO] - [21, 28], []
[2025-01-29 13:32:47,175][__main__][INFO] - [21, 29], []
[2025-01-29 13:32:47,381][__main__][INFO] - [21, 30], []
[2025-01-29 13:32:47,429][__main__][INFO] - [21, 32], []
[2025-01-29 13:32:47,722][__main__][INFO] - [21, 33], []
[2025-01-29 13:32:47,749][__main__][INFO] - [21, 34], []
[2025-01-29 13:32:47,773][__main__][INFO] - [21, 35], []
[2025-01-29 13:32:47,797][__main__][INFO] - [21, 36], []
[2025-01-29 13:32:47,830][__main__][INFO] - [21, 37], []
[2025-01-29 13:32:48,075][__main__][INFO] - [21, 38], []
[2025-01-29 13:32:48,108][__main__][INFO] - [21, 39], []
[2025-01-29 13:32:48,161][__main__][INFO] - [21, 40], []
[2025-01-29 13:32:48,184][__main__][INFO] - [21, 41], []
[2025-01-29 13:32:48,485][__main__][INFO] - [21], [41]
[2025-01-29 13:32:48,517][__main__][INFO] - [21, 42], []
[2025-01-29 13:32:48,540][__main__][INFO] - [21], [42]
[2025-01-29 13:32:48,838][__main__][INFO] - [21, 43], []
[2025-01-29 13:32:48,860][__main__][INFO] - [21], [43]
[2025-01-29 13:32:49,161][__main__][INFO] - [21, 44], []
[2025-01-29 13:32:49,459][__main__][INFO] - [21, 45], []
[2025-01-29 13:32:49,482][__main__][INFO] - [21, 46], []
[2025-01-29 13:32:49,506][__main__][INFO] - [21, 47], []
[2025-01-29 13:32:49,734][__main__][INFO] - [21, 48], []
[2025-01-29 13:32:49,819][__main__][INFO] - [21, 49], []
[2025-01-29 13:32:49,842][__main__][INFO] - [21, 50], []
[2025-01-29 13:32:49,878][__main__][INFO] - [21, 51], []
[2025-01-29 13:32:49,901][__main__][INFO] - [21, 52], []
[2025-01-29 13:32:49,936][__main__][INFO] - [21, 53], []
[2025-01-29 13:32:49,970][__main__][INFO] - [21, 54], []
[2025-01-29 13:32:50,004][__main__][INFO] - [21, 55], []
[2025-01-29 13:32:50,039][__main__][INFO] - [21, 56], []
[2025-01-29 13:32:50,073][__main__][INFO] - [21, 57], []
[2025-01-29 13:32:50,106][__main__][INFO] - [21, 58], []
[2025-01-29 13:32:50,128][__main__][INFO] - [21, 59], []
[2025-01-29 13:32:50,274][__main__][INFO] - [22, 26], []
[2025-01-29 13:32:50,334][__main__][INFO] - [22], [26]
[2025-01-29 13:32:50,645][__main__][INFO] - [22, 28], []
[2025-01-29 13:32:50,820][__main__][INFO] - [22, 29], []
[2025-01-29 13:32:50,974][__main__][INFO] - [22, 30], []
[2025-01-29 13:32:51,022][__main__][INFO] - [22, 32], []
[2025-01-29 13:32:51,345][__main__][INFO] - [22, 33], []
[2025-01-29 13:32:51,371][__main__][INFO] - [22, 34], []
[2025-01-29 13:32:51,394][__main__][INFO] - [22, 35], []
[2025-01-29 13:32:51,416][__main__][INFO] - [22, 36], []
[2025-01-29 13:32:51,450][__main__][INFO] - [22, 37], []
[2025-01-29 13:32:51,720][__main__][INFO] - [22, 38], []
[2025-01-29 13:32:51,756][__main__][INFO] - [22, 39], []
[2025-01-29 13:32:51,813][__main__][INFO] - [22, 40], []
[2025-01-29 13:32:51,835][__main__][INFO] - [22, 41], []
[2025-01-29 13:32:52,171][__main__][INFO] - [22], [41]
[2025-01-29 13:32:52,202][__main__][INFO] - [22, 42], []
[2025-01-29 13:32:52,235][__main__][INFO] - [22], [42]
[2025-01-29 13:32:52,564][__main__][INFO] - [22, 43], []
[2025-01-29 13:32:52,587][__main__][INFO] - [22], [43]
[2025-01-29 13:32:52,924][__main__][INFO] - [22, 44], []
[2025-01-29 13:32:53,251][__main__][INFO] - [22, 45], []
[2025-01-29 13:32:53,274][__main__][INFO] - [22, 46], []
[2025-01-29 13:32:53,297][__main__][INFO] - [22, 47], []
[2025-01-29 13:32:53,546][__main__][INFO] - [22, 48], []
[2025-01-29 13:32:53,642][__main__][INFO] - [22, 49], []
[2025-01-29 13:32:53,669][__main__][INFO] - [22, 50], []
[2025-01-29 13:32:53,706][__main__][INFO] - [22, 51], []
[2025-01-29 13:32:53,749][__main__][INFO] - [22, 52], []
[2025-01-29 13:32:53,795][__main__][INFO] - [22, 53], []
[2025-01-29 13:32:53,845][__main__][INFO] - [22, 54], []
[2025-01-29 13:32:53,889][__main__][INFO] - [22, 55], []
[2025-01-29 13:32:53,929][__main__][INFO] - [22, 56], []
[2025-01-29 13:32:53,967][__main__][INFO] - [22, 57], []
[2025-01-29 13:32:54,002][__main__][INFO] - [22, 58], []
[2025-01-29 13:32:54,044][__main__][INFO] - [22, 59], []
[2025-01-29 13:32:54,120][__main__][INFO] - [23, 26], []
[2025-01-29 13:32:54,150][__main__][INFO] - [23], [26]
[2025-01-29 13:32:54,234][__main__][INFO] - [23, 28], []
[2025-01-29 13:32:54,272][__main__][INFO] - [23, 29], []
[2025-01-29 13:32:54,323][__main__][INFO] - [23, 30], []
[2025-01-29 13:32:54,368][__main__][INFO] - [23, 32], []
[2025-01-29 13:32:54,440][__main__][INFO] - [23, 33], []
[2025-01-29 13:32:54,480][__main__][INFO] - [23, 35], []
[2025-01-29 13:32:54,502][__main__][INFO] - [23, 36], []
[2025-01-29 13:32:54,527][__main__][INFO] - [23, 37], []
[2025-01-29 13:32:54,587][__main__][INFO] - [23, 38], []
[2025-01-29 13:32:54,616][__main__][INFO] - [23, 39], []
[2025-01-29 13:32:54,645][__main__][INFO] - [23, 40], []
[2025-01-29 13:32:54,667][__main__][INFO] - [23, 41], []
[2025-01-29 13:32:54,737][__main__][INFO] - [23], [41]
[2025-01-29 13:32:54,766][__main__][INFO] - [23, 42], []
[2025-01-29 13:32:54,791][__main__][INFO] - [23], [42]
[2025-01-29 13:32:54,866][__main__][INFO] - [23, 43], []
[2025-01-29 13:32:54,890][__main__][INFO] - [23], [43]
[2025-01-29 13:32:54,966][__main__][INFO] - [23, 44], []
[2025-01-29 13:32:55,039][__main__][INFO] - [23, 45], []
[2025-01-29 13:32:55,064][__main__][INFO] - [23, 46], []
[2025-01-29 13:32:55,087][__main__][INFO] - [23, 47], []
[2025-01-29 13:32:55,152][__main__][INFO] - [23, 48], []
[2025-01-29 13:32:55,185][__main__][INFO] - [23, 49], []
[2025-01-29 13:32:55,208][__main__][INFO] - [23, 50], []
[2025-01-29 13:32:55,234][__main__][INFO] - [23, 51], []
[2025-01-29 13:32:55,259][__main__][INFO] - [23, 52], []
[2025-01-29 13:32:55,285][__main__][INFO] - [23, 53], []
[2025-01-29 13:32:55,310][__main__][INFO] - [23, 54], []
[2025-01-29 13:32:55,332][__main__][INFO] - [23, 55], []
[2025-01-29 13:32:55,358][__main__][INFO] - [23, 56], []
[2025-01-29 13:32:55,383][__main__][INFO] - [23, 57], []
[2025-01-29 13:32:55,406][__main__][INFO] - [23, 58], []
[2025-01-29 13:32:55,428][__main__][INFO] - [23, 59], []
[2025-01-29 13:32:55,486][__main__][INFO] - [24, 26], []
[2025-01-29 13:32:55,508][__main__][INFO] - [24], [26]
[2025-01-29 13:32:55,554][__main__][INFO] - [24, 28], []
[2025-01-29 13:32:55,577][__main__][INFO] - [24, 29], []
[2025-01-29 13:32:55,605][__main__][INFO] - [24, 30], []
[2025-01-29 13:32:55,643][__main__][INFO] - [24, 32], []
[2025-01-29 13:32:55,674][__main__][INFO] - [24, 33], []
[2025-01-29 13:32:55,730][__main__][INFO] - [24, 36], []
[2025-01-29 13:32:55,752][__main__][INFO] - [24, 37], []
[2025-01-29 13:32:55,782][__main__][INFO] - [24, 38], []
[2025-01-29 13:32:55,804][__main__][INFO] - [24, 39], []
[2025-01-29 13:32:55,843][__main__][INFO] - [24, 41], []
[2025-01-29 13:32:55,874][__main__][INFO] - [24], [41]
[2025-01-29 13:32:55,897][__main__][INFO] - [24, 42], []
[2025-01-29 13:32:55,919][__main__][INFO] - [24], [42]
[2025-01-29 13:32:55,952][__main__][INFO] - [24, 43], []
[2025-01-29 13:32:55,974][__main__][INFO] - [24], [43]
[2025-01-29 13:32:56,006][__main__][INFO] - [24, 44], []
[2025-01-29 13:32:56,038][__main__][INFO] - [24, 45], []
[2025-01-29 13:32:56,075][__main__][INFO] - [24, 47], []
[2025-01-29 13:32:56,105][__main__][INFO] - [24, 48], []
[2025-01-29 13:32:56,130][__main__][INFO] - [24, 49], []
[2025-01-29 13:32:56,152][__main__][INFO] - [24, 50], []
[2025-01-29 13:32:56,175][__main__][INFO] - [24, 51], []
[2025-01-29 13:32:56,197][__main__][INFO] - [24, 52], []
[2025-01-29 13:32:56,220][__main__][INFO] - [24, 53], []
[2025-01-29 13:32:56,243][__main__][INFO] - [24, 54], []
[2025-01-29 13:32:56,266][__main__][INFO] - [24, 55], []
[2025-01-29 13:32:56,290][__main__][INFO] - [24, 56], []
[2025-01-29 13:32:56,313][__main__][INFO] - [24, 57], []
[2025-01-29 13:32:56,335][__main__][INFO] - [24, 58], []
[2025-01-29 13:32:56,358][__main__][INFO] - [24, 59], []
[2025-01-29 13:32:56,399][__main__][INFO] - [25, 26], []
[2025-01-29 13:32:56,422][__main__][INFO] - [25], [26]
[2025-01-29 13:32:56,464][__main__][INFO] - [25, 28], []
[2025-01-29 13:32:56,487][__main__][INFO] - [25, 29], []
[2025-01-29 13:32:56,512][__main__][INFO] - [25, 30], []
[2025-01-29 13:32:56,550][__main__][INFO] - [25, 32], []
[2025-01-29 13:32:56,623][__main__][INFO] - [25, 36], []
[2025-01-29 13:32:56,645][__main__][INFO] - [25, 37], []
[2025-01-29 13:32:56,671][__main__][INFO] - [25, 38], []
[2025-01-29 13:32:56,693][__main__][INFO] - [25, 39], []
[2025-01-29 13:32:56,731][__main__][INFO] - [25, 41], []
[2025-01-29 13:32:56,758][__main__][INFO] - [25], [41]
[2025-01-29 13:32:56,781][__main__][INFO] - [25, 42], []
[2025-01-29 13:32:56,803][__main__][INFO] - [25], [42]
[2025-01-29 13:32:56,846][__main__][INFO] - [25], [43]
[2025-01-29 13:32:56,874][__main__][INFO] - [25, 44], []
[2025-01-29 13:32:56,901][__main__][INFO] - [25, 45], []
[2025-01-29 13:32:56,923][__main__][INFO] - [25, 46], []
[2025-01-29 13:32:56,946][__main__][INFO] - [25, 47], []
[2025-01-29 13:32:56,972][__main__][INFO] - [25, 48], []
[2025-01-29 13:32:57,010][__main__][INFO] - [25, 50], []
[2025-01-29 13:32:57,033][__main__][INFO] - [25, 51], []
[2025-01-29 13:32:57,056][__main__][INFO] - [25, 52], []
[2025-01-29 13:32:57,078][__main__][INFO] - [25, 53], []
[2025-01-29 13:32:57,101][__main__][INFO] - [25, 54], []
[2025-01-29 13:32:57,123][__main__][INFO] - [25, 55], []
[2025-01-29 13:32:57,144][__main__][INFO] - [25, 56], []
[2025-01-29 13:32:57,166][__main__][INFO] - [25, 57], []
[2025-01-29 13:32:57,188][__main__][INFO] - [25, 58], []
[2025-01-29 13:32:57,211][__main__][INFO] - [25, 59], []
[2025-01-29 13:32:57,251][__main__][INFO] - [26, 27], []
[2025-01-29 13:32:57,742][__main__][INFO] - [26, 28], []
[2025-01-29 13:32:57,765][__main__][INFO] - [26, 29], []
[2025-01-29 13:32:57,839][__main__][INFO] - [26, 30], []
[2025-01-29 13:32:57,864][__main__][INFO] - [26, 31], []
[2025-01-29 13:32:57,886][__main__][INFO] - [26, 32], []
[2025-01-29 13:32:58,391][__main__][INFO] - [26, 33], []
[2025-01-29 13:32:58,457][__main__][INFO] - [26, 34], []
[2025-01-29 13:32:58,481][__main__][INFO] - [26, 35], []
[2025-01-29 13:32:58,508][__main__][INFO] - [26, 36], []
[2025-01-29 13:32:58,546][__main__][INFO] - [26, 37], []
[2025-01-29 13:32:58,852][__main__][INFO] - [26, 38], []
[2025-01-29 13:32:58,965][__main__][INFO] - [26, 39], []
[2025-01-29 13:32:59,043][__main__][INFO] - [26, 40], []
[2025-01-29 13:32:59,071][__main__][INFO] - [26, 41], []
[2025-01-29 13:32:59,168][__main__][INFO] - [26], [41]
[2025-01-29 13:32:59,666][__main__][INFO] - [26, 42], []
[2025-01-29 13:32:59,819][__main__][INFO] - [26], [42]
[2025-01-29 13:33:00,221][__main__][INFO] - [26, 43], []
[2025-01-29 13:33:00,321][__main__][INFO] - [26], [43]
[2025-01-29 13:33:00,815][__main__][INFO] - [26, 44], []
[2025-01-29 13:33:01,174][__main__][INFO] - [26, 45], []
[2025-01-29 13:33:01,360][__main__][INFO] - [26, 46], []
[2025-01-29 13:33:01,382][__main__][INFO] - [26, 47], []
[2025-01-29 13:33:02,001][__main__][INFO] - [26, 48], []
[2025-01-29 13:33:02,058][__main__][INFO] - [26, 49], []
[2025-01-29 13:33:02,083][__main__][INFO] - [26, 50], []
[2025-01-29 13:33:02,155][__main__][INFO] - [26, 51], []
[2025-01-29 13:33:02,205][__main__][INFO] - [26, 52], []
[2025-01-29 13:33:02,253][__main__][INFO] - [26, 53], []
[2025-01-29 13:33:02,300][__main__][INFO] - [26, 54], []
[2025-01-29 13:33:02,344][__main__][INFO] - [26, 55], []
[2025-01-29 13:33:02,384][__main__][INFO] - [26, 56], []
[2025-01-29 13:33:02,422][__main__][INFO] - [26, 57], []
[2025-01-29 13:33:02,458][__main__][INFO] - [26, 58], []
[2025-01-29 13:33:02,492][__main__][INFO] - [26, 59], []
[2025-01-29 13:33:02,606][__main__][INFO] - [27], [26]
[2025-01-29 13:33:04,860][__main__][INFO] - [28], [26]
[2025-01-29 13:33:05,121][__main__][INFO] - [29], [26]
[2025-01-29 13:33:05,445][__main__][INFO] - [30], [26]
[2025-01-29 13:33:05,492][__main__][INFO] - [31], [26]
[2025-01-29 13:33:05,518][__main__][INFO] - [32], [26]
[2025-01-29 13:33:07,859][__main__][INFO] - [33], [26]
[2025-01-29 13:33:07,960][__main__][INFO] - [34], [26]
[2025-01-29 13:33:07,990][__main__][INFO] - [35], [26]
[2025-01-29 13:33:08,024][__main__][INFO] - [36], [26]
[2025-01-29 13:33:08,581][__main__][INFO] - [37], [26]
[2025-01-29 13:33:10,193][__main__][INFO] - [38], [26]
[2025-01-29 13:33:10,807][__main__][INFO] - [39], [26]
[2025-01-29 13:33:11,211][__main__][INFO] - [40], [26]
[2025-01-29 13:33:11,257][__main__][INFO] - [41], [26]
[2025-01-29 13:33:11,867][__main__][INFO] - [], [26, 41]
[2025-01-29 13:33:14,333][__main__][INFO] - [], [26, 42]
[2025-01-29 13:33:18,122][__main__][INFO] - [], [26, 43]
[2025-01-29 13:33:21,845][__main__][INFO] - [44], [26]
[2025-01-29 13:33:25,235][__main__][INFO] - [46], [26]
[2025-01-29 13:33:25,377][__main__][INFO] - [47], [26]
[2025-01-29 13:33:27,882][__main__][INFO] - [48], [26]
[2025-01-29 13:33:28,507][__main__][INFO] - [49], [26]
[2025-01-29 13:33:28,553][__main__][INFO] - [50], [26]
[2025-01-29 13:33:28,709][__main__][INFO] - [51], [26]
[2025-01-29 13:33:28,823][__main__][INFO] - [52], [26]
[2025-01-29 13:33:28,960][__main__][INFO] - [53], [26]
[2025-01-29 13:33:29,113][__main__][INFO] - [54], [26]
[2025-01-29 13:33:29,252][__main__][INFO] - [55], [26]
[2025-01-29 13:33:29,383][__main__][INFO] - [56], [26]
[2025-01-29 13:33:29,511][__main__][INFO] - [57], [26]
[2025-01-29 13:33:29,628][__main__][INFO] - [58], [26]
[2025-01-29 13:33:29,733][__main__][INFO] - [59], [26]
[2025-01-29 13:33:30,668][__main__][INFO] - [27, 32], []
[2025-01-29 13:33:32,677][__main__][INFO] - [27, 33], []
[2025-01-29 13:33:32,824][__main__][INFO] - [27, 34], []
[2025-01-29 13:33:32,853][__main__][INFO] - [27, 35], []
[2025-01-29 13:33:32,891][__main__][INFO] - [27, 36], []
[2025-01-29 13:33:33,423][__main__][INFO] - [27, 37], []
[2025-01-29 13:33:34,689][__main__][INFO] - [27, 38], []
[2025-01-29 13:33:35,378][__main__][INFO] - [27, 39], []
[2025-01-29 13:33:35,740][__main__][INFO] - [27, 40], []
[2025-01-29 13:33:35,808][__main__][INFO] - [27], [41]
[2025-01-29 13:33:39,373][__main__][INFO] - [27, 42], []
[2025-01-29 13:33:39,493][__main__][INFO] - [27], [42]
[2025-01-29 13:33:42,601][__main__][INFO] - [27, 43], []
[2025-01-29 13:33:42,676][__main__][INFO] - [27], [43]
[2025-01-29 13:33:45,861][__main__][INFO] - [27, 44], []
[2025-01-29 13:33:48,650][__main__][INFO] - [27, 45], []
[2025-01-29 13:33:48,792][__main__][INFO] - [27, 46], []
[2025-01-29 13:33:48,927][__main__][INFO] - [27, 47], []
[2025-01-29 13:33:51,448][__main__][INFO] - [27, 48], []
[2025-01-29 13:33:51,918][__main__][INFO] - [27, 49], []
[2025-01-29 13:33:51,956][__main__][INFO] - [27, 50], []
[2025-01-29 13:33:52,123][__main__][INFO] - [27, 51], []
[2025-01-29 13:33:52,229][__main__][INFO] - [27, 52], []
[2025-01-29 13:33:52,351][__main__][INFO] - [27, 53], []
[2025-01-29 13:33:52,480][__main__][INFO] - [27, 54], []
[2025-01-29 13:33:52,602][__main__][INFO] - [27, 55], []
[2025-01-29 13:33:52,715][__main__][INFO] - [27, 56], []
[2025-01-29 13:33:52,825][__main__][INFO] - [27, 57], []
[2025-01-29 13:33:52,928][__main__][INFO] - [27, 58], []
[2025-01-29 13:33:53,019][__main__][INFO] - [27, 59], []
[2025-01-29 13:33:53,813][__main__][INFO] - [28, 32], []
[2025-01-29 13:33:54,104][__main__][INFO] - [28, 33], []
[2025-01-29 13:33:54,145][__main__][INFO] - [28, 35], []
[2025-01-29 13:33:54,167][__main__][INFO] - [28, 36], []
[2025-01-29 13:33:54,190][__main__][INFO] - [28, 37], []
[2025-01-29 13:33:54,428][__main__][INFO] - [28, 38], []
[2025-01-29 13:33:54,459][__main__][INFO] - [28, 39], []
[2025-01-29 13:33:54,507][__main__][INFO] - [28, 40], []
[2025-01-29 13:33:54,530][__main__][INFO] - [28, 41], []
[2025-01-29 13:33:54,836][__main__][INFO] - [28, 42], []
[2025-01-29 13:33:54,858][__main__][INFO] - [28], [42]
[2025-01-29 13:33:55,139][__main__][INFO] - [28, 43], []
[2025-01-29 13:33:55,162][__main__][INFO] - [28], [43]
[2025-01-29 13:33:55,444][__main__][INFO] - [28, 44], []
[2025-01-29 13:33:55,727][__main__][INFO] - [28, 45], []
[2025-01-29 13:33:55,750][__main__][INFO] - [28, 46], []
[2025-01-29 13:33:55,772][__main__][INFO] - [28, 47], []
[2025-01-29 13:33:55,967][__main__][INFO] - [28, 48], []
[2025-01-29 13:33:56,064][__main__][INFO] - [28, 49], []
[2025-01-29 13:33:56,091][__main__][INFO] - [28, 50], []
[2025-01-29 13:33:56,132][__main__][INFO] - [28, 51], []
[2025-01-29 13:33:56,170][__main__][INFO] - [28, 52], []
[2025-01-29 13:33:56,212][__main__][INFO] - [28, 53], []
[2025-01-29 13:33:56,254][__main__][INFO] - [28, 54], []
[2025-01-29 13:33:56,292][__main__][INFO] - [28, 55], []
[2025-01-29 13:33:56,327][__main__][INFO] - [28, 56], []
[2025-01-29 13:33:56,360][__main__][INFO] - [28, 57], []
[2025-01-29 13:33:56,391][__main__][INFO] - [28, 58], []
[2025-01-29 13:33:56,420][__main__][INFO] - [28, 59], []
[2025-01-29 13:33:56,501][__main__][INFO] - [29, 32], []
[2025-01-29 13:33:56,871][__main__][INFO] - [29, 33], []
[2025-01-29 13:33:56,902][__main__][INFO] - [29, 34], []
[2025-01-29 13:33:56,925][__main__][INFO] - [29, 35], []
[2025-01-29 13:33:56,950][__main__][INFO] - [29, 36], []
[2025-01-29 13:33:56,977][__main__][INFO] - [29, 37], []
[2025-01-29 13:33:57,294][__main__][INFO] - [29, 38], []
[2025-01-29 13:33:57,333][__main__][INFO] - [29, 39], []
[2025-01-29 13:33:57,394][__main__][INFO] - [29, 40], []
[2025-01-29 13:33:57,416][__main__][INFO] - [29, 41], []
[2025-01-29 13:33:57,827][__main__][INFO] - [29, 42], []
[2025-01-29 13:33:57,864][__main__][INFO] - [29], [42]
[2025-01-29 13:33:58,244][__main__][INFO] - [29, 43], []
[2025-01-29 13:33:58,267][__main__][INFO] - [29], [43]
[2025-01-29 13:33:58,669][__main__][INFO] - [29, 44], []
[2025-01-29 13:33:59,036][__main__][INFO] - [29, 45], []
[2025-01-29 13:33:59,074][__main__][INFO] - [29, 46], []
[2025-01-29 13:33:59,097][__main__][INFO] - [29, 47], []
[2025-01-29 13:33:59,404][__main__][INFO] - [29, 48], []
[2025-01-29 13:33:59,494][__main__][INFO] - [29, 49], []
[2025-01-29 13:33:59,519][__main__][INFO] - [29, 50], []
[2025-01-29 13:33:59,553][__main__][INFO] - [29, 51], []
[2025-01-29 13:33:59,590][__main__][INFO] - [29, 52], []
[2025-01-29 13:33:59,630][__main__][INFO] - [29, 53], []
[2025-01-29 13:33:59,670][__main__][INFO] - [29, 54], []
[2025-01-29 13:33:59,708][__main__][INFO] - [29, 55], []
[2025-01-29 13:33:59,746][__main__][INFO] - [29, 56], []
[2025-01-29 13:33:59,784][__main__][INFO] - [29, 57], []
[2025-01-29 13:33:59,820][__main__][INFO] - [29, 58], []
[2025-01-29 13:33:59,854][__main__][INFO] - [29, 59], []
[2025-01-29 13:34:00,009][__main__][INFO] - [30, 32], []
[2025-01-29 13:34:00,050][__main__][INFO] - [30, 33], []
[2025-01-29 13:34:00,074][__main__][INFO] - [30, 34], []
[2025-01-29 13:34:00,097][__main__][INFO] - [30, 35], []
[2025-01-29 13:34:00,120][__main__][INFO] - [30, 36], []
[2025-01-29 13:34:00,149][__main__][INFO] - [30, 37], []
[2025-01-29 13:34:00,183][__main__][INFO] - [30, 38], []
[2025-01-29 13:34:00,211][__main__][INFO] - [30, 39], []
[2025-01-29 13:34:00,241][__main__][INFO] - [30, 40], []
[2025-01-29 13:34:00,278][__main__][INFO] - [30], [41]
[2025-01-29 13:34:00,329][__main__][INFO] - [30, 42], []
[2025-01-29 13:34:00,353][__main__][INFO] - [30], [42]
[2025-01-29 13:34:00,403][__main__][INFO] - [30, 43], []
[2025-01-29 13:34:00,427][__main__][INFO] - [30], [43]
[2025-01-29 13:34:00,477][__main__][INFO] - [30, 44], []
[2025-01-29 13:34:00,525][__main__][INFO] - [30, 45], []
[2025-01-29 13:34:00,548][__main__][INFO] - [30, 46], []
[2025-01-29 13:34:00,572][__main__][INFO] - [30, 47], []
[2025-01-29 13:34:00,616][__main__][INFO] - [30, 48], []
[2025-01-29 13:34:00,645][__main__][INFO] - [30, 49], []
[2025-01-29 13:34:00,668][__main__][INFO] - [30, 50], []
[2025-01-29 13:34:00,690][__main__][INFO] - [30, 51], []
[2025-01-29 13:34:00,715][__main__][INFO] - [30, 52], []
[2025-01-29 13:34:00,739][__main__][INFO] - [30, 53], []
[2025-01-29 13:34:00,763][__main__][INFO] - [30, 54], []
[2025-01-29 13:34:00,785][__main__][INFO] - [30, 55], []
[2025-01-29 13:34:00,809][__main__][INFO] - [30, 56], []
[2025-01-29 13:34:00,833][__main__][INFO] - [30, 57], []
[2025-01-29 13:34:00,856][__main__][INFO] - [30, 58], []
[2025-01-29 13:34:00,880][__main__][INFO] - [30, 59], []
[2025-01-29 13:34:00,927][__main__][INFO] - [31, 32], []
[2025-01-29 13:34:00,952][__main__][INFO] - [31, 33], []
[2025-01-29 13:34:01,007][__main__][INFO] - [31, 36], []
[2025-01-29 13:34:01,029][__main__][INFO] - [31, 37], []
[2025-01-29 13:34:01,054][__main__][INFO] - [31, 38], []
[2025-01-29 13:34:01,077][__main__][INFO] - [31, 39], []
[2025-01-29 13:34:01,131][__main__][INFO] - [31], [41]
[2025-01-29 13:34:01,157][__main__][INFO] - [31, 42], []
[2025-01-29 13:34:01,180][__main__][INFO] - [31], [42]
[2025-01-29 13:34:01,206][__main__][INFO] - [31, 43], []
[2025-01-29 13:34:01,229][__main__][INFO] - [31], [43]
[2025-01-29 13:34:01,255][__main__][INFO] - [31, 44], []
[2025-01-29 13:34:01,280][__main__][INFO] - [31, 45], []
[2025-01-29 13:34:01,317][__main__][INFO] - [31, 47], []
[2025-01-29 13:34:01,342][__main__][INFO] - [31, 48], []
[2025-01-29 13:34:01,380][__main__][INFO] - [31, 50], []
[2025-01-29 13:34:01,403][__main__][INFO] - [31, 51], []
[2025-01-29 13:34:01,425][__main__][INFO] - [31, 52], []
[2025-01-29 13:34:01,448][__main__][INFO] - [31, 53], []
[2025-01-29 13:34:01,470][__main__][INFO] - [31, 54], []
[2025-01-29 13:34:01,493][__main__][INFO] - [31, 55], []
[2025-01-29 13:34:01,515][__main__][INFO] - [31, 56], []
[2025-01-29 13:34:01,538][__main__][INFO] - [31, 57], []
[2025-01-29 13:34:01,561][__main__][INFO] - [31, 58], []
[2025-01-29 13:34:01,583][__main__][INFO] - [31, 59], []
[2025-01-29 13:34:01,622][__main__][INFO] - [32, 37], []
[2025-01-29 13:34:03,219][__main__][INFO] - [32, 38], []
[2025-01-29 13:34:03,763][__main__][INFO] - [32, 39], []
[2025-01-29 13:34:04,094][__main__][INFO] - [32, 40], []
[2025-01-29 13:34:04,138][__main__][INFO] - [32, 41], []
[2025-01-29 13:34:04,816][__main__][INFO] - [32], [41]
[2025-01-29 13:34:06,964][__main__][INFO] - [32, 42], []
[2025-01-29 13:34:07,068][__main__][INFO] - [32], [42]
[2025-01-29 13:34:10,288][__main__][INFO] - [32, 43], []
[2025-01-29 13:34:10,368][__main__][INFO] - [32], [43]
[2025-01-29 13:34:13,639][__main__][INFO] - [32, 44], []
[2025-01-29 13:34:16,667][__main__][INFO] - [32, 45], []
[2025-01-29 13:34:16,836][__main__][INFO] - [32, 47], []
[2025-01-29 13:34:19,120][__main__][INFO] - [32, 48], []
[2025-01-29 13:34:19,758][__main__][INFO] - [32, 49], []
[2025-01-29 13:34:19,805][__main__][INFO] - [32, 50], []
[2025-01-29 13:34:19,971][__main__][INFO] - [32, 51], []
[2025-01-29 13:34:20,080][__main__][INFO] - [32, 52], []
[2025-01-29 13:34:20,206][__main__][INFO] - [32, 53], []
[2025-01-29 13:34:20,342][__main__][INFO] - [32, 54], []
[2025-01-29 13:34:20,471][__main__][INFO] - [32, 55], []
[2025-01-29 13:34:20,588][__main__][INFO] - [32, 56], []
[2025-01-29 13:34:20,702][__main__][INFO] - [32, 57], []
[2025-01-29 13:34:20,808][__main__][INFO] - [32, 58], []
[2025-01-29 13:34:20,902][__main__][INFO] - [32, 59], []
[2025-01-29 13:34:21,688][__main__][INFO] - [33, 37], []
[2025-01-29 13:34:21,774][__main__][INFO] - [33, 38], []
[2025-01-29 13:34:21,827][__main__][INFO] - [33, 39], []
[2025-01-29 13:34:21,865][__main__][INFO] - [33, 40], []
[2025-01-29 13:34:21,890][__main__][INFO] - [33, 41], []
[2025-01-29 13:34:21,922][__main__][INFO] - [33], [41]
[2025-01-29 13:34:22,073][__main__][INFO] - [33, 42], []
[2025-01-29 13:34:22,115][__main__][INFO] - [33], [42]
[2025-01-29 13:34:22,249][__main__][INFO] - [33, 43], []
[2025-01-29 13:34:22,278][__main__][INFO] - [33], [43]
[2025-01-29 13:34:22,434][__main__][INFO] - [33, 44], []
[2025-01-29 13:34:22,584][__main__][INFO] - [33, 45], []
[2025-01-29 13:34:22,633][__main__][INFO] - [33, 47], []
[2025-01-29 13:34:22,797][__main__][INFO] - [33, 48], []
[2025-01-29 13:34:22,824][__main__][INFO] - [33, 49], []
[2025-01-29 13:34:22,847][__main__][INFO] - [33, 50], []
[2025-01-29 13:34:22,875][__main__][INFO] - [33, 51], []
[2025-01-29 13:34:22,901][__main__][INFO] - [33, 52], []
[2025-01-29 13:34:22,929][__main__][INFO] - [33, 53], []
[2025-01-29 13:34:22,957][__main__][INFO] - [33, 54], []
[2025-01-29 13:34:22,985][__main__][INFO] - [33, 55], []
[2025-01-29 13:34:23,013][__main__][INFO] - [33, 56], []
[2025-01-29 13:34:23,041][__main__][INFO] - [33, 57], []
[2025-01-29 13:34:23,070][__main__][INFO] - [33, 58], []
[2025-01-29 13:34:23,097][__main__][INFO] - [33, 59], []
[2025-01-29 13:34:23,179][__main__][INFO] - [34, 37], []
[2025-01-29 13:34:23,205][__main__][INFO] - [34, 38], []
[2025-01-29 13:34:23,229][__main__][INFO] - [34, 39], []
[2025-01-29 13:34:23,253][__main__][INFO] - [34, 40], []
[2025-01-29 13:34:23,274][__main__][INFO] - [34, 41], []
[2025-01-29 13:34:23,298][__main__][INFO] - [34], [41]
[2025-01-29 13:34:23,328][__main__][INFO] - [34, 42], []
[2025-01-29 13:34:23,351][__main__][INFO] - [34], [42]
[2025-01-29 13:34:23,397][__main__][INFO] - [34], [43]
[2025-01-29 13:34:23,428][__main__][INFO] - [34, 44], []
[2025-01-29 13:34:23,490][__main__][INFO] - [34, 47], []
[2025-01-29 13:34:23,519][__main__][INFO] - [34, 48], []
[2025-01-29 13:34:23,559][__main__][INFO] - [34, 50], []
[2025-01-29 13:34:23,601][__main__][INFO] - [34, 52], []
[2025-01-29 13:34:23,624][__main__][INFO] - [34, 53], []
[2025-01-29 13:34:23,647][__main__][INFO] - [34, 54], []
[2025-01-29 13:34:23,671][__main__][INFO] - [34, 55], []
[2025-01-29 13:34:23,694][__main__][INFO] - [34, 56], []
[2025-01-29 13:34:23,717][__main__][INFO] - [34, 57], []
[2025-01-29 13:34:23,740][__main__][INFO] - [34, 58], []
[2025-01-29 13:34:23,763][__main__][INFO] - [34, 59], []
[2025-01-29 13:34:23,801][__main__][INFO] - [35, 37], []
[2025-01-29 13:34:23,831][__main__][INFO] - [35, 38], []
[2025-01-29 13:34:23,858][__main__][INFO] - [35, 39], []
[2025-01-29 13:34:23,883][__main__][INFO] - [35, 40], []
[2025-01-29 13:34:23,906][__main__][INFO] - [35, 41], []
[2025-01-29 13:34:23,931][__main__][INFO] - [35], [41]
[2025-01-29 13:34:23,968][__main__][INFO] - [35, 42], []
[2025-01-29 13:34:23,993][__main__][INFO] - [35], [42]
[2025-01-29 13:34:24,041][__main__][INFO] - [35, 43], []
[2025-01-29 13:34:24,065][__main__][INFO] - [35], [43]
[2025-01-29 13:34:24,105][__main__][INFO] - [35, 44], []
[2025-01-29 13:34:24,143][__main__][INFO] - [35, 45], []
[2025-01-29 13:34:24,183][__main__][INFO] - [35, 47], []
[2025-01-29 13:34:24,221][__main__][INFO] - [35, 48], []
[2025-01-29 13:34:24,260][__main__][INFO] - [35, 50], []
[2025-01-29 13:34:24,284][__main__][INFO] - [35, 51], []
[2025-01-29 13:34:24,306][__main__][INFO] - [35, 52], []
[2025-01-29 13:34:24,330][__main__][INFO] - [35, 53], []
[2025-01-29 13:34:24,353][__main__][INFO] - [35, 54], []
[2025-01-29 13:34:24,377][__main__][INFO] - [35, 55], []
[2025-01-29 13:34:24,401][__main__][INFO] - [35, 56], []
[2025-01-29 13:34:24,425][__main__][INFO] - [35, 57], []
[2025-01-29 13:34:24,449][__main__][INFO] - [35, 58], []
[2025-01-29 13:34:24,472][__main__][INFO] - [35, 59], []
[2025-01-29 13:34:24,516][__main__][INFO] - [36, 37], []
[2025-01-29 13:34:24,789][__main__][INFO] - [36, 38], []
[2025-01-29 13:34:24,935][__main__][INFO] - [36, 39], []
[2025-01-29 13:34:25,042][__main__][INFO] - [36, 40], []
[2025-01-29 13:34:25,069][__main__][INFO] - [36, 41], []
[2025-01-29 13:34:25,109][__main__][INFO] - [36], [41]
[2025-01-29 13:34:25,686][__main__][INFO] - [36, 42], []
[2025-01-29 13:34:25,711][__main__][INFO] - [36], [42]
[2025-01-29 13:34:26,295][__main__][INFO] - [36, 43], []
[2025-01-29 13:34:26,321][__main__][INFO] - [36], [43]
[2025-01-29 13:34:26,909][__main__][INFO] - [36, 44], []
[2025-01-29 13:34:27,295][__main__][INFO] - [36, 45], []
[2025-01-29 13:34:27,328][__main__][INFO] - [36, 46], []
[2025-01-29 13:34:27,474][__main__][INFO] - [36, 47], []
[2025-01-29 13:34:28,024][__main__][INFO] - [36, 48], []
[2025-01-29 13:34:28,089][__main__][INFO] - [36, 50], []
[2025-01-29 13:34:28,138][__main__][INFO] - [36, 51], []
[2025-01-29 13:34:28,191][__main__][INFO] - [36, 52], []
[2025-01-29 13:34:28,248][__main__][INFO] - [36, 53], []
[2025-01-29 13:34:28,303][__main__][INFO] - [36, 54], []
[2025-01-29 13:34:28,350][__main__][INFO] - [36, 55], []
[2025-01-29 13:34:28,396][__main__][INFO] - [36, 56], []
[2025-01-29 13:34:28,439][__main__][INFO] - [36, 57], []
[2025-01-29 13:34:28,478][__main__][INFO] - [36, 58], []
[2025-01-29 13:34:28,515][__main__][INFO] - [36, 59], []
[2025-01-29 13:34:28,683][__main__][INFO] - [37, 41], []
[2025-01-29 13:34:29,251][__main__][INFO] - [37], [41]
[2025-01-29 13:34:30,632][__main__][INFO] - [37, 42], []
[2025-01-29 13:34:30,716][__main__][INFO] - [37], [42]
[2025-01-29 13:34:32,810][__main__][INFO] - [37, 43], []
[2025-01-29 13:34:32,870][__main__][INFO] - [37], [43]
[2025-01-29 13:34:35,004][__main__][INFO] - [37, 44], []
[2025-01-29 13:34:36,890][__main__][INFO] - [37, 45], []
[2025-01-29 13:34:36,987][__main__][INFO] - [37, 46], []
[2025-01-29 13:34:37,061][__main__][INFO] - [37, 47], []
[2025-01-29 13:34:38,725][__main__][INFO] - [37, 48], []
[2025-01-29 13:34:39,109][__main__][INFO] - [37, 49], []
[2025-01-29 13:34:39,148][__main__][INFO] - [37, 50], []
[2025-01-29 13:34:39,276][__main__][INFO] - [37, 51], []
[2025-01-29 13:34:39,375][__main__][INFO] - [37, 52], []
[2025-01-29 13:34:39,486][__main__][INFO] - [37, 53], []
[2025-01-29 13:34:39,604][__main__][INFO] - [37, 54], []
[2025-01-29 13:34:39,708][__main__][INFO] - [37, 55], []
[2025-01-29 13:34:39,803][__main__][INFO] - [37, 56], []
[2025-01-29 13:34:39,890][__main__][INFO] - [37, 57], []
[2025-01-29 13:34:39,972][__main__][INFO] - [37, 58], []
[2025-01-29 13:34:40,042][__main__][INFO] - [37, 59], []
[2025-01-29 13:34:40,570][__main__][INFO] - [38, 41], []
[2025-01-29 13:34:40,619][__main__][INFO] - [38], [41]
[2025-01-29 13:34:41,328][__main__][INFO] - [38, 42], []
[2025-01-29 13:34:41,371][__main__][INFO] - [38], [42]
[2025-01-29 13:34:42,100][__main__][INFO] - [38, 43], []
[2025-01-29 13:34:42,134][__main__][INFO] - [38], [43]
[2025-01-29 13:34:42,888][__main__][INFO] - [38, 44], []
[2025-01-29 13:34:43,550][__main__][INFO] - [38, 45], []
[2025-01-29 13:34:43,597][__main__][INFO] - [38, 46], []
[2025-01-29 13:34:43,649][__main__][INFO] - [38, 47], []
[2025-01-29 13:34:44,246][__main__][INFO] - [38, 48], []
[2025-01-29 13:34:44,386][__main__][INFO] - [38, 49], []
[2025-01-29 13:34:44,413][__main__][INFO] - [38, 50], []
[2025-01-29 13:34:44,461][__main__][INFO] - [38, 51], []
[2025-01-29 13:34:44,499][__main__][INFO] - [38, 52], []
[2025-01-29 13:34:44,540][__main__][INFO] - [38, 53], []
[2025-01-29 13:34:44,584][__main__][INFO] - [38, 54], []
[2025-01-29 13:34:44,626][__main__][INFO] - [38, 55], []
[2025-01-29 13:34:44,669][__main__][INFO] - [38, 56], []
[2025-01-29 13:34:44,713][__main__][INFO] - [38, 57], []
[2025-01-29 13:34:44,756][__main__][INFO] - [38, 58], []
[2025-01-29 13:34:44,796][__main__][INFO] - [38, 59], []
[2025-01-29 13:34:45,100][__main__][INFO] - [39, 41], []
[2025-01-29 13:34:45,189][__main__][INFO] - [39], [41]
[2025-01-29 13:34:45,582][__main__][INFO] - [39, 42], []
[2025-01-29 13:34:45,617][__main__][INFO] - [39], [42]
[2025-01-29 13:34:46,112][__main__][INFO] - [39, 43], []
[2025-01-29 13:34:46,143][__main__][INFO] - [39], [43]
[2025-01-29 13:34:46,653][__main__][INFO] - [39, 44], []
[2025-01-29 13:34:47,087][__main__][INFO] - [39, 45], []
[2025-01-29 13:34:47,129][__main__][INFO] - [39, 46], []
[2025-01-29 13:34:47,172][__main__][INFO] - [39, 47], []
[2025-01-29 13:34:47,561][__main__][INFO] - [39, 48], []
[2025-01-29 13:34:47,660][__main__][INFO] - [39, 49], []
[2025-01-29 13:34:47,686][__main__][INFO] - [39, 50], []
[2025-01-29 13:34:47,734][__main__][INFO] - [39, 51], []
[2025-01-29 13:34:47,772][__main__][INFO] - [39, 52], []
[2025-01-29 13:34:47,811][__main__][INFO] - [39, 53], []
[2025-01-29 13:34:47,852][__main__][INFO] - [39, 54], []
[2025-01-29 13:34:47,893][__main__][INFO] - [39, 55], []
[2025-01-29 13:34:47,932][__main__][INFO] - [39, 56], []
[2025-01-29 13:34:47,971][__main__][INFO] - [39, 57], []
[2025-01-29 13:34:48,009][__main__][INFO] - [39, 58], []
[2025-01-29 13:34:48,045][__main__][INFO] - [39, 59], []
[2025-01-29 13:34:48,178][__main__][INFO] - [40, 41], []
[2025-01-29 13:34:48,201][__main__][INFO] - [40], [41]
[2025-01-29 13:34:48,253][__main__][INFO] - [40, 42], []
[2025-01-29 13:34:48,277][__main__][INFO] - [40], [42]
[2025-01-29 13:34:48,329][__main__][INFO] - [40, 43], []
[2025-01-29 13:34:48,352][__main__][INFO] - [40], [43]
[2025-01-29 13:34:48,404][__main__][INFO] - [40, 44], []
[2025-01-29 13:34:48,453][__main__][INFO] - [40, 45], []
[2025-01-29 13:34:48,478][__main__][INFO] - [40, 46], []
[2025-01-29 13:34:48,502][__main__][INFO] - [40, 47], []
[2025-01-29 13:34:48,549][__main__][INFO] - [40, 48], []
[2025-01-29 13:34:48,577][__main__][INFO] - [40, 49], []
[2025-01-29 13:34:48,600][__main__][INFO] - [40, 50], []
[2025-01-29 13:34:48,625][__main__][INFO] - [40, 51], []
[2025-01-29 13:34:48,649][__main__][INFO] - [40, 52], []
[2025-01-29 13:34:48,674][__main__][INFO] - [40, 53], []
[2025-01-29 13:34:48,698][__main__][INFO] - [40, 54], []
[2025-01-29 13:34:48,723][__main__][INFO] - [40, 55], []
[2025-01-29 13:34:48,747][__main__][INFO] - [40, 56], []
[2025-01-29 13:34:48,772][__main__][INFO] - [40, 57], []
[2025-01-29 13:34:48,796][__main__][INFO] - [40, 58], []
[2025-01-29 13:34:48,820][__main__][INFO] - [40, 59], []
[2025-01-29 13:34:48,867][__main__][INFO] - [41, 42], []
[2025-01-29 13:34:48,908][__main__][INFO] - [41], [42]
[2025-01-29 13:34:49,603][__main__][INFO] - [41, 43], []
[2025-01-29 13:34:49,625][__main__][INFO] - [41], [43]
[2025-01-29 13:34:50,334][__main__][INFO] - [41, 44], []
[2025-01-29 13:34:51,017][__main__][INFO] - [41, 45], []
[2025-01-29 13:34:51,064][__main__][INFO] - [41, 46], []
[2025-01-29 13:34:51,101][__main__][INFO] - [41, 47], []
[2025-01-29 13:34:51,628][__main__][INFO] - [41, 48], []
[2025-01-29 13:34:51,801][__main__][INFO] - [41, 49], []
[2025-01-29 13:34:51,831][__main__][INFO] - [41, 50], []
[2025-01-29 13:34:51,886][__main__][INFO] - [41, 51], []
[2025-01-29 13:34:51,940][__main__][INFO] - [41, 52], []
[2025-01-29 13:34:52,002][__main__][INFO] - [41, 53], []
[2025-01-29 13:34:52,065][__main__][INFO] - [41, 54], []
[2025-01-29 13:34:52,122][__main__][INFO] - [41, 55], []
[2025-01-29 13:34:52,174][__main__][INFO] - [41, 56], []
[2025-01-29 13:34:52,223][__main__][INFO] - [41, 57], []
[2025-01-29 13:34:52,269][__main__][INFO] - [41, 58], []
[2025-01-29 13:34:52,311][__main__][INFO] - [41, 59], []
[2025-01-29 13:34:52,527][__main__][INFO] - [42], [41]
[2025-01-29 13:34:52,641][__main__][INFO] - [], [41, 42]
[2025-01-29 13:34:56,058][__main__][INFO] - [43], [41]
[2025-01-29 13:34:56,134][__main__][INFO] - [], [41, 43]
[2025-01-29 13:34:59,612][__main__][INFO] - [44], [41]
[2025-01-29 13:35:02,611][__main__][INFO] - [45], [41]
[2025-01-29 13:35:02,755][__main__][INFO] - [46], [41]
[2025-01-29 13:35:02,893][__main__][INFO] - [47], [41]
[2025-01-29 13:35:05,702][__main__][INFO] - [48], [41]
[2025-01-29 13:35:06,195][__main__][INFO] - [49], [41]
[2025-01-29 13:35:06,233][__main__][INFO] - [50], [41]
[2025-01-29 13:35:06,407][__main__][INFO] - [51], [41]
[2025-01-29 13:35:06,518][__main__][INFO] - [52], [41]
[2025-01-29 13:35:06,643][__main__][INFO] - [53], [41]
[2025-01-29 13:35:06,775][__main__][INFO] - [54], [41]
[2025-01-29 13:35:06,901][__main__][INFO] - [55], [41]
[2025-01-29 13:35:07,019][__main__][INFO] - [56], [41]
[2025-01-29 13:35:07,133][__main__][INFO] - [57], [41]
[2025-01-29 13:35:07,240][__main__][INFO] - [58], [41]
[2025-01-29 13:35:07,334][__main__][INFO] - [59], [41]
[2025-01-29 13:35:08,181][__main__][INFO] - [42, 43], []
[2025-01-29 13:35:08,221][__main__][INFO] - [42], [43]
[2025-01-29 13:35:08,333][__main__][INFO] - [42, 44], []
[2025-01-29 13:35:08,434][__main__][INFO] - [42, 45], []
[2025-01-29 13:35:08,482][__main__][INFO] - [42, 46], []
[2025-01-29 13:35:08,504][__main__][INFO] - [42, 47], []
[2025-01-29 13:35:08,647][__main__][INFO] - [42, 48], []
[2025-01-29 13:35:08,674][__main__][INFO] - [42, 49], []
[2025-01-29 13:35:08,697][__main__][INFO] - [42, 50], []
[2025-01-29 13:35:08,727][__main__][INFO] - [42, 51], []
[2025-01-29 13:35:08,754][__main__][INFO] - [42, 52], []
[2025-01-29 13:35:08,782][__main__][INFO] - [42, 53], []
[2025-01-29 13:35:08,811][__main__][INFO] - [42, 54], []
[2025-01-29 13:35:08,840][__main__][INFO] - [42, 55], []
[2025-01-29 13:35:08,867][__main__][INFO] - [42, 56], []
[2025-01-29 13:35:08,894][__main__][INFO] - [42, 57], []
[2025-01-29 13:35:08,921][__main__][INFO] - [42, 58], []
[2025-01-29 13:35:08,947][__main__][INFO] - [42, 59], []
[2025-01-29 13:35:09,007][__main__][INFO] - [43], [42]
[2025-01-29 13:35:09,077][__main__][INFO] - [], [42, 43]
[2025-01-29 13:35:14,006][__main__][INFO] - [44], [42]
[2025-01-29 13:35:18,295][__main__][INFO] - [45], [42]
[2025-01-29 13:35:18,431][__main__][INFO] - [46], [42]
[2025-01-29 13:35:18,572][__main__][INFO] - [47], [42]
[2025-01-29 13:35:22,116][__main__][INFO] - [48], [42]
[2025-01-29 13:35:22,822][__main__][INFO] - [49], [42]
[2025-01-29 13:35:22,869][__main__][INFO] - [50], [42]
[2025-01-29 13:35:23,074][__main__][INFO] - [51], [42]
[2025-01-29 13:35:23,223][__main__][INFO] - [52], [42]
[2025-01-29 13:35:23,394][__main__][INFO] - [53], [42]
[2025-01-29 13:35:23,573][__main__][INFO] - [54], [42]
[2025-01-29 13:35:23,742][__main__][INFO] - [55], [42]
[2025-01-29 13:35:23,896][__main__][INFO] - [56], [42]
[2025-01-29 13:35:24,053][__main__][INFO] - [57], [42]
[2025-01-29 13:35:24,186][__main__][INFO] - [58], [42]
[2025-01-29 13:35:24,302][__main__][INFO] - [59], [42]
[2025-01-29 13:35:25,309][__main__][INFO] - [43, 44], []
[2025-01-29 13:35:25,375][__main__][INFO] - [43, 45], []
[2025-01-29 13:35:25,415][__main__][INFO] - [43, 46], []
[2025-01-29 13:35:25,438][__main__][INFO] - [43, 47], []
[2025-01-29 13:35:25,524][__main__][INFO] - [43, 48], []
[2025-01-29 13:35:25,553][__main__][INFO] - [43, 49], []
[2025-01-29 13:35:25,576][__main__][INFO] - [43, 50], []
[2025-01-29 13:35:25,607][__main__][INFO] - [43, 51], []
[2025-01-29 13:35:25,634][__main__][INFO] - [43, 52], []
[2025-01-29 13:35:25,661][__main__][INFO] - [43, 53], []
[2025-01-29 13:35:25,688][__main__][INFO] - [43, 54], []
[2025-01-29 13:35:25,715][__main__][INFO] - [43, 55], []
[2025-01-29 13:35:25,741][__main__][INFO] - [43, 56], []
[2025-01-29 13:35:25,766][__main__][INFO] - [43, 57], []
[2025-01-29 13:35:25,791][__main__][INFO] - [43, 58], []
[2025-01-29 13:35:25,816][__main__][INFO] - [43, 59], []
[2025-01-29 13:35:25,864][__main__][INFO] - [44], [43]
[2025-01-29 13:35:30,302][__main__][INFO] - [45], [43]
[2025-01-29 13:35:30,448][__main__][INFO] - [46], [43]
[2025-01-29 13:35:30,589][__main__][INFO] - [47], [43]
[2025-01-29 13:35:34,306][__main__][INFO] - [48], [43]
[2025-01-29 13:35:34,999][__main__][INFO] - [49], [43]
[2025-01-29 13:35:35,046][__main__][INFO] - [50], [43]
[2025-01-29 13:35:35,250][__main__][INFO] - [51], [43]
[2025-01-29 13:35:35,397][__main__][INFO] - [52], [43]
[2025-01-29 13:35:35,569][__main__][INFO] - [53], [43]
[2025-01-29 13:35:35,755][__main__][INFO] - [54], [43]
[2025-01-29 13:35:35,922][__main__][INFO] - [55], [43]
[2025-01-29 13:35:36,077][__main__][INFO] - [56], [43]
[2025-01-29 13:35:36,229][__main__][INFO] - [57], [43]
[2025-01-29 13:35:36,367][__main__][INFO] - [58], [43]
[2025-01-29 13:35:36,486][__main__][INFO] - [59], [43]
[2025-01-29 13:35:37,516][__main__][INFO] - [44, 47], []
[2025-01-29 13:35:40,741][__main__][INFO] - [44, 48], []
[2025-01-29 13:35:41,424][__main__][INFO] - [44, 49], []
[2025-01-29 13:35:41,471][__main__][INFO] - [44, 50], []
[2025-01-29 13:35:41,640][__main__][INFO] - [44, 51], []
[2025-01-29 13:35:41,766][__main__][INFO] - [44, 52], []
[2025-01-29 13:35:41,917][__main__][INFO] - [44, 53], []
[2025-01-29 13:35:42,080][__main__][INFO] - [44, 54], []
[2025-01-29 13:35:42,236][__main__][INFO] - [44, 55], []
[2025-01-29 13:35:42,376][__main__][INFO] - [44, 56], []
[2025-01-29 13:35:42,513][__main__][INFO] - [44, 57], []
[2025-01-29 13:35:42,640][__main__][INFO] - [44, 58], []
[2025-01-29 13:35:42,750][__main__][INFO] - [44, 59], []
[2025-01-29 13:35:43,734][__main__][INFO] - [45, 47], []
[2025-01-29 13:35:43,891][__main__][INFO] - [45, 48], []
[2025-01-29 13:35:43,930][__main__][INFO] - [45, 49], []
[2025-01-29 13:35:43,954][__main__][INFO] - [45, 50], []
[2025-01-29 13:35:43,999][__main__][INFO] - [45, 51], []
[2025-01-29 13:35:44,031][__main__][INFO] - [45, 52], []
[2025-01-29 13:35:44,063][__main__][INFO] - [45, 53], []
[2025-01-29 13:35:44,093][__main__][INFO] - [45, 54], []
[2025-01-29 13:35:44,122][__main__][INFO] - [45, 55], []
[2025-01-29 13:35:44,150][__main__][INFO] - [45, 56], []
[2025-01-29 13:35:44,176][__main__][INFO] - [45, 57], []
[2025-01-29 13:35:44,202][__main__][INFO] - [45, 58], []
[2025-01-29 13:35:44,228][__main__][INFO] - [45, 59], []
[2025-01-29 13:35:44,282][__main__][INFO] - [46, 47], []
[2025-01-29 13:35:44,457][__main__][INFO] - [46, 50], []
[2025-01-29 13:35:44,485][__main__][INFO] - [46, 51], []
[2025-01-29 13:35:44,515][__main__][INFO] - [46, 52], []
[2025-01-29 13:35:44,545][__main__][INFO] - [46, 53], []
[2025-01-29 13:35:44,575][__main__][INFO] - [46, 54], []
[2025-01-29 13:35:44,604][__main__][INFO] - [46, 55], []
[2025-01-29 13:35:44,631][__main__][INFO] - [46, 56], []
[2025-01-29 13:35:44,659][__main__][INFO] - [46, 57], []
[2025-01-29 13:35:44,685][__main__][INFO] - [46, 58], []
[2025-01-29 13:35:44,710][__main__][INFO] - [46, 59], []
[2025-01-29 13:35:44,777][__main__][INFO] - [47, 50], []
[2025-01-29 13:35:44,940][__main__][INFO] - [47, 51], []
[2025-01-29 13:35:45,060][__main__][INFO] - [47, 52], []
[2025-01-29 13:35:45,198][__main__][INFO] - [47, 53], []
[2025-01-29 13:35:45,345][__main__][INFO] - [47, 54], []
[2025-01-29 13:35:45,481][__main__][INFO] - [47, 55], []
[2025-01-29 13:35:45,606][__main__][INFO] - [47, 56], []
[2025-01-29 13:35:45,727][__main__][INFO] - [47, 57], []
[2025-01-29 13:35:45,840][__main__][INFO] - [47, 58], []
[2025-01-29 13:35:45,937][__main__][INFO] - [47, 59], []
[2025-01-29 13:35:46,763][__main__][INFO] - [48, 50], []
[2025-01-29 13:35:46,825][__main__][INFO] - [48, 51], []
[2025-01-29 13:35:46,870][__main__][INFO] - [48, 52], []
[2025-01-29 13:35:46,920][__main__][INFO] - [48, 53], []
[2025-01-29 13:35:46,974][__main__][INFO] - [48, 54], []
[2025-01-29 13:35:47,024][__main__][INFO] - [48, 55], []
[2025-01-29 13:35:47,072][__main__][INFO] - [48, 56], []
[2025-01-29 13:35:47,119][__main__][INFO] - [48, 57], []
[2025-01-29 13:35:47,163][__main__][INFO] - [48, 58], []
[2025-01-29 13:35:47,203][__main__][INFO] - [48, 59], []
[2025-01-29 13:35:47,414][__main__][INFO] - [49, 50], []
[2025-01-29 13:35:47,439][__main__][INFO] - [49, 51], []
[2025-01-29 13:35:47,463][__main__][INFO] - [49, 52], []
[2025-01-29 13:35:47,487][__main__][INFO] - [49, 53], []
[2025-01-29 13:35:47,512][__main__][INFO] - [49, 54], []
[2025-01-29 13:35:47,536][__main__][INFO] - [49, 55], []
[2025-01-29 13:35:47,561][__main__][INFO] - [49, 56], []
[2025-01-29 13:35:47,585][__main__][INFO] - [49, 57], []
[2025-01-29 13:35:47,609][__main__][INFO] - [49, 58], []
[2025-01-29 13:35:47,633][__main__][INFO] - [49, 59], []
[2025-01-29 13:35:47,707][__main__][INFO] - [0, 1, 10], []
[2025-01-29 13:35:47,751][__main__][INFO] - [0, 1, 11], []
[2025-01-29 13:35:47,798][__main__][INFO] - [0, 1, 12], []
[2025-01-29 13:35:47,847][__main__][INFO] - [0, 1, 13], []
[2025-01-29 13:35:47,891][__main__][INFO] - [0, 1, 14], []
[2025-01-29 13:35:47,936][__main__][INFO] - [0, 1, 15], []
[2025-01-29 13:35:47,978][__main__][INFO] - [0, 1, 16], []
[2025-01-29 13:35:48,015][__main__][INFO] - [0, 1, 17], []
[2025-01-29 13:35:48,048][__main__][INFO] - [0, 1, 18], []
[2025-01-29 13:35:48,074][__main__][INFO] - [0, 1, 19], []
[2025-01-29 13:35:48,100][__main__][INFO] - [0, 1, 20], []
[2025-01-29 13:35:48,211][__main__][INFO] - [0, 1, 21], []
[2025-01-29 13:35:48,238][__main__][INFO] - [0, 1, 22], []
[2025-01-29 13:35:48,320][__main__][INFO] - [0, 1, 23], []
[2025-01-29 13:35:48,380][__main__][INFO] - [0, 1, 26], []
[2025-01-29 13:35:48,419][__main__][INFO] - [0, 1], [26]
[2025-01-29 13:35:48,574][__main__][INFO] - [0, 1, 27], []
[2025-01-29 13:35:48,683][__main__][INFO] - [0, 1, 28], []
[2025-01-29 13:35:48,738][__main__][INFO] - [0, 1, 29], []
[2025-01-29 13:35:48,764][__main__][INFO] - [0, 1, 30], []
[2025-01-29 13:35:48,791][__main__][INFO] - [0, 1, 31], []
[2025-01-29 13:35:48,817][__main__][INFO] - [0, 1, 32], []
[2025-01-29 13:35:48,955][__main__][INFO] - [0, 1, 33], []
[2025-01-29 13:35:48,996][__main__][INFO] - [0, 1, 35], []
[2025-01-29 13:35:49,022][__main__][INFO] - [0, 1, 36], []
[2025-01-29 13:35:49,079][__main__][INFO] - [0, 1, 37], []
[2025-01-29 13:35:49,214][__main__][INFO] - [0, 1, 38], []
[2025-01-29 13:35:49,249][__main__][INFO] - [0, 1, 39], []
[2025-01-29 13:35:49,295][__main__][INFO] - [0, 1, 40], []
[2025-01-29 13:35:49,323][__main__][INFO] - [0, 1, 41], []
[2025-01-29 13:35:49,404][__main__][INFO] - [0, 1], [41]
[2025-01-29 13:35:49,517][__main__][INFO] - [0, 1, 42], []
[2025-01-29 13:35:49,545][__main__][INFO] - [0, 1], [42]
[2025-01-29 13:35:49,713][__main__][INFO] - [0, 1, 43], []
[2025-01-29 13:35:49,742][__main__][INFO] - [0, 1], [43]
[2025-01-29 13:35:49,914][__main__][INFO] - [0, 1, 44], []
[2025-01-29 13:35:50,071][__main__][INFO] - [0, 1, 45], []
[2025-01-29 13:35:50,102][__main__][INFO] - [0, 1, 46], []
[2025-01-29 13:35:50,135][__main__][INFO] - [0, 1, 47], []
[2025-01-29 13:35:50,224][__main__][INFO] - [0, 1, 48], []
[2025-01-29 13:35:50,322][__main__][INFO] - [0, 1, 49], []
[2025-01-29 13:35:50,348][__main__][INFO] - [0, 1, 50], []
[2025-01-29 13:35:50,384][__main__][INFO] - [0, 1, 51], []
[2025-01-29 13:35:50,421][__main__][INFO] - [0, 1, 52], []
[2025-01-29 13:35:50,461][__main__][INFO] - [0, 1, 53], []
[2025-01-29 13:35:50,500][__main__][INFO] - [0, 1, 54], []
[2025-01-29 13:35:50,537][__main__][INFO] - [0, 1, 55], []
[2025-01-29 13:35:50,563][__main__][INFO] - [0, 1, 56], []
[2025-01-29 13:35:50,596][__main__][INFO] - [0, 1, 57], []
[2025-01-29 13:35:50,621][__main__][INFO] - [0, 1, 58], []
[2025-01-29 13:35:50,646][__main__][INFO] - [0, 1, 59], []
[2025-01-29 13:35:50,702][__main__][INFO] - [0, 2, 10], []
[2025-01-29 13:35:50,811][__main__][INFO] - [0, 2, 11], []
[2025-01-29 13:35:50,919][__main__][INFO] - [0, 2, 12], []
[2025-01-29 13:35:51,045][__main__][INFO] - [0, 2, 13], []
[2025-01-29 13:35:51,166][__main__][INFO] - [0, 2, 14], []
[2025-01-29 13:35:51,291][__main__][INFO] - [0, 2, 15], []
[2025-01-29 13:35:51,421][__main__][INFO] - [0, 2, 16], []
[2025-01-29 13:35:51,562][__main__][INFO] - [0, 2, 17], []
[2025-01-29 13:35:51,691][__main__][INFO] - [0, 2, 18], []
[2025-01-29 13:35:51,778][__main__][INFO] - [0, 2, 19], []
[2025-01-29 13:35:51,833][__main__][INFO] - [0, 2, 20], []
[2025-01-29 13:35:52,738][__main__][INFO] - [0, 2, 21], []
[2025-01-29 13:35:52,777][__main__][INFO] - [0, 2, 22], []
[2025-01-29 13:35:52,901][__main__][INFO] - [0, 2, 23], []
[2025-01-29 13:35:52,954][__main__][INFO] - [0, 2, 24], []
[2025-01-29 13:35:52,982][__main__][INFO] - [0, 2, 25], []
[2025-01-29 13:35:53,008][__main__][INFO] - [0, 2, 26], []
[2025-01-29 13:35:53,195][__main__][INFO] - [0, 2], [26]
[2025-01-29 13:35:54,083][__main__][INFO] - [0, 2, 27], []
[2025-01-29 13:35:54,999][__main__][INFO] - [0, 2, 28], []
[2025-01-29 13:35:55,080][__main__][INFO] - [0, 2, 29], []
[2025-01-29 13:35:55,181][__main__][INFO] - [0, 2, 30], []
[2025-01-29 13:35:55,215][__main__][INFO] - [0, 2, 31], []
[2025-01-29 13:35:55,243][__main__][INFO] - [0, 2, 32], []
[2025-01-29 13:35:56,178][__main__][INFO] - [0, 2, 33], []
[2025-01-29 13:35:56,211][__main__][INFO] - [0, 2, 34], []
[2025-01-29 13:35:56,239][__main__][INFO] - [0, 2, 35], []
[2025-01-29 13:35:56,267][__main__][INFO] - [0, 2, 36], []
[2025-01-29 13:35:56,439][__main__][INFO] - [0, 2, 37], []
[2025-01-29 13:35:56,993][__main__][INFO] - [0, 2, 38], []
[2025-01-29 13:35:57,277][__main__][INFO] - [0, 2, 39], []
[2025-01-29 13:35:57,434][__main__][INFO] - [0, 2, 40], []
[2025-01-29 13:35:57,472][__main__][INFO] - [0, 2, 41], []
[2025-01-29 13:35:57,638][__main__][INFO] - [0, 2], [41]
[2025-01-29 13:35:58,551][__main__][INFO] - [0, 2, 42], []
[2025-01-29 13:35:58,610][__main__][INFO] - [0, 2], [42]
[2025-01-29 13:35:59,709][__main__][INFO] - [0, 2, 43], []
[2025-01-29 13:35:59,758][__main__][INFO] - [0, 2], [43]
[2025-01-29 13:36:00,886][__main__][INFO] - [0, 2, 44], []
[2025-01-29 13:36:01,939][__main__][INFO] - [0, 2, 45], []
[2025-01-29 13:36:02,009][__main__][INFO] - [0, 2, 46], []
[2025-01-29 13:36:02,069][__main__][INFO] - [0, 2, 47], []
[2025-01-29 13:36:02,702][__main__][INFO] - [0, 2, 48], []
[2025-01-29 13:36:03,109][__main__][INFO] - [0, 2, 49], []
[2025-01-29 13:36:03,149][__main__][INFO] - [0, 2, 50], []
[2025-01-29 13:36:03,226][__main__][INFO] - [0, 2, 51], []
[2025-01-29 13:36:03,290][__main__][INFO] - [0, 2, 52], []
[2025-01-29 13:36:03,362][__main__][INFO] - [0, 2, 53], []
[2025-01-29 13:36:03,436][__main__][INFO] - [0, 2, 54], []
[2025-01-29 13:36:03,506][__main__][INFO] - [0, 2, 55], []
[2025-01-29 13:36:03,572][__main__][INFO] - [0, 2, 56], []
[2025-01-29 13:36:03,637][__main__][INFO] - [0, 2, 57], []
[2025-01-29 13:36:03,701][__main__][INFO] - [0, 2, 58], []
[2025-01-29 13:36:03,758][__main__][INFO] - [0, 2, 59], []
[2025-01-29 13:36:04,121][__main__][INFO] - [0, 3, 10], []
[2025-01-29 13:36:04,162][__main__][INFO] - [0, 3, 11], []
[2025-01-29 13:36:04,199][__main__][INFO] - [0, 3, 12], []
[2025-01-29 13:36:04,235][__main__][INFO] - [0, 3, 13], []
[2025-01-29 13:36:04,268][__main__][INFO] - [0, 3, 14], []
[2025-01-29 13:36:04,301][__main__][INFO] - [0, 3, 15], []
[2025-01-29 13:36:04,332][__main__][INFO] - [0, 3, 16], []
[2025-01-29 13:36:04,363][__main__][INFO] - [0, 3, 17], []
[2025-01-29 13:36:04,393][__main__][INFO] - [0, 3, 18], []
[2025-01-29 13:36:04,419][__main__][INFO] - [0, 3, 19], []
[2025-01-29 13:36:04,445][__main__][INFO] - [0, 3, 20], []
[2025-01-29 13:36:04,526][__main__][INFO] - [0, 3, 21], []
[2025-01-29 13:36:04,552][__main__][INFO] - [0, 3, 22], []
[2025-01-29 13:36:04,578][__main__][INFO] - [0, 3, 23], []
[2025-01-29 13:36:04,605][__main__][INFO] - [0, 3, 24], []
[2025-01-29 13:36:04,631][__main__][INFO] - [0, 3, 25], []
[2025-01-29 13:36:04,657][__main__][INFO] - [0, 3, 26], []
[2025-01-29 13:36:04,690][__main__][INFO] - [0, 3], [26]
[2025-01-29 13:36:04,773][__main__][INFO] - [0, 3, 27], []
[2025-01-29 13:36:04,851][__main__][INFO] - [0, 3, 28], []
[2025-01-29 13:36:04,877][__main__][INFO] - [0, 3, 29], []
[2025-01-29 13:36:04,904][__main__][INFO] - [0, 3, 30], []
[2025-01-29 13:36:04,930][__main__][INFO] - [0, 3, 31], []
[2025-01-29 13:36:04,957][__main__][INFO] - [0, 3, 32], []
[2025-01-29 13:36:05,021][__main__][INFO] - [0, 3, 33], []
[2025-01-29 13:36:05,062][__main__][INFO] - [0, 3, 35], []
[2025-01-29 13:36:05,088][__main__][INFO] - [0, 3, 36], []
[2025-01-29 13:36:05,136][__main__][INFO] - [0, 3, 37], []
[2025-01-29 13:36:05,176][__main__][INFO] - [0, 3, 38], []
[2025-01-29 13:36:05,236][__main__][INFO] - [0, 3, 39], []
[2025-01-29 13:36:05,270][__main__][INFO] - [0, 3, 40], []
[2025-01-29 13:36:05,297][__main__][INFO] - [0, 3, 41], []
[2025-01-29 13:36:05,323][__main__][INFO] - [0, 3], [41]
[2025-01-29 13:36:05,403][__main__][INFO] - [0, 3, 42], []
[2025-01-29 13:36:05,431][__main__][INFO] - [0, 3], [42]
[2025-01-29 13:36:05,519][__main__][INFO] - [0, 3, 43], []
[2025-01-29 13:36:05,547][__main__][INFO] - [0, 3], [43]
[2025-01-29 13:36:05,633][__main__][INFO] - [0, 3, 44], []
[2025-01-29 13:36:05,710][__main__][INFO] - [0, 3, 45], []
[2025-01-29 13:36:05,740][__main__][INFO] - [0, 3, 46], []
[2025-01-29 13:36:05,773][__main__][INFO] - [0, 3, 47], []
[2025-01-29 13:36:05,831][__main__][INFO] - [0, 3, 48], []
[2025-01-29 13:36:05,883][__main__][INFO] - [0, 3, 49], []
[2025-01-29 13:36:05,910][__main__][INFO] - [0, 3, 50], []
[2025-01-29 13:36:05,941][__main__][INFO] - [0, 3, 51], []
[2025-01-29 13:36:05,970][__main__][INFO] - [0, 3, 52], []
[2025-01-29 13:36:06,001][__main__][INFO] - [0, 3, 53], []
[2025-01-29 13:36:06,031][__main__][INFO] - [0, 3, 54], []
[2025-01-29 13:36:06,057][__main__][INFO] - [0, 3, 55], []
[2025-01-29 13:36:06,086][__main__][INFO] - [0, 3, 56], []
[2025-01-29 13:36:06,115][__main__][INFO] - [0, 3, 57], []
[2025-01-29 13:36:06,141][__main__][INFO] - [0, 3, 58], []
[2025-01-29 13:36:06,169][__main__][INFO] - [0, 3, 59], []
[2025-01-29 13:36:06,229][__main__][INFO] - [0, 4, 10], []
[2025-01-29 13:36:06,271][__main__][INFO] - [0, 4, 11], []
[2025-01-29 13:36:06,316][__main__][INFO] - [0, 4, 12], []
[2025-01-29 13:36:06,364][__main__][INFO] - [0, 4, 13], []
[2025-01-29 13:36:06,390][__main__][INFO] - [0, 4, 14], []
[2025-01-29 13:36:06,447][__main__][INFO] - [0, 4, 15], []
[2025-01-29 13:36:06,499][__main__][INFO] - [0, 4, 16], []
[2025-01-29 13:36:06,551][__main__][INFO] - [0, 4, 17], []
[2025-01-29 13:36:06,595][__main__][INFO] - [0, 4, 18], []
[2025-01-29 13:36:06,621][__main__][INFO] - [0, 4, 19], []
[2025-01-29 13:36:06,652][__main__][INFO] - [0, 4, 20], []
[2025-01-29 13:36:06,742][__main__][INFO] - [0, 4, 21], []
[2025-01-29 13:36:06,910][__main__][INFO] - [0, 4, 22], []
[2025-01-29 13:36:06,936][__main__][INFO] - [0, 4, 23], []
[2025-01-29 13:36:06,963][__main__][INFO] - [0, 4, 24], []
[2025-01-29 13:36:06,989][__main__][INFO] - [0, 4, 25], []
[2025-01-29 13:36:07,016][__main__][INFO] - [0, 4, 26], []
[2025-01-29 13:36:07,061][__main__][INFO] - [0, 4], [26]
[2025-01-29 13:36:07,279][__main__][INFO] - [0, 4, 27], []
[2025-01-29 13:36:07,368][__main__][INFO] - [0, 4, 28], []
[2025-01-29 13:36:07,434][__main__][INFO] - [0, 4, 29], []
[2025-01-29 13:36:07,548][__main__][INFO] - [0, 4, 30], []
[2025-01-29 13:36:07,574][__main__][INFO] - [0, 4, 31], []
[2025-01-29 13:36:07,601][__main__][INFO] - [0, 4, 32], []
[2025-01-29 13:36:07,806][__main__][INFO] - [0, 4, 33], []
[2025-01-29 13:36:07,850][__main__][INFO] - [0, 4, 35], []
[2025-01-29 13:36:07,876][__main__][INFO] - [0, 4, 36], []
[2025-01-29 13:36:07,932][__main__][INFO] - [0, 4, 37], []
[2025-01-29 13:36:08,115][__main__][INFO] - [0, 4, 38], []
[2025-01-29 13:36:08,153][__main__][INFO] - [0, 4, 39], []
[2025-01-29 13:36:08,203][__main__][INFO] - [0, 4, 40], []
[2025-01-29 13:36:08,230][__main__][INFO] - [0, 4, 41], []
[2025-01-29 13:36:08,390][__main__][INFO] - [0, 4], [41]
[2025-01-29 13:36:08,483][__main__][INFO] - [0, 4, 42], []
[2025-01-29 13:36:08,510][__main__][INFO] - [0, 4], [42]
[2025-01-29 13:36:08,738][__main__][INFO] - [0, 4, 43], []
[2025-01-29 13:36:08,767][__main__][INFO] - [0, 4], [43]
[2025-01-29 13:36:08,994][__main__][INFO] - [0, 4, 44], []
[2025-01-29 13:36:09,221][__main__][INFO] - [0, 4, 45], []
[2025-01-29 13:36:09,255][__main__][INFO] - [0, 4, 46], []
[2025-01-29 13:36:09,288][__main__][INFO] - [0, 4, 47], []
[2025-01-29 13:36:09,413][__main__][INFO] - [0, 4, 48], []
[2025-01-29 13:36:09,531][__main__][INFO] - [0, 4, 49], []
[2025-01-29 13:36:09,558][__main__][INFO] - [0, 4, 50], []
[2025-01-29 13:36:09,594][__main__][INFO] - [0, 4, 51], []
[2025-01-29 13:36:09,621][__main__][INFO] - [0, 4, 52], []
[2025-01-29 13:36:09,647][__main__][INFO] - [0, 4, 53], []
[2025-01-29 13:36:09,682][__main__][INFO] - [0, 4, 54], []
[2025-01-29 13:36:09,709][__main__][INFO] - [0, 4, 55], []
[2025-01-29 13:36:09,743][__main__][INFO] - [0, 4, 56], []
[2025-01-29 13:36:09,777][__main__][INFO] - [0, 4, 57], []
[2025-01-29 13:36:09,803][__main__][INFO] - [0, 4, 58], []
[2025-01-29 13:36:09,830][__main__][INFO] - [0, 4, 59], []
[2025-01-29 13:36:09,955][__main__][INFO] - [0, 5, 10], []
[2025-01-29 13:36:09,982][__main__][INFO] - [0, 5, 11], []
[2025-01-29 13:36:10,008][__main__][INFO] - [0, 5, 12], []
[2025-01-29 13:36:10,034][__main__][INFO] - [0, 5, 13], []
[2025-01-29 13:36:10,067][__main__][INFO] - [0, 5, 14], []
[2025-01-29 13:36:10,100][__main__][INFO] - [0, 5, 15], []
[2025-01-29 13:36:10,127][__main__][INFO] - [0, 5, 16], []
[2025-01-29 13:36:10,160][__main__][INFO] - [0, 5, 17], []
[2025-01-29 13:36:10,187][__main__][INFO] - [0, 5, 18], []
[2025-01-29 13:36:10,213][__main__][INFO] - [0, 5, 19], []
[2025-01-29 13:36:10,239][__main__][INFO] - [0, 5, 20], []
[2025-01-29 13:36:10,330][__main__][INFO] - [0, 5, 22], []
[2025-01-29 13:36:10,356][__main__][INFO] - [0, 5, 23], []
[2025-01-29 13:36:10,381][__main__][INFO] - [0, 5, 24], []
[2025-01-29 13:36:10,426][__main__][INFO] - [0, 5, 26], []
[2025-01-29 13:36:10,452][__main__][INFO] - [0, 5], [26]
[2025-01-29 13:36:10,518][__main__][INFO] - [0, 5, 27], []
[2025-01-29 13:36:10,594][__main__][INFO] - [0, 5, 28], []
[2025-01-29 13:36:10,620][__main__][INFO] - [0, 5, 29], []
[2025-01-29 13:36:10,649][__main__][INFO] - [0, 5, 30], []
[2025-01-29 13:36:10,693][__main__][INFO] - [0, 5, 32], []
[2025-01-29 13:36:10,763][__main__][INFO] - [0, 5, 33], []
[2025-01-29 13:36:10,789][__main__][INFO] - [0, 5, 34], []
[2025-01-29 13:36:10,815][__main__][INFO] - [0, 5, 35], []
[2025-01-29 13:36:10,842][__main__][INFO] - [0, 5, 36], []
[2025-01-29 13:36:10,868][__main__][INFO] - [0, 5, 37], []
[2025-01-29 13:36:10,930][__main__][INFO] - [0, 5, 38], []
[2025-01-29 13:36:10,956][__main__][INFO] - [0, 5, 39], []
[2025-01-29 13:36:10,981][__main__][INFO] - [0, 5, 40], []
[2025-01-29 13:36:11,007][__main__][INFO] - [0, 5, 41], []
[2025-01-29 13:36:11,038][__main__][INFO] - [0, 5], [41]
[2025-01-29 13:36:11,113][__main__][INFO] - [0, 5, 42], []
[2025-01-29 13:36:11,139][__main__][INFO] - [0, 5], [42]
[2025-01-29 13:36:11,217][__main__][INFO] - [0, 5, 43], []
[2025-01-29 13:36:11,243][__main__][INFO] - [0, 5], [43]
[2025-01-29 13:36:11,320][__main__][INFO] - [0, 5, 44], []
[2025-01-29 13:36:11,392][__main__][INFO] - [0, 5, 45], []
[2025-01-29 13:36:11,418][__main__][INFO] - [0, 5, 46], []
[2025-01-29 13:36:11,445][__main__][INFO] - [0, 5, 47], []
[2025-01-29 13:36:11,499][__main__][INFO] - [0, 5, 48], []
[2025-01-29 13:36:11,547][__main__][INFO] - [0, 5, 49], []
[2025-01-29 13:36:11,573][__main__][INFO] - [0, 5, 50], []
[2025-01-29 13:36:11,600][__main__][INFO] - [0, 5, 51], []
[2025-01-29 13:36:11,626][__main__][INFO] - [0, 5, 52], []
[2025-01-29 13:36:11,653][__main__][INFO] - [0, 5, 53], []
[2025-01-29 13:36:11,683][__main__][INFO] - [0, 5, 54], []
[2025-01-29 13:36:11,709][__main__][INFO] - [0, 5, 55], []
[2025-01-29 13:36:11,739][__main__][INFO] - [0, 5, 56], []
[2025-01-29 13:36:11,765][__main__][INFO] - [0, 5, 57], []
[2025-01-29 13:36:11,794][__main__][INFO] - [0, 5, 58], []
[2025-01-29 13:36:11,821][__main__][INFO] - [0, 5, 59], []
[2025-01-29 13:36:11,863][__main__][INFO] - [0, 6, 10], []
[2025-01-29 13:36:11,891][__main__][INFO] - [0, 6, 11], []
[2025-01-29 13:36:11,920][__main__][INFO] - [0, 6, 12], []
[2025-01-29 13:36:11,948][__main__][INFO] - [0, 6, 13], []
[2025-01-29 13:36:11,976][__main__][INFO] - [0, 6, 14], []
[2025-01-29 13:36:12,003][__main__][INFO] - [0, 6, 15], []
[2025-01-29 13:36:12,030][__main__][INFO] - [0, 6, 16], []
[2025-01-29 13:36:12,058][__main__][INFO] - [0, 6, 17], []
[2025-01-29 13:36:12,085][__main__][INFO] - [0, 6, 18], []
[2025-01-29 13:36:12,113][__main__][INFO] - [0, 6, 19], []
[2025-01-29 13:36:12,139][__main__][INFO] - [0, 6, 20], []
[2025-01-29 13:36:12,193][__main__][INFO] - [0, 6, 22], []
[2025-01-29 13:36:12,271][__main__][INFO] - [0, 6, 26], []
[2025-01-29 13:36:12,300][__main__][INFO] - [0, 6], [26]
[2025-01-29 13:36:12,336][__main__][INFO] - [0, 6, 27], []
[2025-01-29 13:36:12,372][__main__][INFO] - [0, 6, 28], []
[2025-01-29 13:36:12,399][__main__][INFO] - [0, 6, 29], []
[2025-01-29 13:36:12,460][__main__][INFO] - [0, 6, 32], []
[2025-01-29 13:36:12,544][__main__][INFO] - [0, 6, 36], []
[2025-01-29 13:36:12,572][__main__][INFO] - [0, 6, 37], []
[2025-01-29 13:36:12,606][__main__][INFO] - [0, 6, 38], []
[2025-01-29 13:36:12,634][__main__][INFO] - [0, 6, 39], []
[2025-01-29 13:36:12,662][__main__][INFO] - [0, 6, 40], []
[2025-01-29 13:36:12,688][__main__][INFO] - [0, 6, 41], []
[2025-01-29 13:36:12,716][__main__][INFO] - [0, 6], [41]
[2025-01-29 13:36:12,752][__main__][INFO] - [0, 6, 42], []
[2025-01-29 13:36:12,780][__main__][INFO] - [0, 6], [42]
[2025-01-29 13:36:12,817][__main__][INFO] - [0, 6, 43], []
[2025-01-29 13:36:12,844][__main__][INFO] - [0, 6], [43]
[2025-01-29 13:36:12,882][__main__][INFO] - [0, 6, 44], []
[2025-01-29 13:36:12,919][__main__][INFO] - [0, 6, 45], []
[2025-01-29 13:36:12,947][__main__][INFO] - [0, 6, 46], []
[2025-01-29 13:36:12,974][__main__][INFO] - [0, 6, 47], []
[2025-01-29 13:36:13,006][__main__][INFO] - [0, 6, 48], []
[2025-01-29 13:36:13,038][__main__][INFO] - [0, 6, 49], []
[2025-01-29 13:36:13,064][__main__][INFO] - [0, 6, 50], []
[2025-01-29 13:36:13,091][__main__][INFO] - [0, 6, 51], []
[2025-01-29 13:36:13,118][__main__][INFO] - [0, 6, 52], []
[2025-01-29 13:36:13,145][__main__][INFO] - [0, 6, 53], []
[2025-01-29 13:36:13,173][__main__][INFO] - [0, 6, 54], []
[2025-01-29 13:36:13,200][__main__][INFO] - [0, 6, 55], []
[2025-01-29 13:36:13,228][__main__][INFO] - [0, 6, 56], []
[2025-01-29 13:36:13,256][__main__][INFO] - [0, 6, 57], []
[2025-01-29 13:36:13,283][__main__][INFO] - [0, 6, 58], []
[2025-01-29 13:36:13,311][__main__][INFO] - [0, 6, 59], []
[2025-01-29 13:36:13,355][__main__][INFO] - [0, 7, 10], []
[2025-01-29 13:36:13,381][__main__][INFO] - [0, 7, 11], []
[2025-01-29 13:36:13,408][__main__][INFO] - [0, 7, 12], []
[2025-01-29 13:36:13,434][__main__][INFO] - [0, 7, 13], []
[2025-01-29 13:36:13,460][__main__][INFO] - [0, 7, 14], []
[2025-01-29 13:36:13,487][__main__][INFO] - [0, 7, 15], []
[2025-01-29 13:36:13,513][__main__][INFO] - [0, 7, 16], []
[2025-01-29 13:36:13,539][__main__][INFO] - [0, 7, 17], []
[2025-01-29 13:36:13,566][__main__][INFO] - [0, 7, 18], []
[2025-01-29 13:36:13,608][__main__][INFO] - [0, 7, 20], []
[2025-01-29 13:36:13,698][__main__][INFO] - [0, 7, 25], []
[2025-01-29 13:36:13,724][__main__][INFO] - [0, 7, 26], []
[2025-01-29 13:36:13,750][__main__][INFO] - [0, 7], [26]
[2025-01-29 13:36:13,777][__main__][INFO] - [0, 7, 27], []
[2025-01-29 13:36:13,803][__main__][INFO] - [0, 7, 28], []
[2025-01-29 13:36:13,830][__main__][INFO] - [0, 7, 29], []
[2025-01-29 13:36:13,873][__main__][INFO] - [0, 7, 31], []
[2025-01-29 13:36:13,899][__main__][INFO] - [0, 7, 32], []
[2025-01-29 13:36:13,976][__main__][INFO] - [0, 7, 36], []
[2025-01-29 13:36:14,002][__main__][INFO] - [0, 7, 37], []
[2025-01-29 13:36:14,029][__main__][INFO] - [0, 7, 38], []
[2025-01-29 13:36:14,055][__main__][INFO] - [0, 7, 39], []
[2025-01-29 13:36:14,098][__main__][INFO] - [0, 7, 41], []
[2025-01-29 13:36:14,125][__main__][INFO] - [0, 7], [41]
[2025-01-29 13:36:14,166][__main__][INFO] - [0, 7], [42]
[2025-01-29 13:36:14,208][__main__][INFO] - [0, 7], [43]
[2025-01-29 13:36:14,234][__main__][INFO] - [0, 7, 44], []
[2025-01-29 13:36:14,260][__main__][INFO] - [0, 7, 45], []
[2025-01-29 13:36:14,287][__main__][INFO] - [0, 7, 46], []
[2025-01-29 13:36:14,313][__main__][INFO] - [0, 7, 47], []
[2025-01-29 13:36:14,339][__main__][INFO] - [0, 7, 48], []
[2025-01-29 13:36:14,366][__main__][INFO] - [0, 7, 49], []
[2025-01-29 13:36:14,392][__main__][INFO] - [0, 7, 50], []
[2025-01-29 13:36:14,418][__main__][INFO] - [0, 7, 51], []
[2025-01-29 13:36:14,445][__main__][INFO] - [0, 7, 52], []
[2025-01-29 13:36:14,471][__main__][INFO] - [0, 7, 53], []
[2025-01-29 13:36:14,497][__main__][INFO] - [0, 7, 54], []
[2025-01-29 13:36:14,524][__main__][INFO] - [0, 7, 55], []
[2025-01-29 13:36:14,550][__main__][INFO] - [0, 7, 56], []
[2025-01-29 13:36:14,576][__main__][INFO] - [0, 7, 57], []
[2025-01-29 13:36:14,603][__main__][INFO] - [0, 7, 58], []
[2025-01-29 13:36:14,629][__main__][INFO] - [0, 7, 59], []
[2025-01-29 13:36:14,671][__main__][INFO] - [0, 8, 10], []
[2025-01-29 13:36:14,698][__main__][INFO] - [0, 8, 11], []
[2025-01-29 13:36:14,724][__main__][INFO] - [0, 8, 12], []
[2025-01-29 13:36:14,750][__main__][INFO] - [0, 8, 13], []
[2025-01-29 13:36:14,776][__main__][INFO] - [0, 8, 14], []
[2025-01-29 13:36:14,803][__main__][INFO] - [0, 8, 15], []
[2025-01-29 13:36:14,829][__main__][INFO] - [0, 8, 16], []
[2025-01-29 13:36:14,856][__main__][INFO] - [0, 8, 17], []
[2025-01-29 13:36:14,916][__main__][INFO] - [0, 8, 20], []
[2025-01-29 13:36:14,962][__main__][INFO] - [0, 8, 22], []
[2025-01-29 13:36:15,038][__main__][INFO] - [0, 8, 26], []
[2025-01-29 13:36:15,066][__main__][INFO] - [0, 8], [26]
[2025-01-29 13:36:15,095][__main__][INFO] - [0, 8, 27], []
[2025-01-29 13:36:15,124][__main__][INFO] - [0, 8, 28], []
[2025-01-29 13:36:15,150][__main__][INFO] - [0, 8, 29], []
[2025-01-29 13:36:15,210][__main__][INFO] - [0, 8, 32], []
[2025-01-29 13:36:15,286][__main__][INFO] - [0, 8, 36], []
[2025-01-29 13:36:15,313][__main__][INFO] - [0, 8, 37], []
[2025-01-29 13:36:15,342][__main__][INFO] - [0, 8, 38], []
[2025-01-29 13:36:15,369][__main__][INFO] - [0, 8, 39], []
[2025-01-29 13:36:15,412][__main__][INFO] - [0, 8, 41], []
[2025-01-29 13:36:15,439][__main__][INFO] - [0, 8], [41]
[2025-01-29 13:36:15,468][__main__][INFO] - [0, 8, 42], []
[2025-01-29 13:36:15,495][__main__][INFO] - [0, 8], [42]
[2025-01-29 13:36:15,525][__main__][INFO] - [0, 8, 43], []
[2025-01-29 13:36:15,552][__main__][INFO] - [0, 8], [43]
[2025-01-29 13:36:15,581][__main__][INFO] - [0, 8, 44], []
[2025-01-29 13:36:15,611][__main__][INFO] - [0, 8, 45], []
[2025-01-29 13:36:15,637][__main__][INFO] - [0, 8, 46], []
[2025-01-29 13:36:15,664][__main__][INFO] - [0, 8, 47], []
[2025-01-29 13:36:15,693][__main__][INFO] - [0, 8, 48], []
[2025-01-29 13:36:15,738][__main__][INFO] - [0, 8, 50], []
[2025-01-29 13:36:15,769][__main__][INFO] - [0, 8, 51], []
[2025-01-29 13:36:15,794][__main__][INFO] - [0, 8, 52], []
[2025-01-29 13:36:15,820][__main__][INFO] - [0, 8, 53], []
[2025-01-29 13:36:15,847][__main__][INFO] - [0, 8, 54], []
[2025-01-29 13:36:15,874][__main__][INFO] - [0, 8, 55], []
[2025-01-29 13:36:15,900][__main__][INFO] - [0, 8, 56], []
[2025-01-29 13:36:15,927][__main__][INFO] - [0, 8, 57], []
[2025-01-29 13:36:15,954][__main__][INFO] - [0, 8, 58], []
[2025-01-29 13:36:15,980][__main__][INFO] - [0, 8, 59], []
[2025-01-29 13:36:16,039][__main__][INFO] - [0, 10, 20], []
[2025-01-29 13:36:16,191][__main__][INFO] - [0, 10, 21], []
[2025-01-29 13:36:16,221][__main__][INFO] - [0, 10, 22], []
[2025-01-29 13:36:16,247][__main__][INFO] - [0, 10, 23], []
[2025-01-29 13:36:16,306][__main__][INFO] - [0, 10, 26], []
[2025-01-29 13:36:16,334][__main__][INFO] - [0, 10], [26]
[2025-01-29 13:36:16,494][__main__][INFO] - [0, 10, 27], []
[2025-01-29 13:36:16,648][__main__][INFO] - [0, 10, 28], []
[2025-01-29 13:36:16,675][__main__][INFO] - [0, 10, 29], []
[2025-01-29 13:36:16,701][__main__][INFO] - [0, 10, 30], []
[2025-01-29 13:36:16,814][__main__][INFO] - [0, 10, 36], []
[2025-01-29 13:36:16,982][__main__][INFO] - [0, 10, 37], []
[2025-01-29 13:36:17,071][__main__][INFO] - [0, 10, 38], []
[2025-01-29 13:36:17,130][__main__][INFO] - [0, 10, 39], []
[2025-01-29 13:36:17,179][__main__][INFO] - [0, 10, 40], []
[2025-01-29 13:36:17,207][__main__][INFO] - [0, 10, 41], []
[2025-01-29 13:36:17,234][__main__][INFO] - [0, 10], [41]
[2025-01-29 13:36:17,395][__main__][INFO] - [0, 10, 42], []
[2025-01-29 13:36:17,421][__main__][INFO] - [0, 10], [42]
[2025-01-29 13:36:17,583][__main__][INFO] - [0, 10, 43], []
[2025-01-29 13:36:17,611][__main__][INFO] - [0, 10], [43]
[2025-01-29 13:36:17,772][__main__][INFO] - [0, 10, 44], []
[2025-01-29 13:36:17,861][__main__][INFO] - [0, 10, 45], []
[2025-01-29 13:36:17,890][__main__][INFO] - [0, 10, 46], []
[2025-01-29 13:36:17,972][__main__][INFO] - [0, 10, 47], []
[2025-01-29 13:36:18,175][__main__][INFO] - [0, 10, 50], []
[2025-01-29 13:36:18,208][__main__][INFO] - [0, 10, 51], []
[2025-01-29 13:36:18,243][__main__][INFO] - [0, 10, 52], []
[2025-01-29 13:36:18,278][__main__][INFO] - [0, 10, 53], []
[2025-01-29 13:36:18,314][__main__][INFO] - [0, 10, 54], []
[2025-01-29 13:36:18,347][__main__][INFO] - [0, 10, 55], []
[2025-01-29 13:36:18,380][__main__][INFO] - [0, 10, 56], []
[2025-01-29 13:36:18,411][__main__][INFO] - [0, 10, 57], []
[2025-01-29 13:36:18,442][__main__][INFO] - [0, 10, 58], []
[2025-01-29 13:36:18,472][__main__][INFO] - [0, 10, 59], []
[2025-01-29 13:36:18,549][__main__][INFO] - [0, 11, 20], []
[2025-01-29 13:36:18,708][__main__][INFO] - [0, 11, 21], []
[2025-01-29 13:36:18,739][__main__][INFO] - [0, 11, 22], []
[2025-01-29 13:36:18,765][__main__][INFO] - [0, 11, 23], []
[2025-01-29 13:36:18,793][__main__][INFO] - [0, 11, 24], []
[2025-01-29 13:36:18,837][__main__][INFO] - [0, 11, 26], []
[2025-01-29 13:36:18,869][__main__][INFO] - [0, 11], [26]
[2025-01-29 13:36:19,031][__main__][INFO] - [0, 11, 27], []
[2025-01-29 13:36:19,193][__main__][INFO] - [0, 11, 28], []
[2025-01-29 13:36:19,220][__main__][INFO] - [0, 11, 29], []
[2025-01-29 13:36:19,249][__main__][INFO] - [0, 11, 30], []
[2025-01-29 13:36:19,278][__main__][INFO] - [0, 11, 31], []
[2025-01-29 13:36:19,304][__main__][INFO] - [0, 11, 32], []
[2025-01-29 13:36:19,413][__main__][INFO] - [0, 11, 36], []
[2025-01-29 13:36:19,544][__main__][INFO] - [0, 11, 37], []
[2025-01-29 13:36:19,647][__main__][INFO] - [0, 11, 38], []
[2025-01-29 13:36:19,704][__main__][INFO] - [0, 11, 39], []
[2025-01-29 13:36:19,753][__main__][INFO] - [0, 11, 40], []
[2025-01-29 13:36:19,782][__main__][INFO] - [0, 11, 41], []
[2025-01-29 13:36:19,816][__main__][INFO] - [0, 11], [41]
[2025-01-29 13:36:19,978][__main__][INFO] - [0, 11, 42], []
[2025-01-29 13:36:20,006][__main__][INFO] - [0, 11], [42]
[2025-01-29 13:36:20,178][__main__][INFO] - [0, 11, 43], []
[2025-01-29 13:36:20,206][__main__][INFO] - [0, 11], [43]
[2025-01-29 13:36:20,377][__main__][INFO] - [0, 11, 44], []
[2025-01-29 13:36:20,550][__main__][INFO] - [0, 11, 45], []
[2025-01-29 13:36:20,596][__main__][INFO] - [0, 11, 47], []
[2025-01-29 13:36:20,695][__main__][INFO] - [0, 11, 48], []
[2025-01-29 13:36:20,781][__main__][INFO] - [0, 11, 49], []
[2025-01-29 13:36:20,808][__main__][INFO] - [0, 11, 50], []
[2025-01-29 13:36:20,847][__main__][INFO] - [0, 11, 51], []
[2025-01-29 13:36:20,881][__main__][INFO] - [0, 11, 52], []
[2025-01-29 13:36:20,917][__main__][INFO] - [0, 11, 53], []
[2025-01-29 13:36:20,953][__main__][INFO] - [0, 11, 54], []
[2025-01-29 13:36:20,987][__main__][INFO] - [0, 11, 55], []
[2025-01-29 13:36:21,021][__main__][INFO] - [0, 11, 56], []
[2025-01-29 13:36:21,053][__main__][INFO] - [0, 11, 57], []
[2025-01-29 13:36:21,085][__main__][INFO] - [0, 11, 58], []
[2025-01-29 13:36:21,116][__main__][INFO] - [0, 11, 59], []
[2025-01-29 13:36:21,192][__main__][INFO] - [0, 12, 20], []
[2025-01-29 13:36:21,347][__main__][INFO] - [0, 12, 21], []
[2025-01-29 13:36:21,384][__main__][INFO] - [0, 12, 22], []
[2025-01-29 13:36:21,422][__main__][INFO] - [0, 12, 23], []
[2025-01-29 13:36:21,451][__main__][INFO] - [0, 12, 24], []
[2025-01-29 13:36:21,478][__main__][INFO] - [0, 12, 25], []
[2025-01-29 13:36:21,504][__main__][INFO] - [0, 12, 26], []
[2025-01-29 13:36:21,539][__main__][INFO] - [0, 12], [26]
[2025-01-29 13:36:21,717][__main__][INFO] - [0, 12, 27], []
[2025-01-29 13:36:21,876][__main__][INFO] - [0, 12, 28], []
[2025-01-29 13:36:21,918][__main__][INFO] - [0, 12, 29], []
[2025-01-29 13:36:21,951][__main__][INFO] - [0, 12, 30], []
[2025-01-29 13:36:21,978][__main__][INFO] - [0, 12, 31], []
[2025-01-29 13:36:22,005][__main__][INFO] - [0, 12, 32], []
[2025-01-29 13:36:22,194][__main__][INFO] - [0, 12, 33], []
[2025-01-29 13:36:22,221][__main__][INFO] - [0, 12, 34], []
[2025-01-29 13:36:22,247][__main__][INFO] - [0, 12, 35], []
[2025-01-29 13:36:22,290][__main__][INFO] - [0, 12, 37], []
[2025-01-29 13:36:22,402][__main__][INFO] - [0, 12, 38], []
[2025-01-29 13:36:22,462][__main__][INFO] - [0, 12, 39], []
[2025-01-29 13:36:22,512][__main__][INFO] - [0, 12, 40], []
[2025-01-29 13:36:22,540][__main__][INFO] - [0, 12, 41], []
[2025-01-29 13:36:22,590][__main__][INFO] - [0, 12], [41]
[2025-01-29 13:36:22,753][__main__][INFO] - [0, 12, 42], []
[2025-01-29 13:36:22,779][__main__][INFO] - [0, 12], [42]
[2025-01-29 13:36:22,967][__main__][INFO] - [0, 12, 43], []
[2025-01-29 13:36:22,996][__main__][INFO] - [0, 12], [43]
[2025-01-29 13:36:23,183][__main__][INFO] - [0, 12, 44], []
[2025-01-29 13:36:23,374][__main__][INFO] - [0, 12, 45], []
[2025-01-29 13:36:23,439][__main__][INFO] - [0, 12, 48], []
[2025-01-29 13:36:23,622][__main__][INFO] - [0, 12, 49], []
[2025-01-29 13:36:23,655][__main__][INFO] - [0, 12, 50], []
[2025-01-29 13:36:23,700][__main__][INFO] - [0, 12, 51], []
[2025-01-29 13:36:23,734][__main__][INFO] - [0, 12, 52], []
[2025-01-29 13:36:23,769][__main__][INFO] - [0, 12, 53], []
[2025-01-29 13:36:23,806][__main__][INFO] - [0, 12, 54], []
[2025-01-29 13:36:23,840][__main__][INFO] - [0, 12, 55], []
[2025-01-29 13:36:23,874][__main__][INFO] - [0, 12, 56], []
[2025-01-29 13:36:23,907][__main__][INFO] - [0, 12, 57], []
[2025-01-29 13:36:23,940][__main__][INFO] - [0, 12, 58], []
[2025-01-29 13:36:23,972][__main__][INFO] - [0, 12, 59], []
[2025-01-29 13:36:24,048][__main__][INFO] - [0, 13, 20], []
[2025-01-29 13:36:24,182][__main__][INFO] - [0, 13, 21], []
[2025-01-29 13:36:24,209][__main__][INFO] - [0, 13, 22], []
[2025-01-29 13:36:24,254][__main__][INFO] - [0, 13, 23], []
[2025-01-29 13:36:24,284][__main__][INFO] - [0, 13, 24], []
[2025-01-29 13:36:24,311][__main__][INFO] - [0, 13, 25], []
[2025-01-29 13:36:24,337][__main__][INFO] - [0, 13, 26], []
[2025-01-29 13:36:24,370][__main__][INFO] - [0, 13], [26]
[2025-01-29 13:36:24,548][__main__][INFO] - [0, 13, 27], []
[2025-01-29 13:36:24,679][__main__][INFO] - [0, 13, 28], []
[2025-01-29 13:36:24,730][__main__][INFO] - [0, 13, 29], []
[2025-01-29 13:36:24,772][__main__][INFO] - [0, 13, 30], []
[2025-01-29 13:36:24,798][__main__][INFO] - [0, 13, 31], []
[2025-01-29 13:36:24,825][__main__][INFO] - [0, 13, 32], []
[2025-01-29 13:36:25,011][__main__][INFO] - [0, 13, 33], []
[2025-01-29 13:36:25,039][__main__][INFO] - [0, 13, 34], []
[2025-01-29 13:36:25,067][__main__][INFO] - [0, 13, 35], []
[2025-01-29 13:36:25,111][__main__][INFO] - [0, 13, 37], []
[2025-01-29 13:36:25,226][__main__][INFO] - [0, 13, 38], []
[2025-01-29 13:36:25,283][__main__][INFO] - [0, 13, 39], []
[2025-01-29 13:36:25,330][__main__][INFO] - [0, 13, 40], []
[2025-01-29 13:36:25,358][__main__][INFO] - [0, 13, 41], []
[2025-01-29 13:36:25,425][__main__][INFO] - [0, 13], [41]
[2025-01-29 13:36:25,562][__main__][INFO] - [0, 13, 42], []
[2025-01-29 13:36:25,590][__main__][INFO] - [0, 13], [42]
[2025-01-29 13:36:25,772][__main__][INFO] - [0, 13, 43], []
[2025-01-29 13:36:25,801][__main__][INFO] - [0, 13], [43]
[2025-01-29 13:36:25,986][__main__][INFO] - [0, 13, 44], []
[2025-01-29 13:36:26,165][__main__][INFO] - [0, 13, 45], []
[2025-01-29 13:36:26,229][__main__][INFO] - [0, 13, 48], []
[2025-01-29 13:36:26,390][__main__][INFO] - [0, 13, 49], []
[2025-01-29 13:36:26,429][__main__][INFO] - [0, 13, 50], []
[2025-01-29 13:36:26,462][__main__][INFO] - [0, 13, 51], []
[2025-01-29 13:36:26,495][__main__][INFO] - [0, 13, 52], []
[2025-01-29 13:36:26,528][__main__][INFO] - [0, 13, 53], []
[2025-01-29 13:36:26,561][__main__][INFO] - [0, 13, 54], []
[2025-01-29 13:36:26,595][__main__][INFO] - [0, 13, 55], []
[2025-01-29 13:36:26,628][__main__][INFO] - [0, 13, 56], []
[2025-01-29 13:36:26,661][__main__][INFO] - [0, 13, 57], []
[2025-01-29 13:36:26,694][__main__][INFO] - [0, 13, 58], []
[2025-01-29 13:36:26,726][__main__][INFO] - [0, 13, 59], []
[2025-01-29 13:36:26,818][__main__][INFO] - [0, 14, 20], []
[2025-01-29 13:36:26,933][__main__][INFO] - [0, 14, 21], []
[2025-01-29 13:36:26,985][__main__][INFO] - [0, 14, 22], []
[2025-01-29 13:36:27,044][__main__][INFO] - [0, 14, 23], []
[2025-01-29 13:36:27,069][__main__][INFO] - [0, 14, 24], []
[2025-01-29 13:36:27,096][__main__][INFO] - [0, 14, 25], []
[2025-01-29 13:36:27,123][__main__][INFO] - [0, 14, 26], []
[2025-01-29 13:36:27,159][__main__][INFO] - [0, 14], [26]
[2025-01-29 13:36:27,333][__main__][INFO] - [0, 14, 27], []
[2025-01-29 13:36:27,448][__main__][INFO] - [0, 14, 28], []
[2025-01-29 13:36:27,501][__main__][INFO] - [0, 14, 29], []
[2025-01-29 13:36:27,560][__main__][INFO] - [0, 14, 30], []
[2025-01-29 13:36:27,585][__main__][INFO] - [0, 14, 31], []
[2025-01-29 13:36:27,611][__main__][INFO] - [0, 14, 32], []
[2025-01-29 13:36:27,805][__main__][INFO] - [0, 14, 33], []
[2025-01-29 13:36:27,851][__main__][INFO] - [0, 14, 35], []
[2025-01-29 13:36:27,909][__main__][INFO] - [0, 14, 37], []
[2025-01-29 13:36:28,034][__main__][INFO] - [0, 14, 38], []
[2025-01-29 13:36:28,088][__main__][INFO] - [0, 14, 39], []
[2025-01-29 13:36:28,132][__main__][INFO] - [0, 14, 40], []
[2025-01-29 13:36:28,160][__main__][INFO] - [0, 14, 41], []
[2025-01-29 13:36:28,251][__main__][INFO] - [0, 14], [41]
[2025-01-29 13:36:28,367][__main__][INFO] - [0, 14, 42], []
[2025-01-29 13:36:28,396][__main__][INFO] - [0, 14], [42]
[2025-01-29 13:36:28,582][__main__][INFO] - [0, 14, 43], []
[2025-01-29 13:36:28,608][__main__][INFO] - [0, 14], [43]
[2025-01-29 13:36:28,791][__main__][INFO] - [0, 14, 44], []
[2025-01-29 13:36:28,975][__main__][INFO] - [0, 14, 45], []
[2025-01-29 13:36:29,039][__main__][INFO] - [0, 14, 48], []
[2025-01-29 13:36:29,222][__main__][INFO] - [0, 14, 49], []
[2025-01-29 13:36:29,252][__main__][INFO] - [0, 14, 50], []
[2025-01-29 13:36:29,285][__main__][INFO] - [0, 14, 51], []
[2025-01-29 13:36:29,317][__main__][INFO] - [0, 14, 52], []
[2025-01-29 13:36:29,351][__main__][INFO] - [0, 14, 53], []
[2025-01-29 13:36:29,386][__main__][INFO] - [0, 14, 54], []
[2025-01-29 13:36:29,419][__main__][INFO] - [0, 14, 55], []
[2025-01-29 13:36:29,453][__main__][INFO] - [0, 14, 56], []
[2025-01-29 13:36:29,486][__main__][INFO] - [0, 14, 57], []
[2025-01-29 13:36:29,519][__main__][INFO] - [0, 14, 58], []
[2025-01-29 13:36:29,551][__main__][INFO] - [0, 14, 59], []
[2025-01-29 13:36:29,649][__main__][INFO] - [0, 15, 20], []
[2025-01-29 13:36:29,770][__main__][INFO] - [0, 15, 21], []
[2025-01-29 13:36:29,822][__main__][INFO] - [0, 15, 22], []
[2025-01-29 13:36:29,878][__main__][INFO] - [0, 15, 23], []
[2025-01-29 13:36:29,909][__main__][INFO] - [0, 15, 24], []
[2025-01-29 13:36:29,935][__main__][INFO] - [0, 15, 25], []
[2025-01-29 13:36:29,961][__main__][INFO] - [0, 15, 26], []
[2025-01-29 13:36:30,006][__main__][INFO] - [0, 15], [26]
[2025-01-29 13:36:30,173][__main__][INFO] - [0, 15, 27], []
[2025-01-29 13:36:30,295][__main__][INFO] - [0, 15, 28], []
[2025-01-29 13:36:30,342][__main__][INFO] - [0, 15, 29], []
[2025-01-29 13:36:30,405][__main__][INFO] - [0, 15, 30], []
[2025-01-29 13:36:30,432][__main__][INFO] - [0, 15, 31], []
[2025-01-29 13:36:30,458][__main__][INFO] - [0, 15, 32], []
[2025-01-29 13:36:30,650][__main__][INFO] - [0, 15, 33], []
[2025-01-29 13:36:30,695][__main__][INFO] - [0, 15, 35], []
[2025-01-29 13:36:30,738][__main__][INFO] - [0, 15, 37], []
[2025-01-29 13:36:30,866][__main__][INFO] - [0, 15, 38], []
[2025-01-29 13:36:30,924][__main__][INFO] - [0, 15, 39], []
[2025-01-29 13:36:30,969][__main__][INFO] - [0, 15, 40], []
[2025-01-29 13:36:30,998][__main__][INFO] - [0, 15, 41], []
[2025-01-29 13:36:31,086][__main__][INFO] - [0, 15], [41]
[2025-01-29 13:36:31,209][__main__][INFO] - [0, 15, 42], []
[2025-01-29 13:36:31,239][__main__][INFO] - [0, 15], [42]
[2025-01-29 13:36:31,432][__main__][INFO] - [0, 15, 43], []
[2025-01-29 13:36:31,462][__main__][INFO] - [0, 15], [43]
[2025-01-29 13:36:31,656][__main__][INFO] - [0, 15, 44], []
[2025-01-29 13:36:31,840][__main__][INFO] - [0, 15, 45], []
[2025-01-29 13:36:31,888][__main__][INFO] - [0, 15, 47], []
[2025-01-29 13:36:32,019][__main__][INFO] - [0, 15, 48], []
[2025-01-29 13:36:32,091][__main__][INFO] - [0, 15, 49], []
[2025-01-29 13:36:32,118][__main__][INFO] - [0, 15, 50], []
[2025-01-29 13:36:32,150][__main__][INFO] - [0, 15, 51], []
[2025-01-29 13:36:32,182][__main__][INFO] - [0, 15, 52], []
[2025-01-29 13:36:32,215][__main__][INFO] - [0, 15, 53], []
[2025-01-29 13:36:32,248][__main__][INFO] - [0, 15, 54], []
[2025-01-29 13:36:32,282][__main__][INFO] - [0, 15, 55], []
[2025-01-29 13:36:32,315][__main__][INFO] - [0, 15, 56], []
[2025-01-29 13:36:32,348][__main__][INFO] - [0, 15, 57], []
[2025-01-29 13:36:32,381][__main__][INFO] - [0, 15, 58], []
[2025-01-29 13:36:32,413][__main__][INFO] - [0, 15, 59], []
[2025-01-29 13:36:32,522][__main__][INFO] - [0, 16, 20], []
[2025-01-29 13:36:32,656][__main__][INFO] - [0, 16, 21], []
[2025-01-29 13:36:32,705][__main__][INFO] - [0, 16, 22], []
[2025-01-29 13:36:32,754][__main__][INFO] - [0, 16, 23], []
[2025-01-29 13:36:32,784][__main__][INFO] - [0, 16, 24], []
[2025-01-29 13:36:32,811][__main__][INFO] - [0, 16, 25], []
[2025-01-29 13:36:32,837][__main__][INFO] - [0, 16, 26], []
[2025-01-29 13:36:32,891][__main__][INFO] - [0, 16], [26]
[2025-01-29 13:36:33,051][__main__][INFO] - [0, 16, 27], []
[2025-01-29 13:36:33,186][__main__][INFO] - [0, 16, 28], []
[2025-01-29 13:36:33,224][__main__][INFO] - [0, 16, 29], []
[2025-01-29 13:36:33,285][__main__][INFO] - [0, 16, 30], []
[2025-01-29 13:36:33,314][__main__][INFO] - [0, 16, 31], []
[2025-01-29 13:36:33,342][__main__][INFO] - [0, 16, 32], []
[2025-01-29 13:36:33,536][__main__][INFO] - [0, 16, 33], []
[2025-01-29 13:36:33,581][__main__][INFO] - [0, 16, 35], []
[2025-01-29 13:36:33,625][__main__][INFO] - [0, 16, 37], []
[2025-01-29 13:36:33,744][__main__][INFO] - [0, 16, 38], []
[2025-01-29 13:36:33,808][__main__][INFO] - [0, 16, 39], []
[2025-01-29 13:36:33,850][__main__][INFO] - [0, 16, 40], []
[2025-01-29 13:36:33,879][__main__][INFO] - [0, 16, 41], []
[2025-01-29 13:36:33,956][__main__][INFO] - [0, 16], [41]
[2025-01-29 13:36:34,093][__main__][INFO] - [0, 16, 42], []
[2025-01-29 13:36:34,124][__main__][INFO] - [0, 16], [42]
[2025-01-29 13:36:34,313][__main__][INFO] - [0, 16, 43], []
[2025-01-29 13:36:34,344][__main__][INFO] - [0, 16], [43]
[2025-01-29 13:36:34,532][__main__][INFO] - [0, 16, 44], []
[2025-01-29 13:36:34,715][__main__][INFO] - [0, 16, 45], []
[2025-01-29 13:36:34,766][__main__][INFO] - [0, 16, 47], []
[2025-01-29 13:36:35,003][__main__][INFO] - [0, 16, 50], []
[2025-01-29 13:36:35,035][__main__][INFO] - [0, 16, 51], []
[2025-01-29 13:36:35,068][__main__][INFO] - [0, 16, 52], []
[2025-01-29 13:36:35,100][__main__][INFO] - [0, 16, 53], []
[2025-01-29 13:36:35,133][__main__][INFO] - [0, 16, 54], []
[2025-01-29 13:36:35,164][__main__][INFO] - [0, 16, 55], []
[2025-01-29 13:36:35,197][__main__][INFO] - [0, 16, 56], []
[2025-01-29 13:36:35,230][__main__][INFO] - [0, 16, 57], []
[2025-01-29 13:36:35,262][__main__][INFO] - [0, 16, 58], []
[2025-01-29 13:36:35,294][__main__][INFO] - [0, 16, 59], []
[2025-01-29 13:36:35,404][__main__][INFO] - [0, 17, 20], []
[2025-01-29 13:36:35,525][__main__][INFO] - [0, 17, 21], []
[2025-01-29 13:36:35,552][__main__][INFO] - [0, 17, 22], []
[2025-01-29 13:36:35,593][__main__][INFO] - [0, 17, 23], []
[2025-01-29 13:36:35,623][__main__][INFO] - [0, 17, 24], []
[2025-01-29 13:36:35,649][__main__][INFO] - [0, 17, 25], []
[2025-01-29 13:36:35,674][__main__][INFO] - [0, 17, 26], []
[2025-01-29 13:36:35,733][__main__][INFO] - [0, 17], [26]
[2025-01-29 13:36:35,858][__main__][INFO] - [0, 17, 27], []
[2025-01-29 13:36:35,983][__main__][INFO] - [0, 17, 28], []
[2025-01-29 13:36:36,010][__main__][INFO] - [0, 17, 29], []
[2025-01-29 13:36:36,064][__main__][INFO] - [0, 17, 30], []
[2025-01-29 13:36:36,090][__main__][INFO] - [0, 17, 31], []
[2025-01-29 13:36:36,117][__main__][INFO] - [0, 17, 32], []
[2025-01-29 13:36:36,282][__main__][INFO] - [0, 17, 33], []
[2025-01-29 13:36:36,327][__main__][INFO] - [0, 17, 35], []
[2025-01-29 13:36:36,370][__main__][INFO] - [0, 17, 37], []
[2025-01-29 13:36:36,475][__main__][INFO] - [0, 17, 38], []
[2025-01-29 13:36:36,534][__main__][INFO] - [0, 17, 39], []
[2025-01-29 13:36:36,573][__main__][INFO] - [0, 17, 40], []
[2025-01-29 13:36:36,601][__main__][INFO] - [0, 17, 41], []
[2025-01-29 13:36:36,664][__main__][INFO] - [0, 17], [41]
[2025-01-29 13:36:36,792][__main__][INFO] - [0, 17, 42], []
[2025-01-29 13:36:36,825][__main__][INFO] - [0, 17], [42]
[2025-01-29 13:36:36,985][__main__][INFO] - [0, 17, 43], []
[2025-01-29 13:36:37,016][__main__][INFO] - [0, 17], [43]
[2025-01-29 13:36:37,181][__main__][INFO] - [0, 17, 44], []
[2025-01-29 13:36:37,337][__main__][INFO] - [0, 17, 45], []
[2025-01-29 13:36:37,388][__main__][INFO] - [0, 17, 47], []
[2025-01-29 13:36:37,590][__main__][INFO] - [0, 17, 50], []
[2025-01-29 13:36:37,621][__main__][INFO] - [0, 17, 51], []
[2025-01-29 13:36:37,653][__main__][INFO] - [0, 17, 52], []
[2025-01-29 13:36:37,687][__main__][INFO] - [0, 17, 53], []
[2025-01-29 13:36:37,720][__main__][INFO] - [0, 17, 54], []
[2025-01-29 13:36:37,754][__main__][INFO] - [0, 17, 55], []
[2025-01-29 13:36:37,786][__main__][INFO] - [0, 17, 56], []
[2025-01-29 13:36:37,817][__main__][INFO] - [0, 17, 57], []
[2025-01-29 13:36:37,848][__main__][INFO] - [0, 17, 58], []
[2025-01-29 13:36:37,879][__main__][INFO] - [0, 17, 59], []
[2025-01-29 13:36:37,968][__main__][INFO] - [0, 18, 20], []
[2025-01-29 13:36:38,037][__main__][INFO] - [0, 18, 21], []
[2025-01-29 13:36:38,063][__main__][INFO] - [0, 18, 22], []
[2025-01-29 13:36:38,090][__main__][INFO] - [0, 18, 23], []
[2025-01-29 13:36:38,120][__main__][INFO] - [0, 18, 24], []
[2025-01-29 13:36:38,146][__main__][INFO] - [0, 18, 25], []
[2025-01-29 13:36:38,172][__main__][INFO] - [0, 18, 26], []
[2025-01-29 13:36:38,228][__main__][INFO] - [0, 18], [26]
[2025-01-29 13:36:38,285][__main__][INFO] - [0, 18, 27], []
[2025-01-29 13:36:38,353][__main__][INFO] - [0, 18, 28], []
[2025-01-29 13:36:38,378][__main__][INFO] - [0, 18, 29], []
[2025-01-29 13:36:38,418][__main__][INFO] - [0, 18, 30], []
[2025-01-29 13:36:38,444][__main__][INFO] - [0, 18, 31], []
[2025-01-29 13:36:38,471][__main__][INFO] - [0, 18, 32], []
[2025-01-29 13:36:38,563][__main__][INFO] - [0, 18, 33], []
[2025-01-29 13:36:38,641][__main__][INFO] - [0, 18, 37], []
[2025-01-29 13:36:38,704][__main__][INFO] - [0, 18, 38], []
[2025-01-29 13:36:38,743][__main__][INFO] - [0, 18, 39], []
[2025-01-29 13:36:38,777][__main__][INFO] - [0, 18, 40], []
[2025-01-29 13:36:38,805][__main__][INFO] - [0, 18, 41], []
[2025-01-29 13:36:38,849][__main__][INFO] - [0, 18], [41]
[2025-01-29 13:36:38,917][__main__][INFO] - [0, 18, 42], []
[2025-01-29 13:36:38,952][__main__][INFO] - [0, 18], [42]
[2025-01-29 13:36:39,038][__main__][INFO] - [0, 18, 43], []
[2025-01-29 13:36:39,069][__main__][INFO] - [0, 18], [43]
[2025-01-29 13:36:39,153][__main__][INFO] - [0, 18, 44], []
[2025-01-29 13:36:39,235][__main__][INFO] - [0, 18, 45], []
[2025-01-29 13:36:39,286][__main__][INFO] - [0, 18, 47], []
[2025-01-29 13:36:39,412][__main__][INFO] - [0, 18, 50], []
[2025-01-29 13:36:39,442][__main__][INFO] - [0, 18, 51], []
[2025-01-29 13:36:39,471][__main__][INFO] - [0, 18, 52], []
[2025-01-29 13:36:39,501][__main__][INFO] - [0, 18, 53], []
[2025-01-29 13:36:39,533][__main__][INFO] - [0, 18, 54], []
[2025-01-29 13:36:39,563][__main__][INFO] - [0, 18, 55], []
[2025-01-29 13:36:39,593][__main__][INFO] - [0, 18, 56], []
[2025-01-29 13:36:39,623][__main__][INFO] - [0, 18, 57], []
[2025-01-29 13:36:39,652][__main__][INFO] - [0, 18, 58], []
[2025-01-29 13:36:39,681][__main__][INFO] - [0, 18, 59], []
[2025-01-29 13:36:39,739][__main__][INFO] - [0, 19, 20], []
[2025-01-29 13:36:39,791][__main__][INFO] - [0, 19, 21], []
[2025-01-29 13:36:39,818][__main__][INFO] - [0, 19, 22], []
[2025-01-29 13:36:39,844][__main__][INFO] - [0, 19, 23], []
[2025-01-29 13:36:39,873][__main__][INFO] - [0, 19, 24], []
[2025-01-29 13:36:39,918][__main__][INFO] - [0, 19, 26], []
[2025-01-29 13:36:39,985][__main__][INFO] - [0, 19], [26]
[2025-01-29 13:36:40,019][__main__][INFO] - [0, 19, 27], []
[2025-01-29 13:36:40,071][__main__][INFO] - [0, 19, 28], []
[2025-01-29 13:36:40,098][__main__][INFO] - [0, 19, 29], []
[2025-01-29 13:36:40,132][__main__][INFO] - [0, 19, 30], []
[2025-01-29 13:36:40,175][__main__][INFO] - [0, 19, 32], []
[2025-01-29 13:36:40,240][__main__][INFO] - [0, 19, 33], []
[2025-01-29 13:36:40,318][__main__][INFO] - [0, 19, 37], []
[2025-01-29 13:36:40,367][__main__][INFO] - [0, 19, 38], []
[2025-01-29 13:36:40,400][__main__][INFO] - [0, 19, 39], []
[2025-01-29 13:36:40,433][__main__][INFO] - [0, 19, 40], []
[2025-01-29 13:36:40,460][__main__][INFO] - [0, 19, 41], []
[2025-01-29 13:36:40,496][__main__][INFO] - [0, 19], [41]
[2025-01-29 13:36:40,548][__main__][INFO] - [0, 19, 42], []
[2025-01-29 13:36:40,586][__main__][INFO] - [0, 19], [42]
[2025-01-29 13:36:40,637][__main__][INFO] - [0, 19, 43], []
[2025-01-29 13:36:40,670][__main__][INFO] - [0, 19], [43]
[2025-01-29 13:36:40,726][__main__][INFO] - [0, 19, 44], []
[2025-01-29 13:36:40,777][__main__][INFO] - [0, 19, 45], []
[2025-01-29 13:36:40,831][__main__][INFO] - [0, 19, 47], []
[2025-01-29 13:36:40,930][__main__][INFO] - [0, 19, 50], []
[2025-01-29 13:36:40,963][__main__][INFO] - [0, 19, 51], []
[2025-01-29 13:36:40,992][__main__][INFO] - [0, 19, 52], []
[2025-01-29 13:36:41,021][__main__][INFO] - [0, 19, 53], []
[2025-01-29 13:36:41,049][__main__][INFO] - [0, 19, 54], []
[2025-01-29 13:36:41,078][__main__][INFO] - [0, 19, 55], []
[2025-01-29 13:36:41,106][__main__][INFO] - [0, 19, 56], []
[2025-01-29 13:36:41,134][__main__][INFO] - [0, 19, 57], []
[2025-01-29 13:36:41,163][__main__][INFO] - [0, 19, 58], []
[2025-01-29 13:36:41,189][__main__][INFO] - [0, 19, 59], []
[2025-01-29 13:36:41,238][__main__][INFO] - [0, 20, 26], []
[2025-01-29 13:36:41,440][__main__][INFO] - [0, 20], [26]
[2025-01-29 13:36:42,506][__main__][INFO] - [0, 20, 27], []
[2025-01-29 13:36:43,947][__main__][INFO] - [0, 20, 31], []
[2025-01-29 13:36:43,976][__main__][INFO] - [0, 20, 32], []
[2025-01-29 13:36:44,988][__main__][INFO] - [0, 20, 33], []
[2025-01-29 13:36:45,022][__main__][INFO] - [0, 20, 34], []
[2025-01-29 13:36:45,050][__main__][INFO] - [0, 20, 35], []
[2025-01-29 13:36:45,078][__main__][INFO] - [0, 20, 36], []
[2025-01-29 13:36:45,356][__main__][INFO] - [0, 20, 37], []
[2025-01-29 13:36:45,954][__main__][INFO] - [0, 20, 38], []
[2025-01-29 13:36:46,291][__main__][INFO] - [0, 20, 39], []
[2025-01-29 13:36:46,461][__main__][INFO] - [0, 20, 40], []
[2025-01-29 13:36:46,501][__main__][INFO] - [0, 20, 41], []
[2025-01-29 13:36:46,527][__main__][INFO] - [0, 20], [41]
[2025-01-29 13:36:47,957][__main__][INFO] - [0, 20, 42], []
[2025-01-29 13:36:48,014][__main__][INFO] - [0, 20], [42]
[2025-01-29 13:36:49,310][__main__][INFO] - [0, 20, 43], []
[2025-01-29 13:36:49,361][__main__][INFO] - [0, 20], [43]
[2025-01-29 13:36:50,675][__main__][INFO] - [0, 20, 44], []
[2025-01-29 13:36:51,808][__main__][INFO] - [0, 20, 45], []
[2025-01-29 13:36:51,882][__main__][INFO] - [0, 20, 46], []
[2025-01-29 13:36:51,964][__main__][INFO] - [0, 20, 47], []
[2025-01-29 13:36:52,690][__main__][INFO] - [0, 20, 48], []
[2025-01-29 13:36:53,162][__main__][INFO] - [0, 20, 49], []
[2025-01-29 13:36:53,205][__main__][INFO] - [0, 20, 50], []
[2025-01-29 13:36:53,295][__main__][INFO] - [0, 20, 51], []
[2025-01-29 13:36:53,365][__main__][INFO] - [0, 20, 52], []
[2025-01-29 13:36:53,440][__main__][INFO] - [0, 20, 53], []
[2025-01-29 13:36:53,519][__main__][INFO] - [0, 20, 54], []
[2025-01-29 13:36:53,594][__main__][INFO] - [0, 20, 55], []
[2025-01-29 13:36:53,665][__main__][INFO] - [0, 20, 56], []
[2025-01-29 13:36:53,734][__main__][INFO] - [0, 20, 57], []
[2025-01-29 13:36:53,799][__main__][INFO] - [0, 20, 58], []
[2025-01-29 13:36:53,858][__main__][INFO] - [0, 20, 59], []
[2025-01-29 13:36:54,262][__main__][INFO] - [0, 21, 26], []
[2025-01-29 13:36:54,307][__main__][INFO] - [0, 21], [26]
[2025-01-29 13:36:54,479][__main__][INFO] - [0, 21, 28], []
[2025-01-29 13:36:54,545][__main__][INFO] - [0, 21, 29], []
[2025-01-29 13:36:54,674][__main__][INFO] - [0, 21, 30], []
[2025-01-29 13:36:54,722][__main__][INFO] - [0, 21, 32], []
[2025-01-29 13:36:54,894][__main__][INFO] - [0, 21, 33], []
[2025-01-29 13:36:54,955][__main__][INFO] - [0, 21, 36], []
[2025-01-29 13:36:54,987][__main__][INFO] - [0, 21, 37], []
[2025-01-29 13:36:55,131][__main__][INFO] - [0, 21, 38], []
[2025-01-29 13:36:55,163][__main__][INFO] - [0, 21, 39], []
[2025-01-29 13:36:55,207][__main__][INFO] - [0, 21, 40], []
[2025-01-29 13:36:55,233][__main__][INFO] - [0, 21, 41], []
[2025-01-29 13:36:55,407][__main__][INFO] - [0, 21], [41]
[2025-01-29 13:36:55,439][__main__][INFO] - [0, 21, 42], []
[2025-01-29 13:36:55,465][__main__][INFO] - [0, 21], [42]
[2025-01-29 13:36:55,639][__main__][INFO] - [0, 21, 43], []
[2025-01-29 13:36:55,665][__main__][INFO] - [0, 21], [43]
[2025-01-29 13:36:55,846][__main__][INFO] - [0, 21, 44], []
[2025-01-29 13:36:56,017][__main__][INFO] - [0, 21, 45], []
[2025-01-29 13:36:56,043][__main__][INFO] - [0, 21, 46], []
[2025-01-29 13:36:56,069][__main__][INFO] - [0, 21, 47], []
[2025-01-29 13:36:56,172][__main__][INFO] - [0, 21, 48], []
[2025-01-29 13:36:56,260][__main__][INFO] - [0, 21, 49], []
[2025-01-29 13:36:56,287][__main__][INFO] - [0, 21, 50], []
[2025-01-29 13:36:56,321][__main__][INFO] - [0, 21, 51], []
[2025-01-29 13:36:56,348][__main__][INFO] - [0, 21, 52], []
[2025-01-29 13:36:56,374][__main__][INFO] - [0, 21, 53], []
[2025-01-29 13:36:56,401][__main__][INFO] - [0, 21, 54], []
[2025-01-29 13:36:56,427][__main__][INFO] - [0, 21, 55], []
[2025-01-29 13:36:56,454][__main__][INFO] - [0, 21, 56], []
[2025-01-29 13:36:56,486][__main__][INFO] - [0, 21, 57], []
[2025-01-29 13:36:56,513][__main__][INFO] - [0, 21, 58], []
[2025-01-29 13:36:56,539][__main__][INFO] - [0, 21, 59], []
[2025-01-29 13:36:56,639][__main__][INFO] - [0, 22, 26], []
[2025-01-29 13:36:56,686][__main__][INFO] - [0, 22], [26]
[2025-01-29 13:36:56,867][__main__][INFO] - [0, 22, 28], []
[2025-01-29 13:36:56,970][__main__][INFO] - [0, 22, 29], []
[2025-01-29 13:36:57,065][__main__][INFO] - [0, 22, 30], []
[2025-01-29 13:36:57,113][__main__][INFO] - [0, 22, 32], []
[2025-01-29 13:36:57,296][__main__][INFO] - [0, 22, 33], []
[2025-01-29 13:36:57,356][__main__][INFO] - [0, 22, 36], []
[2025-01-29 13:36:57,383][__main__][INFO] - [0, 22, 37], []
[2025-01-29 13:36:57,535][__main__][INFO] - [0, 22, 38], []
[2025-01-29 13:36:57,569][__main__][INFO] - [0, 22, 39], []
[2025-01-29 13:36:57,596][__main__][INFO] - [0, 22, 40], []
[2025-01-29 13:36:57,622][__main__][INFO] - [0, 22, 41], []
[2025-01-29 13:36:57,804][__main__][INFO] - [0, 22], [41]
[2025-01-29 13:36:57,835][__main__][INFO] - [0, 22, 42], []
[2025-01-29 13:36:57,867][__main__][INFO] - [0, 22], [42]
[2025-01-29 13:36:58,049][__main__][INFO] - [0, 22, 43], []
[2025-01-29 13:36:58,075][__main__][INFO] - [0, 22], [43]
[2025-01-29 13:36:58,255][__main__][INFO] - [0, 22, 44], []
[2025-01-29 13:36:58,433][__main__][INFO] - [0, 22, 45], []
[2025-01-29 13:36:58,460][__main__][INFO] - [0, 22, 46], []
[2025-01-29 13:36:58,486][__main__][INFO] - [0, 22, 47], []
[2025-01-29 13:36:58,586][__main__][INFO] - [0, 22, 48], []
[2025-01-29 13:36:58,686][__main__][INFO] - [0, 22, 49], []
[2025-01-29 13:36:58,716][__main__][INFO] - [0, 22, 50], []
[2025-01-29 13:36:58,751][__main__][INFO] - [0, 22, 51], []
[2025-01-29 13:36:58,788][__main__][INFO] - [0, 22, 52], []
[2025-01-29 13:36:58,814][__main__][INFO] - [0, 22, 53], []
[2025-01-29 13:36:58,854][__main__][INFO] - [0, 22, 54], []
[2025-01-29 13:36:58,892][__main__][INFO] - [0, 22, 55], []
[2025-01-29 13:36:58,919][__main__][INFO] - [0, 22, 56], []
[2025-01-29 13:36:58,954][__main__][INFO] - [0, 22, 57], []
[2025-01-29 13:36:58,980][__main__][INFO] - [0, 22, 58], []
[2025-01-29 13:36:59,012][__main__][INFO] - [0, 22, 59], []
[2025-01-29 13:36:59,074][__main__][INFO] - [0, 23, 26], []
[2025-01-29 13:36:59,106][__main__][INFO] - [0, 23], [26]
[2025-01-29 13:36:59,172][__main__][INFO] - [0, 23, 28], []
[2025-01-29 13:36:59,206][__main__][INFO] - [0, 23, 29], []
[2025-01-29 13:36:59,249][__main__][INFO] - [0, 23, 30], []
[2025-01-29 13:36:59,295][__main__][INFO] - [0, 23, 32], []
[2025-01-29 13:36:59,347][__main__][INFO] - [0, 23, 33], []
[2025-01-29 13:36:59,408][__main__][INFO] - [0, 23, 36], []
[2025-01-29 13:36:59,436][__main__][INFO] - [0, 23, 37], []
[2025-01-29 13:36:59,482][__main__][INFO] - [0, 23, 38], []
[2025-01-29 13:36:59,513][__main__][INFO] - [0, 23, 39], []
[2025-01-29 13:36:59,542][__main__][INFO] - [0, 23, 40], []
[2025-01-29 13:36:59,569][__main__][INFO] - [0, 23, 41], []
[2025-01-29 13:36:59,620][__main__][INFO] - [0, 23], [41]
[2025-01-29 13:36:59,650][__main__][INFO] - [0, 23, 42], []
[2025-01-29 13:36:59,678][__main__][INFO] - [0, 23], [42]
[2025-01-29 13:36:59,731][__main__][INFO] - [0, 23, 43], []
[2025-01-29 13:36:59,758][__main__][INFO] - [0, 23], [43]
[2025-01-29 13:36:59,812][__main__][INFO] - [0, 23, 44], []
[2025-01-29 13:36:59,864][__main__][INFO] - [0, 23, 45], []
[2025-01-29 13:36:59,892][__main__][INFO] - [0, 23, 46], []
[2025-01-29 13:36:59,918][__main__][INFO] - [0, 23, 47], []
[2025-01-29 13:36:59,962][__main__][INFO] - [0, 23, 48], []
[2025-01-29 13:36:59,999][__main__][INFO] - [0, 23, 49], []
[2025-01-29 13:37:00,026][__main__][INFO] - [0, 23, 50], []
[2025-01-29 13:37:00,055][__main__][INFO] - [0, 23, 51], []
[2025-01-29 13:37:00,083][__main__][INFO] - [0, 23, 52], []
[2025-01-29 13:37:00,110][__main__][INFO] - [0, 23, 53], []
[2025-01-29 13:37:00,138][__main__][INFO] - [0, 23, 54], []
[2025-01-29 13:37:00,164][__main__][INFO] - [0, 23, 55], []
[2025-01-29 13:37:00,193][__main__][INFO] - [0, 23, 56], []
[2025-01-29 13:37:00,221][__main__][INFO] - [0, 23, 57], []
[2025-01-29 13:37:00,248][__main__][INFO] - [0, 23, 58], []
[2025-01-29 13:37:00,274][__main__][INFO] - [0, 23, 59], []
[2025-01-29 13:37:00,327][__main__][INFO] - [0, 24, 26], []
[2025-01-29 13:37:00,353][__main__][INFO] - [0, 24], [26]
[2025-01-29 13:37:00,399][__main__][INFO] - [0, 24, 28], []
[2025-01-29 13:37:00,425][__main__][INFO] - [0, 24, 29], []
[2025-01-29 13:37:00,454][__main__][INFO] - [0, 24, 30], []
[2025-01-29 13:37:00,497][__main__][INFO] - [0, 24, 32], []
[2025-01-29 13:37:00,579][__main__][INFO] - [0, 24, 36], []
[2025-01-29 13:37:00,606][__main__][INFO] - [0, 24, 37], []
[2025-01-29 13:37:00,636][__main__][INFO] - [0, 24, 38], []
[2025-01-29 13:37:00,662][__main__][INFO] - [0, 24, 39], []
[2025-01-29 13:37:00,706][__main__][INFO] - [0, 24, 41], []
[2025-01-29 13:37:00,737][__main__][INFO] - [0, 24], [41]
[2025-01-29 13:37:00,763][__main__][INFO] - [0, 24, 42], []
[2025-01-29 13:37:00,790][__main__][INFO] - [0, 24], [42]
[2025-01-29 13:37:00,821][__main__][INFO] - [0, 24, 43], []
[2025-01-29 13:37:00,848][__main__][INFO] - [0, 24], [43]
[2025-01-29 13:37:00,879][__main__][INFO] - [0, 24, 44], []
[2025-01-29 13:37:00,910][__main__][INFO] - [0, 24, 45], []
[2025-01-29 13:37:00,951][__main__][INFO] - [0, 24, 47], []
[2025-01-29 13:37:00,977][__main__][INFO] - [0, 24, 48], []
[2025-01-29 13:37:01,006][__main__][INFO] - [0, 24, 49], []
[2025-01-29 13:37:01,033][__main__][INFO] - [0, 24, 50], []
[2025-01-29 13:37:01,059][__main__][INFO] - [0, 24, 51], []
[2025-01-29 13:37:01,085][__main__][INFO] - [0, 24, 52], []
[2025-01-29 13:37:01,112][__main__][INFO] - [0, 24, 53], []
[2025-01-29 13:37:01,138][__main__][INFO] - [0, 24, 54], []
[2025-01-29 13:37:01,164][__main__][INFO] - [0, 24, 55], []
[2025-01-29 13:37:01,192][__main__][INFO] - [0, 24, 56], []
[2025-01-29 13:37:01,218][__main__][INFO] - [0, 24, 57], []
[2025-01-29 13:37:01,245][__main__][INFO] - [0, 24, 58], []
[2025-01-29 13:37:01,271][__main__][INFO] - [0, 24, 59], []
[2025-01-29 13:37:01,313][__main__][INFO] - [0, 25, 26], []
[2025-01-29 13:37:01,340][__main__][INFO] - [0, 25], [26]
[2025-01-29 13:37:01,383][__main__][INFO] - [0, 25, 28], []
[2025-01-29 13:37:01,410][__main__][INFO] - [0, 25, 29], []
[2025-01-29 13:37:01,436][__main__][INFO] - [0, 25, 30], []
[2025-01-29 13:37:01,477][__main__][INFO] - [0, 25, 32], []
[2025-01-29 13:37:01,553][__main__][INFO] - [0, 25, 36], []
[2025-01-29 13:37:01,579][__main__][INFO] - [0, 25, 37], []
[2025-01-29 13:37:01,605][__main__][INFO] - [0, 25, 38], []
[2025-01-29 13:37:01,632][__main__][INFO] - [0, 25, 39], []
[2025-01-29 13:37:01,675][__main__][INFO] - [0, 25, 41], []
[2025-01-29 13:37:01,702][__main__][INFO] - [0, 25], [41]
[2025-01-29 13:37:01,745][__main__][INFO] - [0, 25], [42]
[2025-01-29 13:37:01,788][__main__][INFO] - [0, 25], [43]
[2025-01-29 13:37:01,815][__main__][INFO] - [0, 25, 44], []
[2025-01-29 13:37:01,841][__main__][INFO] - [0, 25, 45], []
[2025-01-29 13:37:01,884][__main__][INFO] - [0, 25, 47], []
[2025-01-29 13:37:01,911][__main__][INFO] - [0, 25, 48], []
[2025-01-29 13:37:01,954][__main__][INFO] - [0, 25, 50], []
[2025-01-29 13:37:01,980][__main__][INFO] - [0, 25, 51], []
[2025-01-29 13:37:02,005][__main__][INFO] - [0, 25, 52], []
[2025-01-29 13:37:02,030][__main__][INFO] - [0, 25, 53], []
[2025-01-29 13:37:02,056][__main__][INFO] - [0, 25, 54], []
[2025-01-29 13:37:02,082][__main__][INFO] - [0, 25, 55], []
[2025-01-29 13:37:02,108][__main__][INFO] - [0, 25, 56], []
[2025-01-29 13:37:02,135][__main__][INFO] - [0, 25, 57], []
[2025-01-29 13:37:02,161][__main__][INFO] - [0, 25, 58], []
[2025-01-29 13:37:02,187][__main__][INFO] - [0, 25, 59], []
[2025-01-29 13:37:02,230][__main__][INFO] - [0, 26, 27], []
[2025-01-29 13:37:02,427][__main__][INFO] - [0, 26, 28], []
[2025-01-29 13:37:02,453][__main__][INFO] - [0, 26, 29], []
[2025-01-29 13:37:02,511][__main__][INFO] - [0, 26, 30], []
[2025-01-29 13:37:02,536][__main__][INFO] - [0, 26, 31], []
[2025-01-29 13:37:02,562][__main__][INFO] - [0, 26, 32], []
[2025-01-29 13:37:02,822][__main__][INFO] - [0, 26, 33], []
[2025-01-29 13:37:02,868][__main__][INFO] - [0, 26, 35], []
[2025-01-29 13:37:02,895][__main__][INFO] - [0, 26, 36], []
[2025-01-29 13:37:02,928][__main__][INFO] - [0, 26, 37], []
[2025-01-29 13:37:03,074][__main__][INFO] - [0, 26, 38], []
[2025-01-29 13:37:03,138][__main__][INFO] - [0, 26, 39], []
[2025-01-29 13:37:03,191][__main__][INFO] - [0, 26, 40], []
[2025-01-29 13:37:03,221][__main__][INFO] - [0, 26, 41], []
[2025-01-29 13:37:03,292][__main__][INFO] - [0, 26], [41]
[2025-01-29 13:37:03,492][__main__][INFO] - [0, 26, 42], []
[2025-01-29 13:37:03,564][__main__][INFO] - [0, 26], [42]
[2025-01-29 13:37:03,760][__main__][INFO] - [0, 26, 43], []
[2025-01-29 13:37:03,821][__main__][INFO] - [0, 26], [43]
[2025-01-29 13:37:04,028][__main__][INFO] - [0, 26, 44], []
[2025-01-29 13:37:04,193][__main__][INFO] - [0, 26, 45], []
[2025-01-29 13:37:04,291][__main__][INFO] - [0, 26, 46], []
[2025-01-29 13:37:04,317][__main__][INFO] - [0, 26, 47], []
[2025-01-29 13:37:04,531][__main__][INFO] - [0, 26, 48], []
[2025-01-29 13:37:04,593][__main__][INFO] - [0, 26, 49], []
[2025-01-29 13:37:04,621][__main__][INFO] - [0, 26, 50], []
[2025-01-29 13:37:04,668][__main__][INFO] - [0, 26, 51], []
[2025-01-29 13:37:04,708][__main__][INFO] - [0, 26, 52], []
[2025-01-29 13:37:04,747][__main__][INFO] - [0, 26, 53], []
[2025-01-29 13:37:04,785][__main__][INFO] - [0, 26, 54], []
[2025-01-29 13:37:04,823][__main__][INFO] - [0, 26, 55], []
[2025-01-29 13:37:04,858][__main__][INFO] - [0, 26, 56], []
[2025-01-29 13:37:04,893][__main__][INFO] - [0, 26, 57], []
[2025-01-29 13:37:04,926][__main__][INFO] - [0, 26, 58], []
[2025-01-29 13:37:04,958][__main__][INFO] - [0, 26, 59], []
[2025-01-29 13:37:05,033][__main__][INFO] - [0, 27], [26]
[2025-01-29 13:37:06,064][__main__][INFO] - [0, 28], [26]
[2025-01-29 13:37:06,206][__main__][INFO] - [0, 29], [26]
[2025-01-29 13:37:06,394][__main__][INFO] - [0, 30], [26]
[2025-01-29 13:37:06,433][__main__][INFO] - [0, 31], [26]
[2025-01-29 13:37:06,461][__main__][INFO] - [0, 32], [26]
[2025-01-29 13:37:07,637][__main__][INFO] - [0, 33], [26]
[2025-01-29 13:37:07,670][__main__][INFO] - [0, 34], [26]
[2025-01-29 13:37:07,697][__main__][INFO] - [0, 35], [26]
[2025-01-29 13:37:07,726][__main__][INFO] - [0, 36], [26]
[2025-01-29 13:37:08,003][__main__][INFO] - [0, 37], [26]
[2025-01-29 13:37:08,809][__main__][INFO] - [0, 38], [26]
[2025-01-29 13:37:09,114][__main__][INFO] - [0, 39], [26]
[2025-01-29 13:37:09,314][__main__][INFO] - [0, 40], [26]
[2025-01-29 13:37:09,353][__main__][INFO] - [0, 41], [26]
[2025-01-29 13:37:09,684][__main__][INFO] - [0], [26, 41]
[2025-01-29 13:37:10,754][__main__][INFO] - [0], [26, 42]
[2025-01-29 13:37:12,383][__main__][INFO] - [0], [26, 43]
[2025-01-29 13:37:13,951][__main__][INFO] - [0, 44], [26]
[2025-01-29 13:37:15,455][__main__][INFO] - [0, 46], [26]
[2025-01-29 13:37:15,538][__main__][INFO] - [0, 47], [26]
[2025-01-29 13:37:16,259][__main__][INFO] - [0, 48], [26]
[2025-01-29 13:37:16,908][__main__][INFO] - [0, 49], [26]
[2025-01-29 13:37:16,958][__main__][INFO] - [0, 50], [26]
[2025-01-29 13:37:17,042][__main__][INFO] - [0, 51], [26]
[2025-01-29 13:37:17,116][__main__][INFO] - [0, 52], [26]
[2025-01-29 13:37:17,201][__main__][INFO] - [0, 53], [26]
[2025-01-29 13:37:17,293][__main__][INFO] - [0, 54], [26]
[2025-01-29 13:37:17,376][__main__][INFO] - [0, 55], [26]
[2025-01-29 13:37:17,457][__main__][INFO] - [0, 56], [26]
[2025-01-29 13:37:17,534][__main__][INFO] - [0, 57], [26]
[2025-01-29 13:37:17,606][__main__][INFO] - [0, 58], [26]
[2025-01-29 13:37:17,671][__main__][INFO] - [0, 59], [26]
[2025-01-29 13:37:18,147][__main__][INFO] - [0, 27, 32], []
[2025-01-29 13:37:19,113][__main__][INFO] - [0, 27, 33], []
[2025-01-29 13:37:19,147][__main__][INFO] - [0, 27, 34], []
[2025-01-29 13:37:19,174][__main__][INFO] - [0, 27, 35], []
[2025-01-29 13:37:19,202][__main__][INFO] - [0, 27, 36], []
[2025-01-29 13:37:19,468][__main__][INFO] - [0, 27, 37], []
[2025-01-29 13:37:20,061][__main__][INFO] - [0, 27, 38], []
[2025-01-29 13:37:20,389][__main__][INFO] - [0, 27, 39], []
[2025-01-29 13:37:20,561][__main__][INFO] - [0, 27, 40], []
[2025-01-29 13:37:20,618][__main__][INFO] - [0, 27], [41]
[2025-01-29 13:37:22,060][__main__][INFO] - [0, 27, 42], []
[2025-01-29 13:37:22,117][__main__][INFO] - [0, 27], [42]
[2025-01-29 13:37:23,434][__main__][INFO] - [0, 27, 43], []
[2025-01-29 13:37:23,484][__main__][INFO] - [0, 27], [43]
[2025-01-29 13:37:24,800][__main__][INFO] - [0, 27, 44], []
[2025-01-29 13:37:25,916][__main__][INFO] - [0, 27, 45], []
[2025-01-29 13:37:25,991][__main__][INFO] - [0, 27, 46], []
[2025-01-29 13:37:26,073][__main__][INFO] - [0, 27, 47], []
[2025-01-29 13:37:26,784][__main__][INFO] - [0, 27, 48], []
[2025-01-29 13:37:27,244][__main__][INFO] - [0, 27, 49], []
[2025-01-29 13:37:27,286][__main__][INFO] - [0, 27, 50], []
[2025-01-29 13:37:27,373][__main__][INFO] - [0, 27, 51], []
[2025-01-29 13:37:27,442][__main__][INFO] - [0, 27, 52], []
[2025-01-29 13:37:27,516][__main__][INFO] - [0, 27, 53], []
[2025-01-29 13:37:27,595][__main__][INFO] - [0, 27, 54], []
[2025-01-29 13:37:27,668][__main__][INFO] - [0, 27, 55], []
[2025-01-29 13:37:27,739][__main__][INFO] - [0, 27, 56], []
[2025-01-29 13:37:27,806][__main__][INFO] - [0, 27, 57], []
[2025-01-29 13:37:27,869][__main__][INFO] - [0, 27, 58], []
[2025-01-29 13:37:27,928][__main__][INFO] - [0, 27, 59], []
[2025-01-29 13:37:28,334][__main__][INFO] - [0, 28, 32], []
[2025-01-29 13:37:28,484][__main__][INFO] - [0, 28, 33], []
[2025-01-29 13:37:28,544][__main__][INFO] - [0, 28, 36], []
[2025-01-29 13:37:28,570][__main__][INFO] - [0, 28, 37], []
[2025-01-29 13:37:28,703][__main__][INFO] - [0, 28, 38], []
[2025-01-29 13:37:28,734][__main__][INFO] - [0, 28, 39], []
[2025-01-29 13:37:28,775][__main__][INFO] - [0, 28, 40], []
[2025-01-29 13:37:28,801][__main__][INFO] - [0, 28, 41], []
[2025-01-29 13:37:28,974][__main__][INFO] - [0, 28, 42], []
[2025-01-29 13:37:29,000][__main__][INFO] - [0, 28], [42]
[2025-01-29 13:37:29,155][__main__][INFO] - [0, 28, 43], []
[2025-01-29 13:37:29,182][__main__][INFO] - [0, 28], [43]
[2025-01-29 13:37:29,335][__main__][INFO] - [0, 28, 44], []
[2025-01-29 13:37:29,490][__main__][INFO] - [0, 28, 45], []
[2025-01-29 13:37:29,517][__main__][INFO] - [0, 28, 46], []
[2025-01-29 13:37:29,543][__main__][INFO] - [0, 28, 47], []
[2025-01-29 13:37:29,612][__main__][INFO] - [0, 28, 48], []
[2025-01-29 13:37:29,714][__main__][INFO] - [0, 28, 49], []
[2025-01-29 13:37:29,745][__main__][INFO] - [0, 28, 50], []
[2025-01-29 13:37:29,782][__main__][INFO] - [0, 28, 51], []
[2025-01-29 13:37:29,817][__main__][INFO] - [0, 28, 52], []
[2025-01-29 13:37:29,844][__main__][INFO] - [0, 28, 53], []
[2025-01-29 13:37:29,880][__main__][INFO] - [0, 28, 54], []
[2025-01-29 13:37:29,913][__main__][INFO] - [0, 28, 55], []
[2025-01-29 13:37:29,945][__main__][INFO] - [0, 28, 56], []
[2025-01-29 13:37:29,977][__main__][INFO] - [0, 28, 57], []
[2025-01-29 13:37:30,003][__main__][INFO] - [0, 28, 58], []
[2025-01-29 13:37:30,034][__main__][INFO] - [0, 28, 59], []
[2025-01-29 13:37:30,098][__main__][INFO] - [0, 29, 32], []
[2025-01-29 13:37:30,321][__main__][INFO] - [0, 29, 33], []
[2025-01-29 13:37:30,366][__main__][INFO] - [0, 29, 35], []
[2025-01-29 13:37:30,392][__main__][INFO] - [0, 29, 36], []
[2025-01-29 13:37:30,421][__main__][INFO] - [0, 29, 37], []
[2025-01-29 13:37:30,608][__main__][INFO] - [0, 29, 38], []
[2025-01-29 13:37:30,644][__main__][INFO] - [0, 29, 39], []
[2025-01-29 13:37:30,691][__main__][INFO] - [0, 29, 40], []
[2025-01-29 13:37:30,718][__main__][INFO] - [0, 29, 41], []
[2025-01-29 13:37:30,961][__main__][INFO] - [0, 29, 42], []
[2025-01-29 13:37:30,994][__main__][INFO] - [0, 29], [42]
[2025-01-29 13:37:31,211][__main__][INFO] - [0, 29, 43], []
[2025-01-29 13:37:31,238][__main__][INFO] - [0, 29], [43]
[2025-01-29 13:37:31,457][__main__][INFO] - [0, 29, 44], []
[2025-01-29 13:37:31,669][__main__][INFO] - [0, 29, 45], []
[2025-01-29 13:37:31,705][__main__][INFO] - [0, 29, 46], []
[2025-01-29 13:37:31,731][__main__][INFO] - [0, 29, 47], []
[2025-01-29 13:37:31,876][__main__][INFO] - [0, 29, 48], []
[2025-01-29 13:37:31,968][__main__][INFO] - [0, 29, 49], []
[2025-01-29 13:37:31,997][__main__][INFO] - [0, 29, 50], []
[2025-01-29 13:37:32,030][__main__][INFO] - [0, 29, 51], []
[2025-01-29 13:37:32,065][__main__][INFO] - [0, 29, 52], []
[2025-01-29 13:37:32,090][__main__][INFO] - [0, 29, 53], []
[2025-01-29 13:37:32,127][__main__][INFO] - [0, 29, 54], []
[2025-01-29 13:37:32,163][__main__][INFO] - [0, 29, 55], []
[2025-01-29 13:37:32,198][__main__][INFO] - [0, 29, 56], []
[2025-01-29 13:37:32,233][__main__][INFO] - [0, 29, 57], []
[2025-01-29 13:37:32,260][__main__][INFO] - [0, 29, 58], []
[2025-01-29 13:37:32,293][__main__][INFO] - [0, 29, 59], []
[2025-01-29 13:37:32,397][__main__][INFO] - [0, 30, 32], []
[2025-01-29 13:37:32,433][__main__][INFO] - [0, 30, 33], []
[2025-01-29 13:37:32,493][__main__][INFO] - [0, 30, 36], []
[2025-01-29 13:37:32,523][__main__][INFO] - [0, 30, 37], []
[2025-01-29 13:37:32,556][__main__][INFO] - [0, 30, 38], []
[2025-01-29 13:37:32,581][__main__][INFO] - [0, 30, 39], []
[2025-01-29 13:37:32,610][__main__][INFO] - [0, 30, 40], []
[2025-01-29 13:37:32,653][__main__][INFO] - [0, 30], [41]
[2025-01-29 13:37:32,693][__main__][INFO] - [0, 30, 42], []
[2025-01-29 13:37:32,719][__main__][INFO] - [0, 30], [42]
[2025-01-29 13:37:32,759][__main__][INFO] - [0, 30, 43], []
[2025-01-29 13:37:32,785][__main__][INFO] - [0, 30], [43]
[2025-01-29 13:37:32,826][__main__][INFO] - [0, 30, 44], []
[2025-01-29 13:37:32,864][__main__][INFO] - [0, 30, 45], []
[2025-01-29 13:37:32,891][__main__][INFO] - [0, 30, 46], []
[2025-01-29 13:37:32,917][__main__][INFO] - [0, 30, 47], []
[2025-01-29 13:37:32,951][__main__][INFO] - [0, 30, 48], []
[2025-01-29 13:37:32,983][__main__][INFO] - [0, 30, 49], []
[2025-01-29 13:37:33,010][__main__][INFO] - [0, 30, 50], []
[2025-01-29 13:37:33,036][__main__][INFO] - [0, 30, 51], []
[2025-01-29 13:37:33,064][__main__][INFO] - [0, 30, 52], []
[2025-01-29 13:37:33,090][__main__][INFO] - [0, 30, 53], []
[2025-01-29 13:37:33,117][__main__][INFO] - [0, 30, 54], []
[2025-01-29 13:37:33,143][__main__][INFO] - [0, 30, 55], []
[2025-01-29 13:37:33,168][__main__][INFO] - [0, 30, 56], []
[2025-01-29 13:37:33,196][__main__][INFO] - [0, 30, 57], []
[2025-01-29 13:37:33,222][__main__][INFO] - [0, 30, 58], []
[2025-01-29 13:37:33,249][__main__][INFO] - [0, 30, 59], []
[2025-01-29 13:37:33,295][__main__][INFO] - [0, 31, 32], []
[2025-01-29 13:37:33,374][__main__][INFO] - [0, 31, 36], []
[2025-01-29 13:37:33,401][__main__][INFO] - [0, 31, 37], []
[2025-01-29 13:37:33,429][__main__][INFO] - [0, 31, 38], []
[2025-01-29 13:37:33,455][__main__][INFO] - [0, 31, 39], []
[2025-01-29 13:37:33,515][__main__][INFO] - [0, 31], [41]
[2025-01-29 13:37:33,561][__main__][INFO] - [0, 31], [42]
[2025-01-29 13:37:33,590][__main__][INFO] - [0, 31, 43], []
[2025-01-29 13:37:33,616][__main__][INFO] - [0, 31], [43]
[2025-01-29 13:37:33,644][__main__][INFO] - [0, 31, 44], []
[2025-01-29 13:37:33,672][__main__][INFO] - [0, 31, 45], []
[2025-01-29 13:37:33,714][__main__][INFO] - [0, 31, 47], []
[2025-01-29 13:37:33,741][__main__][INFO] - [0, 31, 48], []
[2025-01-29 13:37:33,785][__main__][INFO] - [0, 31, 50], []
[2025-01-29 13:37:33,811][__main__][INFO] - [0, 31, 51], []
[2025-01-29 13:37:33,838][__main__][INFO] - [0, 31, 52], []
[2025-01-29 13:37:33,864][__main__][INFO] - [0, 31, 53], []
[2025-01-29 13:37:33,891][__main__][INFO] - [0, 31, 54], []
[2025-01-29 13:37:33,917][__main__][INFO] - [0, 31, 55], []
[2025-01-29 13:37:33,961][__main__][INFO] - [0, 31, 57], []
[2025-01-29 13:37:34,004][__main__][INFO] - [0, 31, 59], []
[2025-01-29 13:37:34,047][__main__][INFO] - [0, 32, 37], []
[2025-01-29 13:37:34,832][__main__][INFO] - [0, 32, 38], []
[2025-01-29 13:37:35,113][__main__][INFO] - [0, 32, 39], []
[2025-01-29 13:37:35,292][__main__][INFO] - [0, 32, 40], []
[2025-01-29 13:37:35,329][__main__][INFO] - [0, 32, 41], []
[2025-01-29 13:37:35,703][__main__][INFO] - [0, 32], [41]
[2025-01-29 13:37:36,729][__main__][INFO] - [0, 32, 42], []
[2025-01-29 13:37:36,798][__main__][INFO] - [0, 32], [42]
[2025-01-29 13:37:38,311][__main__][INFO] - [0, 32, 43], []
[2025-01-29 13:37:38,369][__main__][INFO] - [0, 32], [43]
[2025-01-29 13:37:39,891][__main__][INFO] - [0, 32, 44], []
[2025-01-29 13:37:41,378][__main__][INFO] - [0, 32, 45], []
[2025-01-29 13:37:41,486][__main__][INFO] - [0, 32, 47], []
[2025-01-29 13:37:42,183][__main__][INFO] - [0, 32, 48], []
[2025-01-29 13:37:42,814][__main__][INFO] - [0, 32, 49], []
[2025-01-29 13:37:42,865][__main__][INFO] - [0, 32, 50], []
[2025-01-29 13:37:42,961][__main__][INFO] - [0, 32, 51], []
[2025-01-29 13:37:43,036][__main__][INFO] - [0, 32, 52], []
[2025-01-29 13:37:43,118][__main__][INFO] - [0, 32, 53], []
[2025-01-29 13:37:43,207][__main__][INFO] - [0, 32, 54], []
[2025-01-29 13:37:43,291][__main__][INFO] - [0, 32, 55], []
[2025-01-29 13:37:43,368][__main__][INFO] - [0, 32, 56], []
[2025-01-29 13:37:43,443][__main__][INFO] - [0, 32, 57], []
[2025-01-29 13:37:43,514][__main__][INFO] - [0, 32, 58], []
[2025-01-29 13:37:43,578][__main__][INFO] - [0, 32, 59], []
[2025-01-29 13:37:44,010][__main__][INFO] - [0, 33, 37], []
[2025-01-29 13:37:44,041][__main__][INFO] - [0, 33, 38], []
[2025-01-29 13:37:44,071][__main__][INFO] - [0, 33, 39], []
[2025-01-29 13:37:44,099][__main__][INFO] - [0, 33, 40], []
[2025-01-29 13:37:44,127][__main__][INFO] - [0, 33, 41], []
[2025-01-29 13:37:44,155][__main__][INFO] - [0, 33], [41]
[2025-01-29 13:37:44,190][__main__][INFO] - [0, 33, 42], []
[2025-01-29 13:37:44,218][__main__][INFO] - [0, 33], [42]
[2025-01-29 13:37:44,252][__main__][INFO] - [0, 33, 43], []
[2025-01-29 13:37:44,280][__main__][INFO] - [0, 33], [43]
[2025-01-29 13:37:44,315][__main__][INFO] - [0, 33, 44], []
[2025-01-29 13:37:44,349][__main__][INFO] - [0, 33, 45], []
[2025-01-29 13:37:44,392][__main__][INFO] - [0, 33, 47], []
[2025-01-29 13:37:44,423][__main__][INFO] - [0, 33, 48], []
[2025-01-29 13:37:44,453][__main__][INFO] - [0, 33, 49], []
[2025-01-29 13:37:44,480][__main__][INFO] - [0, 33, 50], []
[2025-01-29 13:37:44,508][__main__][INFO] - [0, 33, 51], []
[2025-01-29 13:37:44,534][__main__][INFO] - [0, 33, 52], []
[2025-01-29 13:37:44,561][__main__][INFO] - [0, 33, 53], []
[2025-01-29 13:37:44,589][__main__][INFO] - [0, 33, 54], []
[2025-01-29 13:37:44,617][__main__][INFO] - [0, 33, 55], []
[2025-01-29 13:37:44,644][__main__][INFO] - [0, 33, 56], []
[2025-01-29 13:37:44,672][__main__][INFO] - [0, 33, 57], []
[2025-01-29 13:37:44,699][__main__][INFO] - [0, 33, 58], []
[2025-01-29 13:37:44,727][__main__][INFO] - [0, 33, 59], []
[2025-01-29 13:37:44,772][__main__][INFO] - [0, 34, 37], []
[2025-01-29 13:37:44,800][__main__][INFO] - [0, 34, 38], []
[2025-01-29 13:37:44,827][__main__][INFO] - [0, 34, 39], []
[2025-01-29 13:37:44,887][__main__][INFO] - [0, 34], [41]
[2025-01-29 13:37:44,929][__main__][INFO] - [0, 34], [42]
[2025-01-29 13:37:44,973][__main__][INFO] - [0, 34], [43]
[2025-01-29 13:37:45,000][__main__][INFO] - [0, 34, 44], []
[2025-01-29 13:37:45,078][__main__][INFO] - [0, 34, 48], []
[2025-01-29 13:37:45,123][__main__][INFO] - [0, 34, 50], []
[2025-01-29 13:37:45,284][__main__][INFO] - [0, 34, 59], []
[2025-01-29 13:37:45,327][__main__][INFO] - [0, 35, 37], []
[2025-01-29 13:37:45,353][__main__][INFO] - [0, 35, 38], []
[2025-01-29 13:37:45,381][__main__][INFO] - [0, 35, 39], []
[2025-01-29 13:37:45,424][__main__][INFO] - [0, 35, 41], []
[2025-01-29 13:37:45,450][__main__][INFO] - [0, 35], [41]
[2025-01-29 13:37:45,493][__main__][INFO] - [0, 35], [42]
[2025-01-29 13:37:45,538][__main__][INFO] - [0, 35], [43]
[2025-01-29 13:37:45,566][__main__][INFO] - [0, 35, 44], []
[2025-01-29 13:37:45,628][__main__][INFO] - [0, 35, 47], []
[2025-01-29 13:37:45,656][__main__][INFO] - [0, 35, 48], []
[2025-01-29 13:37:45,701][__main__][INFO] - [0, 35, 50], []
[2025-01-29 13:37:45,728][__main__][INFO] - [0, 35, 51], []
[2025-01-29 13:37:45,772][__main__][INFO] - [0, 35, 53], []
[2025-01-29 13:37:45,849][__main__][INFO] - [0, 35, 57], []
[2025-01-29 13:37:45,876][__main__][INFO] - [0, 35, 58], []
[2025-01-29 13:37:45,903][__main__][INFO] - [0, 35, 59], []
[2025-01-29 13:37:45,947][__main__][INFO] - [0, 36, 37], []
[2025-01-29 13:37:46,090][__main__][INFO] - [0, 36, 38], []
[2025-01-29 13:37:46,173][__main__][INFO] - [0, 36, 39], []
[2025-01-29 13:37:46,243][__main__][INFO] - [0, 36, 40], []
[2025-01-29 13:37:46,272][__main__][INFO] - [0, 36, 41], []
[2025-01-29 13:37:46,307][__main__][INFO] - [0, 36], [41]
[2025-01-29 13:37:46,577][__main__][INFO] - [0, 36, 42], []
[2025-01-29 13:37:46,604][__main__][INFO] - [0, 36], [42]
[2025-01-29 13:37:46,889][__main__][INFO] - [0, 36, 43], []
[2025-01-29 13:37:46,918][__main__][INFO] - [0, 36], [43]
[2025-01-29 13:37:47,197][__main__][INFO] - [0, 36, 44], []
[2025-01-29 13:37:47,402][__main__][INFO] - [0, 36, 45], []
[2025-01-29 13:37:47,433][__main__][INFO] - [0, 36, 46], []
[2025-01-29 13:37:47,517][__main__][INFO] - [0, 36, 47], []
[2025-01-29 13:37:47,759][__main__][INFO] - [0, 36, 48], []
[2025-01-29 13:37:47,830][__main__][INFO] - [0, 36, 50], []
[2025-01-29 13:37:47,869][__main__][INFO] - [0, 36, 51], []
[2025-01-29 13:37:47,911][__main__][INFO] - [0, 36, 52], []
[2025-01-29 13:37:47,955][__main__][INFO] - [0, 36, 53], []
[2025-01-29 13:37:47,997][__main__][INFO] - [0, 36, 54], []
[2025-01-29 13:37:48,036][__main__][INFO] - [0, 36, 55], []
[2025-01-29 13:37:48,074][__main__][INFO] - [0, 36, 56], []
[2025-01-29 13:37:48,110][__main__][INFO] - [0, 36, 57], []
[2025-01-29 13:37:48,144][__main__][INFO] - [0, 36, 58], []
[2025-01-29 13:37:48,177][__main__][INFO] - [0, 36, 59], []
[2025-01-29 13:37:48,282][__main__][INFO] - [0, 37, 41], []
[2025-01-29 13:37:48,588][__main__][INFO] - [0, 37], [41]
[2025-01-29 13:37:49,196][__main__][INFO] - [0, 37, 42], []
[2025-01-29 13:37:49,245][__main__][INFO] - [0, 37], [42]
[2025-01-29 13:37:50,181][__main__][INFO] - [0, 37, 43], []
[2025-01-29 13:37:50,226][__main__][INFO] - [0, 37], [43]
[2025-01-29 13:37:51,179][__main__][INFO] - [0, 37, 44], []
[2025-01-29 13:37:52,051][__main__][INFO] - [0, 37, 45], []
[2025-01-29 13:37:52,111][__main__][INFO] - [0, 37, 46], []
[2025-01-29 13:37:52,163][__main__][INFO] - [0, 37, 47], []
[2025-01-29 13:37:52,665][__main__][INFO] - [0, 37, 48], []
[2025-01-29 13:37:53,041][__main__][INFO] - [0, 37, 49], []
[2025-01-29 13:37:53,082][__main__][INFO] - [0, 37, 50], []
[2025-01-29 13:37:53,155][__main__][INFO] - [0, 37, 51], []
[2025-01-29 13:37:53,221][__main__][INFO] - [0, 37, 52], []
[2025-01-29 13:37:53,294][__main__][INFO] - [0, 37, 53], []
[2025-01-29 13:37:53,367][__main__][INFO] - [0, 37, 54], []
[2025-01-29 13:37:53,434][__main__][INFO] - [0, 37, 55], []
[2025-01-29 13:37:53,496][__main__][INFO] - [0, 37, 56], []
[2025-01-29 13:37:53,554][__main__][INFO] - [0, 37, 57], []
[2025-01-29 13:37:53,607][__main__][INFO] - [0, 37, 58], []
[2025-01-29 13:37:53,656][__main__][INFO] - [0, 37, 59], []
[2025-01-29 13:37:53,934][__main__][INFO] - [0, 38, 41], []
[2025-01-29 13:37:53,975][__main__][INFO] - [0, 38], [41]
[2025-01-29 13:37:54,321][__main__][INFO] - [0, 38, 42], []
[2025-01-29 13:37:54,357][__main__][INFO] - [0, 38], [42]
[2025-01-29 13:37:54,710][__main__][INFO] - [0, 38, 43], []
[2025-01-29 13:37:54,743][__main__][INFO] - [0, 38], [43]
[2025-01-29 13:37:55,106][__main__][INFO] - [0, 38, 44], []
[2025-01-29 13:37:55,426][__main__][INFO] - [0, 38, 45], []
[2025-01-29 13:37:55,464][__main__][INFO] - [0, 38, 46], []
[2025-01-29 13:37:55,505][__main__][INFO] - [0, 38, 47], []
[2025-01-29 13:37:55,708][__main__][INFO] - [0, 38, 48], []
[2025-01-29 13:37:55,847][__main__][INFO] - [0, 38, 49], []
[2025-01-29 13:37:55,876][__main__][INFO] - [0, 38, 50], []
[2025-01-29 13:37:55,912][__main__][INFO] - [0, 38, 51], []
[2025-01-29 13:37:55,944][__main__][INFO] - [0, 38, 52], []
[2025-01-29 13:37:55,979][__main__][INFO] - [0, 38, 53], []
[2025-01-29 13:37:56,014][__main__][INFO] - [0, 38, 54], []
[2025-01-29 13:37:56,049][__main__][INFO] - [0, 38, 55], []
[2025-01-29 13:37:56,084][__main__][INFO] - [0, 38, 56], []
[2025-01-29 13:37:56,118][__main__][INFO] - [0, 38, 57], []
[2025-01-29 13:37:56,152][__main__][INFO] - [0, 38, 58], []
[2025-01-29 13:37:56,185][__main__][INFO] - [0, 38, 59], []
[2025-01-29 13:37:56,349][__main__][INFO] - [0, 39, 41], []
[2025-01-29 13:37:56,409][__main__][INFO] - [0, 39], [41]
[2025-01-29 13:37:56,585][__main__][INFO] - [0, 39, 42], []
[2025-01-29 13:37:56,615][__main__][INFO] - [0, 39], [42]
[2025-01-29 13:37:56,837][__main__][INFO] - [0, 39, 43], []
[2025-01-29 13:37:56,866][__main__][INFO] - [0, 39], [43]
[2025-01-29 13:37:57,093][__main__][INFO] - [0, 39, 44], []
[2025-01-29 13:37:57,292][__main__][INFO] - [0, 39, 45], []
[2025-01-29 13:37:57,327][__main__][INFO] - [0, 39, 46], []
[2025-01-29 13:37:57,361][__main__][INFO] - [0, 39, 47], []
[2025-01-29 13:37:57,488][__main__][INFO] - [0, 39, 48], []
[2025-01-29 13:37:57,589][__main__][INFO] - [0, 39, 49], []
[2025-01-29 13:37:57,616][__main__][INFO] - [0, 39, 50], []
[2025-01-29 13:37:57,653][__main__][INFO] - [0, 39, 51], []
[2025-01-29 13:37:57,685][__main__][INFO] - [0, 39, 52], []
[2025-01-29 13:37:57,718][__main__][INFO] - [0, 39, 53], []
[2025-01-29 13:37:57,751][__main__][INFO] - [0, 39, 54], []
[2025-01-29 13:37:57,784][__main__][INFO] - [0, 39, 55], []
[2025-01-29 13:37:57,816][__main__][INFO] - [0, 39, 56], []
[2025-01-29 13:37:57,847][__main__][INFO] - [0, 39, 57], []
[2025-01-29 13:37:57,878][__main__][INFO] - [0, 39, 58], []
[2025-01-29 13:37:57,907][__main__][INFO] - [0, 39, 59], []
[2025-01-29 13:37:57,991][__main__][INFO] - [0, 40, 41], []
[2025-01-29 13:37:58,015][__main__][INFO] - [0, 40], [41]
[2025-01-29 13:37:58,052][__main__][INFO] - [0, 40, 42], []
[2025-01-29 13:37:58,077][__main__][INFO] - [0, 40], [42]
[2025-01-29 13:37:58,114][__main__][INFO] - [0, 40, 43], []
[2025-01-29 13:37:58,138][__main__][INFO] - [0, 40], [43]
[2025-01-29 13:37:58,175][__main__][INFO] - [0, 40, 44], []
[2025-01-29 13:37:58,211][__main__][INFO] - [0, 40, 45], []
[2025-01-29 13:37:58,236][__main__][INFO] - [0, 40, 46], []
[2025-01-29 13:37:58,260][__main__][INFO] - [0, 40, 47], []
[2025-01-29 13:37:58,292][__main__][INFO] - [0, 40, 48], []
[2025-01-29 13:37:58,320][__main__][INFO] - [0, 40, 49], []
[2025-01-29 13:37:58,345][__main__][INFO] - [0, 40, 50], []
[2025-01-29 13:37:58,370][__main__][INFO] - [0, 40, 51], []
[2025-01-29 13:37:58,394][__main__][INFO] - [0, 40, 52], []
[2025-01-29 13:37:58,419][__main__][INFO] - [0, 40, 53], []
[2025-01-29 13:37:58,443][__main__][INFO] - [0, 40, 54], []
[2025-01-29 13:37:58,468][__main__][INFO] - [0, 40, 55], []
[2025-01-29 13:37:58,492][__main__][INFO] - [0, 40, 56], []
[2025-01-29 13:37:58,516][__main__][INFO] - [0, 40, 57], []
[2025-01-29 13:37:58,540][__main__][INFO] - [0, 40, 58], []
[2025-01-29 13:37:58,564][__main__][INFO] - [0, 40, 59], []
[2025-01-29 13:37:58,607][__main__][INFO] - [0, 41, 42], []
[2025-01-29 13:37:58,641][__main__][INFO] - [0, 41], [42]
[2025-01-29 13:37:59,011][__main__][INFO] - [0, 41, 43], []
[2025-01-29 13:37:59,035][__main__][INFO] - [0, 41], [43]
[2025-01-29 13:37:59,412][__main__][INFO] - [0, 41, 44], []
[2025-01-29 13:37:59,770][__main__][INFO] - [0, 41, 45], []
[2025-01-29 13:37:59,808][__main__][INFO] - [0, 41, 46], []
[2025-01-29 13:37:59,832][__main__][INFO] - [0, 41, 47], []
[2025-01-29 13:38:00,024][__main__][INFO] - [0, 41, 48], []
[2025-01-29 13:38:00,196][__main__][INFO] - [0, 41, 49], []
[2025-01-29 13:38:00,228][__main__][INFO] - [0, 41, 50], []
[2025-01-29 13:38:00,270][__main__][INFO] - [0, 41, 51], []
[2025-01-29 13:38:00,312][__main__][INFO] - [0, 41, 52], []
[2025-01-29 13:38:00,336][__main__][INFO] - [0, 41, 53], []
[2025-01-29 13:38:00,382][__main__][INFO] - [0, 41, 54], []
[2025-01-29 13:38:00,424][__main__][INFO] - [0, 41, 55], []
[2025-01-29 13:38:00,463][__main__][INFO] - [0, 41, 56], []
[2025-01-29 13:38:00,500][__main__][INFO] - [0, 41, 57], []
[2025-01-29 13:38:00,523][__main__][INFO] - [0, 41, 58], []
[2025-01-29 13:38:00,557][__main__][INFO] - [0, 41, 59], []
[2025-01-29 13:38:00,683][__main__][INFO] - [0, 42], [41]
[2025-01-29 13:38:00,738][__main__][INFO] - [0], [41, 42]
[2025-01-29 13:38:02,084][__main__][INFO] - [0, 43], [41]
[2025-01-29 13:38:02,133][__main__][INFO] - [0], [41, 43]
[2025-01-29 13:38:03,502][__main__][INFO] - [0, 44], [41]
[2025-01-29 13:38:04,691][__main__][INFO] - [0, 45], [41]
[2025-01-29 13:38:04,789][__main__][INFO] - [0, 46], [41]
[2025-01-29 13:38:04,869][__main__][INFO] - [0, 47], [41]
[2025-01-29 13:38:05,606][__main__][INFO] - [0, 48], [41]
[2025-01-29 13:38:06,090][__main__][INFO] - [0, 49], [41]
[2025-01-29 13:38:06,131][__main__][INFO] - [0, 50], [41]
[2025-01-29 13:38:06,218][__main__][INFO] - [0, 51], [41]
[2025-01-29 13:38:06,286][__main__][INFO] - [0, 52], [41]
[2025-01-29 13:38:06,359][__main__][INFO] - [0, 53], [41]
[2025-01-29 13:38:06,435][__main__][INFO] - [0, 54], [41]
[2025-01-29 13:38:06,508][__main__][INFO] - [0, 55], [41]
[2025-01-29 13:38:06,578][__main__][INFO] - [0, 56], [41]
[2025-01-29 13:38:06,644][__main__][INFO] - [0, 57], [41]
[2025-01-29 13:38:06,706][__main__][INFO] - [0, 58], [41]
[2025-01-29 13:38:06,763][__main__][INFO] - [0, 59], [41]
[2025-01-29 13:38:07,157][__main__][INFO] - [0, 42, 43], []
[2025-01-29 13:38:07,192][__main__][INFO] - [0, 42], [43]
[2025-01-29 13:38:07,245][__main__][INFO] - [0, 42, 44], []
[2025-01-29 13:38:07,295][__main__][INFO] - [0, 42, 45], []
[2025-01-29 13:38:07,329][__main__][INFO] - [0, 42, 46], []
[2025-01-29 13:38:07,353][__main__][INFO] - [0, 42, 47], []
[2025-01-29 13:38:07,414][__main__][INFO] - [0, 42, 48], []
[2025-01-29 13:38:07,442][__main__][INFO] - [0, 42, 49], []
[2025-01-29 13:38:07,466][__main__][INFO] - [0, 42, 50], []
[2025-01-29 13:38:07,494][__main__][INFO] - [0, 42, 51], []
[2025-01-29 13:38:07,520][__main__][INFO] - [0, 42, 52], []
[2025-01-29 13:38:07,546][__main__][INFO] - [0, 42, 53], []
[2025-01-29 13:38:07,573][__main__][INFO] - [0, 42, 54], []
[2025-01-29 13:38:07,599][__main__][INFO] - [0, 42, 55], []
[2025-01-29 13:38:07,625][__main__][INFO] - [0, 42, 56], []
[2025-01-29 13:38:07,650][__main__][INFO] - [0, 42, 57], []
[2025-01-29 13:38:07,675][__main__][INFO] - [0, 42, 58], []
[2025-01-29 13:38:07,700][__main__][INFO] - [0, 42, 59], []
[2025-01-29 13:38:07,746][__main__][INFO] - [0, 43], [42]
[2025-01-29 13:38:07,790][__main__][INFO] - [0], [42, 43]
[2025-01-29 13:38:09,739][__main__][INFO] - [0, 44], [42]
[2025-01-29 13:38:11,451][__main__][INFO] - [0, 45], [42]
[2025-01-29 13:38:11,526][__main__][INFO] - [0, 46], [42]
[2025-01-29 13:38:11,606][__main__][INFO] - [0, 47], [42]
[2025-01-29 13:38:12,557][__main__][INFO] - [0, 48], [42]
[2025-01-29 13:38:13,239][__main__][INFO] - [0, 49], [42]
[2025-01-29 13:38:13,288][__main__][INFO] - [0, 50], [42]
[2025-01-29 13:38:13,393][__main__][INFO] - [0, 51], [42]
[2025-01-29 13:38:13,481][__main__][INFO] - [0, 52], [42]
[2025-01-29 13:38:13,576][__main__][INFO] - [0, 53], [42]
[2025-01-29 13:38:13,677][__main__][INFO] - [0, 54], [42]
[2025-01-29 13:38:13,769][__main__][INFO] - [0, 55], [42]
[2025-01-29 13:38:13,856][__main__][INFO] - [0, 56], [42]
[2025-01-29 13:38:13,939][__main__][INFO] - [0, 57], [42]
[2025-01-29 13:38:14,016][__main__][INFO] - [0, 58], [42]
[2025-01-29 13:38:14,084][__main__][INFO] - [0, 59], [42]
[2025-01-29 13:38:14,583][__main__][INFO] - [0, 43, 44], []
[2025-01-29 13:38:14,628][__main__][INFO] - [0, 43, 45], []
[2025-01-29 13:38:14,662][__main__][INFO] - [0, 43, 46], []
[2025-01-29 13:38:14,685][__main__][INFO] - [0, 43, 47], []
[2025-01-29 13:38:14,734][__main__][INFO] - [0, 43, 48], []
[2025-01-29 13:38:14,764][__main__][INFO] - [0, 43, 49], []
[2025-01-29 13:38:14,788][__main__][INFO] - [0, 43, 50], []
[2025-01-29 13:38:14,815][__main__][INFO] - [0, 43, 51], []
[2025-01-29 13:38:14,841][__main__][INFO] - [0, 43, 52], []
[2025-01-29 13:38:14,867][__main__][INFO] - [0, 43, 53], []
[2025-01-29 13:38:14,893][__main__][INFO] - [0, 43, 54], []
[2025-01-29 13:38:14,919][__main__][INFO] - [0, 43, 55], []
[2025-01-29 13:38:14,944][__main__][INFO] - [0, 43, 56], []
[2025-01-29 13:38:14,967][__main__][INFO] - [0, 43, 57], []
[2025-01-29 13:38:14,992][__main__][INFO] - [0, 43, 58], []
[2025-01-29 13:38:15,017][__main__][INFO] - [0, 43, 59], []
[2025-01-29 13:38:15,060][__main__][INFO] - [0, 44], [43]
[2025-01-29 13:38:16,793][__main__][INFO] - [0, 45], [43]
[2025-01-29 13:38:16,871][__main__][INFO] - [0, 46], [43]
[2025-01-29 13:38:16,954][__main__][INFO] - [0, 47], [43]
[2025-01-29 13:38:17,879][__main__][INFO] - [0, 48], [43]
[2025-01-29 13:38:18,567][__main__][INFO] - [0, 49], [43]
[2025-01-29 13:38:18,617][__main__][INFO] - [0, 50], [43]
[2025-01-29 13:38:18,724][__main__][INFO] - [0, 51], [43]
[2025-01-29 13:38:18,811][__main__][INFO] - [0, 52], [43]
[2025-01-29 13:38:18,909][__main__][INFO] - [0, 53], [43]
[2025-01-29 13:38:19,011][__main__][INFO] - [0, 54], [43]
[2025-01-29 13:38:19,106][__main__][INFO] - [0, 55], [43]
[2025-01-29 13:38:19,192][__main__][INFO] - [0, 56], [43]
[2025-01-29 13:38:19,278][__main__][INFO] - [0, 57], [43]
[2025-01-29 13:38:19,355][__main__][INFO] - [0, 58], [43]
[2025-01-29 13:38:19,426][__main__][INFO] - [0, 59], [43]
[2025-01-29 13:38:19,924][__main__][INFO] - [0, 44, 47], []
[2025-01-29 13:38:20,741][__main__][INFO] - [0, 44, 48], []
[2025-01-29 13:38:21,401][__main__][INFO] - [0, 44, 49], []
[2025-01-29 13:38:21,451][__main__][INFO] - [0, 44, 50], []
[2025-01-29 13:38:21,541][__main__][INFO] - [0, 44, 51], []
[2025-01-29 13:38:21,621][__main__][INFO] - [0, 44, 52], []
[2025-01-29 13:38:21,709][__main__][INFO] - [0, 44, 53], []
[2025-01-29 13:38:21,806][__main__][INFO] - [0, 44, 54], []
[2025-01-29 13:38:21,893][__main__][INFO] - [0, 44, 55], []
[2025-01-29 13:38:21,975][__main__][INFO] - [0, 44, 56], []
[2025-01-29 13:38:22,055][__main__][INFO] - [0, 44, 57], []
[2025-01-29 13:38:22,129][__main__][INFO] - [0, 44, 58], []
[2025-01-29 13:38:22,196][__main__][INFO] - [0, 44, 59], []
[2025-01-29 13:38:22,672][__main__][INFO] - [0, 45, 47], []
[2025-01-29 13:38:22,744][__main__][INFO] - [0, 45, 48], []
[2025-01-29 13:38:22,786][__main__][INFO] - [0, 45, 49], []
[2025-01-29 13:38:22,812][__main__][INFO] - [0, 45, 50], []
[2025-01-29 13:38:22,849][__main__][INFO] - [0, 45, 51], []
[2025-01-29 13:38:22,880][__main__][INFO] - [0, 45, 52], []
[2025-01-29 13:38:22,911][__main__][INFO] - [0, 45, 53], []
[2025-01-29 13:38:22,940][__main__][INFO] - [0, 45, 54], []
[2025-01-29 13:38:22,970][__main__][INFO] - [0, 45, 55], []
[2025-01-29 13:38:22,999][__main__][INFO] - [0, 45, 56], []
[2025-01-29 13:38:23,027][__main__][INFO] - [0, 45, 57], []
[2025-01-29 13:38:23,055][__main__][INFO] - [0, 45, 58], []
[2025-01-29 13:38:23,083][__main__][INFO] - [0, 45, 59], []
[2025-01-29 13:38:23,131][__main__][INFO] - [0, 46, 47], []
[2025-01-29 13:38:23,244][__main__][INFO] - [0, 46, 50], []
[2025-01-29 13:38:23,273][__main__][INFO] - [0, 46, 51], []
[2025-01-29 13:38:23,302][__main__][INFO] - [0, 46, 52], []
[2025-01-29 13:38:23,332][__main__][INFO] - [0, 46, 53], []
[2025-01-29 13:38:23,362][__main__][INFO] - [0, 46, 54], []
[2025-01-29 13:38:23,391][__main__][INFO] - [0, 46, 55], []
[2025-01-29 13:38:23,419][__main__][INFO] - [0, 46, 56], []
[2025-01-29 13:38:23,448][__main__][INFO] - [0, 46, 57], []
[2025-01-29 13:38:23,476][__main__][INFO] - [0, 46, 58], []
[2025-01-29 13:38:23,503][__main__][INFO] - [0, 46, 59], []
[2025-01-29 13:38:23,559][__main__][INFO] - [0, 47, 50], []
[2025-01-29 13:38:23,622][__main__][INFO] - [0, 47, 51], []
[2025-01-29 13:38:23,683][__main__][INFO] - [0, 47, 52], []
[2025-01-29 13:38:23,748][__main__][INFO] - [0, 47, 53], []
[2025-01-29 13:38:23,814][__main__][INFO] - [0, 47, 54], []
[2025-01-29 13:38:23,875][__main__][INFO] - [0, 47, 55], []
[2025-01-29 13:38:23,935][__main__][INFO] - [0, 47, 56], []
[2025-01-29 13:38:23,990][__main__][INFO] - [0, 47, 57], []
[2025-01-29 13:38:24,051][__main__][INFO] - [0, 47, 58], []
[2025-01-29 13:38:24,100][__main__][INFO] - [0, 47, 59], []
[2025-01-29 13:38:24,434][__main__][INFO] - [0, 48, 50], []
[2025-01-29 13:38:24,506][__main__][INFO] - [0, 48, 51], []
[2025-01-29 13:38:24,559][__main__][INFO] - [0, 48, 52], []
[2025-01-29 13:38:24,613][__main__][INFO] - [0, 48, 53], []
[2025-01-29 13:38:24,670][__main__][INFO] - [0, 48, 54], []
[2025-01-29 13:38:24,722][__main__][INFO] - [0, 48, 55], []
[2025-01-29 13:38:24,773][__main__][INFO] - [0, 48, 56], []
[2025-01-29 13:38:24,823][__main__][INFO] - [0, 48, 57], []
[2025-01-29 13:38:24,871][__main__][INFO] - [0, 48, 58], []
[2025-01-29 13:38:24,914][__main__][INFO] - [0, 48, 59], []
[2025-01-29 13:38:25,132][__main__][INFO] - [0, 49, 50], []
[2025-01-29 13:38:25,160][__main__][INFO] - [0, 49, 51], []
[2025-01-29 13:38:25,187][__main__][INFO] - [0, 49, 52], []
[2025-01-29 13:38:25,215][__main__][INFO] - [0, 49, 53], []
[2025-01-29 13:38:25,243][__main__][INFO] - [0, 49, 54], []
[2025-01-29 13:38:25,270][__main__][INFO] - [0, 49, 55], []
[2025-01-29 13:38:25,297][__main__][INFO] - [0, 49, 56], []
[2025-01-29 13:38:25,325][__main__][INFO] - [0, 49, 57], []
[2025-01-29 13:38:25,352][__main__][INFO] - [0, 49, 58], []
[2025-01-29 13:38:25,379][__main__][INFO] - [0, 49, 59], []
[2025-01-29 13:38:25,440][__main__][INFO] - [1, 10], [0]
[2025-01-29 13:38:25,481][__main__][INFO] - [1, 11], [0]
[2025-01-29 13:38:25,527][__main__][INFO] - [1, 12], [0]
[2025-01-29 13:38:25,576][__main__][INFO] - [1, 13], [0]
[2025-01-29 13:38:25,622][__main__][INFO] - [1, 14], [0]
[2025-01-29 13:38:25,664][__main__][INFO] - [1, 15], [0]
[2025-01-29 13:38:25,689][__main__][INFO] - [1, 16], [0]
[2025-01-29 13:38:25,725][__main__][INFO] - [1, 17], [0]
[2025-01-29 13:38:25,756][__main__][INFO] - [1, 18], [0]
[2025-01-29 13:38:25,783][__main__][INFO] - [1, 19], [0]
[2025-01-29 13:38:25,808][__main__][INFO] - [1, 20], [0]
[2025-01-29 13:38:25,917][__main__][INFO] - [1, 21], [0]
[2025-01-29 13:38:25,942][__main__][INFO] - [1, 22], [0]
[2025-01-29 13:38:26,067][__main__][INFO] - [1, 26], [0]
[2025-01-29 13:38:26,105][__main__][INFO] - [1], [0, 26]
[2025-01-29 13:38:26,260][__main__][INFO] - [1, 27], [0]
[2025-01-29 13:38:26,367][__main__][INFO] - [1, 28], [0]
[2025-01-29 13:38:26,421][__main__][INFO] - [1, 29], [0]
[2025-01-29 13:38:26,466][__main__][INFO] - [1, 30], [0]
[2025-01-29 13:38:26,491][__main__][INFO] - [1, 31], [0]
[2025-01-29 13:38:26,516][__main__][INFO] - [1, 32], [0]
[2025-01-29 13:38:26,642][__main__][INFO] - [1, 33], [0]
[2025-01-29 13:38:26,671][__main__][INFO] - [1, 34], [0]
[2025-01-29 13:38:26,696][__main__][INFO] - [1, 35], [0]
[2025-01-29 13:38:26,721][__main__][INFO] - [1, 36], [0]
[2025-01-29 13:38:26,777][__main__][INFO] - [1, 37], [0]
[2025-01-29 13:38:26,912][__main__][INFO] - [1, 38], [0]
[2025-01-29 13:38:26,945][__main__][INFO] - [1, 39], [0]
[2025-01-29 13:38:26,970][__main__][INFO] - [1, 40], [0]
[2025-01-29 13:38:26,996][__main__][INFO] - [1, 41], [0]
[2025-01-29 13:38:27,073][__main__][INFO] - [1], [0, 41]
[2025-01-29 13:38:27,184][__main__][INFO] - [1, 42], [0]
[2025-01-29 13:38:27,213][__main__][INFO] - [1], [0, 42]
[2025-01-29 13:38:27,376][__main__][INFO] - [1, 43], [0]
[2025-01-29 13:38:27,404][__main__][INFO] - [1], [0, 43]
[2025-01-29 13:38:27,571][__main__][INFO] - [1, 44], [0]
[2025-01-29 13:38:27,725][__main__][INFO] - [1, 45], [0]
[2025-01-29 13:38:27,756][__main__][INFO] - [1, 46], [0]
[2025-01-29 13:38:27,781][__main__][INFO] - [1, 47], [0]
[2025-01-29 13:38:27,981][__main__][INFO] - [1, 50], [0]
[2025-01-29 13:38:28,018][__main__][INFO] - [1, 51], [0]
[2025-01-29 13:38:28,043][__main__][INFO] - [1, 52], [0]
[2025-01-29 13:38:28,080][__main__][INFO] - [1, 53], [0]
[2025-01-29 13:38:28,117][__main__][INFO] - [1, 54], [0]
[2025-01-29 13:38:28,142][__main__][INFO] - [1, 55], [0]
[2025-01-29 13:38:28,174][__main__][INFO] - [1, 56], [0]
[2025-01-29 13:38:28,206][__main__][INFO] - [1, 57], [0]
[2025-01-29 13:38:28,236][__main__][INFO] - [1, 58], [0]
[2025-01-29 13:38:28,260][__main__][INFO] - [1, 59], [0]
[2025-01-29 13:38:28,314][__main__][INFO] - [2, 10], [0]
[2025-01-29 13:38:28,419][__main__][INFO] - [2, 11], [0]
[2025-01-29 13:38:28,533][__main__][INFO] - [2, 12], [0]
[2025-01-29 13:38:28,668][__main__][INFO] - [2, 13], [0]
[2025-01-29 13:38:28,789][__main__][INFO] - [2, 14], [0]
[2025-01-29 13:38:28,909][__main__][INFO] - [2, 15], [0]
[2025-01-29 13:38:29,037][__main__][INFO] - [2, 16], [0]
[2025-01-29 13:38:29,174][__main__][INFO] - [2, 17], [0]
[2025-01-29 13:38:29,290][__main__][INFO] - [2, 18], [0]
[2025-01-29 13:38:29,354][__main__][INFO] - [2, 19], [0]
[2025-01-29 13:38:29,397][__main__][INFO] - [2, 20], [0]
[2025-01-29 13:38:30,305][__main__][INFO] - [2, 21], [0]
[2025-01-29 13:38:30,343][__main__][INFO] - [2, 22], [0]
[2025-01-29 13:38:30,450][__main__][INFO] - [2, 23], [0]
[2025-01-29 13:38:30,500][__main__][INFO] - [2, 24], [0]
[2025-01-29 13:38:30,525][__main__][INFO] - [2, 25], [0]
[2025-01-29 13:38:30,552][__main__][INFO] - [2, 26], [0]
[2025-01-29 13:38:30,736][__main__][INFO] - [2], [0, 26]
[2025-01-29 13:38:31,588][__main__][INFO] - [2, 27], [0]
[2025-01-29 13:38:32,484][__main__][INFO] - [2, 28], [0]
[2025-01-29 13:38:32,564][__main__][INFO] - [2, 29], [0]
[2025-01-29 13:38:32,648][__main__][INFO] - [2, 30], [0]
[2025-01-29 13:38:32,681][__main__][INFO] - [2, 31], [0]
[2025-01-29 13:38:32,706][__main__][INFO] - [2, 32], [0]
[2025-01-29 13:38:33,425][__main__][INFO] - [2, 33], [0]
[2025-01-29 13:38:33,547][__main__][INFO] - [2, 34], [0]
[2025-01-29 13:38:33,577][__main__][INFO] - [2, 35], [0]
[2025-01-29 13:38:33,614][__main__][INFO] - [2, 36], [0]
[2025-01-29 13:38:33,795][__main__][INFO] - [2, 37], [0]
[2025-01-29 13:38:34,330][__main__][INFO] - [2, 38], [0]
[2025-01-29 13:38:34,582][__main__][INFO] - [2, 39], [0]
[2025-01-29 13:38:34,732][__main__][INFO] - [2, 40], [0]
[2025-01-29 13:38:34,770][__main__][INFO] - [2, 41], [0]
[2025-01-29 13:38:34,917][__main__][INFO] - [2], [0, 41]
[2025-01-29 13:38:35,856][__main__][INFO] - [2, 42], [0]
[2025-01-29 13:38:35,926][__main__][INFO] - [2], [0, 42]
[2025-01-29 13:38:36,978][__main__][INFO] - [2, 43], [0]
[2025-01-29 13:38:37,022][__main__][INFO] - [2], [0, 43]
[2025-01-29 13:38:38,146][__main__][INFO] - [2, 44], [0]
[2025-01-29 13:38:39,139][__main__][INFO] - [2, 45], [0]
[2025-01-29 13:38:39,208][__main__][INFO] - [2, 46], [0]
[2025-01-29 13:38:39,267][__main__][INFO] - [2, 47], [0]
[2025-01-29 13:38:40,520][__main__][INFO] - [2, 50], [0]
[2025-01-29 13:38:40,596][__main__][INFO] - [2, 51], [0]
[2025-01-29 13:38:40,652][__main__][INFO] - [2, 52], [0]
[2025-01-29 13:38:40,719][__main__][INFO] - [2, 53], [0]
[2025-01-29 13:38:40,788][__main__][INFO] - [2, 54], [0]
[2025-01-29 13:38:40,853][__main__][INFO] - [2, 55], [0]
[2025-01-29 13:38:40,915][__main__][INFO] - [2, 56], [0]
[2025-01-29 13:38:40,977][__main__][INFO] - [2, 57], [0]
[2025-01-29 13:38:41,036][__main__][INFO] - [2, 58], [0]
[2025-01-29 13:38:41,089][__main__][INFO] - [2, 59], [0]
[2025-01-29 13:38:41,467][__main__][INFO] - [3, 10], [0]
[2025-01-29 13:38:41,505][__main__][INFO] - [3, 11], [0]
[2025-01-29 13:38:41,542][__main__][INFO] - [3, 12], [0]
[2025-01-29 13:38:41,577][__main__][INFO] - [3, 13], [0]
[2025-01-29 13:38:41,609][__main__][INFO] - [3, 14], [0]
[2025-01-29 13:38:41,640][__main__][INFO] - [3, 15], [0]
[2025-01-29 13:38:41,669][__main__][INFO] - [3, 16], [0]
[2025-01-29 13:38:41,698][__main__][INFO] - [3, 17], [0]
[2025-01-29 13:38:41,723][__main__][INFO] - [3, 18], [0]
[2025-01-29 13:38:41,748][__main__][INFO] - [3, 19], [0]
[2025-01-29 13:38:41,772][__main__][INFO] - [3, 20], [0]
[2025-01-29 13:38:41,848][__main__][INFO] - [3, 21], [0]
[2025-01-29 13:38:41,878][__main__][INFO] - [3, 22], [0]
[2025-01-29 13:38:41,903][__main__][INFO] - [3, 23], [0]
[2025-01-29 13:38:41,944][__main__][INFO] - [3, 25], [0]
[2025-01-29 13:38:41,969][__main__][INFO] - [3, 26], [0]
[2025-01-29 13:38:42,001][__main__][INFO] - [3], [0, 26]
[2025-01-29 13:38:42,077][__main__][INFO] - [3, 27], [0]
[2025-01-29 13:38:42,155][__main__][INFO] - [3, 28], [0]
[2025-01-29 13:38:42,180][__main__][INFO] - [3, 29], [0]
[2025-01-29 13:38:42,205][__main__][INFO] - [3, 30], [0]
[2025-01-29 13:38:42,232][__main__][INFO] - [3, 31], [0]
[2025-01-29 13:38:42,257][__main__][INFO] - [3, 32], [0]
[2025-01-29 13:38:42,313][__main__][INFO] - [3, 33], [0]
[2025-01-29 13:38:42,342][__main__][INFO] - [3, 34], [0]
[2025-01-29 13:38:42,368][__main__][INFO] - [3, 35], [0]
[2025-01-29 13:38:42,393][__main__][INFO] - [3, 36], [0]
[2025-01-29 13:38:42,440][__main__][INFO] - [3, 37], [0]
[2025-01-29 13:38:42,478][__main__][INFO] - [3, 38], [0]
[2025-01-29 13:38:42,537][__main__][INFO] - [3, 39], [0]
[2025-01-29 13:38:42,570][__main__][INFO] - [3, 40], [0]
[2025-01-29 13:38:42,596][__main__][INFO] - [3, 41], [0]
[2025-01-29 13:38:42,621][__main__][INFO] - [3], [0, 41]
[2025-01-29 13:38:42,699][__main__][INFO] - [3, 42], [0]
[2025-01-29 13:38:42,726][__main__][INFO] - [3], [0, 42]
[2025-01-29 13:38:42,810][__main__][INFO] - [3, 43], [0]
[2025-01-29 13:38:42,837][__main__][INFO] - [3], [0, 43]
[2025-01-29 13:38:42,921][__main__][INFO] - [3, 44], [0]
[2025-01-29 13:38:42,995][__main__][INFO] - [3, 45], [0]
[2025-01-29 13:38:43,024][__main__][INFO] - [3, 46], [0]
[2025-01-29 13:38:43,056][__main__][INFO] - [3, 47], [0]
[2025-01-29 13:38:43,175][__main__][INFO] - [3, 50], [0]
[2025-01-29 13:38:43,205][__main__][INFO] - [3, 51], [0]
[2025-01-29 13:38:43,233][__main__][INFO] - [3, 52], [0]
[2025-01-29 13:38:43,261][__main__][INFO] - [3, 53], [0]
[2025-01-29 13:38:43,289][__main__][INFO] - [3, 54], [0]
[2025-01-29 13:38:43,314][__main__][INFO] - [3, 55], [0]
[2025-01-29 13:38:43,339][__main__][INFO] - [3, 56], [0]
[2025-01-29 13:38:43,367][__main__][INFO] - [3, 57], [0]
[2025-01-29 13:38:43,392][__main__][INFO] - [3, 58], [0]
[2025-01-29 13:38:43,418][__main__][INFO] - [3, 59], [0]
[2025-01-29 13:38:43,478][__main__][INFO] - [4, 10], [0]
[2025-01-29 13:38:43,503][__main__][INFO] - [4, 11], [0]
[2025-01-29 13:38:43,547][__main__][INFO] - [4, 12], [0]
[2025-01-29 13:38:43,595][__main__][INFO] - [4, 13], [0]
[2025-01-29 13:38:43,642][__main__][INFO] - [4, 14], [0]
[2025-01-29 13:38:43,691][__main__][INFO] - [4, 15], [0]
[2025-01-29 13:38:43,716][__main__][INFO] - [4, 16], [0]
[2025-01-29 13:38:43,761][__main__][INFO] - [4, 17], [0]
[2025-01-29 13:38:43,801][__main__][INFO] - [4, 18], [0]
[2025-01-29 13:38:43,826][__main__][INFO] - [4, 19], [0]
[2025-01-29 13:38:43,851][__main__][INFO] - [4, 20], [0]
[2025-01-29 13:38:43,940][__main__][INFO] - [4, 21], [0]
[2025-01-29 13:38:44,076][__main__][INFO] - [4, 22], [0]
[2025-01-29 13:38:44,101][__main__][INFO] - [4, 23], [0]
[2025-01-29 13:38:44,126][__main__][INFO] - [4, 24], [0]
[2025-01-29 13:38:44,151][__main__][INFO] - [4, 25], [0]
[2025-01-29 13:38:44,176][__main__][INFO] - [4, 26], [0]
[2025-01-29 13:38:44,201][__main__][INFO] - [4], [0, 26]
[2025-01-29 13:38:44,392][__main__][INFO] - [4, 27], [0]
[2025-01-29 13:38:44,481][__main__][INFO] - [4, 28], [0]
[2025-01-29 13:38:44,536][__main__][INFO] - [4, 29], [0]
[2025-01-29 13:38:44,630][__main__][INFO] - [4, 30], [0]
[2025-01-29 13:38:44,659][__main__][INFO] - [4, 31], [0]
[2025-01-29 13:38:44,684][__main__][INFO] - [4, 32], [0]
[2025-01-29 13:38:44,843][__main__][INFO] - [4, 33], [0]
[2025-01-29 13:38:44,874][__main__][INFO] - [4, 34], [0]
[2025-01-29 13:38:44,900][__main__][INFO] - [4, 35], [0]
[2025-01-29 13:38:44,927][__main__][INFO] - [4, 36], [0]
[2025-01-29 13:38:44,952][__main__][INFO] - [4, 37], [0]
[2025-01-29 13:38:45,113][__main__][INFO] - [4, 38], [0]
[2025-01-29 13:38:45,148][__main__][INFO] - [4, 39], [0]
[2025-01-29 13:38:45,194][__main__][INFO] - [4, 40], [0]
[2025-01-29 13:38:45,220][__main__][INFO] - [4, 41], [0]
[2025-01-29 13:38:45,351][__main__][INFO] - [4], [0, 41]
[2025-01-29 13:38:45,444][__main__][INFO] - [4, 42], [0]
[2025-01-29 13:38:45,469][__main__][INFO] - [4], [0, 42]
[2025-01-29 13:38:45,666][__main__][INFO] - [4, 43], [0]
[2025-01-29 13:38:45,692][__main__][INFO] - [4], [0, 43]
[2025-01-29 13:38:45,898][__main__][INFO] - [4, 44], [0]
[2025-01-29 13:38:46,086][__main__][INFO] - [4, 45], [0]
[2025-01-29 13:38:46,111][__main__][INFO] - [4, 46], [0]
[2025-01-29 13:38:46,136][__main__][INFO] - [4, 47], [0]
[2025-01-29 13:38:46,372][__main__][INFO] - [4, 50], [0]
[2025-01-29 13:38:46,407][__main__][INFO] - [4, 51], [0]
[2025-01-29 13:38:46,432][__main__][INFO] - [4, 52], [0]
[2025-01-29 13:38:46,464][__main__][INFO] - [4, 53], [0]
[2025-01-29 13:38:46,490][__main__][INFO] - [4, 54], [0]
[2025-01-29 13:38:46,521][__main__][INFO] - [4, 55], [0]
[2025-01-29 13:38:46,552][__main__][INFO] - [4, 56], [0]
[2025-01-29 13:38:46,577][__main__][INFO] - [4, 57], [0]
[2025-01-29 13:38:46,608][__main__][INFO] - [4, 58], [0]
[2025-01-29 13:38:46,632][__main__][INFO] - [4, 59], [0]
[2025-01-29 13:38:46,746][__main__][INFO] - [5, 10], [0]
[2025-01-29 13:38:46,776][__main__][INFO] - [5, 11], [0]
[2025-01-29 13:38:46,802][__main__][INFO] - [5, 12], [0]
[2025-01-29 13:38:46,835][__main__][INFO] - [5, 13], [0]
[2025-01-29 13:38:46,867][__main__][INFO] - [5, 14], [0]
[2025-01-29 13:38:46,892][__main__][INFO] - [5, 15], [0]
[2025-01-29 13:38:46,925][__main__][INFO] - [5, 16], [0]
[2025-01-29 13:38:46,950][__main__][INFO] - [5, 17], [0]
[2025-01-29 13:38:46,979][__main__][INFO] - [5, 18], [0]
[2025-01-29 13:38:47,004][__main__][INFO] - [5, 19], [0]
[2025-01-29 13:38:47,029][__main__][INFO] - [5, 20], [0]
[2025-01-29 13:38:47,102][__main__][INFO] - [5, 21], [0]
[2025-01-29 13:38:47,128][__main__][INFO] - [5, 22], [0]
[2025-01-29 13:38:47,155][__main__][INFO] - [5, 23], [0]
[2025-01-29 13:38:47,180][__main__][INFO] - [5, 24], [0]
[2025-01-29 13:38:47,223][__main__][INFO] - [5, 26], [0]
[2025-01-29 13:38:47,259][__main__][INFO] - [5], [0, 26]
[2025-01-29 13:38:47,326][__main__][INFO] - [5, 27], [0]
[2025-01-29 13:38:47,401][__main__][INFO] - [5, 28], [0]
[2025-01-29 13:38:47,428][__main__][INFO] - [5, 29], [0]
[2025-01-29 13:38:47,456][__main__][INFO] - [5, 30], [0]
[2025-01-29 13:38:47,481][__main__][INFO] - [5, 31], [0]
[2025-01-29 13:38:47,506][__main__][INFO] - [5, 32], [0]
[2025-01-29 13:38:47,531][__main__][INFO] - [5, 33], [0]
[2025-01-29 13:38:47,563][__main__][INFO] - [5, 34], [0]
[2025-01-29 13:38:47,588][__main__][INFO] - [5, 35], [0]
[2025-01-29 13:38:47,614][__main__][INFO] - [5, 36], [0]
[2025-01-29 13:38:47,648][__main__][INFO] - [5, 37], [0]
[2025-01-29 13:38:47,713][__main__][INFO] - [5, 38], [0]
[2025-01-29 13:38:47,739][__main__][INFO] - [5, 39], [0]
[2025-01-29 13:38:47,771][__main__][INFO] - [5, 40], [0]
[2025-01-29 13:38:47,796][__main__][INFO] - [5, 41], [0]
[2025-01-29 13:38:47,825][__main__][INFO] - [5], [0, 41]
[2025-01-29 13:38:47,900][__main__][INFO] - [5, 42], [0]
[2025-01-29 13:38:47,927][__main__][INFO] - [5], [0, 42]
[2025-01-29 13:38:48,005][__main__][INFO] - [5, 43], [0]
[2025-01-29 13:38:48,030][__main__][INFO] - [5], [0, 43]
[2025-01-29 13:38:48,108][__main__][INFO] - [5, 44], [0]
[2025-01-29 13:38:48,181][__main__][INFO] - [5, 45], [0]
[2025-01-29 13:38:48,206][__main__][INFO] - [5, 46], [0]
[2025-01-29 13:38:48,234][__main__][INFO] - [5, 47], [0]
[2025-01-29 13:38:48,345][__main__][INFO] - [5, 50], [0]
[2025-01-29 13:38:48,371][__main__][INFO] - [5, 51], [0]
[2025-01-29 13:38:48,399][__main__][INFO] - [5, 52], [0]
[2025-01-29 13:38:48,427][__main__][INFO] - [5, 53], [0]
[2025-01-29 13:38:48,452][__main__][INFO] - [5, 54], [0]
[2025-01-29 13:38:48,480][__main__][INFO] - [5, 55], [0]
[2025-01-29 13:38:48,505][__main__][INFO] - [5, 56], [0]
[2025-01-29 13:38:48,530][__main__][INFO] - [5, 57], [0]
[2025-01-29 13:38:48,555][__main__][INFO] - [5, 58], [0]
[2025-01-29 13:38:48,581][__main__][INFO] - [5, 59], [0]
[2025-01-29 13:38:48,631][__main__][INFO] - [6, 10], [0]
[2025-01-29 13:38:48,658][__main__][INFO] - [6, 11], [0]
[2025-01-29 13:38:48,685][__main__][INFO] - [6, 12], [0]
[2025-01-29 13:38:48,712][__main__][INFO] - [6, 13], [0]
[2025-01-29 13:38:48,739][__main__][INFO] - [6, 14], [0]
[2025-01-29 13:38:48,765][__main__][INFO] - [6, 15], [0]
[2025-01-29 13:38:48,792][__main__][INFO] - [6, 16], [0]
[2025-01-29 13:38:48,819][__main__][INFO] - [6, 17], [0]
[2025-01-29 13:38:48,846][__main__][INFO] - [6, 18], [0]
[2025-01-29 13:38:48,887][__main__][INFO] - [6, 20], [0]
[2025-01-29 13:38:48,937][__main__][INFO] - [6, 22], [0]
[2025-01-29 13:38:49,012][__main__][INFO] - [6, 26], [0]
[2025-01-29 13:38:49,039][__main__][INFO] - [6], [0, 26]
[2025-01-29 13:38:49,073][__main__][INFO] - [6, 27], [0]
[2025-01-29 13:38:49,107][__main__][INFO] - [6, 28], [0]
[2025-01-29 13:38:49,133][__main__][INFO] - [6, 29], [0]
[2025-01-29 13:38:49,159][__main__][INFO] - [6, 30], [0]
[2025-01-29 13:38:49,200][__main__][INFO] - [6, 32], [0]
[2025-01-29 13:38:49,232][__main__][INFO] - [6, 33], [0]
[2025-01-29 13:38:49,290][__main__][INFO] - [6, 36], [0]
[2025-01-29 13:38:49,318][__main__][INFO] - [6, 37], [0]
[2025-01-29 13:38:49,350][__main__][INFO] - [6, 38], [0]
[2025-01-29 13:38:49,377][__main__][INFO] - [6, 39], [0]
[2025-01-29 13:38:49,404][__main__][INFO] - [6, 40], [0]
[2025-01-29 13:38:49,429][__main__][INFO] - [6, 41], [0]
[2025-01-29 13:38:49,456][__main__][INFO] - [6], [0, 41]
[2025-01-29 13:38:49,490][__main__][INFO] - [6, 42], [0]
[2025-01-29 13:38:49,517][__main__][INFO] - [6], [0, 42]
[2025-01-29 13:38:49,552][__main__][INFO] - [6, 43], [0]
[2025-01-29 13:38:49,578][__main__][INFO] - [6], [0, 43]
[2025-01-29 13:38:49,613][__main__][INFO] - [6, 44], [0]
[2025-01-29 13:38:49,647][__main__][INFO] - [6, 45], [0]
[2025-01-29 13:38:49,674][__main__][INFO] - [6, 46], [0]
[2025-01-29 13:38:49,700][__main__][INFO] - [6, 47], [0]
[2025-01-29 13:38:49,768][__main__][INFO] - [6, 50], [0]
[2025-01-29 13:38:49,795][__main__][INFO] - [6, 51], [0]
[2025-01-29 13:38:49,821][__main__][INFO] - [6, 52], [0]
[2025-01-29 13:38:49,848][__main__][INFO] - [6, 53], [0]
[2025-01-29 13:38:49,874][__main__][INFO] - [6, 54], [0]
[2025-01-29 13:38:49,900][__main__][INFO] - [6, 55], [0]
[2025-01-29 13:38:49,927][__main__][INFO] - [6, 56], [0]
[2025-01-29 13:38:49,953][__main__][INFO] - [6, 57], [0]
[2025-01-29 13:38:49,979][__main__][INFO] - [6, 58], [0]
[2025-01-29 13:38:50,005][__main__][INFO] - [6, 59], [0]
[2025-01-29 13:38:50,047][__main__][INFO] - [7, 10], [0]
[2025-01-29 13:38:50,073][__main__][INFO] - [7, 11], [0]
[2025-01-29 13:38:50,098][__main__][INFO] - [7, 12], [0]
[2025-01-29 13:38:50,123][__main__][INFO] - [7, 13], [0]
[2025-01-29 13:38:50,147][__main__][INFO] - [7, 14], [0]
[2025-01-29 13:38:50,174][__main__][INFO] - [7, 15], [0]
[2025-01-29 13:38:50,199][__main__][INFO] - [7, 16], [0]
[2025-01-29 13:38:50,225][__main__][INFO] - [7, 17], [0]
[2025-01-29 13:38:50,281][__main__][INFO] - [7, 20], [0]
[2025-01-29 13:38:50,373][__main__][INFO] - [7, 25], [0]
[2025-01-29 13:38:50,399][__main__][INFO] - [7, 26], [0]
[2025-01-29 13:38:50,424][__main__][INFO] - [7], [0, 26]
[2025-01-29 13:38:50,452][__main__][INFO] - [7, 27], [0]
[2025-01-29 13:38:50,480][__main__][INFO] - [7, 28], [0]
[2025-01-29 13:38:50,505][__main__][INFO] - [7, 29], [0]
[2025-01-29 13:38:50,546][__main__][INFO] - [7, 31], [0]
[2025-01-29 13:38:50,571][__main__][INFO] - [7, 32], [0]
[2025-01-29 13:38:50,599][__main__][INFO] - [7, 33], [0]
[2025-01-29 13:38:50,656][__main__][INFO] - [7, 36], [0]
[2025-01-29 13:38:50,682][__main__][INFO] - [7, 37], [0]
[2025-01-29 13:38:50,707][__main__][INFO] - [7, 38], [0]
[2025-01-29 13:38:50,733][__main__][INFO] - [7, 39], [0]
[2025-01-29 13:38:50,775][__main__][INFO] - [7, 41], [0]
[2025-01-29 13:38:50,800][__main__][INFO] - [7], [0, 41]
[2025-01-29 13:38:50,828][__main__][INFO] - [7, 42], [0]
[2025-01-29 13:38:50,854][__main__][INFO] - [7], [0, 42]
[2025-01-29 13:38:50,882][__main__][INFO] - [7, 43], [0]
[2025-01-29 13:38:50,908][__main__][INFO] - [7], [0, 43]
[2025-01-29 13:38:50,936][__main__][INFO] - [7, 44], [0]
[2025-01-29 13:38:50,965][__main__][INFO] - [7, 45], [0]
[2025-01-29 13:38:50,990][__main__][INFO] - [7, 46], [0]
[2025-01-29 13:38:51,015][__main__][INFO] - [7, 47], [0]
[2025-01-29 13:38:51,076][__main__][INFO] - [7, 50], [0]
[2025-01-29 13:38:51,101][__main__][INFO] - [7, 51], [0]
[2025-01-29 13:38:51,126][__main__][INFO] - [7, 52], [0]
[2025-01-29 13:38:51,151][__main__][INFO] - [7, 53], [0]
[2025-01-29 13:38:51,176][__main__][INFO] - [7, 54], [0]
[2025-01-29 13:38:51,202][__main__][INFO] - [7, 55], [0]
[2025-01-29 13:38:51,227][__main__][INFO] - [7, 56], [0]
[2025-01-29 13:38:51,252][__main__][INFO] - [7, 57], [0]
[2025-01-29 13:38:51,277][__main__][INFO] - [7, 58], [0]
[2025-01-29 13:38:51,302][__main__][INFO] - [7, 59], [0]
[2025-01-29 13:38:51,342][__main__][INFO] - [8, 10], [0]
[2025-01-29 13:38:51,367][__main__][INFO] - [8, 11], [0]
[2025-01-29 13:38:51,393][__main__][INFO] - [8, 12], [0]
[2025-01-29 13:38:51,419][__main__][INFO] - [8, 13], [0]
[2025-01-29 13:38:51,444][__main__][INFO] - [8, 14], [0]
[2025-01-29 13:38:51,470][__main__][INFO] - [8, 15], [0]
[2025-01-29 13:38:51,497][__main__][INFO] - [8, 16], [0]
[2025-01-29 13:38:51,523][__main__][INFO] - [8, 17], [0]
[2025-01-29 13:38:51,580][__main__][INFO] - [8, 20], [0]
[2025-01-29 13:38:51,624][__main__][INFO] - [8, 22], [0]
[2025-01-29 13:38:51,697][__main__][INFO] - [8, 26], [0]
[2025-01-29 13:38:51,723][__main__][INFO] - [8], [0, 26]
[2025-01-29 13:38:51,751][__main__][INFO] - [8, 27], [0]
[2025-01-29 13:38:51,779][__main__][INFO] - [8, 28], [0]
[2025-01-29 13:38:51,804][__main__][INFO] - [8, 29], [0]
[2025-01-29 13:38:51,861][__main__][INFO] - [8, 32], [0]
[2025-01-29 13:38:51,888][__main__][INFO] - [8, 33], [0]
[2025-01-29 13:38:51,946][__main__][INFO] - [8, 36], [0]
[2025-01-29 13:38:51,973][__main__][INFO] - [8, 37], [0]
[2025-01-29 13:38:52,000][__main__][INFO] - [8, 38], [0]
[2025-01-29 13:38:52,025][__main__][INFO] - [8, 39], [0]
[2025-01-29 13:38:52,068][__main__][INFO] - [8, 41], [0]
[2025-01-29 13:38:52,093][__main__][INFO] - [8], [0, 41]
[2025-01-29 13:38:52,121][__main__][INFO] - [8, 42], [0]
[2025-01-29 13:38:52,146][__main__][INFO] - [8], [0, 42]
[2025-01-29 13:38:52,174][__main__][INFO] - [8, 43], [0]
[2025-01-29 13:38:52,199][__main__][INFO] - [8], [0, 43]
[2025-01-29 13:38:52,227][__main__][INFO] - [8, 44], [0]
[2025-01-29 13:38:52,255][__main__][INFO] - [8, 45], [0]
[2025-01-29 13:38:52,297][__main__][INFO] - [8, 47], [0]
[2025-01-29 13:38:52,357][__main__][INFO] - [8, 50], [0]
[2025-01-29 13:38:52,383][__main__][INFO] - [8, 51], [0]
[2025-01-29 13:38:52,409][__main__][INFO] - [8, 52], [0]
[2025-01-29 13:38:52,434][__main__][INFO] - [8, 53], [0]
[2025-01-29 13:38:52,460][__main__][INFO] - [8, 54], [0]
[2025-01-29 13:38:52,486][__main__][INFO] - [8, 55], [0]
[2025-01-29 13:38:52,511][__main__][INFO] - [8, 56], [0]
[2025-01-29 13:38:52,537][__main__][INFO] - [8, 57], [0]
[2025-01-29 13:38:52,562][__main__][INFO] - [8, 58], [0]
[2025-01-29 13:38:52,587][__main__][INFO] - [8, 59], [0]
[2025-01-29 13:38:52,642][__main__][INFO] - [10, 20], [0]
[2025-01-29 13:38:52,804][__main__][INFO] - [10, 21], [0]
[2025-01-29 13:38:52,846][__main__][INFO] - [10, 22], [0]
[2025-01-29 13:38:52,874][__main__][INFO] - [10, 23], [0]
[2025-01-29 13:38:52,899][__main__][INFO] - [10, 24], [0]
[2025-01-29 13:38:52,925][__main__][INFO] - [10, 25], [0]
[2025-01-29 13:38:52,950][__main__][INFO] - [10, 26], [0]
[2025-01-29 13:38:52,979][__main__][INFO] - [10], [0, 26]
[2025-01-29 13:38:53,138][__main__][INFO] - [10, 27], [0]
[2025-01-29 13:38:53,292][__main__][INFO] - [10, 28], [0]
[2025-01-29 13:38:53,317][__main__][INFO] - [10, 29], [0]
[2025-01-29 13:38:53,343][__main__][INFO] - [10, 30], [0]
[2025-01-29 13:38:53,450][__main__][INFO] - [10, 36], [0]
[2025-01-29 13:38:53,615][__main__][INFO] - [10, 37], [0]
[2025-01-29 13:38:53,706][__main__][INFO] - [10, 38], [0]
[2025-01-29 13:38:53,765][__main__][INFO] - [10, 39], [0]
[2025-01-29 13:38:53,814][__main__][INFO] - [10, 40], [0]
[2025-01-29 13:38:53,841][__main__][INFO] - [10, 41], [0]
[2025-01-29 13:38:53,867][__main__][INFO] - [10], [0, 41]
[2025-01-29 13:38:54,038][__main__][INFO] - [10, 42], [0]
[2025-01-29 13:38:54,065][__main__][INFO] - [10], [0, 42]
[2025-01-29 13:38:54,228][__main__][INFO] - [10, 43], [0]
[2025-01-29 13:38:54,254][__main__][INFO] - [10], [0, 43]
[2025-01-29 13:38:54,416][__main__][INFO] - [10, 44], [0]
[2025-01-29 13:38:54,508][__main__][INFO] - [10, 45], [0]
[2025-01-29 13:38:54,537][__main__][INFO] - [10, 46], [0]
[2025-01-29 13:38:54,620][__main__][INFO] - [10, 47], [0]
[2025-01-29 13:38:54,815][__main__][INFO] - [10, 50], [0]
[2025-01-29 13:38:54,848][__main__][INFO] - [10, 51], [0]
[2025-01-29 13:38:54,881][__main__][INFO] - [10, 52], [0]
[2025-01-29 13:38:54,916][__main__][INFO] - [10, 53], [0]
[2025-01-29 13:38:54,951][__main__][INFO] - [10, 54], [0]
[2025-01-29 13:38:54,984][__main__][INFO] - [10, 55], [0]
[2025-01-29 13:38:55,016][__main__][INFO] - [10, 56], [0]
[2025-01-29 13:38:55,047][__main__][INFO] - [10, 57], [0]
[2025-01-29 13:38:55,077][__main__][INFO] - [10, 58], [0]
[2025-01-29 13:38:55,106][__main__][INFO] - [10, 59], [0]
[2025-01-29 13:38:55,181][__main__][INFO] - [11, 20], [0]
[2025-01-29 13:38:55,342][__main__][INFO] - [11, 21], [0]
[2025-01-29 13:38:55,368][__main__][INFO] - [11, 22], [0]
[2025-01-29 13:38:55,398][__main__][INFO] - [11, 23], [0]
[2025-01-29 13:38:55,423][__main__][INFO] - [11, 24], [0]
[2025-01-29 13:38:55,448][__main__][INFO] - [11, 25], [0]
[2025-01-29 13:38:55,473][__main__][INFO] - [11, 26], [0]
[2025-01-29 13:38:55,507][__main__][INFO] - [11], [0, 26]
[2025-01-29 13:38:55,675][__main__][INFO] - [11, 27], [0]
[2025-01-29 13:38:55,838][__main__][INFO] - [11, 28], [0]
[2025-01-29 13:38:55,863][__main__][INFO] - [11, 29], [0]
[2025-01-29 13:38:55,888][__main__][INFO] - [11, 30], [0]
[2025-01-29 13:38:55,931][__main__][INFO] - [11, 32], [0]
[2025-01-29 13:38:56,004][__main__][INFO] - [11, 34], [0]
[2025-01-29 13:38:56,045][__main__][INFO] - [11, 36], [0]
[2025-01-29 13:38:56,184][__main__][INFO] - [11, 37], [0]
[2025-01-29 13:38:56,286][__main__][INFO] - [11, 38], [0]
[2025-01-29 13:38:56,345][__main__][INFO] - [11, 39], [0]
[2025-01-29 13:38:56,392][__main__][INFO] - [11, 40], [0]
[2025-01-29 13:38:56,420][__main__][INFO] - [11, 41], [0]
[2025-01-29 13:38:56,445][__main__][INFO] - [11], [0, 41]
[2025-01-29 13:38:56,608][__main__][INFO] - [11, 42], [0]
[2025-01-29 13:38:56,633][__main__][INFO] - [11], [0, 42]
[2025-01-29 13:38:56,813][__main__][INFO] - [11, 43], [0]
[2025-01-29 13:38:56,838][__main__][INFO] - [11], [0, 43]
[2025-01-29 13:38:57,010][__main__][INFO] - [11, 44], [0]
[2025-01-29 13:38:57,184][__main__][INFO] - [11, 45], [0]
[2025-01-29 13:38:57,231][__main__][INFO] - [11, 47], [0]
[2025-01-29 13:38:57,444][__main__][INFO] - [11, 50], [0]
[2025-01-29 13:38:57,481][__main__][INFO] - [11, 51], [0]
[2025-01-29 13:38:57,516][__main__][INFO] - [11, 52], [0]
[2025-01-29 13:38:57,550][__main__][INFO] - [11, 53], [0]
[2025-01-29 13:38:57,585][__main__][INFO] - [11, 54], [0]
[2025-01-29 13:38:57,618][__main__][INFO] - [11, 55], [0]
[2025-01-29 13:38:57,650][__main__][INFO] - [11, 56], [0]
[2025-01-29 13:38:57,681][__main__][INFO] - [11, 57], [0]
[2025-01-29 13:38:57,712][__main__][INFO] - [11, 58], [0]
[2025-01-29 13:38:57,741][__main__][INFO] - [11, 59], [0]
[2025-01-29 13:38:57,817][__main__][INFO] - [12, 20], [0]
[2025-01-29 13:38:57,985][__main__][INFO] - [12, 21], [0]
[2025-01-29 13:38:58,022][__main__][INFO] - [12, 22], [0]
[2025-01-29 13:38:58,058][__main__][INFO] - [12, 23], [0]
[2025-01-29 13:38:58,085][__main__][INFO] - [12, 24], [0]
[2025-01-29 13:38:58,109][__main__][INFO] - [12, 25], [0]
[2025-01-29 13:38:58,134][__main__][INFO] - [12, 26], [0]
[2025-01-29 13:38:58,169][__main__][INFO] - [12], [0, 26]
[2025-01-29 13:38:58,358][__main__][INFO] - [12, 27], [0]
[2025-01-29 13:38:58,533][__main__][INFO] - [12, 28], [0]
[2025-01-29 13:38:58,573][__main__][INFO] - [12, 29], [0]
[2025-01-29 13:38:58,606][__main__][INFO] - [12, 30], [0]
[2025-01-29 13:38:58,633][__main__][INFO] - [12, 31], [0]
[2025-01-29 13:38:58,658][__main__][INFO] - [12, 32], [0]
[2025-01-29 13:38:58,844][__main__][INFO] - [12, 33], [0]
[2025-01-29 13:38:58,873][__main__][INFO] - [12, 34], [0]
[2025-01-29 13:38:58,902][__main__][INFO] - [12, 35], [0]
[2025-01-29 13:38:58,943][__main__][INFO] - [12, 37], [0]
[2025-01-29 13:38:59,068][__main__][INFO] - [12, 38], [0]
[2025-01-29 13:38:59,127][__main__][INFO] - [12, 39], [0]
[2025-01-29 13:38:59,178][__main__][INFO] - [12, 40], [0]
[2025-01-29 13:38:59,205][__main__][INFO] - [12, 41], [0]
[2025-01-29 13:38:59,253][__main__][INFO] - [12], [0, 41]
[2025-01-29 13:38:59,425][__main__][INFO] - [12, 42], [0]
[2025-01-29 13:38:59,453][__main__][INFO] - [12], [0, 42]
[2025-01-29 13:38:59,650][__main__][INFO] - [12, 43], [0]
[2025-01-29 13:38:59,679][__main__][INFO] - [12], [0, 43]
[2025-01-29 13:38:59,886][__main__][INFO] - [12, 44], [0]
[2025-01-29 13:39:00,081][__main__][INFO] - [12, 45], [0]
[2025-01-29 13:39:00,129][__main__][INFO] - [12, 47], [0]
[2025-01-29 23:59:02,956][__main__][INFO] - In total, there are 5772124799 possible subgroups
[2025-01-29 23:59:02,984][__main__][INFO] - [0], []
[2025-01-29 23:59:04,720][__main__][INFO] - [], [0]
[2025-01-29 23:59:06,433][__main__][INFO] - [1], []
[2025-01-29 23:59:06,690][__main__][INFO] - [2], []
[2025-01-29 23:59:08,992][__main__][INFO] - [3], []
[2025-01-29 23:59:09,110][__main__][INFO] - [4], []
[2025-01-29 23:59:09,456][__main__][INFO] - [5], []
[2025-01-29 23:59:09,560][__main__][INFO] - [6], []
[2025-01-29 23:59:09,595][__main__][INFO] - [7], []
[2025-01-29 23:59:09,616][__main__][INFO] - [8], []
[2025-01-29 23:59:09,635][__main__][INFO] - [9], []
[2025-01-29 23:59:09,651][__main__][INFO] - [10], []
[2025-01-29 23:59:09,910][__main__][INFO] - [11], []
[2025-01-29 23:59:10,177][__main__][INFO] - [12], []
[2025-01-29 23:59:10,493][__main__][INFO] - [13], []
[2025-01-29 23:59:10,773][__main__][INFO] - [14], []
[2025-01-29 23:59:11,074][__main__][INFO] - [15], []
[2025-01-29 23:59:11,361][__main__][INFO] - [16], []
[2025-01-29 23:59:11,673][__main__][INFO] - [17], []
[2025-01-29 23:59:11,920][__main__][INFO] - [18], []
[2025-01-29 23:59:12,038][__main__][INFO] - [19], []
[2025-01-29 23:59:12,104][__main__][INFO] - [20], []
[2025-01-29 23:59:14,846][__main__][INFO] - [21], []
[2025-01-29 23:59:15,087][__main__][INFO] - [22], []
[2025-01-29 23:59:15,372][__main__][INFO] - [23], []
[2025-01-29 23:59:15,431][__main__][INFO] - [24], []
[2025-01-29 23:59:15,454][__main__][INFO] - [25], []
[2025-01-29 23:59:15,473][__main__][INFO] - [26], []
[2025-01-29 23:59:16,021][__main__][INFO] - [], [26]
[2025-01-29 23:59:18,796][__main__][INFO] - [27], []
[2025-01-29 23:59:21,593][__main__][INFO] - [28], []
[2025-01-29 23:59:21,819][__main__][INFO] - [29], []
[2025-01-29 23:59:22,153][__main__][INFO] - [30], []
[2025-01-29 23:59:22,192][__main__][INFO] - [31], []
[2025-01-29 23:59:22,211][__main__][INFO] - [32], []
[2025-01-29 23:59:24,901][__main__][INFO] - [33], []
[2025-01-29 23:59:25,035][__main__][INFO] - [34], []
[2025-01-29 23:59:25,057][__main__][INFO] - [35], []
[2025-01-29 23:59:25,086][__main__][INFO] - [36], []
[2025-01-29 23:59:25,540][__main__][INFO] - [37], []
[2025-01-29 23:59:27,459][__main__][INFO] - [38], []
[2025-01-29 23:59:28,084][__main__][INFO] - [39], []
[2025-01-29 23:59:28,516][__main__][INFO] - [40], []
[2025-01-29 23:59:28,558][__main__][INFO] - [41], []
[2025-01-29 23:59:29,189][__main__][INFO] - [], [41]
[2025-01-29 23:59:32,145][__main__][INFO] - [42], []
[2025-01-29 23:59:32,265][__main__][INFO] - [], [42]
[2025-01-29 23:59:36,139][__main__][INFO] - [43], []
[2025-01-29 23:59:36,215][__main__][INFO] - [], [43]
[2025-01-29 23:59:40,293][__main__][INFO] - [44], []
[2025-01-29 23:59:43,941][__main__][INFO] - [45], []
[2025-01-29 23:59:44,085][__main__][INFO] - [46], []
[2025-01-29 23:59:44,205][__main__][INFO] - [47], []
[2025-01-29 23:59:47,355][__main__][INFO] - [48], []
[2025-01-29 23:59:47,939][__main__][INFO] - [49], []
[2025-01-29 23:59:47,975][__main__][INFO] - [50], []
[2025-01-29 23:59:48,159][__main__][INFO] - [51], []
[2025-01-29 23:59:48,294][__main__][INFO] - [52], []
[2025-01-29 23:59:48,438][__main__][INFO] - [53], []
[2025-01-29 23:59:48,593][__main__][INFO] - [54], []
[2025-01-29 23:59:48,739][__main__][INFO] - [55], []
[2025-01-29 23:59:48,868][__main__][INFO] - [56], []
[2025-01-29 23:59:48,993][__main__][INFO] - [57], []
[2025-01-29 23:59:49,104][__main__][INFO] - [58], []
[2025-01-29 23:59:49,201][__main__][INFO] - [59], []
[2025-01-29 23:59:50,084][__main__][INFO] - [0, 1], []
[2025-01-29 23:59:50,224][__main__][INFO] - [0, 2], []
[2025-01-29 23:59:51,133][__main__][INFO] - [0, 3], []
[2025-01-29 23:59:51,201][__main__][INFO] - [0, 4], []
[2025-01-29 23:59:51,382][__main__][INFO] - [0, 5], []
[2025-01-29 23:59:51,443][__main__][INFO] - [0, 6], []
[2025-01-29 23:59:51,468][__main__][INFO] - [0, 7], []
[2025-01-29 23:59:51,484][__main__][INFO] - [0, 8], []
[2025-01-29 23:59:51,517][__main__][INFO] - [0, 10], []
[2025-01-29 23:59:51,652][__main__][INFO] - [0, 11], []
[2025-01-29 23:59:51,799][__main__][INFO] - [0, 12], []
[2025-01-29 23:59:51,951][__main__][INFO] - [0, 13], []
[2025-01-29 23:59:52,105][__main__][INFO] - [0, 14], []
[2025-01-29 23:59:52,254][__main__][INFO] - [0, 15], []
[2025-01-29 23:59:52,417][__main__][INFO] - [0, 16], []
[2025-01-29 23:59:52,572][__main__][INFO] - [0, 17], []
[2025-01-29 23:59:52,712][__main__][INFO] - [0, 18], []
[2025-01-29 23:59:52,782][__main__][INFO] - [0, 19], []
[2025-01-29 23:59:52,832][__main__][INFO] - [0, 20], []
[2025-01-29 23:59:53,951][__main__][INFO] - [0, 21], []
[2025-01-29 23:59:54,102][__main__][INFO] - [0, 22], []
[2025-01-29 23:59:54,254][__main__][INFO] - [0, 23], []
[2025-01-29 23:59:54,294][__main__][INFO] - [0, 24], []
[2025-01-29 23:59:54,315][__main__][INFO] - [0, 25], []
[2025-01-29 23:59:54,331][__main__][INFO] - [0, 26], []
[2025-01-29 23:59:54,551][__main__][INFO] - [0], [26]
[2025-01-29 23:59:55,746][__main__][INFO] - [0, 27], []
[2025-01-29 23:59:56,891][__main__][INFO] - [0, 28], []
[2025-01-29 23:59:57,016][__main__][INFO] - [0, 29], []
[2025-01-29 23:59:57,206][__main__][INFO] - [0, 30], []
[2025-01-29 23:59:57,234][__main__][INFO] - [0, 31], []
[2025-01-29 23:59:57,253][__main__][INFO] - [0, 32], []
[2025-01-29 23:59:58,520][__main__][INFO] - [0, 33], []
[2025-01-29 23:59:58,545][__main__][INFO] - [0, 34], []
[2025-01-29 23:59:58,562][__main__][INFO] - [0, 35], []
[2025-01-29 23:59:58,580][__main__][INFO] - [0, 36], []
[2025-01-29 23:59:58,806][__main__][INFO] - [0, 37], []
[2025-01-29 23:59:59,653][__main__][INFO] - [0, 38], []
[2025-01-29 23:59:59,945][__main__][INFO] - [0, 39], []
[2025-01-30 00:00:00,147][__main__][INFO] - [0, 40], []
[2025-01-30 00:00:00,176][__main__][INFO] - [0, 41], []
[2025-01-30 00:00:00,507][__main__][INFO] - [0], [41]
[2025-01-30 00:00:01,614][__main__][INFO] - [0, 42], []
[2025-01-30 00:00:01,666][__main__][INFO] - [0], [42]
[2025-01-30 00:00:03,211][__main__][INFO] - [0, 43], []
[2025-01-30 00:00:03,255][__main__][INFO] - [0], [43]
[2025-01-30 00:00:04,814][__main__][INFO] - [0, 44], []
[2025-01-30 00:00:06,315][__main__][INFO] - [0, 45], []
[2025-01-30 00:00:06,386][__main__][INFO] - [0, 46], []
[2025-01-30 00:00:06,453][__main__][INFO] - [0, 47], []
[2025-01-30 00:00:07,309][__main__][INFO] - [0, 48], []
[2025-01-30 00:00:07,892][__main__][INFO] - [0, 49], []
[2025-01-30 00:00:07,930][__main__][INFO] - [0, 50], []
[2025-01-30 00:00:08,022][__main__][INFO] - [0, 51], []
[2025-01-30 00:00:08,092][__main__][INFO] - [0, 52], []
[2025-01-30 00:00:08,174][__main__][INFO] - [0, 53], []
[2025-01-30 00:00:08,257][__main__][INFO] - [0, 54], []
[2025-01-30 00:00:08,335][__main__][INFO] - [0, 55], []
[2025-01-30 00:00:08,406][__main__][INFO] - [0, 56], []
[2025-01-30 00:00:08,474][__main__][INFO] - [0, 57], []
[2025-01-30 00:00:08,534][__main__][INFO] - [0, 58], []
[2025-01-30 00:00:08,590][__main__][INFO] - [0, 59], []
[2025-01-30 00:00:09,005][__main__][INFO] - [1], [0]
[2025-01-30 00:00:09,147][__main__][INFO] - [2], [0]
[2025-01-30 00:00:10,050][__main__][INFO] - [3], [0]
[2025-01-30 00:00:10,118][__main__][INFO] - [4], [0]
[2025-01-30 00:00:10,277][__main__][INFO] - [5], [0]
[2025-01-30 00:00:10,340][__main__][INFO] - [6], [0]
[2025-01-30 00:00:10,364][__main__][INFO] - [7], [0]
[2025-01-30 00:00:10,383][__main__][INFO] - [8], [0]
[2025-01-30 00:00:10,416][__main__][INFO] - [10], [0]
[2025-01-30 00:00:10,550][__main__][INFO] - [11], [0]
[2025-01-30 00:00:10,687][__main__][INFO] - [12], [0]
[2025-01-30 00:00:10,856][__main__][INFO] - [13], [0]
[2025-01-30 00:00:10,997][__main__][INFO] - [14], [0]
[2025-01-30 00:00:11,146][__main__][INFO] - [15], [0]
[2025-01-30 00:00:11,285][__main__][INFO] - [16], [0]
[2025-01-30 00:00:11,436][__main__][INFO] - [17], [0]
[2025-01-30 00:00:11,554][__main__][INFO] - [18], [0]
[2025-01-30 00:00:11,614][__main__][INFO] - [19], [0]
[2025-01-30 00:00:11,648][__main__][INFO] - [20], [0]
[2025-01-30 00:00:12,883][__main__][INFO] - [21], [0]
[2025-01-30 00:00:13,003][__main__][INFO] - [22], [0]
[2025-01-30 00:00:13,147][__main__][INFO] - [23], [0]
[2025-01-30 00:00:13,184][__main__][INFO] - [24], [0]
[2025-01-30 00:00:13,206][__main__][INFO] - [25], [0]
[2025-01-30 00:00:13,224][__main__][INFO] - [26], [0]
[2025-01-30 00:00:13,438][__main__][INFO] - [], [0, 26]
[2025-01-30 00:00:14,600][__main__][INFO] - [27], [0]
[2025-01-30 00:00:15,777][__main__][INFO] - [28], [0]
[2025-01-30 00:00:15,897][__main__][INFO] - [29], [0]
[2025-01-30 00:00:16,052][__main__][INFO] - [30], [0]
[2025-01-30 00:00:16,081][__main__][INFO] - [31], [0]
[2025-01-30 00:00:16,097][__main__][INFO] - [32], [0]
[2025-01-30 00:00:17,155][__main__][INFO] - [33], [0]
[2025-01-30 00:00:17,275][__main__][INFO] - [34], [0]
[2025-01-30 00:00:17,298][__main__][INFO] - [35], [0]
[2025-01-30 00:00:17,326][__main__][INFO] - [36], [0]
[2025-01-30 00:00:17,579][__main__][INFO] - [37], [0]
[2025-01-30 00:00:18,323][__main__][INFO] - [38], [0]
[2025-01-30 00:00:18,600][__main__][INFO] - [39], [0]
[2025-01-30 00:00:18,777][__main__][INFO] - [40], [0]
[2025-01-30 00:00:18,806][__main__][INFO] - [41], [0]
[2025-01-30 00:00:19,065][__main__][INFO] - [], [0, 41]
[2025-01-30 00:00:20,269][__main__][INFO] - [42], [0]
[2025-01-30 00:00:20,335][__main__][INFO] - [], [0, 42]
[2025-01-30 00:00:21,861][__main__][INFO] - [43], [0]
[2025-01-30 00:00:21,901][__main__][INFO] - [], [0, 43]
[2025-01-30 00:00:23,527][__main__][INFO] - [44], [0]
[2025-01-30 00:00:24,855][__main__][INFO] - [45], [0]
[2025-01-30 00:00:24,928][__main__][INFO] - [46], [0]
[2025-01-30 00:00:24,990][__main__][INFO] - [47], [0]
[2025-01-30 00:00:26,756][__main__][INFO] - [50], [0]
[2025-01-30 00:00:26,847][__main__][INFO] - [51], [0]
[2025-01-30 00:00:26,909][__main__][INFO] - [52], [0]
[2025-01-30 00:00:26,981][__main__][INFO] - [53], [0]
[2025-01-30 00:00:27,058][__main__][INFO] - [54], [0]
[2025-01-30 00:00:27,129][__main__][INFO] - [55], [0]
[2025-01-30 00:00:27,196][__main__][INFO] - [56], [0]
[2025-01-30 00:00:27,259][__main__][INFO] - [57], [0]
[2025-01-30 00:00:27,321][__main__][INFO] - [58], [0]
[2025-01-30 00:00:27,373][__main__][INFO] - [59], [0]
[2025-01-30 00:00:27,827][__main__][INFO] - [1, 10], []
[2025-01-30 00:00:27,872][__main__][INFO] - [1, 11], []
[2025-01-30 00:00:27,923][__main__][INFO] - [1, 12], []
[2025-01-30 00:00:27,978][__main__][INFO] - [1, 13], []
[2025-01-30 00:00:28,029][__main__][INFO] - [1, 14], []
[2025-01-30 00:00:28,076][__main__][INFO] - [1, 15], []
[2025-01-30 00:00:28,118][__main__][INFO] - [1, 16], []
[2025-01-30 00:00:28,152][__main__][INFO] - [1, 17], []
[2025-01-30 00:00:28,179][__main__][INFO] - [1, 18], []
[2025-01-30 00:00:28,199][__main__][INFO] - [1, 19], []
[2025-01-30 00:00:28,215][__main__][INFO] - [1, 20], []
[2025-01-30 00:00:28,379][__main__][INFO] - [1, 21], []
[2025-01-30 00:00:28,395][__main__][INFO] - [1, 22], []
[2025-01-30 00:00:28,502][__main__][INFO] - [1, 23], []
[2025-01-30 00:00:28,519][__main__][INFO] - [1, 24], []
[2025-01-30 00:00:28,549][__main__][INFO] - [1, 26], []
[2025-01-30 00:00:28,589][__main__][INFO] - [1], [26]
[2025-01-30 00:00:28,819][__main__][INFO] - [1, 27], []
[2025-01-30 00:00:28,978][__main__][INFO] - [1, 28], []
[2025-01-30 00:00:29,042][__main__][INFO] - [1, 29], []
[2025-01-30 00:00:29,094][__main__][INFO] - [1, 30], []
[2025-01-30 00:00:29,111][__main__][INFO] - [1, 31], []
[2025-01-30 00:00:29,127][__main__][INFO] - [1, 32], []
[2025-01-30 00:00:29,318][__main__][INFO] - [1, 33], []
[2025-01-30 00:00:29,338][__main__][INFO] - [1, 34], []
[2025-01-30 00:00:29,355][__main__][INFO] - [1, 35], []
[2025-01-30 00:00:29,371][__main__][INFO] - [1, 36], []
[2025-01-30 00:00:29,439][__main__][INFO] - [1, 37], []
[2025-01-30 00:00:29,641][__main__][INFO] - [1, 38], []
[2025-01-30 00:00:29,669][__main__][INFO] - [1, 39], []
[2025-01-30 00:00:29,716][__main__][INFO] - [1, 40], []
[2025-01-30 00:00:29,735][__main__][INFO] - [1, 41], []
[2025-01-30 00:00:29,841][__main__][INFO] - [1], [41]
[2025-01-30 00:00:29,997][__main__][INFO] - [1, 42], []
[2025-01-30 00:00:30,018][__main__][INFO] - [1], [42]
[2025-01-30 00:00:30,263][__main__][INFO] - [1, 43], []
[2025-01-30 00:00:30,284][__main__][INFO] - [1], [43]
[2025-01-30 00:00:30,526][__main__][INFO] - [1, 44], []
[2025-01-30 00:00:30,760][__main__][INFO] - [1, 45], []
[2025-01-30 00:00:30,785][__main__][INFO] - [1, 46], []
[2025-01-30 00:00:30,814][__main__][INFO] - [1, 47], []
[2025-01-30 00:00:30,998][__main__][INFO] - [1, 48], []
[2025-01-30 00:00:31,073][__main__][INFO] - [1, 49], []
[2025-01-30 00:00:31,089][__main__][INFO] - [1, 50], []
[2025-01-30 00:00:31,122][__main__][INFO] - [1, 51], []
[2025-01-30 00:00:31,154][__main__][INFO] - [1, 52], []
[2025-01-30 00:00:31,190][__main__][INFO] - [1, 53], []
[2025-01-30 00:00:31,225][__main__][INFO] - [1, 54], []
[2025-01-30 00:00:31,258][__main__][INFO] - [1, 55], []
[2025-01-30 00:00:31,288][__main__][INFO] - [1, 56], []
[2025-01-30 00:00:31,315][__main__][INFO] - [1, 57], []
[2025-01-30 00:00:31,341][__main__][INFO] - [1, 58], []
[2025-01-30 00:00:31,356][__main__][INFO] - [1, 59], []
[2025-01-30 00:00:31,411][__main__][INFO] - [2, 10], []
[2025-01-30 00:00:31,562][__main__][INFO] - [2, 11], []
[2025-01-30 00:00:31,719][__main__][INFO] - [2, 12], []
[2025-01-30 00:00:31,908][__main__][INFO] - [2, 13], []
[2025-01-30 00:00:32,076][__main__][INFO] - [2, 14], []
[2025-01-30 00:00:32,251][__main__][INFO] - [2, 15], []
[2025-01-30 00:00:32,435][__main__][INFO] - [2, 16], []
[2025-01-30 00:00:32,645][__main__][INFO] - [2, 17], []
[2025-01-30 00:00:32,821][__main__][INFO] - [2, 18], []
[2025-01-30 00:00:32,913][__main__][INFO] - [2, 19], []
[2025-01-30 00:00:32,966][__main__][INFO] - [2, 20], []
[2025-01-30 00:00:34,547][__main__][INFO] - [2, 21], []
[2025-01-30 00:00:34,583][__main__][INFO] - [2, 22], []
[2025-01-30 00:00:34,749][__main__][INFO] - [2, 23], []
[2025-01-30 00:00:34,808][__main__][INFO] - [2, 24], []
[2025-01-30 00:00:34,824][__main__][INFO] - [2, 25], []
[2025-01-30 00:00:34,842][__main__][INFO] - [2, 26], []
[2025-01-30 00:00:35,157][__main__][INFO] - [2], [26]
[2025-01-30 00:00:36,718][__main__][INFO] - [2, 27], []
[2025-01-30 00:00:38,239][__main__][INFO] - [2, 28], []
[2025-01-30 00:00:38,348][__main__][INFO] - [2, 29], []
[2025-01-30 00:00:38,471][__main__][INFO] - [2, 30], []
[2025-01-30 00:00:38,500][__main__][INFO] - [2, 31], []
[2025-01-30 00:00:38,518][__main__][INFO] - [2, 32], []
[2025-01-30 00:00:39,990][__main__][INFO] - [2, 33], []
[2025-01-30 00:00:40,089][__main__][INFO] - [2, 34], []
[2025-01-30 00:00:40,111][__main__][INFO] - [2, 35], []
[2025-01-30 00:00:40,137][__main__][INFO] - [2, 36], []
[2025-01-30 00:00:40,404][__main__][INFO] - [2, 37], []
[2025-01-30 00:00:41,290][__main__][INFO] - [2, 38], []
[2025-01-30 00:00:41,755][__main__][INFO] - [2, 39], []
[2025-01-30 00:00:42,007][__main__][INFO] - [2, 40], []
[2025-01-30 00:00:42,044][__main__][INFO] - [2, 41], []
[2025-01-30 00:00:42,279][__main__][INFO] - [2], [41]
[2025-01-30 00:00:43,995][__main__][INFO] - [2, 42], []
[2025-01-30 00:00:44,081][__main__][INFO] - [2], [42]
[2025-01-30 00:00:46,083][__main__][INFO] - [2, 43], []
[2025-01-30 00:00:46,137][__main__][INFO] - [2], [43]
[2025-01-30 00:00:48,261][__main__][INFO] - [2, 44], []
[2025-01-30 00:00:50,102][__main__][INFO] - [2, 45], []
[2025-01-30 00:00:50,197][__main__][INFO] - [2, 46], []
[2025-01-30 00:00:50,268][__main__][INFO] - [2, 47], []
[2025-01-30 00:00:51,997][__main__][INFO] - [2, 48], []
[2025-01-30 00:00:52,317][__main__][INFO] - [2, 49], []
[2025-01-30 00:00:52,346][__main__][INFO] - [2, 50], []
[2025-01-30 00:00:52,451][__main__][INFO] - [2, 51], []
[2025-01-30 00:00:52,532][__main__][INFO] - [2, 52], []
[2025-01-30 00:00:52,622][__main__][INFO] - [2, 53], []
[2025-01-30 00:00:52,721][__main__][INFO] - [2, 54], []
[2025-01-30 00:00:52,814][__main__][INFO] - [2, 55], []
[2025-01-30 00:00:52,903][__main__][INFO] - [2, 56], []
[2025-01-30 00:00:52,983][__main__][INFO] - [2, 57], []
[2025-01-30 00:00:53,059][__main__][INFO] - [2, 58], []
[2025-01-30 00:00:53,125][__main__][INFO] - [2, 59], []
[2025-01-30 00:00:53,744][__main__][INFO] - [3, 10], []
[2025-01-30 00:00:53,784][__main__][INFO] - [3, 11], []
[2025-01-30 00:00:53,818][__main__][INFO] - [3, 12], []
[2025-01-30 00:00:53,849][__main__][INFO] - [3, 13], []
[2025-01-30 00:00:53,876][__main__][INFO] - [3, 14], []
[2025-01-30 00:00:53,902][__main__][INFO] - [3, 15], []
[2025-01-30 00:00:53,925][__main__][INFO] - [3, 16], []
[2025-01-30 00:00:53,948][__main__][INFO] - [3, 17], []
[2025-01-30 00:00:53,968][__main__][INFO] - [3, 18], []
[2025-01-30 00:00:53,984][__main__][INFO] - [3, 19], []
[2025-01-30 00:00:53,999][__main__][INFO] - [3, 20], []
[2025-01-30 00:00:54,103][__main__][INFO] - [3, 21], []
[2025-01-30 00:00:54,125][__main__][INFO] - [3, 22], []
[2025-01-30 00:00:54,141][__main__][INFO] - [3, 23], []
[2025-01-30 00:00:54,156][__main__][INFO] - [3, 24], []
[2025-01-30 00:00:54,172][__main__][INFO] - [3, 25], []
[2025-01-30 00:00:54,188][__main__][INFO] - [3, 26], []
[2025-01-30 00:00:54,216][__main__][INFO] - [3], [26]
[2025-01-30 00:00:54,324][__main__][INFO] - [3, 27], []
[2025-01-30 00:00:54,425][__main__][INFO] - [3, 28], []
[2025-01-30 00:00:54,441][__main__][INFO] - [3, 29], []
[2025-01-30 00:00:54,457][__main__][INFO] - [3, 30], []
[2025-01-30 00:00:54,476][__main__][INFO] - [3, 31], []
[2025-01-30 00:00:54,491][__main__][INFO] - [3, 32], []
[2025-01-30 00:00:54,564][__main__][INFO] - [3, 33], []
[2025-01-30 00:00:54,583][__main__][INFO] - [3, 34], []
[2025-01-30 00:00:54,600][__main__][INFO] - [3, 35], []
[2025-01-30 00:00:54,616][__main__][INFO] - [3, 36], []
[2025-01-30 00:00:54,669][__main__][INFO] - [3, 37], []
[2025-01-30 00:00:54,705][__main__][INFO] - [3, 38], []
[2025-01-30 00:00:54,779][__main__][INFO] - [3, 39], []
[2025-01-30 00:00:54,807][__main__][INFO] - [3, 40], []
[2025-01-30 00:00:54,823][__main__][INFO] - [3, 41], []
[2025-01-30 00:00:54,839][__main__][INFO] - [3], [41]
[2025-01-30 00:00:54,947][__main__][INFO] - [3, 42], []
[2025-01-30 00:00:54,965][__main__][INFO] - [3], [42]
[2025-01-30 00:00:55,089][__main__][INFO] - [3, 43], []
[2025-01-30 00:00:55,107][__main__][INFO] - [3], [43]
[2025-01-30 00:00:55,231][__main__][INFO] - [3, 44], []
[2025-01-30 00:00:55,331][__main__][INFO] - [3, 45], []
[2025-01-30 00:00:55,352][__main__][INFO] - [3, 46], []
[2025-01-30 00:00:55,380][__main__][INFO] - [3, 47], []
[2025-01-30 00:00:55,477][__main__][INFO] - [3, 48], []
[2025-01-30 00:00:55,515][__main__][INFO] - [3, 49], []
[2025-01-30 00:00:55,531][__main__][INFO] - [3, 50], []
[2025-01-30 00:00:55,554][__main__][INFO] - [3, 51], []
[2025-01-30 00:00:55,574][__main__][INFO] - [3, 52], []
[2025-01-30 00:00:55,595][__main__][INFO] - [3, 53], []
[2025-01-30 00:00:55,616][__main__][INFO] - [3, 54], []
[2025-01-30 00:00:55,632][__main__][INFO] - [3, 55], []
[2025-01-30 00:00:55,652][__main__][INFO] - [3, 56], []
[2025-01-30 00:00:55,673][__main__][INFO] - [3, 57], []
[2025-01-30 00:00:55,689][__main__][INFO] - [3, 58], []
[2025-01-30 00:00:55,708][__main__][INFO] - [3, 59], []
[2025-01-30 00:00:55,768][__main__][INFO] - [4, 10], []
[2025-01-30 00:00:55,813][__main__][INFO] - [4, 11], []
[2025-01-30 00:00:55,858][__main__][INFO] - [4, 12], []
[2025-01-30 00:00:55,912][__main__][INFO] - [4, 13], []
[2025-01-30 00:00:55,967][__main__][INFO] - [4, 14], []
[2025-01-30 00:00:56,027][__main__][INFO] - [4, 15], []
[2025-01-30 00:00:56,083][__main__][INFO] - [4, 16], []
[2025-01-30 00:00:56,136][__main__][INFO] - [4, 17], []
[2025-01-30 00:00:56,178][__main__][INFO] - [4, 18], []
[2025-01-30 00:00:56,194][__main__][INFO] - [4, 19], []
[2025-01-30 00:00:56,217][__main__][INFO] - [4, 20], []
[2025-01-30 00:00:56,341][__main__][INFO] - [4, 21], []
[2025-01-30 00:00:56,569][__main__][INFO] - [4, 22], []
[2025-01-30 00:00:56,586][__main__][INFO] - [4, 23], []
[2025-01-30 00:00:56,602][__main__][INFO] - [4, 24], []
[2025-01-30 00:00:56,619][__main__][INFO] - [4, 25], []
[2025-01-30 00:00:56,635][__main__][INFO] - [4, 26], []
[2025-01-30 00:00:56,678][__main__][INFO] - [4], [26]
[2025-01-30 00:00:56,993][__main__][INFO] - [4, 27], []
[2025-01-30 00:00:57,109][__main__][INFO] - [4, 28], []
[2025-01-30 00:00:57,183][__main__][INFO] - [4, 29], []
[2025-01-30 00:00:57,326][__main__][INFO] - [4, 30], []
[2025-01-30 00:00:57,348][__main__][INFO] - [4, 31], []
[2025-01-30 00:00:57,364][__main__][INFO] - [4, 32], []
[2025-01-30 00:00:57,630][__main__][INFO] - [4, 33], []
[2025-01-30 00:00:57,653][__main__][INFO] - [4, 34], []
[2025-01-30 00:00:57,670][__main__][INFO] - [4, 35], []
[2025-01-30 00:00:57,687][__main__][INFO] - [4, 36], []
[2025-01-30 00:00:57,751][__main__][INFO] - [4, 37], []
[2025-01-30 00:00:58,015][__main__][INFO] - [4, 38], []
[2025-01-30 00:00:58,048][__main__][INFO] - [4, 39], []
[2025-01-30 00:00:58,102][__main__][INFO] - [4, 40], []
[2025-01-30 00:00:58,119][__main__][INFO] - [4, 41], []
[2025-01-30 00:00:58,337][__main__][INFO] - [4], [41]
[2025-01-30 00:00:58,463][__main__][INFO] - [4, 42], []
[2025-01-30 00:00:58,480][__main__][INFO] - [4], [42]
[2025-01-30 00:00:58,834][__main__][INFO] - [4, 43], []
[2025-01-30 00:00:58,856][__main__][INFO] - [4], [43]
[2025-01-30 00:00:59,203][__main__][INFO] - [4, 44], []
[2025-01-30 00:00:59,515][__main__][INFO] - [4, 45], []
[2025-01-30 00:00:59,542][__main__][INFO] - [4, 46], []
[2025-01-30 00:00:59,569][__main__][INFO] - [4, 47], []
[2025-01-30 00:00:59,832][__main__][INFO] - [4, 48], []
[2025-01-30 00:00:59,924][__main__][INFO] - [4, 49], []
[2025-01-30 00:00:59,941][__main__][INFO] - [4, 50], []
[2025-01-30 00:00:59,973][__main__][INFO] - [4, 51], []
[2025-01-30 00:00:59,990][__main__][INFO] - [4, 52], []
[2025-01-30 00:01:00,020][__main__][INFO] - [4, 53], []
[2025-01-30 00:01:00,052][__main__][INFO] - [4, 54], []
[2025-01-30 00:01:00,079][__main__][INFO] - [4, 55], []
[2025-01-30 00:01:00,107][__main__][INFO] - [4, 56], []
[2025-01-30 00:01:00,134][__main__][INFO] - [4, 57], []
[2025-01-30 00:01:00,162][__main__][INFO] - [4, 58], []
[2025-01-30 00:01:00,178][__main__][INFO] - [4, 59], []
[2025-01-30 00:01:00,338][__main__][INFO] - [5, 10], []
[2025-01-30 00:01:00,362][__main__][INFO] - [5, 11], []
[2025-01-30 00:01:00,378][__main__][INFO] - [5, 12], []
[2025-01-30 00:01:00,406][__main__][INFO] - [5, 13], []
[2025-01-30 00:01:00,433][__main__][INFO] - [5, 14], []
[2025-01-30 00:01:00,458][__main__][INFO] - [5, 15], []
[2025-01-30 00:01:00,485][__main__][INFO] - [5, 16], []
[2025-01-30 00:01:00,513][__main__][INFO] - [5, 17], []
[2025-01-30 00:01:00,536][__main__][INFO] - [5, 18], []
[2025-01-30 00:01:00,552][__main__][INFO] - [5, 19], []
[2025-01-30 00:01:00,568][__main__][INFO] - [5, 20], []
[2025-01-30 00:01:00,666][__main__][INFO] - [5, 21], []
[2025-01-30 00:01:00,682][__main__][INFO] - [5, 22], []
[2025-01-30 00:01:00,700][__main__][INFO] - [5, 23], []
[2025-01-30 00:01:00,717][__main__][INFO] - [5, 24], []
[2025-01-30 00:01:00,751][__main__][INFO] - [5, 26], []
[2025-01-30 00:01:00,784][__main__][INFO] - [5], [26]
[2025-01-30 00:01:00,872][__main__][INFO] - [5, 27], []
[2025-01-30 00:01:00,976][__main__][INFO] - [5, 28], []
[2025-01-30 00:01:00,994][__main__][INFO] - [5, 29], []
[2025-01-30 00:01:01,015][__main__][INFO] - [5, 30], []
[2025-01-30 00:01:01,031][__main__][INFO] - [5, 31], []
[2025-01-30 00:01:01,046][__main__][INFO] - [5, 32], []
[2025-01-30 00:01:01,126][__main__][INFO] - [5, 33], []
[2025-01-30 00:01:01,148][__main__][INFO] - [5, 34], []
[2025-01-30 00:01:01,164][__main__][INFO] - [5, 35], []
[2025-01-30 00:01:01,181][__main__][INFO] - [5, 36], []
[2025-01-30 00:01:01,212][__main__][INFO] - [5, 37], []
[2025-01-30 00:01:01,293][__main__][INFO] - [5, 38], []
[2025-01-30 00:01:01,310][__main__][INFO] - [5, 39], []
[2025-01-30 00:01:01,339][__main__][INFO] - [5, 40], []
[2025-01-30 00:01:01,355][__main__][INFO] - [5, 41], []
[2025-01-30 00:01:01,378][__main__][INFO] - [5], [41]
[2025-01-30 00:01:01,478][__main__][INFO] - [5, 42], []
[2025-01-30 00:01:01,497][__main__][INFO] - [5], [42]
[2025-01-30 00:01:01,606][__main__][INFO] - [5, 43], []
[2025-01-30 00:01:01,622][__main__][INFO] - [5], [43]
[2025-01-30 00:01:01,727][__main__][INFO] - [5, 44], []
[2025-01-30 00:01:01,824][__main__][INFO] - [5, 45], []
[2025-01-30 00:01:01,841][__main__][INFO] - [5, 46], []
[2025-01-30 00:01:01,860][__main__][INFO] - [5, 47], []
[2025-01-30 00:01:01,950][__main__][INFO] - [5, 48], []
[2025-01-30 00:01:01,985][__main__][INFO] - [5, 49], []
[2025-01-30 00:01:02,002][__main__][INFO] - [5, 50], []
[2025-01-30 00:01:02,018][__main__][INFO] - [5, 51], []
[2025-01-30 00:01:02,041][__main__][INFO] - [5, 52], []
[2025-01-30 00:01:02,062][__main__][INFO] - [5, 53], []
[2025-01-30 00:01:02,082][__main__][INFO] - [5, 54], []
[2025-01-30 00:01:02,102][__main__][INFO] - [5, 55], []
[2025-01-30 00:01:02,122][__main__][INFO] - [5, 56], []
[2025-01-30 00:01:02,138][__main__][INFO] - [5, 57], []
[2025-01-30 00:01:02,158][__main__][INFO] - [5, 58], []
[2025-01-30 00:01:02,176][__main__][INFO] - [5, 59], []
[2025-01-30 00:01:02,223][__main__][INFO] - [6, 10], []
[2025-01-30 00:01:02,241][__main__][INFO] - [6, 11], []
[2025-01-30 00:01:02,259][__main__][INFO] - [6, 12], []
[2025-01-30 00:01:02,277][__main__][INFO] - [6, 13], []
[2025-01-30 00:01:02,295][__main__][INFO] - [6, 14], []
[2025-01-30 00:01:02,313][__main__][INFO] - [6, 15], []
[2025-01-30 00:01:02,331][__main__][INFO] - [6, 16], []
[2025-01-30 00:01:02,350][__main__][INFO] - [6, 17], []
[2025-01-30 00:01:02,367][__main__][INFO] - [6, 18], []
[2025-01-30 00:01:02,384][__main__][INFO] - [6, 19], []
[2025-01-30 00:01:02,400][__main__][INFO] - [6, 20], []
[2025-01-30 00:01:02,447][__main__][INFO] - [6, 22], []
[2025-01-30 00:01:02,507][__main__][INFO] - [6, 26], []
[2025-01-30 00:01:02,526][__main__][INFO] - [6], [26]
[2025-01-30 00:01:02,557][__main__][INFO] - [6, 27], []
[2025-01-30 00:01:02,589][__main__][INFO] - [6, 28], []
[2025-01-30 00:01:02,605][__main__][INFO] - [6, 29], []
[2025-01-30 00:01:02,622][__main__][INFO] - [6, 30], []
[2025-01-30 00:01:02,653][__main__][INFO] - [6, 32], []
[2025-01-30 00:01:02,682][__main__][INFO] - [6, 33], []
[2025-01-30 00:01:02,727][__main__][INFO] - [6, 36], []
[2025-01-30 00:01:02,746][__main__][INFO] - [6, 37], []
[2025-01-30 00:01:02,775][__main__][INFO] - [6, 38], []
[2025-01-30 00:01:02,794][__main__][INFO] - [6, 39], []
[2025-01-30 00:01:02,811][__main__][INFO] - [6, 40], []
[2025-01-30 00:01:02,827][__main__][INFO] - [6, 41], []
[2025-01-30 00:01:02,844][__main__][INFO] - [6], [41]
[2025-01-30 00:01:02,878][__main__][INFO] - [6, 42], []
[2025-01-30 00:01:02,895][__main__][INFO] - [6], [42]
[2025-01-30 00:01:02,929][__main__][INFO] - [6, 43], []
[2025-01-30 00:01:02,945][__main__][INFO] - [6], [43]
[2025-01-30 00:01:02,980][__main__][INFO] - [6, 44], []
[2025-01-30 00:01:03,014][__main__][INFO] - [6, 45], []
[2025-01-30 00:01:03,031][__main__][INFO] - [6, 46], []
[2025-01-30 00:01:03,048][__main__][INFO] - [6, 47], []
[2025-01-30 00:01:03,077][__main__][INFO] - [6, 48], []
[2025-01-30 00:01:03,097][__main__][INFO] - [6, 49], []
[2025-01-30 00:01:03,114][__main__][INFO] - [6, 50], []
[2025-01-30 00:01:03,131][__main__][INFO] - [6, 51], []
[2025-01-30 00:01:03,149][__main__][INFO] - [6, 52], []
[2025-01-30 00:01:03,166][__main__][INFO] - [6, 53], []
[2025-01-30 00:01:03,183][__main__][INFO] - [6, 54], []
[2025-01-30 00:01:03,200][__main__][INFO] - [6, 55], []
[2025-01-30 00:01:03,217][__main__][INFO] - [6, 56], []
[2025-01-30 00:01:03,234][__main__][INFO] - [6, 57], []
[2025-01-30 00:01:03,251][__main__][INFO] - [6, 58], []
[2025-01-30 00:01:03,268][__main__][INFO] - [6, 59], []
[2025-01-30 00:01:03,301][__main__][INFO] - [7, 10], []
[2025-01-30 00:01:03,316][__main__][INFO] - [7, 11], []
[2025-01-30 00:01:03,332][__main__][INFO] - [7, 12], []
[2025-01-30 00:01:03,348][__main__][INFO] - [7, 13], []
[2025-01-30 00:01:03,363][__main__][INFO] - [7, 14], []
[2025-01-30 00:01:03,380][__main__][INFO] - [7, 15], []
[2025-01-30 00:01:03,396][__main__][INFO] - [7, 16], []
[2025-01-30 00:01:03,413][__main__][INFO] - [7, 17], []
[2025-01-30 00:01:03,429][__main__][INFO] - [7, 18], []
[2025-01-30 00:01:03,458][__main__][INFO] - [7, 20], []
[2025-01-30 00:01:03,478][__main__][INFO] - [7, 21], []
[2025-01-30 00:01:03,537][__main__][INFO] - [7, 25], []
[2025-01-30 00:01:03,552][__main__][INFO] - [7, 26], []
[2025-01-30 00:01:03,568][__main__][INFO] - [7], [26]
[2025-01-30 00:01:03,589][__main__][INFO] - [7, 27], []
[2025-01-30 00:01:03,608][__main__][INFO] - [7, 28], []
[2025-01-30 00:01:03,624][__main__][INFO] - [7, 29], []
[2025-01-30 00:01:03,640][__main__][INFO] - [7, 30], []
[2025-01-30 00:01:03,655][__main__][INFO] - [7, 31], []
[2025-01-30 00:01:03,671][__main__][INFO] - [7, 32], []
[2025-01-30 00:01:03,691][__main__][INFO] - [7, 33], []
[2025-01-30 00:01:03,735][__main__][INFO] - [7, 36], []
[2025-01-30 00:01:03,751][__main__][INFO] - [7, 37], []
[2025-01-30 00:01:03,767][__main__][INFO] - [7, 38], []
[2025-01-30 00:01:03,784][__main__][INFO] - [7, 39], []
[2025-01-30 00:01:03,815][__main__][INFO] - [7, 41], []
[2025-01-30 00:01:03,831][__main__][INFO] - [7], [41]
[2025-01-30 00:01:03,851][__main__][INFO] - [7, 42], []
[2025-01-30 00:01:03,867][__main__][INFO] - [7], [42]
[2025-01-30 00:01:03,889][__main__][INFO] - [7, 43], []
[2025-01-30 00:01:03,905][__main__][INFO] - [7], [43]
[2025-01-30 00:01:03,926][__main__][INFO] - [7, 44], []
[2025-01-30 00:01:03,946][__main__][INFO] - [7, 45], []
[2025-01-30 00:01:03,962][__main__][INFO] - [7, 46], []
[2025-01-30 00:01:03,978][__main__][INFO] - [7, 47], []
[2025-01-30 00:01:03,998][__main__][INFO] - [7, 48], []
[2025-01-30 00:01:04,013][__main__][INFO] - [7, 49], []
[2025-01-30 00:01:04,029][__main__][INFO] - [7, 50], []
[2025-01-30 00:01:04,045][__main__][INFO] - [7, 51], []
[2025-01-30 00:01:04,061][__main__][INFO] - [7, 52], []
[2025-01-30 00:01:04,077][__main__][INFO] - [7, 53], []
[2025-01-30 00:01:04,092][__main__][INFO] - [7, 54], []
[2025-01-30 00:01:04,109][__main__][INFO] - [7, 55], []
[2025-01-30 00:01:04,124][__main__][INFO] - [7, 56], []
[2025-01-30 00:01:04,140][__main__][INFO] - [7, 57], []
[2025-01-30 00:01:04,156][__main__][INFO] - [7, 58], []
[2025-01-30 00:01:04,171][__main__][INFO] - [7, 59], []
[2025-01-30 00:01:04,203][__main__][INFO] - [8, 10], []
[2025-01-30 00:01:04,219][__main__][INFO] - [8, 11], []
[2025-01-30 00:01:04,236][__main__][INFO] - [8, 12], []
[2025-01-30 00:01:04,253][__main__][INFO] - [8, 13], []
[2025-01-30 00:01:04,268][__main__][INFO] - [8, 14], []
[2025-01-30 00:01:04,285][__main__][INFO] - [8, 15], []
[2025-01-30 00:01:04,302][__main__][INFO] - [8, 16], []
[2025-01-30 00:01:04,319][__main__][INFO] - [8, 17], []
[2025-01-30 00:01:04,363][__main__][INFO] - [8, 20], []
[2025-01-30 00:01:04,397][__main__][INFO] - [8, 22], []
[2025-01-30 00:01:04,455][__main__][INFO] - [8, 26], []
[2025-01-30 00:01:04,472][__main__][INFO] - [8], [26]
[2025-01-30 00:01:04,492][__main__][INFO] - [8, 27], []
[2025-01-30 00:01:04,511][__main__][INFO] - [8, 28], []
[2025-01-30 00:01:04,527][__main__][INFO] - [8, 29], []
[2025-01-30 00:01:04,571][__main__][INFO] - [8, 32], []
[2025-01-30 00:01:04,591][__main__][INFO] - [8, 33], []
[2025-01-30 00:01:04,636][__main__][INFO] - [8, 36], []
[2025-01-30 00:01:04,653][__main__][INFO] - [8, 37], []
[2025-01-30 00:01:04,671][__main__][INFO] - [8, 38], []
[2025-01-30 00:01:04,688][__main__][INFO] - [8, 39], []
[2025-01-30 00:01:04,719][__main__][INFO] - [8, 41], []
[2025-01-30 00:01:04,735][__main__][INFO] - [8], [41]
[2025-01-30 00:01:04,754][__main__][INFO] - [8, 42], []
[2025-01-30 00:01:04,771][__main__][INFO] - [8], [42]
[2025-01-30 00:01:04,791][__main__][INFO] - [8, 43], []
[2025-01-30 00:01:04,807][__main__][INFO] - [8], [43]
[2025-01-30 00:01:04,827][__main__][INFO] - [8, 44], []
[2025-01-30 00:01:04,847][__main__][INFO] - [8, 45], []
[2025-01-30 00:01:04,863][__main__][INFO] - [8, 46], []
[2025-01-30 00:01:04,880][__main__][INFO] - [8, 47], []
[2025-01-30 00:01:04,899][__main__][INFO] - [8, 48], []
[2025-01-30 00:01:04,930][__main__][INFO] - [8, 50], []
[2025-01-30 00:01:04,947][__main__][INFO] - [8, 51], []
[2025-01-30 00:01:04,964][__main__][INFO] - [8, 52], []
[2025-01-30 00:01:04,979][__main__][INFO] - [8, 53], []
[2025-01-30 00:01:04,996][__main__][INFO] - [8, 54], []
[2025-01-30 00:01:05,012][__main__][INFO] - [8, 55], []
[2025-01-30 00:01:05,028][__main__][INFO] - [8, 56], []
[2025-01-30 00:01:05,045][__main__][INFO] - [8, 57], []
[2025-01-30 00:01:05,061][__main__][INFO] - [8, 58], []
[2025-01-30 00:01:05,077][__main__][INFO] - [8, 59], []
[2025-01-30 00:01:05,246][__main__][INFO] - [9, 20], []
[2025-01-30 00:01:05,362][__main__][INFO] - [9, 27], []
[2025-01-30 00:01:05,434][__main__][INFO] - [9, 32], []
[2025-01-30 00:01:05,576][__main__][INFO] - [9], [41]
[2025-01-30 00:01:05,607][__main__][INFO] - [9], [42]
[2025-01-30 00:01:05,637][__main__][INFO] - [9], [43]
[2025-01-30 00:01:05,653][__main__][INFO] - [9, 44], []
[2025-01-30 00:01:05,698][__main__][INFO] - [9, 47], []
[2025-01-30 00:01:05,899][__main__][INFO] - [10, 20], []
[2025-01-30 00:01:06,140][__main__][INFO] - [10, 21], []
[2025-01-30 00:01:06,161][__main__][INFO] - [10, 22], []
[2025-01-30 00:01:06,181][__main__][INFO] - [10, 23], []
[2025-01-30 00:01:06,197][__main__][INFO] - [10, 24], []
[2025-01-30 00:01:06,213][__main__][INFO] - [10, 25], []
[2025-01-30 00:01:06,229][__main__][INFO] - [10, 26], []
[2025-01-30 00:01:06,250][__main__][INFO] - [10], [26]
[2025-01-30 00:01:06,498][__main__][INFO] - [10, 27], []
[2025-01-30 00:01:06,737][__main__][INFO] - [10, 28], []
[2025-01-30 00:01:06,754][__main__][INFO] - [10, 29], []
[2025-01-30 00:01:06,770][__main__][INFO] - [10, 30], []
[2025-01-30 00:01:06,790][__main__][INFO] - [10, 31], []
[2025-01-30 00:01:06,863][__main__][INFO] - [10, 36], []
[2025-01-30 00:01:07,108][__main__][INFO] - [10, 37], []
[2025-01-30 00:01:07,234][__main__][INFO] - [10, 38], []
[2025-01-30 00:01:07,304][__main__][INFO] - [10, 39], []
[2025-01-30 00:01:07,360][__main__][INFO] - [10, 40], []
[2025-01-30 00:01:07,380][__main__][INFO] - [10, 41], []
[2025-01-30 00:01:07,396][__main__][INFO] - [10], [41]
[2025-01-30 00:01:07,640][__main__][INFO] - [10, 42], []
[2025-01-30 00:01:07,657][__main__][INFO] - [10], [42]
[2025-01-30 00:01:07,898][__main__][INFO] - [10, 43], []
[2025-01-30 00:01:07,916][__main__][INFO] - [10], [43]
[2025-01-30 00:01:08,154][__main__][INFO] - [10, 44], []
[2025-01-30 00:01:08,280][__main__][INFO] - [10, 45], []
[2025-01-30 00:01:08,299][__main__][INFO] - [10, 46], []
[2025-01-30 00:01:08,417][__main__][INFO] - [10, 47], []
[2025-01-30 00:01:08,689][__main__][INFO] - [10, 50], []
[2025-01-30 00:01:08,717][__main__][INFO] - [10, 51], []
[2025-01-30 00:01:08,746][__main__][INFO] - [10, 52], []
[2025-01-30 00:01:08,777][__main__][INFO] - [10, 53], []
[2025-01-30 00:01:08,806][__main__][INFO] - [10, 54], []
[2025-01-30 00:01:08,834][__main__][INFO] - [10, 55], []
[2025-01-30 00:01:08,859][__main__][INFO] - [10, 56], []
[2025-01-30 00:01:08,884][__main__][INFO] - [10, 57], []
[2025-01-30 00:01:08,907][__main__][INFO] - [10, 58], []
[2025-01-30 00:01:08,929][__main__][INFO] - [10, 59], []
[2025-01-30 00:01:09,014][__main__][INFO] - [11, 20], []
[2025-01-30 00:01:09,270][__main__][INFO] - [11, 21], []
[2025-01-30 00:01:09,294][__main__][INFO] - [11, 22], []
[2025-01-30 00:01:09,317][__main__][INFO] - [11, 23], []
[2025-01-30 00:01:09,335][__main__][INFO] - [11, 24], []
[2025-01-30 00:01:09,351][__main__][INFO] - [11, 25], []
[2025-01-30 00:01:09,367][__main__][INFO] - [11, 26], []
[2025-01-30 00:01:09,394][__main__][INFO] - [11], [26]
[2025-01-30 00:01:09,654][__main__][INFO] - [11, 27], []
[2025-01-30 00:01:09,913][__main__][INFO] - [11, 28], []
[2025-01-30 00:01:09,929][__main__][INFO] - [11, 29], []
[2025-01-30 00:01:09,950][__main__][INFO] - [11, 30], []
[2025-01-30 00:01:09,969][__main__][INFO] - [11, 31], []
[2025-01-30 00:01:09,985][__main__][INFO] - [11, 32], []
[2025-01-30 00:01:10,066][__main__][INFO] - [11, 34], []
[2025-01-30 00:01:10,096][__main__][INFO] - [11, 36], []
[2025-01-30 00:01:10,302][__main__][INFO] - [11, 37], []
[2025-01-30 00:01:10,446][__main__][INFO] - [11, 38], []
[2025-01-30 00:01:10,519][__main__][INFO] - [11, 39], []
[2025-01-30 00:01:10,573][__main__][INFO] - [11, 40], []
[2025-01-30 00:01:10,592][__main__][INFO] - [11, 41], []
[2025-01-30 00:01:10,621][__main__][INFO] - [11], [41]
[2025-01-30 00:01:10,897][__main__][INFO] - [11, 42], []
[2025-01-30 00:01:10,915][__main__][INFO] - [11], [42]
[2025-01-30 00:01:11,203][__main__][INFO] - [11, 43], []
[2025-01-30 00:01:11,222][__main__][INFO] - [11], [43]
[2025-01-30 00:01:11,517][__main__][INFO] - [11, 44], []
[2025-01-30 00:01:11,783][__main__][INFO] - [11, 45], []
[2025-01-30 00:01:11,822][__main__][INFO] - [11, 47], []
[2025-01-30 00:01:12,028][__main__][INFO] - [11, 48], []
[2025-01-30 00:01:12,098][__main__][INFO] - [11, 49], []
[2025-01-30 00:01:12,115][__main__][INFO] - [11, 50], []
[2025-01-30 00:01:12,151][__main__][INFO] - [11, 51], []
[2025-01-30 00:01:12,181][__main__][INFO] - [11, 52], []
[2025-01-30 00:01:12,213][__main__][INFO] - [11, 53], []
[2025-01-30 00:01:12,243][__main__][INFO] - [11, 54], []
[2025-01-30 00:01:12,271][__main__][INFO] - [11, 55], []
[2025-01-30 00:01:12,298][__main__][INFO] - [11, 56], []
[2025-01-30 00:01:12,324][__main__][INFO] - [11, 57], []
[2025-01-30 00:01:12,348][__main__][INFO] - [11, 58], []
[2025-01-30 00:01:12,371][__main__][INFO] - [11, 59], []
[2025-01-30 00:01:12,458][__main__][INFO] - [12, 20], []
[2025-01-30 00:01:12,730][__main__][INFO] - [12, 21], []
[2025-01-30 00:01:12,764][__main__][INFO] - [12, 22], []
[2025-01-30 00:01:12,800][__main__][INFO] - [12, 23], []
[2025-01-30 00:01:12,819][__main__][INFO] - [12, 24], []
[2025-01-30 00:01:12,835][__main__][INFO] - [12, 25], []
[2025-01-30 00:01:12,851][__main__][INFO] - [12, 26], []
[2025-01-30 00:01:12,886][__main__][INFO] - [12], [26]
[2025-01-30 00:01:13,176][__main__][INFO] - [12, 27], []
[2025-01-30 00:01:13,455][__main__][INFO] - [12, 28], []
[2025-01-30 00:01:13,496][__main__][INFO] - [12, 29], []
[2025-01-30 00:01:13,524][__main__][INFO] - [12, 30], []
[2025-01-30 00:01:13,543][__main__][INFO] - [12, 31], []
[2025-01-30 00:01:13,560][__main__][INFO] - [12, 32], []
[2025-01-30 00:01:13,872][__main__][INFO] - [12, 33], []
[2025-01-30 00:01:13,892][__main__][INFO] - [12, 34], []
[2025-01-30 00:01:13,913][__main__][INFO] - [12, 35], []
[2025-01-30 00:01:13,945][__main__][INFO] - [12, 37], []
[2025-01-30 00:01:14,128][__main__][INFO] - [12, 38], []
[2025-01-30 00:01:14,199][__main__][INFO] - [12, 39], []
[2025-01-30 00:01:14,260][__main__][INFO] - [12, 40], []
[2025-01-30 00:01:14,279][__main__][INFO] - [12, 41], []
[2025-01-30 00:01:14,335][__main__][INFO] - [12], [41]
[2025-01-30 00:01:14,591][__main__][INFO] - [12, 42], []
[2025-01-30 00:01:14,610][__main__][INFO] - [12], [42]
[2025-01-30 00:01:14,925][__main__][INFO] - [12, 43], []
[2025-01-30 00:01:14,945][__main__][INFO] - [12], [43]
[2025-01-30 00:01:15,237][__main__][INFO] - [12, 44], []
[2025-01-30 00:01:15,543][__main__][INFO] - [12, 45], []
[2025-01-30 00:01:15,583][__main__][INFO] - [12, 47], []
[2025-01-30 00:01:15,751][__main__][INFO] - [12, 48], []
[2025-01-30 00:01:15,888][__main__][INFO] - [12, 49], []
[2025-01-30 00:01:15,910][__main__][INFO] - [12, 50], []
[2025-01-30 00:01:15,959][__main__][INFO] - [12, 51], []
[2025-01-30 00:01:15,986][__main__][INFO] - [12, 52], []
[2025-01-30 00:01:16,015][__main__][INFO] - [12, 53], []
[2025-01-30 00:01:16,048][__main__][INFO] - [12, 54], []
[2025-01-30 00:01:16,077][__main__][INFO] - [12, 55], []
[2025-01-30 00:01:16,105][__main__][INFO] - [12, 56], []
[2025-01-30 00:01:16,133][__main__][INFO] - [12, 57], []
[2025-01-30 00:01:16,159][__main__][INFO] - [12, 58], []
[2025-01-30 00:01:16,183][__main__][INFO] - [12, 59], []
[2025-01-30 00:01:16,274][__main__][INFO] - [13, 20], []
[2025-01-30 00:01:16,467][__main__][INFO] - [13, 21], []
[2025-01-30 00:01:16,511][__main__][INFO] - [13, 22], []
[2025-01-30 00:01:16,558][__main__][INFO] - [13, 23], []
[2025-01-30 00:01:16,580][__main__][INFO] - [13, 24], []
[2025-01-30 00:01:16,597][__main__][INFO] - [13, 25], []
[2025-01-30 00:01:16,613][__main__][INFO] - [13, 26], []
[2025-01-30 00:01:16,643][__main__][INFO] - [13], [26]
[2025-01-30 00:01:16,899][__main__][INFO] - [13, 27], []
[2025-01-30 00:01:17,103][__main__][INFO] - [13, 28], []
[2025-01-30 00:01:17,158][__main__][INFO] - [13, 29], []
[2025-01-30 00:01:17,198][__main__][INFO] - [13, 30], []
[2025-01-30 00:01:17,217][__main__][INFO] - [13, 31], []
[2025-01-30 00:01:17,232][__main__][INFO] - [13, 32], []
[2025-01-30 00:01:17,522][__main__][INFO] - [13, 33], []
[2025-01-30 00:01:17,544][__main__][INFO] - [13, 34], []
[2025-01-30 00:01:17,562][__main__][INFO] - [13, 35], []
[2025-01-30 00:01:17,593][__main__][INFO] - [13, 37], []
[2025-01-30 00:01:17,765][__main__][INFO] - [13, 38], []
[2025-01-30 00:01:17,832][__main__][INFO] - [13, 39], []
[2025-01-30 00:01:17,886][__main__][INFO] - [13, 40], []
[2025-01-30 00:01:17,905][__main__][INFO] - [13, 41], []
[2025-01-30 00:01:17,992][__main__][INFO] - [13], [41]
[2025-01-30 00:01:18,198][__main__][INFO] - [13, 42], []
[2025-01-30 00:01:18,216][__main__][INFO] - [13], [42]
[2025-01-30 00:01:18,500][__main__][INFO] - [13, 43], []
[2025-01-30 00:01:18,520][__main__][INFO] - [13], [43]
[2025-01-30 00:01:18,800][__main__][INFO] - [13, 44], []
[2025-01-30 00:01:19,095][__main__][INFO] - [13, 45], []
[2025-01-30 00:01:19,133][__main__][INFO] - [13, 47], []
[2025-01-30 00:01:19,285][__main__][INFO] - [13, 48], []
[2025-01-30 00:01:19,412][__main__][INFO] - [13, 49], []
[2025-01-30 00:01:19,439][__main__][INFO] - [13, 50], []
[2025-01-30 00:01:19,468][__main__][INFO] - [13, 51], []
[2025-01-30 00:01:19,493][__main__][INFO] - [13, 52], []
[2025-01-30 00:01:19,520][__main__][INFO] - [13, 53], []
[2025-01-30 00:01:19,549][__main__][INFO] - [13, 54], []
[2025-01-30 00:01:19,576][__main__][INFO] - [13, 55], []
[2025-01-30 00:01:19,603][__main__][INFO] - [13, 56], []
[2025-01-30 00:01:19,629][__main__][INFO] - [13, 57], []
[2025-01-30 00:01:19,656][__main__][INFO] - [13, 58], []
[2025-01-30 00:01:19,680][__main__][INFO] - [13, 59], []
[2025-01-30 00:01:19,800][__main__][INFO] - [14, 20], []
[2025-01-30 00:01:19,970][__main__][INFO] - [14, 21], []
[2025-01-30 00:01:20,028][__main__][INFO] - [14, 22], []
[2025-01-30 00:01:20,095][__main__][INFO] - [14, 23], []
[2025-01-30 00:01:20,117][__main__][INFO] - [14, 24], []
[2025-01-30 00:01:20,135][__main__][INFO] - [14, 25], []
[2025-01-30 00:01:20,151][__main__][INFO] - [14, 26], []
[2025-01-30 00:01:20,186][__main__][INFO] - [14], [26]
[2025-01-30 00:01:20,447][__main__][INFO] - [14, 27], []
[2025-01-30 00:01:20,624][__main__][INFO] - [14, 28], []
[2025-01-30 00:01:20,685][__main__][INFO] - [14, 29], []
[2025-01-30 00:01:20,750][__main__][INFO] - [14, 30], []
[2025-01-30 00:01:20,769][__main__][INFO] - [14, 31], []
[2025-01-30 00:01:20,786][__main__][INFO] - [14, 32], []
[2025-01-30 00:01:21,068][__main__][INFO] - [14, 33], []
[2025-01-30 00:01:21,091][__main__][INFO] - [14, 34], []
[2025-01-30 00:01:21,108][__main__][INFO] - [14, 35], []
[2025-01-30 00:01:21,140][__main__][INFO] - [14, 37], []
[2025-01-30 00:01:21,328][__main__][INFO] - [14, 38], []
[2025-01-30 00:01:21,390][__main__][INFO] - [14, 39], []
[2025-01-30 00:01:21,439][__main__][INFO] - [14, 40], []
[2025-01-30 00:01:21,458][__main__][INFO] - [14, 41], []
[2025-01-30 00:01:21,583][__main__][INFO] - [14], [41]
[2025-01-30 00:01:21,761][__main__][INFO] - [14, 42], []
[2025-01-30 00:01:21,780][__main__][INFO] - [14], [42]
[2025-01-30 00:01:22,066][__main__][INFO] - [14, 43], []
[2025-01-30 00:01:22,086][__main__][INFO] - [14], [43]
[2025-01-30 00:01:22,372][__main__][INFO] - [14, 44], []
[2025-01-30 00:01:22,667][__main__][INFO] - [14, 45], []
[2025-01-30 00:01:22,705][__main__][INFO] - [14, 47], []
[2025-01-30 00:01:22,857][__main__][INFO] - [14, 48], []
[2025-01-30 00:01:23,001][__main__][INFO] - [14, 49], []
[2025-01-30 00:01:23,020][__main__][INFO] - [14, 50], []
[2025-01-30 00:01:23,048][__main__][INFO] - [14, 51], []
[2025-01-30 00:01:23,073][__main__][INFO] - [14, 52], []
[2025-01-30 00:01:23,099][__main__][INFO] - [14, 53], []
[2025-01-30 00:01:23,127][__main__][INFO] - [14, 54], []
[2025-01-30 00:01:23,154][__main__][INFO] - [14, 55], []
[2025-01-30 00:01:23,180][__main__][INFO] - [14, 56], []
[2025-01-30 00:01:23,206][__main__][INFO] - [14, 57], []
[2025-01-30 00:01:23,232][__main__][INFO] - [14, 58], []
[2025-01-30 00:01:23,256][__main__][INFO] - [14, 59], []
[2025-01-30 00:01:23,386][__main__][INFO] - [15, 20], []
[2025-01-30 00:01:23,561][__main__][INFO] - [15, 21], []
[2025-01-30 00:01:23,616][__main__][INFO] - [15, 22], []
[2025-01-30 00:01:23,681][__main__][INFO] - [15, 23], []
[2025-01-30 00:01:23,703][__main__][INFO] - [15, 24], []
[2025-01-30 00:01:23,719][__main__][INFO] - [15, 25], []
[2025-01-30 00:01:23,736][__main__][INFO] - [15, 26], []
[2025-01-30 00:01:23,781][__main__][INFO] - [15], [26]
[2025-01-30 00:01:24,028][__main__][INFO] - [15, 27], []
[2025-01-30 00:01:24,209][__main__][INFO] - [15, 28], []
[2025-01-30 00:01:24,259][__main__][INFO] - [15, 29], []
[2025-01-30 00:01:24,334][__main__][INFO] - [15, 30], []
[2025-01-30 00:01:24,350][__main__][INFO] - [15, 31], []
[2025-01-30 00:01:24,366][__main__][INFO] - [15, 32], []
[2025-01-30 00:01:24,639][__main__][INFO] - [15, 33], []
[2025-01-30 00:01:24,666][__main__][INFO] - [15, 34], []
[2025-01-30 00:01:24,683][__main__][INFO] - [15, 35], []
[2025-01-30 00:01:24,714][__main__][INFO] - [15, 37], []
[2025-01-30 00:01:24,886][__main__][INFO] - [15, 38], []
[2025-01-30 00:01:24,958][__main__][INFO] - [15, 39], []
[2025-01-30 00:01:25,005][__main__][INFO] - [15, 40], []
[2025-01-30 00:01:25,036][__main__][INFO] - [15, 41], []
[2025-01-30 00:01:25,149][__main__][INFO] - [15], [41]
[2025-01-30 00:01:25,335][__main__][INFO] - [15, 42], []
[2025-01-30 00:01:25,356][__main__][INFO] - [15], [42]
[2025-01-30 00:01:25,649][__main__][INFO] - [15, 43], []
[2025-01-30 00:01:25,670][__main__][INFO] - [15], [43]
[2025-01-30 00:01:25,961][__main__][INFO] - [15, 44], []
[2025-01-30 00:01:26,228][__main__][INFO] - [15, 45], []
[2025-01-30 00:01:26,269][__main__][INFO] - [15, 47], []
[2025-01-30 00:01:26,498][__main__][INFO] - [15, 48], []
[2025-01-30 00:01:26,552][__main__][INFO] - [15, 49], []
[2025-01-30 00:01:26,570][__main__][INFO] - [15, 50], []
[2025-01-30 00:01:26,596][__main__][INFO] - [15, 51], []
[2025-01-30 00:01:26,620][__main__][INFO] - [15, 52], []
[2025-01-30 00:01:26,645][__main__][INFO] - [15, 53], []
[2025-01-30 00:01:26,671][__main__][INFO] - [15, 54], []
[2025-01-30 00:01:26,697][__main__][INFO] - [15, 55], []
[2025-01-30 00:01:26,721][__main__][INFO] - [15, 56], []
[2025-01-30 00:01:26,747][__main__][INFO] - [15, 57], []
[2025-01-30 00:01:26,772][__main__][INFO] - [15, 58], []
[2025-01-30 00:01:26,796][__main__][INFO] - [15, 59], []
[2025-01-30 00:01:26,930][__main__][INFO] - [16, 20], []
[2025-01-30 00:01:27,133][__main__][INFO] - [16, 21], []
[2025-01-30 00:01:27,183][__main__][INFO] - [16, 22], []
[2025-01-30 00:01:27,234][__main__][INFO] - [16, 23], []
[2025-01-30 00:01:27,256][__main__][INFO] - [16, 24], []
[2025-01-30 00:01:27,272][__main__][INFO] - [16, 25], []
[2025-01-30 00:01:27,289][__main__][INFO] - [16, 26], []
[2025-01-30 00:01:27,353][__main__][INFO] - [16], [26]
[2025-01-30 00:01:27,577][__main__][INFO] - [16, 27], []
[2025-01-30 00:01:27,781][__main__][INFO] - [16, 28], []
[2025-01-30 00:01:27,816][__main__][INFO] - [16, 29], []
[2025-01-30 00:01:27,886][__main__][INFO] - [16, 30], []
[2025-01-30 00:01:27,905][__main__][INFO] - [16, 31], []
[2025-01-30 00:01:27,921][__main__][INFO] - [16, 32], []
[2025-01-30 00:01:28,185][__main__][INFO] - [16, 33], []
[2025-01-30 00:01:28,229][__main__][INFO] - [16, 35], []
[2025-01-30 00:01:28,261][__main__][INFO] - [16, 37], []
[2025-01-30 00:01:28,439][__main__][INFO] - [16, 38], []
[2025-01-30 00:01:28,514][__main__][INFO] - [16, 39], []
[2025-01-30 00:01:28,557][__main__][INFO] - [16, 40], []
[2025-01-30 00:01:28,577][__main__][INFO] - [16, 41], []
[2025-01-30 00:01:28,676][__main__][INFO] - [16], [41]
[2025-01-30 00:01:28,878][__main__][INFO] - [16, 42], []
[2025-01-30 00:01:28,904][__main__][INFO] - [16], [42]
[2025-01-30 00:01:29,189][__main__][INFO] - [16, 43], []
[2025-01-30 00:01:29,212][__main__][INFO] - [16], [43]
[2025-01-30 00:01:29,500][__main__][INFO] - [16, 44], []
[2025-01-30 00:01:29,797][__main__][INFO] - [16, 45], []
[2025-01-30 00:01:29,839][__main__][INFO] - [16, 47], []
[2025-01-30 00:01:30,194][__main__][INFO] - [16, 50], []
[2025-01-30 00:01:30,221][__main__][INFO] - [16, 51], []
[2025-01-30 00:01:30,247][__main__][INFO] - [16, 52], []
[2025-01-30 00:01:30,272][__main__][INFO] - [16, 53], []
[2025-01-30 00:01:30,298][__main__][INFO] - [16, 54], []
[2025-01-30 00:01:30,324][__main__][INFO] - [16, 55], []
[2025-01-30 00:01:30,349][__main__][INFO] - [16, 56], []
[2025-01-30 00:01:30,375][__main__][INFO] - [16, 57], []
[2025-01-30 00:01:30,400][__main__][INFO] - [16, 58], []
[2025-01-30 00:01:30,424][__main__][INFO] - [16, 59], []
[2025-01-30 00:01:30,571][__main__][INFO] - [17, 20], []
[2025-01-30 00:01:30,744][__main__][INFO] - [17, 21], []
[2025-01-30 00:01:30,789][__main__][INFO] - [17, 22], []
[2025-01-30 00:01:30,826][__main__][INFO] - [17, 23], []
[2025-01-30 00:01:30,848][__main__][INFO] - [17, 24], []
[2025-01-30 00:01:30,864][__main__][INFO] - [17, 25], []
[2025-01-30 00:01:30,880][__main__][INFO] - [17, 26], []
[2025-01-30 00:01:30,956][__main__][INFO] - [17], [26]
[2025-01-30 00:01:31,139][__main__][INFO] - [17, 27], []
[2025-01-30 00:01:31,311][__main__][INFO] - [17, 28], []
[2025-01-30 00:01:31,327][__main__][INFO] - [17, 29], []
[2025-01-30 00:01:31,386][__main__][INFO] - [17, 30], []
[2025-01-30 00:01:31,402][__main__][INFO] - [17, 31], []
[2025-01-30 00:01:31,418][__main__][INFO] - [17, 32], []
[2025-01-30 00:01:31,622][__main__][INFO] - [17, 33], []
[2025-01-30 00:01:31,680][__main__][INFO] - [17, 35], []
[2025-01-30 00:01:31,714][__main__][INFO] - [17, 37], []
[2025-01-30 00:01:31,864][__main__][INFO] - [17, 38], []
[2025-01-30 00:01:31,928][__main__][INFO] - [17, 39], []
[2025-01-30 00:01:31,966][__main__][INFO] - [17, 40], []
[2025-01-30 00:01:31,985][__main__][INFO] - [17, 41], []
[2025-01-30 00:01:32,057][__main__][INFO] - [17], [41]
[2025-01-30 00:01:32,231][__main__][INFO] - [17, 42], []
[2025-01-30 00:01:32,265][__main__][INFO] - [17], [42]
[2025-01-30 00:01:32,476][__main__][INFO] - [17, 43], []
[2025-01-30 00:01:32,500][__main__][INFO] - [17], [43]
[2025-01-30 00:01:32,723][__main__][INFO] - [17, 44], []
[2025-01-30 00:01:32,958][__main__][INFO] - [17, 45], []
[2025-01-30 00:01:33,001][__main__][INFO] - [17, 47], []
[2025-01-30 00:01:33,288][__main__][INFO] - [17, 50], []
[2025-01-30 00:01:33,312][__main__][INFO] - [17, 51], []
[2025-01-30 00:01:33,336][__main__][INFO] - [17, 52], []
[2025-01-30 00:01:33,361][__main__][INFO] - [17, 53], []
[2025-01-30 00:01:33,386][__main__][INFO] - [17, 54], []
[2025-01-30 00:01:33,411][__main__][INFO] - [17, 55], []
[2025-01-30 00:01:33,436][__main__][INFO] - [17, 56], []
[2025-01-30 00:01:33,460][__main__][INFO] - [17, 57], []
[2025-01-30 00:01:33,483][__main__][INFO] - [17, 58], []
[2025-01-30 00:01:33,506][__main__][INFO] - [17, 59], []
[2025-01-30 00:01:33,615][__main__][INFO] - [18, 20], []
[2025-01-30 00:01:33,695][__main__][INFO] - [18, 21], []
[2025-01-30 00:01:33,722][__main__][INFO] - [18, 22], []
[2025-01-30 00:01:33,738][__main__][INFO] - [18, 23], []
[2025-01-30 00:01:33,758][__main__][INFO] - [18, 24], []
[2025-01-30 00:01:33,774][__main__][INFO] - [18, 25], []
[2025-01-30 00:01:33,790][__main__][INFO] - [18, 26], []
[2025-01-30 00:01:33,850][__main__][INFO] - [18], [26]
[2025-01-30 00:01:33,914][__main__][INFO] - [18, 27], []
[2025-01-30 00:01:33,998][__main__][INFO] - [18, 28], []
[2025-01-30 00:01:34,014][__main__][INFO] - [18, 29], []
[2025-01-30 00:01:34,049][__main__][INFO] - [18, 30], []
[2025-01-30 00:01:34,065][__main__][INFO] - [18, 31], []
[2025-01-30 00:01:34,081][__main__][INFO] - [18, 32], []
[2025-01-30 00:01:34,179][__main__][INFO] - [18, 33], []
[2025-01-30 00:01:34,223][__main__][INFO] - [18, 35], []
[2025-01-30 00:01:34,256][__main__][INFO] - [18, 37], []
[2025-01-30 00:01:34,329][__main__][INFO] - [18, 38], []
[2025-01-30 00:01:34,363][__main__][INFO] - [18, 39], []
[2025-01-30 00:01:34,390][__main__][INFO] - [18, 40], []
[2025-01-30 00:01:34,407][__main__][INFO] - [18, 41], []
[2025-01-30 00:01:34,447][__main__][INFO] - [18], [41]
[2025-01-30 00:01:34,533][__main__][INFO] - [18, 42], []
[2025-01-30 00:01:34,566][__main__][INFO] - [18], [42]
[2025-01-30 00:01:34,661][__main__][INFO] - [18, 43], []
[2025-01-30 00:01:34,683][__main__][INFO] - [18], [43]
[2025-01-30 00:01:34,794][__main__][INFO] - [18, 44], []
[2025-01-30 00:01:34,896][__main__][INFO] - [18, 45], []
[2025-01-30 00:01:34,936][__main__][INFO] - [18, 47], []
[2025-01-30 00:01:35,080][__main__][INFO] - [18, 50], []
[2025-01-30 00:01:35,102][__main__][INFO] - [18, 51], []
[2025-01-30 00:01:35,122][__main__][INFO] - [18, 52], []
[2025-01-30 00:01:35,144][__main__][INFO] - [18, 53], []
[2025-01-30 00:01:35,165][__main__][INFO] - [18, 54], []
[2025-01-30 00:01:35,187][__main__][INFO] - [18, 55], []
[2025-01-30 00:01:35,208][__main__][INFO] - [18, 56], []
[2025-01-30 00:01:35,229][__main__][INFO] - [18, 57], []
[2025-01-30 00:01:35,249][__main__][INFO] - [18, 58], []
[2025-01-30 00:01:35,268][__main__][INFO] - [18, 59], []
[2025-01-30 00:01:35,323][__main__][INFO] - [19, 20], []
[2025-01-30 00:01:35,376][__main__][INFO] - [19, 21], []
[2025-01-30 00:01:35,392][__main__][INFO] - [19, 22], []
[2025-01-30 00:01:35,408][__main__][INFO] - [19, 23], []
[2025-01-30 00:01:35,427][__main__][INFO] - [19, 24], []
[2025-01-30 00:01:35,457][__main__][INFO] - [19, 26], []
[2025-01-30 00:01:35,511][__main__][INFO] - [19], [26]
[2025-01-30 00:01:35,539][__main__][INFO] - [19, 27], []
[2025-01-30 00:01:35,590][__main__][INFO] - [19, 28], []
[2025-01-30 00:01:35,606][__main__][INFO] - [19, 29], []
[2025-01-30 00:01:35,632][__main__][INFO] - [19, 30], []
[2025-01-30 00:01:35,663][__main__][INFO] - [19, 32], []
[2025-01-30 00:01:35,719][__main__][INFO] - [19, 33], []
[2025-01-30 00:01:35,759][__main__][INFO] - [19, 35], []
[2025-01-30 00:01:35,790][__main__][INFO] - [19, 37], []
[2025-01-30 00:01:35,835][__main__][INFO] - [19, 38], []
[2025-01-30 00:01:35,859][__main__][INFO] - [19, 39], []
[2025-01-30 00:01:35,882][__main__][INFO] - [19, 40], []
[2025-01-30 00:01:35,899][__main__][INFO] - [19, 41], []
[2025-01-30 00:01:35,926][__main__][INFO] - [19], [41]
[2025-01-30 00:01:35,978][__main__][INFO] - [19, 42], []
[2025-01-30 00:01:36,010][__main__][INFO] - [19], [42]
[2025-01-30 00:01:36,056][__main__][INFO] - [19, 43], []
[2025-01-30 00:01:36,079][__main__][INFO] - [19], [43]
[2025-01-30 00:01:36,137][__main__][INFO] - [19, 44], []
[2025-01-30 00:01:36,186][__main__][INFO] - [19, 45], []
[2025-01-30 00:01:36,229][__main__][INFO] - [19, 47], []
[2025-01-30 00:01:36,324][__main__][INFO] - [19, 50], []
[2025-01-30 00:01:36,346][__main__][INFO] - [19, 51], []
[2025-01-30 00:01:36,365][__main__][INFO] - [19, 52], []
[2025-01-30 00:01:36,384][__main__][INFO] - [19, 53], []
[2025-01-30 00:01:36,403][__main__][INFO] - [19, 54], []
[2025-01-30 00:01:36,422][__main__][INFO] - [19, 55], []
[2025-01-30 00:01:36,440][__main__][INFO] - [19, 56], []
[2025-01-30 00:01:36,458][__main__][INFO] - [19, 57], []
[2025-01-30 00:01:36,476][__main__][INFO] - [19, 58], []
[2025-01-30 00:01:36,492][__main__][INFO] - [19, 59], []
[2025-01-30 00:01:36,531][__main__][INFO] - [20, 26], []
[2025-01-30 00:01:36,901][__main__][INFO] - [20], [26]
[2025-01-30 00:01:38,754][__main__][INFO] - [20, 27], []
[2025-01-30 00:01:41,373][__main__][INFO] - [20, 28], []
[2025-01-30 00:01:41,390][__main__][INFO] - [20, 29], []
[2025-01-30 00:01:41,420][__main__][INFO] - [20, 31], []
[2025-01-30 00:01:41,439][__main__][INFO] - [20, 32], []
[2025-01-30 00:01:42,945][__main__][INFO] - [20, 33], []
[2025-01-30 00:01:43,061][__main__][INFO] - [20, 34], []
[2025-01-30 00:01:43,083][__main__][INFO] - [20, 35], []
[2025-01-30 00:01:43,111][__main__][INFO] - [20, 36], []
[2025-01-30 00:01:43,522][__main__][INFO] - [20, 37], []
[2025-01-30 00:01:44,614][__main__][INFO] - [20, 38], []
[2025-01-30 00:01:45,148][__main__][INFO] - [20, 39], []
[2025-01-30 00:01:45,449][__main__][INFO] - [20, 40], []
[2025-01-30 00:01:45,489][__main__][INFO] - [20, 41], []
[2025-01-30 00:01:45,506][__main__][INFO] - [20], [41]
[2025-01-30 00:01:48,341][__main__][INFO] - [20, 42], []
[2025-01-30 00:01:48,428][__main__][INFO] - [20], [42]
[2025-01-30 00:01:50,859][__main__][INFO] - [20, 43], []
[2025-01-30 00:01:50,918][__main__][INFO] - [20], [43]
[2025-01-30 00:01:53,522][__main__][INFO] - [20, 44], []
[2025-01-30 00:01:55,604][__main__][INFO] - [20, 45], []
[2025-01-30 00:01:55,717][__main__][INFO] - [20, 46], []
[2025-01-30 00:01:55,825][__main__][INFO] - [20, 47], []
[2025-01-30 00:01:57,850][__main__][INFO] - [20, 48], []
[2025-01-30 00:01:58,220][__main__][INFO] - [20, 49], []
[2025-01-30 00:01:58,251][__main__][INFO] - [20, 50], []
[2025-01-30 00:01:58,384][__main__][INFO] - [20, 51], []
[2025-01-30 00:01:58,469][__main__][INFO] - [20, 52], []
[2025-01-30 00:01:58,563][__main__][INFO] - [20, 53], []
[2025-01-30 00:01:58,668][__main__][INFO] - [20, 54], []
[2025-01-30 00:01:58,762][__main__][INFO] - [20, 55], []
[2025-01-30 00:01:58,853][__main__][INFO] - [20, 56], []
[2025-01-30 00:01:58,937][__main__][INFO] - [20, 57], []
[2025-01-30 00:01:59,021][__main__][INFO] - [20, 58], []
[2025-01-30 00:01:59,093][__main__][INFO] - [20, 59], []
[2025-01-30 00:01:59,764][__main__][INFO] - [21, 26], []
[2025-01-30 00:01:59,804][__main__][INFO] - [21], [26]
[2025-01-30 00:02:00,051][__main__][INFO] - [21, 28], []
[2025-01-30 00:02:00,129][__main__][INFO] - [21, 29], []
[2025-01-30 00:02:00,298][__main__][INFO] - [21, 30], []
[2025-01-30 00:02:00,337][__main__][INFO] - [21, 32], []
[2025-01-30 00:02:00,573][__main__][INFO] - [21, 33], []
[2025-01-30 00:02:00,595][__main__][INFO] - [21, 34], []
[2025-01-30 00:02:00,612][__main__][INFO] - [21, 35], []
[2025-01-30 00:02:00,629][__main__][INFO] - [21, 36], []
[2025-01-30 00:02:00,655][__main__][INFO] - [21, 37], []
[2025-01-30 00:02:00,845][__main__][INFO] - [21, 38], []
[2025-01-30 00:02:00,870][__main__][INFO] - [21, 39], []
[2025-01-30 00:02:00,911][__main__][INFO] - [21, 40], []
[2025-01-30 00:02:00,928][__main__][INFO] - [21, 41], []
[2025-01-30 00:02:01,169][__main__][INFO] - [21], [41]
[2025-01-30 00:02:01,194][__main__][INFO] - [21, 42], []
[2025-01-30 00:02:01,210][__main__][INFO] - [21], [42]
[2025-01-30 00:02:01,460][__main__][INFO] - [21, 43], []
[2025-01-30 00:02:01,476][__main__][INFO] - [21], [43]
[2025-01-30 00:02:01,710][__main__][INFO] - [21, 44], []
[2025-01-30 00:02:01,952][__main__][INFO] - [21, 45], []
[2025-01-30 00:02:01,969][__main__][INFO] - [21, 46], []
[2025-01-30 00:02:01,987][__main__][INFO] - [21, 47], []
[2025-01-30 00:02:02,176][__main__][INFO] - [21, 48], []
[2025-01-30 00:02:02,242][__main__][INFO] - [21, 49], []
[2025-01-30 00:02:02,259][__main__][INFO] - [21, 50], []
[2025-01-30 00:02:02,286][__main__][INFO] - [21, 51], []
[2025-01-30 00:02:02,302][__main__][INFO] - [21, 52], []
[2025-01-30 00:02:02,328][__main__][INFO] - [21, 53], []
[2025-01-30 00:02:02,353][__main__][INFO] - [21, 54], []
[2025-01-30 00:02:02,378][__main__][INFO] - [21, 55], []
[2025-01-30 00:02:02,402][__main__][INFO] - [21, 56], []
[2025-01-30 00:02:02,425][__main__][INFO] - [21, 57], []
[2025-01-30 00:02:02,449][__main__][INFO] - [21, 58], []
[2025-01-30 00:02:02,466][__main__][INFO] - [21, 59], []
[2025-01-30 00:02:02,581][__main__][INFO] - [22, 26], []
[2025-01-30 00:02:02,628][__main__][INFO] - [22], [26]
[2025-01-30 00:02:02,871][__main__][INFO] - [22, 28], []
[2025-01-30 00:02:03,016][__main__][INFO] - [22, 29], []
[2025-01-30 00:02:03,134][__main__][INFO] - [22, 30], []
[2025-01-30 00:02:03,172][__main__][INFO] - [22, 32], []
[2025-01-30 00:02:03,425][__main__][INFO] - [22, 33], []
[2025-01-30 00:02:03,445][__main__][INFO] - [22, 34], []
[2025-01-30 00:02:03,461][__main__][INFO] - [22, 35], []
[2025-01-30 00:02:03,478][__main__][INFO] - [22, 36], []
[2025-01-30 00:02:03,502][__main__][INFO] - [22, 37], []
[2025-01-30 00:02:03,735][__main__][INFO] - [22, 38], []
[2025-01-30 00:02:03,762][__main__][INFO] - [22, 39], []
[2025-01-30 00:02:03,808][__main__][INFO] - [22, 40], []
[2025-01-30 00:02:03,824][__main__][INFO] - [22, 41], []
[2025-01-30 00:02:04,095][__main__][INFO] - [22], [41]
[2025-01-30 00:02:04,119][__main__][INFO] - [22, 42], []
[2025-01-30 00:02:04,143][__main__][INFO] - [22], [42]
[2025-01-30 00:02:04,422][__main__][INFO] - [22, 43], []
[2025-01-30 00:02:04,438][__main__][INFO] - [22], [43]
[2025-01-30 00:02:04,703][__main__][INFO] - [22, 44], []
[2025-01-30 00:02:04,990][__main__][INFO] - [22, 45], []
[2025-01-30 00:02:05,007][__main__][INFO] - [22, 46], []
[2025-01-30 00:02:05,023][__main__][INFO] - [22, 47], []
[2025-01-30 00:02:05,226][__main__][INFO] - [22, 48], []
[2025-01-30 00:02:05,307][__main__][INFO] - [22, 49], []
[2025-01-30 00:02:05,327][__main__][INFO] - [22, 50], []
[2025-01-30 00:02:05,356][__main__][INFO] - [22, 51], []
[2025-01-30 00:02:05,388][__main__][INFO] - [22, 52], []
[2025-01-30 00:02:05,424][__main__][INFO] - [22, 53], []
[2025-01-30 00:02:05,461][__main__][INFO] - [22, 54], []
[2025-01-30 00:02:05,496][__main__][INFO] - [22, 55], []
[2025-01-30 00:02:05,527][__main__][INFO] - [22, 56], []
[2025-01-30 00:02:05,557][__main__][INFO] - [22, 57], []
[2025-01-30 00:02:05,582][__main__][INFO] - [22, 58], []
[2025-01-30 00:02:05,606][__main__][INFO] - [22, 59], []
[2025-01-30 00:02:05,669][__main__][INFO] - [23, 26], []
[2025-01-30 00:02:05,691][__main__][INFO] - [23], [26]
[2025-01-30 00:02:05,758][__main__][INFO] - [23, 28], []
[2025-01-30 00:02:05,786][__main__][INFO] - [23, 29], []
[2025-01-30 00:02:05,826][__main__][INFO] - [23, 30], []
[2025-01-30 00:02:05,861][__main__][INFO] - [23, 32], []
[2025-01-30 00:02:05,917][__main__][INFO] - [23, 33], []
[2025-01-30 00:02:05,949][__main__][INFO] - [23, 35], []
[2025-01-30 00:02:05,965][__main__][INFO] - [23, 36], []
[2025-01-30 00:02:05,983][__main__][INFO] - [23, 37], []
[2025-01-30 00:02:06,030][__main__][INFO] - [23, 38], []
[2025-01-30 00:02:06,051][__main__][INFO] - [23, 39], []
[2025-01-30 00:02:06,072][__main__][INFO] - [23, 40], []
[2025-01-30 00:02:06,088][__main__][INFO] - [23, 41], []
[2025-01-30 00:02:06,143][__main__][INFO] - [23], [41]
[2025-01-30 00:02:06,164][__main__][INFO] - [23, 42], []
[2025-01-30 00:02:06,182][__main__][INFO] - [23], [42]
[2025-01-30 00:02:06,242][__main__][INFO] - [23, 43], []
[2025-01-30 00:02:06,259][__main__][INFO] - [23], [43]
[2025-01-30 00:02:06,320][__main__][INFO] - [23, 44], []
[2025-01-30 00:02:06,377][__main__][INFO] - [23, 45], []
[2025-01-30 00:02:06,395][__main__][INFO] - [23, 46], []
[2025-01-30 00:02:06,412][__main__][INFO] - [23, 47], []
[2025-01-30 00:02:06,462][__main__][INFO] - [23, 48], []
[2025-01-30 00:02:06,486][__main__][INFO] - [23, 49], []
[2025-01-30 00:02:06,503][__main__][INFO] - [23, 50], []
[2025-01-30 00:02:06,521][__main__][INFO] - [23, 51], []
[2025-01-30 00:02:06,539][__main__][INFO] - [23, 52], []
[2025-01-30 00:02:06,560][__main__][INFO] - [23, 53], []
[2025-01-30 00:02:06,580][__main__][INFO] - [23, 54], []
[2025-01-30 00:02:06,596][__main__][INFO] - [23, 55], []
[2025-01-30 00:02:06,614][__main__][INFO] - [23, 56], []
[2025-01-30 00:02:06,632][__main__][INFO] - [23, 57], []
[2025-01-30 00:02:06,649][__main__][INFO] - [23, 58], []
[2025-01-30 00:02:06,665][__main__][INFO] - [23, 59], []
[2025-01-30 00:02:06,713][__main__][INFO] - [24, 26], []
[2025-01-30 00:02:06,729][__main__][INFO] - [24], [26]
[2025-01-30 00:02:06,767][__main__][INFO] - [24, 28], []
[2025-01-30 00:02:06,783][__main__][INFO] - [24, 29], []
[2025-01-30 00:02:06,804][__main__][INFO] - [24, 30], []
[2025-01-30 00:02:06,835][__main__][INFO] - [24, 32], []
[2025-01-30 00:02:06,858][__main__][INFO] - [24, 33], []
[2025-01-30 00:02:06,904][__main__][INFO] - [24, 36], []
[2025-01-30 00:02:06,920][__main__][INFO] - [24, 37], []
[2025-01-30 00:02:06,943][__main__][INFO] - [24, 38], []
[2025-01-30 00:02:06,959][__main__][INFO] - [24, 39], []
[2025-01-30 00:02:06,990][__main__][INFO] - [24, 41], []
[2025-01-30 00:02:07,014][__main__][INFO] - [24], [41]
[2025-01-30 00:02:07,030][__main__][INFO] - [24, 42], []
[2025-01-30 00:02:07,046][__main__][INFO] - [24], [42]
[2025-01-30 00:02:07,070][__main__][INFO] - [24, 43], []
[2025-01-30 00:02:07,087][__main__][INFO] - [24], [43]
[2025-01-30 00:02:07,111][__main__][INFO] - [24, 44], []
[2025-01-30 00:02:07,135][__main__][INFO] - [24, 45], []
[2025-01-30 00:02:07,166][__main__][INFO] - [24, 47], []
[2025-01-30 00:02:07,188][__main__][INFO] - [24, 48], []
[2025-01-30 00:02:07,207][__main__][INFO] - [24, 49], []
[2025-01-30 00:02:07,224][__main__][INFO] - [24, 50], []
[2025-01-30 00:02:07,240][__main__][INFO] - [24, 51], []
[2025-01-30 00:02:07,256][__main__][INFO] - [24, 52], []
[2025-01-30 00:02:07,272][__main__][INFO] - [24, 53], []
[2025-01-30 00:02:07,288][__main__][INFO] - [24, 54], []
[2025-01-30 00:02:07,305][__main__][INFO] - [24, 55], []
[2025-01-30 00:02:07,322][__main__][INFO] - [24, 56], []
[2025-01-30 00:02:07,337][__main__][INFO] - [24, 57], []
[2025-01-30 00:02:07,353][__main__][INFO] - [24, 58], []
[2025-01-30 00:02:07,368][__main__][INFO] - [24, 59], []
[2025-01-30 00:02:07,400][__main__][INFO] - [25, 26], []
[2025-01-30 00:02:07,416][__main__][INFO] - [25], [26]
[2025-01-30 00:02:07,449][__main__][INFO] - [25, 28], []
[2025-01-30 00:02:07,464][__main__][INFO] - [25, 29], []
[2025-01-30 00:02:07,482][__main__][INFO] - [25, 30], []
[2025-01-30 00:02:07,511][__main__][INFO] - [25, 32], []
[2025-01-30 00:02:07,572][__main__][INFO] - [25, 36], []
[2025-01-30 00:02:07,588][__main__][INFO] - [25, 37], []
[2025-01-30 00:02:07,607][__main__][INFO] - [25, 38], []
[2025-01-30 00:02:07,622][__main__][INFO] - [25, 39], []
[2025-01-30 00:02:07,653][__main__][INFO] - [25, 41], []
[2025-01-30 00:02:07,671][__main__][INFO] - [25], [41]
[2025-01-30 00:02:07,688][__main__][INFO] - [25, 42], []
[2025-01-30 00:02:07,703][__main__][INFO] - [25], [42]
[2025-01-30 00:02:07,737][__main__][INFO] - [25], [43]
[2025-01-30 00:02:07,756][__main__][INFO] - [25, 44], []
[2025-01-30 00:02:07,775][__main__][INFO] - [25, 45], []
[2025-01-30 00:02:07,791][__main__][INFO] - [25, 46], []
[2025-01-30 00:02:07,807][__main__][INFO] - [25, 47], []
[2025-01-30 00:02:07,825][__main__][INFO] - [25, 48], []
[2025-01-30 00:02:07,855][__main__][INFO] - [25, 50], []
[2025-01-30 00:02:07,871][__main__][INFO] - [25, 51], []
[2025-01-30 00:02:07,887][__main__][INFO] - [25, 52], []
[2025-01-30 00:02:07,903][__main__][INFO] - [25, 53], []
[2025-01-30 00:02:07,918][__main__][INFO] - [25, 54], []
[2025-01-30 00:02:07,934][__main__][INFO] - [25, 55], []
[2025-01-30 00:02:07,950][__main__][INFO] - [25, 56], []
[2025-01-30 00:02:07,966][__main__][INFO] - [25, 57], []
[2025-01-30 00:02:07,981][__main__][INFO] - [25, 58], []
[2025-01-30 00:02:07,997][__main__][INFO] - [25, 59], []
[2025-01-30 00:02:08,028][__main__][INFO] - [26, 27], []
[2025-01-30 00:02:08,386][__main__][INFO] - [26, 28], []
[2025-01-30 00:02:08,402][__main__][INFO] - [26, 29], []
[2025-01-30 00:02:08,459][__main__][INFO] - [26, 30], []
[2025-01-30 00:02:08,478][__main__][INFO] - [26, 31], []
[2025-01-30 00:02:08,493][__main__][INFO] - [26, 32], []
[2025-01-30 00:02:08,868][__main__][INFO] - [26, 33], []
[2025-01-30 00:02:08,919][__main__][INFO] - [26, 34], []
[2025-01-30 00:02:08,936][__main__][INFO] - [26, 35], []
[2025-01-30 00:02:08,955][__main__][INFO] - [26, 36], []
[2025-01-30 00:02:08,984][__main__][INFO] - [26, 37], []
[2025-01-30 00:02:09,217][__main__][INFO] - [26, 38], []
[2025-01-30 00:02:09,304][__main__][INFO] - [26, 39], []
[2025-01-30 00:02:09,362][__main__][INFO] - [26, 40], []
[2025-01-30 00:02:09,383][__main__][INFO] - [26, 41], []
[2025-01-30 00:02:09,459][__main__][INFO] - [26], [41]
[2025-01-30 00:02:09,834][__main__][INFO] - [26, 42], []
[2025-01-30 00:02:09,949][__main__][INFO] - [26], [42]
[2025-01-30 00:02:10,258][__main__][INFO] - [26, 43], []
[2025-01-30 00:02:10,333][__main__][INFO] - [26], [43]
[2025-01-30 00:02:10,708][__main__][INFO] - [26, 44], []
[2025-01-30 00:02:10,975][__main__][INFO] - [26, 45], []
[2025-01-30 00:02:11,121][__main__][INFO] - [26, 46], []
[2025-01-30 00:02:11,138][__main__][INFO] - [26, 47], []
[2025-01-30 00:02:11,587][__main__][INFO] - [26, 48], []
[2025-01-30 00:02:11,632][__main__][INFO] - [26, 49], []
[2025-01-30 00:02:11,649][__main__][INFO] - [26, 50], []
[2025-01-30 00:02:11,700][__main__][INFO] - [26, 51], []
[2025-01-30 00:02:11,737][__main__][INFO] - [26, 52], []
[2025-01-30 00:02:11,773][__main__][INFO] - [26, 53], []
[2025-01-30 00:02:11,808][__main__][INFO] - [26, 54], []
[2025-01-30 00:02:11,842][__main__][INFO] - [26, 55], []
[2025-01-30 00:02:11,872][__main__][INFO] - [26, 56], []
[2025-01-30 00:02:11,900][__main__][INFO] - [26, 57], []
[2025-01-30 00:02:11,927][__main__][INFO] - [26, 58], []
[2025-01-30 00:02:11,952][__main__][INFO] - [26, 59], []
[2025-01-30 00:02:12,040][__main__][INFO] - [27], [26]
[2025-01-30 00:02:13,872][__main__][INFO] - [28], [26]
[2025-01-30 00:02:14,082][__main__][INFO] - [29], [26]
[2025-01-30 00:02:14,351][__main__][INFO] - [30], [26]
[2025-01-30 00:02:14,388][__main__][INFO] - [31], [26]
[2025-01-30 00:02:14,406][__main__][INFO] - [32], [26]
[2025-01-30 00:02:16,184][__main__][INFO] - [33], [26]
[2025-01-30 00:02:16,265][__main__][INFO] - [34], [26]
[2025-01-30 00:02:16,287][__main__][INFO] - [35], [26]
[2025-01-30 00:02:16,312][__main__][INFO] - [36], [26]
[2025-01-30 00:02:16,740][__main__][INFO] - [37], [26]
[2025-01-30 00:02:18,086][__main__][INFO] - [38], [26]
[2025-01-30 00:02:18,547][__main__][INFO] - [39], [26]
[2025-01-30 00:02:18,870][__main__][INFO] - [40], [26]
[2025-01-30 00:02:18,905][__main__][INFO] - [41], [26]
[2025-01-30 00:02:19,405][__main__][INFO] - [], [26, 41]
[2025-01-30 00:02:21,242][__main__][INFO] - [], [26, 42]
[2025-01-30 00:02:24,233][__main__][INFO] - [], [26, 43]
[2025-01-30 00:02:27,010][__main__][INFO] - [44], [26]
[2025-01-30 00:02:29,770][__main__][INFO] - [46], [26]
[2025-01-30 00:02:29,879][__main__][INFO] - [47], [26]
[2025-01-30 00:02:31,902][__main__][INFO] - [48], [26]
[2025-01-30 00:02:32,371][__main__][INFO] - [49], [26]
[2025-01-30 00:02:32,407][__main__][INFO] - [50], [26]
[2025-01-30 00:02:32,523][__main__][INFO] - [51], [26]
[2025-01-30 00:02:32,613][__main__][INFO] - [52], [26]
[2025-01-30 00:02:32,719][__main__][INFO] - [53], [26]
[2025-01-30 00:02:32,841][__main__][INFO] - [54], [26]
[2025-01-30 00:02:32,948][__main__][INFO] - [55], [26]
[2025-01-30 00:02:33,053][__main__][INFO] - [56], [26]
[2025-01-30 00:02:33,152][__main__][INFO] - [57], [26]
[2025-01-30 00:02:33,246][__main__][INFO] - [58], [26]
[2025-01-30 00:02:33,325][__main__][INFO] - [59], [26]
[2025-01-30 00:02:34,122][__main__][INFO] - [27, 32], []
[2025-01-30 00:02:35,647][__main__][INFO] - [27, 33], []
[2025-01-30 00:02:35,763][__main__][INFO] - [27, 34], []
[2025-01-30 00:02:35,786][__main__][INFO] - [27, 35], []
[2025-01-30 00:02:35,813][__main__][INFO] - [27, 36], []
[2025-01-30 00:02:36,220][__main__][INFO] - [27, 37], []
[2025-01-30 00:02:37,313][__main__][INFO] - [27, 38], []
[2025-01-30 00:02:37,853][__main__][INFO] - [27, 39], []
[2025-01-30 00:02:38,158][__main__][INFO] - [27, 40], []
[2025-01-30 00:02:38,212][__main__][INFO] - [27], [41]
[2025-01-30 00:02:40,994][__main__][INFO] - [27, 42], []
[2025-01-30 00:02:41,081][__main__][INFO] - [27], [42]
[2025-01-30 00:02:43,469][__main__][INFO] - [27, 43], []
[2025-01-30 00:02:43,527][__main__][INFO] - [27], [43]
[2025-01-30 00:02:46,086][__main__][INFO] - [27, 44], []
[2025-01-30 00:02:48,178][__main__][INFO] - [27, 45], []
[2025-01-30 00:02:48,290][__main__][INFO] - [27, 46], []
[2025-01-30 00:02:48,398][__main__][INFO] - [27, 47], []
[2025-01-30 00:02:50,413][__main__][INFO] - [27, 48], []
[2025-01-30 00:02:50,778][__main__][INFO] - [27, 49], []
[2025-01-30 00:02:50,808][__main__][INFO] - [27, 50], []
[2025-01-30 00:02:50,939][__main__][INFO] - [27, 51], []
[2025-01-30 00:02:51,024][__main__][INFO] - [27, 52], []
[2025-01-30 00:02:51,116][__main__][INFO] - [27, 53], []
[2025-01-30 00:02:51,219][__main__][INFO] - [27, 54], []
[2025-01-30 00:02:51,314][__main__][INFO] - [27, 55], []
[2025-01-30 00:02:51,404][__main__][INFO] - [27, 56], []
[2025-01-30 00:02:51,487][__main__][INFO] - [27, 57], []
[2025-01-30 00:02:51,579][__main__][INFO] - [27, 58], []
[2025-01-30 00:02:51,652][__main__][INFO] - [27, 59], []
[2025-01-30 00:02:52,324][__main__][INFO] - [28, 32], []
[2025-01-30 00:02:52,532][__main__][INFO] - [28, 33], []
[2025-01-30 00:02:52,563][__main__][INFO] - [28, 35], []
[2025-01-30 00:02:52,579][__main__][INFO] - [28, 36], []
[2025-01-30 00:02:52,595][__main__][INFO] - [28, 37], []
[2025-01-30 00:02:52,776][__main__][INFO] - [28, 38], []
[2025-01-30 00:02:52,799][__main__][INFO] - [28, 39], []
[2025-01-30 00:02:52,835][__main__][INFO] - [28, 40], []
[2025-01-30 00:02:52,852][__main__][INFO] - [28, 41], []
[2025-01-30 00:02:53,101][__main__][INFO] - [28, 42], []
[2025-01-30 00:02:53,118][__main__][INFO] - [28], [42]
[2025-01-30 00:02:53,335][__main__][INFO] - [28, 43], []
[2025-01-30 00:02:53,352][__main__][INFO] - [28], [43]
[2025-01-30 00:02:53,580][__main__][INFO] - [28, 44], []
[2025-01-30 00:02:53,794][__main__][INFO] - [28, 45], []
[2025-01-30 00:02:53,811][__main__][INFO] - [28, 46], []
[2025-01-30 00:02:53,827][__main__][INFO] - [28, 47], []
[2025-01-30 00:02:53,986][__main__][INFO] - [28, 48], []
[2025-01-30 00:02:54,061][__main__][INFO] - [28, 49], []
[2025-01-30 00:02:54,080][__main__][INFO] - [28, 50], []
[2025-01-30 00:02:54,111][__main__][INFO] - [28, 51], []
[2025-01-30 00:02:54,140][__main__][INFO] - [28, 52], []
[2025-01-30 00:02:54,171][__main__][INFO] - [28, 53], []
[2025-01-30 00:02:54,203][__main__][INFO] - [28, 54], []
[2025-01-30 00:02:54,231][__main__][INFO] - [28, 55], []
[2025-01-30 00:02:54,257][__main__][INFO] - [28, 56], []
[2025-01-30 00:02:54,281][__main__][INFO] - [28, 57], []
[2025-01-30 00:02:54,304][__main__][INFO] - [28, 58], []
[2025-01-30 00:02:54,325][__main__][INFO] - [28, 59], []
[2025-01-30 00:02:54,392][__main__][INFO] - [29, 32], []
[2025-01-30 00:02:54,680][__main__][INFO] - [29, 33], []
[2025-01-30 00:02:54,704][__main__][INFO] - [29, 34], []
[2025-01-30 00:02:54,720][__main__][INFO] - [29, 35], []
[2025-01-30 00:02:54,737][__main__][INFO] - [29, 36], []
[2025-01-30 00:02:54,757][__main__][INFO] - [29, 37], []
[2025-01-30 00:02:55,014][__main__][INFO] - [29, 38], []
[2025-01-30 00:02:55,043][__main__][INFO] - [29, 39], []
[2025-01-30 00:02:55,091][__main__][INFO] - [29, 40], []
[2025-01-30 00:02:55,107][__main__][INFO] - [29, 41], []
[2025-01-30 00:02:55,430][__main__][INFO] - [29, 42], []
[2025-01-30 00:02:55,458][__main__][INFO] - [29], [42]
[2025-01-30 00:02:55,748][__main__][INFO] - [29, 43], []
[2025-01-30 00:02:55,765][__main__][INFO] - [29], [43]
[2025-01-30 00:02:56,079][__main__][INFO] - [29, 44], []
[2025-01-30 00:02:56,367][__main__][INFO] - [29, 45], []
[2025-01-30 00:02:56,397][__main__][INFO] - [29, 46], []
[2025-01-30 00:02:56,413][__main__][INFO] - [29, 47], []
[2025-01-30 00:02:56,652][__main__][INFO] - [29, 48], []
[2025-01-30 00:02:56,723][__main__][INFO] - [29, 49], []
[2025-01-30 00:02:56,742][__main__][INFO] - [29, 50], []
[2025-01-30 00:02:56,767][__main__][INFO] - [29, 51], []
[2025-01-30 00:02:56,794][__main__][INFO] - [29, 52], []
[2025-01-30 00:02:56,824][__main__][INFO] - [29, 53], []
[2025-01-30 00:02:56,854][__main__][INFO] - [29, 54], []
[2025-01-30 00:02:56,884][__main__][INFO] - [29, 55], []
[2025-01-30 00:02:56,912][__main__][INFO] - [29, 56], []
[2025-01-30 00:02:56,940][__main__][INFO] - [29, 57], []
[2025-01-30 00:02:56,967][__main__][INFO] - [29, 58], []
[2025-01-30 00:02:56,992][__main__][INFO] - [29, 59], []
[2025-01-30 00:02:57,114][__main__][INFO] - [30, 32], []
[2025-01-30 00:02:57,144][__main__][INFO] - [30, 33], []
[2025-01-30 00:02:57,162][__main__][INFO] - [30, 34], []
[2025-01-30 00:02:57,178][__main__][INFO] - [30, 35], []
[2025-01-30 00:02:57,195][__main__][INFO] - [30, 36], []
[2025-01-30 00:02:57,216][__main__][INFO] - [30, 37], []
[2025-01-30 00:02:57,240][__main__][INFO] - [30, 38], []
[2025-01-30 00:02:57,261][__main__][INFO] - [30, 39], []
[2025-01-30 00:02:57,283][__main__][INFO] - [30, 40], []
[2025-01-30 00:02:57,313][__main__][INFO] - [30], [41]
[2025-01-30 00:02:57,351][__main__][INFO] - [30, 42], []
[2025-01-30 00:02:57,368][__main__][INFO] - [30], [42]
[2025-01-30 00:02:57,406][__main__][INFO] - [30, 43], []
[2025-01-30 00:02:57,423][__main__][INFO] - [30], [43]
[2025-01-30 00:02:57,461][__main__][INFO] - [30, 44], []
[2025-01-30 00:02:57,497][__main__][INFO] - [30, 45], []
[2025-01-30 00:02:57,513][__main__][INFO] - [30, 46], []
[2025-01-30 00:02:57,531][__main__][INFO] - [30, 47], []
[2025-01-30 00:02:57,564][__main__][INFO] - [30, 48], []
[2025-01-30 00:02:57,584][__main__][INFO] - [30, 49], []
[2025-01-30 00:02:57,600][__main__][INFO] - [30, 50], []
[2025-01-30 00:02:57,616][__main__][INFO] - [30, 51], []
[2025-01-30 00:02:57,632][__main__][INFO] - [30, 52], []
[2025-01-30 00:02:57,649][__main__][INFO] - [30, 53], []
[2025-01-30 00:02:57,667][__main__][INFO] - [30, 54], []
[2025-01-30 00:02:57,682][__main__][INFO] - [30, 55], []
[2025-01-30 00:02:57,700][__main__][INFO] - [30, 56], []
[2025-01-30 00:02:57,717][__main__][INFO] - [30, 57], []
[2025-01-30 00:02:57,733][__main__][INFO] - [30, 58], []
[2025-01-30 00:02:57,750][__main__][INFO] - [30, 59], []
[2025-01-30 00:02:57,786][__main__][INFO] - [31, 32], []
[2025-01-30 00:02:57,804][__main__][INFO] - [31, 33], []
[2025-01-30 00:02:57,848][__main__][INFO] - [31, 36], []
[2025-01-30 00:02:57,864][__main__][INFO] - [31, 37], []
[2025-01-30 00:02:57,882][__main__][INFO] - [31, 38], []
[2025-01-30 00:02:57,898][__main__][INFO] - [31, 39], []
[2025-01-30 00:02:57,941][__main__][INFO] - [31], [41]
[2025-01-30 00:02:57,960][__main__][INFO] - [31, 42], []
[2025-01-30 00:02:57,976][__main__][INFO] - [31], [42]
[2025-01-30 00:02:57,995][__main__][INFO] - [31, 43], []
[2025-01-30 00:02:58,011][__main__][INFO] - [31], [43]
[2025-01-30 00:02:58,029][__main__][INFO] - [31, 44], []
[2025-01-30 00:02:58,047][__main__][INFO] - [31, 45], []
[2025-01-30 00:02:58,077][__main__][INFO] - [31, 47], []
[2025-01-30 00:02:58,095][__main__][INFO] - [31, 48], []
[2025-01-30 00:02:58,126][__main__][INFO] - [31, 50], []
[2025-01-30 00:02:58,141][__main__][INFO] - [31, 51], []
[2025-01-30 00:02:58,157][__main__][INFO] - [31, 52], []
[2025-01-30 00:02:58,173][__main__][INFO] - [31, 53], []
[2025-01-30 00:02:58,188][__main__][INFO] - [31, 54], []
[2025-01-30 00:02:58,204][__main__][INFO] - [31, 55], []
[2025-01-30 00:02:58,220][__main__][INFO] - [31, 56], []
[2025-01-30 00:02:58,235][__main__][INFO] - [31, 57], []
[2025-01-30 00:02:58,251][__main__][INFO] - [31, 58], []
[2025-01-30 00:02:58,266][__main__][INFO] - [31, 59], []
[2025-01-30 00:02:58,297][__main__][INFO] - [32, 37], []
[2025-01-30 00:02:59,557][__main__][INFO] - [32, 38], []
[2025-01-30 00:02:59,984][__main__][INFO] - [32, 39], []
[2025-01-30 00:03:00,248][__main__][INFO] - [32, 40], []
[2025-01-30 00:03:00,282][__main__][INFO] - [32, 41], []
[2025-01-30 00:03:00,824][__main__][INFO] - [32], [41]
[2025-01-30 00:03:02,559][__main__][INFO] - [32, 42], []
[2025-01-30 00:03:02,651][__main__][INFO] - [32], [42]
[2025-01-30 00:03:05,186][__main__][INFO] - [32, 43], []
[2025-01-30 00:03:05,248][__main__][INFO] - [32], [43]
[2025-01-30 00:03:07,871][__main__][INFO] - [32, 44], []
[2025-01-30 00:03:10,242][__main__][INFO] - [32, 45], []
[2025-01-30 00:03:10,367][__main__][INFO] - [32, 47], []
[2025-01-30 00:03:12,130][__main__][INFO] - [32, 48], []
[2025-01-30 00:03:12,668][__main__][INFO] - [32, 49], []
[2025-01-30 00:03:12,705][__main__][INFO] - [32, 50], []
[2025-01-30 00:03:12,836][__main__][INFO] - [32, 51], []
[2025-01-30 00:03:12,921][__main__][INFO] - [32, 52], []
[2025-01-30 00:03:13,022][__main__][INFO] - [32, 53], []
[2025-01-30 00:03:13,131][__main__][INFO] - [32, 54], []
[2025-01-30 00:03:13,236][__main__][INFO] - [32, 55], []
[2025-01-30 00:03:13,329][__main__][INFO] - [32, 56], []
[2025-01-30 00:03:13,421][__main__][INFO] - [32, 57], []
[2025-01-30 00:03:13,503][__main__][INFO] - [32, 58], []
[2025-01-30 00:03:13,576][__main__][INFO] - [32, 59], []
[2025-01-30 00:03:14,196][__main__][INFO] - [33, 37], []
[2025-01-30 00:03:14,264][__main__][INFO] - [33, 38], []
[2025-01-30 00:03:14,305][__main__][INFO] - [33, 39], []
[2025-01-30 00:03:14,332][__main__][INFO] - [33, 40], []
[2025-01-30 00:03:14,350][__main__][INFO] - [33, 41], []
[2025-01-30 00:03:14,374][__main__][INFO] - [33], [41]
[2025-01-30 00:03:14,487][__main__][INFO] - [33, 42], []
[2025-01-30 00:03:14,519][__main__][INFO] - [33], [42]
[2025-01-30 00:03:14,621][__main__][INFO] - [33, 43], []
[2025-01-30 00:03:14,642][__main__][INFO] - [33], [43]
[2025-01-30 00:03:14,762][__main__][INFO] - [33, 44], []
[2025-01-30 00:03:14,878][__main__][INFO] - [33, 45], []
[2025-01-30 00:03:14,916][__main__][INFO] - [33, 47], []
[2025-01-30 00:03:15,044][__main__][INFO] - [33, 48], []
[2025-01-30 00:03:15,064][__main__][INFO] - [33, 49], []
[2025-01-30 00:03:15,081][__main__][INFO] - [33, 50], []
[2025-01-30 00:03:15,100][__main__][INFO] - [33, 51], []
[2025-01-30 00:03:15,119][__main__][INFO] - [33, 52], []
[2025-01-30 00:03:15,138][__main__][INFO] - [33, 53], []
[2025-01-30 00:03:15,158][__main__][INFO] - [33, 54], []
[2025-01-30 00:03:15,178][__main__][INFO] - [33, 55], []
[2025-01-30 00:03:15,199][__main__][INFO] - [33, 56], []
[2025-01-30 00:03:15,218][__main__][INFO] - [33, 57], []
[2025-01-30 00:03:15,238][__main__][INFO] - [33, 58], []
[2025-01-30 00:03:15,258][__main__][INFO] - [33, 59], []
[2025-01-30 00:03:15,324][__main__][INFO] - [34, 37], []
[2025-01-30 00:03:15,343][__main__][INFO] - [34, 38], []
[2025-01-30 00:03:15,361][__main__][INFO] - [34, 39], []
[2025-01-30 00:03:15,377][__main__][INFO] - [34, 40], []
[2025-01-30 00:03:15,393][__main__][INFO] - [34, 41], []
[2025-01-30 00:03:15,409][__main__][INFO] - [34], [41]
[2025-01-30 00:03:15,431][__main__][INFO] - [34, 42], []
[2025-01-30 00:03:15,447][__main__][INFO] - [34], [42]
[2025-01-30 00:03:15,483][__main__][INFO] - [34], [43]
[2025-01-30 00:03:15,505][__main__][INFO] - [34, 44], []
[2025-01-30 00:03:15,555][__main__][INFO] - [34, 47], []
[2025-01-30 00:03:15,576][__main__][INFO] - [34, 48], []
[2025-01-30 00:03:15,607][__main__][INFO] - [34, 50], []
[2025-01-30 00:03:15,639][__main__][INFO] - [34, 52], []
[2025-01-30 00:03:15,655][__main__][INFO] - [34, 53], []
[2025-01-30 00:03:15,671][__main__][INFO] - [34, 54], []
[2025-01-30 00:03:15,688][__main__][INFO] - [34, 55], []
[2025-01-30 00:03:15,704][__main__][INFO] - [34, 56], []
[2025-01-30 00:03:15,720][__main__][INFO] - [34, 57], []
[2025-01-30 00:03:15,736][__main__][INFO] - [34, 58], []
[2025-01-30 00:03:15,752][__main__][INFO] - [34, 59], []
[2025-01-30 00:03:15,783][__main__][INFO] - [35, 37], []
[2025-01-30 00:03:15,805][__main__][INFO] - [35, 38], []
[2025-01-30 00:03:15,824][__main__][INFO] - [35, 39], []
[2025-01-30 00:03:15,841][__main__][INFO] - [35, 40], []
[2025-01-30 00:03:15,858][__main__][INFO] - [35, 41], []
[2025-01-30 00:03:15,876][__main__][INFO] - [35], [41]
[2025-01-30 00:03:15,904][__main__][INFO] - [35, 42], []
[2025-01-30 00:03:15,922][__main__][INFO] - [35], [42]
[2025-01-30 00:03:15,949][__main__][INFO] - [35, 43], []
[2025-01-30 00:03:15,966][__main__][INFO] - [35], [43]
[2025-01-30 00:03:15,994][__main__][INFO] - [35, 44], []
[2025-01-30 00:03:16,022][__main__][INFO] - [35, 45], []
[2025-01-30 00:03:16,053][__main__][INFO] - [35, 47], []
[2025-01-30 00:03:16,081][__main__][INFO] - [35, 48], []
[2025-01-30 00:03:16,112][__main__][INFO] - [35, 50], []
[2025-01-30 00:03:16,128][__main__][INFO] - [35, 51], []
[2025-01-30 00:03:16,145][__main__][INFO] - [35, 52], []
[2025-01-30 00:03:16,162][__main__][INFO] - [35, 53], []
[2025-01-30 00:03:16,178][__main__][INFO] - [35, 54], []
[2025-01-30 00:03:16,195][__main__][INFO] - [35, 55], []
[2025-01-30 00:03:16,212][__main__][INFO] - [35, 56], []
[2025-01-30 00:03:16,229][__main__][INFO] - [35, 57], []
[2025-01-30 00:03:16,245][__main__][INFO] - [35, 58], []
[2025-01-30 00:03:16,262][__main__][INFO] - [35, 59], []
[2025-01-30 00:03:16,297][__main__][INFO] - [36, 37], []
[2025-01-30 00:03:16,517][__main__][INFO] - [36, 38], []
[2025-01-30 00:03:16,641][__main__][INFO] - [36, 39], []
[2025-01-30 00:03:16,726][__main__][INFO] - [36, 40], []
[2025-01-30 00:03:16,746][__main__][INFO] - [36, 41], []
[2025-01-30 00:03:16,776][__main__][INFO] - [36], [41]
[2025-01-30 00:03:17,235][__main__][INFO] - [36, 42], []
[2025-01-30 00:03:17,254][__main__][INFO] - [36], [42]
[2025-01-30 00:03:17,750][__main__][INFO] - [36, 43], []
[2025-01-30 00:03:17,769][__main__][INFO] - [36], [43]
[2025-01-30 00:03:18,272][__main__][INFO] - [36, 44], []
[2025-01-30 00:03:18,589][__main__][INFO] - [36, 45], []
[2025-01-30 00:03:18,614][__main__][INFO] - [36, 46], []
[2025-01-30 00:03:18,728][__main__][INFO] - [36, 47], []
[2025-01-30 00:03:19,197][__main__][INFO] - [36, 48], []
[2025-01-30 00:03:19,250][__main__][INFO] - [36, 50], []
[2025-01-30 00:03:19,290][__main__][INFO] - [36, 51], []
[2025-01-30 00:03:19,330][__main__][INFO] - [36, 52], []
[2025-01-30 00:03:19,377][__main__][INFO] - [36, 53], []
[2025-01-30 00:03:19,419][__main__][INFO] - [36, 54], []
[2025-01-30 00:03:19,457][__main__][INFO] - [36, 55], []
[2025-01-30 00:03:19,491][__main__][INFO] - [36, 56], []
[2025-01-30 00:03:19,525][__main__][INFO] - [36, 57], []
[2025-01-30 00:03:19,554][__main__][INFO] - [36, 58], []
[2025-01-30 00:03:19,582][__main__][INFO] - [36, 59], []
[2025-01-30 00:03:19,720][__main__][INFO] - [37, 41], []
[2025-01-30 00:03:20,222][__main__][INFO] - [37], [41]
[2025-01-30 00:03:21,275][__main__][INFO] - [37, 42], []
[2025-01-30 00:03:21,341][__main__][INFO] - [37], [42]
[2025-01-30 00:03:22,965][__main__][INFO] - [37, 43], []
[2025-01-30 00:03:23,011][__main__][INFO] - [37], [43]
[2025-01-30 00:03:24,615][__main__][INFO] - [37, 44], []
[2025-01-30 00:03:26,187][__main__][INFO] - [37, 45], []
[2025-01-30 00:03:26,262][__main__][INFO] - [37, 46], []
[2025-01-30 00:03:26,324][__main__][INFO] - [37, 47], []
[2025-01-30 00:03:27,611][__main__][INFO] - [37, 48], []
[2025-01-30 00:03:27,925][__main__][INFO] - [37, 49], []
[2025-01-30 00:03:27,953][__main__][INFO] - [37, 50], []
[2025-01-30 00:03:28,057][__main__][INFO] - [37, 51], []
[2025-01-30 00:03:28,134][__main__][INFO] - [37, 52], []
[2025-01-30 00:03:28,226][__main__][INFO] - [37, 53], []
[2025-01-30 00:03:28,318][__main__][INFO] - [37, 54], []
[2025-01-30 00:03:28,403][__main__][INFO] - [37, 55], []
[2025-01-30 00:03:28,477][__main__][INFO] - [37, 56], []
[2025-01-30 00:03:28,548][__main__][INFO] - [37, 57], []
[2025-01-30 00:03:28,610][__main__][INFO] - [37, 58], []
[2025-01-30 00:03:28,666][__main__][INFO] - [37, 59], []
[2025-01-30 00:03:29,085][__main__][INFO] - [38, 41], []
[2025-01-30 00:03:29,124][__main__][INFO] - [38], [41]
[2025-01-30 00:03:29,668][__main__][INFO] - [38, 42], []
[2025-01-30 00:03:29,701][__main__][INFO] - [38], [42]
[2025-01-30 00:03:30,268][__main__][INFO] - [38, 43], []
[2025-01-30 00:03:30,294][__main__][INFO] - [38], [43]
[2025-01-30 00:03:30,871][__main__][INFO] - [38, 44], []
[2025-01-30 00:03:31,425][__main__][INFO] - [38, 45], []
[2025-01-30 00:03:31,462][__main__][INFO] - [38, 46], []
[2025-01-30 00:03:31,504][__main__][INFO] - [38, 47], []
[2025-01-30 00:03:31,962][__main__][INFO] - [38, 48], []
[2025-01-30 00:03:32,080][__main__][INFO] - [38, 49], []
[2025-01-30 00:03:32,101][__main__][INFO] - [38, 50], []
[2025-01-30 00:03:32,138][__main__][INFO] - [38, 51], []
[2025-01-30 00:03:32,166][__main__][INFO] - [38, 52], []
[2025-01-30 00:03:32,198][__main__][INFO] - [38, 53], []
[2025-01-30 00:03:32,231][__main__][INFO] - [38, 54], []
[2025-01-30 00:03:32,264][__main__][INFO] - [38, 55], []
[2025-01-30 00:03:32,296][__main__][INFO] - [38, 56], []
[2025-01-30 00:03:32,331][__main__][INFO] - [38, 57], []
[2025-01-30 00:03:32,364][__main__][INFO] - [38, 58], []
[2025-01-30 00:03:32,394][__main__][INFO] - [38, 59], []
[2025-01-30 00:03:32,631][__main__][INFO] - [39, 41], []
[2025-01-30 00:03:32,705][__main__][INFO] - [39], [41]
[2025-01-30 00:03:33,007][__main__][INFO] - [39, 42], []
[2025-01-30 00:03:33,033][__main__][INFO] - [39], [42]
[2025-01-30 00:03:33,409][__main__][INFO] - [39, 43], []
[2025-01-30 00:03:33,432][__main__][INFO] - [39], [43]
[2025-01-30 00:03:33,822][__main__][INFO] - [39, 44], []
[2025-01-30 00:03:34,174][__main__][INFO] - [39, 45], []
[2025-01-30 00:03:34,206][__main__][INFO] - [39, 46], []
[2025-01-30 00:03:34,240][__main__][INFO] - [39, 47], []
[2025-01-30 00:03:34,538][__main__][INFO] - [39, 48], []
[2025-01-30 00:03:34,620][__main__][INFO] - [39, 49], []
[2025-01-30 00:03:34,639][__main__][INFO] - [39, 50], []
[2025-01-30 00:03:34,678][__main__][INFO] - [39, 51], []
[2025-01-30 00:03:34,706][__main__][INFO] - [39, 52], []
[2025-01-30 00:03:34,736][__main__][INFO] - [39, 53], []
[2025-01-30 00:03:34,768][__main__][INFO] - [39, 54], []
[2025-01-30 00:03:34,800][__main__][INFO] - [39, 55], []
[2025-01-30 00:03:34,829][__main__][INFO] - [39, 56], []
[2025-01-30 00:03:34,859][__main__][INFO] - [39, 57], []
[2025-01-30 00:03:34,887][__main__][INFO] - [39, 58], []
[2025-01-30 00:03:34,913][__main__][INFO] - [39, 59], []
[2025-01-30 00:03:35,021][__main__][INFO] - [40, 41], []
[2025-01-30 00:03:35,037][__main__][INFO] - [40], [41]
[2025-01-30 00:03:35,077][__main__][INFO] - [40, 42], []
[2025-01-30 00:03:35,094][__main__][INFO] - [40], [42]
[2025-01-30 00:03:35,134][__main__][INFO] - [40, 43], []
[2025-01-30 00:03:35,150][__main__][INFO] - [40], [43]
[2025-01-30 00:03:35,190][__main__][INFO] - [40, 44], []
[2025-01-30 00:03:35,228][__main__][INFO] - [40, 45], []
[2025-01-30 00:03:35,245][__main__][INFO] - [40, 46], []
[2025-01-30 00:03:35,262][__main__][INFO] - [40, 47], []
[2025-01-30 00:03:35,298][__main__][INFO] - [40, 48], []
[2025-01-30 00:03:35,318][__main__][INFO] - [40, 49], []
[2025-01-30 00:03:35,335][__main__][INFO] - [40, 50], []
[2025-01-30 00:03:35,352][__main__][INFO] - [40, 51], []
[2025-01-30 00:03:35,369][__main__][INFO] - [40, 52], []
[2025-01-30 00:03:35,386][__main__][INFO] - [40, 53], []
[2025-01-30 00:03:35,403][__main__][INFO] - [40, 54], []
[2025-01-30 00:03:35,421][__main__][INFO] - [40, 55], []
[2025-01-30 00:03:35,437][__main__][INFO] - [40, 56], []
[2025-01-30 00:03:35,454][__main__][INFO] - [40, 57], []
[2025-01-30 00:03:35,471][__main__][INFO] - [40, 58], []
[2025-01-30 00:03:35,488][__main__][INFO] - [40, 59], []
[2025-01-30 00:03:35,525][__main__][INFO] - [41, 42], []
[2025-01-30 00:03:35,556][__main__][INFO] - [41], [42]
[2025-01-30 00:03:36,127][__main__][INFO] - [41, 43], []
[2025-01-30 00:03:36,144][__main__][INFO] - [41], [43]
[2025-01-30 00:03:36,699][__main__][INFO] - [41, 44], []
[2025-01-30 00:03:37,254][__main__][INFO] - [41, 45], []
[2025-01-30 00:03:37,288][__main__][INFO] - [41, 46], []
[2025-01-30 00:03:37,304][__main__][INFO] - [41, 47], []
[2025-01-30 00:03:37,737][__main__][INFO] - [41, 48], []
[2025-01-30 00:03:37,871][__main__][INFO] - [41, 49], []
[2025-01-30 00:03:37,894][__main__][INFO] - [41, 50], []
[2025-01-30 00:03:37,935][__main__][INFO] - [41, 51], []
[2025-01-30 00:03:37,977][__main__][INFO] - [41, 52], []
[2025-01-30 00:03:38,024][__main__][INFO] - [41, 53], []
[2025-01-30 00:03:38,077][__main__][INFO] - [41, 54], []
[2025-01-30 00:03:38,120][__main__][INFO] - [41, 55], []
[2025-01-30 00:03:38,160][__main__][INFO] - [41, 56], []
[2025-01-30 00:03:38,197][__main__][INFO] - [41, 57], []
[2025-01-30 00:03:38,233][__main__][INFO] - [41, 58], []
[2025-01-30 00:03:38,264][__main__][INFO] - [41, 59], []
[2025-01-30 00:03:38,440][__main__][INFO] - [42], [41]
[2025-01-30 00:03:38,526][__main__][INFO] - [], [41, 42]
[2025-01-30 00:03:41,115][__main__][INFO] - [43], [41]
[2025-01-30 00:03:41,172][__main__][INFO] - [], [41, 43]
[2025-01-30 00:03:43,831][__main__][INFO] - [44], [41]
[2025-01-30 00:03:46,001][__main__][INFO] - [45], [41]
[2025-01-30 00:03:46,112][__main__][INFO] - [46], [41]
[2025-01-30 00:03:46,217][__main__][INFO] - [47], [41]
[2025-01-30 00:03:48,326][__main__][INFO] - [48], [41]
[2025-01-30 00:03:48,693][__main__][INFO] - [49], [41]
[2025-01-30 00:03:48,723][__main__][INFO] - [50], [41]
[2025-01-30 00:03:48,853][__main__][INFO] - [51], [41]
[2025-01-30 00:03:48,940][__main__][INFO] - [52], [41]
[2025-01-30 00:03:49,036][__main__][INFO] - [53], [41]
[2025-01-30 00:03:49,142][__main__][INFO] - [54], [41]
[2025-01-30 00:03:49,239][__main__][INFO] - [55], [41]
[2025-01-30 00:03:49,332][__main__][INFO] - [56], [41]
[2025-01-30 00:03:49,420][__main__][INFO] - [57], [41]
[2025-01-30 00:03:49,505][__main__][INFO] - [58], [41]
[2025-01-30 00:03:49,578][__main__][INFO] - [59], [41]
[2025-01-30 00:03:50,262][__main__][INFO] - [42, 43], []
[2025-01-30 00:03:50,304][__main__][INFO] - [42], [43]
[2025-01-30 00:03:50,388][__main__][INFO] - [42, 44], []
[2025-01-30 00:03:50,465][__main__][INFO] - [42, 45], []
[2025-01-30 00:03:50,501][__main__][INFO] - [42, 46], []
[2025-01-30 00:03:50,517][__main__][INFO] - [42, 47], []
[2025-01-30 00:03:50,625][__main__][INFO] - [42, 48], []
[2025-01-30 00:03:50,645][__main__][INFO] - [42, 49], []
[2025-01-30 00:03:50,662][__main__][INFO] - [42, 50], []
[2025-01-30 00:03:50,685][__main__][INFO] - [42, 51], []
[2025-01-30 00:03:50,704][__main__][INFO] - [42, 52], []
[2025-01-30 00:03:50,726][__main__][INFO] - [42, 53], []
[2025-01-30 00:03:50,747][__main__][INFO] - [42, 54], []
[2025-01-30 00:03:50,767][__main__][INFO] - [42, 55], []
[2025-01-30 00:03:50,787][__main__][INFO] - [42, 56], []
[2025-01-30 00:03:50,806][__main__][INFO] - [42, 57], []
[2025-01-30 00:03:50,825][__main__][INFO] - [42, 58], []
[2025-01-30 00:03:50,843][__main__][INFO] - [42, 59], []
[2025-01-30 00:03:50,891][__main__][INFO] - [43], [42]
[2025-01-30 00:03:50,940][__main__][INFO] - [], [42, 43]
[2025-01-30 00:03:54,498][__main__][INFO] - [44], [42]
[2025-01-30 00:03:57,715][__main__][INFO] - [45], [42]
[2025-01-30 00:03:57,818][__main__][INFO] - [46], [42]
[2025-01-30 00:03:57,933][__main__][INFO] - [47], [42]
[2025-01-30 00:04:00,535][__main__][INFO] - [48], [42]
[2025-01-30 00:04:01,089][__main__][INFO] - [49], [42]
[2025-01-30 00:04:01,125][__main__][INFO] - [50], [42]
[2025-01-30 00:04:01,286][__main__][INFO] - [51], [42]
[2025-01-30 00:04:01,399][__main__][INFO] - [52], [42]
[2025-01-30 00:04:01,532][__main__][INFO] - [53], [42]
[2025-01-30 00:04:01,671][__main__][INFO] - [54], [42]
[2025-01-30 00:04:01,801][__main__][INFO] - [55], [42]
[2025-01-30 00:04:01,916][__main__][INFO] - [56], [42]
[2025-01-30 00:04:02,034][__main__][INFO] - [57], [42]
[2025-01-30 00:04:02,137][__main__][INFO] - [58], [42]
[2025-01-30 00:04:02,228][__main__][INFO] - [59], [42]
[2025-01-30 00:04:03,010][__main__][INFO] - [43, 44], []
[2025-01-30 00:04:03,058][__main__][INFO] - [43, 45], []
[2025-01-30 00:04:03,089][__main__][INFO] - [43, 46], []
[2025-01-30 00:04:03,105][__main__][INFO] - [43, 47], []
[2025-01-30 00:04:03,170][__main__][INFO] - [43, 48], []
[2025-01-30 00:04:03,190][__main__][INFO] - [43, 49], []
[2025-01-30 00:04:03,207][__main__][INFO] - [43, 50], []
[2025-01-30 00:04:03,229][__main__][INFO] - [43, 51], []
[2025-01-30 00:04:03,248][__main__][INFO] - [43, 52], []
[2025-01-30 00:04:03,268][__main__][INFO] - [43, 53], []
[2025-01-30 00:04:03,287][__main__][INFO] - [43, 54], []
[2025-01-30 00:04:03,306][__main__][INFO] - [43, 55], []
[2025-01-30 00:04:03,324][__main__][INFO] - [43, 56], []
[2025-01-30 00:04:03,342][__main__][INFO] - [43, 57], []
[2025-01-30 00:04:03,360][__main__][INFO] - [43, 58], []
[2025-01-30 00:04:03,377][__main__][INFO] - [43, 59], []
[2025-01-30 00:04:03,415][__main__][INFO] - [44], [43]
[2025-01-30 00:04:06,613][__main__][INFO] - [45], [43]
[2025-01-30 00:04:06,731][__main__][INFO] - [46], [43]
[2025-01-30 00:04:06,848][__main__][INFO] - [47], [43]
[2025-01-30 00:04:09,774][__main__][INFO] - [48], [43]
[2025-01-30 00:04:10,309][__main__][INFO] - [49], [43]
[2025-01-30 00:04:10,346][__main__][INFO] - [50], [43]
[2025-01-30 00:04:10,506][__main__][INFO] - [51], [43]
[2025-01-30 00:04:10,626][__main__][INFO] - [52], [43]
[2025-01-30 00:04:10,762][__main__][INFO] - [53], [43]
[2025-01-30 00:04:10,917][__main__][INFO] - [54], [43]
[2025-01-30 00:04:11,050][__main__][INFO] - [55], [43]
[2025-01-30 00:04:11,174][__main__][INFO] - [56], [43]
[2025-01-30 00:04:11,292][__main__][INFO] - [57], [43]
[2025-01-30 00:04:11,403][__main__][INFO] - [58], [43]
[2025-01-30 00:04:11,497][__main__][INFO] - [59], [43]
[2025-01-30 00:04:12,375][__main__][INFO] - [44, 47], []
[2025-01-30 00:04:14,829][__main__][INFO] - [44, 48], []
[2025-01-30 00:04:15,390][__main__][INFO] - [44, 49], []
[2025-01-30 00:04:15,426][__main__][INFO] - [44, 50], []
[2025-01-30 00:04:15,565][__main__][INFO] - [44, 51], []
[2025-01-30 00:04:15,663][__main__][INFO] - [44, 52], []
[2025-01-30 00:04:15,787][__main__][INFO] - [44, 53], []
[2025-01-30 00:04:15,918][__main__][INFO] - [44, 54], []
[2025-01-30 00:04:16,045][__main__][INFO] - [44, 55], []
[2025-01-30 00:04:16,156][__main__][INFO] - [44, 56], []
[2025-01-30 00:04:16,268][__main__][INFO] - [44, 57], []
[2025-01-30 00:04:16,370][__main__][INFO] - [44, 58], []
[2025-01-30 00:04:16,458][__main__][INFO] - [44, 59], []
[2025-01-30 00:04:17,238][__main__][INFO] - [45, 47], []
[2025-01-30 00:04:17,360][__main__][INFO] - [45, 48], []
[2025-01-30 00:04:17,389][__main__][INFO] - [45, 49], []
[2025-01-30 00:04:17,406][__main__][INFO] - [45, 50], []
[2025-01-30 00:04:17,440][__main__][INFO] - [45, 51], []
[2025-01-30 00:04:17,465][__main__][INFO] - [45, 52], []
[2025-01-30 00:04:17,488][__main__][INFO] - [45, 53], []
[2025-01-30 00:04:17,510][__main__][INFO] - [45, 54], []
[2025-01-30 00:04:17,531][__main__][INFO] - [45, 55], []
[2025-01-30 00:04:17,552][__main__][INFO] - [45, 56], []
[2025-01-30 00:04:17,572][__main__][INFO] - [45, 57], []
[2025-01-30 00:04:17,591][__main__][INFO] - [45, 58], []
[2025-01-30 00:04:17,609][__main__][INFO] - [45, 59], []
[2025-01-30 00:04:17,653][__main__][INFO] - [46, 47], []
[2025-01-30 00:04:17,796][__main__][INFO] - [46, 50], []
[2025-01-30 00:04:17,817][__main__][INFO] - [46, 51], []
[2025-01-30 00:04:17,838][__main__][INFO] - [46, 52], []
[2025-01-30 00:04:17,860][__main__][INFO] - [46, 53], []
[2025-01-30 00:04:17,882][__main__][INFO] - [46, 54], []
[2025-01-30 00:04:17,903][__main__][INFO] - [46, 55], []
[2025-01-30 00:04:17,922][__main__][INFO] - [46, 56], []
[2025-01-30 00:04:17,942][__main__][INFO] - [46, 57], []
[2025-01-30 00:04:17,961][__main__][INFO] - [46, 58], []
[2025-01-30 00:04:17,980][__main__][INFO] - [46, 59], []
[2025-01-30 00:04:18,034][__main__][INFO] - [47, 50], []
[2025-01-30 00:04:18,169][__main__][INFO] - [47, 51], []
[2025-01-30 00:04:18,264][__main__][INFO] - [47, 52], []
[2025-01-30 00:04:18,378][__main__][INFO] - [47, 53], []
[2025-01-30 00:04:18,494][__main__][INFO] - [47, 54], []
[2025-01-30 00:04:18,605][__main__][INFO] - [47, 55], []
[2025-01-30 00:04:18,705][__main__][INFO] - [47, 56], []
[2025-01-30 00:04:18,803][__main__][INFO] - [47, 57], []
[2025-01-30 00:04:18,892][__main__][INFO] - [47, 58], []
[2025-01-30 00:04:18,968][__main__][INFO] - [47, 59], []
[2025-01-30 00:04:19,601][__main__][INFO] - [48, 50], []
[2025-01-30 00:04:19,649][__main__][INFO] - [48, 51], []
[2025-01-30 00:04:19,684][__main__][INFO] - [48, 52], []
[2025-01-30 00:04:19,723][__main__][INFO] - [48, 53], []
[2025-01-30 00:04:19,763][__main__][INFO] - [48, 54], []
[2025-01-30 00:04:19,801][__main__][INFO] - [48, 55], []
[2025-01-30 00:04:19,837][__main__][INFO] - [48, 56], []
[2025-01-30 00:04:19,873][__main__][INFO] - [48, 57], []
[2025-01-30 00:04:19,906][__main__][INFO] - [48, 58], []
[2025-01-30 00:04:19,937][__main__][INFO] - [48, 59], []
[2025-01-30 00:04:20,102][__main__][INFO] - [49, 50], []
[2025-01-30 00:04:20,120][__main__][INFO] - [49, 51], []
[2025-01-30 00:04:20,137][__main__][INFO] - [49, 52], []
[2025-01-30 00:04:20,154][__main__][INFO] - [49, 53], []
[2025-01-30 00:04:20,172][__main__][INFO] - [49, 54], []
[2025-01-30 00:04:20,189][__main__][INFO] - [49, 55], []
[2025-01-30 00:04:20,205][__main__][INFO] - [49, 56], []
[2025-01-30 00:04:20,223][__main__][INFO] - [49, 57], []
[2025-01-30 00:04:20,239][__main__][INFO] - [49, 58], []
[2025-01-30 00:04:20,256][__main__][INFO] - [49, 59], []
[2025-01-30 00:04:20,318][__main__][INFO] - [0, 1, 10], []
[2025-01-30 00:04:20,350][__main__][INFO] - [0, 1, 11], []
[2025-01-30 00:04:20,384][__main__][INFO] - [0, 1, 12], []
[2025-01-30 00:04:20,419][__main__][INFO] - [0, 1, 13], []
[2025-01-30 00:04:20,450][__main__][INFO] - [0, 1, 14], []
[2025-01-30 00:04:20,483][__main__][INFO] - [0, 1, 15], []
[2025-01-30 00:04:20,514][__main__][INFO] - [0, 1, 16], []
[2025-01-30 00:04:20,539][__main__][INFO] - [0, 1, 17], []
[2025-01-30 00:04:20,561][__main__][INFO] - [0, 1, 18], []
[2025-01-30 00:04:20,577][__main__][INFO] - [0, 1, 19], []
[2025-01-30 00:04:20,594][__main__][INFO] - [0, 1, 20], []
[2025-01-30 00:04:20,682][__main__][INFO] - [0, 1, 21], []
[2025-01-30 00:04:20,699][__main__][INFO] - [0, 1, 22], []
[2025-01-30 00:04:20,762][__main__][INFO] - [0, 1, 23], []
[2025-01-30 00:04:20,807][__main__][INFO] - [0, 1, 26], []
[2025-01-30 00:04:20,837][__main__][INFO] - [0, 1], [26]
[2025-01-30 00:04:20,961][__main__][INFO] - [0, 1, 27], []
[2025-01-30 00:04:21,049][__main__][INFO] - [0, 1, 28], []
[2025-01-30 00:04:21,089][__main__][INFO] - [0, 1, 29], []
[2025-01-30 00:04:21,106][__main__][INFO] - [0, 1, 30], []
[2025-01-30 00:04:21,123][__main__][INFO] - [0, 1, 31], []
[2025-01-30 00:04:21,139][__main__][INFO] - [0, 1, 32], []
[2025-01-30 00:04:21,250][__main__][INFO] - [0, 1, 33], []
[2025-01-30 00:04:21,281][__main__][INFO] - [0, 1, 35], []
[2025-01-30 00:04:21,297][__main__][INFO] - [0, 1, 36], []
[2025-01-30 00:04:21,339][__main__][INFO] - [0, 1, 37], []
[2025-01-30 00:04:21,448][__main__][INFO] - [0, 1, 38], []
[2025-01-30 00:04:21,471][__main__][INFO] - [0, 1, 39], []
[2025-01-30 00:04:21,504][__main__][INFO] - [0, 1, 40], []
[2025-01-30 00:04:21,522][__main__][INFO] - [0, 1, 41], []
[2025-01-30 00:04:21,593][__main__][INFO] - [0, 1], [41]
[2025-01-30 00:04:21,681][__main__][INFO] - [0, 1, 42], []
[2025-01-30 00:04:21,700][__main__][INFO] - [0, 1], [42]
[2025-01-30 00:04:21,837][__main__][INFO] - [0, 1, 43], []
[2025-01-30 00:04:21,856][__main__][INFO] - [0, 1], [43]
[2025-01-30 00:04:21,989][__main__][INFO] - [0, 1, 44], []
[2025-01-30 00:04:22,118][__main__][INFO] - [0, 1, 45], []
[2025-01-30 00:04:22,140][__main__][INFO] - [0, 1, 46], []
[2025-01-30 00:04:22,166][__main__][INFO] - [0, 1, 47], []
[2025-01-30 00:04:22,231][__main__][INFO] - [0, 1, 48], []
[2025-01-30 00:04:22,309][__main__][INFO] - [0, 1, 49], []
[2025-01-30 00:04:22,325][__main__][INFO] - [0, 1, 50], []
[2025-01-30 00:04:22,350][__main__][INFO] - [0, 1, 51], []
[2025-01-30 00:04:22,375][__main__][INFO] - [0, 1, 52], []
[2025-01-30 00:04:22,402][__main__][INFO] - [0, 1, 53], []
[2025-01-30 00:04:22,429][__main__][INFO] - [0, 1, 54], []
[2025-01-30 00:04:22,455][__main__][INFO] - [0, 1, 55], []
[2025-01-30 00:04:22,471][__main__][INFO] - [0, 1, 56], []
[2025-01-30 00:04:22,494][__main__][INFO] - [0, 1, 57], []
[2025-01-30 00:04:22,510][__main__][INFO] - [0, 1, 58], []
[2025-01-30 00:04:22,526][__main__][INFO] - [0, 1, 59], []
[2025-01-30 00:04:22,568][__main__][INFO] - [0, 2, 10], []
[2025-01-30 00:04:22,653][__main__][INFO] - [0, 2, 11], []
[2025-01-30 00:04:22,736][__main__][INFO] - [0, 2, 12], []
[2025-01-30 00:04:22,835][__main__][INFO] - [0, 2, 13], []
[2025-01-30 00:04:22,927][__main__][INFO] - [0, 2, 14], []
[2025-01-30 00:04:23,024][__main__][INFO] - [0, 2, 15], []
[2025-01-30 00:04:23,125][__main__][INFO] - [0, 2, 16], []
[2025-01-30 00:04:23,238][__main__][INFO] - [0, 2, 17], []
[2025-01-30 00:04:23,335][__main__][INFO] - [0, 2, 18], []
[2025-01-30 00:04:23,392][__main__][INFO] - [0, 2, 19], []
[2025-01-30 00:04:23,431][__main__][INFO] - [0, 2, 20], []
[2025-01-30 00:04:24,162][__main__][INFO] - [0, 2, 21], []
[2025-01-30 00:04:24,189][__main__][INFO] - [0, 2, 22], []
[2025-01-30 00:04:24,287][__main__][INFO] - [0, 2, 23], []
[2025-01-30 00:04:24,326][__main__][INFO] - [0, 2, 24], []
[2025-01-30 00:04:24,343][__main__][INFO] - [0, 2, 25], []
[2025-01-30 00:04:24,359][__main__][INFO] - [0, 2, 26], []
[2025-01-30 00:04:24,500][__main__][INFO] - [0, 2], [26]
[2025-01-30 00:04:25,188][__main__][INFO] - [0, 2, 27], []
[2025-01-30 00:04:25,932][__main__][INFO] - [0, 2, 28], []
[2025-01-30 00:04:25,996][__main__][INFO] - [0, 2, 29], []
[2025-01-30 00:04:26,073][__main__][INFO] - [0, 2, 30], []
[2025-01-30 00:04:26,096][__main__][INFO] - [0, 2, 31], []
[2025-01-30 00:04:26,114][__main__][INFO] - [0, 2, 32], []
[2025-01-30 00:04:26,854][__main__][INFO] - [0, 2, 33], []
[2025-01-30 00:04:26,878][__main__][INFO] - [0, 2, 34], []
[2025-01-30 00:04:26,896][__main__][INFO] - [0, 2, 35], []
[2025-01-30 00:04:26,914][__main__][INFO] - [0, 2, 36], []
[2025-01-30 00:04:27,053][__main__][INFO] - [0, 2, 37], []
[2025-01-30 00:04:27,498][__main__][INFO] - [0, 2, 38], []
[2025-01-30 00:04:27,723][__main__][INFO] - [0, 2, 39], []
[2025-01-30 00:04:27,850][__main__][INFO] - [0, 2, 40], []
[2025-01-30 00:04:27,876][__main__][INFO] - [0, 2, 41], []
[2025-01-30 00:04:28,010][__main__][INFO] - [0, 2], [41]
[2025-01-30 00:04:28,712][__main__][INFO] - [0, 2, 42], []
[2025-01-30 00:04:28,755][__main__][INFO] - [0, 2], [42]
[2025-01-30 00:04:29,630][__main__][INFO] - [0, 2, 43], []
[2025-01-30 00:04:29,667][__main__][INFO] - [0, 2], [43]
[2025-01-30 00:04:30,520][__main__][INFO] - [0, 2, 44], []
[2025-01-30 00:04:31,358][__main__][INFO] - [0, 2, 45], []
[2025-01-30 00:04:31,411][__main__][INFO] - [0, 2, 46], []
[2025-01-30 00:04:31,457][__main__][INFO] - [0, 2, 47], []
[2025-01-30 00:04:31,951][__main__][INFO] - [0, 2, 48], []
[2025-01-30 00:04:32,278][__main__][INFO] - [0, 2, 49], []
[2025-01-30 00:04:32,306][__main__][INFO] - [0, 2, 50], []
[2025-01-30 00:04:32,364][__main__][INFO] - [0, 2, 51], []
[2025-01-30 00:04:32,412][__main__][INFO] - [0, 2, 52], []
[2025-01-30 00:04:32,466][__main__][INFO] - [0, 2, 53], []
[2025-01-30 00:04:32,523][__main__][INFO] - [0, 2, 54], []
[2025-01-30 00:04:32,576][__main__][INFO] - [0, 2, 55], []
[2025-01-30 00:04:32,626][__main__][INFO] - [0, 2, 56], []
[2025-01-30 00:04:32,675][__main__][INFO] - [0, 2, 57], []
[2025-01-30 00:04:32,719][__main__][INFO] - [0, 2, 58], []
[2025-01-30 00:04:32,760][__main__][INFO] - [0, 2, 59], []
[2025-01-30 00:04:33,051][__main__][INFO] - [0, 3, 10], []
[2025-01-30 00:04:33,081][__main__][INFO] - [0, 3, 11], []
[2025-01-30 00:04:33,106][__main__][INFO] - [0, 3, 12], []
[2025-01-30 00:04:33,131][__main__][INFO] - [0, 3, 13], []
[2025-01-30 00:04:33,153][__main__][INFO] - [0, 3, 14], []
[2025-01-30 00:04:33,174][__main__][INFO] - [0, 3, 15], []
[2025-01-30 00:04:33,195][__main__][INFO] - [0, 3, 16], []
[2025-01-30 00:04:33,215][__main__][INFO] - [0, 3, 17], []
[2025-01-30 00:04:33,234][__main__][INFO] - [0, 3, 18], []
[2025-01-30 00:04:33,250][__main__][INFO] - [0, 3, 19], []
[2025-01-30 00:04:33,267][__main__][INFO] - [0, 3, 20], []
[2025-01-30 00:04:33,329][__main__][INFO] - [0, 3, 21], []
[2025-01-30 00:04:33,345][__main__][INFO] - [0, 3, 22], []
[2025-01-30 00:04:33,362][__main__][INFO] - [0, 3, 23], []
[2025-01-30 00:04:33,378][__main__][INFO] - [0, 3, 24], []
[2025-01-30 00:04:33,394][__main__][INFO] - [0, 3, 25], []
[2025-01-30 00:04:33,410][__main__][INFO] - [0, 3, 26], []
[2025-01-30 00:04:33,432][__main__][INFO] - [0, 3], [26]
[2025-01-30 00:04:33,496][__main__][INFO] - [0, 3, 27], []
[2025-01-30 00:04:33,555][__main__][INFO] - [0, 3, 28], []
[2025-01-30 00:04:33,572][__main__][INFO] - [0, 3, 29], []
[2025-01-30 00:04:33,588][__main__][INFO] - [0, 3, 30], []
[2025-01-30 00:04:33,604][__main__][INFO] - [0, 3, 31], []
[2025-01-30 00:04:33,620][__main__][INFO] - [0, 3, 32], []
[2025-01-30 00:04:33,669][__main__][INFO] - [0, 3, 33], []
[2025-01-30 00:04:33,700][__main__][INFO] - [0, 3, 35], []
[2025-01-30 00:04:33,717][__main__][INFO] - [0, 3, 36], []
[2025-01-30 00:04:33,751][__main__][INFO] - [0, 3, 37], []
[2025-01-30 00:04:33,779][__main__][INFO] - [0, 3, 38], []
[2025-01-30 00:04:33,823][__main__][INFO] - [0, 3, 39], []
[2025-01-30 00:04:33,846][__main__][INFO] - [0, 3, 40], []
[2025-01-30 00:04:33,862][__main__][INFO] - [0, 3, 41], []
[2025-01-30 00:04:33,878][__main__][INFO] - [0, 3], [41]
[2025-01-30 00:04:33,940][__main__][INFO] - [0, 3, 42], []
[2025-01-30 00:04:33,958][__main__][INFO] - [0, 3], [42]
[2025-01-30 00:04:34,025][__main__][INFO] - [0, 3, 43], []
[2025-01-30 00:04:34,043][__main__][INFO] - [0, 3], [43]
[2025-01-30 00:04:34,110][__main__][INFO] - [0, 3, 44], []
[2025-01-30 00:04:34,170][__main__][INFO] - [0, 3, 45], []
[2025-01-30 00:04:34,189][__main__][INFO] - [0, 3, 46], []
[2025-01-30 00:04:34,212][__main__][INFO] - [0, 3, 47], []
[2025-01-30 00:04:34,254][__main__][INFO] - [0, 3, 48], []
[2025-01-30 00:04:34,292][__main__][INFO] - [0, 3, 49], []
[2025-01-30 00:04:34,309][__main__][INFO] - [0, 3, 50], []
[2025-01-30 00:04:34,329][__main__][INFO] - [0, 3, 51], []
[2025-01-30 00:04:34,348][__main__][INFO] - [0, 3, 52], []
[2025-01-30 00:04:34,367][__main__][INFO] - [0, 3, 53], []
[2025-01-30 00:04:34,386][__main__][INFO] - [0, 3, 54], []
[2025-01-30 00:04:34,403][__main__][INFO] - [0, 3, 55], []
[2025-01-30 00:04:34,421][__main__][INFO] - [0, 3, 56], []
[2025-01-30 00:04:34,440][__main__][INFO] - [0, 3, 57], []
[2025-01-30 00:04:34,456][__main__][INFO] - [0, 3, 58], []
[2025-01-30 00:04:34,474][__main__][INFO] - [0, 3, 59], []
[2025-01-30 00:04:34,520][__main__][INFO] - [0, 4, 10], []
[2025-01-30 00:04:34,550][__main__][INFO] - [0, 4, 11], []
[2025-01-30 00:04:34,582][__main__][INFO] - [0, 4, 12], []
[2025-01-30 00:04:34,616][__main__][INFO] - [0, 4, 13], []
[2025-01-30 00:04:34,633][__main__][INFO] - [0, 4, 14], []
[2025-01-30 00:04:34,675][__main__][INFO] - [0, 4, 15], []
[2025-01-30 00:04:34,713][__main__][INFO] - [0, 4, 16], []
[2025-01-30 00:04:34,751][__main__][INFO] - [0, 4, 17], []
[2025-01-30 00:04:34,783][__main__][INFO] - [0, 4, 18], []
[2025-01-30 00:04:34,800][__main__][INFO] - [0, 4, 19], []
[2025-01-30 00:04:34,822][__main__][INFO] - [0, 4, 20], []
[2025-01-30 00:04:34,891][__main__][INFO] - [0, 4, 21], []
[2025-01-30 00:04:35,028][__main__][INFO] - [0, 4, 22], []
[2025-01-30 00:04:35,047][__main__][INFO] - [0, 4, 23], []
[2025-01-30 00:04:35,063][__main__][INFO] - [0, 4, 24], []
[2025-01-30 00:04:35,080][__main__][INFO] - [0, 4, 25], []
[2025-01-30 00:04:35,096][__main__][INFO] - [0, 4, 26], []
[2025-01-30 00:04:35,129][__main__][INFO] - [0, 4], [26]
[2025-01-30 00:04:35,309][__main__][INFO] - [0, 4, 27], []
[2025-01-30 00:04:35,378][__main__][INFO] - [0, 4, 28], []
[2025-01-30 00:04:35,429][__main__][INFO] - [0, 4, 29], []
[2025-01-30 00:04:35,517][__main__][INFO] - [0, 4, 30], []
[2025-01-30 00:04:35,534][__main__][INFO] - [0, 4, 31], []
[2025-01-30 00:04:35,551][__main__][INFO] - [0, 4, 32], []
[2025-01-30 00:04:35,719][__main__][INFO] - [0, 4, 33], []
[2025-01-30 00:04:35,751][__main__][INFO] - [0, 4, 35], []
[2025-01-30 00:04:35,767][__main__][INFO] - [0, 4, 36], []
[2025-01-30 00:04:35,809][__main__][INFO] - [0, 4, 37], []
[2025-01-30 00:04:35,957][__main__][INFO] - [0, 4, 38], []
[2025-01-30 00:04:35,983][__main__][INFO] - [0, 4, 39], []
[2025-01-30 00:04:36,019][__main__][INFO] - [0, 4, 40], []
[2025-01-30 00:04:36,037][__main__][INFO] - [0, 4, 41], []
[2025-01-30 00:04:36,165][__main__][INFO] - [0, 4], [41]
[2025-01-30 00:04:36,239][__main__][INFO] - [0, 4, 42], []
[2025-01-30 00:04:36,256][__main__][INFO] - [0, 4], [42]
[2025-01-30 00:04:36,440][__main__][INFO] - [0, 4, 43], []
[2025-01-30 00:04:36,461][__main__][INFO] - [0, 4], [43]
[2025-01-30 00:04:36,652][__main__][INFO] - [0, 4, 44], []
[2025-01-30 00:04:36,830][__main__][INFO] - [0, 4, 45], []
[2025-01-30 00:04:36,854][__main__][INFO] - [0, 4, 46], []
[2025-01-30 00:04:36,877][__main__][INFO] - [0, 4, 47], []
[2025-01-30 00:04:36,977][__main__][INFO] - [0, 4, 48], []
[2025-01-30 00:04:37,072][__main__][INFO] - [0, 4, 49], []
[2025-01-30 00:04:37,089][__main__][INFO] - [0, 4, 50], []
[2025-01-30 00:04:37,114][__main__][INFO] - [0, 4, 51], []
[2025-01-30 00:04:37,132][__main__][INFO] - [0, 4, 52], []
[2025-01-30 00:04:37,149][__main__][INFO] - [0, 4, 53], []
[2025-01-30 00:04:37,172][__main__][INFO] - [0, 4, 54], []
[2025-01-30 00:04:37,189][__main__][INFO] - [0, 4, 55], []
[2025-01-30 00:04:37,211][__main__][INFO] - [0, 4, 56], []
[2025-01-30 00:04:37,234][__main__][INFO] - [0, 4, 57], []
[2025-01-30 00:04:37,251][__main__][INFO] - [0, 4, 58], []
[2025-01-30 00:04:37,267][__main__][INFO] - [0, 4, 59], []
[2025-01-30 00:04:37,366][__main__][INFO] - [0, 5, 10], []
[2025-01-30 00:04:37,383][__main__][INFO] - [0, 5, 11], []
[2025-01-30 00:04:37,400][__main__][INFO] - [0, 5, 12], []
[2025-01-30 00:04:37,416][__main__][INFO] - [0, 5, 13], []
[2025-01-30 00:04:37,438][__main__][INFO] - [0, 5, 14], []
[2025-01-30 00:04:37,460][__main__][INFO] - [0, 5, 15], []
[2025-01-30 00:04:37,477][__main__][INFO] - [0, 5, 16], []
[2025-01-30 00:04:37,499][__main__][INFO] - [0, 5, 17], []
[2025-01-30 00:04:37,516][__main__][INFO] - [0, 5, 18], []
[2025-01-30 00:04:37,533][__main__][INFO] - [0, 5, 19], []
[2025-01-30 00:04:37,549][__main__][INFO] - [0, 5, 20], []
[2025-01-30 00:04:37,620][__main__][INFO] - [0, 5, 22], []
[2025-01-30 00:04:37,637][__main__][INFO] - [0, 5, 23], []
[2025-01-30 00:04:37,653][__main__][INFO] - [0, 5, 24], []
[2025-01-30 00:04:37,687][__main__][INFO] - [0, 5, 26], []
[2025-01-30 00:04:37,703][__main__][INFO] - [0, 5], [26]
[2025-01-30 00:04:37,753][__main__][INFO] - [0, 5, 27], []
[2025-01-30 00:04:37,814][__main__][INFO] - [0, 5, 28], []
[2025-01-30 00:04:37,831][__main__][INFO] - [0, 5, 29], []
[2025-01-30 00:04:37,850][__main__][INFO] - [0, 5, 30], []
[2025-01-30 00:04:37,881][__main__][INFO] - [0, 5, 32], []
[2025-01-30 00:04:37,934][__main__][INFO] - [0, 5, 33], []
[2025-01-30 00:04:37,951][__main__][INFO] - [0, 5, 34], []
[2025-01-30 00:04:37,967][__main__][INFO] - [0, 5, 35], []
[2025-01-30 00:04:37,984][__main__][INFO] - [0, 5, 36], []
[2025-01-30 00:04:38,001][__main__][INFO] - [0, 5, 37], []
[2025-01-30 00:04:38,047][__main__][INFO] - [0, 5, 38], []
[2025-01-30 00:04:38,064][__main__][INFO] - [0, 5, 39], []
[2025-01-30 00:04:38,080][__main__][INFO] - [0, 5, 40], []
[2025-01-30 00:04:38,097][__main__][INFO] - [0, 5, 41], []
[2025-01-30 00:04:38,117][__main__][INFO] - [0, 5], [41]
[2025-01-30 00:04:38,174][__main__][INFO] - [0, 5, 42], []
[2025-01-30 00:04:38,191][__main__][INFO] - [0, 5], [42]
[2025-01-30 00:04:38,251][__main__][INFO] - [0, 5, 43], []
[2025-01-30 00:04:38,268][__main__][INFO] - [0, 5], [43]
[2025-01-30 00:04:38,326][__main__][INFO] - [0, 5, 44], []
[2025-01-30 00:04:38,381][__main__][INFO] - [0, 5, 45], []
[2025-01-30 00:04:38,398][__main__][INFO] - [0, 5, 46], []
[2025-01-30 00:04:38,415][__main__][INFO] - [0, 5, 47], []
[2025-01-30 00:04:38,455][__main__][INFO] - [0, 5, 48], []
[2025-01-30 00:04:38,491][__main__][INFO] - [0, 5, 49], []
[2025-01-30 00:04:38,507][__main__][INFO] - [0, 5, 50], []
[2025-01-30 00:04:38,524][__main__][INFO] - [0, 5, 51], []
[2025-01-30 00:04:38,540][__main__][INFO] - [0, 5, 52], []
[2025-01-30 00:04:38,557][__main__][INFO] - [0, 5, 53], []
[2025-01-30 00:04:38,576][__main__][INFO] - [0, 5, 54], []
[2025-01-30 00:04:38,592][__main__][INFO] - [0, 5, 55], []
[2025-01-30 00:04:38,611][__main__][INFO] - [0, 5, 56], []
[2025-01-30 00:04:38,627][__main__][INFO] - [0, 5, 57], []
[2025-01-30 00:04:38,649][__main__][INFO] - [0, 5, 58], []
[2025-01-30 00:04:38,677][__main__][INFO] - [0, 5, 59], []
[2025-01-30 00:04:38,708][__main__][INFO] - [0, 6, 10], []
[2025-01-30 00:04:38,726][__main__][INFO] - [0, 6, 11], []
[2025-01-30 00:04:38,744][__main__][INFO] - [0, 6, 12], []
[2025-01-30 00:04:38,762][__main__][INFO] - [0, 6, 13], []
[2025-01-30 00:04:38,780][__main__][INFO] - [0, 6, 14], []
[2025-01-30 00:04:38,798][__main__][INFO] - [0, 6, 15], []
[2025-01-30 00:04:38,816][__main__][INFO] - [0, 6, 16], []
[2025-01-30 00:04:38,834][__main__][INFO] - [0, 6, 17], []
[2025-01-30 00:04:38,852][__main__][INFO] - [0, 6, 18], []
[2025-01-30 00:04:38,869][__main__][INFO] - [0, 6, 19], []
[2025-01-30 00:04:38,885][__main__][INFO] - [0, 6, 20], []
[2025-01-30 00:04:38,924][__main__][INFO] - [0, 6, 22], []
[2025-01-30 00:04:38,985][__main__][INFO] - [0, 6, 26], []
[2025-01-30 00:04:39,003][__main__][INFO] - [0, 6], [26]
[2025-01-30 00:04:39,027][__main__][INFO] - [0, 6, 27], []
[2025-01-30 00:04:39,051][__main__][INFO] - [0, 6, 28], []
[2025-01-30 00:04:39,068][__main__][INFO] - [0, 6, 29], []
[2025-01-30 00:04:39,114][__main__][INFO] - [0, 6, 32], []
[2025-01-30 00:04:39,180][__main__][INFO] - [0, 6, 36], []
[2025-01-30 00:04:39,199][__main__][INFO] - [0, 6, 37], []
[2025-01-30 00:04:39,222][__main__][INFO] - [0, 6, 38], []
[2025-01-30 00:04:39,240][__main__][INFO] - [0, 6, 39], []
[2025-01-30 00:04:39,257][__main__][INFO] - [0, 6, 40], []
[2025-01-30 00:04:39,274][__main__][INFO] - [0, 6, 41], []
[2025-01-30 00:04:39,292][__main__][INFO] - [0, 6], [41]
[2025-01-30 00:04:39,317][__main__][INFO] - [0, 6, 42], []
[2025-01-30 00:04:39,334][__main__][INFO] - [0, 6], [42]
[2025-01-30 00:04:39,359][__main__][INFO] - [0, 6, 43], []
[2025-01-30 00:04:39,377][__main__][INFO] - [0, 6], [43]
[2025-01-30 00:04:39,403][__main__][INFO] - [0, 6, 44], []
[2025-01-30 00:04:39,430][__main__][INFO] - [0, 6, 45], []
[2025-01-30 00:04:39,447][__main__][INFO] - [0, 6, 46], []
[2025-01-30 00:04:39,465][__main__][INFO] - [0, 6, 47], []
[2025-01-30 00:04:39,486][__main__][INFO] - [0, 6, 48], []
[2025-01-30 00:04:39,506][__main__][INFO] - [0, 6, 49], []
[2025-01-30 00:04:39,524][__main__][INFO] - [0, 6, 50], []
[2025-01-30 00:04:39,544][__main__][INFO] - [0, 6, 51], []
[2025-01-30 00:04:39,562][__main__][INFO] - [0, 6, 52], []
[2025-01-30 00:04:39,579][__main__][INFO] - [0, 6, 53], []
[2025-01-30 00:04:39,600][__main__][INFO] - [0, 6, 54], []
[2025-01-30 00:04:39,617][__main__][INFO] - [0, 6, 55], []
[2025-01-30 00:04:39,634][__main__][INFO] - [0, 6, 56], []
[2025-01-30 00:04:39,651][__main__][INFO] - [0, 6, 57], []
[2025-01-30 00:04:39,669][__main__][INFO] - [0, 6, 58], []
[2025-01-30 00:04:39,685][__main__][INFO] - [0, 6, 59], []
[2025-01-30 00:04:39,717][__main__][INFO] - [0, 7, 10], []
[2025-01-30 00:04:39,734][__main__][INFO] - [0, 7, 11], []
[2025-01-30 00:04:39,750][__main__][INFO] - [0, 7, 12], []
[2025-01-30 00:04:39,767][__main__][INFO] - [0, 7, 13], []
[2025-01-30 00:04:39,783][__main__][INFO] - [0, 7, 14], []
[2025-01-30 00:04:39,799][__main__][INFO] - [0, 7, 15], []
[2025-01-30 00:04:39,816][__main__][INFO] - [0, 7, 16], []
[2025-01-30 00:04:39,832][__main__][INFO] - [0, 7, 17], []
[2025-01-30 00:04:39,849][__main__][INFO] - [0, 7, 18], []
[2025-01-30 00:04:39,879][__main__][INFO] - [0, 7, 20], []
[2025-01-30 00:04:39,953][__main__][INFO] - [0, 7, 25], []
[2025-01-30 00:04:39,969][__main__][INFO] - [0, 7, 26], []
[2025-01-30 00:04:39,986][__main__][INFO] - [0, 7], [26]
[2025-01-30 00:04:40,002][__main__][INFO] - [0, 7, 27], []
[2025-01-30 00:04:40,019][__main__][INFO] - [0, 7, 28], []
[2025-01-30 00:04:40,036][__main__][INFO] - [0, 7, 29], []
[2025-01-30 00:04:40,067][__main__][INFO] - [0, 7, 31], []
[2025-01-30 00:04:40,084][__main__][INFO] - [0, 7, 32], []
[2025-01-30 00:04:40,143][__main__][INFO] - [0, 7, 36], []
[2025-01-30 00:04:40,159][__main__][INFO] - [0, 7, 37], []
[2025-01-30 00:04:40,176][__main__][INFO] - [0, 7, 38], []
[2025-01-30 00:04:40,192][__main__][INFO] - [0, 7, 39], []
[2025-01-30 00:04:40,223][__main__][INFO] - [0, 7, 41], []
[2025-01-30 00:04:40,239][__main__][INFO] - [0, 7], [41]
[2025-01-30 00:04:40,270][__main__][INFO] - [0, 7], [42]
[2025-01-30 00:04:40,302][__main__][INFO] - [0, 7], [43]
[2025-01-30 00:04:40,318][__main__][INFO] - [0, 7, 44], []
[2025-01-30 00:04:40,335][__main__][INFO] - [0, 7, 45], []
[2025-01-30 00:04:40,351][__main__][INFO] - [0, 7, 46], []
[2025-01-30 00:04:40,368][__main__][INFO] - [0, 7, 47], []
[2025-01-30 00:04:40,384][__main__][INFO] - [0, 7, 48], []
[2025-01-30 00:04:40,400][__main__][INFO] - [0, 7, 49], []
[2025-01-30 00:04:40,416][__main__][INFO] - [0, 7, 50], []
[2025-01-30 00:04:40,433][__main__][INFO] - [0, 7, 51], []
[2025-01-30 00:04:40,449][__main__][INFO] - [0, 7, 52], []
[2025-01-30 00:04:40,465][__main__][INFO] - [0, 7, 53], []
[2025-01-30 00:04:40,482][__main__][INFO] - [0, 7, 54], []
[2025-01-30 00:04:40,498][__main__][INFO] - [0, 7, 55], []
[2025-01-30 00:04:40,515][__main__][INFO] - [0, 7, 56], []
[2025-01-30 00:04:40,531][__main__][INFO] - [0, 7, 57], []
[2025-01-30 00:04:40,547][__main__][INFO] - [0, 7, 58], []
[2025-01-30 00:04:40,563][__main__][INFO] - [0, 7, 59], []
[2025-01-30 00:04:40,593][__main__][INFO] - [0, 8, 10], []
[2025-01-30 00:04:40,610][__main__][INFO] - [0, 8, 11], []
[2025-01-30 00:04:40,627][__main__][INFO] - [0, 8, 12], []
[2025-01-30 00:04:40,644][__main__][INFO] - [0, 8, 13], []
[2025-01-30 00:04:40,661][__main__][INFO] - [0, 8, 14], []
[2025-01-30 00:04:40,681][__main__][INFO] - [0, 8, 15], []
[2025-01-30 00:04:40,700][__main__][INFO] - [0, 8, 16], []
[2025-01-30 00:04:40,717][__main__][INFO] - [0, 8, 17], []
[2025-01-30 00:04:40,762][__main__][INFO] - [0, 8, 20], []
[2025-01-30 00:04:40,798][__main__][INFO] - [0, 8, 22], []
[2025-01-30 00:04:40,866][__main__][INFO] - [0, 8, 26], []
[2025-01-30 00:04:40,884][__main__][INFO] - [0, 8], [26]
[2025-01-30 00:04:40,903][__main__][INFO] - [0, 8, 27], []
[2025-01-30 00:04:40,922][__main__][INFO] - [0, 8, 28], []
[2025-01-30 00:04:40,939][__main__][INFO] - [0, 8, 29], []
[2025-01-30 00:04:40,984][__main__][INFO] - [0, 8, 32], []
[2025-01-30 00:04:41,045][__main__][INFO] - [0, 8, 36], []
[2025-01-30 00:04:41,063][__main__][INFO] - [0, 8, 37], []
[2025-01-30 00:04:41,082][__main__][INFO] - [0, 8, 38], []
[2025-01-30 00:04:41,099][__main__][INFO] - [0, 8, 39], []
[2025-01-30 00:04:41,130][__main__][INFO] - [0, 8, 41], []
[2025-01-30 00:04:41,147][__main__][INFO] - [0, 8], [41]
[2025-01-30 00:04:41,167][__main__][INFO] - [0, 8, 42], []
[2025-01-30 00:04:41,184][__main__][INFO] - [0, 8], [42]
[2025-01-30 00:04:41,204][__main__][INFO] - [0, 8, 43], []
[2025-01-30 00:04:41,222][__main__][INFO] - [0, 8], [43]
[2025-01-30 00:04:41,241][__main__][INFO] - [0, 8, 44], []
[2025-01-30 00:04:41,260][__main__][INFO] - [0, 8, 45], []
[2025-01-30 00:04:41,276][__main__][INFO] - [0, 8, 46], []
[2025-01-30 00:04:41,294][__main__][INFO] - [0, 8, 47], []
[2025-01-30 00:04:41,312][__main__][INFO] - [0, 8, 48], []
[2025-01-30 00:04:41,345][__main__][INFO] - [0, 8, 50], []
[2025-01-30 00:04:41,361][__main__][INFO] - [0, 8, 51], []
[2025-01-30 00:04:41,378][__main__][INFO] - [0, 8, 52], []
[2025-01-30 00:04:41,394][__main__][INFO] - [0, 8, 53], []
[2025-01-30 00:04:41,412][__main__][INFO] - [0, 8, 54], []
[2025-01-30 00:04:41,429][__main__][INFO] - [0, 8, 55], []
[2025-01-30 00:04:41,446][__main__][INFO] - [0, 8, 56], []
[2025-01-30 00:04:41,463][__main__][INFO] - [0, 8, 57], []
[2025-01-30 00:04:41,480][__main__][INFO] - [0, 8, 58], []
[2025-01-30 00:04:41,496][__main__][INFO] - [0, 8, 59], []
[2025-01-30 00:04:41,541][__main__][INFO] - [0, 10, 20], []
[2025-01-30 00:04:41,665][__main__][INFO] - [0, 10, 21], []
[2025-01-30 00:04:41,684][__main__][INFO] - [0, 10, 22], []
[2025-01-30 00:04:41,701][__main__][INFO] - [0, 10, 23], []
[2025-01-30 00:04:41,747][__main__][INFO] - [0, 10, 26], []
[2025-01-30 00:04:41,766][__main__][INFO] - [0, 10], [26]
[2025-01-30 00:04:41,899][__main__][INFO] - [0, 10, 27], []
[2025-01-30 00:04:42,023][__main__][INFO] - [0, 10, 28], []
[2025-01-30 00:04:42,041][__main__][INFO] - [0, 10, 29], []
[2025-01-30 00:04:42,057][__main__][INFO] - [0, 10, 30], []
[2025-01-30 00:04:42,147][__main__][INFO] - [0, 10, 36], []
[2025-01-30 00:04:42,278][__main__][INFO] - [0, 10, 37], []
[2025-01-30 00:04:42,351][__main__][INFO] - [0, 10, 38], []
[2025-01-30 00:04:42,395][__main__][INFO] - [0, 10, 39], []
[2025-01-30 00:04:42,431][__main__][INFO] - [0, 10, 40], []
[2025-01-30 00:04:42,450][__main__][INFO] - [0, 10, 41], []
[2025-01-30 00:04:42,467][__main__][INFO] - [0, 10], [41]
[2025-01-30 00:04:42,604][__main__][INFO] - [0, 10, 42], []
[2025-01-30 00:04:42,621][__main__][INFO] - [0, 10], [42]
[2025-01-30 00:04:42,750][__main__][INFO] - [0, 10, 43], []
[2025-01-30 00:04:42,768][__main__][INFO] - [0, 10], [43]
[2025-01-30 00:04:42,892][__main__][INFO] - [0, 10, 44], []
[2025-01-30 00:04:42,966][__main__][INFO] - [0, 10, 45], []
[2025-01-30 00:04:42,984][__main__][INFO] - [0, 10, 46], []
[2025-01-30 00:04:43,052][__main__][INFO] - [0, 10, 47], []
[2025-01-30 00:04:43,210][__main__][INFO] - [0, 10, 50], []
[2025-01-30 00:04:43,234][__main__][INFO] - [0, 10, 51], []
[2025-01-30 00:04:43,258][__main__][INFO] - [0, 10, 52], []
[2025-01-30 00:04:43,283][__main__][INFO] - [0, 10, 53], []
[2025-01-30 00:04:43,306][__main__][INFO] - [0, 10, 54], []
[2025-01-30 00:04:43,329][__main__][INFO] - [0, 10, 55], []
[2025-01-30 00:04:43,351][__main__][INFO] - [0, 10, 56], []
[2025-01-30 00:04:43,372][__main__][INFO] - [0, 10, 57], []
[2025-01-30 00:04:43,393][__main__][INFO] - [0, 10, 58], []
[2025-01-30 00:04:43,413][__main__][INFO] - [0, 10, 59], []
[2025-01-30 00:04:43,473][__main__][INFO] - [0, 11, 20], []
[2025-01-30 00:04:43,606][__main__][INFO] - [0, 11, 21], []
[2025-01-30 00:04:43,627][__main__][INFO] - [0, 11, 22], []
[2025-01-30 00:04:43,644][__main__][INFO] - [0, 11, 23], []
[2025-01-30 00:04:43,662][__main__][INFO] - [0, 11, 24], []
[2025-01-30 00:04:43,693][__main__][INFO] - [0, 11, 26], []
[2025-01-30 00:04:43,714][__main__][INFO] - [0, 11], [26]
[2025-01-30 00:04:43,851][__main__][INFO] - [0, 11, 27], []
[2025-01-30 00:04:43,978][__main__][INFO] - [0, 11, 28], []
[2025-01-30 00:04:43,996][__main__][INFO] - [0, 11, 29], []
[2025-01-30 00:04:44,015][__main__][INFO] - [0, 11, 30], []
[2025-01-30 00:04:44,034][__main__][INFO] - [0, 11, 31], []
[2025-01-30 00:04:44,052][__main__][INFO] - [0, 11, 32], []
[2025-01-30 00:04:44,138][__main__][INFO] - [0, 11, 36], []
[2025-01-30 00:04:44,242][__main__][INFO] - [0, 11, 37], []
[2025-01-30 00:04:44,326][__main__][INFO] - [0, 11, 38], []
[2025-01-30 00:04:44,371][__main__][INFO] - [0, 11, 39], []
[2025-01-30 00:04:44,407][__main__][INFO] - [0, 11, 40], []
[2025-01-30 00:04:44,426][__main__][INFO] - [0, 11, 41], []
[2025-01-30 00:04:44,449][__main__][INFO] - [0, 11], [41]
[2025-01-30 00:04:44,579][__main__][INFO] - [0, 11, 42], []
[2025-01-30 00:04:44,597][__main__][INFO] - [0, 11], [42]
[2025-01-30 00:04:44,734][__main__][INFO] - [0, 11, 43], []
[2025-01-30 00:04:44,753][__main__][INFO] - [0, 11], [43]
[2025-01-30 00:04:44,889][__main__][INFO] - [0, 11, 44], []
[2025-01-30 00:04:45,031][__main__][INFO] - [0, 11, 45], []
[2025-01-30 00:04:45,066][__main__][INFO] - [0, 11, 47], []
[2025-01-30 00:04:45,145][__main__][INFO] - [0, 11, 48], []
[2025-01-30 00:04:45,213][__main__][INFO] - [0, 11, 49], []
[2025-01-30 00:04:45,231][__main__][INFO] - [0, 11, 50], []
[2025-01-30 00:04:45,258][__main__][INFO] - [0, 11, 51], []
[2025-01-30 00:04:45,282][__main__][INFO] - [0, 11, 52], []
[2025-01-30 00:04:45,307][__main__][INFO] - [0, 11, 53], []
[2025-01-30 00:04:45,332][__main__][INFO] - [0, 11, 54], []
[2025-01-30 00:04:45,355][__main__][INFO] - [0, 11, 55], []
[2025-01-30 00:04:45,377][__main__][INFO] - [0, 11, 56], []
[2025-01-30 00:04:45,399][__main__][INFO] - [0, 11, 57], []
[2025-01-30 00:04:45,420][__main__][INFO] - [0, 11, 58], []
[2025-01-30 00:04:45,440][__main__][INFO] - [0, 11, 59], []
[2025-01-30 00:04:45,500][__main__][INFO] - [0, 12, 20], []
[2025-01-30 00:04:45,621][__main__][INFO] - [0, 12, 21], []
[2025-01-30 00:04:45,647][__main__][INFO] - [0, 12, 22], []
[2025-01-30 00:04:45,673][__main__][INFO] - [0, 12, 23], []
[2025-01-30 00:04:45,692][__main__][INFO] - [0, 12, 24], []
[2025-01-30 00:04:45,709][__main__][INFO] - [0, 12, 25], []
[2025-01-30 00:04:45,726][__main__][INFO] - [0, 12, 26], []
[2025-01-30 00:04:45,749][__main__][INFO] - [0, 12], [26]
[2025-01-30 00:04:45,898][__main__][INFO] - [0, 12, 27], []
[2025-01-30 00:04:46,018][__main__][INFO] - [0, 12, 28], []
[2025-01-30 00:04:46,048][__main__][INFO] - [0, 12, 29], []
[2025-01-30 00:04:46,070][__main__][INFO] - [0, 12, 30], []
[2025-01-30 00:04:46,087][__main__][INFO] - [0, 12, 31], []
[2025-01-30 00:04:46,104][__main__][INFO] - [0, 12, 32], []
[2025-01-30 00:04:46,265][__main__][INFO] - [0, 12, 33], []
[2025-01-30 00:04:46,284][__main__][INFO] - [0, 12, 34], []
[2025-01-30 00:04:46,302][__main__][INFO] - [0, 12, 35], []
[2025-01-30 00:04:46,337][__main__][INFO] - [0, 12, 37], []
[2025-01-30 00:04:46,431][__main__][INFO] - [0, 12, 38], []
[2025-01-30 00:04:46,475][__main__][INFO] - [0, 12, 39], []
[2025-01-30 00:04:46,513][__main__][INFO] - [0, 12, 40], []
[2025-01-30 00:04:46,532][__main__][INFO] - [0, 12, 41], []
[2025-01-30 00:04:46,568][__main__][INFO] - [0, 12], [41]
[2025-01-30 00:04:46,698][__main__][INFO] - [0, 12, 42], []
[2025-01-30 00:04:46,716][__main__][INFO] - [0, 12], [42]
[2025-01-30 00:04:46,868][__main__][INFO] - [0, 12, 43], []
[2025-01-30 00:04:46,887][__main__][INFO] - [0, 12], [43]
[2025-01-30 00:04:47,037][__main__][INFO] - [0, 12, 44], []
[2025-01-30 00:04:47,197][__main__][INFO] - [0, 12, 45], []
[2025-01-30 00:04:47,247][__main__][INFO] - [0, 12, 48], []
[2025-01-30 00:04:47,400][__main__][INFO] - [0, 12, 49], []
[2025-01-30 00:04:47,422][__main__][INFO] - [0, 12, 50], []
[2025-01-30 00:04:47,456][__main__][INFO] - [0, 12, 51], []
[2025-01-30 00:04:47,479][__main__][INFO] - [0, 12, 52], []
[2025-01-30 00:04:47,502][__main__][INFO] - [0, 12, 53], []
[2025-01-30 00:04:47,527][__main__][INFO] - [0, 12, 54], []
[2025-01-30 00:04:47,552][__main__][INFO] - [0, 12, 55], []
[2025-01-30 00:04:47,575][__main__][INFO] - [0, 12, 56], []
[2025-01-30 00:04:47,598][__main__][INFO] - [0, 12, 57], []
[2025-01-30 00:04:47,619][__main__][INFO] - [0, 12, 58], []
[2025-01-30 00:04:47,640][__main__][INFO] - [0, 12, 59], []
[2025-01-30 00:04:47,698][__main__][INFO] - [0, 13, 20], []
[2025-01-30 00:04:47,809][__main__][INFO] - [0, 13, 21], []
[2025-01-30 00:04:47,827][__main__][INFO] - [0, 13, 22], []
[2025-01-30 00:04:47,859][__main__][INFO] - [0, 13, 23], []
[2025-01-30 00:04:47,879][__main__][INFO] - [0, 13, 24], []
[2025-01-30 00:04:47,896][__main__][INFO] - [0, 13, 25], []
[2025-01-30 00:04:47,913][__main__][INFO] - [0, 13, 26], []
[2025-01-30 00:04:47,936][__main__][INFO] - [0, 13], [26]
[2025-01-30 00:04:48,083][__main__][INFO] - [0, 13, 27], []
[2025-01-30 00:04:48,188][__main__][INFO] - [0, 13, 28], []
[2025-01-30 00:04:48,226][__main__][INFO] - [0, 13, 29], []
[2025-01-30 00:04:48,256][__main__][INFO] - [0, 13, 30], []
[2025-01-30 00:04:48,272][__main__][INFO] - [0, 13, 31], []
[2025-01-30 00:04:48,290][__main__][INFO] - [0, 13, 32], []
[2025-01-30 00:04:48,444][__main__][INFO] - [0, 13, 33], []
[2025-01-30 00:04:48,462][__main__][INFO] - [0, 13, 34], []
[2025-01-30 00:04:48,480][__main__][INFO] - [0, 13, 35], []
[2025-01-30 00:04:48,511][__main__][INFO] - [0, 13, 37], []
[2025-01-30 00:04:48,605][__main__][INFO] - [0, 13, 38], []
[2025-01-30 00:04:48,647][__main__][INFO] - [0, 13, 39], []
[2025-01-30 00:04:48,682][__main__][INFO] - [0, 13, 40], []
[2025-01-30 00:04:48,700][__main__][INFO] - [0, 13, 41], []
[2025-01-30 00:04:48,753][__main__][INFO] - [0, 13], [41]
[2025-01-30 00:04:48,859][__main__][INFO] - [0, 13, 42], []
[2025-01-30 00:04:48,877][__main__][INFO] - [0, 13], [42]
[2025-01-30 00:04:49,024][__main__][INFO] - [0, 13, 43], []
[2025-01-30 00:04:49,043][__main__][INFO] - [0, 13], [43]
[2025-01-30 00:04:49,186][__main__][INFO] - [0, 13, 44], []
[2025-01-30 00:04:49,336][__main__][INFO] - [0, 13, 45], []
[2025-01-30 00:04:49,385][__main__][INFO] - [0, 13, 48], []
[2025-01-30 00:04:49,521][__main__][INFO] - [0, 13, 49], []
[2025-01-30 00:04:49,548][__main__][INFO] - [0, 13, 50], []
[2025-01-30 00:04:49,570][__main__][INFO] - [0, 13, 51], []
[2025-01-30 00:04:49,593][__main__][INFO] - [0, 13, 52], []
[2025-01-30 00:04:49,616][__main__][INFO] - [0, 13, 53], []
[2025-01-30 00:04:49,640][__main__][INFO] - [0, 13, 54], []
[2025-01-30 00:04:49,663][__main__][INFO] - [0, 13, 55], []
[2025-01-30 00:04:49,685][__main__][INFO] - [0, 13, 56], []
[2025-01-30 00:04:49,708][__main__][INFO] - [0, 13, 57], []
[2025-01-30 00:04:49,729][__main__][INFO] - [0, 13, 58], []
[2025-01-30 00:04:49,750][__main__][INFO] - [0, 13, 59], []
[2025-01-30 00:04:49,822][__main__][INFO] - [0, 14, 20], []
[2025-01-30 00:04:49,917][__main__][INFO] - [0, 14, 21], []
[2025-01-30 00:04:49,955][__main__][INFO] - [0, 14, 22], []
[2025-01-30 00:04:49,999][__main__][INFO] - [0, 14, 23], []
[2025-01-30 00:04:50,016][__main__][INFO] - [0, 14, 24], []
[2025-01-30 00:04:50,034][__main__][INFO] - [0, 14, 25], []
[2025-01-30 00:04:50,051][__main__][INFO] - [0, 14, 26], []
[2025-01-30 00:04:50,076][__main__][INFO] - [0, 14], [26]
[2025-01-30 00:04:50,208][__main__][INFO] - [0, 14, 27], []
[2025-01-30 00:04:50,301][__main__][INFO] - [0, 14, 28], []
[2025-01-30 00:04:50,341][__main__][INFO] - [0, 14, 29], []
[2025-01-30 00:04:50,385][__main__][INFO] - [0, 14, 30], []
[2025-01-30 00:04:50,403][__main__][INFO] - [0, 14, 31], []
[2025-01-30 00:04:50,420][__main__][INFO] - [0, 14, 32], []
[2025-01-30 00:04:50,569][__main__][INFO] - [0, 14, 33], []
[2025-01-30 00:04:50,602][__main__][INFO] - [0, 14, 35], []
[2025-01-30 00:04:50,634][__main__][INFO] - [0, 14, 37], []
[2025-01-30 00:04:50,738][__main__][INFO] - [0, 14, 38], []
[2025-01-30 00:04:50,777][__main__][INFO] - [0, 14, 39], []
[2025-01-30 00:04:50,813][__main__][INFO] - [0, 14, 40], []
[2025-01-30 00:04:50,831][__main__][INFO] - [0, 14, 41], []
[2025-01-30 00:04:50,906][__main__][INFO] - [0, 14], [41]
[2025-01-30 00:04:50,996][__main__][INFO] - [0, 14, 42], []
[2025-01-30 00:04:51,016][__main__][INFO] - [0, 14], [42]
[2025-01-30 00:04:51,164][__main__][INFO] - [0, 14, 43], []
[2025-01-30 00:04:51,181][__main__][INFO] - [0, 14], [43]
[2025-01-30 00:04:51,337][__main__][INFO] - [0, 14, 44], []
[2025-01-30 00:04:51,481][__main__][INFO] - [0, 14, 45], []
[2025-01-30 00:04:51,531][__main__][INFO] - [0, 14, 48], []
[2025-01-30 00:04:51,688][__main__][INFO] - [0, 14, 49], []
[2025-01-30 00:04:51,709][__main__][INFO] - [0, 14, 50], []
[2025-01-30 00:04:51,733][__main__][INFO] - [0, 14, 51], []
[2025-01-30 00:04:51,756][__main__][INFO] - [0, 14, 52], []
[2025-01-30 00:04:51,779][__main__][INFO] - [0, 14, 53], []
[2025-01-30 00:04:51,803][__main__][INFO] - [0, 14, 54], []
[2025-01-30 00:04:51,826][__main__][INFO] - [0, 14, 55], []
[2025-01-30 00:04:51,849][__main__][INFO] - [0, 14, 56], []
[2025-01-30 00:04:51,873][__main__][INFO] - [0, 14, 57], []
[2025-01-30 00:04:51,896][__main__][INFO] - [0, 14, 58], []
[2025-01-30 00:04:51,918][__main__][INFO] - [0, 14, 59], []
[2025-01-30 00:04:52,001][__main__][INFO] - [0, 15, 20], []
[2025-01-30 00:04:52,097][__main__][INFO] - [0, 15, 21], []
[2025-01-30 00:04:52,136][__main__][INFO] - [0, 15, 22], []
[2025-01-30 00:04:52,178][__main__][INFO] - [0, 15, 23], []
[2025-01-30 00:04:52,198][__main__][INFO] - [0, 15, 24], []
[2025-01-30 00:04:52,215][__main__][INFO] - [0, 15, 25], []
[2025-01-30 00:04:52,232][__main__][INFO] - [0, 15, 26], []
[2025-01-30 00:04:52,263][__main__][INFO] - [0, 15], [26]
[2025-01-30 00:04:52,405][__main__][INFO] - [0, 15, 27], []
[2025-01-30 00:04:52,497][__main__][INFO] - [0, 15, 28], []
[2025-01-30 00:04:52,533][__main__][INFO] - [0, 15, 29], []
[2025-01-30 00:04:52,581][__main__][INFO] - [0, 15, 30], []
[2025-01-30 00:04:52,598][__main__][INFO] - [0, 15, 31], []
[2025-01-30 00:04:52,615][__main__][INFO] - [0, 15, 32], []
[2025-01-30 00:04:52,775][__main__][INFO] - [0, 15, 33], []
[2025-01-30 00:04:52,809][__main__][INFO] - [0, 15, 35], []
[2025-01-30 00:04:52,840][__main__][INFO] - [0, 15, 37], []
[2025-01-30 00:04:52,949][__main__][INFO] - [0, 15, 38], []
[2025-01-30 00:04:52,993][__main__][INFO] - [0, 15, 39], []
[2025-01-30 00:04:53,024][__main__][INFO] - [0, 15, 40], []
[2025-01-30 00:04:53,043][__main__][INFO] - [0, 15, 41], []
[2025-01-30 00:04:53,115][__main__][INFO] - [0, 15], [41]
[2025-01-30 00:04:53,212][__main__][INFO] - [0, 15, 42], []
[2025-01-30 00:04:53,232][__main__][INFO] - [0, 15], [42]
[2025-01-30 00:04:53,381][__main__][INFO] - [0, 15, 43], []
[2025-01-30 00:04:53,402][__main__][INFO] - [0, 15], [43]
[2025-01-30 00:04:53,557][__main__][INFO] - [0, 15, 44], []
[2025-01-30 00:04:53,710][__main__][INFO] - [0, 15, 45], []
[2025-01-30 00:04:53,746][__main__][INFO] - [0, 15, 47], []
[2025-01-30 00:04:53,850][__main__][INFO] - [0, 15, 48], []
[2025-01-30 00:04:53,904][__main__][INFO] - [0, 15, 49], []
[2025-01-30 00:04:53,922][__main__][INFO] - [0, 15, 50], []
[2025-01-30 00:04:53,944][__main__][INFO] - [0, 15, 51], []
[2025-01-30 00:04:53,966][__main__][INFO] - [0, 15, 52], []
[2025-01-30 00:04:53,989][__main__][INFO] - [0, 15, 53], []
[2025-01-30 00:04:54,011][__main__][INFO] - [0, 15, 54], []
[2025-01-30 00:04:54,034][__main__][INFO] - [0, 15, 55], []
[2025-01-30 00:04:54,057][__main__][INFO] - [0, 15, 56], []
[2025-01-30 00:04:54,079][__main__][INFO] - [0, 15, 57], []
[2025-01-30 00:04:54,101][__main__][INFO] - [0, 15, 58], []
[2025-01-30 00:04:54,122][__main__][INFO] - [0, 15, 59], []
[2025-01-30 00:04:54,209][__main__][INFO] - [0, 16, 20], []
[2025-01-30 00:04:54,311][__main__][INFO] - [0, 16, 21], []
[2025-01-30 00:04:54,346][__main__][INFO] - [0, 16, 22], []
[2025-01-30 00:04:54,381][__main__][INFO] - [0, 16, 23], []
[2025-01-30 00:04:54,401][__main__][INFO] - [0, 16, 24], []
[2025-01-30 00:04:54,418][__main__][INFO] - [0, 16, 25], []
[2025-01-30 00:04:54,435][__main__][INFO] - [0, 16, 26], []
[2025-01-30 00:04:54,474][__main__][INFO] - [0, 16], [26]
[2025-01-30 00:04:54,605][__main__][INFO] - [0, 16, 27], []
[2025-01-30 00:04:54,706][__main__][INFO] - [0, 16, 28], []
[2025-01-30 00:04:54,734][__main__][INFO] - [0, 16, 29], []
[2025-01-30 00:04:54,779][__main__][INFO] - [0, 16, 30], []
[2025-01-30 00:04:54,798][__main__][INFO] - [0, 16, 31], []
[2025-01-30 00:04:54,816][__main__][INFO] - [0, 16, 32], []
[2025-01-30 00:04:54,973][__main__][INFO] - [0, 16, 33], []
[2025-01-30 00:04:55,006][__main__][INFO] - [0, 16, 35], []
[2025-01-30 00:04:55,038][__main__][INFO] - [0, 16, 37], []
[2025-01-30 00:04:55,128][__main__][INFO] - [0, 16, 38], []
[2025-01-30 00:04:55,176][__main__][INFO] - [0, 16, 39], []
[2025-01-30 00:04:55,207][__main__][INFO] - [0, 16, 40], []
[2025-01-30 00:04:55,225][__main__][INFO] - [0, 16, 41], []
[2025-01-30 00:04:55,281][__main__][INFO] - [0, 16], [41]
[2025-01-30 00:04:55,391][__main__][INFO] - [0, 16, 42], []
[2025-01-30 00:04:55,413][__main__][INFO] - [0, 16], [42]
[2025-01-30 00:04:55,570][__main__][INFO] - [0, 16, 43], []
[2025-01-30 00:04:55,591][__main__][INFO] - [0, 16], [43]
[2025-01-30 00:04:55,750][__main__][INFO] - [0, 16, 44], []
[2025-01-30 00:04:55,895][__main__][INFO] - [0, 16, 45], []
[2025-01-30 00:04:55,933][__main__][INFO] - [0, 16, 47], []
[2025-01-30 00:04:56,117][__main__][INFO] - [0, 16, 50], []
[2025-01-30 00:04:56,140][__main__][INFO] - [0, 16, 51], []
[2025-01-30 00:04:56,162][__main__][INFO] - [0, 16, 52], []
[2025-01-30 00:04:56,184][__main__][INFO] - [0, 16, 53], []
[2025-01-30 00:04:56,207][__main__][INFO] - [0, 16, 54], []
[2025-01-30 00:04:56,230][__main__][INFO] - [0, 16, 55], []
[2025-01-30 00:04:56,252][__main__][INFO] - [0, 16, 56], []
[2025-01-30 00:04:56,275][__main__][INFO] - [0, 16, 57], []
[2025-01-30 00:04:56,296][__main__][INFO] - [0, 16, 58], []
[2025-01-30 00:04:56,317][__main__][INFO] - [0, 16, 59], []
[2025-01-30 00:04:56,403][__main__][INFO] - [0, 17, 20], []
[2025-01-30 00:04:56,503][__main__][INFO] - [0, 17, 21], []
[2025-01-30 00:04:56,520][__main__][INFO] - [0, 17, 22], []
[2025-01-30 00:04:56,548][__main__][INFO] - [0, 17, 23], []
[2025-01-30 00:04:56,568][__main__][INFO] - [0, 17, 24], []
[2025-01-30 00:04:56,585][__main__][INFO] - [0, 17, 25], []
[2025-01-30 00:04:56,603][__main__][INFO] - [0, 17, 26], []
[2025-01-30 00:04:56,646][__main__][INFO] - [0, 17], [26]
[2025-01-30 00:04:56,751][__main__][INFO] - [0, 17, 27], []
[2025-01-30 00:04:56,849][__main__][INFO] - [0, 17, 28], []
[2025-01-30 00:04:56,866][__main__][INFO] - [0, 17, 29], []
[2025-01-30 00:04:56,906][__main__][INFO] - [0, 17, 30], []
[2025-01-30 00:04:56,923][__main__][INFO] - [0, 17, 31], []
[2025-01-30 00:04:56,940][__main__][INFO] - [0, 17, 32], []
[2025-01-30 00:04:57,070][__main__][INFO] - [0, 17, 33], []
[2025-01-30 00:04:57,103][__main__][INFO] - [0, 17, 35], []
[2025-01-30 00:04:57,134][__main__][INFO] - [0, 17, 37], []
[2025-01-30 00:04:57,215][__main__][INFO] - [0, 17, 38], []
[2025-01-30 00:04:57,261][__main__][INFO] - [0, 17, 39], []
[2025-01-30 00:04:57,288][__main__][INFO] - [0, 17, 40], []
[2025-01-30 00:04:57,307][__main__][INFO] - [0, 17, 41], []
[2025-01-30 00:04:57,354][__main__][INFO] - [0, 17], [41]
[2025-01-30 00:04:57,458][__main__][INFO] - [0, 17, 42], []
[2025-01-30 00:04:57,481][__main__][INFO] - [0, 17], [42]
[2025-01-30 00:04:57,612][__main__][INFO] - [0, 17, 43], []
[2025-01-30 00:04:57,633][__main__][INFO] - [0, 17], [43]
[2025-01-30 00:04:57,769][__main__][INFO] - [0, 17, 44], []
[2025-01-30 00:04:57,895][__main__][INFO] - [0, 17, 45], []
[2025-01-30 00:04:57,933][__main__][INFO] - [0, 17, 47], []
[2025-01-30 00:04:58,092][__main__][INFO] - [0, 17, 50], []
[2025-01-30 00:04:58,113][__main__][INFO] - [0, 17, 51], []
[2025-01-30 00:04:58,135][__main__][INFO] - [0, 17, 52], []
[2025-01-30 00:04:58,158][__main__][INFO] - [0, 17, 53], []
[2025-01-30 00:04:58,180][__main__][INFO] - [0, 17, 54], []
[2025-01-30 00:04:58,202][__main__][INFO] - [0, 17, 55], []
[2025-01-30 00:04:58,224][__main__][INFO] - [0, 17, 56], []
[2025-01-30 00:04:58,248][__main__][INFO] - [0, 17, 57], []
[2025-01-30 00:04:58,269][__main__][INFO] - [0, 17, 58], []
[2025-01-30 00:04:58,289][__main__][INFO] - [0, 17, 59], []
[2025-01-30 00:04:58,358][__main__][INFO] - [0, 18, 20], []
[2025-01-30 00:04:58,409][__main__][INFO] - [0, 18, 21], []
[2025-01-30 00:04:58,426][__main__][INFO] - [0, 18, 22], []
[2025-01-30 00:04:58,443][__main__][INFO] - [0, 18, 23], []
[2025-01-30 00:04:58,462][__main__][INFO] - [0, 18, 24], []
[2025-01-30 00:04:58,479][__main__][INFO] - [0, 18, 25], []
[2025-01-30 00:04:58,496][__main__][INFO] - [0, 18, 26], []
[2025-01-30 00:04:58,536][__main__][INFO] - [0, 18], [26]
[2025-01-30 00:04:58,578][__main__][INFO] - [0, 18, 27], []
[2025-01-30 00:04:58,629][__main__][INFO] - [0, 18, 28], []
[2025-01-30 00:04:58,646][__main__][INFO] - [0, 18, 29], []
[2025-01-30 00:04:58,674][__main__][INFO] - [0, 18, 30], []
[2025-01-30 00:04:58,691][__main__][INFO] - [0, 18, 31], []
[2025-01-30 00:04:58,707][__main__][INFO] - [0, 18, 32], []
[2025-01-30 00:04:58,779][__main__][INFO] - [0, 18, 33], []
[2025-01-30 00:04:58,838][__main__][INFO] - [0, 18, 37], []
[2025-01-30 00:04:58,885][__main__][INFO] - [0, 18, 38], []
[2025-01-30 00:04:58,912][__main__][INFO] - [0, 18, 39], []
[2025-01-30 00:04:58,935][__main__][INFO] - [0, 18, 40], []
[2025-01-30 00:04:58,953][__main__][INFO] - [0, 18, 41], []
[2025-01-30 00:04:58,984][__main__][INFO] - [0, 18], [41]
[2025-01-30 00:04:59,036][__main__][INFO] - [0, 18, 42], []
[2025-01-30 00:04:59,060][__main__][INFO] - [0, 18], [42]
[2025-01-30 00:04:59,121][__main__][INFO] - [0, 18, 43], []
[2025-01-30 00:04:59,142][__main__][INFO] - [0, 18], [43]
[2025-01-30 00:04:59,206][__main__][INFO] - [0, 18, 44], []
[2025-01-30 00:04:59,270][__main__][INFO] - [0, 18, 45], []
[2025-01-30 00:04:59,307][__main__][INFO] - [0, 18, 47], []
[2025-01-30 00:04:59,409][__main__][INFO] - [0, 18, 50], []
[2025-01-30 00:04:59,429][__main__][INFO] - [0, 18, 51], []
[2025-01-30 00:04:59,449][__main__][INFO] - [0, 18, 52], []
[2025-01-30 00:04:59,469][__main__][INFO] - [0, 18, 53], []
[2025-01-30 00:04:59,490][__main__][INFO] - [0, 18, 54], []
[2025-01-30 00:04:59,510][__main__][INFO] - [0, 18, 55], []
[2025-01-30 00:04:59,530][__main__][INFO] - [0, 18, 56], []
[2025-01-30 00:04:59,549][__main__][INFO] - [0, 18, 57], []
[2025-01-30 00:04:59,568][__main__][INFO] - [0, 18, 58], []
[2025-01-30 00:04:59,586][__main__][INFO] - [0, 18, 59], []
[2025-01-30 00:04:59,630][__main__][INFO] - [0, 19, 20], []
[2025-01-30 00:04:59,667][__main__][INFO] - [0, 19, 21], []
[2025-01-30 00:04:59,684][__main__][INFO] - [0, 19, 22], []
[2025-01-30 00:04:59,701][__main__][INFO] - [0, 19, 23], []
[2025-01-30 00:04:59,720][__main__][INFO] - [0, 19, 24], []
[2025-01-30 00:04:59,751][__main__][INFO] - [0, 19, 26], []
[2025-01-30 00:04:59,790][__main__][INFO] - [0, 19], [26]
[2025-01-30 00:04:59,814][__main__][INFO] - [0, 19, 27], []
[2025-01-30 00:04:59,851][__main__][INFO] - [0, 19, 28], []
[2025-01-30 00:04:59,868][__main__][INFO] - [0, 19, 29], []
[2025-01-30 00:04:59,892][__main__][INFO] - [0, 19, 30], []
[2025-01-30 00:04:59,922][__main__][INFO] - [0, 19, 32], []
[2025-01-30 00:04:59,969][__main__][INFO] - [0, 19, 33], []
[2025-01-30 00:05:00,032][__main__][INFO] - [0, 19, 37], []
[2025-01-30 00:05:00,070][__main__][INFO] - [0, 19, 38], []
[2025-01-30 00:05:00,092][__main__][INFO] - [0, 19, 39], []
[2025-01-30 00:05:00,114][__main__][INFO] - [0, 19, 40], []
[2025-01-30 00:05:00,132][__main__][INFO] - [0, 19, 41], []
[2025-01-30 00:05:00,157][__main__][INFO] - [0, 19], [41]
[2025-01-30 00:05:00,195][__main__][INFO] - [0, 19, 42], []
[2025-01-30 00:05:00,222][__main__][INFO] - [0, 19], [42]
[2025-01-30 00:05:00,259][__main__][INFO] - [0, 19, 43], []
[2025-01-30 00:05:00,281][__main__][INFO] - [0, 19], [43]
[2025-01-30 00:05:00,323][__main__][INFO] - [0, 19, 44], []
[2025-01-30 00:05:00,359][__main__][INFO] - [0, 19, 45], []
[2025-01-30 00:05:00,400][__main__][INFO] - [0, 19, 47], []
[2025-01-30 00:05:00,476][__main__][INFO] - [0, 19, 50], []
[2025-01-30 00:05:00,498][__main__][INFO] - [0, 19, 51], []
[2025-01-30 00:05:00,517][__main__][INFO] - [0, 19, 52], []
[2025-01-30 00:05:00,536][__main__][INFO] - [0, 19, 53], []
[2025-01-30 00:05:00,555][__main__][INFO] - [0, 19, 54], []
[2025-01-30 00:05:00,574][__main__][INFO] - [0, 19, 55], []
[2025-01-30 00:05:00,593][__main__][INFO] - [0, 19, 56], []
[2025-01-30 00:05:00,611][__main__][INFO] - [0, 19, 57], []
[2025-01-30 00:05:00,629][__main__][INFO] - [0, 19, 58], []
[2025-01-30 00:05:00,646][__main__][INFO] - [0, 19, 59], []
[2025-01-30 00:05:00,682][__main__][INFO] - [0, 20, 26], []
[2025-01-30 00:05:00,828][__main__][INFO] - [0, 20], [26]
[2025-01-30 00:05:01,686][__main__][INFO] - [0, 20, 27], []
[2025-01-30 00:05:02,825][__main__][INFO] - [0, 20, 31], []
[2025-01-30 00:05:02,846][__main__][INFO] - [0, 20, 32], []
[2025-01-30 00:05:03,606][__main__][INFO] - [0, 20, 33], []
[2025-01-30 00:05:03,630][__main__][INFO] - [0, 20, 34], []
[2025-01-30 00:05:03,649][__main__][INFO] - [0, 20, 35], []
[2025-01-30 00:05:03,668][__main__][INFO] - [0, 20, 36], []
[2025-01-30 00:05:03,887][__main__][INFO] - [0, 20, 37], []
[2025-01-30 00:05:04,394][__main__][INFO] - [0, 20, 38], []
[2025-01-30 00:05:04,659][__main__][INFO] - [0, 20, 39], []
[2025-01-30 00:05:04,798][__main__][INFO] - [0, 20, 40], []
[2025-01-30 00:05:04,827][__main__][INFO] - [0, 20, 41], []
[2025-01-30 00:05:04,845][__main__][INFO] - [0, 20], [41]
[2025-01-30 00:05:05,975][__main__][INFO] - [0, 20, 42], []
[2025-01-30 00:05:06,017][__main__][INFO] - [0, 20], [42]
[2025-01-30 00:05:07,089][__main__][INFO] - [0, 20, 43], []
[2025-01-30 00:05:07,127][__main__][INFO] - [0, 20], [43]
[2025-01-30 00:05:08,184][__main__][INFO] - [0, 20, 44], []
[2025-01-30 00:05:09,080][__main__][INFO] - [0, 20, 45], []
[2025-01-30 00:05:09,138][__main__][INFO] - [0, 20, 46], []
[2025-01-30 00:05:09,200][__main__][INFO] - [0, 20, 47], []
[2025-01-30 00:05:09,795][__main__][INFO] - [0, 20, 48], []
[2025-01-30 00:05:10,169][__main__][INFO] - [0, 20, 49], []
[2025-01-30 00:05:10,201][__main__][INFO] - [0, 20, 50], []
[2025-01-30 00:05:10,268][__main__][INFO] - [0, 20, 51], []
[2025-01-30 00:05:10,322][__main__][INFO] - [0, 20, 52], []
[2025-01-30 00:05:10,379][__main__][INFO] - [0, 20, 53], []
[2025-01-30 00:05:10,441][__main__][INFO] - [0, 20, 54], []
[2025-01-30 00:05:10,497][__main__][INFO] - [0, 20, 55], []
[2025-01-30 00:05:10,552][__main__][INFO] - [0, 20, 56], []
[2025-01-30 00:05:10,604][__main__][INFO] - [0, 20, 57], []
[2025-01-30 00:05:10,653][__main__][INFO] - [0, 20, 58], []
[2025-01-30 00:05:10,697][__main__][INFO] - [0, 20, 59], []
[2025-01-30 00:05:11,042][__main__][INFO] - [0, 21, 26], []
[2025-01-30 00:05:11,075][__main__][INFO] - [0, 21], [26]
[2025-01-30 00:05:11,217][__main__][INFO] - [0, 21, 28], []
[2025-01-30 00:05:11,267][__main__][INFO] - [0, 21, 29], []
[2025-01-30 00:05:11,371][__main__][INFO] - [0, 21, 30], []
[2025-01-30 00:05:11,406][__main__][INFO] - [0, 21, 32], []
[2025-01-30 00:05:11,550][__main__][INFO] - [0, 21, 33], []
[2025-01-30 00:05:11,596][__main__][INFO] - [0, 21, 36], []
[2025-01-30 00:05:11,618][__main__][INFO] - [0, 21, 37], []
[2025-01-30 00:05:11,731][__main__][INFO] - [0, 21, 38], []
[2025-01-30 00:05:11,752][__main__][INFO] - [0, 21, 39], []
[2025-01-30 00:05:11,785][__main__][INFO] - [0, 21, 40], []
[2025-01-30 00:05:11,802][__main__][INFO] - [0, 21, 41], []
[2025-01-30 00:05:11,951][__main__][INFO] - [0, 21], [41]
[2025-01-30 00:05:11,972][__main__][INFO] - [0, 21, 42], []
[2025-01-30 00:05:11,990][__main__][INFO] - [0, 21], [42]
[2025-01-30 00:05:12,133][__main__][INFO] - [0, 21, 43], []
[2025-01-30 00:05:12,151][__main__][INFO] - [0, 21], [43]
[2025-01-30 00:05:12,290][__main__][INFO] - [0, 21, 44], []
[2025-01-30 00:05:12,435][__main__][INFO] - [0, 21, 45], []
[2025-01-30 00:05:12,452][__main__][INFO] - [0, 21, 46], []
[2025-01-30 00:05:12,469][__main__][INFO] - [0, 21, 47], []
[2025-01-30 00:05:12,550][__main__][INFO] - [0, 21, 48], []
[2025-01-30 00:05:12,621][__main__][INFO] - [0, 21, 49], []
[2025-01-30 00:05:12,639][__main__][INFO] - [0, 21, 50], []
[2025-01-30 00:05:12,662][__main__][INFO] - [0, 21, 51], []
[2025-01-30 00:05:12,679][__main__][INFO] - [0, 21, 52], []
[2025-01-30 00:05:12,696][__main__][INFO] - [0, 21, 53], []
[2025-01-30 00:05:12,712][__main__][INFO] - [0, 21, 54], []
[2025-01-30 00:05:12,729][__main__][INFO] - [0, 21, 55], []
[2025-01-30 00:05:12,746][__main__][INFO] - [0, 21, 56], []
[2025-01-30 00:05:12,767][__main__][INFO] - [0, 21, 57], []
[2025-01-30 00:05:12,784][__main__][INFO] - [0, 21, 58], []
[2025-01-30 00:05:12,801][__main__][INFO] - [0, 21, 59], []
[2025-01-30 00:05:12,880][__main__][INFO] - [0, 22, 26], []
[2025-01-30 00:05:12,914][__main__][INFO] - [0, 22], [26]
[2025-01-30 00:05:13,055][__main__][INFO] - [0, 22, 28], []
[2025-01-30 00:05:13,139][__main__][INFO] - [0, 22, 29], []
[2025-01-30 00:05:13,212][__main__][INFO] - [0, 22, 30], []
[2025-01-30 00:05:13,248][__main__][INFO] - [0, 22, 32], []
[2025-01-30 00:05:13,392][__main__][INFO] - [0, 22, 33], []
[2025-01-30 00:05:13,438][__main__][INFO] - [0, 22, 36], []
[2025-01-30 00:05:13,455][__main__][INFO] - [0, 22, 37], []
[2025-01-30 00:05:13,583][__main__][INFO] - [0, 22, 38], []
[2025-01-30 00:05:13,606][__main__][INFO] - [0, 22, 39], []
[2025-01-30 00:05:13,623][__main__][INFO] - [0, 22, 40], []
[2025-01-30 00:05:13,643][__main__][INFO] - [0, 22, 41], []
[2025-01-30 00:05:13,795][__main__][INFO] - [0, 22], [41]
[2025-01-30 00:05:13,816][__main__][INFO] - [0, 22, 42], []
[2025-01-30 00:05:13,838][__main__][INFO] - [0, 22], [42]
[2025-01-30 00:05:13,982][__main__][INFO] - [0, 22, 43], []
[2025-01-30 00:05:14,000][__main__][INFO] - [0, 22], [43]
[2025-01-30 00:05:14,153][__main__][INFO] - [0, 22, 44], []
[2025-01-30 00:05:14,296][__main__][INFO] - [0, 22, 45], []
[2025-01-30 00:05:14,313][__main__][INFO] - [0, 22, 46], []
[2025-01-30 00:05:14,330][__main__][INFO] - [0, 22, 47], []
[2025-01-30 00:05:14,411][__main__][INFO] - [0, 22, 48], []
[2025-01-30 00:05:14,490][__main__][INFO] - [0, 22, 49], []
[2025-01-30 00:05:14,511][__main__][INFO] - [0, 22, 50], []
[2025-01-30 00:05:14,538][__main__][INFO] - [0, 22, 51], []
[2025-01-30 00:05:14,565][__main__][INFO] - [0, 22, 52], []
[2025-01-30 00:05:14,582][__main__][INFO] - [0, 22, 53], []
[2025-01-30 00:05:14,611][__main__][INFO] - [0, 22, 54], []
[2025-01-30 00:05:14,637][__main__][INFO] - [0, 22, 55], []
[2025-01-30 00:05:14,654][__main__][INFO] - [0, 22, 56], []
[2025-01-30 00:05:14,678][__main__][INFO] - [0, 22, 57], []
[2025-01-30 00:05:14,695][__main__][INFO] - [0, 22, 58], []
[2025-01-30 00:05:14,715][__main__][INFO] - [0, 22, 59], []
[2025-01-30 00:05:14,766][__main__][INFO] - [0, 23, 26], []
[2025-01-30 00:05:14,787][__main__][INFO] - [0, 23], [26]
[2025-01-30 00:05:14,837][__main__][INFO] - [0, 23, 28], []
[2025-01-30 00:05:14,860][__main__][INFO] - [0, 23, 29], []
[2025-01-30 00:05:14,893][__main__][INFO] - [0, 23, 30], []
[2025-01-30 00:05:14,929][__main__][INFO] - [0, 23, 32], []
[2025-01-30 00:05:14,968][__main__][INFO] - [0, 23, 33], []
[2025-01-30 00:05:15,015][__main__][INFO] - [0, 23, 36], []
[2025-01-30 00:05:15,033][__main__][INFO] - [0, 23, 37], []
[2025-01-30 00:05:15,067][__main__][INFO] - [0, 23, 38], []
[2025-01-30 00:05:15,087][__main__][INFO] - [0, 23, 39], []
[2025-01-30 00:05:15,106][__main__][INFO] - [0, 23, 40], []
[2025-01-30 00:05:15,123][__main__][INFO] - [0, 23, 41], []
[2025-01-30 00:05:15,160][__main__][INFO] - [0, 23], [41]
[2025-01-30 00:05:15,180][__main__][INFO] - [0, 23, 42], []
[2025-01-30 00:05:15,199][__main__][INFO] - [0, 23], [42]
[2025-01-30 00:05:15,238][__main__][INFO] - [0, 23, 43], []
[2025-01-30 00:05:15,255][__main__][INFO] - [0, 23], [43]
[2025-01-30 00:05:15,295][__main__][INFO] - [0, 23, 44], []
[2025-01-30 00:05:15,334][__main__][INFO] - [0, 23, 45], []
[2025-01-30 00:05:15,353][__main__][INFO] - [0, 23, 46], []
[2025-01-30 00:05:15,370][__main__][INFO] - [0, 23, 47], []
[2025-01-30 00:05:15,404][__main__][INFO] - [0, 23, 48], []
[2025-01-30 00:05:15,429][__main__][INFO] - [0, 23, 49], []
[2025-01-30 00:05:15,447][__main__][INFO] - [0, 23, 50], []
[2025-01-30 00:05:15,465][__main__][INFO] - [0, 23, 51], []
[2025-01-30 00:05:15,483][__main__][INFO] - [0, 23, 52], []
[2025-01-30 00:05:15,500][__main__][INFO] - [0, 23, 53], []
[2025-01-30 00:05:15,518][__main__][INFO] - [0, 23, 54], []
[2025-01-30 00:05:15,535][__main__][INFO] - [0, 23, 55], []
[2025-01-30 00:05:15,553][__main__][INFO] - [0, 23, 56], []
[2025-01-30 00:05:15,572][__main__][INFO] - [0, 23, 57], []
[2025-01-30 00:05:15,588][__main__][INFO] - [0, 23, 58], []
[2025-01-30 00:05:15,605][__main__][INFO] - [0, 23, 59], []
[2025-01-30 00:05:15,644][__main__][INFO] - [0, 24, 26], []
[2025-01-30 00:05:15,661][__main__][INFO] - [0, 24], [26]
[2025-01-30 00:05:15,696][__main__][INFO] - [0, 24, 28], []
[2025-01-30 00:05:15,713][__main__][INFO] - [0, 24, 29], []
[2025-01-30 00:05:15,732][__main__][INFO] - [0, 24, 30], []
[2025-01-30 00:05:15,763][__main__][INFO] - [0, 24, 32], []
[2025-01-30 00:05:15,827][__main__][INFO] - [0, 24, 36], []
[2025-01-30 00:05:15,844][__main__][INFO] - [0, 24, 37], []
[2025-01-30 00:05:15,864][__main__][INFO] - [0, 24, 38], []
[2025-01-30 00:05:15,881][__main__][INFO] - [0, 24, 39], []
[2025-01-30 00:05:15,912][__main__][INFO] - [0, 24, 41], []
[2025-01-30 00:05:15,933][__main__][INFO] - [0, 24], [41]
[2025-01-30 00:05:15,950][__main__][INFO] - [0, 24, 42], []
[2025-01-30 00:05:15,967][__main__][INFO] - [0, 24], [42]
[2025-01-30 00:05:15,988][__main__][INFO] - [0, 24, 43], []
[2025-01-30 00:05:16,005][__main__][INFO] - [0, 24], [43]
[2025-01-30 00:05:16,026][__main__][INFO] - [0, 24, 44], []
[2025-01-30 00:05:16,047][__main__][INFO] - [0, 24, 45], []
[2025-01-30 00:05:16,079][__main__][INFO] - [0, 24, 47], []
[2025-01-30 00:05:16,095][__main__][INFO] - [0, 24, 48], []
[2025-01-30 00:05:16,114][__main__][INFO] - [0, 24, 49], []
[2025-01-30 00:05:16,131][__main__][INFO] - [0, 24, 50], []
[2025-01-30 00:05:16,148][__main__][INFO] - [0, 24, 51], []
[2025-01-30 00:05:16,164][__main__][INFO] - [0, 24, 52], []
[2025-01-30 00:05:16,181][__main__][INFO] - [0, 24, 53], []
[2025-01-30 00:05:16,198][__main__][INFO] - [0, 24, 54], []
[2025-01-30 00:05:16,214][__main__][INFO] - [0, 24, 55], []
[2025-01-30 00:05:16,232][__main__][INFO] - [0, 24, 56], []
[2025-01-30 00:05:16,248][__main__][INFO] - [0, 24, 57], []
[2025-01-30 00:05:16,265][__main__][INFO] - [0, 24, 58], []
[2025-01-30 00:05:16,282][__main__][INFO] - [0, 24, 59], []
[2025-01-30 00:05:16,312][__main__][INFO] - [0, 25, 26], []
[2025-01-30 00:05:16,329][__main__][INFO] - [0, 25], [26]
[2025-01-30 00:05:16,359][__main__][INFO] - [0, 25, 28], []
[2025-01-30 00:05:16,375][__main__][INFO] - [0, 25, 29], []
[2025-01-30 00:05:16,393][__main__][INFO] - [0, 25, 30], []
[2025-01-30 00:05:16,423][__main__][INFO] - [0, 25, 32], []
[2025-01-30 00:05:16,482][__main__][INFO] - [0, 25, 36], []
[2025-01-30 00:05:16,500][__main__][INFO] - [0, 25, 37], []
[2025-01-30 00:05:16,516][__main__][INFO] - [0, 25, 38], []
[2025-01-30 00:05:16,533][__main__][INFO] - [0, 25, 39], []
[2025-01-30 00:05:16,564][__main__][INFO] - [0, 25, 41], []
[2025-01-30 00:05:16,581][__main__][INFO] - [0, 25], [41]
[2025-01-30 00:05:16,612][__main__][INFO] - [0, 25], [42]
[2025-01-30 00:05:16,643][__main__][INFO] - [0, 25], [43]
[2025-01-30 00:05:16,660][__main__][INFO] - [0, 25, 44], []
[2025-01-30 00:05:16,677][__main__][INFO] - [0, 25, 45], []
[2025-01-30 00:05:16,707][__main__][INFO] - [0, 25, 47], []
[2025-01-30 00:05:16,724][__main__][INFO] - [0, 25, 48], []
[2025-01-30 00:05:16,755][__main__][INFO] - [0, 25, 50], []
[2025-01-30 00:05:16,772][__main__][INFO] - [0, 25, 51], []
[2025-01-30 00:05:16,788][__main__][INFO] - [0, 25, 52], []
[2025-01-30 00:05:16,805][__main__][INFO] - [0, 25, 53], []
[2025-01-30 00:05:16,821][__main__][INFO] - [0, 25, 54], []
[2025-01-30 00:05:16,838][__main__][INFO] - [0, 25, 55], []
[2025-01-30 00:05:16,855][__main__][INFO] - [0, 25, 56], []
[2025-01-30 00:05:16,871][__main__][INFO] - [0, 25, 57], []
[2025-01-30 00:05:16,888][__main__][INFO] - [0, 25, 58], []
[2025-01-30 00:05:16,905][__main__][INFO] - [0, 25, 59], []
[2025-01-30 00:05:16,935][__main__][INFO] - [0, 26, 27], []
[2025-01-30 00:05:17,082][__main__][INFO] - [0, 26, 28], []
[2025-01-30 00:05:17,099][__main__][INFO] - [0, 26, 29], []
[2025-01-30 00:05:17,142][__main__][INFO] - [0, 26, 30], []
[2025-01-30 00:05:17,159][__main__][INFO] - [0, 26, 31], []
[2025-01-30 00:05:17,176][__main__][INFO] - [0, 26, 32], []
[2025-01-30 00:05:17,370][__main__][INFO] - [0, 26, 33], []
[2025-01-30 00:05:17,405][__main__][INFO] - [0, 26, 35], []
[2025-01-30 00:05:17,426][__main__][INFO] - [0, 26, 36], []
[2025-01-30 00:05:17,448][__main__][INFO] - [0, 26, 37], []
[2025-01-30 00:05:17,557][__main__][INFO] - [0, 26, 38], []
[2025-01-30 00:05:17,606][__main__][INFO] - [0, 26, 39], []
[2025-01-30 00:05:17,644][__main__][INFO] - [0, 26, 40], []
[2025-01-30 00:05:17,664][__main__][INFO] - [0, 26, 41], []
[2025-01-30 00:05:17,718][__main__][INFO] - [0, 26], [41]
[2025-01-30 00:05:17,873][__main__][INFO] - [0, 26, 42], []
[2025-01-30 00:05:17,925][__main__][INFO] - [0, 26], [42]
[2025-01-30 00:05:18,078][__main__][INFO] - [0, 26, 43], []
[2025-01-30 00:05:18,124][__main__][INFO] - [0, 26], [43]
[2025-01-30 00:05:18,284][__main__][INFO] - [0, 26, 44], []
[2025-01-30 00:05:18,404][__main__][INFO] - [0, 26, 45], []
[2025-01-30 00:05:18,476][__main__][INFO] - [0, 26, 46], []
[2025-01-30 00:05:18,494][__main__][INFO] - [0, 26, 47], []
[2025-01-30 00:05:18,651][__main__][INFO] - [0, 26, 48], []
[2025-01-30 00:05:18,697][__main__][INFO] - [0, 26, 49], []
[2025-01-30 00:05:18,716][__main__][INFO] - [0, 26, 50], []
[2025-01-30 00:05:18,750][__main__][INFO] - [0, 26, 51], []
[2025-01-30 00:05:18,778][__main__][INFO] - [0, 26, 52], []
[2025-01-30 00:05:18,805][__main__][INFO] - [0, 26, 53], []
[2025-01-30 00:05:18,832][__main__][INFO] - [0, 26, 54], []
[2025-01-30 00:05:18,858][__main__][INFO] - [0, 26, 55], []
[2025-01-30 00:05:18,884][__main__][INFO] - [0, 26, 56], []
[2025-01-30 00:05:18,907][__main__][INFO] - [0, 26, 57], []
[2025-01-30 00:05:18,929][__main__][INFO] - [0, 26, 58], []
[2025-01-30 00:05:18,950][__main__][INFO] - [0, 26, 59], []
[2025-01-30 00:05:19,007][__main__][INFO] - [0, 27], [26]
[2025-01-30 00:05:19,879][__main__][INFO] - [0, 28], [26]
[2025-01-30 00:05:19,991][__main__][INFO] - [0, 29], [26]
[2025-01-30 00:05:20,150][__main__][INFO] - [0, 30], [26]
[2025-01-30 00:05:20,178][__main__][INFO] - [0, 31], [26]
[2025-01-30 00:05:20,197][__main__][INFO] - [0, 32], [26]
[2025-01-30 00:05:21,100][__main__][INFO] - [0, 33], [26]
[2025-01-30 00:05:21,124][__main__][INFO] - [0, 34], [26]
[2025-01-30 00:05:21,142][__main__][INFO] - [0, 35], [26]
[2025-01-30 00:05:21,160][__main__][INFO] - [0, 36], [26]
[2025-01-30 00:05:21,381][__main__][INFO] - [0, 37], [26]
[2025-01-30 00:05:22,078][__main__][INFO] - [0, 38], [26]
[2025-01-30 00:05:22,328][__main__][INFO] - [0, 39], [26]
[2025-01-30 00:05:22,496][__main__][INFO] - [0, 40], [26]
[2025-01-30 00:05:22,524][__main__][INFO] - [0, 41], [26]
[2025-01-30 00:05:22,803][__main__][INFO] - [0], [26, 41]
[2025-01-30 00:05:23,635][__main__][INFO] - [0], [26, 42]
[2025-01-30 00:05:24,961][__main__][INFO] - [0], [26, 43]
[2025-01-30 00:05:26,157][__main__][INFO] - [0, 44], [26]
[2025-01-30 00:05:27,426][__main__][INFO] - [0, 46], [26]
[2025-01-30 00:05:27,503][__main__][INFO] - [0, 47], [26]
[2025-01-30 00:05:28,099][__main__][INFO] - [0, 48], [26]
[2025-01-30 00:05:28,586][__main__][INFO] - [0, 49], [26]
[2025-01-30 00:05:28,627][__main__][INFO] - [0, 50], [26]
[2025-01-30 00:05:28,693][__main__][INFO] - [0, 51], [26]
[2025-01-30 00:05:28,751][__main__][INFO] - [0, 52], [26]
[2025-01-30 00:05:28,816][__main__][INFO] - [0, 53], [26]
[2025-01-30 00:05:28,888][__main__][INFO] - [0, 54], [26]
[2025-01-30 00:05:28,951][__main__][INFO] - [0, 55], [26]
[2025-01-30 00:05:29,015][__main__][INFO] - [0, 56], [26]
[2025-01-30 00:05:29,073][__main__][INFO] - [0, 57], [26]
[2025-01-30 00:05:29,134][__main__][INFO] - [0, 58], [26]
[2025-01-30 00:05:29,183][__main__][INFO] - [0, 59], [26]
[2025-01-30 00:05:29,584][__main__][INFO] - [0, 27, 32], []
[2025-01-30 00:05:30,328][__main__][INFO] - [0, 27, 33], []
[2025-01-30 00:05:30,352][__main__][INFO] - [0, 27, 34], []
[2025-01-30 00:05:30,370][__main__][INFO] - [0, 27, 35], []
[2025-01-30 00:05:30,388][__main__][INFO] - [0, 27, 36], []
[2025-01-30 00:05:30,593][__main__][INFO] - [0, 27, 37], []
[2025-01-30 00:05:31,073][__main__][INFO] - [0, 27, 38], []
[2025-01-30 00:05:31,326][__main__][INFO] - [0, 27, 39], []
[2025-01-30 00:05:31,465][__main__][INFO] - [0, 27, 40], []
[2025-01-30 00:05:31,509][__main__][INFO] - [0, 27], [41]
[2025-01-30 00:05:32,669][__main__][INFO] - [0, 27, 42], []
[2025-01-30 00:05:32,711][__main__][INFO] - [0, 27], [42]
[2025-01-30 00:05:33,748][__main__][INFO] - [0, 27, 43], []
[2025-01-30 00:05:33,785][__main__][INFO] - [0, 27], [43]
[2025-01-30 00:05:34,849][__main__][INFO] - [0, 27, 44], []
[2025-01-30 00:05:35,717][__main__][INFO] - [0, 27, 45], []
[2025-01-30 00:05:35,774][__main__][INFO] - [0, 27, 46], []
[2025-01-30 00:05:35,835][__main__][INFO] - [0, 27, 47], []
[2025-01-30 00:05:36,398][__main__][INFO] - [0, 27, 48], []
[2025-01-30 00:05:36,764][__main__][INFO] - [0, 27, 49], []
[2025-01-30 00:05:36,796][__main__][INFO] - [0, 27, 50], []
[2025-01-30 00:05:36,863][__main__][INFO] - [0, 27, 51], []
[2025-01-30 00:05:36,916][__main__][INFO] - [0, 27, 52], []
[2025-01-30 00:05:36,972][__main__][INFO] - [0, 27, 53], []
[2025-01-30 00:05:37,033][__main__][INFO] - [0, 27, 54], []
[2025-01-30 00:05:37,090][__main__][INFO] - [0, 27, 55], []
[2025-01-30 00:05:37,145][__main__][INFO] - [0, 27, 56], []
[2025-01-30 00:05:37,197][__main__][INFO] - [0, 27, 57], []
[2025-01-30 00:05:37,246][__main__][INFO] - [0, 27, 58], []
[2025-01-30 00:05:37,290][__main__][INFO] - [0, 27, 59], []
[2025-01-30 00:05:37,628][__main__][INFO] - [0, 28, 32], []
[2025-01-30 00:05:37,744][__main__][INFO] - [0, 28, 33], []
[2025-01-30 00:05:37,790][__main__][INFO] - [0, 28, 36], []
[2025-01-30 00:05:37,807][__main__][INFO] - [0, 28, 37], []
[2025-01-30 00:05:37,912][__main__][INFO] - [0, 28, 38], []
[2025-01-30 00:05:37,933][__main__][INFO] - [0, 28, 39], []
[2025-01-30 00:05:37,962][__main__][INFO] - [0, 28, 40], []
[2025-01-30 00:05:37,980][__main__][INFO] - [0, 28, 41], []
[2025-01-30 00:05:38,116][__main__][INFO] - [0, 28, 42], []
[2025-01-30 00:05:38,134][__main__][INFO] - [0, 28], [42]
[2025-01-30 00:05:38,256][__main__][INFO] - [0, 28, 43], []
[2025-01-30 00:05:38,273][__main__][INFO] - [0, 28], [43]
[2025-01-30 00:05:38,390][__main__][INFO] - [0, 28, 44], []
[2025-01-30 00:05:38,513][__main__][INFO] - [0, 28, 45], []
[2025-01-30 00:05:38,530][__main__][INFO] - [0, 28, 46], []
[2025-01-30 00:05:38,547][__main__][INFO] - [0, 28, 47], []
[2025-01-30 00:05:38,598][__main__][INFO] - [0, 28, 48], []
[2025-01-30 00:05:38,679][__main__][INFO] - [0, 28, 49], []
[2025-01-30 00:05:38,699][__main__][INFO] - [0, 28, 50], []
[2025-01-30 00:05:38,725][__main__][INFO] - [0, 28, 51], []
[2025-01-30 00:05:38,749][__main__][INFO] - [0, 28, 52], []
[2025-01-30 00:05:38,766][__main__][INFO] - [0, 28, 53], []
[2025-01-30 00:05:38,792][__main__][INFO] - [0, 28, 54], []
[2025-01-30 00:05:38,815][__main__][INFO] - [0, 28, 55], []
[2025-01-30 00:05:38,837][__main__][INFO] - [0, 28, 56], []
[2025-01-30 00:05:38,858][__main__][INFO] - [0, 28, 57], []
[2025-01-30 00:05:38,875][__main__][INFO] - [0, 28, 58], []
[2025-01-30 00:05:38,894][__main__][INFO] - [0, 28, 59], []
[2025-01-30 00:05:38,942][__main__][INFO] - [0, 29, 32], []
[2025-01-30 00:05:39,123][__main__][INFO] - [0, 29, 33], []
[2025-01-30 00:05:39,156][__main__][INFO] - [0, 29, 35], []
[2025-01-30 00:05:39,173][__main__][INFO] - [0, 29, 36], []
[2025-01-30 00:05:39,192][__main__][INFO] - [0, 29, 37], []
[2025-01-30 00:05:39,335][__main__][INFO] - [0, 29, 38], []
[2025-01-30 00:05:39,361][__main__][INFO] - [0, 29, 39], []
[2025-01-30 00:05:39,394][__main__][INFO] - [0, 29, 40], []
[2025-01-30 00:05:39,412][__main__][INFO] - [0, 29, 41], []
[2025-01-30 00:05:39,611][__main__][INFO] - [0, 29, 42], []
[2025-01-30 00:05:39,635][__main__][INFO] - [0, 29], [42]
[2025-01-30 00:05:39,812][__main__][INFO] - [0, 29, 43], []
[2025-01-30 00:05:39,830][__main__][INFO] - [0, 29], [43]
[2025-01-30 00:05:40,002][__main__][INFO] - [0, 29, 44], []
[2025-01-30 00:05:40,173][__main__][INFO] - [0, 29, 45], []
[2025-01-30 00:05:40,199][__main__][INFO] - [0, 29, 46], []
[2025-01-30 00:05:40,216][__main__][INFO] - [0, 29, 47], []
[2025-01-30 00:05:40,333][__main__][INFO] - [0, 29, 48], []
[2025-01-30 00:05:40,402][__main__][INFO] - [0, 29, 49], []
[2025-01-30 00:05:40,422][__main__][INFO] - [0, 29, 50], []
[2025-01-30 00:05:40,445][__main__][INFO] - [0, 29, 51], []
[2025-01-30 00:05:40,469][__main__][INFO] - [0, 29, 52], []
[2025-01-30 00:05:40,486][__main__][INFO] - [0, 29, 53], []
[2025-01-30 00:05:40,511][__main__][INFO] - [0, 29, 54], []
[2025-01-30 00:05:40,535][__main__][INFO] - [0, 29, 55], []
[2025-01-30 00:05:40,559][__main__][INFO] - [0, 29, 56], []
[2025-01-30 00:05:40,583][__main__][INFO] - [0, 29, 57], []
[2025-01-30 00:05:40,600][__main__][INFO] - [0, 29, 58], []
[2025-01-30 00:05:40,622][__main__][INFO] - [0, 29, 59], []
[2025-01-30 00:05:40,705][__main__][INFO] - [0, 30, 32], []
[2025-01-30 00:05:40,730][__main__][INFO] - [0, 30, 33], []
[2025-01-30 00:05:40,777][__main__][INFO] - [0, 30, 36], []
[2025-01-30 00:05:40,800][__main__][INFO] - [0, 30, 37], []
[2025-01-30 00:05:40,821][__main__][INFO] - [0, 30, 38], []
[2025-01-30 00:05:40,838][__main__][INFO] - [0, 30, 39], []
[2025-01-30 00:05:40,858][__main__][INFO] - [0, 30, 40], []
[2025-01-30 00:05:40,890][__main__][INFO] - [0, 30], [41]
[2025-01-30 00:05:40,917][__main__][INFO] - [0, 30, 42], []
[2025-01-30 00:05:40,934][__main__][INFO] - [0, 30], [42]
[2025-01-30 00:05:40,962][__main__][INFO] - [0, 30, 43], []
[2025-01-30 00:05:40,980][__main__][INFO] - [0, 30], [43]
[2025-01-30 00:05:41,007][__main__][INFO] - [0, 30, 44], []
[2025-01-30 00:05:41,034][__main__][INFO] - [0, 30, 45], []
[2025-01-30 00:05:41,050][__main__][INFO] - [0, 30, 46], []
[2025-01-30 00:05:41,067][__main__][INFO] - [0, 30, 47], []
[2025-01-30 00:05:41,090][__main__][INFO] - [0, 30, 48], []
[2025-01-30 00:05:41,112][__main__][INFO] - [0, 30, 49], []
[2025-01-30 00:05:41,129][__main__][INFO] - [0, 30, 50], []
[2025-01-30 00:05:41,145][__main__][INFO] - [0, 30, 51], []
[2025-01-30 00:05:41,163][__main__][INFO] - [0, 30, 52], []
[2025-01-30 00:05:41,181][__main__][INFO] - [0, 30, 53], []
[2025-01-30 00:05:41,198][__main__][INFO] - [0, 30, 54], []
[2025-01-30 00:05:41,215][__main__][INFO] - [0, 30, 55], []
[2025-01-30 00:05:41,232][__main__][INFO] - [0, 30, 56], []
[2025-01-30 00:05:41,250][__main__][INFO] - [0, 30, 57], []
[2025-01-30 00:05:41,266][__main__][INFO] - [0, 30, 58], []
[2025-01-30 00:05:41,283][__main__][INFO] - [0, 30, 59], []
[2025-01-30 00:05:41,317][__main__][INFO] - [0, 31, 32], []
[2025-01-30 00:05:41,378][__main__][INFO] - [0, 31, 36], []
[2025-01-30 00:05:41,395][__main__][INFO] - [0, 31, 37], []
[2025-01-30 00:05:41,412][__main__][INFO] - [0, 31, 38], []
[2025-01-30 00:05:41,429][__main__][INFO] - [0, 31, 39], []
[2025-01-30 00:05:41,474][__main__][INFO] - [0, 31], [41]
[2025-01-30 00:05:41,508][__main__][INFO] - [0, 31], [42]
[2025-01-30 00:05:41,527][__main__][INFO] - [0, 31, 43], []
[2025-01-30 00:05:41,544][__main__][INFO] - [0, 31], [43]
[2025-01-30 00:05:41,562][__main__][INFO] - [0, 31, 44], []
[2025-01-30 00:05:41,581][__main__][INFO] - [0, 31, 45], []
[2025-01-30 00:05:41,612][__main__][INFO] - [0, 31, 47], []
[2025-01-30 00:05:41,630][__main__][INFO] - [0, 31, 48], []
[2025-01-30 00:05:41,661][__main__][INFO] - [0, 31, 50], []
[2025-01-30 00:05:41,677][__main__][INFO] - [0, 31, 51], []
[2025-01-30 00:05:41,694][__main__][INFO] - [0, 31, 52], []
[2025-01-30 00:05:41,711][__main__][INFO] - [0, 31, 53], []
[2025-01-30 00:05:41,728][__main__][INFO] - [0, 31, 54], []
[2025-01-30 00:05:41,745][__main__][INFO] - [0, 31, 55], []
[2025-01-30 00:05:41,776][__main__][INFO] - [0, 31, 57], []
[2025-01-30 00:05:41,807][__main__][INFO] - [0, 31, 59], []
[2025-01-30 00:05:41,838][__main__][INFO] - [0, 32, 37], []
[2025-01-30 00:05:42,448][__main__][INFO] - [0, 32, 38], []
[2025-01-30 00:05:42,677][__main__][INFO] - [0, 32, 39], []
[2025-01-30 00:05:42,811][__main__][INFO] - [0, 32, 40], []
[2025-01-30 00:05:42,838][__main__][INFO] - [0, 32, 41], []
[2025-01-30 00:05:43,125][__main__][INFO] - [0, 32], [41]
[2025-01-30 00:05:43,973][__main__][INFO] - [0, 32, 42], []
[2025-01-30 00:05:44,024][__main__][INFO] - [0, 32], [42]
[2025-01-30 00:05:45,224][__main__][INFO] - [0, 32, 43], []
[2025-01-30 00:05:45,268][__main__][INFO] - [0, 32], [43]
[2025-01-30 00:05:46,515][__main__][INFO] - [0, 32, 44], []
[2025-01-30 00:05:47,611][__main__][INFO] - [0, 32, 45], []
[2025-01-30 00:05:47,692][__main__][INFO] - [0, 32, 47], []
[2025-01-30 00:05:48,215][__main__][INFO] - [0, 32, 48], []
[2025-01-30 00:05:48,732][__main__][INFO] - [0, 32, 49], []
[2025-01-30 00:05:48,769][__main__][INFO] - [0, 32, 50], []
[2025-01-30 00:05:48,842][__main__][INFO] - [0, 32, 51], []
[2025-01-30 00:05:48,898][__main__][INFO] - [0, 32, 52], []
[2025-01-30 00:05:48,961][__main__][INFO] - [0, 32, 53], []
[2025-01-30 00:05:49,028][__main__][INFO] - [0, 32, 54], []
[2025-01-30 00:05:49,091][__main__][INFO] - [0, 32, 55], []
[2025-01-30 00:05:49,149][__main__][INFO] - [0, 32, 56], []
[2025-01-30 00:05:49,207][__main__][INFO] - [0, 32, 57], []
[2025-01-30 00:05:49,259][__main__][INFO] - [0, 32, 58], []
[2025-01-30 00:05:49,307][__main__][INFO] - [0, 32, 59], []
[2025-01-30 00:05:49,646][__main__][INFO] - [0, 33, 37], []
[2025-01-30 00:05:49,667][__main__][INFO] - [0, 33, 38], []
[2025-01-30 00:05:49,686][__main__][INFO] - [0, 33, 39], []
[2025-01-30 00:05:49,704][__main__][INFO] - [0, 33, 40], []
[2025-01-30 00:05:49,721][__main__][INFO] - [0, 33, 41], []
[2025-01-30 00:05:49,739][__main__][INFO] - [0, 33], [41]
[2025-01-30 00:05:49,762][__main__][INFO] - [0, 33, 42], []
[2025-01-30 00:05:49,781][__main__][INFO] - [0, 33], [42]
[2025-01-30 00:05:49,804][__main__][INFO] - [0, 33, 43], []
[2025-01-30 00:05:49,822][__main__][INFO] - [0, 33], [43]
[2025-01-30 00:05:49,846][__main__][INFO] - [0, 33, 44], []
[2025-01-30 00:05:49,869][__main__][INFO] - [0, 33, 45], []
[2025-01-30 00:05:49,901][__main__][INFO] - [0, 33, 47], []
[2025-01-30 00:05:49,922][__main__][INFO] - [0, 33, 48], []
[2025-01-30 00:05:49,942][__main__][INFO] - [0, 33, 49], []
[2025-01-30 00:05:49,959][__main__][INFO] - [0, 33, 50], []
[2025-01-30 00:05:49,977][__main__][INFO] - [0, 33, 51], []
[2025-01-30 00:05:49,994][__main__][INFO] - [0, 33, 52], []
[2025-01-30 00:05:50,012][__main__][INFO] - [0, 33, 53], []
[2025-01-30 00:05:50,030][__main__][INFO] - [0, 33, 54], []
[2025-01-30 00:05:50,047][__main__][INFO] - [0, 33, 55], []
[2025-01-30 00:05:50,065][__main__][INFO] - [0, 33, 56], []
[2025-01-30 00:05:50,082][__main__][INFO] - [0, 33, 57], []
[2025-01-30 00:05:50,100][__main__][INFO] - [0, 33, 58], []
[2025-01-30 00:05:50,118][__main__][INFO] - [0, 33, 59], []
[2025-01-30 00:05:50,151][__main__][INFO] - [0, 34, 37], []
[2025-01-30 00:05:50,169][__main__][INFO] - [0, 34, 38], []
[2025-01-30 00:05:50,186][__main__][INFO] - [0, 34, 39], []
[2025-01-30 00:05:50,231][__main__][INFO] - [0, 34], [41]
[2025-01-30 00:05:50,264][__main__][INFO] - [0, 34], [42]
[2025-01-30 00:05:50,297][__main__][INFO] - [0, 34], [43]
[2025-01-30 00:05:50,315][__main__][INFO] - [0, 34, 44], []
[2025-01-30 00:05:50,375][__main__][INFO] - [0, 34, 48], []
[2025-01-30 00:05:50,407][__main__][INFO] - [0, 34, 50], []
[2025-01-30 00:05:50,537][__main__][INFO] - [0, 34, 59], []
[2025-01-30 00:05:50,568][__main__][INFO] - [0, 35, 37], []
[2025-01-30 00:05:50,584][__main__][INFO] - [0, 35, 38], []
[2025-01-30 00:05:50,602][__main__][INFO] - [0, 35, 39], []
[2025-01-30 00:05:50,633][__main__][INFO] - [0, 35, 41], []
[2025-01-30 00:05:50,649][__main__][INFO] - [0, 35], [41]
[2025-01-30 00:05:50,683][__main__][INFO] - [0, 35], [42]
[2025-01-30 00:05:50,716][__main__][INFO] - [0, 35], [43]
[2025-01-30 00:05:50,734][__main__][INFO] - [0, 35, 44], []
[2025-01-30 00:05:50,781][__main__][INFO] - [0, 35, 47], []
[2025-01-30 00:05:50,799][__main__][INFO] - [0, 35, 48], []
[2025-01-30 00:05:50,832][__main__][INFO] - [0, 35, 50], []
[2025-01-30 00:05:50,849][__main__][INFO] - [0, 35, 51], []
[2025-01-30 00:05:50,880][__main__][INFO] - [0, 35, 53], []
[2025-01-30 00:05:50,940][__main__][INFO] - [0, 35, 57], []
[2025-01-30 00:05:50,957][__main__][INFO] - [0, 35, 58], []
[2025-01-30 00:05:50,974][__main__][INFO] - [0, 35, 59], []
[2025-01-30 00:05:51,006][__main__][INFO] - [0, 36, 37], []
[2025-01-30 00:05:51,120][__main__][INFO] - [0, 36, 38], []
[2025-01-30 00:05:51,189][__main__][INFO] - [0, 36, 39], []
[2025-01-30 00:05:51,241][__main__][INFO] - [0, 36, 40], []
[2025-01-30 00:05:51,260][__main__][INFO] - [0, 36, 41], []
[2025-01-30 00:05:51,285][__main__][INFO] - [0, 36], [41]
[2025-01-30 00:05:51,518][__main__][INFO] - [0, 36, 42], []
[2025-01-30 00:05:51,537][__main__][INFO] - [0, 36], [42]
[2025-01-30 00:05:51,790][__main__][INFO] - [0, 36, 43], []
[2025-01-30 00:05:51,810][__main__][INFO] - [0, 36], [43]
[2025-01-30 00:05:52,048][__main__][INFO] - [0, 36, 44], []
[2025-01-30 00:05:52,211][__main__][INFO] - [0, 36, 45], []
[2025-01-30 00:05:52,232][__main__][INFO] - [0, 36, 46], []
[2025-01-30 00:05:52,299][__main__][INFO] - [0, 36, 47], []
[2025-01-30 00:05:52,506][__main__][INFO] - [0, 36, 48], []
[2025-01-30 00:05:52,560][__main__][INFO] - [0, 36, 50], []
[2025-01-30 00:05:52,589][__main__][INFO] - [0, 36, 51], []
[2025-01-30 00:05:52,618][__main__][INFO] - [0, 36, 52], []
[2025-01-30 00:05:52,649][__main__][INFO] - [0, 36, 53], []
[2025-01-30 00:05:52,679][__main__][INFO] - [0, 36, 54], []
[2025-01-30 00:05:52,706][__main__][INFO] - [0, 36, 55], []
[2025-01-30 00:05:52,731][__main__][INFO] - [0, 36, 56], []
[2025-01-30 00:05:52,756][__main__][INFO] - [0, 36, 57], []
[2025-01-30 00:05:52,779][__main__][INFO] - [0, 36, 58], []
[2025-01-30 00:05:52,802][__main__][INFO] - [0, 36, 59], []
[2025-01-30 00:05:52,886][__main__][INFO] - [0, 37, 41], []
[2025-01-30 00:05:53,147][__main__][INFO] - [0, 37], [41]
[2025-01-30 00:05:53,616][__main__][INFO] - [0, 37, 42], []
[2025-01-30 00:05:53,652][__main__][INFO] - [0, 37], [42]
[2025-01-30 00:05:54,385][__main__][INFO] - [0, 37, 43], []
[2025-01-30 00:05:54,418][__main__][INFO] - [0, 37], [43]
[2025-01-30 00:05:55,160][__main__][INFO] - [0, 37, 44], []
[2025-01-30 00:05:55,900][__main__][INFO] - [0, 37, 45], []
[2025-01-30 00:05:55,945][__main__][INFO] - [0, 37, 46], []
[2025-01-30 00:05:55,984][__main__][INFO] - [0, 37, 47], []
[2025-01-30 00:05:56,377][__main__][INFO] - [0, 37, 48], []
[2025-01-30 00:05:56,702][__main__][INFO] - [0, 37, 49], []
[2025-01-30 00:05:56,732][__main__][INFO] - [0, 37, 50], []
[2025-01-30 00:05:56,789][__main__][INFO] - [0, 37, 51], []
[2025-01-30 00:05:56,839][__main__][INFO] - [0, 37, 52], []
[2025-01-30 00:05:56,897][__main__][INFO] - [0, 37, 53], []
[2025-01-30 00:05:56,952][__main__][INFO] - [0, 37, 54], []
[2025-01-30 00:05:57,005][__main__][INFO] - [0, 37, 55], []
[2025-01-30 00:05:57,051][__main__][INFO] - [0, 37, 56], []
[2025-01-30 00:05:57,095][__main__][INFO] - [0, 37, 57], []
[2025-01-30 00:05:57,135][__main__][INFO] - [0, 37, 58], []
[2025-01-30 00:05:57,171][__main__][INFO] - [0, 37, 59], []
[2025-01-30 00:05:57,390][__main__][INFO] - [0, 38, 41], []
[2025-01-30 00:05:57,420][__main__][INFO] - [0, 38], [41]
[2025-01-30 00:05:57,689][__main__][INFO] - [0, 38, 42], []
[2025-01-30 00:05:57,714][__main__][INFO] - [0, 38], [42]
[2025-01-30 00:05:57,984][__main__][INFO] - [0, 38, 43], []
[2025-01-30 00:05:58,007][__main__][INFO] - [0, 38], [43]
[2025-01-30 00:05:58,290][__main__][INFO] - [0, 38, 44], []
[2025-01-30 00:05:58,558][__main__][INFO] - [0, 38, 45], []
[2025-01-30 00:05:58,585][__main__][INFO] - [0, 38, 46], []
[2025-01-30 00:05:58,615][__main__][INFO] - [0, 38, 47], []
[2025-01-30 00:05:58,779][__main__][INFO] - [0, 38, 48], []
[2025-01-30 00:05:58,897][__main__][INFO] - [0, 38, 49], []
[2025-01-30 00:05:58,918][__main__][INFO] - [0, 38, 50], []
[2025-01-30 00:05:58,946][__main__][INFO] - [0, 38, 51], []
[2025-01-30 00:05:58,969][__main__][INFO] - [0, 38, 52], []
[2025-01-30 00:05:58,994][__main__][INFO] - [0, 38, 53], []
[2025-01-30 00:05:59,021][__main__][INFO] - [0, 38, 54], []
[2025-01-30 00:05:59,047][__main__][INFO] - [0, 38, 55], []
[2025-01-30 00:05:59,073][__main__][INFO] - [0, 38, 56], []
[2025-01-30 00:05:59,101][__main__][INFO] - [0, 38, 57], []
[2025-01-30 00:05:59,126][__main__][INFO] - [0, 38, 58], []
[2025-01-30 00:05:59,150][__main__][INFO] - [0, 38, 59], []
[2025-01-30 00:05:59,288][__main__][INFO] - [0, 39, 41], []
[2025-01-30 00:05:59,336][__main__][INFO] - [0, 39], [41]
[2025-01-30 00:05:59,479][__main__][INFO] - [0, 39, 42], []
[2025-01-30 00:05:59,502][__main__][INFO] - [0, 39], [42]
[2025-01-30 00:05:59,682][__main__][INFO] - [0, 39, 43], []
[2025-01-30 00:05:59,703][__main__][INFO] - [0, 39], [43]
[2025-01-30 00:05:59,879][__main__][INFO] - [0, 39, 44], []
[2025-01-30 00:06:00,053][__main__][INFO] - [0, 39, 45], []
[2025-01-30 00:06:00,079][__main__][INFO] - [0, 39, 46], []
[2025-01-30 00:06:00,105][__main__][INFO] - [0, 39, 47], []
[2025-01-30 00:06:00,207][__main__][INFO] - [0, 39, 48], []
[2025-01-30 00:06:00,292][__main__][INFO] - [0, 39, 49], []
[2025-01-30 00:06:00,312][__main__][INFO] - [0, 39, 50], []
[2025-01-30 00:06:00,340][__main__][INFO] - [0, 39, 51], []
[2025-01-30 00:06:00,364][__main__][INFO] - [0, 39, 52], []
[2025-01-30 00:06:00,389][__main__][INFO] - [0, 39, 53], []
[2025-01-30 00:06:00,414][__main__][INFO] - [0, 39, 54], []
[2025-01-30 00:06:00,439][__main__][INFO] - [0, 39, 55], []
[2025-01-30 00:06:00,463][__main__][INFO] - [0, 39, 56], []
[2025-01-30 00:06:00,487][__main__][INFO] - [0, 39, 57], []
[2025-01-30 00:06:00,510][__main__][INFO] - [0, 39, 58], []
[2025-01-30 00:06:00,533][__main__][INFO] - [0, 39, 59], []
[2025-01-30 00:06:00,601][__main__][INFO] - [0, 40, 41], []
[2025-01-30 00:06:00,618][__main__][INFO] - [0, 40], [41]
[2025-01-30 00:06:00,647][__main__][INFO] - [0, 40, 42], []
[2025-01-30 00:06:00,665][__main__][INFO] - [0, 40], [42]
[2025-01-30 00:06:00,693][__main__][INFO] - [0, 40, 43], []
[2025-01-30 00:06:00,711][__main__][INFO] - [0, 40], [43]
[2025-01-30 00:06:00,739][__main__][INFO] - [0, 40, 44], []
[2025-01-30 00:06:00,766][__main__][INFO] - [0, 40, 45], []
[2025-01-30 00:06:00,784][__main__][INFO] - [0, 40, 46], []
[2025-01-30 00:06:00,801][__main__][INFO] - [0, 40, 47], []
[2025-01-30 00:06:00,825][__main__][INFO] - [0, 40, 48], []
[2025-01-30 00:06:00,846][__main__][INFO] - [0, 40, 49], []
[2025-01-30 00:06:00,864][__main__][INFO] - [0, 40, 50], []
[2025-01-30 00:06:00,882][__main__][INFO] - [0, 40, 51], []
[2025-01-30 00:06:00,900][__main__][INFO] - [0, 40, 52], []
[2025-01-30 00:06:00,918][__main__][INFO] - [0, 40, 53], []
[2025-01-30 00:06:00,936][__main__][INFO] - [0, 40, 54], []
[2025-01-30 00:06:00,953][__main__][INFO] - [0, 40, 55], []
[2025-01-30 00:06:00,971][__main__][INFO] - [0, 40, 56], []
[2025-01-30 00:06:00,989][__main__][INFO] - [0, 40, 57], []
[2025-01-30 00:06:01,007][__main__][INFO] - [0, 40, 58], []
[2025-01-30 00:06:01,025][__main__][INFO] - [0, 40, 59], []
[2025-01-30 00:06:01,060][__main__][INFO] - [0, 41, 42], []
[2025-01-30 00:06:01,085][__main__][INFO] - [0, 41], [42]
[2025-01-30 00:06:01,394][__main__][INFO] - [0, 41, 43], []
[2025-01-30 00:06:01,411][__main__][INFO] - [0, 41], [43]
[2025-01-30 00:06:01,698][__main__][INFO] - [0, 41, 44], []
[2025-01-30 00:06:02,000][__main__][INFO] - [0, 41, 45], []
[2025-01-30 00:06:02,029][__main__][INFO] - [0, 41, 46], []
[2025-01-30 00:06:02,047][__main__][INFO] - [0, 41, 47], []
[2025-01-30 00:06:02,207][__main__][INFO] - [0, 41, 48], []
[2025-01-30 00:06:02,343][__main__][INFO] - [0, 41, 49], []
[2025-01-30 00:06:02,367][__main__][INFO] - [0, 41, 50], []
[2025-01-30 00:06:02,398][__main__][INFO] - [0, 41, 51], []
[2025-01-30 00:06:02,431][__main__][INFO] - [0, 41, 52], []
[2025-01-30 00:06:02,448][__main__][INFO] - [0, 41, 53], []
[2025-01-30 00:06:02,483][__main__][INFO] - [0, 41, 54], []
[2025-01-30 00:06:02,515][__main__][INFO] - [0, 41, 55], []
[2025-01-30 00:06:02,544][__main__][INFO] - [0, 41, 56], []
[2025-01-30 00:06:02,573][__main__][INFO] - [0, 41, 57], []
[2025-01-30 00:06:02,590][__main__][INFO] - [0, 41, 58], []
[2025-01-30 00:06:02,615][__main__][INFO] - [0, 41, 59], []
[2025-01-30 00:06:02,722][__main__][INFO] - [0, 42], [41]
[2025-01-30 00:06:02,764][__main__][INFO] - [0], [41, 42]
[2025-01-30 00:06:03,895][__main__][INFO] - [0, 43], [41]
[2025-01-30 00:06:03,932][__main__][INFO] - [0], [41, 43]
[2025-01-30 00:06:05,063][__main__][INFO] - [0, 44], [41]
[2025-01-30 00:06:05,999][__main__][INFO] - [0, 45], [41]
[2025-01-30 00:06:06,057][__main__][INFO] - [0, 46], [41]
[2025-01-30 00:06:06,121][__main__][INFO] - [0, 47], [41]
[2025-01-30 00:06:06,744][__main__][INFO] - [0, 48], [41]
[2025-01-30 00:06:07,141][__main__][INFO] - [0, 49], [41]
[2025-01-30 00:06:07,175][__main__][INFO] - [0, 50], [41]
[2025-01-30 00:06:07,246][__main__][INFO] - [0, 51], [41]
[2025-01-30 00:06:07,304][__main__][INFO] - [0, 52], [41]
[2025-01-30 00:06:07,364][__main__][INFO] - [0, 53], [41]
[2025-01-30 00:06:07,429][__main__][INFO] - [0, 54], [41]
[2025-01-30 00:06:07,489][__main__][INFO] - [0, 55], [41]
[2025-01-30 00:06:07,549][__main__][INFO] - [0, 56], [41]
[2025-01-30 00:06:07,603][__main__][INFO] - [0, 57], [41]
[2025-01-30 00:06:07,655][__main__][INFO] - [0, 58], [41]
[2025-01-30 00:06:07,701][__main__][INFO] - [0, 59], [41]
[2025-01-30 00:06:08,055][__main__][INFO] - [0, 42, 43], []
[2025-01-30 00:06:08,081][__main__][INFO] - [0, 42], [43]
[2025-01-30 00:06:08,123][__main__][INFO] - [0, 42, 44], []
[2025-01-30 00:06:08,162][__main__][INFO] - [0, 42, 45], []
[2025-01-30 00:06:08,189][__main__][INFO] - [0, 42, 46], []
[2025-01-30 00:06:08,205][__main__][INFO] - [0, 42, 47], []
[2025-01-30 00:06:08,254][__main__][INFO] - [0, 42, 48], []
[2025-01-30 00:06:08,274][__main__][INFO] - [0, 42, 49], []
[2025-01-30 00:06:08,292][__main__][INFO] - [0, 42, 50], []
[2025-01-30 00:06:08,312][__main__][INFO] - [0, 42, 51], []
[2025-01-30 00:06:08,331][__main__][INFO] - [0, 42, 52], []
[2025-01-30 00:06:08,351][__main__][INFO] - [0, 42, 53], []
[2025-01-30 00:06:08,371][__main__][INFO] - [0, 42, 54], []
[2025-01-30 00:06:08,390][__main__][INFO] - [0, 42, 55], []
[2025-01-30 00:06:08,409][__main__][INFO] - [0, 42, 56], []
[2025-01-30 00:06:08,427][__main__][INFO] - [0, 42, 57], []
[2025-01-30 00:06:08,446][__main__][INFO] - [0, 42, 58], []
[2025-01-30 00:06:08,463][__main__][INFO] - [0, 42, 59], []
[2025-01-30 00:06:08,501][__main__][INFO] - [0, 43], [42]
[2025-01-30 00:06:08,535][__main__][INFO] - [0], [42, 43]
[2025-01-30 00:06:10,040][__main__][INFO] - [0, 44], [42]
[2025-01-30 00:06:11,405][__main__][INFO] - [0, 45], [42]
[2025-01-30 00:06:11,463][__main__][INFO] - [0, 46], [42]
[2025-01-30 00:06:11,527][__main__][INFO] - [0, 47], [42]
[2025-01-30 00:06:12,249][__main__][INFO] - [0, 48], [42]
[2025-01-30 00:06:12,801][__main__][INFO] - [0, 49], [42]
[2025-01-30 00:06:12,838][__main__][INFO] - [0, 50], [42]
[2025-01-30 00:06:12,923][__main__][INFO] - [0, 51], [42]
[2025-01-30 00:06:12,991][__main__][INFO] - [0, 52], [42]
[2025-01-30 00:06:13,068][__main__][INFO] - [0, 53], [42]
[2025-01-30 00:06:13,147][__main__][INFO] - [0, 54], [42]
[2025-01-30 00:06:13,220][__main__][INFO] - [0, 55], [42]
[2025-01-30 00:06:13,287][__main__][INFO] - [0, 56], [42]
[2025-01-30 00:06:13,353][__main__][INFO] - [0, 57], [42]
[2025-01-30 00:06:13,411][__main__][INFO] - [0, 58], [42]
[2025-01-30 00:06:13,465][__main__][INFO] - [0, 59], [42]
[2025-01-30 00:06:13,858][__main__][INFO] - [0, 43, 44], []
[2025-01-30 00:06:13,892][__main__][INFO] - [0, 43, 45], []
[2025-01-30 00:06:13,917][__main__][INFO] - [0, 43, 46], []
[2025-01-30 00:06:13,933][__main__][INFO] - [0, 43, 47], []
[2025-01-30 00:06:13,972][__main__][INFO] - [0, 43, 48], []
[2025-01-30 00:06:13,994][__main__][INFO] - [0, 43, 49], []
[2025-01-30 00:06:14,011][__main__][INFO] - [0, 43, 50], []
[2025-01-30 00:06:14,031][__main__][INFO] - [0, 43, 51], []
[2025-01-30 00:06:14,050][__main__][INFO] - [0, 43, 52], []
[2025-01-30 00:06:14,070][__main__][INFO] - [0, 43, 53], []
[2025-01-30 00:06:14,089][__main__][INFO] - [0, 43, 54], []
[2025-01-30 00:06:14,108][__main__][INFO] - [0, 43, 55], []
[2025-01-30 00:06:14,126][__main__][INFO] - [0, 43, 56], []
[2025-01-30 00:06:14,143][__main__][INFO] - [0, 43, 57], []
[2025-01-30 00:06:14,161][__main__][INFO] - [0, 43, 58], []
[2025-01-30 00:06:14,179][__main__][INFO] - [0, 43, 59], []
[2025-01-30 00:06:14,215][__main__][INFO] - [0, 44], [43]
[2025-01-30 00:06:15,619][__main__][INFO] - [0, 45], [43]
[2025-01-30 00:06:15,691][__main__][INFO] - [0, 46], [43]
[2025-01-30 00:06:15,758][__main__][INFO] - [0, 47], [43]
[2025-01-30 00:06:16,519][__main__][INFO] - [0, 48], [43]
[2025-01-30 00:06:17,090][__main__][INFO] - [0, 49], [43]
[2025-01-30 00:06:17,128][__main__][INFO] - [0, 50], [43]
[2025-01-30 00:06:17,213][__main__][INFO] - [0, 51], [43]
[2025-01-30 00:06:17,282][__main__][INFO] - [0, 52], [43]
[2025-01-30 00:06:17,364][__main__][INFO] - [0, 53], [43]
[2025-01-30 00:06:17,445][__main__][INFO] - [0, 54], [43]
[2025-01-30 00:06:17,522][__main__][INFO] - [0, 55], [43]
[2025-01-30 00:06:17,591][__main__][INFO] - [0, 56], [43]
[2025-01-30 00:06:17,659][__main__][INFO] - [0, 57], [43]
[2025-01-30 00:06:17,717][__main__][INFO] - [0, 58], [43]
[2025-01-30 00:06:17,773][__main__][INFO] - [0, 59], [43]
[2025-01-30 00:06:18,188][__main__][INFO] - [0, 44, 47], []
[2025-01-30 00:06:18,864][__main__][INFO] - [0, 44, 48], []
[2025-01-30 00:06:19,393][__main__][INFO] - [0, 44, 49], []
[2025-01-30 00:06:19,431][__main__][INFO] - [0, 44, 50], []
[2025-01-30 00:06:19,504][__main__][INFO] - [0, 44, 51], []
[2025-01-30 00:06:19,566][__main__][INFO] - [0, 44, 52], []
[2025-01-30 00:06:19,634][__main__][INFO] - [0, 44, 53], []
[2025-01-30 00:06:19,712][__main__][INFO] - [0, 44, 54], []
[2025-01-30 00:06:19,781][__main__][INFO] - [0, 44, 55], []
[2025-01-30 00:06:19,847][__main__][INFO] - [0, 44, 56], []
[2025-01-30 00:06:19,910][__main__][INFO] - [0, 44, 57], []
[2025-01-30 00:06:19,969][__main__][INFO] - [0, 44, 58], []
[2025-01-30 00:06:20,021][__main__][INFO] - [0, 44, 59], []
[2025-01-30 00:06:20,433][__main__][INFO] - [0, 45, 47], []
[2025-01-30 00:06:20,487][__main__][INFO] - [0, 45, 48], []
[2025-01-30 00:06:20,517][__main__][INFO] - [0, 45, 49], []
[2025-01-30 00:06:20,534][__main__][INFO] - [0, 45, 50], []
[2025-01-30 00:06:20,560][__main__][INFO] - [0, 45, 51], []
[2025-01-30 00:06:20,581][__main__][INFO] - [0, 45, 52], []
[2025-01-30 00:06:20,602][__main__][INFO] - [0, 45, 53], []
[2025-01-30 00:06:20,622][__main__][INFO] - [0, 45, 54], []
[2025-01-30 00:06:20,642][__main__][INFO] - [0, 45, 55], []
[2025-01-30 00:06:20,664][__main__][INFO] - [0, 45, 56], []
[2025-01-30 00:06:20,682][__main__][INFO] - [0, 45, 57], []
[2025-01-30 00:06:20,701][__main__][INFO] - [0, 45, 58], []
[2025-01-30 00:06:20,719][__main__][INFO] - [0, 45, 59], []
[2025-01-30 00:06:20,756][__main__][INFO] - [0, 46, 47], []
[2025-01-30 00:06:20,850][__main__][INFO] - [0, 46, 50], []
[2025-01-30 00:06:20,869][__main__][INFO] - [0, 46, 51], []
[2025-01-30 00:06:20,889][__main__][INFO] - [0, 46, 52], []
[2025-01-30 00:06:20,911][__main__][INFO] - [0, 46, 53], []
[2025-01-30 00:06:20,931][__main__][INFO] - [0, 46, 54], []
[2025-01-30 00:06:20,951][__main__][INFO] - [0, 46, 55], []
[2025-01-30 00:06:20,970][__main__][INFO] - [0, 46, 56], []
[2025-01-30 00:06:20,989][__main__][INFO] - [0, 46, 57], []
[2025-01-30 00:06:21,007][__main__][INFO] - [0, 46, 58], []
[2025-01-30 00:06:21,025][__main__][INFO] - [0, 46, 59], []
[2025-01-30 00:06:21,068][__main__][INFO] - [0, 47, 50], []
[2025-01-30 00:06:21,115][__main__][INFO] - [0, 47, 51], []
[2025-01-30 00:06:21,161][__main__][INFO] - [0, 47, 52], []
[2025-01-30 00:06:21,210][__main__][INFO] - [0, 47, 53], []
[2025-01-30 00:06:21,261][__main__][INFO] - [0, 47, 54], []
[2025-01-30 00:06:21,307][__main__][INFO] - [0, 47, 55], []
[2025-01-30 00:06:21,351][__main__][INFO] - [0, 47, 56], []
[2025-01-30 00:06:21,392][__main__][INFO] - [0, 47, 57], []
[2025-01-30 00:06:21,431][__main__][INFO] - [0, 47, 58], []
[2025-01-30 00:06:21,467][__main__][INFO] - [0, 47, 59], []
[2025-01-30 00:06:21,723][__main__][INFO] - [0, 48, 50], []
[2025-01-30 00:06:21,772][__main__][INFO] - [0, 48, 51], []
[2025-01-30 00:06:21,809][__main__][INFO] - [0, 48, 52], []
[2025-01-30 00:06:21,848][__main__][INFO] - [0, 48, 53], []
[2025-01-30 00:06:21,892][__main__][INFO] - [0, 48, 54], []
[2025-01-30 00:06:21,931][__main__][INFO] - [0, 48, 55], []
[2025-01-30 00:06:21,969][__main__][INFO] - [0, 48, 56], []
[2025-01-30 00:06:22,006][__main__][INFO] - [0, 48, 57], []
[2025-01-30 00:06:22,041][__main__][INFO] - [0, 48, 58], []
[2025-01-30 00:06:22,073][__main__][INFO] - [0, 48, 59], []
[2025-01-30 00:06:22,255][__main__][INFO] - [0, 49, 50], []
[2025-01-30 00:06:22,274][__main__][INFO] - [0, 49, 51], []
[2025-01-30 00:06:22,293][__main__][INFO] - [0, 49, 52], []
[2025-01-30 00:06:22,311][__main__][INFO] - [0, 49, 53], []
[2025-01-30 00:06:22,330][__main__][INFO] - [0, 49, 54], []
[2025-01-30 00:06:22,349][__main__][INFO] - [0, 49, 55], []
[2025-01-30 00:06:22,367][__main__][INFO] - [0, 49, 56], []
[2025-01-30 00:06:22,385][__main__][INFO] - [0, 49, 57], []
[2025-01-30 00:06:22,404][__main__][INFO] - [0, 49, 58], []
[2025-01-30 00:06:22,422][__main__][INFO] - [0, 49, 59], []
[2025-01-30 00:06:22,473][__main__][INFO] - [1, 10], [0]
[2025-01-30 00:06:22,504][__main__][INFO] - [1, 11], [0]
[2025-01-30 00:06:22,539][__main__][INFO] - [1, 12], [0]
[2025-01-30 00:06:22,576][__main__][INFO] - [1, 13], [0]
[2025-01-30 00:06:22,610][__main__][INFO] - [1, 14], [0]
[2025-01-30 00:06:22,640][__main__][INFO] - [1, 15], [0]
[2025-01-30 00:06:22,657][__main__][INFO] - [1, 16], [0]
[2025-01-30 00:06:22,683][__main__][INFO] - [1, 17], [0]
[2025-01-30 00:06:22,704][__main__][INFO] - [1, 18], [0]
[2025-01-30 00:06:22,722][__main__][INFO] - [1, 19], [0]
[2025-01-30 00:06:22,739][__main__][INFO] - [1, 20], [0]
[2025-01-30 00:06:22,823][__main__][INFO] - [1, 21], [0]
[2025-01-30 00:06:22,840][__main__][INFO] - [1, 22], [0]
[2025-01-30 00:06:22,944][__main__][INFO] - [1, 26], [0]
[2025-01-30 00:06:22,972][__main__][INFO] - [1], [0, 26]
[2025-01-30 00:06:23,096][__main__][INFO] - [1, 27], [0]
[2025-01-30 00:06:23,180][__main__][INFO] - [1, 28], [0]
[2025-01-30 00:06:23,222][__main__][INFO] - [1, 29], [0]
[2025-01-30 00:06:23,254][__main__][INFO] - [1, 30], [0]
[2025-01-30 00:06:23,270][__main__][INFO] - [1, 31], [0]
[2025-01-30 00:06:23,287][__main__][INFO] - [1, 32], [0]
[2025-01-30 00:06:23,389][__main__][INFO] - [1, 33], [0]
[2025-01-30 00:06:23,408][__main__][INFO] - [1, 34], [0]
[2025-01-30 00:06:23,424][__main__][INFO] - [1, 35], [0]
[2025-01-30 00:06:23,441][__main__][INFO] - [1, 36], [0]
[2025-01-30 00:06:23,484][__main__][INFO] - [1, 37], [0]
[2025-01-30 00:06:23,587][__main__][INFO] - [1, 38], [0]
[2025-01-30 00:06:23,610][__main__][INFO] - [1, 39], [0]
[2025-01-30 00:06:23,627][__main__][INFO] - [1, 40], [0]
[2025-01-30 00:06:23,644][__main__][INFO] - [1, 41], [0]
[2025-01-30 00:06:23,705][__main__][INFO] - [1], [0, 41]
[2025-01-30 00:06:23,789][__main__][INFO] - [1, 42], [0]
[2025-01-30 00:06:23,809][__main__][INFO] - [1], [0, 42]
[2025-01-30 00:06:23,935][__main__][INFO] - [1, 43], [0]
[2025-01-30 00:06:23,955][__main__][INFO] - [1], [0, 43]
[2025-01-30 00:06:24,082][__main__][INFO] - [1, 44], [0]
[2025-01-30 00:06:24,211][__main__][INFO] - [1, 45], [0]
[2025-01-30 00:06:24,233][__main__][INFO] - [1, 46], [0]
[2025-01-30 00:06:24,250][__main__][INFO] - [1, 47], [0]
[2025-01-30 00:06:24,421][__main__][INFO] - [1, 50], [0]
[2025-01-30 00:06:24,447][__main__][INFO] - [1, 51], [0]
[2025-01-30 00:06:24,464][__main__][INFO] - [1, 52], [0]
[2025-01-30 00:06:24,491][__main__][INFO] - [1, 53], [0]
[2025-01-30 00:06:24,517][__main__][INFO] - [1, 54], [0]
[2025-01-30 00:06:24,534][__main__][INFO] - [1, 55], [0]
[2025-01-30 00:06:24,557][__main__][INFO] - [1, 56], [0]
[2025-01-30 00:06:24,580][__main__][INFO] - [1, 57], [0]
[2025-01-30 00:06:24,601][__main__][INFO] - [1, 58], [0]
[2025-01-30 00:06:24,617][__main__][INFO] - [1, 59], [0]
[2025-01-30 00:06:24,661][__main__][INFO] - [2, 10], [0]
[2025-01-30 00:06:24,748][__main__][INFO] - [2, 11], [0]
[2025-01-30 00:06:24,838][__main__][INFO] - [2, 12], [0]
[2025-01-30 00:06:24,950][__main__][INFO] - [2, 13], [0]
[2025-01-30 00:06:25,045][__main__][INFO] - [2, 14], [0]
[2025-01-30 00:06:25,143][__main__][INFO] - [2, 15], [0]
[2025-01-30 00:06:25,241][__main__][INFO] - [2, 16], [0]
[2025-01-30 00:06:25,353][__main__][INFO] - [2, 17], [0]
[2025-01-30 00:06:25,444][__main__][INFO] - [2, 18], [0]
[2025-01-30 00:06:25,493][__main__][INFO] - [2, 19], [0]
[2025-01-30 00:06:25,524][__main__][INFO] - [2, 20], [0]
[2025-01-30 00:06:26,245][__main__][INFO] - [2, 21], [0]
[2025-01-30 00:06:26,273][__main__][INFO] - [2, 22], [0]
[2025-01-30 00:06:26,359][__main__][INFO] - [2, 23], [0]
[2025-01-30 00:06:26,395][__main__][INFO] - [2, 24], [0]
[2025-01-30 00:06:26,412][__main__][INFO] - [2, 25], [0]
[2025-01-30 00:06:26,430][__main__][INFO] - [2, 26], [0]
[2025-01-30 00:06:26,567][__main__][INFO] - [2], [0, 26]
[2025-01-30 00:06:27,283][__main__][INFO] - [2, 27], [0]
[2025-01-30 00:06:27,956][__main__][INFO] - [2, 28], [0]
[2025-01-30 00:06:28,019][__main__][INFO] - [2, 29], [0]
[2025-01-30 00:06:28,082][__main__][INFO] - [2, 30], [0]
[2025-01-30 00:06:28,106][__main__][INFO] - [2, 31], [0]
[2025-01-30 00:06:28,123][__main__][INFO] - [2, 32], [0]
[2025-01-30 00:06:28,663][__main__][INFO] - [2, 33], [0]
[2025-01-30 00:06:28,757][__main__][INFO] - [2, 34], [0]
[2025-01-30 00:06:28,779][__main__][INFO] - [2, 35], [0]
[2025-01-30 00:06:28,805][__main__][INFO] - [2, 36], [0]
[2025-01-30 00:06:28,941][__main__][INFO] - [2, 37], [0]
[2025-01-30 00:06:29,373][__main__][INFO] - [2, 38], [0]
[2025-01-30 00:06:29,572][__main__][INFO] - [2, 39], [0]
[2025-01-30 00:06:29,693][__main__][INFO] - [2, 40], [0]
[2025-01-30 00:06:29,720][__main__][INFO] - [2, 41], [0]
[2025-01-30 00:06:29,839][__main__][INFO] - [2], [0, 41]
[2025-01-30 00:06:30,589][__main__][INFO] - [2, 42], [0]
[2025-01-30 00:06:30,643][__main__][INFO] - [2], [0, 42]
[2025-01-30 00:06:31,441][__main__][INFO] - [2, 43], [0]
[2025-01-30 00:06:31,474][__main__][INFO] - [2], [0, 43]
[2025-01-30 00:06:32,354][__main__][INFO] - [2, 44], [0]
[2025-01-30 00:06:33,135][__main__][INFO] - [2, 45], [0]
[2025-01-30 00:06:33,186][__main__][INFO] - [2, 46], [0]
[2025-01-30 00:06:33,231][__main__][INFO] - [2, 47], [0]
[2025-01-30 00:06:34,197][__main__][INFO] - [2, 50], [0]
[2025-01-30 00:06:34,259][__main__][INFO] - [2, 51], [0]
[2025-01-30 00:06:34,301][__main__][INFO] - [2, 52], [0]
[2025-01-30 00:06:34,349][__main__][INFO] - [2, 53], [0]
[2025-01-30 00:06:34,401][__main__][INFO] - [2, 54], [0]
[2025-01-30 00:06:34,452][__main__][INFO] - [2, 55], [0]
[2025-01-30 00:06:34,498][__main__][INFO] - [2, 56], [0]
[2025-01-30 00:06:34,545][__main__][INFO] - [2, 57], [0]
[2025-01-30 00:06:34,589][__main__][INFO] - [2, 58], [0]
[2025-01-30 00:06:34,630][__main__][INFO] - [2, 59], [0]
[2025-01-30 00:06:34,938][__main__][INFO] - [3, 10], [0]
[2025-01-30 00:06:34,968][__main__][INFO] - [3, 11], [0]
[2025-01-30 00:06:34,995][__main__][INFO] - [3, 12], [0]
[2025-01-30 00:06:35,019][__main__][INFO] - [3, 13], [0]
[2025-01-30 00:06:35,041][__main__][INFO] - [3, 14], [0]
[2025-01-30 00:06:35,062][__main__][INFO] - [3, 15], [0]
[2025-01-30 00:06:35,082][__main__][INFO] - [3, 16], [0]
[2025-01-30 00:06:35,102][__main__][INFO] - [3, 17], [0]
[2025-01-30 00:06:35,119][__main__][INFO] - [3, 18], [0]
[2025-01-30 00:06:35,135][__main__][INFO] - [3, 19], [0]
[2025-01-30 00:06:35,151][__main__][INFO] - [3, 20], [0]
[2025-01-30 00:06:35,211][__main__][INFO] - [3, 21], [0]
[2025-01-30 00:06:35,231][__main__][INFO] - [3, 22], [0]
[2025-01-30 00:06:35,248][__main__][INFO] - [3, 23], [0]
[2025-01-30 00:06:35,279][__main__][INFO] - [3, 25], [0]
[2025-01-30 00:06:35,296][__main__][INFO] - [3, 26], [0]
[2025-01-30 00:06:35,319][__main__][INFO] - [3], [0, 26]
[2025-01-30 00:06:35,381][__main__][INFO] - [3, 27], [0]
[2025-01-30 00:06:35,441][__main__][INFO] - [3, 28], [0]
[2025-01-30 00:06:35,457][__main__][INFO] - [3, 29], [0]
[2025-01-30 00:06:35,474][__main__][INFO] - [3, 30], [0]
[2025-01-30 00:06:35,492][__main__][INFO] - [3, 31], [0]
[2025-01-30 00:06:35,508][__main__][INFO] - [3, 32], [0]
[2025-01-30 00:06:35,551][__main__][INFO] - [3, 33], [0]
[2025-01-30 00:06:35,570][__main__][INFO] - [3, 34], [0]
[2025-01-30 00:06:35,587][__main__][INFO] - [3, 35], [0]
[2025-01-30 00:06:35,604][__main__][INFO] - [3, 36], [0]
[2025-01-30 00:06:35,639][__main__][INFO] - [3, 37], [0]
[2025-01-30 00:06:35,667][__main__][INFO] - [3, 38], [0]
[2025-01-30 00:06:35,713][__main__][INFO] - [3, 39], [0]
[2025-01-30 00:06:35,736][__main__][INFO] - [3, 40], [0]
[2025-01-30 00:06:35,752][__main__][INFO] - [3, 41], [0]
[2025-01-30 00:06:35,768][__main__][INFO] - [3], [0, 41]
[2025-01-30 00:06:35,831][__main__][INFO] - [3, 42], [0]
[2025-01-30 00:06:35,849][__main__][INFO] - [3], [0, 42]
[2025-01-30 00:06:35,916][__main__][INFO] - [3, 43], [0]
[2025-01-30 00:06:35,934][__main__][INFO] - [3], [0, 43]
[2025-01-30 00:06:36,003][__main__][INFO] - [3, 44], [0]
[2025-01-30 00:06:36,061][__main__][INFO] - [3, 45], [0]
[2025-01-30 00:06:36,081][__main__][INFO] - [3, 46], [0]
[2025-01-30 00:06:36,103][__main__][INFO] - [3, 47], [0]
[2025-01-30 00:06:36,200][__main__][INFO] - [3, 50], [0]
[2025-01-30 00:06:36,220][__main__][INFO] - [3, 51], [0]
[2025-01-30 00:06:36,239][__main__][INFO] - [3, 52], [0]
[2025-01-30 00:06:36,258][__main__][INFO] - [3, 53], [0]
[2025-01-30 00:06:36,277][__main__][INFO] - [3, 54], [0]
[2025-01-30 00:06:36,294][__main__][INFO] - [3, 55], [0]
[2025-01-30 00:06:36,310][__main__][INFO] - [3, 56], [0]
[2025-01-30 00:06:36,329][__main__][INFO] - [3, 57], [0]
[2025-01-30 00:06:36,345][__main__][INFO] - [3, 58], [0]
[2025-01-30 00:06:36,363][__main__][INFO] - [3, 59], [0]
[2025-01-30 00:06:36,409][__main__][INFO] - [4, 10], [0]
[2025-01-30 00:06:36,426][__main__][INFO] - [4, 11], [0]
[2025-01-30 00:06:36,459][__main__][INFO] - [4, 12], [0]
[2025-01-30 00:06:36,495][__main__][INFO] - [4, 13], [0]
[2025-01-30 00:06:36,531][__main__][INFO] - [4, 14], [0]
[2025-01-30 00:06:36,572][__main__][INFO] - [4, 15], [0]
[2025-01-30 00:06:36,589][__main__][INFO] - [4, 16], [0]
[2025-01-30 00:06:36,625][__main__][INFO] - [4, 17], [0]
[2025-01-30 00:06:36,655][__main__][INFO] - [4, 18], [0]
[2025-01-30 00:06:36,672][__main__][INFO] - [4, 19], [0]
[2025-01-30 00:06:36,689][__main__][INFO] - [4, 20], [0]
[2025-01-30 00:06:36,763][__main__][INFO] - [4, 21], [0]
[2025-01-30 00:06:36,870][__main__][INFO] - [4, 22], [0]
[2025-01-30 00:06:36,888][__main__][INFO] - [4, 23], [0]
[2025-01-30 00:06:36,905][__main__][INFO] - [4, 24], [0]
[2025-01-30 00:06:36,922][__main__][INFO] - [4, 25], [0]
[2025-01-30 00:06:36,939][__main__][INFO] - [4, 26], [0]
[2025-01-30 00:06:36,956][__main__][INFO] - [4], [0, 26]
[2025-01-30 00:06:37,120][__main__][INFO] - [4, 27], [0]
[2025-01-30 00:06:37,191][__main__][INFO] - [4, 28], [0]
[2025-01-30 00:06:37,235][__main__][INFO] - [4, 29], [0]
[2025-01-30 00:06:37,309][__main__][INFO] - [4, 30], [0]
[2025-01-30 00:06:37,329][__main__][INFO] - [4, 31], [0]
[2025-01-30 00:06:37,347][__main__][INFO] - [4, 32], [0]
[2025-01-30 00:06:37,476][__main__][INFO] - [4, 33], [0]
[2025-01-30 00:06:37,497][__main__][INFO] - [4, 34], [0]
[2025-01-30 00:06:37,515][__main__][INFO] - [4, 35], [0]
[2025-01-30 00:06:37,533][__main__][INFO] - [4, 36], [0]
[2025-01-30 00:06:37,550][__main__][INFO] - [4, 37], [0]
[2025-01-30 00:06:37,679][__main__][INFO] - [4, 38], [0]
[2025-01-30 00:06:37,704][__main__][INFO] - [4, 39], [0]
[2025-01-30 00:06:37,739][__main__][INFO] - [4, 40], [0]
[2025-01-30 00:06:37,756][__main__][INFO] - [4, 41], [0]
[2025-01-30 00:06:37,866][__main__][INFO] - [4], [0, 41]
[2025-01-30 00:06:37,940][__main__][INFO] - [4, 42], [0]
[2025-01-30 00:06:37,957][__main__][INFO] - [4], [0, 42]
[2025-01-30 00:06:38,123][__main__][INFO] - [4, 43], [0]
[2025-01-30 00:06:38,140][__main__][INFO] - [4], [0, 43]
[2025-01-30 00:06:38,302][__main__][INFO] - [4, 44], [0]
[2025-01-30 00:06:38,460][__main__][INFO] - [4, 45], [0]
[2025-01-30 00:06:38,478][__main__][INFO] - [4, 46], [0]
[2025-01-30 00:06:38,495][__main__][INFO] - [4, 47], [0]
[2025-01-30 00:06:38,690][__main__][INFO] - [4, 50], [0]
[2025-01-30 00:06:38,716][__main__][INFO] - [4, 51], [0]
[2025-01-30 00:06:38,732][__main__][INFO] - [4, 52], [0]
[2025-01-30 00:06:38,755][__main__][INFO] - [4, 53], [0]
[2025-01-30 00:06:38,771][__main__][INFO] - [4, 54], [0]
[2025-01-30 00:06:38,793][__main__][INFO] - [4, 55], [0]
[2025-01-30 00:06:38,815][__main__][INFO] - [4, 56], [0]
[2025-01-30 00:06:38,832][__main__][INFO] - [4, 57], [0]
[2025-01-30 00:06:38,854][__main__][INFO] - [4, 58], [0]
[2025-01-30 00:06:38,871][__main__][INFO] - [4, 59], [0]
[2025-01-30 00:06:38,961][__main__][INFO] - [5, 10], [0]
[2025-01-30 00:06:38,983][__main__][INFO] - [5, 11], [0]
[2025-01-30 00:06:39,000][__main__][INFO] - [5, 12], [0]
[2025-01-30 00:06:39,024][__main__][INFO] - [5, 13], [0]
[2025-01-30 00:06:39,047][__main__][INFO] - [5, 14], [0]
[2025-01-30 00:06:39,064][__main__][INFO] - [5, 15], [0]
[2025-01-30 00:06:39,086][__main__][INFO] - [5, 16], [0]
[2025-01-30 00:06:39,103][__main__][INFO] - [5, 17], [0]
[2025-01-30 00:06:39,123][__main__][INFO] - [5, 18], [0]
[2025-01-30 00:06:39,140][__main__][INFO] - [5, 19], [0]
[2025-01-30 00:06:39,156][__main__][INFO] - [5, 20], [0]
[2025-01-30 00:06:39,214][__main__][INFO] - [5, 21], [0]
[2025-01-30 00:06:39,231][__main__][INFO] - [5, 22], [0]
[2025-01-30 00:06:39,250][__main__][INFO] - [5, 23], [0]
[2025-01-30 00:06:39,266][__main__][INFO] - [5, 24], [0]
[2025-01-30 00:06:39,299][__main__][INFO] - [5, 26], [0]
[2025-01-30 00:06:39,324][__main__][INFO] - [5], [0, 26]
[2025-01-30 00:06:39,377][__main__][INFO] - [5, 27], [0]
[2025-01-30 00:06:39,436][__main__][INFO] - [5, 28], [0]
[2025-01-30 00:06:39,454][__main__][INFO] - [5, 29], [0]
[2025-01-30 00:06:39,474][__main__][INFO] - [5, 30], [0]
[2025-01-30 00:06:39,490][__main__][INFO] - [5, 31], [0]
[2025-01-30 00:06:39,507][__main__][INFO] - [5, 32], [0]
[2025-01-30 00:06:39,524][__main__][INFO] - [5, 33], [0]
[2025-01-30 00:06:39,547][__main__][INFO] - [5, 34], [0]
[2025-01-30 00:06:39,565][__main__][INFO] - [5, 35], [0]
[2025-01-30 00:06:39,583][__main__][INFO] - [5, 36], [0]
[2025-01-30 00:06:39,607][__main__][INFO] - [5, 37], [0]
[2025-01-30 00:06:39,659][__main__][INFO] - [5, 38], [0]
[2025-01-30 00:06:39,676][__main__][INFO] - [5, 39], [0]
[2025-01-30 00:06:39,699][__main__][INFO] - [5, 40], [0]
[2025-01-30 00:06:39,716][__main__][INFO] - [5, 41], [0]
[2025-01-30 00:06:39,737][__main__][INFO] - [5], [0, 41]
[2025-01-30 00:06:39,796][__main__][INFO] - [5, 42], [0]
[2025-01-30 00:06:39,815][__main__][INFO] - [5], [0, 42]
[2025-01-30 00:06:39,877][__main__][INFO] - [5, 43], [0]
[2025-01-30 00:06:39,894][__main__][INFO] - [5], [0, 43]
[2025-01-30 00:06:39,956][__main__][INFO] - [5, 44], [0]
[2025-01-30 00:06:40,013][__main__][INFO] - [5, 45], [0]
[2025-01-30 00:06:40,030][__main__][INFO] - [5, 46], [0]
[2025-01-30 00:06:40,049][__main__][INFO] - [5, 47], [0]
[2025-01-30 00:06:40,142][__main__][INFO] - [5, 50], [0]
[2025-01-30 00:06:40,159][__main__][INFO] - [5, 51], [0]
[2025-01-30 00:06:40,179][__main__][INFO] - [5, 52], [0]
[2025-01-30 00:06:40,198][__main__][INFO] - [5, 53], [0]
[2025-01-30 00:06:40,215][__main__][INFO] - [5, 54], [0]
[2025-01-30 00:06:40,234][__main__][INFO] - [5, 55], [0]
[2025-01-30 00:06:40,250][__main__][INFO] - [5, 56], [0]
[2025-01-30 00:06:40,266][__main__][INFO] - [5, 57], [0]
[2025-01-30 00:06:40,283][__main__][INFO] - [5, 58], [0]
[2025-01-30 00:06:40,301][__main__][INFO] - [5, 59], [0]
[2025-01-30 00:06:40,341][__main__][INFO] - [6, 10], [0]
[2025-01-30 00:06:40,358][__main__][INFO] - [6, 11], [0]
[2025-01-30 00:06:40,376][__main__][INFO] - [6, 12], [0]
[2025-01-30 00:06:40,395][__main__][INFO] - [6, 13], [0]
[2025-01-30 00:06:40,412][__main__][INFO] - [6, 14], [0]
[2025-01-30 00:06:40,430][__main__][INFO] - [6, 15], [0]
[2025-01-30 00:06:40,448][__main__][INFO] - [6, 16], [0]
[2025-01-30 00:06:40,470][__main__][INFO] - [6, 17], [0]
[2025-01-30 00:06:40,487][__main__][INFO] - [6, 18], [0]
[2025-01-30 00:06:40,519][__main__][INFO] - [6, 20], [0]
[2025-01-30 00:06:40,558][__main__][INFO] - [6, 22], [0]
[2025-01-30 00:06:40,618][__main__][INFO] - [6, 26], [0]
[2025-01-30 00:06:40,636][__main__][INFO] - [6], [0, 26]
[2025-01-30 00:06:40,659][__main__][INFO] - [6, 27], [0]
[2025-01-30 00:06:40,683][__main__][INFO] - [6, 28], [0]
[2025-01-30 00:06:40,700][__main__][INFO] - [6, 29], [0]
[2025-01-30 00:06:40,718][__main__][INFO] - [6, 30], [0]
[2025-01-30 00:06:40,748][__main__][INFO] - [6, 32], [0]
[2025-01-30 00:06:40,771][__main__][INFO] - [6, 33], [0]
[2025-01-30 00:06:40,817][__main__][INFO] - [6, 36], [0]
[2025-01-30 00:06:40,836][__main__][INFO] - [6, 37], [0]
[2025-01-30 00:06:40,857][__main__][INFO] - [6, 38], [0]
[2025-01-30 00:06:40,875][__main__][INFO] - [6, 39], [0]
[2025-01-30 00:06:40,893][__main__][INFO] - [6, 40], [0]
[2025-01-30 00:06:40,909][__main__][INFO] - [6, 41], [0]
[2025-01-30 00:06:40,927][__main__][INFO] - [6], [0, 41]
[2025-01-30 00:06:40,951][__main__][INFO] - [6, 42], [0]
[2025-01-30 00:06:40,968][__main__][INFO] - [6], [0, 42]
[2025-01-30 00:06:40,992][__main__][INFO] - [6, 43], [0]
[2025-01-30 00:06:41,010][__main__][INFO] - [6], [0, 43]
[2025-01-30 00:06:41,035][__main__][INFO] - [6, 44], [0]
[2025-01-30 00:06:41,059][__main__][INFO] - [6, 45], [0]
[2025-01-30 00:06:41,077][__main__][INFO] - [6, 46], [0]
[2025-01-30 00:06:41,098][__main__][INFO] - [6, 47], [0]
[2025-01-30 00:06:41,152][__main__][INFO] - [6, 50], [0]
[2025-01-30 00:06:41,169][__main__][INFO] - [6, 51], [0]
[2025-01-30 00:06:41,187][__main__][INFO] - [6, 52], [0]
[2025-01-30 00:06:41,208][__main__][INFO] - [6, 53], [0]
[2025-01-30 00:06:41,226][__main__][INFO] - [6, 54], [0]
[2025-01-30 00:06:41,243][__main__][INFO] - [6, 55], [0]
[2025-01-30 00:06:41,261][__main__][INFO] - [6, 56], [0]
[2025-01-30 00:06:41,278][__main__][INFO] - [6, 57], [0]
[2025-01-30 00:06:41,296][__main__][INFO] - [6, 58], [0]
[2025-01-30 00:06:41,313][__main__][INFO] - [6, 59], [0]
[2025-01-30 00:06:41,344][__main__][INFO] - [7, 10], [0]
[2025-01-30 00:06:41,361][__main__][INFO] - [7, 11], [0]
[2025-01-30 00:06:41,377][__main__][INFO] - [7, 12], [0]
[2025-01-30 00:06:41,393][__main__][INFO] - [7, 13], [0]
[2025-01-30 00:06:41,410][__main__][INFO] - [7, 14], [0]
[2025-01-30 00:06:41,427][__main__][INFO] - [7, 15], [0]
[2025-01-30 00:06:41,443][__main__][INFO] - [7, 16], [0]
[2025-01-30 00:06:41,461][__main__][INFO] - [7, 17], [0]
[2025-01-30 00:06:41,506][__main__][INFO] - [7, 20], [0]
[2025-01-30 00:06:41,582][__main__][INFO] - [7, 25], [0]
[2025-01-30 00:06:41,599][__main__][INFO] - [7, 26], [0]
[2025-01-30 00:06:41,615][__main__][INFO] - [7], [0, 26]
[2025-01-30 00:06:41,635][__main__][INFO] - [7, 27], [0]
[2025-01-30 00:06:41,654][__main__][INFO] - [7, 28], [0]
[2025-01-30 00:06:41,670][__main__][INFO] - [7, 29], [0]
[2025-01-30 00:06:41,701][__main__][INFO] - [7, 31], [0]
[2025-01-30 00:06:41,717][__main__][INFO] - [7, 32], [0]
[2025-01-30 00:06:41,737][__main__][INFO] - [7, 33], [0]
[2025-01-30 00:06:41,782][__main__][INFO] - [7, 36], [0]
[2025-01-30 00:06:41,799][__main__][INFO] - [7, 37], [0]
[2025-01-30 00:06:41,815][__main__][INFO] - [7, 38], [0]
[2025-01-30 00:06:41,836][__main__][INFO] - [7, 39], [0]
[2025-01-30 00:06:41,868][__main__][INFO] - [7, 41], [0]
[2025-01-30 00:06:41,885][__main__][INFO] - [7], [0, 41]
[2025-01-30 00:06:41,904][__main__][INFO] - [7, 42], [0]
[2025-01-30 00:06:41,920][__main__][INFO] - [7], [0, 42]
[2025-01-30 00:06:41,940][__main__][INFO] - [7, 43], [0]
[2025-01-30 00:06:41,957][__main__][INFO] - [7], [0, 43]
[2025-01-30 00:06:41,976][__main__][INFO] - [7, 44], [0]
[2025-01-30 00:06:41,996][__main__][INFO] - [7, 45], [0]
[2025-01-30 00:06:42,012][__main__][INFO] - [7, 46], [0]
[2025-01-30 00:06:42,028][__main__][INFO] - [7, 47], [0]
[2025-01-30 00:06:42,077][__main__][INFO] - [7, 50], [0]
[2025-01-30 00:06:42,093][__main__][INFO] - [7, 51], [0]
[2025-01-30 00:06:42,111][__main__][INFO] - [7, 52], [0]
[2025-01-30 00:06:42,127][__main__][INFO] - [7, 53], [0]
[2025-01-30 00:06:42,144][__main__][INFO] - [7, 54], [0]
[2025-01-30 00:06:42,161][__main__][INFO] - [7, 55], [0]
[2025-01-30 00:06:42,177][__main__][INFO] - [7, 56], [0]
[2025-01-30 00:06:42,194][__main__][INFO] - [7, 57], [0]
[2025-01-30 00:06:42,210][__main__][INFO] - [7, 58], [0]
[2025-01-30 00:06:42,226][__main__][INFO] - [7, 59], [0]
[2025-01-30 00:06:42,257][__main__][INFO] - [8, 10], [0]
[2025-01-30 00:06:42,274][__main__][INFO] - [8, 11], [0]
[2025-01-30 00:06:42,291][__main__][INFO] - [8, 12], [0]
[2025-01-30 00:06:42,308][__main__][INFO] - [8, 13], [0]
[2025-01-30 00:06:42,325][__main__][INFO] - [8, 14], [0]
[2025-01-30 00:06:42,342][__main__][INFO] - [8, 15], [0]
[2025-01-30 00:06:42,360][__main__][INFO] - [8, 16], [0]
[2025-01-30 00:06:42,378][__main__][INFO] - [8, 17], [0]
[2025-01-30 00:06:42,423][__main__][INFO] - [8, 20], [0]
[2025-01-30 00:06:42,457][__main__][INFO] - [8, 22], [0]
[2025-01-30 00:06:42,516][__main__][INFO] - [8, 26], [0]
[2025-01-30 00:06:42,534][__main__][INFO] - [8], [0, 26]
[2025-01-30 00:06:42,553][__main__][INFO] - [8, 27], [0]
[2025-01-30 00:06:42,571][__main__][INFO] - [8, 28], [0]
[2025-01-30 00:06:42,588][__main__][INFO] - [8, 29], [0]
[2025-01-30 00:06:42,634][__main__][INFO] - [8, 32], [0]
[2025-01-30 00:06:42,657][__main__][INFO] - [8, 33], [0]
[2025-01-30 00:06:42,702][__main__][INFO] - [8, 36], [0]
[2025-01-30 00:06:42,720][__main__][INFO] - [8, 37], [0]
[2025-01-30 00:06:42,739][__main__][INFO] - [8, 38], [0]
[2025-01-30 00:06:42,756][__main__][INFO] - [8, 39], [0]
[2025-01-30 00:06:42,788][__main__][INFO] - [8, 41], [0]
[2025-01-30 00:06:42,805][__main__][INFO] - [8], [0, 41]
[2025-01-30 00:06:42,823][__main__][INFO] - [8, 42], [0]
[2025-01-30 00:06:42,840][__main__][INFO] - [8], [0, 42]
[2025-01-30 00:06:42,860][__main__][INFO] - [8, 43], [0]
[2025-01-30 00:06:42,877][__main__][INFO] - [8], [0, 43]
[2025-01-30 00:06:42,896][__main__][INFO] - [8, 44], [0]
[2025-01-30 00:06:42,915][__main__][INFO] - [8, 45], [0]
[2025-01-30 00:06:42,947][__main__][INFO] - [8, 47], [0]
[2025-01-30 00:06:42,995][__main__][INFO] - [8, 50], [0]
[2025-01-30 00:06:43,017][__main__][INFO] - [8, 51], [0]
[2025-01-30 00:06:43,035][__main__][INFO] - [8, 52], [0]
[2025-01-30 00:06:43,051][__main__][INFO] - [8, 53], [0]
[2025-01-30 00:06:43,069][__main__][INFO] - [8, 54], [0]
[2025-01-30 00:06:43,086][__main__][INFO] - [8, 55], [0]
[2025-01-30 00:06:43,103][__main__][INFO] - [8, 56], [0]
[2025-01-30 00:06:43,120][__main__][INFO] - [8, 57], [0]
[2025-01-30 00:06:43,138][__main__][INFO] - [8, 58], [0]
[2025-01-30 00:06:43,154][__main__][INFO] - [8, 59], [0]
[2025-01-30 00:06:43,199][__main__][INFO] - [10, 20], [0]
[2025-01-30 00:06:43,328][__main__][INFO] - [10, 21], [0]
[2025-01-30 00:06:43,347][__main__][INFO] - [10, 22], [0]
[2025-01-30 00:06:43,366][__main__][INFO] - [10, 23], [0]
[2025-01-30 00:06:43,383][__main__][INFO] - [10, 24], [0]
[2025-01-30 00:06:43,400][__main__][INFO] - [10, 25], [0]
[2025-01-30 00:06:43,417][__main__][INFO] - [10, 26], [0]
[2025-01-30 00:06:43,436][__main__][INFO] - [10], [0, 26]
[2025-01-30 00:06:43,567][__main__][INFO] - [10, 27], [0]
[2025-01-30 00:06:43,687][__main__][INFO] - [10, 28], [0]
[2025-01-30 00:06:43,704][__main__][INFO] - [10, 29], [0]
[2025-01-30 00:06:43,722][__main__][INFO] - [10, 30], [0]
[2025-01-30 00:06:43,813][__main__][INFO] - [10, 36], [0]
[2025-01-30 00:06:43,942][__main__][INFO] - [10, 37], [0]
[2025-01-30 00:06:44,015][__main__][INFO] - [10, 38], [0]
[2025-01-30 00:06:44,059][__main__][INFO] - [10, 39], [0]
[2025-01-30 00:06:44,097][__main__][INFO] - [10, 40], [0]
[2025-01-30 00:06:44,115][__main__][INFO] - [10, 41], [0]
[2025-01-30 00:06:44,132][__main__][INFO] - [10], [0, 41]
[2025-01-30 00:06:44,270][__main__][INFO] - [10, 42], [0]
[2025-01-30 00:06:44,287][__main__][INFO] - [10], [0, 42]
[2025-01-30 00:06:44,419][__main__][INFO] - [10, 43], [0]
[2025-01-30 00:06:44,436][__main__][INFO] - [10], [0, 43]
[2025-01-30 00:06:44,579][__main__][INFO] - [10, 44], [0]
[2025-01-30 00:06:44,650][__main__][INFO] - [10, 45], [0]
[2025-01-30 00:06:44,670][__main__][INFO] - [10, 46], [0]
[2025-01-30 00:06:44,736][__main__][INFO] - [10, 47], [0]
[2025-01-30 00:06:44,906][__main__][INFO] - [10, 50], [0]
[2025-01-30 00:06:44,930][__main__][INFO] - [10, 51], [0]
[2025-01-30 00:06:44,954][__main__][INFO] - [10, 52], [0]
[2025-01-30 00:06:44,980][__main__][INFO] - [10, 53], [0]
[2025-01-30 00:06:45,005][__main__][INFO] - [10, 54], [0]
[2025-01-30 00:06:45,028][__main__][INFO] - [10, 55], [0]
[2025-01-30 00:06:45,050][__main__][INFO] - [10, 56], [0]
[2025-01-30 00:06:45,072][__main__][INFO] - [10, 57], [0]
[2025-01-30 00:06:45,093][__main__][INFO] - [10, 58], [0]
[2025-01-30 00:06:45,113][__main__][INFO] - [10, 59], [0]
[2025-01-30 00:06:45,175][__main__][INFO] - [11, 20], [0]
[2025-01-30 00:06:45,305][__main__][INFO] - [11, 21], [0]
[2025-01-30 00:06:45,322][__main__][INFO] - [11, 22], [0]
[2025-01-30 00:06:45,344][__main__][INFO] - [11, 23], [0]
[2025-01-30 00:06:45,361][__main__][INFO] - [11, 24], [0]
[2025-01-30 00:06:45,378][__main__][INFO] - [11, 25], [0]
[2025-01-30 00:06:45,395][__main__][INFO] - [11, 26], [0]
[2025-01-30 00:06:45,419][__main__][INFO] - [11], [0, 26]
[2025-01-30 00:06:45,562][__main__][INFO] - [11, 27], [0]
[2025-01-30 00:06:45,694][__main__][INFO] - [11, 28], [0]
[2025-01-30 00:06:45,712][__main__][INFO] - [11, 29], [0]
[2025-01-30 00:06:45,729][__main__][INFO] - [11, 30], [0]
[2025-01-30 00:06:45,762][__main__][INFO] - [11, 32], [0]
[2025-01-30 00:06:45,820][__main__][INFO] - [11, 34], [0]
[2025-01-30 00:06:45,851][__main__][INFO] - [11, 36], [0]
[2025-01-30 00:06:45,969][__main__][INFO] - [11, 37], [0]
[2025-01-30 00:06:46,051][__main__][INFO] - [11, 38], [0]
[2025-01-30 00:06:46,098][__main__][INFO] - [11, 39], [0]
[2025-01-30 00:06:46,133][__main__][INFO] - [11, 40], [0]
[2025-01-30 00:06:46,152][__main__][INFO] - [11, 41], [0]
[2025-01-30 00:06:46,169][__main__][INFO] - [11], [0, 41]
[2025-01-30 00:06:46,303][__main__][INFO] - [11, 42], [0]
[2025-01-30 00:06:46,320][__main__][INFO] - [11], [0, 42]
[2025-01-30 00:06:46,472][__main__][INFO] - [11, 43], [0]
[2025-01-30 00:06:46,490][__main__][INFO] - [11], [0, 43]
[2025-01-30 00:06:46,629][__main__][INFO] - [11, 44], [0]
[2025-01-30 00:06:46,777][__main__][INFO] - [11, 45], [0]
[2025-01-30 00:06:46,814][__main__][INFO] - [11, 47], [0]
[2025-01-30 00:06:46,996][__main__][INFO] - [11, 50], [0]
[2025-01-30 00:06:47,024][__main__][INFO] - [11, 51], [0]
[2025-01-30 00:06:47,049][__main__][INFO] - [11, 52], [0]
[2025-01-30 00:06:47,073][__main__][INFO] - [11, 53], [0]
[2025-01-30 00:06:47,098][__main__][INFO] - [11, 54], [0]
[2025-01-30 00:06:47,121][__main__][INFO] - [11, 55], [0]
[2025-01-30 00:06:47,144][__main__][INFO] - [11, 56], [0]
[2025-01-30 00:06:47,166][__main__][INFO] - [11, 57], [0]
[2025-01-30 00:06:47,188][__main__][INFO] - [11, 58], [0]
[2025-01-30 00:06:47,208][__main__][INFO] - [11, 59], [0]
[2025-01-30 00:06:47,269][__main__][INFO] - [12, 20], [0]
[2025-01-30 00:06:47,408][__main__][INFO] - [12, 21], [0]
[2025-01-30 00:06:47,436][__main__][INFO] - [12, 22], [0]
[2025-01-30 00:06:47,462][__main__][INFO] - [12, 23], [0]
[2025-01-30 00:06:47,480][__main__][INFO] - [12, 24], [0]
[2025-01-30 00:06:47,497][__main__][INFO] - [12, 25], [0]
[2025-01-30 00:06:47,514][__main__][INFO] - [12, 26], [0]
[2025-01-30 00:06:47,539][__main__][INFO] - [12], [0, 26]
[2025-01-30 00:06:47,697][__main__][INFO] - [12, 27], [0]
[2025-01-30 00:06:47,831][__main__][INFO] - [12, 28], [0]
[2025-01-30 00:06:47,861][__main__][INFO] - [12, 29], [0]
[2025-01-30 00:06:47,885][__main__][INFO] - [12, 30], [0]
[2025-01-30 00:06:47,904][__main__][INFO] - [12, 31], [0]
[2025-01-30 00:06:47,921][__main__][INFO] - [12, 32], [0]
[2025-01-30 00:06:48,074][__main__][INFO] - [12, 33], [0]
[2025-01-30 00:06:48,094][__main__][INFO] - [12, 34], [0]
[2025-01-30 00:06:48,115][__main__][INFO] - [12, 35], [0]
[2025-01-30 00:06:48,147][__main__][INFO] - [12, 37], [0]
[2025-01-30 00:06:48,252][__main__][INFO] - [12, 38], [0]
[2025-01-30 00:06:48,297][__main__][INFO] - [12, 39], [0]
[2025-01-30 00:06:48,337][__main__][INFO] - [12, 40], [0]
[2025-01-30 00:06:48,356][__main__][INFO] - [12, 41], [0]
[2025-01-30 00:06:48,392][__main__][INFO] - [12], [0, 41]
[2025-01-30 00:06:48,532][__main__][INFO] - [12, 42], [0]
[2025-01-30 00:06:48,550][__main__][INFO] - [12], [0, 42]
[2025-01-30 00:06:48,713][__main__][INFO] - [12, 43], [0]
[2025-01-30 00:06:48,733][__main__][INFO] - [12], [0, 43]
[2025-01-30 00:06:48,895][__main__][INFO] - [12, 44], [0]
[2025-01-30 00:06:49,069][__main__][INFO] - [12, 45], [0]
[2025-01-30 00:06:49,107][__main__][INFO] - [12, 47], [0]
[2025-01-30 00:06:49,312][__main__][INFO] - [12, 50], [0]
[2025-01-30 00:06:49,348][__main__][INFO] - [12, 51], [0]
[2025-01-30 00:06:49,370][__main__][INFO] - [12, 52], [0]
[2025-01-30 00:06:49,393][__main__][INFO] - [12, 53], [0]
[2025-01-30 00:06:49,419][__main__][INFO] - [12, 54], [0]
[2025-01-30 00:06:49,447][__main__][INFO] - [12, 55], [0]
[2025-01-30 00:06:49,471][__main__][INFO] - [12, 56], [0]
[2025-01-30 00:06:49,494][__main__][INFO] - [12, 57], [0]
[2025-01-30 00:06:49,517][__main__][INFO] - [12, 58], [0]
[2025-01-30 00:06:49,542][__main__][INFO] - [12, 59], [0]
[2025-01-30 00:06:49,609][__main__][INFO] - [13, 20], [0]
[2025-01-30 00:06:49,715][__main__][INFO] - [13, 21], [0]
[2025-01-30 00:06:49,745][__main__][INFO] - [13, 22], [0]
[2025-01-30 00:06:49,779][__main__][INFO] - [13, 23], [0]
[2025-01-30 00:06:49,795][__main__][INFO] - [13, 24], [0]
[2025-01-30 00:06:49,814][__main__][INFO] - [13, 25], [0]
[2025-01-30 00:06:49,831][__main__][INFO] - [13, 26], [0]
[2025-01-30 00:06:49,856][__main__][INFO] - [13], [0, 26]
[2025-01-30 00:06:50,000][__main__][INFO] - [13, 27], [0]
[2025-01-30 00:06:50,106][__main__][INFO] - [13, 28], [0]
[2025-01-30 00:06:50,145][__main__][INFO] - [13, 29], [0]
[2025-01-30 00:06:50,172][__main__][INFO] - [13, 30], [0]
[2025-01-30 00:06:50,190][__main__][INFO] - [13, 31], [0]
[2025-01-30 00:06:50,207][__main__][INFO] - [13, 32], [0]
[2025-01-30 00:06:50,342][__main__][INFO] - [13, 33], [0]
[2025-01-30 00:06:50,364][__main__][INFO] - [13, 34], [0]
[2025-01-30 00:06:50,383][__main__][INFO] - [13, 35], [0]
[2025-01-30 00:06:50,415][__main__][INFO] - [13, 37], [0]
[2025-01-30 00:06:50,502][__main__][INFO] - [13, 38], [0]
[2025-01-30 00:06:50,543][__main__][INFO] - [13, 39], [0]
[2025-01-30 00:06:50,579][__main__][INFO] - [13, 40], [0]
[2025-01-30 00:06:50,597][__main__][INFO] - [13, 41], [0]
[2025-01-30 00:06:50,645][__main__][INFO] - [13], [0, 41]
[2025-01-30 00:06:50,760][__main__][INFO] - [13, 42], [0]
[2025-01-30 00:06:50,779][__main__][INFO] - [13], [0, 42]
[2025-01-30 00:06:50,928][__main__][INFO] - [13, 43], [0]
[2025-01-30 00:06:50,947][__main__][INFO] - [13], [0, 43]
[2025-01-30 00:06:51,101][__main__][INFO] - [13, 44], [0]
[2025-01-30 00:06:51,245][__main__][INFO] - [13, 45], [0]
[2025-01-30 00:06:51,282][__main__][INFO] - [13, 47], [0]
[2025-01-30 00:06:51,456][__main__][INFO] - [13, 50], [0]
[2025-01-30 00:06:51,482][__main__][INFO] - [13, 51], [0]
[2025-01-30 00:06:51,503][__main__][INFO] - [13, 52], [0]
[2025-01-30 00:06:51,530][__main__][INFO] - [13, 53], [0]
[2025-01-30 00:06:51,555][__main__][INFO] - [13, 54], [0]
[2025-01-30 00:06:51,580][__main__][INFO] - [13, 55], [0]
[2025-01-30 00:06:51,603][__main__][INFO] - [13, 56], [0]
[2025-01-30 00:06:51,628][__main__][INFO] - [13, 57], [0]
[2025-01-30 00:06:51,650][__main__][INFO] - [13, 58], [0]
[2025-01-30 00:06:51,671][__main__][INFO] - [13, 59], [0]
[2025-01-30 00:06:51,745][__main__][INFO] - [14, 20], [0]
[2025-01-30 00:06:51,839][__main__][INFO] - [14, 21], [0]
[2025-01-30 00:06:51,872][__main__][INFO] - [14, 22], [0]
[2025-01-30 00:06:51,913][__main__][INFO] - [14, 23], [0]
[2025-01-30 00:06:51,934][__main__][INFO] - [14, 24], [0]
[2025-01-30 00:06:51,951][__main__][INFO] - [14, 25], [0]
[2025-01-30 00:06:51,968][__main__][INFO] - [14, 26], [0]
[2025-01-30 00:06:51,994][__main__][INFO] - [14], [0, 26]
[2025-01-30 00:06:52,122][__main__][INFO] - [14, 27], [0]
[2025-01-30 00:06:52,216][__main__][INFO] - [14, 28], [0]
[2025-01-30 00:06:52,255][__main__][INFO] - [14, 29], [0]
[2025-01-30 00:06:52,292][__main__][INFO] - [14, 30], [0]
[2025-01-30 00:06:52,312][__main__][INFO] - [14, 31], [0]
[2025-01-30 00:06:52,329][__main__][INFO] - [14, 32], [0]
[2025-01-30 00:06:52,466][__main__][INFO] - [14, 33], [0]
[2025-01-30 00:06:52,489][__main__][INFO] - [14, 34], [0]
[2025-01-30 00:06:52,508][__main__][INFO] - [14, 35], [0]
[2025-01-30 00:06:52,540][__main__][INFO] - [14, 37], [0]
[2025-01-30 00:06:52,640][__main__][INFO] - [14, 38], [0]
[2025-01-30 00:06:52,679][__main__][INFO] - [14, 39], [0]
[2025-01-30 00:06:52,711][__main__][INFO] - [14, 40], [0]
[2025-01-30 00:06:52,730][__main__][INFO] - [14, 41], [0]
[2025-01-30 00:06:52,793][__main__][INFO] - [14], [0, 41]
[2025-01-30 00:06:52,885][__main__][INFO] - [14, 42], [0]
[2025-01-30 00:06:52,904][__main__][INFO] - [14], [0, 42]
[2025-01-30 00:06:53,043][__main__][INFO] - [14, 43], [0]
[2025-01-30 00:06:53,062][__main__][INFO] - [14], [0, 43]
[2025-01-30 00:06:53,202][__main__][INFO] - [14, 44], [0]
[2025-01-30 00:06:53,346][__main__][INFO] - [14, 45], [0]
[2025-01-30 00:06:53,382][__main__][INFO] - [14, 47], [0]
[2025-01-30 00:06:53,564][__main__][INFO] - [14, 50], [0]
[2025-01-30 00:06:53,588][__main__][INFO] - [14, 51], [0]
[2025-01-30 00:06:53,609][__main__][INFO] - [14, 52], [0]
[2025-01-30 00:06:53,630][__main__][INFO] - [14, 53], [0]
[2025-01-30 00:06:53,653][__main__][INFO] - [14, 54], [0]
[2025-01-30 00:06:53,675][__main__][INFO] - [14, 55], [0]
[2025-01-30 00:06:53,697][__main__][INFO] - [14, 56], [0]
[2025-01-30 00:06:53,719][__main__][INFO] - [14, 57], [0]
[2025-01-30 00:06:53,740][__main__][INFO] - [14, 58], [0]
[2025-01-30 00:06:53,761][__main__][INFO] - [14, 59], [0]
[2025-01-30 00:06:53,840][__main__][INFO] - [15, 20], [0]
[2025-01-30 00:06:53,929][__main__][INFO] - [15, 21], [0]
[2025-01-30 00:06:53,946][__main__][INFO] - [15, 22], [0]
[2025-01-30 00:06:53,988][__main__][INFO] - [15, 23], [0]
[2025-01-30 00:06:54,005][__main__][INFO] - [15, 24], [0]
[2025-01-30 00:06:54,021][__main__][INFO] - [15, 25], [0]
[2025-01-30 00:06:54,039][__main__][INFO] - [15, 26], [0]
[2025-01-30 00:06:54,069][__main__][INFO] - [15], [0, 26]
[2025-01-30 00:06:54,191][__main__][INFO] - [15, 27], [0]
[2025-01-30 00:06:54,285][__main__][INFO] - [15, 28], [0]
[2025-01-30 00:06:54,318][__main__][INFO] - [15, 29], [0]
[2025-01-30 00:06:54,361][__main__][INFO] - [15, 30], [0]
[2025-01-30 00:06:54,378][__main__][INFO] - [15, 31], [0]
[2025-01-30 00:06:54,395][__main__][INFO] - [15, 32], [0]
[2025-01-30 00:06:54,522][__main__][INFO] - [15, 33], [0]
[2025-01-30 00:06:54,548][__main__][INFO] - [15, 34], [0]
[2025-01-30 00:06:54,569][__main__][INFO] - [15, 35], [0]
[2025-01-30 00:06:54,602][__main__][INFO] - [15, 37], [0]
[2025-01-30 00:06:54,689][__main__][INFO] - [15, 38], [0]
[2025-01-30 00:06:54,731][__main__][INFO] - [15, 39], [0]
[2025-01-30 00:06:54,761][__main__][INFO] - [15, 40], [0]
[2025-01-30 00:06:54,780][__main__][INFO] - [15, 41], [0]
[2025-01-30 00:06:54,840][__main__][INFO] - [15], [0, 41]
[2025-01-30 00:06:54,938][__main__][INFO] - [15, 42], [0]
[2025-01-30 00:06:54,958][__main__][INFO] - [15], [0, 42]
[2025-01-30 00:06:55,106][__main__][INFO] - [15, 43], [0]
[2025-01-30 00:06:55,126][__main__][INFO] - [15], [0, 43]
[2025-01-30 00:06:55,270][__main__][INFO] - [15, 44], [0]
[2025-01-30 00:06:55,403][__main__][INFO] - [15, 45], [0]
[2025-01-30 00:06:55,439][__main__][INFO] - [15, 47], [0]
[2025-01-30 00:06:55,610][__main__][INFO] - [15, 50], [0]
[2025-01-30 00:06:55,633][__main__][INFO] - [15, 51], [0]
[2025-01-30 00:06:55,654][__main__][INFO] - [15, 52], [0]
[2025-01-30 00:06:55,675][__main__][INFO] - [15, 53], [0]
[2025-01-30 00:06:55,697][__main__][INFO] - [15, 54], [0]
[2025-01-30 00:06:55,719][__main__][INFO] - [15, 55], [0]
[2025-01-30 00:06:55,740][__main__][INFO] - [15, 56], [0]
[2025-01-30 00:06:55,762][__main__][INFO] - [15, 57], [0]
[2025-01-30 00:06:55,784][__main__][INFO] - [15, 58], [0]
[2025-01-30 00:06:55,805][__main__][INFO] - [15, 59], [0]
[2025-01-30 00:06:55,886][__main__][INFO] - [16, 20], [0]
[2025-01-30 00:06:55,998][__main__][INFO] - [16, 21], [0]
[2025-01-30 00:06:56,030][__main__][INFO] - [16, 22], [0]
[2025-01-30 00:06:56,065][__main__][INFO] - [16, 23], [0]
[2025-01-30 00:06:56,085][__main__][INFO] - [16, 24], [0]
[2025-01-30 00:06:56,101][__main__][INFO] - [16, 25], [0]
[2025-01-30 00:06:56,119][__main__][INFO] - [16, 26], [0]
[2025-01-30 00:06:56,157][__main__][INFO] - [16], [0, 26]
[2025-01-30 00:06:56,271][__main__][INFO] - [16, 27], [0]
[2025-01-30 00:06:56,375][__main__][INFO] - [16, 28], [0]
[2025-01-30 00:06:56,406][__main__][INFO] - [16, 29], [0]
[2025-01-30 00:06:56,448][__main__][INFO] - [16, 30], [0]
[2025-01-30 00:06:56,467][__main__][INFO] - [16, 31], [0]
[2025-01-30 00:06:56,484][__main__][INFO] - [16, 32], [0]
[2025-01-30 00:06:56,616][__main__][INFO] - [16, 33], [0]
[2025-01-30 00:06:56,659][__main__][INFO] - [16, 35], [0]
[2025-01-30 00:06:56,693][__main__][INFO] - [16, 37], [0]
[2025-01-30 00:06:56,782][__main__][INFO] - [16, 38], [0]
[2025-01-30 00:06:56,828][__main__][INFO] - [16, 39], [0]
[2025-01-30 00:06:56,857][__main__][INFO] - [16, 40], [0]
[2025-01-30 00:06:56,876][__main__][INFO] - [16, 41], [0]
[2025-01-30 00:06:56,927][__main__][INFO] - [16], [0, 41]
[2025-01-30 00:06:57,036][__main__][INFO] - [16, 42], [0]
[2025-01-30 00:06:57,058][__main__][INFO] - [16], [0, 42]
[2025-01-30 00:06:57,203][__main__][INFO] - [16, 43], [0]
[2025-01-30 00:06:57,223][__main__][INFO] - [16], [0, 43]
[2025-01-30 00:06:57,370][__main__][INFO] - [16, 44], [0]
[2025-01-30 00:06:57,503][__main__][INFO] - [16, 45], [0]
[2025-01-30 00:06:57,541][__main__][INFO] - [16, 47], [0]
[2025-01-30 00:06:57,713][__main__][INFO] - [16, 50], [0]
[2025-01-30 00:06:57,736][__main__][INFO] - [16, 51], [0]
[2025-01-30 00:06:57,758][__main__][INFO] - [16, 52], [0]
[2025-01-30 00:06:57,780][__main__][INFO] - [16, 53], [0]
[2025-01-30 00:06:57,801][__main__][INFO] - [16, 54], [0]
[2025-01-30 00:06:57,823][__main__][INFO] - [16, 55], [0]
[2025-01-30 00:06:57,844][__main__][INFO] - [16, 56], [0]
[2025-01-30 00:06:57,866][__main__][INFO] - [16, 57], [0]
[2025-01-30 00:06:57,887][__main__][INFO] - [16, 58], [0]
[2025-01-30 00:06:57,909][__main__][INFO] - [16, 59], [0]
[2025-01-30 00:06:57,992][__main__][INFO] - [17, 20], [0]
[2025-01-30 00:06:58,082][__main__][INFO] - [17, 21], [0]
[2025-01-30 00:06:58,110][__main__][INFO] - [17, 22], [0]
[2025-01-30 00:06:58,128][__main__][INFO] - [17, 23], [0]
[2025-01-30 00:06:58,148][__main__][INFO] - [17, 24], [0]
[2025-01-30 00:06:58,164][__main__][INFO] - [17, 25], [0]
[2025-01-30 00:06:58,181][__main__][INFO] - [17, 26], [0]
[2025-01-30 00:06:58,225][__main__][INFO] - [17], [0, 26]
[2025-01-30 00:06:58,311][__main__][INFO] - [17, 27], [0]
[2025-01-30 00:06:58,396][__main__][INFO] - [17, 28], [0]
[2025-01-30 00:06:58,413][__main__][INFO] - [17, 29], [0]
[2025-01-30 00:06:58,450][__main__][INFO] - [17, 30], [0]
[2025-01-30 00:06:58,467][__main__][INFO] - [17, 31], [0]
[2025-01-30 00:06:58,484][__main__][INFO] - [17, 32], [0]
[2025-01-30 00:06:58,562][__main__][INFO] - [17, 33], [0]
[2025-01-30 00:06:58,619][__main__][INFO] - [17, 35], [0]
[2025-01-30 00:06:58,654][__main__][INFO] - [17, 37], [0]
[2025-01-30 00:06:58,731][__main__][INFO] - [17, 38], [0]
[2025-01-30 00:06:58,769][__main__][INFO] - [17, 39], [0]
[2025-01-30 00:06:58,797][__main__][INFO] - [17, 40], [0]
[2025-01-30 00:06:58,815][__main__][INFO] - [17, 41], [0]
[2025-01-30 00:06:58,857][__main__][INFO] - [17], [0, 41]
[2025-01-30 00:06:58,945][__main__][INFO] - [17, 42], [0]
[2025-01-30 00:06:58,973][__main__][INFO] - [17], [0, 42]
[2025-01-30 00:06:59,074][__main__][INFO] - [17, 43], [0]
[2025-01-30 00:06:59,095][__main__][INFO] - [17], [0, 43]
[2025-01-30 00:06:59,208][__main__][INFO] - [17, 44], [0]
[2025-01-30 00:06:59,323][__main__][INFO] - [17, 45], [0]
[2025-01-30 00:06:59,360][__main__][INFO] - [17, 47], [0]
[2025-01-30 00:06:59,515][__main__][INFO] - [17, 50], [0]
[2025-01-30 00:06:59,535][__main__][INFO] - [17, 51], [0]
[2025-01-30 00:06:59,556][__main__][INFO] - [17, 52], [0]
[2025-01-30 00:06:59,578][__main__][INFO] - [17, 53], [0]
[2025-01-30 00:06:59,599][__main__][INFO] - [17, 54], [0]
[2025-01-30 00:06:59,621][__main__][INFO] - [17, 55], [0]
[2025-01-30 00:06:59,642][__main__][INFO] - [17, 56], [0]
[2025-01-30 00:06:59,663][__main__][INFO] - [17, 57], [0]
[2025-01-30 00:06:59,684][__main__][INFO] - [17, 58], [0]
[2025-01-30 00:06:59,704][__main__][INFO] - [17, 59], [0]
[2025-01-30 00:06:59,774][__main__][INFO] - [18, 20], [0]
[2025-01-30 00:06:59,818][__main__][INFO] - [18, 21], [0]
[2025-01-30 00:06:59,840][__main__][INFO] - [18, 22], [0]
[2025-01-30 00:06:59,857][__main__][INFO] - [18, 23], [0]
[2025-01-30 00:06:59,874][__main__][INFO] - [18, 24], [0]
[2025-01-30 00:06:59,905][__main__][INFO] - [18, 26], [0]
[2025-01-30 00:06:59,939][__main__][INFO] - [18], [0, 26]
[2025-01-30 00:06:59,977][__main__][INFO] - [18, 27], [0]
[2025-01-30 00:07:00,022][__main__][INFO] - [18, 28], [0]
[2025-01-30 00:07:00,040][__main__][INFO] - [18, 29], [0]
[2025-01-30 00:07:00,066][__main__][INFO] - [18, 30], [0]
[2025-01-30 00:07:00,083][__main__][INFO] - [18, 31], [0]
[2025-01-30 00:07:00,100][__main__][INFO] - [18, 32], [0]
[2025-01-30 00:07:00,138][__main__][INFO] - [18, 33], [0]
[2025-01-30 00:07:00,184][__main__][INFO] - [18, 35], [0]
[2025-01-30 00:07:00,218][__main__][INFO] - [18, 37], [0]
[2025-01-30 00:07:00,260][__main__][INFO] - [18, 38], [0]
[2025-01-30 00:07:00,284][__main__][INFO] - [18, 39], [0]
[2025-01-30 00:07:00,306][__main__][INFO] - [18, 40], [0]
[2025-01-30 00:07:00,324][__main__][INFO] - [18, 41], [0]
[2025-01-30 00:07:00,351][__main__][INFO] - [18], [0, 41]
[2025-01-30 00:07:00,397][__main__][INFO] - [18, 42], [0]
[2025-01-30 00:07:00,422][__main__][INFO] - [18], [0, 42]
[2025-01-30 00:07:00,468][__main__][INFO] - [18, 43], [0]
[2025-01-30 00:07:00,487][__main__][INFO] - [18], [0, 43]
[2025-01-30 00:07:00,541][__main__][INFO] - [18, 44], [0]
[2025-01-30 00:07:00,594][__main__][INFO] - [18, 45], [0]
[2025-01-30 00:07:00,630][__main__][INFO] - [18, 47], [0]
[2025-01-30 00:07:00,717][__main__][INFO] - [18, 50], [0]
[2025-01-30 00:07:00,736][__main__][INFO] - [18, 51], [0]
[2025-01-30 00:07:00,755][__main__][INFO] - [18, 52], [0]
[2025-01-30 00:07:00,774][__main__][INFO] - [18, 53], [0]
[2025-01-30 00:07:00,793][__main__][INFO] - [18, 54], [0]
[2025-01-30 00:07:00,813][__main__][INFO] - [18, 55], [0]
[2025-01-30 00:07:00,833][__main__][INFO] - [18, 56], [0]
[2025-01-30 00:07:00,851][__main__][INFO] - [18, 57], [0]
[2025-01-30 00:07:00,870][__main__][INFO] - [18, 58], [0]
[2025-01-30 00:07:00,889][__main__][INFO] - [18, 59], [0]
[2025-01-30 00:07:00,931][__main__][INFO] - [19, 20], [0]
[2025-01-30 00:07:00,960][__main__][INFO] - [19, 21], [0]
[2025-01-30 00:07:00,977][__main__][INFO] - [19, 22], [0]
[2025-01-30 00:07:00,994][__main__][INFO] - [19, 23], [0]
[2025-01-30 00:07:01,039][__main__][INFO] - [19, 26], [0]
[2025-01-30 00:07:01,068][__main__][INFO] - [19], [0, 26]
[2025-01-30 00:07:01,090][__main__][INFO] - [19, 27], [0]
[2025-01-30 00:07:01,119][__main__][INFO] - [19, 28], [0]
[2025-01-30 00:07:01,136][__main__][INFO] - [19, 29], [0]
[2025-01-30 00:07:01,182][__main__][INFO] - [19, 32], [0]
[2025-01-30 00:07:01,205][__main__][INFO] - [19, 33], [0]
[2025-01-30 00:07:01,246][__main__][INFO] - [19, 35], [0]
[2025-01-30 00:07:01,279][__main__][INFO] - [19, 37], [0]
[2025-01-30 00:07:01,308][__main__][INFO] - [19, 38], [0]
[2025-01-30 00:07:01,328][__main__][INFO] - [19, 39], [0]
[2025-01-30 00:07:01,348][__main__][INFO] - [19, 40], [0]
[2025-01-30 00:07:01,365][__main__][INFO] - [19, 41], [0]
[2025-01-30 00:07:01,382][__main__][INFO] - [19], [0, 41]
[2025-01-30 00:07:01,411][__main__][INFO] - [19, 42], [0]
[2025-01-30 00:07:01,435][__main__][INFO] - [19], [0, 42]
[2025-01-30 00:07:01,462][__main__][INFO] - [19, 43], [0]
[2025-01-30 00:07:01,481][__main__][INFO] - [19], [0, 43]
[2025-01-30 00:07:01,513][__main__][INFO] - [19, 44], [0]
[2025-01-30 00:07:01,544][__main__][INFO] - [19, 45], [0]
[2025-01-30 00:07:01,579][__main__][INFO] - [19, 47], [0]
[2025-01-30 00:07:01,642][__main__][INFO] - [19, 50], [0]
[2025-01-30 00:07:01,662][__main__][INFO] - [19, 51], [0]
[2025-01-30 00:07:01,678][__main__][INFO] - [19, 52], [0]
[2025-01-30 00:07:01,697][__main__][INFO] - [19, 53], [0]
[2025-01-30 00:07:01,719][__main__][INFO] - [19, 54], [0]
[2025-01-30 00:07:01,737][__main__][INFO] - [19, 55], [0]
[2025-01-30 00:07:01,755][__main__][INFO] - [19, 56], [0]
[2025-01-30 00:07:01,773][__main__][INFO] - [19, 57], [0]
[2025-01-30 00:07:01,791][__main__][INFO] - [19, 58], [0]
[2025-01-30 00:07:01,807][__main__][INFO] - [19, 59], [0]
[2025-01-30 00:07:01,843][__main__][INFO] - [20, 26], [0]
[2025-01-30 00:07:01,999][__main__][INFO] - [20], [0, 26]
[2025-01-30 00:07:02,848][__main__][INFO] - [20, 27], [0]
[2025-01-30 00:07:03,919][__main__][INFO] - [20, 28], [0]
[2025-01-30 00:07:03,976][__main__][INFO] - [20, 31], [0]
[2025-01-30 00:07:03,994][__main__][INFO] - [20, 32], [0]
[2025-01-30 00:07:04,604][__main__][INFO] - [20, 33], [0]
[2025-01-30 00:07:04,708][__main__][INFO] - [20, 34], [0]
[2025-01-30 00:07:04,731][__main__][INFO] - [20, 35], [0]
[2025-01-30 00:07:04,758][__main__][INFO] - [20, 36], [0]
[2025-01-30 00:07:04,984][__main__][INFO] - [20, 37], [0]
[2025-01-30 00:07:05,454][__main__][INFO] - [20, 38], [0]
[2025-01-30 00:07:05,711][__main__][INFO] - [20, 39], [0]
[2025-01-30 00:07:05,847][__main__][INFO] - [20, 40], [0]
[2025-01-30 00:07:05,877][__main__][INFO] - [20, 41], [0]
[2025-01-30 00:07:05,895][__main__][INFO] - [20], [0, 41]
[2025-01-30 00:07:07,015][__main__][INFO] - [20, 42], [0]
[2025-01-30 00:07:07,071][__main__][INFO] - [20], [0, 42]
[2025-01-30 00:07:08,047][__main__][INFO] - [20, 43], [0]
[2025-01-30 00:07:08,083][__main__][INFO] - [20], [0, 43]
[2025-01-30 00:07:09,114][__main__][INFO] - [20, 44], [0]
[2025-01-30 00:07:10,047][__main__][INFO] - [20, 45], [0]
[2025-01-30 00:07:10,108][__main__][INFO] - [20, 46], [0]
[2025-01-30 00:07:10,172][__main__][INFO] - [20, 47], [0]
[2025-01-30 00:07:11,279][__main__][INFO] - [20, 50], [0]
[2025-01-30 00:07:11,357][__main__][INFO] - [20, 51], [0]
[2025-01-30 00:07:11,404][__main__][INFO] - [20, 52], [0]
[2025-01-30 00:07:11,456][__main__][INFO] - [20, 53], [0]
[2025-01-30 00:07:11,512][__main__][INFO] - [20, 54], [0]
[2025-01-30 00:07:11,566][__main__][INFO] - [20, 55], [0]
[2025-01-30 00:07:11,615][__main__][INFO] - [20, 56], [0]
[2025-01-30 00:07:11,665][__main__][INFO] - [20, 57], [0]
[2025-01-30 00:07:11,713][__main__][INFO] - [20, 58], [0]
[2025-01-30 00:07:11,756][__main__][INFO] - [20, 59], [0]
[2025-01-30 00:07:12,083][__main__][INFO] - [21, 26], [0]
[2025-01-30 00:07:12,101][__main__][INFO] - [21], [0, 26]
[2025-01-30 00:07:12,226][__main__][INFO] - [21, 28], [0]
[2025-01-30 00:07:12,272][__main__][INFO] - [21, 29], [0]
[2025-01-30 00:07:12,356][__main__][INFO] - [21, 30], [0]
[2025-01-30 00:07:12,392][__main__][INFO] - [21, 32], [0]
[2025-01-30 00:07:12,502][__main__][INFO] - [21, 33], [0]
[2025-01-30 00:07:12,523][__main__][INFO] - [21, 34], [0]
[2025-01-30 00:07:12,541][__main__][INFO] - [21, 35], [0]
[2025-01-30 00:07:12,559][__main__][INFO] - [21, 36], [0]
[2025-01-30 00:07:12,581][__main__][INFO] - [21, 37], [0]
[2025-01-30 00:07:12,675][__main__][INFO] - [21, 38], [0]
[2025-01-30 00:07:12,697][__main__][INFO] - [21, 39], [0]
[2025-01-30 00:07:12,726][__main__][INFO] - [21, 40], [0]
[2025-01-30 00:07:12,743][__main__][INFO] - [21, 41], [0]
[2025-01-30 00:07:12,863][__main__][INFO] - [21], [0, 41]
[2025-01-30 00:07:12,885][__main__][INFO] - [21, 42], [0]
[2025-01-30 00:07:12,903][__main__][INFO] - [21], [0, 42]
[2025-01-30 00:07:13,022][__main__][INFO] - [21, 43], [0]
[2025-01-30 00:07:13,039][__main__][INFO] - [21], [0, 43]
[2025-01-30 00:07:13,156][__main__][INFO] - [21, 44], [0]
[2025-01-30 00:07:13,278][__main__][INFO] - [21, 45], [0]
[2025-01-30 00:07:13,296][__main__][INFO] - [21, 46], [0]
[2025-01-30 00:07:13,314][__main__][INFO] - [21, 47], [0]
[2025-01-30 00:07:13,468][__main__][INFO] - [21, 50], [0]
[2025-01-30 00:07:13,491][__main__][INFO] - [21, 51], [0]
[2025-01-30 00:07:13,508][__main__][INFO] - [21, 52], [0]
[2025-01-30 00:07:13,530][__main__][INFO] - [21, 53], [0]
[2025-01-30 00:07:13,552][__main__][INFO] - [21, 54], [0]
[2025-01-30 00:07:13,572][__main__][INFO] - [21, 55], [0]
[2025-01-30 00:07:13,593][__main__][INFO] - [21, 56], [0]
[2025-01-30 00:07:13,610][__main__][INFO] - [21, 57], [0]
[2025-01-30 00:07:13,631][__main__][INFO] - [21, 58], [0]
[2025-01-30 00:07:13,648][__main__][INFO] - [21, 59], [0]
[2025-01-30 00:07:13,716][__main__][INFO] - [22, 26], [0]
[2025-01-30 00:07:13,745][__main__][INFO] - [22], [0, 26]
[2025-01-30 00:07:13,875][__main__][INFO] - [22, 28], [0]
[2025-01-30 00:07:13,956][__main__][INFO] - [22, 29], [0]
[2025-01-30 00:07:14,019][__main__][INFO] - [22, 30], [0]
[2025-01-30 00:07:14,055][__main__][INFO] - [22, 32], [0]
[2025-01-30 00:07:14,177][__main__][INFO] - [22, 33], [0]
[2025-01-30 00:07:14,197][__main__][INFO] - [22, 34], [0]
[2025-01-30 00:07:14,215][__main__][INFO] - [22, 35], [0]
[2025-01-30 00:07:14,232][__main__][INFO] - [22, 36], [0]
[2025-01-30 00:07:14,253][__main__][INFO] - [22, 37], [0]
[2025-01-30 00:07:14,366][__main__][INFO] - [22, 38], [0]
[2025-01-30 00:07:14,389][__main__][INFO] - [22, 39], [0]
[2025-01-30 00:07:14,420][__main__][INFO] - [22, 40], [0]
[2025-01-30 00:07:14,437][__main__][INFO] - [22, 41], [0]
[2025-01-30 00:07:14,568][__main__][INFO] - [22], [0, 41]
[2025-01-30 00:07:14,589][__main__][INFO] - [22, 42], [0]
[2025-01-30 00:07:14,610][__main__][INFO] - [22], [0, 42]
[2025-01-30 00:07:14,752][__main__][INFO] - [22, 43], [0]
[2025-01-30 00:07:14,769][__main__][INFO] - [22], [0, 43]
[2025-01-30 00:07:14,904][__main__][INFO] - [22, 44], [0]
[2025-01-30 00:07:15,044][__main__][INFO] - [22, 45], [0]
[2025-01-30 00:07:15,061][__main__][INFO] - [22, 46], [0]
[2025-01-30 00:07:15,079][__main__][INFO] - [22, 47], [0]
[2025-01-30 00:07:15,247][__main__][INFO] - [22, 50], [0]
[2025-01-30 00:07:15,265][__main__][INFO] - [22, 51], [0]
[2025-01-30 00:07:15,289][__main__][INFO] - [22, 52], [0]
[2025-01-30 00:07:15,316][__main__][INFO] - [22, 53], [0]
[2025-01-30 00:07:15,344][__main__][INFO] - [22, 54], [0]
[2025-01-30 00:07:15,370][__main__][INFO] - [22, 55], [0]
[2025-01-30 00:07:15,394][__main__][INFO] - [22, 56], [0]
[2025-01-30 00:07:15,417][__main__][INFO] - [22, 57], [0]
[2025-01-30 00:07:15,440][__main__][INFO] - [22, 58], [0]
[2025-01-30 00:07:15,460][__main__][INFO] - [22, 59], [0]
[2025-01-30 00:07:15,507][__main__][INFO] - [23, 26], [0]
[2025-01-30 00:07:15,527][__main__][INFO] - [23], [0, 26]
[2025-01-30 00:07:15,576][__main__][INFO] - [23, 28], [0]
[2025-01-30 00:07:15,599][__main__][INFO] - [23, 29], [0]
[2025-01-30 00:07:15,627][__main__][INFO] - [23, 30], [0]
[2025-01-30 00:07:15,661][__main__][INFO] - [23, 32], [0]
[2025-01-30 00:07:15,695][__main__][INFO] - [23, 33], [0]
[2025-01-30 00:07:15,728][__main__][INFO] - [23, 35], [0]
[2025-01-30 00:07:15,745][__main__][INFO] - [23, 36], [0]
[2025-01-30 00:07:15,762][__main__][INFO] - [23, 37], [0]
[2025-01-30 00:07:15,794][__main__][INFO] - [23, 38], [0]
[2025-01-30 00:07:15,814][__main__][INFO] - [23, 39], [0]
[2025-01-30 00:07:15,831][__main__][INFO] - [23, 40], [0]
[2025-01-30 00:07:15,848][__main__][INFO] - [23, 41], [0]
[2025-01-30 00:07:15,884][__main__][INFO] - [23], [0, 41]
[2025-01-30 00:07:15,904][__main__][INFO] - [23, 42], [0]
[2025-01-30 00:07:15,921][__main__][INFO] - [23], [0, 42]
[2025-01-30 00:07:15,958][__main__][INFO] - [23, 43], [0]
[2025-01-30 00:07:15,976][__main__][INFO] - [23], [0, 43]
[2025-01-30 00:07:16,014][__main__][INFO] - [23, 44], [0]
[2025-01-30 00:07:16,050][__main__][INFO] - [23, 45], [0]
[2025-01-30 00:07:16,067][__main__][INFO] - [23, 46], [0]
[2025-01-30 00:07:16,084][__main__][INFO] - [23, 47], [0]
[2025-01-30 00:07:16,151][__main__][INFO] - [23, 50], [0]
[2025-01-30 00:07:16,168][__main__][INFO] - [23, 51], [0]
[2025-01-30 00:07:16,185][__main__][INFO] - [23, 52], [0]
[2025-01-30 00:07:16,203][__main__][INFO] - [23, 53], [0]
[2025-01-30 00:07:16,220][__main__][INFO] - [23, 54], [0]
[2025-01-30 00:07:16,237][__main__][INFO] - [23, 55], [0]
[2025-01-30 00:07:16,256][__main__][INFO] - [23, 56], [0]
[2025-01-30 00:07:16,272][__main__][INFO] - [23, 57], [0]
[2025-01-30 00:07:16,289][__main__][INFO] - [23, 58], [0]
[2025-01-30 00:07:16,305][__main__][INFO] - [23, 59], [0]
[2025-01-30 00:07:16,346][__main__][INFO] - [24, 26], [0]
[2025-01-30 00:07:16,363][__main__][INFO] - [24], [0, 26]
[2025-01-30 00:07:16,398][__main__][INFO] - [24, 28], [0]
[2025-01-30 00:07:16,415][__main__][INFO] - [24, 29], [0]
[2025-01-30 00:07:16,435][__main__][INFO] - [24, 30], [0]
[2025-01-30 00:07:16,466][__main__][INFO] - [24, 32], [0]
[2025-01-30 00:07:16,483][__main__][INFO] - [24, 33], [0]
[2025-01-30 00:07:16,529][__main__][INFO] - [24, 36], [0]
[2025-01-30 00:07:16,546][__main__][INFO] - [24, 37], [0]
[2025-01-30 00:07:16,566][__main__][INFO] - [24, 38], [0]
[2025-01-30 00:07:16,583][__main__][INFO] - [24, 39], [0]
[2025-01-30 00:07:16,614][__main__][INFO] - [24, 41], [0]
[2025-01-30 00:07:16,635][__main__][INFO] - [24], [0, 41]
[2025-01-30 00:07:16,652][__main__][INFO] - [24, 42], [0]
[2025-01-30 00:07:16,669][__main__][INFO] - [24], [0, 42]
[2025-01-30 00:07:16,704][__main__][INFO] - [24], [0, 43]
[2025-01-30 00:07:16,725][__main__][INFO] - [24, 44], [0]
[2025-01-30 00:07:16,746][__main__][INFO] - [24, 45], [0]
[2025-01-30 00:07:16,777][__main__][INFO] - [24, 47], [0]
[2025-01-30 00:07:16,826][__main__][INFO] - [24, 50], [0]
[2025-01-30 00:07:16,843][__main__][INFO] - [24, 51], [0]
[2025-01-30 00:07:16,860][__main__][INFO] - [24, 52], [0]
[2025-01-30 00:07:16,877][__main__][INFO] - [24, 53], [0]
[2025-01-30 00:07:16,893][__main__][INFO] - [24, 54], [0]
[2025-01-30 00:07:16,911][__main__][INFO] - [24, 55], [0]
[2025-01-30 00:07:16,928][__main__][INFO] - [24, 56], [0]
[2025-01-30 00:07:16,944][__main__][INFO] - [24, 57], [0]
[2025-01-30 00:07:16,961][__main__][INFO] - [24, 58], [0]
[2025-01-30 00:07:16,977][__main__][INFO] - [24, 59], [0]
[2025-01-30 00:07:17,010][__main__][INFO] - [25, 26], [0]
[2025-01-30 00:07:17,027][__main__][INFO] - [25], [0, 26]
[2025-01-30 00:07:17,059][__main__][INFO] - [25, 28], [0]
[2025-01-30 00:07:17,076][__main__][INFO] - [25, 29], [0]
[2025-01-30 00:07:17,094][__main__][INFO] - [25, 30], [0]
[2025-01-30 00:07:17,125][__main__][INFO] - [25, 32], [0]
[2025-01-30 00:07:17,187][__main__][INFO] - [25, 36], [0]
[2025-01-30 00:07:17,204][__main__][INFO] - [25, 37], [0]
[2025-01-30 00:07:17,222][__main__][INFO] - [25, 38], [0]
[2025-01-30 00:07:17,239][__main__][INFO] - [25, 39], [0]
[2025-01-30 00:07:17,270][__main__][INFO] - [25, 41], [0]
[2025-01-30 00:07:17,290][__main__][INFO] - [25], [0, 41]
[2025-01-30 00:07:17,321][__main__][INFO] - [25], [0, 42]
[2025-01-30 00:07:17,354][__main__][INFO] - [25], [0, 43]
[2025-01-30 00:07:17,373][__main__][INFO] - [25, 44], [0]
[2025-01-30 00:07:17,420][__main__][INFO] - [25, 47], [0]
[2025-01-30 00:07:17,468][__main__][INFO] - [25, 50], [0]
[2025-01-30 00:07:17,499][__main__][INFO] - [25, 52], [0]
[2025-01-30 00:07:17,544][__main__][INFO] - [25, 55], [0]
[2025-01-30 00:07:17,560][__main__][INFO] - [25, 56], [0]
[2025-01-30 00:07:17,577][__main__][INFO] - [25, 57], [0]
[2025-01-30 00:07:17,594][__main__][INFO] - [25, 58], [0]
[2025-01-30 00:07:17,610][__main__][INFO] - [25, 59], [0]
[2025-01-30 00:07:17,642][__main__][INFO] - [26, 27], [0]
[2025-01-30 00:07:17,799][__main__][INFO] - [26, 28], [0]
[2025-01-30 00:07:17,817][__main__][INFO] - [26, 29], [0]
[2025-01-30 00:07:17,834][__main__][INFO] - [26, 30], [0]
[2025-01-30 00:07:17,853][__main__][INFO] - [26, 31], [0]
[2025-01-30 00:07:17,869][__main__][INFO] - [26, 32], [0]
[2025-01-30 00:07:17,994][__main__][INFO] - [26, 33], [0]
[2025-01-30 00:07:18,043][__main__][INFO] - [26, 34], [0]
[2025-01-30 00:07:18,061][__main__][INFO] - [26, 35], [0]
[2025-01-30 00:07:18,081][__main__][INFO] - [26, 36], [0]
[2025-01-30 00:07:18,106][__main__][INFO] - [26, 37], [0]
[2025-01-30 00:07:18,213][__main__][INFO] - [26, 38], [0]
[2025-01-30 00:07:18,261][__main__][INFO] - [26, 39], [0]
[2025-01-30 00:07:18,296][__main__][INFO] - [26, 40], [0]
[2025-01-30 00:07:18,316][__main__][INFO] - [26, 41], [0]
[2025-01-30 00:07:18,333][__main__][INFO] - [26], [0, 41]
[2025-01-30 00:07:18,489][__main__][INFO] - [26, 42], [0]
[2025-01-30 00:07:18,555][__main__][INFO] - [26], [0, 42]
[2025-01-30 00:07:18,673][__main__][INFO] - [26, 43], [0]
[2025-01-30 00:07:18,713][__main__][INFO] - [26], [0, 43]
[2025-01-30 00:07:18,869][__main__][INFO] - [26, 44], [0]
[2025-01-30 00:07:18,985][__main__][INFO] - [26, 45], [0]
[2025-01-30 00:07:19,058][__main__][INFO] - [26, 46], [0]
[2025-01-30 00:07:19,075][__main__][INFO] - [26, 47], [0]
[2025-01-30 00:07:19,320][__main__][INFO] - [26, 50], [0]
[2025-01-30 00:07:19,355][__main__][INFO] - [26, 51], [0]
[2025-01-30 00:07:19,381][__main__][INFO] - [26, 52], [0]
[2025-01-30 00:07:19,408][__main__][INFO] - [26, 53], [0]
[2025-01-30 00:07:19,437][__main__][INFO] - [26, 54], [0]
[2025-01-30 00:07:19,461][__main__][INFO] - [26, 55], [0]
[2025-01-30 00:07:19,485][__main__][INFO] - [26, 56], [0]
[2025-01-30 00:07:19,507][__main__][INFO] - [26, 57], [0]
[2025-01-30 00:07:19,529][__main__][INFO] - [26, 58], [0]
[2025-01-30 00:07:19,551][__main__][INFO] - [26, 59], [0]
[2025-01-30 00:07:19,612][__main__][INFO] - [27], [0, 26]
[2025-01-30 00:07:20,403][__main__][INFO] - [28], [0, 26]
[2025-01-30 00:07:20,517][__main__][INFO] - [29], [0, 26]
[2025-01-30 00:07:20,639][__main__][INFO] - [30], [0, 26]
[2025-01-30 00:07:20,667][__main__][INFO] - [31], [0, 26]
[2025-01-30 00:07:20,684][__main__][INFO] - [32], [0, 26]
[2025-01-30 00:07:21,386][__main__][INFO] - [33], [0, 26]
[2025-01-30 00:07:21,460][__main__][INFO] - [34], [0, 26]
[2025-01-30 00:07:21,484][__main__][INFO] - [35], [0, 26]
[2025-01-30 00:07:21,509][__main__][INFO] - [36], [0, 26]
[2025-01-30 00:07:21,736][__main__][INFO] - [37], [0, 26]
[2025-01-30 00:07:22,401][__main__][INFO] - [38], [0, 26]
[2025-01-30 00:07:22,617][__main__][INFO] - [39], [0, 26]
[2025-01-30 00:07:22,779][__main__][INFO] - [40], [0, 26]
[2025-01-30 00:07:22,807][__main__][INFO] - [41], [0, 26]
[2025-01-30 00:07:23,050][__main__][INFO] - [], [0, 26, 41]
[2025-01-30 00:07:23,898][__main__][INFO] - [], [0, 26, 42]
[2025-01-30 00:07:25,199][__main__][INFO] - [], [0, 26, 43]
[2025-01-30 00:07:26,406][__main__][INFO] - [44], [0, 26]
[2025-01-30 00:07:27,578][__main__][INFO] - [46], [0, 26]
[2025-01-30 00:07:27,642][__main__][INFO] - [47], [0, 26]
[2025-01-30 00:07:28,941][__main__][INFO] - [50], [0, 26]
[2025-01-30 00:07:29,012][__main__][INFO] - [51], [0, 26]
[2025-01-30 00:07:29,064][__main__][INFO] - [52], [0, 26]
[2025-01-30 00:07:29,123][__main__][INFO] - [53], [0, 26]
[2025-01-30 00:07:29,191][__main__][INFO] - [54], [0, 26]
[2025-01-30 00:07:29,253][__main__][INFO] - [55], [0, 26]
[2025-01-30 00:07:29,311][__main__][INFO] - [56], [0, 26]
[2025-01-30 00:07:29,367][__main__][INFO] - [57], [0, 26]
[2025-01-30 00:07:29,425][__main__][INFO] - [58], [0, 26]
[2025-01-30 00:07:29,474][__main__][INFO] - [59], [0, 26]
[2025-01-30 00:07:29,870][__main__][INFO] - [27, 32], [0]
[2025-01-30 00:07:30,435][__main__][INFO] - [27, 33], [0]
[2025-01-30 00:07:30,545][__main__][INFO] - [27, 34], [0]
[2025-01-30 00:07:30,569][__main__][INFO] - [27, 35], [0]
[2025-01-30 00:07:30,597][__main__][INFO] - [27, 36], [0]
[2025-01-30 00:07:30,810][__main__][INFO] - [27, 37], [0]
[2025-01-30 00:07:31,331][__main__][INFO] - [27, 38], [0]
[2025-01-30 00:07:31,580][__main__][INFO] - [27, 39], [0]
[2025-01-30 00:07:31,725][__main__][INFO] - [27, 40], [0]
[2025-01-30 00:07:31,768][__main__][INFO] - [27], [0, 41]
[2025-01-30 00:07:32,889][__main__][INFO] - [27, 42], [0]
[2025-01-30 00:07:32,942][__main__][INFO] - [27], [0, 42]
[2025-01-30 00:07:33,945][__main__][INFO] - [27, 43], [0]
[2025-01-30 00:07:33,979][__main__][INFO] - [27], [0, 43]
[2025-01-30 00:07:35,025][__main__][INFO] - [27, 44], [0]
[2025-01-30 00:07:35,897][__main__][INFO] - [27, 45], [0]
[2025-01-30 00:07:35,959][__main__][INFO] - [27, 46], [0]
[2025-01-30 00:07:36,022][__main__][INFO] - [27, 47], [0]
[2025-01-30 00:07:37,225][__main__][INFO] - [27, 50], [0]
[2025-01-30 00:07:37,302][__main__][INFO] - [27, 51], [0]
[2025-01-30 00:07:37,350][__main__][INFO] - [27, 52], [0]
[2025-01-30 00:07:37,405][__main__][INFO] - [27, 53], [0]
[2025-01-30 00:07:37,463][__main__][INFO] - [27, 54], [0]
[2025-01-30 00:07:37,517][__main__][INFO] - [27, 55], [0]
[2025-01-30 00:07:37,568][__main__][INFO] - [27, 56], [0]
[2025-01-30 00:07:37,618][__main__][INFO] - [27, 57], [0]
[2025-01-30 00:07:37,668][__main__][INFO] - [27, 58], [0]
[2025-01-30 00:07:37,712][__main__][INFO] - [27, 59], [0]
[2025-01-30 00:07:38,049][__main__][INFO] - [28, 32], [0]
[2025-01-30 00:07:38,161][__main__][INFO] - [28, 33], [0]
[2025-01-30 00:07:38,195][__main__][INFO] - [28, 35], [0]
[2025-01-30 00:07:38,212][__main__][INFO] - [28, 36], [0]
[2025-01-30 00:07:38,229][__main__][INFO] - [28, 37], [0]
[2025-01-30 00:07:38,329][__main__][INFO] - [28, 38], [0]
[2025-01-30 00:07:38,350][__main__][INFO] - [28, 39], [0]
[2025-01-30 00:07:38,377][__main__][INFO] - [28, 40], [0]
[2025-01-30 00:07:38,394][__main__][INFO] - [28, 41], [0]
[2025-01-30 00:07:38,537][__main__][INFO] - [28, 42], [0]
[2025-01-30 00:07:38,554][__main__][INFO] - [28], [0, 42]
[2025-01-30 00:07:38,671][__main__][INFO] - [28, 43], [0]
[2025-01-30 00:07:38,688][__main__][INFO] - [28], [0, 43]
[2025-01-30 00:07:38,813][__main__][INFO] - [28, 44], [0]
[2025-01-30 00:07:38,928][__main__][INFO] - [28, 45], [0]
[2025-01-30 00:07:38,946][__main__][INFO] - [28, 46], [0]
[2025-01-30 00:07:38,963][__main__][INFO] - [28, 47], [0]
[2025-01-30 00:07:39,121][__main__][INFO] - [28, 50], [0]
[2025-01-30 00:07:39,145][__main__][INFO] - [28, 51], [0]
[2025-01-30 00:07:39,163][__main__][INFO] - [28, 52], [0]
[2025-01-30 00:07:39,188][__main__][INFO] - [28, 53], [0]
[2025-01-30 00:07:39,213][__main__][INFO] - [28, 54], [0]
[2025-01-30 00:07:39,236][__main__][INFO] - [28, 55], [0]
[2025-01-30 00:07:39,258][__main__][INFO] - [28, 56], [0]
[2025-01-30 00:07:39,280][__main__][INFO] - [28, 57], [0]
[2025-01-30 00:07:39,300][__main__][INFO] - [28, 58], [0]
[2025-01-30 00:07:39,317][__main__][INFO] - [28, 59], [0]
[2025-01-30 00:07:39,366][__main__][INFO] - [29, 32], [0]
[2025-01-30 00:07:39,497][__main__][INFO] - [29, 33], [0]
[2025-01-30 00:07:39,521][__main__][INFO] - [29, 34], [0]
[2025-01-30 00:07:39,539][__main__][INFO] - [29, 35], [0]
[2025-01-30 00:07:39,557][__main__][INFO] - [29, 36], [0]
[2025-01-30 00:07:39,575][__main__][INFO] - [29, 37], [0]
[2025-01-30 00:07:39,690][__main__][INFO] - [29, 38], [0]
[2025-01-30 00:07:39,708][__main__][INFO] - [29, 39], [0]
[2025-01-30 00:07:39,739][__main__][INFO] - [29, 40], [0]
[2025-01-30 00:07:39,757][__main__][INFO] - [29, 41], [0]
[2025-01-30 00:07:39,915][__main__][INFO] - [29, 42], [0]
[2025-01-30 00:07:39,933][__main__][INFO] - [29], [0, 42]
[2025-01-30 00:07:40,081][__main__][INFO] - [29, 43], [0]
[2025-01-30 00:07:40,098][__main__][INFO] - [29], [0, 43]
[2025-01-30 00:07:40,239][__main__][INFO] - [29, 44], [0]
[2025-01-30 00:07:40,384][__main__][INFO] - [29, 45], [0]
[2025-01-30 00:07:40,402][__main__][INFO] - [29, 46], [0]
[2025-01-30 00:07:40,419][__main__][INFO] - [29, 47], [0]
[2025-01-30 00:07:40,594][__main__][INFO] - [29, 50], [0]
[2025-01-30 00:07:40,613][__main__][INFO] - [29, 51], [0]
[2025-01-30 00:07:40,635][__main__][INFO] - [29, 52], [0]
[2025-01-30 00:07:40,659][__main__][INFO] - [29, 53], [0]
[2025-01-30 00:07:40,676][__main__][INFO] - [29, 54], [0]
[2025-01-30 00:07:40,700][__main__][INFO] - [29, 55], [0]
[2025-01-30 00:07:40,722][__main__][INFO] - [29, 56], [0]
[2025-01-30 00:07:40,739][__main__][INFO] - [29, 57], [0]
[2025-01-30 00:07:40,762][__main__][INFO] - [29, 58], [0]
[2025-01-30 00:07:40,779][__main__][INFO] - [29, 59], [0]
[2025-01-30 00:07:40,850][__main__][INFO] - [30, 32], [0]
[2025-01-30 00:07:40,875][__main__][INFO] - [30, 33], [0]
[2025-01-30 00:07:40,893][__main__][INFO] - [30, 34], [0]
[2025-01-30 00:07:40,924][__main__][INFO] - [30, 36], [0]
[2025-01-30 00:07:40,944][__main__][INFO] - [30, 37], [0]
[2025-01-30 00:07:40,969][__main__][INFO] - [30, 38], [0]
[2025-01-30 00:07:40,989][__main__][INFO] - [30, 39], [0]
[2025-01-30 00:07:41,009][__main__][INFO] - [30, 40], [0]
[2025-01-30 00:07:41,041][__main__][INFO] - [30], [0, 41]
[2025-01-30 00:07:41,070][__main__][INFO] - [30, 42], [0]
[2025-01-30 00:07:41,092][__main__][INFO] - [30], [0, 42]
[2025-01-30 00:07:41,120][__main__][INFO] - [30, 43], [0]
[2025-01-30 00:07:41,137][__main__][INFO] - [30], [0, 43]
[2025-01-30 00:07:41,166][__main__][INFO] - [30, 44], [0]
[2025-01-30 00:07:41,193][__main__][INFO] - [30, 45], [0]
[2025-01-30 00:07:41,210][__main__][INFO] - [30, 46], [0]
[2025-01-30 00:07:41,228][__main__][INFO] - [30, 47], [0]
[2025-01-30 00:07:41,285][__main__][INFO] - [30, 50], [0]
[2025-01-30 00:07:41,301][__main__][INFO] - [30, 51], [0]
[2025-01-30 00:07:41,318][__main__][INFO] - [30, 52], [0]
[2025-01-30 00:07:41,336][__main__][INFO] - [30, 53], [0]
[2025-01-30 00:07:41,354][__main__][INFO] - [30, 54], [0]
[2025-01-30 00:07:41,371][__main__][INFO] - [30, 55], [0]
[2025-01-30 00:07:41,389][__main__][INFO] - [30, 56], [0]
[2025-01-30 00:07:41,406][__main__][INFO] - [30, 57], [0]
[2025-01-30 00:07:41,423][__main__][INFO] - [30, 58], [0]
[2025-01-30 00:07:41,440][__main__][INFO] - [30, 59], [0]
[2025-01-30 00:07:41,476][__main__][INFO] - [31, 32], [0]
[2025-01-30 00:07:41,492][__main__][INFO] - [31, 33], [0]
[2025-01-30 00:07:41,538][__main__][INFO] - [31, 36], [0]
[2025-01-30 00:07:41,555][__main__][INFO] - [31, 37], [0]
[2025-01-30 00:07:41,572][__main__][INFO] - [31, 38], [0]
[2025-01-30 00:07:41,589][__main__][INFO] - [31, 39], [0]
[2025-01-30 00:07:41,635][__main__][INFO] - [31], [0, 41]
[2025-01-30 00:07:41,666][__main__][INFO] - [31], [0, 42]
[2025-01-30 00:07:41,698][__main__][INFO] - [31], [0, 43]
[2025-01-30 00:07:41,715][__main__][INFO] - [31, 44], [0]
[2025-01-30 00:07:41,732][__main__][INFO] - [31, 45], [0]
[2025-01-30 00:07:41,763][__main__][INFO] - [31, 47], [0]
[2025-01-30 00:07:41,808][__main__][INFO] - [31, 50], [0]
[2025-01-30 00:07:41,825][__main__][INFO] - [31, 51], [0]
[2025-01-30 00:07:41,842][__main__][INFO] - [31, 52], [0]
[2025-01-30 00:07:41,859][__main__][INFO] - [31, 53], [0]
[2025-01-30 00:07:41,875][__main__][INFO] - [31, 54], [0]
[2025-01-30 00:07:41,892][__main__][INFO] - [31, 55], [0]
[2025-01-30 00:07:41,909][__main__][INFO] - [31, 56], [0]
[2025-01-30 00:07:41,925][__main__][INFO] - [31, 57], [0]
[2025-01-30 00:07:41,957][__main__][INFO] - [31, 59], [0]
[2025-01-30 00:07:41,987][__main__][INFO] - [32, 37], [0]
[2025-01-30 00:07:42,501][__main__][INFO] - [32, 38], [0]
[2025-01-30 00:07:42,671][__main__][INFO] - [32, 39], [0]
[2025-01-30 00:07:42,787][__main__][INFO] - [32, 40], [0]
[2025-01-30 00:07:42,812][__main__][INFO] - [32, 41], [0]
[2025-01-30 00:07:43,055][__main__][INFO] - [32], [0, 41]
[2025-01-30 00:07:43,701][__main__][INFO] - [32, 42], [0]
[2025-01-30 00:07:43,743][__main__][INFO] - [32], [0, 42]
[2025-01-30 00:07:44,692][__main__][INFO] - [32, 43], [0]
[2025-01-30 00:07:44,725][__main__][INFO] - [32], [0, 43]
[2025-01-30 00:07:45,665][__main__][INFO] - [32, 44], [0]
[2025-01-30 00:07:46,535][__main__][INFO] - [32, 45], [0]
[2025-01-30 00:07:46,603][__main__][INFO] - [32, 47], [0]
[2025-01-30 00:07:47,559][__main__][INFO] - [32, 50], [0]
[2025-01-30 00:07:47,630][__main__][INFO] - [32, 51], [0]
[2025-01-30 00:07:47,672][__main__][INFO] - [32, 52], [0]
[2025-01-30 00:07:47,721][__main__][INFO] - [32, 53], [0]
[2025-01-30 00:07:47,775][__main__][INFO] - [32, 54], [0]
[2025-01-30 00:07:47,826][__main__][INFO] - [32, 55], [0]
[2025-01-30 00:07:47,873][__main__][INFO] - [32, 56], [0]
[2025-01-30 00:07:47,921][__main__][INFO] - [32, 57], [0]
[2025-01-30 00:07:47,966][__main__][INFO] - [32, 58], [0]
[2025-01-30 00:07:48,007][__main__][INFO] - [32, 59], [0]
[2025-01-30 00:07:48,296][__main__][INFO] - [33, 37], [0]
[2025-01-30 00:07:48,363][__main__][INFO] - [33, 38], [0]
[2025-01-30 00:07:48,403][__main__][INFO] - [33, 39], [0]
[2025-01-30 00:07:48,431][__main__][INFO] - [33, 40], [0]
[2025-01-30 00:07:48,450][__main__][INFO] - [33, 41], [0]
[2025-01-30 00:07:48,474][__main__][INFO] - [33], [0, 41]
[2025-01-30 00:07:48,579][__main__][INFO] - [33, 42], [0]
[2025-01-30 00:07:48,611][__main__][INFO] - [33], [0, 42]
[2025-01-30 00:07:48,706][__main__][INFO] - [33, 43], [0]
[2025-01-30 00:07:48,727][__main__][INFO] - [33], [0, 43]
[2025-01-30 00:07:48,838][__main__][INFO] - [33, 44], [0]
[2025-01-30 00:07:48,947][__main__][INFO] - [33, 45], [0]
[2025-01-30 00:07:48,986][__main__][INFO] - [33, 47], [0]
[2025-01-30 00:07:49,141][__main__][INFO] - [33, 50], [0]
[2025-01-30 00:07:49,162][__main__][INFO] - [33, 51], [0]
[2025-01-30 00:07:49,182][__main__][INFO] - [33, 52], [0]
[2025-01-30 00:07:49,203][__main__][INFO] - [33, 53], [0]
[2025-01-30 00:07:49,224][__main__][INFO] - [33, 54], [0]
[2025-01-30 00:07:49,245][__main__][INFO] - [33, 55], [0]
[2025-01-30 00:07:49,267][__main__][INFO] - [33, 56], [0]
[2025-01-30 00:07:49,287][__main__][INFO] - [33, 57], [0]
[2025-01-30 00:07:49,309][__main__][INFO] - [33, 58], [0]
[2025-01-30 00:07:49,329][__main__][INFO] - [33, 59], [0]
[2025-01-30 00:07:49,394][__main__][INFO] - [34, 37], [0]
[2025-01-30 00:07:49,414][__main__][INFO] - [34, 38], [0]
[2025-01-30 00:07:49,432][__main__][INFO] - [34, 39], [0]
[2025-01-30 00:07:49,450][__main__][INFO] - [34, 40], [0]
[2025-01-30 00:07:49,467][__main__][INFO] - [34, 41], [0]
[2025-01-30 00:07:49,485][__main__][INFO] - [34], [0, 41]
[2025-01-30 00:07:49,507][__main__][INFO] - [34, 42], [0]
[2025-01-30 00:07:49,525][__main__][INFO] - [34], [0, 42]
[2025-01-30 00:07:49,562][__main__][INFO] - [34], [0, 43]
[2025-01-30 00:07:49,585][__main__][INFO] - [34, 44], [0]
[2025-01-30 00:07:49,636][__main__][INFO] - [34, 47], [0]
[2025-01-30 00:07:49,687][__main__][INFO] - [34, 50], [0]
[2025-01-30 00:07:49,721][__main__][INFO] - [34, 52], [0]
[2025-01-30 00:07:49,738][__main__][INFO] - [34, 53], [0]
[2025-01-30 00:07:49,756][__main__][INFO] - [34, 54], [0]
[2025-01-30 00:07:49,773][__main__][INFO] - [34, 55], [0]
[2025-01-30 00:07:49,791][__main__][INFO] - [34, 56], [0]
[2025-01-30 00:07:49,808][__main__][INFO] - [34, 57], [0]
[2025-01-30 00:07:49,826][__main__][INFO] - [34, 58], [0]
[2025-01-30 00:07:49,844][__main__][INFO] - [34, 59], [0]
[2025-01-30 00:07:49,876][__main__][INFO] - [35, 37], [0]
[2025-01-30 00:07:49,898][__main__][INFO] - [35, 38], [0]
[2025-01-30 00:07:49,918][__main__][INFO] - [35, 39], [0]
[2025-01-30 00:07:49,938][__main__][INFO] - [35, 40], [0]
[2025-01-30 00:07:49,956][__main__][INFO] - [35, 41], [0]
[2025-01-30 00:07:49,974][__main__][INFO] - [35], [0, 41]
[2025-01-30 00:07:50,001][__main__][INFO] - [35, 42], [0]
[2025-01-30 00:07:50,020][__main__][INFO] - [35], [0, 42]
[2025-01-30 00:07:50,046][__main__][INFO] - [35, 43], [0]
[2025-01-30 00:07:50,065][__main__][INFO] - [35], [0, 43]
[2025-01-30 00:07:50,093][__main__][INFO] - [35, 44], [0]
[2025-01-30 00:07:50,121][__main__][INFO] - [35, 45], [0]
[2025-01-30 00:07:50,153][__main__][INFO] - [35, 47], [0]
[2025-01-30 00:07:50,210][__main__][INFO] - [35, 50], [0]
[2025-01-30 00:07:50,228][__main__][INFO] - [35, 51], [0]
[2025-01-30 00:07:50,246][__main__][INFO] - [35, 52], [0]
[2025-01-30 00:07:50,264][__main__][INFO] - [35, 53], [0]
[2025-01-30 00:07:50,282][__main__][INFO] - [35, 54], [0]
[2025-01-30 00:07:50,300][__main__][INFO] - [35, 55], [0]
[2025-01-30 00:07:50,318][__main__][INFO] - [35, 56], [0]
[2025-01-30 00:07:50,336][__main__][INFO] - [35, 57], [0]
[2025-01-30 00:07:50,353][__main__][INFO] - [35, 58], [0]
[2025-01-30 00:07:50,370][__main__][INFO] - [35, 59], [0]
[2025-01-30 00:07:50,406][__main__][INFO] - [36, 37], [0]
[2025-01-30 00:07:50,535][__main__][INFO] - [36, 38], [0]
[2025-01-30 00:07:50,602][__main__][INFO] - [36, 39], [0]
[2025-01-30 00:07:50,655][__main__][INFO] - [36, 40], [0]
[2025-01-30 00:07:50,674][__main__][INFO] - [36, 41], [0]
[2025-01-30 00:07:50,692][__main__][INFO] - [36], [0, 41]
[2025-01-30 00:07:50,930][__main__][INFO] - [36, 42], [0]
[2025-01-30 00:07:50,947][__main__][INFO] - [36], [0, 42]
[2025-01-30 00:07:51,175][__main__][INFO] - [36, 43], [0]
[2025-01-30 00:07:51,193][__main__][INFO] - [36], [0, 43]
[2025-01-30 00:07:51,433][__main__][INFO] - [36, 44], [0]
[2025-01-30 00:07:51,593][__main__][INFO] - [36, 45], [0]
[2025-01-30 00:07:51,617][__main__][INFO] - [36, 46], [0]
[2025-01-30 00:07:51,683][__main__][INFO] - [36, 47], [0]
[2025-01-30 00:07:51,959][__main__][INFO] - [36, 50], [0]
[2025-01-30 00:07:51,989][__main__][INFO] - [36, 51], [0]
[2025-01-30 00:07:52,019][__main__][INFO] - [36, 52], [0]
[2025-01-30 00:07:52,050][__main__][INFO] - [36, 53], [0]
[2025-01-30 00:07:52,081][__main__][INFO] - [36, 54], [0]
[2025-01-30 00:07:52,114][__main__][INFO] - [36, 55], [0]
[2025-01-30 00:07:52,153][__main__][INFO] - [36, 56], [0]
[2025-01-30 00:07:52,180][__main__][INFO] - [36, 57], [0]
[2025-01-30 00:07:52,204][__main__][INFO] - [36, 58], [0]
[2025-01-30 00:07:52,228][__main__][INFO] - [36, 59], [0]
[2025-01-30 00:07:52,315][__main__][INFO] - [37, 41], [0]
[2025-01-30 00:07:52,535][__main__][INFO] - [37], [0, 41]
[2025-01-30 00:07:53,067][__main__][INFO] - [37, 42], [0]
[2025-01-30 00:07:53,111][__main__][INFO] - [37], [0, 42]
[2025-01-30 00:07:53,825][__main__][INFO] - [37, 43], [0]
[2025-01-30 00:07:53,855][__main__][INFO] - [37], [0, 43]
[2025-01-30 00:07:54,605][__main__][INFO] - [37, 44], [0]
[2025-01-30 00:07:55,246][__main__][INFO] - [37, 45], [0]
[2025-01-30 00:07:55,290][__main__][INFO] - [37, 46], [0]
[2025-01-30 00:07:55,330][__main__][INFO] - [37, 47], [0]
[2025-01-30 00:07:56,182][__main__][INFO] - [37, 50], [0]
[2025-01-30 00:07:56,244][__main__][INFO] - [37, 51], [0]
[2025-01-30 00:07:56,290][__main__][INFO] - [37, 52], [0]
[2025-01-30 00:07:56,341][__main__][INFO] - [37, 53], [0]
[2025-01-30 00:07:56,395][__main__][INFO] - [37, 54], [0]
[2025-01-30 00:07:56,443][__main__][INFO] - [37, 55], [0]
[2025-01-30 00:07:56,488][__main__][INFO] - [37, 56], [0]
[2025-01-30 00:07:56,530][__main__][INFO] - [37, 57], [0]
[2025-01-30 00:07:56,571][__main__][INFO] - [37, 58], [0]
[2025-01-30 00:07:56,607][__main__][INFO] - [37, 59], [0]
[2025-01-30 00:07:56,840][__main__][INFO] - [38, 41], [0]
[2025-01-30 00:07:56,868][__main__][INFO] - [38], [0, 41]
[2025-01-30 00:07:57,130][__main__][INFO] - [38, 42], [0]
[2025-01-30 00:07:57,157][__main__][INFO] - [38], [0, 42]
[2025-01-30 00:07:57,429][__main__][INFO] - [38, 43], [0]
[2025-01-30 00:07:57,451][__main__][INFO] - [38], [0, 43]
[2025-01-30 00:07:57,731][__main__][INFO] - [38, 44], [0]
[2025-01-30 00:07:57,956][__main__][INFO] - [38, 45], [0]
[2025-01-30 00:07:57,984][__main__][INFO] - [38, 46], [0]
[2025-01-30 00:07:58,014][__main__][INFO] - [38, 47], [0]
[2025-01-30 00:07:58,326][__main__][INFO] - [38, 50], [0]
[2025-01-30 00:07:58,354][__main__][INFO] - [38, 51], [0]
[2025-01-30 00:07:58,376][__main__][INFO] - [38, 52], [0]
[2025-01-30 00:07:58,400][__main__][INFO] - [38, 53], [0]
[2025-01-30 00:07:58,425][__main__][INFO] - [38, 54], [0]
[2025-01-30 00:07:58,450][__main__][INFO] - [38, 55], [0]
[2025-01-30 00:07:58,475][__main__][INFO] - [38, 56], [0]
[2025-01-30 00:07:58,499][__main__][INFO] - [38, 57], [0]
[2025-01-30 00:07:58,524][__main__][INFO] - [38, 58], [0]
[2025-01-30 00:07:58,548][__main__][INFO] - [38, 59], [0]
[2025-01-30 00:07:58,687][__main__][INFO] - [39, 41], [0]
[2025-01-30 00:07:58,729][__main__][INFO] - [39], [0, 41]
[2025-01-30 00:07:58,883][__main__][INFO] - [39, 42], [0]
[2025-01-30 00:07:58,905][__main__][INFO] - [39], [0, 42]
[2025-01-30 00:07:59,087][__main__][INFO] - [39, 43], [0]
[2025-01-30 00:07:59,108][__main__][INFO] - [39], [0, 43]
[2025-01-30 00:07:59,290][__main__][INFO] - [39, 44], [0]
[2025-01-30 00:07:59,445][__main__][INFO] - [39, 45], [0]
[2025-01-30 00:07:59,469][__main__][INFO] - [39, 46], [0]
[2025-01-30 00:07:59,495][__main__][INFO] - [39, 47], [0]
[2025-01-30 00:07:59,719][__main__][INFO] - [39, 50], [0]
[2025-01-30 00:07:59,750][__main__][INFO] - [39, 51], [0]
[2025-01-30 00:07:59,773][__main__][INFO] - [39, 52], [0]
[2025-01-30 00:07:59,796][__main__][INFO] - [39, 53], [0]
[2025-01-30 00:07:59,820][__main__][INFO] - [39, 54], [0]
[2025-01-30 00:07:59,848][__main__][INFO] - [39, 55], [0]
[2025-01-30 00:07:59,871][__main__][INFO] - [39, 56], [0]
[2025-01-30 00:07:59,895][__main__][INFO] - [39, 57], [0]
[2025-01-30 00:07:59,918][__main__][INFO] - [39, 58], [0]
[2025-01-30 00:07:59,944][__main__][INFO] - [39, 59], [0]
[2025-01-30 00:08:00,015][__main__][INFO] - [40, 41], [0]
[2025-01-30 00:08:00,032][__main__][INFO] - [40], [0, 41]
[2025-01-30 00:08:00,061][__main__][INFO] - [40, 42], [0]
[2025-01-30 00:08:00,080][__main__][INFO] - [40], [0, 42]
[2025-01-30 00:08:00,111][__main__][INFO] - [40, 43], [0]
[2025-01-30 00:08:00,128][__main__][INFO] - [40], [0, 43]
[2025-01-30 00:08:00,156][__main__][INFO] - [40, 44], [0]
[2025-01-30 00:08:00,183][__main__][INFO] - [40, 45], [0]
[2025-01-30 00:08:00,201][__main__][INFO] - [40, 46], [0]
[2025-01-30 00:08:00,219][__main__][INFO] - [40, 47], [0]
[2025-01-30 00:08:00,275][__main__][INFO] - [40, 50], [0]
[2025-01-30 00:08:00,293][__main__][INFO] - [40, 51], [0]
[2025-01-30 00:08:00,310][__main__][INFO] - [40, 52], [0]
[2025-01-30 00:08:00,327][__main__][INFO] - [40, 53], [0]
[2025-01-30 00:08:00,345][__main__][INFO] - [40, 54], [0]
[2025-01-30 00:08:00,363][__main__][INFO] - [40, 55], [0]
[2025-01-30 00:08:00,381][__main__][INFO] - [40, 56], [0]
[2025-01-30 00:08:00,399][__main__][INFO] - [40, 57], [0]
[2025-01-30 00:08:00,416][__main__][INFO] - [40, 58], [0]
[2025-01-30 00:08:00,434][__main__][INFO] - [40, 59], [0]
[2025-01-30 00:08:00,469][__main__][INFO] - [41, 42], [0]
[2025-01-30 00:08:00,485][__main__][INFO] - [41], [0, 42]
[2025-01-30 00:08:00,762][__main__][INFO] - [41, 43], [0]
[2025-01-30 00:08:00,779][__main__][INFO] - [41], [0, 43]
[2025-01-30 00:08:01,040][__main__][INFO] - [41, 44], [0]
[2025-01-30 00:08:01,306][__main__][INFO] - [41, 45], [0]
[2025-01-30 00:08:01,324][__main__][INFO] - [41, 46], [0]
[2025-01-30 00:08:01,342][__main__][INFO] - [41, 47], [0]
[2025-01-30 00:08:01,640][__main__][INFO] - [41, 50], [0]
[2025-01-30 00:08:01,669][__main__][INFO] - [41, 51], [0]
[2025-01-30 00:08:01,697][__main__][INFO] - [41, 52], [0]
[2025-01-30 00:08:01,730][__main__][INFO] - [41, 53], [0]
[2025-01-30 00:08:01,762][__main__][INFO] - [41, 54], [0]
[2025-01-30 00:08:01,793][__main__][INFO] - [41, 55], [0]
[2025-01-30 00:08:01,822][__main__][INFO] - [41, 56], [0]
[2025-01-30 00:08:01,850][__main__][INFO] - [41, 57], [0]
[2025-01-30 00:08:01,877][__main__][INFO] - [41, 58], [0]
[2025-01-30 00:08:01,894][__main__][INFO] - [41, 59], [0]
[2025-01-30 00:08:01,993][__main__][INFO] - [42], [0, 41]
[2025-01-30 00:08:02,050][__main__][INFO] - [], [0, 41, 42]
[2025-01-30 00:08:03,109][__main__][INFO] - [43], [0, 41]
[2025-01-30 00:08:03,144][__main__][INFO] - [], [0, 41, 43]
[2025-01-30 00:08:04,260][__main__][INFO] - [44], [0, 41]
[2025-01-30 00:08:05,162][__main__][INFO] - [45], [0, 41]
[2025-01-30 00:08:05,224][__main__][INFO] - [46], [0, 41]
[2025-01-30 00:08:05,287][__main__][INFO] - [47], [0, 41]
[2025-01-30 00:08:06,501][__main__][INFO] - [50], [0, 41]
[2025-01-30 00:08:06,582][__main__][INFO] - [51], [0, 41]
[2025-01-30 00:08:06,633][__main__][INFO] - [52], [0, 41]
[2025-01-30 00:08:06,687][__main__][INFO] - [53], [0, 41]
[2025-01-30 00:08:06,745][__main__][INFO] - [54], [0, 41]
[2025-01-30 00:08:06,799][__main__][INFO] - [55], [0, 41]
[2025-01-30 00:08:06,851][__main__][INFO] - [56], [0, 41]
[2025-01-30 00:08:06,902][__main__][INFO] - [57], [0, 41]
[2025-01-30 00:08:06,952][__main__][INFO] - [58], [0, 41]
[2025-01-30 00:08:06,995][__main__][INFO] - [59], [0, 41]
[2025-01-30 00:08:07,353][__main__][INFO] - [42, 43], [0]
[2025-01-30 00:08:07,378][__main__][INFO] - [42], [0, 43]
[2025-01-30 00:08:07,432][__main__][INFO] - [42, 44], [0]
[2025-01-30 00:08:07,482][__main__][INFO] - [42, 45], [0]
[2025-01-30 00:08:07,509][__main__][INFO] - [42, 46], [0]
[2025-01-30 00:08:07,526][__main__][INFO] - [42, 47], [0]
[2025-01-30 00:08:07,623][__main__][INFO] - [42, 50], [0]
[2025-01-30 00:08:07,644][__main__][INFO] - [42, 51], [0]
[2025-01-30 00:08:07,663][__main__][INFO] - [42, 52], [0]
[2025-01-30 00:08:07,683][__main__][INFO] - [42, 53], [0]
[2025-01-30 00:08:07,703][__main__][INFO] - [42, 54], [0]
[2025-01-30 00:08:07,724][__main__][INFO] - [42, 55], [0]
[2025-01-30 00:08:07,743][__main__][INFO] - [42, 56], [0]
[2025-01-30 00:08:07,763][__main__][INFO] - [42, 57], [0]
[2025-01-30 00:08:07,782][__main__][INFO] - [42, 58], [0]
[2025-01-30 00:08:07,801][__main__][INFO] - [42, 59], [0]
[2025-01-30 00:08:07,843][__main__][INFO] - [43], [0, 42]
[2025-01-30 00:08:07,874][__main__][INFO] - [], [0, 42, 43]
[2025-01-30 00:08:09,238][__main__][INFO] - [44], [0, 42]
[2025-01-30 00:08:10,534][__main__][INFO] - [45], [0, 42]
[2025-01-30 00:08:10,591][__main__][INFO] - [46], [0, 42]
[2025-01-30 00:08:10,658][__main__][INFO] - [47], [0, 42]
[2025-01-30 00:08:12,160][__main__][INFO] - [50], [0, 42]
[2025-01-30 00:08:12,252][__main__][INFO] - [51], [0, 42]
[2025-01-30 00:08:12,311][__main__][INFO] - [52], [0, 42]
[2025-01-30 00:08:12,382][__main__][INFO] - [53], [0, 42]
[2025-01-30 00:08:12,454][__main__][INFO] - [54], [0, 42]
[2025-01-30 00:08:12,522][__main__][INFO] - [55], [0, 42]
[2025-01-30 00:08:12,582][__main__][INFO] - [56], [0, 42]
[2025-01-30 00:08:12,644][__main__][INFO] - [57], [0, 42]
[2025-01-30 00:08:12,702][__main__][INFO] - [58], [0, 42]
[2025-01-30 00:08:12,754][__main__][INFO] - [59], [0, 42]
[2025-01-30 00:08:13,142][__main__][INFO] - [43, 44], [0]
[2025-01-30 00:08:13,174][__main__][INFO] - [43, 45], [0]
[2025-01-30 00:08:13,198][__main__][INFO] - [43, 46], [0]
[2025-01-30 00:08:13,215][__main__][INFO] - [43, 47], [0]
[2025-01-30 00:08:13,283][__main__][INFO] - [43, 50], [0]
[2025-01-30 00:08:13,304][__main__][INFO] - [43, 51], [0]
[2025-01-30 00:08:13,323][__main__][INFO] - [43, 52], [0]
[2025-01-30 00:08:13,342][__main__][INFO] - [43, 53], [0]
[2025-01-30 00:08:13,361][__main__][INFO] - [43, 54], [0]
[2025-01-30 00:08:13,379][__main__][INFO] - [43, 55], [0]
[2025-01-30 00:08:13,397][__main__][INFO] - [43, 56], [0]
[2025-01-30 00:08:13,416][__main__][INFO] - [43, 57], [0]
[2025-01-30 00:08:13,434][__main__][INFO] - [43, 58], [0]
[2025-01-30 00:08:13,452][__main__][INFO] - [43, 59], [0]
[2025-01-30 00:08:13,487][__main__][INFO] - [44], [0, 43]
[2025-01-30 00:08:14,744][__main__][INFO] - [45], [0, 43]
[2025-01-30 00:08:14,805][__main__][INFO] - [46], [0, 43]
[2025-01-30 00:08:14,868][__main__][INFO] - [47], [0, 43]
[2025-01-30 00:08:16,487][__main__][INFO] - [50], [0, 43]
[2025-01-30 00:08:16,575][__main__][INFO] - [51], [0, 43]
[2025-01-30 00:08:16,635][__main__][INFO] - [52], [0, 43]
[2025-01-30 00:08:16,703][__main__][INFO] - [53], [0, 43]
[2025-01-30 00:08:16,779][__main__][INFO] - [54], [0, 43]
[2025-01-30 00:08:16,847][__main__][INFO] - [55], [0, 43]
[2025-01-30 00:08:16,912][__main__][INFO] - [56], [0, 43]
[2025-01-30 00:08:16,975][__main__][INFO] - [57], [0, 43]
[2025-01-30 00:08:17,035][__main__][INFO] - [58], [0, 43]
[2025-01-30 00:08:17,087][__main__][INFO] - [59], [0, 43]
[2025-01-30 00:08:17,531][__main__][INFO] - [44, 47], [0]
[2025-01-30 00:08:18,898][__main__][INFO] - [44, 50], [0]
[2025-01-30 00:08:18,975][__main__][INFO] - [44, 51], [0]
[2025-01-30 00:08:19,026][__main__][INFO] - [44, 52], [0]
[2025-01-30 00:08:19,089][__main__][INFO] - [44, 53], [0]
[2025-01-30 00:08:19,156][__main__][INFO] - [44, 54], [0]
[2025-01-30 00:08:19,226][__main__][INFO] - [44, 55], [0]
[2025-01-30 00:08:19,285][__main__][INFO] - [44, 56], [0]
[2025-01-30 00:08:19,345][__main__][INFO] - [44, 57], [0]
[2025-01-30 00:08:19,402][__main__][INFO] - [44, 58], [0]
[2025-01-30 00:08:19,453][__main__][INFO] - [44, 59], [0]
[2025-01-30 00:08:19,837][__main__][INFO] - [45, 47], [0]
[2025-01-30 00:08:19,941][__main__][INFO] - [45, 50], [0]
[2025-01-30 00:08:19,968][__main__][INFO] - [45, 51], [0]
[2025-01-30 00:08:19,989][__main__][INFO] - [45, 52], [0]
[2025-01-30 00:08:20,010][__main__][INFO] - [45, 53], [0]
[2025-01-30 00:08:20,031][__main__][INFO] - [45, 54], [0]
[2025-01-30 00:08:20,051][__main__][INFO] - [45, 55], [0]
[2025-01-30 00:08:20,071][__main__][INFO] - [45, 56], [0]
[2025-01-30 00:08:20,090][__main__][INFO] - [45, 57], [0]
[2025-01-30 00:08:20,109][__main__][INFO] - [45, 58], [0]
[2025-01-30 00:08:20,130][__main__][INFO] - [45, 59], [0]
[2025-01-30 00:08:20,169][__main__][INFO] - [46, 47], [0]
[2025-01-30 00:08:20,263][__main__][INFO] - [46, 50], [0]
[2025-01-30 00:08:20,283][__main__][INFO] - [46, 51], [0]
[2025-01-30 00:08:20,303][__main__][INFO] - [46, 52], [0]
[2025-01-30 00:08:20,324][__main__][INFO] - [46, 53], [0]
[2025-01-30 00:08:20,345][__main__][INFO] - [46, 54], [0]
[2025-01-30 00:08:20,365][__main__][INFO] - [46, 55], [0]
[2025-01-30 00:08:20,385][__main__][INFO] - [46, 56], [0]
[2025-01-30 00:08:20,404][__main__][INFO] - [46, 57], [0]
[2025-01-30 00:08:20,423][__main__][INFO] - [46, 58], [0]
[2025-01-30 00:08:20,442][__main__][INFO] - [46, 59], [0]
[2025-01-30 00:08:20,485][__main__][INFO] - [47, 50], [0]
[2025-01-30 00:08:20,580][__main__][INFO] - [47, 51], [0]
[2025-01-30 00:08:20,644][__main__][INFO] - [47, 52], [0]
[2025-01-30 00:08:20,719][__main__][INFO] - [47, 53], [0]
[2025-01-30 00:08:20,798][__main__][INFO] - [47, 54], [0]
[2025-01-30 00:08:20,874][__main__][INFO] - [47, 55], [0]
[2025-01-30 00:08:20,943][__main__][INFO] - [47, 56], [0]
[2025-01-30 00:08:21,011][__main__][INFO] - [47, 57], [0]
[2025-01-30 00:08:21,073][__main__][INFO] - [47, 58], [0]
[2025-01-30 00:08:21,130][__main__][INFO] - [47, 59], [0]
[2025-01-30 00:08:21,600][__main__][INFO] - [1, 10, 20], []
[2025-01-30 00:08:21,662][__main__][INFO] - [1, 10, 22], []
[2025-01-30 00:08:21,723][__main__][INFO] - [1, 10, 26], []
[2025-01-30 00:08:21,740][__main__][INFO] - [1, 10], [26]
[2025-01-30 00:08:21,786][__main__][INFO] - [1, 10, 27], []
[2025-01-30 00:08:21,832][__main__][INFO] - [1, 10, 28], []
[2025-01-30 00:08:21,849][__main__][INFO] - [1, 10, 29], []
[2025-01-30 00:08:21,867][__main__][INFO] - [1, 10, 30], []
[2025-01-30 00:08:21,956][__main__][INFO] - [1, 10, 36], []
[2025-01-30 00:08:22,001][__main__][INFO] - [1, 10, 37], []
[2025-01-30 00:08:22,039][__main__][INFO] - [1, 10, 38], []
[2025-01-30 00:08:22,059][__main__][INFO] - [1, 10, 39], []
[2025-01-30 00:08:22,081][__main__][INFO] - [1, 10, 40], []
[2025-01-30 00:08:22,098][__main__][INFO] - [1, 10, 41], []
[2025-01-30 00:08:22,116][__main__][INFO] - [1, 10], [41]
[2025-01-30 00:08:22,160][__main__][INFO] - [1, 10, 42], []
[2025-01-30 00:08:22,177][__main__][INFO] - [1, 10], [42]
[2025-01-30 00:08:22,223][__main__][INFO] - [1, 10, 43], []
[2025-01-30 00:08:22,241][__main__][INFO] - [1, 10], [43]
[2025-01-30 00:08:22,284][__main__][INFO] - [1, 10, 44], []
[2025-01-30 00:08:22,318][__main__][INFO] - [1, 10, 45], []
[2025-01-30 00:08:22,336][__main__][INFO] - [1, 10, 46], []
[2025-01-30 00:08:22,365][__main__][INFO] - [1, 10, 47], []
[2025-01-30 00:08:22,448][__main__][INFO] - [1, 10, 50], []
[2025-01-30 00:08:22,467][__main__][INFO] - [1, 10, 51], []
[2025-01-30 00:08:22,484][__main__][INFO] - [1, 10, 52], []
[2025-01-30 00:08:22,505][__main__][INFO] - [1, 10, 53], []
[2025-01-30 00:08:22,522][__main__][INFO] - [1, 10, 54], []
[2025-01-30 00:08:22,541][__main__][INFO] - [1, 10, 55], []
[2025-01-30 00:08:22,560][__main__][INFO] - [1, 10, 56], []
[2025-01-30 00:08:22,576][__main__][INFO] - [1, 10, 57], []
[2025-01-30 00:08:22,593][__main__][INFO] - [1, 10, 58], []
[2025-01-30 00:08:22,609][__main__][INFO] - [1, 10, 59], []
[2025-01-30 00:08:22,640][__main__][INFO] - [1, 11, 20], []
[2025-01-30 00:08:22,700][__main__][INFO] - [1, 11, 22], []
[2025-01-30 00:08:22,759][__main__][INFO] - [1, 11, 26], []
[2025-01-30 00:08:22,777][__main__][INFO] - [1, 11], [26]
[2025-01-30 00:08:22,824][__main__][INFO] - [1, 11, 27], []
[2025-01-30 00:08:22,870][__main__][INFO] - [1, 11, 28], []
[2025-01-30 00:08:22,887][__main__][INFO] - [1, 11, 29], []
[2025-01-30 00:08:22,904][__main__][INFO] - [1, 11, 30], []
[2025-01-30 00:08:22,935][__main__][INFO] - [1, 11, 32], []
[2025-01-30 00:08:23,001][__main__][INFO] - [1, 11, 36], []
[2025-01-30 00:08:23,044][__main__][INFO] - [1, 11, 37], []
[2025-01-30 00:08:23,084][__main__][INFO] - [1, 11, 38], []
[2025-01-30 00:08:23,101][__main__][INFO] - [1, 11, 39], []
[2025-01-30 00:08:23,118][__main__][INFO] - [1, 11, 40], []
[2025-01-30 00:08:23,135][__main__][INFO] - [1, 11, 41], []
[2025-01-30 00:08:23,152][__main__][INFO] - [1, 11], [41]
[2025-01-30 00:08:23,198][__main__][INFO] - [1, 11, 42], []
[2025-01-30 00:08:23,216][__main__][INFO] - [1, 11], [42]
[2025-01-30 00:08:23,265][__main__][INFO] - [1, 11, 43], []
[2025-01-30 00:08:23,282][__main__][INFO] - [1, 11], [43]
[2025-01-30 00:08:23,332][__main__][INFO] - [1, 11, 44], []
[2025-01-30 00:08:23,382][__main__][INFO] - [1, 11, 45], []
[2025-01-30 00:08:23,414][__main__][INFO] - [1, 11, 47], []
[2025-01-30 00:08:23,455][__main__][INFO] - [1, 11, 48], []
[2025-01-30 00:08:23,471][__main__][INFO] - [1, 11, 49], []
[2025-01-30 00:08:23,488][__main__][INFO] - [1, 11, 50], []
[2025-01-30 00:08:23,509][__main__][INFO] - [1, 11, 51], []
[2025-01-30 00:08:23,529][__main__][INFO] - [1, 11, 52], []
[2025-01-30 00:08:23,546][__main__][INFO] - [1, 11, 53], []
[2025-01-30 00:08:23,566][__main__][INFO] - [1, 11, 54], []
[2025-01-30 00:08:23,583][__main__][INFO] - [1, 11, 55], []
[2025-01-30 00:08:23,599][__main__][INFO] - [1, 11, 56], []
[2025-01-30 00:08:23,618][__main__][INFO] - [1, 11, 57], []
[2025-01-30 00:08:23,634][__main__][INFO] - [1, 11, 58], []
[2025-01-30 00:08:23,651][__main__][INFO] - [1, 11, 59], []
[2025-01-30 00:08:23,684][__main__][INFO] - [1, 12, 20], []
[2025-01-30 00:08:23,747][__main__][INFO] - [1, 12, 22], []
[2025-01-30 00:08:23,806][__main__][INFO] - [1, 12, 26], []
[2025-01-30 00:08:23,825][__main__][INFO] - [1, 12], [26]
[2025-01-30 00:08:23,878][__main__][INFO] - [1, 12, 27], []
[2025-01-30 00:08:23,929][__main__][INFO] - [1, 12, 28], []
[2025-01-30 00:08:23,946][__main__][INFO] - [1, 12, 29], []
[2025-01-30 00:08:23,963][__main__][INFO] - [1, 12, 30], []
[2025-01-30 00:08:23,994][__main__][INFO] - [1, 12, 32], []
[2025-01-30 00:08:24,050][__main__][INFO] - [1, 12, 33], []
[2025-01-30 00:08:24,067][__main__][INFO] - [1, 12, 34], []
[2025-01-30 00:08:24,083][__main__][INFO] - [1, 12, 35], []
[2025-01-30 00:08:24,114][__main__][INFO] - [1, 12, 37], []
[2025-01-30 00:08:24,161][__main__][INFO] - [1, 12, 38], []
[2025-01-30 00:08:24,181][__main__][INFO] - [1, 12, 39], []
[2025-01-30 00:08:24,198][__main__][INFO] - [1, 12, 40], []
[2025-01-30 00:08:24,214][__main__][INFO] - [1, 12, 41], []
[2025-01-30 00:08:24,231][__main__][INFO] - [1, 12], [41]
[2025-01-30 00:08:24,280][__main__][INFO] - [1, 12, 42], []
[2025-01-30 00:08:24,298][__main__][INFO] - [1, 12], [42]
[2025-01-30 00:08:24,351][__main__][INFO] - [1, 12, 43], []
[2025-01-30 00:08:24,368][__main__][INFO] - [1, 12], [43]
[2025-01-30 00:08:24,422][__main__][INFO] - [1, 12, 44], []
[2025-01-30 00:08:24,476][__main__][INFO] - [1, 12, 45], []
[2025-01-30 00:08:24,507][__main__][INFO] - [1, 12, 47], []
[2025-01-30 00:08:24,543][__main__][INFO] - [1, 12, 48], []
[2025-01-30 00:08:24,578][__main__][INFO] - [1, 12, 49], []
[2025-01-30 00:08:24,595][__main__][INFO] - [1, 12, 50], []
[2025-01-30 00:08:24,615][__main__][INFO] - [1, 12, 51], []
[2025-01-30 00:08:24,632][__main__][INFO] - [1, 12, 52], []
[2025-01-30 00:08:24,649][__main__][INFO] - [1, 12, 53], []
[2025-01-30 00:08:24,669][__main__][INFO] - [1, 12, 54], []
[2025-01-30 00:08:24,686][__main__][INFO] - [1, 12, 55], []
[2025-01-30 00:08:24,703][__main__][INFO] - [1, 12, 56], []
[2025-01-30 00:08:24,720][__main__][INFO] - [1, 12, 57], []
[2025-01-30 00:08:24,736][__main__][INFO] - [1, 12, 58], []
[2025-01-30 00:08:24,752][__main__][INFO] - [1, 12, 59], []
[2025-01-30 00:08:24,782][__main__][INFO] - [1, 13, 20], []
[2025-01-30 00:08:24,830][__main__][INFO] - [1, 13, 22], []
[2025-01-30 00:08:24,903][__main__][INFO] - [1, 13, 26], []
[2025-01-30 00:08:24,920][__main__][INFO] - [1, 13], [26]
[2025-01-30 00:08:24,966][__main__][INFO] - [1, 13, 27], []
[2025-01-30 00:08:25,001][__main__][INFO] - [1, 13, 28], []
[2025-01-30 00:08:25,027][__main__][INFO] - [1, 13, 29], []
[2025-01-30 00:08:25,044][__main__][INFO] - [1, 13, 30], []
[2025-01-30 00:08:25,075][__main__][INFO] - [1, 13, 32], []
[2025-01-30 00:08:25,123][__main__][INFO] - [1, 13, 33], []
[2025-01-30 00:08:25,154][__main__][INFO] - [1, 13, 35], []
[2025-01-30 00:08:25,185][__main__][INFO] - [1, 13, 37], []
[2025-01-30 00:08:25,225][__main__][INFO] - [1, 13, 38], []
[2025-01-30 00:08:25,244][__main__][INFO] - [1, 13, 39], []
[2025-01-30 00:08:25,261][__main__][INFO] - [1, 13, 40], []
[2025-01-30 00:08:25,278][__main__][INFO] - [1, 13, 41], []
[2025-01-30 00:08:25,309][__main__][INFO] - [1, 13], [41]
[2025-01-30 00:08:25,342][__main__][INFO] - [1, 13, 42], []
[2025-01-30 00:08:25,359][__main__][INFO] - [1, 13], [42]
[2025-01-30 00:08:25,410][__main__][INFO] - [1, 13, 43], []
[2025-01-30 00:08:25,427][__main__][INFO] - [1, 13], [43]
[2025-01-30 00:08:25,474][__main__][INFO] - [1, 13, 44], []
[2025-01-30 00:08:25,521][__main__][INFO] - [1, 13, 45], []
[2025-01-30 00:08:25,552][__main__][INFO] - [1, 13, 47], []
[2025-01-30 00:08:25,584][__main__][INFO] - [1, 13, 48], []
[2025-01-30 00:08:25,614][__main__][INFO] - [1, 13, 49], []
[2025-01-30 00:08:25,632][__main__][INFO] - [1, 13, 50], []
[2025-01-30 00:08:25,651][__main__][INFO] - [1, 13, 51], []
[2025-01-30 00:08:25,670][__main__][INFO] - [1, 13, 52], []
[2025-01-30 00:08:25,687][__main__][INFO] - [1, 13, 53], []
[2025-01-30 00:08:25,707][__main__][INFO] - [1, 13, 54], []
[2025-01-30 00:08:25,726][__main__][INFO] - [1, 13, 55], []
[2025-01-30 00:08:25,743][__main__][INFO] - [1, 13, 56], []
[2025-01-30 00:08:25,759][__main__][INFO] - [1, 13, 57], []
[2025-01-30 00:08:25,778][__main__][INFO] - [1, 13, 58], []
[2025-01-30 00:08:25,795][__main__][INFO] - [1, 13, 59], []
[2025-01-30 00:08:25,825][__main__][INFO] - [1, 14, 20], []
[2025-01-30 00:08:25,867][__main__][INFO] - [1, 14, 22], []
[2025-01-30 00:08:25,945][__main__][INFO] - [1, 14, 26], []
[2025-01-30 00:08:25,964][__main__][INFO] - [1, 14], [26]
[2025-01-30 00:08:26,009][__main__][INFO] - [1, 14, 27], []
[2025-01-30 00:08:26,035][__main__][INFO] - [1, 14, 28], []
[2025-01-30 00:08:26,065][__main__][INFO] - [1, 14, 29], []
[2025-01-30 00:08:26,088][__main__][INFO] - [1, 14, 30], []
[2025-01-30 00:08:26,119][__main__][INFO] - [1, 14, 32], []
[2025-01-30 00:08:26,166][__main__][INFO] - [1, 14, 33], []
[2025-01-30 00:08:26,227][__main__][INFO] - [1, 14, 37], []
[2025-01-30 00:08:26,267][__main__][INFO] - [1, 14, 38], []
[2025-01-30 00:08:26,284][__main__][INFO] - [1, 14, 39], []
[2025-01-30 00:08:26,305][__main__][INFO] - [1, 14, 40], []
[2025-01-30 00:08:26,322][__main__][INFO] - [1, 14, 41], []
[2025-01-30 00:08:26,358][__main__][INFO] - [1, 14], [41]
[2025-01-30 00:08:26,385][__main__][INFO] - [1, 14, 42], []
[2025-01-30 00:08:26,402][__main__][INFO] - [1, 14], [42]
[2025-01-30 00:08:26,448][__main__][INFO] - [1, 14, 43], []
[2025-01-30 00:08:26,465][__main__][INFO] - [1, 14], [43]
[2025-01-30 00:08:26,515][__main__][INFO] - [1, 14, 44], []
[2025-01-30 00:08:26,562][__main__][INFO] - [1, 14, 45], []
[2025-01-30 00:08:26,593][__main__][INFO] - [1, 14, 47], []
[2025-01-30 00:08:26,625][__main__][INFO] - [1, 14, 48], []
[2025-01-30 00:08:26,657][__main__][INFO] - [1, 14, 49], []
[2025-01-30 00:08:26,673][__main__][INFO] - [1, 14, 50], []
[2025-01-30 00:08:26,692][__main__][INFO] - [1, 14, 51], []
[2025-01-30 00:08:26,709][__main__][INFO] - [1, 14, 52], []
[2025-01-30 00:08:26,729][__main__][INFO] - [1, 14, 53], []
[2025-01-30 00:08:26,748][__main__][INFO] - [1, 14, 54], []
[2025-01-30 00:08:26,765][__main__][INFO] - [1, 14, 55], []
[2025-01-30 00:08:26,782][__main__][INFO] - [1, 14, 56], []
[2025-01-30 00:08:26,800][__main__][INFO] - [1, 14, 57], []
[2025-01-30 00:08:26,819][__main__][INFO] - [1, 14, 58], []
[2025-01-30 00:08:26,835][__main__][INFO] - [1, 14, 59], []
[2025-01-30 00:08:26,870][__main__][INFO] - [1, 15, 20], []
[2025-01-30 00:08:26,907][__main__][INFO] - [1, 15, 22], []
[2025-01-30 00:08:26,967][__main__][INFO] - [1, 15, 26], []
[2025-01-30 00:08:26,983][__main__][INFO] - [1, 15], [26]
[2025-01-30 00:08:27,022][__main__][INFO] - [1, 15, 27], []
[2025-01-30 00:08:27,045][__main__][INFO] - [1, 15, 28], []
[2025-01-30 00:08:27,061][__main__][INFO] - [1, 15, 29], []
[2025-01-30 00:08:27,078][__main__][INFO] - [1, 15, 30], []
[2025-01-30 00:08:27,109][__main__][INFO] - [1, 15, 32], []
[2025-01-30 00:08:27,151][__main__][INFO] - [1, 15, 33], []
[2025-01-30 00:08:27,211][__main__][INFO] - [1, 15, 37], []
[2025-01-30 00:08:27,248][__main__][INFO] - [1, 15, 38], []
[2025-01-30 00:08:27,265][__main__][INFO] - [1, 15, 39], []
[2025-01-30 00:08:27,282][__main__][INFO] - [1, 15, 40], []
[2025-01-30 00:08:27,299][__main__][INFO] - [1, 15, 41], []
[2025-01-30 00:08:27,316][__main__][INFO] - [1, 15], [41]
[2025-01-30 00:08:27,339][__main__][INFO] - [1, 15, 42], []
[2025-01-30 00:08:27,356][__main__][INFO] - [1, 15], [42]
[2025-01-30 00:08:27,399][__main__][INFO] - [1, 15, 43], []
[2025-01-30 00:08:27,416][__main__][INFO] - [1, 15], [43]
[2025-01-30 00:08:27,457][__main__][INFO] - [1, 15, 44], []
[2025-01-30 00:08:27,497][__main__][INFO] - [1, 15, 45], []
[2025-01-30 00:08:27,529][__main__][INFO] - [1, 15, 47], []
[2025-01-30 00:08:27,566][__main__][INFO] - [1, 15, 48], []
[2025-01-30 00:08:27,598][__main__][INFO] - [1, 15, 50], []
[2025-01-30 00:08:27,614][__main__][INFO] - [1, 15, 51], []
[2025-01-30 00:08:27,631][__main__][INFO] - [1, 15, 52], []
[2025-01-30 00:08:27,649][__main__][INFO] - [1, 15, 53], []
[2025-01-30 00:08:27,668][__main__][INFO] - [1, 15, 54], []
[2025-01-30 00:08:27,685][__main__][INFO] - [1, 15, 55], []
[2025-01-30 00:08:27,702][__main__][INFO] - [1, 15, 56], []
[2025-01-30 00:08:27,718][__main__][INFO] - [1, 15, 57], []
[2025-01-30 00:08:27,735][__main__][INFO] - [1, 15, 58], []
[2025-01-30 00:08:27,752][__main__][INFO] - [1, 15, 59], []
[2025-01-30 00:08:27,786][__main__][INFO] - [1, 16, 20], []
[2025-01-30 00:08:27,822][__main__][INFO] - [1, 16, 22], []
[2025-01-30 00:08:27,894][__main__][INFO] - [1, 16, 26], []
[2025-01-30 00:08:27,915][__main__][INFO] - [1, 16], [26]
[2025-01-30 00:08:27,946][__main__][INFO] - [1, 16, 27], []
[2025-01-30 00:08:27,967][__main__][INFO] - [1, 16, 28], []
[2025-01-30 00:08:27,989][__main__][INFO] - [1, 16, 29], []
[2025-01-30 00:08:28,006][__main__][INFO] - [1, 16, 30], []
[2025-01-30 00:08:28,037][__main__][INFO] - [1, 16, 32], []
[2025-01-30 00:08:28,069][__main__][INFO] - [1, 16, 33], []
[2025-01-30 00:08:28,129][__main__][INFO] - [1, 16, 37], []
[2025-01-30 00:08:28,160][__main__][INFO] - [1, 16, 38], []
[2025-01-30 00:08:28,178][__main__][INFO] - [1, 16, 39], []
[2025-01-30 00:08:28,209][__main__][INFO] - [1, 16, 41], []
[2025-01-30 00:08:28,238][__main__][INFO] - [1, 16], [41]
[2025-01-30 00:08:28,259][__main__][INFO] - [1, 16, 42], []
[2025-01-30 00:08:28,276][__main__][INFO] - [1, 16], [42]
[2025-01-30 00:08:28,310][__main__][INFO] - [1, 16, 43], []
[2025-01-30 00:08:28,327][__main__][INFO] - [1, 16], [43]
[2025-01-30 00:08:28,361][__main__][INFO] - [1, 16, 44], []
[2025-01-30 00:08:28,397][__main__][INFO] - [1, 16, 45], []
[2025-01-30 00:08:28,428][__main__][INFO] - [1, 16, 47], []
[2025-01-30 00:08:28,490][__main__][INFO] - [1, 16, 50], []
[2025-01-30 00:08:28,509][__main__][INFO] - [1, 16, 51], []
[2025-01-30 00:08:28,526][__main__][INFO] - [1, 16, 52], []
[2025-01-30 00:08:28,544][__main__][INFO] - [1, 16, 53], []
[2025-01-30 00:08:28,560][__main__][INFO] - [1, 16, 54], []
[2025-01-30 00:08:28,577][__main__][INFO] - [1, 16, 55], []
[2025-01-30 00:08:28,598][__main__][INFO] - [1, 16, 56], []
[2025-01-30 00:08:28,616][__main__][INFO] - [1, 16, 57], []
[2025-01-30 00:08:28,633][__main__][INFO] - [1, 16, 58], []
[2025-01-30 00:08:28,649][__main__][INFO] - [1, 16, 59], []
[2025-01-30 00:08:28,682][__main__][INFO] - [1, 17, 20], []
[2025-01-30 00:08:28,720][__main__][INFO] - [1, 17, 22], []
[2025-01-30 00:08:28,788][__main__][INFO] - [1, 17, 26], []
[2025-01-30 00:08:28,808][__main__][INFO] - [1, 17], [26]
[2025-01-30 00:08:28,831][__main__][INFO] - [1, 17, 27], []
[2025-01-30 00:08:28,851][__main__][INFO] - [1, 17, 28], []
[2025-01-30 00:08:28,868][__main__][INFO] - [1, 17, 29], []
[2025-01-30 00:08:28,885][__main__][INFO] - [1, 17, 30], []
[2025-01-30 00:08:28,917][__main__][INFO] - [1, 17, 32], []
[2025-01-30 00:08:28,942][__main__][INFO] - [1, 17, 33], []
[2025-01-30 00:08:29,003][__main__][INFO] - [1, 17, 37], []
[2025-01-30 00:08:29,027][__main__][INFO] - [1, 17, 38], []
[2025-01-30 00:08:29,044][__main__][INFO] - [1, 17, 39], []
[2025-01-30 00:08:29,078][__main__][INFO] - [1, 17, 41], []
[2025-01-30 00:08:29,095][__main__][INFO] - [1, 17], [41]
[2025-01-30 00:08:29,115][__main__][INFO] - [1, 17, 42], []
[2025-01-30 00:08:29,134][__main__][INFO] - [1, 17], [42]
[2025-01-30 00:08:29,160][__main__][INFO] - [1, 17, 43], []
[2025-01-30 00:08:29,182][__main__][INFO] - [1, 17], [43]
[2025-01-30 00:08:29,209][__main__][INFO] - [1, 17, 44], []
[2025-01-30 00:08:29,234][__main__][INFO] - [1, 17, 45], []
[2025-01-30 00:08:29,265][__main__][INFO] - [1, 17, 47], []
[2025-01-30 00:08:29,320][__main__][INFO] - [1, 17, 50], []
[2025-01-30 00:08:29,337][__main__][INFO] - [1, 17, 51], []
[2025-01-30 00:08:29,354][__main__][INFO] - [1, 17, 52], []
[2025-01-30 00:08:29,372][__main__][INFO] - [1, 17, 53], []
[2025-01-30 00:08:29,392][__main__][INFO] - [1, 17, 54], []
[2025-01-30 00:08:29,412][__main__][INFO] - [1, 17, 55], []
[2025-01-30 00:08:29,430][__main__][INFO] - [1, 17, 56], []
[2025-01-30 00:08:29,446][__main__][INFO] - [1, 17, 57], []
[2025-01-30 00:08:29,463][__main__][INFO] - [1, 17, 58], []
[2025-01-30 00:08:29,480][__main__][INFO] - [1, 17, 59], []
[2025-01-30 00:08:29,512][__main__][INFO] - [1, 18, 20], []
[2025-01-30 00:08:29,544][__main__][INFO] - [1, 18, 22], []
[2025-01-30 00:08:29,604][__main__][INFO] - [1, 18, 26], []
[2025-01-30 00:08:29,623][__main__][INFO] - [1, 18], [26]
[2025-01-30 00:08:29,640][__main__][INFO] - [1, 18, 27], []
[2025-01-30 00:08:29,658][__main__][INFO] - [1, 18, 28], []
[2025-01-30 00:08:29,675][__main__][INFO] - [1, 18, 29], []
[2025-01-30 00:08:29,721][__main__][INFO] - [1, 18, 32], []
[2025-01-30 00:08:29,745][__main__][INFO] - [1, 18, 33], []
[2025-01-30 00:08:29,813][__main__][INFO] - [1, 18, 37], []
[2025-01-30 00:08:29,834][__main__][INFO] - [1, 18, 38], []
[2025-01-30 00:08:29,851][__main__][INFO] - [1, 18, 39], []
[2025-01-30 00:08:29,882][__main__][INFO] - [1, 18, 41], []
[2025-01-30 00:08:29,899][__main__][INFO] - [1, 18], [41]
[2025-01-30 00:08:29,917][__main__][INFO] - [1, 18, 42], []
[2025-01-30 00:08:29,935][__main__][INFO] - [1, 18], [42]
[2025-01-30 00:08:29,955][__main__][INFO] - [1, 18, 43], []
[2025-01-30 00:08:29,972][__main__][INFO] - [1, 18], [43]
[2025-01-30 00:08:29,992][__main__][INFO] - [1, 18, 44], []
[2025-01-30 00:08:30,012][__main__][INFO] - [1, 18, 45], []
[2025-01-30 00:08:30,044][__main__][INFO] - [1, 18, 47], []
[2025-01-30 00:08:30,095][__main__][INFO] - [1, 18, 50], []
[2025-01-30 00:08:30,112][__main__][INFO] - [1, 18, 51], []
[2025-01-30 00:08:30,128][__main__][INFO] - [1, 18, 52], []
[2025-01-30 00:08:30,145][__main__][INFO] - [1, 18, 53], []
[2025-01-30 00:08:30,162][__main__][INFO] - [1, 18, 54], []
[2025-01-30 00:08:30,179][__main__][INFO] - [1, 18, 55], []
[2025-01-30 00:08:30,196][__main__][INFO] - [1, 18, 56], []
[2025-01-30 00:08:30,212][__main__][INFO] - [1, 18, 57], []
[2025-01-30 00:08:30,229][__main__][INFO] - [1, 18, 58], []
[2025-01-30 00:08:30,245][__main__][INFO] - [1, 18, 59], []
[2025-01-30 00:08:30,276][__main__][INFO] - [1, 19, 20], []
[2025-01-30 00:08:30,307][__main__][INFO] - [1, 19, 22], []
[2025-01-30 00:08:30,365][__main__][INFO] - [1, 19, 26], []
[2025-01-30 00:08:30,382][__main__][INFO] - [1, 19], [26]
[2025-01-30 00:08:30,399][__main__][INFO] - [1, 19, 27], []
[2025-01-30 00:08:30,415][__main__][INFO] - [1, 19, 28], []
[2025-01-30 00:08:30,432][__main__][INFO] - [1, 19, 29], []
[2025-01-30 00:08:30,476][__main__][INFO] - [1, 19, 32], []
[2025-01-30 00:08:30,493][__main__][INFO] - [1, 19, 33], []
[2025-01-30 00:08:30,552][__main__][INFO] - [1, 19, 37], []
[2025-01-30 00:08:30,583][__main__][INFO] - [1, 19, 39], []
[2025-01-30 00:08:30,613][__main__][INFO] - [1, 19, 41], []
[2025-01-30 00:08:30,630][__main__][INFO] - [1, 19], [41]
[2025-01-30 00:08:30,647][__main__][INFO] - [1, 19, 42], []
[2025-01-30 00:08:30,664][__main__][INFO] - [1, 19], [42]
[2025-01-30 00:08:30,681][__main__][INFO] - [1, 19, 43], []
[2025-01-30 00:08:30,697][__main__][INFO] - [1, 19], [43]
[2025-01-30 00:08:30,714][__main__][INFO] - [1, 19, 44], []
[2025-01-30 00:08:30,731][__main__][INFO] - [1, 19, 45], []
[2025-01-30 00:08:30,763][__main__][INFO] - [1, 19, 47], []
[2025-01-30 00:08:30,808][__main__][INFO] - [1, 19, 50], []
[2025-01-30 00:08:30,825][__main__][INFO] - [1, 19, 51], []
[2025-01-30 00:08:30,842][__main__][INFO] - [1, 19, 52], []
[2025-01-30 00:08:30,859][__main__][INFO] - [1, 19, 53], []
[2025-01-30 00:08:30,875][__main__][INFO] - [1, 19, 54], []
[2025-01-30 00:08:30,892][__main__][INFO] - [1, 19, 55], []
[2025-01-30 00:08:30,909][__main__][INFO] - [1, 19, 56], []
[2025-01-30 00:08:30,940][__main__][INFO] - [1, 19, 58], []
[2025-01-30 00:08:30,956][__main__][INFO] - [1, 19, 59], []
[2025-01-30 00:08:30,987][__main__][INFO] - [1, 20, 26], []
[2025-01-30 00:08:31,015][__main__][INFO] - [1, 20], [26]
[2025-01-30 00:08:31,158][__main__][INFO] - [1, 20, 27], []
[2025-01-30 00:08:31,349][__main__][INFO] - [1, 20, 31], []
[2025-01-30 00:08:31,367][__main__][INFO] - [1, 20, 32], []
[2025-01-30 00:08:31,468][__main__][INFO] - [1, 20, 33], []
[2025-01-30 00:08:31,488][__main__][INFO] - [1, 20, 34], []
[2025-01-30 00:08:31,505][__main__][INFO] - [1, 20, 35], []
[2025-01-30 00:08:31,522][__main__][INFO] - [1, 20, 36], []
[2025-01-30 00:08:31,590][__main__][INFO] - [1, 20, 37], []
[2025-01-30 00:08:31,702][__main__][INFO] - [1, 20, 38], []
[2025-01-30 00:08:31,729][__main__][INFO] - [1, 20, 39], []
[2025-01-30 00:08:31,763][__main__][INFO] - [1, 20, 40], []
[2025-01-30 00:08:31,796][__main__][INFO] - [1, 20], [41]
[2025-01-30 00:08:31,950][__main__][INFO] - [1, 20, 42], []
[2025-01-30 00:08:31,971][__main__][INFO] - [1, 20], [42]
[2025-01-30 00:08:32,123][__main__][INFO] - [1, 20, 43], []
[2025-01-30 00:08:32,143][__main__][INFO] - [1, 20], [43]
[2025-01-30 00:08:32,290][__main__][INFO] - [1, 20, 44], []
[2025-01-30 00:08:32,432][__main__][INFO] - [1, 20, 45], []
[2025-01-30 00:08:32,454][__main__][INFO] - [1, 20, 46], []
[2025-01-30 00:08:32,484][__main__][INFO] - [1, 20, 47], []
[2025-01-30 00:08:32,602][__main__][INFO] - [1, 20, 48], []
[2025-01-30 00:08:32,655][__main__][INFO] - [1, 20, 49], []
[2025-01-30 00:08:32,672][__main__][INFO] - [1, 20, 50], []
[2025-01-30 00:08:32,700][__main__][INFO] - [1, 20, 51], []
[2025-01-30 00:08:32,726][__main__][INFO] - [1, 20, 52], []
[2025-01-30 00:08:32,755][__main__][INFO] - [1, 20, 53], []
[2025-01-30 00:08:32,782][__main__][INFO] - [1, 20, 54], []
[2025-01-30 00:08:32,809][__main__][INFO] - [1, 20, 55], []
[2025-01-30 00:08:32,833][__main__][INFO] - [1, 20, 56], []
[2025-01-30 00:08:32,856][__main__][INFO] - [1, 20, 57], []
[2025-01-30 00:08:32,873][__main__][INFO] - [1, 20, 58], []
[2025-01-30 00:08:32,890][__main__][INFO] - [1, 20, 59], []
[2025-01-30 00:08:32,937][__main__][INFO] - [1, 21, 26], []
[2025-01-30 00:08:32,954][__main__][INFO] - [1, 21], [26]
[2025-01-30 00:08:32,985][__main__][INFO] - [1, 21, 28], []
[2025-01-30 00:08:33,002][__main__][INFO] - [1, 21, 29], []
[2025-01-30 00:08:33,047][__main__][INFO] - [1, 21, 32], []
[2025-01-30 00:08:33,120][__main__][INFO] - [1, 21, 37], []
[2025-01-30 00:08:33,137][__main__][INFO] - [1, 21, 38], []
[2025-01-30 00:08:33,182][__main__][INFO] - [1, 21, 41], []
[2025-01-30 00:08:33,227][__main__][INFO] - [1, 21], [42]
[2025-01-30 00:08:33,258][__main__][INFO] - [1, 21], [43]
[2025-01-30 00:08:33,275][__main__][INFO] - [1, 21, 44], []
[2025-01-30 00:08:33,320][__main__][INFO] - [1, 21, 47], []
[2025-01-30 00:08:33,493][__main__][INFO] - [1, 21, 59], []
[2025-01-30 00:08:33,523][__main__][INFO] - [1, 22, 26], []
[2025-01-30 00:08:33,540][__main__][INFO] - [1, 22], [26]
[2025-01-30 00:08:33,647][__main__][INFO] - [1, 22, 28], []
[2025-01-30 00:08:33,716][__main__][INFO] - [1, 22, 29], []
[2025-01-30 00:08:33,767][__main__][INFO] - [1, 22, 30], []
[2025-01-30 00:08:33,798][__main__][INFO] - [1, 22, 32], []
[2025-01-30 00:08:33,908][__main__][INFO] - [1, 22, 33], []
[2025-01-30 00:08:33,926][__main__][INFO] - [1, 22, 34], []
[2025-01-30 00:08:33,943][__main__][INFO] - [1, 22, 35], []
[2025-01-30 00:08:33,960][__main__][INFO] - [1, 22, 36], []
[2025-01-30 00:08:33,977][__main__][INFO] - [1, 22, 37], []
[2025-01-30 00:08:34,069][__main__][INFO] - [1, 22, 38], []
[2025-01-30 00:08:34,086][__main__][INFO] - [1, 22, 39], []
[2025-01-30 00:08:34,104][__main__][INFO] - [1, 22, 40], []
[2025-01-30 00:08:34,120][__main__][INFO] - [1, 22, 41], []
[2025-01-30 00:08:34,225][__main__][INFO] - [1, 22], [41]
[2025-01-30 00:08:34,242][__main__][INFO] - [1, 22, 42], []
[2025-01-30 00:08:34,259][__main__][INFO] - [1, 22], [42]
[2025-01-30 00:08:34,361][__main__][INFO] - [1, 22, 43], []
[2025-01-30 00:08:34,378][__main__][INFO] - [1, 22], [43]
[2025-01-30 00:08:34,483][__main__][INFO] - [1, 22, 44], []
[2025-01-30 00:08:34,583][__main__][INFO] - [1, 22, 45], []
[2025-01-30 00:08:34,600][__main__][INFO] - [1, 22, 46], []
[2025-01-30 00:08:34,618][__main__][INFO] - [1, 22, 47], []
[2025-01-30 00:08:34,701][__main__][INFO] - [1, 22, 48], []
[2025-01-30 00:08:34,740][__main__][INFO] - [1, 22, 49], []
[2025-01-30 00:08:34,757][__main__][INFO] - [1, 22, 50], []
[2025-01-30 00:08:34,779][__main__][INFO] - [1, 22, 51], []
[2025-01-30 00:08:34,796][__main__][INFO] - [1, 22, 52], []
[2025-01-30 00:08:34,813][__main__][INFO] - [1, 22, 53], []
[2025-01-30 00:08:34,838][__main__][INFO] - [1, 22, 54], []
[2025-01-30 00:08:34,855][__main__][INFO] - [1, 22, 55], []
[2025-01-30 00:08:34,878][__main__][INFO] - [1, 22, 56], []
[2025-01-30 00:08:34,900][__main__][INFO] - [1, 22, 57], []
[2025-01-30 00:08:34,921][__main__][INFO] - [1, 22, 58], []
[2025-01-30 00:08:34,937][__main__][INFO] - [1, 22, 59], []
[2025-01-30 00:08:34,983][__main__][INFO] - [1, 23], [26]
[2025-01-30 00:08:35,071][__main__][INFO] - [1, 23, 32], []
[2025-01-30 00:08:35,201][__main__][INFO] - [1, 23, 41], []
[2025-01-30 00:08:35,247][__main__][INFO] - [1, 23], [42]
[2025-01-30 00:08:35,280][__main__][INFO] - [1, 23], [43]
[2025-01-30 00:08:35,297][__main__][INFO] - [1, 23, 44], []
[2025-01-30 00:08:35,344][__main__][INFO] - [1, 23, 47], []
[2025-01-30 00:08:35,771][__main__][INFO] - [1, 24, 41], []
[2025-01-30 00:08:35,816][__main__][INFO] - [1, 24], [42]
[2025-01-30 00:08:35,848][__main__][INFO] - [1, 24], [43]
[2025-01-30 00:08:35,864][__main__][INFO] - [1, 24, 44], []
[2025-01-30 00:08:36,122][__main__][INFO] - [1, 26, 27], []
[2025-01-30 00:08:36,149][__main__][INFO] - [1, 26, 28], []
[2025-01-30 00:08:36,166][__main__][INFO] - [1, 26, 29], []
[2025-01-30 00:08:36,183][__main__][INFO] - [1, 26, 30], []
[2025-01-30 00:08:36,200][__main__][INFO] - [1, 26, 31], []
[2025-01-30 00:08:36,217][__main__][INFO] - [1, 26, 32], []
[2025-01-30 00:08:36,254][__main__][INFO] - [1, 26, 33], []
[2025-01-30 00:08:36,301][__main__][INFO] - [1, 26, 36], []
[2025-01-30 00:08:36,320][__main__][INFO] - [1, 26, 37], []
[2025-01-30 00:08:36,352][__main__][INFO] - [1, 26, 38], []
[2025-01-30 00:08:36,371][__main__][INFO] - [1, 26, 39], []
[2025-01-30 00:08:36,388][__main__][INFO] - [1, 26, 40], []
[2025-01-30 00:08:36,405][__main__][INFO] - [1, 26, 41], []
[2025-01-30 00:08:36,422][__main__][INFO] - [1, 26], [41]
[2025-01-30 00:08:36,450][__main__][INFO] - [1, 26, 42], []
[2025-01-30 00:08:36,472][__main__][INFO] - [1, 26], [42]
[2025-01-30 00:08:36,504][__main__][INFO] - [1, 26, 43], []
[2025-01-30 00:08:36,526][__main__][INFO] - [1, 26], [43]
[2025-01-30 00:08:36,565][__main__][INFO] - [1, 26, 44], []
[2025-01-30 00:08:36,597][__main__][INFO] - [1, 26, 45], []
[2025-01-30 00:08:36,623][__main__][INFO] - [1, 26, 46], []
[2025-01-30 00:08:36,640][__main__][INFO] - [1, 26, 47], []
[2025-01-30 00:08:36,677][__main__][INFO] - [1, 26, 48], []
[2025-01-30 00:08:36,698][__main__][INFO] - [1, 26, 49], []
[2025-01-30 00:08:36,715][__main__][INFO] - [1, 26, 50], []
[2025-01-30 00:08:36,736][__main__][INFO] - [1, 26, 51], []
[2025-01-30 00:08:36,754][__main__][INFO] - [1, 26, 52], []
[2025-01-30 00:08:36,771][__main__][INFO] - [1, 26, 53], []
[2025-01-30 00:08:36,790][__main__][INFO] - [1, 26, 54], []
[2025-01-30 00:08:36,808][__main__][INFO] - [1, 26, 55], []
[2025-01-30 00:08:36,825][__main__][INFO] - [1, 26, 56], []
[2025-01-30 00:08:36,842][__main__][INFO] - [1, 26, 57], []
[2025-01-30 00:08:36,859][__main__][INFO] - [1, 26, 58], []
[2025-01-30 00:08:36,876][__main__][INFO] - [1, 26, 59], []
[2025-01-30 00:08:36,909][__main__][INFO] - [1, 27], [26]
[2025-01-30 00:08:37,064][__main__][INFO] - [1, 28], [26]
[2025-01-30 00:08:37,126][__main__][INFO] - [1, 29], [26]
[2025-01-30 00:08:37,174][__main__][INFO] - [1, 30], [26]
[2025-01-30 00:08:37,192][__main__][INFO] - [1, 31], [26]
[2025-01-30 00:08:37,209][__main__][INFO] - [1, 32], [26]
[2025-01-30 00:08:37,380][__main__][INFO] - [1, 33], [26]
[2025-01-30 00:08:37,400][__main__][INFO] - [1, 34], [26]
[2025-01-30 00:08:37,417][__main__][INFO] - [1, 35], [26]
[2025-01-30 00:08:37,434][__main__][INFO] - [1, 36], [26]
[2025-01-30 00:08:37,502][__main__][INFO] - [1, 37], [26]
[2025-01-30 00:08:37,688][__main__][INFO] - [1, 38], [26]
[2025-01-30 00:08:37,717][__main__][INFO] - [1, 39], [26]
[2025-01-30 00:08:37,762][__main__][INFO] - [1, 40], [26]
[2025-01-30 00:08:37,780][__main__][INFO] - [1, 41], [26]
[2025-01-30 00:08:37,877][__main__][INFO] - [1], [26, 41]
[2025-01-30 00:08:38,036][__main__][INFO] - [1], [26, 42]
[2025-01-30 00:08:38,290][__main__][INFO] - [1], [26, 43]
[2025-01-30 00:08:38,513][__main__][INFO] - [1, 44], [26]
[2025-01-30 00:08:38,743][__main__][INFO] - [1, 46], [26]
[2025-01-30 00:08:38,773][__main__][INFO] - [1, 47], [26]
[2025-01-30 00:08:38,942][__main__][INFO] - [1, 48], [26]
[2025-01-30 00:08:39,015][__main__][INFO] - [1, 49], [26]
[2025-01-30 00:08:39,032][__main__][INFO] - [1, 50], [26]
[2025-01-30 00:08:39,062][__main__][INFO] - [1, 51], [26]
[2025-01-30 00:08:39,093][__main__][INFO] - [1, 52], [26]
[2025-01-30 00:08:39,129][__main__][INFO] - [1, 53], [26]
[2025-01-30 00:08:39,163][__main__][INFO] - [1, 54], [26]
[2025-01-30 00:08:39,196][__main__][INFO] - [1, 55], [26]
[2025-01-30 00:08:39,225][__main__][INFO] - [1, 56], [26]
[2025-01-30 00:08:39,253][__main__][INFO] - [1, 57], [26]
[2025-01-30 00:08:39,278][__main__][INFO] - [1, 58], [26]
[2025-01-30 00:08:39,295][__main__][INFO] - [1, 59], [26]
[2025-01-30 00:08:39,350][__main__][INFO] - [1, 27, 32], []
[2025-01-30 00:08:39,445][__main__][INFO] - [1, 27, 33], []
[2025-01-30 00:08:39,465][__main__][INFO] - [1, 27, 34], []
[2025-01-30 00:08:39,482][__main__][INFO] - [1, 27, 35], []
[2025-01-30 00:08:39,499][__main__][INFO] - [1, 27, 36], []
[2025-01-30 00:08:39,563][__main__][INFO] - [1, 27, 37], []
[2025-01-30 00:08:39,681][__main__][INFO] - [1, 27, 38], []
[2025-01-30 00:08:39,707][__main__][INFO] - [1, 27, 39], []
[2025-01-30 00:08:39,743][__main__][INFO] - [1, 27, 40], []
[2025-01-30 00:08:39,776][__main__][INFO] - [1, 27], [41]
[2025-01-30 00:08:39,932][__main__][INFO] - [1, 27, 42], []
[2025-01-30 00:08:39,951][__main__][INFO] - [1, 27], [42]
[2025-01-30 00:08:40,110][__main__][INFO] - [1, 27, 43], []
[2025-01-30 00:08:40,130][__main__][INFO] - [1, 27], [43]
[2025-01-30 00:08:40,288][__main__][INFO] - [1, 27, 44], []
[2025-01-30 00:08:40,414][__main__][INFO] - [1, 27, 45], []
[2025-01-30 00:08:40,437][__main__][INFO] - [1, 27, 46], []
[2025-01-30 00:08:40,465][__main__][INFO] - [1, 27, 47], []
[2025-01-30 00:08:40,586][__main__][INFO] - [1, 27, 48], []
[2025-01-30 00:08:40,650][__main__][INFO] - [1, 27, 49], []
[2025-01-30 00:08:40,667][__main__][INFO] - [1, 27, 50], []
[2025-01-30 00:08:40,696][__main__][INFO] - [1, 27, 51], []
[2025-01-30 00:08:40,722][__main__][INFO] - [1, 27, 52], []
[2025-01-30 00:08:40,751][__main__][INFO] - [1, 27, 53], []
[2025-01-30 00:08:40,778][__main__][INFO] - [1, 27, 54], []
[2025-01-30 00:08:40,805][__main__][INFO] - [1, 27, 55], []
[2025-01-30 00:08:40,829][__main__][INFO] - [1, 27, 56], []
[2025-01-30 00:08:40,852][__main__][INFO] - [1, 27, 57], []
[2025-01-30 00:08:40,870][__main__][INFO] - [1, 27, 58], []
[2025-01-30 00:08:40,887][__main__][INFO] - [1, 27, 59], []
[2025-01-30 00:08:40,933][__main__][INFO] - [1, 28, 32], []
[2025-01-30 00:08:40,997][__main__][INFO] - [1, 28, 33], []
[2025-01-30 00:08:41,043][__main__][INFO] - [1, 28, 36], []
[2025-01-30 00:08:41,060][__main__][INFO] - [1, 28, 37], []
[2025-01-30 00:08:41,116][__main__][INFO] - [1, 28, 38], []
[2025-01-30 00:08:41,133][__main__][INFO] - [1, 28, 39], []
[2025-01-30 00:08:41,164][__main__][INFO] - [1, 28, 41], []
[2025-01-30 00:08:41,245][__main__][INFO] - [1, 28, 42], []
[2025-01-30 00:08:41,262][__main__][INFO] - [1, 28], [42]
[2025-01-30 00:08:41,324][__main__][INFO] - [1, 28, 43], []
[2025-01-30 00:08:41,341][__main__][INFO] - [1, 28], [43]
[2025-01-30 00:08:41,406][__main__][INFO] - [1, 28, 44], []
[2025-01-30 00:08:41,469][__main__][INFO] - [1, 28, 45], []
[2025-01-30 00:08:41,486][__main__][INFO] - [1, 28, 46], []
[2025-01-30 00:08:41,503][__main__][INFO] - [1, 28, 47], []
[2025-01-30 00:08:41,553][__main__][INFO] - [1, 28, 48], []
[2025-01-30 00:08:41,584][__main__][INFO] - [1, 28, 49], []
[2025-01-30 00:08:41,601][__main__][INFO] - [1, 28, 50], []
[2025-01-30 00:08:41,622][__main__][INFO] - [1, 28, 51], []
[2025-01-30 00:08:41,639][__main__][INFO] - [1, 28, 52], []
[2025-01-30 00:08:41,656][__main__][INFO] - [1, 28, 53], []
[2025-01-30 00:08:41,678][__main__][INFO] - [1, 28, 54], []
[2025-01-30 00:08:41,695][__main__][INFO] - [1, 28, 55], []
[2025-01-30 00:08:41,714][__main__][INFO] - [1, 28, 56], []
[2025-01-30 00:08:41,734][__main__][INFO] - [1, 28, 57], []
[2025-01-30 00:08:41,753][__main__][INFO] - [1, 28, 58], []
[2025-01-30 00:08:41,769][__main__][INFO] - [1, 28, 59], []
[2025-01-30 00:08:41,800][__main__][INFO] - [1, 29, 32], []
[2025-01-30 00:08:41,849][__main__][INFO] - [1, 29, 33], []
[2025-01-30 00:08:41,881][__main__][INFO] - [1, 29, 35], []
[2025-01-30 00:08:41,898][__main__][INFO] - [1, 29, 36], []
[2025-01-30 00:08:41,914][__main__][INFO] - [1, 29, 37], []
[2025-01-30 00:08:41,959][__main__][INFO] - [1, 29, 38], []
[2025-01-30 00:08:41,976][__main__][INFO] - [1, 29, 39], []
[2025-01-30 00:08:42,007][__main__][INFO] - [1, 29, 41], []
[2025-01-30 00:08:42,072][__main__][INFO] - [1, 29, 42], []
[2025-01-30 00:08:42,089][__main__][INFO] - [1, 29], [42]
[2025-01-30 00:08:42,140][__main__][INFO] - [1, 29, 43], []
[2025-01-30 00:08:42,157][__main__][INFO] - [1, 29], [43]
[2025-01-30 00:08:42,206][__main__][INFO] - [1, 29, 44], []
[2025-01-30 00:08:42,255][__main__][INFO] - [1, 29, 45], []
[2025-01-30 00:08:42,286][__main__][INFO] - [1, 29, 47], []
[2025-01-30 00:08:42,329][__main__][INFO] - [1, 29, 48], []
[2025-01-30 00:08:42,346][__main__][INFO] - [1, 29, 49], []
[2025-01-30 00:08:42,363][__main__][INFO] - [1, 29, 50], []
[2025-01-30 00:08:42,380][__main__][INFO] - [1, 29, 51], []
[2025-01-30 00:08:42,397][__main__][INFO] - [1, 29, 52], []
[2025-01-30 00:08:42,414][__main__][INFO] - [1, 29, 53], []
[2025-01-30 00:08:42,430][__main__][INFO] - [1, 29, 54], []
[2025-01-30 00:08:42,447][__main__][INFO] - [1, 29, 55], []
[2025-01-30 00:08:42,464][__main__][INFO] - [1, 29, 56], []
[2025-01-30 00:08:42,481][__main__][INFO] - [1, 29, 57], []
[2025-01-30 00:08:42,500][__main__][INFO] - [1, 29, 58], []
[2025-01-30 00:08:42,516][__main__][INFO] - [1, 29, 59], []
[2025-01-30 00:08:42,546][__main__][INFO] - [1, 30, 32], []
[2025-01-30 00:08:42,605][__main__][INFO] - [1, 30, 36], []
[2025-01-30 00:08:42,622][__main__][INFO] - [1, 30, 37], []
[2025-01-30 00:08:42,639][__main__][INFO] - [1, 30, 38], []
[2025-01-30 00:08:42,656][__main__][INFO] - [1, 30, 39], []
[2025-01-30 00:08:42,701][__main__][INFO] - [1, 30], [41]
[2025-01-30 00:08:42,732][__main__][INFO] - [1, 30], [42]
[2025-01-30 00:08:42,763][__main__][INFO] - [1, 30], [43]
[2025-01-30 00:08:42,780][__main__][INFO] - [1, 30, 44], []
[2025-01-30 00:08:42,811][__main__][INFO] - [1, 30, 46], []
[2025-01-30 00:08:42,827][__main__][INFO] - [1, 30, 47], []
[2025-01-30 00:08:42,844][__main__][INFO] - [1, 30, 48], []
[2025-01-30 00:08:42,875][__main__][INFO] - [1, 30, 50], []
[2025-01-30 00:08:42,891][__main__][INFO] - [1, 30, 51], []
[2025-01-30 00:08:42,908][__main__][INFO] - [1, 30, 52], []
[2025-01-30 00:08:42,924][__main__][INFO] - [1, 30, 53], []
[2025-01-30 00:08:42,941][__main__][INFO] - [1, 30, 54], []
[2025-01-30 00:08:42,958][__main__][INFO] - [1, 30, 55], []
[2025-01-30 00:08:42,974][__main__][INFO] - [1, 30, 56], []
[2025-01-30 00:08:42,991][__main__][INFO] - [1, 30, 57], []
[2025-01-30 00:08:43,021][__main__][INFO] - [1, 30, 59], []
[2025-01-30 00:08:43,051][__main__][INFO] - [1, 31, 32], []
[2025-01-30 00:08:43,124][__main__][INFO] - [1, 31, 37], []
[2025-01-30 00:08:43,155][__main__][INFO] - [1, 31, 39], []
[2025-01-30 00:08:43,199][__main__][INFO] - [1, 31], [41]
[2025-01-30 00:08:43,230][__main__][INFO] - [1, 31], [42]
[2025-01-30 00:08:43,261][__main__][INFO] - [1, 31], [43]
[2025-01-30 00:08:43,278][__main__][INFO] - [1, 31, 44], []
[2025-01-30 00:08:43,323][__main__][INFO] - [1, 31, 47], []
[2025-01-30 00:08:43,339][__main__][INFO] - [1, 31, 48], []
[2025-01-30 00:08:43,370][__main__][INFO] - [1, 31, 50], []
[2025-01-30 00:08:43,527][__main__][INFO] - [1, 32, 37], []
[2025-01-30 00:08:43,672][__main__][INFO] - [1, 32, 38], []
[2025-01-30 00:08:43,697][__main__][INFO] - [1, 32, 39], []
[2025-01-30 00:08:43,715][__main__][INFO] - [1, 32, 40], []
[2025-01-30 00:08:43,733][__main__][INFO] - [1, 32, 41], []
[2025-01-30 00:08:43,836][__main__][INFO] - [1, 32], [41]
[2025-01-30 00:08:43,938][__main__][INFO] - [1, 32, 42], []
[2025-01-30 00:08:43,956][__main__][INFO] - [1, 32], [42]
[2025-01-30 00:08:44,144][__main__][INFO] - [1, 32, 43], []
[2025-01-30 00:08:44,166][__main__][INFO] - [1, 32], [43]
[2025-01-30 00:08:44,355][__main__][INFO] - [1, 32, 44], []
[2025-01-30 00:08:44,532][__main__][INFO] - [1, 32, 45], []
[2025-01-30 00:08:44,571][__main__][INFO] - [1, 32, 47], []
[2025-01-30 00:08:44,696][__main__][INFO] - [1, 32, 48], []
[2025-01-30 00:08:44,770][__main__][INFO] - [1, 32, 49], []
[2025-01-30 00:08:44,787][__main__][INFO] - [1, 32, 50], []
[2025-01-30 00:08:44,816][__main__][INFO] - [1, 32, 51], []
[2025-01-30 00:08:44,842][__main__][INFO] - [1, 32, 52], []
[2025-01-30 00:08:44,871][__main__][INFO] - [1, 32, 53], []
[2025-01-30 00:08:44,903][__main__][INFO] - [1, 32, 54], []
[2025-01-30 00:08:44,932][__main__][INFO] - [1, 32, 55], []
[2025-01-30 00:08:44,959][__main__][INFO] - [1, 32, 56], []
[2025-01-30 00:08:44,984][__main__][INFO] - [1, 32, 57], []
[2025-01-30 00:08:45,008][__main__][INFO] - [1, 32, 58], []
[2025-01-30 00:08:45,025][__main__][INFO] - [1, 32, 59], []
[2025-01-30 00:08:45,076][__main__][INFO] - [1, 33, 37], []
[2025-01-30 00:08:45,095][__main__][INFO] - [1, 33, 38], []
[2025-01-30 00:08:45,112][__main__][INFO] - [1, 33, 39], []
[2025-01-30 00:08:45,143][__main__][INFO] - [1, 33, 41], []
[2025-01-30 00:08:45,159][__main__][INFO] - [1, 33], [41]
[2025-01-30 00:08:45,178][__main__][INFO] - [1, 33, 42], []
[2025-01-30 00:08:45,196][__main__][INFO] - [1, 33], [42]
[2025-01-30 00:08:45,216][__main__][INFO] - [1, 33, 43], []
[2025-01-30 00:08:45,233][__main__][INFO] - [1, 33], [43]
[2025-01-30 00:08:45,253][__main__][INFO] - [1, 33, 44], []
[2025-01-30 00:08:45,273][__main__][INFO] - [1, 33, 45], []
[2025-01-30 00:08:45,304][__main__][INFO] - [1, 33, 47], []
[2025-01-30 00:08:45,323][__main__][INFO] - [1, 33, 48], []
[2025-01-30 00:08:45,354][__main__][INFO] - [1, 33, 50], []
[2025-01-30 00:08:45,371][__main__][INFO] - [1, 33, 51], []
[2025-01-30 00:08:45,388][__main__][INFO] - [1, 33, 52], []
[2025-01-30 00:08:45,406][__main__][INFO] - [1, 33, 53], []
[2025-01-30 00:08:45,423][__main__][INFO] - [1, 33, 54], []
[2025-01-30 00:08:45,440][__main__][INFO] - [1, 33, 55], []
[2025-01-30 00:08:45,457][__main__][INFO] - [1, 33, 56], []
[2025-01-30 00:08:45,474][__main__][INFO] - [1, 33, 57], []
[2025-01-30 00:08:45,490][__main__][INFO] - [1, 33, 58], []
[2025-01-30 00:08:45,506][__main__][INFO] - [1, 33, 59], []
[2025-01-30 00:08:45,536][__main__][INFO] - [1, 34, 37], []
[2025-01-30 00:08:45,595][__main__][INFO] - [1, 34, 41], []
[2025-01-30 00:08:45,612][__main__][INFO] - [1, 34], [41]
[2025-01-30 00:08:45,643][__main__][INFO] - [1, 34], [42]
[2025-01-30 00:08:45,674][__main__][INFO] - [1, 34], [43]
[2025-01-30 00:08:45,691][__main__][INFO] - [1, 34, 44], []
[2025-01-30 00:08:45,735][__main__][INFO] - [1, 34, 47], []
[2025-01-30 00:08:45,780][__main__][INFO] - [1, 34, 50], []
[2025-01-30 00:08:45,937][__main__][INFO] - [1, 35, 37], []
[2025-01-30 00:08:45,967][__main__][INFO] - [1, 35, 39], []
[2025-01-30 00:08:45,998][__main__][INFO] - [1, 35, 41], []
[2025-01-30 00:08:46,015][__main__][INFO] - [1, 35], [41]
[2025-01-30 00:08:46,046][__main__][INFO] - [1, 35], [42]
[2025-01-30 00:08:46,077][__main__][INFO] - [1, 35], [43]
[2025-01-30 00:08:46,094][__main__][INFO] - [1, 35, 44], []
[2025-01-30 00:08:46,138][__main__][INFO] - [1, 35, 47], []
[2025-01-30 00:08:46,155][__main__][INFO] - [1, 35, 48], []
[2025-01-30 00:08:46,312][__main__][INFO] - [1, 35, 59], []
[2025-01-30 00:08:46,343][__main__][INFO] - [1, 36, 37], []
[2025-01-30 00:08:46,394][__main__][INFO] - [1, 36, 38], []
[2025-01-30 00:08:46,416][__main__][INFO] - [1, 36, 39], []
[2025-01-30 00:08:46,440][__main__][INFO] - [1, 36, 40], []
[2025-01-30 00:08:46,457][__main__][INFO] - [1, 36, 41], []
[2025-01-30 00:08:46,474][__main__][INFO] - [1, 36], [41]
[2025-01-30 00:08:46,542][__main__][INFO] - [1, 36, 42], []
[2025-01-30 00:08:46,559][__main__][INFO] - [1, 36], [42]
[2025-01-30 00:08:46,628][__main__][INFO] - [1, 36, 43], []
[2025-01-30 00:08:46,646][__main__][INFO] - [1, 36], [43]
[2025-01-30 00:08:46,719][__main__][INFO] - [1, 36, 44], []
[2025-01-30 00:08:46,774][__main__][INFO] - [1, 36, 45], []
[2025-01-30 00:08:46,792][__main__][INFO] - [1, 36, 46], []
[2025-01-30 00:08:46,821][__main__][INFO] - [1, 36, 47], []
[2025-01-30 00:08:46,890][__main__][INFO] - [1, 36, 48], []
[2025-01-30 00:08:46,921][__main__][INFO] - [1, 36, 50], []
[2025-01-30 00:08:46,942][__main__][INFO] - [1, 36, 51], []
[2025-01-30 00:08:46,970][__main__][INFO] - [1, 36, 52], []
[2025-01-30 00:08:46,993][__main__][INFO] - [1, 36, 53], []
[2025-01-30 00:08:47,015][__main__][INFO] - [1, 36, 54], []
[2025-01-30 00:08:47,035][__main__][INFO] - [1, 36, 55], []
[2025-01-30 00:08:47,055][__main__][INFO] - [1, 36, 56], []
[2025-01-30 00:08:47,074][__main__][INFO] - [1, 36, 57], []
[2025-01-30 00:08:47,091][__main__][INFO] - [1, 36, 58], []
[2025-01-30 00:08:47,107][__main__][INFO] - [1, 36, 59], []
[2025-01-30 00:08:47,141][__main__][INFO] - [1, 37, 41], []
[2025-01-30 00:08:47,234][__main__][INFO] - [1, 37], [41]
[2025-01-30 00:08:47,354][__main__][INFO] - [1, 37, 42], []
[2025-01-30 00:08:47,375][__main__][INFO] - [1, 37], [42]
[2025-01-30 00:08:47,567][__main__][INFO] - [1, 37, 43], []
[2025-01-30 00:08:47,589][__main__][INFO] - [1, 37], [43]
[2025-01-30 00:08:47,781][__main__][INFO] - [1, 37, 44], []
[2025-01-30 00:08:47,950][__main__][INFO] - [1, 37, 45], []
[2025-01-30 00:08:47,968][__main__][INFO] - [1, 37, 46], []
[2025-01-30 00:08:47,985][__main__][INFO] - [1, 37, 47], []
[2025-01-30 00:08:48,133][__main__][INFO] - [1, 37, 48], []
[2025-01-30 00:08:48,194][__main__][INFO] - [1, 37, 49], []
[2025-01-30 00:08:48,211][__main__][INFO] - [1, 37, 50], []
[2025-01-30 00:08:48,242][__main__][INFO] - [1, 37, 51], []
[2025-01-30 00:08:48,270][__main__][INFO] - [1, 37, 52], []
[2025-01-30 00:08:48,303][__main__][INFO] - [1, 37, 53], []
[2025-01-30 00:08:48,334][__main__][INFO] - [1, 37, 54], []
[2025-01-30 00:08:48,351][__main__][INFO] - [1, 37, 55], []
[2025-01-30 00:08:48,377][__main__][INFO] - [1, 37, 56], []
[2025-01-30 00:08:48,403][__main__][INFO] - [1, 37, 57], []
[2025-01-30 00:08:48,426][__main__][INFO] - [1, 37, 58], []
[2025-01-30 00:08:48,443][__main__][INFO] - [1, 37, 59], []
[2025-01-30 00:08:48,474][__main__][INFO] - [1, 38, 41], []
[2025-01-30 00:08:48,491][__main__][INFO] - [1, 38], [41]
[2025-01-30 00:08:48,518][__main__][INFO] - [1, 38, 42], []
[2025-01-30 00:08:48,535][__main__][INFO] - [1, 38], [42]
[2025-01-30 00:08:48,564][__main__][INFO] - [1, 38, 43], []
[2025-01-30 00:08:48,581][__main__][INFO] - [1, 38], [43]
[2025-01-30 00:08:48,610][__main__][INFO] - [1, 38, 44], []
[2025-01-30 00:08:48,637][__main__][INFO] - [1, 38, 45], []
[2025-01-30 00:08:48,655][__main__][INFO] - [1, 38, 46], []
[2025-01-30 00:08:48,673][__main__][INFO] - [1, 38, 47], []
[2025-01-30 00:08:48,699][__main__][INFO] - [1, 38, 48], []
[2025-01-30 00:08:48,719][__main__][INFO] - [1, 38, 49], []
[2025-01-30 00:08:48,736][__main__][INFO] - [1, 38, 50], []
[2025-01-30 00:08:48,754][__main__][INFO] - [1, 38, 51], []
[2025-01-30 00:08:48,771][__main__][INFO] - [1, 38, 52], []
[2025-01-30 00:08:48,789][__main__][INFO] - [1, 38, 53], []
[2025-01-30 00:08:48,807][__main__][INFO] - [1, 38, 54], []
[2025-01-30 00:08:48,825][__main__][INFO] - [1, 38, 55], []
[2025-01-30 00:08:48,842][__main__][INFO] - [1, 38, 56], []
[2025-01-30 00:08:48,858][__main__][INFO] - [1, 38, 57], []
[2025-01-30 00:08:48,874][__main__][INFO] - [1, 38, 58], []
[2025-01-30 00:08:48,891][__main__][INFO] - [1, 38, 59], []
[2025-01-30 00:08:48,921][__main__][INFO] - [1, 39, 41], []
[2025-01-30 00:08:48,938][__main__][INFO] - [1, 39], [41]
[2025-01-30 00:08:48,974][__main__][INFO] - [1, 39, 42], []
[2025-01-30 00:08:48,991][__main__][INFO] - [1, 39], [42]
[2025-01-30 00:08:49,036][__main__][INFO] - [1, 39, 43], []
[2025-01-30 00:08:49,053][__main__][INFO] - [1, 39], [43]
[2025-01-30 00:08:49,100][__main__][INFO] - [1, 39, 44], []
[2025-01-30 00:08:49,117][__main__][INFO] - [1, 39, 45], []
[2025-01-30 00:08:49,135][__main__][INFO] - [1, 39, 46], []
[2025-01-30 00:08:49,153][__main__][INFO] - [1, 39, 47], []
[2025-01-30 00:08:49,191][__main__][INFO] - [1, 39, 48], []
[2025-01-30 00:08:49,209][__main__][INFO] - [1, 39, 49], []
[2025-01-30 00:08:49,226][__main__][INFO] - [1, 39, 50], []
[2025-01-30 00:08:49,244][__main__][INFO] - [1, 39, 51], []
[2025-01-30 00:08:49,261][__main__][INFO] - [1, 39, 52], []
[2025-01-30 00:08:49,278][__main__][INFO] - [1, 39, 53], []
[2025-01-30 00:08:49,294][__main__][INFO] - [1, 39, 54], []
[2025-01-30 00:08:49,311][__main__][INFO] - [1, 39, 55], []
[2025-01-30 00:08:49,327][__main__][INFO] - [1, 39, 56], []
[2025-01-30 00:08:49,344][__main__][INFO] - [1, 39, 57], []
[2025-01-30 00:08:49,360][__main__][INFO] - [1, 39, 58], []
[2025-01-30 00:08:49,376][__main__][INFO] - [1, 39, 59], []
[2025-01-30 00:08:49,407][__main__][INFO] - [1, 40, 41], []
[2025-01-30 00:08:49,424][__main__][INFO] - [1, 40], [41]
[2025-01-30 00:08:49,457][__main__][INFO] - [1, 40], [42]
[2025-01-30 00:08:49,489][__main__][INFO] - [1, 40], [43]
[2025-01-30 00:08:49,507][__main__][INFO] - [1, 40, 44], []
[2025-01-30 00:08:49,554][__main__][INFO] - [1, 40, 47], []
[2025-01-30 00:08:49,571][__main__][INFO] - [1, 40, 48], []
[2025-01-30 00:08:49,603][__main__][INFO] - [1, 40, 50], []
[2025-01-30 00:08:49,676][__main__][INFO] - [1, 40, 55], []
[2025-01-30 00:08:49,736][__main__][INFO] - [1, 40, 59], []
[2025-01-30 00:08:49,767][__main__][INFO] - [1, 41, 42], []
[2025-01-30 00:08:49,784][__main__][INFO] - [1, 41], [42]
[2025-01-30 00:08:49,882][__main__][INFO] - [1, 41, 43], []
[2025-01-30 00:08:49,899][__main__][INFO] - [1, 41], [43]
[2025-01-30 00:08:50,007][__main__][INFO] - [1, 41, 44], []
[2025-01-30 00:08:50,106][__main__][INFO] - [1, 41, 45], []
[2025-01-30 00:08:50,123][__main__][INFO] - [1, 41, 46], []
[2025-01-30 00:08:50,139][__main__][INFO] - [1, 41, 47], []
[2025-01-30 00:08:50,222][__main__][INFO] - [1, 41, 48], []
[2025-01-30 00:08:50,261][__main__][INFO] - [1, 41, 49], []
[2025-01-30 00:08:50,278][__main__][INFO] - [1, 41, 50], []
[2025-01-30 00:08:50,300][__main__][INFO] - [1, 41, 51], []
[2025-01-30 00:08:50,318][__main__][INFO] - [1, 41, 52], []
[2025-01-30 00:08:50,335][__main__][INFO] - [1, 41, 53], []
[2025-01-30 00:08:50,360][__main__][INFO] - [1, 41, 54], []
[2025-01-30 00:08:50,377][__main__][INFO] - [1, 41, 55], []
[2025-01-30 00:08:50,399][__main__][INFO] - [1, 41, 56], []
[2025-01-30 00:08:50,421][__main__][INFO] - [1, 41, 57], []
[2025-01-30 00:08:50,442][__main__][INFO] - [1, 41, 58], []
[2025-01-30 00:08:50,459][__main__][INFO] - [1, 41, 59], []
[2025-01-30 00:08:50,490][__main__][INFO] - [1, 42], [41]
[2025-01-30 00:08:50,509][__main__][INFO] - [1], [41, 42]
[2025-01-30 00:08:50,670][__main__][INFO] - [1, 43], [41]
[2025-01-30 00:08:50,690][__main__][INFO] - [1], [41, 43]
[2025-01-30 00:08:50,846][__main__][INFO] - [1, 44], [41]
[2025-01-30 00:08:50,982][__main__][INFO] - [1, 45], [41]
[2025-01-30 00:08:51,005][__main__][INFO] - [1, 46], [41]
[2025-01-30 00:08:51,034][__main__][INFO] - [1, 47], [41]
[2025-01-30 00:08:51,160][__main__][INFO] - [1, 48], [41]
[2025-01-30 00:08:51,211][__main__][INFO] - [1, 49], [41]
[2025-01-30 00:08:51,229][__main__][INFO] - [1, 50], [41]
[2025-01-30 00:08:51,257][__main__][INFO] - [1, 51], [41]
[2025-01-30 00:08:51,283][__main__][INFO] - [1, 52], [41]
[2025-01-30 00:08:51,312][__main__][INFO] - [1, 53], [41]
[2025-01-30 00:08:51,340][__main__][INFO] - [1, 54], [41]
[2025-01-30 00:08:51,367][__main__][INFO] - [1, 55], [41]
[2025-01-30 00:08:51,391][__main__][INFO] - [1, 56], [41]
[2025-01-30 00:08:51,415][__main__][INFO] - [1, 57], [41]
[2025-01-30 00:08:51,432][__main__][INFO] - [1, 58], [41]
[2025-01-30 00:08:51,449][__main__][INFO] - [1, 59], [41]
[2025-01-30 00:08:51,496][__main__][INFO] - [1, 42, 43], []
[2025-01-30 00:08:51,514][__main__][INFO] - [1, 42], [43]
[2025-01-30 00:08:51,534][__main__][INFO] - [1, 42, 44], []
[2025-01-30 00:08:51,557][__main__][INFO] - [1, 42, 45], []
[2025-01-30 00:08:51,578][__main__][INFO] - [1, 42, 46], []
[2025-01-30 00:08:51,595][__main__][INFO] - [1, 42, 47], []
[2025-01-30 00:08:51,616][__main__][INFO] - [1, 42, 48], []
[2025-01-30 00:08:51,648][__main__][INFO] - [1, 42, 50], []
[2025-01-30 00:08:51,666][__main__][INFO] - [1, 42, 51], []
[2025-01-30 00:08:51,683][__main__][INFO] - [1, 42, 52], []
[2025-01-30 00:08:51,701][__main__][INFO] - [1, 42, 53], []
[2025-01-30 00:08:51,719][__main__][INFO] - [1, 42, 54], []
[2025-01-30 00:08:51,736][__main__][INFO] - [1, 42, 55], []
[2025-01-30 00:08:51,753][__main__][INFO] - [1, 42, 56], []
[2025-01-30 00:08:51,770][__main__][INFO] - [1, 42, 57], []
[2025-01-30 00:08:51,787][__main__][INFO] - [1, 42, 58], []
[2025-01-30 00:08:51,804][__main__][INFO] - [1, 42, 59], []
[2025-01-30 00:08:51,836][__main__][INFO] - [1, 43], [42]
[2025-01-30 00:08:51,856][__main__][INFO] - [1], [42, 43]
[2025-01-30 00:08:52,111][__main__][INFO] - [1, 44], [42]
[2025-01-30 00:08:52,337][__main__][INFO] - [1, 45], [42]
[2025-01-30 00:08:52,361][__main__][INFO] - [1, 46], [42]
[2025-01-30 00:08:52,391][__main__][INFO] - [1, 47], [42]
[2025-01-30 00:08:52,577][__main__][INFO] - [1, 48], [42]
[2025-01-30 00:08:52,658][__main__][INFO] - [1, 49], [42]
[2025-01-30 00:08:52,675][__main__][INFO] - [1, 50], [42]
[2025-01-30 00:08:52,710][__main__][INFO] - [1, 51], [42]
[2025-01-30 00:08:52,742][__main__][INFO] - [1, 52], [42]
[2025-01-30 00:08:52,780][__main__][INFO] - [1, 53], [42]
[2025-01-30 00:08:52,816][__main__][INFO] - [1, 54], [42]
[2025-01-30 00:08:52,850][__main__][INFO] - [1, 55], [42]
[2025-01-30 00:08:52,880][__main__][INFO] - [1, 56], [42]
[2025-01-30 00:08:52,909][__main__][INFO] - [1, 57], [42]
[2025-01-30 00:08:52,935][__main__][INFO] - [1, 58], [42]
[2025-01-30 00:08:52,952][__main__][INFO] - [1, 59], [42]
[2025-01-30 00:08:53,010][__main__][INFO] - [1, 43, 44], []
[2025-01-30 00:08:53,030][__main__][INFO] - [1, 43, 45], []
[2025-01-30 00:08:53,049][__main__][INFO] - [1, 43, 46], []
[2025-01-30 00:08:53,065][__main__][INFO] - [1, 43, 47], []
[2025-01-30 00:08:53,086][__main__][INFO] - [1, 43, 48], []
[2025-01-30 00:08:53,119][__main__][INFO] - [1, 43, 50], []
[2025-01-30 00:08:53,136][__main__][INFO] - [1, 43, 51], []
[2025-01-30 00:08:53,153][__main__][INFO] - [1, 43, 52], []
[2025-01-30 00:08:53,170][__main__][INFO] - [1, 43, 53], []
[2025-01-30 00:08:53,187][__main__][INFO] - [1, 43, 54], []
[2025-01-30 00:08:53,205][__main__][INFO] - [1, 43, 55], []
[2025-01-30 00:08:53,221][__main__][INFO] - [1, 43, 56], []
[2025-01-30 00:08:53,238][__main__][INFO] - [1, 43, 57], []
[2025-01-30 00:08:53,254][__main__][INFO] - [1, 43, 58], []
[2025-01-30 00:08:53,271][__main__][INFO] - [1, 43, 59], []
[2025-01-30 00:08:53,301][__main__][INFO] - [1, 44], [43]
[2025-01-30 00:08:53,521][__main__][INFO] - [1, 45], [43]
[2025-01-30 00:08:53,545][__main__][INFO] - [1, 46], [43]
[2025-01-30 00:08:53,574][__main__][INFO] - [1, 47], [43]
[2025-01-30 00:08:53,757][__main__][INFO] - [1, 48], [43]
[2025-01-30 00:08:53,830][__main__][INFO] - [1, 49], [43]
[2025-01-30 00:08:53,847][__main__][INFO] - [1, 50], [43]
[2025-01-30 00:08:53,881][__main__][INFO] - [1, 51], [43]
[2025-01-30 00:08:53,912][__main__][INFO] - [1, 52], [43]
[2025-01-30 00:08:53,949][__main__][INFO] - [1, 53], [43]
[2025-01-30 00:08:53,985][__main__][INFO] - [1, 54], [43]
[2025-01-30 00:08:54,020][__main__][INFO] - [1, 55], [43]
[2025-01-30 00:08:54,054][__main__][INFO] - [1, 56], [43]
[2025-01-30 00:08:54,083][__main__][INFO] - [1, 57], [43]
[2025-01-30 00:08:54,108][__main__][INFO] - [1, 58], [43]
[2025-01-30 00:08:54,125][__main__][INFO] - [1, 59], [43]
[2025-01-30 00:08:54,182][__main__][INFO] - [1, 44, 47], []
[2025-01-30 00:08:54,343][__main__][INFO] - [1, 44, 48], []
[2025-01-30 00:08:54,418][__main__][INFO] - [1, 44, 49], []
[2025-01-30 00:08:54,436][__main__][INFO] - [1, 44, 50], []
[2025-01-30 00:08:54,465][__main__][INFO] - [1, 44, 51], []
[2025-01-30 00:08:54,496][__main__][INFO] - [1, 44, 52], []
[2025-01-30 00:08:54,530][__main__][INFO] - [1, 44, 53], []
[2025-01-30 00:08:54,564][__main__][INFO] - [1, 44, 54], []
[2025-01-30 00:08:54,596][__main__][INFO] - [1, 44, 55], []
[2025-01-30 00:08:54,628][__main__][INFO] - [1, 44, 56], []
[2025-01-30 00:08:54,657][__main__][INFO] - [1, 44, 57], []
[2025-01-30 00:08:54,682][__main__][INFO] - [1, 44, 58], []
[2025-01-30 00:08:54,699][__main__][INFO] - [1, 44, 59], []
[2025-01-30 00:08:54,753][__main__][INFO] - [1, 45, 47], []
[2025-01-30 00:08:54,777][__main__][INFO] - [1, 45, 48], []
[2025-01-30 00:08:54,808][__main__][INFO] - [1, 45, 50], []
[2025-01-30 00:08:54,827][__main__][INFO] - [1, 45, 51], []
[2025-01-30 00:08:54,844][__main__][INFO] - [1, 45, 52], []
[2025-01-30 00:08:54,861][__main__][INFO] - [1, 45, 53], []
[2025-01-30 00:08:54,877][__main__][INFO] - [1, 45, 54], []
[2025-01-30 00:08:54,894][__main__][INFO] - [1, 45, 55], []
[2025-01-30 00:08:54,911][__main__][INFO] - [1, 45, 56], []
[2025-01-30 00:08:54,928][__main__][INFO] - [1, 45, 57], []
[2025-01-30 00:08:54,944][__main__][INFO] - [1, 45, 58], []
[2025-01-30 00:08:54,961][__main__][INFO] - [1, 45, 59], []
[2025-01-30 00:08:54,992][__main__][INFO] - [1, 46, 47], []
[2025-01-30 00:08:55,049][__main__][INFO] - [1, 46, 50], []
[2025-01-30 00:08:55,067][__main__][INFO] - [1, 46, 51], []
[2025-01-30 00:08:55,084][__main__][INFO] - [1, 46, 52], []
[2025-01-30 00:08:55,101][__main__][INFO] - [1, 46, 53], []
[2025-01-30 00:08:55,117][__main__][INFO] - [1, 46, 54], []
[2025-01-30 00:08:55,135][__main__][INFO] - [1, 46, 55], []
[2025-01-30 00:08:55,153][__main__][INFO] - [1, 46, 56], []
[2025-01-30 00:08:55,170][__main__][INFO] - [1, 46, 57], []
[2025-01-30 00:08:55,187][__main__][INFO] - [1, 46, 58], []
[2025-01-30 00:08:55,204][__main__][INFO] - [1, 46, 59], []
[2025-01-30 00:08:55,234][__main__][INFO] - [1, 47, 50], []
[2025-01-30 00:08:55,264][__main__][INFO] - [1, 47, 51], []
[2025-01-30 00:08:55,292][__main__][INFO] - [1, 47, 52], []
[2025-01-30 00:08:55,324][__main__][INFO] - [1, 47, 53], []
[2025-01-30 00:08:55,354][__main__][INFO] - [1, 47, 54], []
[2025-01-30 00:08:55,383][__main__][INFO] - [1, 47, 55], []
[2025-01-30 00:08:55,409][__main__][INFO] - [1, 47, 56], []
[2025-01-30 00:08:55,434][__main__][INFO] - [1, 47, 57], []
[2025-01-30 00:08:55,458][__main__][INFO] - [1, 47, 58], []
[2025-01-30 00:08:55,475][__main__][INFO] - [1, 47, 59], []
[2025-01-30 00:08:55,524][__main__][INFO] - [1, 48, 50], []
[2025-01-30 00:08:55,545][__main__][INFO] - [1, 48, 51], []
[2025-01-30 00:08:55,565][__main__][INFO] - [1, 48, 52], []
[2025-01-30 00:08:55,583][__main__][INFO] - [1, 48, 53], []
[2025-01-30 00:08:55,607][__main__][INFO] - [1, 48, 54], []
[2025-01-30 00:08:55,629][__main__][INFO] - [1, 48, 55], []
[2025-01-30 00:08:55,646][__main__][INFO] - [1, 48, 56], []
[2025-01-30 00:08:55,666][__main__][INFO] - [1, 48, 57], []
[2025-01-30 00:08:55,682][__main__][INFO] - [1, 48, 58], []
[2025-01-30 00:08:55,699][__main__][INFO] - [1, 48, 59], []
[2025-01-30 00:08:55,737][__main__][INFO] - [1, 49, 50], []
[2025-01-30 00:08:55,754][__main__][INFO] - [1, 49, 51], []
[2025-01-30 00:08:55,771][__main__][INFO] - [1, 49, 52], []
[2025-01-30 00:08:55,788][__main__][INFO] - [1, 49, 53], []
[2025-01-30 00:08:55,805][__main__][INFO] - [1, 49, 54], []
[2025-01-30 00:08:55,821][__main__][INFO] - [1, 49, 55], []
[2025-01-30 00:08:55,838][__main__][INFO] - [1, 49, 56], []
[2025-01-30 00:08:55,855][__main__][INFO] - [1, 49, 57], []
[2025-01-30 00:08:55,871][__main__][INFO] - [1, 49, 58], []
[2025-01-30 00:08:55,888][__main__][INFO] - [1, 49, 59], []
[2025-01-30 00:08:55,932][__main__][INFO] - [2, 10, 20], []
[2025-01-30 00:08:56,070][__main__][INFO] - [2, 10, 21], []
[2025-01-30 00:08:56,089][__main__][INFO] - [2, 10, 22], []
[2025-01-30 00:08:56,108][__main__][INFO] - [2, 10, 23], []
[2025-01-30 00:08:56,125][__main__][INFO] - [2, 10, 24], []
[2025-01-30 00:08:56,142][__main__][INFO] - [2, 10, 25], []
[2025-01-30 00:08:56,159][__main__][INFO] - [2, 10, 26], []
[2025-01-30 00:08:56,179][__main__][INFO] - [2, 10], [26]
[2025-01-30 00:08:56,323][__main__][INFO] - [2, 10, 27], []
[2025-01-30 00:08:56,477][__main__][INFO] - [2, 10, 28], []
[2025-01-30 00:08:56,494][__main__][INFO] - [2, 10, 29], []
[2025-01-30 00:08:56,511][__main__][INFO] - [2, 10, 30], []
[2025-01-30 00:08:56,600][__main__][INFO] - [2, 10, 36], []
[2025-01-30 00:08:56,758][__main__][INFO] - [2, 10, 37], []
[2025-01-30 00:08:56,833][__main__][INFO] - [2, 10, 38], []
[2025-01-30 00:08:56,885][__main__][INFO] - [2, 10, 39], []
[2025-01-30 00:08:56,926][__main__][INFO] - [2, 10, 40], []
[2025-01-30 00:08:56,944][__main__][INFO] - [2, 10, 41], []
[2025-01-30 00:08:56,962][__main__][INFO] - [2, 10], [41]
[2025-01-30 00:08:57,101][__main__][INFO] - [2, 10, 42], []
[2025-01-30 00:08:57,118][__main__][INFO] - [2, 10], [42]
[2025-01-30 00:08:57,267][__main__][INFO] - [2, 10, 43], []
[2025-01-30 00:08:57,285][__main__][INFO] - [2, 10], [43]
[2025-01-30 00:08:57,435][__main__][INFO] - [2, 10, 44], []
[2025-01-30 00:08:57,511][__main__][INFO] - [2, 10, 45], []
[2025-01-30 00:08:57,530][__main__][INFO] - [2, 10, 46], []
[2025-01-30 00:08:57,600][__main__][INFO] - [2, 10, 47], []
[2025-01-30 00:08:57,781][__main__][INFO] - [2, 10, 50], []
[2025-01-30 00:08:57,805][__main__][INFO] - [2, 10, 51], []
[2025-01-30 00:08:57,830][__main__][INFO] - [2, 10, 52], []
[2025-01-30 00:08:57,855][__main__][INFO] - [2, 10, 53], []
[2025-01-30 00:08:57,882][__main__][INFO] - [2, 10, 54], []
[2025-01-30 00:08:57,905][__main__][INFO] - [2, 10, 55], []
[2025-01-30 00:08:57,928][__main__][INFO] - [2, 10, 56], []
[2025-01-30 00:08:57,950][__main__][INFO] - [2, 10, 57], []
[2025-01-30 00:08:57,971][__main__][INFO] - [2, 10, 58], []
[2025-01-30 00:08:57,992][__main__][INFO] - [2, 10, 59], []
[2025-01-30 00:08:58,058][__main__][INFO] - [2, 11, 20], []
[2025-01-30 00:08:58,205][__main__][INFO] - [2, 11, 21], []
[2025-01-30 00:08:58,223][__main__][INFO] - [2, 11, 22], []
[2025-01-30 00:08:58,245][__main__][INFO] - [2, 11, 23], []
[2025-01-30 00:08:58,263][__main__][INFO] - [2, 11, 24], []
[2025-01-30 00:08:58,281][__main__][INFO] - [2, 11, 25], []
[2025-01-30 00:08:58,298][__main__][INFO] - [2, 11, 26], []
[2025-01-30 00:08:58,322][__main__][INFO] - [2, 11], [26]
[2025-01-30 00:08:58,474][__main__][INFO] - [2, 11, 27], []
[2025-01-30 00:08:58,637][__main__][INFO] - [2, 11, 28], []
[2025-01-30 00:08:58,655][__main__][INFO] - [2, 11, 29], []
[2025-01-30 00:08:58,672][__main__][INFO] - [2, 11, 30], []
[2025-01-30 00:08:58,705][__main__][INFO] - [2, 11, 32], []
[2025-01-30 00:08:58,767][__main__][INFO] - [2, 11, 34], []
[2025-01-30 00:08:58,799][__main__][INFO] - [2, 11, 36], []
[2025-01-30 00:08:58,920][__main__][INFO] - [2, 11, 37], []
[2025-01-30 00:08:59,013][__main__][INFO] - [2, 11, 38], []
[2025-01-30 00:08:59,065][__main__][INFO] - [2, 11, 39], []
[2025-01-30 00:08:59,105][__main__][INFO] - [2, 11, 40], []
[2025-01-30 00:08:59,123][__main__][INFO] - [2, 11, 41], []
[2025-01-30 00:08:59,141][__main__][INFO] - [2, 11], [41]
[2025-01-30 00:08:59,299][__main__][INFO] - [2, 11, 42], []
[2025-01-30 00:08:59,317][__main__][INFO] - [2, 11], [42]
[2025-01-30 00:08:59,484][__main__][INFO] - [2, 11, 43], []
[2025-01-30 00:08:59,504][__main__][INFO] - [2, 11], [43]
[2025-01-30 00:08:59,670][__main__][INFO] - [2, 11, 44], []
[2025-01-30 00:08:59,821][__main__][INFO] - [2, 11, 45], []
[2025-01-30 00:08:59,858][__main__][INFO] - [2, 11, 47], []
[2025-01-30 00:08:59,985][__main__][INFO] - [2, 11, 48], []
[2025-01-30 00:09:00,033][__main__][INFO] - [2, 11, 49], []
[2025-01-30 00:09:00,051][__main__][INFO] - [2, 11, 50], []
[2025-01-30 00:09:00,080][__main__][INFO] - [2, 11, 51], []
[2025-01-30 00:09:00,105][__main__][INFO] - [2, 11, 52], []
[2025-01-30 00:09:00,131][__main__][INFO] - [2, 11, 53], []
[2025-01-30 00:09:00,156][__main__][INFO] - [2, 11, 54], []
[2025-01-30 00:09:00,180][__main__][INFO] - [2, 11, 55], []
[2025-01-30 00:09:00,204][__main__][INFO] - [2, 11, 56], []
[2025-01-30 00:09:00,227][__main__][INFO] - [2, 11, 57], []
[2025-01-30 00:09:00,249][__main__][INFO] - [2, 11, 58], []
[2025-01-30 00:09:00,270][__main__][INFO] - [2, 11, 59], []
[2025-01-30 00:09:00,339][__main__][INFO] - [2, 12, 20], []
[2025-01-30 00:09:00,506][__main__][INFO] - [2, 12, 21], []
[2025-01-30 00:09:00,526][__main__][INFO] - [2, 12, 22], []
[2025-01-30 00:09:00,554][__main__][INFO] - [2, 12, 23], []
[2025-01-30 00:09:00,574][__main__][INFO] - [2, 12, 24], []
[2025-01-30 00:09:00,591][__main__][INFO] - [2, 12, 25], []
[2025-01-30 00:09:00,608][__main__][INFO] - [2, 12, 26], []
[2025-01-30 00:09:00,634][__main__][INFO] - [2, 12], [26]
[2025-01-30 00:09:00,804][__main__][INFO] - [2, 12, 27], []
[2025-01-30 00:09:00,971][__main__][INFO] - [2, 12, 28], []
[2025-01-30 00:09:00,998][__main__][INFO] - [2, 12, 29], []
[2025-01-30 00:09:01,019][__main__][INFO] - [2, 12, 30], []
[2025-01-30 00:09:01,038][__main__][INFO] - [2, 12, 31], []
[2025-01-30 00:09:01,055][__main__][INFO] - [2, 12, 32], []
[2025-01-30 00:09:01,240][__main__][INFO] - [2, 12, 33], []
[2025-01-30 00:09:01,259][__main__][INFO] - [2, 12, 34], []
[2025-01-30 00:09:01,279][__main__][INFO] - [2, 12, 35], []
[2025-01-30 00:09:01,312][__main__][INFO] - [2, 12, 37], []
[2025-01-30 00:09:01,416][__main__][INFO] - [2, 12, 38], []
[2025-01-30 00:09:01,472][__main__][INFO] - [2, 12, 39], []
[2025-01-30 00:09:01,514][__main__][INFO] - [2, 12, 40], []
[2025-01-30 00:09:01,533][__main__][INFO] - [2, 12, 41], []
[2025-01-30 00:09:01,565][__main__][INFO] - [2, 12], [41]
[2025-01-30 00:09:01,728][__main__][INFO] - [2, 12, 42], []
[2025-01-30 00:09:01,747][__main__][INFO] - [2, 12], [42]
[2025-01-30 00:09:01,928][__main__][INFO] - [2, 12, 43], []
[2025-01-30 00:09:01,948][__main__][INFO] - [2, 12], [43]
[2025-01-30 00:09:02,133][__main__][INFO] - [2, 12, 44], []
[2025-01-30 00:09:02,321][__main__][INFO] - [2, 12, 45], []
[2025-01-30 00:09:02,360][__main__][INFO] - [2, 12, 47], []
[2025-01-30 00:09:02,468][__main__][INFO] - [2, 12, 48], []
[2025-01-30 00:09:02,559][__main__][INFO] - [2, 12, 49], []
[2025-01-30 00:09:02,580][__main__][INFO] - [2, 12, 50], []
[2025-01-30 00:09:02,617][__main__][INFO] - [2, 12, 51], []
[2025-01-30 00:09:02,641][__main__][INFO] - [2, 12, 52], []
[2025-01-30 00:09:02,666][__main__][INFO] - [2, 12, 53], []
[2025-01-30 00:09:02,693][__main__][INFO] - [2, 12, 54], []
[2025-01-30 00:09:02,719][__main__][INFO] - [2, 12, 55], []
[2025-01-30 00:09:02,743][__main__][INFO] - [2, 12, 56], []
[2025-01-30 00:09:02,768][__main__][INFO] - [2, 12, 57], []
[2025-01-30 00:09:02,792][__main__][INFO] - [2, 12, 58], []
[2025-01-30 00:09:02,815][__main__][INFO] - [2, 12, 59], []
[2025-01-30 00:09:02,886][__main__][INFO] - [2, 13, 20], []
